# Editable closed quad source; millimetres
v -126.848000000 158.217675215 314.534924314
v -131.762019534 154.288933279 317.762291806
v -135.785280240 150.941684458 320.380819230
v -139.006858002 148.180321101 322.396784025
v -141.515828700 145.976240433 323.896518901
v -143.401268219 144.279992052 324.988940401
v -144.752252442 143.029344523 325.776472215
v -145.657857250 142.154514832 326.343755153
v -146.207158527 141.581496946 326.756445741
v -146.489232156 141.234162424 327.064790440
v -146.593154020 141.035587126 327.308559654
v -146.608000000 140.908883820 327.521372039
v -146.593154020 140.802966575 327.723967005
v -146.489232156 140.768038956 327.898050787
v -146.207158527 140.878685859 328.016449478
v -145.657857250 141.207993597 328.050593599
v -144.752252442 141.826752939 327.967140466
v -143.401268219 142.802206164 327.724608051
v -141.515828700 144.196085025 327.271722396
v -139.006858002 146.061530160 326.550033797
v -135.785280240 148.438291038 325.504342539
v -131.762019534 151.345381388 324.105560759
v -126.848000000 154.770110515 322.391791910
v -122.064000000 162.244019600 309.272272598
v -126.706455297 158.711399952 312.674331782
v -130.507377911 155.677453458 315.591575700
v -133.550921112 153.155615132 317.963816880
v -135.921238167 151.126598754 319.830239650
v -137.702482344 149.549673607 321.269858867
v -138.978806912 148.370403903 322.369555344
v -139.834365139 147.525888531 323.209467144
v -140.353310293 146.948285779 323.858407443
v -140.619795642 146.567188930 324.374314693
v -140.717974455 146.311235725 324.806567686
v -140.732000000 146.109188587 325.198365307
v -140.717974455 145.913837655 325.576414480
v -140.619795642 145.771206147 325.918309633
v -140.353310293 145.749335515 326.192280472
v -139.834365139 145.914226997 326.368478131
v -138.978806912 146.328830376 326.417358478
v -137.702482344 147.051571226 326.308521278
v -135.921238167 148.134219744 326.011314971
v -133.550921112 149.618781124 325.499107458
v -130.507377911 151.532939727 324.759759863
v -126.706455297 153.883420741 323.815484284
v -122.064000000 156.646447587 322.755881622
v -117.280000000 165.797662662 304.900722465
v -121.650891059 162.701474498 308.140359214
v -125.229475582 160.023922633 311.069277454
v -128.094984222 157.781662717 313.567081575
v -130.326647633 155.963856413 315.621060598
v -132.003696469 154.538220616 317.274053210
v -133.205361382 153.458304074 318.590565345
v -134.010873028 152.668599426 319.639247688
v -134.499462059 152.108133270 320.485115106
v -134.750359128 151.712999286 321.187008142
v -134.842794891 151.418150016 321.797440985
v -134.856000000 151.158643275 322.363199785
v -134.842794891 150.891517707 322.913192278
v -134.750359128 150.658516927 323.423792835
v -134.499462059 150.521161130 323.862458662
v -134.010873028 150.538709318 324.200808272
v -133.205361382 150.767007774 324.414250507
v -132.003696469 151.256881989 324.482278027
v -130.326647633 152.051922427 324.390404287
v -128.094984222 153.185417746 324.135153737
v -125.229475582 154.676074728 323.733952641
v -121.650891059 156.522036554 323.242175547
v -117.280000000 158.696385339 322.775327969
v -112.496000000 169.264528429 300.607998957
v -116.595326822 166.396359766 303.945403750
v -119.951573253 164.078251792 306.733381036
v -122.639047333 162.135113885 309.205925007
v -124.732057100 160.546421196 311.330299747
v -126.304910594 159.287635482 313.112065961
v -127.431915853 158.319981044 314.590378245
v -128.187380917 157.595338185 315.818136161
v -128.645613824 157.059805094 316.851507225
v -128.880922615 156.656301573 317.744834355
v -128.967615327 156.326468626 318.548380292
v -128.980000000 156.012022134 319.307422516
v -128.967615327 155.674479420 320.049832783
v -128.880922615 155.351199465 320.753262242
v -128.645613824 155.097092879 321.387745378
v -128.187380917 154.964738178 321.928881229
v -127.431915853 155.003144515 322.358359649
v -126.304910594 155.256074013 322.665234409
v -124.732057100 155.759815469 322.848637366
v -122.639047333 156.540226506 322.922943460
v -119.951573253 157.608774440 322.926696939
v -116.595326822 158.972399439 322.918267030
v -112.496000000 160.774046770 322.792390779
v -107.712000000 172.703910411 296.190561279
v -111.539762585 170.077947959 299.702748153
v -114.673670924 167.918079878 302.672887641
v -117.183110443 166.197173548 305.157963813
v -119.137466566 164.844540683 307.257315073
v -120.606124718 163.763890655 309.090779402
v -121.658470323 162.918115375 310.679645130
v -122.363888805 162.266293251 312.057489228
v -122.791765590 161.761612866 313.267178829
v -123.011486101 161.353969540 314.353734823
v -123.092435763 160.991904918 315.360380498
v -123.104000000 160.624013653 316.326428156
v -123.092435763 160.216436511 317.275919046
v -123.011486101 159.802101835 318.189783372
v -122.791765590 159.429294156 319.043236426
v -122.363888805 159.144016455 319.817644066
v -121.658470323 158.988716272 320.501673478
v -120.606124718 159.000596542 321.093190578
v -119.137466566 159.209438544 321.602358337
v -117.183110443 159.639822512 322.050439952
v -114.673670924 160.367747930 322.398887488
v -111.539762585 161.442273437 322.634680774
v -107.712000000 162.871256663 322.777719600
v -102.928000000 175.990273663 291.753336400
v -106.484198347 173.731087123 295.325603678
v -109.395768595 171.813093957 298.439351072
v -111.727173554 170.242231728 301.120137214
v -113.542876033 168.989498955 303.421181357
v -114.907338843 168.009049787 305.405061404
v -115.885024793 167.248729430 307.133826914
v -116.540396694 166.655539697 308.664394758
v -116.937917355 166.177964385 310.046996438
v -117.142049587 165.766572707 311.325169185
v -117.217256198 165.373871836 312.536343518
v -117.228000000 164.954009691 313.712494492
v -117.217256198 164.477182040 314.872524211
v -117.142049587 163.972511013 316.001344191
v -116.937917355 163.483055146 317.079486698
v -116.540396694 163.051184934 318.091557039
v -115.885024793 162.718816138 319.025705467
v -114.907338843 162.527464456 319.873203270
v -113.542876033 162.517586171 320.628453443
v -111.727173554 162.726395645 321.289900614
v -109.395768595 163.183049507 321.862439756
v -106.484198347 163.899781115 322.362048253
v -102.928000000 164.857281992 322.823472284
v -98.144000000 178.994325422 287.425181020
v -101.428634110 177.200049253 290.958953393
v -104.117866266 175.623222972 294.128430414
v -106.271236664 174.295020735 296.931705905
v -107.948285500 173.209469083 299.399340721
v -109.208552968 172.339506574 301.576850962
v -110.111579264 171.647015218 303.514465147
v -110.716904583 171.088713606 305.261568927
v -111.084069121 170.619386971 306.863992373
v -111.272613073 170.193544131 308.362884895
v -111.342076634 169.766250710 309.794379237
v -111.352000000 169.293604463 311.189582484
v -111.342076634 168.747048976 312.566758804
v -111.272613073 168.154642057 313.910906040
v -111.084069121 167.557624734 315.203045910
v -110.716904583 166.995922607 316.428782191
v -110.111579264 166.507697782 317.578164925
v -109.208552968 166.128587451 318.645707536
v -107.948285500 165.890239721 319.630783669
v -106.271236664 165.817553873 320.538730894
v -104.117866266 165.923813419 321.383086282
v -101.428634110 166.202685633 322.189465879
v -98.144000000 166.615872854 323.001669783
v -93.360000000 181.586674258 283.349678072
v -96.373069872 180.328561208 286.762829284
v -98.839963937 179.168599965 289.913197539
v -100.815299775 178.155858132 292.775552541
v -102.353694966 177.302248109 295.359967700
v -103.509767092 176.596461313 297.695405515
v -104.338133734 176.013216459 299.819487943
v -104.893412472 175.519209292 301.772370067
v -105.230220887 175.076854269 303.593221427
v -105.403176559 174.646627695 305.318288515
v -105.466897070 174.188570693 306.979874145
v -105.476000000 173.663300086 308.605835927
v -105.466897070 173.045241911 310.212283280
v -105.403176559 172.359793826 311.785343179
v -105.230220887 171.644109186 313.307919441
v -104.893412472 170.933718026 314.767616439
v -104.338133734 170.261616449 316.156877079
v -103.509767092 169.656966605 317.473292471
v -102.353694966 169.143141551 318.720226407
v -100.815299775 168.734703423 319.907972492
v -98.839963937 168.432749896 321.055732774
v -96.373069872 168.217919957 322.194767482
v -93.360000000 168.040234281 323.373111388
v -88.576000000 183.639520906 279.681261298
v -91.317505635 182.961483691 282.908812747
v -93.562061608 182.269908691 285.978644418
v -95.359362885 181.625003266 288.846451183
v -96.759104433 181.051658707 291.504210683
v -97.810981217 180.551237233 293.965147153
v -98.564688204 180.109826191 296.253864982
v -99.069920361 179.703935620 298.400014611
v -99.376372652 179.304411638 300.434305909
v -99.533740045 178.879141242 302.386046123
v -99.591717506 178.394946151 304.281658759
v -99.600000000 177.818913797 306.143844738
v -99.591717506 177.129776528 307.985352457
v -99.533740045 176.349072689 309.794199134
v -99.376372652 175.508184390 311.556158958
v -99.069920361 174.636856469 313.261475643
v -98.564688204 173.762017671 314.905178711
v -97.810981217 172.906182566 316.487569822
v -96.759104433 172.085269857 318.014957196
v -95.359362885 171.305572840 319.500771747
v -93.562061608 170.559515278 320.967250327
v -91.317505635 169.819734911 322.447914494
v -88.576000000 169.030972780 323.991104465
v -83.792000000 185.027597347 276.583095039
v -86.261941397 184.945784099 279.578054787
v -88.284159279 184.749362820 282.519832740
v -89.903425995 184.503609771 285.349355831
v -91.164513899 184.241801539 288.043119469
v -92.112195342 183.974898070 290.599770996
v -92.791242675 183.698659937 293.030922613
v -93.246428249 183.398849268 295.354943041
v -93.522524418 183.055031412 297.592814284
v -93.664303531 182.643363502 299.765409567
v -93.716537941 182.138636318 301.891756243
v -93.724000000 181.515735252 303.987999915
v -93.716537941 180.758607193 306.062650171
v -93.664303531 179.884124197 308.106105487
v -93.522524418 178.916788129 310.107618227
v -93.246428249 177.879706924 312.060384290
v -92.791242675 176.793315612 313.961962274
v -92.112195342 175.673683277 315.814848250
v -91.164513899 174.530321118 317.627236020
v -89.903425995 173.363342608 319.414034215
v -88.284159279 172.159762680 321.198249625
v -86.261941397 170.888670086 323.012877537
v -83.792000000 169.494977914 324.903462381
v -79.008000000 185.941096553 273.912901966
v -81.206377160 186.206839036 276.886386836
v -83.006256950 186.433514217 279.738554300
v -84.447489106 186.594368659 282.498185858
v -85.569923366 186.657669655 285.196535328
v -86.413409467 186.638809734 287.821262375
v -87.017797145 186.541345931 290.371506771
v -87.422936138 186.359360494 292.854141929
v -87.668676183 186.080926366 295.279750540
v -87.794867017 185.690751598 297.659876880
v -87.841358377 185.172166113 300.005214465
v -87.848000000 184.508551520 302.324496272
v -87.841358377 183.689557518 304.621461531
v -87.794867017 182.726970872 306.889122362
v -87.668676183 181.637867550 309.120458889
v -87.422936138 180.438382955 311.311640404
v -87.017797145 179.142472495 313.462489316
v -86.413409467 177.760288465 315.577079390
v -85.569923366 176.296147105 317.664465041
v -84.447489106 174.746022250 319.739569436
v -83.006256950 173.096311147 321.822991486
v -81.206377160 171.374118654 323.904877646
v -79.008000000 169.600658273 325.977637272
v -74.224000000 186.761143014 271.313047713
v -76.150812923 187.254611257 274.373324219
v -77.728354621 187.677205052 277.338011548
v -78.991552216 188.020990514 280.216337974
v -79.975332832 188.275983615 283.018814431
v -80.714623591 188.430858062 285.756319733
v -81.244351615 188.473528187 288.439350668
v -81.599444027 188.391633207 291.077439146
v -81.814827949 188.172943962 293.678726849
v -81.925430503 187.805707625 296.249679693
v -81.966178813 187.278940706 298.794919474
v -81.972000000 186.582676197 301.317147654
v -81.966178813 185.711234985 303.816077559
v -81.925430503 184.672315484 306.286562475
v -81.814827949 183.477305394 308.723991502
v -81.599444027 182.137963283 311.125585847
v -81.244351615 180.666189465 313.490262076
v -80.714623591 179.073764972 315.818430098
v -79.975332832 177.372057192 318.111722327
v -78.991552216 175.571688246 320.372663568
v -77.728354621 173.682159831 322.604308373
v -76.150812923 171.711426822 324.809894446
v -74.224000000 169.665412002 326.992586915
v -69.440000000 187.480501011 268.794742522
v -71.095248685 188.202197270 271.935026477
v -72.450452292 188.822532007 275.004683513
v -73.535615327 189.333932009 278.010101261
v -74.380742299 189.727187488 280.958518849
v -75.015837716 189.992029241 283.857365469
v -75.470906086 190.117627674 286.713712760
v -75.775951916 190.093025582 289.533843912
v -75.960979715 189.907514033 292.322934296
v -76.055993989 189.550957965 295.084832768
v -76.090999249 189.014075445 297.821929196
v -76.096000000 188.288672442 300.535091914
v -76.090999249 187.370342951 303.222761668
v -76.055993989 186.265909906 305.879304859
v -75.960979715 184.985478571 308.499486042
v -75.775951916 183.539696700 311.079567596
v -75.470906086 181.939536453 313.617222874
v -75.015837716 180.196045531 316.111408977
v -74.380742299 178.320069570 318.562196842
v -73.535615327 176.321946822 320.970564891
v -72.450452292 174.211175286 323.338173816
v -71.095248685 171.996052188 325.667154308
v -69.440000000 169.683286466 327.959956640
v -64.656000000 188.089461423 266.370055331
v -66.039684448 189.036250720 269.586046098
v -67.172549962 189.852837866 272.755311179
v -68.079678437 190.531582029 275.881568326
v -68.786151766 191.063687190 278.969008788
v -69.317051841 191.439660952 282.021846712
v -69.697460556 191.649728247 285.043943038
v -69.952459805 191.684202542 288.038506478
v -70.107131480 191.533816352 291.007869087
v -70.186557476 191.190011832 293.953330298
v -70.215819684 190.645191330 296.875060926
v -70.220000000 189.892927093 299.772057396
v -70.215819684 188.930085152 302.641429316
v -70.186557476 187.762629327 305.477095705
v -70.107131480 186.399410877 308.273300659
v -69.952459805 184.850011863 311.025488260
v -69.697460556 183.124548807 313.730251779
v -69.317051841 181.233447699 316.385259990
v -68.786151766 179.187194244 318.989159248
v -68.079678437 176.996063190 321.541455159
v -67.172549962 174.669830532 324.042384514
v -66.039684448 172.217472788 326.492796731
v -64.656000000 169.646858455 328.894074296
v -59.872000000 188.578598176 264.049345030
v -60.984120210 189.743714118 267.339007136
v -61.894647633 190.751733073 270.604587448
v -62.623741548 191.594620688 273.847257713
v -63.191561232 192.263696558 277.068358382
v -63.618265965 192.749990761 280.269115930
v -63.924015026 193.044576331 283.450405630
v -64.128967693 193.138875226 286.612561633
v -64.253283246 193.024935367 289.755233331
v -64.317120962 192.695676363 292.877284953
v -64.340640120 192.145101525 295.976733969
v -64.344000000 191.368474009 299.050723096
v -64.340640120 190.363884068 302.095012905
v -64.317120962 189.136491948 305.103079300
v -64.253283246 187.693978902 308.068694070
v -64.128967693 186.044953514 310.986567068
v -63.924015026 184.198784137 313.852320044
v -63.618265965 182.165405188 316.662448759
v -63.191561232 179.955101719 319.414272724
v -62.623741548 177.578277148 322.105874701
v -61.894647633 175.045209438 324.736035776
v -60.984120210 172.365801574 327.304176407
v -59.872000000 169.549333090 329.810319296
v -55.088000000 188.938800500 261.841347148
v -55.928555973 190.311855279 265.204717167
v -56.616745304 191.503135716 268.565283626
v -57.167804658 192.503998892 271.921747499
v -57.596970699 193.305652684 275.272760773
v -57.919480090 193.899428912 278.616770469
v -58.150569497 194.277043719 281.951887836
v -58.305475582 194.430840765 285.275783725
v -58.399435011 194.354013203 288.585609868
v -58.447684448 194.040800827 291.877944787
v -58.465460556 193.486659241 295.148762431
v -58.468000000 192.688398440 298.393421204
v -58.465460556 191.645238037 301.606352656
v -58.447684448 190.361629064 304.780557067
v -58.399435011 188.844221418 307.909322306
v -58.305475582 187.100787649 310.986645169
v -58.150569497 185.140087317 314.007221233
v -57.919480090 182.971707540 316.966429194
v -57.596970699 180.605883762 319.860309430
v -57.167804658 178.053305390 322.685537857
v -56.616745304 175.324911469 325.439397756
v -55.928555973 172.431682165 328.119754305
v -55.088000000 169.384432458 330.725038984
v -50.304000000 189.161283659 259.753272433
v -50.872991736 190.728283212 263.192285343
v -51.338842975 192.091292433 266.648377701
v -51.711867769 193.240963426 270.117805362
v -52.002380165 194.168243897 273.596652807
v -52.220694215 194.864587701 277.080766230
v -52.377123967 195.322156713 280.565698605
v -52.481983471 195.534009617 284.046667143
v -52.545586777 195.494273672 287.518523122
v -52.578247934 195.198295950 290.975733701
v -52.590280992 194.642771097 294.412375128
v -52.592000000 193.825843238 297.822136575
v -52.590280992 192.747719207 301.198175776
v -52.578247934 191.412273674 304.532946571
v -52.545586777 189.825317676 307.819177994
v -52.481983471 187.993968731 311.050106187
v -52.377123967 185.926546085 314.219474920
v -52.220694215 183.632443925 317.321533299
v -52.002380165 181.121985660 320.351030669
v -51.711867769 178.406262940 323.303209108
v -51.338842975 175.496963578 326.173794480
v -50.872991736 172.406193011 328.958987649
v -50.304000000 169.146294366 331.655458276
v -45.520000000 189.237582873 257.790912816
v -45.817427498 190.980947785 261.309244090
v -46.060940646 192.500784116 264.863183517
v -46.255930879 193.787068260 268.446517694
v -46.407789632 194.830425674 272.052837696
v -46.521908340 195.622300619 275.675528781
v -46.603678437 196.155116938 279.307764372
v -46.658491360 196.422426404 282.942504398
v -46.691738542 196.419041521 286.572497998
v -46.708811420 196.141150000 290.190290532
v -46.715101427 195.586408577 293.788234785
v -46.716000000 194.754014317 297.358506216
v -46.715101427 193.644971651 300.893076425
v -46.708811420 192.262749999 304.383742204
v -46.691738542 190.612567185 307.822532228
v -46.658491360 188.701108777 311.201800295
v -46.603678437 186.536448798 314.514234704
v -46.521908340 184.127949320 317.752865845
v -46.407789632 181.486141061 320.911072032
v -46.255930879 178.622587513 323.982583678
v -46.060940646 175.549735555 326.961486013
v -45.817427498 172.280755845 329.842220655
v -45.520000000 168.829376573 332.619586454
v -40.736000000 189.159533703 255.958752009
v -40.761863261 191.058126098 259.561673026
v -40.783038317 192.716519064 263.217480461
v -40.799993989 194.124174407 266.917418113
v -40.813199098 195.271426480 270.652606408
v -40.823122464 196.149632963 274.414062918
v -40.830232908 196.751315204 278.192723329
v -40.834999249 197.070285338 281.979462793
v -40.837890308 197.101757679 285.765117633
v -40.839374906 196.842442142 289.540507340
v -40.839921863 196.290617839 293.296456810
v -40.840000000 195.446185318 297.023818776
v -40.839921863 194.310709385 300.713496199
v -40.839374906 192.887463386 304.356476942
v -40.837890308 191.181370177 307.943878174
v -40.834999249 189.198947297 311.466970682
v -40.830232908 186.948243086 314.917199278
v -40.823122464 184.438751580 318.286202621
v -40.813199098 181.681307738 321.565832408
v -40.799993989 178.687964891 324.748171893
v -40.783038317 175.471856677 327.825553699
v -40.761863261 172.047046003 330.790576888
v -40.736000000 168.428363822 333.636123258
v -35.952000000 188.919241242 254.260078972
v -35.706299023 190.948397736 257.954324198
v -35.505135988 192.723715502 261.717643415
v -35.344057100 194.234440036 265.538615593
v -35.218608565 195.470745006 269.405858356
v -35.124336589 196.423885144 273.308061410
v -35.056787378 197.086339416 277.234018887
v -35.011507137 197.451941015 281.172660389
v -34.984042074 197.515991080 285.113080587
v -34.969938392 197.275353425 289.044567284
v -34.964742299 196.728528023 292.956627859
v -34.964000000 195.875701486 296.839014059
v -34.964742299 194.718714095 300.681704895
v -34.969938392 193.260890255 304.474684752
v -34.984042074 191.507208295 308.207875737
v -35.011507137 189.464321483 311.871181594
v -35.056787378 187.140494683 315.454525592
v -35.124336589 184.545518553 318.947891280
v -35.218608565 181.690603272 322.341365955
v -35.344057100 178.588254215 325.625186623
v -35.505135988 175.252132448 328.789788202
v -35.706299023 171.696903242 331.825853632
v -35.952000000 167.938076091 334.724365500
v -31.168000000 188.509039935 252.697103046
v -30.650734786 190.640610536 256.490748018
v -30.227233659 192.507874958 260.368772834
v -29.888120210 194.100344199 264.316919752
v -29.624018032 195.408509622 268.321212669
v -29.425550714 196.423425545 272.368024423
v -29.283341848 197.137265983 276.444057973
v -29.188015026 197.543562051 280.536386487
v -29.130193839 197.637329968 284.632494379
v -29.100501878 197.415179034 288.720311102
v -29.089562735 196.875396897 292.788239020
v -29.088000000 196.018010051 296.825176735
v -29.089562735 194.844829347 300.820351154
v -29.100501878 193.359489707 304.762494691
v -29.130193839 191.567393389 308.639958331
v -29.188015026 189.475650373 312.440887686
v -29.283341848 187.093005071 316.153295173
v -29.425550714 184.429739835 319.765147126
v -29.624018032 181.497557762 323.264467130
v -29.888120210 178.309447895 326.639457079
v -30.227233659 174.879460747 329.878580056
v -30.650734786 171.222242310 332.970418364
v -31.168000000 167.353377208 335.904114868
v -26.384000000 187.951438606 251.265307057
v -25.595170548 190.169591291 255.166305813
v -24.949331330 192.116335674 259.167226986
v -24.432183321 193.780760748 263.250770793
v -24.029427498 195.152711787 267.400129414
v -23.726764838 196.222981682 271.599078871
v -23.509896319 196.983495208 275.832048049
v -23.364522915 197.427480704 280.084170994
v -23.276345605 197.549624246 284.341326845
v -23.231065364 197.346202049 288.590170459
v -23.214383171 196.815187536 292.818156045
v -23.212000000 195.956330308 297.013555712
v -23.214383171 194.771324837 301.165013905
v -23.231065364 193.264173519 305.259704319
v -23.276345605 191.440780465 309.283923178
v -23.364522915 189.308766375 313.223514682
v -23.509896319 186.877378234 317.063980883
v -23.726764838 184.157374486 320.790618202
v -24.029427498 181.160889383 324.388683522
v -24.432183321 177.901280957 327.843594111
v -24.949331330 174.392967677 331.141167505
v -25.595170548 170.651259459 334.267909994
v -26.384000000 166.692189266 337.211365312
v -21.600000000 187.318597498 249.951021460
v -20.539606311 189.609585672 253.968819246
v -19.671429001 191.622657463 258.101800254
v -18.976246431 193.347139877 262.329163508
v -18.434836965 194.772910091 266.631043856
v -18.027978963 195.890620276 270.988592483
v -17.736450789 196.691917388 275.384024343
v -17.541030804 197.169650830 279.800646719
v -17.422497370 197.318061704 284.222877856
v -17.361628850 197.132948253 288.636260754
v -17.339203606 196.611802929 293.027474603
v -17.336000000 195.753917501 297.384344997
v -17.339203606 194.560740616 301.695047924
v -17.361628850 193.036739025 305.945026889
v -17.422497370 191.188453352 310.118275085
v -17.541030804 189.024121077 314.198079143
v -17.736450789 186.553562617 318.167161635
v -18.027978963 183.788041640 322.007858173
v -18.434836965 180.740104767 325.702334110
v -18.976246431 177.423406709 329.232849814
v -19.671429001 173.852527711 332.582088901
v -20.539606311 170.042791031 335.733570814
v -21.600000000 166.010089049 338.672177394
v -16.816000000 186.622932038 248.754384534
v -15.484042074 188.971764505 252.897106297
v -14.393526672 191.037832456 257.168906903
v -13.520309542 192.810848716 261.545322347
v -12.840246431 194.280806432 266.003447972
v -12.329193088 195.438246073 270.521954031
v -11.963005259 196.274518662 275.081060579
v -11.717538693 196.782036649 279.662499447
v -11.568649136 196.954505051 284.249479429
v -11.492192337 196.787126424 288.826661987
v -11.464024042 196.276774237 293.380148893
v -11.460000000 195.422130277 297.897479679
v -11.464024042 194.224286463 302.366449513
v -11.492192337 192.688251759 306.770704458
v -11.568649136 190.821310825 311.091858412
v -11.717538693 188.632399126 315.310588541
v -11.963005259 186.131960062 319.406794686
v -12.329193088 183.331775337 323.359792489
v -12.840246431 180.244775237 327.148547504
v -13.520309542 176.884836509 330.751966450
v -14.393526672 173.266576585 334.149273643
v -15.484042074 169.405154060 337.320515634
v -16.816000000 165.316086734 340.247254814
v -12.032000000 185.873735912 247.678293107
v -10.428477836 188.266172257 251.952529415
v -9.115624343 190.372560907 256.367507122
v -8.064372652 192.183122834 260.895039895
v -7.245655898 193.688037299 265.509350193
v -6.630407213 194.877759520 270.186942101
v -6.189559730 195.743334089 274.906430641
v -5.894046582 196.276694525 279.648376141
v -5.714800902 196.470940945 284.395150315
v -5.622755823 196.320588878 289.130843949
v -5.588844478 195.821783242 293.841214548
v -5.584000000 194.972472527 298.513665238
v -5.588844478 193.773299787 303.135677294
v -5.622755823 192.229875306 307.689139300
v -5.714800902 190.350308747 312.153386226
v -5.894046582 188.144290971 316.506644880
v -6.189559730 185.622918267 320.726183410
v -6.630407213 182.798489223 324.788479366
v -7.245655898 179.684282244 328.669416028
v -8.064372652 176.294322876 332.344533285
v -9.115624343 172.643151327 335.789381653
v -10.428477836 168.745602207 338.980055638
v -12.032000000 164.616610671 341.894015173
v -7.248000000 185.079968459 246.727571283
v -5.372913599 187.502577582 251.138561027
v -3.837722014 189.637332130 255.698783156
v -2.608435763 191.475054233 260.376368916
v -1.651065364 193.006161695 265.142985595
v -0.931621337 194.221044959 269.973463461
v -0.416114200 195.110436491 274.845382967
v -0.070554470 195.665762789 279.738700907
v 0.139047333 195.879471096 284.635457013
v 0.246680691 195.745324118 289.519573918
v 0.286335086 195.258656762 294.376743297
v 0.292000000 194.416589755 299.194378521
v 0.286335086 193.219244104 303.959698346
v 0.246680691 191.672872047 308.652983592
v 0.139047333 189.786463222 313.251571052
v -0.070554470 187.570498491 317.731612890
v -0.416114200 185.036738867 322.068177833
v -0.931621337 182.197986932 326.235336039
v -1.651065364 179.067829735 330.206239579
v -2.608435763 175.660373320 333.953238703
v -3.837722014 171.989980484 337.448111351
v -5.372913599 168.071025501 340.662529588
v -7.248000000 163.917682888 343.568940517
v -2.464000000 184.250248572 245.908693452
v -0.317349361 186.690466090 250.460485074
v 1.440180316 188.842416196 255.165832457
v 2.847501127 190.697582112 259.989320143
v 3.943525169 192.246651225 264.900530320
v 4.767164538 193.479960358 269.873294354
v 5.357331330 194.387926208 274.884916811
v 5.752937641 194.961451920 279.915492082
v 5.992895567 195.192303280 284.947375382
v 6.116117205 195.073449048 289.964824660
v 6.161514651 194.599360393 294.953797742
v 6.168000000 193.766264655 299.901868691
v 6.161514651 192.573706740 304.796034163
v 6.116117205 191.028603272 309.615228651
v 5.992895567 189.140853343 314.335254762
v 5.752937641 186.921740559 318.930786658
v 5.357331330 184.383685877 323.375372683
v 4.767164538 181.539973312 327.641361297
v 3.943525169 178.404457857 331.699764284
v 2.847501127 174.991266030 335.520115454
v 1.440180316 171.314501053 339.070441308
v -0.317349361 167.387967576 342.317531778
v -2.464000000 163.224935601 345.227782431
v 2.320000000 183.392852396 245.229516319
v 4.738214876 185.839036697 249.925106361
v 6.718082645 187.997858828 254.773367181
v 8.303438017 189.861486343 259.735564908
v 9.538115702 191.420882297 264.779819421
v 10.465950413 192.666328560 269.879824017
v 11.130776860 193.587921768 275.013559803
v 11.576429752 194.176035114 280.162179961
v 11.846743802 194.421742276 285.309152495
v 11.985553719 194.317200759 290.439682466
v 12.036694215 193.855991604 295.540386107
v 12.044000000 193.033411928 300.599158152
v 12.036694215 191.848395784 305.602806565
v 11.985553719 190.308528640 310.529294032
v 11.846743802 188.424623523 315.353538076
v 11.576429752 186.208758503 320.049555460
v 11.130776860 183.673994418 324.590303914
v 10.465950413 180.834066379 328.947355543
v 9.538115702 177.703057891 333.090417447
v 8.303438017 174.295067248 336.986780765
v 6.718082645 170.623877530 340.600865271
v 4.738214876 166.702645389 343.894131955
v 2.320000000 162.543630458 346.825757911
v 7.104000000 182.515714671 244.699018963
v 9.793779113 184.957201425 249.540466832
v 11.995984974 187.113479391 254.527419275
v 13.759374906 188.977383544 259.618141950
v 15.132706236 190.540130385 264.780067585
v 16.164736289 191.791929981 269.987799969
v 16.904222389 192.722551472 275.221146436
v 17.399921863 193.321839239 280.463424876
v 17.700592036 193.580180770 285.700168516
v 17.854990233 193.488927947 290.918255068
v 17.911873779 193.040772221 296.105416877
v 17.920000000 192.230072379 301.250043439
v 17.911873779 191.055136297 306.338783678
v 17.854990233 189.524205013 311.349116742
v 17.700592036 187.648985391 316.255910094
v 17.399921863 185.442321425 321.033569328
v 16.904222389 182.917879678 325.655644495
v 16.164736289 180.089809926 330.094139350
v 15.132706236 176.972388263 334.318540021
v 13.759374906 173.579650171 338.294672808
v 11.995984974 169.925022872 341.983622261
v 9.793779113 166.020971175 345.341089023
v 7.104000000 161.878680228 348.317737965
v 11.888000000 181.626433530 244.327050084
v 14.849343351 184.053588483 249.315568018
v 17.273887303 186.198871828 254.435050497
v 19.215311796 188.055725645 259.641167895
v 20.727296769 189.615566250 264.901592337
v 21.863522164 190.866626561 270.193954579
v 22.677667919 191.791334296 275.504902860
v 23.223413974 192.386050438 280.818346664
v 23.554440270 192.645209178 286.120594170
v 23.724426747 192.560713235 291.399996450
v 23.787053343 192.123742687 296.645913236
v 23.796000000 191.326164729 301.848099993
v 23.787053343 190.164440430 306.993734941
v 23.724426747 188.648569617 312.059429786
v 23.554440270 186.792472026 317.019592425
v 23.223413974 184.610095575 321.849388535
v 22.677667919 182.114217925 326.525077604
v 21.863522164 179.315045479 331.024416403
v 20.727296769 176.221091517 335.324617658
v 19.215311796 172.852715218 339.385284791
v 17.273887303 169.224621200 343.162923225
v 14.849343351 165.348576428 346.607060242
v 11.888000000 161.234672727 349.658430732
v 16.672000000 180.732278568 244.124081634
v 19.904907588 183.136548433 249.260098989
v 22.551789632 185.253686914 254.507767903
v 24.671248685 187.031827934 259.839554646
v 26.321887303 188.489077113 265.217574122
v 27.562308039 189.642155916 270.613528572
v 28.451113449 190.495922188 276.008635068
v 29.046906086 191.046588217 281.389953377
v 29.408288505 191.284578217 286.747866318
v 29.593863261 191.197006552 292.074400791
v 29.662232908 190.769757870 297.362162595
v 29.672000000 189.989144145 302.603722885
v 29.662232908 188.847865243 307.787805622
v 29.593863261 187.359407376 312.889023907
v 29.408288505 185.542561107 317.879255791
v 29.046906086 183.415452737 322.731481727
v 28.451113449 180.994125908 327.420052105
v 27.562308039 178.290913267 331.921001940
v 26.321887303 175.312697807 336.212441204
v 24.671248685 172.059174436 340.275098227
v 22.551789632 168.521249371 344.093151033
v 19.904907588 164.690837671 347.640807452
v 16.672000000 160.615896705 350.802560781
v 21.456000000 179.840132574 244.100991134
v 24.960471826 182.129988183 249.412554696
v 27.829691961 184.042989429 254.838913398
v 30.127185575 185.635958531 260.318066508
v 31.916477836 186.943332619 265.811710824
v 33.261093914 187.981739443 271.296842899
v 34.224558978 188.754153666 276.759912844
v 34.870398197 189.253573942 282.192837245
v 35.262136739 189.466225488 287.590344028
v 35.463299775 189.374311273 292.948260044
v 35.537412472 188.958326793 298.262462498
v 35.548000000 188.198936011 303.528299465
v 35.537412472 187.084999524 308.736023314
v 35.463299775 185.633510438 313.858475677
v 35.262136739 183.868166102 318.865312818
v 34.870398197 181.811306377 323.727638825
v 34.224558978 179.482296924 328.418172583
v 33.261093914 176.895697634 332.911432944
v 31.916477836 174.059299895 337.183986694
v 30.127185575 170.972123192 341.214863890
v 27.829691961 167.622490702 344.986315322
v 24.960471826 163.986372934 348.485167691
v 21.456000000 160.026316382 351.705124813
v 26.240000000 178.808792216 244.312629172
v 30.016036063 180.826101800 249.839836618
v 33.107594290 182.499391510 255.437399553
v 35.583122464 183.890129506 261.048324763
v 37.511068370 185.034247335 266.640499912
v 38.959879790 185.947621928 272.197248287
v 39.998004508 186.630888366 277.710920533
v 40.693890308 187.073569829 283.178659048
v 41.115984974 187.257588847 288.599680921
v 41.332736289 187.160240857 293.973600757
v 41.412592036 186.756692392 299.299455311
v 41.424000000 186.022034036 304.575198963
v 41.412592036 184.941324242 309.792511015
v 41.332736289 183.534982531 314.922763688
v 41.115984974 181.831509457 319.933804260
v 40.693890308 179.857381614 324.795261167
v 39.998004508 177.635269823 329.478575133
v 38.959879790 175.182039899 333.957009944
v 37.511068370 172.506592965 338.205707627
v 35.583122464 169.607602886 342.201924972
v 33.107594290 166.471239270 345.925672984
v 30.016036063 163.069048321 349.361078416
v 26.240000000 159.356323923 352.498898832
v 31.024000000 177.528695212 244.782443172
v 35.071600301 179.252875491 250.512367602
v 38.385496619 180.670923653 256.264113588
v 41.039059354 181.847811049 261.987658693
v 43.105658903 182.819944900 267.658566352
v 44.658665665 183.601669557 273.267498335
v 45.771450038 184.190776599 278.813301359
v 46.517382419 184.573074183 284.298604922
v 46.969833208 184.726158534 289.727130001
v 47.202172802 184.622544896 295.102127680
v 47.287771600 184.232283065 300.425542730
v 47.300000000 183.525131712 305.697631200
v 47.287771600 182.482499682 310.911312056
v 47.202172802 181.128051745 316.036863968
v 46.969833208 179.494849124 321.040841469
v 46.517382419 177.613317617 325.891888320
v 45.771450038 175.509345861 330.560594281
v 44.658665665 173.202165904 335.019282623
v 43.105658903 170.702033851 339.241817616
v 41.039059354 168.007720426 343.203607074
v 38.385496619 165.103853188 346.882075773
v 35.071600301 161.958252049 350.258001806
v 31.024000000 158.519597063 353.318242139
v 35.808000000 176.034319337 245.480168965
v 40.127164538 177.451257935 251.394803379
v 43.663398948 178.604719766 257.279332726
v 46.494996243 179.561752388 263.092793294
v 48.700249437 180.358006136 268.819953247
v 50.357451540 181.005376713 274.459801592
v 51.544895567 181.498253075 280.018202241
v 52.340874530 181.818505133 285.503422837
v 52.823681443 181.939454888 290.923571135
v 53.071609316 181.829085255 296.285241956
v 53.162951165 181.452691864 301.592894671
v 53.176000000 180.775109142 306.848646385
v 53.162951165 179.774364407 312.046381087
v 53.071609316 178.477085931 317.155732555
v 52.823681443 176.920514311 322.142581142
v 52.340874530 175.138726897 326.975165791
v 51.544895567 173.160673579 331.623724773
v 50.357451540 171.007996929 336.060007062
v 48.700249437 168.692601112 340.256772832
v 46.494996243 166.213914957 344.187502515
v 43.663398948 163.555826421 347.826652394
v 40.127164538 160.683383424 351.150931661
v 35.808000000 157.539595538 354.142234440
v 40.592000000 174.359028138 246.375036979
v 45.182728775 175.461213138 252.451264287
v 48.941301277 176.347080361 258.442786803
v 51.950933133 177.084030465 264.319910545
v 54.294839970 177.705500987 270.078179518
v 56.056237415 178.219881124 275.725873700
v 57.318341097 178.617537007 281.276318808
v 58.164366642 178.876188885 286.743459337
v 58.677529677 178.965008921 292.139538798
v 58.941045830 178.847813680 297.474059528
v 59.038130729 178.485656058 302.753458295
v 59.052000000 177.839019483 307.981134918
v 59.038130729 176.882933379 313.151574970
v 58.941045830 175.646607143 318.234287888
v 58.677529677 174.170940471 323.195199815
v 58.164366642 172.493254319 328.002812503
v 57.318341097 170.645334160 332.627583187
v 56.056237415 168.651262070 337.041102955
v 54.294839970 166.524933045 341.215226552
v 51.950933133 164.267117699 345.121424109
v 48.941301277 161.861964174 348.730763418
v 45.182728775 159.272969004 352.015091144
v 40.592000000 156.438733656 354.950166827
v 45.376000000 172.535161838 247.435829019
v 50.238293013 173.321806928 253.645395697
v 54.219203606 173.943547909 259.713720067
v 57.406870023 174.466109419 265.624710203
v 59.889430503 174.919029707 271.386297405
v 61.755023291 175.305986539 277.016989567
v 63.091786627 175.612638040 282.537940594
v 63.987858753 175.812352175 287.968696526
v 64.531377911 175.870345599 293.325250056
v 64.810482344 175.746750840 298.619429726
v 64.913310293 175.398953661 303.858980220
v 64.928000000 174.783962764 309.047836371
v 64.913310293 173.874313422 314.180644043
v 64.810482344 172.701305067 319.227393002
v 64.531377911 171.308703347 324.154868101
v 63.987858753 169.736635516 328.932587996
v 63.091786627 168.019426748 333.531869330
v 61.755023291 166.183611357 337.924610739
v 59.889430503 164.245467353 342.081983816
v 57.406870023 162.207914500 345.973359321
v 54.219203606 160.056562035 349.565956946
v 50.238293013 157.754849652 352.825891781
v 45.376000000 155.238564748 355.721505556
v 50.160000000 170.594140252 248.630933530
v 55.293857250 171.071304955 254.940427271
v 59.497105935 171.438992829 261.050952192
v 62.862806912 171.758909553 266.962470140
v 65.484021037 172.050386036 272.699750930
v 67.453809166 172.254206622 278.323012187
v 68.865232156 172.381438594 283.832365398
v 69.811350864 172.439746780 289.230632607
v 70.385226146 172.407692113 294.533740817
v 70.679918858 172.244920698 299.760257416
v 70.788489857 171.900250078 304.925599051
v 70.804000000 171.317965635 310.039283051
v 70.788489857 170.461355796 315.098377541
v 70.679918858 169.370091386 320.075111688
v 70.385226146 168.098952727 324.941521801
v 69.811350864 166.694315418 329.674601507
v 68.865232156 165.188754443 334.252656236
v 67.453809166 163.594640368 338.648753666
v 65.484021037 161.896777100 342.820095399
v 62.862806912 160.076710001 346.711424642
v 59.497105935 158.173587684 350.303924801
v 55.293857250 156.156371067 353.558893368
v 50.160000000 153.959969881 356.435857180
v 54.944000000 168.566576051 249.928399406
v 60.349421488 168.747280577 256.299231132
v 64.775008264 168.877708598 262.412938516
v 68.318743802 168.894294706 268.375501885
v 71.078611570 168.786844087 274.211476906
v 73.152595041 168.654986014 279.866565397
v 74.638677686 168.538078083 285.340243841
v 75.634842975 168.432522679 290.657477660
v 76.239074380 168.305148357 295.851535928
v 76.549355372 168.103564471 300.954014710
v 76.663669421 167.764258426 305.989469426
v 76.680000000 167.218936001 310.972946082
v 76.663669421 166.422340755 315.903898622
v 76.549355372 165.421825720 320.757034264
v 76.239074380 164.283107666 325.509854904
v 75.634842975 163.062385126 330.147924138
v 74.638677686 161.800849882 334.661131190
v 73.152595041 160.518174906 339.037110723
v 71.078611570 159.204850625 343.250586178
v 68.318743802 157.813175634 347.246815361
v 64.775008264 156.246863911 350.916459053
v 60.349421488 154.504576537 354.189764562
v 54.944000000 152.623349660 357.072934758
v -125.628732755 156.214241449 314.074654761
v -130.530286900 152.307807293 317.246075006
v -134.545259737 148.982706609 319.806922213
v -137.760646239 146.243697691 321.766694738
v -140.265141258 144.061510555 323.213771692
v -142.148467622 142.385638985 324.257752526
v -143.500619345 141.152976309 325.000706369
v -144.411310831 140.293333908 325.526434879
v -144.969724535 139.732804149 325.899729833
v -145.264489729 139.395764250 326.170172760
v -145.383782275 139.206077913 326.377091722
v -145.415458823 139.087824196 326.553806435
v -145.417984060 138.990607728 326.720898273
v -145.333014903 138.963813934 326.860266371
v -145.073054541 139.080795822 326.945064399
v -144.550471740 139.413420789 326.947246271
v -143.677181741 140.031352021 326.834402136
v -142.364219544 141.000915497 326.566572207
v -140.521299674 142.383327591 326.094571703
v -138.056556232 144.231889102 325.362204989
v -134.876696771 146.587507791 324.315861984
v -130.887627265 149.471624262 322.926341870
v -125.995158104 152.875393393 321.229122978
v -120.778837507 160.241957509 309.034209329
v -125.408791483 156.725987851 312.377215822
v -129.208953834 153.703712398 315.230749412
v -132.259112381 151.191478015 317.536351272
v -134.640925400 149.171535145 319.335063331
v -136.437317653 147.603696335 320.707452804
v -137.731948197 146.433532555 321.741436009
v -138.608762339 145.598006279 322.517681700
v -139.151680225 145.029244930 323.105158674
v -139.444438585 144.657020688 323.561721112
v -139.570558017 144.410366682 323.936508769
v -139.613385314 144.218620043 324.272362627
v -139.628402461 144.034991679 324.595737477
v -139.560035849 143.904798333 324.884775008
v -139.324943187 143.895011375 325.108512170
v -138.839634903 144.070535754 325.237995037
v -138.020240075 144.493295198 325.244707607
v -136.782213278 145.220887233 325.099425249
v -135.040058264 146.304619309 324.772722454
v -132.707175832 147.786617091 324.238964276
v -129.695914887 149.695538541 323.486315958
v -125.917769106 152.040250524 322.536056057
v -121.283417219 154.800688497 321.475164959
v -115.972511714 163.798475168 304.794272593
v -120.338524711 160.710054340 307.972082940
v -123.914298153 158.041380677 310.835591010
v -126.788470387 155.803126296 313.264203041
v -129.036614433 153.987228205 315.246248733
v -130.735713828 152.563080159 316.825856942
v -131.963605072 151.485149425 318.068753957
v -132.798589662 150.698405186 319.044559178
v -133.319170588 150.142155794 319.818939757
v -133.603901396 149.752739403 320.451077781
v -133.731329514 149.465394289 320.993552272
v -133.780002669 149.215533059 321.492976891
v -133.802248207 148.960423613 321.978113137
v -133.745395586 148.741245455 322.426007842
v -133.530442440 148.618663450 322.805071709
v -133.078217758 148.651024165 323.087913326
v -132.309245939 148.893293935 323.250922394
v -131.143571628 149.395578536 323.274496674
v -129.500584958 150.201074922 323.144861523
v -127.298893531 151.343214027 322.858865602
v -124.456254735 152.841646585 322.433601890
v -120.889491284 154.696616532 321.923153653
v -116.513211348 156.885213229 321.440798157
v -111.114098237 167.314226566 300.607646228
v -115.264984486 164.410827013 303.879368849
v -118.641895600 162.082369299 306.598144520
v -121.334569840 160.142205084 308.999156839
v -123.443499760 158.552509959 311.049085343
v -125.039854554 157.291252202 312.754227817
v -126.195831644 156.321310418 314.154714806
v -126.984223194 155.595627699 315.304410643
v -127.478160592 155.060983568 316.260283311
v -127.750976297 154.660751766 317.077236342
v -127.876147850 154.336901902 317.805831435
v -127.927293267 154.031416880 318.491394033
v -127.953495023 153.705932380 319.161809416
v -127.905122746 153.397379691 319.795402477
v -127.707711456 153.160031907 320.363128908
v -127.286594106 153.045767871 320.841526434
v -126.566834547 153.102905756 321.213158601
v -125.473128236 153.374642802 321.467790124
v -123.929683269 153.896993048 321.604982029
v -121.860093119 154.696045351 321.639110463
v -119.187186965 155.784291590 321.608123760
v -115.831972302 157.170868609 321.569519433
v -111.734186831 158.993881638 321.416163111
v -106.298719779 170.778890589 296.278351937
v -110.147585582 168.135256382 299.722850873
v -113.322337156 165.946667416 302.621331943
v -115.883042090 164.194341695 305.030297108
v -117.865605680 162.830064852 307.051333710
v -119.354967797 161.746374905 308.805179949
v -120.434930176 160.897072082 310.312940827
v -121.172794109 160.242795690 311.608942135
v -121.636346527 159.737790686 312.736796117
v -121.893706732 159.332644592 313.742143573
v -122.013264141 158.976332032 314.668639834
v -122.063665841 158.617700627 315.555820772
v -122.090722846 158.222952172 316.427885144
v -122.047942855 157.824709018 317.266375637
v -121.865533805 157.470825081 318.047311448
v -121.473459395 157.206831073 318.752873863
v -120.801414870 157.074711111 319.372468158
v -119.778772865 157.111316798 319.904518575
v -118.334496157 157.346349877 320.359455793
v -116.395376328 157.805202303 320.758841534
v -113.896368980 158.561761220 321.063602160
v -110.776891897 159.662297699 321.258790064
v -106.971880673 161.113778469 321.362867119
v -101.524928294 174.063085389 291.919842667
v -105.075087823 171.803256559 295.419789620
v -108.003879032 169.870189094 298.459241816
v -110.366213750 168.277792852 301.062497462
v -112.220317386 167.002577020 303.282640116
v -113.626490265 166.002244435 305.182816016
v -114.646543994 165.226653754 306.825990740
v -115.343456698 164.623689303 308.270068249
v -115.781078632 164.141963386 309.566154079
v -116.023853775 163.731742081 310.758451125
v -116.136573781 163.345044912 311.884821876
v -116.184187297 162.935514976 312.977458875
v -116.209960463 162.472985708 314.055434315
v -116.170306652 161.986476111 315.104257061
v -116.000022251 161.518817648 316.105181829
v -115.634103841 161.111939558 317.043482692
v -115.007860687 160.807120718 317.907852173
v -114.057025345 160.645083425 318.689908154
v -112.717849718 160.665389551 319.384146278
v -110.927182847 160.904322383 319.988808939
v -108.622533413 161.390137186 320.508278181
v -105.742120930 162.134261747 320.957729252
v -102.224913496 163.116748449 321.370895237
v -96.796749025 177.035033541 287.667178837
v -100.048104709 175.255904456 291.121533228
v -102.732746433 173.677142977 294.211808778
v -104.899331402 172.337503867 296.934170549
v -106.600711887 171.236460601 299.318418123
v -107.892129499 170.350697574 301.410083760
v -108.830337057 169.644523376 303.259868573
v -109.473112927 169.076095432 304.917838257
v -109.878941667 168.600941062 306.430534621
v -110.106774784 168.173860703 307.839743577
v -110.215846280 167.749954432 309.182108715
v -110.265539837 167.285234188 310.489110934
v -110.295409111 166.751018814 311.779336923
v -110.265433144 166.175186759 313.038344402
v -110.115712095 165.598674945 314.247788959
v -109.786437574 165.060960503 315.393866852
v -109.217990329 164.599615162 316.467119514
v -108.351041726 164.249567080 317.462393224
v -107.126643884 164.041680279 318.379190111
v -105.486298052 164.000053954 319.222746291
v -103.371995052 164.137223507 320.006270321
v -100.726222697 164.446231628 320.754862814
v -97.491931529 164.888351469 321.511709135
v -92.125213455 179.564125144 283.668780380
v -95.073981604 178.334769602 286.993156454
v -97.513165278 177.184981337 290.057139258
v -99.484090827 176.170640929 292.833064684
v -101.033426943 175.308927458 295.329706357
v -102.210791654 174.592394595 297.575549929
v -103.067534569 173.998495416 299.608280383
v -103.656074340 173.495795890 301.468431691
v -104.029505089 173.047943649 303.195704011
v -104.241343401 172.616197949 304.826915796
v -104.345360696 172.161077594 306.394916450
v -104.395478300 171.643475534 307.928049195
v -104.427608050 171.037893274 309.442864786
v -104.405265114 170.369456920 310.926015316
v -104.273813332 169.674926908 312.360957490
v -103.978614071 168.989370566 313.735817594
v -103.465104805 168.345242186 315.043486754
v -102.678884263 167.771091775 316.281887813
v -101.565788453 167.289638725 317.454566366
v -100.071943891 166.914795830 318.571832661
v -98.143786735 166.647072425 319.652750571
v -95.728037812 166.466639762 320.728328703
v -92.771623009 166.323224938 321.846312111
v -87.530540624 181.525119493 280.082390721
v -90.169054000 180.884687097 283.210188435
v -92.358020141 180.213147984 286.184317402
v -94.130526765 179.575625035 288.957959549
v -95.526250882 179.001630968 291.521438338
v -96.588583587 178.496290490 293.887106902
v -97.363059144 178.048595344 296.079284630
v -97.896480400 177.637237610 298.127736029
v -98.236412425 177.234671727 300.063534605
v -98.430879648 176.809947643 301.916489630
v -98.528185740 176.330705036 303.713585555
v -98.576816319 175.764577575 305.478087049
v -98.609074385 175.090505707 307.223270427
v -98.591998018 174.329648864 308.937646599
v -98.476187370 173.512899192 310.607471118
v -98.212147652 172.669512661 312.223444436
v -97.750350404 171.825912019 313.781002859
v -97.041301778 171.004084524 315.280776838
v -96.035602636 170.219413028 316.729302756
v -94.683986354 169.477674366 318.140129564
v -92.937321854 168.770832630 319.535511380
v -90.746571348 168.071160910 320.948917192
v -88.062694648 167.323158886 322.428615964
v -83.042777686 182.806347681 277.071065535
v -85.360970165 182.759907365 279.955729980
v -87.291599177 182.587624962 282.791222693
v -88.859707582 182.355485976 285.516910553
v -90.097472006 182.099561853 288.107763942
v -91.041488571 181.833865968 290.561407962
v -91.731009333 181.556887525 292.888957563
v -92.206877470 181.256650997 295.108711038
v -92.510893609 180.914521491 297.241890897
v -92.685442291 180.508036845 299.309816943
v -92.773280988 180.012997758 301.332080879
v -92.817436336 179.404972691 303.325437648
v -92.846617425 178.668155066 305.298973494
v -92.831393212 177.818924485 307.243548203
v -92.727588223 176.881198194 309.148830875
v -92.490828847 175.877558805 311.008410417
v -92.076594606 174.827950612 312.820204504
v -91.440275377 173.747971744 314.587018962
v -90.537220542 172.646680109 316.317293677
v -89.322767424 171.523763108 318.026112267
v -87.752238235 170.365853474 319.736589082
v -85.780897377 169.141718065 321.481775554
v -83.363864866 167.796015362 323.307246977
v -78.302779089 183.720603156 274.463809080
v -80.509420653 183.959187608 277.333200749
v -82.322044107 184.162183595 280.078016618
v -83.705151651 184.326934999 282.724967315
v -84.777783127 184.398577764 285.310466373
v -85.597300223 184.385437597 287.822799244
v -86.196404338 184.292815549 290.260726033
v -86.609674934 184.116598637 292.631052017
v -86.872895138 183.846460716 294.944576560
v -87.022632778 183.468402565 297.213273770
v -87.096000734 182.966707728 299.448398161
v -87.130539248 182.325379217 301.659297212
v -87.151389272 181.534233083 303.850286711
v -87.132675851 180.604472680 306.014804577
v -87.035445303 179.552521426 308.146190780
v -86.820425480 178.393951856 310.240944324
v -86.448078629 177.142221209 312.299187814
v -85.878658038 175.807029141 314.325259986
v -85.072256023 174.392273393 316.328436933
v -83.988833060 172.893539572 318.323813801
v -82.581638315 171.297788767 320.332863832
v -80.796260176 169.633444547 322.347163503
v -78.614824178 167.918255241 324.356240312
v -73.540428811 184.549748104 271.922123621
v -75.473286309 185.013004304 274.874662193
v -77.061381565 185.409243555 277.728372739
v -78.338487628 185.731332528 280.492771926
v -79.338536445 185.969994877 283.178847246
v -80.095615166 186.114476501 285.798107622
v -80.643958537 186.153102221 288.361785095
v -81.017936486 186.073751338 290.880198636
v -81.252036981 185.864271530 293.362278357
v -81.380845277 185.512842915 295.815238136
v -81.439021345 185.008297888 298.244377043
v -81.461277443 184.340398030 300.652985003
v -81.470754649 183.503119023 303.041284982
v -81.444206960 182.503704640 305.404626361
v -81.346826714 181.353016489 307.738845157
v -81.143863557 180.062241263 310.041531230
v -80.800634471 178.642679970 312.311877949
v -80.282525326 177.105509809 314.550470732
v -79.554980982 175.461515829 316.759012782
v -78.583481355 173.720786234 318.939999196
v -77.333501384 171.892362214 321.096367264
v -75.770453205 169.983831231 323.231171656
v -73.859609122 168.000852515 325.347358203
v -68.786835174 185.276704066 269.459798719
v -70.446607249 185.964878596 272.488912344
v -71.810680746 186.555992510 275.444051448
v -72.908101296 187.043206626 278.331934081
v -73.768022126 187.417969879 281.160287318
v -74.419704437 187.670558121 283.937161830
v -74.892514267 187.790546901 286.670348221
v -75.215915885 187.767231517 289.366904324
v -75.419462077 187.590003195 292.032794051
v -75.532782164 187.248685810 294.672631506
v -75.585568890 186.733834056 297.289518869
v -75.607565316 186.036991527 299.884962972
v -75.618596744 185.153401903 302.457967371
v -75.598690138 184.089425504 305.003420508
v -75.517938175 182.854639597 307.516545611
v -75.346464406 181.459125162 309.993981546
v -75.054430499 179.913266069 312.433687655
v -74.612037260 178.227519919 314.834812175
v -73.989516988 176.412161405 317.197522866
v -73.157115050 174.476997591 319.522806795
v -72.085058979 172.431053370 321.812257164
v -70.743513828 170.282224847 324.067878665
v -69.102522993 168.036899162 326.291959320
v -64.041959144 185.892004369 267.089050549
v -65.429451952 186.801719000 270.190698208
v -66.570108864 187.586020461 273.242051824
v -67.488245644 188.237954007 276.247213107
v -68.208239774 188.749344505 279.210893350
v -68.754534320 189.111220976 282.137945613
v -69.151639032 189.314204573 285.032960951
v -69.424129120 189.348864410 287.899935510
v -69.596642157 189.206043369 290.742010262
v -69.693873678 188.877153790 293.561280973
v -69.740572084 188.354441045 296.358672759
v -69.761533420 187.631211874 299.133871230
v -69.773283695 186.703968108 301.884600157
v -69.759124319 185.578195624 304.605332891
v -69.694050138 184.262205372 307.290792791
v -69.553065424 182.765004106 309.936815746
v -69.311188530 181.096115153 312.540294655
v -68.943452382 179.265371405 315.099104871
v -68.424898976 177.282683392 317.612009541
v -67.730566282 175.157785120 320.078548717
v -66.835466303 172.899960282 322.498922694
v -65.714553427 170.517751828 324.873888297
v -64.342682656 168.018658962 327.204696768
v -59.305748784 186.386527486 264.820190510
v -60.421890506 187.510814593 267.992627354
v -61.339851095 188.483305838 271.137104855
v -62.079205928 189.296625592 274.255238012
v -62.659554381 189.942690307 277.348934100
v -63.100526033 190.413034170 280.420096184
v -63.421785215 190.699116674 283.470363006
v -63.643034326 190.792611665 286.500889858
v -63.784016259 190.685676503 289.512172593
v -63.864516197 190.371198921 292.503914803
v -63.904362948 189.843018270 295.474936533
v -63.923429919 189.096117354 298.423121386
v -63.934962545 188.128199819 301.344894019
v -63.925540344 186.943926323 304.234320857
v -63.875065223 185.550416945 307.085678911
v -63.763433220 183.955685281 309.894089240
v -63.570536888 182.168488727 312.655488370
v -63.276265344 180.198152324 315.366591907
v -62.860500699 178.054369688 318.024849476
v -62.303109783 175.746985080 320.628392727
v -61.583930322 173.285761222 323.175981688
v -60.682751002 170.680138187 325.666959208
v -59.579285209 167.938989740 328.101228653
v -54.578117100 186.751516163 262.661737922
v -55.423966909 188.079862406 265.905303710
v -56.120079562 189.232251619 269.141822536
v -56.681268827 190.200691245 272.370497995
v -57.122345972 190.976975694 275.590603554
v -57.458126940 191.552930906 278.801313564
v -57.703439116 191.920650600 282.001551398
v -57.873127885 192.072721922 285.189857587
v -57.982063045 192.002437924 288.364280101
v -58.045144983 191.703993801 291.522288252
v -58.077310460 191.172663384 294.660710981
v -58.093537721 190.404952076 297.775699518
v -58.103813251 189.399663956 300.862397757
v -58.098001058 188.160724723 303.914434315
v -58.060918655 186.694196627 306.925630754
v -57.977369740 185.007230049 309.890415983
v -57.832144625 183.107947167 312.803815150
v -57.610019769 181.005300678 315.661437131
v -57.295755669 178.708910776 318.459459833
v -56.874092437 176.228884406 321.194613648
v -56.329742526 173.575621626 323.864164990
v -55.647380282 170.759614678 326.465903909
v -54.811628178 167.791246244 328.998142308
v -49.858918150 186.978575568 260.620540663
v -50.435666057 188.496974398 263.937464203
v -50.910913008 189.817702863 267.266841654
v -51.294677420 190.932067789 270.605486288
v -51.596962826 191.831602676 273.950159407
v -51.827764890 192.508250881 277.297489682
v -51.997078998 192.954543957 280.643897095
v -52.114908335 193.163772921 283.985523280
v -52.191272192 193.130150110 287.318170322
v -52.236214159 192.848958940 290.637250190
v -52.259809768 192.316688478 293.937746811
v -52.272173159 191.531149481 297.214192411
v -52.280056787 190.492102167 300.460502922
v -52.276618430 189.202870054 303.669798008
v -52.251603580 187.668649113 306.835369324
v -52.194744487 185.895905295 309.950906206
v -52.095758799 183.892290949 313.010496097
v -51.944348295 181.666537486 316.008626652
v -51.730197380 179.228326552 318.940188663
v -51.442971007 176.588142844 321.800479315
v -51.072311758 173.757112539 324.585205750
v -50.607835873 170.746832047 327.290489740
v -50.039128152 167.569192411 329.912875163
v -45.147923307 187.059653945 258.701902862
v -45.456877112 188.750665923 262.096118699
v -45.712368210 190.224945780 265.520967275
v -45.919573155 191.473129786 268.970840337
v -46.083657621 192.486428673 272.440054947
v -46.209782723 193.256770888 275.922828483
v -46.303112144 193.776940607 279.413250963
v -46.368819729 194.040709130 282.905255995
v -46.412097120 194.042958090 286.392592295
v -46.438160956 193.779792545 289.868798084
v -46.452259194 193.248641574 293.327180791
v -46.459676158 192.448343611 296.760804236
v -46.463958192 191.379430595 300.162440494
v -46.461568624 190.044801278 303.524587776
v -46.447196640 188.449036975 306.839865749
v -46.415528410 186.598147375 310.101102857
v -46.361243971 184.499514108 313.301346091
v -46.279014591 182.161811075 316.433873769
v -46.163500635 179.594902795 319.492210338
v -46.009349850 176.809722790 322.470142205
v -45.811195987 173.818134849 325.361733700
v -45.563657700 170.632780593 328.161342541
v -45.261337610 167.266917302 330.863634447
v -40.444799797 186.987008511 256.909719423
v -40.487355731 188.829826887 260.386695673
v -40.524305384 190.439687441 263.911320638
v -40.555926349 191.806699923 267.475484580
v -40.582507010 192.921768208 271.071071251
v -40.604352310 193.776716944 274.689963823
v -40.621789324 194.364411133 278.324045060
v -40.635172278 194.678867630 281.965192677
v -40.644886614 194.715357440 285.605271468
v -40.651351834 194.470497404 289.236124165
v -40.655022888 193.942329463 292.849563192
v -40.656390074 193.130385423 296.437365344
v -40.655823116 192.035747668 299.991271066
v -40.653103806 190.661114811 303.503002174
v -40.647882703 189.010767287 306.964294707
v -40.639828439 187.090537210 310.366917845
v -40.628622838 184.907767878 313.702694723
v -40.613956195 182.471249774 316.963527514
v -40.595522933 179.791133746 320.141425632
v -40.573017783 176.878822879 323.228535879
v -40.546132591 173.746845217 326.217173395
v -40.514553757 170.408710065 329.099852422
v -40.477960319 166.878751063 331.869316102
v -35.749093801 186.753159154 255.246617068
v -35.526688548 188.723676723 258.813195660
v -35.346371706 190.448014990 262.443495682
v -35.203459441 191.916015078 266.126781693
v -35.093318369 193.118367788 269.852456376
v -35.011370933 194.046749105 273.610081739
v -34.953098289 194.693947726 277.389394999
v -34.914040572 195.053982243 281.180319258
v -34.889794540 195.122205973 284.972969463
v -34.876008794 194.895397705 288.757654615
v -34.868376861 194.371836785 292.524877531
v -34.862628614 193.551361024 296.265333749
v -34.855985138 192.435348345 299.969869028
v -34.851558078 191.026571756 303.629230051
v -34.853976395 189.329389192 307.233986078
v -34.867920583 187.349786088 310.774568708
v -34.898116321 185.095333441 314.241309494
v -34.949326951 182.575121181 317.624484645
v -35.026345115 179.799668367 320.914365686
v -35.133983829 176.780812482 324.101274960
v -35.277067299 173.531580808 327.175644933
v -35.460421687 170.066047285 330.128080352
v -35.688866061 166.399178620 332.949422405
v -31.060220340 186.350832559 253.714101111
v -30.574264129 188.421704780 257.378353617
v -30.177949196 190.236333827 261.121727484
v -29.860144217 191.784722636 264.930690465
v -29.611255185 193.057735890 268.792064847
v -29.423850848 194.046740927 272.693065116
v -29.288503943 194.744178612 276.621276566
v -29.195873393 195.143751274 280.564699087
v -29.136695085 195.240541449 284.511775368
v -29.101770363 195.031111570 288.451408275
v -29.081952284 194.513583649 292.372968951
v -29.068129957 193.687698505 296.266297920
v -29.054325550 192.554867541 300.121508414
v -29.047054725 191.118234365 303.928118239
v -29.056036934 189.382637598 307.675153197
v -29.091085281 187.354567681 311.351320233
v -29.162099641 185.042109391 314.945076541
v -29.279058130 182.454859728 318.444716329
v -29.452007827 179.603823952 321.838476025
v -29.691055750 176.501293191 325.114659194
v -30.004182392 173.160781028 328.261865545
v -30.401370010 169.596309864 331.268664139
v -30.894105507 165.822749828 334.123977443
v -26.338724029 185.803307451 252.306818938
v -25.580355729 187.959210478 256.076874350
v -24.960235144 189.851993888 259.941930249
v -24.463727416 191.471121212 263.885401768
v -24.076330654 192.806751570 267.891219586
v -23.783660609 193.849939047 271.943924959
v -23.571437269 194.592817958 276.028744068
v -23.425472944 195.028768837 280.131644744
v -23.331660943 195.152561582 284.239377279
v -23.275963753 194.960473657 288.339500416
v -23.244399782 194.450382532 292.420393861
v -23.223028091 193.621832527 296.471259380
v -23.202677972 192.476199778 300.481642979
v -23.193213612 191.017076206 304.439525818
v -23.209356621 189.249881301 308.331909222
v -23.265943971 187.181687184 312.145239574
v -23.377920550 184.821137585 315.865513116
v -23.560330625 182.178341352 319.478408277
v -23.828309584 179.264745122 322.969448204
v -24.197077486 176.092990437 326.324197885
v -24.681935932 172.676761086 329.528502541
v -25.298269769 169.030626772 332.568776745
v -26.061555052 165.169889566 335.432357062
v -21.603808720 185.180301130 251.012491013
v -20.577185967 187.407666178 254.898009016
v -19.736776490 189.365717604 258.894188505
v -19.063116190 191.043997201 262.980945673
v -18.536889328 192.432559725 267.139105030
v -18.138896077 193.522216611 271.350497135
v -17.850029392 194.304762162 275.598026490
v -17.651259661 194.773176520 279.865719341
v -17.523624732 194.921801259 284.138756717
v -17.448222594 194.746484917 288.403495097
v -17.406204175 194.244697135 292.647475549
v -17.378764290 193.415611449 296.859421950
v -17.353508408 192.260448946 301.028410130
v -17.343615179 190.783358540 305.140698676
v -17.368761432 188.990490690 309.181004638
v -17.448747105 186.889625065 313.133250613
v -17.603488324 184.490059399 316.980701936
v -17.853011409 181.802471418 320.706137478
v -18.217449678 178.838760233 324.292058523
v -18.717044880 175.611874523 327.720944608
v -19.372155011 172.135635558 330.975571182
v -20.203270146 168.424563922 334.039411438
v -21.231037955 164.493719649 336.897153878
v -16.866950654 184.493833529 249.832088193
v -15.571231397 186.778035988 253.841317504
v -14.509747959 188.788342924 257.975599641
v -13.658297323 190.514512753 262.211167428
v -12.992821741 191.946580853 266.525736164
v -12.489355704 193.075150496 270.898553771
v -12.123992983 193.891662831 275.310411533
v -11.872869897 194.388640970 279.743638270
v -11.712160060 194.559903964 284.182090756
v -11.618075706 194.400747188 288.611145381
v -11.566871168 193.908086714 293.017690808
v -11.534844949 193.080566743 297.390118648
v -11.506348124 191.919138883 301.717105159
v -11.497839893 190.428585577 305.983102697
v -11.533904128 188.615898575 310.170452306
v -11.639239315 186.489655476 314.260487784
v -11.838653029 184.059874795 318.233692145
v -12.157061352 181.337841977 322.069885376
v -12.619495725 178.335913992 325.748449374
v -13.251119199 175.067311387 329.248605084
v -14.077253436 171.545908106 332.549769129
v -15.123417255 167.786031201 335.632033156
v -16.415377538 163.802284784 338.476828521
v -12.128436440 183.753311737 248.769118339
v -10.562712047 186.080408770 252.908826201
v -9.279299172 188.130524645 257.185800018
v -8.249346574 189.893763533 261.572500446
v -7.444125068 191.360228614 266.043679581
v -6.834952468 192.520360321 270.576307971
v -6.393152011 193.365250435 275.149453547
v -6.090036757 193.886929109 279.744157313
v -5.896912097 194.078621049 284.343330951
v -5.785089065 193.934966537 288.931685490
v -5.725902068 193.452203341 293.495688503
v -5.690725904 192.628306892 298.023540263
v -5.660629911 191.463852921 302.503569988
v -5.655323232 189.964303624 306.918448362
v -5.704250921 188.137563352 311.248224284
v -5.836945591 185.993061867 315.471785058
v -6.083023301 183.541574871 319.567007897
v -6.472190829 180.795013117 323.510927224
v -7.034267867 177.766187929 327.279924805
v -7.799226346 174.468562428 330.849965878
v -8.797247297 170.916000142 334.196926620
v -10.058793863 167.122526202 337.297086776
v -11.614698318 163.102121089 340.127896453
v -7.388547729 182.967857569 247.828988797
v -5.551866607 185.324649051 252.104649476
v -4.045622615 187.402761125 256.526633563
v -2.836403718 189.192758556 261.063634093
v -1.890876211 190.684895719 265.687737758
v -1.175688178 191.869500774 270.374126298
v -0.657421393 192.737332707 275.100723720
v -0.302579359 193.279911436 279.847867508
v -0.077600130 193.489818066 284.598047292
v 0.051115846 193.360960272 289.335725761
v 0.117171064 192.888797143 294.047235249
v 0.154136022 192.070518841 298.720729731
v 0.184245543 190.906230398 303.344233141
v 0.184565596 189.402092701 307.898772566
v 0.120830575 187.566957069 312.362371208
v -0.041265308 185.411124063 316.711828258
v -0.336063970 182.946131249 320.922828733
v -0.797959712 180.184507832 324.970035484
v -1.461441314 177.139502810 328.827171408
v -2.361163115 173.824794609 332.467126388
v -3.532044614 170.254193182 335.862159314
v -5.009393841 166.441351251 338.984311564
v -6.829046441 162.399510108 341.806205086
v -2.647553171 182.146286923 247.018724559
v -0.538941594 184.520376428 251.434683607
v 1.191061310 186.615375063 256.001834773
v 2.580346873 188.422403303 260.685199175
v 3.666791044 189.931940183 265.454649381
v 4.488370397 191.134251719 270.284254555
v 5.083214521 192.019789179 275.151569904
v 5.489612452 192.579561190 280.036995579
v 5.745987784 192.805478119 284.923273765
v 5.890854462 192.690663264 289.795145898
v 5.962763021 192.229723776 294.639156995
v 6.000245240 191.418974576 299.443571031
v 6.028857180 190.257970540 304.196143642
v 6.022458555 188.753566589 308.876514166
v 5.941996937 186.915561593 313.461135129
v 5.748448201 184.755111871 317.925299950
v 5.402823404 182.284489743 322.243160844
v 4.866144340 179.516809070 326.387671561
v 4.099378894 176.465722042 330.330464584
v 3.063330566 173.145091634 334.041713286
v 1.718482265 169.568646804 337.490083728
v 0.024802640 165.749634889 340.642949300
v -2.058468200 161.700499546 343.467125672
v 2.094294708 181.297097432 246.346700373
v 4.475813977 183.676953069 250.906315248
v 6.430513375 185.778501145 255.616726544
v 8.000689820 187.593487623 260.439468002
v 9.228703701 189.112673786 265.342803210
v 10.157111674 190.326307994 270.300555216
v 10.828721997 191.224563414 275.290885503
v 11.286594874 191.797950119 280.295210381
v 11.574004934 192.037701817 285.297356771
v 11.734379430 191.936132046 290.282988177
v 11.811223462 191.486951811 295.239278307
v 11.848041638 190.685540280 300.154774355
v 11.873723768 189.530841622 305.017000621
v 11.858936153 188.030380323 309.804585385
v 11.759866432 186.194873390 314.493058710
v 11.532819824 184.036287214 319.057021170
v 11.134232916 181.567571338 323.470005079
v 10.520643750 178.802362378 327.704173449
v 9.648604635 175.754659332 331.729869168
v 8.474527385 172.438469129 335.515087559
v 6.954458014 168.867421551 339.025023693
v 5.043790538 165.054359747 342.221942179
v 2.696946793 161.010931244 345.065733787
v 6.836758801 180.428464107 245.822384237
v 9.492149395 182.803479277 250.528141708
v 11.672479471 184.902080936 255.377930094
v 13.424386795 186.716679265 260.330066432
v 14.794661812 188.238354091 265.351963287
v 15.830394870 189.457370490 270.418254975
v 16.579035108 190.363654439 275.508886661
v 17.088386417 190.947241853 280.607435334
v 17.406558297 191.198704101 285.699806989
v 17.581885948 191.109546036 290.773351603
v 17.662832398 190.672568534 295.816360424
v 17.697884033 189.882186129 300.817858507
v 17.719274141 188.736693569 305.765179423
v 17.694484727 187.244244070 310.636439883
v 17.574965575 185.416417116 315.407092038
v 17.312392992 183.265916392 320.052092094
v 16.858694828 180.806283174 324.545525122
v 16.166018917 178.051587135 328.859944071
v 15.186625877 175.016093011 332.965440337
v 13.872689297 171.713895176 336.828550643
v 12.175993335 168.158507315 340.411214605
v 10.047533600 164.362397224 343.670127526
v 7.437055019 160.336477318 346.556985811
v 11.579613749 179.548242507 245.456090360
v 14.509809363 181.908796866 250.309701043
v 16.916690024 183.995865124 255.293085011
v 18.851179443 185.802523640 260.361696155
v 20.364445517 187.320180993 265.483004116
v 21.490346120 188.540003686 270.634049830
v 22.288796960 189.443592436 275.802239160
v 22.832388051 190.024196778 280.972378111
v 23.172203916 190.276620399 286.130897924
v 23.359544822 190.193269407 291.266387512
v 23.445860942 189.765844763 296.368605116
v 23.482737417 188.986652154 301.427867610
v 23.504552532 187.852375169 306.432017123
v 23.476205661 186.372905948 311.358261142
v 23.344881159 184.562063570 316.181561863
v 23.057323538 182.433769127 320.877659150
v 22.559791944 180.000805475 325.423443775
v 21.798015885 177.273346736 329.797381152
v 20.713780060 174.259789338 333.977428617
v 19.258058706 170.980316796 337.923553763
v 17.383196206 167.449856002 341.593009235
v 15.035986537 163.680547028 344.936432771
v 12.161679003 159.682683042 347.895895088
v 16.322639926 178.663979003 245.258740051
v 19.528527892 181.001500203 250.261210526
v 22.124094988 183.066002257 255.371636547
v 24.174054420 184.805699447 260.562619898
v 25.778742758 186.230702207 265.799963517
v 26.992509088 187.357097056 271.055493373
v 27.870578848 188.189655328 276.310223437
v 28.468813865 188.724881162 281.550938942
v 28.843494161 188.953743339 286.767833434
v 29.051147239 188.864045793 291.952923306
v 29.148434808 188.442404239 297.099029377
v 29.192100025 187.675802245 302.199170527
v 29.219926094 186.557375038 307.242680377
v 29.193488264 185.100611795 312.204706724
v 29.055024050 183.324331061 317.057618925
v 28.746387624 181.246814022 321.774932570
v 28.208989364 178.884338886 326.331635133
v 27.383725870 176.249468828 330.704541209
v 26.210898216 173.349195514 334.872690443
v 24.630124130 170.183059168 338.817850042
v 22.580257047 166.741404396 342.525246485
v 20.009143005 163.015577591 345.970071460
v 16.870656972 159.055012692 349.037708251
v 21.062505629 177.783316360 245.241397135
v 24.441656553 180.024503683 250.411171916
v 27.221203931 181.896639038 255.695742023
v 29.457135807 183.454443802 261.034505905
v 31.207194469 184.731337617 266.389335007
v 32.530589249 185.743603380 271.736836909
v 33.487625692 186.494307318 277.062874921
v 34.139366336 186.976843367 282.358788979
v 34.547353544 187.178051286 287.618866457
v 34.773398122 187.080896137 292.838709393
v 34.879432168 186.666705197 298.014232332
v 34.927424875 185.916954682 303.141098097
v 34.958628482 184.821099974 308.210080381
v 34.931316194 183.396254695 313.194464930
v 34.782803277 181.666280526 318.064305606
v 34.450099279 179.653853713 322.791164472
v 33.869837258 177.378805711 327.348357783
v 32.978179614 174.856205577 331.711207424
v 31.710695135 172.094264664 335.857323210
v 30.002213412 169.092158399 339.766996380
v 27.786676792 165.837904145 343.423855592
v 24.997020441 162.306524681 346.816031361
v 21.565107630 158.458873730 349.938199651
v 25.676776233 176.787263976 245.443665045
v 29.338840405 178.761120592 250.826441920
v 32.351086943 180.396657878 256.282156538
v 34.773732720 181.753897786 261.754318229
v 36.669287103 182.868203568 267.210386735
v 38.101995653 183.755365135 272.632898240
v 39.137335510 184.416223653 278.013340644
v 39.841611222 184.840720464 283.348068059
v 40.281643529 185.011370676 288.635674866
v 40.524535149 184.906204745 293.875382022
v 40.637502347 184.501219868 299.066106411
v 40.687767143 183.772363708 304.205980117
v 40.720084241 182.705380125 309.287093494
v 40.689433839 181.320911890 314.281150210
v 40.528219128 179.647744678 319.156274155
v 40.168632704 177.712846698 323.882434607
v 39.542584714 175.539557923 328.431574687
v 38.581592426 173.145515883 332.777717006
v 37.216618542 170.540364144 336.897090638
v 35.377859468 167.723294358 340.768383979
v 32.994507135 164.680519731 344.373304498
v 29.994532541 161.382892558 347.697731347
v 26.304549487 157.784076724 350.733896267
v 30.318687393 175.544311862 245.898342552
v 34.265353167 177.227797584 251.483020461
v 37.511045005 178.609253699 257.094110018
v 40.120603065 179.752898546 262.681297036
v 42.161519911 180.694986535 268.219245799
v 43.703180413 181.449976535 273.697553713
v 44.816271797 182.015918800 279.114030487
v 45.572344719 182.378997785 284.470388564
v 46.043486293 182.517310941 289.769609450
v 46.302074970 182.404005524 295.014429591
v 46.420599635 182.009878833 300.206545632
v 46.471535006 181.305507177 305.346263009
v 46.503146980 180.273006628 310.426793199
v 46.467115745 178.936343174 315.418623236
v 46.290924002 177.328955933 320.288446423
v 45.901951571 175.481874999 325.005098448
v 45.227414256 173.421810741 329.539524081
v 44.194250509 171.168982671 333.864686466
v 42.728931693 168.734687134 337.955490277
v 40.757185042 166.118592483 341.788857160
v 38.203647766 163.305794179 345.344171221
v 34.991514064 160.263799320 348.604420749
v 31.042273764 156.939868926 351.558529269
v 34.986365275 174.085262746 246.577636796
v 39.218417660 175.462044182 252.347644986
v 42.697789731 176.578402969 258.093571160
v 45.494224498 177.501284966 263.773516287
v 47.680320868 178.266540770 269.371013103
v 49.330644252 178.886324048 274.883816948
v 50.521093985 179.355284540 280.316666009
v 51.328451507 179.655580042 285.676851389
v 51.830048237 179.760894716 290.971681378
v 52.103515250 179.639687413 296.207160372
v 52.226594209 179.257857607 301.387403810
v 52.277000288 178.580950859 306.514467392
v 52.306504358 177.587663686 311.582412656
v 52.263465882 176.304978463 316.560960336
v 52.070421643 174.770576164 321.415988286
v 51.649920131 173.019203208 326.115761195
v 50.924483083 171.080720597 330.630685520
v 49.816505427 168.977904195 334.932962633
v 48.248055375 166.723936766 338.996248258
v 46.140544488 164.319501155 342.795503547
v 43.414268758 161.749416823 346.307305526
v 39.987883443 158.978914031 349.510989038
v 35.777950589 155.949961901 352.391162334
v 39.677348144 172.440965601 247.452618523
v 44.195083254 173.501642297 253.385898141
v 47.908178964 174.348516627 259.241417213
v 50.891441026 175.049462636 264.988060951
v 53.222618636 175.638405549 270.619920854
v 54.981453115 176.124086894 276.143961708
v 56.249035510 176.497098756 281.572362350
v 57.107355424 176.735329765 286.918086608
v 57.638967823 176.808144277 292.192565905
v 57.926737880 176.679643570 297.404676877
v 58.053643856 176.311298443 302.560449164
v 58.102628930 175.664146786 307.663132790
v 58.128957405 174.713801597 312.707287906
v 58.077638135 173.489859518 317.662401226
v 57.866224277 172.033697601 322.494264656
v 57.412397036 170.383326266 327.171238889
v 56.633959723 168.571466602 331.663742003
v 55.448766799 166.623397860 335.943578381
v 53.774535528 164.554445694 339.983262145
v 51.528486278 162.366926055 343.755582637
v 48.626782173 160.046374404 347.233749196
v 44.983811160 157.557045736 350.392548599
v 40.511474630 154.837048456 353.211103066
v 44.389140496 170.642165823 248.493358664
v 49.192687476 171.384385597 254.562399337
v 53.139584178 171.964112589 260.497637069
v 56.309756280 172.448038946 266.281215663
v 58.786085645 172.866421440 271.919492889
v 60.653451958 173.223347355 277.429647138
v 61.998104112 173.504640636 282.831715826
v 62.907216838 173.683698321 288.144303766
v 63.468555477 173.725739988 293.382618090
v 63.770212100 173.590969040 298.557861906
v 63.897221363 173.238490200 303.677467851
v 63.943548332 172.622827212 308.745013070
v 63.966357615 171.717821216 313.755075086
v 63.908989112 170.554571832 318.677289887
v 63.677971180 169.179834740 323.478785523
v 63.189313104 167.633013856 328.128511851
v 62.356058577 165.949336367 332.597539140
v 61.091497719 164.156514985 336.857711909
v 59.309011411 162.272309190 340.880552794
v 56.921711470 160.301376013 344.636465019
v 53.841807726 158.231109353 348.094664237
v 49.979700875 156.026314630 351.224361334
v 45.242958233 153.622981447 353.997839820
v 49.119522037 168.719350265 249.669105401
v 54.209072457 169.147877127 255.840999981
v 58.390035398 169.469590361 261.821518649
v 61.747431697 169.747586201 267.608631500
v 64.345196764 170.014795691 273.222232487
v 66.255074502 170.224249329 278.721270513
v 67.634039149 170.350781577 284.113900788
v 68.567127240 170.404079123 289.399702031
v 69.142378717 170.364660502 294.592196163
v 69.449472666 170.194030966 299.708233965
v 69.578893424 169.842837986 304.762110157
v 69.621390970 169.257221676 309.762779076
v 69.637505325 168.401859883 314.707155281
v 69.567251363 167.315941948 319.566962792
v 69.320972195 166.053557219 324.313280308
v 68.809865646 164.660796759 328.921832733
v 67.946532544 163.170541997 333.369488594
v 66.645749450 161.596434766 337.628023900
v 64.825424268 159.926277632 341.654228496
v 62.321031212 158.163119985 345.405581938
v 59.060132897 156.337685057 348.861270146
v 54.976165221 154.414326146 351.981769697
v 49.972723765 152.328954455 354.730978988
v 53.866692354 166.702645617 250.948455916
v 59.242661380 166.829417522 257.184954179
v 63.658254490 166.909118313 263.171805441
v 67.081396740 166.947171864 268.991719961
v 69.768398919 166.850789826 274.701470829
v 71.800571215 166.721272818 280.241411290
v 73.265386011 166.600785096 285.606763385
v 74.254680912 166.488056262 290.819438469
v 74.862688498 166.351792999 295.910513566
v 75.184932719 166.141215251 300.910028197
v 75.317564097 165.794324967 305.841501106
v 75.356930625 165.244358750 310.719422846
v 75.367297386 164.447223523 315.543045449
v 75.284902802 163.449834247 320.286545639
v 75.014374523 162.317230659 324.926444333
v 74.461086732 161.105172335 329.446952202
v 73.531677430 159.854724943 333.836273729
v 72.134848203 158.585938166 338.080139783
v 70.182548659 157.290664184 342.151502058
v 67.591548138 155.924672815 345.994999926
v 64.282668912 154.399958516 349.504791134
v 59.973994885 152.748347645 352.640133811
v 54.701292379 150.975682718 355.390183219
f 2 25 24 1
f 3 26 25 2
f 4 27 26 3
f 5 28 27 4
f 6 29 28 5
f 7 30 29 6
f 8 31 30 7
f 9 32 31 8
f 10 33 32 9
f 11 34 33 10
f 12 35 34 11
f 13 36 35 12
f 14 37 36 13
f 15 38 37 14
f 16 39 38 15
f 17 40 39 16
f 18 41 40 17
f 19 42 41 18
f 20 43 42 19
f 21 44 43 20
f 22 45 44 21
f 23 46 45 22
f 25 48 47 24
f 26 49 48 25
f 27 50 49 26
f 28 51 50 27
f 29 52 51 28
f 30 53 52 29
f 31 54 53 30
f 32 55 54 31
f 33 56 55 32
f 34 57 56 33
f 35 58 57 34
f 36 59 58 35
f 37 60 59 36
f 38 61 60 37
f 39 62 61 38
f 40 63 62 39
f 41 64 63 40
f 42 65 64 41
f 43 66 65 42
f 44 67 66 43
f 45 68 67 44
f 46 69 68 45
f 48 71 70 47
f 49 72 71 48
f 50 73 72 49
f 51 74 73 50
f 52 75 74 51
f 53 76 75 52
f 54 77 76 53
f 55 78 77 54
f 56 79 78 55
f 57 80 79 56
f 58 81 80 57
f 59 82 81 58
f 60 83 82 59
f 61 84 83 60
f 62 85 84 61
f 63 86 85 62
f 64 87 86 63
f 65 88 87 64
f 66 89 88 65
f 67 90 89 66
f 68 91 90 67
f 69 92 91 68
f 71 94 93 70
f 72 95 94 71
f 73 96 95 72
f 74 97 96 73
f 75 98 97 74
f 76 99 98 75
f 77 100 99 76
f 78 101 100 77
f 79 102 101 78
f 80 103 102 79
f 81 104 103 80
f 82 105 104 81
f 83 106 105 82
f 84 107 106 83
f 85 108 107 84
f 86 109 108 85
f 87 110 109 86
f 88 111 110 87
f 89 112 111 88
f 90 113 112 89
f 91 114 113 90
f 92 115 114 91
f 94 117 116 93
f 95 118 117 94
f 96 119 118 95
f 97 120 119 96
f 98 121 120 97
f 99 122 121 98
f 100 123 122 99
f 101 124 123 100
f 102 125 124 101
f 103 126 125 102
f 104 127 126 103
f 105 128 127 104
f 106 129 128 105
f 107 130 129 106
f 108 131 130 107
f 109 132 131 108
f 110 133 132 109
f 111 134 133 110
f 112 135 134 111
f 113 136 135 112
f 114 137 136 113
f 115 138 137 114
f 117 140 139 116
f 118 141 140 117
f 119 142 141 118
f 120 143 142 119
f 121 144 143 120
f 122 145 144 121
f 123 146 145 122
f 124 147 146 123
f 125 148 147 124
f 126 149 148 125
f 127 150 149 126
f 128 151 150 127
f 129 152 151 128
f 130 153 152 129
f 131 154 153 130
f 132 155 154 131
f 133 156 155 132
f 134 157 156 133
f 135 158 157 134
f 136 159 158 135
f 137 160 159 136
f 138 161 160 137
f 140 163 162 139
f 141 164 163 140
f 142 165 164 141
f 143 166 165 142
f 144 167 166 143
f 145 168 167 144
f 146 169 168 145
f 147 170 169 146
f 148 171 170 147
f 149 172 171 148
f 150 173 172 149
f 151 174 173 150
f 152 175 174 151
f 153 176 175 152
f 154 177 176 153
f 155 178 177 154
f 156 179 178 155
f 157 180 179 156
f 158 181 180 157
f 159 182 181 158
f 160 183 182 159
f 161 184 183 160
f 163 186 185 162
f 164 187 186 163
f 165 188 187 164
f 166 189 188 165
f 167 190 189 166
f 168 191 190 167
f 169 192 191 168
f 170 193 192 169
f 171 194 193 170
f 172 195 194 171
f 173 196 195 172
f 174 197 196 173
f 175 198 197 174
f 176 199 198 175
f 177 200 199 176
f 178 201 200 177
f 179 202 201 178
f 180 203 202 179
f 181 204 203 180
f 182 205 204 181
f 183 206 205 182
f 184 207 206 183
f 186 209 208 185
f 187 210 209 186
f 188 211 210 187
f 189 212 211 188
f 190 213 212 189
f 191 214 213 190
f 192 215 214 191
f 193 216 215 192
f 194 217 216 193
f 195 218 217 194
f 196 219 218 195
f 197 220 219 196
f 198 221 220 197
f 199 222 221 198
f 200 223 222 199
f 201 224 223 200
f 202 225 224 201
f 203 226 225 202
f 204 227 226 203
f 205 228 227 204
f 206 229 228 205
f 207 230 229 206
f 209 232 231 208
f 210 233 232 209
f 211 234 233 210
f 212 235 234 211
f 213 236 235 212
f 214 237 236 213
f 215 238 237 214
f 216 239 238 215
f 217 240 239 216
f 218 241 240 217
f 219 242 241 218
f 220 243 242 219
f 221 244 243 220
f 222 245 244 221
f 223 246 245 222
f 224 247 246 223
f 225 248 247 224
f 226 249 248 225
f 227 250 249 226
f 228 251 250 227
f 229 252 251 228
f 230 253 252 229
f 232 255 254 231
f 233 256 255 232
f 234 257 256 233
f 235 258 257 234
f 236 259 258 235
f 237 260 259 236
f 238 261 260 237
f 239 262 261 238
f 240 263 262 239
f 241 264 263 240
f 242 265 264 241
f 243 266 265 242
f 244 267 266 243
f 245 268 267 244
f 246 269 268 245
f 247 270 269 246
f 248 271 270 247
f 249 272 271 248
f 250 273 272 249
f 251 274 273 250
f 252 275 274 251
f 253 276 275 252
f 255 278 277 254
f 256 279 278 255
f 257 280 279 256
f 258 281 280 257
f 259 282 281 258
f 260 283 282 259
f 261 284 283 260
f 262 285 284 261
f 263 286 285 262
f 264 287 286 263
f 265 288 287 264
f 266 289 288 265
f 267 290 289 266
f 268 291 290 267
f 269 292 291 268
f 270 293 292 269
f 271 294 293 270
f 272 295 294 271
f 273 296 295 272
f 274 297 296 273
f 275 298 297 274
f 276 299 298 275
f 278 301 300 277
f 279 302 301 278
f 280 303 302 279
f 281 304 303 280
f 282 305 304 281
f 283 306 305 282
f 284 307 306 283
f 285 308 307 284
f 286 309 308 285
f 287 310 309 286
f 288 311 310 287
f 289 312 311 288
f 290 313 312 289
f 291 314 313 290
f 292 315 314 291
f 293 316 315 292
f 294 317 316 293
f 295 318 317 294
f 296 319 318 295
f 297 320 319 296
f 298 321 320 297
f 299 322 321 298
f 301 324 323 300
f 302 325 324 301
f 303 326 325 302
f 304 327 326 303
f 305 328 327 304
f 306 329 328 305
f 307 330 329 306
f 308 331 330 307
f 309 332 331 308
f 310 333 332 309
f 311 334 333 310
f 312 335 334 311
f 313 336 335 312
f 314 337 336 313
f 315 338 337 314
f 316 339 338 315
f 317 340 339 316
f 318 341 340 317
f 319 342 341 318
f 320 343 342 319
f 321 344 343 320
f 322 345 344 321
f 324 347 346 323
f 325 348 347 324
f 326 349 348 325
f 327 350 349 326
f 328 351 350 327
f 329 352 351 328
f 330 353 352 329
f 331 354 353 330
f 332 355 354 331
f 333 356 355 332
f 334 357 356 333
f 335 358 357 334
f 336 359 358 335
f 337 360 359 336
f 338 361 360 337
f 339 362 361 338
f 340 363 362 339
f 341 364 363 340
f 342 365 364 341
f 343 366 365 342
f 344 367 366 343
f 345 368 367 344
f 347 370 369 346
f 348 371 370 347
f 349 372 371 348
f 350 373 372 349
f 351 374 373 350
f 352 375 374 351
f 353 376 375 352
f 354 377 376 353
f 355 378 377 354
f 356 379 378 355
f 357 380 379 356
f 358 381 380 357
f 359 382 381 358
f 360 383 382 359
f 361 384 383 360
f 362 385 384 361
f 363 386 385 362
f 364 387 386 363
f 365 388 387 364
f 366 389 388 365
f 367 390 389 366
f 368 391 390 367
f 370 393 392 369
f 371 394 393 370
f 372 395 394 371
f 373 396 395 372
f 374 397 396 373
f 375 398 397 374
f 376 399 398 375
f 377 400 399 376
f 378 401 400 377
f 379 402 401 378
f 380 403 402 379
f 381 404 403 380
f 382 405 404 381
f 383 406 405 382
f 384 407 406 383
f 385 408 407 384
f 386 409 408 385
f 387 410 409 386
f 388 411 410 387
f 389 412 411 388
f 390 413 412 389
f 391 414 413 390
f 393 416 415 392
f 394 417 416 393
f 395 418 417 394
f 396 419 418 395
f 397 420 419 396
f 398 421 420 397
f 399 422 421 398
f 400 423 422 399
f 401 424 423 400
f 402 425 424 401
f 403 426 425 402
f 404 427 426 403
f 405 428 427 404
f 406 429 428 405
f 407 430 429 406
f 408 431 430 407
f 409 432 431 408
f 410 433 432 409
f 411 434 433 410
f 412 435 434 411
f 413 436 435 412
f 414 437 436 413
f 416 439 438 415
f 417 440 439 416
f 418 441 440 417
f 419 442 441 418
f 420 443 442 419
f 421 444 443 420
f 422 445 444 421
f 423 446 445 422
f 424 447 446 423
f 425 448 447 424
f 426 449 448 425
f 427 450 449 426
f 428 451 450 427
f 429 452 451 428
f 430 453 452 429
f 431 454 453 430
f 432 455 454 431
f 433 456 455 432
f 434 457 456 433
f 435 458 457 434
f 436 459 458 435
f 437 460 459 436
f 439 462 461 438
f 440 463 462 439
f 441 464 463 440
f 442 465 464 441
f 443 466 465 442
f 444 467 466 443
f 445 468 467 444
f 446 469 468 445
f 447 470 469 446
f 448 471 470 447
f 449 472 471 448
f 450 473 472 449
f 451 474 473 450
f 452 475 474 451
f 453 476 475 452
f 454 477 476 453
f 455 478 477 454
f 456 479 478 455
f 457 480 479 456
f 458 481 480 457
f 459 482 481 458
f 460 483 482 459
f 462 485 484 461
f 463 486 485 462
f 464 487 486 463
f 465 488 487 464
f 466 489 488 465
f 467 490 489 466
f 468 491 490 467
f 469 492 491 468
f 470 493 492 469
f 471 494 493 470
f 472 495 494 471
f 473 496 495 472
f 474 497 496 473
f 475 498 497 474
f 476 499 498 475
f 477 500 499 476
f 478 501 500 477
f 479 502 501 478
f 480 503 502 479
f 481 504 503 480
f 482 505 504 481
f 483 506 505 482
f 485 508 507 484
f 486 509 508 485
f 487 510 509 486
f 488 511 510 487
f 489 512 511 488
f 490 513 512 489
f 491 514 513 490
f 492 515 514 491
f 493 516 515 492
f 494 517 516 493
f 495 518 517 494
f 496 519 518 495
f 497 520 519 496
f 498 521 520 497
f 499 522 521 498
f 500 523 522 499
f 501 524 523 500
f 502 525 524 501
f 503 526 525 502
f 504 527 526 503
f 505 528 527 504
f 506 529 528 505
f 508 531 530 507
f 509 532 531 508
f 510 533 532 509
f 511 534 533 510
f 512 535 534 511
f 513 536 535 512
f 514 537 536 513
f 515 538 537 514
f 516 539 538 515
f 517 540 539 516
f 518 541 540 517
f 519 542 541 518
f 520 543 542 519
f 521 544 543 520
f 522 545 544 521
f 523 546 545 522
f 524 547 546 523
f 525 548 547 524
f 526 549 548 525
f 527 550 549 526
f 528 551 550 527
f 529 552 551 528
f 531 554 553 530
f 532 555 554 531
f 533 556 555 532
f 534 557 556 533
f 535 558 557 534
f 536 559 558 535
f 537 560 559 536
f 538 561 560 537
f 539 562 561 538
f 540 563 562 539
f 541 564 563 540
f 542 565 564 541
f 543 566 565 542
f 544 567 566 543
f 545 568 567 544
f 546 569 568 545
f 547 570 569 546
f 548 571 570 547
f 549 572 571 548
f 550 573 572 549
f 551 574 573 550
f 552 575 574 551
f 554 577 576 553
f 555 578 577 554
f 556 579 578 555
f 557 580 579 556
f 558 581 580 557
f 559 582 581 558
f 560 583 582 559
f 561 584 583 560
f 562 585 584 561
f 563 586 585 562
f 564 587 586 563
f 565 588 587 564
f 566 589 588 565
f 567 590 589 566
f 568 591 590 567
f 569 592 591 568
f 570 593 592 569
f 571 594 593 570
f 572 595 594 571
f 573 596 595 572
f 574 597 596 573
f 575 598 597 574
f 577 600 599 576
f 578 601 600 577
f 579 602 601 578
f 580 603 602 579
f 581 604 603 580
f 582 605 604 581
f 583 606 605 582
f 584 607 606 583
f 585 608 607 584
f 586 609 608 585
f 587 610 609 586
f 588 611 610 587
f 589 612 611 588
f 590 613 612 589
f 591 614 613 590
f 592 615 614 591
f 593 616 615 592
f 594 617 616 593
f 595 618 617 594
f 596 619 618 595
f 597 620 619 596
f 598 621 620 597
f 600 623 622 599
f 601 624 623 600
f 602 625 624 601
f 603 626 625 602
f 604 627 626 603
f 605 628 627 604
f 606 629 628 605
f 607 630 629 606
f 608 631 630 607
f 609 632 631 608
f 610 633 632 609
f 611 634 633 610
f 612 635 634 611
f 613 636 635 612
f 614 637 636 613
f 615 638 637 614
f 616 639 638 615
f 617 640 639 616
f 618 641 640 617
f 619 642 641 618
f 620 643 642 619
f 621 644 643 620
f 623 646 645 622
f 624 647 646 623
f 625 648 647 624
f 626 649 648 625
f 627 650 649 626
f 628 651 650 627
f 629 652 651 628
f 630 653 652 629
f 631 654 653 630
f 632 655 654 631
f 633 656 655 632
f 634 657 656 633
f 635 658 657 634
f 636 659 658 635
f 637 660 659 636
f 638 661 660 637
f 639 662 661 638
f 640 663 662 639
f 641 664 663 640
f 642 665 664 641
f 643 666 665 642
f 644 667 666 643
f 646 669 668 645
f 647 670 669 646
f 648 671 670 647
f 649 672 671 648
f 650 673 672 649
f 651 674 673 650
f 652 675 674 651
f 653 676 675 652
f 654 677 676 653
f 655 678 677 654
f 656 679 678 655
f 657 680 679 656
f 658 681 680 657
f 659 682 681 658
f 660 683 682 659
f 661 684 683 660
f 662 685 684 661
f 663 686 685 662
f 664 687 686 663
f 665 688 687 664
f 666 689 688 665
f 667 690 689 666
f 669 692 691 668
f 670 693 692 669
f 671 694 693 670
f 672 695 694 671
f 673 696 695 672
f 674 697 696 673
f 675 698 697 674
f 676 699 698 675
f 677 700 699 676
f 678 701 700 677
f 679 702 701 678
f 680 703 702 679
f 681 704 703 680
f 682 705 704 681
f 683 706 705 682
f 684 707 706 683
f 685 708 707 684
f 686 709 708 685
f 687 710 709 686
f 688 711 710 687
f 689 712 711 688
f 690 713 712 689
f 692 715 714 691
f 693 716 715 692
f 694 717 716 693
f 695 718 717 694
f 696 719 718 695
f 697 720 719 696
f 698 721 720 697
f 699 722 721 698
f 700 723 722 699
f 701 724 723 700
f 702 725 724 701
f 703 726 725 702
f 704 727 726 703
f 705 728 727 704
f 706 729 728 705
f 707 730 729 706
f 708 731 730 707
f 709 732 731 708
f 710 733 732 709
f 711 734 733 710
f 712 735 734 711
f 713 736 735 712
f 715 738 737 714
f 716 739 738 715
f 717 740 739 716
f 718 741 740 717
f 719 742 741 718
f 720 743 742 719
f 721 744 743 720
f 722 745 744 721
f 723 746 745 722
f 724 747 746 723
f 725 748 747 724
f 726 749 748 725
f 727 750 749 726
f 728 751 750 727
f 729 752 751 728
f 730 753 752 729
f 731 754 753 730
f 732 755 754 731
f 733 756 755 732
f 734 757 756 733
f 735 758 757 734
f 736 759 758 735
f 738 761 760 737
f 739 762 761 738
f 740 763 762 739
f 741 764 763 740
f 742 765 764 741
f 743 766 765 742
f 744 767 766 743
f 745 768 767 744
f 746 769 768 745
f 747 770 769 746
f 748 771 770 747
f 749 772 771 748
f 750 773 772 749
f 751 774 773 750
f 752 775 774 751
f 753 776 775 752
f 754 777 776 753
f 755 778 777 754
f 756 779 778 755
f 757 780 779 756
f 758 781 780 757
f 759 782 781 758
f 761 784 783 760
f 762 785 784 761
f 763 786 785 762
f 764 787 786 763
f 765 788 787 764
f 766 789 788 765
f 767 790 789 766
f 768 791 790 767
f 769 792 791 768
f 770 793 792 769
f 771 794 793 770
f 772 795 794 771
f 773 796 795 772
f 774 797 796 773
f 775 798 797 774
f 776 799 798 775
f 777 800 799 776
f 778 801 800 777
f 779 802 801 778
f 780 803 802 779
f 781 804 803 780
f 782 805 804 781
f 784 807 806 783
f 785 808 807 784
f 786 809 808 785
f 787 810 809 786
f 788 811 810 787
f 789 812 811 788
f 790 813 812 789
f 791 814 813 790
f 792 815 814 791
f 793 816 815 792
f 794 817 816 793
f 795 818 817 794
f 796 819 818 795
f 797 820 819 796
f 798 821 820 797
f 799 822 821 798
f 800 823 822 799
f 801 824 823 800
f 802 825 824 801
f 803 826 825 802
f 804 827 826 803
f 805 828 827 804
f 807 830 829 806
f 808 831 830 807
f 809 832 831 808
f 810 833 832 809
f 811 834 833 810
f 812 835 834 811
f 813 836 835 812
f 814 837 836 813
f 815 838 837 814
f 816 839 838 815
f 817 840 839 816
f 818 841 840 817
f 819 842 841 818
f 820 843 842 819
f 821 844 843 820
f 822 845 844 821
f 823 846 845 822
f 824 847 846 823
f 825 848 847 824
f 826 849 848 825
f 827 850 849 826
f 828 851 850 827
f 830 853 852 829
f 831 854 853 830
f 832 855 854 831
f 833 856 855 832
f 834 857 856 833
f 835 858 857 834
f 836 859 858 835
f 837 860 859 836
f 838 861 860 837
f 839 862 861 838
f 840 863 862 839
f 841 864 863 840
f 842 865 864 841
f 843 866 865 842
f 844 867 866 843
f 845 868 867 844
f 846 869 868 845
f 847 870 869 846
f 848 871 870 847
f 849 872 871 848
f 850 873 872 849
f 851 874 873 850
f 853 876 875 852
f 854 877 876 853
f 855 878 877 854
f 856 879 878 855
f 857 880 879 856
f 858 881 880 857
f 859 882 881 858
f 860 883 882 859
f 861 884 883 860
f 862 885 884 861
f 863 886 885 862
f 864 887 886 863
f 865 888 887 864
f 866 889 888 865
f 867 890 889 866
f 868 891 890 867
f 869 892 891 868
f 870 893 892 869
f 871 894 893 870
f 872 895 894 871
f 873 896 895 872
f 874 897 896 873
f 898 921 922 899
f 899 922 923 900
f 900 923 924 901
f 901 924 925 902
f 902 925 926 903
f 903 926 927 904
f 904 927 928 905
f 905 928 929 906
f 906 929 930 907
f 907 930 931 908
f 908 931 932 909
f 909 932 933 910
f 910 933 934 911
f 911 934 935 912
f 912 935 936 913
f 913 936 937 914
f 914 937 938 915
f 915 938 939 916
f 916 939 940 917
f 917 940 941 918
f 918 941 942 919
f 919 942 943 920
f 921 944 945 922
f 922 945 946 923
f 923 946 947 924
f 924 947 948 925
f 925 948 949 926
f 926 949 950 927
f 927 950 951 928
f 928 951 952 929
f 929 952 953 930
f 930 953 954 931
f 931 954 955 932
f 932 955 956 933
f 933 956 957 934
f 934 957 958 935
f 935 958 959 936
f 936 959 960 937
f 937 960 961 938
f 938 961 962 939
f 939 962 963 940
f 940 963 964 941
f 941 964 965 942
f 942 965 966 943
f 944 967 968 945
f 945 968 969 946
f 946 969 970 947
f 947 970 971 948
f 948 971 972 949
f 949 972 973 950
f 950 973 974 951
f 951 974 975 952
f 952 975 976 953
f 953 976 977 954
f 954 977 978 955
f 955 978 979 956
f 956 979 980 957
f 957 980 981 958
f 958 981 982 959
f 959 982 983 960
f 960 983 984 961
f 961 984 985 962
f 962 985 986 963
f 963 986 987 964
f 964 987 988 965
f 965 988 989 966
f 967 990 991 968
f 968 991 992 969
f 969 992 993 970
f 970 993 994 971
f 971 994 995 972
f 972 995 996 973
f 973 996 997 974
f 974 997 998 975
f 975 998 999 976
f 976 999 1000 977
f 977 1000 1001 978
f 978 1001 1002 979
f 979 1002 1003 980
f 980 1003 1004 981
f 981 1004 1005 982
f 982 1005 1006 983
f 983 1006 1007 984
f 984 1007 1008 985
f 985 1008 1009 986
f 986 1009 1010 987
f 987 1010 1011 988
f 988 1011 1012 989
f 990 1013 1014 991
f 991 1014 1015 992
f 992 1015 1016 993
f 993 1016 1017 994
f 994 1017 1018 995
f 995 1018 1019 996
f 996 1019 1020 997
f 997 1020 1021 998
f 998 1021 1022 999
f 999 1022 1023 1000
f 1000 1023 1024 1001
f 1001 1024 1025 1002
f 1002 1025 1026 1003
f 1003 1026 1027 1004
f 1004 1027 1028 1005
f 1005 1028 1029 1006
f 1006 1029 1030 1007
f 1007 1030 1031 1008
f 1008 1031 1032 1009
f 1009 1032 1033 1010
f 1010 1033 1034 1011
f 1011 1034 1035 1012
f 1013 1036 1037 1014
f 1014 1037 1038 1015
f 1015 1038 1039 1016
f 1016 1039 1040 1017
f 1017 1040 1041 1018
f 1018 1041 1042 1019
f 1019 1042 1043 1020
f 1020 1043 1044 1021
f 1021 1044 1045 1022
f 1022 1045 1046 1023
f 1023 1046 1047 1024
f 1024 1047 1048 1025
f 1025 1048 1049 1026
f 1026 1049 1050 1027
f 1027 1050 1051 1028
f 1028 1051 1052 1029
f 1029 1052 1053 1030
f 1030 1053 1054 1031
f 1031 1054 1055 1032
f 1032 1055 1056 1033
f 1033 1056 1057 1034
f 1034 1057 1058 1035
f 1036 1059 1060 1037
f 1037 1060 1061 1038
f 1038 1061 1062 1039
f 1039 1062 1063 1040
f 1040 1063 1064 1041
f 1041 1064 1065 1042
f 1042 1065 1066 1043
f 1043 1066 1067 1044
f 1044 1067 1068 1045
f 1045 1068 1069 1046
f 1046 1069 1070 1047
f 1047 1070 1071 1048
f 1048 1071 1072 1049
f 1049 1072 1073 1050
f 1050 1073 1074 1051
f 1051 1074 1075 1052
f 1052 1075 1076 1053
f 1053 1076 1077 1054
f 1054 1077 1078 1055
f 1055 1078 1079 1056
f 1056 1079 1080 1057
f 1057 1080 1081 1058
f 1059 1082 1083 1060
f 1060 1083 1084 1061
f 1061 1084 1085 1062
f 1062 1085 1086 1063
f 1063 1086 1087 1064
f 1064 1087 1088 1065
f 1065 1088 1089 1066
f 1066 1089 1090 1067
f 1067 1090 1091 1068
f 1068 1091 1092 1069
f 1069 1092 1093 1070
f 1070 1093 1094 1071
f 1071 1094 1095 1072
f 1072 1095 1096 1073
f 1073 1096 1097 1074
f 1074 1097 1098 1075
f 1075 1098 1099 1076
f 1076 1099 1100 1077
f 1077 1100 1101 1078
f 1078 1101 1102 1079
f 1079 1102 1103 1080
f 1080 1103 1104 1081
f 1082 1105 1106 1083
f 1083 1106 1107 1084
f 1084 1107 1108 1085
f 1085 1108 1109 1086
f 1086 1109 1110 1087
f 1087 1110 1111 1088
f 1088 1111 1112 1089
f 1089 1112 1113 1090
f 1090 1113 1114 1091
f 1091 1114 1115 1092
f 1092 1115 1116 1093
f 1093 1116 1117 1094
f 1094 1117 1118 1095
f 1095 1118 1119 1096
f 1096 1119 1120 1097
f 1097 1120 1121 1098
f 1098 1121 1122 1099
f 1099 1122 1123 1100
f 1100 1123 1124 1101
f 1101 1124 1125 1102
f 1102 1125 1126 1103
f 1103 1126 1127 1104
f 1105 1128 1129 1106
f 1106 1129 1130 1107
f 1107 1130 1131 1108
f 1108 1131 1132 1109
f 1109 1132 1133 1110
f 1110 1133 1134 1111
f 1111 1134 1135 1112
f 1112 1135 1136 1113
f 1113 1136 1137 1114
f 1114 1137 1138 1115
f 1115 1138 1139 1116
f 1116 1139 1140 1117
f 1117 1140 1141 1118
f 1118 1141 1142 1119
f 1119 1142 1143 1120
f 1120 1143 1144 1121
f 1121 1144 1145 1122
f 1122 1145 1146 1123
f 1123 1146 1147 1124
f 1124 1147 1148 1125
f 1125 1148 1149 1126
f 1126 1149 1150 1127
f 1128 1151 1152 1129
f 1129 1152 1153 1130
f 1130 1153 1154 1131
f 1131 1154 1155 1132
f 1132 1155 1156 1133
f 1133 1156 1157 1134
f 1134 1157 1158 1135
f 1135 1158 1159 1136
f 1136 1159 1160 1137
f 1137 1160 1161 1138
f 1138 1161 1162 1139
f 1139 1162 1163 1140
f 1140 1163 1164 1141
f 1141 1164 1165 1142
f 1142 1165 1166 1143
f 1143 1166 1167 1144
f 1144 1167 1168 1145
f 1145 1168 1169 1146
f 1146 1169 1170 1147
f 1147 1170 1171 1148
f 1148 1171 1172 1149
f 1149 1172 1173 1150
f 1151 1174 1175 1152
f 1152 1175 1176 1153
f 1153 1176 1177 1154
f 1154 1177 1178 1155
f 1155 1178 1179 1156
f 1156 1179 1180 1157
f 1157 1180 1181 1158
f 1158 1181 1182 1159
f 1159 1182 1183 1160
f 1160 1183 1184 1161
f 1161 1184 1185 1162
f 1162 1185 1186 1163
f 1163 1186 1187 1164
f 1164 1187 1188 1165
f 1165 1188 1189 1166
f 1166 1189 1190 1167
f 1167 1190 1191 1168
f 1168 1191 1192 1169
f 1169 1192 1193 1170
f 1170 1193 1194 1171
f 1171 1194 1195 1172
f 1172 1195 1196 1173
f 1174 1197 1198 1175
f 1175 1198 1199 1176
f 1176 1199 1200 1177
f 1177 1200 1201 1178
f 1178 1201 1202 1179
f 1179 1202 1203 1180
f 1180 1203 1204 1181
f 1181 1204 1205 1182
f 1182 1205 1206 1183
f 1183 1206 1207 1184
f 1184 1207 1208 1185
f 1185 1208 1209 1186
f 1186 1209 1210 1187
f 1187 1210 1211 1188
f 1188 1211 1212 1189
f 1189 1212 1213 1190
f 1190 1213 1214 1191
f 1191 1214 1215 1192
f 1192 1215 1216 1193
f 1193 1216 1217 1194
f 1194 1217 1218 1195
f 1195 1218 1219 1196
f 1197 1220 1221 1198
f 1198 1221 1222 1199
f 1199 1222 1223 1200
f 1200 1223 1224 1201
f 1201 1224 1225 1202
f 1202 1225 1226 1203
f 1203 1226 1227 1204
f 1204 1227 1228 1205
f 1205 1228 1229 1206
f 1206 1229 1230 1207
f 1207 1230 1231 1208
f 1208 1231 1232 1209
f 1209 1232 1233 1210
f 1210 1233 1234 1211
f 1211 1234 1235 1212
f 1212 1235 1236 1213
f 1213 1236 1237 1214
f 1214 1237 1238 1215
f 1215 1238 1239 1216
f 1216 1239 1240 1217
f 1217 1240 1241 1218
f 1218 1241 1242 1219
f 1220 1243 1244 1221
f 1221 1244 1245 1222
f 1222 1245 1246 1223
f 1223 1246 1247 1224
f 1224 1247 1248 1225
f 1225 1248 1249 1226
f 1226 1249 1250 1227
f 1227 1250 1251 1228
f 1228 1251 1252 1229
f 1229 1252 1253 1230
f 1230 1253 1254 1231
f 1231 1254 1255 1232
f 1232 1255 1256 1233
f 1233 1256 1257 1234
f 1234 1257 1258 1235
f 1235 1258 1259 1236
f 1236 1259 1260 1237
f 1237 1260 1261 1238
f 1238 1261 1262 1239
f 1239 1262 1263 1240
f 1240 1263 1264 1241
f 1241 1264 1265 1242
f 1243 1266 1267 1244
f 1244 1267 1268 1245
f 1245 1268 1269 1246
f 1246 1269 1270 1247
f 1247 1270 1271 1248
f 1248 1271 1272 1249
f 1249 1272 1273 1250
f 1250 1273 1274 1251
f 1251 1274 1275 1252
f 1252 1275 1276 1253
f 1253 1276 1277 1254
f 1254 1277 1278 1255
f 1255 1278 1279 1256
f 1256 1279 1280 1257
f 1257 1280 1281 1258
f 1258 1281 1282 1259
f 1259 1282 1283 1260
f 1260 1283 1284 1261
f 1261 1284 1285 1262
f 1262 1285 1286 1263
f 1263 1286 1287 1264
f 1264 1287 1288 1265
f 1266 1289 1290 1267
f 1267 1290 1291 1268
f 1268 1291 1292 1269
f 1269 1292 1293 1270
f 1270 1293 1294 1271
f 1271 1294 1295 1272
f 1272 1295 1296 1273
f 1273 1296 1297 1274
f 1274 1297 1298 1275
f 1275 1298 1299 1276
f 1276 1299 1300 1277
f 1277 1300 1301 1278
f 1278 1301 1302 1279
f 1279 1302 1303 1280
f 1280 1303 1304 1281
f 1281 1304 1305 1282
f 1282 1305 1306 1283
f 1283 1306 1307 1284
f 1284 1307 1308 1285
f 1285 1308 1309 1286
f 1286 1309 1310 1287
f 1287 1310 1311 1288
f 1289 1312 1313 1290
f 1290 1313 1314 1291
f 1291 1314 1315 1292
f 1292 1315 1316 1293
f 1293 1316 1317 1294
f 1294 1317 1318 1295
f 1295 1318 1319 1296
f 1296 1319 1320 1297
f 1297 1320 1321 1298
f 1298 1321 1322 1299
f 1299 1322 1323 1300
f 1300 1323 1324 1301
f 1301 1324 1325 1302
f 1302 1325 1326 1303
f 1303 1326 1327 1304
f 1304 1327 1328 1305
f 1305 1328 1329 1306
f 1306 1329 1330 1307
f 1307 1330 1331 1308
f 1308 1331 1332 1309
f 1309 1332 1333 1310
f 1310 1333 1334 1311
f 1312 1335 1336 1313
f 1313 1336 1337 1314
f 1314 1337 1338 1315
f 1315 1338 1339 1316
f 1316 1339 1340 1317
f 1317 1340 1341 1318
f 1318 1341 1342 1319
f 1319 1342 1343 1320
f 1320 1343 1344 1321
f 1321 1344 1345 1322
f 1322 1345 1346 1323
f 1323 1346 1347 1324
f 1324 1347 1348 1325
f 1325 1348 1349 1326
f 1326 1349 1350 1327
f 1327 1350 1351 1328
f 1328 1351 1352 1329
f 1329 1352 1353 1330
f 1330 1353 1354 1331
f 1331 1354 1355 1332
f 1332 1355 1356 1333
f 1333 1356 1357 1334
f 1335 1358 1359 1336
f 1336 1359 1360 1337
f 1337 1360 1361 1338
f 1338 1361 1362 1339
f 1339 1362 1363 1340
f 1340 1363 1364 1341
f 1341 1364 1365 1342
f 1342 1365 1366 1343
f 1343 1366 1367 1344
f 1344 1367 1368 1345
f 1345 1368 1369 1346
f 1346 1369 1370 1347
f 1347 1370 1371 1348
f 1348 1371 1372 1349
f 1349 1372 1373 1350
f 1350 1373 1374 1351
f 1351 1374 1375 1352
f 1352 1375 1376 1353
f 1353 1376 1377 1354
f 1354 1377 1378 1355
f 1355 1378 1379 1356
f 1356 1379 1380 1357
f 1358 1381 1382 1359
f 1359 1382 1383 1360
f 1360 1383 1384 1361
f 1361 1384 1385 1362
f 1362 1385 1386 1363
f 1363 1386 1387 1364
f 1364 1387 1388 1365
f 1365 1388 1389 1366
f 1366 1389 1390 1367
f 1367 1390 1391 1368
f 1368 1391 1392 1369
f 1369 1392 1393 1370
f 1370 1393 1394 1371
f 1371 1394 1395 1372
f 1372 1395 1396 1373
f 1373 1396 1397 1374
f 1374 1397 1398 1375
f 1375 1398 1399 1376
f 1376 1399 1400 1377
f 1377 1400 1401 1378
f 1378 1401 1402 1379
f 1379 1402 1403 1380
f 1381 1404 1405 1382
f 1382 1405 1406 1383
f 1383 1406 1407 1384
f 1384 1407 1408 1385
f 1385 1408 1409 1386
f 1386 1409 1410 1387
f 1387 1410 1411 1388
f 1388 1411 1412 1389
f 1389 1412 1413 1390
f 1390 1413 1414 1391
f 1391 1414 1415 1392
f 1392 1415 1416 1393
f 1393 1416 1417 1394
f 1394 1417 1418 1395
f 1395 1418 1419 1396
f 1396 1419 1420 1397
f 1397 1420 1421 1398
f 1398 1421 1422 1399
f 1399 1422 1423 1400
f 1400 1423 1424 1401
f 1401 1424 1425 1402
f 1402 1425 1426 1403
f 1404 1427 1428 1405
f 1405 1428 1429 1406
f 1406 1429 1430 1407
f 1407 1430 1431 1408
f 1408 1431 1432 1409
f 1409 1432 1433 1410
f 1410 1433 1434 1411
f 1411 1434 1435 1412
f 1412 1435 1436 1413
f 1413 1436 1437 1414
f 1414 1437 1438 1415
f 1415 1438 1439 1416
f 1416 1439 1440 1417
f 1417 1440 1441 1418
f 1418 1441 1442 1419
f 1419 1442 1443 1420
f 1420 1443 1444 1421
f 1421 1444 1445 1422
f 1422 1445 1446 1423
f 1423 1446 1447 1424
f 1424 1447 1448 1425
f 1425 1448 1449 1426
f 1427 1450 1451 1428
f 1428 1451 1452 1429
f 1429 1452 1453 1430
f 1430 1453 1454 1431
f 1431 1454 1455 1432
f 1432 1455 1456 1433
f 1433 1456 1457 1434
f 1434 1457 1458 1435
f 1435 1458 1459 1436
f 1436 1459 1460 1437
f 1437 1460 1461 1438
f 1438 1461 1462 1439
f 1439 1462 1463 1440
f 1440 1463 1464 1441
f 1441 1464 1465 1442
f 1442 1465 1466 1443
f 1443 1466 1467 1444
f 1444 1467 1468 1445
f 1445 1468 1469 1446
f 1446 1469 1470 1447
f 1447 1470 1471 1448
f 1448 1471 1472 1449
f 1450 1473 1474 1451
f 1451 1474 1475 1452
f 1452 1475 1476 1453
f 1453 1476 1477 1454
f 1454 1477 1478 1455
f 1455 1478 1479 1456
f 1456 1479 1480 1457
f 1457 1480 1481 1458
f 1458 1481 1482 1459
f 1459 1482 1483 1460
f 1460 1483 1484 1461
f 1461 1484 1485 1462
f 1462 1485 1486 1463
f 1463 1486 1487 1464
f 1464 1487 1488 1465
f 1465 1488 1489 1466
f 1466 1489 1490 1467
f 1467 1490 1491 1468
f 1468 1491 1492 1469
f 1469 1492 1493 1470
f 1470 1493 1494 1471
f 1471 1494 1495 1472
f 1473 1496 1497 1474
f 1474 1497 1498 1475
f 1475 1498 1499 1476
f 1476 1499 1500 1477
f 1477 1500 1501 1478
f 1478 1501 1502 1479
f 1479 1502 1503 1480
f 1480 1503 1504 1481
f 1481 1504 1505 1482
f 1482 1505 1506 1483
f 1483 1506 1507 1484
f 1484 1507 1508 1485
f 1485 1508 1509 1486
f 1486 1509 1510 1487
f 1487 1510 1511 1488
f 1488 1511 1512 1489
f 1489 1512 1513 1490
f 1490 1513 1514 1491
f 1491 1514 1515 1492
f 1492 1515 1516 1493
f 1493 1516 1517 1494
f 1494 1517 1518 1495
f 1496 1519 1520 1497
f 1497 1520 1521 1498
f 1498 1521 1522 1499
f 1499 1522 1523 1500
f 1500 1523 1524 1501
f 1501 1524 1525 1502
f 1502 1525 1526 1503
f 1503 1526 1527 1504
f 1504 1527 1528 1505
f 1505 1528 1529 1506
f 1506 1529 1530 1507
f 1507 1530 1531 1508
f 1508 1531 1532 1509
f 1509 1532 1533 1510
f 1510 1533 1534 1511
f 1511 1534 1535 1512
f 1512 1535 1536 1513
f 1513 1536 1537 1514
f 1514 1537 1538 1515
f 1515 1538 1539 1516
f 1516 1539 1540 1517
f 1517 1540 1541 1518
f 1519 1542 1543 1520
f 1520 1543 1544 1521
f 1521 1544 1545 1522
f 1522 1545 1546 1523
f 1523 1546 1547 1524
f 1524 1547 1548 1525
f 1525 1548 1549 1526
f 1526 1549 1550 1527
f 1527 1550 1551 1528
f 1528 1551 1552 1529
f 1529 1552 1553 1530
f 1530 1553 1554 1531
f 1531 1554 1555 1532
f 1532 1555 1556 1533
f 1533 1556 1557 1534
f 1534 1557 1558 1535
f 1535 1558 1559 1536
f 1536 1559 1560 1537
f 1537 1560 1561 1538
f 1538 1561 1562 1539
f 1539 1562 1563 1540
f 1540 1563 1564 1541
f 1542 1565 1566 1543
f 1543 1566 1567 1544
f 1544 1567 1568 1545
f 1545 1568 1569 1546
f 1546 1569 1570 1547
f 1547 1570 1571 1548
f 1548 1571 1572 1549
f 1549 1572 1573 1550
f 1550 1573 1574 1551
f 1551 1574 1575 1552
f 1552 1575 1576 1553
f 1553 1576 1577 1554
f 1554 1577 1578 1555
f 1555 1578 1579 1556
f 1556 1579 1580 1557
f 1557 1580 1581 1558
f 1558 1581 1582 1559
f 1559 1582 1583 1560
f 1560 1583 1584 1561
f 1561 1584 1585 1562
f 1562 1585 1586 1563
f 1563 1586 1587 1564
f 1565 1588 1589 1566
f 1566 1589 1590 1567
f 1567 1590 1591 1568
f 1568 1591 1592 1569
f 1569 1592 1593 1570
f 1570 1593 1594 1571
f 1571 1594 1595 1572
f 1572 1595 1596 1573
f 1573 1596 1597 1574
f 1574 1597 1598 1575
f 1575 1598 1599 1576
f 1576 1599 1600 1577
f 1577 1600 1601 1578
f 1578 1601 1602 1579
f 1579 1602 1603 1580
f 1580 1603 1604 1581
f 1581 1604 1605 1582
f 1582 1605 1606 1583
f 1583 1606 1607 1584
f 1584 1607 1608 1585
f 1585 1608 1609 1586
f 1586 1609 1610 1587
f 1588 1611 1612 1589
f 1589 1612 1613 1590
f 1590 1613 1614 1591
f 1591 1614 1615 1592
f 1592 1615 1616 1593
f 1593 1616 1617 1594
f 1594 1617 1618 1595
f 1595 1618 1619 1596
f 1596 1619 1620 1597
f 1597 1620 1621 1598
f 1598 1621 1622 1599
f 1599 1622 1623 1600
f 1600 1623 1624 1601
f 1601 1624 1625 1602
f 1602 1625 1626 1603
f 1603 1626 1627 1604
f 1604 1627 1628 1605
f 1605 1628 1629 1606
f 1606 1629 1630 1607
f 1607 1630 1631 1608
f 1608 1631 1632 1609
f 1609 1632 1633 1610
f 1611 1634 1635 1612
f 1612 1635 1636 1613
f 1613 1636 1637 1614
f 1614 1637 1638 1615
f 1615 1638 1639 1616
f 1616 1639 1640 1617
f 1617 1640 1641 1618
f 1618 1641 1642 1619
f 1619 1642 1643 1620
f 1620 1643 1644 1621
f 1621 1644 1645 1622
f 1622 1645 1646 1623
f 1623 1646 1647 1624
f 1624 1647 1648 1625
f 1625 1648 1649 1626
f 1626 1649 1650 1627
f 1627 1650 1651 1628
f 1628 1651 1652 1629
f 1629 1652 1653 1630
f 1630 1653 1654 1631
f 1631 1654 1655 1632
f 1632 1655 1656 1633
f 1634 1657 1658 1635
f 1635 1658 1659 1636
f 1636 1659 1660 1637
f 1637 1660 1661 1638
f 1638 1661 1662 1639
f 1639 1662 1663 1640
f 1640 1663 1664 1641
f 1641 1664 1665 1642
f 1642 1665 1666 1643
f 1643 1666 1667 1644
f 1644 1667 1668 1645
f 1645 1668 1669 1646
f 1646 1669 1670 1647
f 1647 1670 1671 1648
f 1648 1671 1672 1649
f 1649 1672 1673 1650
f 1650 1673 1674 1651
f 1651 1674 1675 1652
f 1652 1675 1676 1653
f 1653 1676 1677 1654
f 1654 1677 1678 1655
f 1655 1678 1679 1656
f 1657 1680 1681 1658
f 1658 1681 1682 1659
f 1659 1682 1683 1660
f 1660 1683 1684 1661
f 1661 1684 1685 1662
f 1662 1685 1686 1663
f 1663 1686 1687 1664
f 1664 1687 1688 1665
f 1665 1688 1689 1666
f 1666 1689 1690 1667
f 1667 1690 1691 1668
f 1668 1691 1692 1669
f 1669 1692 1693 1670
f 1670 1693 1694 1671
f 1671 1694 1695 1672
f 1672 1695 1696 1673
f 1673 1696 1697 1674
f 1674 1697 1698 1675
f 1675 1698 1699 1676
f 1676 1699 1700 1677
f 1677 1700 1701 1678
f 1678 1701 1702 1679
f 1680 1703 1704 1681
f 1681 1704 1705 1682
f 1682 1705 1706 1683
f 1683 1706 1707 1684
f 1684 1707 1708 1685
f 1685 1708 1709 1686
f 1686 1709 1710 1687
f 1687 1710 1711 1688
f 1688 1711 1712 1689
f 1689 1712 1713 1690
f 1690 1713 1714 1691
f 1691 1714 1715 1692
f 1692 1715 1716 1693
f 1693 1716 1717 1694
f 1694 1717 1718 1695
f 1695 1718 1719 1696
f 1696 1719 1720 1697
f 1697 1720 1721 1698
f 1698 1721 1722 1699
f 1699 1722 1723 1700
f 1700 1723 1724 1701
f 1701 1724 1725 1702
f 1703 1726 1727 1704
f 1704 1727 1728 1705
f 1705 1728 1729 1706
f 1706 1729 1730 1707
f 1707 1730 1731 1708
f 1708 1731 1732 1709
f 1709 1732 1733 1710
f 1710 1733 1734 1711
f 1711 1734 1735 1712
f 1712 1735 1736 1713
f 1713 1736 1737 1714
f 1714 1737 1738 1715
f 1715 1738 1739 1716
f 1716 1739 1740 1717
f 1717 1740 1741 1718
f 1718 1741 1742 1719
f 1719 1742 1743 1720
f 1720 1743 1744 1721
f 1721 1744 1745 1722
f 1722 1745 1746 1723
f 1723 1746 1747 1724
f 1724 1747 1748 1725
f 1726 1749 1750 1727
f 1727 1750 1751 1728
f 1728 1751 1752 1729
f 1729 1752 1753 1730
f 1730 1753 1754 1731
f 1731 1754 1755 1732
f 1732 1755 1756 1733
f 1733 1756 1757 1734
f 1734 1757 1758 1735
f 1735 1758 1759 1736
f 1736 1759 1760 1737
f 1737 1760 1761 1738
f 1738 1761 1762 1739
f 1739 1762 1763 1740
f 1740 1763 1764 1741
f 1741 1764 1765 1742
f 1742 1765 1766 1743
f 1743 1766 1767 1744
f 1744 1767 1768 1745
f 1745 1768 1769 1746
f 1746 1769 1770 1747
f 1747 1770 1771 1748
f 1749 1772 1773 1750
f 1750 1773 1774 1751
f 1751 1774 1775 1752
f 1752 1775 1776 1753
f 1753 1776 1777 1754
f 1754 1777 1778 1755
f 1755 1778 1779 1756
f 1756 1779 1780 1757
f 1757 1780 1781 1758
f 1758 1781 1782 1759
f 1759 1782 1783 1760
f 1760 1783 1784 1761
f 1761 1784 1785 1762
f 1762 1785 1786 1763
f 1763 1786 1787 1764
f 1764 1787 1788 1765
f 1765 1788 1789 1766
f 1766 1789 1790 1767
f 1767 1790 1791 1768
f 1768 1791 1792 1769
f 1769 1792 1793 1770
f 1770 1793 1794 1771
f 1 24 921 898
f 898 899 2 1
f 899 900 3 2
f 900 901 4 3
f 901 902 5 4
f 902 903 6 5
f 903 904 7 6
f 904 905 8 7
f 905 906 9 8
f 906 907 10 9
f 907 908 11 10
f 908 909 12 11
f 909 910 13 12
f 910 911 14 13
f 911 912 15 14
f 912 913 16 15
f 913 914 17 16
f 914 915 18 17
f 915 916 19 18
f 916 917 20 19
f 917 918 21 20
f 918 919 22 21
f 920 943 46 23
f 919 920 23 22
f 24 47 944 921
f 943 966 69 46
f 47 70 967 944
f 966 989 92 69
f 70 93 990 967
f 989 1012 115 92
f 93 116 1013 990
f 1012 1035 138 115
f 116 139 1036 1013
f 1035 1058 161 138
f 139 162 1059 1036
f 1058 1081 184 161
f 162 185 1082 1059
f 1081 1104 207 184
f 185 208 1105 1082
f 1104 1127 230 207
f 208 231 1128 1105
f 1127 1150 253 230
f 231 254 1151 1128
f 1150 1173 276 253
f 254 277 1174 1151
f 1173 1196 299 276
f 277 300 1197 1174
f 1196 1219 322 299
f 300 323 1220 1197
f 1219 1242 345 322
f 323 346 1243 1220
f 1242 1265 368 345
f 346 369 1266 1243
f 1265 1288 391 368
f 369 392 1289 1266
f 1288 1311 414 391
f 392 415 1312 1289
f 1311 1334 437 414
f 415 438 1335 1312
f 1334 1357 460 437
f 438 461 1358 1335
f 1357 1380 483 460
f 461 484 1381 1358
f 1380 1403 506 483
f 484 507 1404 1381
f 1403 1426 529 506
f 507 530 1427 1404
f 1426 1449 552 529
f 530 553 1450 1427
f 1449 1472 575 552
f 553 576 1473 1450
f 1472 1495 598 575
f 576 599 1496 1473
f 1495 1518 621 598
f 599 622 1519 1496
f 1518 1541 644 621
f 622 645 1542 1519
f 1541 1564 667 644
f 645 668 1565 1542
f 1564 1587 690 667
f 668 691 1588 1565
f 1587 1610 713 690
f 691 714 1611 1588
f 1610 1633 736 713
f 714 737 1634 1611
f 1633 1656 759 736
f 737 760 1657 1634
f 1656 1679 782 759
f 760 783 1680 1657
f 1679 1702 805 782
f 783 806 1703 1680
f 1702 1725 828 805
f 806 829 1726 1703
f 1725 1748 851 828
f 829 852 1749 1726
f 1748 1771 874 851
f 852 875 1772 1749
f 875 876 1773 1772
f 876 877 1774 1773
f 877 878 1775 1774
f 878 879 1776 1775
f 879 880 1777 1776
f 880 881 1778 1777
f 881 882 1779 1778
f 882 883 1780 1779
f 883 884 1781 1780
f 884 885 1782 1781
f 885 886 1783 1782
f 886 887 1784 1783
f 887 888 1785 1784
f 888 889 1786 1785
f 889 890 1787 1786
f 890 891 1788 1787
f 891 892 1789 1788
f 892 893 1790 1789
f 893 894 1791 1790
f 894 895 1792 1791
f 895 896 1793 1792
f 896 897 1794 1793
f 1771 1794 897 874
