# https://github.com/mikedh/trimesh
v 0.00138919 -0.03125000 0.07387846
v 0.00207055 -0.03125000 0.07372741
v 0.00207055 -0.02925000 0.07372741
v 0.00138919 -0.02925000 0.07387846
v 0.00069725 -0.03125000 0.07396956
v 0.00069725 -0.02925000 0.07396956
v -0.00000000 -0.03125000 0.07400000
v 0.00000000 -0.02925000 0.07400000
v -0.00069725 -0.03125000 0.07396956
v -0.00069725 -0.02925000 0.07396956
v -0.00138919 -0.03125000 0.07387846
v -0.00138919 -0.02925000 0.07387846
v -0.00207055 -0.03125000 0.07372741
v -0.00207055 -0.02925000 0.07372741
v 0.01166726 -0.03125000 0.08332412
v 0.01166726 -0.02925000 0.08332412
v -0.01778989 -0.03125000 0.04829471
v -0.02021407 -0.03125000 0.04590236
v -0.01767571 -0.03125000 0.04818334
v -0.01959407 -0.03125000 0.04536589
v -0.01789242 -0.03125000 0.04841690
v -0.02063411 -0.03125000 0.04640593
v -0.01755100 -0.03125000 0.04808389
v -0.01798228 -0.03125000 0.04854869
v -0.02090718 -0.03125000 0.04681503
v -0.01741701 -0.03125000 0.04799735
v -0.01875101 -0.03125000 0.04486126
v -0.01805856 -0.03125000 0.04868878
v -0.02113874 -0.03125000 0.04724899
v -0.01727507 -0.03125000 0.04792458
v -0.01812052 -0.03125000 0.04883576
v -0.02132653 -0.03125000 0.04770359
v -0.01712659 -0.03125000 0.04786631
v -0.01782555 -0.03125000 0.04453125
v -0.01816753 -0.03125000 0.04898818
v -0.02146875 -0.03125000 0.04817445
v -0.01697304 -0.03125000 0.04782311
v -0.01734299 -0.03125000 0.04443598
v -0.01819914 -0.03125000 0.04914452
v -0.02156402 -0.03125000 0.04865701
v -0.01681596 -0.03125000 0.04779541
v -0.01685342 -0.03125000 0.04438858
v -0.01821502 -0.03125000 0.04930324
v -0.02161142 -0.03125000 0.04914658
v -0.01665690 -0.03125000 0.04778349
v -0.01636155 -0.03125000 0.04438952
v -0.01821502 -0.03125000 0.04946274
v -0.02161048 -0.03125000 0.04963845
v -0.01649744 -0.03125000 0.04778746
v -0.01562866 -0.03125000 0.04447550
v -0.01819914 -0.03125000 0.04962146
v -0.02151238 -0.03125000 0.05041927
v -0.01633917 -0.03125000 0.04780730
v -0.01816753 -0.03125000 0.04977780
v -0.02132009 -0.03125000 0.05108034
v -0.01618366 -0.03125000 0.04784279
v -0.01473456 -0.03125000 0.04474673
v -0.01812052 -0.03125000 0.04993022
v -0.02113056 -0.03125000 0.05153423
v -0.01603246 -0.03125000 0.04789359
v -0.01805856 -0.03125000 0.05007720
v -0.02089736 -0.03125000 0.05196730
v -0.01588707 -0.03125000 0.04795920
v -0.01403270 -0.03125000 0.04510264
v -0.01798228 -0.03125000 0.05021729
v -0.02062272 -0.03125000 0.05237535
v -0.01574894 -0.03125000 0.04803895
v -0.01789242 -0.03125000 0.05034908
v -0.01561943 -0.03125000 0.04813206
v -0.01324555 -0.03125000 0.04569067
v -0.01778989 -0.03125000 0.05047127
v -0.01549983 -0.03125000 0.04823760
v -0.01289907 -0.03125000 0.04603980
v -0.01539134 -0.03125000 0.04835453
v -0.02010653 -0.03125000 0.05296932
v -0.01767571 -0.03125000 0.05058264
v -0.01529503 -0.03125000 0.04848168
v -0.01957872 -0.03125000 0.05341142
v -0.01755100 -0.03125000 0.05068209
v -0.01231707 -0.03125000 0.04683142
v -0.01521185 -0.03125000 0.04861778
v -0.01916858 -0.03125000 0.05368293
v -0.01741701 -0.03125000 0.05076863
v -0.01208717 -0.03039286 0.04726625
v -0.01514265 -0.03125000 0.04876150
v -0.01873375 -0.03125000 0.05391283
v -0.01727507 -0.03125000 0.05084140
v -0.01508809 -0.03125000 0.04891138
v -0.01827843 -0.03125000 0.05409889
v -0.01712659 -0.03125000 0.05089967
v -0.01176069 -0.03125000 0.04819297
v -0.01504873 -0.03125000 0.04906596
v -0.01780703 -0.03125000 0.05423931
v -0.01697304 -0.03125000 0.05094287
v -0.01166726 -0.03125000 0.04867588
v -0.01502496 -0.03125000 0.04954230
v -0.01501701 -0.03125000 0.04938299
v -0.01504873 -0.03125000 0.04970002
v -0.01514265 -0.03125000 0.05000449
v -0.01521185 -0.03125000 0.05014820
v -0.01529503 -0.03125000 0.05028430
v -0.01539134 -0.03125000 0.05041145
v -0.01549983 -0.03125000 0.05052838
v -0.01502496 -0.03125000 0.04922368
v -0.01732412 -0.03125000 0.05433274
v -0.01561943 -0.03125000 0.05063392
v -0.01574894 -0.03125000 0.05072703
v -0.01588707 -0.03125000 0.05080679
v -0.01603246 -0.03125000 0.05087239
v -0.01618366 -0.03125000 0.05092319
v -0.01633917 -0.03125000 0.05095868
v -0.01649744 -0.03125000 0.05097852
v -0.01665690 -0.03125000 0.05098249
v -0.01681596 -0.03125000 0.05097057
v -0.00458157 -0.03125000 0.06174892
v -0.00772741 -0.03125000 0.06392945
v -0.00413554 -0.03125000 0.06131387
v -0.00207055 -0.03125000 0.05827259
v -0.00498208 -0.03125000 0.06222622
v -0.00364840 -0.03125000 0.06092539
v -0.00533307 -0.03125000 0.06274103
v -0.00312500 -0.03125000 0.06058734
v -0.00563106 -0.03125000 0.06328823
v -0.00257054 -0.03125000 0.06030309
v -0.00587308 -0.03125000 0.06386237
v -0.00199054 -0.03125000 0.06007545
v -0.00605673 -0.03125000 0.06445777
v -0.00787846 -0.03125000 0.06461081
v -0.00139076 -0.03125000 0.05990670
v -0.00138919 -0.03125000 0.05812154
v -0.00618019 -0.03125000 0.06506849
v -0.00796956 -0.03125000 0.06530275
v -0.00077715 -0.03125000 0.05979850
v -0.00069725 -0.03125000 0.05803044
v -0.00624223 -0.03125000 0.06568846
v -0.00800000 -0.03125000 0.06600000
v -0.00015582 -0.03125000 0.05975194
v -0.00000000 -0.03125000 0.05800000
v -0.00624223 -0.03125000 0.06631154
v -0.00796956 -0.03125000 0.06669725
v 0.00069725 -0.03125000 0.05803044
v -0.00618019 -0.03125000 0.06693151
v -0.00787846 -0.03125000 0.06738919
v 0.00108530 -0.03125000 0.05984495
v 0.00138919 -0.03125000 0.05812154
v 0.00207055 -0.03125000 0.05827259
v -0.00605673 -0.03125000 0.06754223
v -0.00772741 -0.03125000 0.06807055
v 0.00169275 -0.03125000 0.05998360
v -0.00587308 -0.03125000 0.06813763
v 0.00228338 -0.03125000 0.06018204
v -0.00563106 -0.03125000 0.06871177
v 0.00285132 -0.03125000 0.06043830
v 0.01544413 -0.03125000 0.04829471
v 0.01289907 -0.03125000 0.04603980
v -0.01778989 -0.03125000 0.08152873
v -0.02030933 -0.03125000 0.07924555
v -0.01981385 -0.03125000 0.07876750
v 0.01555831 -0.03125000 0.04818334
v 0.01362465 -0.03125000 0.04537728
v -0.01767571 -0.03125000 0.08141736
v 0.01534160 -0.03125000 0.04841690
v 0.01258858 -0.03125000 0.04642128
v -0.01789242 -0.03125000 0.08165092
v -0.02062272 -0.03125000 0.07962465
v 0.01568302 -0.03125000 0.04808389
v 0.01403270 -0.03125000 0.04510264
v -0.01755100 -0.03125000 0.08131791
v 0.01525174 -0.03125000 0.04854869
v -0.01798228 -0.03125000 0.08178271
v 0.01581701 -0.03125000 0.04799735
v 0.01446577 -0.03125000 0.04486944
v -0.01741701 -0.03125000 0.08123137
v -0.01873375 -0.03125000 0.07808717
v 0.01517546 -0.03125000 0.04868878
v 0.01208717 -0.03125000 0.04726625
v -0.01805856 -0.03125000 0.08192280
v -0.02113056 -0.03125000 0.08046577
v 0.01595895 -0.03125000 0.04792458
v 0.01491966 -0.03125000 0.04467991
v -0.01727507 -0.03125000 0.08115860
v -0.01804618 -0.03125000 0.07781932
v -0.00533307 -0.03125000 0.06925897
v 0.01511350 -0.03125000 0.04883576
v -0.01812052 -0.03125000 0.08206978
v -0.02132009 -0.03125000 0.08091966
v 0.01610743 -0.03125000 0.04786631
v 0.01562998 -0.03125000 0.04448209
v -0.01712659 -0.03125000 0.08110033
v 0.01506649 -0.03125000 0.04898818
v 0.01181185 -0.03125000 0.04797505
v -0.01816753 -0.03125000 0.08222220
v -0.02146411 -0.03125000 0.08138997
v 0.01626098 -0.03125000 0.04782311
v 0.01587216 -0.03125000 0.04443878
v -0.01697304 -0.03125000 0.08105713
v -0.01732412 -0.03125000 0.07766726
v 0.00339091 -0.03125000 0.06074984
v 0.01503488 -0.03125000 0.04914452
v 0.01166726 -0.03125000 0.04867588
v -0.01819914 -0.03125000 0.08237854
v -0.02161048 -0.03125000 0.08236155
v -0.02156122 -0.03125000 0.08187216
v 0.01641806 -0.03125000 0.04779541
v 0.01636155 -0.03125000 0.04438952
v -0.01681596 -0.03125000 0.08102943
v 0.01501900 -0.03125000 0.04930324
v -0.01821502 -0.03125000 0.08253726
v -0.02161142 -0.03125000 0.08285342
v -0.01665690 -0.03125000 0.08101751
v 0.01657712 -0.03125000 0.04778349
v 0.01685342 -0.03125000 0.04438858
v 0.01501900 -0.03125000 0.04946274
v -0.01821502 -0.03125000 0.08269676
v 0.01673658 -0.03125000 0.04778746
v 0.01734299 -0.03125000 0.04443598
v -0.01649744 -0.03125000 0.08102148
v 0.01503488 -0.03125000 0.04962146
v -0.01819914 -0.03125000 0.08285548
v -0.02146875 -0.03125000 0.08382555
v 0.01689485 -0.03125000 0.04780730
v 0.01782555 -0.03125000 0.04453125
v -0.01633917 -0.03125000 0.08104132
v -0.00498208 -0.03125000 0.06977378
v 0.01506649 -0.03125000 0.04977780
v -0.01816753 -0.03125000 0.08301182
v -0.02132653 -0.03125000 0.08429641
v 0.01705035 -0.03125000 0.04784279
v 0.01829641 -0.03125000 0.04467347
v -0.01618366 -0.03125000 0.08107681
v 0.00389681 -0.03125000 0.06111355
v 0.01511350 -0.03125000 0.04993022
v -0.01812052 -0.03125000 0.08316424
v -0.02103006 -0.03125000 0.08497177
v 0.01720156 -0.03125000 0.04789359
v 0.01875101 -0.03125000 0.04486126
v -0.01603246 -0.03125000 0.08112761
v 0.01517546 -0.03125000 0.05007720
v -0.01805856 -0.03125000 0.08331122
v 0.01734695 -0.03125000 0.04795920
v 0.01918497 -0.03125000 0.04509282
v -0.01588707 -0.03125000 0.08119321
v 0.01525174 -0.03125000 0.05021729
v -0.01798228 -0.03125000 0.08345131
v -0.02063411 -0.03125000 0.08559407
v 0.01748508 -0.03125000 0.04803895
v 0.01959407 -0.03125000 0.04536589
v -0.01574894 -0.03125000 0.08127297
v -0.00458157 -0.03125000 0.07025108
v 0.01534160 -0.03125000 0.05034908
v -0.01789242 -0.03125000 0.08358310
v -0.02032216 -0.03125000 0.08597436
v 0.01761459 -0.03125000 0.04813206
v 0.01997436 -0.03125000 0.04567784
v -0.01561943 -0.03125000 0.08136608
v 0.00436398 -0.03125000 0.06152583
v 0.01544413 -0.03125000 0.05047127
v -0.01778989 -0.03125000 0.08370529
v 0.01773419 -0.03125000 0.04823760
v -0.01549983 -0.03125000 0.08147162
v 0.02032216 -0.03125000 0.04602564
v 0.01784268 -0.03125000 0.04835453
v -0.01997436 -0.03125000 0.08632216
v -0.01767571 -0.03125000 0.08381666
v 0.01793899 -0.03125000 0.04848168
v -0.01959407 -0.03125000 0.08663411
v -0.01755100 -0.03125000 0.08391611
v 0.02090718 -0.03125000 0.04681503
v 0.01802216 -0.03125000 0.04861778
v -0.01741701 -0.03125000 0.08400265
v 0.02113874 -0.03125000 0.04724899
v 0.01809137 -0.03125000 0.04876150
v -0.01875101 -0.03125000 0.08713874
v -0.01727507 -0.03125000 0.08407542
v 0.02132653 -0.03125000 0.04770359
v 0.01814593 -0.03125000 0.04891138
v -0.01829641 -0.03125000 0.08732653
v -0.01712659 -0.03125000 0.08413369
v 0.02146875 -0.03125000 0.04817445
v 0.01818529 -0.03125000 0.04906596
v -0.01697304 -0.03125000 0.08417689
v 0.02156402 -0.03125000 0.04865701
v 0.01820906 -0.03125000 0.04922368
v -0.01734299 -0.03125000 0.08756402
v -0.01681596 -0.03125000 0.08420459
v 0.01821701 -0.03125000 0.04938299
v -0.01685342 -0.03125000 0.08761142
v -0.01665690 -0.03125000 0.08421651
v 0.02161048 -0.03125000 0.04963845
v 0.01820906 -0.03125000 0.04954230
v -0.01636155 -0.03125000 0.08761048
v -0.01649744 -0.03125000 0.08421254
v 0.01732412 -0.03125000 0.05433274
v 0.00478778 -0.03125000 0.06198258
v 0.01673658 -0.03125000 0.05097852
v 0.01689485 -0.03125000 0.05095868
v 0.01657712 -0.03125000 0.05098249
v 0.01641806 -0.03125000 0.05097057
v 0.01626098 -0.03125000 0.05094287
v 0.01610743 -0.03125000 0.05089967
v 0.01595895 -0.03125000 0.05084140
v 0.01581701 -0.03125000 0.05076863
v 0.01568302 -0.03125000 0.05068209
v 0.01555831 -0.03125000 0.05058264
v 0.00772741 -0.03125000 0.06392945
v 0.00516399 -0.03125000 0.06247925
v 0.00548888 -0.03125000 0.06301091
v 0.00575923 -0.03125000 0.06357228
v 0.00597233 -0.03125000 0.06415778
v 0.00612608 -0.03125000 0.06476159
v -0.00199054 -0.03125000 0.07192455
v -0.00139076 -0.03125000 0.07209330
v -0.00257054 -0.03125000 0.07169691
v -0.00312500 -0.03125000 0.07141266
v -0.00364840 -0.03125000 0.07107461
v -0.00413554 -0.03125000 0.07068613
v -0.01166726 -0.03125000 0.08332412
v -0.01502496 -0.03125000 0.08277632
v -0.01501701 -0.03125000 0.08261701
v -0.01504873 -0.03125000 0.08293404
v -0.01539134 -0.03125000 0.08158855
v -0.01529503 -0.03125000 0.08171570
v -0.01521185 -0.03125000 0.08185180
v -0.01514265 -0.03125000 0.08199551
v -0.01508809 -0.03125000 0.08214540
v -0.01504873 -0.03125000 0.08229998
v -0.01502496 -0.03125000 0.08245770
v 0.01818529 -0.03125000 0.04970002
v -0.01587216 -0.03125000 0.08756122
v -0.01633917 -0.03125000 0.08419270
v 0.01780703 -0.03125000 0.05423931
v 0.01705035 -0.03125000 0.05092319
v -0.01176069 -0.03125000 0.08380703
v 0.01814593 -0.03125000 0.04985460
v -0.01538997 -0.03125000 0.08746411
v -0.01618366 -0.03125000 0.08415721
v 0.01827843 -0.03125000 0.05409889
v 0.01720156 -0.03125000 0.05087239
v -0.01514265 -0.03125000 0.08323850
v 0.02132009 -0.03125000 0.05108034
v 0.01809137 -0.03125000 0.05000449
v -0.01491966 -0.03125000 0.08732009
v -0.01603246 -0.03125000 0.08410641
v 0.00787846 -0.03125000 0.06461081
v 0.00621894 -0.03125000 0.06537770
v -0.00077715 -0.03125000 0.07220150
v 0.01873375 -0.03125000 0.05391283
v 0.01734695 -0.03125000 0.05080679
v -0.01208717 -0.03039286 0.08473375
v -0.01521185 -0.03125000 0.08338222
v 0.01802216 -0.03125000 0.05014820
v -0.01588707 -0.03125000 0.08404080
v 0.01916858 -0.03125000 0.05368293
v 0.01748508 -0.03125000 0.05072703
v -0.01231707 -0.03125000 0.08516858
v 0.02089736 -0.03125000 0.05196730
v 0.01793899 -0.03125000 0.05028430
v -0.01403270 -0.03125000 0.08689736
v 0.01957872 -0.03125000 0.05341142
v -0.01539134 -0.03125000 0.08364547
v 0.02062272 -0.03125000 0.05237535
v -0.01561943 -0.03125000 0.08386794
v -0.01289907 -0.03125000 0.08596020
v -0.01549983 -0.03125000 0.08376240
v 0.01996020 -0.03125000 0.05310093
v 0.01773419 -0.03125000 0.05052838
v 0.02030933 -0.03125000 0.05275445
v -0.01324555 -0.03125000 0.08630933
v 0.00796956 -0.03125000 0.06530275
v -0.00015582 -0.03125000 0.07224806
v 0.00800000 -0.03125000 0.06600000
v 0.00046706 -0.03125000 0.07223252
v 0.00796956 -0.03125000 0.06669725
v 0.00621894 -0.03125000 0.06662230
v 0.00108530 -0.03125000 0.07215505
v 0.00787846 -0.03125000 0.06738919
v 0.00612608 -0.03125000 0.06723841
v 0.00772741 -0.03125000 0.06807055
v 0.00597233 -0.03125000 0.06784222
v 0.00575923 -0.03125000 0.06842772
v 0.00548888 -0.03125000 0.06898909
v 0.00516399 -0.03125000 0.06952075
v 0.00478778 -0.03125000 0.07001742
v 0.00389681 -0.03125000 0.07088645
v 0.00436398 -0.03125000 0.07047417
v 0.00339091 -0.03125000 0.07125016
v 0.00285132 -0.03125000 0.07156170
v 0.00228338 -0.03125000 0.07181796
v 0.00169275 -0.03125000 0.07201640
v 0.01732412 -0.03125000 0.07766726
v 0.01544413 -0.03125000 0.08152873
v 0.01555831 -0.03125000 0.08141736
v 0.01534160 -0.03125000 0.08165092
v 0.01568302 -0.03125000 0.08131791
v 0.01525174 -0.03125000 0.08178271
v 0.01581701 -0.03125000 0.08123137
v 0.01517546 -0.03125000 0.08192280
v 0.01595895 -0.03125000 0.08115860
v 0.01511350 -0.03125000 0.08206978
v 0.01610743 -0.03125000 0.08110033
v 0.01506649 -0.03125000 0.08222220
v 0.01626098 -0.03125000 0.08105713
v 0.01503488 -0.03125000 0.08237854
v 0.01641806 -0.03125000 0.08102943
v 0.01501900 -0.03125000 0.08253726
v 0.01657712 -0.03125000 0.08101751
v 0.01501900 -0.03125000 0.08269676
v 0.01673658 -0.03125000 0.08102148
v 0.01503488 -0.03125000 0.08285548
v 0.01176069 -0.03125000 0.08380703
v 0.01689485 -0.03125000 0.08104132
v 0.01780703 -0.03125000 0.07776069
v 0.01506649 -0.03125000 0.08301182
v 0.01190111 -0.03125000 0.08427843
v 0.01705035 -0.03125000 0.08107681
v 0.01511350 -0.03125000 0.08316424
v 0.01208717 -0.03125000 0.08473375
v 0.01720156 -0.03125000 0.08112761
v 0.01873375 -0.03125000 0.07808717
v 0.01517546 -0.03125000 0.08331122
v 0.01734695 -0.03125000 0.08119321
v 0.01916858 -0.03125000 0.07831707
v 0.01525174 -0.03125000 0.08345131
v 0.01258858 -0.03125000 0.08557872
v 0.01748508 -0.03125000 0.08127297
v 0.01534160 -0.03125000 0.08358310
v 0.01289907 -0.03125000 0.08596020
v 0.01761459 -0.03125000 0.08136608
v 0.01996020 -0.03125000 0.07889907
v 0.01544413 -0.03125000 0.08370529
v 0.01773419 -0.03125000 0.08147162
v 0.02030933 -0.03125000 0.07924555
v 0.01784268 -0.03125000 0.08158855
v 0.01324555 -0.03125000 0.08630933
v 0.01555831 -0.03125000 0.08381666
v 0.01793899 -0.03125000 0.08171570
v 0.01362465 -0.03125000 0.08662272
v 0.01568302 -0.03125000 0.08391611
v 0.02089736 -0.03125000 0.08003270
v 0.01802216 -0.03125000 0.08185180
v 0.01403270 -0.03125000 0.08689736
v 0.01581701 -0.03125000 0.08400265
v 0.02113056 -0.03125000 0.08046577
v 0.01809137 -0.03125000 0.08199551
v 0.01446577 -0.03125000 0.08713056
v 0.01595895 -0.03125000 0.08407542
v 0.02132009 -0.03125000 0.08091966
v 0.01814593 -0.03125000 0.08214540
v 0.01491966 -0.03125000 0.08732009
v 0.01610743 -0.03125000 0.08413369
v 0.02146411 -0.03125000 0.08138997
v 0.01818529 -0.03125000 0.08229998
v 0.01538997 -0.03125000 0.08746411
v 0.01626098 -0.03125000 0.08417689
v 0.01587216 -0.03125000 0.08756122
v 0.01641806 -0.03125000 0.08420459
v 0.02156122 -0.03125000 0.08187216
v 0.01820906 -0.03125000 0.08245770
v 0.01657712 -0.03125000 0.08421651
v 0.02161048 -0.03125000 0.08236155
v 0.01821701 -0.03125000 0.08261701
v 0.01685342 -0.03125000 0.08761142
v 0.01673658 -0.03125000 0.08421254
v 0.02161142 -0.03125000 0.08285342
v 0.01820906 -0.03125000 0.08277632
v 0.01734299 -0.03125000 0.08756402
v 0.01689485 -0.03125000 0.08419270
v 0.02156402 -0.03125000 0.08334299
v 0.01818529 -0.03125000 0.08293404
v 0.01705035 -0.03125000 0.08415721
v 0.02146875 -0.03125000 0.08382555
v 0.01814593 -0.03125000 0.08308862
v 0.01829641 -0.03125000 0.08732653
v 0.01720156 -0.03125000 0.08410641
v 0.02132653 -0.03125000 0.08429641
v 0.01809137 -0.03125000 0.08323850
v 0.01875101 -0.03125000 0.08713874
v 0.01734695 -0.03125000 0.08404080
v 0.02113874 -0.03125000 0.08475101
v 0.01802216 -0.03125000 0.08338222
v 0.01918497 -0.03125000 0.08690718
v 0.02090718 -0.03125000 0.08518497
v 0.01793899 -0.03125000 0.08351832
v 0.01959407 -0.03125000 0.08663411
v 0.01761459 -0.03125000 0.08386794
v 0.02063411 -0.03125000 0.08559407
v 0.01784268 -0.03125000 0.08364547
v 0.02032216 -0.03125000 0.08597436
v 0.01773419 -0.03125000 0.08376240
v -0.01166726 -0.02925000 0.08332412
v -0.01778989 -0.02925000 0.04829471
v -0.01997436 -0.02925000 0.04567784
v -0.02032216 -0.02925000 0.04602564
v -0.01767571 -0.02925000 0.04818334
v -0.01935380 -0.02925000 0.04519390
v -0.01789242 -0.02925000 0.04841690
v -0.02063411 -0.02925000 0.04640593
v -0.01755100 -0.02925000 0.04808389
v -0.01798228 -0.02925000 0.04854869
v -0.02090718 -0.02925000 0.04681503
v -0.01741701 -0.02925000 0.04799735
v -0.01875101 -0.02925000 0.04486126
v -0.01805856 -0.02925000 0.04868878
v -0.02113874 -0.02925000 0.04724899
v -0.01727507 -0.02925000 0.04792458
v -0.01829641 -0.02925000 0.04467347
v -0.01812052 -0.02925000 0.04883576
v -0.02132653 -0.02925000 0.04770359
v -0.01712659 -0.02925000 0.04786631
v -0.01753768 -0.02925000 0.04446457
v -0.01816753 -0.02925000 0.04898818
v -0.02146875 -0.02925000 0.04817445
v -0.01697304 -0.02925000 0.04782311
v -0.01819914 -0.02925000 0.04914452
v -0.02156402 -0.02925000 0.04865701
v -0.01681596 -0.02925000 0.04779541
v -0.01685342 -0.02925000 0.04438858
v -0.01821502 -0.02925000 0.04930324
v -0.02161142 -0.02925000 0.04914658
v -0.01665690 -0.02925000 0.04778349
v -0.01636155 -0.02925000 0.04438952
v -0.01821502 -0.02925000 0.04946274
v -0.02161048 -0.02925000 0.04963845
v -0.01649744 -0.02925000 0.04778746
v -0.01587216 -0.02925000 0.04443878
v -0.01819914 -0.02925000 0.04962146
v -0.02156122 -0.02925000 0.05012784
v -0.02146411 -0.02925000 0.05061003
v -0.01633917 -0.02925000 0.04780730
v -0.01538997 -0.02925000 0.04453589
v -0.01816753 -0.02925000 0.04977780
v -0.02132009 -0.02925000 0.05108034
v -0.01618366 -0.02925000 0.04784279
v -0.01491966 -0.02925000 0.04467991
v -0.01812052 -0.02925000 0.04993022
v -0.02113056 -0.02925000 0.05153423
v -0.01603246 -0.02925000 0.04789359
v -0.01446577 -0.02925000 0.04486944
v -0.01805856 -0.02925000 0.05007720
v -0.02089736 -0.02925000 0.05196730
v -0.01588707 -0.02925000 0.04795920
v -0.01798228 -0.02925000 0.05021729
v -0.02062272 -0.02925000 0.05237535
v -0.01362465 -0.02925000 0.04537728
v -0.01789242 -0.02925000 0.05034908
v -0.02030933 -0.02925000 0.05275445
v -0.01561943 -0.02925000 0.04813206
v -0.01324555 -0.02925000 0.04569067
v -0.01778989 -0.02925000 0.05047127
v -0.01549983 -0.02925000 0.04823760
v -0.01289907 -0.02925000 0.04603980
v -0.01539134 -0.02925000 0.04835453
v -0.01996020 -0.02925000 0.05310093
v -0.01767571 -0.02925000 0.05058264
v -0.01957872 -0.02925000 0.05341142
v -0.01755100 -0.02925000 0.05068209
v -0.01258858 -0.02925000 0.04642128
v -0.01529503 -0.02925000 0.04848168
v -0.01916858 -0.02925000 0.05368293
v -0.01741701 -0.02925000 0.05076863
v -0.01231707 -0.02925000 0.04683142
v -0.01521185 -0.02925000 0.04861778
v -0.01873375 -0.02925000 0.05391283
v -0.01514265 -0.02925000 0.04876150
v -0.01827843 -0.02925000 0.05409889
v -0.01190111 -0.02925000 0.04772157
v -0.01508809 -0.02925000 0.04891138
v -0.01176069 -0.02925000 0.04819297
v -0.01504873 -0.02925000 0.04906596
v -0.01780703 -0.02925000 0.05423931
v -0.01697304 -0.02925000 0.05094287
v -0.01166726 -0.02925000 0.04867588
v -0.01501701 -0.02925000 0.04938299
v -0.01502496 -0.02925000 0.04954230
v -0.01504873 -0.02925000 0.04970002
v -0.01508809 -0.02925000 0.04985460
v -0.01514265 -0.02925000 0.05000449
v -0.01521185 -0.02925000 0.05014820
v -0.01529503 -0.02925000 0.05028430
v -0.01539134 -0.02925000 0.05041145
v -0.01549983 -0.02925000 0.05052838
v -0.01502496 -0.02925000 0.04922368
v -0.01732412 -0.02925000 0.05433274
v -0.01561943 -0.02925000 0.05063392
v -0.01574894 -0.02925000 0.05072703
v -0.01588707 -0.02925000 0.05080679
v -0.01603246 -0.02925000 0.05087239
v -0.01618366 -0.02925000 0.05092319
v -0.01649744 -0.02925000 0.05097852
v -0.01665690 -0.02925000 0.05098249
v -0.00207055 -0.02925000 0.05827259
v -0.00772741 -0.02925000 0.06392945
v -0.00796956 -0.02925000 0.06530275
v -0.00787846 -0.02925000 0.06461081
v -0.00787846 -0.02925000 0.06738919
v -0.00800000 -0.02925000 0.06600000
v -0.00796956 -0.02925000 0.06669725
v -0.00772741 -0.02925000 0.06807055
v 0.00207055 -0.02925000 0.05827259
v -0.00138919 -0.02925000 0.05812154
v -0.00069725 -0.02925000 0.05803044
v -0.00000000 -0.02925000 0.05800000
v 0.00069725 -0.02925000 0.05803044
v 0.00138919 -0.02925000 0.05812154
v 0.01544413 -0.02925000 0.04829471
v 0.01324555 -0.02925000 0.04569067
v 0.01289907 -0.02925000 0.04603980
v -0.01778989 -0.02925000 0.08152873
v -0.01996020 -0.02925000 0.07889907
v -0.02030933 -0.02925000 0.07924555
v 0.01555831 -0.02925000 0.04818334
v 0.01362465 -0.02925000 0.04537728
v -0.01767571 -0.02925000 0.08141736
v -0.01957872 -0.02925000 0.07858858
v 0.01534160 -0.02925000 0.04841690
v 0.01258858 -0.02925000 0.04642128
v -0.01789242 -0.02925000 0.08165092
v -0.02062272 -0.02925000 0.07962465
v 0.01568302 -0.02925000 0.04808389
v 0.01403270 -0.02925000 0.04510264
v -0.01755100 -0.02925000 0.08131791
v -0.01916858 -0.02925000 0.07831707
v 0.01525174 -0.02925000 0.04854869
v 0.01231707 -0.02925000 0.04683142
v -0.01798228 -0.02925000 0.08178271
v -0.02089736 -0.02925000 0.08003270
v 0.01581701 -0.02925000 0.04799735
v 0.01446577 -0.02925000 0.04486944
v -0.01741701 -0.02925000 0.08123137
v -0.01873375 -0.02925000 0.07808717
v 0.01517546 -0.02925000 0.04868878
v 0.01208717 -0.02925000 0.04726625
v -0.01805856 -0.02925000 0.08192280
v -0.02113056 -0.02925000 0.08046577
v 0.01595895 -0.02925000 0.04792458
v 0.01491966 -0.02925000 0.04467991
v -0.01727507 -0.02925000 0.08115860
v -0.01827843 -0.02925000 0.07790111
v 0.01511350 -0.02925000 0.04883576
v -0.01812052 -0.02925000 0.08206978
v -0.02132009 -0.02925000 0.08091966
v 0.01610743 -0.02925000 0.04786631
v 0.01538997 -0.02925000 0.04453589
v -0.01712659 -0.02925000 0.08110033
v -0.01780703 -0.02925000 0.07776069
v 0.01506649 -0.02925000 0.04898818
v 0.01180755 -0.02925000 0.04800184
v -0.01816753 -0.02925000 0.08222220
v -0.02146411 -0.02925000 0.08138997
v 0.01626098 -0.02925000 0.04782311
v 0.01587216 -0.02925000 0.04443878
v -0.01697304 -0.02925000 0.08105713
v -0.01732412 -0.02925000 0.07766726
v 0.01503488 -0.02925000 0.04914452
v 0.01166726 -0.02925000 0.04867588
v -0.01819914 -0.02925000 0.08237854
v -0.02156122 -0.02925000 0.08187216
v -0.02161048 -0.02925000 0.08236155
v 0.01641806 -0.02925000 0.04779541
v 0.01636155 -0.02925000 0.04438952
v -0.01681596 -0.02925000 0.08102943
v 0.01501900 -0.02925000 0.04930324
v -0.01821502 -0.02925000 0.08253726
v -0.02161142 -0.02925000 0.08285342
v 0.01657712 -0.02925000 0.04778349
v 0.01685342 -0.02925000 0.04438858
v -0.01665690 -0.02925000 0.08101751
v 0.01501900 -0.02925000 0.04946274
v -0.01821502 -0.02925000 0.08269676
v -0.02156402 -0.02925000 0.08334299
v 0.01673658 -0.02925000 0.04778746
v 0.01734299 -0.02925000 0.04443598
v -0.01649744 -0.02925000 0.08102148
v -0.01819914 -0.02925000 0.08285548
v -0.02146875 -0.02925000 0.08382555
v 0.01689485 -0.02925000 0.04780730
v 0.01782555 -0.02925000 0.04453125
v -0.01633917 -0.02925000 0.08104132
v 0.01506649 -0.02925000 0.04977780
v -0.01816753 -0.02925000 0.08301182
v -0.02132653 -0.02925000 0.08429641
v 0.01705035 -0.02925000 0.04784279
v 0.01829641 -0.02925000 0.04467347
v -0.01618366 -0.02925000 0.08107681
v 0.01511350 -0.02925000 0.04993022
v -0.01812052 -0.02925000 0.08316424
v -0.02113874 -0.02925000 0.08475101
v 0.01720156 -0.02925000 0.04789359
v 0.01875101 -0.02925000 0.04486126
v -0.01603246 -0.02925000 0.08112761
v 0.01517546 -0.02925000 0.05007720
v -0.01805856 -0.02925000 0.08331122
v -0.02090718 -0.02925000 0.08518497
v 0.01734695 -0.02925000 0.04795920
v 0.01918497 -0.02925000 0.04509282
v -0.01588707 -0.02925000 0.08119321
v 0.01525174 -0.02925000 0.05021729
v -0.01798228 -0.02925000 0.08345131
v -0.02063411 -0.02925000 0.08559407
v 0.01959407 -0.02925000 0.04536589
v -0.01574894 -0.02925000 0.08127297
v 0.01534160 -0.02925000 0.05034908
v -0.01789242 -0.02925000 0.08358310
v -0.02032216 -0.02925000 0.08597436
v 0.01761459 -0.02925000 0.04813206
v 0.01997436 -0.02925000 0.04567784
v -0.01561943 -0.02925000 0.08136608
v 0.01544413 -0.02925000 0.05047127
v -0.01778989 -0.02925000 0.08370529
v 0.01773419 -0.02925000 0.04823760
v -0.01549983 -0.02925000 0.08147162
v 0.02032216 -0.02925000 0.04602564
v -0.01997436 -0.02925000 0.08632216
v -0.01767571 -0.02925000 0.08381666
v 0.02063411 -0.02925000 0.04640593
v 0.01793899 -0.02925000 0.04848168
v -0.01959407 -0.02925000 0.08663411
v -0.01755100 -0.02925000 0.08391611
v 0.02090718 -0.02925000 0.04681503
v 0.01802216 -0.02925000 0.04861778
v -0.01918497 -0.02925000 0.08690718
v -0.01741701 -0.02925000 0.08400265
v 0.02113874 -0.02925000 0.04724899
v 0.01809137 -0.02925000 0.04876150
v -0.01875101 -0.02925000 0.08713874
v 0.02132653 -0.02925000 0.04770359
v 0.01814593 -0.02925000 0.04891138
v -0.01829641 -0.02925000 0.08732653
v 0.02146875 -0.02925000 0.04817445
v 0.01818529 -0.02925000 0.04906596
v -0.01782555 -0.02925000 0.08746875
v -0.01697304 -0.02925000 0.08417689
v 0.02156402 -0.02925000 0.04865701
v 0.01820906 -0.02925000 0.04922368
v -0.01734299 -0.02925000 0.08756402
v 0.02161142 -0.02925000 0.04914658
v 0.01821701 -0.02925000 0.04938299
v -0.01685342 -0.02925000 0.08761142
v -0.01665690 -0.02925000 0.08421651
v 0.02161048 -0.02925000 0.04963845
v 0.01820906 -0.02925000 0.04954230
v -0.01636155 -0.02925000 0.08761048
v -0.01649744 -0.02925000 0.08421254
v 0.01732412 -0.02925000 0.05433274
v 0.01673658 -0.02925000 0.05097852
v 0.01657712 -0.02925000 0.05098249
v 0.01626098 -0.02925000 0.05094287
v 0.01610743 -0.02925000 0.05089967
v 0.01595895 -0.02925000 0.05084140
v 0.01581701 -0.02925000 0.05076863
v 0.01568302 -0.02925000 0.05068209
v 0.01555831 -0.02925000 0.05058264
v -0.01501701 -0.02925000 0.08261701
v -0.01502496 -0.02925000 0.08277632
v -0.01504873 -0.02925000 0.08293404
v -0.01539134 -0.02925000 0.08158855
v -0.01529503 -0.02925000 0.08171570
v -0.01521185 -0.02925000 0.08185180
v -0.01514265 -0.02925000 0.08199551
v -0.01508809 -0.02925000 0.08214540
v -0.01504873 -0.02925000 0.08229998
v -0.01502496 -0.02925000 0.08245770
v 0.00772741 -0.02925000 0.06392945
v 0.02156122 -0.02925000 0.05012784
v 0.01818529 -0.02925000 0.04970002
v -0.01587216 -0.02925000 0.08756122
v 0.01780703 -0.02925000 0.05423931
v 0.01705035 -0.02925000 0.05092319
v -0.01176069 -0.02925000 0.08380703
v -0.01508809 -0.02925000 0.08308862
v 0.02146411 -0.02925000 0.05061003
v 0.01814593 -0.02925000 0.04985460
v -0.01538997 -0.02925000 0.08746411
v -0.01618366 -0.02925000 0.08415721
v -0.01190111 -0.02925000 0.08427843
v -0.01514265 -0.02925000 0.08323850
v 0.01827843 -0.02925000 0.05409889
v 0.01720156 -0.02925000 0.05087239
v 0.02132009 -0.02925000 0.05108034
v 0.01809137 -0.02925000 0.05000449
v -0.01491966 -0.02925000 0.08732009
v -0.01603246 -0.02925000 0.08410641
v 0.01734695 -0.02925000 0.05080679
v -0.01521185 -0.02925000 0.08338222
v 0.02113056 -0.02925000 0.05153423
v 0.01802216 -0.02925000 0.05014820
v -0.01446577 -0.02925000 0.08713056
v -0.01588707 -0.02925000 0.08404080
v 0.01916858 -0.02925000 0.05368293
v 0.01748508 -0.02925000 0.05072703
v -0.01231707 -0.02925000 0.08516858
v -0.01529503 -0.02925000 0.08351832
v 0.02089736 -0.02925000 0.05196730
v 0.01793899 -0.02925000 0.05028430
v -0.01403270 -0.02925000 0.08689736
v -0.01574894 -0.02925000 0.08396105
v 0.01957872 -0.02925000 0.05341142
v 0.01761459 -0.02925000 0.05063392
v -0.01258858 -0.02925000 0.08557872
v -0.01539134 -0.02925000 0.08364547
v 0.02062272 -0.02925000 0.05237535
v 0.01784268 -0.02925000 0.05041145
v -0.01362465 -0.02925000 0.08662272
v -0.01561943 -0.02925000 0.08386794
v 0.01996020 -0.02925000 0.05310093
v 0.01773419 -0.02925000 0.05052838
v -0.01289907 -0.02925000 0.08596020
v -0.01549983 -0.02925000 0.08376240
v 0.02030933 -0.02925000 0.05275445
v -0.01324555 -0.02925000 0.08630933
v 0.00796956 -0.02925000 0.06530275
v 0.00787846 -0.02925000 0.06461081
v 0.00772741 -0.02925000 0.06807055
v 0.00800000 -0.02925000 0.06600000
v 0.00796956 -0.02925000 0.06669725
v 0.00787846 -0.02925000 0.06738919
v 0.01732412 -0.02925000 0.07766726
v 0.01544413 -0.02925000 0.08152873
v 0.01555831 -0.02925000 0.08141736
v 0.01534160 -0.02925000 0.08165092
v 0.01568302 -0.02925000 0.08131791
v 0.01525174 -0.02925000 0.08178271
v 0.01581701 -0.02925000 0.08123137
v 0.01517546 -0.02925000 0.08192280
v 0.01595895 -0.02925000 0.08115860
v 0.01511350 -0.02925000 0.08206978
v 0.01610743 -0.02925000 0.08110033
v 0.01506649 -0.02925000 0.08222220
v 0.01626098 -0.02925000 0.08105713
v 0.01503488 -0.02925000 0.08237854
v 0.01641806 -0.02925000 0.08102943
v 0.01501900 -0.02925000 0.08253726
v 0.01657712 -0.02925000 0.08101751
v 0.01501900 -0.02925000 0.08269676
v 0.01673658 -0.02925000 0.08102148
v 0.01503488 -0.02925000 0.08285548
v 0.01176069 -0.02925000 0.08380703
v 0.01689485 -0.02925000 0.08104132
v 0.01780703 -0.02925000 0.07776069
v 0.01506649 -0.02925000 0.08301182
v 0.01190111 -0.02925000 0.08427843
v 0.01705035 -0.02925000 0.08107681
v 0.01827843 -0.02925000 0.07790111
v 0.01511350 -0.02925000 0.08316424
v 0.01720156 -0.02925000 0.08112761
v 0.01873375 -0.02925000 0.07808717
v 0.01517546 -0.02925000 0.08331122
v 0.01231707 -0.02925000 0.08516858
v 0.01734695 -0.02925000 0.08119321
v 0.01916858 -0.02925000 0.07831707
v 0.01525174 -0.02925000 0.08345131
v 0.01258858 -0.02925000 0.08557872
v 0.01957872 -0.02925000 0.07858858
v 0.01534160 -0.02925000 0.08358310
v 0.01289907 -0.02925000 0.08596020
v 0.01761459 -0.02925000 0.08136608
v 0.01996020 -0.02925000 0.07889907
v 0.01544413 -0.02925000 0.08370529
v 0.01773419 -0.02925000 0.08147162
v 0.02030933 -0.02925000 0.07924555
v 0.01324555 -0.02925000 0.08630933
v 0.01555831 -0.02925000 0.08381666
v 0.02062272 -0.02925000 0.07962465
v 0.01793899 -0.02925000 0.08171570
v 0.01362465 -0.02925000 0.08662272
v 0.01568302 -0.02925000 0.08391611
v 0.01581701 -0.02925000 0.08400265
v 0.02089736 -0.02925000 0.08003270
v 0.01802216 -0.02925000 0.08185180
v 0.02113056 -0.02925000 0.08046577
v 0.01809137 -0.02925000 0.08199551
v 0.01446577 -0.02925000 0.08713056
v 0.02132009 -0.02925000 0.08091966
v 0.01814593 -0.02925000 0.08214540
v 0.01491966 -0.02925000 0.08732009
v 0.02146411 -0.02925000 0.08138997
v 0.01818529 -0.02925000 0.08229998
v 0.01538997 -0.02925000 0.08746411
v 0.01626098 -0.02925000 0.08417689
v 0.02156122 -0.02925000 0.08187216
v 0.01820906 -0.02925000 0.08245770
v 0.01587216 -0.02925000 0.08756122
v 0.01636155 -0.02925000 0.08761048
v 0.01657712 -0.02925000 0.08421651
v 0.02161048 -0.02925000 0.08236155
v 0.01821701 -0.02925000 0.08261701
v 0.01685342 -0.02925000 0.08761142
v 0.01673658 -0.02925000 0.08421254
v 0.02161142 -0.02925000 0.08285342
v 0.01820906 -0.02925000 0.08277632
v 0.02156402 -0.02925000 0.08334299
v 0.01818529 -0.02925000 0.08293404
v 0.01734299 -0.02925000 0.08756402
v 0.02146875 -0.02925000 0.08382555
v 0.01814593 -0.02925000 0.08308862
v 0.01782555 -0.02925000 0.08746875
v 0.01705035 -0.02925000 0.08415721
v 0.01829641 -0.02925000 0.08732653
v 0.01720156 -0.02925000 0.08410641
v 0.02132653 -0.02925000 0.08429641
v 0.01809137 -0.02925000 0.08323850
v 0.01875101 -0.02925000 0.08713874
v 0.01734695 -0.02925000 0.08404080
v 0.02113874 -0.02925000 0.08475101
v 0.01802216 -0.02925000 0.08338222
v 0.01918497 -0.02925000 0.08690718
v 0.01748508 -0.02925000 0.08396105
v 0.02090718 -0.02925000 0.08518497
v 0.01793899 -0.02925000 0.08351832
v 0.02063411 -0.02925000 0.08559407
v 0.01784268 -0.02925000 0.08364547
v 0.01959407 -0.02925000 0.08663411
v 0.01761459 -0.02925000 0.08386794
v 0.01997436 -0.02925000 0.08632216
v 0.01773419 -0.02925000 0.08376240
v 0.02032216 -0.02925000 0.08597436
v 0.00621894 -0.03675000 0.06662230
v 0.00625000 -0.03675000 0.06600000
v 0.00612608 -0.03675000 0.06723841
v 0.00597233 -0.03675000 0.06784222
v 0.00575923 -0.03675000 0.06842772
v 0.00548888 -0.03675000 0.06898909
v 0.00516399 -0.03675000 0.06952075
v 0.00478778 -0.03675000 0.07001742
v 0.00436398 -0.03675000 0.07047417
v 0.00389681 -0.03675000 0.07088645
v 0.00339091 -0.03675000 0.07125016
v 0.00285132 -0.03675000 0.07156170
v 0.00228338 -0.03675000 0.07181796
v 0.00169275 -0.03675000 0.07201640
v 0.00108530 -0.03675000 0.07215505
v 0.00046706 -0.03675000 0.07223252
v -0.00015582 -0.03675000 0.07224806
v -0.00077715 -0.03675000 0.07220150
v -0.00139076 -0.03675000 0.07209330
v -0.00199054 -0.03675000 0.07192455
v -0.00257054 -0.03675000 0.07169691
v -0.00312500 -0.03675000 0.07141266
v -0.00364840 -0.03675000 0.07107461
v -0.00413554 -0.03675000 0.07068613
v -0.00458157 -0.03675000 0.07025108
v -0.00498208 -0.03675000 0.06977378
v -0.00533307 -0.03675000 0.06925897
v -0.00563106 -0.03675000 0.06871177
v -0.00587308 -0.03675000 0.06813763
v -0.00605673 -0.03675000 0.06754223
v -0.00618019 -0.03675000 0.06693151
v -0.00624223 -0.03675000 0.06631154
v -0.00624223 -0.03675000 0.06568846
v -0.00618019 -0.03675000 0.06506849
v -0.00605673 -0.03675000 0.06445777
v -0.00587308 -0.03675000 0.06386237
v -0.00563106 -0.03675000 0.06328823
v -0.00533307 -0.03675000 0.06274103
v -0.00498208 -0.03675000 0.06222622
v -0.00458157 -0.03675000 0.06174892
v -0.00413554 -0.03675000 0.06131387
v -0.00364840 -0.03675000 0.06092539
v -0.00312500 -0.03675000 0.06058734
v -0.00257054 -0.03675000 0.06030309
v -0.00199054 -0.03675000 0.06007545
v -0.00139076 -0.03675000 0.05990670
v -0.00077715 -0.03675000 0.05979850
v -0.00015582 -0.03675000 0.05975194
v 0.00046706 -0.03675000 0.05976748
v 0.00108530 -0.03675000 0.05984495
v 0.00169275 -0.03675000 0.05998360
v 0.00228338 -0.03675000 0.06018204
v 0.00285132 -0.03675000 0.06043830
v 0.00339091 -0.03675000 0.06074984
v 0.00389681 -0.03675000 0.06111355
v 0.00436398 -0.03675000 0.06152583
v 0.00478778 -0.03675000 0.06198258
v 0.00516399 -0.03675000 0.06247925
v 0.00548888 -0.03675000 0.06301091
v 0.00575923 -0.03675000 0.06357228
v 0.00597233 -0.03675000 0.06415778
v 0.00612608 -0.03675000 0.06476159
v 0.00621894 -0.03675000 0.06537770
v -0.00330578 -0.03675000 0.06225409
v -0.00366233 -0.03675000 0.06260186
v -0.00398247 -0.03675000 0.06298339
v -0.00291638 -0.03675000 0.06194356
v -0.00426304 -0.03675000 0.06339491
v -0.00249800 -0.03675000 0.06167334
v -0.00450124 -0.03675000 0.06383232
v -0.00205479 -0.03675000 0.06144612
v -0.00469470 -0.03675000 0.06429127
v -0.00159116 -0.03675000 0.06126415
v -0.00484151 -0.03675000 0.06476720
v -0.00111171 -0.03675000 0.06112926
v -0.00494020 -0.03675000 0.06525538
v -0.00062122 -0.03675000 0.06104277
v -0.00498979 -0.03675000 0.06575097
v -0.00012455 -0.03675000 0.06100555
v -0.00498979 -0.03675000 0.06624903
v 0.00037335 -0.03675000 0.06101797
v -0.00494020 -0.03675000 0.06674462
v 0.00086755 -0.03675000 0.06107990
v -0.00484151 -0.03675000 0.06723280
v 0.00135312 -0.03675000 0.06119073
v -0.00469470 -0.03675000 0.06770873
v 0.00182524 -0.03675000 0.06134935
v -0.00450124 -0.03675000 0.06816768
v 0.00227923 -0.03675000 0.06155420
v -0.00426304 -0.03675000 0.06860509
v 0.00271056 -0.03675000 0.06180323
v -0.00398247 -0.03675000 0.06901661
v 0.00311495 -0.03675000 0.06209397
v -0.00366233 -0.03675000 0.06939814
v 0.00348839 -0.03675000 0.06242353
v -0.00330578 -0.03675000 0.06974591
v 0.00382716 -0.03675000 0.06278863
v 0.00412789 -0.03675000 0.06318565
v -0.00291638 -0.03675000 0.07005644
v -0.00249800 -0.03675000 0.07032666
v -0.00205479 -0.03675000 0.07055388
v 0.00438760 -0.03675000 0.06361064
v 0.00460370 -0.03675000 0.06405938
v -0.00159116 -0.03675000 0.07073585
v 0.00477404 -0.03675000 0.06452740
v -0.00111171 -0.03675000 0.07087074
v 0.00489694 -0.03675000 0.06501006
v 0.00497117 -0.03675000 0.06550256
v -0.00062122 -0.03675000 0.07095723
v -0.00012455 -0.03675000 0.07099445
v 0.00499600 -0.03675000 0.06600000
v 0.00037335 -0.03675000 0.07098203
v 0.00086755 -0.03675000 0.07092010
v 0.00497117 -0.03675000 0.06649744
v 0.00489694 -0.03675000 0.06698994
v 0.00477404 -0.03675000 0.06747260
v 0.00135312 -0.03675000 0.07080927
v 0.00182524 -0.03675000 0.07065065
v 0.00460370 -0.03675000 0.06794062
v 0.00438760 -0.03675000 0.06838936
v 0.00227923 -0.03675000 0.07044580
v 0.00271056 -0.03675000 0.07019677
v 0.00311495 -0.03675000 0.06990603
v 0.00412789 -0.03675000 0.06881435
v 0.00348839 -0.03675000 0.06957647
v 0.00382716 -0.03675000 0.06921137
v 0.00497117 -0.04215000 0.06649744
v 0.00499600 -0.04215000 0.06600000
v 0.00489694 -0.04215000 0.06698994
v 0.00477404 -0.04215000 0.06747260
v 0.00460370 -0.04215000 0.06794062
v 0.00438760 -0.04215000 0.06838936
v 0.00412789 -0.04215000 0.06881435
v 0.00382716 -0.04215000 0.06921137
v 0.00348839 -0.04215000 0.06957647
v 0.00311495 -0.04215000 0.06990603
v 0.00271056 -0.04215000 0.07019677
v 0.00227923 -0.04215000 0.07044580
v 0.00182524 -0.04215000 0.07065065
v 0.00135312 -0.04215000 0.07080927
v 0.00086755 -0.04215000 0.07092010
v 0.00037335 -0.04215000 0.07098203
v -0.00012455 -0.04215000 0.07099445
v -0.00062122 -0.04215000 0.07095723
v -0.00159116 -0.04215000 0.07073585
v -0.00205479 -0.04215000 0.07055388
v -0.00249800 -0.04215000 0.07032666
v -0.00291638 -0.04215000 0.07005644
v -0.00330578 -0.04215000 0.06974591
v -0.00366233 -0.04215000 0.06939814
v -0.00398247 -0.04215000 0.06901661
v -0.00426304 -0.04215000 0.06860509
v -0.00450124 -0.04215000 0.06816768
v -0.00469470 -0.04215000 0.06770873
v -0.00484151 -0.04215000 0.06723280
v -0.00494020 -0.04215000 0.06674462
v -0.00498979 -0.04215000 0.06624903
v -0.00498979 -0.04215000 0.06575097
v -0.00494020 -0.04215000 0.06525538
v -0.00484151 -0.04215000 0.06476720
v -0.00469470 -0.04215000 0.06429127
v -0.00450124 -0.04215000 0.06383232
v -0.00426304 -0.04215000 0.06339491
v -0.00398247 -0.04215000 0.06298339
v -0.00366233 -0.04215000 0.06260186
v -0.00330578 -0.04215000 0.06225409
v -0.00291638 -0.04215000 0.06194356
v -0.00249800 -0.04215000 0.06167334
v -0.00205479 -0.04215000 0.06144612
v -0.00159116 -0.04215000 0.06126415
v -0.00111171 -0.04215000 0.06112926
v -0.00062122 -0.04215000 0.06104277
v -0.00012455 -0.04215000 0.06100555
v 0.00037335 -0.04215000 0.06101797
v 0.00086755 -0.04215000 0.06107990
v 0.00135312 -0.04215000 0.06119073
v 0.00182524 -0.04215000 0.06134935
v 0.00227923 -0.04215000 0.06155420
v 0.00271056 -0.04215000 0.06180323
v 0.00311495 -0.04215000 0.06209397
v 0.00348839 -0.04215000 0.06242353
v 0.00382716 -0.04215000 0.06278863
v 0.00412789 -0.04215000 0.06318565
v 0.00438760 -0.04215000 0.06361064
v 0.00460370 -0.04215000 0.06405938
v 0.00477404 -0.04215000 0.06452740
v 0.00489694 -0.04215000 0.06501006
v 0.00497117 -0.04215000 0.06550256
v -0.00082711 -0.04215000 0.06506277
v -0.00091631 -0.04215000 0.06514978
v -0.00099642 -0.04215000 0.06524524
v -0.00072968 -0.04215000 0.06498508
v -0.00106661 -0.04215000 0.06534821
v -0.00062500 -0.04215000 0.06491747
v -0.00112621 -0.04215000 0.06545765
v -0.00051411 -0.04215000 0.06486062
v -0.00117462 -0.04215000 0.06557247
v -0.00039811 -0.04215000 0.06481509
v -0.00121135 -0.04215000 0.06569155
v -0.00027815 -0.04215000 0.06478134
v -0.00123604 -0.04215000 0.06581370
v -0.00015543 -0.04215000 0.06475970
v -0.00124845 -0.04215000 0.06593769
v -0.00003116 -0.04215000 0.06475039
v -0.00124845 -0.04215000 0.06606231
v 0.00009341 -0.04215000 0.06475350
v -0.00123604 -0.04215000 0.06618630
v 0.00021706 -0.04215000 0.06476899
v -0.00121135 -0.04215000 0.06630845
v 0.00033855 -0.04215000 0.06479672
v -0.00117462 -0.04215000 0.06642753
v 0.00045668 -0.04215000 0.06483641
v -0.00112621 -0.04215000 0.06654235
v 0.00057026 -0.04215000 0.06488766
v -0.00106661 -0.04215000 0.06665179
v 0.00067818 -0.04215000 0.06494997
v -0.00099642 -0.04215000 0.06675476
v 0.00077936 -0.04215000 0.06502271
v -0.00091631 -0.04215000 0.06685022
v 0.00087280 -0.04215000 0.06510517
v -0.00082711 -0.04215000 0.06693723
v -0.00072968 -0.04215000 0.06701492
v 0.00095756 -0.04215000 0.06519652
v 0.00103280 -0.04215000 0.06529585
v -0.00062500 -0.04215000 0.06708253
v 0.00109778 -0.04215000 0.06540218
v -0.00051411 -0.04215000 0.06713938
v -0.00039811 -0.04215000 0.06718491
v 0.00115185 -0.04215000 0.06551446
v 0.00119447 -0.04215000 0.06563156
v -0.00027815 -0.04215000 0.06721866
v 0.00122522 -0.04215000 0.06575232
v 0.00124379 -0.04215000 0.06587554
v -0.00015543 -0.04215000 0.06724030
v -0.00003116 -0.04215000 0.06724961
v 0.00125000 -0.04215000 0.06600000
v 0.00009341 -0.04215000 0.06724650
v 0.00124379 -0.04215000 0.06612446
v 0.00122522 -0.04215000 0.06624768
v 0.00021706 -0.04215000 0.06723101
v 0.00119447 -0.04215000 0.06636844
v 0.00033855 -0.04215000 0.06720328
v 0.00115185 -0.04215000 0.06648554
v 0.00045668 -0.04215000 0.06716359
v 0.00057026 -0.04215000 0.06711234
v 0.00067818 -0.04215000 0.06705003
v 0.00109778 -0.04215000 0.06659782
v 0.00103280 -0.04215000 0.06670415
v 0.00077936 -0.04215000 0.06697729
v 0.00087280 -0.04215000 0.06689483
v 0.00095756 -0.04215000 0.06680348
v 0.00125000 -0.03415000 0.06600000
v 0.00124379 -0.03415000 0.06612446
v 0.00122522 -0.03415000 0.06624768
v 0.00119447 -0.03415000 0.06636844
v 0.00115185 -0.03415000 0.06648554
v 0.00109778 -0.03415000 0.06659782
v 0.00103280 -0.03415000 0.06670415
v 0.00095756 -0.03415000 0.06680348
v 0.00087280 -0.03415000 0.06689483
v 0.00077936 -0.03415000 0.06697729
v 0.00067818 -0.03415000 0.06705003
v 0.00057026 -0.03415000 0.06711234
v 0.00045668 -0.03415000 0.06716359
v 0.00033855 -0.03415000 0.06720328
v 0.00021706 -0.03415000 0.06723101
v 0.00009341 -0.03415000 0.06724650
v -0.00003116 -0.03415000 0.06724961
v -0.00015543 -0.03415000 0.06724030
v -0.00027815 -0.03415000 0.06721866
v -0.00039811 -0.03415000 0.06718491
v -0.00051411 -0.03415000 0.06713938
v -0.00062500 -0.03415000 0.06708253
v -0.00072968 -0.03415000 0.06701492
v -0.00082711 -0.03415000 0.06693723
v -0.00091631 -0.03415000 0.06685022
v -0.00099642 -0.03415000 0.06675476
v -0.00106661 -0.03415000 0.06665179
v -0.00112621 -0.03415000 0.06654235
v -0.00117462 -0.03415000 0.06642753
v -0.00121135 -0.03415000 0.06630845
v -0.00123604 -0.03415000 0.06618630
v -0.00124845 -0.03415000 0.06606231
v -0.00124845 -0.03415000 0.06593769
v -0.00123604 -0.03415000 0.06581370
v -0.00121135 -0.03415000 0.06569155
v -0.00117462 -0.03415000 0.06557247
v -0.00112621 -0.03415000 0.06545765
v -0.00106661 -0.03415000 0.06534821
v -0.00099642 -0.03415000 0.06524524
v -0.00091631 -0.03415000 0.06514978
v -0.00082711 -0.03415000 0.06506277
v -0.00072968 -0.03415000 0.06498508
v -0.00062500 -0.03415000 0.06491747
v -0.00051411 -0.03415000 0.06486062
v -0.00039811 -0.03415000 0.06481509
v -0.00027815 -0.03415000 0.06478134
v -0.00015543 -0.03415000 0.06475970
v -0.00003116 -0.03415000 0.06475039
v 0.00009341 -0.03415000 0.06475350
v 0.00021706 -0.03415000 0.06476899
v 0.00033855 -0.03415000 0.06479672
v 0.00045668 -0.03415000 0.06483641
v 0.00057026 -0.03415000 0.06488766
v 0.00067818 -0.03415000 0.06494997
v 0.00077936 -0.03415000 0.06502271
v 0.00087280 -0.03415000 0.06510517
v 0.00095756 -0.03415000 0.06519652
v 0.00103280 -0.03415000 0.06529585
v 0.00109778 -0.03415000 0.06540218
v 0.00115185 -0.03415000 0.06551446
v 0.00119447 -0.03415000 0.06563156
v 0.00122522 -0.03415000 0.06575232
v 0.00124379 -0.03415000 0.06587554
v 0.00207055 -0.03065303 0.07372741
v 0.00172987 -0.02925000 0.07380293
v 0.00104322 -0.02925000 0.07392401
v 0.00092789 -0.02991667 0.07393919
v 0.00138919 -0.03013854 0.07387846
v 0.00000000 -0.03020366 0.07400000
v 0.00046483 -0.03058333 0.07397971
v -0.00034862 -0.02925000 0.07398478
v -0.00069725 -0.03032715 0.07396956
v -0.00023242 -0.03058333 0.07398985
v -0.00104322 -0.02925000 0.07392401
v -0.00115854 -0.02991667 0.07390883
v -0.00092789 -0.03058333 0.07393919
v -0.00172987 -0.03125000 0.07380293
v -0.00161631 -0.03058333 0.07382811
v 0.00686891 -0.03025000 0.07852576
v 0.00686891 -0.03125000 0.07852576
v 0.00526946 -0.03058333 0.07692631
v 0.00686891 -0.02925000 0.07852576
v 0.01166726 -0.03024695 0.08332412
v -0.01920908 -0.03125000 0.04691312
v -0.01868106 -0.03125000 0.04718579
v -0.01978422 -0.03125000 0.04552186
v -0.01870372 -0.03125000 0.04683132
v -0.01943975 -0.03125000 0.04718045
v -0.01888773 -0.03125000 0.04740018
v -0.01844205 -0.03125000 0.04663803
v -0.01761335 -0.03125000 0.04813361
v -0.01883627 -0.03125000 0.04779051
v -0.01918497 -0.03125000 0.04509282
v -0.01748400 -0.03125000 0.04804062
v -0.01952476 -0.03125000 0.04783064
v -0.01802042 -0.03125000 0.04861874
v -0.01786807 -0.03125000 0.04633329
v -0.01734604 -0.03125000 0.04796097
v -0.01781436 -0.03125000 0.04692773
v -0.01995939 -0.03125000 0.04809956
v -0.01829641 -0.03125000 0.04467347
v -0.01720083 -0.03125000 0.04789544
v -0.02006954 -0.03125000 0.04843503
v -0.01947595 -0.03125000 0.04842753
v -0.01724546 -0.03125000 0.04614708
v -0.02014611 -0.03125000 0.04877971
v -0.01691941 -0.03125000 0.04581599
v -0.02018835 -0.03125000 0.04913026
v -0.01676529 -0.03125000 0.04637093
v -0.01656659 -0.03125000 0.04580352
v -0.01821502 -0.03125000 0.04938299
v -0.01627357 -0.03125000 0.04610451
v -0.01650530 -0.03125000 0.04665349
v -0.02011989 -0.03125000 0.05011776
v -0.01989587 -0.03125000 0.04971869
v -0.01820708 -0.03125000 0.04954210
v -0.01598638 -0.03125000 0.04585852
v -0.01591775 -0.03125000 0.04645013
v -0.01641831 -0.03125000 0.04779738
v -0.01954637 -0.03125000 0.05009851
v -0.01974602 -0.03125000 0.05042163
v -0.01563704 -0.03125000 0.04623558
v -0.01530768 -0.03125000 0.04605053
v -0.01535544 -0.03125000 0.04664446
v -0.01610806 -0.03125000 0.04786819
v -0.01910321 -0.03125000 0.05051389
v -0.01595977 -0.03125000 0.04792639
v -0.01503860 -0.03125000 0.04648898
v -0.01938896 -0.03125000 0.05116563
v -0.01802042 -0.03125000 0.05014725
v -0.01581800 -0.03125000 0.04799907
v -0.01476101 -0.03125000 0.04665866
v -0.01910563 -0.03125000 0.05154563
v -0.01362465 -0.03125000 0.04537728
v -0.01458048 -0.03125000 0.04715879
v -0.01404047 -0.03125000 0.04689736
v -0.01408956 -0.03125000 0.04726690
v -0.01544558 -0.03125000 0.04829607
v -0.01880995 -0.03125000 0.05184446
v -0.01935314 -0.03125000 0.05210888
v -0.01418339 -0.03125000 0.04760199
v -0.01855666 -0.03125000 0.05204866
v -0.01401956 -0.03125000 0.04785078
v -0.01360314 -0.03125000 0.04745067
v -0.01828447 -0.03125000 0.05222691
v -0.01388107 -0.03125000 0.04811453
v -0.01342744 -0.03125000 0.04775692
v -0.01799603 -0.03125000 0.05237746
v -0.01376928 -0.03125000 0.04839065
v -0.01328276 -0.03125000 0.04807899
v -0.01720083 -0.03125000 0.05087054
v -0.01769416 -0.03125000 0.05249884
v -0.01317051 -0.03125000 0.04841374
v -0.01368527 -0.03125000 0.04867645
v -0.01704982 -0.03125000 0.05092127
v -0.01738178 -0.03125000 0.05258988
v -0.01362360 -0.03125000 0.04910828
v -0.01364601 -0.03125000 0.04929236
v -0.01368548 -0.03125000 0.04942592
v -0.01508809 -0.03125000 0.04985460
v -0.01343956 -0.03125000 0.04941204
v -0.01517725 -0.03125000 0.05007634
v -0.01400725 -0.03125000 0.04960952
v -0.01348114 -0.03125000 0.04948009
v -0.01525344 -0.03125000 0.05021625
v -0.01405805 -0.03125000 0.04970279
v -0.01352930 -0.03125000 0.04954367
v -0.01534318 -0.03125000 0.05034788
v -0.01411788 -0.03125000 0.04979055
v -0.01460237 -0.03125000 0.05070345
v -0.01544558 -0.03125000 0.05046991
v -0.01418614 -0.03125000 0.04987190
v -0.01309178 -0.03125000 0.04875793
v -0.01362988 -0.03125000 0.04896915
v -0.01502099 -0.03125000 0.04930334
v -0.01449569 -0.03125000 0.05150431
v -0.01647177 -0.03125000 0.05248333
v -0.01555963 -0.03125000 0.05058115
v -0.01614779 -0.03125000 0.05183168
v -0.01653653 -0.03125000 0.05252988
v -0.01568418 -0.03125000 0.05068048
v -0.01623083 -0.03125000 0.05189790
v -0.01660559 -0.03125000 0.05256976
v -0.01581800 -0.03125000 0.05076691
v -0.01632004 -0.03125000 0.05195552
v -0.01659585 -0.03125000 0.05232267
v -0.01595977 -0.03125000 0.05083959
v -0.01641455 -0.03125000 0.05200397
v -0.01668477 -0.03125000 0.05234975
v -0.01682358 -0.03125000 0.05250926
v -0.01626142 -0.03125000 0.05094094
v -0.01695476 -0.03125000 0.05237561
v -0.01657717 -0.03125000 0.05098050
v -0.01673643 -0.03125000 0.05097653
v -0.01709314 -0.03125000 0.05235993
v -0.01252576 -0.03125000 0.05913109
v -0.00954400 -0.03125000 0.05895072
v -0.00719460 -0.03125000 0.05588524
v -0.00686891 -0.03125000 0.05347424
v -0.00319394 -0.03125000 0.05998192
v -0.00576369 -0.03125000 0.06263486
v -0.00601418 -0.03125000 0.06296557
v -0.00294798 -0.03125000 0.05992844
v -0.00623051 -0.03125000 0.06331957
v -0.00258870 -0.03125000 0.05972101
v -0.00641051 -0.03125000 0.06369335
v -0.00221055 -0.03125000 0.05955038
v -0.00655241 -0.03125000 0.06408320
v -0.00172987 -0.03125000 0.05819707
v -0.00161683 -0.03125000 0.05876694
v -0.00181728 -0.03125000 0.05941825
v -0.00734274 -0.03125000 0.06499402
v -0.00611846 -0.03125000 0.06476313
v -0.00670513 -0.03125000 0.06471236
v -0.00095453 -0.03125000 0.05865016
v -0.00118570 -0.03125000 0.05927558
v -0.00740393 -0.03125000 0.06566374
v -0.00679733 -0.03125000 0.06535323
v -0.00028435 -0.03125000 0.05859413
v -0.00054340 -0.03125000 0.05919363
v -0.00740393 -0.03125000 0.06633626
v -0.00682815 -0.03125000 0.06600000
v 0.00010375 -0.03125000 0.05917314
v 0.00034862 -0.03125000 0.05801522
v 0.00038810 -0.03125000 0.05859931
v -0.00734274 -0.03125000 0.06700598
v -0.00679733 -0.03125000 0.06664677
v 0.00089127 -0.03125000 0.05893770
v 0.00046706 -0.03125000 0.05976748
v 0.00154647 -0.03125000 0.05890257
v 0.00105724 -0.03125000 0.05866564
v -0.00780293 -0.03125000 0.06772987
v -0.00722087 -0.03125000 0.06766732
v -0.00670513 -0.03125000 0.06728764
v -0.00655241 -0.03125000 0.06791680
v -0.00641051 -0.03125000 0.06830665
v 0.01428217 -0.03125000 0.04705615
v -0.01893827 -0.03125000 0.08027680
v 0.01550122 -0.03125000 0.04823903
v 0.01324555 -0.03125000 0.04569067
v -0.01773280 -0.03125000 0.08147305
v -0.01894475 -0.03125000 0.07989661
v -0.01844785 -0.03125000 0.08022213
v 0.01409070 -0.03125000 0.04749242
v -0.01913267 -0.03125000 0.08071259
v 0.01562067 -0.03125000 0.04813361
v 0.01466186 -0.03125000 0.04672842
v 0.01382867 -0.03125000 0.04523996
v -0.01937365 -0.03125000 0.07845282
v -0.01843407 -0.03125000 0.07986684
v -0.01761335 -0.03125000 0.08136763
v 0.01529667 -0.03125000 0.04848280
v 0.01231707 -0.03125000 0.04683142
v -0.01793735 -0.03125000 0.08171682
v 0.01497129 -0.03125000 0.04668864
v 0.01513487 -0.03125000 0.04643767
v -0.01916858 -0.03125000 0.07831707
v -0.01748400 -0.03125000 0.08127464
v 0.01370473 -0.03125000 0.04783902
v 0.01521360 -0.03125000 0.04861874
v -0.01922868 -0.03125000 0.08111191
v -0.01802042 -0.03125000 0.08185275
v -0.01981169 -0.03125000 0.08100069
v 0.01588798 -0.03125000 0.04796097
v 0.01543241 -0.03125000 0.04630590
v -0.01785923 -0.03125000 0.07956376
v -0.01734604 -0.03125000 0.08119498
v -0.01780861 -0.03125000 0.08015905
v -0.00623051 -0.03125000 0.06868043
v 0.01351302 -0.03125000 0.04827248
v -0.01971431 -0.03125000 0.08148865
v 0.01561053 -0.03125000 0.04594757
v -0.01771993 -0.03125000 0.07921071
v -0.01738451 -0.03125000 0.07970161
v -0.01720083 -0.03125000 0.08112946
v 0.01316151 -0.03125000 0.04844574
v 0.01591313 -0.03125000 0.04616287
v -0.01756557 -0.03125000 0.07771398
v -0.01723610 -0.03125000 0.07937935
v 0.01367590 -0.03125000 0.04872199
v 0.01335555 -0.03125000 0.04890303
v -0.02014417 -0.03125000 0.08200279
v 0.01630353 -0.03125000 0.04581685
v 0.01618373 -0.03125000 0.04668577
v -0.01821502 -0.03125000 0.08261701
v -0.01696142 -0.03125000 0.07962356
v 0.01646079 -0.03125000 0.04637132
v 0.01665632 -0.03125000 0.04580328
v 0.01362575 -0.03125000 0.04915466
v 0.01675868 -0.03125000 0.04637060
v 0.01700872 -0.03125000 0.04582453
v -0.01657717 -0.03125000 0.08101950
v -0.01682220 -0.03125000 0.07962769
v 0.01502694 -0.03125000 0.04954210
v -0.01960382 -0.03125000 0.08303216
v -0.01820708 -0.03125000 0.08277612
v -0.02012229 -0.03125000 0.08334093
v 0.01705520 -0.03125000 0.04639928
v 0.01735733 -0.03125000 0.04588039
v -0.00601418 -0.03125000 0.06903443
v 0.01364487 -0.03125000 0.04929261
v -0.02003399 -0.03125000 0.08368269
v 0.01734743 -0.03125000 0.04645707
v 0.01769874 -0.03125000 0.04597032
v -0.01668477 -0.03125000 0.07965025
v 0.01339038 -0.03125000 0.04930305
v 0.01394908 -0.03125000 0.04946130
v -0.01950919 -0.03125000 0.08387812
v 0.01789369 -0.03125000 0.04634377
v 0.01751611 -0.03125000 0.04680328
v -0.01610806 -0.03125000 0.08110221
v -0.01667829 -0.03125000 0.07939744
v -0.01651341 -0.03125000 0.07995723
v 0.01342136 -0.03125000 0.04937654
v 0.01514448 -0.03125000 0.05000371
v 0.01398541 -0.03125000 0.04956110
v -0.01808954 -0.03125000 0.08323773
v 0.01727425 -0.03125000 0.04792639
v 0.01818706 -0.03125000 0.04648441
v -0.01595977 -0.03125000 0.08116041
v -0.01660559 -0.03125000 0.07943024
v -0.01641455 -0.03125000 0.07999603
v 0.01345950 -0.03125000 0.04944659
v 0.01521360 -0.03125000 0.05014725
v 0.01403149 -0.03125000 0.04965679
v -0.01939420 -0.03125000 0.08439169
v -0.01802042 -0.03125000 0.08338126
v 0.01741601 -0.03125000 0.04799907
v 0.01846514 -0.03125000 0.04665329
v -0.01581800 -0.03125000 0.08123309
v -0.01653653 -0.03125000 0.07947012
v -0.01632004 -0.03125000 0.08004448
v -0.01252576 -0.03125000 0.07286891
v -0.00818718 -0.03125000 0.07112036
v -0.00478183 -0.03125000 0.07001243
v 0.01350443 -0.03125000 0.04951248
v 0.01529667 -0.03125000 0.05028318
v 0.01408687 -0.03125000 0.04974742
v -0.01936176 -0.03125000 0.08491462
v 0.01892774 -0.03125000 0.04664844
v -0.01568418 -0.03125000 0.08131952
v -0.01647177 -0.03125000 0.07951667
v -0.01623083 -0.03125000 0.08010210
v 0.00333052 -0.03125000 0.06010160
v 0.00702478 -0.03125000 0.05562948
v 0.01355569 -0.03125000 0.04957358
v 0.01539286 -0.03125000 0.05041017
v 0.01415100 -0.03125000 0.04983208
v -0.01886209 -0.03125000 0.08463037
v 0.01864766 -0.03125000 0.04715344
v -0.01555963 -0.03125000 0.08141885
v -0.01530947 -0.03125000 0.08058944
v -0.01614779 -0.03125000 0.08016832
v 0.01885772 -0.03125000 0.04736467
v 0.01778843 -0.03125000 0.04829607
v 0.01918587 -0.03125000 0.04688932
v -0.01912213 -0.03125000 0.08517383
v -0.01865251 -0.03125000 0.08484206
v 0.01923247 -0.03125000 0.04737503
v 0.02047814 -0.03125000 0.04621578
v -0.01864060 -0.03125000 0.08522011
v 0.01921039 -0.03125000 0.04784395
v 0.02063411 -0.03125000 0.04640593
v -0.01831166 -0.03125000 0.08527869
v -0.01748400 -0.03125000 0.08395938
v 0.01980157 -0.03125000 0.04774699
v 0.01934957 -0.03125000 0.04810733
v -0.01918497 -0.03125000 0.08690718
v -0.01800473 -0.03125000 0.08560757
v 0.01946209 -0.03125000 0.04838316
v 0.01994725 -0.03125000 0.04806862
v -0.01852371 -0.03125000 0.08723264
v -0.01720083 -0.03125000 0.08410456
v -0.01770319 -0.03125000 0.08572982
v 0.01954684 -0.03125000 0.04866873
v 0.02006054 -0.03125000 0.04840303
v -0.01704982 -0.03125000 0.08415529
v -0.01739107 -0.03125000 0.08582176
v 0.02014034 -0.03125000 0.04874698
v 0.01960300 -0.03125000 0.04896128
v -0.01758427 -0.03125000 0.08751639
v -0.01707140 -0.03125000 0.08588249
v 0.02018587 -0.03125000 0.04909711
v 0.01991336 -0.03125000 0.04935398
v 0.01821303 -0.03125000 0.04930334
v -0.01673643 -0.03125000 0.08421055
v -0.01674731 -0.03125000 0.08591140
v 0.01962764 -0.03125000 0.04955581
v -0.01642193 -0.03125000 0.08590823
v 0.01281751 -0.03125000 0.05385959
v 0.01638412 -0.03125000 0.05240200
v 0.00994062 -0.03125000 0.05871902
v 0.01711675 -0.03125000 0.05264206
v 0.01686852 -0.03125000 0.05237561
v 0.01665685 -0.03125000 0.05098050
v 0.01649759 -0.03125000 0.05097653
v 0.01673013 -0.03125000 0.05235993
v 0.01671577 -0.03125000 0.05261621
v 0.01618420 -0.03125000 0.05092127
v 0.01656417 -0.03125000 0.05205843
v 0.01664153 -0.03125000 0.05258707
v 0.01603319 -0.03125000 0.05087054
v 0.01646350 -0.03125000 0.05202460
v 0.01657056 -0.03125000 0.05255068
v 0.01588798 -0.03125000 0.05080502
v 0.01636669 -0.03125000 0.05198092
v 0.01650357 -0.03125000 0.05250741
v 0.01575001 -0.03125000 0.05072536
v 0.01627471 -0.03125000 0.05192782
v 0.01644121 -0.03125000 0.05245769
v 0.01562067 -0.03125000 0.05063237
v 0.01618848 -0.03125000 0.05186582
v 0.01550122 -0.03125000 0.05052695
v 0.01610885 -0.03125000 0.05179555
v 0.00810201 -0.03125000 0.06151880
v 0.01252576 -0.03125000 0.05913109
v 0.00616938 -0.03125000 0.06300072
v 0.00612676 -0.03125000 0.06313987
v 0.00632517 -0.03125000 0.06350421
v 0.00648632 -0.03125000 0.06388650
v 0.00660860 -0.03125000 0.06428294
v -0.00192392 -0.03125000 0.07270386
v -0.00226555 -0.03125000 0.07258089
v -0.00259324 -0.03125000 0.07242451
v -0.00290373 -0.03125000 0.07223628
v -0.00319394 -0.03125000 0.07201808
v -0.01284334 -0.03125000 0.07878825
v -0.00745960 -0.03125000 0.07577069
v -0.00692959 -0.03125000 0.07645884
v -0.01362360 -0.03125000 0.08293155
v -0.00686891 -0.03125000 0.07852576
v -0.01352930 -0.03125000 0.08245633
v -0.01544558 -0.03125000 0.08153009
v -0.01418614 -0.03125000 0.08212810
v -0.01348114 -0.03125000 0.08251991
v -0.01534318 -0.03125000 0.08165212
v -0.01411788 -0.03125000 0.08220945
v -0.01343956 -0.03125000 0.08258796
v -0.01525344 -0.03125000 0.08178375
v -0.01405805 -0.03125000 0.08229721
v -0.01340495 -0.03125000 0.08265981
v -0.01517725 -0.03125000 0.08192366
v -0.01400725 -0.03125000 0.08239048
v -0.01337768 -0.03125000 0.08273476
v -0.01511537 -0.03125000 0.08207046
v -0.01396600 -0.03125000 0.08248834
v -0.01349394 -0.03125000 0.08280223
v -0.01506841 -0.03125000 0.08222269
v -0.01393470 -0.03125000 0.08258983
v -0.01502099 -0.03125000 0.08253736
v 0.02017269 -0.03125000 0.04980230
v -0.01609845 -0.03125000 0.08587300
v 0.01756557 -0.03125000 0.05428602
v 0.01697260 -0.03125000 0.05094094
v 0.01743558 -0.03125000 0.05257694
v -0.01508809 -0.03125000 0.08308862
v 0.02156122 -0.03125000 0.05012784
v -0.01626142 -0.03125000 0.08417495
v -0.01578002 -0.03125000 0.08580605
v 0.01804273 -0.03125000 0.05416910
v 0.01774643 -0.03125000 0.05248072
v -0.01320562 -0.03125000 0.08370411
v 0.02146411 -0.03125000 0.05061003
v 0.01944576 -0.03125000 0.05042778
v -0.01546974 -0.03125000 0.08570804
v 0.00780293 -0.03125000 0.06427013
v 0.00724398 -0.03125000 0.06443395
v 0.00674116 -0.03125000 0.06491670
v -0.00161683 -0.03125000 0.07323306
v -0.00118570 -0.03125000 0.07272442
v 0.01804629 -0.03125000 0.05235432
v -0.01190111 -0.03125000 0.08427843
v 0.01961234 -0.03125000 0.05076147
v -0.01517062 -0.03125000 0.08557992
v 0.01833223 -0.03125000 0.05219897
v -0.01529503 -0.03125000 0.08351832
v 0.02113056 -0.03125000 0.05153423
v -0.01488559 -0.03125000 0.08542293
v 0.01860147 -0.03125000 0.05201619
v 0.01937365 -0.03125000 0.05354718
v -0.01367101 -0.03125000 0.08465186
v 0.01784268 -0.03125000 0.05041145
v -0.01574894 -0.03125000 0.08396105
v -0.01439262 -0.03125000 0.08542266
v -0.01258858 -0.03125000 0.08557872
v 0.01761459 -0.03125000 0.05063392
v 0.01909088 -0.03125000 0.05197129
v 0.01933379 -0.03125000 0.05171502
v -0.01412709 -0.03125000 0.08518992
v 0.00681283 -0.03125000 0.06556015
v 0.00735565 -0.03125000 0.06509709
v -0.00073720 -0.03125000 0.07308553
v -0.00054340 -0.03125000 0.07280637
v -0.00095453 -0.03125000 0.07334984
v 0.00798478 -0.03125000 0.06565138
v 0.00625000 -0.03125000 0.06600000
v -0.00007791 -0.03125000 0.07312403
v 0.00010375 -0.03125000 0.07282686
v -0.00028435 -0.03125000 0.07340587
v 0.00740652 -0.03125000 0.06623242
v 0.00681283 -0.03125000 0.06643985
v 0.00074987 -0.03125000 0.07278571
v 0.00038810 -0.03125000 0.07340069
v 0.00792401 -0.03125000 0.06704322
v 0.00735565 -0.03125000 0.06690291
v 0.00674116 -0.03125000 0.06708330
v 0.00105724 -0.03125000 0.07333436
v 0.00661482 -0.03125000 0.06818132
v 0.00646666 -0.03125000 0.06851280
v 0.00628623 -0.03125000 0.06882789
v 0.00607533 -0.03125000 0.06912345
v 0.00780293 -0.03125000 0.06772987
v 0.00724398 -0.03125000 0.06756605
v 0.00315710 -0.03125000 0.07210266
v 0.00292508 -0.03125000 0.07222173
v 0.00261593 -0.03125000 0.07241215
v 0.00228936 -0.03125000 0.07257085
v 0.00194861 -0.03125000 0.07269625
v 0.00159706 -0.03125000 0.07278709
v 0.00138903 -0.03125000 0.07208573
v 0.00151501 -0.03125000 0.07325364
v 0.00983467 -0.03125000 0.07339517
v 0.01050119 -0.03125000 0.07288038
v 0.01252576 -0.03125000 0.07286891
v 0.01203136 -0.03125000 0.07876143
v 0.00603393 -0.03125000 0.07584190
v 0.01528394 -0.03125000 0.08061561
v 0.01550122 -0.03125000 0.08147305
v 0.01644121 -0.03125000 0.07954231
v 0.01610885 -0.03125000 0.08020445
v 0.01350443 -0.03125000 0.08248752
v 0.01415100 -0.03125000 0.08216792
v 0.01562067 -0.03125000 0.08136763
v 0.01650357 -0.03125000 0.07949259
v 0.01618848 -0.03125000 0.08013418
v 0.01345950 -0.03125000 0.08255341
v 0.01529667 -0.03125000 0.08171682
v 0.01408687 -0.03125000 0.08225258
v 0.01575001 -0.03125000 0.08127464
v 0.01657056 -0.03125000 0.07944932
v 0.01627471 -0.03125000 0.08007218
v 0.01342136 -0.03125000 0.08262346
v 0.01521360 -0.03125000 0.08185275
v 0.01403149 -0.03125000 0.08234321
v 0.01588798 -0.03125000 0.08119498
v 0.01664153 -0.03125000 0.07941293
v 0.01636669 -0.03125000 0.08001908
v 0.01339038 -0.03125000 0.08269695
v 0.01514448 -0.03125000 0.08199629
v 0.01398541 -0.03125000 0.08243890
v 0.01603319 -0.03125000 0.08112946
v 0.01671577 -0.03125000 0.07938379
v 0.01646350 -0.03125000 0.07997540
v 0.01350192 -0.03125000 0.08275981
v 0.01508999 -0.03125000 0.08214599
v 0.01394908 -0.03125000 0.08253870
v 0.01618420 -0.03125000 0.08107873
v 0.01664715 -0.03125000 0.07979082
v 0.01633952 -0.03125000 0.08104328
v 0.01686852 -0.03125000 0.07962439
v 0.01501900 -0.03125000 0.08261701
v 0.01665685 -0.03125000 0.08101950
v 0.01336921 -0.03125000 0.08317718
v 0.01502694 -0.03125000 0.08277612
v 0.01711675 -0.03125000 0.07935794
v 0.01730084 -0.03125000 0.07968030
v 0.01319661 -0.03125000 0.08367211
v 0.01757878 -0.03125000 0.07946394
v 0.01376717 -0.03125000 0.08360308
v 0.01372125 -0.03125000 0.08387015
v 0.01827843 -0.03125000 0.07790111
v 0.01786420 -0.03125000 0.07987170
v 0.01712595 -0.03125000 0.08110221
v 0.01514448 -0.03125000 0.08323773
v 0.01231707 -0.03125000 0.08516858
v 0.01817868 -0.03125000 0.07971389
v 0.01727425 -0.03125000 0.08116041
v 0.01383461 -0.03125000 0.08438372
v 0.01521360 -0.03125000 0.08338126
v 0.01845725 -0.03125000 0.07988197
v 0.01741601 -0.03125000 0.08123309
v 0.01386504 -0.03125000 0.08490616
v 0.01957872 -0.03125000 0.07858858
v 0.01754984 -0.03125000 0.08131952
v 0.01436660 -0.03125000 0.08462447
v 0.01767439 -0.03125000 0.08141885
v 0.01864176 -0.03125000 0.08038214
v 0.01778843 -0.03125000 0.08153009
v 0.01901527 -0.03125000 0.08035407
v 0.01410388 -0.03125000 0.08516612
v 0.01922665 -0.03125000 0.08060149
v 0.01458587 -0.03125000 0.08521429
v 0.01920630 -0.03125000 0.08107116
v 0.02062272 -0.03125000 0.07962465
v 0.01491495 -0.03125000 0.08527405
v 0.01575001 -0.03125000 0.08395938
v 0.01934617 -0.03125000 0.08133417
v 0.01979653 -0.03125000 0.08097111
v 0.01522061 -0.03125000 0.08560362
v 0.01477183 -0.03125000 0.08601019
v 0.01994320 -0.03125000 0.08129228
v 0.01945940 -0.03125000 0.08160969
v 0.01603319 -0.03125000 0.08410456
v 0.01552180 -0.03125000 0.08572675
v 0.01954490 -0.03125000 0.08189504
v 0.02005753 -0.03125000 0.08162635
v 0.01618420 -0.03125000 0.08415529
v 0.01583367 -0.03125000 0.08581959
v 0.01563106 -0.03125000 0.08751266
v 0.01615316 -0.03125000 0.08588124
v 0.01960183 -0.03125000 0.08218744
v 0.02013839 -0.03125000 0.08197005
v 0.01649759 -0.03125000 0.08421055
v 0.01647719 -0.03125000 0.08591109
v 0.01991328 -0.03125000 0.08257848
v 0.01821303 -0.03125000 0.08253736
v 0.02018501 -0.03125000 0.08232005
v 0.01680257 -0.03125000 0.08590886
v 0.01990103 -0.03125000 0.08290359
v 0.01821303 -0.03125000 0.08269666
v 0.01709821 -0.03125000 0.08758772
v 0.01712616 -0.03125000 0.08587456
v 0.01959706 -0.03125000 0.08307815
v 0.01819717 -0.03125000 0.08285518
v 0.01697260 -0.03125000 0.08417495
v 0.01744479 -0.03125000 0.08580852
v 0.01982676 -0.03125000 0.08337179
v 0.01775536 -0.03125000 0.08571140
v 0.02002498 -0.03125000 0.08371468
v 0.01805485 -0.03125000 0.08558414
v 0.01990030 -0.03125000 0.08404503
v 0.01834034 -0.03125000 0.08542798
v 0.01974368 -0.03125000 0.08436149
v 0.01938952 -0.03125000 0.08677065
v 0.01748508 -0.03125000 0.08396105
v 0.01955666 -0.03125000 0.08466099
v 0.01934104 -0.03125000 0.08494061
v 0.01861776 -0.03125000 0.08487294
v 0.01909892 -0.03125000 0.08519763
v -0.01166726 -0.03082760 0.08332412
v -0.00207055 -0.03030550 0.07372741
v -0.00686891 -0.02925000 0.07852576
v -0.02014826 -0.02925000 0.04585174
v -0.01899211 -0.02925000 0.04709790
v -0.01875532 -0.02925000 0.04687488
v -0.01773280 -0.02925000 0.04823903
v -0.01784116 -0.02925000 0.04835581
v -0.01920577 -0.02925000 0.04734317
v -0.01761335 -0.02925000 0.04813361
v -0.01827359 -0.02925000 0.04721104
v -0.01793735 -0.02925000 0.04848280
v -0.01939420 -0.02925000 0.04760831
v -0.01822175 -0.02925000 0.04650405
v -0.01748400 -0.02925000 0.04804062
v -0.01981674 -0.02925000 0.04777657
v -0.01791370 -0.02925000 0.04666033
v -0.01734604 -0.02925000 0.04796097
v -0.01794662 -0.02925000 0.04605940
v -0.01808954 -0.02925000 0.04876227
v -0.01966359 -0.02925000 0.04812483
v -0.01763876 -0.02925000 0.04654567
v -0.01746059 -0.02925000 0.04634239
v -0.01806098 -0.02925000 0.04460236
v -0.01814403 -0.02925000 0.04891197
v -0.01977275 -0.02925000 0.04843128
v -0.01704982 -0.02925000 0.04784471
v -0.01818334 -0.02925000 0.04906635
v -0.01985116 -0.02925000 0.04874699
v -0.01699057 -0.02925000 0.04610813
v -0.01689450 -0.02925000 0.04780926
v -0.01820708 -0.02925000 0.04922388
v -0.01989807 -0.02925000 0.04906889
v -0.01676529 -0.02925000 0.04637093
v -0.01673643 -0.02925000 0.04778945
v -0.01656659 -0.02925000 0.04580352
v -0.01963019 -0.02925000 0.04930443
v -0.02019586 -0.02925000 0.04948326
v -0.01646740 -0.02925000 0.04637099
v -0.01657717 -0.02925000 0.04778548
v -0.01621426 -0.02925000 0.04582586
v -0.01962318 -0.02925000 0.04960209
v -0.02011989 -0.02925000 0.05011776
v -0.02045694 -0.02925000 0.04979592
v -0.01586583 -0.02925000 0.04588279
v -0.01617096 -0.02925000 0.04640044
v -0.01641831 -0.02925000 0.04779738
v -0.01818334 -0.02925000 0.04969963
v -0.01978845 -0.02925000 0.05027887
v -0.01587888 -0.02925000 0.04645900
v -0.01626142 -0.02925000 0.04782505
v -0.01552471 -0.02925000 0.04597377
v -0.01814403 -0.02925000 0.04985401
v -0.01968474 -0.02925000 0.05058714
v -0.01559399 -0.02925000 0.04654609
v -0.01610806 -0.02925000 0.04786819
v -0.01532799 -0.02925000 0.04650266
v -0.01469271 -0.02925000 0.04477467
v -0.01808954 -0.02925000 0.05000371
v -0.01955114 -0.02925000 0.05088369
v -0.01595977 -0.02925000 0.04792639
v -0.01403270 -0.02925000 0.04510264
v -0.02076004 -0.02925000 0.05217133
v -0.01956831 -0.02925000 0.05140815
v -0.01897940 -0.02925000 0.05075393
v -0.01481732 -0.02925000 0.04662137
v -0.01581800 -0.02925000 0.04799907
v -0.01915762 -0.02925000 0.05148297
v -0.01793735 -0.02925000 0.05028318
v -0.01883247 -0.02925000 0.05098057
v -0.01480985 -0.02925000 0.04696872
v -0.01429785 -0.02925000 0.04665568
v -0.01784116 -0.02925000 0.05041017
v -0.01904961 -0.02925000 0.05161286
v -0.01458048 -0.02925000 0.04715879
v -0.01555963 -0.02925000 0.04818483
v -0.01414193 -0.02925000 0.04720459
v -0.01388148 -0.02925000 0.04665602
v -0.01888035 -0.02925000 0.05178043
v -0.02013477 -0.02925000 0.05292769
v -0.01848981 -0.02925000 0.05209503
v -0.01761335 -0.02925000 0.05063237
v -0.01884938 -0.02925000 0.05218101
v -0.01393924 -0.02925000 0.04745917
v -0.01274382 -0.02925000 0.04623054
v -0.01937365 -0.02925000 0.05354718
v -0.01816916 -0.02925000 0.05196850
v -0.01748400 -0.02925000 0.05072536
v -0.01245282 -0.02925000 0.04662635
v -0.01525344 -0.02925000 0.04854973
v -0.01376263 -0.02925000 0.04773248
v -0.01808204 -0.02925000 0.05233673
v -0.01895116 -0.02925000 0.05379788
v -0.01220212 -0.02925000 0.04704884
v -0.01517725 -0.02925000 0.04868964
v -0.01361382 -0.02925000 0.04802188
v -0.01763127 -0.02925000 0.05222297
v -0.01712659 -0.02925000 0.05089967
v -0.01793625 -0.02925000 0.05271059
v -0.01199414 -0.02925000 0.04749391
v -0.01511537 -0.02925000 0.04883644
v -0.01349427 -0.02925000 0.04832453
v -0.01506841 -0.02925000 0.04898867
v -0.01340513 -0.02925000 0.04863750
v -0.01747410 -0.02925000 0.05256679
v -0.01804273 -0.02925000 0.05416910
v -0.01362624 -0.02925000 0.04916125
v -0.01503685 -0.02925000 0.04962116
v -0.01335800 -0.02925000 0.04918795
v -0.01506841 -0.02925000 0.04977731
v -0.01337768 -0.02925000 0.04926524
v -0.01393470 -0.02925000 0.04941017
v -0.01511537 -0.02925000 0.04992954
v -0.01340495 -0.02925000 0.04934019
v -0.01396600 -0.02925000 0.04951166
v -0.01517725 -0.02925000 0.05007634
v -0.01343956 -0.02925000 0.04941204
v -0.01400725 -0.02925000 0.04960952
v -0.01525344 -0.02925000 0.05021625
v -0.01348114 -0.02925000 0.04948009
v -0.01405805 -0.02925000 0.04970279
v -0.01534318 -0.02925000 0.05034788
v -0.01352930 -0.02925000 0.04954367
v -0.01411788 -0.02925000 0.04979055
v -0.01544558 -0.02925000 0.05046991
v -0.01412330 -0.02925000 0.05047189
v -0.01418614 -0.02925000 0.04987190
v -0.01503685 -0.02925000 0.04914482
v -0.01363021 -0.02925000 0.04897585
v -0.01171398 -0.02925000 0.04843443
v -0.01641197 -0.02925000 0.05243056
v -0.01555963 -0.02925000 0.05058115
v -0.01647177 -0.02925000 0.05248333
v -0.01614779 -0.02925000 0.05183168
v -0.01725832 -0.02925000 0.05290472
v -0.01568418 -0.02925000 0.05068048
v -0.01653653 -0.02925000 0.05252988
v -0.01623083 -0.02925000 0.05189790
v -0.01581800 -0.02925000 0.05076691
v -0.01660559 -0.02925000 0.05256976
v -0.01632004 -0.02925000 0.05195552
v -0.01595977 -0.02925000 0.05083959
v -0.01667829 -0.02925000 0.05260256
v -0.01641455 -0.02925000 0.05200397
v -0.01610806 -0.02925000 0.05089779
v -0.01668477 -0.02925000 0.05234975
v -0.01651341 -0.02925000 0.05204277
v -0.01633917 -0.02925000 0.05095868
v -0.01682220 -0.02925000 0.05237231
v -0.01657717 -0.02925000 0.05098050
v -0.01696142 -0.02925000 0.05237644
v -0.01681596 -0.02925000 0.05097057
v -0.01002566 -0.02925000 0.05503154
v -0.00696984 -0.02925000 0.05997297
v -0.01252576 -0.02925000 0.05913109
v -0.00783959 -0.02925000 0.06510800
v -0.00780293 -0.02925000 0.06427013
v -0.00785848 -0.02925000 0.06461434
v -0.00793923 -0.02925000 0.06669459
v -0.00798478 -0.02925000 0.06634862
v -0.00794934 -0.02925000 0.06669548
v -0.00792401 -0.02925000 0.06634597
v -0.00794934 -0.02925000 0.06623065
v -0.00656148 -0.02925000 0.06746682
v -0.00780293 -0.02925000 0.06772987
v 0.00016770 -0.02925000 0.05816930
v -0.00146682 -0.02925000 0.05943852
v 0.00068665 -0.02925000 0.05815152
v -0.00104322 -0.02925000 0.05807599
v 0.00103528 -0.02925000 0.05813630
v -0.00034862 -0.02925000 0.05801522
v 0.00045777 -0.02925000 0.05810101
v 0.00138390 -0.02925000 0.05815152
v 0.00092260 -0.02925000 0.05810101
v 0.00172987 -0.02925000 0.05819707
v 0.00138566 -0.02925000 0.05814152
v 0.01423524 -0.02925000 0.04710470
v -0.01898542 -0.02925000 0.08032514
v 0.01436716 -0.02925000 0.04659870
v 0.01457563 -0.02925000 0.04716329
v 0.01550122 -0.02925000 0.04823903
v -0.01855893 -0.02925000 0.08013013
v -0.01976946 -0.02925000 0.07874382
v -0.01864661 -0.02925000 0.08038664
v -0.01773280 -0.02925000 0.08147305
v 0.01539286 -0.02925000 0.04835581
v 0.01402229 -0.02925000 0.04735060
v -0.01784116 -0.02925000 0.08158983
v -0.01919977 -0.02925000 0.08056979
v 0.01382867 -0.02925000 0.04523996
v 0.01562067 -0.02925000 0.04813361
v 0.01495533 -0.02925000 0.04721483
v -0.01937365 -0.02925000 0.07845282
v -0.01761335 -0.02925000 0.08136763
v 0.01383461 -0.02925000 0.04761628
v 0.01529667 -0.02925000 0.04848280
v -0.01938896 -0.02925000 0.08083437
v -0.01793735 -0.02925000 0.08171682
v 0.01500391 -0.02925000 0.04650862
v 0.01575001 -0.02925000 0.04804062
v -0.01821337 -0.02925000 0.07973354
v -0.01748400 -0.02925000 0.08127464
v 0.01521360 -0.02925000 0.04861874
v -0.01802042 -0.02925000 0.08185275
v 0.01527705 -0.02925000 0.04606344
v 0.01531314 -0.02925000 0.04666373
v 0.01588798 -0.02925000 0.04796097
v -0.01790651 -0.02925000 0.07989097
v -0.01734604 -0.02925000 0.08119498
v -0.01793625 -0.02925000 0.07928941
v 0.01514448 -0.02925000 0.04876227
v 0.01356674 -0.02925000 0.04813362
v -0.01968474 -0.02925000 0.08141286
v -0.01808954 -0.02925000 0.08199629
v -0.01910321 -0.02925000 0.08148611
v 0.01558778 -0.02925000 0.04654835
v 0.01576499 -0.02925000 0.04634467
v 0.01515481 -0.02925000 0.04460790
v -0.01763127 -0.02925000 0.07977703
v -0.01745215 -0.02925000 0.07957416
v -0.01804273 -0.02925000 0.07783090
v 0.01508999 -0.02925000 0.04891197
v 0.01345846 -0.02925000 0.04844038
v -0.01814403 -0.02925000 0.08214599
v -0.01978845 -0.02925000 0.08172113
v 0.01618420 -0.02925000 0.04784471
v -0.01704982 -0.02925000 0.08107873
v 0.01505068 -0.02925000 0.04906635
v 0.01338095 -0.02925000 0.04875633
v -0.01818334 -0.02925000 0.08230037
v -0.02011989 -0.02925000 0.08188224
v -0.01989587 -0.02925000 0.08228131
v 0.01616442 -0.02925000 0.04640143
v 0.01633952 -0.02925000 0.04780926
v 0.01630353 -0.02925000 0.04581685
v -0.01700764 -0.02925000 0.07962835
v -0.01689450 -0.02925000 0.08104328
v 0.01502694 -0.02925000 0.04922388
v 0.01362509 -0.02925000 0.04901539
v -0.01820708 -0.02925000 0.08245790
v -0.01991302 -0.02925000 0.08260616
v 0.01646079 -0.02925000 0.04637132
v 0.01649759 -0.02925000 0.04778945
v 0.01665632 -0.02925000 0.04580328
v -0.01673643 -0.02925000 0.08102347
v 0.01501900 -0.02925000 0.04938299
v -0.01821502 -0.02925000 0.08261701
v -0.01989807 -0.02925000 0.08293111
v 0.01700872 -0.02925000 0.04582453
v 0.01675868 -0.02925000 0.04637060
v 0.01665685 -0.02925000 0.04778548
v -0.01682220 -0.02925000 0.07962769
v -0.01657717 -0.02925000 0.08101950
v 0.01503488 -0.02925000 0.04962146
v 0.01363697 -0.02925000 0.04924681
v -0.01820708 -0.02925000 0.08277612
v 0.01705520 -0.02925000 0.04639928
v 0.01681571 -0.02925000 0.04779738
v 0.01735733 -0.02925000 0.04588039
v -0.01641831 -0.02925000 0.08103140
v 0.01505068 -0.02925000 0.04969963
v -0.01977275 -0.02925000 0.08356872
v -0.01818334 -0.02925000 0.08293365
v -0.01927848 -0.02925000 0.08323095
v 0.01769874 -0.02925000 0.04597032
v 0.01734743 -0.02925000 0.04645707
v 0.01697260 -0.02925000 0.04782505
v -0.01668477 -0.02925000 0.07965025
v -0.01626142 -0.02925000 0.08105906
v 0.01508999 -0.02925000 0.04985401
v 0.01339038 -0.02925000 0.04930305
v 0.01394908 -0.02925000 0.04946130
v -0.01966359 -0.02925000 0.08387517
v -0.01814403 -0.02925000 0.08308803
v 0.01763254 -0.02925000 0.04654341
v 0.01712595 -0.02925000 0.04786819
v 0.01802964 -0.02925000 0.04609343
v -0.01667829 -0.02925000 0.07939744
v -0.01610806 -0.02925000 0.08110221
v -0.01651341 -0.02925000 0.07995723
v 0.01514448 -0.02925000 0.05000371
v 0.01342136 -0.02925000 0.04937654
v 0.01398541 -0.02925000 0.04956110
v -0.01952476 -0.02925000 0.08416936
v -0.01808954 -0.02925000 0.08323773
v 0.01896799 -0.02925000 0.04497704
v 0.01727425 -0.02925000 0.04792639
v 0.01776650 -0.02925000 0.04690468
v -0.01660559 -0.02925000 0.07943024
v -0.01595977 -0.02925000 0.08116041
v -0.01641455 -0.02925000 0.07999603
v 0.01521360 -0.02925000 0.05014725
v 0.01345950 -0.02925000 0.04944659
v 0.01403149 -0.02925000 0.04965679
v -0.01802042 -0.02925000 0.08338126
v 0.01840874 -0.02925000 0.04661613
v 0.01741601 -0.02925000 0.04799907
v -0.01653653 -0.02925000 0.07947012
v -0.01581800 -0.02925000 0.08123309
v -0.01632004 -0.02925000 0.08004448
v 0.01529667 -0.02925000 0.05028318
v 0.01350443 -0.02925000 0.04951248
v 0.01408687 -0.02925000 0.04974742
v -0.01916374 -0.02925000 0.08470968
v -0.01793735 -0.02925000 0.08351720
v -0.01883627 -0.02925000 0.08420949
v 0.01841779 -0.02925000 0.04696397
v 0.01892774 -0.02925000 0.04664844
v -0.01647177 -0.02925000 0.07951667
v -0.01568418 -0.02925000 0.08131952
v -0.01623083 -0.02925000 0.08010210
v 0.01539286 -0.02925000 0.05041017
v 0.01457684 -0.02925000 0.05067728
v 0.01415100 -0.02925000 0.04983208
v -0.01784116 -0.02925000 0.08364419
v -0.01905603 -0.02925000 0.08483982
v 0.01864766 -0.02925000 0.04715344
v 0.01767439 -0.02925000 0.04818483
v -0.01553751 -0.02925000 0.08011389
v -0.01555963 -0.02925000 0.08141885
v -0.01614779 -0.02925000 0.08016832
v 0.01778843 -0.02925000 0.04829607
v 0.01908582 -0.02925000 0.04719742
v 0.01934357 -0.02925000 0.04664703
v -0.01888732 -0.02925000 0.08500794
v -0.02014826 -0.02925000 0.08614826
v 0.01784268 -0.02925000 0.04835453
v 0.01928924 -0.02925000 0.04745141
v -0.01885813 -0.02925000 0.08540818
v -0.01842306 -0.02925000 0.08503204
v -0.01761335 -0.02925000 0.08386639
v 0.01798058 -0.02925000 0.04854973
v 0.01946664 -0.02925000 0.04772422
v -0.01748400 -0.02925000 0.08395938
v -0.01837416 -0.02925000 0.08540692
v 0.01805677 -0.02925000 0.04868964
v 0.01961629 -0.02925000 0.04801319
v 0.02102296 -0.02925000 0.04703201
v -0.01809060 -0.02925000 0.08556656
v -0.01896799 -0.02925000 0.08702296
v 0.02123264 -0.02925000 0.04747629
v 0.01811865 -0.02925000 0.04883644
v 0.01973672 -0.02925000 0.04831550
v -0.01763876 -0.02925000 0.08545433
v -0.01712659 -0.02925000 0.08413369
v -0.01794662 -0.02925000 0.08594060
v 0.01816561 -0.02925000 0.04898867
v 0.01982676 -0.02925000 0.04862821
v -0.01704982 -0.02925000 0.08415529
v -0.01748332 -0.02925000 0.08579837
v -0.01806098 -0.02925000 0.08739764
v 0.01819717 -0.02925000 0.04914482
v 0.01988554 -0.02925000 0.04894828
v 0.02151639 -0.02925000 0.04841573
v -0.01681596 -0.02925000 0.08420459
v -0.01716551 -0.02925000 0.08586829
v 0.01991248 -0.02925000 0.04927259
v -0.01676529 -0.02925000 0.08562907
v -0.01673643 -0.02925000 0.08421055
v -0.01709821 -0.02925000 0.08758772
v 0.02161095 -0.02925000 0.04939252
v 0.01990732 -0.02925000 0.04959797
v -0.01657717 -0.02925000 0.08421452
v -0.01651699 -0.02925000 0.08591275
v 0.00686891 -0.02925000 0.05347424
v 0.01089692 -0.02925000 0.05510308
v 0.01689485 -0.02925000 0.05095868
v 0.01700107 -0.02925000 0.05237231
v 0.01665685 -0.02925000 0.05098050
v 0.01681563 -0.02925000 0.05237165
v 0.01641806 -0.02925000 0.05097057
v 0.01679255 -0.02925000 0.05263781
v 0.01618420 -0.02925000 0.05092127
v 0.01671577 -0.02925000 0.05261621
v 0.01656417 -0.02925000 0.05205843
v 0.01603319 -0.02925000 0.05087054
v 0.01664153 -0.02925000 0.05258707
v 0.01646350 -0.02925000 0.05202460
v 0.01588798 -0.02925000 0.05080502
v 0.01657056 -0.02925000 0.05255068
v 0.01636669 -0.02925000 0.05198092
v 0.01575001 -0.02925000 0.05072536
v 0.01650357 -0.02925000 0.05250741
v 0.01627471 -0.02925000 0.05192782
v 0.01562067 -0.02925000 0.05063237
v 0.01644121 -0.02925000 0.05245769
v 0.01618848 -0.02925000 0.05186582
v 0.01550122 -0.02925000 0.05052695
v 0.01610885 -0.02925000 0.05179555
v -0.00602703 -0.02925000 0.07296984
v -0.01358355 -0.02925000 0.08239787
v -0.01502099 -0.02925000 0.08269666
v -0.01362624 -0.02925000 0.08298452
v -0.01503685 -0.02925000 0.08285518
v -0.01309178 -0.02925000 0.08324207
v -0.01096846 -0.02925000 0.07602566
v -0.01544558 -0.02925000 0.08153009
v -0.01352930 -0.02925000 0.08245633
v -0.01418614 -0.02925000 0.08212810
v -0.01534318 -0.02925000 0.08165212
v -0.01348114 -0.02925000 0.08251991
v -0.01411788 -0.02925000 0.08220945
v -0.01525344 -0.02925000 0.08178375
v -0.01343956 -0.02925000 0.08258796
v -0.01405805 -0.02925000 0.08229721
v -0.01517725 -0.02925000 0.08192366
v -0.01340495 -0.02925000 0.08265981
v -0.01400725 -0.02925000 0.08239048
v -0.01511537 -0.02925000 0.08207046
v -0.01337768 -0.02925000 0.08273476
v -0.01396600 -0.02925000 0.08248834
v -0.01506841 -0.02925000 0.08222269
v -0.01378526 -0.02925000 0.08267141
v -0.01503685 -0.02925000 0.08237884
v -0.01362459 -0.02925000 0.08284526
v -0.01502099 -0.02925000 0.08253736
v 0.01252576 -0.02925000 0.05913109
v 0.00584179 -0.02925000 0.06290656
v 0.02158585 -0.02925000 0.04988315
v 0.01819717 -0.02925000 0.04962116
v 0.01987011 -0.02925000 0.04992126
v -0.01633917 -0.02925000 0.08419270
v -0.01619261 -0.02925000 0.08588685
v -0.01611685 -0.02925000 0.08758585
v 0.01733972 -0.02925000 0.05231082
v 0.01697260 -0.02925000 0.05094094
v -0.01506841 -0.02925000 0.08301133
v -0.01342789 -0.02925000 0.08345490
v 0.01816561 -0.02925000 0.04977731
v 0.01980122 -0.02925000 0.05023930
v 0.02151266 -0.02925000 0.05036894
v -0.01570179 -0.02925000 0.08578361
v -0.01626142 -0.02925000 0.08417495
v -0.01183090 -0.02925000 0.08404273
v -0.01511537 -0.02925000 0.08316356
v -0.01352602 -0.02925000 0.08376518
v 0.01712595 -0.02925000 0.05089779
v 0.01765661 -0.02925000 0.05251216
v 0.01804273 -0.02925000 0.05416910
v 0.01811865 -0.02925000 0.04992954
v 0.01970130 -0.02925000 0.05054901
v -0.01539410 -0.02925000 0.08567800
v -0.01610806 -0.02925000 0.08413181
v 0.01796000 -0.02925000 0.05239445
v 0.01727425 -0.02925000 0.05083959
v -0.01517725 -0.02925000 0.08331036
v -0.01365425 -0.02925000 0.08406428
v -0.01199414 -0.02925000 0.08450609
v 0.01957135 -0.02925000 0.05084736
v 0.02122533 -0.02925000 0.05130729
v -0.01469271 -0.02925000 0.08722533
v -0.01509832 -0.02925000 0.08554257
v -0.01595977 -0.02925000 0.08407361
v 0.01873375 -0.02925000 0.05391283
v 0.01816352 -0.02925000 0.05197195
v -0.01220212 -0.02925000 0.08495116
v -0.01525344 -0.02925000 0.08345027
v -0.01381135 -0.02925000 0.08434927
v 0.01798058 -0.02925000 0.05021625
v 0.01941262 -0.02925000 0.05113145
v -0.01481732 -0.02925000 0.08537863
v -0.01581800 -0.02925000 0.08400093
v 0.01863802 -0.02925000 0.05233818
v 0.01866534 -0.02925000 0.05196574
v 0.01754984 -0.02925000 0.05068048
v -0.01245282 -0.02925000 0.08537365
v -0.01534318 -0.02925000 0.08358190
v -0.01399577 -0.02925000 0.08461740
v 0.02076004 -0.02925000 0.05217133
v 0.01789084 -0.02925000 0.05034788
v 0.01922665 -0.02925000 0.05139851
v -0.01455385 -0.02925000 0.08518780
v -0.01568418 -0.02925000 0.08391449
v 0.01890996 -0.02925000 0.05175127
v 0.01767439 -0.02925000 0.05058115
v -0.01274382 -0.02925000 0.08576946
v -0.01544558 -0.02925000 0.08370393
v -0.01420572 -0.02925000 0.08486603
v 0.02046603 -0.02925000 0.05256490
v 0.01885237 -0.02925000 0.05140719
v 0.01778843 -0.02925000 0.05046991
v -0.01307231 -0.02925000 0.08613477
v -0.01458048 -0.02925000 0.08484121
v -0.01555963 -0.02925000 0.08381517
v 0.00792401 -0.02925000 0.06495678
v 0.00783839 -0.02925000 0.06542161
v 0.00785848 -0.02925000 0.06461434
v -0.00138390 -0.02925000 0.07384848
v -0.00138566 -0.02925000 0.07385848
v -0.00065959 -0.02925000 0.07384974
v -0.00092260 -0.02925000 0.07389899
v 0.00069459 -0.02925000 0.07393923
v 0.00069548 -0.02925000 0.07394934
v 0.00122474 -0.02925000 0.06529289
v 0.00786370 -0.02925000 0.06703528
v 0.00798478 -0.02925000 0.06565138
v 0.00789899 -0.02925000 0.06645777
v 0.00784848 -0.02925000 0.06738390
v 0.00798478 -0.02925000 0.06634862
v 0.00789899 -0.02925000 0.06692260
v 0.00780293 -0.02925000 0.06772987
v 0.00785848 -0.02925000 0.06738566
v 0.00146682 -0.02925000 0.07256148
v 0.01252576 -0.02925000 0.07286891
v 0.01089692 -0.02925000 0.07689692
v 0.01457684 -0.02925000 0.08132272
v 0.01644121 -0.02925000 0.07954231
v 0.01550122 -0.02925000 0.08147305
v 0.01610885 -0.02925000 0.08020445
v 0.01539286 -0.02925000 0.08158983
v 0.01350443 -0.02925000 0.08248752
v 0.01415100 -0.02925000 0.08216792
v 0.01650357 -0.02925000 0.07949259
v 0.01562067 -0.02925000 0.08136763
v 0.01618848 -0.02925000 0.08013418
v 0.01529667 -0.02925000 0.08171682
v 0.01345950 -0.02925000 0.08255341
v 0.01408687 -0.02925000 0.08225258
v 0.01657056 -0.02925000 0.07944932
v 0.01575001 -0.02925000 0.08127464
v 0.01627471 -0.02925000 0.08007218
v 0.01521360 -0.02925000 0.08185275
v 0.01342136 -0.02925000 0.08262346
v 0.01403149 -0.02925000 0.08234321
v 0.01664153 -0.02925000 0.07941293
v 0.01588798 -0.02925000 0.08119498
v 0.01636669 -0.02925000 0.08001908
v 0.01514448 -0.02925000 0.08199629
v 0.01339038 -0.02925000 0.08269695
v 0.01398541 -0.02925000 0.08243890
v 0.01671577 -0.02925000 0.07938379
v 0.01603319 -0.02925000 0.08112946
v 0.01646350 -0.02925000 0.07997540
v 0.01508999 -0.02925000 0.08214599
v 0.01394908 -0.02925000 0.08253870
v 0.01679255 -0.02925000 0.07936219
v 0.01618420 -0.02925000 0.08107873
v 0.01656417 -0.02925000 0.07994157
v 0.01505068 -0.02925000 0.08230037
v 0.01363697 -0.02925000 0.08275319
v 0.01681563 -0.02925000 0.07962835
v 0.01633952 -0.02925000 0.08104328
v 0.01502694 -0.02925000 0.08245790
v 0.01649759 -0.02925000 0.08102347
v 0.01362376 -0.02925000 0.08293816
v 0.01700107 -0.02925000 0.07962769
v 0.01665685 -0.02925000 0.08101950
v 0.01310936 -0.02925000 0.08333006
v 0.01681571 -0.02925000 0.08103140
v 0.01734647 -0.02925000 0.07911205
v 0.01345846 -0.02925000 0.08355962
v 0.01505068 -0.02925000 0.08293365
v 0.01395402 -0.02925000 0.08322478
v 0.01768816 -0.02925000 0.07920092
v 0.01733972 -0.02925000 0.07968918
v 0.01697260 -0.02925000 0.08105906
v 0.01508999 -0.02925000 0.08308803
v 0.01356674 -0.02925000 0.08386638
v 0.01801945 -0.02925000 0.07932301
v 0.01762505 -0.02925000 0.07977477
v 0.01712595 -0.02925000 0.08110221
v 0.01514448 -0.02925000 0.08323773
v 0.01370473 -0.02925000 0.08416098
v 0.01895116 -0.02925000 0.07820212
v 0.01727425 -0.02925000 0.08116041
v 0.01776075 -0.02925000 0.08013600
v 0.01365298 -0.02925000 0.08462394
v 0.01840077 -0.02925000 0.07984494
v 0.01741601 -0.02925000 0.08123309
v 0.01529667 -0.02925000 0.08351720
v 0.01402229 -0.02925000 0.08464940
v 0.01891928 -0.02925000 0.07987524
v 0.01841140 -0.02925000 0.08019327
v 0.01539286 -0.02925000 0.08364419
v 0.01436660 -0.02925000 0.08462447
v 0.01864176 -0.02925000 0.08038214
v 0.01767439 -0.02925000 0.08141885
v 0.01778843 -0.02925000 0.08153009
v 0.01907952 -0.02925000 0.08042428
v 0.01933457 -0.02925000 0.07987208
v 0.01550122 -0.02925000 0.08376097
v 0.01433975 -0.02925000 0.08500142
v 0.01307231 -0.02925000 0.08613477
v 0.01784268 -0.02925000 0.08158855
v 0.01928368 -0.02925000 0.08067769
v 0.02046603 -0.02925000 0.07943510
v 0.01562067 -0.02925000 0.08386639
v 0.01458587 -0.02925000 0.08521429
v 0.01575001 -0.02925000 0.08395938
v 0.01485177 -0.02925000 0.08540188
v 0.01798058 -0.02925000 0.08178375
v 0.01946187 -0.02925000 0.08094999
v 0.02076004 -0.02925000 0.07982867
v 0.01805677 -0.02925000 0.08192366
v 0.01961234 -0.02925000 0.08123853
v 0.02101396 -0.02925000 0.08024924
v 0.01513487 -0.02925000 0.08556233
v 0.01403270 -0.02925000 0.08689736
v 0.01811865 -0.02925000 0.08207046
v 0.01973365 -0.02925000 0.08154050
v 0.01558778 -0.02925000 0.08545165
v 0.01610743 -0.02925000 0.08413369
v 0.01527705 -0.02925000 0.08593656
v 0.01816561 -0.02925000 0.08222269
v 0.01982459 -0.02925000 0.08185295
v 0.01618420 -0.02925000 0.08415529
v 0.01574150 -0.02925000 0.08579590
v 0.01819717 -0.02925000 0.08237884
v 0.01988429 -0.02925000 0.08217285
v 0.01641806 -0.02925000 0.08420459
v 0.01605911 -0.02925000 0.08586673
v 0.01646079 -0.02925000 0.08562868
v 0.01649759 -0.02925000 0.08421055
v 0.01611685 -0.02925000 0.08758585
v 0.01821303 -0.02925000 0.08253736
v 0.01991217 -0.02925000 0.08249708
v 0.01665685 -0.02925000 0.08421452
v 0.01670750 -0.02925000 0.08591306
v 0.01990794 -0.02925000 0.08282248
v 0.01819717 -0.02925000 0.08285518
v 0.01987167 -0.02925000 0.08314587
v 0.01703196 -0.02925000 0.08588810
v 0.01689485 -0.02925000 0.08419270
v 0.01816561 -0.02925000 0.08301133
v 0.01980369 -0.02925000 0.08346412
v 0.01734743 -0.02925000 0.08554293
v 0.01697260 -0.02925000 0.08417495
v 0.01758427 -0.02925000 0.08751639
v 0.01712595 -0.02925000 0.08413181
v 0.01766564 -0.02925000 0.08574314
v 0.01811865 -0.02925000 0.08316356
v 0.01970467 -0.02925000 0.08377411
v 0.02139764 -0.02925000 0.08406098
v 0.01727425 -0.02925000 0.08407361
v 0.01796869 -0.02925000 0.08562456
v 0.01852371 -0.02925000 0.08723264
v 0.01805677 -0.02925000 0.08331036
v 0.01957557 -0.02925000 0.08407284
v 0.01741601 -0.02925000 0.08400093
v 0.01825857 -0.02925000 0.08547668
v 0.01798058 -0.02925000 0.08345027
v 0.01941766 -0.02925000 0.08435738
v 0.01789084 -0.02925000 0.08358190
v 0.01923247 -0.02925000 0.08462497
v 0.01754984 -0.02925000 0.08391449
v 0.01853247 -0.02925000 0.08530094
v 0.01767439 -0.02925000 0.08381517
v 0.01878770 -0.02925000 0.08509906
v 0.01778843 -0.02925000 0.08370393
v 0.01902180 -0.02925000 0.08487300
v 0.01732412 -0.03028064 0.07766726
v 0.01756557 -0.03025000 0.07771398
v 0.01764606 -0.03058333 0.07772955
v 0.01796416 -0.02991667 0.07780750
v 0.01827843 -0.03025000 0.07790111
v 0.01812129 -0.03058333 0.07785430
v 0.01843020 -0.02991667 0.07796313
v 0.01858197 -0.03058333 0.07802515
v 0.01887869 -0.02991667 0.07816380
v 0.01916858 -0.02989786 0.07831707
v 0.01930529 -0.02991667 0.07840757
v 0.01957872 -0.03017065 0.07858858
v 0.01944201 -0.03058333 0.07849808
v 0.01976946 -0.03025000 0.07874382
v 0.01983304 -0.03058333 0.07879557
v 0.02007658 -0.02991667 0.07901456
v 0.02019295 -0.03058333 0.07913005
v 0.02041379 -0.02991667 0.07937191
v 0.02051826 -0.03058333 0.07949828
v 0.02071427 -0.02991667 0.07976066
v 0.02080581 -0.03058333 0.07989668
v 0.02097509 -0.02991667 0.08017706
v 0.02119374 -0.02991667 0.08061707
v 0.02105283 -0.03058333 0.08032142
v 0.02136810 -0.02991667 0.08107643
v 0.02125692 -0.03058333 0.08076836
v 0.02149648 -0.02991667 0.08155070
v 0.02141610 -0.03058333 0.08123320
v 0.02157764 -0.02991667 0.08203529
v 0.02152885 -0.03058333 0.08171143
v 0.02161079 -0.02991667 0.08252551
v 0.02159406 -0.03058333 0.08219842
v 0.02159562 -0.02991667 0.08301661
v 0.02161110 -0.03058333 0.08268946
v 0.02153227 -0.02991667 0.08350385
v 0.02157982 -0.03058333 0.08317980
v 0.02150051 -0.03058333 0.08366470
v 0.02126394 -0.02991667 0.08444794
v 0.02139764 -0.03025000 0.08406098
v 0.02137394 -0.02991667 0.08413945
v 0.02142135 -0.03058333 0.08398250
v 0.02106155 -0.02991667 0.08489566
v 0.02120134 -0.03058333 0.08459948
v 0.02081616 -0.02991667 0.08532133
v 0.02098437 -0.03058333 0.08504031
v 0.02053013 -0.02991667 0.08572083
v 0.02072514 -0.03058333 0.08545770
v 0.02020623 -0.02991667 0.08609030
v 0.02042615 -0.03058333 0.08584760
v 0.01984760 -0.02991667 0.08642615
v 0.02009030 -0.03058333 0.08620623
v 0.01959407 -0.03025000 0.08663411
v 0.01997436 -0.03125000 0.08632216
v 0.01904031 -0.02991667 0.08698437
v 0.01932133 -0.02991667 0.08681616
v 0.01945770 -0.03058333 0.08672514
v 0.01889566 -0.03058333 0.08706155
v 0.01852371 -0.03025000 0.08723264
v 0.01859948 -0.03058333 0.08720134
v 0.01813945 -0.02991667 0.08737394
v 0.01844794 -0.02991667 0.08726394
v 0.01782555 -0.03028134 0.08746875
v 0.01766470 -0.02991667 0.08750051
v 0.01782555 -0.03125000 0.08746875
v 0.01668946 -0.02991667 0.08761110
v 0.01701661 -0.02991667 0.08759562
v 0.01717980 -0.03058333 0.08757982
v 0.01636155 -0.03013885 0.08761048
v 0.01619842 -0.02991667 0.08759406
v 0.01636155 -0.03125000 0.08761048
v 0.01523320 -0.02991667 0.08741610
v 0.01555070 -0.02991667 0.08749648
v 0.01571143 -0.03058333 0.08752885
v 0.01476836 -0.02991667 0.08725692
v 0.01507643 -0.03058333 0.08736810
v 0.01446577 -0.03025000 0.08713056
v 0.01461707 -0.03058333 0.08719374
v 0.01403270 -0.03026268 0.08689736
v 0.01417706 -0.02991667 0.08697509
v 0.01432142 -0.03058333 0.08705283
v 0.01349828 -0.02991667 0.08651826
v 0.01376066 -0.03058333 0.08671427
v 0.01337191 -0.03058333 0.08641379
v 0.01301456 -0.02991667 0.08607658
v 0.01313005 -0.03058333 0.08619295
v 0.01245282 -0.03025000 0.08537365
v 0.01249808 -0.02991667 0.08544201
v 0.01279557 -0.03058333 0.08583304
v 0.01231707 -0.03022838 0.08516858
v 0.01208717 -0.02925000 0.08473375
v 0.01240757 -0.03058333 0.08530529
v 0.01208717 -0.03014525 0.08473375
v 0.01196313 -0.03058333 0.08443020
v 0.01171398 -0.03025000 0.08356557
v 0.01172955 -0.02991667 0.08364606
v 0.01183090 -0.03025000 0.08404273
v 0.01180750 -0.02991667 0.08396416
v 0.01185430 -0.03058333 0.08412129
v 0.00777776 -0.02991667 0.06415657
v 0.00787846 -0.03025000 0.06461081
v 0.00792401 -0.03025000 0.06495678
v 0.00790883 -0.02991667 0.06484146
v 0.00782811 -0.03058333 0.06438369
v 0.00796956 -0.03026426 0.06530275
v 0.00798478 -0.03025000 0.06565138
v 0.00800000 -0.03033567 0.06600000
v 0.00797971 -0.03058333 0.06553517
v 0.00798478 -0.03025000 0.06634862
v 0.00796956 -0.03013054 0.06669725
v 0.00798985 -0.03058333 0.06623242
v 0.00792401 -0.03025000 0.06704322
v 0.00790883 -0.02991667 0.06715854
v 0.00793919 -0.03058333 0.06692789
v 0.00780293 -0.03025000 0.06772987
v 0.00772741 -0.03013438 0.06807055
v 0.00782811 -0.03058333 0.06761631
v 0.01252576 -0.03025000 0.07286891
v 0.01092631 -0.03058333 0.07126946
v 0.00772741 -0.02968270 0.06392945
v 0.01732412 -0.03023188 0.05433274
v 0.01166726 -0.03049213 0.04867588
v 0.01176069 -0.03025000 0.04819297
v 0.01183090 -0.03025000 0.04795727
v 0.01180750 -0.02991667 0.04803584
v 0.01172955 -0.02991667 0.04835394
v 0.01190111 -0.03025000 0.04772157
v 0.01185430 -0.03058333 0.04787871
v 0.01196313 -0.02991667 0.04756980
v 0.01208717 -0.03025000 0.04726625
v 0.01202515 -0.03058333 0.04741803
v 0.01220212 -0.03025000 0.04704884
v 0.01216380 -0.02991667 0.04712131
v 0.01240757 -0.02991667 0.04669471
v 0.01258858 -0.03058869 0.04642128
v 0.01249808 -0.03058333 0.04655799
v 0.01279557 -0.03058333 0.04616696
v 0.01301456 -0.02991667 0.04592342
v 0.01324555 -0.03025000 0.04569067
v 0.01313005 -0.03058333 0.04580705
v 0.01337191 -0.02991667 0.04558621
v 0.01349828 -0.03058333 0.04548174
v 0.01376066 -0.02991667 0.04528573
v 0.01403270 -0.03033510 0.04510264
v 0.01417706 -0.02991667 0.04502491
v 0.01432142 -0.03058333 0.04494717
v 0.01461707 -0.02991667 0.04480626
v 0.01476836 -0.03058333 0.04474308
v 0.01507643 -0.02991667 0.04463190
v 0.01523320 -0.03058333 0.04458390
v 0.01563106 -0.03025000 0.04448734
v 0.01538997 -0.03023036 0.04453589
v 0.01603529 -0.02991667 0.04442236
v 0.01636155 -0.03025000 0.04438952
v 0.01619842 -0.03058333 0.04440594
v 0.01652551 -0.02991667 0.04438921
v 0.01668946 -0.03058333 0.04438890
v 0.01701661 -0.02991667 0.04440438
v 0.01717980 -0.03058333 0.04442018
v 0.01750385 -0.02991667 0.04446773
v 0.01766470 -0.03058333 0.04449949
v 0.01798250 -0.02991667 0.04457865
v 0.01813945 -0.03058333 0.04462606
v 0.01844794 -0.02991667 0.04473606
v 0.01875101 -0.03025000 0.04486126
v 0.01859948 -0.03058333 0.04479866
v 0.01932133 -0.02991667 0.04518384
v 0.01896799 -0.03025000 0.04497704
v 0.01904031 -0.02991667 0.04501563
v 0.01889566 -0.03058333 0.04493845
v 0.01959407 -0.03027249 0.04536589
v 0.01945770 -0.03058333 0.04527486
v 0.02009030 -0.02991667 0.04579377
v 0.01978422 -0.03025000 0.04552186
v 0.01984760 -0.02991667 0.04557385
v 0.02042615 -0.02991667 0.04615240
v 0.02020623 -0.03058333 0.04590970
v 0.02072514 -0.02991667 0.04654230
v 0.02053013 -0.03058333 0.04627917
v 0.02081616 -0.03058333 0.04667867
v 0.02098437 -0.03058333 0.04695969
v 0.02106155 -0.02991667 0.04710434
v 0.02120134 -0.03058333 0.04740052
v 0.02137394 -0.02991667 0.04786055
v 0.02126394 -0.02991667 0.04755206
v 0.02142135 -0.03058333 0.04801750
v 0.02151639 -0.03025000 0.04841573
v 0.02150051 -0.03058333 0.04833530
v 0.02157982 -0.02991667 0.04882020
v 0.02153227 -0.02991667 0.04849615
v 0.02159562 -0.03058333 0.04898339
v 0.02161110 -0.02991667 0.04931054
v 0.02161142 -0.03125000 0.04914658
v 0.02159406 -0.03058333 0.04980158
v 0.02157764 -0.02991667 0.04996471
v 0.02152885 -0.03058333 0.05028857
v 0.02141610 -0.02991667 0.05076680
v 0.02149648 -0.02991667 0.05044930
v 0.02136810 -0.03058333 0.05092357
v 0.02122533 -0.03025000 0.05130729
v 0.02125692 -0.03058333 0.05123164
v 0.02105283 -0.02991667 0.05167858
v 0.02119374 -0.02991667 0.05138293
v 0.02097509 -0.03058333 0.05182294
v 0.02076004 -0.03025000 0.05217133
v 0.02080581 -0.03058333 0.05210332
v 0.02071427 -0.02991667 0.05223934
v 0.02051826 -0.03058333 0.05250172
v 0.02041379 -0.02991667 0.05262809
v 0.01983304 -0.02991667 0.05320443
v 0.02007658 -0.02991667 0.05298544
v 0.02019295 -0.03058333 0.05286995
v 0.01970588 -0.03058333 0.05330792
v 0.01902363 -0.02991667 0.05375956
v 0.01930529 -0.02991667 0.05359243
v 0.01944201 -0.03058333 0.05350192
v 0.01858197 -0.02991667 0.05397485
v 0.01887869 -0.03058333 0.05383620
v 0.01843020 -0.03058333 0.05403687
v 0.01756557 -0.03025000 0.05428602
v 0.01764606 -0.02991667 0.05427045
v 0.01796416 -0.02991667 0.05419250
v 0.01812129 -0.03058333 0.05414570
v 0.01748509 -0.03058333 0.05430160
v 0.00207055 -0.02974496 0.05827259
v 0.00846836 -0.02991667 0.05187479
v -0.00207055 -0.03025000 0.05827259
v -0.00184343 -0.03058333 0.05822224
v -0.00161631 -0.02991667 0.05817189
v -0.00104322 -0.03025000 0.05807599
v -0.00069725 -0.03029469 0.05803044
v -0.00115854 -0.03058333 0.05809117
v -0.00034862 -0.03025000 0.05801522
v -0.00000000 -0.03023757 0.05800000
v -0.00046483 -0.03058333 0.05802029
v 0.00034862 -0.03025000 0.05801522
v 0.00023242 -0.03058333 0.05801015
v 0.00115854 -0.02991667 0.05809117
v 0.00092789 -0.03058333 0.05806081
v 0.00172987 -0.03025000 0.05819707
v 0.00184343 -0.02991667 0.05822224
v 0.00161631 -0.03058333 0.05817189
v -0.00686891 -0.03025000 0.05347424
v -0.00526946 -0.03058333 0.05507369
v -0.01166726 -0.03022841 0.04867588
v -0.01171398 -0.03025000 0.08356557
v -0.01169840 -0.03058333 0.08348509
v -0.01172955 -0.02991667 0.08364606
v -0.01183090 -0.03025000 0.08404273
v -0.01180750 -0.03058333 0.08396416
v -0.01185430 -0.02991667 0.08412129
v -0.01196313 -0.03058333 0.08443020
v -0.01202515 -0.02991667 0.08458197
v -0.01220212 -0.03025000 0.08495116
v -0.01216380 -0.03058333 0.08487869
v -0.01224044 -0.02991667 0.08502363
v -0.01240757 -0.03058333 0.08530529
v -0.01249808 -0.02991667 0.08544201
v -0.01269208 -0.03058333 0.08570588
v -0.01279557 -0.02991667 0.08583304
v -0.01301456 -0.03058333 0.08607658
v -0.01313005 -0.02991667 0.08619295
v -0.01349828 -0.02991667 0.08651826
v -0.01362465 -0.03125000 0.08662272
v -0.01389668 -0.02991667 0.08680581
v -0.01417706 -0.02991667 0.08697509
v -0.01432142 -0.03058333 0.08705283
v -0.01461707 -0.02991667 0.08719374
v -0.01446577 -0.03125000 0.08713056
v -0.01507643 -0.02991667 0.08736810
v -0.01523320 -0.03058333 0.08741610
v -0.01555070 -0.02991667 0.08749648
v -0.01571143 -0.03058333 0.08752885
v -0.01603529 -0.03058333 0.08757764
v -0.01619842 -0.02991667 0.08759406
v -0.01652551 -0.02991667 0.08761079
v -0.01685342 -0.03039913 0.08761142
v -0.01717980 -0.02991667 0.08757982
v -0.01701661 -0.03058333 0.08759562
v -0.01766470 -0.02991667 0.08750051
v -0.01782555 -0.03125000 0.08746875
v -0.01750385 -0.03058333 0.08753227
v -0.01813945 -0.03058333 0.08737394
v -0.01859948 -0.02991667 0.08720134
v -0.01889566 -0.02991667 0.08706155
v -0.01844794 -0.03058333 0.08726394
v -0.01918497 -0.03025000 0.08690718
v -0.01932133 -0.02991667 0.08681616
v -0.01904031 -0.03058333 0.08698437
v -0.01972083 -0.02991667 0.08653013
v -0.01945770 -0.03058333 0.08672514
v -0.01997436 -0.03025000 0.08632216
v -0.01984760 -0.03058333 0.08642615
v -0.02032216 -0.03006308 0.08597436
v -0.02009030 -0.03058333 0.08620623
v -0.02053013 -0.02991667 0.08572083
v -0.02077065 -0.03025000 0.08538952
v -0.02072514 -0.02991667 0.08545770
v -0.02042615 -0.03058333 0.08584760
v -0.02090718 -0.03002427 0.08518497
v -0.02102296 -0.03025000 0.08496799
v -0.02098437 -0.03058333 0.08504031
v -0.02106155 -0.02991667 0.08489566
v -0.02123264 -0.03025000 0.08452371
v -0.02120134 -0.03058333 0.08459948
v -0.02126394 -0.02991667 0.08444794
v -0.02139764 -0.03025000 0.08406098
v -0.02137394 -0.03058333 0.08413945
v -0.02142135 -0.02991667 0.08398250
v -0.02156402 -0.03125000 0.08334299
v -0.02150051 -0.03058333 0.08366470
v -0.02156402 -0.03026842 0.08334299
v -0.02157982 -0.02991667 0.08317980
v -0.02161142 -0.02997751 0.08285342
v -0.02159562 -0.03058333 0.08301661
v -0.02161095 -0.03025000 0.08260748
v -0.02161079 -0.02991667 0.08252551
v -0.02158585 -0.03025000 0.08211685
v -0.02159406 -0.03058333 0.08219842
v -0.02157764 -0.02991667 0.08203529
v -0.02151266 -0.03025000 0.08163106
v -0.02152885 -0.03058333 0.08171143
v -0.02149648 -0.02991667 0.08155070
v -0.02141610 -0.02991667 0.08123320
v -0.02132009 -0.03025000 0.08091966
v -0.02136810 -0.03058333 0.08107643
v -0.02125692 -0.02991667 0.08076836
v -0.02113056 -0.03025000 0.08046577
v -0.02119374 -0.03058333 0.08061707
v -0.02089736 -0.03125000 0.08003270
v -0.02105283 -0.03058333 0.08032142
v -0.02089736 -0.03025627 0.08003270
v -0.02080581 -0.03058333 0.07989668
v -0.02071427 -0.02991667 0.07976066
v -0.02046603 -0.03025000 0.07943510
v -0.02051826 -0.03058333 0.07949828
v -0.02041379 -0.02991667 0.07937191
v -0.02019295 -0.02991667 0.07913005
v -0.01996020 -0.03025000 0.07889907
v -0.02007658 -0.03058333 0.07901456
v -0.01983304 -0.02991667 0.07879557
v -0.01957872 -0.03015102 0.07858858
v -0.01944201 -0.03058333 0.07849808
v -0.01916858 -0.03005630 0.07831707
v -0.01902363 -0.02991667 0.07824044
v -0.01887869 -0.03058333 0.07816380
v -0.01858197 -0.02991667 0.07802515
v -0.01827843 -0.03025000 0.07790111
v -0.01843020 -0.03058333 0.07796313
v -0.01804273 -0.03025000 0.07783090
v -0.01812129 -0.03058333 0.07785430
v -0.01780703 -0.03020865 0.07776069
v -0.01756557 -0.03025000 0.07771398
v -0.01764606 -0.02991667 0.07772955
v -0.01732412 -0.03026638 0.07766726
v -0.01732412 -0.03014039 0.05433274
v -0.01764606 -0.02991667 0.05427045
v -0.01796416 -0.03058333 0.05419250
v -0.01812129 -0.02991667 0.05414570
v -0.01843020 -0.03058333 0.05403687
v -0.01858197 -0.02991667 0.05397485
v -0.01887869 -0.03058333 0.05383620
v -0.01902363 -0.02991667 0.05375956
v -0.01930529 -0.03058333 0.05359243
v -0.01944201 -0.02991667 0.05350192
v -0.01996020 -0.03025000 0.05310093
v -0.01983304 -0.03058333 0.05320443
v -0.02007658 -0.02991667 0.05298544
v -0.02030933 -0.03039506 0.05275445
v -0.02046603 -0.03025000 0.05256490
v -0.02041379 -0.03058333 0.05262809
v -0.02051826 -0.02991667 0.05250172
v -0.02071427 -0.03058333 0.05223934
v -0.02089736 -0.03026522 0.05196730
v -0.02097509 -0.02991667 0.05182294
v -0.02113056 -0.03018448 0.05153423
v -0.02105283 -0.03058333 0.05167858
v -0.02122533 -0.03025000 0.05130729
v -0.02125692 -0.03058333 0.05123164
v -0.02136810 -0.02991667 0.05092357
v -0.02146411 -0.03025000 0.05061003
v -0.02141610 -0.03058333 0.05076680
v -0.02151266 -0.03025000 0.05036894
v -0.02149648 -0.03058333 0.05044930
v -0.02152885 -0.02991667 0.05028857
v -0.02158585 -0.03025000 0.04988315
v -0.02157764 -0.03058333 0.04996471
v -0.02161048 -0.03037824 0.04963845
v -0.02161095 -0.03025000 0.04939252
v -0.02161110 -0.02991667 0.04931054
v -0.02157982 -0.02991667 0.04882020
v -0.02159562 -0.03058333 0.04898339
v -0.02150051 -0.02991667 0.04833530
v -0.02142135 -0.02991667 0.04801750
v -0.02153227 -0.03058333 0.04849615
v -0.02132653 -0.03025000 0.04770359
v -0.02137394 -0.03058333 0.04786055
v -0.02120134 -0.02991667 0.04740052
v -0.02102296 -0.03025000 0.04703201
v -0.02106155 -0.02991667 0.04710434
v -0.02126394 -0.03058333 0.04755206
v -0.02090718 -0.03026179 0.04681503
v -0.02098437 -0.03058333 0.04695969
v -0.02072514 -0.03058333 0.04654230
v -0.02042615 -0.02991667 0.04615240
v -0.02020623 -0.02991667 0.04590970
v -0.02053013 -0.03058333 0.04627917
v -0.01997436 -0.03056213 0.04567784
v -0.01959407 -0.03018496 0.04536589
v -0.01938952 -0.03025000 0.04522935
v -0.01945770 -0.02991667 0.04527486
v -0.01984760 -0.03058333 0.04557385
v -0.01918497 -0.03026406 0.04509282
v -0.01904031 -0.03058333 0.04501563
v -0.01889566 -0.02991667 0.04493845
v -0.01852371 -0.03025000 0.04476736
v -0.01859948 -0.03058333 0.04479866
v -0.01844794 -0.02991667 0.04473606
v -0.01806098 -0.03025000 0.04460236
v -0.01813945 -0.03058333 0.04462606
v -0.01782555 -0.03027313 0.04453125
v -0.01758427 -0.03025000 0.04448361
v -0.01766470 -0.02991667 0.04449949
v -0.01734299 -0.03021439 0.04443598
v -0.01717980 -0.03058333 0.04442018
v -0.01701661 -0.02991667 0.04440438
v -0.01668946 -0.03058333 0.04438890
v -0.01652551 -0.02991667 0.04438921
v -0.01619842 -0.02991667 0.04440594
v -0.01587216 -0.03025000 0.04443878
v -0.01603529 -0.03058333 0.04442236
v -0.01563106 -0.03025000 0.04448734
v -0.01571143 -0.03058333 0.04447115
v -0.01555070 -0.02991667 0.04450352
v -0.01523320 -0.02991667 0.04458390
v -0.01491966 -0.03025000 0.04467991
v -0.01507643 -0.03058333 0.04463190
v -0.01476836 -0.02991667 0.04474308
v -0.01446577 -0.03033782 0.04486944
v -0.01424924 -0.03025000 0.04498604
v -0.01432142 -0.03058333 0.04494717
v -0.01417706 -0.02991667 0.04502491
v -0.01389668 -0.02991667 0.04519419
v -0.01362465 -0.03022654 0.04537728
v -0.01376066 -0.03058333 0.04528573
v -0.01337191 -0.02991667 0.04558621
v -0.01313005 -0.03058333 0.04580705
v -0.01301456 -0.02991667 0.04592342
v -0.01279557 -0.02991667 0.04616696
v -0.01269208 -0.03058333 0.04629412
v -0.01249808 -0.02991667 0.04655799
v -0.01258858 -0.03125000 0.04642128
v -0.01224044 -0.03058333 0.04697637
v -0.01216380 -0.02991667 0.04712131
v -0.01199414 -0.03025000 0.04749391
v -0.01202515 -0.03058333 0.04741803
v -0.01196313 -0.02991667 0.04756980
v -0.01183090 -0.03025000 0.04795727
v -0.01190111 -0.03125000 0.04772157
v -0.01180750 -0.02991667 0.04803584
v -0.01172955 -0.03058333 0.04835394
v -0.01252576 -0.03025000 0.07286891
v -0.01092631 -0.03058333 0.07126946
v -0.00772741 -0.02926766 0.06392945
v -0.01412521 -0.02991667 0.05753164
v -0.00780293 -0.03025000 0.06772987
v -0.00777776 -0.03058333 0.06784343
v -0.00787846 -0.03022770 0.06738919
v -0.00792401 -0.03025000 0.06704322
v -0.00793919 -0.02991667 0.06692789
v -0.00790883 -0.03058333 0.06715854
v -0.00798478 -0.03025000 0.06634862
v -0.00800000 -0.03044356 0.06600000
v -0.00797971 -0.03058333 0.06646483
v -0.00798478 -0.03025000 0.06565138
v -0.00798985 -0.03058333 0.06576758
v -0.00792401 -0.03025000 0.06495678
v -0.00790883 -0.02991667 0.06484146
v -0.00793919 -0.03058333 0.06507211
v -0.00780293 -0.03025000 0.06427013
v -0.00777776 -0.02991667 0.06415657
v -0.00782811 -0.03058333 0.06438369
v -0.01502099 -0.03025000 0.04946264
v -0.01501701 -0.03032177 0.04938299
v -0.01502496 -0.03045469 0.04954230
v -0.01504873 -0.03023171 0.04970002
v -0.01508809 -0.03024016 0.04985460
v -0.01511537 -0.03025000 0.04992954
v -0.01514265 -0.03020246 0.05000449
v -0.01521185 -0.03041306 0.05014820
v -0.01525344 -0.03025000 0.05021625
v -0.01523958 -0.03058333 0.05019357
v -0.01529503 -0.03025269 0.05028430
v -0.01534318 -0.03025000 0.05034788
v -0.01539134 -0.03025101 0.05041145
v -0.01549983 -0.03024827 0.05052838
v -0.01555963 -0.03025000 0.05058115
v -0.01561943 -0.03025000 0.05063392
v -0.01557956 -0.02991667 0.05059874
v -0.01574894 -0.03024574 0.05072703
v -0.01568418 -0.03025000 0.05068048
v -0.01566260 -0.03058333 0.05066496
v -0.01588707 -0.03023807 0.05080679
v -0.01581800 -0.03025000 0.05076691
v -0.01603246 -0.03045702 0.05087239
v -0.01618366 -0.03026458 0.05092319
v -0.01608286 -0.03058333 0.05088932
v -0.01633917 -0.03019757 0.05095868
v -0.01641831 -0.03025000 0.05096860
v -0.01639193 -0.02991667 0.05096529
v -0.01644468 -0.03058333 0.05097191
v -0.01665690 -0.03026413 0.05098249
v -0.01655059 -0.03058333 0.05097984
v -0.01681596 -0.03019299 0.05097057
v -0.01673643 -0.03025000 0.05097653
v -0.01689450 -0.03025000 0.05095672
v -0.01686832 -0.02991667 0.05096134
v -0.01692068 -0.03058333 0.05095211
v -0.01704982 -0.03025000 0.05092127
v -0.01702423 -0.03058333 0.05092847
v -0.01712659 -0.03022392 0.05089967
v -0.01727507 -0.02925000 0.05084140
v -0.01717608 -0.02991667 0.05088025
v -0.01727507 -0.03023180 0.05084140
v -0.01734604 -0.03025000 0.05080502
v -0.01732238 -0.02991667 0.05081714
v -0.01736970 -0.03058333 0.05079289
v -0.01748400 -0.03025000 0.05072536
v -0.01746167 -0.03058333 0.05073978
v -0.01755100 -0.03021562 0.05068209
v -0.01761335 -0.03025000 0.05063237
v -0.01759257 -0.03058333 0.05064894
v -0.01767571 -0.03040296 0.05058264
v -0.01763414 -0.02991667 0.05061579
v -0.01773280 -0.03025000 0.05052695
v -0.01778989 -0.03030191 0.05047127
v -0.01784116 -0.03025000 0.05041017
v -0.01782407 -0.03058333 0.05043054
v -0.01789242 -0.03034545 0.05034908
v -0.01793735 -0.03025000 0.05028318
v -0.01792237 -0.03058333 0.05030515
v -0.01798228 -0.02988788 0.05021729
v -0.01802042 -0.03025000 0.05014725
v -0.01800770 -0.02991667 0.05017059
v -0.01805856 -0.03057639 0.05007720
v -0.01803313 -0.03058333 0.05012390
v -0.01808954 -0.03025000 0.05000371
v -0.01812052 -0.03023306 0.04993022
v -0.01814403 -0.03025000 0.04985401
v -0.01813619 -0.03058333 0.04987942
v -0.01816753 -0.03012806 0.04977780
v -0.01818334 -0.03025000 0.04969963
v -0.01817807 -0.03058333 0.04972569
v -0.01819914 -0.03029307 0.04962146
v -0.01820708 -0.03025000 0.04954210
v -0.01820443 -0.02991667 0.04956855
v -0.01821502 -0.03013740 0.04946274
v -0.01821502 -0.03041667 0.04939628
v -0.01821502 -0.03025000 0.04930324
v -0.01820708 -0.03025000 0.04922388
v -0.01820973 -0.03058333 0.04925033
v -0.01819914 -0.03016906 0.04914452
v -0.01818334 -0.03025000 0.04906635
v -0.01818860 -0.03058333 0.04909241
v -0.01816753 -0.03019045 0.04898818
v -0.01814403 -0.03025000 0.04891197
v -0.01815186 -0.03058333 0.04893737
v -0.01812052 -0.03024804 0.04883576
v -0.01802042 -0.03025000 0.04861874
v -0.01805856 -0.03018772 0.04868878
v -0.01803313 -0.02991667 0.04864208
v -0.01808954 -0.03025000 0.04876227
v -0.01809986 -0.03058333 0.04878676
v -0.01798228 -0.03013159 0.04854869
v -0.01800770 -0.03058333 0.04859539
v -0.01789242 -0.03018816 0.04841690
v -0.01778989 -0.03033687 0.04829471
v -0.01785825 -0.03058333 0.04837617
v -0.01767571 -0.03024283 0.04818334
v -0.01775183 -0.03058333 0.04825759
v -0.01755100 -0.03064227 0.04808389
v -0.01761335 -0.03025000 0.04813361
v -0.01748400 -0.03025000 0.04804062
v -0.01750634 -0.02991667 0.04805504
v -0.01763414 -0.03058333 0.04815019
v -0.01741701 -0.03023943 0.04799735
v -0.01734604 -0.03025000 0.04796097
v -0.01736970 -0.03058333 0.04797309
v -0.01727507 -0.03016984 0.04792458
v -0.01732238 -0.02991667 0.04794884
v -0.01720083 -0.03025000 0.04789544
v -0.01712659 -0.03022460 0.04786631
v -0.01697304 -0.03019624 0.04782311
v -0.01704982 -0.03025000 0.04784471
v -0.01707541 -0.03058333 0.04785191
v -0.01689450 -0.03025000 0.04780926
v -0.01692068 -0.02991667 0.04781387
v -0.01681596 -0.03019175 0.04779541
v -0.01686832 -0.03058333 0.04780464
v -0.01665690 -0.03023525 0.04778349
v -0.01649744 -0.03032674 0.04778746
v -0.01660375 -0.03058333 0.04778481
v -0.01633917 -0.03019822 0.04780730
v -0.01644468 -0.03058333 0.04779408
v -0.01618366 -0.03025558 0.04784279
v -0.01628734 -0.03058333 0.04781913
v -0.01603246 -0.03029288 0.04789359
v -0.01613326 -0.03058333 0.04785973
v -0.01588707 -0.03034446 0.04795920
v -0.01595977 -0.03025000 0.04792639
v -0.01574894 -0.02925000 0.04803895
v -0.01584103 -0.02991667 0.04798578
v -0.01598400 -0.03058333 0.04791546
v -0.01574894 -0.03028248 0.04803895
v -0.01568418 -0.03025000 0.04808551
v -0.01570577 -0.02991667 0.04806999
v -0.01561943 -0.03041734 0.04813206
v -0.01566260 -0.03058333 0.04810102
v -0.01549983 -0.03027222 0.04823760
v -0.01544558 -0.03025000 0.04829607
v -0.01542750 -0.02991667 0.04831555
v -0.01534318 -0.03025000 0.04841810
v -0.01539134 -0.03028529 0.04835453
v -0.01546367 -0.03058333 0.04827658
v -0.01532713 -0.03058333 0.04843930
v -0.01521185 -0.03022299 0.04861778
v -0.01526730 -0.03058333 0.04852705
v -0.01514265 -0.03016060 0.04876150
v -0.01518879 -0.03058333 0.04866569
v -0.01508809 -0.02983209 0.04891138
v -0.01512446 -0.03058333 0.04881146
v -0.01504873 -0.03016088 0.04906596
v -0.01507497 -0.03058333 0.04896291
v -0.01502496 -0.03029470 0.04922368
v -0.01504081 -0.03058333 0.04911853
v -0.01502099 -0.03025000 0.04930334
v -0.01502231 -0.03058333 0.04927678
v -0.01501966 -0.02991667 0.04932989
v 0.01821303 -0.03025000 0.04946264
v 0.01821701 -0.03033346 0.04938299
v 0.01820906 -0.03042720 0.04954230
v 0.01819717 -0.03025000 0.04962116
v 0.01820113 -0.03058333 0.04959487
v 0.01818529 -0.03012273 0.04970002
v 0.01816561 -0.03025000 0.04977731
v 0.01817217 -0.03058333 0.04975155
v 0.01814593 -0.03038441 0.04985460
v 0.01811865 -0.03025000 0.04992954
v 0.01812774 -0.03058333 0.04990456
v 0.01809137 -0.03030086 0.05000449
v 0.01810956 -0.02991667 0.04995452
v 0.01805677 -0.03025000 0.05007634
v 0.01802216 -0.03025188 0.05014820
v 0.01798058 -0.03025000 0.05021625
v 0.01799444 -0.03058333 0.05019357
v 0.01793899 -0.03016801 0.05028430
v 0.01789084 -0.03025000 0.05034788
v 0.01790689 -0.03058333 0.05032669
v 0.01784268 -0.03021539 0.05041145
v 0.01778843 -0.03025000 0.05046991
v 0.01780652 -0.03058333 0.05045043
v 0.01773419 -0.03035668 0.05052838
v 0.01767439 -0.03025000 0.05058115
v 0.01769432 -0.03058333 0.05056356
v 0.01761459 -0.03009073 0.05063392
v 0.01748508 -0.03033155 0.05072703
v 0.01754984 -0.03025000 0.05068048
v 0.01752825 -0.02991667 0.05069599
v 0.01757142 -0.03058333 0.05066496
v 0.01734695 -0.03025163 0.05080679
v 0.01720156 -0.03032997 0.05087239
v 0.01729848 -0.03058333 0.05082865
v 0.01705035 -0.03023805 0.05092319
v 0.01715115 -0.03058333 0.05088932
v 0.01689485 -0.03027429 0.05095868
v 0.01697260 -0.03025000 0.05094094
v 0.01681571 -0.03025000 0.05096860
v 0.01684209 -0.02991667 0.05096529
v 0.01699852 -0.03058333 0.05093502
v 0.01678933 -0.03058333 0.05097191
v 0.01657712 -0.03026159 0.05098249
v 0.01665685 -0.03025000 0.05098050
v 0.01663027 -0.02991667 0.05098117
v 0.01668343 -0.03058333 0.05097984
v 0.01641806 -0.03024638 0.05097057
v 0.01649759 -0.03025000 0.05097653
v 0.01633952 -0.03025000 0.05095672
v 0.01636570 -0.02991667 0.05096134
v 0.01631334 -0.03058333 0.05095211
v 0.01618420 -0.03025000 0.05092127
v 0.01620979 -0.03058333 0.05092847
v 0.01610743 -0.03034118 0.05089967
v 0.01603319 -0.03025000 0.05087054
v 0.01605794 -0.02991667 0.05088025
v 0.01595895 -0.03026386 0.05084140
v 0.01588798 -0.03025000 0.05080502
v 0.01591164 -0.02991667 0.05081714
v 0.01581701 -0.03029969 0.05076863
v 0.01575001 -0.03025000 0.05072536
v 0.01577235 -0.03058333 0.05073978
v 0.01568302 -0.03022562 0.05068209
v 0.01562067 -0.03025000 0.05063237
v 0.01564145 -0.03058333 0.05064894
v 0.01555831 -0.03005014 0.05058264
v 0.01550122 -0.03025000 0.05052695
v 0.01552025 -0.03058333 0.05054552
v 0.01544413 -0.03024978 0.05047127
v 0.01539286 -0.03025000 0.05041017
v 0.01540995 -0.03058333 0.05043054
v 0.01534160 -0.03023286 0.05034908
v 0.01529667 -0.03025000 0.05028318
v 0.01531165 -0.03058333 0.05030515
v 0.01525174 -0.02970713 0.05021729
v 0.01521360 -0.03025000 0.05014725
v 0.01522632 -0.02991667 0.05017059
v 0.01517546 -0.03015103 0.05007720
v 0.01514448 -0.03025000 0.05000371
v 0.01515481 -0.03058333 0.05002821
v 0.01511350 -0.03009377 0.04993022
v 0.01508999 -0.03025000 0.04985401
v 0.01509783 -0.03058333 0.04987942
v 0.01506649 -0.03018925 0.04977780
v 0.01505068 -0.03025000 0.04969963
v 0.01505595 -0.03058333 0.04972569
v 0.01503488 -0.03043352 0.04962146
v 0.01502694 -0.03025000 0.04954210
v 0.01502959 -0.02991667 0.04956855
v 0.01502429 -0.03058333 0.04951565
v 0.01501900 -0.03041667 0.04939628
v 0.01501900 -0.03025000 0.04930324
v 0.01502694 -0.03025000 0.04922388
v 0.01502429 -0.03058333 0.04925033
v 0.01503488 -0.03017646 0.04914452
v 0.01505068 -0.03025000 0.04906635
v 0.01504541 -0.03058333 0.04909241
v 0.01506649 -0.03012633 0.04898818
v 0.01508999 -0.03025000 0.04891197
v 0.01508216 -0.03058333 0.04893737
v 0.01511350 -0.03018075 0.04883576
v 0.01521360 -0.03025000 0.04861874
v 0.01517546 -0.03026048 0.04868878
v 0.01520089 -0.02991667 0.04864208
v 0.01514448 -0.03025000 0.04876227
v 0.01513415 -0.03058333 0.04878676
v 0.01525174 -0.03006983 0.04854869
v 0.01522632 -0.03058333 0.04859539
v 0.01534160 -0.03016187 0.04841690
v 0.01544413 -0.03029397 0.04829471
v 0.01537577 -0.03058333 0.04837617
v 0.01555831 -0.03021910 0.04818334
v 0.01548219 -0.03058333 0.04825759
v 0.01568302 -0.03018340 0.04808389
v 0.01562067 -0.03025000 0.04813361
v 0.01575001 -0.03025000 0.04804062
v 0.01572768 -0.02991667 0.04805504
v 0.01559988 -0.03058333 0.04815019
v 0.01581701 -0.02998319 0.04799735
v 0.01577235 -0.03058333 0.04802620
v 0.01588798 -0.03025000 0.04796097
v 0.01595895 -0.03014306 0.04792458
v 0.01591164 -0.02991667 0.04794884
v 0.01603319 -0.03025000 0.04789544
v 0.01610743 -0.03022037 0.04786631
v 0.01626098 -0.03044538 0.04782311
v 0.01618420 -0.03025000 0.04784471
v 0.01615861 -0.03058333 0.04785191
v 0.01633952 -0.03025000 0.04780926
v 0.01631334 -0.02991667 0.04781387
v 0.01641806 -0.03032824 0.04779541
v 0.01636570 -0.03058333 0.04780464
v 0.01657712 -0.03022482 0.04778349
v 0.01673658 -0.03019958 0.04778746
v 0.01663027 -0.03058333 0.04778481
v 0.01689485 -0.03020612 0.04780730
v 0.01678933 -0.03058333 0.04779408
v 0.01705035 -0.03018090 0.04784279
v 0.01694668 -0.03058333 0.04781913
v 0.01720156 -0.03024944 0.04789359
v 0.01710075 -0.03058333 0.04785973
v 0.01734695 -0.03028941 0.04795920
v 0.01727425 -0.03025000 0.04792639
v 0.01748508 -0.02925000 0.04803895
v 0.01739299 -0.02991667 0.04798578
v 0.01725002 -0.03058333 0.04791546
v 0.01748508 -0.03019268 0.04803895
v 0.01754984 -0.03025000 0.04808551
v 0.01752825 -0.02991667 0.04806999
v 0.01761459 -0.03036115 0.04813206
v 0.01757142 -0.03058333 0.04810102
v 0.01773419 -0.03026720 0.04823760
v 0.01784268 -0.03047897 0.04835453
v 0.01778843 -0.03025000 0.04829607
v 0.01789084 -0.03025000 0.04841810
v 0.01787478 -0.02991667 0.04839691
v 0.01777035 -0.03058333 0.04827658
v 0.01790689 -0.03058333 0.04843930
v 0.01802216 -0.03030715 0.04861778
v 0.01796672 -0.03058333 0.04852705
v 0.01809137 -0.03022348 0.04876150
v 0.01804523 -0.03058333 0.04866569
v 0.01814593 -0.03008342 0.04891138
v 0.01810956 -0.03058333 0.04881146
v 0.01818529 -0.03041558 0.04906596
v 0.01815905 -0.03058333 0.04896291
v 0.01820906 -0.03028362 0.04922368
v 0.01819321 -0.03058333 0.04911853
v 0.01821303 -0.03025000 0.04930334
v 0.01821171 -0.03058333 0.04927678
v 0.01821436 -0.02991667 0.04932989
v -0.01502099 -0.03025000 0.08269666
v -0.01501701 -0.03024495 0.08261701
v -0.01502496 -0.03054682 0.08277632
v -0.01503685 -0.03025000 0.08285518
v -0.01503288 -0.03058333 0.08282889
v -0.01504873 -0.03028282 0.08293404
v -0.01506841 -0.03025000 0.08301133
v -0.01506185 -0.03058333 0.08298557
v -0.01508809 -0.03026284 0.08308862
v -0.01511537 -0.03025000 0.08316356
v -0.01510628 -0.03058333 0.08313858
v -0.01514265 -0.03018175 0.08323850
v -0.01517725 -0.03025000 0.08331036
v -0.01516572 -0.03058333 0.08328641
v -0.01521185 -0.03016736 0.08338222
v -0.01525344 -0.03025000 0.08345027
v -0.01523958 -0.03058333 0.08342758
v -0.01529503 -0.03023457 0.08351832
v -0.01534318 -0.03025000 0.08358190
v -0.01532713 -0.03058333 0.08356070
v -0.01539134 -0.03020308 0.08364547
v -0.01544558 -0.03025000 0.08370393
v -0.01542750 -0.03058333 0.08368445
v -0.01549983 -0.03025871 0.08376240
v -0.01555963 -0.03025000 0.08381517
v -0.01553970 -0.03058333 0.08379758
v -0.01561943 -0.03025739 0.08386794
v -0.01574894 -0.03022110 0.08396105
v -0.01566260 -0.03058333 0.08389898
v -0.01588707 -0.03020193 0.08404080
v -0.01579498 -0.03058333 0.08398763
v -0.01603246 -0.03026199 0.08410641
v -0.01593554 -0.03058333 0.08406267
v -0.01618366 -0.03017829 0.08415721
v -0.01608286 -0.03058333 0.08412334
v -0.01633917 -0.03020509 0.08419270
v -0.01626142 -0.03025000 0.08417495
v -0.01641831 -0.03025000 0.08420262
v -0.01639193 -0.02991667 0.08419931
v -0.01623550 -0.03058333 0.08416904
v -0.01644468 -0.03058333 0.08420592
v -0.01665690 -0.03022270 0.08421651
v -0.01655059 -0.03058333 0.08421386
v -0.01681596 -0.03019664 0.08420459
v -0.01673643 -0.03025000 0.08421055
v -0.01689450 -0.03025000 0.08419074
v -0.01686832 -0.02991667 0.08419536
v -0.01670992 -0.03058333 0.08421254
v -0.01692068 -0.03058333 0.08418613
v -0.01704982 -0.03025000 0.08415529
v -0.01702423 -0.03058333 0.08416249
v -0.01712659 -0.03036725 0.08413369
v -0.01727507 -0.02925000 0.08407542
v -0.01717608 -0.02991667 0.08411427
v -0.01727507 -0.03010423 0.08407542
v -0.01734604 -0.03025000 0.08403903
v -0.01732238 -0.02991667 0.08405116
v -0.01741701 -0.03022588 0.08400265
v -0.01736970 -0.03058333 0.08402691
v -0.01748400 -0.03025000 0.08395938
v -0.01755100 -0.03040628 0.08391611
v -0.01761335 -0.03025000 0.08386639
v -0.01759257 -0.03058333 0.08388296
v -0.01767571 -0.03022288 0.08381666
v -0.01763414 -0.02991667 0.08384981
v -0.01773280 -0.03025000 0.08376097
v -0.01778989 -0.03004184 0.08370529
v -0.01784116 -0.03025000 0.08364419
v -0.01782407 -0.03058333 0.08366456
v -0.01789242 -0.03025068 0.08358310
v -0.01793735 -0.03025000 0.08351720
v -0.01792237 -0.03058333 0.08353917
v -0.01798228 -0.03070323 0.08345131
v -0.01802042 -0.03025000 0.08338126
v -0.01800770 -0.02991667 0.08340461
v -0.01805856 -0.03037725 0.08331122
v -0.01803313 -0.03058333 0.08335792
v -0.01808954 -0.03025000 0.08323773
v -0.01812052 -0.03027519 0.08316424
v -0.01814403 -0.03025000 0.08308803
v -0.01813619 -0.03058333 0.08311344
v -0.01816753 -0.03017950 0.08301182
v -0.01818334 -0.03025000 0.08293365
v -0.01817807 -0.03058333 0.08295971
v -0.01819914 -0.03040352 0.08285548
v -0.01820708 -0.03025000 0.08277612
v -0.01820443 -0.02991667 0.08280257
v -0.01821502 -0.03025000 0.08269676
v -0.01820973 -0.03058333 0.08274967
v -0.01821502 -0.03041667 0.08263030
v -0.01821502 -0.03025000 0.08253726
v -0.01820708 -0.03025000 0.08245790
v -0.01820973 -0.03058333 0.08248435
v -0.01819914 -0.03034528 0.08237854
v -0.01820443 -0.02991667 0.08243145
v -0.01818334 -0.03025000 0.08230037
v -0.01816753 -0.03034689 0.08222220
v -0.01814403 -0.03025000 0.08214599
v -0.01815186 -0.03058333 0.08217139
v -0.01812052 -0.03022894 0.08206978
v -0.01802042 -0.03025000 0.08185275
v -0.01805856 -0.03053712 0.08192280
v -0.01803313 -0.02991667 0.08187610
v -0.01808954 -0.03025000 0.08199629
v -0.01809986 -0.03058333 0.08202078
v -0.01798228 -0.03058620 0.08178271
v -0.01789242 -0.03059679 0.08165092
v -0.01795232 -0.03058333 0.08173878
v -0.01778989 -0.03022701 0.08152873
v -0.01785825 -0.03058333 0.08161019
v -0.01767571 -0.03016352 0.08141736
v -0.01775183 -0.03058333 0.08149161
v -0.01761335 -0.03025000 0.08136763
v -0.01759257 -0.02991667 0.08135106
v -0.01748400 -0.03025000 0.08127464
v -0.01755100 -0.03024411 0.08131791
v -0.01763414 -0.03058333 0.08138421
v -0.01741701 -0.03098226 0.08123137
v -0.01746167 -0.03058333 0.08126022
v -0.01734604 -0.03025000 0.08119498
v -0.01727507 -0.03021154 0.08115860
v -0.01732238 -0.02991667 0.08118286
v -0.01720083 -0.03025000 0.08112946
v -0.01712659 -0.03014008 0.08110033
v -0.01697304 -0.03024876 0.08105713
v -0.01704982 -0.03025000 0.08107873
v -0.01707541 -0.03058333 0.08108593
v -0.01689450 -0.03025000 0.08104328
v -0.01692068 -0.02991667 0.08104789
v -0.01681596 -0.03028918 0.08102943
v -0.01686832 -0.03058333 0.08103866
v -0.01665690 -0.03045545 0.08101751
v -0.01649744 -0.03031816 0.08102148
v -0.01657717 -0.03025000 0.08101950
v -0.01655059 -0.02991667 0.08102016
v -0.01660375 -0.03058333 0.08101883
v -0.01633917 -0.03038493 0.08104132
v -0.01618366 -0.03030530 0.08107681
v -0.01628734 -0.03058333 0.08105315
v -0.01603246 -0.03008509 0.08112761
v -0.01610806 -0.03025000 0.08110221
v -0.01613326 -0.03058333 0.08109374
v -0.01588707 -0.03039273 0.08119321
v -0.01595977 -0.03025000 0.08116041
v -0.01581800 -0.03025000 0.08123309
v -0.01584103 -0.02991667 0.08121980
v -0.01598400 -0.03058333 0.08114948
v -0.01574894 -0.03019092 0.08127297
v -0.01568418 -0.03025000 0.08131952
v -0.01570577 -0.02991667 0.08130401
v -0.01561943 -0.03025000 0.08136608
v -0.01566260 -0.03058333 0.08133504
v -0.01549983 -0.03049237 0.08147162
v -0.01555963 -0.03025000 0.08141885
v -0.01553970 -0.02991667 0.08143644
v -0.01557956 -0.03058333 0.08140126
v -0.01539134 -0.03024806 0.08158855
v -0.01544558 -0.03025000 0.08153009
v -0.01534318 -0.03025000 0.08165212
v -0.01535923 -0.02991667 0.08163093
v -0.01529503 -0.03021367 0.08171570
v -0.01521185 -0.03033202 0.08185180
v -0.01525344 -0.03025000 0.08178375
v -0.01526730 -0.03058333 0.08176107
v -0.01514265 -0.03060450 0.08199551
v -0.01517725 -0.03025000 0.08192366
v -0.01518879 -0.03058333 0.08189971
v -0.01508809 -0.03026895 0.08214540
v -0.01511537 -0.03025000 0.08207046
v -0.01512446 -0.03058333 0.08204548
v -0.01504873 -0.03030354 0.08229998
v -0.01506841 -0.03025000 0.08222269
v -0.01507497 -0.03058333 0.08219693
v -0.01502496 -0.03021438 0.08245770
v -0.01504081 -0.03058333 0.08235255
v -0.01502099 -0.03025000 0.08253736
v -0.01502231 -0.03058333 0.08251080
v -0.01501966 -0.02991667 0.08256391
v 0.00623447 -0.03400000 0.06631115
v 0.00623965 -0.03491667 0.06620743
v 0.00621894 -0.03400000 0.06662230
v 0.00622929 -0.03308333 0.06641487
v 0.00617251 -0.03400000 0.06693036
v 0.00618799 -0.03491667 0.06682767
v 0.00612608 -0.03400000 0.06723841
v 0.00615703 -0.03308333 0.06703304
v 0.00604920 -0.03400000 0.06754032
v 0.00607483 -0.03491667 0.06743968
v 0.00602358 -0.03308333 0.06764095
v 0.00586578 -0.03400000 0.06813497
v 0.00590130 -0.03491667 0.06803739
v 0.00583026 -0.03308333 0.06823255
v 0.00562406 -0.03400000 0.06870840
v 0.00566911 -0.03491667 0.06861484
v 0.00557900 -0.03308333 0.06880196
v 0.00532644 -0.03400000 0.06925492
v 0.00538059 -0.03491667 0.06916631
v 0.00527229 -0.03308333 0.06934353
v 0.00503859 -0.03308333 0.06968631
v 0.00478778 -0.03400000 0.07001742
v 0.00491318 -0.03491667 0.06985187
v 0.00457588 -0.03400000 0.07024580
v 0.00464651 -0.03491667 0.07016967
v 0.00450525 -0.03308333 0.07032192
v 0.00413040 -0.03400000 0.07068031
v 0.00420826 -0.03491667 0.07061159
v 0.00389681 -0.03400000 0.07088645
v 0.00405253 -0.03308333 0.07074902
v 0.00372818 -0.03308333 0.07100769
v 0.00321105 -0.03308333 0.07135401
v 0.00364386 -0.03675000 0.07106830
v 0.00355955 -0.03491667 0.07112892
v 0.00266200 -0.03308333 0.07164712
v 0.00312112 -0.03675000 0.07140593
v 0.00303118 -0.03491667 0.07145785
v 0.00228338 -0.03400000 0.07181796
v 0.00247269 -0.03491667 0.07173254
v 0.00188963 -0.03308333 0.07195025
v 0.00198807 -0.03675000 0.07191718
v 0.00208651 -0.03491667 0.07188411
v 0.00108530 -0.03400000 0.07215505
v 0.00128779 -0.03308333 0.07210883
v 0.00138903 -0.03675000 0.07208573
v 0.00149027 -0.03491667 0.07206262
v 0.00046706 -0.03400000 0.07223252
v 0.00067314 -0.03308333 0.07220670
v 0.00015562 -0.03400000 0.07224029
v 0.00025944 -0.03308333 0.07223770
v 0.00077618 -0.03675000 0.07219379
v 0.00087922 -0.03491667 0.07218087
v -0.00046648 -0.03400000 0.07222478
v -0.00036293 -0.03308333 0.07223254
v 0.00015562 -0.03675000 0.07224029
v 0.00005181 -0.03491667 0.07224288
v -0.00108395 -0.03400000 0.07214740
v -0.00098168 -0.03308333 0.07216543
v -0.00046648 -0.03675000 0.07222478
v -0.00057004 -0.03491667 0.07221702
v -0.00139076 -0.03400000 0.07209330
v -0.00118622 -0.03491667 0.07212936
v -0.00169065 -0.03400000 0.07200892
v -0.00159068 -0.03491667 0.07203705
v -0.00179061 -0.03308333 0.07198080
v -0.00228054 -0.03400000 0.07181073
v -0.00218388 -0.03491667 0.07184867
v -0.00237721 -0.03308333 0.07177279
v -0.00284777 -0.03400000 0.07155479
v -0.00275536 -0.03491667 0.07160216
v -0.00294018 -0.03308333 0.07150741
v -0.00329947 -0.03308333 0.07129998
v -0.00364840 -0.03400000 0.07107461
v -0.00347393 -0.03491667 0.07118729
v -0.00389197 -0.03400000 0.07088037
v -0.00381078 -0.03491667 0.07094512
v -0.00397316 -0.03308333 0.07081563
v -0.00435856 -0.03400000 0.07046861
v -0.00428422 -0.03491667 0.07054111
v -0.00443289 -0.03308333 0.07039610
v -0.00478183 -0.03400000 0.07001243
v -0.00471508 -0.03491667 0.07009198
v -0.00498208 -0.03400000 0.06977378
v -0.00484858 -0.03308333 0.06993288
v -0.00515757 -0.03400000 0.06951637
v -0.00509907 -0.03491667 0.06960217
v -0.00533307 -0.03400000 0.06925897
v -0.00521607 -0.03308333 0.06943057
v -0.00548206 -0.03400000 0.06898537
v -0.00543240 -0.03491667 0.06907657
v -0.00563106 -0.03400000 0.06871177
v -0.00553173 -0.03308333 0.06889417
v -0.00575207 -0.03400000 0.06842470
v -0.00571173 -0.03491667 0.06852039
v -0.00587308 -0.03400000 0.06813763
v -0.00579240 -0.03308333 0.06832901
v -0.00596491 -0.03400000 0.06783993
v -0.00593430 -0.03491667 0.06793916
v -0.00605673 -0.03400000 0.06754223
v -0.00599552 -0.03308333 0.06774070
v -0.00611846 -0.03400000 0.06723687
v -0.00609789 -0.03491667 0.06733866
v -0.00618019 -0.03400000 0.06693151
v -0.00613904 -0.03308333 0.06713509
v -0.00621121 -0.03400000 0.06662153
v -0.00620087 -0.03491667 0.06672486
v -0.00624223 -0.03400000 0.06631154
v -0.00622155 -0.03308333 0.06651820
v -0.00624223 -0.03400000 0.06600000
v -0.00624223 -0.03308333 0.06610385
v -0.00624223 -0.03400000 0.06568846
v -0.00624223 -0.03491667 0.06589615
v -0.00621121 -0.03400000 0.06537847
v -0.00622155 -0.03308333 0.06548180
v -0.00618019 -0.03400000 0.06506849
v -0.00620087 -0.03491667 0.06527514
v -0.00611846 -0.03400000 0.06476313
v -0.00613904 -0.03491667 0.06486491
v -0.00605673 -0.03400000 0.06445777
v -0.00609789 -0.03308333 0.06466134
v -0.00596491 -0.03400000 0.06416007
v -0.00599552 -0.03491667 0.06425930
v -0.00587308 -0.03400000 0.06386237
v -0.00593430 -0.03308333 0.06406084
v -0.00548206 -0.03400000 0.06301463
v -0.00553173 -0.03308333 0.06310583
v -0.00575207 -0.03675000 0.06357530
v -0.00575207 -0.03400000 0.06357530
v -0.00579240 -0.03491667 0.06367099
v -0.00571173 -0.03308333 0.06347961
v -0.00515757 -0.03400000 0.06248363
v -0.00521607 -0.03308333 0.06256943
v -0.00548206 -0.03675000 0.06301463
v -0.00543240 -0.03491667 0.06292343
v -0.00498208 -0.03400000 0.06222622
v -0.00509907 -0.03491667 0.06239783
v -0.00458157 -0.03400000 0.06174892
v -0.00471508 -0.03308333 0.06190802
v -0.00478183 -0.03675000 0.06198757
v -0.00484858 -0.03491667 0.06206712
v -0.00428422 -0.03308333 0.06145889
v -0.00435856 -0.03675000 0.06153139
v -0.00443289 -0.03491667 0.06160390
v -0.00364840 -0.03400000 0.06092539
v -0.00381078 -0.03308333 0.06105488
v -0.00338670 -0.03400000 0.06075636
v -0.00347393 -0.03308333 0.06081271
v -0.00389197 -0.03675000 0.06111963
v -0.00397316 -0.03491667 0.06118437
v -0.00284777 -0.03400000 0.06044521
v -0.00294018 -0.03308333 0.06049259
v -0.00338670 -0.03675000 0.06075636
v -0.00329947 -0.03491667 0.06070002
v -0.00257054 -0.03400000 0.06030309
v -0.00275536 -0.03491667 0.06039784
v -0.00228054 -0.03400000 0.06018927
v -0.00237721 -0.03491667 0.06022721
v -0.00199054 -0.03400000 0.06007545
v -0.00218388 -0.03308333 0.06015133
v -0.00169065 -0.03400000 0.05999108
v -0.00179061 -0.03308333 0.06001920
v -0.00139076 -0.03400000 0.05990670
v -0.00159068 -0.03491667 0.05996295
v -0.00077715 -0.03400000 0.05979850
v -0.00098168 -0.03308333 0.05983457
v -0.00108395 -0.03675000 0.05985260
v -0.00118622 -0.03491667 0.05987064
v -0.00015582 -0.03400000 0.05975194
v -0.00036293 -0.03308333 0.05976746
v -0.00046648 -0.03675000 0.05977522
v -0.00057004 -0.03491667 0.05978298
v 0.00046706 -0.03400000 0.05976748
v 0.00025944 -0.03308333 0.05976230
v 0.00015562 -0.03675000 0.05975971
v 0.00005181 -0.03491667 0.05975712
v 0.00108530 -0.03400000 0.05984495
v 0.00087922 -0.03308333 0.05981913
v 0.00077618 -0.03675000 0.05980621
v 0.00067314 -0.03491667 0.05979330
v 0.00169275 -0.03400000 0.05998360
v 0.00149027 -0.03308333 0.05993738
v 0.00138903 -0.03675000 0.05991427
v 0.00128779 -0.03491667 0.05989117
v 0.00228338 -0.03400000 0.06018204
v 0.00208651 -0.03308333 0.06011589
v 0.00198807 -0.03675000 0.06008282
v 0.00188963 -0.03491667 0.06004975
v 0.00285132 -0.03400000 0.06043830
v 0.00266200 -0.03308333 0.06035288
v 0.00256735 -0.03675000 0.06031017
v 0.00247269 -0.03491667 0.06026746
v 0.00339091 -0.03400000 0.06074984
v 0.00321105 -0.03308333 0.06064599
v 0.00364386 -0.03400000 0.06093170
v 0.00355955 -0.03308333 0.06087108
v 0.00312112 -0.03675000 0.06059407
v 0.00303118 -0.03491667 0.06054215
v 0.00389681 -0.03400000 0.06111355
v 0.00372818 -0.03491667 0.06099231
v 0.00420826 -0.03308333 0.06138841
v 0.00413040 -0.03675000 0.06131969
v 0.00405253 -0.03491667 0.06125098
v 0.00464651 -0.03308333 0.06183033
v 0.00457588 -0.03675000 0.06175420
v 0.00450525 -0.03491667 0.06167808
v 0.00503859 -0.03308333 0.06231369
v 0.00497589 -0.03675000 0.06223091
v 0.00491318 -0.03491667 0.06214813
v 0.00548888 -0.03400000 0.06301091
v 0.00538059 -0.03308333 0.06283369
v 0.00532644 -0.03675000 0.06274508
v 0.00527229 -0.03491667 0.06265647
v 0.00575923 -0.03400000 0.06357228
v 0.00566911 -0.03308333 0.06338516
v 0.00562406 -0.03675000 0.06329160
v 0.00557900 -0.03491667 0.06319804
v 0.00597233 -0.03400000 0.06415778
v 0.00590130 -0.03308333 0.06396261
v 0.00586578 -0.03675000 0.06386503
v 0.00583026 -0.03491667 0.06376745
v 0.00612608 -0.03400000 0.06476159
v 0.00607483 -0.03308333 0.06456032
v 0.00604920 -0.03675000 0.06445968
v 0.00602358 -0.03491667 0.06435905
v 0.00621894 -0.03400000 0.06537770
v 0.00618799 -0.03308333 0.06517233
v 0.00617251 -0.03675000 0.06506964
v 0.00615703 -0.03491667 0.06496696
v 0.00623447 -0.03400000 0.06568885
v 0.00623965 -0.03308333 0.06579257
v 0.00623447 -0.03675000 0.06568885
v 0.00622929 -0.03491667 0.06558513
v 0.01821701 -0.03028142 0.08261701
v 0.01820906 -0.02991740 0.08277632
v 0.01821171 -0.02991667 0.08272322
v 0.01819717 -0.03025000 0.08285518
v 0.01818529 -0.03057320 0.08293404
v 0.01816561 -0.03025000 0.08301133
v 0.01817217 -0.03058333 0.08298557
v 0.01814593 -0.03016961 0.08308862
v 0.01811865 -0.03025000 0.08316356
v 0.01812774 -0.03058333 0.08313858
v 0.01809137 -0.03034448 0.08323850
v 0.01805677 -0.03025000 0.08331036
v 0.01806830 -0.03058333 0.08328641
v 0.01802216 -0.03028751 0.08338222
v 0.01798058 -0.03025000 0.08345027
v 0.01799444 -0.03058333 0.08342758
v 0.01793899 -0.03033570 0.08351832
v 0.01789084 -0.03025000 0.08358190
v 0.01790689 -0.03058333 0.08356070
v 0.01784268 -0.03019436 0.08364547
v 0.01778843 -0.03025000 0.08370393
v 0.01780652 -0.03058333 0.08368445
v 0.01773419 -0.02990818 0.08376240
v 0.01767439 -0.03025000 0.08381517
v 0.01769432 -0.03058333 0.08379758
v 0.01761459 -0.03003219 0.08386794
v 0.01748508 -0.03023534 0.08396105
v 0.01757142 -0.03058333 0.08389898
v 0.01734695 -0.03017767 0.08404080
v 0.01743904 -0.03058333 0.08398763
v 0.01720156 -0.03031802 0.08410641
v 0.01729848 -0.03058333 0.08406267
v 0.01705035 -0.03029063 0.08415721
v 0.01715115 -0.03058333 0.08412334
v 0.01689485 -0.03035613 0.08419270
v 0.01697260 -0.03025000 0.08417495
v 0.01681571 -0.03025000 0.08420262
v 0.01684209 -0.02991667 0.08419931
v 0.01699852 -0.03058333 0.08416904
v 0.01678933 -0.03058333 0.08420592
v 0.01657712 -0.03028470 0.08421651
v 0.01668343 -0.03058333 0.08421386
v 0.01641806 -0.03023490 0.08420459
v 0.01649759 -0.03025000 0.08421055
v 0.01633952 -0.03025000 0.08419074
v 0.01636570 -0.02991667 0.08419536
v 0.01652410 -0.03058333 0.08421254
v 0.01631334 -0.03058333 0.08418613
v 0.01618420 -0.03025000 0.08415529
v 0.01620979 -0.03058333 0.08416249
v 0.01610743 -0.03017350 0.08413369
v 0.01595895 -0.02925000 0.08407542
v 0.01605794 -0.02991667 0.08411427
v 0.01595895 -0.02995762 0.08407542
v 0.01588798 -0.03025000 0.08403903
v 0.01591164 -0.02991667 0.08405116
v 0.01581701 -0.03025544 0.08400265
v 0.01586432 -0.03058333 0.08402691
v 0.01575001 -0.03025000 0.08395938
v 0.01568302 -0.03035036 0.08391611
v 0.01562067 -0.03025000 0.08386639
v 0.01564145 -0.03058333 0.08388296
v 0.01555831 -0.03024392 0.08381666
v 0.01550122 -0.03025000 0.08376097
v 0.01552025 -0.03058333 0.08377954
v 0.01544413 -0.03028363 0.08370529
v 0.01539286 -0.03025000 0.08364419
v 0.01540995 -0.03058333 0.08366456
v 0.01534160 -0.03025570 0.08358310
v 0.01529667 -0.03025000 0.08351720
v 0.01531165 -0.03058333 0.08353917
v 0.01525174 -0.03043094 0.08345131
v 0.01521360 -0.03025000 0.08338126
v 0.01522632 -0.02991667 0.08340461
v 0.01517546 -0.03031201 0.08331122
v 0.01520089 -0.03058333 0.08335792
v 0.01514448 -0.03025000 0.08323773
v 0.01511350 -0.03019406 0.08316424
v 0.01508999 -0.03025000 0.08308803
v 0.01509783 -0.03058333 0.08311344
v 0.01506649 -0.03057679 0.08301182
v 0.01505068 -0.03025000 0.08293365
v 0.01505595 -0.03058333 0.08295971
v 0.01503488 -0.03020743 0.08285548
v 0.01502694 -0.03025000 0.08277612
v 0.01502959 -0.02991667 0.08280257
v 0.01501900 -0.03024741 0.08269676
v 0.01501900 -0.03041667 0.08263030
v 0.01501900 -0.03025000 0.08253726
v 0.01502694 -0.03025000 0.08245790
v 0.01502429 -0.03058333 0.08248435
v 0.01503488 -0.03017709 0.08237854
v 0.01505068 -0.03025000 0.08230037
v 0.01504541 -0.03058333 0.08232643
v 0.01506649 -0.03040001 0.08222220
v 0.01508999 -0.03025000 0.08214599
v 0.01508216 -0.03058333 0.08217139
v 0.01511350 -0.03040081 0.08206978
v 0.01521360 -0.03025000 0.08185275
v 0.01517546 -0.03047030 0.08192280
v 0.01520089 -0.02991667 0.08187610
v 0.01514448 -0.03025000 0.08199629
v 0.01513415 -0.03058333 0.08202078
v 0.01525174 -0.03049735 0.08178271
v 0.01534160 -0.03039928 0.08165092
v 0.01529667 -0.03025000 0.08171682
v 0.01528170 -0.03058333 0.08173878
v 0.01544413 -0.03037849 0.08152873
v 0.01539286 -0.03025000 0.08158983
v 0.01537577 -0.03058333 0.08161019
v 0.01555831 -0.03036235 0.08141736
v 0.01550122 -0.03025000 0.08147305
v 0.01548219 -0.03058333 0.08149161
v 0.01568302 -0.03029894 0.08131791
v 0.01562067 -0.03025000 0.08136763
v 0.01575001 -0.03025000 0.08127464
v 0.01572768 -0.02991667 0.08128906
v 0.01559988 -0.03058333 0.08138421
v 0.01581701 -0.03018689 0.08123137
v 0.01588798 -0.03025000 0.08119498
v 0.01586432 -0.03058333 0.08120711
v 0.01595895 -0.02987800 0.08115860
v 0.01603319 -0.03025000 0.08112946
v 0.01600844 -0.03058333 0.08113918
v 0.01610743 -0.03034037 0.08110033
v 0.01626098 -0.03026132 0.08105713
v 0.01618420 -0.03025000 0.08107873
v 0.01615861 -0.03058333 0.08108593
v 0.01633952 -0.03025000 0.08104328
v 0.01631334 -0.02991667 0.08104789
v 0.01636570 -0.03058333 0.08103866
v 0.01657712 -0.03016055 0.08101751
v 0.01647108 -0.03058333 0.08102545
v 0.01673658 -0.03016248 0.08102148
v 0.01665685 -0.03025000 0.08101950
v 0.01668343 -0.02991667 0.08102016
v 0.01663027 -0.03058333 0.08101883
v 0.01689485 -0.03038603 0.08104132
v 0.01705035 -0.03014295 0.08107681
v 0.01694668 -0.03058333 0.08105315
v 0.01720156 -0.03029605 0.08112761
v 0.01710075 -0.03058333 0.08109374
v 0.01734695 -0.03033453 0.08119321
v 0.01727425 -0.03025000 0.08116041
v 0.01748508 -0.02925000 0.08127297
v 0.01739299 -0.02991667 0.08121980
v 0.01725002 -0.03058333 0.08114948
v 0.01748508 -0.03016504 0.08127297
v 0.01754984 -0.03025000 0.08131952
v 0.01752825 -0.02991667 0.08130401
v 0.01761459 -0.02952211 0.08136608
v 0.01757142 -0.03058333 0.08133504
v 0.01773419 -0.02959328 0.08147162
v 0.01784268 -0.03016518 0.08158855
v 0.01778843 -0.03025000 0.08153009
v 0.01789084 -0.03025000 0.08165212
v 0.01787478 -0.02991667 0.08163093
v 0.01777035 -0.03058333 0.08151060
v 0.01790689 -0.03058333 0.08167331
v 0.01802216 -0.03023180 0.08185180
v 0.01796672 -0.03058333 0.08176107
v 0.01809137 -0.03021070 0.08199551
v 0.01804523 -0.03058333 0.08189971
v 0.01814593 -0.03030527 0.08214540
v 0.01810956 -0.03058333 0.08204548
v 0.01818529 -0.03025936 0.08229998
v 0.01815905 -0.03058333 0.08219693
v 0.01820906 -0.03015572 0.08245770
v 0.01819321 -0.03058333 0.08235255
v 0.01821303 -0.03025000 0.08253736
v 0.01821171 -0.03058333 0.08251080
v 0.01821436 -0.02991667 0.08256391
v -0.00372066 -0.03675000 0.06178398
v -0.00400763 -0.03675000 0.06177229
v -0.00348405 -0.03675000 0.06242798
v -0.00384989 -0.03675000 0.06220162
v -0.00428202 -0.03675000 0.06236616
v -0.00451538 -0.03675000 0.06231951
v -0.00382240 -0.03675000 0.06279263
v -0.00407546 -0.03675000 0.06244472
v -0.00328239 -0.03675000 0.06143447
v -0.00356677 -0.03675000 0.06139427
v -0.00311108 -0.03675000 0.06209883
v -0.00345257 -0.03675000 0.06183717
v -0.00462256 -0.03675000 0.06281057
v -0.00485940 -0.03675000 0.06278739
v -0.00412276 -0.03675000 0.06318915
v -0.00440920 -0.03675000 0.06286818
v -0.00281150 -0.03675000 0.06113034
v -0.00309047 -0.03675000 0.06106202
v -0.00253427 -0.03675000 0.06098821
v -0.00273118 -0.03675000 0.06085459
v -0.00270719 -0.03675000 0.06180845
v -0.00302093 -0.03675000 0.06151409
v -0.00491715 -0.03675000 0.06328667
v -0.00515512 -0.03675000 0.06328719
v -0.00438214 -0.03675000 0.06361361
v -0.00469912 -0.03675000 0.06332275
v -0.00231267 -0.03675000 0.06087460
v -0.00237444 -0.03675000 0.06114085
v -0.00516288 -0.03675000 0.06378975
v -0.00539961 -0.03675000 0.06381396
v -0.00459797 -0.03675000 0.06406179
v -0.00494233 -0.03675000 0.06380394
v -0.00179085 -0.03675000 0.06066980
v -0.00205075 -0.03675000 0.06054757
v -0.00182297 -0.03675000 0.06135514
v -0.00207216 -0.03675000 0.06100445
v -0.00535729 -0.03675000 0.06431479
v -0.00559044 -0.03675000 0.06436245
v -0.00476811 -0.03675000 0.06452923
v -0.00513643 -0.03675000 0.06430695
v -0.00125124 -0.03675000 0.06051798
v -0.00149767 -0.03675000 0.06037047
v -0.00135144 -0.03675000 0.06119671
v -0.00156447 -0.03675000 0.06082296
v -0.00549847 -0.03675000 0.06485658
v -0.00572571 -0.03675000 0.06492721
v -0.00489085 -0.03675000 0.06501129
v -0.00527948 -0.03675000 0.06482678
v -0.00069918 -0.03675000 0.06042064
v -0.00092971 -0.03675000 0.06024933
v -0.00086647 -0.03675000 0.06108602
v -0.00104123 -0.03675000 0.06069291
v -0.00561601 -0.03675000 0.06571972
v -0.00582475 -0.03675000 0.06591699
v -0.00558499 -0.03675000 0.06540973
v -0.00580407 -0.03675000 0.06550264
v -0.00496499 -0.03675000 0.06550318
v -0.00537006 -0.03675000 0.06535828
v -0.00014019 -0.03675000 0.06037875
v -0.00035251 -0.03675000 0.06018533
v 0.00017125 -0.03675000 0.06038651
v 0.00006223 -0.03675000 0.06017499
v -0.00037289 -0.03675000 0.06102416
v -0.00050764 -0.03675000 0.06061561
v -0.00498979 -0.03675000 0.06600000
v -0.00540727 -0.03675000 0.06610385
v 0.00042021 -0.03675000 0.06039272
v 0.00023862 -0.03675000 0.06059700
v -0.00559121 -0.03675000 0.06652808
v -0.00578754 -0.03675000 0.06666256
v -0.00496499 -0.03675000 0.06649682
v -0.00539074 -0.03675000 0.06643506
v 0.00097642 -0.03675000 0.06046243
v 0.00080664 -0.03675000 0.06023078
v 0.00062045 -0.03675000 0.06104893
v 0.00056932 -0.03675000 0.06062178
v -0.00489085 -0.03675000 0.06698871
v -0.00532063 -0.03675000 0.06696964
v -0.00544912 -0.03675000 0.06738752
v -0.00569281 -0.03675000 0.06723552
v 0.00121921 -0.03675000 0.06051784
v 0.00110199 -0.03675000 0.06070519
v 0.00152294 -0.03675000 0.06058716
v 0.00137706 -0.03675000 0.06033976
v -0.00476811 -0.03675000 0.06747077
v -0.00519765 -0.03675000 0.06749459
v -0.00528389 -0.03675000 0.06792318
v -0.00554151 -0.03675000 0.06779620
v -0.00516288 -0.03675000 0.06821025
v -0.00539961 -0.03675000 0.06818604
v 0.00175900 -0.03675000 0.06066648
v 0.00162371 -0.03675000 0.06084123
v 0.00205431 -0.03675000 0.06076570
v 0.00193379 -0.03675000 0.06050500
v -0.00459797 -0.03675000 0.06793821
v -0.00494233 -0.03675000 0.06819606
v 0.00228130 -0.03675000 0.06086812
v 0.00212928 -0.03675000 0.06102853
v 0.00256527 -0.03675000 0.06099625
v 0.00247131 -0.03675000 0.06072485
v -0.00494705 -0.03675000 0.06865843
v -0.00507572 -0.03675000 0.06885861
v -0.00438214 -0.03675000 0.06838639
v -0.00479845 -0.03675000 0.06849485
v 0.00278094 -0.03675000 0.06112077
v 0.00261370 -0.03675000 0.06126524
v 0.00305074 -0.03675000 0.06127653
v 0.00298426 -0.03675000 0.06099712
v -0.00465777 -0.03675000 0.06913779
v -0.00476587 -0.03675000 0.06934978
v -0.00412276 -0.03675000 0.06881085
v -0.00452619 -0.03675000 0.06896022
v 0.00350588 -0.03675000 0.06160376
v 0.00346756 -0.03675000 0.06131912
v 0.00291276 -0.03675000 0.06194860
v 0.00307214 -0.03675000 0.06154901
v -0.00432220 -0.03675000 0.06958596
v -0.00440866 -0.03675000 0.06980767
v -0.00382240 -0.03675000 0.06920737
v -0.00420896 -0.03675000 0.06939618
v 0.00369260 -0.03675000 0.06176854
v 0.00350005 -0.03675000 0.06187702
v 0.00392619 -0.03675000 0.06197468
v 0.00391639 -0.03675000 0.06168764
v -0.00348405 -0.03675000 0.06957202
v -0.00384989 -0.03675000 0.06979838
v -0.00372066 -0.03675000 0.07021602
v -0.00400763 -0.03675000 0.07022771
v 0.00430747 -0.03675000 0.06238561
v 0.00413808 -0.03675000 0.06220305
v 0.00403444 -0.03675000 0.06239825
v 0.00421338 -0.03675000 0.06197731
v 0.00445783 -0.03675000 0.06258412
v 0.00424761 -0.03675000 0.06265229
v -0.00347709 -0.03675000 0.07041026
v -0.00369657 -0.03675000 0.07050222
v -0.00311108 -0.03675000 0.06990117
v -0.00329019 -0.03675000 0.07029232
v 0.00464594 -0.03675000 0.06283245
v 0.00469322 -0.03675000 0.06254916
v -0.00302069 -0.03675000 0.07073455
v -0.00322993 -0.03675000 0.07084790
v -0.00270719 -0.03675000 0.07019155
v -0.00284646 -0.03675000 0.07059859
v -0.00227640 -0.03675000 0.07044027
v -0.00255926 -0.03675000 0.07076440
v 0.00493824 -0.03675000 0.06331078
v 0.00480839 -0.03675000 0.06309828
v 0.00466812 -0.03675000 0.06326907
v 0.00492692 -0.03675000 0.06289194
v -0.00231267 -0.03675000 0.07112540
v -0.00258344 -0.03675000 0.07122115
v 0.00518146 -0.03675000 0.06381583
v 0.00507341 -0.03675000 0.06359146
v 0.00491684 -0.03675000 0.06374744
v 0.00521190 -0.03675000 0.06339795
v -0.00202267 -0.03675000 0.07123921
v -0.00182297 -0.03675000 0.07064486
v -0.00187883 -0.03675000 0.07107142
v -0.00220529 -0.03675000 0.07139178
v 0.00537319 -0.03675000 0.06434259
v 0.00528801 -0.03675000 0.06410858
v 0.00511669 -0.03675000 0.06424819
v 0.00544508 -0.03675000 0.06392981
v -0.00149096 -0.03675000 0.07141457
v -0.00135144 -0.03675000 0.07080329
v -0.00136454 -0.03675000 0.07123329
v -0.00165749 -0.03675000 0.07158456
v 0.00551151 -0.03675000 0.06488582
v 0.00545006 -0.03675000 0.06464449
v 0.00526569 -0.03675000 0.06476635
v 0.00554863 -0.03675000 0.06513207
v 0.00533140 -0.03675000 0.06509140
v 0.00562415 -0.03675000 0.06448226
v -0.00094443 -0.03675000 0.07153612
v -0.00109321 -0.03675000 0.07172184
v -0.00069918 -0.03675000 0.07157936
v -0.00050764 -0.03675000 0.07138439
v -0.00086647 -0.03675000 0.07091398
v -0.00083669 -0.03675000 0.07134315
v 0.00560747 -0.03675000 0.06568885
v 0.00559506 -0.03675000 0.06544013
v 0.00539537 -0.03675000 0.06562675
v 0.00577206 -0.03675000 0.06521395
v -0.00014019 -0.03675000 0.07162125
v -0.00035251 -0.03675000 0.07181467
v 0.00562300 -0.03675000 0.06600000
v 0.00582165 -0.03675000 0.06579257
v 0.00017125 -0.03675000 0.07161349
v 0.00006223 -0.03675000 0.07182501
v 0.00042021 -0.03675000 0.07160728
v 0.00056932 -0.03675000 0.07137822
v 0.00012440 -0.03675000 0.07098824
v 0.00023862 -0.03675000 0.07140300
v 0.00560747 -0.03675000 0.06631115
v 0.00582165 -0.03675000 0.06620743
v 0.00559506 -0.03675000 0.06655987
v 0.00539537 -0.03675000 0.06637325
v 0.00097642 -0.03675000 0.07153757
v 0.00080664 -0.03675000 0.07176922
v 0.00554863 -0.03675000 0.06686793
v 0.00577206 -0.03675000 0.06678605
v 0.00551151 -0.03675000 0.06711418
v 0.00533140 -0.03675000 0.06690860
v 0.00545006 -0.03675000 0.06735551
v 0.00526569 -0.03675000 0.06723365
v 0.00128015 -0.03675000 0.07146825
v 0.00121520 -0.03675000 0.07169718
v 0.00152294 -0.03675000 0.07141284
v 0.00162371 -0.03675000 0.07115877
v 0.00111033 -0.03675000 0.07086469
v 0.00130447 -0.03675000 0.07124859
v 0.00537319 -0.03675000 0.06765741
v 0.00562415 -0.03675000 0.06751774
v 0.00528801 -0.03675000 0.06789142
v 0.00511669 -0.03675000 0.06775181
v 0.00205431 -0.03675000 0.07123430
v 0.00193379 -0.03675000 0.07149500
v 0.00518146 -0.03675000 0.06818417
v 0.00544508 -0.03675000 0.06807019
v 0.00507341 -0.03675000 0.06840854
v 0.00491684 -0.03675000 0.06825256
v 0.00233828 -0.03675000 0.07110617
v 0.00231998 -0.03675000 0.07134343
v 0.00205224 -0.03675000 0.07054822
v 0.00231860 -0.03675000 0.07088605
v 0.00493824 -0.03675000 0.06868922
v 0.00521190 -0.03675000 0.06860205
v 0.00283507 -0.03675000 0.07084798
v 0.00284049 -0.03675000 0.07108589
v 0.00305074 -0.03675000 0.07072347
v 0.00307214 -0.03675000 0.07045099
v 0.00249489 -0.03675000 0.07032128
v 0.00279357 -0.03675000 0.07063091
v 0.00477579 -0.03675000 0.06895505
v 0.00501349 -0.03675000 0.06896640
v 0.00464594 -0.03675000 0.06916755
v 0.00455983 -0.03675000 0.06890815
v 0.00350588 -0.03675000 0.07039624
v 0.00346756 -0.03675000 0.07068088
v 0.00330167 -0.03675000 0.06974125
v 0.00350005 -0.03675000 0.07012298
v 0.00430747 -0.03675000 0.06961439
v 0.00445783 -0.03675000 0.06941588
v 0.00424761 -0.03675000 0.06934771
v 0.00469322 -0.03675000 0.06945084
v 0.00392619 -0.03675000 0.07002532
v 0.00365777 -0.03675000 0.06939392
v 0.00409557 -0.03675000 0.06984277
v 0.00389318 -0.03675000 0.06975400
v 0.00432631 -0.03675000 0.06990099
v 0.00391639 -0.03675000 0.07031236
v 0.00498359 -0.04215000 0.06624872
v 0.00499600 -0.03923098 0.06600000
v 0.00498359 -0.03945000 0.06624872
v 0.00497117 -0.03932614 0.06649744
v 0.00497945 -0.03855000 0.06633163
v 0.00493406 -0.04215000 0.06674369
v 0.00493406 -0.03945000 0.06674369
v 0.00489694 -0.03930904 0.06698994
v 0.00492169 -0.03855000 0.06682577
v 0.00483549 -0.04215000 0.06723127
v 0.00483549 -0.03945000 0.06723127
v 0.00477404 -0.03966943 0.06747260
v 0.00481501 -0.03855000 0.06731171
v 0.00468887 -0.03945000 0.06770661
v 0.00460370 -0.03945000 0.06794062
v 0.00466048 -0.03855000 0.06778461
v 0.00449565 -0.04215000 0.06816499
v 0.00449565 -0.03945000 0.06816499
v 0.00453166 -0.04035000 0.06809020
v 0.00438760 -0.03952676 0.06838936
v 0.00445963 -0.03855000 0.06823978
v 0.00425774 -0.03945000 0.06860185
v 0.00425774 -0.04215000 0.06860185
v 0.00412789 -0.03899533 0.06881435
v 0.00421446 -0.04035000 0.06867268
v 0.00397752 -0.04215000 0.06901286
v 0.00397752 -0.03945000 0.06901286
v 0.00382716 -0.03955489 0.06921137
v 0.00392740 -0.03855000 0.06907903
v 0.00365777 -0.03945000 0.06939392
v 0.00365777 -0.04215000 0.06939392
v 0.00348839 -0.03949323 0.06957647
v 0.00360131 -0.04035000 0.06945477
v 0.00330167 -0.04215000 0.06974125
v 0.00330167 -0.03945000 0.06974125
v 0.00311495 -0.03916954 0.06990603
v 0.00323943 -0.03855000 0.06979618
v 0.00291276 -0.03945000 0.07005140
v 0.00271056 -0.03945000 0.07019677
v 0.00284536 -0.04035000 0.07009986
v 0.00249489 -0.04215000 0.07032128
v 0.00249489 -0.03945000 0.07032128
v 0.00256678 -0.04035000 0.07027978
v 0.00227923 -0.03988470 0.07044580
v 0.00242301 -0.03855000 0.07036279
v 0.00205224 -0.03945000 0.07054822
v 0.00182524 -0.03957906 0.07065065
v 0.00197657 -0.03855000 0.07058236
v 0.00205224 -0.04215000 0.07054822
v 0.00158918 -0.03945000 0.07072996
v 0.00135312 -0.03973719 0.07080927
v 0.00151049 -0.03855000 0.07075640
v 0.00158918 -0.04215000 0.07072996
v 0.00111033 -0.03945000 0.07086469
v 0.00086755 -0.03919266 0.07092010
v 0.00102940 -0.03855000 0.07088316
v 0.00111033 -0.04215000 0.07086469
v 0.00062045 -0.03945000 0.07095107
v 0.00037335 -0.03926581 0.07098203
v 0.00053808 -0.03855000 0.07096139
v 0.00062045 -0.04215000 0.07095107
v 0.00012440 -0.03945000 0.07098824
v -0.00012455 -0.03860161 0.07099445
v 0.00004141 -0.03855000 0.07099031
v 0.00012440 -0.04215000 0.07098824
v -0.00037289 -0.03945000 0.07097584
v -0.00062122 -0.03992506 0.07095723
v -0.00045567 -0.03855000 0.07096963
v -0.00037289 -0.04215000 0.07097584
v -0.00086647 -0.04215000 0.07091398
v -0.00086647 -0.03945000 0.07091398
v -0.00111171 -0.03896565 0.07087074
v -0.00111171 -0.04215000 0.07087074
v -0.00127153 -0.03855000 0.07082577
v -0.00159116 -0.03945000 0.07073585
v -0.00143134 -0.04035000 0.07078081
v -0.00182297 -0.04215000 0.07064486
v -0.00182297 -0.03945000 0.07064486
v -0.00174570 -0.04035000 0.07067519
v -0.00205479 -0.03866037 0.07055388
v -0.00190025 -0.03855000 0.07061454
v -0.00227640 -0.03945000 0.07044027
v -0.00227640 -0.04215000 0.07044027
v -0.00249800 -0.03958302 0.07032666
v -0.00235026 -0.04035000 0.07040240
v -0.00270719 -0.03945000 0.07019155
v -0.00291638 -0.03945000 0.07005644
v -0.00277692 -0.03855000 0.07014652
v -0.00311108 -0.04215000 0.06990117
v -0.00311108 -0.03945000 0.06990117
v -0.00304618 -0.04035000 0.06995293
v -0.00330578 -0.03943381 0.06974591
v -0.00317598 -0.03855000 0.06984942
v -0.00348405 -0.03945000 0.06957202
v -0.00366233 -0.03945000 0.06939814
v -0.00354348 -0.03855000 0.06951406
v -0.00382240 -0.04215000 0.06920737
v -0.00382240 -0.03945000 0.06920737
v -0.00376904 -0.04035000 0.06927096
v -0.00398247 -0.03933649 0.06901661
v -0.00387576 -0.03855000 0.06914379
v -0.00412276 -0.04215000 0.06881085
v -0.00412276 -0.03945000 0.06881085
v -0.00426304 -0.03956555 0.06860509
v -0.00438214 -0.03945000 0.06838639
v -0.00434244 -0.03855000 0.06845929
v -0.00438214 -0.04215000 0.06838639
v -0.00450124 -0.04000936 0.06816768
v -0.00442184 -0.04035000 0.06831349
v -0.00459797 -0.04215000 0.06793821
v -0.00459797 -0.03945000 0.06793821
v -0.00469470 -0.03938172 0.06770873
v -0.00463022 -0.03855000 0.06786172
v -0.00476811 -0.04215000 0.06747077
v -0.00476811 -0.03945000 0.06747077
v -0.00484151 -0.03899794 0.06723280
v -0.00479258 -0.03855000 0.06739144
v -0.00489085 -0.04215000 0.06698871
v -0.00489085 -0.03945000 0.06698871
v -0.00494020 -0.03936153 0.06674462
v -0.00490730 -0.03855000 0.06690734
v -0.00496499 -0.04215000 0.06649682
v -0.00496499 -0.03945000 0.06649682
v -0.00498979 -0.03945000 0.06624903
v -0.00497326 -0.03855000 0.06641423
v -0.00498979 -0.03945000 0.06600000
v -0.00498979 -0.03945000 0.06575097
v -0.00498979 -0.03855000 0.06591699
v -0.00496499 -0.04215000 0.06550318
v -0.00496499 -0.03945000 0.06550318
v -0.00497326 -0.04035000 0.06558577
v -0.00494020 -0.03904575 0.06525538
v -0.00495673 -0.03855000 0.06542058
v -0.00489085 -0.03945000 0.06501129
v -0.00484151 -0.03945000 0.06476720
v -0.00487441 -0.03855000 0.06492993
v -0.00469470 -0.03896831 0.06429127
v -0.00459797 -0.03945000 0.06406179
v -0.00476811 -0.04215000 0.06452923
v -0.00476811 -0.03945000 0.06452923
v -0.00479258 -0.04035000 0.06460856
v -0.00474364 -0.03855000 0.06444991
v -0.00438214 -0.03945000 0.06361361
v -0.00442184 -0.03855000 0.06368651
v -0.00459797 -0.04215000 0.06406179
v -0.00450124 -0.04207695 0.06383232
v -0.00438214 -0.04215000 0.06361361
v -0.00426304 -0.03949774 0.06339491
v -0.00434244 -0.04035000 0.06354071
v -0.00412276 -0.03945000 0.06318915
v -0.00398247 -0.03944286 0.06298339
v -0.00407600 -0.03855000 0.06312057
v -0.00382240 -0.03945000 0.06279263
v -0.00412276 -0.04215000 0.06318915
v -0.00382240 -0.04215000 0.06279263
v -0.00366233 -0.03962069 0.06260186
v -0.00376904 -0.04035000 0.06272904
v -0.00348405 -0.03945000 0.06242798
v -0.00330578 -0.03954191 0.06225409
v -0.00342463 -0.03855000 0.06237001
v -0.00348405 -0.04215000 0.06242798
v -0.00311108 -0.03945000 0.06209883
v -0.00291638 -0.03912116 0.06194356
v -0.00304618 -0.03855000 0.06204707
v -0.00311108 -0.04215000 0.06209883
v -0.00270719 -0.03945000 0.06180845
v -0.00249800 -0.03913454 0.06167334
v -0.00263746 -0.03855000 0.06176341
v -0.00270719 -0.04215000 0.06180845
v -0.00227640 -0.04215000 0.06155973
v -0.00227640 -0.03945000 0.06155973
v -0.00205479 -0.03950413 0.06144612
v -0.00220253 -0.03855000 0.06152186
v -0.00182297 -0.04215000 0.06135514
v -0.00182297 -0.03945000 0.06135514
v -0.00159116 -0.03964724 0.06126415
v -0.00135144 -0.03945000 0.06119671
v -0.00143134 -0.03855000 0.06121919
v -0.00086647 -0.03945000 0.06108602
v -0.00094822 -0.03855000 0.06110043
v -0.00135144 -0.04215000 0.06119671
v -0.00127153 -0.04035000 0.06117423
v -0.00086647 -0.04215000 0.06108602
v -0.00062122 -0.03949540 0.06104277
v -0.00078472 -0.04035000 0.06107160
v -0.00037289 -0.03945000 0.06102416
v -0.00012455 -0.03965726 0.06100555
v -0.00029011 -0.03855000 0.06101796
v -0.00037289 -0.04215000 0.06102416
v 0.00012440 -0.03945000 0.06101176
v 0.00037335 -0.03936672 0.06101797
v 0.00020738 -0.03855000 0.06101383
v 0.00062045 -0.03945000 0.06104893
v 0.00012440 -0.04215000 0.06101176
v 0.00062045 -0.04215000 0.06104893
v 0.00086755 -0.03938791 0.06107990
v 0.00070281 -0.04035000 0.06105926
v 0.00111033 -0.03945000 0.06113531
v 0.00135312 -0.03925633 0.06119073
v 0.00119126 -0.03855000 0.06115379
v 0.00158918 -0.03945000 0.06127004
v 0.00111033 -0.04215000 0.06113531
v 0.00158918 -0.04215000 0.06127004
v 0.00182524 -0.03956846 0.06134935
v 0.00166787 -0.04035000 0.06129648
v 0.00205224 -0.03945000 0.06145178
v 0.00227923 -0.03980923 0.06155420
v 0.00212790 -0.03855000 0.06148592
v 0.00205224 -0.04215000 0.06145178
v 0.00249489 -0.03945000 0.06167872
v 0.00271056 -0.03938545 0.06180323
v 0.00256678 -0.03855000 0.06172022
v 0.00249489 -0.04215000 0.06167872
v 0.00291276 -0.03945000 0.06194860
v 0.00311495 -0.03903903 0.06209397
v 0.00298016 -0.03855000 0.06199706
v 0.00291276 -0.04215000 0.06194860
v 0.00348839 -0.03945000 0.06242353
v 0.00336391 -0.03855000 0.06231368
v 0.00330167 -0.04215000 0.06225875
v 0.00365777 -0.03945000 0.06260608
v 0.00382716 -0.04026447 0.06278863
v 0.00371424 -0.03855000 0.06266693
v 0.00397752 -0.03945000 0.06298714
v 0.00365777 -0.04215000 0.06260608
v 0.00360131 -0.04035000 0.06254523
v 0.00412789 -0.03945000 0.06318565
v 0.00402765 -0.04035000 0.06305331
v 0.00425774 -0.03945000 0.06339815
v 0.00438760 -0.03958156 0.06361064
v 0.00430103 -0.03855000 0.06346898
v 0.00425774 -0.04215000 0.06339815
v 0.00421446 -0.04035000 0.06332732
v 0.00449565 -0.03945000 0.06383501
v 0.00460370 -0.03977240 0.06405938
v 0.00453166 -0.03855000 0.06390980
v 0.00449565 -0.04215000 0.06383501
v 0.00468887 -0.03945000 0.06429339
v 0.00477404 -0.03956104 0.06452740
v 0.00471726 -0.03855000 0.06437140
v 0.00468887 -0.04215000 0.06429339
v 0.00483549 -0.03945000 0.06476873
v 0.00489694 -0.03967980 0.06501006
v 0.00485597 -0.03855000 0.06484918
v 0.00483549 -0.04215000 0.06476873
v 0.00497117 -0.03945000 0.06550256
v 0.00494643 -0.03855000 0.06533839
v 0.00498359 -0.03945000 0.06575128
v 0.00497945 -0.03855000 0.06566837
v 0.00493406 -0.04215000 0.06525631
v 0.00498359 -0.04215000 0.06575128
v 0.00498772 -0.04035000 0.06583419
v -0.00242156 -0.04215000 0.06356928
v -0.00206644 -0.04215000 0.06365843
v -0.00087171 -0.04215000 0.06510628
v -0.00228932 -0.04215000 0.06387582
v -0.00180192 -0.04215000 0.06427147
v -0.00268493 -0.04215000 0.06386224
v -0.00232937 -0.04215000 0.06392355
v -0.00095637 -0.04215000 0.06519751
v -0.00185835 -0.04215000 0.06433230
v -0.00216751 -0.04215000 0.06334025
v -0.00182303 -0.04215000 0.06346432
v -0.00077839 -0.04215000 0.06502393
v -0.00162086 -0.04215000 0.06410065
v -0.00288444 -0.04215000 0.06414020
v -0.00252454 -0.04215000 0.06416580
v -0.00103151 -0.04215000 0.06529673
v -0.00201517 -0.04215000 0.06452561
v -0.00189191 -0.04215000 0.06313765
v -0.00156150 -0.04215000 0.06329540
v -0.00067734 -0.04215000 0.06495127
v -0.00142369 -0.04215000 0.06394870
v -0.00305528 -0.04215000 0.06443664
v -0.00269463 -0.04215000 0.06442628
v -0.00109641 -0.04215000 0.06540293
v -0.00215196 -0.04215000 0.06473359
v -0.00056955 -0.04215000 0.06488904
v -0.00159751 -0.04215000 0.06296350
v -0.00121237 -0.04215000 0.06381714
v -0.00128445 -0.04215000 0.06315337
v -0.00319576 -0.04215000 0.06474861
v -0.00283793 -0.04215000 0.06470240
v -0.00115041 -0.04215000 0.06551506
v -0.00226736 -0.04215000 0.06495415
v -0.00128723 -0.04215000 0.06281953
v -0.00099463 -0.04215000 0.06303962
v -0.00045611 -0.04215000 0.06483785
v -0.00098900 -0.04215000 0.06370728
v -0.00337006 -0.04215000 0.06535576
v -0.00330447 -0.04215000 0.06507303
v -0.00295303 -0.04215000 0.06499141
v -0.00119298 -0.04215000 0.06563201
v -0.00236022 -0.04215000 0.06518510
v -0.00096417 -0.04215000 0.06270717
v -0.00068265 -0.04215000 0.06263655
v -0.00044969 -0.04215000 0.06291206
v -0.00033813 -0.04215000 0.06479822
v -0.00075581 -0.04215000 0.06362020
v -0.00308812 -0.04215000 0.06553454
v -0.00122369 -0.04215000 0.06575263
v -0.00246253 -0.04215000 0.06558688
v -0.00021679 -0.04215000 0.06477052
v -0.00038833 -0.04215000 0.06290124
v -0.00035160 -0.04215000 0.06352794
v -0.00343090 -0.04215000 0.06603630
v -0.00342263 -0.04215000 0.06574617
v -0.00309432 -0.04215000 0.06559654
v -0.00124224 -0.04215000 0.06587569
v -0.00247489 -0.04215000 0.06566892
v -0.00029259 -0.04215000 0.06258141
v -0.00007786 -0.04215000 0.06287797
v -0.00009330 -0.04215000 0.06475504
v -0.00026927 -0.04215000 0.06351762
v -0.00311912 -0.04215000 0.06615567
v -0.00124845 -0.04215000 0.06600000
v -0.00249556 -0.04215000 0.06608301
v 0.00004925 -0.04215000 0.06256926
v 0.00023338 -0.04215000 0.06288573
v 0.00003112 -0.04215000 0.06475194
v -0.00002077 -0.04215000 0.06350315
v -0.00340506 -0.04215000 0.06642939
v -0.00311291 -0.04215000 0.06621767
v -0.00124224 -0.04215000 0.06612431
v -0.00249142 -0.04215000 0.06616588
v 0.00039060 -0.04215000 0.06259122
v 0.00054230 -0.04215000 0.06292445
v 0.00015524 -0.04215000 0.06476124
v 0.00022794 -0.04215000 0.06351349
v -0.00307577 -0.04215000 0.06652653
v -0.00122369 -0.04215000 0.06624737
v -0.00246253 -0.04215000 0.06641312
v -0.00334539 -0.04215000 0.06676629
v 0.00072806 -0.04215000 0.06264705
v 0.00084583 -0.04215000 0.06299372
v 0.00027781 -0.04215000 0.06478285
v 0.00047439 -0.04215000 0.06354854
v -0.00300806 -0.04215000 0.06683016
v -0.00119298 -0.04215000 0.06636799
v -0.00240916 -0.04215000 0.06665626
v -0.00325247 -0.04215000 0.06709557
v 0.00039761 -0.04215000 0.06481656
v 0.00105829 -0.04215000 0.06273620
v 0.00071612 -0.04215000 0.06360795
v 0.00114096 -0.04215000 0.06309288
v -0.00312722 -0.04215000 0.06741397
v -0.00291046 -0.04215000 0.06712554
v -0.00115041 -0.04215000 0.06648494
v -0.00233184 -0.04215000 0.06689287
v 0.00051347 -0.04215000 0.06486203
v 0.00137800 -0.04215000 0.06285779
v 0.00095073 -0.04215000 0.06369114
v 0.00142475 -0.04215000 0.06322093
v -0.00278393 -0.04215000 0.06740974
v -0.00109641 -0.04215000 0.06659707
v -0.00223135 -0.04215000 0.06712061
v -0.00297090 -0.04215000 0.06771832
v 0.00062422 -0.04215000 0.06491881
v 0.00168401 -0.04215000 0.06301061
v 0.00117589 -0.04215000 0.06379728
v 0.00169437 -0.04215000 0.06337660
v -0.00278504 -0.04215000 0.06800558
v -0.00262973 -0.04215000 0.06767992
v -0.00103151 -0.04215000 0.06670327
v -0.00210869 -0.04215000 0.06733721
v 0.00072877 -0.04215000 0.06498634
v 0.00197329 -0.04215000 0.06319314
v 0.00138937 -0.04215000 0.06392530
v 0.00194716 -0.04215000 0.06355834
v -0.00257151 -0.04215000 0.06827292
v -0.00244939 -0.04215000 0.06793341
v -0.00095637 -0.04215000 0.06680249
v -0.00196507 -0.04215000 0.06754053
v 0.00082608 -0.04215000 0.06506394
v 0.00224296 -0.04215000 0.06340356
v 0.00158904 -0.04215000 0.06407395
v 0.00218059 -0.04215000 0.06376435
v -0.00236960 -0.04215000 0.06848141
v -0.00206644 -0.04215000 0.06834157
v -0.00077839 -0.04215000 0.06697607
v -0.00216751 -0.04215000 0.06865975
v -0.00162086 -0.04215000 0.06789935
v -0.00087171 -0.04215000 0.06689372
v -0.00168307 -0.04215000 0.06784445
v 0.00253971 -0.04215000 0.06369300
v 0.00239236 -0.04215000 0.06399257
v 0.00091518 -0.04215000 0.06515084
v 0.00188584 -0.04215000 0.06436344
v 0.00271296 -0.04215000 0.06389948
v 0.00099518 -0.04215000 0.06524618
v 0.00193917 -0.04215000 0.06442700
v -0.00182303 -0.04215000 0.06853568
v 0.00258034 -0.04215000 0.06424075
v -0.00183093 -0.04215000 0.06890173
v -0.00067734 -0.04215000 0.06704873
v -0.00164372 -0.04215000 0.06901281
v -0.00128423 -0.04215000 0.06814137
v 0.00274269 -0.04215000 0.06450641
v 0.00106529 -0.04215000 0.06534902
v 0.00294648 -0.04215000 0.06424198
v 0.00217272 -0.04215000 0.06476956
v -0.00133990 -0.04215000 0.06881821
v -0.00128445 -0.04215000 0.06884663
v -0.00045611 -0.04215000 0.06716215
v -0.00128723 -0.04215000 0.06918047
v -0.00098900 -0.04215000 0.06829272
v -0.00056955 -0.04215000 0.06711096
v -0.00106463 -0.04215000 0.06825860
v 0.00287777 -0.04215000 0.06478692
v 0.00112481 -0.04215000 0.06545832
v 0.00310688 -0.04215000 0.06454409
v 0.00228444 -0.04215000 0.06499201
v -0.00099463 -0.04215000 0.06896038
v 0.00298425 -0.04215000 0.06507948
v 0.00117316 -0.04215000 0.06557301
v 0.00323640 -0.04215000 0.06486067
v 0.00237345 -0.04215000 0.06522447
v -0.00089429 -0.04215000 0.06931249
v -0.00033813 -0.04215000 0.06720178
v -0.00068265 -0.04215000 0.06936345
v -0.00059599 -0.04215000 0.06842477
v 0.00333376 -0.04215000 0.06518857
v 0.00306108 -0.04215000 0.06538119
v 0.00120984 -0.04215000 0.06569194
v 0.00243887 -0.04215000 0.06546465
v 0.00338717 -0.04215000 0.06545276
v 0.00123450 -0.04215000 0.06581393
v 0.00245532 -0.04215000 0.06554597
v -0.00044969 -0.04215000 0.06908794
v -0.00021679 -0.04215000 0.06722948
v -0.00034436 -0.04215000 0.06941471
v -0.00035160 -0.04215000 0.06847206
v 0.00310748 -0.04215000 0.06568905
v -0.00013999 -0.04215000 0.06911737
v -0.00009330 -0.04215000 0.06724496
v -0.00000266 -0.04215000 0.06943203
v -0.00010372 -0.04215000 0.06849479
v 0.00312300 -0.04215000 0.06600000
v 0.00124689 -0.04215000 0.06593777
v 0.00342844 -0.04215000 0.06586523
v 0.00249660 -0.04215000 0.06595851
v 0.00017109 -0.04215000 0.06911582
v 0.00003112 -0.04215000 0.06724806
v 0.00033908 -0.04215000 0.06941524
v 0.00014520 -0.04215000 0.06849272
v 0.00342482 -0.04215000 0.06620727
v 0.00310748 -0.04215000 0.06631095
v 0.00124689 -0.04215000 0.06606223
v 0.00248832 -0.04215000 0.06620730
v 0.00309819 -0.04215000 0.06637256
v 0.00123450 -0.04215000 0.06618607
v 0.00248006 -0.04215000 0.06628986
v 0.00048048 -0.04215000 0.06908330
v 0.00015524 -0.04215000 0.06723876
v 0.00067744 -0.04215000 0.06936451
v 0.00039267 -0.04215000 0.06846587
v 0.00304570 -0.04215000 0.06667919
v 0.00120984 -0.04215000 0.06630806
v 0.00337943 -0.04215000 0.06659858
v 0.00243887 -0.04215000 0.06653535
v 0.00078509 -0.04215000 0.06902014
v 0.00027781 -0.04215000 0.06721715
v 0.00100907 -0.04215000 0.06928034
v 0.00063624 -0.04215000 0.06841452
v 0.00330304 -0.04215000 0.06693209
v 0.00323640 -0.04215000 0.06713933
v 0.00117316 -0.04215000 0.06642699
v 0.00237345 -0.04215000 0.06677553
v 0.00108190 -0.04215000 0.06892696
v 0.00039761 -0.04215000 0.06718344
v 0.00133067 -0.04215000 0.06916357
v 0.00087349 -0.04215000 0.06833917
v 0.00287777 -0.04215000 0.06721308
v 0.00136795 -0.04215000 0.06880470
v 0.00142475 -0.04215000 0.06877907
v 0.00062422 -0.04215000 0.06708119
v 0.00168401 -0.04215000 0.06898939
v 0.00117589 -0.04215000 0.06820272
v 0.00051347 -0.04215000 0.06713797
v 0.00110206 -0.04215000 0.06824058
v 0.00274269 -0.04215000 0.06749359
v 0.00112481 -0.04215000 0.06654168
v 0.00307538 -0.04215000 0.06752131
v 0.00221241 -0.04215000 0.06715757
v 0.00169437 -0.04215000 0.06862340
v 0.00290863 -0.04215000 0.06781996
v 0.00258034 -0.04215000 0.06775925
v 0.00106529 -0.04215000 0.06665098
v 0.00208615 -0.04215000 0.06737210
v 0.00203223 -0.04215000 0.06876449
v 0.00194716 -0.04215000 0.06844166
v 0.00082608 -0.04215000 0.06693606
v 0.00224296 -0.04215000 0.06859644
v 0.00158904 -0.04215000 0.06792605
v 0.00072877 -0.04215000 0.06701366
v 0.00152417 -0.04215000 0.06797778
v 0.00271296 -0.04215000 0.06810052
v 0.00239236 -0.04215000 0.06800743
v 0.00099518 -0.04215000 0.06675382
v 0.00193917 -0.04215000 0.06757300
v 0.00218059 -0.04215000 0.06823565
v 0.00091518 -0.04215000 0.06684916
v 0.00249034 -0.04215000 0.06836021
v 0.00177291 -0.04215000 0.06775826
v 0.00124689 -0.03815000 0.06606223
v 0.00125000 -0.03815000 0.06600000
v 0.00124793 -0.03948333 0.06604149
v 0.00124379 -0.03815000 0.06612446
v 0.00124689 -0.03415000 0.06606223
v 0.00124586 -0.03681667 0.06608297
v 0.00123450 -0.03815000 0.06618607
v 0.00123760 -0.03948333 0.06616553
v 0.00122522 -0.03815000 0.06624768
v 0.00123450 -0.03415000 0.06618607
v 0.00123141 -0.03681667 0.06620661
v 0.00120984 -0.03815000 0.06630806
v 0.00121497 -0.03948333 0.06628794
v 0.00119447 -0.03815000 0.06636844
v 0.00120984 -0.03415000 0.06630806
v 0.00120472 -0.03681667 0.06632819
v 0.00117316 -0.03815000 0.06642699
v 0.00117316 -0.03415000 0.06642699
v 0.00118026 -0.03681667 0.06640748
v 0.00115185 -0.03815000 0.06648554
v 0.00116605 -0.03948333 0.06644651
v 0.00112481 -0.03815000 0.06654168
v 0.00113382 -0.03948333 0.06652297
v 0.00109778 -0.03815000 0.06659782
v 0.00112481 -0.03415000 0.06654168
v 0.00111580 -0.03681667 0.06656039
v 0.00106529 -0.03815000 0.06665098
v 0.00107612 -0.03948333 0.06663326
v 0.00103280 -0.03815000 0.06670415
v 0.00106529 -0.03415000 0.06665098
v 0.00105446 -0.03681667 0.06666871
v 0.00099518 -0.03815000 0.06675382
v 0.00099518 -0.03415000 0.06675382
v 0.00100772 -0.03681667 0.06673726
v 0.00095756 -0.03815000 0.06680348
v 0.00098264 -0.03948333 0.06677037
v 0.00091518 -0.03815000 0.06684916
v 0.00092930 -0.03948333 0.06683393
v 0.00087280 -0.03815000 0.06689483
v 0.00091518 -0.03415000 0.06684916
v 0.00090105 -0.03681667 0.06686438
v 0.00082608 -0.03815000 0.06693606
v 0.00084165 -0.03948333 0.06692232
v 0.00077936 -0.03815000 0.06697729
v 0.00082608 -0.03415000 0.06693606
v 0.00081051 -0.03681667 0.06694980
v 0.00067818 -0.03815000 0.06705003
v 0.00072877 -0.03415000 0.06701366
v 0.00072877 -0.03815000 0.06701366
v 0.00071191 -0.03681667 0.06702578
v 0.00074564 -0.03948333 0.06700154
v 0.00057026 -0.03815000 0.06711234
v 0.00062422 -0.03415000 0.06708119
v 0.00062422 -0.03815000 0.06708119
v 0.00060624 -0.03681667 0.06709157
v 0.00064221 -0.03948333 0.06707080
v 0.00045668 -0.03815000 0.06716359
v 0.00051347 -0.03415000 0.06713797
v 0.00051347 -0.03815000 0.06713797
v 0.00049454 -0.03681667 0.06714651
v 0.00053240 -0.03948333 0.06712942
v 0.00033855 -0.03815000 0.06720328
v 0.00039761 -0.03415000 0.06718344
v 0.00039761 -0.03815000 0.06718344
v 0.00037793 -0.03681667 0.06719005
v 0.00041730 -0.03948333 0.06717682
v 0.00021706 -0.03815000 0.06723101
v 0.00027781 -0.03415000 0.06721715
v 0.00027781 -0.03815000 0.06721715
v 0.00025756 -0.03681667 0.06722177
v 0.00029805 -0.03948333 0.06721252
v 0.00009341 -0.03815000 0.06724650
v 0.00015524 -0.03415000 0.06723876
v 0.00015524 -0.03815000 0.06723876
v 0.00013463 -0.03681667 0.06724134
v 0.00017584 -0.03948333 0.06723617
v -0.00003116 -0.03815000 0.06724961
v 0.00003112 -0.03415000 0.06724806
v 0.00003112 -0.03815000 0.06724806
v 0.00001036 -0.03681667 0.06724858
v 0.00005189 -0.03948333 0.06724754
v -0.00015543 -0.03815000 0.06724030
v -0.00009330 -0.03415000 0.06724496
v -0.00009330 -0.03815000 0.06724496
v -0.00011401 -0.03681667 0.06724340
v -0.00007259 -0.03948333 0.06724651
v -0.00021679 -0.03815000 0.06722948
v -0.00019634 -0.03948333 0.06723309
v -0.00027815 -0.03815000 0.06721866
v -0.00021679 -0.03415000 0.06722948
v -0.00023724 -0.03681667 0.06722587
v -0.00033813 -0.03815000 0.06720178
v -0.00031814 -0.03948333 0.06720741
v -0.00039811 -0.03815000 0.06718491
v -0.00033813 -0.03415000 0.06720178
v -0.00035812 -0.03681667 0.06719616
v -0.00045611 -0.03815000 0.06716215
v -0.00045611 -0.03415000 0.06716215
v -0.00043678 -0.03681667 0.06716973
v -0.00051411 -0.03815000 0.06713938
v -0.00047544 -0.03948333 0.06715456
v -0.00056955 -0.03815000 0.06711096
v -0.00056955 -0.03415000 0.06711096
v -0.00055107 -0.03681667 0.06712043
v -0.00062500 -0.03815000 0.06708253
v -0.00058804 -0.03948333 0.06710148
v -0.00067734 -0.03815000 0.06704873
v -0.00065989 -0.03948333 0.06706000
v -0.00072968 -0.03815000 0.06701492
v -0.00067734 -0.03415000 0.06704873
v -0.00069479 -0.03681667 0.06703746
v -0.00077839 -0.03815000 0.06697607
v -0.00076216 -0.03948333 0.06698902
v -0.00082711 -0.03815000 0.06693723
v -0.00077839 -0.03415000 0.06697607
v -0.00079463 -0.03681667 0.06696313
v -0.00087171 -0.03815000 0.06689372
v -0.00085684 -0.03948333 0.06690822
v -0.00091631 -0.03815000 0.06685022
v -0.00087171 -0.03415000 0.06689372
v -0.00088658 -0.03681667 0.06687922
v -0.00095637 -0.03815000 0.06680249
v -0.00094302 -0.03948333 0.06681840
v -0.00099642 -0.03815000 0.06675476
v -0.00095637 -0.03415000 0.06680249
v -0.00096972 -0.03681667 0.06678658
v -0.00103151 -0.03815000 0.06670327
v -0.00101981 -0.03948333 0.06672044
v -0.00106661 -0.03815000 0.06665179
v -0.00103151 -0.03415000 0.06670327
v -0.00104321 -0.03681667 0.06668611
v -0.00109641 -0.03815000 0.06659707
v -0.00108648 -0.03948333 0.06661531
v -0.00112621 -0.03815000 0.06654235
v -0.00109641 -0.03415000 0.06659707
v -0.00110635 -0.03681667 0.06657883
v -0.00115041 -0.03815000 0.06648494
v -0.00114235 -0.03948333 0.06650408
v -0.00117462 -0.03815000 0.06642753
v -0.00115041 -0.03415000 0.06648494
v -0.00115848 -0.03681667 0.06646580
v -0.00119298 -0.03815000 0.06636799
v -0.00118686 -0.03948333 0.06638783
v -0.00121135 -0.03815000 0.06630845
v -0.00119298 -0.03415000 0.06636799
v -0.00119910 -0.03681667 0.06634814
v -0.00122369 -0.03815000 0.06624737
v -0.00121958 -0.03948333 0.06626773
v -0.00123604 -0.03815000 0.06618630
v -0.00122369 -0.03415000 0.06624737
v -0.00122781 -0.03681667 0.06622702
v -0.00124224 -0.03815000 0.06612431
v -0.00124017 -0.03948333 0.06614497
v -0.00124845 -0.03815000 0.06606231
v -0.00124224 -0.03415000 0.06612431
v -0.00124431 -0.03681667 0.06610364
v -0.00124845 -0.03815000 0.06600000
v -0.00124845 -0.03948333 0.06602077
v -0.00124845 -0.03815000 0.06593769
v -0.00124845 -0.03415000 0.06600000
v -0.00124845 -0.03681667 0.06597923
v -0.00124224 -0.03815000 0.06587569
v -0.00124224 -0.03415000 0.06587569
v -0.00124431 -0.03681667 0.06589636
v -0.00123604 -0.03815000 0.06581370
v -0.00124017 -0.03948333 0.06585503
v -0.00122369 -0.03815000 0.06575263
v -0.00122781 -0.03948333 0.06577298
v -0.00121135 -0.03815000 0.06569155
v -0.00122369 -0.03415000 0.06575263
v -0.00121958 -0.03681667 0.06573227
v -0.00119298 -0.03815000 0.06563201
v -0.00119910 -0.03948333 0.06565186
v -0.00117462 -0.03815000 0.06557247
v -0.00119298 -0.03415000 0.06563201
v -0.00118686 -0.03681667 0.06561217
v -0.00115041 -0.03815000 0.06551506
v -0.00115848 -0.03948333 0.06553420
v -0.00112621 -0.03815000 0.06545765
v -0.00115041 -0.03415000 0.06551506
v -0.00114235 -0.03681667 0.06549592
v -0.00106661 -0.03815000 0.06534821
v -0.00109641 -0.03415000 0.06540293
v -0.00109641 -0.03815000 0.06540293
v -0.00108648 -0.03681667 0.06538469
v -0.00110635 -0.03948333 0.06542117
v -0.00099642 -0.03815000 0.06524524
v -0.00103151 -0.03415000 0.06529673
v -0.00103151 -0.03815000 0.06529673
v -0.00101981 -0.03681667 0.06527956
v -0.00104321 -0.03948333 0.06531389
v -0.00091631 -0.03815000 0.06514978
v -0.00095637 -0.03415000 0.06519751
v -0.00095637 -0.03815000 0.06519751
v -0.00094302 -0.03681667 0.06518160
v -0.00087171 -0.03815000 0.06510628
v -0.00087171 -0.03415000 0.06510628
v -0.00088658 -0.03681667 0.06512078
v -0.00096972 -0.03948333 0.06521342
v -0.00082711 -0.03815000 0.06506277
v -0.00085684 -0.03948333 0.06509178
v -0.00072968 -0.03815000 0.06498508
v -0.00077839 -0.03415000 0.06502393
v -0.00077839 -0.03815000 0.06502393
v -0.00076216 -0.03681667 0.06501098
v -0.00067734 -0.03815000 0.06495127
v -0.00067734 -0.03415000 0.06495127
v -0.00069479 -0.03681667 0.06496254
v -0.00079463 -0.03948333 0.06503687
v -0.00062500 -0.03815000 0.06491747
v -0.00065989 -0.03948333 0.06494000
v -0.00056955 -0.03815000 0.06488904
v -0.00058804 -0.03948333 0.06489852
v -0.00051411 -0.03815000 0.06486062
v -0.00056955 -0.03415000 0.06488904
v -0.00055107 -0.03681667 0.06487957
v -0.00045611 -0.03815000 0.06483785
v -0.00047544 -0.03948333 0.06484544
v -0.00039811 -0.03815000 0.06481509
v -0.00045611 -0.03415000 0.06483785
v -0.00043678 -0.03681667 0.06483027
v -0.00027815 -0.03815000 0.06478134
v -0.00033813 -0.03415000 0.06479822
v -0.00033813 -0.03815000 0.06479822
v -0.00031814 -0.03681667 0.06479259
v -0.00035812 -0.03948333 0.06480384
v -0.00021679 -0.03815000 0.06477052
v -0.00021679 -0.03415000 0.06477052
v -0.00023724 -0.03681667 0.06477413
v -0.00015543 -0.03815000 0.06475970
v -0.00019634 -0.03948333 0.06476691
v -0.00003116 -0.03815000 0.06475039
v -0.00009330 -0.03415000 0.06475504
v -0.00009330 -0.03815000 0.06475504
v -0.00007259 -0.03681667 0.06475349
v -0.00011401 -0.03948333 0.06475660
v 0.00009341 -0.03815000 0.06475350
v 0.00003112 -0.03415000 0.06475194
v 0.00003112 -0.03815000 0.06475194
v 0.00005189 -0.03681667 0.06475246
v 0.00015524 -0.03815000 0.06476124
v 0.00015524 -0.03415000 0.06476124
v 0.00013463 -0.03681667 0.06475866
v 0.00001036 -0.03948333 0.06475142
v 0.00021706 -0.03815000 0.06476899
v 0.00017584 -0.03948333 0.06476383
v 0.00033855 -0.03815000 0.06479672
v 0.00027781 -0.03415000 0.06478285
v 0.00027781 -0.03815000 0.06478285
v 0.00029805 -0.03681667 0.06478748
v 0.00025756 -0.03948333 0.06477823
v 0.00045668 -0.03815000 0.06483641
v 0.00039761 -0.03415000 0.06481656
v 0.00039761 -0.03815000 0.06481656
v 0.00041730 -0.03681667 0.06482318
v 0.00037793 -0.03948333 0.06480995
v 0.00057026 -0.03815000 0.06488766
v 0.00051347 -0.03415000 0.06486203
v 0.00051347 -0.03815000 0.06486203
v 0.00053240 -0.03681667 0.06487058
v 0.00049454 -0.03948333 0.06485349
v 0.00067818 -0.03815000 0.06494997
v 0.00062422 -0.03415000 0.06491881
v 0.00062422 -0.03815000 0.06491881
v 0.00064221 -0.03681667 0.06492920
v 0.00072877 -0.03815000 0.06498634
v 0.00072877 -0.03415000 0.06498634
v 0.00071191 -0.03681667 0.06497422
v 0.00060624 -0.03948333 0.06490843
v 0.00077936 -0.03815000 0.06502271
v 0.00074564 -0.03948333 0.06499846
v 0.00087280 -0.03815000 0.06510517
v 0.00082608 -0.03415000 0.06506394
v 0.00082608 -0.03815000 0.06506394
v 0.00084165 -0.03681667 0.06507768
v 0.00081051 -0.03948333 0.06505020
v 0.00095756 -0.03815000 0.06519652
v 0.00091518 -0.03415000 0.06515084
v 0.00091518 -0.03815000 0.06515084
v 0.00092930 -0.03681667 0.06516607
v 0.00090105 -0.03948333 0.06513562
v 0.00103280 -0.03815000 0.06529585
v 0.00099518 -0.03415000 0.06524618
v 0.00099518 -0.03815000 0.06524618
v 0.00100772 -0.03681667 0.06526274
v 0.00098264 -0.03948333 0.06522963
v 0.00109778 -0.03815000 0.06540218
v 0.00106529 -0.03415000 0.06534902
v 0.00106529 -0.03815000 0.06534902
v 0.00107612 -0.03681667 0.06536674
v 0.00105446 -0.03948333 0.06533129
v 0.00115185 -0.03815000 0.06551446
v 0.00112481 -0.03415000 0.06545832
v 0.00112481 -0.03815000 0.06545832
v 0.00113382 -0.03681667 0.06547703
v 0.00111580 -0.03948333 0.06543961
v 0.00119447 -0.03815000 0.06563156
v 0.00117316 -0.03415000 0.06557301
v 0.00117316 -0.03815000 0.06557301
v 0.00118026 -0.03681667 0.06559252
v 0.00116605 -0.03948333 0.06555349
v 0.00122522 -0.03815000 0.06575232
v 0.00120984 -0.03415000 0.06569194
v 0.00120984 -0.03815000 0.06569194
v 0.00121497 -0.03681667 0.06571206
v 0.00123450 -0.03815000 0.06581393
v 0.00123450 -0.03415000 0.06581393
v 0.00123141 -0.03681667 0.06579339
v 0.00120472 -0.03948333 0.06567181
v 0.00124379 -0.03815000 0.06587554
v 0.00123760 -0.03948333 0.06583447
v 0.00124689 -0.03415000 0.06593777
v 0.00124689 -0.03815000 0.06593777
v 0.00124793 -0.03681667 0.06595851
v 0.00124586 -0.03948333 0.06591703
v -0.00072605 -0.03415000 0.06499012
v -0.00072726 -0.03415000 0.06498844
v -0.00035909 -0.03415000 0.06483838
v -0.00029355 -0.03415000 0.06480710
v -0.00022522 -0.03415000 0.06478251
v -0.00015466 -0.03415000 0.06476586
v -0.00015491 -0.03415000 0.06476381
v 0.00009295 -0.03415000 0.06475969
v 0.00009310 -0.03415000 0.06475762
v -0.00112061 -0.03415000 0.06653966
v -0.00112248 -0.03415000 0.06654056
v -0.00108237 -0.03415000 0.06660125
v -0.00111567 -0.03415000 0.06651426
v -0.00096169 -0.03415000 0.06675640
v -0.00091328 -0.03415000 0.06684740
v -0.00101923 -0.03415000 0.06662284
v 0.00081145 -0.03415000 0.06506482
v 0.00086846 -0.03415000 0.06510961
v 0.00086990 -0.03415000 0.06510813
v 0.00087250 -0.03415000 0.06513518
v 0.00057720 -0.03415000 0.06499314
v 0.00064751 -0.03415000 0.06501131
v 0.00071566 -0.03415000 0.06503638
v 0.00078097 -0.03415000 0.06506812
v -0.00062189 -0.03415000 0.06707715
v -0.00062293 -0.03415000 0.06707895
v -0.00068045 -0.03415000 0.06703441
v 0.00114612 -0.03415000 0.06551687
v 0.00114803 -0.03415000 0.06551607
v 0.00116699 -0.03415000 0.06558630
v 0.00112380 -0.03415000 0.06550377
v -0.00003101 -0.03415000 0.06724340
v -0.00003106 -0.03415000 0.06724547
v -0.00010288 -0.03415000 0.06723387
v 0.00123605 -0.03415000 0.06592791
v 0.00124379 -0.03415000 0.06600000
v 0.00124586 -0.03415000 0.06600000
v 0.00122831 -0.03415000 0.06602074
v 0.00076027 -0.03415000 0.06552324
v 0.00113223 -0.03415000 0.06581884
v -0.00014933 -0.03415000 0.06581890
v -0.00011280 -0.03415000 0.06575614
v -0.00007020 -0.03415000 0.06569733
v -0.00002195 -0.03415000 0.06564306
v 0.00004890 -0.03415000 0.06558259
v 0.00121240 -0.03415000 0.06609160
v 0.00023208 -0.03415000 0.06549419
v 0.00052089 -0.03415000 0.06542768
v 0.00033687 -0.03415000 0.06719730
v 0.00033743 -0.03415000 0.06719929
v 0.00026538 -0.03415000 0.06720938
v 0.00000803 -0.03415000 0.06719009
v -0.00006128 -0.03415000 0.06716844
v 0.00012154 -0.03415000 0.06710871
v 0.00009065 -0.03415000 0.06720959
v 0.00114612 -0.03415000 0.06648313
v 0.00114803 -0.03415000 0.06648393
v 0.00056743 -0.03415000 0.06710681
v 0.00056837 -0.03415000 0.06710865
v 0.00111099 -0.03415000 0.06654655
v 0.00062805 -0.03415000 0.06706704
v 0.00095280 -0.03415000 0.06679949
v 0.00095438 -0.03415000 0.06680082
v -0.00018285 -0.03415000 0.06681477
v -0.00034707 -0.03415000 0.06653242
v -0.00035943 -0.03415000 0.06646086
v -0.00036460 -0.03415000 0.06638842
v -0.00036253 -0.03415000 0.06631584
v -0.00035324 -0.03415000 0.06624381
v -0.00033683 -0.03415000 0.06617307
v -0.00031346 -0.03415000 0.06610432
v 0.00009349 -0.03415000 0.06620827
v 0.00103349 -0.03415000 0.06664372
v 0.00068384 -0.03415000 0.06702056
v 0.00001160 -0.03415000 0.06700379
v 0.00621894 -0.04265000 0.06662230
v 0.00625000 -0.04265000 0.06600000
v 0.00625000 -0.04215000 0.06600000
v 0.00621894 -0.04215000 0.06662230
v 0.00612608 -0.04265000 0.06723841
v 0.00612608 -0.04215000 0.06723841
v 0.00597233 -0.04265000 0.06784222
v 0.00597233 -0.04215000 0.06784222
v 0.00575923 -0.04265000 0.06842772
v 0.00575923 -0.04215000 0.06842772
v 0.00548888 -0.04265000 0.06898909
v 0.00548888 -0.04215000 0.06898909
v 0.00516399 -0.04265000 0.06952075
v 0.00516399 -0.04215000 0.06952075
v 0.00478778 -0.04265000 0.07001742
v 0.00478778 -0.04215000 0.07001742
v 0.00436398 -0.04265000 0.07047417
v 0.00436398 -0.04215000 0.07047417
v 0.00389681 -0.04265000 0.07088645
v 0.00389681 -0.04215000 0.07088645
v 0.00339091 -0.04265000 0.07125016
v 0.00339091 -0.04215000 0.07125016
v 0.00285132 -0.04265000 0.07156170
v 0.00285132 -0.04215000 0.07156170
v 0.00228338 -0.04265000 0.07181796
v 0.00228338 -0.04215000 0.07181796
v 0.00169275 -0.04265000 0.07201640
v 0.00169275 -0.04215000 0.07201640
v 0.00108530 -0.04265000 0.07215505
v 0.00108530 -0.04215000 0.07215505
v 0.00046706 -0.04265000 0.07223252
v 0.00046706 -0.04215000 0.07223252
v -0.00015582 -0.04265000 0.07224806
v -0.00015582 -0.04215000 0.07224806
v -0.00077715 -0.04265000 0.07220150
v -0.00077715 -0.04215000 0.07220150
v -0.00139076 -0.04265000 0.07209330
v -0.00139076 -0.04215000 0.07209330
v -0.00199054 -0.04265000 0.07192455
v -0.00199054 -0.04215000 0.07192455
v -0.00257054 -0.04215000 0.07169691
v -0.00257054 -0.04265000 0.07169691
v -0.00312500 -0.04215000 0.07141266
v -0.00312500 -0.04265000 0.07141266
v -0.00364840 -0.04265000 0.07107461
v -0.00364840 -0.04215000 0.07107461
v -0.00413554 -0.04265000 0.07068613
v -0.00413554 -0.04215000 0.07068613
v -0.00458157 -0.04265000 0.07025108
v -0.00458157 -0.04215000 0.07025108
v -0.00498208 -0.04265000 0.06977378
v -0.00498208 -0.04215000 0.06977378
v -0.00533307 -0.04265000 0.06925897
v -0.00533307 -0.04215000 0.06925897
v -0.00563106 -0.04265000 0.06871177
v -0.00563106 -0.04215000 0.06871177
v -0.00587308 -0.04265000 0.06813763
v -0.00587308 -0.04215000 0.06813763
v -0.00605673 -0.04265000 0.06754223
v -0.00605673 -0.04215000 0.06754223
v -0.00618019 -0.04265000 0.06693151
v -0.00618019 -0.04215000 0.06693151
v -0.00624223 -0.04265000 0.06631154
v -0.00624223 -0.04215000 0.06631154
v -0.00624223 -0.04265000 0.06568846
v -0.00624223 -0.04215000 0.06568846
v -0.00618019 -0.04215000 0.06506849
v -0.00618019 -0.04265000 0.06506849
v -0.00605673 -0.04265000 0.06445777
v -0.00605673 -0.04215000 0.06445777
v -0.00587308 -0.04265000 0.06386237
v -0.00587308 -0.04215000 0.06386237
v -0.00563106 -0.04265000 0.06328823
v -0.00563106 -0.04215000 0.06328823
v -0.00533307 -0.04265000 0.06274103
v -0.00533307 -0.04215000 0.06274103
v -0.00498208 -0.04265000 0.06222622
v -0.00498208 -0.04215000 0.06222622
v -0.00458157 -0.04265000 0.06174892
v -0.00458157 -0.04215000 0.06174892
v -0.00413554 -0.04265000 0.06131387
v -0.00413554 -0.04215000 0.06131387
v -0.00364840 -0.04265000 0.06092539
v -0.00364840 -0.04215000 0.06092539
v -0.00312500 -0.04215000 0.06058734
v -0.00312500 -0.04265000 0.06058734
v -0.00257054 -0.04265000 0.06030309
v -0.00257054 -0.04215000 0.06030309
v -0.00199054 -0.04265000 0.06007545
v -0.00199054 -0.04215000 0.06007545
v -0.00139076 -0.04265000 0.05990670
v -0.00139076 -0.04215000 0.05990670
v -0.00077715 -0.04215000 0.05979850
v -0.00077715 -0.04265000 0.05979850
v -0.00015582 -0.04265000 0.05975194
v -0.00015582 -0.04215000 0.05975194
v 0.00046706 -0.04265000 0.05976748
v 0.00046706 -0.04215000 0.05976748
v 0.00108530 -0.04215000 0.05984495
v 0.00108530 -0.04265000 0.05984495
v 0.00169275 -0.04265000 0.05998360
v 0.00169275 -0.04215000 0.05998360
v 0.00228338 -0.04265000 0.06018204
v 0.00228338 -0.04215000 0.06018204
v 0.00285132 -0.04265000 0.06043830
v 0.00285132 -0.04215000 0.06043830
v 0.00339091 -0.04265000 0.06074984
v 0.00339091 -0.04215000 0.06074984
v 0.00389681 -0.04215000 0.06111355
v 0.00389681 -0.04265000 0.06111355
v 0.00436398 -0.04265000 0.06152583
v 0.00436398 -0.04215000 0.06152583
v 0.00478778 -0.04265000 0.06198258
v 0.00478778 -0.04215000 0.06198258
v 0.00516399 -0.04265000 0.06247925
v 0.00516399 -0.04215000 0.06247925
v 0.00548888 -0.04265000 0.06301091
v 0.00548888 -0.04215000 0.06301091
v 0.00575923 -0.04265000 0.06357228
v 0.00575923 -0.04215000 0.06357228
v 0.00597233 -0.04265000 0.06415778
v 0.00597233 -0.04215000 0.06415778
v 0.00612608 -0.04265000 0.06476159
v 0.00612608 -0.04215000 0.06476159
v 0.00621894 -0.04215000 0.06537770
v 0.00621894 -0.04265000 0.06537770
v -0.00105870 -0.04265000 0.06480035
v -0.00117288 -0.04265000 0.06491172
v -0.00127541 -0.04265000 0.06503391
v -0.00093399 -0.04265000 0.06470090
v -0.00136527 -0.04265000 0.06516570
v -0.00080000 -0.04265000 0.06461436
v -0.00144155 -0.04265000 0.06530579
v -0.00065806 -0.04265000 0.06454159
v -0.00150351 -0.04265000 0.06545277
v -0.00050958 -0.04265000 0.06448332
v -0.00155052 -0.04265000 0.06560519
v -0.00035603 -0.04265000 0.06444012
v -0.00158213 -0.04265000 0.06576153
v -0.00019895 -0.04265000 0.06441242
v -0.00159801 -0.04265000 0.06592025
v -0.00003989 -0.04265000 0.06440050
v -0.00159801 -0.04265000 0.06607975
v 0.00011957 -0.04265000 0.06440447
v -0.00158213 -0.04265000 0.06623847
v 0.00027784 -0.04265000 0.06442431
v -0.00155052 -0.04265000 0.06639481
v 0.00043334 -0.04265000 0.06445980
v -0.00150351 -0.04265000 0.06654723
v 0.00058455 -0.04265000 0.06451060
v -0.00144155 -0.04265000 0.06669421
v 0.00072994 -0.04265000 0.06457621
v -0.00136527 -0.04265000 0.06683430
v 0.00086807 -0.04265000 0.06465596
v -0.00127541 -0.04265000 0.06696609
v 0.00099758 -0.04265000 0.06474907
v -0.00117288 -0.04265000 0.06708828
v 0.00111718 -0.04265000 0.06485461
v -0.00105870 -0.04265000 0.06719965
v 0.00122567 -0.04265000 0.06497154
v -0.00093399 -0.04265000 0.06729910
v -0.00080000 -0.04265000 0.06738564
v 0.00132198 -0.04265000 0.06509869
v 0.00140515 -0.04265000 0.06523479
v -0.00065806 -0.04265000 0.06745841
v 0.00147436 -0.04265000 0.06537850
v -0.00050958 -0.04265000 0.06751668
v -0.00035603 -0.04265000 0.06755988
v 0.00152892 -0.04265000 0.06552839
v 0.00156828 -0.04265000 0.06568297
v -0.00019895 -0.04265000 0.06758758
v 0.00159205 -0.04265000 0.06584069
v 0.00160000 -0.04265000 0.06600000
v -0.00003989 -0.04265000 0.06759950
v 0.00011957 -0.04265000 0.06759553
v 0.00159205 -0.04265000 0.06615931
v 0.00027784 -0.04265000 0.06757569
v 0.00043334 -0.04265000 0.06754020
v 0.00156828 -0.04265000 0.06631703
v 0.00152892 -0.04265000 0.06647161
v 0.00058455 -0.04265000 0.06748940
v 0.00147436 -0.04265000 0.06662150
v 0.00140515 -0.04265000 0.06676521
v 0.00072994 -0.04265000 0.06742379
v 0.00086807 -0.04265000 0.06734404
v 0.00099758 -0.04265000 0.06725093
v 0.00132198 -0.04265000 0.06690131
v 0.00122567 -0.04265000 0.06702846
v 0.00111718 -0.04265000 0.06714539
v -0.00105870 -0.04215000 0.06480035
v -0.00117288 -0.04215000 0.06491172
v -0.00127541 -0.04215000 0.06503391
v -0.00093399 -0.04215000 0.06470090
v -0.00136527 -0.04215000 0.06516570
v -0.00080000 -0.04215000 0.06461436
v -0.00144155 -0.04215000 0.06530579
v -0.00065806 -0.04215000 0.06454159
v -0.00150351 -0.04215000 0.06545277
v -0.00050958 -0.04215000 0.06448332
v -0.00155052 -0.04215000 0.06560519
v -0.00035603 -0.04215000 0.06444012
v -0.00158213 -0.04215000 0.06576153
v -0.00019895 -0.04215000 0.06441242
v -0.00159801 -0.04215000 0.06592025
v -0.00003989 -0.04215000 0.06440050
v -0.00159801 -0.04215000 0.06607975
v 0.00011957 -0.04215000 0.06440447
v -0.00158213 -0.04215000 0.06623847
v 0.00027784 -0.04215000 0.06442431
v -0.00155052 -0.04215000 0.06639481
v 0.00043334 -0.04215000 0.06445980
v -0.00150351 -0.04215000 0.06654723
v 0.00058455 -0.04215000 0.06451060
v -0.00144155 -0.04215000 0.06669421
v 0.00072994 -0.04215000 0.06457621
v -0.00136527 -0.04215000 0.06683430
v 0.00086807 -0.04215000 0.06465596
v -0.00127541 -0.04215000 0.06696609
v 0.00099758 -0.04215000 0.06474907
v -0.00117288 -0.04215000 0.06708828
v 0.00111718 -0.04215000 0.06485461
v -0.00105870 -0.04215000 0.06719965
v 0.00122567 -0.04215000 0.06497154
v -0.00080000 -0.04215000 0.06738564
v -0.00093399 -0.04215000 0.06729910
v 0.00132198 -0.04215000 0.06509869
v 0.00140515 -0.04215000 0.06523479
v -0.00065806 -0.04215000 0.06745841
v 0.00147436 -0.04215000 0.06537850
v -0.00035603 -0.04215000 0.06755988
v -0.00050958 -0.04215000 0.06751668
v 0.00152892 -0.04215000 0.06552839
v 0.00156828 -0.04215000 0.06568297
v -0.00019895 -0.04215000 0.06758758
v 0.00159205 -0.04215000 0.06584069
v 0.00160000 -0.04215000 0.06600000
v -0.00003989 -0.04215000 0.06759950
v 0.00011957 -0.04215000 0.06759553
v 0.00159205 -0.04215000 0.06615931
v 0.00043334 -0.04215000 0.06754020
v 0.00027784 -0.04215000 0.06757569
v 0.00156828 -0.04215000 0.06631703
v 0.00152892 -0.04215000 0.06647161
v 0.00058455 -0.04215000 0.06748940
v 0.00147436 -0.04215000 0.06662150
v 0.00140515 -0.04215000 0.06676521
v 0.00072994 -0.04215000 0.06742379
v 0.00099758 -0.04215000 0.06725093
v 0.00086807 -0.04215000 0.06734404
v 0.00132198 -0.04215000 0.06690131
v 0.00122567 -0.04215000 0.06702846
v 0.00111718 -0.04215000 0.06714539
v 0.00623447 -0.04265000 0.06631115
v 0.00625000 -0.04240000 0.06600000
v 0.00623447 -0.04240000 0.06631115
v 0.00623965 -0.04248333 0.06620743
v 0.00623447 -0.04215000 0.06631115
v 0.00621894 -0.04240000 0.06662230
v 0.00622929 -0.04231667 0.06641487
v 0.00617251 -0.04265000 0.06693036
v 0.00617251 -0.04240000 0.06693036
v 0.00618799 -0.04248333 0.06682767
v 0.00617251 -0.04215000 0.06693036
v 0.00612608 -0.04240000 0.06723841
v 0.00615703 -0.04231667 0.06703304
v 0.00604920 -0.04265000 0.06754032
v 0.00604920 -0.04240000 0.06754032
v 0.00607483 -0.04248333 0.06743968
v 0.00604920 -0.04215000 0.06754032
v 0.00597233 -0.04240000 0.06784222
v 0.00602358 -0.04231667 0.06764095
v 0.00586578 -0.04265000 0.06813497
v 0.00586578 -0.04240000 0.06813497
v 0.00590130 -0.04248333 0.06803739
v 0.00586578 -0.04215000 0.06813497
v 0.00575923 -0.04240000 0.06842772
v 0.00583026 -0.04231667 0.06823255
v 0.00562406 -0.04265000 0.06870840
v 0.00562406 -0.04240000 0.06870840
v 0.00566911 -0.04248333 0.06861484
v 0.00562406 -0.04215000 0.06870840
v 0.00548888 -0.04240000 0.06898909
v 0.00557900 -0.04231667 0.06880196
v 0.00532644 -0.04265000 0.06925492
v 0.00532644 -0.04240000 0.06925492
v 0.00538059 -0.04248333 0.06916631
v 0.00532644 -0.04215000 0.06925492
v 0.00516399 -0.04240000 0.06952075
v 0.00527229 -0.04231667 0.06934353
v 0.00497589 -0.04265000 0.06976909
v 0.00497589 -0.04240000 0.06976909
v 0.00503859 -0.04248333 0.06968631
v 0.00497589 -0.04215000 0.06976909
v 0.00478778 -0.04240000 0.07001742
v 0.00491318 -0.04231667 0.06985187
v 0.00457588 -0.04265000 0.07024580
v 0.00457588 -0.04240000 0.07024580
v 0.00464651 -0.04248333 0.07016967
v 0.00457588 -0.04215000 0.07024580
v 0.00436398 -0.04240000 0.07047417
v 0.00450525 -0.04231667 0.07032192
v 0.00413040 -0.04265000 0.07068031
v 0.00413040 -0.04240000 0.07068031
v 0.00420826 -0.04248333 0.07061159
v 0.00413040 -0.04215000 0.07068031
v 0.00389681 -0.04240000 0.07088645
v 0.00405253 -0.04231667 0.07074902
v 0.00364386 -0.04240000 0.07106830
v 0.00364386 -0.04215000 0.07106830
v 0.00339091 -0.04240000 0.07125016
v 0.00355955 -0.04231667 0.07112892
v 0.00364386 -0.04265000 0.07106830
v 0.00372818 -0.04248333 0.07100769
v 0.00312112 -0.04240000 0.07140593
v 0.00312112 -0.04215000 0.07140593
v 0.00285132 -0.04240000 0.07156170
v 0.00303118 -0.04231667 0.07145785
v 0.00312112 -0.04265000 0.07140593
v 0.00321105 -0.04248333 0.07135401
v 0.00256735 -0.04240000 0.07168983
v 0.00256735 -0.04215000 0.07168983
v 0.00228338 -0.04240000 0.07181796
v 0.00247269 -0.04231667 0.07173254
v 0.00256735 -0.04265000 0.07168983
v 0.00266200 -0.04248333 0.07164712
v 0.00198807 -0.04240000 0.07191718
v 0.00198807 -0.04215000 0.07191718
v 0.00169275 -0.04240000 0.07201640
v 0.00188963 -0.04231667 0.07195025
v 0.00198807 -0.04265000 0.07191718
v 0.00208651 -0.04248333 0.07188411
v 0.00138903 -0.04240000 0.07208573
v 0.00138903 -0.04215000 0.07208573
v 0.00108530 -0.04240000 0.07215505
v 0.00128779 -0.04231667 0.07210883
v 0.00138903 -0.04265000 0.07208573
v 0.00149027 -0.04248333 0.07206262
v 0.00077618 -0.04240000 0.07219379
v 0.00077618 -0.04215000 0.07219379
v 0.00046706 -0.04240000 0.07223252
v 0.00067314 -0.04231667 0.07220670
v 0.00077618 -0.04265000 0.07219379
v 0.00087922 -0.04248333 0.07218087
v 0.00015562 -0.04240000 0.07224029
v 0.00015562 -0.04215000 0.07224029
v -0.00015582 -0.04240000 0.07224806
v 0.00005181 -0.04231667 0.07224288
v 0.00015562 -0.04265000 0.07224029
v 0.00025944 -0.04248333 0.07223770
v -0.00046648 -0.04240000 0.07222478
v -0.00046648 -0.04215000 0.07222478
v -0.00077715 -0.04240000 0.07220150
v -0.00057004 -0.04231667 0.07221702
v -0.00046648 -0.04265000 0.07222478
v -0.00036293 -0.04248333 0.07223254
v -0.00108395 -0.04265000 0.07214740
v -0.00108395 -0.04240000 0.07214740
v -0.00098168 -0.04248333 0.07216543
v -0.00108395 -0.04215000 0.07214740
v -0.00139076 -0.04240000 0.07209330
v -0.00118622 -0.04231667 0.07212936
v -0.00169065 -0.04265000 0.07200892
v -0.00169065 -0.04240000 0.07200892
v -0.00159068 -0.04248333 0.07203705
v -0.00169065 -0.04215000 0.07200892
v -0.00199054 -0.04240000 0.07192455
v -0.00179061 -0.04231667 0.07198080
v -0.00228054 -0.04215000 0.07181073
v -0.00228054 -0.04240000 0.07181073
v -0.00218388 -0.04231667 0.07184867
v -0.00228054 -0.04265000 0.07181073
v -0.00257054 -0.04240000 0.07169691
v -0.00237721 -0.04248333 0.07177279
v -0.00284777 -0.04215000 0.07155479
v -0.00284777 -0.04240000 0.07155479
v -0.00275536 -0.04231667 0.07160216
v -0.00284777 -0.04265000 0.07155479
v -0.00312500 -0.04240000 0.07141266
v -0.00294018 -0.04248333 0.07150741
v -0.00338670 -0.04265000 0.07124364
v -0.00338670 -0.04240000 0.07124364
v -0.00329947 -0.04248333 0.07129998
v -0.00338670 -0.04215000 0.07124364
v -0.00364840 -0.04240000 0.07107461
v -0.00347393 -0.04231667 0.07118729
v -0.00389197 -0.04265000 0.07088037
v -0.00389197 -0.04240000 0.07088037
v -0.00381078 -0.04248333 0.07094512
v -0.00389197 -0.04215000 0.07088037
v -0.00413554 -0.04240000 0.07068613
v -0.00397316 -0.04231667 0.07081563
v -0.00435856 -0.04265000 0.07046861
v -0.00435856 -0.04240000 0.07046861
v -0.00428422 -0.04248333 0.07054111
v -0.00435856 -0.04215000 0.07046861
v -0.00458157 -0.04240000 0.07025108
v -0.00443289 -0.04231667 0.07039610
v -0.00478183 -0.04265000 0.07001243
v -0.00478183 -0.04240000 0.07001243
v -0.00471508 -0.04248333 0.07009198
v -0.00478183 -0.04215000 0.07001243
v -0.00498208 -0.04240000 0.06977378
v -0.00484858 -0.04231667 0.06993288
v -0.00515757 -0.04265000 0.06951637
v -0.00515757 -0.04240000 0.06951637
v -0.00509907 -0.04248333 0.06960217
v -0.00515757 -0.04215000 0.06951637
v -0.00533307 -0.04240000 0.06925897
v -0.00521607 -0.04231667 0.06943057
v -0.00548206 -0.04265000 0.06898537
v -0.00548206 -0.04240000 0.06898537
v -0.00543240 -0.04248333 0.06907657
v -0.00548206 -0.04215000 0.06898537
v -0.00563106 -0.04240000 0.06871177
v -0.00553173 -0.04231667 0.06889417
v -0.00575207 -0.04265000 0.06842470
v -0.00575207 -0.04240000 0.06842470
v -0.00571173 -0.04248333 0.06852039
v -0.00575207 -0.04215000 0.06842470
v -0.00587308 -0.04240000 0.06813763
v -0.00579240 -0.04231667 0.06832901
v -0.00596491 -0.04265000 0.06783993
v -0.00596491 -0.04240000 0.06783993
v -0.00593430 -0.04248333 0.06793916
v -0.00596491 -0.04215000 0.06783993
v -0.00605673 -0.04240000 0.06754223
v -0.00599552 -0.04231667 0.06774070
v -0.00611846 -0.04265000 0.06723687
v -0.00611846 -0.04240000 0.06723687
v -0.00609789 -0.04248333 0.06733866
v -0.00611846 -0.04215000 0.06723687
v -0.00618019 -0.04240000 0.06693151
v -0.00613904 -0.04231667 0.06713509
v -0.00621121 -0.04265000 0.06662153
v -0.00621121 -0.04240000 0.06662153
v -0.00620087 -0.04248333 0.06672486
v -0.00621121 -0.04215000 0.06662153
v -0.00624223 -0.04240000 0.06631154
v -0.00622155 -0.04231667 0.06651820
v -0.00624223 -0.04265000 0.06600000
v -0.00624223 -0.04240000 0.06600000
v -0.00624223 -0.04248333 0.06610385
v -0.00624223 -0.04215000 0.06600000
v -0.00624223 -0.04240000 0.06568846
v -0.00624223 -0.04231667 0.06589615
v -0.00621121 -0.04215000 0.06537847
v -0.00621121 -0.04240000 0.06537847
v -0.00622155 -0.04231667 0.06548180
v -0.00621121 -0.04265000 0.06537847
v -0.00618019 -0.04240000 0.06506849
v -0.00620087 -0.04248333 0.06527514
v -0.00611846 -0.04265000 0.06476313
v -0.00611846 -0.04240000 0.06476313
v -0.00613904 -0.04248333 0.06486491
v -0.00611846 -0.04215000 0.06476313
v -0.00605673 -0.04240000 0.06445777
v -0.00609789 -0.04231667 0.06466134
v -0.00596491 -0.04265000 0.06416007
v -0.00596491 -0.04240000 0.06416007
v -0.00599552 -0.04248333 0.06425930
v -0.00596491 -0.04215000 0.06416007
v -0.00587308 -0.04240000 0.06386237
v -0.00593430 -0.04231667 0.06406084
v -0.00575207 -0.04265000 0.06357530
v -0.00575207 -0.04240000 0.06357530
v -0.00579240 -0.04248333 0.06367099
v -0.00575207 -0.04215000 0.06357530
v -0.00563106 -0.04240000 0.06328823
v -0.00571173 -0.04231667 0.06347961
v -0.00548206 -0.04240000 0.06301463
v -0.00548206 -0.04215000 0.06301463
v -0.00533307 -0.04240000 0.06274103
v -0.00543240 -0.04231667 0.06292343
v -0.00548206 -0.04265000 0.06301463
v -0.00553173 -0.04248333 0.06310583
v -0.00515757 -0.04240000 0.06248363
v -0.00515757 -0.04215000 0.06248363
v -0.00498208 -0.04240000 0.06222622
v -0.00509907 -0.04231667 0.06239783
v -0.00515757 -0.04265000 0.06248363
v -0.00521607 -0.04248333 0.06256943
v -0.00478183 -0.04240000 0.06198757
v -0.00478183 -0.04215000 0.06198757
v -0.00458157 -0.04240000 0.06174892
v -0.00471508 -0.04231667 0.06190802
v -0.00478183 -0.04265000 0.06198757
v -0.00484858 -0.04248333 0.06206712
v -0.00435856 -0.04240000 0.06153139
v -0.00435856 -0.04215000 0.06153139
v -0.00413554 -0.04240000 0.06131387
v -0.00428422 -0.04231667 0.06145889
v -0.00435856 -0.04265000 0.06153139
v -0.00443289 -0.04248333 0.06160390
v -0.00389197 -0.04240000 0.06111963
v -0.00389197 -0.04215000 0.06111963
v -0.00364840 -0.04240000 0.06092539
v -0.00381078 -0.04231667 0.06105488
v -0.00338670 -0.04215000 0.06075636
v -0.00338670 -0.04240000 0.06075636
v -0.00347393 -0.04231667 0.06081271
v -0.00389197 -0.04265000 0.06111963
v -0.00397316 -0.04248333 0.06118437
v -0.00338670 -0.04265000 0.06075636
v -0.00312500 -0.04240000 0.06058734
v -0.00329947 -0.04248333 0.06070002
v -0.00284777 -0.04265000 0.06044521
v -0.00284777 -0.04240000 0.06044521
v -0.00294018 -0.04248333 0.06049259
v -0.00284777 -0.04215000 0.06044521
v -0.00257054 -0.04240000 0.06030309
v -0.00275536 -0.04231667 0.06039784
v -0.00228054 -0.04265000 0.06018927
v -0.00228054 -0.04240000 0.06018927
v -0.00237721 -0.04248333 0.06022721
v -0.00228054 -0.04215000 0.06018927
v -0.00199054 -0.04240000 0.06007545
v -0.00218388 -0.04231667 0.06015133
v -0.00169065 -0.04240000 0.05999108
v -0.00169065 -0.04215000 0.05999108
v -0.00139076 -0.04240000 0.05990670
v -0.00159068 -0.04231667 0.05996295
v -0.00169065 -0.04265000 0.05999108
v -0.00179061 -0.04248333 0.06001920
v -0.00108395 -0.04215000 0.05985260
v -0.00108395 -0.04240000 0.05985260
v -0.00118622 -0.04231667 0.05987064
v -0.00108395 -0.04265000 0.05985260
v -0.00077715 -0.04240000 0.05979850
v -0.00098168 -0.04248333 0.05983457
v -0.00046648 -0.04240000 0.05977522
v -0.00046648 -0.04215000 0.05977522
v -0.00015582 -0.04240000 0.05975194
v -0.00036293 -0.04231667 0.05976746
v -0.00046648 -0.04265000 0.05977522
v -0.00057004 -0.04248333 0.05978298
v 0.00015562 -0.04240000 0.05975971
v 0.00015562 -0.04215000 0.05975971
v 0.00046706 -0.04240000 0.05976748
v 0.00025944 -0.04231667 0.05976230
v 0.00077618 -0.04215000 0.05980621
v 0.00077618 -0.04240000 0.05980621
v 0.00067314 -0.04231667 0.05979330
v 0.00015562 -0.04265000 0.05975971
v 0.00005181 -0.04248333 0.05975712
v 0.00077618 -0.04265000 0.05980621
v 0.00108530 -0.04240000 0.05984495
v 0.00087922 -0.04248333 0.05981913
v 0.00138903 -0.04240000 0.05991427
v 0.00138903 -0.04215000 0.05991427
v 0.00169275 -0.04240000 0.05998360
v 0.00149027 -0.04231667 0.05993738
v 0.00138903 -0.04265000 0.05991427
v 0.00128779 -0.04248333 0.05989117
v 0.00198807 -0.04240000 0.06008282
v 0.00198807 -0.04215000 0.06008282
v 0.00228338 -0.04240000 0.06018204
v 0.00208651 -0.04231667 0.06011589
v 0.00198807 -0.04265000 0.06008282
v 0.00188963 -0.04248333 0.06004975
v 0.00256735 -0.04240000 0.06031017
v 0.00256735 -0.04215000 0.06031017
v 0.00285132 -0.04240000 0.06043830
v 0.00266200 -0.04231667 0.06035288
v 0.00256735 -0.04265000 0.06031017
v 0.00247269 -0.04248333 0.06026746
v 0.00312112 -0.04240000 0.06059407
v 0.00312112 -0.04215000 0.06059407
v 0.00339091 -0.04240000 0.06074984
v 0.00321105 -0.04231667 0.06064599
v 0.00364386 -0.04215000 0.06093170
v 0.00364386 -0.04240000 0.06093170
v 0.00355955 -0.04231667 0.06087108
v 0.00312112 -0.04265000 0.06059407
v 0.00303118 -0.04248333 0.06054215
v 0.00364386 -0.04265000 0.06093170
v 0.00389681 -0.04240000 0.06111355
v 0.00372818 -0.04248333 0.06099231
v 0.00413040 -0.04240000 0.06131969
v 0.00413040 -0.04215000 0.06131969
v 0.00436398 -0.04240000 0.06152583
v 0.00420826 -0.04231667 0.06138841
v 0.00413040 -0.04265000 0.06131969
v 0.00405253 -0.04248333 0.06125098
v 0.00457588 -0.04240000 0.06175420
v 0.00457588 -0.04215000 0.06175420
v 0.00478778 -0.04240000 0.06198258
v 0.00464651 -0.04231667 0.06183033
v 0.00457588 -0.04265000 0.06175420
v 0.00450525 -0.04248333 0.06167808
v 0.00497589 -0.04240000 0.06223091
v 0.00497589 -0.04215000 0.06223091
v 0.00516399 -0.04240000 0.06247925
v 0.00503859 -0.04231667 0.06231369
v 0.00497589 -0.04265000 0.06223091
v 0.00491318 -0.04248333 0.06214813
v 0.00532644 -0.04240000 0.06274508
v 0.00532644 -0.04215000 0.06274508
v 0.00548888 -0.04240000 0.06301091
v 0.00538059 -0.04231667 0.06283369
v 0.00532644 -0.04265000 0.06274508
v 0.00527229 -0.04248333 0.06265647
v 0.00562406 -0.04240000 0.06329160
v 0.00562406 -0.04215000 0.06329160
v 0.00575923 -0.04240000 0.06357228
v 0.00566911 -0.04231667 0.06338516
v 0.00562406 -0.04265000 0.06329160
v 0.00557900 -0.04248333 0.06319804
v 0.00586578 -0.04240000 0.06386503
v 0.00586578 -0.04215000 0.06386503
v 0.00597233 -0.04240000 0.06415778
v 0.00590130 -0.04231667 0.06396261
v 0.00586578 -0.04265000 0.06386503
v 0.00583026 -0.04248333 0.06376745
v 0.00604920 -0.04240000 0.06445968
v 0.00604920 -0.04215000 0.06445968
v 0.00612608 -0.04240000 0.06476159
v 0.00607483 -0.04231667 0.06456032
v 0.00617251 -0.04215000 0.06506964
v 0.00617251 -0.04240000 0.06506964
v 0.00615703 -0.04231667 0.06496696
v 0.00604920 -0.04265000 0.06445968
v 0.00602358 -0.04248333 0.06435905
v 0.00617251 -0.04265000 0.06506964
v 0.00621894 -0.04240000 0.06537770
v 0.00618799 -0.04248333 0.06517233
v 0.00623447 -0.04240000 0.06568885
v 0.00623447 -0.04215000 0.06568885
v 0.00623965 -0.04231667 0.06579257
v 0.00623447 -0.04265000 0.06568885
v 0.00622929 -0.04248333 0.06558513
v -0.00282014 -0.04265000 0.06327464
v -0.00259712 -0.04265000 0.06305711
v -0.00325860 -0.04265000 0.06262105
v -0.00111579 -0.04265000 0.06485604
v -0.00287723 -0.04265000 0.06333032
v -0.00227105 -0.04265000 0.06382033
v -0.00312875 -0.04265000 0.06363007
v -0.00292849 -0.04265000 0.06339142
v -0.00361302 -0.04265000 0.06300302
v -0.00122415 -0.04265000 0.06497282
v -0.00234329 -0.04265000 0.06389819
v -0.00253476 -0.04265000 0.06300738
v -0.00229119 -0.04265000 0.06281314
v -0.00290597 -0.04265000 0.06231338
v -0.00099634 -0.04265000 0.06475062
v -0.00204274 -0.04265000 0.06360504
v -0.00334917 -0.04265000 0.06395337
v -0.00317367 -0.04265000 0.06369596
v -0.00389347 -0.04265000 0.06337765
v -0.00132034 -0.04265000 0.06509981
v -0.00254092 -0.04265000 0.06414195
v -0.00222420 -0.04265000 0.06276987
v -0.00196250 -0.04265000 0.06260085
v -0.00252447 -0.04265000 0.06204236
v -0.00086699 -0.04265000 0.06465763
v -0.00179413 -0.04265000 0.06341355
v -0.00353630 -0.04265000 0.06429701
v -0.00338731 -0.04265000 0.06402341
v -0.00413522 -0.04265000 0.06377835
v -0.00140341 -0.04265000 0.06523574
v -0.00271329 -0.04265000 0.06440417
v -0.00072903 -0.04265000 0.06457798
v -0.00189153 -0.04265000 0.06256447
v -0.00152769 -0.04265000 0.06324776
v -0.00161430 -0.04265000 0.06242234
v -0.00211787 -0.04265000 0.06181067
v -0.00368829 -0.04265000 0.06465757
v -0.00356728 -0.04265000 0.06437050
v -0.00433588 -0.04265000 0.06420112
v -0.00147253 -0.04265000 0.06537928
v -0.00285870 -0.04265000 0.06468226
v -0.00154006 -0.04265000 0.06239320
v -0.00125006 -0.04265000 0.06227939
v -0.00169022 -0.04265000 0.06162062
v -0.00058382 -0.04265000 0.06451245
v -0.00124606 -0.04265000 0.06310933
v -0.00371180 -0.04265000 0.06473378
v -0.00152702 -0.04265000 0.06552898
v -0.00297570 -0.04265000 0.06497344
v -0.00380363 -0.04265000 0.06503148
v -0.00449345 -0.04265000 0.06464178
v -0.00117329 -0.04265000 0.06225778
v -0.00087339 -0.04265000 0.06217341
v -0.00124578 -0.04265000 0.06147409
v -0.00043281 -0.04265000 0.06446172
v -0.00095205 -0.04265000 0.06299963
v -0.00388116 -0.04265000 0.06541501
v -0.00381943 -0.04265000 0.06510965
v -0.00460635 -0.04265000 0.06509593
v -0.00156633 -0.04265000 0.06568336
v -0.00306313 -0.04265000 0.06527483
v -0.00079485 -0.04265000 0.06215956
v -0.00048805 -0.04265000 0.06210546
v -0.00078895 -0.04265000 0.06137254
v -0.00027749 -0.04265000 0.06442627
v -0.00064858 -0.04265000 0.06291974
v -0.00392012 -0.04265000 0.06580435
v -0.00388910 -0.04265000 0.06549437
v -0.00467348 -0.04265000 0.06555907
v -0.00159007 -0.04265000 0.06584089
v -0.00312011 -0.04265000 0.06558342
v -0.00011942 -0.04265000 0.06440646
v -0.00040852 -0.04265000 0.06209950
v -0.00033866 -0.04265000 0.06287047
v -0.00009785 -0.04265000 0.06207622
v -0.00032428 -0.04265000 0.06131698
v 0.00021359 -0.04265000 0.06208399
v 0.00009045 -0.04265000 0.06130664
v -0.00392012 -0.04265000 0.06588411
v -0.00159801 -0.04265000 0.06600000
v -0.00314608 -0.04265000 0.06589615
v -0.00392012 -0.04265000 0.06619565
v -0.00469416 -0.04265000 0.06602658
v 0.00003984 -0.04265000 0.06440249
v 0.00029332 -0.04265000 0.06208597
v 0.00018225 -0.04265000 0.06285748
v -0.00391218 -0.04265000 0.06627500
v -0.00159007 -0.04265000 0.06615911
v -0.00314079 -0.04265000 0.06620992
v -0.00388116 -0.04265000 0.06658499
v -0.00466818 -0.04265000 0.06649384
v 0.00019870 -0.04265000 0.06441439
v 0.00037245 -0.04265000 0.06209589
v 0.00028816 -0.04265000 0.06286542
v 0.00068157 -0.04265000 0.06213463
v 0.00061007 -0.04265000 0.06134558
v -0.00386536 -0.04265000 0.06666316
v -0.00156633 -0.04265000 0.06631664
v -0.00310428 -0.04265000 0.06652160
v -0.00380363 -0.04265000 0.06696852
v -0.00459582 -0.04265000 0.06695619
v 0.00035559 -0.04265000 0.06444205
v 0.00075932 -0.04265000 0.06215238
v 0.00059883 -0.04265000 0.06290969
v 0.00106305 -0.04265000 0.06222170
v 0.00107047 -0.04265000 0.06142945
v -0.00378012 -0.04265000 0.06704473
v -0.00152702 -0.04265000 0.06647102
v -0.00303692 -0.04265000 0.06682809
v -0.00368829 -0.04265000 0.06734243
v -0.00447777 -0.04265000 0.06740903
v 0.00113865 -0.04265000 0.06224710
v 0.00143396 -0.04265000 0.06234632
v 0.00152023 -0.04265000 0.06155875
v 0.00050895 -0.04265000 0.06448520
v 0.00090355 -0.04265000 0.06298467
v -0.00353630 -0.04265000 0.06770299
v -0.00365731 -0.04265000 0.06741592
v -0.00431523 -0.04265000 0.06784787
v -0.00147253 -0.04265000 0.06662072
v -0.00293938 -0.04265000 0.06712636
v 0.00065724 -0.04265000 0.06454340
v 0.00150666 -0.04265000 0.06237912
v 0.00119929 -0.04265000 0.06308962
v 0.00179063 -0.04265000 0.06250725
v 0.00195488 -0.04265000 0.06173218
v -0.00349816 -0.04265000 0.06777303
v -0.00140341 -0.04265000 0.06676426
v -0.00281262 -0.04265000 0.06741343
v -0.00334917 -0.04265000 0.06804663
v -0.00410980 -0.04265000 0.06826835
v 0.00079901 -0.04265000 0.06461608
v 0.00185970 -0.04265000 0.06254713
v 0.00148311 -0.04265000 0.06322349
v 0.00212949 -0.04265000 0.06270290
v 0.00237010 -0.04265000 0.06194803
v -0.00312875 -0.04265000 0.06836993
v -0.00330424 -0.04265000 0.06811253
v -0.00386352 -0.04265000 0.06866628
v -0.00132034 -0.04265000 0.06690019
v -0.00265792 -0.04265000 0.06768645
v 0.00093283 -0.04265000 0.06470251
v 0.00219425 -0.04265000 0.06274945
v 0.00175219 -0.04265000 0.06338496
v 0.00244720 -0.04265000 0.06293131
v 0.00276177 -0.04265000 0.06220415
v -0.00287723 -0.04265000 0.06866968
v -0.00307748 -0.04265000 0.06843103
v -0.00357885 -0.04265000 0.06903771
v -0.00122415 -0.04265000 0.06702718
v -0.00247679 -0.04265000 0.06794271
v 0.00105738 -0.04265000 0.06480184
v 0.00250700 -0.04265000 0.06298408
v 0.00200386 -0.04265000 0.06357241
v 0.00274058 -0.04265000 0.06319022
v 0.00312599 -0.04265000 0.06249800
v -0.00282014 -0.04265000 0.06872536
v -0.00111579 -0.04265000 0.06714396
v -0.00227105 -0.04265000 0.06817967
v -0.00259712 -0.04265000 0.06894289
v -0.00325860 -0.04265000 0.06937895
v 0.00300672 -0.04265000 0.06347706
v 0.00117142 -0.04265000 0.06491308
v 0.00295248 -0.04265000 0.06341860
v 0.00237688 -0.04265000 0.06393624
v 0.00342298 -0.04265000 0.06278767
v -0.00235355 -0.04265000 0.06913713
v -0.00294754 -0.04265000 0.06965346
v -0.00229119 -0.04265000 0.06918686
v -0.00086699 -0.04265000 0.06734237
v -0.00222420 -0.04265000 0.06923013
v -0.00179413 -0.04265000 0.06858645
v -0.00099634 -0.04265000 0.06724938
v -0.00188036 -0.04265000 0.06852445
v 0.00324299 -0.04265000 0.06378897
v 0.00127383 -0.04265000 0.06503511
v 0.00319483 -0.04265000 0.06372539
v 0.00257055 -0.04265000 0.06418316
v 0.00328457 -0.04265000 0.06385702
v 0.00136357 -0.04265000 0.06516674
v 0.00263038 -0.04265000 0.06427091
v 0.00372581 -0.04265000 0.06314446
v -0.00196250 -0.04265000 0.06939915
v -0.00252447 -0.04265000 0.06995764
v 0.00344702 -0.04265000 0.06412285
v 0.00401934 -0.04265000 0.06357499
v -0.00168527 -0.04265000 0.06954128
v -0.00216518 -0.04265000 0.07016507
v -0.00072903 -0.04265000 0.06742202
v -0.00161430 -0.04265000 0.06957766
v -0.00134287 -0.04265000 0.06884699
v 0.00358219 -0.04265000 0.06440354
v 0.00421776 -0.04265000 0.06393933
v 0.00361679 -0.04265000 0.06447539
v 0.00143976 -0.04265000 0.06530665
v 0.00287958 -0.04265000 0.06472853
v -0.00132430 -0.04265000 0.06969148
v -0.00173972 -0.04265000 0.07035996
v -0.00125006 -0.04265000 0.06972061
v -0.00043281 -0.04265000 0.06753828
v -0.00117329 -0.04265000 0.06974222
v -0.00095205 -0.04265000 0.06900037
v -0.00058382 -0.04265000 0.06748755
v -0.00105273 -0.04265000 0.06896655
v 0.00375062 -0.04265000 0.06484309
v 0.00150164 -0.04265000 0.06545345
v 0.00372335 -0.04265000 0.06476814
v 0.00299187 -0.04265000 0.06502156
v 0.00377030 -0.04265000 0.06492037
v 0.00154860 -0.04265000 0.06560568
v 0.00302317 -0.04265000 0.06512305
v 0.00440197 -0.04265000 0.06436952
v -0.00087339 -0.04265000 0.06982659
v -0.00124578 -0.04265000 0.07052591
v 0.00384718 -0.04265000 0.06522228
v 0.00455556 -0.04265000 0.06486744
v -0.00056659 -0.04265000 0.06988069
v -0.00084131 -0.04265000 0.07061823
v -0.00027749 -0.04265000 0.06757373
v -0.00048805 -0.04265000 0.06989454
v -0.00044404 -0.04265000 0.06911632
v 0.00389361 -0.04265000 0.06553033
v 0.00463777 -0.04265000 0.06527408
v 0.00390550 -0.04265000 0.06560920
v 0.00158016 -0.04265000 0.06576183
v 0.00312642 -0.04265000 0.06563379
v 0.00390947 -0.04265000 0.06568885
v 0.00159602 -0.04265000 0.06592035
v 0.00313700 -0.04265000 0.06573946
v -0.00017738 -0.04265000 0.06991782
v -0.00037730 -0.04265000 0.07067905
v -0.00011942 -0.04265000 0.06759354
v -0.00009785 -0.04265000 0.06992378
v -0.00013155 -0.04265000 0.06914505
v 0.00392500 -0.04265000 0.06600000
v 0.00468965 -0.04265000 0.06579257
v 0.00021359 -0.04265000 0.06991601
v 0.00009045 -0.04265000 0.07069336
v 0.00003984 -0.04265000 0.06759751
v 0.00029332 -0.04265000 0.06991403
v 0.00018225 -0.04265000 0.06914252
v 0.00390947 -0.04265000 0.06631115
v 0.00468965 -0.04265000 0.06620743
v 0.00390550 -0.04265000 0.06639080
v 0.00159602 -0.04265000 0.06607965
v 0.00313700 -0.04265000 0.06626054
v 0.00060243 -0.04265000 0.06987529
v 0.00055731 -0.04265000 0.07066103
v 0.00068157 -0.04265000 0.06986537
v 0.00035559 -0.04265000 0.06755795
v 0.00075932 -0.04265000 0.06984762
v 0.00059883 -0.04265000 0.06909031
v 0.00019870 -0.04265000 0.06758561
v 0.00049424 -0.04265000 0.06910876
v 0.00384718 -0.04265000 0.06677772
v 0.00158016 -0.04265000 0.06623817
v 0.00385906 -0.04265000 0.06669886
v 0.00309547 -0.04265000 0.06657159
v 0.00464569 -0.04265000 0.06667334
v 0.00106305 -0.04265000 0.06977830
v 0.00107047 -0.04265000 0.07057055
v 0.00377030 -0.04265000 0.06707963
v 0.00455556 -0.04265000 0.06713256
v 0.00375062 -0.04265000 0.06715691
v 0.00154860 -0.04265000 0.06639432
v 0.00302317 -0.04265000 0.06687695
v 0.00135836 -0.04265000 0.06967908
v 0.00146983 -0.04265000 0.07045819
v 0.00050895 -0.04265000 0.06751480
v 0.00143396 -0.04265000 0.06965368
v 0.00110042 -0.04265000 0.06894919
v 0.00361679 -0.04265000 0.06752461
v 0.00150164 -0.04265000 0.06654655
v 0.00364407 -0.04265000 0.06744966
v 0.00292083 -0.04265000 0.06717361
v 0.00358219 -0.04265000 0.06759646
v 0.00143976 -0.04265000 0.06669335
v 0.00287958 -0.04265000 0.06727147
v 0.00442016 -0.04265000 0.06758052
v 0.00171793 -0.04265000 0.06952555
v 0.00190641 -0.04265000 0.07028969
v 0.00065724 -0.04265000 0.06745660
v 0.00179063 -0.04265000 0.06949275
v 0.00138860 -0.04265000 0.06882496
v 0.00344702 -0.04265000 0.06787715
v 0.00421776 -0.04265000 0.06806067
v 0.00206043 -0.04265000 0.06933698
v 0.00232406 -0.04265000 0.07007855
v 0.00212949 -0.04265000 0.06929710
v 0.00093283 -0.04265000 0.06729749
v 0.00219425 -0.04265000 0.06925055
v 0.00175219 -0.04265000 0.06861504
v 0.00079901 -0.04265000 0.06738392
v 0.00166298 -0.04265000 0.06867267
v 0.00328457 -0.04265000 0.06814298
v 0.00401934 -0.04265000 0.06842501
v 0.00324299 -0.04265000 0.06821103
v 0.00136357 -0.04265000 0.06683326
v 0.00263038 -0.04265000 0.06772909
v 0.00244720 -0.04265000 0.06906869
v 0.00276177 -0.04265000 0.06979585
v 0.00300672 -0.04265000 0.06852294
v 0.00127383 -0.04265000 0.06696489
v 0.00305488 -0.04265000 0.06845937
v 0.00244514 -0.04265000 0.06798240
v 0.00295248 -0.04265000 0.06858140
v 0.00117142 -0.04265000 0.06708692
v 0.00237688 -0.04265000 0.06806376
v 0.00375792 -0.04265000 0.06881316
v 0.00268078 -0.04265000 0.06886255
v 0.00308613 -0.04265000 0.06953718
v 0.00105738 -0.04265000 0.06719816
v 0.00274058 -0.04265000 0.06880978
v 0.00215958 -0.04265000 0.06829016
v 0.00342298 -0.04265000 0.06921233
v -0.00259712 -0.04215000 0.06305711
v -0.00282014 -0.04215000 0.06327464
v -0.00325860 -0.04215000 0.06262105
v -0.00287723 -0.04215000 0.06333032
v -0.00111579 -0.04215000 0.06485604
v -0.00227105 -0.04215000 0.06382033
v -0.00292849 -0.04215000 0.06339142
v -0.00312875 -0.04215000 0.06363007
v -0.00361302 -0.04215000 0.06300302
v -0.00122415 -0.04215000 0.06497282
v -0.00234329 -0.04215000 0.06389819
v -0.00229119 -0.04215000 0.06281314
v -0.00253476 -0.04215000 0.06300738
v -0.00290597 -0.04215000 0.06231338
v -0.00099634 -0.04215000 0.06475062
v -0.00204274 -0.04215000 0.06360504
v -0.00317367 -0.04215000 0.06369596
v -0.00334917 -0.04215000 0.06395337
v -0.00389347 -0.04215000 0.06337765
v -0.00132034 -0.04215000 0.06509981
v -0.00254092 -0.04215000 0.06414195
v -0.00196250 -0.04215000 0.06260085
v -0.00222420 -0.04215000 0.06276987
v -0.00252447 -0.04215000 0.06204236
v -0.00086699 -0.04215000 0.06465763
v -0.00179413 -0.04215000 0.06341355
v -0.00338731 -0.04215000 0.06402341
v -0.00353630 -0.04215000 0.06429701
v -0.00413522 -0.04215000 0.06377835
v -0.00140341 -0.04215000 0.06523574
v -0.00271329 -0.04215000 0.06440417
v -0.00189153 -0.04215000 0.06256447
v -0.00072903 -0.04215000 0.06457798
v -0.00152769 -0.04215000 0.06324776
v -0.00161430 -0.04215000 0.06242234
v -0.00211787 -0.04215000 0.06181067
v -0.00356728 -0.04215000 0.06437050
v -0.00368829 -0.04215000 0.06465757
v -0.00433588 -0.04215000 0.06420112
v -0.00147253 -0.04215000 0.06537928
v -0.00285870 -0.04215000 0.06468226
v -0.00125006 -0.04215000 0.06227939
v -0.00154006 -0.04215000 0.06239320
v -0.00169022 -0.04215000 0.06162062
v -0.00058382 -0.04215000 0.06451245
v -0.00124606 -0.04215000 0.06310933
v -0.00152702 -0.04215000 0.06552898
v -0.00371180 -0.04215000 0.06473378
v -0.00297570 -0.04215000 0.06497344
v -0.00380363 -0.04215000 0.06503148
v -0.00449345 -0.04215000 0.06464178
v -0.00087339 -0.04215000 0.06217341
v -0.00117329 -0.04215000 0.06225778
v -0.00124578 -0.04215000 0.06147409
v -0.00043281 -0.04215000 0.06446172
v -0.00095205 -0.04215000 0.06299963
v -0.00381943 -0.04215000 0.06510965
v -0.00388116 -0.04215000 0.06541501
v -0.00460635 -0.04215000 0.06509593
v -0.00156633 -0.04215000 0.06568336
v -0.00306313 -0.04215000 0.06527483
v -0.00048805 -0.04215000 0.06210546
v -0.00079485 -0.04215000 0.06215956
v -0.00078895 -0.04215000 0.06137254
v -0.00027749 -0.04215000 0.06442627
v -0.00064858 -0.04215000 0.06291974
v -0.00388910 -0.04215000 0.06549437
v -0.00392012 -0.04215000 0.06580435
v -0.00467348 -0.04215000 0.06555907
v -0.00159007 -0.04215000 0.06584089
v -0.00312011 -0.04215000 0.06558342
v -0.00040852 -0.04215000 0.06209950
v -0.00011942 -0.04215000 0.06440646
v -0.00033866 -0.04215000 0.06287047
v -0.00009785 -0.04215000 0.06207622
v -0.00032428 -0.04215000 0.06131698
v 0.00021359 -0.04215000 0.06208399
v 0.00009045 -0.04215000 0.06130664
v -0.00159801 -0.04215000 0.06600000
v -0.00392012 -0.04215000 0.06588411
v -0.00314608 -0.04215000 0.06589615
v -0.00392012 -0.04215000 0.06619565
v -0.00469416 -0.04215000 0.06602658
v 0.00029332 -0.04215000 0.06208597
v 0.00003984 -0.04215000 0.06440249
v 0.00018225 -0.04215000 0.06285748
v -0.00159007 -0.04215000 0.06615911
v -0.00391218 -0.04215000 0.06627500
v -0.00314079 -0.04215000 0.06620992
v -0.00388116 -0.04215000 0.06658499
v -0.00466818 -0.04215000 0.06649384
v 0.00037245 -0.04215000 0.06209589
v 0.00019870 -0.04215000 0.06441439
v 0.00028816 -0.04215000 0.06286542
v 0.00068157 -0.04215000 0.06213463
v 0.00061007 -0.04215000 0.06134558
v -0.00156633 -0.04215000 0.06631664
v -0.00386536 -0.04215000 0.06666316
v -0.00310428 -0.04215000 0.06652160
v -0.00380363 -0.04215000 0.06696852
v -0.00459582 -0.04215000 0.06695619
v 0.00075932 -0.04215000 0.06215238
v 0.00035559 -0.04215000 0.06444205
v 0.00059883 -0.04215000 0.06290969
v 0.00106305 -0.04215000 0.06222170
v 0.00107047 -0.04215000 0.06142945
v -0.00152702 -0.04215000 0.06647102
v -0.00378012 -0.04215000 0.06704473
v -0.00303692 -0.04215000 0.06682809
v -0.00368829 -0.04215000 0.06734243
v -0.00447777 -0.04215000 0.06740903
v 0.00143396 -0.04215000 0.06234632
v 0.00113865 -0.04215000 0.06224710
v 0.00152023 -0.04215000 0.06155875
v 0.00050895 -0.04215000 0.06448520
v 0.00090355 -0.04215000 0.06298467
v -0.00365731 -0.04215000 0.06741592
v -0.00353630 -0.04215000 0.06770299
v -0.00431523 -0.04215000 0.06784787
v -0.00147253 -0.04215000 0.06662072
v -0.00293938 -0.04215000 0.06712636
v 0.00150666 -0.04215000 0.06237912
v 0.00065724 -0.04215000 0.06454340
v 0.00119929 -0.04215000 0.06308962
v 0.00179063 -0.04215000 0.06250725
v 0.00195488 -0.04215000 0.06173218
v -0.00140341 -0.04215000 0.06676426
v -0.00349816 -0.04215000 0.06777303
v -0.00281262 -0.04215000 0.06741343
v -0.00334917 -0.04215000 0.06804663
v -0.00410980 -0.04215000 0.06826835
v 0.00185970 -0.04215000 0.06254713
v 0.00079901 -0.04215000 0.06461608
v 0.00148311 -0.04215000 0.06322349
v 0.00212949 -0.04215000 0.06270290
v 0.00237010 -0.04215000 0.06194803
v -0.00330424 -0.04215000 0.06811253
v -0.00312875 -0.04215000 0.06836993
v -0.00386352 -0.04215000 0.06866628
v -0.00132034 -0.04215000 0.06690019
v -0.00265792 -0.04215000 0.06768645
v 0.00219425 -0.04215000 0.06274945
v 0.00093283 -0.04215000 0.06470251
v 0.00175219 -0.04215000 0.06338496
v 0.00244720 -0.04215000 0.06293131
v 0.00276177 -0.04215000 0.06220415
v -0.00307748 -0.04215000 0.06843103
v -0.00287723 -0.04215000 0.06866968
v -0.00357885 -0.04215000 0.06903771
v -0.00122415 -0.04215000 0.06702718
v -0.00247679 -0.04215000 0.06794271
v 0.00250700 -0.04215000 0.06298408
v 0.00105738 -0.04215000 0.06480184
v 0.00200386 -0.04215000 0.06357241
v 0.00274058 -0.04215000 0.06319022
v 0.00312599 -0.04215000 0.06249800
v -0.00111579 -0.04215000 0.06714396
v -0.00282014 -0.04215000 0.06872536
v -0.00227105 -0.04215000 0.06817967
v -0.00259712 -0.04215000 0.06894289
v -0.00325860 -0.04215000 0.06937895
v 0.00295248 -0.04215000 0.06341860
v 0.00117142 -0.04215000 0.06491308
v 0.00300672 -0.04215000 0.06347706
v 0.00237688 -0.04215000 0.06393624
v 0.00342298 -0.04215000 0.06278767
v -0.00235355 -0.04215000 0.06913713
v -0.00294754 -0.04215000 0.06965346
v -0.00222420 -0.04215000 0.06923013
v -0.00086699 -0.04215000 0.06734237
v -0.00229119 -0.04215000 0.06918686
v -0.00179413 -0.04215000 0.06858645
v -0.00099634 -0.04215000 0.06724938
v -0.00188036 -0.04215000 0.06852445
v 0.00319483 -0.04215000 0.06372539
v 0.00127383 -0.04215000 0.06503511
v 0.00324299 -0.04215000 0.06378897
v 0.00257055 -0.04215000 0.06418316
v 0.00136357 -0.04215000 0.06516674
v 0.00328457 -0.04215000 0.06385702
v 0.00263038 -0.04215000 0.06427091
v 0.00372581 -0.04215000 0.06314446
v -0.00196250 -0.04215000 0.06939915
v -0.00252447 -0.04215000 0.06995764
v 0.00344702 -0.04215000 0.06412285
v 0.00401934 -0.04215000 0.06357499
v -0.00168527 -0.04215000 0.06954128
v -0.00216518 -0.04215000 0.07016507
v -0.00161430 -0.04215000 0.06957766
v -0.00072903 -0.04215000 0.06742202
v -0.00134287 -0.04215000 0.06884699
v 0.00358219 -0.04215000 0.06440354
v 0.00421776 -0.04215000 0.06393933
v 0.00143976 -0.04215000 0.06530665
v 0.00361679 -0.04215000 0.06447539
v 0.00287958 -0.04215000 0.06472853
v -0.00132430 -0.04215000 0.06969148
v -0.00173972 -0.04215000 0.07035996
v -0.00117329 -0.04215000 0.06974222
v -0.00043281 -0.04215000 0.06753828
v -0.00125006 -0.04215000 0.06972061
v -0.00095205 -0.04215000 0.06900037
v -0.00058382 -0.04215000 0.06748755
v -0.00105273 -0.04215000 0.06896655
v 0.00372335 -0.04215000 0.06476814
v 0.00150164 -0.04215000 0.06545345
v 0.00375062 -0.04215000 0.06484309
v 0.00299187 -0.04215000 0.06502156
v 0.00154860 -0.04215000 0.06560568
v 0.00377030 -0.04215000 0.06492037
v 0.00302317 -0.04215000 0.06512305
v 0.00440197 -0.04215000 0.06436952
v -0.00087339 -0.04215000 0.06982659
v -0.00124578 -0.04215000 0.07052591
v 0.00384718 -0.04215000 0.06522228
v 0.00455556 -0.04215000 0.06486744
v -0.00056659 -0.04215000 0.06988069
v -0.00084131 -0.04215000 0.07061823
v -0.00048805 -0.04215000 0.06989454
v -0.00027749 -0.04215000 0.06757373
v -0.00044404 -0.04215000 0.06911632
v 0.00389361 -0.04215000 0.06553033
v 0.00463777 -0.04215000 0.06527408
v 0.00158016 -0.04215000 0.06576183
v 0.00390550 -0.04215000 0.06560920
v 0.00312642 -0.04215000 0.06563379
v 0.00159602 -0.04215000 0.06592035
v 0.00390947 -0.04215000 0.06568885
v 0.00313700 -0.04215000 0.06573946
v -0.00017738 -0.04215000 0.06991782
v -0.00037730 -0.04215000 0.07067905
v -0.00009785 -0.04215000 0.06992378
v -0.00011942 -0.04215000 0.06759354
v -0.00013155 -0.04215000 0.06914505
v 0.00392500 -0.04215000 0.06600000
v 0.00468965 -0.04215000 0.06579257
v 0.00021359 -0.04215000 0.06991601
v 0.00009045 -0.04215000 0.07069336
v 0.00029332 -0.04215000 0.06991403
v 0.00003984 -0.04215000 0.06759751
v 0.00018225 -0.04215000 0.06914252
v 0.00390947 -0.04215000 0.06631115
v 0.00468965 -0.04215000 0.06620743
v 0.00159602 -0.04215000 0.06607965
v 0.00390550 -0.04215000 0.06639080
v 0.00313700 -0.04215000 0.06626054
v 0.00060243 -0.04215000 0.06987529
v 0.00055731 -0.04215000 0.07066103
v 0.00075932 -0.04215000 0.06984762
v 0.00035559 -0.04215000 0.06755795
v 0.00068157 -0.04215000 0.06986537
v 0.00059883 -0.04215000 0.06909031
v 0.00019870 -0.04215000 0.06758561
v 0.00049424 -0.04215000 0.06910876
v 0.00385906 -0.04215000 0.06669886
v 0.00158016 -0.04215000 0.06623817
v 0.00384718 -0.04215000 0.06677772
v 0.00309547 -0.04215000 0.06657159
v 0.00464569 -0.04215000 0.06667334
v 0.00106305 -0.04215000 0.06977830
v 0.00107047 -0.04215000 0.07057055
v 0.00377030 -0.04215000 0.06707963
v 0.00455556 -0.04215000 0.06713256
v 0.00154860 -0.04215000 0.06639432
v 0.00375062 -0.04215000 0.06715691
v 0.00302317 -0.04215000 0.06687695
v 0.00135836 -0.04215000 0.06967908
v 0.00146983 -0.04215000 0.07045819
v 0.00143396 -0.04215000 0.06965368
v 0.00050895 -0.04215000 0.06751480
v 0.00110042 -0.04215000 0.06894919
v 0.00364407 -0.04215000 0.06744966
v 0.00150164 -0.04215000 0.06654655
v 0.00361679 -0.04215000 0.06752461
v 0.00292083 -0.04215000 0.06717361
v 0.00143976 -0.04215000 0.06669335
v 0.00358219 -0.04215000 0.06759646
v 0.00287958 -0.04215000 0.06727147
v 0.00442016 -0.04215000 0.06758052
v 0.00171793 -0.04215000 0.06952555
v 0.00190641 -0.04215000 0.07028969
v 0.00179063 -0.04215000 0.06949275
v 0.00065724 -0.04215000 0.06745660
v 0.00138860 -0.04215000 0.06882496
v 0.00344702 -0.04215000 0.06787715
v 0.00421776 -0.04215000 0.06806067
v 0.00206043 -0.04215000 0.06933698
v 0.00232406 -0.04215000 0.07007855
v 0.00219425 -0.04215000 0.06925055
v 0.00093283 -0.04215000 0.06729749
v 0.00212949 -0.04215000 0.06929710
v 0.00175219 -0.04215000 0.06861504
v 0.00079901 -0.04215000 0.06738392
v 0.00166298 -0.04215000 0.06867267
v 0.00328457 -0.04215000 0.06814298
v 0.00401934 -0.04215000 0.06842501
v 0.00136357 -0.04215000 0.06683326
v 0.00324299 -0.04215000 0.06821103
v 0.00263038 -0.04215000 0.06772909
v 0.00244720 -0.04215000 0.06906869
v 0.00276177 -0.04215000 0.06979585
v 0.00305488 -0.04215000 0.06845937
v 0.00127383 -0.04215000 0.06696489
v 0.00300672 -0.04215000 0.06852294
v 0.00244514 -0.04215000 0.06798240
v 0.00117142 -0.04215000 0.06708692
v 0.00295248 -0.04215000 0.06858140
v 0.00237688 -0.04215000 0.06806376
v 0.00375792 -0.04215000 0.06881316
v 0.00268078 -0.04215000 0.06886255
v 0.00308613 -0.04215000 0.06953718
v 0.00274058 -0.04215000 0.06880978
v 0.00105738 -0.04215000 0.06719816
v 0.00215958 -0.04215000 0.06829016
v 0.00342298 -0.04215000 0.06921233
v 0.00159602 -0.04240000 0.06607965
v 0.00160000 -0.04240000 0.06600000
v 0.00159735 -0.04248333 0.06605310
v 0.00159205 -0.04240000 0.06615931
v 0.00159470 -0.04231667 0.06610621
v 0.00158016 -0.04240000 0.06623817
v 0.00158412 -0.04248333 0.06621188
v 0.00156828 -0.04240000 0.06631703
v 0.00157620 -0.04231667 0.06626446
v 0.00154860 -0.04240000 0.06639432
v 0.00155516 -0.04248333 0.06636856
v 0.00152892 -0.04240000 0.06647161
v 0.00154204 -0.04231667 0.06642008
v 0.00150164 -0.04240000 0.06654655
v 0.00151073 -0.04248333 0.06652157
v 0.00147436 -0.04240000 0.06662150
v 0.00149255 -0.04231667 0.06657153
v 0.00143976 -0.04240000 0.06669335
v 0.00145129 -0.04248333 0.06666940
v 0.00140515 -0.04240000 0.06676521
v 0.00142822 -0.04231667 0.06671730
v 0.00136357 -0.04240000 0.06683326
v 0.00137743 -0.04248333 0.06681057
v 0.00132198 -0.04240000 0.06690131
v 0.00134971 -0.04231667 0.06685594
v 0.00127383 -0.04240000 0.06696489
v 0.00128988 -0.04248333 0.06694369
v 0.00122567 -0.04240000 0.06702846
v 0.00125777 -0.04231667 0.06698608
v 0.00117142 -0.04240000 0.06708692
v 0.00118951 -0.04248333 0.06706744
v 0.00111718 -0.04240000 0.06714539
v 0.00115334 -0.04231667 0.06710641
v 0.00105738 -0.04240000 0.06719816
v 0.00107731 -0.04248333 0.06718057
v 0.00099758 -0.04240000 0.06725093
v 0.00103745 -0.04231667 0.06721575
v 0.00086807 -0.04240000 0.06734404
v 0.00093283 -0.04240000 0.06729749
v 0.00091124 -0.04231667 0.06731300
v 0.00095441 -0.04248333 0.06728197
v 0.00072994 -0.04240000 0.06742379
v 0.00079901 -0.04240000 0.06738392
v 0.00077598 -0.04231667 0.06739721
v 0.00082203 -0.04248333 0.06737063
v 0.00058455 -0.04240000 0.06748940
v 0.00065724 -0.04240000 0.06745660
v 0.00063301 -0.04231667 0.06746753
v 0.00068147 -0.04248333 0.06744566
v 0.00043334 -0.04240000 0.06754020
v 0.00050895 -0.04240000 0.06751480
v 0.00048375 -0.04231667 0.06752327
v 0.00053415 -0.04248333 0.06750633
v 0.00027784 -0.04240000 0.06757569
v 0.00035559 -0.04240000 0.06755795
v 0.00032967 -0.04231667 0.06756386
v 0.00038151 -0.04248333 0.06755203
v 0.00011957 -0.04240000 0.06759553
v 0.00019870 -0.04240000 0.06758561
v 0.00017232 -0.04231667 0.06758891
v 0.00022508 -0.04248333 0.06758230
v -0.00003989 -0.04240000 0.06759950
v 0.00003984 -0.04240000 0.06759751
v 0.00001326 -0.04231667 0.06759818
v 0.00006642 -0.04248333 0.06759685
v -0.00019895 -0.04240000 0.06758758
v -0.00011942 -0.04240000 0.06759354
v -0.00014593 -0.04231667 0.06759156
v -0.00009291 -0.04248333 0.06759553
v -0.00027749 -0.04240000 0.06757373
v -0.00025131 -0.04248333 0.06757835
v -0.00035603 -0.04240000 0.06755988
v -0.00030367 -0.04231667 0.06756912
v -0.00043281 -0.04240000 0.06753828
v -0.00040722 -0.04248333 0.06754548
v -0.00050958 -0.04240000 0.06751668
v -0.00045840 -0.04231667 0.06753108
v -0.00058382 -0.04240000 0.06748755
v -0.00055907 -0.04231667 0.06749726
v -0.00065806 -0.04240000 0.06745841
v -0.00060857 -0.04248333 0.06747783
v -0.00072903 -0.04240000 0.06742202
v -0.00070537 -0.04231667 0.06743415
v -0.00080000 -0.04240000 0.06738564
v -0.00075269 -0.04248333 0.06740990
v -0.00086699 -0.04240000 0.06734237
v -0.00084466 -0.04248333 0.06735679
v -0.00093399 -0.04240000 0.06729910
v -0.00088933 -0.04231667 0.06732795
v -0.00099634 -0.04240000 0.06724938
v -0.00097556 -0.04248333 0.06726595
v -0.00105870 -0.04240000 0.06719965
v -0.00101713 -0.04231667 0.06723280
v -0.00111579 -0.04240000 0.06714396
v -0.00109676 -0.04248333 0.06716253
v -0.00117288 -0.04240000 0.06708828
v -0.00113482 -0.04231667 0.06712540
v -0.00122415 -0.04240000 0.06702718
v -0.00120706 -0.04248333 0.06704755
v -0.00127541 -0.04240000 0.06696609
v -0.00124124 -0.04231667 0.06700682
v -0.00132034 -0.04240000 0.06690019
v -0.00130536 -0.04248333 0.06692216
v -0.00136527 -0.04240000 0.06683430
v -0.00133531 -0.04231667 0.06687823
v -0.00140341 -0.04240000 0.06676426
v -0.00139069 -0.04248333 0.06678760
v -0.00144155 -0.04240000 0.06669421
v -0.00141612 -0.04231667 0.06674091
v -0.00147253 -0.04240000 0.06662072
v -0.00146220 -0.04248333 0.06664522
v -0.00150351 -0.04240000 0.06654723
v -0.00148286 -0.04231667 0.06659623
v -0.00152702 -0.04240000 0.06647102
v -0.00151918 -0.04248333 0.06649643
v -0.00155052 -0.04240000 0.06639481
v -0.00153485 -0.04231667 0.06644562
v -0.00156633 -0.04240000 0.06631664
v -0.00156106 -0.04248333 0.06634270
v -0.00158213 -0.04240000 0.06623847
v -0.00157159 -0.04231667 0.06629058
v -0.00159007 -0.04240000 0.06615911
v -0.00158742 -0.04248333 0.06618556
v -0.00159801 -0.04240000 0.06607975
v -0.00159272 -0.04231667 0.06613266
v -0.00159801 -0.04240000 0.06600000
v -0.00159801 -0.04248333 0.06602658
v -0.00159801 -0.04240000 0.06592025
v -0.00159801 -0.04231667 0.06597342
v -0.00159007 -0.04240000 0.06584089
v -0.00159272 -0.04231667 0.06586734
v -0.00158213 -0.04240000 0.06576153
v -0.00158742 -0.04248333 0.06581444
v -0.00156633 -0.04240000 0.06568336
v -0.00157159 -0.04248333 0.06570942
v -0.00155052 -0.04240000 0.06560519
v -0.00156106 -0.04231667 0.06565730
v -0.00152702 -0.04240000 0.06552898
v -0.00153485 -0.04248333 0.06555438
v -0.00150351 -0.04240000 0.06545277
v -0.00151918 -0.04231667 0.06550357
v -0.00147253 -0.04240000 0.06537928
v -0.00148286 -0.04248333 0.06540377
v -0.00144155 -0.04240000 0.06530579
v -0.00146220 -0.04231667 0.06535478
v -0.00136527 -0.04240000 0.06516570
v -0.00140341 -0.04240000 0.06523574
v -0.00139069 -0.04231667 0.06521240
v -0.00141612 -0.04248333 0.06525909
v -0.00127541 -0.04240000 0.06503391
v -0.00132034 -0.04240000 0.06509981
v -0.00130536 -0.04231667 0.06507784
v -0.00133531 -0.04248333 0.06512177
v -0.00117288 -0.04240000 0.06491172
v -0.00122415 -0.04240000 0.06497282
v -0.00120706 -0.04231667 0.06495245
v -0.00124124 -0.04248333 0.06499318
v -0.00105870 -0.04240000 0.06480035
v -0.00111579 -0.04240000 0.06485604
v -0.00109676 -0.04231667 0.06483747
v -0.00113482 -0.04248333 0.06487460
v -0.00093399 -0.04240000 0.06470090
v -0.00099634 -0.04240000 0.06475062
v -0.00097556 -0.04231667 0.06473405
v -0.00086699 -0.04240000 0.06465763
v -0.00088933 -0.04231667 0.06467205
v -0.00101713 -0.04248333 0.06476720
v -0.00080000 -0.04240000 0.06461436
v -0.00084466 -0.04248333 0.06464321
v -0.00072903 -0.04240000 0.06457798
v -0.00075269 -0.04248333 0.06459010
v -0.00065806 -0.04240000 0.06454159
v -0.00070537 -0.04231667 0.06456585
v -0.00058382 -0.04240000 0.06451245
v -0.00060857 -0.04248333 0.06452217
v -0.00050958 -0.04240000 0.06448332
v -0.00055907 -0.04231667 0.06450274
v -0.00035603 -0.04240000 0.06444012
v -0.00043281 -0.04240000 0.06446172
v -0.00040722 -0.04231667 0.06445452
v -0.00045840 -0.04248333 0.06446892
v -0.00027749 -0.04240000 0.06442627
v -0.00030367 -0.04231667 0.06443088
v -0.00019895 -0.04240000 0.06441242
v -0.00025131 -0.04248333 0.06442165
v -0.00003989 -0.04240000 0.06440050
v -0.00011942 -0.04240000 0.06440646
v -0.00009291 -0.04231667 0.06440447
v -0.00014593 -0.04248333 0.06440844
v 0.00011957 -0.04240000 0.06440447
v 0.00003984 -0.04240000 0.06440249
v 0.00006642 -0.04231667 0.06440315
v 0.00019870 -0.04240000 0.06441439
v 0.00017232 -0.04231667 0.06441109
v 0.00001326 -0.04248333 0.06440182
v 0.00027784 -0.04240000 0.06442431
v 0.00022508 -0.04248333 0.06441770
v 0.00043334 -0.04240000 0.06445980
v 0.00035559 -0.04240000 0.06444205
v 0.00038151 -0.04231667 0.06444797
v 0.00032967 -0.04248333 0.06443614
v 0.00058455 -0.04240000 0.06451060
v 0.00050895 -0.04240000 0.06448520
v 0.00053415 -0.04231667 0.06449367
v 0.00048375 -0.04248333 0.06447673
v 0.00072994 -0.04240000 0.06457621
v 0.00065724 -0.04240000 0.06454340
v 0.00068147 -0.04231667 0.06455434
v 0.00063301 -0.04248333 0.06453247
v 0.00086807 -0.04240000 0.06465596
v 0.00079901 -0.04240000 0.06461608
v 0.00082203 -0.04231667 0.06462937
v 0.00093283 -0.04240000 0.06470251
v 0.00091124 -0.04231667 0.06468700
v 0.00077598 -0.04248333 0.06460279
v 0.00099758 -0.04240000 0.06474907
v 0.00095441 -0.04248333 0.06471803
v 0.00111718 -0.04240000 0.06485461
v 0.00105738 -0.04240000 0.06480184
v 0.00107731 -0.04231667 0.06481943
v 0.00103745 -0.04248333 0.06478425
v 0.00122567 -0.04240000 0.06497154
v 0.00117142 -0.04240000 0.06491308
v 0.00118951 -0.04231667 0.06493256
v 0.00115334 -0.04248333 0.06489359
v 0.00132198 -0.04240000 0.06509869
v 0.00127383 -0.04240000 0.06503511
v 0.00128988 -0.04231667 0.06505631
v 0.00125777 -0.04248333 0.06501392
v 0.00140515 -0.04240000 0.06523479
v 0.00136357 -0.04240000 0.06516674
v 0.00137743 -0.04231667 0.06518943
v 0.00134971 -0.04248333 0.06514406
v 0.00147436 -0.04240000 0.06537850
v 0.00143976 -0.04240000 0.06530665
v 0.00145129 -0.04231667 0.06533060
v 0.00142822 -0.04248333 0.06528270
v 0.00152892 -0.04240000 0.06552839
v 0.00150164 -0.04240000 0.06545345
v 0.00151073 -0.04231667 0.06547843
v 0.00149255 -0.04248333 0.06542847
v 0.00156828 -0.04240000 0.06568297
v 0.00154860 -0.04240000 0.06560568
v 0.00155516 -0.04231667 0.06563144
v 0.00158016 -0.04240000 0.06576183
v 0.00157620 -0.04231667 0.06573554
v 0.00154204 -0.04248333 0.06557992
v 0.00159205 -0.04240000 0.06584069
v 0.00158412 -0.04248333 0.06578812
v 0.00159602 -0.04240000 0.06592035
v 0.00159735 -0.04231667 0.06594690
v 0.00159470 -0.04248333 0.06589379
vn 0.12444737 -0.69741962 0.70577526
vn -0.15486606 -0.83289505 0.53132132
vn -0.15486606 0.83289505 0.53132132
vn 0.12444737 0.69741962 0.70577526
vn 0.06246140 -0.69741947 0.71393603
vn 0.06246140 0.69741947 0.71393603
vn -0.00000000 -0.69741961 0.71666302
vn -0.00000000 0.69741961 0.71666302
vn -0.06246140 -0.69741947 0.71393603
vn -0.06246140 0.69741947 0.71393603
vn -0.12444737 -0.69741962 0.70577526
vn -0.12444737 0.69741962 0.70577526
vn 0.15486606 -0.83289505 0.53132132
vn 0.15486606 0.83289505 0.53132132
vn -0.55340867 -0.77931923 0.29393942
vn -0.55340867 0.77931923 0.29393942
vn 0.50985852 -0.71850007 0.47307710
vn -0.51879968 -0.69169361 -0.50240109
vn 0.46022013 -0.71850073 0.52149222
vn -0.42741397 -0.69620215 -0.57673206
vn 0.55442752 -0.71849974 0.41996220
vn -0.57569859 -0.69561266 -0.42976059
vn 0.40600679 -0.71850066 0.56472586
vn 0.59348620 -0.71850024 0.36267277
vn -0.61593662 -0.69620162 -0.36868060
vn 0.34776236 -0.71849930 0.60234550
vn -0.30654230 -0.69603136 -0.64928589
vn 0.62664776 -0.71850017 0.30177823
vn -0.64918158 -0.69620139 -0.30637705
vn 0.28606437 -0.71849941 0.63397616
vn 0.65358120 -0.71849970 0.23788611
vn -0.67614330 -0.69620175 -0.24110862
vn 0.22151508 -0.71850206 0.65930710
vn -0.17350965 -0.69620226 -0.69656070
vn 0.67401806 -0.71850151 0.17162528
vn -0.69656070 -0.69620226 -0.17350965
vn 0.15476760 -0.71849883 0.67809027
vn -0.10423023 -0.69620121 -0.71023935
vn 0.68775982 -0.71849883 0.10366227
vn -0.71023935 -0.69620121 -0.10423023
vn 0.08648738 -0.71849982 0.69012893
vn -0.03405291 -0.69603176 -0.71720303
vn 0.69466157 -0.71850069 0.03467071
vn -0.71704332 -0.69620179 -0.03394031
vn 0.01734155 -0.71850096 0.69530974
vn 0.04090035 -0.69543357 -0.71742548
vn 0.69466157 -0.71850069 -0.03467071
vn -0.71766884 -0.69505511 0.04300966
vn -0.05197923 -0.71850073 0.69358119
vn 0.14657678 -0.68985656 -0.70895216
vn 0.68775982 -0.71849883 -0.10366227
vn -0.70685435 -0.69185611 0.14728223
vn -0.12077945 -0.71849957 0.68496036
vn 0.67401806 -0.71850151 -0.17162528
vn -0.67702813 -0.69554318 0.24052566
vn -0.18837608 -0.71849964 0.66953171
vn 0.26983292 -0.69171029 -0.66987093
vn 0.65358066 -0.71849997 -0.23788677
vn -0.64800738 -0.69620204 0.30885135
vn -0.25410407 -0.71850094 0.64744693
vn 0.62664840 -0.71849957 -0.30177833
vn -0.61452638 -0.69620135 0.37102696
vn -0.31730862 -0.71850012 0.61892877
vn 0.36620579 -0.69505500 -0.61870176
vn 0.59348643 -0.71850057 -0.36267174
vn -0.57220280 -0.69505560 0.43529491
vn -0.37735617 -0.71849968 0.58426067
vn 0.55442635 -0.71850019 -0.41996298
vn -0.43365290 -0.71850002 0.54378570
vn 0.48403899 -0.69620144 -0.53010358
vn 0.50985795 -0.71849962 -0.47307839
vn -0.48564138 -0.71850033 0.49790534
vn 0.53378136 -0.69620204 -0.47997935
vn -0.53280408 -0.71850029 0.44707621
vn -0.50465521 -0.69241604 0.51563858
vn 0.46022013 -0.71850073 -0.52149222
vn -0.57467129 -0.71850025 0.39180391
vn -0.42847585 -0.69554294 0.57673952
vn 0.40600856 -0.71850007 -0.56472533
vn 0.73307752 -0.67918600 -0.03610718
vn -0.61082699 -0.71850035 0.33263740
vn -0.36632710 -0.69620198 0.61733885
vn 0.34776357 -0.71849988 -0.60234410
vn 0.89934098 -0.12110065 -0.42014336
vn -0.64091191 -0.71849954 0.27016724
vn -0.30389867 -0.69620150 0.65034535
vn 0.28606234 -0.71850005 -0.63397635
vn -0.66462584 -0.71850060 0.20501068
vn -0.23852813 -0.69620170 0.67705799
vn 0.22151557 -0.71850075 -0.65930837
vn 0.69721831 -0.69620175 -0.17085009
vn -0.68173632 -0.71850022 0.13781518
vn -0.17085009 -0.69620175 0.69721831
vn 0.15476940 -0.71849950 -0.67808916
vn 0.55340867 -0.77931923 -0.29393942
vn -0.69207049 -0.71850022 -0.06925221
vn -0.69552675 -0.71850020 0.00000021
vn -0.68173696 -0.71849967 -0.13781490
vn -0.64091191 -0.71849954 -0.27016724
vn -0.61082615 -0.71850071 -0.33263817
vn -0.57467099 -0.71849989 -0.39180501
vn -0.53280537 -0.71849982 -0.44707544
vn -0.48564205 -0.71850080 -0.49790401
vn -0.69207081 -0.71849995 0.06925182
vn -0.29393942 -0.77931923 0.55340867
vn -0.43365290 -0.71850002 -0.54378570
vn -0.37735617 -0.71849968 -0.58426067
vn -0.31730862 -0.71850012 -0.61892877
vn -0.25410407 -0.71850094 -0.64744693
vn -0.18837608 -0.71849964 -0.66953171
vn -0.12077730 -0.71850026 -0.68496001
vn -0.05197722 -0.71850004 -0.69358205
vn 0.01733949 -0.71850027 -0.69531051
vn 0.08648524 -0.71850051 -0.69012848
vn -0.50985734 -0.71850009 -0.47307834
vn -0.53132132 -0.83289505 0.15486606
vn -0.46022031 -0.71850021 -0.52149278
vn 0.15486606 -0.83289505 -0.53132132
vn -0.55442697 -0.71850017 -0.41996219
vn -0.40600929 -0.71850018 -0.56472466
vn -0.59348665 -0.71850016 -0.36267220
vn -0.34776354 -0.71850008 -0.60234389
vn -0.62664796 -0.71850017 -0.30177780
vn -0.28606111 -0.71850029 -0.63397663
vn -0.65358139 -0.71850014 -0.23788425
vn -0.22151587 -0.71850007 -0.65930901
vn -0.67401916 -0.71850024 -0.17162628
vn -0.70577526 -0.69741962 -0.12444737
vn -0.15476942 -0.71850015 -0.67808847
vn -0.12444737 -0.69741962 -0.70577526
vn -0.68775844 -0.71850005 -0.10366293
vn -0.71393603 -0.69741947 -0.06246140
vn -0.08648438 -0.71850022 -0.69012889
vn -0.06246140 -0.69741947 -0.71393603
vn -0.69466213 -0.71850022 -0.03466933
vn -0.71666302 -0.69741961 0.00000000
vn -0.01734000 -0.71850009 -0.69531068
vn -0.00000000 -0.69741961 -0.71666302
vn -0.69466213 -0.71850022 0.03466933
vn -0.71393603 -0.69741947 0.06246140
vn 0.06246140 -0.69741947 -0.71393603
vn -0.68775844 -0.71850005 0.10366293
vn -0.70577526 -0.69741962 0.12444737
vn 0.12077696 -0.71850006 -0.68496029
vn 0.12444737 -0.69741962 -0.70577526
vn -0.15486606 -0.83289505 -0.53132132
vn -0.67401916 -0.71850024 0.17162628
vn -0.53132132 -0.83289505 -0.15486606
vn 0.18837681 -0.71850029 -0.66953082
vn -0.65358139 -0.71850014 0.23788425
vn 0.25410457 -0.71850004 -0.64744773
vn -0.62664796 -0.71850017 0.30177780
vn 0.31730658 -0.71850022 -0.61892970
vn 0.50985785 -0.71850108 0.47307629
vn -0.53378136 -0.69620204 -0.47997935
vn 0.50985795 -0.71849962 0.47307839
vn -0.52814771 -0.69554291 -0.48711400
vn -0.46102385 -0.69266894 -0.55467716
vn 0.46022064 -0.71849981 0.52149303
vn -0.42961152 -0.69620198 -0.57509716
vn 0.46022013 -0.71850073 0.52149222
vn 0.55442892 -0.71849921 0.41996126
vn -0.57835894 -0.69620147 -0.42521106
vn 0.55442635 -0.71850019 0.41996298
vn -0.57509716 -0.69620198 -0.42961152
vn 0.40600758 -0.71850109 0.56472474
vn -0.37102696 -0.69620135 -0.61452638
vn 0.40600856 -0.71850007 0.56472533
vn 0.59348579 -0.71849963 0.36267465
vn 0.59348643 -0.71850057 0.36267174
vn 0.34776236 -0.71849930 0.60234550
vn -0.30885135 -0.69620204 -0.64800738
vn 0.34776357 -0.71849988 0.60234410
vn -0.30041133 -0.69543361 -0.65278260
vn 0.62664663 -0.71850142 0.30177759
vn -0.65366523 -0.69495602 -0.29959624
vn 0.62664840 -0.71849957 0.30177833
vn -0.64800738 -0.69620204 -0.30885135
vn 0.28606277 -0.71849991 0.63397631
vn -0.23794452 -0.69501482 -0.67848125
vn 0.28606234 -0.71850005 0.63397635
vn -0.20682263 -0.69023994 -0.69339255
vn -0.59348665 -0.71850016 0.36267220
vn 0.65358247 -0.71849906 0.23788453
vn 0.65358066 -0.71849997 0.23788677
vn -0.67521792 -0.69620167 -0.24368832
vn 0.22151381 -0.71850155 0.65930808
vn -0.15474819 -0.69705545 -0.70011906
vn 0.22151557 -0.71850075 0.65930837
vn 0.67401823 -0.71850083 0.17162743
vn -0.69533472 -0.68893567 -0.20463939
vn 0.67401806 -0.71850151 0.17162528
vn -0.69589504 -0.69620124 -0.17616450
vn 0.15476760 -0.71849883 0.67809027
vn -0.10124689 -0.69676638 -0.71011667
vn 0.15476940 -0.71849950 0.67808916
vn -0.29393942 -0.77931923 -0.55340867
vn 0.37735546 -0.71850015 -0.58426055
vn 0.68775843 -0.71850019 0.10366203
vn -0.55331801 -0.77773105 -0.29828443
vn 0.68775982 -0.71849883 0.10366227
vn -0.71690885 -0.69620147 -0.03667714
vn -0.70983562 -0.69620235 -0.10693771
vn 0.08648770 -0.71849971 0.69012900
vn -0.03667714 -0.69620147 -0.71690885
vn 0.08648524 -0.71850051 0.69012848
vn 0.69466239 -0.71850000 0.03466868
vn 0.69466157 -0.71850069 0.03467071
vn -0.71704332 -0.69620179 0.03394031
vn 0.01733949 -0.71850027 0.69531051
vn 0.01734186 -0.71850107 0.69530963
vn 0.03394031 -0.69620179 -0.71704332
vn 0.69466239 -0.71850000 -0.03466868
vn 0.69466157 -0.71850069 -0.03467071
vn -0.05197923 -0.71850073 0.69358119
vn 0.10423023 -0.69620121 -0.71023935
vn -0.05197722 -0.71850004 0.69358205
vn 0.68775843 -0.71850019 -0.10366203
vn 0.68775982 -0.71849883 -0.10366227
vn -0.69656070 -0.69620226 0.17350965
vn -0.12077945 -0.71849957 0.68496036
vn 0.17350965 -0.69620226 -0.69656070
vn -0.12077730 -0.71850026 0.68496001
vn -0.55442697 -0.71850017 0.41996219
vn 0.67401823 -0.71850083 -0.17162743
vn 0.67401806 -0.71850151 -0.17162528
vn -0.67517781 -0.69518180 0.24669251
vn -0.18837608 -0.71849964 0.66953171
vn 0.24110862 -0.69620175 -0.67614330
vn -0.18837608 -0.71849964 0.66953171
vn 0.43365385 -0.71850017 -0.54378475
vn 0.65358194 -0.71849933 -0.23788520
vn 0.65358120 -0.71849970 -0.23788611
vn -0.63613146 -0.69270961 0.33983842
vn -0.25410338 -0.71850066 0.64744751
vn 0.30637705 -0.69620139 -0.64918158
vn -0.25410407 -0.71850094 0.64744693
vn 0.62664727 -0.71850081 -0.30177769
vn 0.62664776 -0.71850017 -0.30177823
vn -0.31730849 -0.71850075 0.61892810
vn 0.36868060 -0.69620162 -0.61593662
vn -0.31730862 -0.71850012 0.61892877
vn 0.59348601 -0.71849996 -0.36267363
vn 0.59348620 -0.71850024 -0.36267277
vn -0.58119116 -0.69500918 0.42329550
vn -0.37735645 -0.71849893 0.58426141
vn 0.42741397 -0.69620215 -0.57673206
vn -0.37735617 -0.71849968 0.58426067
vn -0.50985734 -0.71850009 0.47307834
vn 0.55442775 -0.71849965 -0.41996204
vn 0.55442752 -0.71849974 -0.41996220
vn -0.53194707 -0.69620149 0.48201224
vn -0.43365248 -0.71850088 0.54378490
vn 0.48201224 -0.69620149 -0.53194707
vn -0.43365290 -0.71850002 0.54378570
vn 0.48564241 -0.71850015 -0.49790459
vn 0.50985728 -0.71850064 -0.47307758
vn 0.50985852 -0.71850007 -0.47307710
vn -0.48564270 -0.71849987 0.49790472
vn -0.48564205 -0.71850080 0.49790401
vn 0.53194707 -0.69620149 -0.48201224
vn -0.53280345 -0.71849974 0.44707785
vn -0.48201224 -0.69620149 0.53194707
vn 0.46022013 -0.71850073 -0.52149222
vn -0.57467038 -0.71850139 0.39180315
vn -0.42741397 -0.69620215 0.57673206
vn 0.40600679 -0.71850066 -0.56472586
vn 0.61593662 -0.69620162 -0.36868060
vn -0.61082805 -0.71849913 0.33263808
vn 0.34776236 -0.71849930 -0.60234550
vn 0.64918158 -0.69620139 -0.30637705
vn -0.64091072 -0.71850082 0.27016665
vn -0.30637705 -0.69620139 0.64918158
vn 0.28606437 -0.71849941 -0.63397616
vn 0.67614330 -0.69620175 -0.24110862
vn -0.66462712 -0.71849928 0.20501114
vn -0.24110862 -0.69620175 0.67614330
vn 0.22151508 -0.71850206 -0.65930710
vn 0.69656070 -0.69620226 -0.17350965
vn -0.68173524 -0.71850089 0.13781702
vn 0.15476760 -0.71849883 -0.67809027
vn 0.71023935 -0.69620121 -0.10423023
vn -0.69207031 -0.71850064 0.06924969
vn -0.10423023 -0.69620121 0.71023935
vn 0.08648738 -0.71849982 -0.69012893
vn -0.69552818 -0.71849882 0.00000021
vn -0.03394031 -0.69620179 0.71704332
vn 0.01734155 -0.71850096 -0.69530974
vn 0.71690885 -0.69620147 0.03667714
vn -0.69206998 -0.71850091 -0.06925007
vn 0.03667714 -0.69620147 0.71690885
vn -0.05197923 -0.71850073 -0.69358119
vn 0.29393942 -0.77931923 0.55340867
vn 0.53280445 -0.71850020 -0.44707592
vn -0.05197722 -0.71850004 -0.69358205
vn -0.12077730 -0.71850026 -0.68496001
vn 0.01733980 -0.71850037 -0.69531039
vn 0.08648556 -0.71850041 -0.69012855
vn 0.15476940 -0.71849950 -0.67808916
vn 0.22151430 -0.71850024 -0.65930935
vn 0.28606074 -0.71850056 -0.63397650
vn 0.34776357 -0.71849988 -0.60234410
vn 0.40600935 -0.71850051 -0.56472421
vn 0.46022064 -0.71849981 -0.52149303
vn 0.53132132 -0.83289505 0.15486606
vn 0.57467128 -0.71850012 -0.39180416
vn 0.61082662 -0.71850019 -0.33263843
vn 0.64091143 -0.71850013 -0.27016681
vn 0.66462647 -0.71850016 -0.20501017
vn 0.68173619 -0.71850022 -0.13781581
vn -0.22151587 -0.71850007 0.65930901
vn -0.15476942 -0.71850015 0.67808847
vn -0.28606111 -0.71850029 0.63397663
vn -0.34776354 -0.71850008 0.60234389
vn -0.40600929 -0.71850018 0.56472466
vn -0.46022031 -0.71850021 0.52149278
vn 0.55340867 -0.77931923 0.29393942
vn -0.69207081 -0.71849995 -0.06925182
vn -0.69552675 -0.71850020 -0.00000021
vn -0.68173632 -0.71850022 -0.13781518
vn -0.53280537 -0.71849982 0.44707544
vn -0.57467099 -0.71849989 0.39180501
vn -0.61082615 -0.71850071 0.33263817
vn -0.64091191 -0.71849954 0.27016724
vn -0.66462580 -0.71850094 0.20500960
vn -0.68173696 -0.71849967 0.13781490
vn -0.69207049 -0.71850022 0.06925221
vn -0.68173588 -0.71850034 -0.13781673
vn 0.10693771 -0.69620235 0.70983562
vn -0.12077945 -0.71849957 -0.68496036
vn 0.17085009 -0.69620175 0.69721831
vn -0.18837608 -0.71849964 -0.66953171
vn 0.69721831 -0.69620175 0.17085009
vn -0.66462709 -0.71849962 -0.20501006
vn 0.17616450 -0.69620124 0.69589504
vn -0.18837608 -0.71849964 -0.66953171
vn 0.23852813 -0.69620170 0.67705799
vn -0.25410338 -0.71850066 -0.64744751
vn -0.64091191 -0.71849954 -0.27016724
vn 0.67521792 -0.69620167 0.24368832
vn -0.64091072 -0.71850082 -0.27016665
vn 0.24368832 -0.69620167 0.67521792
vn -0.25410407 -0.71850094 -0.64744693
vn 0.70577526 -0.69741962 -0.12444737
vn 0.69207066 -0.71850008 -0.06925206
vn -0.08648438 -0.71850022 0.69012889
vn 0.30389867 -0.69620150 0.65034535
vn -0.31730849 -0.71850075 -0.61892810
vn 0.89611473 -0.14571930 0.41921864
vn -0.60347748 -0.72576548 -0.33027169
vn -0.61082720 -0.71849949 -0.33263886
vn -0.31730862 -0.71850012 -0.61892877
vn 0.36632710 -0.69620198 0.61733885
vn -0.37735645 -0.71849893 -0.58426141
vn 0.73153750 -0.68176091 -0.00741238
vn 0.61452638 -0.69620135 0.37102696
vn -0.57467008 -0.71850103 -0.39180425
vn 0.37102696 -0.69620135 0.61452638
vn 0.42521106 -0.69620147 0.57835894
vn -0.53280408 -0.71850029 -0.44707621
vn 0.57509716 -0.69620198 0.42961152
vn -0.43365290 -0.71850002 -0.54378570
vn 0.53378136 -0.69620204 0.47997935
vn -0.48564138 -0.71850033 -0.49790534
vn 0.47997935 -0.69620204 0.53378136
vn -0.48564337 -0.71850034 -0.49790339
vn 0.53010358 -0.69620144 0.48403899
vn 0.48403899 -0.69620144 0.53010358
vn 0.71393603 -0.69741947 -0.06246140
vn -0.01734000 -0.71850009 0.69531068
vn 0.71666302 -0.69741961 -0.00000000
vn 0.05197681 -0.71850025 0.69358187
vn 0.71393603 -0.69741947 0.06246140
vn 0.69207066 -0.71850008 0.06925206
vn 0.12077696 -0.71850006 0.68496029
vn 0.70577526 -0.69741962 0.12444737
vn 0.68173619 -0.71850022 0.13781581
vn 0.53132132 -0.83289505 -0.15486606
vn 0.66462647 -0.71850016 0.20501017
vn 0.64091143 -0.71850013 0.27016681
vn 0.61082662 -0.71850019 0.33263843
vn 0.57467128 -0.71850012 0.39180416
vn 0.53280445 -0.71850020 0.44707592
vn 0.43365385 -0.71850017 0.54378475
vn 0.48564241 -0.71850015 0.49790459
vn 0.37735546 -0.71850015 0.58426055
vn 0.31730658 -0.71850022 0.61892970
vn 0.25410457 -0.71850004 0.64744773
vn 0.18837681 -0.71850029 0.66953082
vn 0.29393942 -0.77931923 -0.55340867
vn 0.50985728 -0.71850064 0.47307758
vn 0.46022064 -0.71849981 0.52149303
vn 0.55442775 -0.71849965 0.41996204
vn 0.40600935 -0.71850051 0.56472421
vn 0.59348601 -0.71849996 0.36267363
vn 0.34776357 -0.71849988 0.60234410
vn 0.62664727 -0.71850081 0.30177769
vn 0.28606074 -0.71850056 0.63397650
vn 0.65358194 -0.71849933 0.23788520
vn 0.22151430 -0.71850024 0.65930935
vn 0.67401823 -0.71850083 0.17162743
vn 0.15476940 -0.71849950 0.67808916
vn 0.68775843 -0.71850019 0.10366203
vn 0.08648556 -0.71850041 0.69012855
vn 0.69466239 -0.71850000 0.03466868
vn 0.01733980 -0.71850037 0.69531039
vn 0.69466239 -0.71850000 -0.03466868
vn -0.05197722 -0.71850004 0.69358205
vn 0.68775843 -0.71850019 -0.10366203
vn -0.69721831 -0.69620175 0.17085009
vn -0.12077730 -0.71850026 0.68496001
vn 0.17085009 -0.69620175 -0.69721831
vn 0.67401823 -0.71850083 -0.17162743
vn -0.67705799 -0.69620170 0.23852813
vn -0.18837608 -0.71849964 0.66953171
vn 0.65358247 -0.71849906 -0.23788453
vn -0.65034535 -0.69620150 0.30389867
vn -0.25410338 -0.71850066 0.64744751
vn 0.30389867 -0.69620150 -0.65034535
vn 0.62664663 -0.71850142 -0.30177759
vn -0.31730849 -0.71850075 0.61892810
vn 0.36632710 -0.69620198 -0.61733885
vn 0.59348579 -0.71849963 -0.36267465
vn -0.57835894 -0.69620147 0.42521106
vn -0.37735645 -0.71849893 0.58426141
vn 0.55442892 -0.71849921 -0.41996126
vn -0.53378136 -0.69620204 0.47997935
vn -0.43365248 -0.71850088 0.54378490
vn 0.47997935 -0.69620204 -0.53378136
vn 0.50985785 -0.71850108 -0.47307629
vn -0.48564337 -0.71850034 0.49790339
vn 0.53010358 -0.69620144 -0.48403899
vn -0.53280474 -0.71849927 0.44707707
vn -0.48403899 -0.69620144 0.53010358
vn 0.46022064 -0.71849981 -0.52149303
vn -0.57467008 -0.71850103 0.39180425
vn -0.42961152 -0.69620198 0.57509716
vn 0.40600758 -0.71850109 -0.56472474
vn 0.61452638 -0.69620135 -0.37102696
vn -0.61082720 -0.71849949 0.33263886
vn -0.37102696 -0.69620135 0.61452638
vn 0.34776236 -0.71849930 -0.60234550
vn 0.64800738 -0.69620204 -0.30885135
vn -0.64091072 -0.71850082 0.27016665
vn -0.30885135 -0.69620204 0.64800738
vn 0.28606277 -0.71849991 -0.63397631
vn 0.67521792 -0.69620167 -0.24368832
vn -0.66462709 -0.71849962 0.20501006
vn -0.24368832 -0.69620167 0.67521792
vn 0.22151381 -0.71850155 -0.65930808
vn 0.69589504 -0.69620124 -0.17616450
vn -0.68173588 -0.71850034 0.13781673
vn -0.17616450 -0.69620124 0.69589504
vn 0.15476760 -0.71849883 -0.67809027
vn -0.10693771 -0.69620235 0.70983562
vn 0.08648770 -0.71849971 -0.69012900
vn 0.70983562 -0.69620235 -0.10693771
vn -0.69206998 -0.71850091 0.06925007
vn 0.01734186 -0.71850107 -0.69530963
vn 0.71690885 -0.69620147 -0.03667714
vn -0.69552818 -0.71849882 -0.00000021
vn 0.03394031 -0.69620179 0.71704332
vn -0.05197923 -0.71850073 -0.69358119
vn 0.71704332 -0.69620179 0.03394031
vn -0.69207031 -0.71850064 -0.06924969
vn 0.10423023 -0.69620121 0.71023935
vn -0.12077945 -0.71849957 -0.68496036
vn 0.71023935 -0.69620121 0.10423023
vn -0.68173524 -0.71850089 -0.13781702
vn -0.18837608 -0.71849964 -0.66953171
vn 0.69656070 -0.69620226 0.17350965
vn -0.66462712 -0.71849928 -0.20501114
vn 0.24110862 -0.69620175 0.67614330
vn -0.25410338 -0.71850066 -0.64744751
vn 0.67614330 -0.69620175 0.24110862
vn -0.64091072 -0.71850082 -0.27016665
vn 0.30637705 -0.69620139 0.64918158
vn -0.31730849 -0.71850075 -0.61892810
vn 0.64918158 -0.69620139 0.30637705
vn -0.61082805 -0.71849913 -0.33263808
vn 0.36868060 -0.69620162 0.61593662
vn 0.61593662 -0.69620162 0.36868060
vn -0.57467038 -0.71850139 -0.39180315
vn 0.42741397 -0.69620215 0.57673206
vn -0.43365248 -0.71850088 -0.54378490
vn 0.57673206 -0.69620215 0.42741397
vn -0.53280345 -0.71849974 -0.44707785
vn 0.53194707 -0.69620149 0.48201224
vn -0.48564270 -0.71849987 -0.49790472
vn 0.55340867 0.77931923 0.29393942
vn 0.50985852 0.71850007 0.47307710
vn -0.47789007 0.69539853 -0.53669542
vn -0.53192052 0.69627547 -0.48193467
vn 0.46022013 0.71850073 0.52149222
vn -0.39613144 0.69144399 -0.60413995
vn 0.55442752 0.71849974 0.41996220
vn -0.57677186 0.69610697 -0.42751527
vn 0.40600679 0.71850066 0.56472586
vn 0.59348620 0.71850024 0.36267277
vn -0.61593662 0.69620162 -0.36868060
vn 0.34776236 0.71849930 0.60234550
vn -0.31066587 0.69519308 -0.64822319
vn 0.62664776 0.71850017 0.30177823
vn -0.64918158 0.69620139 -0.30637705
vn 0.28606437 0.71849941 0.63397616
vn -0.24110862 0.69620175 -0.67614330
vn 0.65358120 0.71849970 0.23788611
vn -0.67614330 0.69620175 -0.24110862
vn 0.22151508 0.71850206 0.65930710
vn -0.13095159 0.69205613 -0.70986618
vn 0.67401806 0.71850151 0.17162528
vn -0.69656070 0.69620226 -0.17350965
vn 0.15476760 0.71849883 0.67809027
vn 0.68775982 0.71849883 0.10366227
vn -0.71023935 0.69620121 -0.10423023
vn 0.08648738 0.71849982 0.69012893
vn -0.03826867 0.69519348 -0.71780327
vn 0.69466157 0.71850069 0.03467071
vn -0.71704332 0.69620179 -0.03394031
vn 0.01734155 0.71850096 0.69530974
vn 0.03667714 0.69620147 -0.71690885
vn 0.69466157 0.71850069 -0.03467071
vn -0.71690885 0.69620147 0.03667714
vn -0.05197923 0.71850073 0.69358119
vn 0.10693771 0.69620235 -0.70983562
vn 0.68775982 0.71849883 -0.10366227
vn -0.70984549 0.69619698 0.10690712
vn -0.69589504 0.69620124 0.17616450
vn -0.12077945 0.71849957 0.68496036
vn 0.17621717 0.69619705 -0.69588589
vn 0.67401806 0.71850151 -0.17162528
vn -0.67521792 0.69620167 0.24368832
vn -0.18837608 0.71849964 0.66953171
vn 0.24363220 0.69599109 -0.67545521
vn 0.65358066 0.71849997 -0.23788677
vn -0.64800738 0.69620204 0.30885135
vn -0.25410407 0.71850094 0.64744693
vn 0.30883717 0.69645240 -0.64774506
vn 0.62664840 0.71849957 -0.30177833
vn -0.61452638 0.69620135 0.37102696
vn -0.31730862 0.71850012 0.61892877
vn 0.59348643 0.71850057 -0.36267174
vn -0.57509716 0.69620198 0.42961152
vn 0.42961152 0.69620198 -0.57509716
vn 0.55442635 0.71850019 -0.41996298
vn -0.52999167 0.69645180 0.48380131
vn -0.43365290 0.71850002 0.54378570
vn 0.48403899 0.69620144 -0.53010358
vn 0.50985795 0.71849962 -0.47307839
vn -0.48564138 0.71850033 0.49790534
vn 0.53378136 0.69620204 -0.47997935
vn -0.53280408 0.71850029 0.44707621
vn -0.47997935 0.69620204 0.53378136
vn 0.46022013 0.71850073 -0.52149222
vn -0.42521106 0.69620147 0.57835894
vn 0.40600856 0.71850007 -0.56472533
vn 0.57835894 0.69620147 -0.42521106
vn -0.57467129 0.71850025 0.39180391
vn -0.36632710 0.69620198 0.61733885
vn 0.34776357 0.71849988 -0.60234410
vn 0.61733885 0.69620198 -0.36632710
vn -0.61082699 0.71850035 0.33263740
vn -0.30389867 0.69620150 0.65034535
vn -0.64091191 0.71849954 0.27016724
vn -0.23852813 0.69620170 0.67705799
vn 0.67705799 0.69620170 -0.23852813
vn -0.66462584 0.71850060 0.20501068
vn 0.69721831 0.69620175 -0.17085009
vn -0.68173632 0.71850022 0.13781518
vn -0.17085009 0.69620175 0.69721831
vn 0.15476940 0.71849950 -0.67808916
vn 0.55340867 0.77931923 -0.29393942
vn -0.69552675 0.71850020 0.00000021
vn -0.69207049 0.71850022 -0.06925221
vn -0.68173696 0.71849967 -0.13781490
vn -0.66462580 0.71850094 -0.20500960
vn -0.64091191 0.71849954 -0.27016724
vn -0.61082615 0.71850071 -0.33263817
vn -0.57467099 0.71849989 -0.39180501
vn -0.53280537 0.71849982 -0.44707544
vn -0.48564205 0.71850080 -0.49790401
vn -0.69207081 0.71849995 0.06925182
vn -0.29393942 0.77931923 0.55340867
vn -0.43365290 0.71850002 -0.54378570
vn -0.37735617 0.71849968 -0.58426067
vn -0.31730862 0.71850012 -0.61892877
vn -0.25410407 0.71850094 -0.64744693
vn -0.18837608 0.71849964 -0.66953171
vn -0.05197722 0.71850004 -0.69358205
vn 0.01733949 0.71850027 -0.69531051
vn 0.15486606 0.83289505 -0.53132132
vn -0.53132132 0.83289505 0.15486606
vn -0.71393603 0.69741947 -0.06246140
vn -0.70577526 0.69741962 -0.12444737
vn -0.70577526 0.69741962 0.12444737
vn -0.71666302 0.69741961 0.00000000
vn -0.71393603 0.69741947 0.06246140
vn -0.53132132 0.83289505 -0.15486606
vn -0.15486606 0.83289505 -0.53132132
vn -0.12444737 0.69741962 -0.70577526
vn -0.06246140 0.69741947 -0.71393603
vn 0.00000000 0.69741961 -0.71666302
vn 0.06246140 0.69741947 -0.71393603
vn 0.12444737 0.69741962 -0.70577526
vn 0.50985785 0.71850108 0.47307629
vn -0.48403899 0.69620144 -0.53010358
vn -0.53378136 0.69620204 -0.47997935
vn 0.50985795 0.71849962 0.47307839
vn -0.47997935 0.69620204 -0.53378136
vn -0.53010358 0.69620144 -0.48403899
vn 0.46022064 0.71849981 0.52149303
vn -0.42961152 0.69620198 -0.57509716
vn 0.46022013 0.71850073 0.52149222
vn -0.42498656 0.69645184 -0.57822251
vn 0.55442892 0.71849921 0.41996126
vn -0.57835894 0.69620147 -0.42521106
vn 0.55442635 0.71850019 0.41996298
vn -0.57509716 0.69620198 -0.42961152
vn 0.40600758 0.71850109 0.56472474
vn -0.37102696 0.69620135 -0.61452638
vn 0.40600856 0.71850007 0.56472533
vn -0.36632710 0.69620198 -0.61733885
vn 0.59348579 0.71849963 0.36267465
vn -0.61733885 0.69620198 -0.36632710
vn 0.59348643 0.71850057 0.36267174
vn -0.61452638 0.69620135 -0.37102696
vn 0.34776236 0.71849930 0.60234550
vn -0.30885135 0.69620204 -0.64800738
vn 0.34776357 0.71849988 0.60234410
vn -0.30389867 0.69620150 -0.65034535
vn 0.62664663 0.71850142 0.30177759
vn -0.65425072 0.69482456 -0.29862153
vn 0.62664840 0.71849957 0.30177833
vn -0.64800738 0.69620204 -0.30885135
vn 0.28606277 0.71849991 0.63397631
vn -0.24368832 0.69620167 -0.67521792
vn 0.28606234 0.71850005 0.63397635
vn -0.23852813 0.69620170 -0.67705799
vn 0.65358247 0.71849906 0.23788453
vn 0.65358066 0.71849997 0.23788677
vn -0.67521792 0.69620167 -0.24368832
vn 0.22151381 0.71850155 0.65930808
vn -0.17616450 0.69620124 -0.69589504
vn 0.22151557 0.71850075 0.65930837
vn -0.17085009 0.69620175 -0.69721831
vn 0.67401823 0.71850083 0.17162743
vn -0.69324793 0.69200450 -0.20133824
vn 0.67401806 0.71850151 0.17162528
vn -0.69589504 0.69620124 -0.17616450
vn 0.15476760 0.71849883 0.67809027
vn -0.10692760 0.69600920 -0.71002654
vn 0.15476940 0.71849950 0.67808916
vn -0.29393942 0.77931923 -0.55340867
vn 0.68775843 0.71850019 0.10366203
vn -0.55301214 0.77833241 -0.29728138
vn 0.68775982 0.71849883 0.10366227
vn -0.70983562 0.69620235 -0.10693771
vn -0.71690885 0.69620147 -0.03667714
vn 0.08648770 0.71849971 0.69012900
vn -0.03667714 0.69620147 -0.71690885
vn 0.08648524 0.71850051 0.69012848
vn 0.69466239 0.71850000 0.03466868
vn 0.69466157 0.71850069 0.03467071
vn -0.71704332 0.69620179 0.03394031
vn 0.01734186 0.71850107 0.69530963
vn 0.03394031 0.69620179 -0.71704332
vn 0.01733949 0.71850027 0.69531051
vn 0.69466239 0.71850000 -0.03466868
vn 0.69466157 0.71850069 -0.03467071
vn -0.71023935 0.69620121 0.10423023
vn -0.05197923 0.71850073 0.69358119
vn 0.10423023 0.69620121 -0.71023935
vn -0.05197722 0.71850004 0.69358205
vn 0.68775982 0.71849883 -0.10366227
vn -0.69656070 0.69620226 0.17350965
vn -0.12077945 0.71849957 0.68496036
vn 0.17350965 0.69620226 -0.69656070
vn -0.12077730 0.71850026 0.68496001
vn 0.67401823 0.71850083 -0.17162743
vn 0.67401806 0.71850151 -0.17162528
vn -0.67614330 0.69620175 0.24110862
vn -0.18837608 0.71849964 0.66953171
vn 0.24110862 0.69620175 -0.67614330
vn -0.18837608 0.71849964 0.66953171
vn 0.65358194 0.71849933 -0.23788520
vn 0.65358120 0.71849970 -0.23788611
vn -0.64919656 0.69619725 0.30635472
vn -0.25410338 0.71850066 0.64744751
vn 0.30637705 0.69620139 -0.64918158
vn -0.25410407 0.71850094 0.64744693
vn 0.62664727 0.71850081 -0.30177769
vn 0.62664776 0.71850017 -0.30177823
vn -0.61593662 0.69620162 0.36868060
vn -0.31730849 0.71850075 0.61892810
vn 0.36868060 0.69620162 -0.61593662
vn -0.31730862 0.71850012 0.61892877
vn 0.59348601 0.71849996 -0.36267363
vn 0.59348620 0.71850024 -0.36267277
vn -0.57673206 0.69620215 0.42741397
vn 0.42741397 0.69620215 -0.57673206
vn -0.37735617 0.71849968 0.58426067
vn 0.55442775 0.71849965 -0.41996204
vn 0.55442752 0.71849974 -0.41996220
vn -0.53194707 0.69620149 0.48201224
vn -0.43365248 0.71850088 0.54378490
vn 0.48201224 0.69620149 -0.53194707
vn -0.43365290 0.71850002 0.54378570
vn 0.50985728 0.71850064 -0.47307758
vn 0.50985852 0.71850007 -0.47307710
vn -0.48564270 0.71849987 0.49790472
vn -0.48564205 0.71850080 0.49790401
vn 0.53194707 0.69620149 -0.48201224
vn -0.48201224 0.69620149 0.53194707
vn 0.46022013 0.71850073 -0.52149222
vn 0.57673206 0.69620215 -0.42741397
vn -0.57467038 0.71850139 0.39180315
vn -0.42741397 0.69620215 0.57673206
vn 0.40600679 0.71850066 -0.56472586
vn 0.61593662 0.69620162 -0.36868060
vn -0.61082805 0.71849913 0.33263808
vn -0.36868060 0.69620162 0.61593662
vn 0.34776236 0.71849930 -0.60234550
vn 0.64918158 0.69620139 -0.30637705
vn -0.64091072 0.71850082 0.27016665
vn -0.30637705 0.69620139 0.64918158
vn 0.67614330 0.69620175 -0.24110862
vn -0.66462712 0.71849928 0.20501114
vn -0.24110862 0.69620175 0.67614330
vn 0.69656070 0.69620226 -0.17350965
vn -0.68173524 0.71850089 0.13781702
vn -0.17350965 0.69620226 0.69656070
vn 0.15476760 0.71849883 -0.67809027
vn 0.71023935 0.69620121 -0.10423023
vn -0.69207031 0.71850064 0.06924969
vn -0.10423023 0.69620121 0.71023935
vn 0.71704332 0.69620179 -0.03394031
vn -0.69552818 0.71849882 0.00000021
vn -0.03394031 0.69620179 0.71704332
vn 0.01734155 0.71850096 -0.69530974
vn 0.71690885 0.69620147 0.03667714
vn -0.69206998 0.71850091 -0.06925007
vn 0.03667714 0.69620147 0.71690885
vn -0.05197923 0.71850073 -0.69358119
vn 0.29393942 0.77931923 0.55340867
vn -0.05197722 0.71850004 -0.69358205
vn 0.01733980 0.71850037 -0.69531039
vn 0.15476940 0.71849950 -0.67808916
vn 0.22151430 0.71850024 -0.65930935
vn 0.28606074 0.71850056 -0.63397650
vn 0.34776357 0.71849988 -0.60234410
vn 0.40600935 0.71850051 -0.56472421
vn 0.46022064 0.71849981 -0.52149303
vn -0.69552675 0.71850020 -0.00000021
vn -0.69207081 0.71849995 -0.06925182
vn -0.68173632 0.71850022 -0.13781518
vn -0.53280537 0.71849982 0.44707544
vn -0.57467099 0.71849989 0.39180501
vn -0.61082615 0.71850071 0.33263817
vn -0.64091191 0.71849954 0.27016724
vn -0.66462580 0.71850094 0.20500960
vn -0.68173696 0.71849967 0.13781490
vn -0.69207049 0.71850022 0.06925221
vn 0.53132132 0.83289505 0.15486606
vn 0.70983562 0.69620235 0.10693771
vn -0.68173588 0.71850034 -0.13781673
vn 0.10693771 0.69620235 0.70983562
vn 0.17085009 0.69620175 0.69721831
vn -0.18837608 0.71849964 -0.66953171
vn 0.69721831 0.69620175 0.17085009
vn -0.66462584 0.71850060 -0.20501068
vn 0.69589504 0.69620124 0.17616450
vn -0.66462709 0.71849962 -0.20501006
vn 0.17616450 0.69620124 0.69589504
vn -0.18837608 0.71849964 -0.66953171
vn 0.67705799 0.69620170 0.23852813
vn -0.64091191 0.71849954 -0.27016724
vn 0.23852813 0.69620170 0.67705799
vn -0.25410338 0.71850066 -0.64744751
vn 0.67521792 0.69620167 0.24368832
vn -0.64091072 0.71850082 -0.27016665
vn 0.24368832 0.69620167 0.67521792
vn -0.25410407 0.71850094 -0.64744693
vn -0.31730849 0.71850075 -0.61892810
vn -0.61082699 0.71850035 -0.33263740
vn 0.64800738 0.69620204 0.30885135
vn -0.61082720 0.71849949 -0.33263886
vn 0.30885135 0.69620204 0.64800738
vn -0.31730862 0.71850012 -0.61892877
vn 0.36632710 0.69620198 0.61733885
vn -0.37735645 0.71849893 -0.58426141
vn 0.61733885 0.69620198 0.36632710
vn -0.57467129 0.71850025 -0.39180391
vn 0.61452638 0.69620135 0.37102696
vn -0.57467008 0.71850103 -0.39180425
vn 0.37102696 0.69620135 0.61452638
vn -0.37735617 0.71849968 -0.58426067
vn 0.42521106 0.69620147 0.57835894
vn -0.43365248 0.71850088 -0.54378490
vn 0.57835894 0.69620147 0.42521106
vn -0.53280408 0.71850029 -0.44707621
vn 0.57509716 0.69620198 0.42961152
vn -0.53280474 0.71849927 -0.44707707
vn 0.42961152 0.69620198 0.57509716
vn -0.43365290 0.71850002 -0.54378570
vn 0.47997935 0.69620204 0.53378136
vn -0.48564337 0.71850034 -0.49790339
vn 0.53378136 0.69620204 0.47997935
vn -0.48564138 0.71850033 -0.49790534
vn 0.53010358 0.69620144 0.48403899
vn 0.48403899 0.69620144 0.53010358
vn 0.71393603 0.69741947 -0.06246140
vn 0.70577526 0.69741962 -0.12444737
vn 0.53132132 0.83289505 -0.15486606
vn 0.71666302 0.69741961 -0.00000000
vn 0.71393603 0.69741947 0.06246140
vn 0.70577526 0.69741962 0.12444737
vn 0.29393942 0.77931923 -0.55340867
vn 0.50985728 0.71850064 0.47307758
vn 0.46022064 0.71849981 0.52149303
vn 0.55442775 0.71849965 0.41996204
vn 0.40600935 0.71850051 0.56472421
vn 0.59348601 0.71849996 0.36267363
vn 0.34776357 0.71849988 0.60234410
vn 0.62664727 0.71850081 0.30177769
vn 0.28606074 0.71850056 0.63397650
vn 0.65358194 0.71849933 0.23788520
vn 0.22151430 0.71850024 0.65930935
vn 0.67401823 0.71850083 0.17162743
vn 0.15476940 0.71849950 0.67808916
vn 0.68775843 0.71850019 0.10366203
vn 0.08648556 0.71850041 0.69012855
vn 0.69466239 0.71850000 0.03466868
vn 0.01733980 0.71850037 0.69531039
vn 0.69466239 0.71850000 -0.03466868
vn -0.05197722 0.71850004 0.69358205
vn 0.68775843 0.71850019 -0.10366203
vn -0.69721831 0.69620175 0.17085009
vn -0.12077730 0.71850026 0.68496001
vn 0.17085009 0.69620175 -0.69721831
vn 0.67401823 0.71850083 -0.17162743
vn -0.67705799 0.69620170 0.23852813
vn -0.18837608 0.71849964 0.66953171
vn 0.23852813 0.69620170 -0.67705799
vn 0.65358247 0.71849906 -0.23788453
vn -0.25410338 0.71850066 0.64744751
vn 0.30389867 0.69620150 -0.65034535
vn 0.62664663 0.71850142 -0.30177759
vn -0.61733885 0.69620198 0.36632710
vn -0.31730849 0.71850075 0.61892810
vn 0.36632710 0.69620198 -0.61733885
vn 0.59348579 0.71849963 -0.36267465
vn -0.57835894 0.69620147 0.42521106
vn 0.42521106 0.69620147 -0.57835894
vn 0.55442892 0.71849921 -0.41996126
vn -0.53378136 0.69620204 0.47997935
vn -0.43365248 0.71850088 0.54378490
vn 0.47997935 0.69620204 -0.53378136
vn 0.50985785 0.71850108 -0.47307629
vn -0.48564337 0.71850034 0.49790339
vn 0.53010358 0.69620144 -0.48403899
vn -0.48403899 0.69620144 0.53010358
vn 0.46022064 0.71849981 -0.52149303
vn 0.57509716 0.69620198 -0.42961152
vn -0.57467008 0.71850103 0.39180425
vn -0.42961152 0.69620198 0.57509716
vn 0.40600758 0.71850109 -0.56472474
vn 0.34776236 0.71849930 -0.60234550
vn 0.61452638 0.69620135 -0.37102696
vn -0.61082720 0.71849949 0.33263886
vn 0.64800738 0.69620204 -0.30885135
vn -0.64091072 0.71850082 0.27016665
vn -0.30885135 0.69620204 0.64800738
vn 0.67521792 0.69620167 -0.24368832
vn -0.66462709 0.71849962 0.20501006
vn -0.24368832 0.69620167 0.67521792
vn 0.69589504 0.69620124 -0.17616450
vn -0.68173588 0.71850034 0.13781673
vn -0.17616450 0.69620124 0.69589504
vn 0.15476760 0.71849883 -0.67809027
vn 0.70983562 0.69620235 -0.10693771
vn -0.69206998 0.71850091 0.06925007
vn -0.10693771 0.69620235 0.70983562
vn -0.03667714 0.69620147 0.71690885
vn 0.01734186 0.71850107 -0.69530963
vn 0.71690885 0.69620147 -0.03667714
vn -0.69552818 0.71849882 -0.00000021
vn 0.03394031 0.69620179 0.71704332
vn -0.05197923 0.71850073 -0.69358119
vn 0.71704332 0.69620179 0.03394031
vn -0.69207031 0.71850064 -0.06924969
vn 0.71023935 0.69620121 0.10423023
vn -0.68173524 0.71850089 -0.13781702
vn 0.10423023 0.69620121 0.71023935
vn 0.69656070 0.69620226 0.17350965
vn -0.66462712 0.71849928 -0.20501114
vn 0.17350965 0.69620226 0.69656070
vn -0.18837608 0.71849964 -0.66953171
vn 0.24110862 0.69620175 0.67614330
vn -0.25410338 0.71850066 -0.64744751
vn 0.67614330 0.69620175 0.24110862
vn -0.64091072 0.71850082 -0.27016665
vn 0.30637705 0.69620139 0.64918158
vn -0.31730849 0.71850075 -0.61892810
vn 0.64918158 0.69620139 0.30637705
vn -0.61082805 0.71849913 -0.33263808
vn 0.36868060 0.69620162 0.61593662
vn -0.37735645 0.71849893 -0.58426141
vn 0.61593662 0.69620162 0.36868060
vn -0.57467038 0.71850139 -0.39180315
vn 0.57673206 0.69620215 0.42741397
vn -0.53280345 0.71849974 -0.44707785
vn 0.42741397 0.69620215 0.57673206
vn -0.43365248 0.71850088 -0.54378490
vn 0.48201224 0.69620149 0.53194707
vn -0.48564270 0.71849987 -0.49790472
vn 0.53194707 0.69620149 0.48201224
vn 0.71441784 -0.69605788 0.07148824
vn 0.71798581 -0.69605774 -0.00000000
vn 0.70374995 -0.69605775 0.14226599
vn 0.68608764 -0.69605780 0.21163007
vn 0.66160677 -0.69605783 0.27889062
vn 0.63055060 -0.69605778 0.34337953
vn 0.59322767 -0.69605784 0.40445570
vn 0.55000907 -0.69605777 0.46151230
vn 0.50132407 -0.69605781 0.51398220
vn 0.44765678 -0.69605780 0.56134388
vn 0.38954048 -0.69605781 0.60312664
vn 0.32755264 -0.69605775 0.63891539
vn 0.26230966 -0.69605792 0.66835396
vn 0.19445967 -0.69605768 0.69115059
vn 0.12467688 -0.69605790 0.70707784
vn 0.05365518 -0.69605772 0.71597819
vn -0.01789991 -0.69605787 0.71776252
vn -0.08927703 -0.69605775 0.71241366
vn -0.15976701 -0.69605782 0.69998430
vn -0.22866869 -0.69605789 0.68059830
vn -0.29529829 -0.69605768 0.65444833
vn -0.35899294 -0.69605788 0.62179377
vn -0.41911959 -0.69605778 0.58295997
vn -0.47508115 -0.69605776 0.53833215
vn -0.52632082 -0.69605787 0.48835421
vn -0.57232975 -0.69605779 0.43352302
vn -0.61265066 -0.69605781 0.37438308
vn -0.64688279 -0.69605780 0.31152238
vn -0.67468586 -0.69605782 0.24556566
vn -0.69578377 -0.69605773 0.17716822
vn -0.70996633 -0.69605791 0.10701024
vn -0.71709328 -0.69605775 0.03578883
vn -0.71709328 -0.69605775 -0.03578883
vn -0.70996633 -0.69605791 -0.10701024
vn -0.69578377 -0.69605773 -0.17716822
vn -0.67468586 -0.69605782 -0.24556566
vn -0.64688279 -0.69605780 -0.31152238
vn -0.61265066 -0.69605781 -0.37438308
vn -0.57232975 -0.69605779 -0.43352302
vn -0.52632082 -0.69605787 -0.48835421
vn -0.47508115 -0.69605776 -0.53833215
vn -0.41911959 -0.69605778 -0.58295997
vn -0.35899294 -0.69605788 -0.62179377
vn -0.29529829 -0.69605768 -0.65444833
vn -0.22866869 -0.69605789 -0.68059830
vn -0.15976701 -0.69605782 -0.69998430
vn -0.08927703 -0.69605775 -0.71241366
vn -0.01789991 -0.69605787 -0.71776252
vn 0.05365518 -0.69605772 -0.71597819
vn 0.12467688 -0.69605790 -0.70707784
vn 0.19445967 -0.69605768 -0.69115059
vn 0.26230966 -0.69605792 -0.66835396
vn 0.32755264 -0.69605775 -0.63891539
vn 0.38954048 -0.69605781 -0.60312664
vn 0.44765678 -0.69605780 -0.56134388
vn 0.50132407 -0.69605781 -0.51398220
vn 0.55000907 -0.69605777 -0.46151230
vn 0.59322767 -0.69605784 -0.40445570
vn 0.63055060 -0.69605778 -0.34337953
vn 0.66160677 -0.69605783 -0.27889062
vn 0.68608764 -0.69605780 -0.21163007
vn 0.70374995 -0.69605775 -0.14226599
vn 0.71441784 -0.69605788 -0.07148824
vn -0.46022028 -0.71850017 -0.52149286
vn -0.50985723 -0.71850012 -0.47307840
vn -0.55442700 -0.71850022 -0.41996205
vn -0.40600937 -0.71850017 -0.56472462
vn -0.59348678 -0.71850013 -0.36267203
vn -0.34776321 -0.71850021 -0.60234392
vn -0.62664798 -0.71850006 -0.30177802
vn -0.28606127 -0.71850004 -0.63397685
vn -0.65358122 -0.71850025 -0.23788439
vn -0.22151616 -0.71850022 -0.65930875
vn -0.67401921 -0.71850018 -0.17162631
vn -0.15476932 -0.71850015 -0.67808848
vn -0.68775834 -0.71850018 -0.10366270
vn -0.08648436 -0.71850019 -0.69012892
vn -0.69466225 -0.71850012 -0.03466903
vn -0.01734001 -0.71850011 -0.69531066
vn -0.69466225 -0.71850012 0.03466903
vn 0.05197669 -0.71850020 -0.69358193
vn -0.68775834 -0.71850018 0.10366270
vn 0.12077702 -0.71850017 -0.68496015
vn -0.67401921 -0.71850018 0.17162631
vn 0.18837694 -0.71850017 -0.66953090
vn -0.65358122 -0.71850025 0.23788439
vn 0.25410467 -0.71850017 -0.64744755
vn -0.62664798 -0.71850006 0.30177802
vn 0.31730671 -0.71850005 -0.61892983
vn -0.59348678 -0.71850013 0.36267203
vn 0.37735529 -0.71850025 -0.58426054
vn -0.55442700 -0.71850022 0.41996205
vn 0.43365390 -0.71850012 -0.54378476
vn -0.50985723 -0.71850012 0.47307840
vn 0.48564241 -0.71850020 -0.49790452
vn -0.46022028 -0.71850017 0.52149286
vn 0.53280454 -0.71850016 -0.44707588
vn 0.57467121 -0.71850005 -0.39180439
vn -0.40600937 -0.71850017 0.56472462
vn -0.34776321 -0.71850021 0.60234392
vn -0.28606127 -0.71850004 0.63397685
vn 0.61082644 -0.71850024 -0.33263865
vn 0.64091140 -0.71850023 -0.27016662
vn -0.22151616 -0.71850022 0.65930875
vn 0.66462661 -0.71850010 -0.20500995
vn -0.15476932 -0.71850015 0.67808848
vn 0.68173624 -0.71850014 -0.13781602
vn 0.69207050 -0.71850023 -0.06925203
vn -0.08648436 -0.71850019 0.69012892
vn -0.01734001 -0.71850011 0.69531066
vn 0.69552689 -0.71850007 0.00000000
vn 0.05197669 -0.71850020 0.69358193
vn 0.12077702 -0.71850017 0.68496015
vn 0.69207050 -0.71850023 0.06925203
vn 0.68173624 -0.71850014 0.13781602
vn 0.66462661 -0.71850010 0.20500995
vn 0.18837694 -0.71850017 0.66953090
vn 0.25410467 -0.71850017 0.64744755
vn 0.64091140 -0.71850023 0.27016662
vn 0.61082644 -0.71850024 0.33263865
vn 0.31730671 -0.71850005 0.61892983
vn 0.37735529 -0.71850025 0.58426054
vn 0.43365390 -0.71850012 0.54378476
vn 0.57467121 -0.71850005 0.39180439
vn 0.48564241 -0.71850020 0.49790452
vn 0.53280454 -0.71850016 0.44707588
vn 0.71441798 -0.69605774 0.07148823
vn 0.71798566 -0.69605789 -0.00000000
vn 0.70374984 -0.69605783 0.14226616
vn 0.68608766 -0.69605786 0.21162980
vn 0.66160691 -0.69605774 0.27889051
vn 0.63055051 -0.69605773 0.34337981
vn 0.59322749 -0.69605791 0.40445585
vn 0.55000910 -0.69605780 0.46151221
vn 0.50132414 -0.69605776 0.51398220
vn 0.44765679 -0.69605784 0.56134382
vn 0.38954040 -0.69605772 0.60312679
vn 0.32755262 -0.69605791 0.63891523
vn 0.26230986 -0.69605780 0.66835401
vn 0.19445974 -0.69605779 0.69115046
vn 0.12467698 -0.69605779 0.70707793
vn 0.05365505 -0.69605777 0.71597815
vn -0.01789993 -0.69605785 0.71776254
vn -0.08927700 -0.69605777 0.71241364
vn -0.22866908 -0.69605775 0.68059831
vn -0.29529825 -0.69605792 0.65444810
vn -0.35899274 -0.69605776 0.62179403
vn -0.41911966 -0.69605779 0.58295992
vn -0.47508106 -0.69605780 0.53833217
vn -0.52632076 -0.69605784 0.48835432
vn -0.57232987 -0.69605775 0.43352294
vn -0.61265076 -0.69605783 0.37438289
vn -0.64688262 -0.69605790 0.31152251
vn -0.67468589 -0.69605772 0.24556587
vn -0.69578372 -0.69605778 0.17716823
vn -0.70996649 -0.69605779 0.10701003
vn -0.71709320 -0.69605784 0.03578850
vn -0.71709320 -0.69605784 -0.03578850
vn -0.70996649 -0.69605779 -0.10701003
vn -0.69578372 -0.69605778 -0.17716823
vn -0.67468589 -0.69605772 -0.24556587
vn -0.64688262 -0.69605790 -0.31152251
vn -0.61265076 -0.69605783 -0.37438289
vn -0.57232987 -0.69605775 -0.43352294
vn -0.52632076 -0.69605784 -0.48835432
vn -0.47508106 -0.69605780 -0.53833217
vn -0.41911966 -0.69605779 -0.58295992
vn -0.35899274 -0.69605776 -0.62179403
vn -0.29529825 -0.69605792 -0.65444810
vn -0.22866908 -0.69605775 -0.68059831
vn -0.15976691 -0.69605781 -0.69998432
vn -0.08927700 -0.69605777 -0.71241364
vn -0.01789993 -0.69605785 -0.71776254
vn 0.05365505 -0.69605777 -0.71597815
vn 0.12467698 -0.69605779 -0.70707793
vn 0.19445974 -0.69605779 -0.69115046
vn 0.26230986 -0.69605780 -0.66835401
vn 0.32755262 -0.69605791 -0.63891523
vn 0.38954040 -0.69605772 -0.60312679
vn 0.44765679 -0.69605784 -0.56134382
vn 0.50132414 -0.69605776 -0.51398220
vn 0.55000910 -0.69605780 -0.46151221
vn 0.59322749 -0.69605791 -0.40445585
vn 0.63055051 -0.69605773 -0.34337981
vn 0.66160691 -0.69605774 -0.27889051
vn 0.68608766 -0.69605786 -0.21162980
vn 0.70374984 -0.69605783 -0.14226616
vn 0.71441798 -0.69605774 -0.07148823
vn 0.46022024 -0.71850015 0.52149292
vn 0.50985723 -0.71850018 0.47307832
vn 0.55442707 -0.71850015 0.41996209
vn 0.40600953 -0.71850011 0.56472458
vn 0.59348668 -0.71850014 0.36267219
vn 0.34776351 -0.71850021 0.60234375
vn 0.62664795 -0.71850018 0.30177779
vn 0.28606116 -0.71850017 0.63397674
vn 0.65358140 -0.71850012 0.23788429
vn 0.22151581 -0.71850020 0.65930889
vn 0.67401915 -0.71850019 0.17162653
vn 0.15476912 -0.71850012 0.67808856
vn 0.68775827 -0.71850025 0.10366271
vn 0.08648448 -0.71850012 0.69012899
vn 0.69466228 -0.71850009 0.03466894
vn 0.01734013 -0.71850018 0.69531058
vn 0.69466228 -0.71850009 -0.03466894
vn -0.05197675 -0.71850018 0.69358194
vn 0.68775827 -0.71850025 -0.10366271
vn -0.12077700 -0.71850016 0.68496017
vn 0.67401915 -0.71850019 -0.17162653
vn -0.18837681 -0.71850015 0.66953097
vn 0.65358140 -0.71850012 -0.23788429
vn -0.25410457 -0.71850021 0.64744754
vn 0.62664795 -0.71850018 -0.30177779
vn -0.31730688 -0.71850011 0.61892967
vn 0.59348668 -0.71850014 -0.36267219
vn -0.37735538 -0.71850012 0.58426063
vn 0.55442707 -0.71850015 -0.41996209
vn -0.43365381 -0.71850023 0.54378469
vn 0.50985723 -0.71850018 -0.47307832
vn -0.48564253 -0.71850013 0.49790450
vn 0.46022024 -0.71850015 -0.52149292
vn 0.40600953 -0.71850011 -0.56472458
vn -0.53280448 -0.71850017 0.44707594
vn -0.57467118 -0.71850007 0.39180441
vn 0.34776351 -0.71850021 -0.60234375
vn -0.61082649 -0.71850032 0.33263837
vn 0.28606116 -0.71850017 -0.63397674
vn 0.22151581 -0.71850020 -0.65930889
vn -0.64091156 -0.71850005 0.27016672
vn -0.66462642 -0.71850023 0.20501008
vn 0.15476912 -0.71850012 -0.67808856
vn -0.68173632 -0.71850006 0.13781604
vn -0.69207047 -0.71850023 0.06925225
vn 0.08648448 -0.71850012 -0.69012899
vn 0.01734013 -0.71850018 -0.69531058
vn -0.69552682 -0.71850014 0.00000000
vn -0.05197675 -0.71850018 -0.69358194
vn -0.69207047 -0.71850023 -0.06925225
vn -0.68173632 -0.71850006 -0.13781604
vn -0.12077700 -0.71850016 -0.68496017
vn -0.66462642 -0.71850023 -0.20501008
vn -0.18837681 -0.71850015 -0.66953097
vn -0.64091156 -0.71850005 -0.27016672
vn -0.25410457 -0.71850021 -0.64744754
vn -0.31730688 -0.71850011 -0.61892967
vn -0.37735538 -0.71850012 -0.58426063
vn -0.61082649 -0.71850032 -0.33263837
vn -0.57467118 -0.71850007 -0.39180441
vn -0.43365381 -0.71850023 -0.54378469
vn -0.48564253 -0.71850013 -0.49790450
vn -0.53280448 -0.71850017 -0.44707594
vn -0.71798573 -0.69605782 -0.00000000
vn -0.71441797 -0.69605773 -0.07148846
vn -0.70374977 -0.69605790 -0.14226616
vn -0.68608772 -0.69605774 -0.21163001
vn -0.66160675 -0.69605791 -0.27889047
vn -0.63055070 -0.69605765 -0.34337961
vn -0.59322748 -0.69605789 -0.40445589
vn -0.55000905 -0.69605780 -0.46151229
vn -0.50132416 -0.69605783 -0.51398208
vn -0.44765683 -0.69605773 -0.56134392
vn -0.38954036 -0.69605784 -0.60312668
vn -0.32755285 -0.69605785 -0.63891517
vn -0.26230978 -0.69605775 -0.66835408
vn -0.19445959 -0.69605782 -0.69115048
vn -0.12467695 -0.69605780 -0.70707792
vn -0.05365511 -0.69605778 -0.71597814
vn 0.01790005 -0.69605778 -0.71776260
vn 0.08927710 -0.69605785 -0.71241356
vn 0.15976668 -0.69605784 -0.69998435
vn 0.22866870 -0.69605777 -0.68059842
vn 0.29529825 -0.69605779 -0.65444824
vn 0.35899304 -0.69605776 -0.62179386
vn 0.41911975 -0.69605785 -0.58295978
vn 0.47508100 -0.69605781 -0.53833221
vn 0.52632084 -0.69605778 -0.48835432
vn 0.57232982 -0.69605781 -0.43352290
vn 0.61265066 -0.69605782 -0.37438306
vn 0.64688281 -0.69605779 -0.31152238
vn 0.67468583 -0.69605785 -0.24556568
vn 0.69578366 -0.69605778 -0.17716847
vn 0.70996654 -0.69605772 -0.10701006
vn 0.71709318 -0.69605787 -0.03578841
vn 0.71709318 -0.69605787 0.03578841
vn 0.70996654 -0.69605772 0.10701006
vn 0.69578366 -0.69605778 0.17716847
vn 0.67468583 -0.69605785 0.24556568
vn 0.64688281 -0.69605779 0.31152238
vn 0.61265066 -0.69605782 0.37438306
vn 0.57232982 -0.69605781 0.43352290
vn 0.52632084 -0.69605778 0.48835432
vn 0.47508100 -0.69605781 0.53833221
vn 0.41911975 -0.69605785 0.58295978
vn 0.35899304 -0.69605776 0.62179386
vn 0.29529825 -0.69605779 0.65444824
vn 0.22866870 -0.69605777 0.68059842
vn 0.15976668 -0.69605784 0.69998435
vn 0.08927710 -0.69605785 0.71241356
vn 0.01790005 -0.69605778 0.71776260
vn -0.05365511 -0.69605778 0.71597814
vn -0.12467695 -0.69605780 0.70707792
vn -0.19445959 -0.69605782 0.69115048
vn -0.26230978 -0.69605775 0.66835408
vn -0.32755285 -0.69605785 0.63891517
vn -0.38954036 -0.69605784 0.60312668
vn -0.44765683 -0.69605773 0.56134392
vn -0.50132416 -0.69605783 0.51398208
vn -0.55000905 -0.69605780 0.46151229
vn -0.59322748 -0.69605789 0.40445589
vn -0.63055070 -0.69605765 0.34337961
vn -0.66160675 -0.69605791 0.27889047
vn -0.68608772 -0.69605774 0.21163001
vn -0.70374977 -0.69605790 0.14226616
vn -0.71441797 -0.69605773 0.07148846
vn -0.27982905 0.00000000 0.96004984
vn 0.15304585 0.70710678 0.69034554
vn 0.09229632 0.70710678 0.70105734
vn 0.13052671 -0.00000000 0.99144479
vn 0.17364838 0.00000000 0.98480772
vn 0.00000000 0.00000000 1.00000000
vn 0.04361913 -0.00000000 0.99904823
vn -0.03084338 0.70710678 0.70643378
vn -0.08715587 0.00000000 0.99619469
vn -0.04361913 0.00000000 0.99904823
vn -0.09229632 0.70710678 0.70105734
vn -0.13052671 0.00000000 0.99144479
vn -0.13052671 0.00000000 0.99144479
vn -0.15304585 -0.70710678 0.69034554
vn -0.21643951 0.00000000 0.97629603
vn -0.70710676 -0.00000000 0.70710680
vn -0.49999999 -0.70710678 0.50000001
vn -0.70710676 -0.00000000 0.70710680
vn -0.49999999 0.70710678 0.50000001
vn -0.88315469 -0.00000000 0.46908187
vn -0.00000000 -1.00000000 0.00000000
vn -0.00000000 -1.00000000 0.00000000
vn -0.46008067 -0.70365861 -0.54147053
vn -0.00000000 -1.00000000 0.00000000
vn 0.00000000 -1.00000000 -0.00000000
vn 0.00000000 -1.00000000 -0.00000000
vn 0.00000000 -1.00000000 -0.00000000
vn 0.44087282 -0.70710678 0.55283918
vn 0.00000000 -1.00000000 -0.00000000
vn -0.36868060 -0.69620162 -0.61593662
vn 0.38363447 -0.70710678 0.59399040
vn -0.00000000 -1.00000000 0.00000000
vn 0.62099617 -0.70710678 0.33817711
vn 0.00000000 -1.00000000 -0.00000000
vn 0.32259044 -0.70710678 0.62923399
vn -0.00000000 -1.00000000 0.00000000
vn 0.00000000 -1.00000000 -0.00000000
vn -0.24110862 -0.69620175 -0.67614330
vn 0.25834022 -0.70710678 0.65822514
vn -0.00000000 -1.00000000 0.00000000
vn 0.00000000 -1.00000000 -0.00000000
vn -0.00000000 -1.00000000 0.00000000
vn -0.00000000 -1.00000000 0.00000000
vn -0.00000000 -1.00000000 0.00000000
vn 0.00000000 -1.00000000 -0.00000000
vn -0.00000000 -1.00000000 0.00000000
vn 0.00000000 -1.00000000 -0.00000000
vn 0.70710678 -0.70710678 0.00000000
vn 0.00000000 -1.00000000 0.00000000
vn 0.00000000 -1.00000000 -0.00000000
vn 0.00000000 -1.00000000 -0.00000000
vn 0.00000000 -1.00000000 -0.00000000
vn 0.70359269 -0.70710678 -0.07040831
vn -0.00000000 -1.00000000 0.00000000
vn -0.00000000 -1.00000000 -0.00000000
vn -0.08792850 -0.70710678 0.70161854
vn 0.00000000 -1.00000000 0.00000000
vn -0.00000000 -1.00000000 -0.00000000
vn 0.00000000 -1.00000000 0.00000000
vn 0.00000000 -1.00000000 -0.00000000
vn -0.00000000 -1.00000000 -0.00000000
vn -0.22520170 -0.70710678 0.67028665
vn -0.00000000 -1.00000000 -0.00000000
vn -0.29082596 -0.70710678 0.64453104
vn 0.00000000 -1.00000000 -0.00000000
vn -0.00000000 -1.00000000 -0.00000000
vn 0.62099713 -0.70710678 -0.33817534
vn -0.35355512 -0.70710678 0.61237144
vn -0.00000000 -1.00000000 -0.00000000
vn 0.00000000 -1.00000000 0.00000000
vn 0.42961152 -0.69620198 -0.57509716
vn 0.00000000 -1.00000000 -0.00000000
vn 0.00000000 -1.00000000 0.00000000
vn 0.00000000 -1.00000000 0.00000000
vn -0.51834541 -0.70710678 0.48095534
vn -0.00000000 -1.00000000 -0.00000000
vn 0.00000000 -1.00000000 -0.00000000
vn 0.00000000 -1.00000000 0.00000000
vn 0.00000000 -1.00000000 -0.00000000
vn -0.00000000 -1.00000000 -0.00000000
vn 0.00000000 -1.00000000 0.00000000
vn 0.00000000 -1.00000000 -0.00000000
vn 0.03673796 -0.99921230 -0.01500319
vn 0.32405123 -0.85423176 0.40654508
vn -0.00000000 -1.00000000 -0.00000000
vn 0.00000000 -1.00000000 0.00000000
vn -0.04268714 -0.91140140 -0.40929855
vn 0.25833655 -0.70710678 -0.65822658
vn 0.00000000 -1.00000000 -0.00000000
vn 0.00000000 -1.00000000 0.00000000
vn 0.00000000 -1.00000000 0.00000000
vn 0.19151117 -0.70710678 -0.68067869
vn 0.00000000 -1.00000000 -0.00000000
vn 0.00000000 -1.00000000 0.00000000
vn -0.00000000 -1.00000000 0.00000000
vn -0.00000000 -1.00000000 -0.00000000
vn -0.66462580 -0.71850094 -0.20500960
vn 0.00000000 -1.00000000 0.00000000
vn -0.63708193 -0.70710678 -0.30680062
vn 0.00000000 -1.00000000 0.00000000
vn 0.00000000 -1.00000000 0.00000000
vn -0.60336691 -0.70710678 -0.36871177
vn 0.00000000 -1.00000000 0.00000000
vn 0.00000000 -1.00000000 0.00000000
vn -0.56365781 -0.70710678 -0.42695418
vn 0.00000000 -1.00000000 0.00000000
vn -0.00000000 -1.00000000 -0.00000000
vn -0.51834736 -0.70710678 -0.48095323
vn -0.00000000 -1.00000000 0.00000000
vn -0.00000000 -1.00000000 0.00000000
vn -0.00000000 -1.00000000 -0.00000000
vn -0.70622777 -0.70710678 0.03524670
vn 0.00000000 -1.00000000 0.00000000
vn 0.00000000 -1.00000000 0.00000000
vn -0.46788119 -0.70710678 -0.53017657
vn 0.00000000 -1.00000000 -0.00000000
vn 0.00000000 -1.00000000 0.00000000
vn -0.41276836 -0.70710678 -0.57412741
vn 0.00000000 -1.00000000 0.00000000
vn 0.00000000 -1.00000000 0.00000000
vn -0.35355512 -0.70710678 -0.61237144
vn 0.00000000 -1.00000000 0.00000000
vn 0.00000000 -1.00000000 0.00000000
vn -0.29082596 -0.70710678 -0.64453104
vn 0.00000000 -1.00000000 0.00000000
vn -0.00000000 -1.00000000 0.00000000
vn -0.00000000 -1.00000000 -0.00000000
vn -0.15734671 -0.70710678 -0.68937799
vn 0.00000000 -1.00000000 -0.00000000
vn -0.01762947 -0.70710678 -0.70688698
vn 0.05284202 -0.70710678 -0.70512958
vn -0.00000000 -1.00000000 -0.00000000
vn -0.50000001 -0.70710678 0.49999999
vn -0.00000000 -1.00000000 -0.00000000
vn 0.00000000 -1.00000000 0.00000000
vn 0.49999999 -0.70710678 -0.50000001
vn 0.00000000 -1.00000000 0.00000000
vn 0.00000000 -1.00000000 0.00000000
vn 0.00000000 -1.00000000 0.00000000
vn -0.00000000 -1.00000000 -0.00000000
vn -0.00000000 -1.00000000 -0.00000000
vn -0.00000000 -1.00000000 -0.00000000
vn -0.00000000 -1.00000000 -0.00000000
vn 0.00000000 -1.00000000 0.00000000
vn -0.00000000 -1.00000000 0.00000000
vn -0.15304585 -0.70710678 -0.69034554
vn -0.00000000 -1.00000000 0.00000000
vn -0.00000000 -1.00000000 0.00000000
vn -0.00000000 -1.00000000 -0.00000000
vn -0.69308668 -0.70710678 -0.14011017
vn -0.00000000 -1.00000000 0.00000000
vn 0.00000000 -1.00000000 -0.00000000
vn -0.00000000 -1.00000000 0.00000000
vn 0.00000000 -1.00000000 0.00000000
vn 0.00000000 -1.00000000 0.00000000
vn -0.00000000 -1.00000000 0.00000000
vn -0.00000000 -1.00000000 -0.00000000
vn -0.00000000 -1.00000000 0.00000000
vn 0.00000000 -1.00000000 -0.00000000
vn -0.00000000 -1.00000000 0.00000000
vn 0.03084338 -0.70710678 -0.70643378
vn -0.00000000 -1.00000000 -0.00000000
vn -0.00000000 -1.00000000 0.00000000
vn -0.00000000 -1.00000000 0.00000000
vn 0.00000000 -1.00000000 0.00000000
vn 0.05197681 -0.71850025 -0.69358187
vn -0.00000000 -1.00000000 -0.00000000
vn 0.00000000 -1.00000000 -0.00000000
vn -0.69034554 -0.70710678 0.15304585
vn 0.00000000 -1.00000000 -0.00000000
vn 0.00000000 -1.00000000 0.00000000
vn -0.00000000 -1.00000000 -0.00000000
vn -0.00000000 -1.00000000 0.00000000
vn -0.00000000 -1.00000000 0.00000000
vn 0.00000000 -1.00000000 -0.00000000
vn 0.49372740 -0.70710678 0.50619488
vn -0.48403899 -0.69620144 -0.53010358
vn 0.49372951 -0.70710678 0.50619282
vn 0.00000000 -1.00000000 0.00000000
vn -0.00000000 -1.00000000 0.00000000
vn -0.00000000 -1.00000000 0.00000000
vn 0.00000000 -1.00000000 -0.00000000
vn 0.44087488 -0.70710678 0.55283753
vn 0.00000000 -1.00000000 -0.00000000
vn -0.39480893 -0.70710678 -0.58662246
vn -0.40187133 -0.70381473 -0.58578516
vn -0.00000000 -1.00000000 0.00000000
vn 0.44087282 -0.70710678 0.55283918
vn 0.58423847 -0.70710678 0.39832827
vn -0.61733885 -0.69620198 -0.36632710
vn 0.58423847 -0.70710678 0.39832827
vn 0.00000000 -1.00000000 -0.00000000
vn -0.00000000 -1.00000000 -0.00000000
vn -0.36632710 -0.69620198 -0.61733885
vn 0.38363746 -0.70710678 0.59398847
vn -0.00000000 -1.00000000 0.00000000
vn 0.62099439 -0.70710678 0.33818037
vn -0.00000000 -1.00000000 0.00000000
vn 0.62099713 -0.70710678 0.33817534
vn -0.00000000 -1.00000000 0.00000000
vn 0.32259044 -0.70710678 0.62923399
vn 0.00000000 -1.00000000 -0.00000000
vn -0.00000000 -1.00000000 0.00000000
vn 0.32259044 -0.70710678 0.62923399
vn 0.00000000 -1.00000000 -0.00000000
vn -0.00000000 -1.00000000 0.00000000
vn 0.00000000 -1.00000000 -0.00000000
vn 0.00000000 -1.00000000 -0.00000000
vn -0.00000000 -1.00000000 0.00000000
vn -0.00000000 -1.00000000 0.00000000
vn 0.00000000 -1.00000000 -0.00000000
vn 0.25833655 -0.70710678 0.65822658
vn 0.00000000 -1.00000000 -0.00000000
vn -0.00000000 -1.00000000 0.00000000
vn -0.14501559 -0.70307302 -0.69617441
vn -0.00000000 -1.00000000 0.00000000
vn -0.00000000 -1.00000000 0.00000000
vn 0.00000000 -1.00000000 0.00000000
vn -0.00000000 -1.00000000 0.00000000
vn -0.00000000 -1.00000000 0.00000000
vn 0.00000000 -1.00000000 -0.00000000
vn 0.70710678 -0.70710678 -0.00000000
vn 0.00000000 -1.00000000 -0.00000000
vn -0.00000000 -1.00000000 0.00000000
vn 0.00000000 -1.00000000 -0.00000000
vn -0.00000000 -1.00000000 -0.00000000
vn -0.00000000 -1.00000000 0.00000000
vn -0.00000000 -1.00000000 0.00000000
vn -0.01762947 -0.70710678 0.70688698
vn 0.00000000 -1.00000000 0.00000000
vn 0.70359311 -0.70710678 -0.07040412
vn 0.00000000 -1.00000000 0.00000000
vn 0.70359269 -0.70710678 -0.07040831
vn 0.00000000 -1.00000000 0.00000000
vn -0.00000000 -1.00000000 -0.00000000
vn -0.00000000 -1.00000000 0.00000000
vn -0.00000000 -1.00000000 0.00000000
vn 0.00000000 -1.00000000 0.00000000
vn 0.00000000 -1.00000000 0.00000000
vn 0.00000000 -1.00000000 0.00000000
vn 0.00000000 -1.00000000 0.00000000
vn -0.00000000 -1.00000000 0.00000000
vn 0.00000000 -1.00000000 0.00000000
vn 0.00000000 -1.00000000 -0.00000000
vn -0.00000000 -1.00000000 -0.00000000
vn -0.00000000 -1.00000000 -0.00000000
vn -0.00000000 -1.00000000 0.00000000
vn -0.22520170 -0.70710678 0.67028665
vn 0.00000000 -1.00000000 0.00000000
vn 0.00000000 -1.00000000 -0.00000000
vn 0.00000000 -1.00000000 0.00000000
vn 0.65158276 -0.70710678 -0.27466326
vn 0.00000000 -1.00000000 0.00000000
vn 0.65158188 -0.70710678 -0.27466534
vn -0.29082438 -0.70710678 0.64453175
vn -0.00000000 -1.00000000 0.00000000
vn -0.29082596 -0.70710678 0.64453104
vn 0.00000000 -1.00000000 0.00000000
vn 0.00000000 -1.00000000 0.00000000
vn 0.00000000 -1.00000000 0.00000000
vn 0.62099536 -0.70710678 -0.33817860
vn 0.00000000 -1.00000000 0.00000000
vn 0.00000000 -1.00000000 0.00000000
vn 0.62099617 -0.70710678 -0.33817711
vn -0.35355695 -0.70710678 0.61237038
vn 0.00000000 -1.00000000 0.00000000
vn -0.35355512 -0.70710678 0.61237144
vn 0.00000000 -1.00000000 0.00000000
vn 0.00000000 -1.00000000 0.00000000
vn -0.50000001 -0.70710678 -0.49999999
vn -0.00000000 -1.00000000 -0.00000000
vn -0.54167515 -0.70710678 0.45451956
vn 0.00000000 -1.00000000 0.00000000
vn 0.58423847 -0.70710678 -0.39832827
vn 0.00000000 -1.00000000 0.00000000
vn -0.00000000 -1.00000000 -0.00000000
vn 0.00000000 -1.00000000 0.00000000
vn -0.41276836 -0.70710678 0.57412741
vn 0.00000000 -1.00000000 0.00000000
vn 0.00000000 -1.00000000 0.00000000
vn 0.00000000 -1.00000000 -0.00000000
vn -0.00000000 -1.00000000 -0.00000000
vn 0.00000000 -1.00000000 0.00000000
vn 0.54167655 -0.70710678 -0.45451789
vn 0.00000000 -1.00000000 0.00000000
vn -0.00000000 -1.00000000 -0.00000000
vn -0.00000000 -1.00000000 -0.00000000
vn -0.46788119 -0.70710678 0.53017657
vn 0.00000000 -1.00000000 0.00000000
vn 0.00000000 -1.00000000 0.00000000
vn 0.00000000 -1.00000000 0.00000000
vn -0.51834541 -0.70710678 0.48095534
vn -0.00000000 -1.00000000 -0.00000000
vn 0.00000000 -1.00000000 0.00000000
vn 0.00000000 -1.00000000 0.00000000
vn -0.00000000 -1.00000000 -0.00000000
vn 0.54670879 -0.70710678 -0.44845234
vn -0.00000000 -1.00000000 0.00000000
vn 0.00000000 -1.00000000 0.00000000
vn 0.57673206 -0.69620215 -0.42741397
vn 0.00000000 -1.00000000 0.00000000
vn 0.38363447 -0.70710678 -0.59399040
vn -0.00000000 -1.00000000 -0.00000000
vn -0.00000000 -1.00000000 -0.00000000
vn -0.36868060 -0.69620162 0.61593662
vn -0.00000000 -1.00000000 -0.00000000
vn 0.00000000 -1.00000000 -0.00000000
vn 0.00000000 -1.00000000 0.00000000
vn -0.26997366 -0.70710678 0.65353976
vn 0.25834022 -0.70710678 -0.65822514
vn 0.00000000 -1.00000000 0.00000000
vn 0.00000000 -1.00000000 0.00000000
vn 0.00000000 -1.00000000 -0.00000000
vn 0.19150725 -0.70710678 -0.68067979
vn 0.00000000 -1.00000000 -0.00000000
vn 0.00000000 -1.00000000 0.00000000
vn -0.00000000 -1.00000000 -0.00000000
vn -0.13695982 -0.70710678 0.69371608
vn -0.00000000 -1.00000000 -0.00000000
vn 0.00000000 -1.00000000 -0.00000000
vn -0.00000000 -1.00000000 -0.00000000
vn -0.70622799 -0.70710678 0.03524249
vn 0.05284622 -0.70710678 -0.70512926
vn 0.00000000 -1.00000000 -0.00000000
vn -0.00000000 -1.00000000 0.00000000
vn -0.00000000 -1.00000000 -0.00000000
vn 0.00000000 -1.00000000 -0.00000000
vn 0.00000000 -1.00000000 0.00000000
vn 0.00000000 -1.00000000 0.00000000
vn -0.00000000 -1.00000000 -0.00000000
vn -0.00000000 -1.00000000 0.00000000
vn -0.01762947 -0.70710678 -0.70688698
vn 0.05284265 -0.70710678 -0.70512953
vn -0.00000000 -1.00000000 -0.00000000
vn 0.00000000 -1.00000000 0.00000000
vn 0.19151117 -0.70710678 -0.68067869
vn 0.00000000 -1.00000000 -0.00000000
vn 0.00000000 -1.00000000 0.00000000
vn 0.25833368 -0.70710678 -0.65822770
vn 0.00000000 -1.00000000 0.00000000
vn 0.00000000 -1.00000000 0.00000000
vn 0.32259044 -0.70710678 -0.62923399
vn 0.00000000 -1.00000000 0.00000000
vn 0.00000000 -1.00000000 0.00000000
vn 0.38363746 -0.70710678 -0.59398847
vn 0.00000000 -1.00000000 0.00000000
vn 0.00000000 -1.00000000 0.00000000
vn 0.44087488 -0.70710678 -0.55283753
vn 0.00000000 -1.00000000 0.00000000
vn 0.49372740 -0.70710678 -0.50619488
vn 0.00000000 -1.00000000 0.00000000
vn -0.00000000 -1.00000000 -0.00000000
vn 0.50000001 -0.70710678 0.49999999
vn -0.00000000 -1.00000000 -0.00000000
vn -0.00000000 -1.00000000 0.00000000
vn 0.00000000 -1.00000000 -0.00000000
vn -0.00000000 -1.00000000 0.00000000
vn -0.00000000 -1.00000000 -0.00000000
vn -0.00000000 -1.00000000 -0.00000000
vn 0.00000000 -1.00000000 -0.00000000
vn 0.00000000 -1.00000000 -0.00000000
vn 0.00000000 -1.00000000 -0.00000000
vn -0.00000000 -1.00000000 0.00000000
vn -0.00000000 -1.00000000 0.00000000
vn 0.00000000 -1.00000000 0.00000000
vn 0.00000000 -1.00000000 -0.00000000
vn -0.00000000 -1.00000000 0.00000000
vn 0.49999999 -0.70710678 0.50000001
vn 0.00000000 -1.00000000 0.00000000
vn -0.51834736 -0.70710678 0.48095323
vn 0.00000000 -1.00000000 0.00000000
vn 0.00000000 -1.00000000 0.00000000
vn -0.56365781 -0.70710678 0.42695418
vn 0.00000000 -1.00000000 0.00000000
vn 0.00000000 -1.00000000 0.00000000
vn -0.60336691 -0.70710678 0.36871177
vn 0.00000000 -1.00000000 0.00000000
vn 0.00000000 -1.00000000 0.00000000
vn -0.63708193 -0.70710678 0.30680062
vn 0.00000000 -1.00000000 0.00000000
vn 0.00000000 -1.00000000 0.00000000
vn -0.66446231 -0.70710678 0.24184673
vn 0.00000000 -1.00000000 0.00000000
vn 0.00000000 -1.00000000 -0.00000000
vn -0.68524179 -0.70710678 0.17448122
vn 0.00000000 -1.00000000 0.00000000
vn -0.70622780 -0.70710678 0.03524628
vn 0.00000000 -1.00000000 -0.00000000
vn -0.00000000 -1.00000000 -0.00000000
vn 0.13430964 -0.70710678 0.69423405
vn -0.15734671 -0.70710678 -0.68937799
vn 0.00000000 -1.00000000 -0.00000000
vn -0.66462584 -0.71850060 -0.20501068
vn 0.70983562 -0.69620235 0.10693771
vn -0.15734671 -0.70710678 -0.68937799
vn -0.00000000 -1.00000000 0.00000000
vn 0.20187111 -0.70710678 0.67767843
vn -0.00000000 -1.00000000 0.00000000
vn 0.00000000 -1.00000000 -0.00000000
vn 0.69589504 -0.69620124 0.17616450
vn -0.00000000 -1.00000000 0.00000000
vn 0.00000000 -1.00000000 0.00000000
vn 0.69034554 -0.70710678 -0.15304585
vn 0.00000000 -1.00000000 0.00000000
vn 0.00000000 -1.00000000 0.00000000
vn -0.00000000 -1.00000000 0.00000000
vn 0.00000000 -1.00000000 0.00000000
vn -0.00000000 -1.00000000 -0.00000000
vn 0.47786987 -0.68062512 0.55532858
vn 0.00000000 -1.00000000 -0.00000000
vn 0.00000000 -1.00000000 0.00000000
vn 0.00000000 -1.00000000 -0.00000000
vn -0.57467129 -0.71850025 -0.39180391
vn 0.64800738 -0.69620204 0.30885135
vn -0.00000000 -1.00000000 0.00000000
vn -0.00000000 -1.00000000 0.00000000
vn 0.39031988 -0.70710678 0.58961885
vn -0.00000000 -1.00000000 0.00000000
vn -0.53280474 -0.71849927 -0.44707707
vn -0.37735617 -0.71849968 -0.58426067
vn 0.00000000 -1.00000000 -0.00000000
vn 0.57835894 -0.69620147 0.42521106
vn -0.43365248 -0.71850088 -0.54378490
vn 0.00000000 -1.00000000 -0.00000000
vn -0.00000000 -1.00000000 0.00000000
vn 0.00000000 -1.00000000 0.00000000
vn 0.00000000 -1.00000000 -0.00000000
vn 0.00000000 -1.00000000 0.00000000
vn -0.00000000 -1.00000000 -0.00000000
vn -0.00000000 -1.00000000 -0.00000000
vn 0.00000000 -1.00000000 -0.00000000
vn 0.70643378 -0.70710678 -0.03084338
vn 0.69552672 -0.71850023 0.00000000
vn 0.00000000 -1.00000000 0.00000000
vn 0.00000000 -1.00000000 0.00000000
vn -0.00000000 -1.00000000 0.00000000
vn -0.00000000 -1.00000000 -0.00000000
vn -0.00000000 -1.00000000 0.00000000
vn 0.00000000 -1.00000000 -0.00000000
vn -0.00000000 -1.00000000 -0.00000000
vn 0.70105734 -0.70710678 0.09229632
vn -0.00000000 -1.00000000 0.00000000
vn 0.00000000 -1.00000000 -0.00000000
vn -0.00000000 -1.00000000 -0.00000000
vn -0.00000000 -1.00000000 0.00000000
vn -0.00000000 -1.00000000 -0.00000000
vn 0.00000000 -1.00000000 0.00000000
vn -0.00000000 -1.00000000 -0.00000000
vn 0.69034554 -0.70710678 0.15304585
vn 0.00000000 -1.00000000 -0.00000000
vn 0.00000000 -1.00000000 0.00000000
vn -0.00000000 -1.00000000 -0.00000000
vn -0.00000000 -1.00000000 -0.00000000
vn 0.00000000 -1.00000000 0.00000000
vn -0.00000000 -1.00000000 0.00000000
vn 0.00000000 -1.00000000 -0.00000000
vn 0.15734573 -0.70710678 0.68937821
vn 0.00000000 -1.00000000 -0.00000000
vn 0.00000000 -1.00000000 -0.00000000
vn 0.00000000 -1.00000000 0.00000000
vn 0.50000001 -0.70710678 -0.49999999
vn 0.00000000 -1.00000000 0.00000000
vn -0.00000000 -1.00000000 0.00000000
vn -0.00000000 -1.00000000 -0.00000000
vn 0.49372740 -0.70710678 0.50619488
vn 0.00000000 -1.00000000 0.00000000
vn 0.00000000 -1.00000000 -0.00000000
vn 0.00000000 -1.00000000 0.00000000
vn -0.00000000 -1.00000000 0.00000000
vn 0.44087488 -0.70710678 0.55283753
vn 0.00000000 -1.00000000 0.00000000
vn 0.00000000 -1.00000000 0.00000000
vn 0.00000000 -1.00000000 0.00000000
vn 0.58423847 -0.70710678 0.39832827
vn 0.00000000 -1.00000000 0.00000000
vn 0.38363746 -0.70710678 0.59398847
vn 0.00000000 -1.00000000 0.00000000
vn 0.00000000 -1.00000000 0.00000000
vn 0.00000000 -1.00000000 0.00000000
vn 0.62099536 -0.70710678 0.33817860
vn 0.00000000 -1.00000000 0.00000000
vn 0.32259044 -0.70710678 0.62923399
vn 0.00000000 -1.00000000 0.00000000
vn 0.00000000 -1.00000000 0.00000000
vn 0.00000000 -1.00000000 0.00000000
vn 0.65158276 -0.70710678 0.27466326
vn 0.00000000 -1.00000000 0.00000000
vn 0.25833368 -0.70710678 0.65822770
vn 0.00000000 -1.00000000 0.00000000
vn 0.00000000 -1.00000000 0.00000000
vn 0.00000000 -1.00000000 0.00000000
vn 0.67569103 -0.70710678 0.20842657
vn 0.00000000 -1.00000000 0.00000000
vn 0.19151117 -0.70710678 0.68067869
vn 0.00000000 -1.00000000 0.00000000
vn 0.12278976 -0.70710678 0.69636389
vn -0.00000000 -1.00000000 0.00000000
vn 0.70710678 -0.70710678 -0.00000000
vn -0.01762947 -0.70710678 0.70688698
vn 0.00000000 -1.00000000 0.00000000
vn 0.70359311 -0.70710678 -0.07040412
vn -0.00000000 -1.00000000 0.00000000
vn 0.00000000 -1.00000000 0.00000000
vn -0.00000000 -1.00000000 -0.00000000
vn -0.00000000 -1.00000000 -0.00000000
vn 0.00000000 -1.00000000 -0.00000000
vn 0.00000000 -1.00000000 0.00000000
vn 0.23852813 -0.69620170 -0.67705799
vn 0.00000000 -1.00000000 0.00000000
vn -0.22520170 -0.70710678 0.67028665
vn 0.65158340 -0.70710678 -0.27466175
vn -0.61733885 -0.69620198 0.36632710
vn 0.00000000 -1.00000000 -0.00000000
vn -0.29082438 -0.70710678 0.64453175
vn 0.00000000 -1.00000000 0.00000000
vn 0.62099439 -0.70710678 -0.33818037
vn 0.00000000 -1.00000000 0.00000000
vn -0.35355695 -0.70710678 0.61237038
vn -0.00000000 -1.00000000 -0.00000000
vn 0.42521106 -0.69620147 -0.57835894
vn -0.41276635 -0.70710678 0.57412885
vn -0.00000000 -1.00000000 -0.00000000
vn -0.46788329 -0.70710678 0.53017472
vn -0.00000000 -1.00000000 -0.00000000
vn -0.51834736 -0.70710678 0.48095323
vn 0.00000000 -1.00000000 -0.00000000
vn -0.00000000 -1.00000000 -0.00000000
vn -0.00000000 -1.00000000 -0.00000000
vn 0.00000000 -1.00000000 0.00000000
vn 0.00000000 -1.00000000 0.00000000
vn 0.57509716 -0.69620198 -0.42961152
vn 0.00000000 -1.00000000 0.00000000
vn 0.38363447 -0.70710678 -0.59399040
vn 0.00000000 -1.00000000 -0.00000000
vn 0.00000000 -1.00000000 -0.00000000
vn -0.00000000 -1.00000000 -0.00000000
vn -0.00000000 -1.00000000 -0.00000000
vn -0.00000000 -1.00000000 -0.00000000
vn 0.00000000 -1.00000000 0.00000000
vn 0.25833734 -0.70710678 -0.65822627
vn 0.00000000 -1.00000000 0.00000000
vn -0.00000000 -1.00000000 0.00000000
vn 0.00000000 -1.00000000 0.00000000
vn 0.19150725 -0.70710678 -0.68067979
vn -0.00000000 -1.00000000 0.00000000
vn -0.13960061 -0.70710678 0.69318949
vn 0.00000000 -1.00000000 0.00000000
vn -0.00000000 -1.00000000 -0.00000000
vn -0.00000000 -1.00000000 -0.00000000
vn 0.05284685 -0.70710678 -0.70512922
vn 0.00000000 -1.00000000 -0.00000000
vn 0.00000000 -1.00000000 0.00000000
vn -0.70622801 -0.70710678 0.03524207
vn -0.00000000 -1.00000000 0.00000000
vn 0.00000000 -1.00000000 0.00000000
vn 0.00000000 -1.00000000 0.00000000
vn -0.70622799 -0.70710678 -0.03524249
vn 0.06813322 -0.70710678 0.70381664
vn -0.00000000 -1.00000000 -0.00000000
vn 0.00000000 -1.00000000 0.00000000
vn -0.69920913 -0.70710678 -0.10538785
vn -0.15734671 -0.70710678 -0.68937799
vn 0.00000000 -1.00000000 -0.00000000
vn -0.00000000 -1.00000000 0.00000000
vn 0.00000000 -1.00000000 0.00000000
vn 0.00000000 -1.00000000 -0.00000000
vn -0.00000000 -1.00000000 0.00000000
vn -0.00000000 -1.00000000 0.00000000
vn 0.00000000 -1.00000000 -0.00000000
vn -0.00000000 -1.00000000 0.00000000
vn 0.39256821 -0.70710678 0.58812431
vn -0.37735645 -0.71849893 -0.58426141
vn -0.00000000 -1.00000000 -0.00000000
vn 0.00000000 -1.00000000 -0.00000000
vn -0.00000000 -1.00000000 0.00000000
vn -0.00000000 -1.00000000 0.00000000
vn 0.88315469 0.00000000 0.46908187
vn 0.27982905 -0.00000000 0.96004984
vn 0.49999999 0.70710678 0.50000001
vn -0.50000000 0.70710678 -0.50000000
vn -0.00000000 1.00000000 -0.00000000
vn -0.00000000 1.00000000 -0.00000000
vn 0.49372951 0.70710678 0.50619282
vn 0.54167622 0.70710678 0.45451829
vn -0.00000000 1.00000000 -0.00000000
vn 0.44087282 0.70710678 0.55283918
vn -0.00000000 1.00000000 0.00000000
vn 0.58423847 0.70710678 0.39832827
vn -0.00000000 1.00000000 0.00000000
vn 0.00000000 1.00000000 -0.00000000
vn 0.38363447 0.70710678 0.59399040
vn 0.00000000 1.00000000 -0.00000000
vn 0.00000000 1.00000000 0.00000000
vn 0.32259044 0.70710678 0.62923399
vn 0.00000000 1.00000000 -0.00000000
vn 0.65158188 0.70710678 0.27466534
vn 0.00000000 1.00000000 -0.00000000
vn -0.00000000 1.00000000 -0.00000000
vn -0.00000000 1.00000000 -0.00000000
vn -0.19485556 0.70439296 -0.68254074
vn 0.67569103 0.70710678 0.20842657
vn 0.00000000 1.00000000 0.00000000
vn 0.19150725 0.70710678 0.68067979
vn 0.69308759 0.70710678 0.14010566
vn 0.00000000 1.00000000 0.00000000
vn 0.00000000 1.00000000 -0.00000000
vn 0.12278976 0.70710678 0.69636389
vn 0.70359269 0.70710678 0.07040831
vn 0.00000000 1.00000000 -0.00000000
vn -0.00000000 1.00000000 -0.00000000
vn 0.05284622 0.70710678 0.70512926
vn 0.00000000 1.00000000 -0.00000000
vn -0.00000000 1.00000000 -0.00000000
vn -0.00000000 1.00000000 0.00000000
vn 0.00000000 1.00000000 -0.00000000
vn -0.01762947 0.70710678 0.70688698
vn -0.00000000 1.00000000 -0.00000000
vn -0.00000000 1.00000000 -0.00000000
vn 0.00000000 1.00000000 -0.00000000
vn -0.00000000 1.00000000 -0.00000000
vn -0.00000000 1.00000000 -0.00000000
vn 0.00000000 1.00000000 0.00000000
vn -0.08792850 0.70710678 0.70161854
vn 0.69308759 0.70710678 -0.14010566
vn 0.00000000 1.00000000 0.00000000
vn -0.00000000 1.00000000 0.00000000
vn -0.15734671 0.70710678 0.68937799
vn 0.00000000 1.00000000 0.00000000
vn 0.67569103 0.70710678 -0.20842657
vn 0.00000000 1.00000000 -0.00000000
vn 0.00000000 1.00000000 -0.00000000
vn -0.22520170 0.70710678 0.67028665
vn 0.00000000 1.00000000 0.00000000
vn 0.27246707 0.70710678 -0.65250417
vn 0.65158125 0.70710678 -0.27466685
vn 0.00000000 1.00000000 0.00000000
vn -0.29082596 0.70710678 0.64453104
vn 0.37102696 0.69620135 -0.61452638
vn -0.58662246 0.70710678 0.39480893
vn 0.00000000 1.00000000 0.00000000
vn -0.00000000 1.00000000 -0.00000000
vn 0.00000000 1.00000000 -0.00000000
vn -0.35355512 0.70710678 0.61237144
vn -0.00000000 1.00000000 -0.00000000
vn 0.58423847 0.70710678 -0.39832827
vn 0.00000000 1.00000000 0.00000000
vn 0.00000000 1.00000000 -0.00000000
vn -0.00000000 1.00000000 -0.00000000
vn 0.54167447 0.70710678 -0.45452037
vn -0.00000000 1.00000000 0.00000000
vn 0.00000000 1.00000000 -0.00000000
vn -0.46788119 0.70710678 0.53017657
vn 0.00000000 1.00000000 -0.00000000
vn -0.00000000 1.00000000 -0.00000000
vn -0.00000000 1.00000000 0.00000000
vn -0.49808793 0.70710678 0.50190478
vn -0.00000000 1.00000000 -0.00000000
vn 0.44087282 0.70710678 -0.55283918
vn -0.00000000 1.00000000 -0.00000000
vn -0.00000000 1.00000000 -0.00000000
vn 0.54841424 0.70710678 -0.44636512
vn -0.39031988 0.70710678 0.58961885
vn 0.00000000 1.00000000 -0.00000000
vn 0.38363746 0.70710678 -0.59398847
vn 0.58961885 0.70710678 -0.39031988
vn -0.60336806 0.70710678 0.36870989
vn 0.15127353 0.98807027 0.02886969
vn 0.00000000 1.00000000 -0.00000000
vn -0.33050014 0.70710678 0.62511572
vn 0.75282320 0.62674245 0.20112468
vn -0.63708193 0.70710678 0.30680062
vn 0.09848579 0.98243636 -0.15849083
vn -0.00000000 1.00000000 -0.00000000
vn 0.22151557 0.71850075 -0.65930837
vn -0.00000000 1.00000000 -0.00000000
vn 0.37724027 0.63037176 -0.67846977
vn -0.66446231 0.70710678 0.24184673
vn 0.00000000 1.00000000 0.00000000
vn -0.68524127 0.70710678 0.17448324
vn 0.00000000 1.00000000 -0.00000000
vn 0.00000000 1.00000000 -0.00000000
vn -0.20187111 0.70710678 0.67767843
vn 0.00000000 1.00000000 0.00000000
vn -0.69920894 0.70710678 -0.10538909
vn 0.00000000 1.00000000 0.00000000
vn -0.68524179 0.70710678 -0.17448122
vn 0.00000000 1.00000000 0.00000000
vn 0.00000000 1.00000000 0.00000000
vn -0.66446231 0.70710678 -0.24184673
vn 0.00000000 1.00000000 0.00000000
vn 0.00000000 1.00000000 0.00000000
vn -0.63708193 0.70710678 -0.30680062
vn 0.00000000 1.00000000 0.00000000
vn 0.00000000 1.00000000 0.00000000
vn -0.60336691 0.70710678 -0.36871177
vn 0.00000000 1.00000000 0.00000000
vn 0.00000000 1.00000000 0.00000000
vn -0.56365781 0.70710678 -0.42695418
vn 0.00000000 1.00000000 0.00000000
vn 0.00000000 1.00000000 0.00000000
vn -0.51834736 0.70710678 -0.48095323
vn 0.00000000 1.00000000 0.00000000
vn 0.00000000 1.00000000 0.00000000
vn -0.69920913 0.70710678 0.10538785
vn 0.00000000 1.00000000 -0.00000000
vn 0.69423405 0.70710678 -0.13430964
vn 0.00000000 1.00000000 0.00000000
vn -0.46788119 0.70710678 -0.53017657
vn 0.00000000 1.00000000 0.00000000
vn 0.00000000 1.00000000 0.00000000
vn -0.00000000 1.00000000 0.00000000
vn -0.41276836 0.70710678 -0.57412741
vn 0.00000000 1.00000000 0.00000000
vn 0.00000000 1.00000000 0.00000000
vn -0.35355512 0.70710678 -0.61237144
vn 0.00000000 1.00000000 0.00000000
vn 0.00000000 1.00000000 0.00000000
vn -0.29082596 0.70710678 -0.64453104
vn 0.00000000 1.00000000 0.00000000
vn 0.00000000 1.00000000 0.00000000
vn -0.22520170 0.70710678 -0.67028665
vn -0.00000000 1.00000000 -0.00000000
vn 0.00000000 1.00000000 0.00000000
vn -0.12077730 0.71850026 -0.68496001
vn 0.00000000 1.00000000 -0.00000000
vn -0.01762947 0.70710678 -0.70688698
vn 0.00000000 1.00000000 0.00000000
vn 0.08648524 0.71850051 -0.69012848
vn 0.00000000 1.00000000 0.00000000
vn 0.00000000 1.00000000 0.00000000
vn -0.50000001 0.70710678 0.49999999
vn 0.00000000 1.00000000 0.00000000
vn -0.69034554 0.70710678 -0.15304585
vn 0.00000000 1.00000000 0.00000000
vn 0.00000000 1.00000000 0.00000000
vn -0.70643378 0.70710678 0.03084338
vn 0.00000000 1.00000000 -0.00000000
vn 0.00000000 1.00000000 0.00000000
vn 0.00000000 1.00000000 0.00000000
vn -0.00000000 1.00000000 0.00000000
vn -0.69034554 0.70710678 0.15304585
vn 0.00000000 1.00000000 -0.00000000
vn -0.00000000 1.00000000 0.00000000
vn 0.00000000 1.00000000 0.00000000
vn -0.09229632 0.70710678 -0.70105734
vn 0.00000000 1.00000000 0.00000000
vn -0.03084338 0.70710678 -0.70643378
vn 0.00000000 1.00000000 0.00000000
vn 0.00000000 1.00000000 0.00000000
vn 0.00000000 1.00000000 0.00000000
vn 0.15304585 0.70710678 -0.69034554
vn -0.00000000 1.00000000 0.00000000
vn -0.00000000 1.00000000 -0.00000000
vn 0.00000000 1.00000000 0.00000000
vn 0.00000000 1.00000000 -0.00000000
vn -0.00000000 1.00000000 -0.00000000
vn 0.49372740 0.70710678 0.50619488
vn 0.00000000 1.00000000 -0.00000000
vn -0.44636512 0.70710678 -0.54841424
vn 0.00000000 1.00000000 0.00000000
vn 0.49372951 0.70710678 0.50619282
vn 0.54167830 0.70710678 0.45451581
vn 0.00000000 1.00000000 -0.00000000
vn 0.54167447 0.70710678 0.45452037
vn 0.00000000 1.00000000 0.00000000
vn -0.39480893 0.70710678 -0.58662246
vn 0.44087488 0.70710678 0.55283753
vn -0.00000000 1.00000000 0.00000000
vn -0.39031988 0.70710678 -0.58961885
vn 0.44087282 0.70710678 0.55283918
vn 0.00000000 1.00000000 -0.00000000
vn 0.58423847 0.70710678 0.39832827
vn 0.00000000 1.00000000 -0.00000000
vn 0.58423847 0.70710678 0.39832827
vn 0.00000000 1.00000000 -0.00000000
vn 0.38363447 0.70710678 0.59399040
vn 0.00000000 1.00000000 -0.00000000
vn 0.38363746 0.70710678 0.59398847
vn 0.62099439 0.70710678 0.33818037
vn 0.62099713 0.70710678 0.33817534
vn 0.00000000 1.00000000 -0.00000000
vn 0.00000000 1.00000000 0.00000000
vn 0.32259044 0.70710678 0.62923399
vn 0.00000000 1.00000000 0.00000000
vn 0.32259044 0.70710678 0.62923399
vn 0.00000000 1.00000000 -0.00000000
vn 0.65158340 0.70710678 0.27466175
vn 0.00000000 1.00000000 -0.00000000
vn -0.00000000 1.00000000 -0.00000000
vn 0.65158125 0.70710678 0.27466685
vn -0.00000000 1.00000000 0.00000000
vn -0.00000000 1.00000000 0.00000000
vn -0.00000000 1.00000000 0.00000000
vn -0.20703699 0.70710678 -0.67611810
vn -0.00000000 1.00000000 -0.00000000
vn -0.00000000 1.00000000 0.00000000
vn -0.20187111 0.70710678 -0.67767843
vn 0.67569103 0.70710678 0.20842657
vn 0.00000000 1.00000000 0.00000000
vn 0.67569103 0.70710678 0.20842657
vn -0.00000000 1.00000000 -0.00000000
vn 0.19150725 0.70710678 0.68067979
vn 0.19151117 0.70710678 0.68067869
vn 0.69308677 0.70710678 0.14010973
vn 0.00000000 1.00000000 0.00000000
vn 0.69308759 0.70710678 0.14010566
vn 0.00000000 1.00000000 0.00000000
vn -0.00000000 1.00000000 0.00000000
vn 0.00000000 1.00000000 -0.00000000
vn 0.12278976 0.70710678 0.69636389
vn 0.00000000 1.00000000 -0.00000000
vn 0.00000000 1.00000000 -0.00000000
vn 0.12278976 0.70710678 0.69636389
vn 0.70359311 0.70710678 0.07040412
vn 0.00000000 1.00000000 0.00000000
vn 0.70359269 0.70710678 0.07040831
vn -0.00000000 1.00000000 -0.00000000
vn 0.00000000 1.00000000 -0.00000000
vn 0.05284685 0.70710678 0.70512922
vn -0.00000000 1.00000000 -0.00000000
vn 0.05284202 0.70710678 0.70512958
vn 0.70710678 0.70710678 0.00000000
vn 0.70710678 0.70710678 0.00000000
vn -0.00000000 1.00000000 -0.00000000
vn 0.00000000 1.00000000 -0.00000000
vn -0.00000000 1.00000000 0.00000000
vn -0.01762947 0.70710678 0.70688698
vn 0.00000000 1.00000000 0.00000000
vn -0.01762947 0.70710678 0.70688698
vn 0.68775843 0.71850019 -0.10366203
vn -0.00000000 1.00000000 -0.00000000
vn 0.70359269 0.70710678 -0.07040831
vn 0.00000000 1.00000000 -0.00000000
vn -0.08792850 0.70710678 0.70161854
vn 0.00000000 1.00000000 -0.00000000
vn -0.08792434 0.70710678 0.70161906
vn 0.69308677 0.70710678 -0.14010973
vn -0.00000000 1.00000000 0.00000000
vn 0.69308759 0.70710678 -0.14010566
vn 0.00000000 1.00000000 0.00000000
vn 0.00000000 1.00000000 -0.00000000
vn 0.00000000 1.00000000 -0.00000000
vn -0.15734671 0.70710678 0.68937799
vn 0.00000000 1.00000000 0.00000000
vn -0.15734671 0.70710678 0.68937799
vn 0.67569103 0.70710678 -0.20842657
vn 0.00000000 1.00000000 0.00000000
vn 0.00000000 1.00000000 0.00000000
vn -0.00000000 1.00000000 0.00000000
vn 0.67569103 0.70710678 -0.20842657
vn 0.00000000 1.00000000 -0.00000000
vn -0.22520170 0.70710678 0.67028665
vn -0.00000000 1.00000000 -0.00000000
vn 0.00000000 1.00000000 0.00000000
vn -0.22520170 0.70710678 0.67028665
vn 0.00000000 1.00000000 0.00000000
vn 0.65158276 0.70710678 -0.27466326
vn 0.00000000 1.00000000 0.00000000
vn 0.00000000 1.00000000 0.00000000
vn -0.00000000 1.00000000 -0.00000000
vn 0.65158188 0.70710678 -0.27466534
vn 0.33288236 0.70710678 -0.62385041
vn -0.29082438 0.70710678 0.64453175
vn -0.00000000 1.00000000 -0.00000000
vn 0.00000000 1.00000000 0.00000000
vn -0.29082596 0.70710678 0.64453104
vn 0.00000000 1.00000000 0.00000000
vn 0.62099536 0.70710678 -0.33817860
vn 0.00000000 1.00000000 0.00000000
vn 0.00000000 1.00000000 0.00000000
vn 0.62099617 0.70710678 -0.33817711
vn 0.00000000 1.00000000 0.00000000
vn -0.35355695 0.70710678 0.61237038
vn 0.00000000 1.00000000 0.00000000
vn -0.35355512 0.70710678 0.61237144
vn 0.00000000 1.00000000 0.00000000
vn 0.58423847 0.70710678 -0.39832827
vn 0.00000000 1.00000000 0.00000000
vn 0.00000000 1.00000000 0.00000000
vn 0.00000000 1.00000000 0.00000000
vn 0.58423847 0.70710678 -0.39832827
vn 0.00000000 1.00000000 0.00000000
vn -0.00000000 1.00000000 -0.00000000
vn -0.00000000 1.00000000 -0.00000000
vn 0.00000000 1.00000000 0.00000000
vn -0.41276836 0.70710678 0.57412741
vn 0.00000000 1.00000000 0.00000000
vn 0.54167655 0.70710678 -0.45451789
vn 0.00000000 1.00000000 0.00000000
vn 0.00000000 1.00000000 0.00000000
vn 0.54167622 0.70710678 -0.45451829
vn 0.00000000 1.00000000 0.00000000
vn -0.00000000 1.00000000 0.00000000
vn -0.46788329 0.70710678 0.53017472
vn 0.00000000 1.00000000 0.00000000
vn -0.46788119 0.70710678 0.53017657
vn 0.00000000 1.00000000 0.00000000
vn -0.51834541 0.70710678 0.48095534
vn 0.00000000 1.00000000 -0.00000000
vn 0.00000000 1.00000000 0.00000000
vn -0.00000000 1.00000000 0.00000000
vn -0.50000000 0.70710678 0.50000000
vn -0.53280345 0.71849974 0.44707785
vn 0.00000000 1.00000000 -0.00000000
vn -0.00000000 1.00000000 -0.00000000
vn 0.00000000 1.00000000 0.00000000
vn 0.44087282 0.70710678 -0.55283918
vn -0.60336994 0.70710678 0.36870681
vn 0.00000000 1.00000000 0.00000000
vn 0.38363447 0.70710678 -0.59399040
vn 0.00000000 1.00000000 -0.00000000
vn -0.63708027 0.70710678 0.30680405
vn 0.00000000 1.00000000 -0.00000000
vn 0.62385041 0.70710678 -0.33288236
vn -0.00000000 1.00000000 0.00000000
vn -0.33288236 0.70710678 0.62385041
vn 0.65353976 0.70710678 -0.26997366
vn -0.66446367 0.70710678 0.24184299
vn -0.00000000 1.00000000 0.00000000
vn 0.00000000 1.00000000 0.00000000
vn 0.22151508 0.71850206 -0.65930710
vn -0.00000000 1.00000000 -0.00000000
vn -0.68524026 0.70710678 0.17448721
vn -0.00000000 1.00000000 0.00000000
vn 0.19150725 0.70710678 -0.68067979
vn 0.00000000 1.00000000 -0.00000000
vn -0.20445440 0.70710678 0.67690354
vn -0.69920913 0.70710678 0.10538785
vn -0.00000000 1.00000000 -0.00000000
vn 0.69371608 0.70710678 -0.13695982
vn 0.08648738 0.71849982 -0.69012893
vn 0.00000000 1.00000000 0.00000000
vn -0.00000000 1.00000000 0.00000000
vn -0.00000000 1.00000000 0.00000000
vn 0.05284622 0.70710678 -0.70512926
vn -0.06813322 0.70710678 0.70381664
vn 0.70710549 0.70710678 0.00134906
vn -0.00000000 1.00000000 -0.00000000
vn -0.01762947 0.70710678 -0.70688698
vn -0.00000000 1.00000000 0.00000000
vn -0.49999999 0.70710678 -0.50000001
vn 0.00000000 1.00000000 0.00000000
vn -0.12077730 0.71850026 -0.68496001
vn 0.00000000 1.00000000 -0.00000000
vn -0.01762947 0.70710678 -0.70688698
vn 0.00000000 1.00000000 0.00000000
vn 0.08648556 0.71850041 -0.69012855
vn 0.00000000 1.00000000 0.00000000
vn 0.19151117 0.70710678 -0.68067869
vn 0.00000000 1.00000000 0.00000000
vn 0.00000000 1.00000000 0.00000000
vn 0.25833368 0.70710678 -0.65822770
vn 0.00000000 1.00000000 0.00000000
vn 0.00000000 1.00000000 0.00000000
vn 0.32259044 0.70710678 -0.62923399
vn 0.00000000 1.00000000 0.00000000
vn 0.00000000 1.00000000 0.00000000
vn 0.38363746 0.70710678 -0.59398847
vn 0.00000000 1.00000000 0.00000000
vn 0.00000000 1.00000000 0.00000000
vn 0.44087488 0.70710678 -0.55283753
vn 0.00000000 1.00000000 0.00000000
vn 0.00000000 1.00000000 0.00000000
vn 0.49372740 0.70710678 -0.50619488
vn 0.00000000 1.00000000 0.00000000
vn -0.00000000 1.00000000 -0.00000000
vn 0.00000000 1.00000000 0.00000000
vn -0.70622777 0.70710678 -0.03524670
vn 0.00000000 1.00000000 0.00000000
vn -0.69920913 0.70710678 -0.10538785
vn 0.00000000 1.00000000 0.00000000
vn -0.00000000 1.00000000 -0.00000000
vn -0.51834736 0.70710678 0.48095323
vn 0.00000000 1.00000000 0.00000000
vn 0.00000000 1.00000000 0.00000000
vn -0.56365781 0.70710678 0.42695418
vn 0.00000000 1.00000000 0.00000000
vn 0.00000000 1.00000000 0.00000000
vn -0.60336691 0.70710678 0.36871177
vn 0.00000000 1.00000000 0.00000000
vn 0.00000000 1.00000000 0.00000000
vn -0.63708193 0.70710678 0.30680062
vn 0.00000000 1.00000000 0.00000000
vn 0.00000000 1.00000000 0.00000000
vn -0.66446231 0.70710678 0.24184673
vn 0.00000000 1.00000000 0.00000000
vn 0.00000000 1.00000000 0.00000000
vn -0.68524179 0.70710678 0.17448122
vn 0.00000000 1.00000000 0.00000000
vn -0.69920894 0.70710678 0.10538909
vn 0.00000000 1.00000000 0.00000000
vn -0.70622780 0.70710678 0.03524628
vn 0.50000001 0.70710678 0.49999999
vn 0.00000000 1.00000000 0.00000000
vn 0.70355134 0.70710678 0.07082031
vn -0.69920894 0.70710678 -0.10538909
vn -0.00000000 1.00000000 0.00000000
vn -0.12077945 0.71849957 -0.68496036
vn 0.00000000 1.00000000 -0.00000000
vn 0.07082031 0.70710678 0.70355134
vn 0.00000000 1.00000000 -0.00000000
vn -0.15734671 0.70710678 -0.68937799
vn -0.68524127 0.70710678 -0.17448324
vn 0.00000000 1.00000000 0.00000000
vn -0.68524077 0.70710678 -0.17448519
vn 0.00000000 1.00000000 0.00000000
vn 0.69318949 0.70710678 0.13960061
vn 0.00000000 1.00000000 -0.00000000
vn -0.15734671 0.70710678 -0.68937799
vn 0.67767843 0.70710678 0.20187111
vn -0.66446231 0.70710678 -0.24184673
vn 0.07657745 0.98769139 0.13638769
vn -0.22520170 0.70710678 -0.67028665
vn -0.00000000 1.00000000 -0.00000000
vn 0.20187111 0.70710678 0.67767843
vn -0.66446367 0.70710678 -0.24184299
vn 0.00000000 1.00000000 -0.00000000
vn -0.00000000 1.00000000 -0.00000000
vn -0.22520170 0.70710678 -0.67028665
vn 0.00000000 1.00000000 -0.00000000
vn -0.29082438 0.70710678 -0.64453175
vn -0.63708193 0.70710678 -0.30680062
vn 0.18223691 0.98289988 -0.02641087
vn 0.33242840 0.62699329 0.70453585
vn -0.00000000 1.00000000 -0.00000000
vn 0.65250417 0.70710678 0.27246707
vn 0.27246707 0.70710678 0.65250417
vn 0.00000000 1.00000000 -0.00000000
vn -0.29082596 0.70710678 -0.64453104
vn 0.30389867 0.69620150 0.65034535
vn -0.00000000 1.00000000 0.00000000
vn 0.76190529 0.63008216 -0.14998935
vn -0.60336806 0.70710678 -0.36870989
vn 0.00000000 1.00000000 0.00000000
vn -0.60336879 0.70710678 -0.36870870
vn -0.00000000 1.00000000 0.00000000
vn 0.00000000 1.00000000 0.00000000
vn -0.35355512 0.70710678 -0.61237144
vn -0.00000000 1.00000000 0.00000000
vn 0.00000000 1.00000000 -0.00000000
vn -0.41276635 0.70710678 -0.57412885
vn 0.58961885 0.70710678 0.39031988
vn -0.56365781 0.70710678 -0.42695418
vn 0.00000000 1.00000000 0.00000000
vn 0.58662246 0.70710678 0.39480893
vn -0.56365578 0.70710678 -0.42695686
vn 0.00000000 1.00000000 0.00000000
vn 0.00000000 1.00000000 0.00000000
vn -0.41276836 0.70710678 -0.57412741
vn 0.00000000 1.00000000 -0.00000000
vn -0.46788329 0.70710678 -0.53017472
vn 0.54841424 0.70710678 0.44636512
vn -0.51834541 0.70710678 -0.48095534
vn 0.00000000 1.00000000 0.00000000
vn 0.54499335 0.70710678 0.45053551
vn 0.00000000 1.00000000 0.00000000
vn -0.51834736 0.70710678 -0.48095323
vn 0.50190478 0.70710678 0.49808793
vn 0.00000000 1.00000000 0.00000000
vn -0.46788119 0.70710678 -0.53017657
vn 0.70105734 0.70710678 -0.09229632
vn 0.00000000 1.00000000 0.00000000
vn -0.00000000 1.00000000 0.00000000
vn 0.00000000 1.00000000 0.00000000
vn 0.00000000 1.00000000 -0.00000000
vn 0.00000000 1.00000000 0.00000000
vn 0.00000000 1.00000000 0.00000000
vn 0.00000000 1.00000000 0.00000000
vn 0.00000000 1.00000000 0.00000000
vn 0.00000000 1.00000000 0.00000000
vn 0.00000000 1.00000000 0.00000000
vn 0.70643378 0.70710678 -0.03084338
vn 0.00000000 1.00000000 0.00000000
vn 0.00000000 1.00000000 0.00000000
vn 0.70643378 0.70710678 0.03084338
vn 0.00000000 1.00000000 0.00000000
vn 0.69034554 0.70710678 0.15304585
vn 0.00000000 1.00000000 0.00000000
vn 0.00000000 1.00000000 0.00000000
vn 0.50000001 0.70710678 -0.49999999
vn 0.00000000 1.00000000 0.00000000
vn 0.00000000 1.00000000 0.00000000
vn 0.00000000 1.00000000 0.00000000
vn 0.49372740 0.70710678 0.50619488
vn 0.00000000 1.00000000 0.00000000
vn 0.54167655 0.70710678 0.45451789
vn 0.00000000 1.00000000 0.00000000
vn 0.00000000 1.00000000 0.00000000
vn 0.00000000 1.00000000 0.00000000
vn 0.44087488 0.70710678 0.55283753
vn 0.00000000 1.00000000 0.00000000
vn 0.58423847 0.70710678 0.39832827
vn 0.00000000 1.00000000 0.00000000
vn 0.00000000 1.00000000 0.00000000
vn 0.00000000 1.00000000 0.00000000
vn 0.38363746 0.70710678 0.59398847
vn 0.00000000 1.00000000 0.00000000
vn 0.62099536 0.70710678 0.33817860
vn 0.00000000 1.00000000 0.00000000
vn 0.00000000 1.00000000 0.00000000
vn 0.00000000 1.00000000 0.00000000
vn 0.32259044 0.70710678 0.62923399
vn 0.00000000 1.00000000 0.00000000
vn 0.65158276 0.70710678 0.27466326
vn 0.00000000 1.00000000 0.00000000
vn 0.00000000 1.00000000 0.00000000
vn 0.00000000 1.00000000 0.00000000
vn 0.25833368 0.70710678 0.65822770
vn 0.00000000 1.00000000 0.00000000
vn 0.67569103 0.70710678 0.20842657
vn 0.00000000 1.00000000 0.00000000
vn 0.00000000 1.00000000 0.00000000
vn 0.19151117 0.70710678 0.68067869
vn 0.00000000 1.00000000 0.00000000
vn 0.69308677 0.70710678 0.14010973
vn 0.00000000 1.00000000 0.00000000
vn 0.00000000 1.00000000 0.00000000
vn 0.12278976 0.70710678 0.69636389
vn 0.70359311 0.70710678 0.07040412
vn 0.05284265 0.70710678 0.70512953
vn 0.00000000 1.00000000 0.00000000
vn 0.00000000 1.00000000 0.00000000
vn -0.01762947 0.70710678 0.70688698
vn 0.00000000 1.00000000 0.00000000
vn -0.08792434 0.70710678 0.70161906
vn 0.00000000 1.00000000 0.00000000
vn -0.00000000 1.00000000 -0.00000000
vn 0.69308677 0.70710678 -0.14010973
vn -0.00000000 1.00000000 -0.00000000
vn 0.00000000 1.00000000 0.00000000
vn 0.00000000 1.00000000 -0.00000000
vn -0.15734671 0.70710678 0.68937799
vn 0.67569103 0.70710678 -0.20842657
vn 0.00000000 1.00000000 -0.00000000
vn 0.00000000 1.00000000 -0.00000000
vn 0.00000000 1.00000000 -0.00000000
vn -0.22520170 0.70710678 0.67028665
vn 0.65158340 0.70710678 -0.27466175
vn 0.00000000 1.00000000 0.00000000
vn 0.33050014 0.70710678 -0.62511572
vn -0.29082438 0.70710678 0.64453175
vn 0.00000000 1.00000000 0.00000000
vn -0.00000000 1.00000000 -0.00000000
vn 0.00000000 1.00000000 0.00000000
vn -0.35355695 0.70710678 0.61237038
vn 0.58423847 0.70710678 -0.39832827
vn 0.00000000 1.00000000 0.00000000
vn 0.00000000 1.00000000 -0.00000000
vn 0.00000000 1.00000000 0.00000000
vn 0.54167830 0.70710678 -0.45451581
vn -0.00000000 1.00000000 0.00000000
vn 0.00000000 1.00000000 -0.00000000
vn -0.46788329 0.70710678 0.53017472
vn -0.51834736 0.70710678 0.48095323
vn 0.00000000 1.00000000 0.00000000
vn 0.00000000 1.00000000 0.00000000
vn 0.49372740 0.70710678 -0.50619488
vn -0.00000000 1.00000000 0.00000000
vn -0.50190478 0.70710678 0.49808793
vn -0.53280474 0.71849927 0.44707707
vn -0.00000000 1.00000000 -0.00000000
vn 0.54499335 0.70710678 -0.45053551
vn 0.44087488 0.70710678 -0.55283753
vn -0.00000000 1.00000000 0.00000000
vn 0.38363447 0.70710678 -0.59399040
vn -0.00000000 1.00000000 -0.00000000
vn -0.60336879 0.70710678 0.36870870
vn -0.00000000 1.00000000 -0.00000000
vn 0.58662246 0.70710678 -0.39480893
vn -0.63708027 0.70710678 0.30680405
vn -0.00000000 1.00000000 0.00000000
vn 0.62257683 0.70710678 -0.33525825
vn 0.00000000 1.00000000 0.00000000
vn -0.37102696 0.69620135 0.61452638
vn -0.66446367 0.70710678 0.24184299
vn 0.00000000 1.00000000 -0.00000000
vn 0.00000000 1.00000000 0.00000000
vn 0.22151381 0.71850155 -0.65930808
vn 0.00000000 1.00000000 0.00000000
vn -0.68524077 0.70710678 0.17448519
vn -0.00000000 1.00000000 -0.00000000
vn 0.19150725 0.70710678 -0.68067979
vn -0.00000000 1.00000000 0.00000000
vn -0.69920894 0.70710678 0.10538909
vn -0.00000000 1.00000000 0.00000000
vn 0.08648770 0.71849971 -0.69012900
vn -0.00000000 1.00000000 -0.00000000
vn 0.00000000 1.00000000 0.00000000
vn 0.05284685 0.70710678 -0.70512922
vn -0.07082031 0.70710678 0.70355134
vn -0.70622801 0.70710678 0.03524207
vn 0.00000000 1.00000000 -0.00000000
vn -0.01762947 0.70710678 -0.70688698
vn 0.00000000 1.00000000 0.00000000
vn -0.00000000 1.00000000 0.00000000
vn -0.69920913 0.70710678 -0.10538785
vn 0.00000000 1.00000000 0.00000000
vn 0.00000000 1.00000000 -0.00000000
vn -0.12077945 0.71849957 -0.68496036
vn -0.68524026 0.70710678 -0.17448721
vn 0.00000000 1.00000000 0.00000000
vn -0.00000000 1.00000000 0.00000000
vn -0.15734671 0.70710678 -0.68937799
vn 0.13695982 0.70710678 0.69371608
vn -0.22520170 0.70710678 -0.67028665
vn -0.00000000 1.00000000 0.00000000
vn -0.66446367 0.70710678 -0.24184299
vn 0.00000000 1.00000000 0.00000000
vn 0.67690354 0.70710678 0.20445440
vn -0.29082438 0.70710678 -0.64453175
vn 0.00000000 1.00000000 0.00000000
vn 0.26997366 0.70710678 0.65353976
vn -0.63708027 0.70710678 -0.30680405
vn 0.00000000 1.00000000 -0.00000000
vn -0.35355695 0.70710678 -0.61237038
vn 0.00000000 1.00000000 0.00000000
vn -0.60336994 0.70710678 -0.36870681
vn 0.00000000 1.00000000 0.00000000
vn -0.56365578 0.70710678 -0.42695686
vn 0.00000000 1.00000000 -0.00000000
vn -0.41276635 0.70710678 -0.57412885
vn 0.00000000 1.00000000 0.00000000
vn -0.46788329 0.70710678 -0.53017472
vn -0.00000000 1.00000000 0.00000000
vn -0.51834541 0.70710678 -0.48095534
vn -0.00000000 1.00000000 -0.00000000
vn 0.46908187 0.00000000 -0.88315469
vn 0.18994251 0.00000000 -0.98179521
vn 0.18994251 0.00000000 -0.98179521
vn 0.28548886 0.00000000 -0.95838203
vn 0.33228305 0.00000000 -0.94317971
vn 0.28548886 0.00000000 -0.95838203
vn 0.37827285 -0.00000000 -0.92569415
vn 0.37827285 0.00000000 -0.92569415
vn 0.46739778 0.00000000 -0.88404713
vn 0.51031437 -0.00000000 -0.85998793
vn 0.55199566 -0.00000000 -0.83384698
vn 0.59234264 -0.00000000 -0.80568616
vn 0.55199566 -0.00000000 -0.83384698
vn 0.63125561 -0.00000000 -0.77557485
vn 0.63125561 -0.00000000 -0.77557485
vn 0.70440271 -0.00000000 -0.70980055
vn 0.70440271 0.00000000 -0.70980055
vn 0.77073699 0.00000000 -0.63715343
vn 0.77073699 0.00000000 -0.63715343
vn 0.82960944 0.00000000 -0.55834414
vn 0.82960944 0.00000000 -0.55834414
vn 0.88045659 0.00000000 -0.47412676
vn 0.92278025 -0.00000000 -0.38532662
vn 0.88045659 -0.00000000 -0.47412676
vn 0.95617539 0.00000000 -0.29279452
vn 0.92278025 -0.00000000 -0.38532662
vn 0.98031798 -0.00000000 -0.19742508
vn 0.95617539 0.00000000 -0.29279452
vn 0.99497184 0.00000000 -0.10015505
vn 0.98031798 0.00000000 -0.19742508
vn 0.99999818 -0.00000000 -0.00190786
vn 0.99497184 0.00000000 -0.10015505
vn 0.99534704 0.00000000 0.09635493
vn 0.99999818 0.00000000 -0.00190786
vn 0.98106270 0.00000000 0.19369044
vn 0.99534704 0.00000000 0.09635493
vn 0.98106270 -0.00000000 0.19369044
vn 0.92424480 0.00000000 0.38180041
vn 0.95728616 0.00000000 0.28914218
vn 0.95728616 -0.00000000 0.28914218
vn 0.95728616 -0.00000000 0.28914218
vn 0.88225771 -0.00000000 0.47076675
vn 0.92424480 -0.00000000 0.38180041
vn 0.83173338 0.00000000 0.55517528
vn 0.88225771 -0.00000000 0.47076675
vn 0.77316298 -0.00000000 0.63420739
vn 0.83173338 -0.00000000 0.55517528
vn 0.70710678 0.00000000 0.70710678
vn 0.77316298 0.00000000 0.63420739
vn 0.63420739 0.00000000 0.77316298
vn 0.70710678 0.00000000 0.70710678
vn 0.59541196 -0.00000000 0.80342056
vn 0.48201224 -0.69620149 0.53194707
vn 0.47076675 -0.00000000 0.88225771
vn 0.55517528 -0.00000000 0.83173338
vn 0.55517528 0.00000000 0.83173338
vn 0.47076675 0.00000000 0.88225771
vn 0.38180041 0.00000000 0.92424480
vn 0.38180041 0.00000000 0.92424480
vn 0.28914218 -0.00000000 0.95728616
vn 0.38180041 -0.00000000 0.92424480
vn 0.24170885 -0.00000000 0.97034882
vn 0.19369044 -0.00000000 0.98106270
vn 0.17350965 -0.69620226 0.69656070
vn -0.00190786 -0.00000000 0.99999818
vn 0.09635493 0.00000000 0.99534704
vn 0.09635493 -0.00000000 0.99534704
vn -0.05109330 0.00000000 0.99869388
vn -0.10015505 -0.00000000 0.99497184
vn -0.03667714 -0.69620147 0.71690885
vn -0.29279452 -0.00000000 0.95617539
vn -0.19742508 -0.00000000 0.98031798
vn -0.19742508 0.00000000 0.98031798
vn -0.38532662 -0.00000000 0.92278025
vn -0.29279452 -0.00000000 0.95617539
vn -0.43024743 -0.00000000 0.90271100
vn -0.38532662 -0.00000000 0.92278025
vn -0.51686110 0.00000000 0.85606927
vn -0.47412676 0.00000000 0.88045659
vn -0.47412676 -0.00000000 0.88045659
vn -0.63715343 -0.00000000 0.77073699
vn -0.55834414 -0.00000000 0.82960944
vn -0.63715343 -0.00000000 0.77073699
vn -0.70980055 0.00000000 0.70440271
vn -0.70980055 -0.00000000 0.70440271
vn -0.83384698 -0.00000000 0.55199566
vn -0.83384698 0.00000000 0.55199566
vn -0.77557485 0.00000000 0.63125561
vn -0.85998793 0.00000000 0.51031437
vn -0.65034535 0.69620150 0.30389867
vn -0.83384698 0.00000000 0.55199566
vn -0.90596726 -0.00000000 0.42334775
vn -0.92569415 -0.00000000 0.37827285
vn -0.98179521 -0.00000000 0.18994251
vn -0.98179521 -0.00000000 0.18994251
vn -0.95838203 -0.00000000 0.28548886
vn -0.95838203 -0.00000000 0.28548886
vn -0.95838203 0.00000000 0.28548886
vn 0.97629603 -0.00000000 -0.21643951
vn 0.98480772 0.00000000 -0.17364838
vn 0.99144479 -0.00000000 -0.13052671
vn 0.99144479 0.00000000 -0.13052671
vn 0.97629603 0.00000000 -0.21643951
vn 0.99619469 -0.00000000 -0.08715587
vn 0.99904823 0.00000000 -0.04361913
vn 1.00000000 0.00000000 0.00000000
vn 0.99904823 0.00000000 -0.04361913
vn 0.99904823 -0.00000000 0.04361913
vn 0.99619469 0.00000000 0.08715587
vn 0.99904823 -0.00000000 0.04361913
vn 0.99144479 -0.00000000 0.13052671
vn 0.99144479 0.00000000 0.13052671
vn 0.99144479 -0.00000000 0.13052671
vn 0.97629603 0.00000000 0.21643951
vn 0.96004984 0.00000000 -0.27982905
vn 0.97629603 0.00000000 0.21643951
vn 0.70710680 0.00000000 -0.70710676
vn 0.70710680 0.00000000 -0.70710676
vn 0.96004984 0.00000000 0.27982905
vn 0.46908187 0.00000000 0.88315469
vn -0.88137684 -0.00136165 -0.47241190
vn -0.97713876 -0.00388914 -0.21256698
vn -0.95838198 0.00000004 -0.28548901
vn -0.96057125 -0.01137491 -0.27780117
vn -0.98041598 0.00245773 -0.19692247
vn -0.93041341 -0.01364935 -0.36625754
vn -0.95971047 0.01757718 -0.28044046
vn -0.91898887 -0.00849584 -0.39419193
vn -0.90596726 0.00000000 -0.42334775
vn -0.93056266 0.00061495 -0.36613215
vn -0.88404713 -0.00000000 -0.46739778
vn -0.88404713 -0.00000000 -0.46739778
vn -0.83384698 -0.00000000 -0.55199566
vn -0.80568616 0.00000000 -0.59234264
vn -0.83384698 -0.00000000 -0.55199566
vn -0.77557485 0.00000000 -0.63125561
vn -0.70980055 -0.00000000 -0.70440271
vn -0.67429320 0.00000000 -0.73846373
vn -0.70980055 0.00000000 -0.70440271
vn -0.63715343 0.00000000 -0.77073699
vn -0.63715343 0.00000000 -0.77073699
vn -0.55834414 0.00000000 -0.82960944
vn -0.51686110 -0.00000000 -0.85606927
vn -0.47412676 0.00000000 -0.88045659
vn -0.47412676 -0.00000000 -0.88045659
vn -0.38532662 0.00000000 -0.92278025
vn -0.38532662 0.00000000 -0.92278025
vn -0.29279452 0.00000000 -0.95617539
vn -0.28025309 -0.00618975 -0.95990619
vn -0.20715678 0.00387863 -0.97830007
vn -0.24620375 -0.00023034 -0.96921807
vn -0.11280762 -0.00233845 -0.99361410
vn -0.05109330 0.00000000 -0.99869388
vn -0.10015505 0.00000000 -0.99497184
vn -0.00190786 -0.00000000 -0.99999818
vn -0.00190786 -0.00000000 -0.99999818
vn 0.09635493 -0.00000000 -0.99534704
vn 0.09635493 0.00000000 -0.99534704
vn 0.19369044 -0.00000000 -0.98106270
vn 0.19369044 0.00000000 -0.98106270
vn 0.28914218 -0.00000000 -0.95728616
vn 0.28914218 0.00000000 -0.95728616
vn 0.38180041 0.00000000 -0.92424480
vn 0.42680021 -0.00000000 -0.90434594
vn 0.38180041 -0.00000000 -0.92424480
vn 0.55517528 0.00000000 -0.83173338
vn 0.47076675 -0.00000000 -0.88225771
vn 0.47076675 -0.00000000 -0.88225771
vn 0.47076675 0.00000000 -0.88225771
vn 0.59541196 0.00000000 -0.80342056
vn 0.55517528 -0.00000000 -0.83173338
vn 0.70710678 0.00000000 -0.70710678
vn 0.63420739 0.00000000 -0.77316298
vn 0.63420739 0.00000000 -0.77316298
vn 0.77316298 -0.00000000 -0.63420739
vn 0.70710678 -0.00000000 -0.70710678
vn 0.83173338 0.00000000 -0.55517528
vn 0.77316298 -0.00000000 -0.63420739
vn 0.83173338 -0.00000000 -0.55517528
vn 0.88225771 -0.00000000 -0.47076675
vn 0.88225771 0.00000000 -0.47076675
vn 0.92424480 0.00000000 -0.38180041
vn 0.95728616 0.00000000 -0.28914218
vn 0.92424480 0.00000000 -0.38180041
vn 0.95728616 0.00000000 -0.28914218
vn 0.98106270 0.00000000 -0.19369044
vn 0.98106270 0.00000000 -0.19369044
vn 0.99534704 -0.00000000 -0.09635493
vn 0.98106270 0.00000000 -0.19369044
vn 0.99534704 -0.00000000 -0.09635493
vn 0.99999818 -0.00000000 0.00190786
vn 0.71704332 -0.69620179 -0.03394031
vn 0.99497184 0.00000000 0.10015505
vn 0.99497184 -0.00000000 0.10015505
vn 0.98031798 -0.00000000 0.19742508
vn 0.95617539 -0.00000000 0.29279452
vn 0.98031798 -0.00000000 0.19742508
vn 0.95617539 0.00000000 0.29279452
vn 0.92278025 0.00000000 0.38532662
vn 0.92278025 0.00000000 0.38532662
vn 0.88045659 0.00000000 0.47412676
vn 0.92278025 0.00000000 0.38532662
vn 0.88045659 -0.00000000 0.47412676
vn 0.82960944 0.00000000 0.55834414
vn 0.82960944 0.00000000 0.55834414
vn 0.82960944 -0.00000000 0.55834414
vn 0.77073699 -0.00000000 0.63715343
vn 0.77073699 -0.00000000 0.63715343
vn 0.63125561 -0.00000000 0.77557485
vn 0.70440271 -0.00000000 0.70980055
vn 0.70440271 -0.00000000 0.70980055
vn 0.63125561 -0.00000000 0.77557485
vn 0.46739778 -0.00000000 0.88404713
vn 0.55199566 -0.00000000 0.83384698
vn 0.55199566 0.00000000 0.83384698
vn 0.37827285 -0.00000000 0.92569415
vn 0.46739778 -0.00000000 0.88404713
vn 0.37827285 0.00000000 0.92569415
vn 0.18994251 0.00000000 0.98179521
vn 0.18994251 0.00000000 0.98179521
vn 0.28548886 0.00000000 0.95838203
vn 0.28548886 -0.00000000 0.95838203
vn 0.18994251 0.00000000 0.98179521
vn -0.27982905 -0.00000000 -0.96004984
vn -0.70710676 -0.00000000 -0.70710680
vn 0.27982905 -0.00000000 -0.96004984
vn -0.21643951 -0.00000000 -0.97629603
vn -0.21643951 -0.00000000 -0.97629603
vn -0.13052671 -0.00000000 -0.99144479
vn -0.08715587 0.00000000 -0.99619469
vn -0.13052671 -0.00000000 -0.99144479
vn -0.04361913 0.00000000 -0.99904823
vn 0.00000000 0.00000000 -1.00000000
vn -0.04361913 -0.00000000 -0.99904823
vn 0.04361913 -0.00000000 -0.99904823
vn 0.04361913 -0.00000000 -0.99904823
vn 0.13052671 0.00000000 -0.99144479
vn 0.13052671 0.00000000 -0.99144479
vn 0.21643951 0.00000000 -0.97629603
vn 0.21643951 0.00000000 -0.97629603
vn 0.21643951 0.00000000 -0.97629603
vn 0.70710676 0.00000000 -0.70710680
vn 0.70710676 -0.00000000 -0.70710680
vn 0.88315469 -0.00000000 -0.46908187
vn 0.98179521 -0.00000000 0.18994251
vn 0.98179521 -0.00000000 0.18994251
vn 0.98179521 -0.00000000 0.18994251
vn 0.95838203 0.00000000 0.28548886
vn 0.95838203 0.00000000 0.28548886
vn 0.95838203 0.00000000 0.28548886
vn 0.92569415 -0.00000000 0.37827285
vn 0.92569415 -0.00000000 0.37827285
vn 0.88404713 0.00000000 0.46739778
vn 0.88404713 -0.00000000 0.46739778
vn 0.88404713 -0.00000000 0.46739778
vn 0.83384698 -0.00000000 0.55199566
vn 0.83384698 -0.00000000 0.55199566
vn 0.77557485 -0.00000000 0.63125561
vn 0.77557485 0.00000000 0.63125561
vn 0.70980055 -0.00000000 0.70440271
vn 0.70980055 0.00000000 0.70440271
vn 0.63715343 0.00000000 0.77073699
vn 0.42961152 -0.69620198 0.57509716
vn 0.55834414 -0.00000000 0.82960944
vn 0.47412676 -0.00000000 0.88045659
vn 0.47412676 0.00000000 0.88045659
vn 0.38532662 0.00000000 0.92278025
vn 0.30885135 -0.69620204 0.64800738
vn 0.29279452 -0.00000000 0.95617539
vn 0.29279452 0.00000000 0.95617539
vn 0.19742508 0.00000000 0.98031798
vn 0.19742508 0.00000000 0.98031798
vn 0.10015505 0.00000000 0.99497184
vn 0.10015505 -0.00000000 0.99497184
vn 0.00190786 -0.00000000 0.99999818
vn -0.04728076 0.00000000 0.99888164
vn -0.09635493 -0.00000000 0.99534704
vn -0.09635493 0.00000000 0.99534704
vn -0.19369044 0.00000000 0.98106270
vn -0.17350965 -0.69620226 0.69656070
vn -0.19369044 0.00000000 0.98106270
vn -0.28914218 0.00000000 0.95728616
vn -0.38180041 0.00000000 0.92424480
vn -0.47076675 -0.00000000 0.88225771
vn -0.38180041 -0.00000000 0.92424480
vn -0.51359268 0.00000000 0.85803412
vn -0.55517528 -0.00000000 0.83173338
vn -0.47076675 0.00000000 0.88225771
vn -0.63420739 0.00000000 0.77316298
vn -0.55517528 0.00000000 0.83173338
vn -0.67146986 0.00000000 0.74103186
vn -0.63420739 0.00000000 0.77316298
vn -0.74103186 0.00000000 0.67146986
vn -0.70710678 0.00000000 0.70710678
vn -0.77316298 -0.00000000 0.63420739
vn -0.83173338 -0.00000000 0.55517528
vn -0.83173338 -0.00000000 0.55517528
vn -0.77316298 -0.00000000 0.63420739
vn -0.85798417 -0.00052304 0.51367587
vn -0.87443941 0.00401908 0.48511810
vn -0.89099187 0.01339137 0.45382173
vn -0.87443941 0.00401908 0.48511810
vn -0.92424480 -0.00000000 0.38180041
vn -0.91784269 -0.00331711 0.39693047
vn -0.92424480 -0.00000000 0.38180041
vn -0.95728616 -0.00000000 0.28914218
vn -0.95728616 -0.00000000 0.28914218
vn -0.95728616 -0.00000000 0.28914218
vn -0.71023935 -0.69620121 0.10423023
vn -0.98106270 -0.00000000 0.19369044
vn -0.98940255 -0.00000000 0.14519845
vn -0.99534704 0.00000000 0.09635493
vn -0.99888164 -0.00000000 0.04728076
vn -0.99534704 -0.00000000 0.09635493
vn -0.99999818 -0.00000000 -0.00190786
vn -0.99999818 -0.00000000 -0.00190786
vn -0.99497184 -0.00000000 -0.10015505
vn -0.99497184 -0.00000000 -0.10015505
vn -0.99497184 -0.00000000 -0.10015505
vn -0.98031798 0.00000000 -0.19742508
vn -0.98031798 0.00000000 -0.19742508
vn -0.98031798 0.00000000 -0.19742508
vn -0.95617539 -0.00000000 -0.29279452
vn -0.94061635 -0.00000000 -0.33947147
vn -0.95617539 0.00000000 -0.29279452
vn -0.92278025 -0.00000000 -0.38532662
vn -0.90271100 0.00000000 -0.43024743
vn -0.92278025 0.00000000 -0.38532662
vn -0.61452638 -0.69620135 -0.37102696
vn -0.88045659 0.00000000 -0.47412676
vn -0.85606927 0.00000000 -0.51686110
vn -0.82960944 -0.00000000 -0.55834414
vn -0.82960944 -0.00000000 -0.55834414
vn -0.77073699 0.00000000 -0.63715343
vn -0.77073699 -0.00000000 -0.63715343
vn -0.77073699 -0.00000000 -0.63715343
vn -0.70440271 -0.00000000 -0.70980055
vn -0.67392974 0.00201739 -0.73879269
vn -0.69937916 -0.00346611 -0.71474246
vn -0.63667508 0.00344923 -0.77112447
vn -0.57906745 -0.00102854 -0.81527899
vn -0.56326616 -0.00409004 -0.82626540
vn -0.51031437 0.00000000 -0.85998793
vn -0.46739778 0.00000000 -0.88404713
vn -0.46739778 0.00000000 -0.88404713
vn -0.37827285 0.00000000 -0.92569415
vn -0.33253086 -0.00006897 -0.94309237
vn -0.37064166 -0.00404638 -0.92876713
vn -0.28783118 0.00380425 -0.95767361
vn -0.28524145 0.01613091 -0.95831994
vn -0.21895203 -0.00691775 -0.97571110
vn -0.19645741 -0.00524307 -0.98049834
vn -0.19013444 -0.00103079 -0.98175752
vn -0.47057413 -0.00153423 -0.88235913
vn -0.46908187 -0.00000000 0.88315469
vn -0.18994251 -0.00000000 0.98179521
vn -0.28548886 0.00000000 0.95838203
vn -0.28548886 -0.00000000 0.95838203
vn -0.37827285 -0.00000000 0.92569415
vn -0.37827285 -0.00000000 0.92569415
vn -0.46739778 -0.00000000 0.88404713
vn -0.46739778 0.00000000 0.88404713
vn -0.55199566 0.00000000 0.83384698
vn -0.55199566 0.00000000 0.83384698
vn -0.66331030 0.00201740 0.74834175
vn -0.63670153 -0.00346612 0.77110255
vn -0.69940369 0.00344925 0.71471853
vn -0.74962230 -0.00271456 0.66186028
vn -0.77073699 0.00000000 0.63715343
vn -0.76458377 -0.00676107 0.64448890
vn -0.77073699 0.00000000 0.63715343
vn -0.82960944 -0.00000000 0.55834414
vn -0.85606927 0.00000000 0.51686110
vn -0.88045659 0.00000000 0.47412676
vn -0.90271100 0.00000000 0.43024743
vn -0.88045659 -0.00000000 0.47412676
vn -0.92278025 0.00000000 0.38532662
vn -0.92278025 0.00000000 0.38532662
vn -0.95617539 0.00000000 0.29279452
vn -0.96936797 -0.00004523 0.24561300
vn -0.95820903 -0.00346586 0.28604796
vn -0.97515975 0.00603558 0.22142049
vn -0.97861839 0.01247726 0.20530556
vn -0.97515975 0.00603558 0.22142049
vn -0.99497184 -0.00000000 0.10015505
vn -0.99300631 -0.00374271 0.11800193
vn -0.99869388 -0.00000000 0.05109330
vn -0.99999818 0.00000000 0.00190786
vn -0.99999818 0.00000000 0.00190786
vn -0.99534704 0.00000000 -0.09635493
vn -0.99534704 0.00000000 -0.09635493
vn -0.98106270 0.00000000 -0.19369044
vn -0.95728616 -0.00000000 -0.28914218
vn -0.98106270 -0.00000000 -0.19369044
vn -0.94190556 0.00000000 -0.33587784
vn -0.95728616 0.00000000 -0.28914218
vn -0.92424480 -0.00000000 -0.38180041
vn -0.88225771 0.00000000 -0.47076675
vn -0.88225771 0.00000000 -0.47076675
vn -0.92424480 -0.00000000 -0.38180041
vn -0.85803412 0.00000000 -0.51359268
vn -0.88225771 -0.00000000 -0.47076675
vn -0.83173338 -0.00000000 -0.55517528
vn -0.77579502 -0.00462133 -0.63096809
vn -0.70134475 0.00715284 -0.71278635
vn -0.76892687 0.00039467 -0.63933662
vn -0.65660319 -0.00887293 -0.75418401
vn -0.59568527 0.00080661 -0.80321754
vn -0.55654468 -0.00279076 -0.83081299
vn -0.55393550 -0.01294372 -0.83245896
vn -0.63819509 -0.00555862 -0.76985462
vn -0.49936513 0.00497174 -0.86637737
vn -0.45620878 0.00809395 -0.88983596
vn -0.48052972 -0.00061364 -0.87697823
vn -0.38180041 -0.00000000 -0.92424480
vn -0.38180041 -0.00000000 -0.92424480
vn -0.38180041 -0.00000000 -0.92424480
vn -0.28914218 -0.00000000 -0.95728616
vn -0.28914218 -0.00000000 -0.95728616
vn -0.24184032 0.00010382 -0.97031606
vn -0.19486979 -0.00250409 -0.98082592
vn -0.18250725 -0.01516943 -0.98308748
vn -0.12246652 0.00631183 -0.99245257
vn -0.07998090 0.00803482 -0.99676401
vn -0.10739618 -0.00061365 -0.99421612
vn 0.00190786 0.00000000 -0.99999818
vn 0.00190786 0.00000000 -0.99999818
vn 0.10015505 -0.00000000 -0.99497184
vn 0.14871053 -0.00006903 -0.98888077
vn 0.10833620 -0.00404646 -0.99410608
vn 0.17330730 0.00603464 -0.98484931
vn 0.19761836 0.01613128 -0.98014630
vn 0.17330730 0.00603464 -0.98484931
vn 0.30859163 -0.01319018 -0.95110316
vn 0.33274551 0.00201746 -0.94301450
vn 0.28741424 -0.00424722 -0.95779696
vn 0.37884385 0.00344922 -0.92545418
vn 0.44511535 -0.00205748 -0.89547088
vn 0.47412676 -0.00000000 -0.88045659
vn 0.46456165 -0.00649423 -0.88551696
vn 0.47412676 0.00000000 -0.88045659
vn 0.55834414 0.00000000 -0.82960944
vn 0.59847314 -0.00000000 -0.80114287
vn 0.55834414 -0.00000000 -0.82960944
vn 0.63715343 0.00000000 -0.77073699
vn 0.70980055 -0.00000000 -0.70440271
vn 0.70980055 0.00000000 -0.70440271
vn 0.77557485 0.00000000 -0.63125561
vn 0.77557485 -0.00000000 -0.63125561
vn 0.83384698 0.00000000 -0.55199566
vn 0.57835894 -0.69620147 -0.42521106
vn 0.88404713 0.00000000 -0.46739778
vn 0.88404713 0.00000000 -0.46739778
vn 0.92569415 -0.00000000 -0.37827285
vn 0.92569415 0.00000000 -0.37827285
vn 0.92569415 -0.00000000 -0.37827285
vn 0.95838203 -0.00000000 -0.28548886
vn 0.48060359 -0.68041762 -0.55321972
vn 0.95838203 0.00000000 -0.28548886
vn 0.98179521 0.00000000 -0.18994251
vn -0.70710680 0.00000000 -0.70710676
vn -0.70710680 0.00000000 -0.70710676
vn -0.96004984 0.00000000 0.27982905
vn -0.70710680 -0.00000000 0.70710676
vn -0.97629603 -0.00000000 0.21643951
vn -0.97629603 -0.00000000 0.21643951
vn -0.98480772 0.00000000 0.17364838
vn -0.99144479 -0.00000000 0.13052671
vn -0.99144479 -0.00000000 0.13052671
vn -0.99144479 -0.00000000 0.13052671
vn -0.99904823 0.00000000 0.04361913
vn -1.00000000 0.00000000 -0.00000000
vn -0.99904823 -0.00000000 0.04361913
vn -0.99904823 -0.00000000 -0.04361913
vn -0.99904823 0.00000000 -0.04361913
vn -0.99144479 -0.00000000 -0.13052671
vn -0.99144479 0.00000000 -0.13052671
vn -0.99144479 -0.00000000 -0.13052671
vn -0.97629603 0.00000000 -0.21643951
vn -0.97629603 -0.00000000 -0.21643951
vn -0.97629603 0.00000000 -0.21643951
vn -0.99875693 -0.00000000 -0.04984577
vn -1.00000000 -0.00000000 0.00000030
vn -0.99503076 -0.00000000 -0.09956800
vn -0.98017282 0.00000000 -0.19814448
vn -0.95557293 -0.00000000 -0.29475477
vn -0.93969161 -0.00000000 -0.34202292
vn -0.92147610 -0.00000000 -0.38843506
vn -0.87822159 0.00000000 -0.47825396
vn -0.85328967 0.00000000 -0.52143719
vn -0.85328967 -0.00000000 -0.52143719
vn -0.82623813 -0.00000000 -0.56332101
vn -0.79713252 -0.00000000 -0.60380439
vn -0.76604540 -0.00000000 -0.64278647
vn -0.69823696 0.00000000 -0.71586671
vn -0.66168392 -0.00000000 -0.74978289
vn -0.62348829 0.00000000 -0.78183269
vn -0.66168392 0.00000000 -0.74978289
vn -0.54254690 0.00000000 -0.84002551
vn -0.58374261 0.00000000 -0.81193877
vn -0.58374261 0.00000000 -0.81193877
vn -0.45621334 0.00000000 -0.88987044
vn -0.50000245 -0.00000000 -0.86602399
vn -0.36534087 0.00000000 -0.93087381
vn -0.27083922 -0.00000000 -0.96262460
vn -0.31848330 0.00000000 -0.94792847
vn -0.17364869 0.00000000 -0.98480766
vn -0.12434379 -0.00000000 -0.99223920
vn -0.12434379 -0.00000000 -0.99223920
vn -0.12434379 -0.00000000 -0.99223920
vn 0.02493002 -0.00000000 -0.99968920
vn -0.02493184 -0.00000000 -0.99968915
vn 0.12434500 -0.00000000 -0.99223904
vn 0.07472990 -0.00000000 -0.99720381
vn 0.17365095 -0.00000000 -0.98480726
vn 0.17365095 0.00000000 -0.98480726
vn 0.17365095 -0.00000000 -0.98480726
vn 0.27083769 -0.00000000 -0.96262503
vn 0.27083769 0.00000000 -0.96262503
vn 0.31848632 -0.00000000 -0.94792746
vn 0.28606234 0.71850005 -0.63397635
vn 0.36534306 -0.00000000 -0.93087295
vn 0.41128867 0.00000000 -0.91150515
vn 0.45621177 -0.00000000 -0.88987124
vn 0.45621177 -0.00000000 -0.88987124
vn 0.45621177 -0.00000000 -0.88987124
vn 0.54254530 0.00000000 -0.84002655
vn 0.54254530 0.00000000 -0.84002655
vn 0.58374244 0.00000000 -0.81193889
vn 0.62348832 -0.00000000 -0.78183266
vn 0.62348832 0.00000000 -0.78183266
vn 0.66168626 -0.00000000 -0.74978083
vn 0.62348832 -0.00000000 -0.78183266
vn 0.69823897 -0.00000000 -0.71586475
vn 0.73305234 0.00000000 -0.68017224
vn 0.76604338 0.00000000 -0.64278887
vn 0.76604338 0.00000000 -0.64278887
vn 0.79713158 0.00000000 -0.60380564
vn 0.82623797 0.00000000 -0.56332124
vn 0.82623797 0.00000000 -0.56332124
vn 0.85329105 -0.00000000 -0.52143493
vn 0.87822257 0.00000000 -0.47825215
vn 0.87822257 -0.00000000 -0.47825215
vn 0.90096866 0.00000000 -0.43388417
vn 0.87822257 -0.00000000 -0.47825215
vn 0.92147503 0.00000000 -0.38843759
vn 0.93969130 0.00000000 -0.34202378
vn 0.95557142 -0.00000000 -0.29475968
vn 0.95557142 -0.00000000 -0.29475968
vn 0.96907756 0.00000000 -0.24675631
vn 0.98017386 -0.00000000 -0.19813933
vn 0.98017386 -0.00000000 -0.19813933
vn 0.98883100 -0.00000000 -0.14904109
vn 0.99503032 -0.00000000 -0.09957239
vn 0.99503032 0.00000000 -0.09957239
vn 0.99875681 -0.00000000 -0.04984816
vn 1.00000000 0.00000000 0.00000000
vn 0.99875681 0.00000000 0.04984816
vn 0.99503032 -0.00000000 0.09957239
vn 0.99503032 0.00000000 0.09957239
vn 0.98883100 0.00000000 0.14904109
vn 0.98017386 -0.00000000 0.19813933
vn 0.98017386 -0.00000000 0.19813933
vn 0.96907756 -0.00000000 0.24675631
vn 0.95557142 0.00000000 0.29475968
vn 0.95557142 0.00000000 0.29475968
vn 0.93969169 0.00000000 0.34202269
vn 0.87822120 0.00000000 0.47825466
vn 0.90096855 0.00000000 0.43388441
vn 0.87822120 -0.00000000 0.47825466
vn 0.92147594 0.00000000 0.38843545
vn 0.92147594 -0.00000000 0.38843545
vn 0.85329031 0.00000000 0.52143614
vn 0.87822120 0.00000000 0.47825466
vn 0.79713274 -0.00000000 0.60380411
vn 0.73305364 0.00000000 0.68017083
vn 0.76604585 -0.00000000 0.64278593
vn 0.66168626 -0.00000000 0.74978083
vn 0.69823897 -0.00000000 0.71586475
vn 0.58374040 0.00000000 0.81194036
vn 0.62348832 0.00000000 0.78183266
vn 0.54254108 0.00000000 0.84002927
vn 0.54254108 -0.00000000 0.84002927
vn 0.62348832 0.00000000 0.78183266
vn 0.49999787 0.00000000 0.86602663
vn 0.45621177 -0.00000000 0.88987124
vn 0.45621177 -0.00000000 0.88987124
vn 0.41129121 -0.00000000 0.91150400
vn 0.45621177 0.00000000 0.88987124
vn 0.36534824 -0.00000000 0.93087092
vn 0.31848623 -0.00000000 0.94792749
vn 0.22251809 0.00000000 0.97492856
vn 0.27083215 0.00000000 0.96262659
vn 0.27083215 -0.00000000 0.96262659
vn 0.17365095 0.00000000 0.98480726
vn 0.17365095 -0.00000000 0.98480726
vn 0.12434796 -0.00000000 0.99223867
vn 0.17365095 -0.00000000 0.98480726
vn 0.02493300 0.00000000 0.99968912
vn -0.07473367 -0.00000000 0.99720353
vn -0.02493184 0.00000000 0.99968915
vn -0.17365161 -0.00000000 0.98480715
vn -0.12434968 0.00000000 0.99223846
vn -0.27083922 0.00000000 0.96262460
vn -0.22252186 -0.00000000 0.97492770
vn -0.36534087 -0.00000000 0.93087381
vn -0.31848330 -0.00000000 0.94792847
vn -0.45621334 -0.00000000 0.88987044
vn -0.41129002 -0.00000000 0.91150454
vn -0.37735617 0.71849968 0.58426067
vn -0.50000245 0.00000000 0.86602399
vn -0.41129002 -0.00000000 0.91150454
vn -0.54254690 0.00000000 0.84002551
vn -0.58374261 0.00000000 0.81193877
vn -0.58374261 0.00000000 0.81193877
vn -0.62348829 0.00000000 0.78183269
vn -0.58374261 0.00000000 0.81193877
vn -0.69823550 0.00000000 0.71586813
vn -0.73305111 0.00000000 0.68017356
vn -0.73305111 -0.00000000 0.68017356
vn -0.79713252 0.00000000 0.60380439
vn -0.76604409 0.00000000 0.64278803
vn -0.73305111 -0.00000000 0.68017356
vn -0.79713252 -0.00000000 0.60380439
vn -0.87822233 0.00000000 0.47825259
vn -0.85329129 -0.00000000 0.52143453
vn -0.92147610 -0.00000000 0.38843506
vn -0.90096990 -0.00000000 0.43388159
vn -0.95557250 0.00000000 0.29475618
vn -0.93969161 0.00000000 0.34202292
vn -0.98017271 -0.00000000 0.19814506
vn -0.96907750 -0.00000000 0.24675656
vn -0.99503082 0.00000000 0.09956741
vn -0.98883103 -0.00000000 0.14904092
vn -0.99875690 0.00000000 0.04984637
vn -0.99875690 0.00000000 0.04984637
vn -0.99875690 0.00000000 0.04984637
vn -0.99875722 -0.00000000 -0.04983981
vn -1.00000000 -0.00000000 0.00000030
vn -0.99503106 -0.00000000 -0.09956503
vn -0.98883076 -0.00000000 -0.14904268
vn -0.98883076 -0.00000000 -0.14904268
vn -0.98017225 0.00000000 -0.19814732
vn -0.96907680 -0.00000000 -0.24675932
vn -0.96907680 -0.00000000 -0.24675932
vn -0.95557291 -0.00000000 -0.29475485
vn -0.93969353 -0.00000000 -0.34201764
vn -0.93969353 -0.00000000 -0.34201764
vn -0.92147615 0.00000000 -0.38843495
vn -0.93969353 0.00000000 -0.34201764
vn -0.90096756 0.00000000 -0.43388645
vn -0.87822152 0.00000000 -0.47825408
vn -0.85329233 0.00000000 -0.52143284
vn -0.85329233 -0.00000000 -0.52143284
vn -0.82623822 -0.00000000 -0.56332087
vn -0.79712965 0.00000000 -0.60380819
vn -0.79712965 0.00000000 -0.60380819
vn -0.76604386 -0.00000000 -0.64278830
vn -0.73305387 0.00000000 -0.68017058
vn -0.73305387 0.00000000 -0.68017058
vn -0.69823837 -0.00000000 -0.71586533
vn -0.66168689 0.00000000 -0.74978027
vn -0.66168689 0.00000000 -0.74978027
vn -0.62348847 0.00000000 -0.78183254
vn -0.54254669 0.00000000 -0.84002565
vn -0.58373977 0.00000000 -0.81194081
vn -0.58373977 0.00000000 -0.81194081
vn -0.58373977 0.00000000 -0.81194081
vn -0.45621357 -0.00000000 -0.88987031
vn -0.36533972 -0.00000000 -0.93087426
vn -0.41128778 -0.00000000 -0.91150555
vn -0.27083922 0.00000000 -0.96262460
vn -0.31848330 -0.00000000 -0.94792847
vn -0.17364869 -0.00000000 -0.98480766
vn -0.22252186 -0.00000000 -0.97492770
vn -0.12434379 -0.00000000 -0.99223920
vn -0.12434379 -0.00000000 -0.99223920
vn -0.22252186 0.00000000 -0.97492770
vn -0.12434379 -0.00000000 -0.99223920
vn 0.02493047 -0.00000000 -0.99968919
vn -0.02493184 -0.00000000 -0.99968915
vn -0.02493184 0.00000000 -0.99968915
vn -0.02493184 -0.00000000 -0.99968915
vn 0.12434545 0.00000000 -0.99223899
vn 0.07473079 0.00000000 -0.99720374
vn 0.17365095 -0.00000000 -0.98480726
vn 0.17365095 -0.00000000 -0.98480726
vn 0.17365095 0.00000000 -0.98480726
vn 0.27083769 0.00000000 -0.96262503
vn 0.27083769 0.00000000 -0.96262503
vn 0.31848425 0.00000000 -0.94792815
vn 0.36533899 -0.00000000 -0.93087455
vn 0.36533899 -0.00000000 -0.93087455
vn 0.41128668 -0.00000000 -0.91150604
vn 0.45621177 -0.00000000 -0.88987124
vn 0.45621177 0.00000000 -0.88987124
vn 0.50000004 -0.00000000 -0.86602538
vn 0.54254530 0.00000000 -0.84002655
vn 0.54254530 0.00000000 -0.84002655
vn 0.58374395 -0.00000000 -0.81193781
vn 0.62349124 -0.00000000 -0.78183034
vn 0.62349124 0.00000000 -0.78183034
vn 0.66168609 0.00000000 -0.74978098
vn 0.69823598 0.00000000 -0.71586766
vn 0.69823598 -0.00000000 -0.71586766
vn 0.73305247 -0.00000000 -0.68017209
vn 0.76604633 -0.00000000 -0.64278536
vn 0.76604633 0.00000000 -0.64278536
vn 0.79713296 -0.00000000 -0.60380381
vn 0.82623797 -0.00000000 -0.56332124
vn 0.82623797 -0.00000000 -0.56332124
vn 0.85328968 0.00000000 -0.52143717
vn 0.87822006 0.00000000 -0.47825676
vn 0.87822006 -0.00000000 -0.47825676
vn 0.90096872 -0.00000000 -0.43388405
vn 0.92147717 0.00000000 -0.38843251
vn 0.92147717 0.00000000 -0.38843251
vn 0.93969224 0.00000000 -0.34202119
vn 0.95557142 0.00000000 -0.29475968
vn 0.95557142 -0.00000000 -0.29475968
vn 0.96907684 0.00000000 -0.24675915
vn 0.98017270 0.00000000 -0.19814507
vn 0.98017270 -0.00000000 -0.19814507
vn 0.98883101 -0.00000000 -0.14904104
vn 0.99503091 -0.00000000 -0.09956647
vn 0.99503091 0.00000000 -0.09956647
vn 0.99503091 -0.00000000 -0.09956647
vn 1.00000000 0.00000000 0.00000000
vn 0.99875696 0.00000000 0.04984519
vn 0.99503091 -0.00000000 0.09956647
vn 0.99503091 0.00000000 0.09956647
vn 0.98883101 0.00000000 0.14904104
vn 0.98017270 -0.00000000 0.19814507
vn 0.98017270 -0.00000000 0.19814507
vn 0.96907684 0.00000000 0.24675915
vn 0.95557142 -0.00000000 0.29475968
vn 0.95557142 -0.00000000 0.29475968
vn 0.93969264 0.00000000 0.34202010
vn 0.87821869 0.00000000 0.47825927
vn 0.90096860 -0.00000000 0.43388429
vn 0.87821869 0.00000000 0.47825927
vn 0.92147808 -0.00000000 0.38843037
vn 0.92147808 -0.00000000 0.38843037
vn 0.85328894 0.00000000 0.52143839
vn 0.87821869 -0.00000000 0.47825927
vn 0.79713412 -0.00000000 0.60380228
vn 0.73305378 -0.00000000 0.68017068
vn 0.76604880 0.00000000 0.64278242
vn 0.66168609 0.00000000 0.74978098
vn 0.69823598 -0.00000000 0.71586766
vn 0.58374191 0.00000000 0.81193927
vn 0.62349124 0.00000000 0.78183034
vn 0.54254108 0.00000000 0.84002927
vn 0.54254108 -0.00000000 0.84002927
vn 0.62349124 -0.00000000 0.78183034
vn 0.49999787 -0.00000000 0.86602663
vn 0.54254108 0.00000000 0.84002927
vn 0.45621177 -0.00000000 0.88987124
vn 0.41128921 0.00000000 0.91150490
vn 0.45621177 0.00000000 0.88987124
vn 0.36534417 0.00000000 0.93087251
vn 0.31848416 -0.00000000 0.94792818
vn 0.22251809 0.00000000 0.97492856
vn 0.27083215 0.00000000 0.96262659
vn 0.27083215 0.00000000 0.96262659
vn 0.17365095 0.00000000 0.98480726
vn 0.17365095 -0.00000000 0.98480726
vn 0.12434840 -0.00000000 0.99223862
vn 0.17365095 0.00000000 0.98480726
vn 0.02493345 0.00000000 0.99968911
vn -0.07473367 -0.00000000 0.99720353
vn -0.02493184 0.00000000 0.99968915
vn -0.17365161 0.00000000 0.98480715
vn -0.12434968 -0.00000000 0.99223846
vn -0.27083922 0.00000000 0.96262460
vn -0.22252186 0.00000000 0.97492770
vn -0.36533972 -0.00000000 0.93087426
vn -0.31848330 0.00000000 0.94792847
vn -0.45621357 0.00000000 0.88987031
vn -0.41128778 0.00000000 0.91150555
vn -0.37735645 0.71849893 0.58426141
vn -0.50000504 -0.00000000 0.86602250
vn -0.41128778 -0.00000000 0.91150555
vn -0.54254669 0.00000000 0.84002565
vn -0.58373977 0.00000000 0.81194081
vn -0.58373977 0.00000000 0.81194081
vn -0.62348847 0.00000000 0.78183254
vn -0.58373977 -0.00000000 0.81194081
vn -0.69823692 -0.00000000 0.71586675
vn -0.76604256 -0.00000000 0.64278986
vn -0.73305111 -0.00000000 0.68017356
vn -0.79712965 0.00000000 0.60380819
vn -0.79712965 0.00000000 0.60380819
vn -0.73305111 -0.00000000 0.68017356
vn -0.79712965 0.00000000 0.60380819
vn -0.87822226 -0.00000000 0.47825271
vn -0.85329395 0.00000000 0.52143018
vn -0.92147615 0.00000000 0.38843495
vn -0.90096756 0.00000000 0.43388645
vn -0.95557247 -0.00000000 0.29475626
vn -0.93969353 -0.00000000 0.34201764
vn -0.98017213 -0.00000000 0.19814789
vn -0.96907607 0.00000000 0.24676218
vn -0.99503112 0.00000000 0.09956444
vn -0.98883103 0.00000000 0.14904092
vn -0.99875719 -0.00000000 0.04984040
vn -0.99875719 0.00000000 0.04984040
vn -0.99875719 0.00000000 0.04984040
vn -0.99875690 -0.00000000 -0.04984637
vn -1.00000000 -0.00000000 -0.00000030
vn -0.99503082 -0.00000000 -0.09956741
vn -0.98883103 -0.00000000 -0.14904092
vn -0.98883103 0.00000000 -0.14904092
vn -0.98017271 -0.00000000 -0.19814506
vn -0.96907750 0.00000000 -0.24675656
vn -0.96907750 0.00000000 -0.24675656
vn -0.95557250 -0.00000000 -0.29475618
vn -0.93969161 -0.00000000 -0.34202292
vn -0.93969161 -0.00000000 -0.34202292
vn -0.92147610 0.00000000 -0.38843506
vn -0.90096990 0.00000000 -0.43388159
vn -0.90096990 -0.00000000 -0.43388159
vn -0.87822233 -0.00000000 -0.47825259
vn -0.85329129 0.00000000 -0.52143453
vn -0.85329129 0.00000000 -0.52143453
vn -0.82623900 -0.00000000 -0.56331972
vn -0.79713252 0.00000000 -0.60380439
vn -0.79713252 0.00000000 -0.60380439
vn -0.76604409 0.00000000 -0.64278803
vn -0.73305111 -0.00000000 -0.68017356
vn -0.73305111 0.00000000 -0.68017356
vn -0.69823550 -0.00000000 -0.71586813
vn -0.66168392 -0.00000000 -0.74978289
vn -0.66168392 -0.00000000 -0.74978289
vn -0.62348829 0.00000000 -0.78183269
vn -0.54254690 -0.00000000 -0.84002551
vn -0.58374261 0.00000000 -0.81193877
vn -0.45621334 0.00000000 -0.88987044
vn -0.50000245 -0.00000000 -0.86602399
vn -0.36534087 0.00000000 -0.93087381
vn -0.41129002 0.00000000 -0.91150454
vn -0.27083922 0.00000000 -0.96262460
vn -0.31848330 0.00000000 -0.94792847
vn -0.17365161 0.00000000 -0.98480715
vn -0.22252186 0.00000000 -0.97492770
vn -0.12434968 0.00000000 -0.99223846
vn -0.12434968 -0.00000000 -0.99223846
vn -0.22252186 -0.00000000 -0.97492770
vn -0.12434968 0.00000000 -0.99223846
vn 0.02493300 -0.00000000 -0.99968912
vn -0.02493184 -0.00000000 -0.99968915
vn 0.12434796 0.00000000 -0.99223867
vn 0.07473584 -0.00000000 -0.99720337
vn 0.17365095 -0.00000000 -0.98480726
vn 0.17365095 -0.00000000 -0.98480726
vn 0.07473584 -0.00000000 -0.99720337
vn 0.17365095 -0.00000000 -0.98480726
vn 0.27083215 -0.00000000 -0.96262659
vn 0.27083215 0.00000000 -0.96262659
vn 0.31848623 -0.00000000 -0.94792749
vn 0.28606437 0.71849941 -0.63397616
vn 0.36534824 -0.00000000 -0.93087092
vn 0.41129121 0.00000000 -0.91150400
vn 0.45621177 -0.00000000 -0.88987124
vn 0.45621177 0.00000000 -0.88987124
vn 0.49999787 0.00000000 -0.86602663
vn 0.45621177 -0.00000000 -0.88987124
vn 0.54254108 -0.00000000 -0.84002927
vn 0.58374040 -0.00000000 -0.81194036
vn 0.62348832 -0.00000000 -0.78183266
vn 0.62348832 -0.00000000 -0.78183266
vn 0.66168626 0.00000000 -0.74978083
vn 0.62348832 0.00000000 -0.78183266
vn 0.69823897 0.00000000 -0.71586475
vn 0.73305364 0.00000000 -0.68017083
vn 0.76604585 -0.00000000 -0.64278593
vn 0.76604585 0.00000000 -0.64278593
vn 0.79713274 -0.00000000 -0.60380411
vn 0.82623797 0.00000000 -0.56332124
vn 0.82623797 -0.00000000 -0.56332124
vn 0.85329031 0.00000000 -0.52143614
vn 0.87822120 -0.00000000 -0.47825466
vn 0.87822120 0.00000000 -0.47825466
vn 0.90096855 -0.00000000 -0.43388441
vn 0.87822120 0.00000000 -0.47825466
vn 0.92147594 -0.00000000 -0.38843545
vn 0.93969169 0.00000000 -0.34202269
vn 0.95557142 0.00000000 -0.29475968
vn 0.95557142 0.00000000 -0.29475968
vn 0.96907756 -0.00000000 -0.24675631
vn 0.98017386 -0.00000000 -0.19813933
vn 0.98017386 0.00000000 -0.19813933
vn 0.98883100 0.00000000 -0.14904109
vn 0.99503032 -0.00000000 -0.09957239
vn 0.99503032 -0.00000000 -0.09957239
vn 0.99875681 -0.00000000 -0.04984816
vn 0.99503032 -0.00000000 -0.09957239
vn 1.00000000 -0.00000000 0.00000000
vn 0.99875681 -0.00000000 0.04984816
vn 0.99503032 -0.00000000 0.09957239
vn 0.99503032 -0.00000000 0.09957239
vn 0.98883100 0.00000000 0.14904109
vn 0.99503032 -0.00000000 0.09957239
vn 0.98017386 -0.00000000 0.19813933
vn 0.96907756 0.00000000 0.24675631
vn 0.95557142 -0.00000000 0.29475968
vn 0.95557142 -0.00000000 0.29475968
vn 0.93969130 0.00000000 0.34202378
vn 0.87822257 -0.00000000 0.47825215
vn 0.90096866 -0.00000000 0.43388417
vn 0.87822257 0.00000000 0.47825215
vn 0.92147503 -0.00000000 0.38843759
vn 0.92147503 -0.00000000 0.38843759
vn 0.85329105 -0.00000000 0.52143493
vn 0.79713158 -0.00000000 0.60380564
vn 0.82623797 -0.00000000 0.56332124
vn 0.73305234 -0.00000000 0.68017224
vn 0.76604338 0.00000000 0.64278887
vn 0.66168626 0.00000000 0.74978083
vn 0.69823897 -0.00000000 0.71586475
vn 0.62348832 0.00000000 0.78183266
vn 0.62348832 0.00000000 0.78183266
vn 0.54254530 0.00000000 0.84002655
vn 0.58374244 0.00000000 0.81193889
vn 0.62348832 0.00000000 0.78183266
vn 0.50000004 -0.00000000 0.86602538
vn 0.54254530 0.00000000 0.84002655
vn 0.45621177 0.00000000 0.88987124
vn 0.41128867 -0.00000000 0.91150515
vn 0.45621177 -0.00000000 0.88987124
vn 0.36534306 -0.00000000 0.93087295
vn 0.31848632 -0.00000000 0.94792746
vn 0.22252090 -0.00000000 0.97492792
vn 0.27083769 -0.00000000 0.96262503
vn 0.27083769 0.00000000 0.96262503
vn 0.17365095 0.00000000 0.98480726
vn 0.17365095 0.00000000 0.98480726
vn 0.12434500 0.00000000 0.99223904
vn 0.17365095 -0.00000000 0.98480726
vn 0.02493002 -0.00000000 0.99968920
vn -0.07473071 -0.00000000 0.99720375
vn -0.02493184 -0.00000000 0.99968915
vn -0.02493184 -0.00000000 0.99968915
vn -0.02493184 -0.00000000 0.99968915
vn -0.17364869 0.00000000 0.98480766
vn -0.27083922 -0.00000000 0.96262460
vn -0.22252186 0.00000000 0.97492770
vn -0.36534087 -0.00000000 0.93087381
vn -0.31848330 0.00000000 0.94792847
vn -0.31848330 0.00000000 0.94792847
vn -0.45621334 0.00000000 0.88987044
vn -0.41129002 0.00000000 0.91150454
vn -0.50000245 -0.00000000 0.86602399
vn -0.50000245 -0.00000000 0.86602399
vn -0.41129002 0.00000000 0.91150454
vn -0.54254690 -0.00000000 0.84002551
vn -0.58374261 0.00000000 0.81193877
vn -0.58374261 -0.00000000 0.81193877
vn -0.62348829 0.00000000 0.78183269
vn -0.58374261 0.00000000 0.81193877
vn -0.69823696 -0.00000000 0.71586671
vn -0.66168392 0.00000000 0.74978289
vn -0.66168392 0.00000000 0.74978289
vn -0.66168392 0.00000000 0.74978289
vn -0.76604540 0.00000000 0.64278647
vn -0.73305387 0.00000000 0.68017058
vn -0.79713252 0.00000000 0.60380439
vn -0.79713252 -0.00000000 0.60380439
vn -0.82623813 0.00000000 0.56332101
vn -0.87822159 -0.00000000 0.47825396
vn -0.85328967 0.00000000 0.52143719
vn -0.85328967 -0.00000000 0.52143719
vn -0.92147610 0.00000000 0.38843506
vn -0.90096990 0.00000000 0.43388159
vn -0.90096990 0.00000000 0.43388159
vn -0.95557293 -0.00000000 0.29475477
vn -0.93969161 -0.00000000 0.34202292
vn -0.93969161 0.00000000 0.34202292
vn -0.98017282 0.00000000 0.19814448
vn -0.96907823 0.00000000 0.24675370
vn -0.96907823 -0.00000000 0.24675370
vn -0.99503076 0.00000000 0.09956800
vn -0.98883076 -0.00000000 0.14904268
vn -0.99875693 0.00000000 0.04984577
vn -0.99875693 0.00000000 0.04984577
vn -0.99875693 0.00000000 0.04984577
vn 0.99875691 -0.00000000 0.04984618
vn 0.99875691 0.00000000 0.04984618
vn 0.99503078 0.00000000 0.09956778
vn 0.99875691 0.00000000 0.04984618
vn 0.98883089 0.00000000 0.14904184
vn 0.98883089 0.00000000 0.14904184
vn 0.98017252 0.00000000 0.19814596
vn 0.98883089 0.00000000 0.14904184
vn 0.96907727 0.00000000 0.24675746
vn 0.96907727 0.00000000 0.24675746
vn 0.96907727 0.00000000 0.24675746
vn 0.93969259 -0.00000000 0.34202024
vn 0.93969259 0.00000000 0.34202024
vn 0.93969259 -0.00000000 0.34202024
vn 0.90096893 -0.00000000 0.43388361
vn 0.90096893 -0.00000000 0.43388361
vn 0.90096893 -0.00000000 0.43388361
vn 0.85329084 0.00000000 0.52143527
vn 0.85329084 -0.00000000 0.52143527
vn 0.85329084 0.00000000 0.52143527
vn 0.79713267 0.00000000 0.60380419
vn 0.76604451 -0.00000000 0.64278752
vn 0.79713267 -0.00000000 0.60380419
vn 0.73305184 -0.00000000 0.68017278
vn 0.73305184 -0.00000000 0.68017278
vn 0.73305184 -0.00000000 0.68017278
vn 0.66168584 -0.00000000 0.74978120
vn 0.66168584 -0.00000000 0.74978120
vn 0.62348978 -0.00000000 0.78183150
vn 0.66168584 0.00000000 0.74978120
vn 0.58374364 0.00000000 0.81193803
vn 0.50000002 0.00000000 0.86602539
vn 0.41276908 -0.70710678 0.57412689
vn 0.58374364 0.00000000 0.81193803
vn 0.41128669 -0.00000000 0.91150604
vn 0.35355341 -0.70710678 0.61237243
vn 0.50000002 -0.00000000 0.86602539
vn 0.36534110 -0.00000000 0.93087372
vn 0.41128669 -0.00000000 0.91150604
vn 0.31848723 -0.00000000 0.94792715
vn 0.22520448 -0.70710678 0.67028572
vn 0.31848723 -0.00000000 0.94792715
vn 0.17364815 0.00000000 0.98480776
vn 0.22252047 0.00000000 0.97492802
vn 0.15734573 -0.70710678 0.68937821
vn 0.22252047 0.00000000 0.97492802
vn 0.07473014 0.00000000 0.99720379
vn 0.12434413 0.00000000 0.99223915
vn 0.02493036 -0.00000000 0.99968919
vn 0.02493036 -0.00000000 0.99968919
vn 0.08792458 -0.70710678 0.70161903
vn 0.12434413 0.00000000 0.99223915
vn -0.07472986 0.00000000 0.99720382
vn -0.07472986 -0.00000000 0.99720382
vn 0.01762843 -0.70710678 0.70688701
vn 0.02493036 0.00000000 0.99968919
vn -0.17364845 -0.00000000 0.98480770
vn -0.17364845 -0.00000000 0.98480770
vn -0.05284199 -0.70710678 0.70512958
vn -0.07472986 -0.00000000 0.99720382
vn -0.22252114 -0.00000000 0.97492786
vn -0.17364845 0.00000000 0.98480770
vn -0.27084061 0.00000000 0.96262421
vn -0.27084061 0.00000000 0.96262421
vn -0.27084061 0.00000000 0.96262421
vn -0.36534045 0.00000000 0.93087397
vn -0.36534045 0.00000000 0.93087397
vn -0.36534045 0.00000000 0.93087397
vn -0.45621112 -0.00000000 0.88987157
vn -0.45621112 0.00000000 0.88987157
vn -0.45621112 -0.00000000 0.88987157
vn -0.54254610 -0.00000000 0.84002603
vn -0.58374359 -0.00000000 0.81193806
vn -0.54254610 -0.00000000 0.84002603
vn -0.62348980 -0.00000000 0.78183148
vn -0.62348980 -0.00000000 0.78183148
vn -0.62348980 0.00000000 0.78183148
vn -0.69823713 0.00000000 0.71586655
vn -0.69823713 0.00000000 0.71586655
vn -0.69823713 0.00000000 0.71586655
vn -0.76604435 0.00000000 0.64278772
vn -0.76604435 0.00000000 0.64278772
vn -0.79713245 0.00000000 0.60380449
vn -0.76604435 0.00000000 0.64278772
vn -0.82623875 0.00000000 0.56332009
vn -0.82623875 0.00000000 0.56332009
vn -0.85329085 0.00000000 0.52143526
vn -0.82623875 -0.00000000 0.56332009
vn -0.87822153 -0.00000000 0.47825405
vn -0.87822153 0.00000000 0.47825405
vn -0.90096884 0.00000000 0.43388379
vn -0.87822153 -0.00000000 0.47825405
vn -0.92147620 -0.00000000 0.38843482
vn -0.92147620 0.00000000 0.38843482
vn -0.93969258 -0.00000000 0.34202025
vn -0.92147620 0.00000000 0.38843482
vn -0.95557275 0.00000000 0.29475536
vn -0.95557275 -0.00000000 0.29475536
vn -0.96907732 0.00000000 0.24675728
vn -0.95557275 0.00000000 0.29475536
vn -0.98017258 0.00000000 0.19814571
vn -0.98017258 0.00000000 0.19814571
vn -0.98883082 -0.00000000 0.14904231
vn -0.98017258 0.00000000 0.19814571
vn -0.99503072 -0.00000000 0.09956837
vn -0.99503072 0.00000000 0.09956837
vn -0.99875691 -0.00000000 0.04984615
vn -0.99503072 -0.00000000 0.09956837
vn -1.00000000 -0.00000000 0.00000000
vn -1.00000000 0.00000000 0.00000000
vn -0.99875691 -0.00000000 -0.04984615
vn -1.00000000 -0.00000000 0.00000000
vn -0.99503072 0.00000000 -0.09956837
vn -0.99503072 0.00000000 -0.09956837
vn -0.98883082 0.00000000 -0.14904231
vn -0.99503072 -0.00000000 -0.09956837
vn -0.98017258 0.00000000 -0.19814571
vn -0.98017258 0.00000000 -0.19814571
vn -0.96907732 0.00000000 -0.24675728
vn -0.98017258 0.00000000 -0.19814571
vn -0.95557275 -0.00000000 -0.29475536
vn -0.95557275 -0.00000000 -0.29475536
vn -0.93969258 -0.00000000 -0.34202025
vn -0.95557275 0.00000000 -0.29475536
vn -0.87822153 0.00000000 -0.47825405
vn -0.87822153 0.00000000 -0.47825405
vn -0.65158207 -0.70710678 -0.27466489
vn -0.92147620 -0.00000000 -0.38843482
vn -0.92147620 -0.00000000 -0.38843482
vn -0.92147620 -0.00000000 -0.38843482
vn -0.82623875 -0.00000000 -0.56332009
vn -0.82623875 -0.00000000 -0.56332009
vn -0.62099640 -0.70710678 -0.33817668
vn -0.87822153 0.00000000 -0.47825405
vn -0.79713245 -0.00000000 -0.60380449
vn -0.82623875 -0.00000000 -0.56332009
vn -0.73305197 -0.00000000 -0.68017263
vn -0.76604435 -0.00000000 -0.64278772
vn -0.54167515 -0.70710678 -0.45451956
vn -0.76604435 0.00000000 -0.64278772
vn -0.69823713 -0.00000000 -0.71586655
vn -0.49372821 -0.70710678 -0.50619409
vn -0.69823713 -0.00000000 -0.71586655
vn -0.58374359 0.00000000 -0.81193806
vn -0.62348980 0.00000000 -0.78183148
vn -0.54254610 0.00000000 -0.84002603
vn -0.54254610 0.00000000 -0.84002603
vn -0.44087387 -0.70710678 -0.55283834
vn -0.62348980 -0.00000000 -0.78183148
vn -0.45621112 0.00000000 -0.88987157
vn -0.45621112 0.00000000 -0.88987157
vn -0.38363803 -0.70710678 -0.59398810
vn -0.54254610 0.00000000 -0.84002603
vn -0.41128706 0.00000000 -0.91150587
vn -0.45621112 -0.00000000 -0.88987157
vn -0.36534045 0.00000000 -0.93087397
vn -0.36534045 -0.00000000 -0.93087397
vn -0.31848643 0.00000000 -0.94792742
vn -0.36534045 0.00000000 -0.93087397
vn -0.27084061 0.00000000 -0.96262421
vn -0.27084061 0.00000000 -0.96262421
vn -0.22252114 -0.00000000 -0.97492786
vn -0.27084061 0.00000000 -0.96262421
vn -0.12434373 -0.00000000 -0.99223920
vn -0.17364845 -0.00000000 -0.98480770
vn -0.12278800 -0.70710678 -0.69636421
vn -0.17364845 0.00000000 -0.98480770
vn -0.02493074 -0.00000000 -0.99968918
vn -0.07472986 -0.00000000 -0.99720382
vn -0.05284199 -0.70710678 -0.70512958
vn -0.07472986 0.00000000 -0.99720382
vn 0.07473014 -0.00000000 -0.99720379
vn 0.02493036 -0.00000000 -0.99968919
vn 0.01762843 -0.70710678 -0.70688701
vn 0.02493036 0.00000000 -0.99968919
vn 0.17364815 0.00000000 -0.98480776
vn 0.12434413 -0.00000000 -0.99223915
vn 0.08792458 -0.70710678 -0.70161903
vn 0.12434413 -0.00000000 -0.99223915
vn 0.27084053 -0.00000000 -0.96262423
vn 0.22252047 -0.00000000 -0.97492802
vn 0.15734573 -0.70710678 -0.68937821
vn 0.22252047 0.00000000 -0.97492802
vn 0.36534110 0.00000000 -0.93087372
vn 0.31848723 0.00000000 -0.94792715
vn 0.22520448 -0.70710678 -0.67028572
vn 0.31848723 -0.00000000 -0.94792715
vn 0.45621047 -0.00000000 -0.88987191
vn 0.41128669 -0.00000000 -0.91150604
vn 0.29082361 -0.70710678 -0.64453210
vn 0.41128669 0.00000000 -0.91150604
vn 0.54254626 -0.00000000 -0.84002593
vn 0.50000002 -0.00000000 -0.86602539
vn 0.58374364 0.00000000 -0.81193803
vn 0.58374364 -0.00000000 -0.81193803
vn 0.35355341 -0.70710678 -0.61237243
vn 0.50000002 -0.00000000 -0.86602539
vn 0.62348978 0.00000000 -0.78183150
vn 0.58374364 -0.00000000 -0.81193803
vn 0.66168584 0.00000000 -0.74978120
vn 0.46788254 -0.70710678 -0.53017537
vn 0.66168584 0.00000000 -0.74978120
vn 0.73305184 -0.00000000 -0.68017278
vn 0.51834592 -0.70710678 -0.48095478
vn 0.73305184 0.00000000 -0.68017278
vn 0.79713267 -0.00000000 -0.60380419
vn 0.56365792 -0.70710678 -0.42695404
vn 0.79713267 -0.00000000 -0.60380419
vn 0.87822159 -0.00000000 -0.47825395
vn 0.85329084 -0.00000000 -0.52143527
vn 0.60336774 -0.70710678 -0.36871042
vn 0.85329084 0.00000000 -0.52143527
vn 0.92147622 0.00000000 -0.38843478
vn 0.90096893 0.00000000 -0.43388361
vn 0.63708124 -0.70710678 -0.30680204
vn 0.90096893 -0.00000000 -0.43388361
vn 0.95557278 -0.00000000 -0.29475525
vn 0.93969259 -0.00000000 -0.34202024
vn 0.66446300 -0.70710678 -0.24184483
vn 0.93969259 0.00000000 -0.34202024
vn 0.98017252 0.00000000 -0.19814596
vn 0.96907727 0.00000000 -0.24675746
vn 0.68524111 -0.70710678 -0.17448387
vn 0.96907727 -0.00000000 -0.24675746
vn 0.99503078 -0.00000000 -0.09956778
vn 0.98883089 -0.00000000 -0.14904184
vn 0.69920903 -0.70710678 -0.10538849
vn 0.98883089 -0.00000000 -0.14904184
vn 0.99875691 0.00000000 -0.04984618
vn 0.99875691 -0.00000000 -0.04984618
vn 0.70622778 -0.70710678 -0.03524657
vn 0.99875691 0.00000000 -0.04984618
vn -1.00000000 0.00000000 -0.00000030
vn -0.99503112 0.00000000 -0.09956444
vn -0.99875719 -0.00000000 -0.04984040
vn -0.98883103 0.00000000 -0.14904092
vn -0.98017213 0.00000000 -0.19814789
vn -0.96907607 -0.00000000 -0.24676218
vn -0.96907607 0.00000000 -0.24676218
vn -0.95557247 0.00000000 -0.29475626
vn -0.93969353 0.00000000 -0.34201764
vn -0.93969353 -0.00000000 -0.34201764
vn -0.92147615 -0.00000000 -0.38843495
vn -0.90096756 0.00000000 -0.43388645
vn -0.90096756 0.00000000 -0.43388645
vn -0.87822226 -0.00000000 -0.47825271
vn -0.85329395 -0.00000000 -0.52143018
vn -0.85329395 0.00000000 -0.52143018
vn -0.82623910 -0.00000000 -0.56331958
vn -0.79712965 -0.00000000 -0.60380819
vn -0.79712965 -0.00000000 -0.60380819
vn -0.76604256 0.00000000 -0.64278986
vn -0.73305111 0.00000000 -0.68017356
vn -0.73305111 -0.00000000 -0.68017356
vn -0.69823692 -0.00000000 -0.71586675
vn -0.66168689 -0.00000000 -0.74978027
vn -0.66168689 0.00000000 -0.74978027
vn -0.62348847 0.00000000 -0.78183254
vn -0.54254669 0.00000000 -0.84002565
vn -0.58373977 -0.00000000 -0.81194081
vn -0.45621357 0.00000000 -0.88987031
vn -0.50000504 -0.00000000 -0.86602250
vn -0.36533972 0.00000000 -0.93087426
vn -0.41128778 0.00000000 -0.91150555
vn -0.27083922 0.00000000 -0.96262460
vn -0.31848330 -0.00000000 -0.94792847
vn -0.17365161 0.00000000 -0.98480715
vn -0.22252186 0.00000000 -0.97492770
vn -0.12434968 0.00000000 -0.99223846
vn -0.12434968 -0.00000000 -0.99223846
vn -0.22252186 0.00000000 -0.97492770
vn -0.12434968 0.00000000 -0.99223846
vn 0.02493345 -0.00000000 -0.99968911
vn -0.02493184 0.00000000 -0.99968915
vn 0.12434840 -0.00000000 -0.99223862
vn 0.07473674 -0.00000000 -0.99720330
vn 0.17365095 -0.00000000 -0.98480726
vn 0.17365095 -0.00000000 -0.98480726
vn 0.07473674 -0.00000000 -0.99720330
vn 0.17365095 -0.00000000 -0.98480726
vn 0.27083215 -0.00000000 -0.96262659
vn 0.27083215 -0.00000000 -0.96262659
vn 0.31848416 -0.00000000 -0.94792818
vn 0.28606277 0.71849991 -0.63397631
vn 0.36534417 0.00000000 -0.93087251
vn 0.41128921 -0.00000000 -0.91150490
vn 0.45621177 0.00000000 -0.88987124
vn 0.45621177 -0.00000000 -0.88987124
vn 0.49999787 -0.00000000 -0.86602663
vn 0.45621177 -0.00000000 -0.88987124
vn 0.54254108 0.00000000 -0.84002927
vn 0.58374191 -0.00000000 -0.81193927
vn 0.62349124 -0.00000000 -0.78183034
vn 0.62349124 0.00000000 -0.78183034
vn 0.66168609 -0.00000000 -0.74978098
vn 0.69823598 0.00000000 -0.71586766
vn 0.69823598 -0.00000000 -0.71586766
vn 0.73305378 -0.00000000 -0.68017068
vn 0.76604880 -0.00000000 -0.64278242
vn 0.76604880 -0.00000000 -0.64278242
vn 0.79713412 0.00000000 -0.60380228
vn 0.82623797 0.00000000 -0.56332124
vn 0.82623797 -0.00000000 -0.56332124
vn 0.85328894 0.00000000 -0.52143839
vn 0.87821869 -0.00000000 -0.47825927
vn 0.87821869 0.00000000 -0.47825927
vn 0.90096860 0.00000000 -0.43388429
vn 0.87821869 -0.00000000 -0.47825927
vn 0.92147808 -0.00000000 -0.38843037
vn 0.93969264 0.00000000 -0.34202010
vn 0.95557142 0.00000000 -0.29475968
vn 0.95557142 -0.00000000 -0.29475968
vn 0.96907684 0.00000000 -0.24675915
vn 0.98017270 0.00000000 -0.19814507
vn 0.98017270 0.00000000 -0.19814507
vn 0.98883101 0.00000000 -0.14904104
vn 0.99503091 0.00000000 -0.09956647
vn 0.99503091 -0.00000000 -0.09956647
vn 0.99875696 0.00000000 -0.04984519
vn 1.00000000 -0.00000000 0.00000000
vn 0.99875696 -0.00000000 0.04984519
vn 0.99503091 -0.00000000 0.09956647
vn 0.99503091 0.00000000 0.09956647
vn 0.98883101 -0.00000000 0.14904104
vn 0.98017270 -0.00000000 0.19814507
vn 0.98017270 0.00000000 0.19814507
vn 0.96907684 -0.00000000 0.24675915
vn 0.95557142 -0.00000000 0.29475968
vn 0.95557142 -0.00000000 0.29475968
vn 0.93969224 -0.00000000 0.34202119
vn 0.87822006 -0.00000000 0.47825676
vn 0.90096872 0.00000000 0.43388405
vn 0.87822006 -0.00000000 0.47825676
vn 0.92147717 0.00000000 0.38843251
vn 0.92147717 -0.00000000 0.38843251
vn 0.85328968 -0.00000000 0.52143717
vn 0.79713296 -0.00000000 0.60380381
vn 0.82623797 -0.00000000 0.56332124
vn 0.82623797 0.00000000 0.56332124
vn 0.73305247 -0.00000000 0.68017209
vn 0.76604633 0.00000000 0.64278536
vn 0.76604633 -0.00000000 0.64278536
vn 0.66168609 0.00000000 0.74978098
vn 0.69823598 0.00000000 0.71586766
vn 0.69823598 0.00000000 0.71586766
vn 0.58374395 -0.00000000 0.81193781
vn 0.62349124 -0.00000000 0.78183034
vn 0.54254530 -0.00000000 0.84002655
vn 0.54254530 0.00000000 0.84002655
vn 0.62349124 0.00000000 0.78183034
vn 0.50000004 -0.00000000 0.86602538
vn 0.45621177 -0.00000000 0.88987124
vn 0.45621177 0.00000000 0.88987124
vn 0.41128668 0.00000000 0.91150604
vn 0.36533899 -0.00000000 0.93087455
vn 0.36533899 -0.00000000 0.93087455
vn 0.31848425 -0.00000000 0.94792815
vn 0.22252090 -0.00000000 0.97492792
vn 0.27083769 -0.00000000 0.96262503
vn 0.27083769 -0.00000000 0.96262503
vn 0.17365095 0.00000000 0.98480726
vn 0.17365095 0.00000000 0.98480726
vn 0.17365095 0.00000000 0.98480726
vn 0.02493047 0.00000000 0.99968919
vn 0.07473079 -0.00000000 0.99720374
vn -0.07473071 0.00000000 0.99720375
vn -0.02493184 0.00000000 0.99968915
vn -0.02493184 0.00000000 0.99968915
vn -0.02493184 -0.00000000 0.99968915
vn -0.17364869 0.00000000 0.98480766
vn -0.27083922 0.00000000 0.96262460
vn -0.22252186 -0.00000000 0.97492770
vn -0.36533972 -0.00000000 0.93087426
vn -0.31848330 0.00000000 0.94792847
vn -0.45621357 0.00000000 0.88987031
vn -0.41128778 0.00000000 0.91150555
vn -0.37735645 0.71849893 0.58426141
vn -0.50000504 0.00000000 0.86602250
vn -0.41128778 -0.00000000 0.91150555
vn -0.54254669 -0.00000000 0.84002565
vn -0.58373977 0.00000000 0.81194081
vn -0.58373977 -0.00000000 0.81194081
vn -0.62348847 0.00000000 0.78183254
vn -0.58373977 -0.00000000 0.81194081
vn -0.69823837 0.00000000 0.71586533
vn -0.76604386 0.00000000 0.64278830
vn -0.73305387 0.00000000 0.68017058
vn -0.79712965 -0.00000000 0.60380819
vn -0.79712965 -0.00000000 0.60380819
vn -0.73305387 -0.00000000 0.68017058
vn -0.79712965 0.00000000 0.60380819
vn -0.87822152 0.00000000 0.47825408
vn -0.85329233 -0.00000000 0.52143284
vn -0.92147615 -0.00000000 0.38843495
vn -0.90096756 0.00000000 0.43388645
vn -0.95557291 0.00000000 0.29475485
vn -0.93969353 0.00000000 0.34201764
vn -0.98017225 -0.00000000 0.19814732
vn -0.96907680 0.00000000 0.24675932
vn -0.99503106 -0.00000000 0.09956503
vn -0.98883076 -0.00000000 0.14904268
vn -0.99875722 -0.00000000 0.04983981
vn -0.99875722 -0.00000000 0.04983981
vn -0.99875722 -0.00000000 0.04983981
vn 0.00000000 -1.00000000 -0.00000000
vn -0.00000000 -1.00000000 -0.00000000
vn -0.49372806 -0.70710678 -0.50619424
vn -0.00000000 -1.00000000 -0.00000000
vn 0.00000000 -1.00000000 -0.00000000
vn -0.00000000 -1.00000000 -0.00000000
vn -0.54167514 -0.70710678 -0.45451957
vn -0.00000000 -1.00000000 -0.00000000
vn 0.00000000 -1.00000000 -0.00000000
vn 0.00000000 -1.00000000 -0.00000000
vn -0.44087391 -0.70710678 -0.55283831
vn 0.00000000 -1.00000000 -0.00000000
vn 0.00000000 -1.00000000 0.00000000
vn -0.00000000 -1.00000000 0.00000000
vn -0.58423919 -0.70710678 -0.39832722
vn -0.00000000 -1.00000000 0.00000000
vn -0.00000000 -1.00000000 -0.00000000
vn -0.00000000 -1.00000000 -0.00000000
vn 0.00000000 -1.00000000 -0.00000000
vn 0.00000000 -1.00000000 0.00000000
vn -0.38363812 -0.70710678 -0.59398804
vn -0.00000000 -1.00000000 0.00000000
vn 0.00000000 -1.00000000 -0.00000000
vn 0.00000000 -1.00000000 -0.00000000
vn -0.62099647 -0.70710678 -0.33817656
vn 0.00000000 -1.00000000 -0.00000000
vn 0.00000000 -1.00000000 0.00000000
vn 0.00000000 -1.00000000 -0.00000000
vn -0.00000000 -1.00000000 -0.00000000
vn 0.00000000 -1.00000000 -0.00000000
vn -0.65158187 -0.70710678 -0.27466538
vn 0.00000000 -1.00000000 -0.00000000
vn 0.00000000 -1.00000000 -0.00000000
vn 0.00000000 -1.00000000 -0.00000000
vn -0.25833547 -0.70710678 -0.65822700
vn -0.00000000 -1.00000000 0.00000000
vn 0.00000000 -1.00000000 0.00000000
vn -0.00000000 -1.00000000 0.00000000
vn -0.67569201 -0.70710678 -0.20842338
vn -0.00000000 -1.00000000 0.00000000
vn -0.00000000 -1.00000000 0.00000000
vn -0.00000000 -1.00000000 0.00000000
vn -0.19151315 -0.70710678 -0.68067813
vn 0.00000000 -1.00000000 -0.00000000
vn -0.00000000 -1.00000000 -0.00000000
vn -0.00000000 -1.00000000 -0.00000000
vn -0.69308664 -0.70710678 -0.14011035
vn -0.00000000 -1.00000000 -0.00000000
vn 0.00000000 -1.00000000 -0.00000000
vn 0.00000000 -1.00000000 -0.00000000
vn -0.12278789 -0.70710678 -0.69636423
vn -0.00000000 -1.00000000 0.00000000
vn 0.00000000 -1.00000000 0.00000000
vn 0.00000000 -1.00000000 0.00000000
vn 0.00000000 -1.00000000 0.00000000
vn 0.00000000 -1.00000000 -0.00000000
vn -0.70359303 -0.70710678 -0.07040484
vn -0.00000000 -1.00000000 0.00000000
vn -0.00000000 -1.00000000 -0.00000000
vn -0.00000000 -1.00000000 0.00000000
vn -0.00000000 -1.00000000 -0.00000000
vn -0.00000000 -1.00000000 -0.00000000
vn -0.05284205 -0.70710678 -0.70512958
vn 0.00000000 -1.00000000 -0.00000000
vn -0.70710678 -0.70710678 -0.00000000
vn -0.00000000 -1.00000000 -0.00000000
vn -0.00000000 -1.00000000 0.00000000
vn -0.00000000 -1.00000000 -0.00000000
vn -0.00000000 -1.00000000 -0.00000000
vn 0.00000000 -1.00000000 -0.00000000
vn -0.70359303 -0.70710678 0.07040484
vn -0.00000000 -1.00000000 -0.00000000
vn 0.00000000 -1.00000000 -0.00000000
vn 0.00000000 -1.00000000 -0.00000000
vn 0.08792430 -0.70710678 -0.70161907
vn -0.00000000 -1.00000000 0.00000000
vn -0.69308664 -0.70710678 0.14011035
vn 0.00000000 -1.00000000 0.00000000
vn 0.00000000 -1.00000000 -0.00000000
vn 0.00000000 -1.00000000 -0.00000000
vn 0.00000000 -1.00000000 0.00000000
vn 0.00000000 -1.00000000 0.00000000
vn -0.00000000 -1.00000000 0.00000000
vn -0.00000000 -1.00000000 0.00000000
vn -0.67569201 -0.70710678 0.20842338
vn 0.00000000 -1.00000000 0.00000000
vn 0.00000000 -1.00000000 -0.00000000
vn 0.00000000 -1.00000000 0.00000000
vn 0.00000000 -1.00000000 -0.00000000
vn 0.00000000 -1.00000000 -0.00000000
vn 0.00000000 -1.00000000 0.00000000
vn -0.00000000 -1.00000000 0.00000000
vn -0.00000000 -1.00000000 0.00000000
vn -0.00000000 -1.00000000 0.00000000
vn -0.65158187 -0.70710678 0.27466538
vn -0.00000000 -1.00000000 -0.00000000
vn 0.00000000 -1.00000000 -0.00000000
vn -0.00000000 -1.00000000 -0.00000000
vn 0.00000000 -1.00000000 -0.00000000
vn 0.00000000 -1.00000000 0.00000000
vn 0.00000000 -1.00000000 0.00000000
vn 0.00000000 -1.00000000 0.00000000
vn -0.62099647 -0.70710678 0.33817656
vn 0.00000000 -1.00000000 0.00000000
vn -0.00000000 -1.00000000 -0.00000000
vn -0.00000000 -1.00000000 -0.00000000
vn 0.00000000 -1.00000000 -0.00000000
vn 0.00000000 -1.00000000 -0.00000000
vn -0.00000000 -1.00000000 -0.00000000
vn -0.00000000 -1.00000000 0.00000000
vn -0.58423919 -0.70710678 0.39832722
vn -0.00000000 -1.00000000 -0.00000000
vn 0.00000000 -1.00000000 -0.00000000
vn 0.00000000 -1.00000000 -0.00000000
vn 0.41276922 -0.70710678 -0.57412679
vn 0.00000000 -1.00000000 -0.00000000
vn 0.00000000 -1.00000000 0.00000000
vn 0.00000000 -1.00000000 0.00000000
vn -0.54167514 -0.70710678 0.45451957
vn 0.00000000 -1.00000000 0.00000000
vn -0.00000000 -1.00000000 -0.00000000
vn 0.00000000 -1.00000000 -0.00000000
vn 0.00000000 -1.00000000 -0.00000000
vn 0.00000000 -1.00000000 -0.00000000
vn -0.49372806 -0.70710678 0.50619424
vn -0.00000000 -1.00000000 -0.00000000
vn -0.00000000 -1.00000000 0.00000000
vn -0.00000000 -1.00000000 0.00000000
vn -0.00000000 -1.00000000 0.00000000
vn 0.00000000 -1.00000000 0.00000000
vn 0.00000000 -1.00000000 0.00000000
vn 0.00000000 -1.00000000 -0.00000000
vn -0.00000000 -1.00000000 -0.00000000
vn -0.00000000 -1.00000000 -0.00000000
vn 0.00000000 -1.00000000 0.00000000
vn -0.00000000 -1.00000000 0.00000000
vn -0.44087391 -0.70710678 0.55283831
vn 0.00000000 -1.00000000 0.00000000
vn 0.00000000 -1.00000000 -0.00000000
vn -0.00000000 -1.00000000 -0.00000000
vn 0.00000000 -1.00000000 0.00000000
vn -0.00000000 -1.00000000 0.00000000
vn -0.38363812 -0.70710678 0.59398804
vn -0.00000000 -1.00000000 0.00000000
vn -0.32258935 -0.70710678 0.62923455
vn 0.00000000 -1.00000000 0.00000000
vn -0.00000000 -1.00000000 0.00000000
vn -0.00000000 -1.00000000 -0.00000000
vn 0.00000000 -1.00000000 -0.00000000
vn -0.00000000 -1.00000000 0.00000000
vn -0.00000000 -1.00000000 0.00000000
vn -0.00000000 -1.00000000 -0.00000000
vn -0.00000000 -1.00000000 0.00000000
vn 0.00000000 -1.00000000 0.00000000
vn 0.00000000 -1.00000000 0.00000000
vn 0.00000000 -1.00000000 0.00000000
vn -0.00000000 -1.00000000 -0.00000000
vn -0.25833547 -0.70710678 0.65822700
vn -0.00000000 -1.00000000 -0.00000000
vn -0.00000000 -1.00000000 0.00000000
vn -0.00000000 -1.00000000 0.00000000
vn -0.00000000 -1.00000000 -0.00000000
vn -0.00000000 -1.00000000 -0.00000000
vn -0.00000000 -1.00000000 -0.00000000
vn 0.00000000 -1.00000000 0.00000000
vn -0.19151315 -0.70710678 0.68067813
vn 0.00000000 -1.00000000 0.00000000
vn 0.00000000 -1.00000000 0.00000000
vn 0.00000000 -1.00000000 -0.00000000
vn 0.00000000 -1.00000000 0.00000000
vn 0.00000000 -1.00000000 -0.00000000
vn 0.00000000 -1.00000000 -0.00000000
vn 0.00000000 -1.00000000 0.00000000
vn -0.00000000 -1.00000000 0.00000000
vn -0.00000000 -1.00000000 -0.00000000
vn -0.00000000 -1.00000000 -0.00000000
vn -0.00000000 -1.00000000 0.00000000
vn -0.00000000 -1.00000000 -0.00000000
vn -0.12278789 -0.70710678 0.69636423
vn -0.00000000 -1.00000000 -0.00000000
vn 0.00000000 -1.00000000 -0.00000000
vn 0.00000000 -1.00000000 0.00000000
vn 0.00000000 -1.00000000 -0.00000000
vn 0.00000000 -1.00000000 -0.00000000
vn 0.00000000 -1.00000000 -0.00000000
vn -0.00000000 -1.00000000 -0.00000000
vn 0.00000000 -1.00000000 -0.00000000
vn -0.00000000 -1.00000000 -0.00000000
vn -0.00000000 -1.00000000 -0.00000000
vn -0.00000000 -1.00000000 -0.00000000
vn 0.00000000 -1.00000000 0.00000000
vn -0.00000000 -1.00000000 -0.00000000
vn 0.01762846 -0.70710678 0.70688700
vn -0.00000000 -1.00000000 -0.00000000
vn -0.00000000 -1.00000000 -0.00000000
vn -0.00000000 -1.00000000 -0.00000000
vn -0.00000000 -1.00000000 0.00000000
vn -0.00000000 -1.00000000 0.00000000
vn -0.00000000 -1.00000000 -0.00000000
vn -0.00000000 -1.00000000 -0.00000000
vn -0.00000000 -1.00000000 -0.00000000
vn -0.00000000 -1.00000000 0.00000000
vn -0.00000000 -1.00000000 -0.00000000
vn 0.00000000 -1.00000000 -0.00000000
vn -0.00000000 -1.00000000 0.00000000
vn -0.00000000 -1.00000000 0.00000000
vn 0.00000000 -1.00000000 0.00000000
vn 0.00000000 -1.00000000 -0.00000000
vn 0.00000000 -1.00000000 0.00000000
vn 0.00000000 -1.00000000 0.00000000
vn 0.15734617 -0.70710678 0.68937811
vn -0.00000000 -1.00000000 0.00000000
vn -0.00000000 -1.00000000 -0.00000000
vn -0.00000000 -1.00000000 -0.00000000
vn 0.00000000 -1.00000000 -0.00000000
vn 0.00000000 -1.00000000 -0.00000000
vn -0.00000000 -1.00000000 -0.00000000
vn -0.00000000 -1.00000000 -0.00000000
vn 0.00000000 -1.00000000 0.00000000
vn -0.00000000 -1.00000000 -0.00000000
vn -0.00000000 -1.00000000 0.00000000
vn -0.00000000 -1.00000000 0.00000000
vn -0.00000000 -1.00000000 -0.00000000
vn 0.00000000 -1.00000000 -0.00000000
vn 0.29082412 -0.70710678 0.64453187
vn -0.00000000 -1.00000000 0.00000000
vn -0.00000000 -1.00000000 -0.00000000
vn -0.00000000 -1.00000000 0.00000000
vn 0.00000000 -1.00000000 0.00000000
vn 0.00000000 -1.00000000 0.00000000
vn -0.00000000 -1.00000000 -0.00000000
vn 0.00000000 -1.00000000 -0.00000000
vn 0.35355302 -0.70710678 0.61237265
vn 0.00000000 -1.00000000 0.00000000
vn 0.00000000 -1.00000000 -0.00000000
vn -0.00000000 -1.00000000 -0.00000000
vn -0.00000000 -1.00000000 0.00000000
vn -0.00000000 -1.00000000 0.00000000
vn -0.00000000 -1.00000000 -0.00000000
vn 0.00000000 -1.00000000 -0.00000000
vn 0.46788247 -0.70710678 0.53017543
vn 0.00000000 -1.00000000 -0.00000000
vn -0.00000000 -1.00000000 0.00000000
vn 0.00000000 -1.00000000 -0.00000000
vn -0.00000000 -1.00000000 -0.00000000
vn -0.00000000 -1.00000000 -0.00000000
vn 0.00000000 -1.00000000 -0.00000000
vn 0.51834606 -0.70710678 0.48095464
vn -0.00000000 -1.00000000 0.00000000
vn -0.00000000 -1.00000000 -0.00000000
vn -0.00000000 -1.00000000 0.00000000
vn 0.00000000 -1.00000000 -0.00000000
vn 0.70622781 -0.70710678 0.03524609
vn 1.00000000 0.00000000 -0.00000000
vn 0.99875694 -0.00000000 0.04984549
vn 0.99503079 0.00000000 0.09956775
vn 0.99875694 -0.00000000 0.04984549
vn 0.69920896 -0.70710678 0.10538893
vn 0.98883080 0.00000000 0.14904245
vn 0.98017247 0.00000000 0.19814623
vn 0.98883080 0.00000000 0.14904245
vn 0.68524112 -0.70710678 0.17448382
vn 0.96907729 0.00000000 0.24675738
vn 0.95557289 0.00000000 0.29475490
vn 0.96907729 0.00000000 0.24675738
vn 0.93969281 0.00000000 0.34201963
vn 0.92147631 -0.00000000 0.38843457
vn 0.93969281 -0.00000000 0.34201963
vn 0.63708118 -0.70710678 0.30680216
vn 0.90096885 -0.00000000 0.43388378
vn 0.90096885 0.00000000 0.43388378
vn 0.87822140 0.00000000 0.47825430
vn 0.90096885 -0.00000000 0.43388378
vn 0.85329052 0.00000000 0.52143580
vn 0.60336751 -0.70710678 0.36871079
vn 0.82623865 -0.00000000 0.56332024
vn 0.85329052 0.00000000 0.52143580
vn 0.56365791 -0.70710678 0.42695405
vn 0.79713266 -0.00000000 0.60380421
vn 0.76604460 0.00000000 0.64278743
vn 0.79713266 -0.00000000 0.60380421
vn 0.73305203 0.00000000 0.68017257
vn 0.51834606 -0.70710678 0.48095464
vn 0.69823685 -0.00000000 0.71586682
vn 0.73305203 0.00000000 0.68017257
vn 0.46788247 -0.70710678 0.53017543
vn 0.66168574 -0.00000000 0.74978129
vn 0.62348982 -0.00000000 0.78183147
vn 0.66168574 0.00000000 0.74978129
vn 0.58374382 -0.00000000 0.81193790
vn 0.54254609 0.00000000 0.84002604
vn 0.58374382 -0.00000000 0.81193790
vn 0.35355302 -0.70710678 0.61237265
vn 0.49999947 0.00000000 0.86602571
vn 0.49999947 -0.00000000 0.86602571
vn 0.45621054 0.00000000 0.88987187
vn 0.49999947 -0.00000000 0.86602571
vn 0.41128742 -0.00000000 0.91150571
vn 0.36534131 0.00000000 0.93087364
vn 0.41128742 -0.00000000 0.91150571
vn 0.29082412 -0.70710678 0.64453187
vn 0.31848690 0.00000000 0.94792726
vn 0.27084067 -0.00000000 0.96262419
vn 0.31848690 0.00000000 0.94792726
vn 0.22520425 -0.70710678 0.67028579
vn 0.22252108 -0.00000000 0.97492788
vn 0.17364827 -0.00000000 0.98480774
vn 0.22252108 -0.00000000 0.97492788
vn 0.15734617 -0.70710678 0.68937811
vn 0.12434374 0.00000000 0.99223920
vn 0.07472997 -0.00000000 0.99720381
vn 0.12434374 0.00000000 0.99223920
vn 0.08792430 -0.70710678 0.70161907
vn 0.02493041 -0.00000000 0.99968919
vn -0.02493076 0.00000000 0.99968918
vn 0.02493041 -0.00000000 0.99968919
vn 0.01762846 -0.70710678 0.70688700
vn -0.07472995 0.00000000 0.99720381
vn -0.12434369 -0.00000000 0.99223921
vn -0.07472995 0.00000000 0.99720381
vn -0.05284205 -0.70710678 0.70512958
vn -0.12278789 -0.70710678 0.69636423
vn -0.17364829 -0.00000000 0.98480773
vn -0.22252100 -0.00000000 0.97492790
vn -0.15976691 -0.69605781 0.69998432
vn -0.27084049 -0.00000000 0.96262424
vn -0.31848692 -0.00000000 0.94792726
vn -0.27084049 0.00000000 0.96262424
vn -0.25833547 -0.70710678 0.65822700
vn -0.36534153 -0.00000000 0.93087355
vn -0.36534153 -0.00000000 0.93087355
vn -0.41128713 -0.00000000 0.91150584
vn -0.36534153 -0.00000000 0.93087355
vn -0.45621023 -0.00000000 0.88987203
vn -0.32258935 -0.70710678 0.62923455
vn -0.49999978 -0.00000000 0.86602553
vn -0.45621023 0.00000000 0.88987203
vn -0.54254623 -0.00000000 0.84002594
vn -0.58374369 -0.00000000 0.81193799
vn -0.54254623 -0.00000000 0.84002594
vn -0.44087391 -0.70710678 0.55283831
vn -0.62348986 0.00000000 0.78183143
vn -0.62348986 -0.00000000 0.78183143
vn -0.66168592 -0.00000000 0.74978113
vn -0.62348986 0.00000000 0.78183143
vn -0.69823691 -0.00000000 0.71586676
vn -0.73305186 -0.00000000 0.68017275
vn -0.69823691 0.00000000 0.71586676
vn -0.54167514 -0.70710678 0.45451957
vn -0.76604433 0.00000000 0.64278774
vn -0.76604433 -0.00000000 0.64278774
vn -0.79713256 -0.00000000 0.60380434
vn -0.76604433 -0.00000000 0.64278774
vn -0.58423919 -0.70710678 0.39832722
vn -0.82623898 -0.00000000 0.56331976
vn -0.85329100 -0.00000000 0.52143500
vn -0.87822163 0.00000000 0.47825388
vn -0.87822163 0.00000000 0.47825388
vn -0.62099647 -0.70710678 0.33817656
vn -0.90096873 0.00000000 0.43388403
vn -0.87822163 0.00000000 0.47825388
vn -0.65158187 -0.70710678 0.27466538
vn -0.92147592 0.00000000 0.38843550
vn -0.93969249 0.00000000 0.34202050
vn -0.92147592 0.00000000 0.38843550
vn -0.67569201 -0.70710678 0.20842338
vn -0.95557281 0.00000000 0.29475517
vn -0.96907731 -0.00000000 0.24675730
vn -0.95557281 0.00000000 0.29475517
vn -0.69308664 -0.70710678 0.14011035
vn -0.98017253 0.00000000 0.19814595
vn -0.98883087 -0.00000000 0.14904199
vn -0.98017253 0.00000000 0.19814595
vn -0.70359303 -0.70710678 0.07040484
vn -0.99503081 0.00000000 0.09956749
vn -0.99875693 -0.00000000 0.04984570
vn -0.99503081 -0.00000000 0.09956749
vn -1.00000000 -0.00000000 -0.00000000
vn -0.99875693 -0.00000000 -0.04984570
vn -1.00000000 -0.00000000 -0.00000000
vn -0.70359303 -0.70710678 -0.07040484
vn -0.99503081 -0.00000000 -0.09956749
vn -0.99503081 -0.00000000 -0.09956749
vn -0.98883087 0.00000000 -0.14904199
vn -0.99503081 -0.00000000 -0.09956749
vn -0.98017253 0.00000000 -0.19814595
vn -0.96907731 0.00000000 -0.24675730
vn -0.98017253 0.00000000 -0.19814595
vn -0.93969249 -0.00000000 -0.34202050
vn -0.92147592 0.00000000 -0.38843550
vn -0.67569201 -0.70710678 -0.20842338
vn -0.95557281 0.00000000 -0.29475517
vn -0.95557281 0.00000000 -0.29475517
vn -0.95557281 0.00000000 -0.29475517
vn -0.87822163 0.00000000 -0.47825388
vn -0.87822163 0.00000000 -0.47825388
vn -0.65158187 -0.70710678 -0.27466538
vn -0.90096873 -0.00000000 -0.43388403
vn -0.62099647 -0.70710678 -0.33817656
vn -0.85329100 0.00000000 -0.52143500
vn -0.87822163 -0.00000000 -0.47825388
vn -0.82623898 0.00000000 -0.56331976
vn -0.79713256 0.00000000 -0.60380434
vn -0.82623898 0.00000000 -0.56331976
vn -0.76604433 0.00000000 -0.64278774
vn -0.58423919 -0.70710678 -0.39832722
vn -0.54167514 -0.70710678 -0.45451957
vn -0.73305186 0.00000000 -0.68017275
vn -0.76604433 -0.00000000 -0.64278774
vn -0.69823691 0.00000000 -0.71586676
vn -0.66168592 -0.00000000 -0.74978113
vn -0.69823691 0.00000000 -0.71586676
vn -0.49372806 -0.70710678 -0.50619424
vn -0.62348986 0.00000000 -0.78183143
vn -0.58374369 -0.00000000 -0.81193799
vn -0.62348986 -0.00000000 -0.78183143
vn -0.44087391 -0.70710678 -0.55283831
vn -0.54254623 -0.00000000 -0.84002594
vn -0.49999978 0.00000000 -0.86602553
vn -0.54254623 0.00000000 -0.84002594
vn -0.38363812 -0.70710678 -0.59398804
vn -0.32258935 -0.70710678 -0.62923455
vn -0.45621023 0.00000000 -0.88987203
vn -0.41128713 -0.00000000 -0.91150584
vn -0.45621023 0.00000000 -0.88987203
vn -0.25833547 -0.70710678 -0.65822700
vn -0.36534153 0.00000000 -0.93087355
vn -0.31848692 -0.00000000 -0.94792726
vn -0.27084049 0.00000000 -0.96262424
vn -0.27084049 0.00000000 -0.96262424
vn -0.17364829 -0.00000000 -0.98480773
vn -0.17364829 -0.00000000 -0.98480773
vn -0.19151315 -0.70710678 -0.68067813
vn -0.27084049 0.00000000 -0.96262424
vn -0.12278789 -0.70710678 -0.69636423
vn -0.12434369 -0.00000000 -0.99223921
vn -0.17364829 -0.00000000 -0.98480773
vn -0.07472995 -0.00000000 -0.99720381
vn -0.02493076 0.00000000 -0.99968918
vn -0.07472995 -0.00000000 -0.99720381
vn -0.05284205 -0.70710678 -0.70512958
vn 0.02493041 0.00000000 -0.99968919
vn 0.07472997 -0.00000000 -0.99720381
vn 0.02493041 0.00000000 -0.99968919
vn 0.12434374 -0.00000000 -0.99223920
vn 0.01762846 -0.70710678 -0.70688700
vn 0.08792430 -0.70710678 -0.70161907
vn 0.17364827 0.00000000 -0.98480774
vn 0.12434374 -0.00000000 -0.99223920
vn 0.22252108 0.00000000 -0.97492788
vn 0.27084067 -0.00000000 -0.96262419
vn 0.22252108 0.00000000 -0.97492788
vn 0.31848690 -0.00000000 -0.94792726
vn 0.15734617 -0.70710678 -0.68937811
vn 0.22520425 -0.70710678 -0.67028579
vn 0.36534131 0.00000000 -0.93087364
vn 0.31848690 -0.00000000 -0.94792726
vn 0.41128742 0.00000000 -0.91150571
vn 0.45621054 -0.00000000 -0.88987187
vn 0.41128742 0.00000000 -0.91150571
vn 0.29082412 -0.70710678 -0.64453187
vn 0.49999947 0.00000000 -0.86602571
vn 0.54254609 -0.00000000 -0.84002604
vn 0.49999947 0.00000000 -0.86602571
vn 0.35355302 -0.70710678 -0.61237265
vn 0.58374382 0.00000000 -0.81193790
vn 0.62348982 0.00000000 -0.78183147
vn 0.58374382 0.00000000 -0.81193790
vn 0.41276922 -0.70710678 -0.57412679
vn 0.69823685 -0.00000000 -0.71586682
vn 0.66168574 -0.00000000 -0.74978129
vn 0.46788247 -0.70710678 -0.53017543
vn 0.73305203 -0.00000000 -0.68017257
vn 0.76604460 0.00000000 -0.64278743
vn 0.73305203 -0.00000000 -0.68017257
vn 0.79713266 0.00000000 -0.60380421
vn 0.51834606 -0.70710678 -0.48095464
vn 0.73305203 -0.00000000 -0.68017257
vn 0.82623865 -0.00000000 -0.56332024
vn 0.79713266 -0.00000000 -0.60380421
vn 0.85329052 -0.00000000 -0.52143580
vn 0.87822140 -0.00000000 -0.47825430
vn 0.85329052 0.00000000 -0.52143580
vn 0.60336751 -0.70710678 -0.36871079
vn 0.85329052 0.00000000 -0.52143580
vn 0.90096885 0.00000000 -0.43388378
vn 0.92147631 -0.00000000 -0.38843457
vn 0.90096885 -0.00000000 -0.43388378
vn 0.63708118 -0.70710678 -0.30680216
vn 0.93969281 0.00000000 -0.34201963
vn 0.95557289 -0.00000000 -0.29475490
vn 0.93969281 -0.00000000 -0.34201963
vn 0.66446316 -0.70710678 -0.24184440
vn 0.96907729 0.00000000 -0.24675738
vn 0.98017247 0.00000000 -0.19814623
vn 0.96907729 -0.00000000 -0.24675738
vn 0.68524112 -0.70710678 -0.17448382
vn 0.99503079 -0.00000000 -0.09956775
vn 0.98883080 -0.00000000 -0.14904245
vn 0.99875694 -0.00000000 -0.04984549
vn 0.99875694 -0.00000000 -0.04984549
vn 0.69920896 -0.70710678 -0.10538893
vn 0.70622781 -0.70710678 -0.03524609
vn 0.99875694 -0.00000000 -0.04984549
vn 0.00000000 -1.00000000 0.00000000
vn 0.00000000 -1.00000000 0.00000000
vn 0.49372797 -0.70710678 0.50619432
vn 0.00000000 -1.00000000 0.00000000
vn 0.00000000 -1.00000000 0.00000000
vn 0.00000000 -1.00000000 0.00000000
vn 0.00000000 -1.00000000 0.00000000
vn 0.54167529 -0.70710678 0.45451940
vn 0.00000000 -1.00000000 0.00000000
vn 0.00000000 -1.00000000 0.00000000
vn 0.00000000 -1.00000000 0.00000000
vn 0.44087389 -0.70710678 0.55283832
vn 0.00000000 -1.00000000 0.00000000
vn 0.00000000 -1.00000000 0.00000000
vn 0.00000000 -1.00000000 0.00000000
vn 0.58423906 -0.70710678 0.39832740
vn 0.00000000 -1.00000000 0.00000000
vn 0.00000000 -1.00000000 0.00000000
vn 0.00000000 -1.00000000 0.00000000
vn 0.38363841 -0.70710678 0.59398786
vn 0.00000000 -1.00000000 0.00000000
vn 0.00000000 -1.00000000 0.00000000
vn 0.00000000 -1.00000000 0.00000000
vn 0.62099639 -0.70710678 0.33817671
vn 0.00000000 -1.00000000 0.00000000
vn 0.32258965 -0.70710678 0.62923439
vn 0.00000000 -1.00000000 0.00000000
vn 0.00000000 -1.00000000 0.00000000
vn 0.00000000 -1.00000000 0.00000000
vn 0.00000000 -1.00000000 0.00000000
vn 0.00000000 -1.00000000 0.00000000
vn 0.65158209 -0.70710678 0.27466486
vn 0.00000000 -1.00000000 0.00000000
vn 0.00000000 -1.00000000 0.00000000
vn 0.00000000 -1.00000000 0.00000000
vn 0.25833504 -0.70710678 0.65822717
vn 0.00000000 -1.00000000 0.00000000
vn -0.00000000 -1.00000000 -0.00000000
vn -0.00000000 -1.00000000 0.00000000
vn 0.00000000 -1.00000000 0.00000000
vn 0.67569194 -0.70710678 0.20842362
vn 0.00000000 -1.00000000 0.00000000
vn -0.00000000 -1.00000000 0.00000000
vn 0.00000000 -1.00000000 0.00000000
vn 0.00000000 -1.00000000 0.00000000
vn 0.19151284 -0.70710678 0.68067821
vn 0.00000000 -1.00000000 0.00000000
vn 0.00000000 -1.00000000 0.00000000
vn 0.69308660 -0.70710678 0.14011057
vn 0.00000000 -1.00000000 0.00000000
vn 0.12278777 -0.70710678 0.69636425
vn 0.00000000 -1.00000000 0.00000000
vn 0.00000000 -1.00000000 0.00000000
vn -0.00000000 -1.00000000 -0.00000000
vn -0.00000000 -1.00000000 0.00000000
vn 0.00000000 -1.00000000 0.00000000
vn 0.70359305 -0.70710678 0.07040467
vn 0.00000000 -1.00000000 0.00000000
vn 0.00000000 -1.00000000 0.00000000
vn 0.00000000 -1.00000000 0.00000000
vn 0.05284239 -0.70710678 0.70512955
vn 0.00000000 -1.00000000 0.00000000
vn 0.00000000 -1.00000000 0.00000000
vn 0.70710678 -0.70710678 0.00000000
vn 0.00000000 -1.00000000 0.00000000
vn 0.00000000 -1.00000000 0.00000000
vn 0.00000000 -1.00000000 0.00000000
vn -0.01762856 -0.70710678 0.70688700
vn 0.00000000 -1.00000000 0.00000000
vn 0.00000000 -1.00000000 0.00000000
vn 0.00000000 -1.00000000 0.00000000
vn 0.70359305 -0.70710678 -0.07040467
vn 0.00000000 -1.00000000 0.00000000
vn 0.00000000 -1.00000000 0.00000000
vn 0.00000000 -1.00000000 0.00000000
vn -0.08792431 -0.70710678 0.70161907
vn 0.00000000 -1.00000000 0.00000000
vn 0.00000000 -1.00000000 0.00000000
vn 0.69308660 -0.70710678 -0.14011057
vn 0.00000000 -1.00000000 0.00000000
vn 0.00000000 -1.00000000 0.00000000
vn 0.00000000 -1.00000000 0.00000000
vn 0.00000000 -1.00000000 0.00000000
vn -0.15734610 -0.70710678 0.68937813
vn 0.00000000 -1.00000000 0.00000000
vn 0.00000000 -1.00000000 0.00000000
vn 0.67569194 -0.70710678 -0.20842362
vn 0.00000000 -1.00000000 0.00000000
vn 0.00000000 -1.00000000 0.00000000
vn -0.22520404 -0.70710678 0.67028587
vn 0.00000000 -1.00000000 0.00000000
vn 0.00000000 -1.00000000 0.00000000
vn 0.00000000 -1.00000000 0.00000000
vn 0.00000000 -1.00000000 0.00000000
vn 0.00000000 -1.00000000 0.00000000
vn 0.65158209 -0.70710678 -0.27466486
vn 0.00000000 -1.00000000 0.00000000
vn -0.29082416 -0.70710678 0.64453185
vn 0.00000000 -1.00000000 0.00000000
vn 0.00000000 -1.00000000 0.00000000
vn 0.00000000 -1.00000000 0.00000000
vn 0.00000000 -1.00000000 0.00000000
vn 0.62099639 -0.70710678 -0.33817671
vn 0.00000000 -1.00000000 0.00000000
vn 0.00000000 -1.00000000 0.00000000
vn -0.35355338 -0.70710678 0.61237244
vn 0.00000000 -1.00000000 0.00000000
vn 0.00000000 -1.00000000 0.00000000
vn 0.00000000 -1.00000000 0.00000000
vn 0.00000000 -1.00000000 0.00000000
vn 0.00000000 -1.00000000 0.00000000
vn 0.58423906 -0.70710678 -0.39832740
vn 0.00000000 -1.00000000 0.00000000
vn -0.41276892 -0.70710678 0.57412701
vn 0.00000000 -1.00000000 0.00000000
vn 0.00000000 -1.00000000 0.00000000
vn 0.00000000 -1.00000000 0.00000000
vn -0.00000000 -1.00000000 0.00000000
vn 0.00000000 -1.00000000 0.00000000
vn 0.54167529 -0.70710678 -0.45451940
vn 0.00000000 -1.00000000 0.00000000
vn -0.46788271 -0.70710678 0.53017523
vn -0.00000000 -1.00000000 -0.00000000
vn 0.00000000 -1.00000000 0.00000000
vn -0.00000000 -1.00000000 0.00000000
vn -0.00000000 -1.00000000 0.00000000
vn 0.00000000 -1.00000000 0.00000000
vn 0.44087389 -0.70710678 -0.55283832
vn 0.00000000 -1.00000000 0.00000000
vn 0.00000000 -1.00000000 0.00000000
vn 0.49372797 -0.70710678 -0.50619432
vn 0.00000000 -1.00000000 0.00000000
vn 0.00000000 -1.00000000 0.00000000
vn 0.00000000 -1.00000000 0.00000000
vn -0.51834599 -0.70710678 0.48095472
vn 0.00000000 -1.00000000 0.00000000
vn -0.00000000 -1.00000000 -0.00000000
vn -0.56365786 -0.70710678 0.42695412
vn 0.00000000 -1.00000000 0.00000000
vn -0.00000000 -1.00000000 0.00000000
vn -0.00000000 -1.00000000 0.00000000
vn -0.00000000 -1.00000000 -0.00000000
vn 0.38363841 -0.70710678 -0.59398786
vn 0.00000000 -1.00000000 0.00000000
vn 0.00000000 -1.00000000 0.00000000
vn 0.00000000 -1.00000000 0.00000000
vn -0.60336752 -0.70710678 0.36871078
vn 0.00000000 -1.00000000 0.00000000
vn 0.00000000 -1.00000000 0.00000000
vn 0.00000000 -1.00000000 0.00000000
vn 0.00000000 -1.00000000 0.00000000
vn 0.25833504 -0.70710678 -0.65822717
vn -0.00000000 -1.00000000 -0.00000000
vn 0.00000000 -1.00000000 0.00000000
vn 0.32258965 -0.70710678 -0.62923439
vn 0.00000000 -1.00000000 0.00000000
vn 0.00000000 -1.00000000 0.00000000
vn -0.63708141 -0.70710678 0.30680169
vn 0.00000000 -1.00000000 0.00000000
vn 0.00000000 -1.00000000 0.00000000
vn 0.00000000 -1.00000000 -0.00000000
vn 0.00000000 -1.00000000 0.00000000
vn -0.66446296 -0.70710678 0.24184495
vn 0.00000000 -1.00000000 0.00000000
vn 0.00000000 -1.00000000 0.00000000
vn 0.00000000 -1.00000000 0.00000000
vn 0.19151284 -0.70710678 -0.68067821
vn -0.00000000 -1.00000000 -0.00000000
vn -0.00000000 -1.00000000 0.00000000
vn 0.00000000 -1.00000000 0.00000000
vn 0.00000000 -1.00000000 0.00000000
vn -0.68524118 -0.70710678 0.17448360
vn 0.00000000 -1.00000000 0.00000000
vn -0.00000000 -1.00000000 -0.00000000
vn -0.69920893 -0.70710678 0.10538917
vn 0.00000000 -1.00000000 0.00000000
vn 0.00000000 -1.00000000 0.00000000
vn 0.12278777 -0.70710678 -0.69636425
vn 0.00000000 -1.00000000 0.00000000
vn 0.00000000 -1.00000000 0.00000000
vn -0.00000000 -1.00000000 0.00000000
vn 0.00000000 -1.00000000 0.00000000
vn 0.05284239 -0.70710678 -0.70512955
vn 0.00000000 -1.00000000 0.00000000
vn 0.00000000 -1.00000000 0.00000000
vn 0.00000000 -1.00000000 0.00000000
vn -0.70622780 -0.70710678 0.03524630
vn -0.00000000 -1.00000000 0.00000000
vn 0.00000000 -1.00000000 0.00000000
vn 0.00000000 -1.00000000 0.00000000
vn -0.01762856 -0.70710678 -0.70688700
vn 0.00000000 -1.00000000 0.00000000
vn 0.00000000 -1.00000000 0.00000000
vn 0.00000000 -1.00000000 0.00000000
vn 0.00000000 -1.00000000 0.00000000
vn -0.70622780 -0.70710678 -0.03524630
vn 0.00000000 -1.00000000 0.00000000
vn 0.00000000 -1.00000000 0.00000000
vn -0.69920893 -0.70710678 -0.10538917
vn 0.00000000 -1.00000000 0.00000000
vn 0.00000000 -1.00000000 0.00000000
vn -0.08792431 -0.70710678 -0.70161907
vn 0.00000000 -1.00000000 0.00000000
vn 0.00000000 -1.00000000 0.00000000
vn 0.00000000 -1.00000000 0.00000000
vn -0.68524118 -0.70710678 -0.17448360
vn 0.00000000 -1.00000000 0.00000000
vn 0.00000000 -1.00000000 0.00000000
vn 0.00000000 -1.00000000 0.00000000
vn -0.15734610 -0.70710678 -0.68937813
vn 0.00000000 -1.00000000 0.00000000
vn 0.00000000 -1.00000000 0.00000000
vn 0.00000000 -1.00000000 0.00000000
vn -0.00000000 -1.00000000 -0.00000000
vn -0.66446296 -0.70710678 -0.24184495
vn 0.00000000 -1.00000000 0.00000000
vn 0.00000000 -1.00000000 0.00000000
vn -0.22520404 -0.70710678 -0.67028587
vn 0.00000000 -1.00000000 0.00000000
vn 0.00000000 -1.00000000 0.00000000
vn -0.00000000 -1.00000000 -0.00000000
vn 0.00000000 -1.00000000 0.00000000
vn 0.00000000 -1.00000000 0.00000000
vn -0.35355338 -0.70710678 -0.61237244
vn 0.00000000 -1.00000000 -0.00000000
vn 0.00000000 -1.00000000 0.00000000
vn -0.29082416 -0.70710678 -0.64453185
vn 0.00000000 -1.00000000 0.00000000
vn 0.00000000 -1.00000000 0.00000000
vn -0.63708141 -0.70710678 -0.30680169
vn -0.00000000 -1.00000000 0.00000000
vn 0.00000000 -1.00000000 0.00000000
vn 0.00000000 -1.00000000 0.00000000
vn 0.00000000 -1.00000000 0.00000000
vn 0.00000000 -1.00000000 0.00000000
vn -0.60336752 -0.70710678 -0.36871078
vn 0.00000000 -1.00000000 0.00000000
vn -0.00000000 -1.00000000 0.00000000
vn 0.00000000 -1.00000000 0.00000000
vn -0.46788271 -0.70710678 -0.53017523
vn 0.00000000 -1.00000000 0.00000000
vn 0.00000000 -1.00000000 0.00000000
vn -0.41276892 -0.70710678 -0.57412701
vn 0.00000000 -1.00000000 0.00000000
vn 0.00000000 -1.00000000 0.00000000
vn 0.00000000 -1.00000000 0.00000000
vn -0.56365786 -0.70710678 -0.42695412
vn 0.00000000 -1.00000000 0.00000000
vn 0.00000000 -1.00000000 0.00000000
vn -0.51834599 -0.70710678 -0.48095472
vn 0.00000000 -1.00000000 0.00000000
vn 0.00000000 -1.00000000 0.00000000
vn -0.99875693 0.00000000 -0.04984579
vn -1.00000000 0.00000000 -0.00000000
vn -0.99875693 0.00000000 -0.04984579
vn -0.99503075 0.00000000 -0.09956807
vn -0.70622780 -0.70710678 -0.03524630
vn -0.99875693 0.00000000 -0.04984579
vn -0.98883075 -0.00000000 -0.14904280
vn -0.98883075 -0.00000000 -0.14904280
vn -0.98017247 0.00000000 -0.19814624
vn -0.69920893 -0.70710678 -0.10538917
vn -0.98883075 -0.00000000 -0.14904280
vn -0.96907737 0.00000000 -0.24675707
vn -0.96907737 0.00000000 -0.24675707
vn -0.95557281 0.00000000 -0.29475515
vn -0.68524118 -0.70710678 -0.17448360
vn -0.96907737 0.00000000 -0.24675707
vn -0.93969253 0.00000000 -0.34202041
vn -0.66446296 -0.70710678 -0.24184495
vn -0.93969253 0.00000000 -0.34202041
vn -0.92147629 0.00000000 -0.38843460
vn -0.93969253 -0.00000000 -0.34202041
vn -0.90096917 0.00000000 -0.43388311
vn -0.90096917 -0.00000000 -0.43388311
vn -0.87822158 0.00000000 -0.47825397
vn -0.63708141 -0.70710678 -0.30680169
vn -0.90096917 0.00000000 -0.43388311
vn -0.85329052 0.00000000 -0.52143579
vn -0.85329052 0.00000000 -0.52143579
vn -0.82623862 0.00000000 -0.56332029
vn -0.60336752 -0.70710678 -0.36871078
vn -0.85329052 -0.00000000 -0.52143579
vn -0.79713259 -0.00000000 -0.60380430
vn -0.56365786 -0.70710678 -0.42695412
vn -0.79713259 -0.00000000 -0.60380430
vn -0.76604451 0.00000000 -0.64278753
vn -0.79713259 0.00000000 -0.60380430
vn -0.73305192 0.00000000 -0.68017268
vn -0.73305192 0.00000000 -0.68017268
vn -0.69823695 0.00000000 -0.71586672
vn -0.51834599 -0.70710678 -0.48095472
vn -0.73305192 -0.00000000 -0.68017268
vn -0.66168607 -0.00000000 -0.74978100
vn -0.66168607 -0.00000000 -0.74978100
vn -0.62348979 0.00000000 -0.78183149
vn -0.46788271 -0.70710678 -0.53017523
vn -0.66168607 0.00000000 -0.74978100
vn -0.54254612 0.00000000 -0.84002602
vn -0.41276892 -0.70710678 -0.57412701
vn -0.58374340 0.00000000 -0.81193820
vn -0.58374340 0.00000000 -0.81193820
vn -0.58374340 0.00000000 -0.81193820
vn -0.45621083 0.00000000 -0.88987172
vn -0.35355338 -0.70710678 -0.61237244
vn -0.49999998 -0.00000000 -0.86602541
vn -0.49999998 -0.00000000 -0.86602541
vn -0.49999998 0.00000000 -0.86602541
vn -0.36534119 0.00000000 -0.93087368
vn -0.29082416 -0.70710678 -0.64453185
vn -0.41128747 -0.00000000 -0.91150569
vn -0.41128747 -0.00000000 -0.91150569
vn -0.41128747 -0.00000000 -0.91150569
vn -0.27084047 0.00000000 -0.96262425
vn -0.22520404 -0.70710678 -0.67028587
vn -0.31848660 -0.00000000 -0.94792736
vn -0.31848660 0.00000000 -0.94792736
vn -0.31848660 -0.00000000 -0.94792736
vn -0.17364823 0.00000000 -0.98480774
vn -0.15734610 -0.70710678 -0.68937813
vn -0.22252099 -0.00000000 -0.97492790
vn -0.22252099 0.00000000 -0.97492790
vn -0.22252099 -0.00000000 -0.97492790
vn -0.07473005 0.00000000 -0.99720380
vn -0.08792431 -0.70710678 -0.70161907
vn -0.12434375 -0.00000000 -0.99223920
vn -0.12434375 -0.00000000 -0.99223920
vn -0.12434375 -0.00000000 -0.99223920
vn 0.02493093 0.00000000 -0.99968918
vn -0.01762856 -0.70710678 -0.70688700
vn -0.02493055 -0.00000000 -0.99968919
vn -0.02493055 -0.00000000 -0.99968919
vn -0.02493055 -0.00000000 -0.99968919
vn 0.12434384 0.00000000 -0.99223919
vn 0.05284239 -0.70710678 -0.70512955
vn 0.07473042 0.00000000 -0.99720377
vn 0.07473042 0.00000000 -0.99720377
vn 0.07473042 0.00000000 -0.99720377
vn 0.17364812 0.00000000 -0.98480776
vn 0.17364812 -0.00000000 -0.98480776
vn 0.22252070 0.00000000 -0.97492797
vn 0.12278777 -0.70710678 -0.69636425
vn 0.17364812 0.00000000 -0.98480776
vn 0.27084006 -0.00000000 -0.96262436
vn 0.27084006 0.00000000 -0.96262436
vn 0.31848639 0.00000000 -0.94792743
vn 0.19151284 -0.70710678 -0.68067821
vn 0.27084006 -0.00000000 -0.96262436
vn 0.36534092 -0.00000000 -0.93087379
vn 0.25833504 -0.70710678 -0.65822717
vn 0.36534092 -0.00000000 -0.93087379
vn 0.41128705 0.00000000 -0.91150588
vn 0.36534092 0.00000000 -0.93087379
vn 0.45621066 0.00000000 -0.88987181
vn 0.32258965 -0.70710678 -0.62923439
vn 0.45621066 0.00000000 -0.88987181
vn 0.50000020 0.00000000 -0.86602529
vn 0.45621066 -0.00000000 -0.88987181
vn 0.54254664 0.00000000 -0.84002568
vn 0.54254664 0.00000000 -0.84002568
vn 0.58374387 0.00000000 -0.81193786
vn 0.38363841 -0.70710678 -0.59398786
vn 0.54254664 0.00000000 -0.84002568
vn 0.62348983 0.00000000 -0.78183146
vn 0.62348983 0.00000000 -0.78183146
vn 0.66168584 0.00000000 -0.74978120
vn 0.44087389 -0.70710678 -0.55283832
vn 0.62348983 0.00000000 -0.78183146
vn 0.69823679 0.00000000 -0.71586688
vn 0.69823679 0.00000000 -0.71586688
vn 0.73305191 0.00000000 -0.68017270
vn 0.49372797 -0.70710678 -0.50619432
vn 0.69823679 0.00000000 -0.71586688
vn 0.76604454 -0.00000000 -0.64278750
vn 0.76604454 -0.00000000 -0.64278750
vn 0.79713257 0.00000000 -0.60380433
vn 0.54167529 -0.70710678 -0.45451940
vn 0.76604454 0.00000000 -0.64278750
vn 0.82623881 -0.00000000 -0.56332001
vn 0.82623881 -0.00000000 -0.56332001
vn 0.85329086 0.00000000 -0.52143523
vn 0.58423906 -0.70710678 -0.39832740
vn 0.82623881 0.00000000 -0.56332001
vn 0.87822151 0.00000000 -0.47825409
vn 0.87822151 0.00000000 -0.47825409
vn 0.90096885 0.00000000 -0.43388378
vn 0.62099639 -0.70710678 -0.33817671
vn 0.87822151 -0.00000000 -0.47825409
vn 0.92147622 -0.00000000 -0.38843477
vn 0.92147622 0.00000000 -0.38843477
vn 0.93969257 0.00000000 -0.34202029
vn 0.65158209 -0.70710678 -0.27466486
vn 0.92147622 -0.00000000 -0.38843477
vn 0.95557270 0.00000000 -0.29475551
vn 0.95557270 0.00000000 -0.29475551
vn 0.96907723 0.00000000 -0.24675763
vn 0.67569194 -0.70710678 -0.20842362
vn 0.95557270 -0.00000000 -0.29475551
vn 0.98017246 0.00000000 -0.19814626
vn 0.98017246 0.00000000 -0.19814626
vn 0.98883086 0.00000000 -0.14904202
vn 0.69308660 -0.70710678 -0.14011057
vn 0.98017246 -0.00000000 -0.19814626
vn 0.99503084 0.00000000 -0.09956724
vn 0.99503084 0.00000000 -0.09956724
vn 0.99875694 0.00000000 -0.04984558
vn 0.70359305 -0.70710678 -0.07040467
vn 0.99503084 0.00000000 -0.09956724
vn 1.00000000 0.00000000 0.00000000
vn 1.00000000 0.00000000 0.00000000
vn 0.99875694 0.00000000 0.04984558
vn 0.70710678 -0.70710678 0.00000000
vn 1.00000000 0.00000000 0.00000000
vn 0.99503084 0.00000000 0.09956724
vn 0.70359305 -0.70710678 0.07040467
vn 0.99503084 0.00000000 0.09956724
vn 0.98883086 0.00000000 0.14904202
vn 0.99503084 0.00000000 0.09956724
vn 0.98017246 -0.00000000 0.19814626
vn 0.98017246 0.00000000 0.19814626
vn 0.96907723 0.00000000 0.24675763
vn 0.69308660 -0.70710678 0.14011057
vn 0.98017246 -0.00000000 0.19814626
vn 0.95557270 -0.00000000 0.29475551
vn 0.95557270 0.00000000 0.29475551
vn 0.93969257 0.00000000 0.34202029
vn 0.67569194 -0.70710678 0.20842362
vn 0.95557270 -0.00000000 0.29475551
vn 0.92147622 0.00000000 0.38843477
vn 0.92147622 0.00000000 0.38843477
vn 0.90096885 0.00000000 0.43388378
vn 0.65158209 -0.70710678 0.27466486
vn 0.92147622 -0.00000000 0.38843477
vn 0.85329086 0.00000000 0.52143523
vn 0.62099639 -0.70710678 0.33817671
vn 0.87822151 -0.00000000 0.47825409
vn 0.87822151 -0.00000000 0.47825409
vn 0.87822151 0.00000000 0.47825409
vn 0.79713257 0.00000000 0.60380433
vn 0.58423906 -0.70710678 0.39832740
vn 0.82623881 0.00000000 0.56332001
vn 0.82623881 0.00000000 0.56332001
vn 0.82623881 -0.00000000 0.56332001
vn 0.73305191 0.00000000 0.68017270
vn 0.54167529 -0.70710678 0.45451940
vn 0.76604454 0.00000000 0.64278750
vn 0.76604454 0.00000000 0.64278750
vn 0.69823679 0.00000000 0.71586688
vn 0.49372797 -0.70710678 0.50619432
vn 0.69823679 0.00000000 0.71586688
vn 0.76604454 -0.00000000 0.64278750
vn 0.66168584 0.00000000 0.74978120
vn 0.69823679 0.00000000 0.71586688
vn 0.58374387 0.00000000 0.81193786
vn 0.44087389 -0.70710678 0.55283832
vn 0.62348983 -0.00000000 0.78183146
vn 0.62348983 -0.00000000 0.78183146
vn 0.54254664 0.00000000 0.84002568
vn 0.38363841 -0.70710678 0.59398786
vn 0.54254664 0.00000000 0.84002568
vn 0.62348983 -0.00000000 0.78183146
vn 0.50000020 0.00000000 0.86602529
vn 0.54254664 0.00000000 0.84002568
vn 0.45621066 0.00000000 0.88987181
vn 0.45621066 -0.00000000 0.88987181
vn 0.41128705 0.00000000 0.91150588
vn 0.32258965 -0.70710678 0.62923439
vn 0.45621066 0.00000000 0.88987181
vn 0.36534092 -0.00000000 0.93087379
vn 0.36534092 0.00000000 0.93087379
vn 0.31848639 0.00000000 0.94792743
vn 0.25833504 -0.70710678 0.65822717
vn 0.36534092 -0.00000000 0.93087379
vn 0.22252070 0.00000000 0.97492797
vn 0.19151284 -0.70710678 0.68067821
vn 0.27084006 0.00000000 0.96262436
vn 0.27084006 -0.00000000 0.96262436
vn 0.27084006 0.00000000 0.96262436
vn 0.17364812 0.00000000 0.98480776
vn 0.12278777 -0.70710678 0.69636425
vn 0.17364812 0.00000000 0.98480776
vn 0.12434384 0.00000000 0.99223919
vn 0.17364812 -0.00000000 0.98480776
vn 0.02493093 0.00000000 0.99968918
vn 0.05284239 -0.70710678 0.70512955
vn 0.07473042 0.00000000 0.99720377
vn 0.07473042 0.00000000 0.99720377
vn 0.07473042 0.00000000 0.99720377
vn -0.07473005 0.00000000 0.99720380
vn -0.01762856 -0.70710678 0.70688700
vn -0.02493055 0.00000000 0.99968919
vn -0.02493055 0.00000000 0.99968919
vn -0.12434375 -0.00000000 0.99223920
vn -0.08792431 -0.70710678 0.70161907
vn -0.12434375 -0.00000000 0.99223920
vn -0.02493055 0.00000000 0.99968919
vn -0.17364823 0.00000000 0.98480774
vn -0.12434375 -0.00000000 0.99223920
vn -0.27084047 0.00000000 0.96262425
vn -0.15734610 -0.70710678 0.68937813
vn -0.22252099 0.00000000 0.97492790
vn -0.22252099 0.00000000 0.97492790
vn -0.22252099 -0.00000000 0.97492790
vn -0.36534119 0.00000000 0.93087368
vn -0.22520404 -0.70710678 0.67028587
vn -0.31848660 0.00000000 0.94792736
vn -0.31848660 0.00000000 0.94792736
vn -0.31848660 0.00000000 0.94792736
vn -0.45621083 0.00000000 0.88987172
vn -0.29082416 -0.70710678 0.64453185
vn -0.41128747 0.00000000 0.91150569
vn -0.41128747 0.00000000 0.91150569
vn -0.41128747 0.00000000 0.91150569
vn -0.54254612 0.00000000 0.84002602
vn -0.35355338 -0.70710678 0.61237244
vn -0.49999998 0.00000000 0.86602541
vn -0.49999998 -0.00000000 0.86602541
vn -0.58374340 0.00000000 0.81193820
vn -0.41276892 -0.70710678 0.57412701
vn -0.58374340 0.00000000 0.81193820
vn -0.49999998 0.00000000 0.86602541
vn -0.62348979 0.00000000 0.78183149
vn -0.58374340 0.00000000 0.81193820
vn -0.69823695 0.00000000 0.71586672
vn -0.46788271 -0.70710678 0.53017523
vn -0.66168607 0.00000000 0.74978100
vn -0.66168607 0.00000000 0.74978100
vn -0.66168607 -0.00000000 0.74978100
vn -0.76604451 0.00000000 0.64278753
vn -0.51834599 -0.70710678 0.48095472
vn -0.73305192 -0.00000000 0.68017268
vn -0.73305192 -0.00000000 0.68017268
vn -0.73305192 0.00000000 0.68017268
vn -0.82623862 0.00000000 0.56332029
vn -0.56365786 -0.70710678 0.42695412
vn -0.79713259 -0.00000000 0.60380430
vn -0.79713259 -0.00000000 0.60380430
vn -0.79713259 0.00000000 0.60380430
vn -0.87822158 0.00000000 0.47825397
vn -0.60336752 -0.70710678 0.36871078
vn -0.85329052 -0.00000000 0.52143579
vn -0.85329052 -0.00000000 0.52143579
vn -0.85329052 0.00000000 0.52143579
vn -0.92147629 0.00000000 0.38843460
vn -0.63708141 -0.70710678 0.30680169
vn -0.90096917 -0.00000000 0.43388311
vn -0.90096917 0.00000000 0.43388311
vn -0.90096917 -0.00000000 0.43388311
vn -0.95557281 0.00000000 0.29475515
vn -0.66446296 -0.70710678 0.24184495
vn -0.93969253 0.00000000 0.34202041
vn -0.93969253 0.00000000 0.34202041
vn -0.93969253 -0.00000000 0.34202041
vn -0.98017247 0.00000000 0.19814624
vn -0.68524118 -0.70710678 0.17448360
vn -0.96907737 -0.00000000 0.24675707
vn -0.96907737 -0.00000000 0.24675707
vn -0.98883075 -0.00000000 0.14904280
vn -0.69920893 -0.70710678 0.10538917
vn -0.98883075 -0.00000000 0.14904280
vn -0.96907737 -0.00000000 0.24675707
vn -0.99503075 0.00000000 0.09956807
vn -0.98883075 -0.00000000 0.14904280
vn -0.70622780 -0.70710678 0.03524630
vn -0.99875693 0.00000000 0.04984579
vn -0.99875693 0.00000000 0.04984579
vn -0.99875693 0.00000000 0.04984579
vn 0.00000000 -1.00000000 0.00000000
vn 0.00000000 -1.00000000 0.00000000
vn 0.00000000 -1.00000000 0.00000000
vn 0.00000000 -1.00000000 0.00000000
vn 0.00000000 -1.00000000 0.00000000
vn 0.00000000 -1.00000000 0.00000000
vn 0.00000000 -1.00000000 0.00000000
vn 0.00000000 -1.00000000 0.00000000
vn 0.00000000 -1.00000000 0.00000000
vn 0.00000000 -1.00000000 0.00000000
vn 0.00000000 -1.00000000 0.00000000
vn 0.00000000 -1.00000000 0.00000000
vn 0.00000000 -1.00000000 0.00000000
vn 0.00000000 -1.00000000 0.00000000
vn 0.00000000 -1.00000000 0.00000000
vn 0.00000000 -1.00000000 0.00000000
vn 0.00000000 -1.00000000 0.00000000
vn 0.00000000 -1.00000000 0.00000000
vn 0.00000000 -1.00000000 0.00000000
vn 0.00000000 -1.00000000 0.00000000
vn 0.00000000 -1.00000000 0.00000000
vn 0.00000000 -1.00000000 0.00000000
vn 0.00000000 -1.00000000 0.00000000
vn 0.00000000 -1.00000000 0.00000000
vn 0.00000000 -1.00000000 0.00000000
vn 0.00000000 -1.00000000 0.00000000
vn 0.00000000 -1.00000000 0.00000000
vn 0.00000000 -1.00000000 0.00000000
vn 0.00000000 -1.00000000 0.00000000
vn 0.00000000 -1.00000000 0.00000000
vn 0.00000000 -1.00000000 0.00000000
vn 0.00000000 -1.00000000 0.00000000
vn 0.00000000 -1.00000000 0.00000000
vn 0.00000000 -1.00000000 0.00000000
vn 0.00000000 -1.00000000 0.00000000
vn 0.00000000 -1.00000000 0.00000000
vn 0.00000000 -1.00000000 0.00000000
vn 0.00000000 -1.00000000 0.00000000
vn 0.00000000 -1.00000000 0.00000000
vn 0.00000000 -1.00000000 0.00000000
vn 0.00000000 -1.00000000 0.00000000
vn 0.00000000 -1.00000000 0.00000000
vn 0.00000000 -1.00000000 0.00000000
vn 0.00000000 -1.00000000 0.00000000
vn 0.00000000 -1.00000000 0.00000000
vn 0.00000000 -1.00000000 0.00000000
vn 0.00000000 -1.00000000 0.00000000
vn 0.00000000 -1.00000000 0.00000000
vn 0.00000000 -1.00000000 0.00000000
vn 0.00000000 -1.00000000 0.00000000
vn 0.00000000 -1.00000000 0.00000000
vn 0.00000000 -1.00000000 0.00000000
vn 0.00000000 -1.00000000 0.00000000
vn 0.00000000 -1.00000000 0.00000000
vn 0.00000000 -1.00000000 0.00000000
vn 0.00000000 -1.00000000 0.00000000
vn 0.00000000 -1.00000000 0.00000000
vn 0.00000000 -1.00000000 0.00000000
vn 0.00000000 -1.00000000 0.00000000
vn 0.00000000 -1.00000000 0.00000000
vn 0.00000000 -1.00000000 0.00000000
vn 0.00000000 -1.00000000 0.00000000
vn 0.00000000 -1.00000000 0.00000000
vn 0.00000000 -1.00000000 0.00000000
vn 0.00000000 -1.00000000 0.00000000
vn 0.00000000 -1.00000000 0.00000000
vn 0.00000000 -1.00000000 0.00000000
vn 0.00000000 -1.00000000 0.00000000
vn 0.00000000 -1.00000000 0.00000000
vn 0.00000000 -1.00000000 0.00000000
vn 0.00000000 -1.00000000 0.00000000
vn 0.00000000 -1.00000000 0.00000000
vn 0.00000000 -1.00000000 0.00000000
vn 0.00000000 -1.00000000 0.00000000
vn 0.00000000 -1.00000000 0.00000000
vn 0.71441784 -0.69605788 0.07148824
vn 0.71798581 -0.69605774 -0.00000000
vn 0.71798581 0.69605774 0.00000000
vn 0.71441784 0.69605788 0.07148824
vn 0.70374995 -0.69605775 0.14226599
vn 0.70374995 0.69605775 0.14226599
vn 0.68608764 -0.69605780 0.21163007
vn 0.68608764 0.69605780 0.21163007
vn 0.66160677 -0.69605783 0.27889062
vn 0.66160677 0.69605783 0.27889062
vn 0.63055060 -0.69605778 0.34337953
vn 0.63055060 0.69605778 0.34337953
vn 0.59322767 -0.69605784 0.40445570
vn 0.59322767 0.69605784 0.40445570
vn 0.55000907 -0.69605777 0.46151230
vn 0.55000907 0.69605777 0.46151230
vn 0.50132407 -0.69605781 0.51398220
vn 0.50132407 0.69605781 0.51398220
vn 0.44765678 -0.69605780 0.56134388
vn 0.44765678 0.69605780 0.56134388
vn 0.38954048 -0.69605781 0.60312664
vn 0.38954048 0.69605781 0.60312664
vn 0.32755264 -0.69605775 0.63891539
vn 0.32755264 0.69605775 0.63891539
vn 0.26230966 -0.69605792 0.66835396
vn 0.26230966 0.69605792 0.66835396
vn 0.19445967 -0.69605768 0.69115059
vn 0.19445967 0.69605768 0.69115059
vn 0.12467688 -0.69605790 0.70707784
vn 0.12467688 0.69605790 0.70707784
vn 0.05365518 -0.69605772 0.71597819
vn 0.05365518 0.69605772 0.71597819
vn -0.01789991 -0.69605787 0.71776252
vn -0.01789991 0.69605787 0.71776252
vn -0.08927703 -0.69605775 0.71241366
vn -0.08927703 0.69605775 0.71241366
vn -0.15976701 -0.69605782 0.69998430
vn -0.15976701 0.69605782 0.69998430
vn -0.22866869 -0.69605789 0.68059830
vn -0.22866869 0.69605789 0.68059830
vn -0.29529829 0.69605768 0.65444833
vn -0.29529829 -0.69605768 0.65444833
vn -0.35899294 0.69605788 0.62179377
vn -0.35899294 -0.69605788 0.62179377
vn -0.41911959 -0.69605778 0.58295997
vn -0.41911959 0.69605778 0.58295997
vn -0.47508115 -0.69605776 0.53833215
vn -0.47508115 0.69605776 0.53833215
vn -0.52632082 -0.69605787 0.48835421
vn -0.52632082 0.69605787 0.48835421
vn -0.57232975 -0.69605779 0.43352302
vn -0.57232975 0.69605779 0.43352302
vn -0.61265066 -0.69605781 0.37438308
vn -0.61265066 0.69605781 0.37438308
vn -0.64688279 -0.69605780 0.31152238
vn -0.64688279 0.69605780 0.31152238
vn -0.67468586 -0.69605782 0.24556566
vn -0.67468586 0.69605782 0.24556566
vn -0.69578377 -0.69605773 0.17716822
vn -0.69578377 0.69605773 0.17716822
vn -0.70996633 -0.69605791 0.10701024
vn -0.70996633 0.69605791 0.10701024
vn -0.71709328 -0.69605775 0.03578883
vn -0.71709328 0.69605775 0.03578883
vn -0.71709328 -0.69605775 -0.03578883
vn -0.71709328 0.69605775 -0.03578883
vn -0.70996633 0.69605791 -0.10701024
vn -0.70996633 -0.69605791 -0.10701024
vn -0.69578377 -0.69605773 -0.17716822
vn -0.69578377 0.69605773 -0.17716822
vn -0.67468586 -0.69605782 -0.24556566
vn -0.67468586 0.69605782 -0.24556566
vn -0.64688279 -0.69605780 -0.31152238
vn -0.64688279 0.69605780 -0.31152238
vn -0.61265066 -0.69605781 -0.37438308
vn -0.61265066 0.69605781 -0.37438308
vn -0.57232975 -0.69605779 -0.43352302
vn -0.57232975 0.69605779 -0.43352302
vn -0.52632082 -0.69605787 -0.48835421
vn -0.52632082 0.69605787 -0.48835421
vn -0.47508115 -0.69605776 -0.53833215
vn -0.47508115 0.69605776 -0.53833215
vn -0.41911959 -0.69605778 -0.58295997
vn -0.41911959 0.69605778 -0.58295997
vn -0.35899294 0.69605788 -0.62179377
vn -0.35899294 -0.69605788 -0.62179377
vn -0.29529829 -0.69605768 -0.65444833
vn -0.29529829 0.69605768 -0.65444833
vn -0.22866869 -0.69605789 -0.68059830
vn -0.22866869 0.69605789 -0.68059830
vn -0.15976701 -0.69605782 -0.69998430
vn -0.15976701 0.69605782 -0.69998430
vn -0.08927703 0.69605775 -0.71241366
vn -0.08927703 -0.69605775 -0.71241366
vn -0.01789991 -0.69605787 -0.71776252
vn -0.01789991 0.69605787 -0.71776252
vn 0.05365518 -0.69605772 -0.71597819
vn 0.05365518 0.69605772 -0.71597819
vn 0.12467688 0.69605790 -0.70707784
vn 0.12467688 -0.69605790 -0.70707784
vn 0.19445967 -0.69605768 -0.69115059
vn 0.19445967 0.69605768 -0.69115059
vn 0.26230966 -0.69605792 -0.66835396
vn 0.26230966 0.69605792 -0.66835396
vn 0.32755264 -0.69605775 -0.63891539
vn 0.32755264 0.69605775 -0.63891539
vn 0.38954048 -0.69605781 -0.60312664
vn 0.38954048 0.69605781 -0.60312664
vn 0.44765678 0.69605780 -0.56134388
vn 0.44765678 -0.69605780 -0.56134388
vn 0.50132407 -0.69605781 -0.51398220
vn 0.50132407 0.69605781 -0.51398220
vn 0.55000907 -0.69605777 -0.46151230
vn 0.55000907 0.69605777 -0.46151230
vn 0.59322767 -0.69605784 -0.40445570
vn 0.59322767 0.69605784 -0.40445570
vn 0.63055060 -0.69605778 -0.34337953
vn 0.63055060 0.69605778 -0.34337953
vn 0.66160677 -0.69605783 -0.27889062
vn 0.66160677 0.69605783 -0.27889062
vn 0.68608764 -0.69605780 -0.21163007
vn 0.68608764 0.69605780 -0.21163007
vn 0.70374995 -0.69605775 -0.14226599
vn 0.70374995 0.69605775 -0.14226599
vn 0.71441784 0.69605788 -0.07148824
vn 0.71441784 -0.69605788 -0.07148824
vn 0.46022011 -0.71850017 0.52149300
vn 0.50985724 -0.71850024 0.47307822
vn 0.55442715 -0.71850009 0.41996210
vn 0.40600936 -0.71850011 0.56472470
vn 0.59348664 -0.71850019 0.36267215
vn 0.34776336 -0.71850020 0.60234384
vn 0.62664800 -0.71850011 0.30177786
vn 0.28606115 -0.71850013 0.63397680
vn 0.65358131 -0.71850022 0.23788421
vn 0.22151615 -0.71850012 0.65930886
vn 0.67401926 -0.71850010 0.17162645
vn 0.15476932 -0.71850023 0.67808840
vn 0.68775824 -0.71850027 0.10366279
vn 0.08648435 -0.71850013 0.69012899
vn 0.69466228 -0.71850009 0.03466895
vn 0.01734007 -0.71850015 0.69531062
vn 0.69466228 -0.71850009 -0.03466895
vn -0.05197673 -0.71850019 0.69358193
vn 0.68775824 -0.71850027 -0.10366279
vn -0.12077700 -0.71850016 0.68496018
vn 0.67401926 -0.71850010 -0.17162645
vn -0.18837684 -0.71850017 0.66953094
vn 0.65358131 -0.71850022 -0.23788421
vn -0.25410452 -0.71850016 0.64744762
vn 0.62664800 -0.71850011 -0.30177786
vn -0.31730677 -0.71850016 0.61892967
vn 0.59348664 -0.71850019 -0.36267215
vn -0.37735538 -0.71850010 0.58426066
vn 0.55442715 -0.71850009 -0.41996210
vn -0.43365378 -0.71850025 0.54378468
vn 0.50985724 -0.71850024 -0.47307822
vn -0.48564259 -0.71850016 0.49790441
vn 0.46022011 -0.71850017 -0.52149300
vn -0.53280448 -0.71850008 0.44707608
vn 0.40600936 -0.71850011 -0.56472470
vn 0.34776336 -0.71850020 -0.60234384
vn -0.57467112 -0.71850025 0.39180415
vn -0.61082673 -0.71850011 0.33263840
vn 0.28606115 -0.71850013 -0.63397680
vn -0.64091136 -0.71850015 0.27016691
vn 0.22151615 -0.71850012 -0.65930886
vn 0.15476932 -0.71850023 -0.67808840
vn -0.66462644 -0.71850021 0.20501009
vn -0.68173629 -0.71850009 0.13781599
vn 0.08648435 -0.71850013 -0.69012899
vn -0.69207053 -0.71850018 0.06925227
vn -0.69552676 -0.71850019 0.00000000
vn 0.01734007 -0.71850015 -0.69531062
vn -0.05197673 -0.71850019 -0.69358193
vn -0.69207053 -0.71850018 -0.06925227
vn -0.12077700 -0.71850016 -0.68496018
vn -0.18837684 -0.71850017 -0.66953094
vn -0.68173629 -0.71850009 -0.13781599
vn -0.66462644 -0.71850021 -0.20501009
vn -0.25410452 -0.71850016 -0.64744762
vn -0.64091136 -0.71850015 -0.27016691
vn -0.61082673 -0.71850011 -0.33263840
vn -0.31730677 -0.71850016 -0.61892967
vn -0.37735538 -0.71850010 -0.58426066
vn -0.43365378 -0.71850025 -0.54378468
vn -0.57467112 -0.71850025 -0.39180415
vn -0.53280448 -0.71850008 -0.44707608
vn -0.48564259 -0.71850016 -0.49790441
vn 0.46022011 0.71850017 0.52149300
vn 0.50985724 0.71850024 0.47307822
vn 0.55442715 0.71850009 0.41996210
vn 0.40600936 0.71850011 0.56472470
vn 0.59348664 0.71850019 0.36267215
vn 0.34776336 0.71850020 0.60234384
vn 0.62664800 0.71850011 0.30177786
vn 0.28606115 0.71850013 0.63397680
vn 0.65358131 0.71850022 0.23788421
vn 0.22151615 0.71850012 0.65930886
vn 0.67401926 0.71850010 0.17162645
vn 0.15476932 0.71850023 0.67808840
vn 0.68775824 0.71850027 0.10366279
vn 0.08648435 0.71850013 0.69012899
vn 0.69466228 0.71850009 0.03466895
vn 0.01734007 0.71850015 0.69531062
vn 0.69466228 0.71850009 -0.03466895
vn -0.05197673 0.71850019 0.69358193
vn 0.68775824 0.71850027 -0.10366279
vn -0.12077700 0.71850016 0.68496018
vn 0.67401926 0.71850010 -0.17162645
vn -0.18837684 0.71850017 0.66953094
vn 0.65358131 0.71850022 -0.23788421
vn -0.25410452 0.71850016 0.64744762
vn 0.62664800 0.71850011 -0.30177786
vn -0.31730677 0.71850016 0.61892967
vn 0.59348664 0.71850019 -0.36267215
vn -0.37735538 0.71850010 0.58426066
vn 0.55442715 0.71850009 -0.41996210
vn -0.43365378 0.71850025 0.54378468
vn 0.50985724 0.71850024 -0.47307822
vn -0.48564259 0.71850016 0.49790441
vn 0.46022011 0.71850017 -0.52149300
vn -0.53280448 0.71850008 0.44707608
vn 0.34776336 0.71850020 -0.60234384
vn 0.40600936 0.71850011 -0.56472470
vn -0.57467112 0.71850025 0.39180415
vn -0.61082673 0.71850011 0.33263840
vn 0.28606115 0.71850013 -0.63397680
vn -0.64091136 0.71850015 0.27016691
vn 0.15476932 0.71850023 -0.67808840
vn 0.22151615 0.71850012 -0.65930886
vn -0.66462644 0.71850021 0.20501009
vn -0.68173629 0.71850009 0.13781599
vn 0.08648435 0.71850013 -0.69012899
vn -0.69207053 0.71850018 0.06925227
vn -0.69552676 0.71850019 -0.00000000
vn 0.01734007 0.71850015 -0.69531062
vn -0.05197673 0.71850019 -0.69358193
vn -0.69207053 0.71850018 -0.06925227
vn -0.18837684 0.71850017 -0.66953094
vn -0.12077700 0.71850016 -0.68496018
vn -0.68173629 0.71850009 -0.13781599
vn -0.66462644 0.71850021 -0.20501009
vn -0.25410452 0.71850016 -0.64744762
vn -0.64091136 0.71850015 -0.27016691
vn -0.61082673 0.71850011 -0.33263840
vn -0.31730677 0.71850016 -0.61892967
vn -0.43365378 0.71850025 -0.54378468
vn -0.37735538 0.71850010 -0.58426066
vn -0.57467112 0.71850025 -0.39180415
vn -0.53280448 0.71850008 -0.44707608
vn -0.48564259 0.71850016 -0.49790441
vn 0.70622778 -0.70710678 0.03524657
vn 1.00000000 0.00000000 -0.00000000
vn 0.99875691 -0.00000000 0.04984618
vn 0.99875691 0.00000000 0.04984618
vn 0.70622778 0.70710678 0.03524657
vn 0.99503078 0.00000000 0.09956778
vn 0.99875691 -0.00000000 0.04984618
vn 0.69920903 -0.70710678 0.10538849
vn 0.98883089 0.00000000 0.14904184
vn 0.98883089 0.00000000 0.14904184
vn 0.69920903 0.70710678 0.10538849
vn 0.98017252 0.00000000 0.19814596
vn 0.98883089 -0.00000000 0.14904184
vn 0.68524111 -0.70710678 0.17448387
vn 0.96907727 0.00000000 0.24675746
vn 0.96907727 0.00000000 0.24675746
vn 0.68524111 0.70710678 0.17448387
vn 0.95557278 0.00000000 0.29475525
vn 0.96907727 -0.00000000 0.24675746
vn 0.66446300 -0.70710678 0.24184483
vn 0.93969259 -0.00000000 0.34202024
vn 0.93969259 0.00000000 0.34202024
vn 0.66446300 0.70710678 0.24184483
vn 0.92147622 0.00000000 0.38843478
vn 0.93969259 -0.00000000 0.34202024
vn 0.63708124 -0.70710678 0.30680204
vn 0.90096893 -0.00000000 0.43388361
vn 0.90096893 0.00000000 0.43388361
vn 0.63708124 0.70710678 0.30680204
vn 0.87822159 0.00000000 0.47825395
vn 0.90096893 -0.00000000 0.43388361
vn 0.60336774 -0.70710678 0.36871042
vn 0.85329084 -0.00000000 0.52143527
vn 0.85329084 0.00000000 0.52143527
vn 0.60336774 0.70710678 0.36871042
vn 0.82623883 0.00000000 0.56331998
vn 0.85329084 -0.00000000 0.52143527
vn 0.56365792 -0.70710678 0.42695404
vn 0.79713267 -0.00000000 0.60380419
vn 0.79713267 -0.00000000 0.60380419
vn 0.56365792 0.70710678 0.42695404
vn 0.76604451 0.00000000 0.64278752
vn 0.79713267 -0.00000000 0.60380419
vn 0.51834592 -0.70710678 0.48095478
vn 0.73305184 0.00000000 0.68017278
vn 0.73305184 0.00000000 0.68017278
vn 0.51834592 0.70710678 0.48095478
vn 0.69823680 0.00000000 0.71586687
vn 0.73305184 0.00000000 0.68017278
vn 0.46788254 -0.70710678 0.53017537
vn 0.66168584 0.00000000 0.74978120
vn 0.66168584 0.00000000 0.74978120
vn 0.46788254 0.70710678 0.53017537
vn 0.62348978 0.00000000 0.78183150
vn 0.66168584 0.00000000 0.74978120
vn 0.58374364 0.00000000 0.81193803
vn 0.41276908 0.70710678 0.57412689
vn 0.54254626 0.00000000 0.84002593
vn 0.58374364 0.00000000 0.81193803
vn 0.41276908 -0.70710678 0.57412689
vn 0.58374364 0.00000000 0.81193803
vn 0.50000002 -0.00000000 0.86602539
vn 0.35355341 0.70710678 0.61237243
vn 0.45621047 0.00000000 0.88987191
vn 0.50000002 -0.00000000 0.86602539
vn 0.35355341 -0.70710678 0.61237243
vn 0.50000002 0.00000000 0.86602539
vn 0.41128669 -0.00000000 0.91150604
vn 0.29082361 0.70710678 0.64453210
vn 0.36534110 0.00000000 0.93087372
vn 0.41128669 -0.00000000 0.91150604
vn 0.29082361 -0.70710678 0.64453210
vn 0.41128669 0.00000000 0.91150604
vn 0.31848723 -0.00000000 0.94792715
vn 0.22520448 0.70710678 0.67028572
vn 0.27084053 0.00000000 0.96262423
vn 0.31848723 -0.00000000 0.94792715
vn 0.22520448 -0.70710678 0.67028572
vn 0.31848723 0.00000000 0.94792715
vn 0.22252047 0.00000000 0.97492802
vn 0.15734573 0.70710678 0.68937821
vn 0.17364815 0.00000000 0.98480776
vn 0.22252047 0.00000000 0.97492802
vn 0.15734573 -0.70710678 0.68937821
vn 0.22252047 -0.00000000 0.97492802
vn 0.12434413 -0.00000000 0.99223915
vn 0.08792458 0.70710678 0.70161903
vn 0.07473014 0.00000000 0.99720379
vn 0.12434413 -0.00000000 0.99223915
vn 0.08792458 -0.70710678 0.70161903
vn 0.12434413 0.00000000 0.99223915
vn 0.02493036 0.00000000 0.99968919
vn 0.01762843 0.70710678 0.70688701
vn -0.02493074 0.00000000 0.99968918
vn 0.02493036 -0.00000000 0.99968919
vn 0.01762843 -0.70710678 0.70688701
vn 0.02493036 0.00000000 0.99968919
vn -0.07472986 -0.00000000 0.99720382
vn -0.05284199 0.70710678 0.70512958
vn -0.12434373 0.00000000 0.99223920
vn -0.07472986 -0.00000000 0.99720382
vn -0.05284199 -0.70710678 0.70512958
vn -0.07472986 -0.00000000 0.99720382
vn -0.12278800 -0.70710678 0.69636421
vn -0.17364845 0.00000000 0.98480770
vn -0.17364845 -0.00000000 0.98480770
vn -0.12278800 0.70710678 0.69636421
vn -0.22252114 0.00000000 0.97492786
vn -0.17364845 0.00000000 0.98480770
vn -0.19151323 -0.70710678 0.68067810
vn -0.27084061 0.00000000 0.96262421
vn -0.27084061 0.00000000 0.96262421
vn -0.19151323 0.70710678 0.68067810
vn -0.31848643 0.00000000 0.94792742
vn -0.27084061 -0.00000000 0.96262421
vn -0.25833471 0.70710678 0.65822730
vn -0.36534045 0.00000000 0.93087397
vn -0.36534045 -0.00000000 0.93087397
vn -0.25833471 -0.70710678 0.65822730
vn -0.41128706 0.00000000 0.91150587
vn -0.36534045 0.00000000 0.93087397
vn -0.32258997 0.70710678 0.62923422
vn -0.45621112 0.00000000 0.88987157
vn -0.45621112 0.00000000 0.88987157
vn -0.32258997 -0.70710678 0.62923422
vn -0.50000014 0.00000000 0.86602532
vn -0.45621112 0.00000000 0.88987157
vn -0.38363803 -0.70710678 0.59398810
vn -0.54254610 0.00000000 0.84002603
vn -0.54254610 0.00000000 0.84002603
vn -0.38363803 0.70710678 0.59398810
vn -0.58374359 0.00000000 0.81193806
vn -0.54254610 0.00000000 0.84002603
vn -0.44087387 -0.70710678 0.55283834
vn -0.62348980 -0.00000000 0.78183148
vn -0.62348980 -0.00000000 0.78183148
vn -0.44087387 0.70710678 0.55283834
vn -0.66168600 0.00000000 0.74978106
vn -0.62348980 0.00000000 0.78183148
vn -0.49372821 -0.70710678 0.50619409
vn -0.69823713 0.00000000 0.71586655
vn -0.69823713 0.00000000 0.71586655
vn -0.49372821 0.70710678 0.50619409
vn -0.73305197 0.00000000 0.68017263
vn -0.69823713 0.00000000 0.71586655
vn -0.54167515 -0.70710678 0.45451956
vn -0.76604435 -0.00000000 0.64278772
vn -0.76604435 0.00000000 0.64278772
vn -0.54167515 0.70710678 0.45451956
vn -0.79713245 0.00000000 0.60380449
vn -0.76604435 -0.00000000 0.64278772
vn -0.58423902 -0.70710678 0.39832746
vn -0.82623875 0.00000000 0.56332009
vn -0.82623875 0.00000000 0.56332009
vn -0.58423902 0.70710678 0.39832746
vn -0.85329085 0.00000000 0.52143526
vn -0.82623875 0.00000000 0.56332009
vn -0.62099640 -0.70710678 0.33817668
vn -0.87822153 -0.00000000 0.47825405
vn -0.87822153 0.00000000 0.47825405
vn -0.62099640 0.70710678 0.33817668
vn -0.90096884 0.00000000 0.43388379
vn -0.87822153 -0.00000000 0.47825405
vn -0.65158207 -0.70710678 0.27466489
vn -0.92147620 0.00000000 0.38843482
vn -0.92147620 -0.00000000 0.38843482
vn -0.65158207 0.70710678 0.27466489
vn -0.93969258 0.00000000 0.34202025
vn -0.92147620 0.00000000 0.38843482
vn -0.67569197 -0.70710678 0.20842352
vn -0.95557275 -0.00000000 0.29475536
vn -0.95557275 -0.00000000 0.29475536
vn -0.67569197 0.70710678 0.20842352
vn -0.96907732 0.00000000 0.24675728
vn -0.95557275 0.00000000 0.29475536
vn -0.69308668 -0.70710678 0.14011017
vn -0.98017258 0.00000000 0.19814571
vn -0.98017258 0.00000000 0.19814571
vn -0.69308668 0.70710678 0.14011017
vn -0.98883082 0.00000000 0.14904231
vn -0.98017258 0.00000000 0.19814571
vn -0.70359297 -0.70710678 0.07040547
vn -0.99503072 0.00000000 0.09956837
vn -0.99503072 0.00000000 0.09956837
vn -0.70359297 0.70710678 0.07040547
vn -0.99875691 0.00000000 0.04984615
vn -0.99503072 -0.00000000 0.09956837
vn -0.70710678 -0.70710678 0.00000000
vn -1.00000000 0.00000000 0.00000000
vn -1.00000000 0.00000000 0.00000000
vn -0.70710678 0.70710678 0.00000000
vn -0.99875691 0.00000000 -0.04984615
vn -1.00000000 0.00000000 0.00000000
vn -0.70359297 0.70710678 -0.07040547
vn -0.99503072 -0.00000000 -0.09956837
vn -0.99503072 -0.00000000 -0.09956837
vn -0.70359297 -0.70710678 -0.07040547
vn -0.98883082 0.00000000 -0.14904231
vn -0.99503072 0.00000000 -0.09956837
vn -0.69308668 -0.70710678 -0.14011017
vn -0.98017258 -0.00000000 -0.19814571
vn -0.98017258 -0.00000000 -0.19814571
vn -0.69308668 0.70710678 -0.14011017
vn -0.96907732 0.00000000 -0.24675728
vn -0.98017258 -0.00000000 -0.19814571
vn -0.67569197 -0.70710678 -0.20842352
vn -0.95557275 0.00000000 -0.29475536
vn -0.95557275 -0.00000000 -0.29475536
vn -0.67569197 0.70710678 -0.20842352
vn -0.93969258 0.00000000 -0.34202025
vn -0.95557275 0.00000000 -0.29475536
vn -0.65158207 -0.70710678 -0.27466489
vn -0.92147620 -0.00000000 -0.38843482
vn -0.92147620 -0.00000000 -0.38843482
vn -0.65158207 0.70710678 -0.27466489
vn -0.90096884 0.00000000 -0.43388379
vn -0.92147620 0.00000000 -0.38843482
vn -0.87822153 0.00000000 -0.47825405
vn -0.62099640 0.70710678 -0.33817668
vn -0.85329085 0.00000000 -0.52143526
vn -0.87822153 -0.00000000 -0.47825405
vn -0.62099640 -0.70710678 -0.33817668
vn -0.87822153 0.00000000 -0.47825405
vn -0.82623875 -0.00000000 -0.56332009
vn -0.58423902 0.70710678 -0.39832746
vn -0.79713245 0.00000000 -0.60380449
vn -0.82623875 -0.00000000 -0.56332009
vn -0.58423902 -0.70710678 -0.39832746
vn -0.82623875 -0.00000000 -0.56332009
vn -0.76604435 0.00000000 -0.64278772
vn -0.54167515 0.70710678 -0.45451956
vn -0.73305197 0.00000000 -0.68017263
vn -0.76604435 -0.00000000 -0.64278772
vn -0.54167515 -0.70710678 -0.45451956
vn -0.76604435 0.00000000 -0.64278772
vn -0.69823713 -0.00000000 -0.71586655
vn -0.49372821 0.70710678 -0.50619409
vn -0.66168600 0.00000000 -0.74978106
vn -0.69823713 -0.00000000 -0.71586655
vn -0.49372821 -0.70710678 -0.50619409
vn -0.69823713 -0.00000000 -0.71586655
vn -0.62348980 0.00000000 -0.78183148
vn -0.44087387 0.70710678 -0.55283834
vn -0.58374359 0.00000000 -0.81193806
vn -0.62348980 0.00000000 -0.78183148
vn -0.38363803 0.70710678 -0.59398810
vn -0.54254610 0.00000000 -0.84002603
vn -0.54254610 0.00000000 -0.84002603
vn -0.44087387 -0.70710678 -0.55283834
vn -0.62348980 -0.00000000 -0.78183148
vn -0.38363803 -0.70710678 -0.59398810
vn -0.50000014 0.00000000 -0.86602532
vn -0.54254610 0.00000000 -0.84002603
vn -0.32258997 -0.70710678 -0.62923422
vn -0.45621112 0.00000000 -0.88987157
vn -0.45621112 0.00000000 -0.88987157
vn -0.32258997 0.70710678 -0.62923422
vn -0.41128706 0.00000000 -0.91150587
vn -0.45621112 0.00000000 -0.88987157
vn -0.25833471 -0.70710678 -0.65822730
vn -0.36534045 0.00000000 -0.93087397
vn -0.36534045 0.00000000 -0.93087397
vn -0.25833471 0.70710678 -0.65822730
vn -0.31848643 0.00000000 -0.94792742
vn -0.36534045 -0.00000000 -0.93087397
vn -0.27084061 -0.00000000 -0.96262421
vn -0.19151323 0.70710678 -0.68067810
vn -0.22252114 0.00000000 -0.97492786
vn -0.27084061 -0.00000000 -0.96262421
vn -0.19151323 -0.70710678 -0.68067810
vn -0.27084061 0.00000000 -0.96262421
vn -0.12278800 0.70710678 -0.69636421
vn -0.17364845 -0.00000000 -0.98480770
vn -0.17364845 0.00000000 -0.98480770
vn -0.12278800 -0.70710678 -0.69636421
vn -0.12434373 0.00000000 -0.99223920
vn -0.17364845 -0.00000000 -0.98480770
vn -0.07472986 0.00000000 -0.99720382
vn -0.05284199 0.70710678 -0.70512958
vn -0.02493074 0.00000000 -0.99968918
vn -0.07472986 0.00000000 -0.99720382
vn -0.05284199 -0.70710678 -0.70512958
vn -0.07472986 0.00000000 -0.99720382
vn 0.02493036 -0.00000000 -0.99968919
vn 0.01762843 0.70710678 -0.70688701
vn 0.07473014 0.00000000 -0.99720379
vn 0.02493036 -0.00000000 -0.99968919
vn 0.08792458 0.70710678 -0.70161903
vn 0.12434413 -0.00000000 -0.99223915
vn 0.12434413 -0.00000000 -0.99223915
vn 0.01762843 -0.70710678 -0.70688701
vn 0.02493036 0.00000000 -0.99968919
vn 0.08792458 -0.70710678 -0.70161903
vn 0.17364815 0.00000000 -0.98480776
vn 0.12434413 0.00000000 -0.99223915
vn 0.22252047 -0.00000000 -0.97492802
vn 0.15734573 0.70710678 -0.68937821
vn 0.27084053 0.00000000 -0.96262423
vn 0.22252047 0.00000000 -0.97492802
vn 0.15734573 -0.70710678 -0.68937821
vn 0.22252047 -0.00000000 -0.97492802
vn 0.31848723 0.00000000 -0.94792715
vn 0.22520448 0.70710678 -0.67028572
vn 0.36534110 0.00000000 -0.93087372
vn 0.31848723 -0.00000000 -0.94792715
vn 0.22520448 -0.70710678 -0.67028572
vn 0.31848723 0.00000000 -0.94792715
vn 0.41128669 0.00000000 -0.91150604
vn 0.29082361 0.70710678 -0.64453210
vn 0.45621047 0.00000000 -0.88987191
vn 0.41128669 -0.00000000 -0.91150604
vn 0.29082361 -0.70710678 -0.64453210
vn 0.41128669 0.00000000 -0.91150604
vn 0.50000002 0.00000000 -0.86602539
vn 0.35355341 0.70710678 -0.61237243
vn 0.54254626 0.00000000 -0.84002593
vn 0.50000002 -0.00000000 -0.86602539
vn 0.41276908 0.70710678 -0.57412689
vn 0.58374364 0.00000000 -0.81193803
vn 0.58374364 0.00000000 -0.81193803
vn 0.35355341 -0.70710678 -0.61237243
vn 0.50000002 0.00000000 -0.86602539
vn 0.41276908 -0.70710678 -0.57412689
vn 0.62348978 0.00000000 -0.78183150
vn 0.58374364 0.00000000 -0.81193803
vn 0.66168584 -0.00000000 -0.74978120
vn 0.46788254 0.70710678 -0.53017537
vn 0.69823680 0.00000000 -0.71586687
vn 0.66168584 -0.00000000 -0.74978120
vn 0.46788254 -0.70710678 -0.53017537
vn 0.66168584 -0.00000000 -0.74978120
vn 0.73305184 -0.00000000 -0.68017278
vn 0.51834592 0.70710678 -0.48095478
vn 0.76604451 0.00000000 -0.64278752
vn 0.73305184 -0.00000000 -0.68017278
vn 0.51834592 -0.70710678 -0.48095478
vn 0.73305184 -0.00000000 -0.68017278
vn 0.79713267 0.00000000 -0.60380419
vn 0.56365792 0.70710678 -0.42695404
vn 0.82623883 0.00000000 -0.56331998
vn 0.79713267 0.00000000 -0.60380419
vn 0.56365792 -0.70710678 -0.42695404
vn 0.79713267 0.00000000 -0.60380419
vn 0.85329084 0.00000000 -0.52143527
vn 0.60336774 0.70710678 -0.36871042
vn 0.87822159 0.00000000 -0.47825395
vn 0.85329084 -0.00000000 -0.52143527
vn 0.60336774 -0.70710678 -0.36871042
vn 0.85329084 0.00000000 -0.52143527
vn 0.90096893 0.00000000 -0.43388361
vn 0.63708124 0.70710678 -0.30680204
vn 0.92147622 0.00000000 -0.38843478
vn 0.90096893 -0.00000000 -0.43388361
vn 0.63708124 -0.70710678 -0.30680204
vn 0.90096893 0.00000000 -0.43388361
vn 0.93969259 0.00000000 -0.34202024
vn 0.66446300 0.70710678 -0.24184483
vn 0.95557278 0.00000000 -0.29475525
vn 0.93969259 -0.00000000 -0.34202024
vn 0.66446300 -0.70710678 -0.24184483
vn 0.93969259 0.00000000 -0.34202024
vn 0.96907727 -0.00000000 -0.24675746
vn 0.68524111 0.70710678 -0.17448387
vn 0.98017252 0.00000000 -0.19814596
vn 0.96907727 -0.00000000 -0.24675746
vn 0.69920903 0.70710678 -0.10538849
vn 0.98883089 0.00000000 -0.14904184
vn 0.98883089 -0.00000000 -0.14904184
vn 0.68524111 -0.70710678 -0.17448387
vn 0.96907727 0.00000000 -0.24675746
vn 0.69920903 -0.70710678 -0.10538849
vn 0.99503078 0.00000000 -0.09956778
vn 0.98883089 0.00000000 -0.14904184
vn 0.99875691 0.00000000 -0.04984618
vn 0.70622778 0.70710678 -0.03524657
vn 0.99875691 -0.00000000 -0.04984618
vn 0.70622778 -0.70710678 -0.03524657
vn 0.99875691 0.00000000 -0.04984618
vn 0.00000000 -1.00000000 0.00000000
vn 0.00000000 -1.00000000 0.00000000
vn 0.00000000 -1.00000000 0.00000000
vn 0.49372791 -0.70710678 0.50619438
vn 0.00000000 -1.00000000 0.00000000
vn 0.00000000 -1.00000000 0.00000000
vn 0.00000000 -1.00000000 0.00000000
vn 0.00000000 -1.00000000 0.00000000
vn 0.00000000 -1.00000000 0.00000000
vn 0.54167545 -0.70710678 0.45451921
vn 0.00000000 -1.00000000 0.00000000
vn 0.00000000 -1.00000000 0.00000000
vn 0.00000000 -1.00000000 0.00000000
vn 0.00000000 -1.00000000 0.00000000
vn 0.44087372 -0.70710678 0.55283846
vn 0.00000000 -1.00000000 0.00000000
vn 0.00000000 -1.00000000 0.00000000
vn 0.00000000 -1.00000000 0.00000000
vn 0.00000000 -1.00000000 0.00000000
vn 0.58423898 -0.70710678 0.39832752
vn 0.00000000 -1.00000000 0.00000000
vn 0.00000000 -1.00000000 0.00000000
vn 0.00000000 -1.00000000 0.00000000
vn 0.00000000 -1.00000000 0.00000000
vn 0.38363824 -0.70710678 0.59398796
vn 0.00000000 -1.00000000 0.00000000
vn 0.00000000 -1.00000000 0.00000000
vn 0.00000000 -1.00000000 0.00000000
vn 0.00000000 -1.00000000 0.00000000
vn 0.62099647 -0.70710678 0.33817656
vn 0.00000000 -1.00000000 0.00000000
vn 0.32258951 -0.70710678 0.62923446
vn 0.00000000 -1.00000000 0.00000000
vn 0.00000000 -1.00000000 0.00000000
vn 0.00000000 -1.00000000 0.00000000
vn 0.00000000 -1.00000000 0.00000000
vn 0.00000000 -1.00000000 0.00000000
vn 0.00000000 -1.00000000 0.00000000
vn 0.00000000 -1.00000000 0.00000000
vn 0.65158198 -0.70710678 0.27466511
vn 0.00000000 -1.00000000 0.00000000
vn 0.00000000 -1.00000000 0.00000000
vn 0.00000000 -1.00000000 0.00000000
vn 0.00000000 -1.00000000 0.00000000
vn 0.25833513 -0.70710678 0.65822714
vn 0.00000000 -1.00000000 0.00000000
vn 0.00000000 -1.00000000 0.00000000
vn 0.67569205 -0.70710678 0.20842326
vn 0.00000000 -1.00000000 0.00000000
vn 0.00000000 -1.00000000 0.00000000
vn 0.00000000 -1.00000000 0.00000000
vn 0.00000000 -1.00000000 0.00000000
vn 0.00000000 -1.00000000 0.00000000
vn 0.00000000 -1.00000000 0.00000000
vn 0.19151340 -0.70710678 0.68067806
vn 0.00000000 -1.00000000 0.00000000
vn 0.00000000 -1.00000000 0.00000000
vn 0.00000000 -1.00000000 0.00000000
vn 0.00000000 -1.00000000 0.00000000
vn 0.69308657 -0.70710678 0.14011071
vn 0.00000000 -1.00000000 0.00000000
vn 0.00000000 -1.00000000 0.00000000
vn 0.00000000 -1.00000000 0.00000000
vn 0.00000000 -1.00000000 0.00000000
vn 0.12278767 -0.70710678 0.69636426
vn 0.00000000 -1.00000000 0.00000000
vn 0.00000000 -1.00000000 0.00000000
vn 0.00000000 -1.00000000 0.00000000
vn 0.00000000 -1.00000000 0.00000000
vn 0.70359305 -0.70710678 0.07040469
vn 0.00000000 -1.00000000 0.00000000
vn 0.05284222 -0.70710678 0.70512956
vn 0.00000000 -1.00000000 0.00000000
vn 0.00000000 -1.00000000 0.00000000
vn 0.00000000 -1.00000000 0.00000000
vn 0.00000000 -1.00000000 0.00000000
vn 0.00000000 -1.00000000 0.00000000
vn 0.00000000 -1.00000000 0.00000000
vn 0.00000000 -1.00000000 0.00000000
vn 0.70710678 -0.70710678 0.00000000
vn 0.00000000 -1.00000000 0.00000000
vn 0.00000000 -1.00000000 0.00000000
vn 0.00000000 -1.00000000 0.00000000
vn -0.01762852 -0.70710678 0.70688700
vn 0.00000000 -1.00000000 0.00000000
vn 0.00000000 -1.00000000 0.00000000
vn 0.00000000 -1.00000000 0.00000000
vn 0.70359305 -0.70710678 -0.07040469
vn 0.00000000 -1.00000000 0.00000000
vn 0.00000000 -1.00000000 0.00000000
vn 0.00000000 -1.00000000 0.00000000
vn -0.08792433 -0.70710678 0.70161907
vn 0.00000000 -1.00000000 0.00000000
vn 0.00000000 -1.00000000 0.00000000
vn 0.00000000 -1.00000000 0.00000000
vn 0.00000000 -1.00000000 0.00000000
vn 0.00000000 -1.00000000 0.00000000
vn 0.69308657 -0.70710678 -0.14011071
vn 0.00000000 -1.00000000 0.00000000
vn 0.00000000 -1.00000000 0.00000000
vn 0.00000000 -1.00000000 0.00000000
vn -0.15734608 -0.70710678 0.68937813
vn 0.00000000 -1.00000000 0.00000000
vn 0.00000000 -1.00000000 0.00000000
vn 0.00000000 -1.00000000 0.00000000
vn 0.00000000 -1.00000000 0.00000000
vn 0.00000000 -1.00000000 0.00000000
vn 0.67569205 -0.70710678 -0.20842326
vn 0.00000000 -1.00000000 0.00000000
vn 0.00000000 -1.00000000 0.00000000
vn 0.00000000 -1.00000000 0.00000000
vn 0.00000000 -1.00000000 0.00000000
vn 0.00000000 -1.00000000 0.00000000
vn 0.00000000 -1.00000000 0.00000000
vn -0.22520412 -0.70710678 0.67028584
vn 0.00000000 -1.00000000 0.00000000
vn 0.00000000 -1.00000000 0.00000000
vn 0.00000000 -1.00000000 0.00000000
vn 0.00000000 -1.00000000 0.00000000
vn 0.65158198 -0.70710678 -0.27466511
vn 0.00000000 -1.00000000 0.00000000
vn -0.29082394 -0.70710678 0.64453195
vn 0.00000000 -1.00000000 0.00000000
vn 0.00000000 -1.00000000 0.00000000
vn 0.00000000 -1.00000000 0.00000000
vn 0.00000000 -1.00000000 0.00000000
vn 0.00000000 -1.00000000 0.00000000
vn 0.62099647 -0.70710678 -0.33817656
vn 0.00000000 -1.00000000 0.00000000
vn 0.00000000 -1.00000000 0.00000000
vn 0.00000000 -1.00000000 0.00000000
vn -0.35355342 -0.70710678 0.61237242
vn 0.00000000 -1.00000000 0.00000000
vn 0.00000000 -1.00000000 0.00000000
vn 0.00000000 -1.00000000 0.00000000
vn 0.00000000 -1.00000000 0.00000000
vn 0.00000000 -1.00000000 0.00000000
vn 0.00000000 -1.00000000 0.00000000
vn 0.00000000 -1.00000000 0.00000000
vn 0.58423898 -0.70710678 -0.39832752
vn 0.00000000 -1.00000000 0.00000000
vn -0.41276886 -0.70710678 0.57412705
vn 0.00000000 -1.00000000 0.00000000
vn 0.00000000 -1.00000000 0.00000000
vn 0.00000000 -1.00000000 0.00000000
vn 0.00000000 -1.00000000 0.00000000
vn 0.00000000 -1.00000000 0.00000000
vn 0.00000000 -1.00000000 0.00000000
vn 0.00000000 -1.00000000 0.00000000
vn 0.54167545 -0.70710678 -0.45451921
vn 0.00000000 -1.00000000 0.00000000
vn -0.46788274 -0.70710678 0.53017520
vn 0.00000000 -1.00000000 0.00000000
vn 0.00000000 -1.00000000 0.00000000
vn 0.00000000 -1.00000000 0.00000000
vn 0.00000000 -1.00000000 0.00000000
vn 0.00000000 -1.00000000 0.00000000
vn 0.49372791 -0.70710678 -0.50619438
vn 0.00000000 -1.00000000 0.00000000
vn 0.00000000 -1.00000000 0.00000000
vn 0.00000000 -1.00000000 0.00000000
vn 0.00000000 -1.00000000 0.00000000
vn -0.51834610 -0.70710678 0.48095459
vn 0.00000000 -1.00000000 0.00000000
vn 0.00000000 -1.00000000 0.00000000
vn 0.00000000 -1.00000000 0.00000000
vn 0.00000000 -1.00000000 0.00000000
vn 0.00000000 -1.00000000 0.00000000
vn 0.00000000 -1.00000000 0.00000000
vn 0.38363824 -0.70710678 -0.59398796
vn 0.00000000 -1.00000000 0.00000000
vn 0.00000000 -1.00000000 0.00000000
vn 0.44087372 -0.70710678 -0.55283846
vn 0.00000000 -1.00000000 0.00000000
vn 0.00000000 -1.00000000 0.00000000
vn -0.56365763 -0.70710678 0.42695442
vn 0.00000000 -1.00000000 0.00000000
vn 0.00000000 -1.00000000 0.00000000
vn 0.00000000 -1.00000000 0.00000000
vn -0.60336790 -0.70710678 0.36871015
vn 0.00000000 -1.00000000 0.00000000
vn 0.00000000 -1.00000000 0.00000000
vn 0.00000000 -1.00000000 0.00000000
vn 0.00000000 -1.00000000 0.00000000
vn 0.00000000 -1.00000000 0.00000000
vn 0.00000000 -1.00000000 0.00000000
vn 0.00000000 -1.00000000 0.00000000
vn 0.00000000 -1.00000000 0.00000000
vn 0.32258951 -0.70710678 -0.62923446
vn 0.00000000 -1.00000000 0.00000000
vn 0.00000000 -1.00000000 0.00000000
vn 0.00000000 -1.00000000 0.00000000
vn 0.00000000 -1.00000000 0.00000000
vn 0.00000000 -1.00000000 0.00000000
vn -0.63708117 -0.70710678 0.30680220
vn 0.00000000 -1.00000000 0.00000000
vn 0.00000000 -1.00000000 0.00000000
vn 0.00000000 -1.00000000 0.00000000
vn 0.00000000 -1.00000000 0.00000000
vn 0.19151340 -0.70710678 -0.68067806
vn 0.00000000 -1.00000000 0.00000000
vn 0.00000000 -1.00000000 0.00000000
vn 0.25833513 -0.70710678 -0.65822714
vn 0.00000000 -1.00000000 0.00000000
vn 0.00000000 -1.00000000 0.00000000
vn -0.66446297 -0.70710678 0.24184490
vn 0.00000000 -1.00000000 0.00000000
vn 0.00000000 -1.00000000 0.00000000
vn 0.00000000 -1.00000000 0.00000000
vn -0.68524117 -0.70710678 0.17448365
vn 0.00000000 -1.00000000 0.00000000
vn 0.00000000 -1.00000000 0.00000000
vn 0.00000000 -1.00000000 0.00000000
vn 0.00000000 -1.00000000 0.00000000
vn 0.00000000 -1.00000000 0.00000000
vn 0.00000000 -1.00000000 0.00000000
vn 0.00000000 -1.00000000 0.00000000
vn 0.00000000 -1.00000000 0.00000000
vn 0.12278767 -0.70710678 -0.69636426
vn 0.00000000 -1.00000000 0.00000000
vn 0.00000000 -1.00000000 0.00000000
vn 0.00000000 -1.00000000 0.00000000
vn 0.00000000 -1.00000000 0.00000000
vn 0.00000000 -1.00000000 0.00000000
vn -0.69920895 -0.70710678 0.10538902
vn 0.00000000 -1.00000000 0.00000000
vn 0.00000000 -1.00000000 0.00000000
vn -0.70622779 -0.70710678 0.03524647
vn 0.00000000 -1.00000000 0.00000000
vn 0.00000000 -1.00000000 0.00000000
vn 0.00000000 -1.00000000 0.00000000
vn 0.05284222 -0.70710678 -0.70512956
vn 0.00000000 -1.00000000 0.00000000
vn 0.00000000 -1.00000000 0.00000000
vn 0.00000000 -1.00000000 0.00000000
vn 0.00000000 -1.00000000 0.00000000
vn 0.00000000 -1.00000000 0.00000000
vn 0.00000000 -1.00000000 0.00000000
vn -0.01762852 -0.70710678 -0.70688700
vn 0.00000000 -1.00000000 0.00000000
vn 0.00000000 -1.00000000 0.00000000
vn 0.00000000 -1.00000000 0.00000000
vn 0.00000000 -1.00000000 0.00000000
vn 0.00000000 -1.00000000 0.00000000
vn -0.70622779 -0.70710678 -0.03524647
vn 0.00000000 -1.00000000 0.00000000
vn 0.00000000 -1.00000000 0.00000000
vn 0.00000000 -1.00000000 0.00000000
vn 0.00000000 -1.00000000 0.00000000
vn -0.15734608 -0.70710678 -0.68937813
vn 0.00000000 -1.00000000 0.00000000
vn 0.00000000 -1.00000000 0.00000000
vn -0.08792433 -0.70710678 -0.70161907
vn 0.00000000 -1.00000000 0.00000000
vn 0.00000000 -1.00000000 0.00000000
vn -0.69920895 -0.70710678 -0.10538902
vn 0.00000000 -1.00000000 0.00000000
vn 0.00000000 -1.00000000 0.00000000
vn 0.00000000 -1.00000000 0.00000000
vn 0.00000000 -1.00000000 0.00000000
vn 0.00000000 -1.00000000 0.00000000
vn 0.00000000 -1.00000000 0.00000000
vn 0.00000000 -1.00000000 0.00000000
vn 0.00000000 -1.00000000 0.00000000
vn -0.68524117 -0.70710678 -0.17448365
vn 0.00000000 -1.00000000 0.00000000
vn 0.00000000 -1.00000000 0.00000000
vn 0.00000000 -1.00000000 0.00000000
vn -0.22520412 -0.70710678 -0.67028584
vn 0.00000000 -1.00000000 0.00000000
vn 0.00000000 -1.00000000 0.00000000
vn 0.00000000 -1.00000000 0.00000000
vn -0.66446297 -0.70710678 -0.24184490
vn 0.00000000 -1.00000000 0.00000000
vn 0.00000000 -1.00000000 0.00000000
vn 0.00000000 -1.00000000 0.00000000
vn -0.63708117 -0.70710678 -0.30680220
vn 0.00000000 -1.00000000 0.00000000
vn 0.00000000 -1.00000000 0.00000000
vn 0.00000000 -1.00000000 0.00000000
vn 0.00000000 -1.00000000 0.00000000
vn -0.29082394 -0.70710678 -0.64453195
vn 0.00000000 -1.00000000 0.00000000
vn 0.00000000 -1.00000000 0.00000000
vn 0.00000000 -1.00000000 0.00000000
vn 0.00000000 -1.00000000 0.00000000
vn 0.00000000 -1.00000000 0.00000000
vn 0.00000000 -1.00000000 0.00000000
vn 0.00000000 -1.00000000 0.00000000
vn -0.41276886 -0.70710678 -0.57412705
vn 0.00000000 -1.00000000 0.00000000
vn 0.00000000 -1.00000000 0.00000000
vn -0.35355342 -0.70710678 -0.61237242
vn 0.00000000 -1.00000000 0.00000000
vn 0.00000000 -1.00000000 0.00000000
vn 0.00000000 -1.00000000 0.00000000
vn 0.00000000 -1.00000000 0.00000000
vn -0.60336790 -0.70710678 -0.36871015
vn 0.00000000 -1.00000000 0.00000000
vn 0.00000000 -1.00000000 0.00000000
vn 0.00000000 -1.00000000 0.00000000
vn 0.00000000 -1.00000000 0.00000000
vn -0.56365763 -0.70710678 -0.42695442
vn 0.00000000 -1.00000000 0.00000000
vn 0.00000000 -1.00000000 0.00000000
vn 0.00000000 -1.00000000 0.00000000
vn -0.51834610 -0.70710678 -0.48095459
vn 0.00000000 -1.00000000 0.00000000
vn 0.00000000 -1.00000000 0.00000000
vn 0.00000000 -1.00000000 0.00000000
vn 0.00000000 -1.00000000 0.00000000
vn -0.46788274 -0.70710678 -0.53017520
vn 0.00000000 -1.00000000 0.00000000
vn 0.00000000 -1.00000000 0.00000000
vn 0.00000000 -1.00000000 0.00000000
vn 0.00000000 1.00000000 0.00000000
vn 0.00000000 1.00000000 0.00000000
vn 0.00000000 1.00000000 0.00000000
vn 0.00000000 1.00000000 0.00000000
vn 0.49372791 0.70710678 0.50619438
vn 0.00000000 1.00000000 0.00000000
vn 0.00000000 1.00000000 0.00000000
vn 0.00000000 1.00000000 0.00000000
vn 0.00000000 1.00000000 0.00000000
vn 0.54167545 0.70710678 0.45451921
vn 0.00000000 1.00000000 0.00000000
vn 0.00000000 1.00000000 0.00000000
vn 0.00000000 1.00000000 0.00000000
vn 0.00000000 1.00000000 0.00000000
vn 0.44087372 0.70710678 0.55283846
vn 0.00000000 1.00000000 0.00000000
vn 0.00000000 1.00000000 0.00000000
vn 0.00000000 1.00000000 0.00000000
vn 0.00000000 1.00000000 0.00000000
vn 0.58423898 0.70710678 0.39832752
vn 0.00000000 1.00000000 0.00000000
vn 0.00000000 1.00000000 0.00000000
vn 0.00000000 1.00000000 0.00000000
vn 0.00000000 1.00000000 0.00000000
vn 0.38363824 0.70710678 0.59398796
vn 0.00000000 1.00000000 0.00000000
vn 0.00000000 1.00000000 0.00000000
vn 0.00000000 1.00000000 0.00000000
vn 0.00000000 1.00000000 0.00000000
vn 0.62099647 0.70710678 0.33817656
vn 0.00000000 1.00000000 0.00000000
vn 0.00000000 1.00000000 0.00000000
vn 0.32258951 0.70710678 0.62923446
vn 0.00000000 1.00000000 0.00000000
vn 0.00000000 1.00000000 0.00000000
vn 0.00000000 1.00000000 0.00000000
vn 0.00000000 1.00000000 0.00000000
vn 0.00000000 1.00000000 0.00000000
vn 0.00000000 1.00000000 0.00000000
vn 0.65158198 0.70710678 0.27466511
vn 0.00000000 1.00000000 0.00000000
vn 0.00000000 1.00000000 0.00000000
vn 0.00000000 1.00000000 0.00000000
vn 0.00000000 1.00000000 0.00000000
vn 0.25833513 0.70710678 0.65822714
vn 0.00000000 1.00000000 0.00000000
vn 0.67569205 0.70710678 0.20842326
vn 0.00000000 1.00000000 0.00000000
vn 0.00000000 1.00000000 0.00000000
vn 0.00000000 1.00000000 0.00000000
vn 0.00000000 1.00000000 0.00000000
vn 0.00000000 1.00000000 0.00000000
vn 0.00000000 1.00000000 0.00000000
vn 0.00000000 1.00000000 0.00000000
vn 0.19151340 0.70710678 0.68067806
vn 0.00000000 1.00000000 0.00000000
vn 0.00000000 1.00000000 0.00000000
vn 0.00000000 1.00000000 0.00000000
vn 0.00000000 1.00000000 0.00000000
vn 0.69308657 0.70710678 0.14011071
vn 0.00000000 1.00000000 0.00000000
vn 0.00000000 1.00000000 0.00000000
vn 0.00000000 1.00000000 0.00000000
vn 0.00000000 1.00000000 0.00000000
vn 0.12278767 0.70710678 0.69636426
vn 0.00000000 1.00000000 0.00000000
vn 0.00000000 1.00000000 0.00000000
vn 0.00000000 1.00000000 0.00000000
vn 0.00000000 1.00000000 0.00000000
vn 0.70359305 0.70710678 0.07040469
vn 0.00000000 1.00000000 0.00000000
vn 0.00000000 1.00000000 0.00000000
vn 0.05284222 0.70710678 0.70512956
vn 0.00000000 1.00000000 0.00000000
vn 0.00000000 1.00000000 0.00000000
vn 0.00000000 1.00000000 0.00000000
vn 0.00000000 1.00000000 0.00000000
vn 0.00000000 1.00000000 0.00000000
vn 0.70710678 0.70710678 0.00000000
vn 0.00000000 1.00000000 0.00000000
vn 0.00000000 1.00000000 0.00000000
vn 0.00000000 1.00000000 0.00000000
vn 0.00000000 1.00000000 0.00000000
vn 0.00000000 1.00000000 0.00000000
vn -0.01762852 0.70710678 0.70688700
vn 0.00000000 1.00000000 0.00000000
vn 0.70359305 0.70710678 -0.07040469
vn 0.00000000 1.00000000 0.00000000
vn 0.00000000 1.00000000 0.00000000
vn 0.00000000 1.00000000 0.00000000
vn 0.00000000 1.00000000 0.00000000
vn 0.00000000 1.00000000 0.00000000
vn -0.08792433 0.70710678 0.70161907
vn 0.00000000 1.00000000 0.00000000
vn 0.00000000 1.00000000 0.00000000
vn 0.00000000 1.00000000 0.00000000
vn 0.69308657 0.70710678 -0.14011071
vn 0.00000000 1.00000000 0.00000000
vn 0.00000000 1.00000000 0.00000000
vn 0.00000000 1.00000000 0.00000000
vn 0.00000000 1.00000000 0.00000000
vn 0.00000000 1.00000000 0.00000000
vn -0.15734608 0.70710678 0.68937813
vn 0.00000000 1.00000000 0.00000000
vn 0.00000000 1.00000000 0.00000000
vn 0.00000000 1.00000000 0.00000000
vn 0.67569205 0.70710678 -0.20842326
vn 0.00000000 1.00000000 0.00000000
vn 0.00000000 1.00000000 0.00000000
vn 0.00000000 1.00000000 0.00000000
vn 0.00000000 1.00000000 0.00000000
vn 0.00000000 1.00000000 0.00000000
vn 0.00000000 1.00000000 0.00000000
vn 0.00000000 1.00000000 0.00000000
vn -0.22520412 0.70710678 0.67028584
vn 0.00000000 1.00000000 0.00000000
vn 0.00000000 1.00000000 0.00000000
vn 0.00000000 1.00000000 0.00000000
vn 0.00000000 1.00000000 0.00000000
vn 0.65158198 0.70710678 -0.27466511
vn 0.00000000 1.00000000 0.00000000
vn 0.00000000 1.00000000 0.00000000
vn -0.29082394 0.70710678 0.64453195
vn 0.00000000 1.00000000 0.00000000
vn 0.00000000 1.00000000 0.00000000
vn 0.00000000 1.00000000 0.00000000
vn 0.62099647 0.70710678 -0.33817656
vn 0.00000000 1.00000000 0.00000000
vn 0.00000000 1.00000000 0.00000000
vn 0.00000000 1.00000000 0.00000000
vn 0.00000000 1.00000000 0.00000000
vn 0.00000000 1.00000000 0.00000000
vn -0.35355342 0.70710678 0.61237242
vn 0.00000000 1.00000000 0.00000000
vn 0.00000000 1.00000000 0.00000000
vn 0.00000000 1.00000000 0.00000000
vn 0.00000000 1.00000000 0.00000000
vn 0.00000000 1.00000000 0.00000000
vn 0.00000000 1.00000000 0.00000000
vn 0.58423898 0.70710678 -0.39832752
vn 0.00000000 1.00000000 0.00000000
vn 0.00000000 1.00000000 0.00000000
vn -0.41276886 0.70710678 0.57412705
vn 0.00000000 1.00000000 0.00000000
vn 0.00000000 1.00000000 0.00000000
vn 0.00000000 1.00000000 0.00000000
vn 0.00000000 1.00000000 0.00000000
vn 0.00000000 1.00000000 0.00000000
vn 0.00000000 1.00000000 0.00000000
vn 0.54167545 0.70710678 -0.45451921
vn 0.00000000 1.00000000 0.00000000
vn 0.00000000 1.00000000 0.00000000
vn -0.46788274 0.70710678 0.53017520
vn 0.00000000 1.00000000 0.00000000
vn 0.00000000 1.00000000 0.00000000
vn 0.00000000 1.00000000 0.00000000
vn 0.49372791 0.70710678 -0.50619438
vn 0.00000000 1.00000000 0.00000000
vn 0.00000000 1.00000000 0.00000000
vn 0.00000000 1.00000000 0.00000000
vn 0.00000000 1.00000000 0.00000000
vn 0.00000000 1.00000000 0.00000000
vn -0.51834610 0.70710678 0.48095459
vn 0.00000000 1.00000000 0.00000000
vn 0.00000000 1.00000000 0.00000000
vn 0.00000000 1.00000000 0.00000000
vn 0.00000000 1.00000000 0.00000000
vn 0.00000000 1.00000000 0.00000000
vn 0.00000000 1.00000000 0.00000000
vn 0.38363824 0.70710678 -0.59398796
vn 0.00000000 1.00000000 0.00000000
vn 0.00000000 1.00000000 0.00000000
vn 0.44087372 0.70710678 -0.55283846
vn 0.00000000 1.00000000 0.00000000
vn 0.00000000 1.00000000 0.00000000
vn -0.56365763 0.70710678 0.42695442
vn 0.00000000 1.00000000 0.00000000
vn 0.00000000 1.00000000 0.00000000
vn -0.60336790 0.70710678 0.36871015
vn 0.00000000 1.00000000 0.00000000
vn 0.00000000 1.00000000 0.00000000
vn 0.00000000 1.00000000 0.00000000
vn 0.00000000 1.00000000 0.00000000
vn 0.00000000 1.00000000 0.00000000
vn 0.00000000 1.00000000 0.00000000
vn 0.00000000 1.00000000 0.00000000
vn 0.00000000 1.00000000 0.00000000
vn 0.00000000 1.00000000 0.00000000
vn 0.00000000 1.00000000 0.00000000
vn 0.32258951 0.70710678 -0.62923446
vn 0.00000000 1.00000000 0.00000000
vn 0.00000000 1.00000000 0.00000000
vn 0.00000000 1.00000000 0.00000000
vn -0.63708117 0.70710678 0.30680220
vn 0.00000000 1.00000000 0.00000000
vn 0.00000000 1.00000000 0.00000000
vn 0.00000000 1.00000000 0.00000000
vn 0.00000000 1.00000000 0.00000000
vn 0.00000000 1.00000000 0.00000000
vn 0.19151340 0.70710678 -0.68067806
vn 0.00000000 1.00000000 0.00000000
vn 0.00000000 1.00000000 0.00000000
vn 0.25833513 0.70710678 -0.65822714
vn 0.00000000 1.00000000 0.00000000
vn 0.00000000 1.00000000 0.00000000
vn -0.66446297 0.70710678 0.24184490
vn 0.00000000 1.00000000 0.00000000
vn 0.00000000 1.00000000 0.00000000
vn -0.68524117 0.70710678 0.17448365
vn 0.00000000 1.00000000 0.00000000
vn 0.00000000 1.00000000 0.00000000
vn 0.00000000 1.00000000 0.00000000
vn 0.00000000 1.00000000 0.00000000
vn 0.00000000 1.00000000 0.00000000
vn 0.00000000 1.00000000 0.00000000
vn 0.00000000 1.00000000 0.00000000
vn 0.00000000 1.00000000 0.00000000
vn 0.00000000 1.00000000 0.00000000
vn 0.00000000 1.00000000 0.00000000
vn 0.12278767 0.70710678 -0.69636426
vn 0.00000000 1.00000000 0.00000000
vn 0.00000000 1.00000000 0.00000000
vn 0.00000000 1.00000000 0.00000000
vn -0.69920895 0.70710678 0.10538902
vn 0.00000000 1.00000000 0.00000000
vn 0.00000000 1.00000000 0.00000000
vn -0.70622779 0.70710678 0.03524647
vn 0.00000000 1.00000000 0.00000000
vn 0.00000000 1.00000000 0.00000000
vn 0.00000000 1.00000000 0.00000000
vn 0.00000000 1.00000000 0.00000000
vn 0.00000000 1.00000000 0.00000000
vn 0.05284222 0.70710678 -0.70512956
vn 0.00000000 1.00000000 0.00000000
vn 0.00000000 1.00000000 0.00000000
vn 0.00000000 1.00000000 0.00000000
vn 0.00000000 1.00000000 0.00000000
vn 0.00000000 1.00000000 0.00000000
vn 0.00000000 1.00000000 0.00000000
vn -0.01762852 0.70710678 -0.70688700
vn 0.00000000 1.00000000 0.00000000
vn 0.00000000 1.00000000 0.00000000
vn 0.00000000 1.00000000 0.00000000
vn -0.70622779 0.70710678 -0.03524647
vn 0.00000000 1.00000000 0.00000000
vn 0.00000000 1.00000000 0.00000000
vn 0.00000000 1.00000000 0.00000000
vn 0.00000000 1.00000000 0.00000000
vn 0.00000000 1.00000000 0.00000000
vn -0.15734608 0.70710678 -0.68937813
vn 0.00000000 1.00000000 0.00000000
vn 0.00000000 1.00000000 0.00000000
vn -0.08792433 0.70710678 -0.70161907
vn 0.00000000 1.00000000 0.00000000
vn 0.00000000 1.00000000 0.00000000
vn -0.69920895 0.70710678 -0.10538902
vn 0.00000000 1.00000000 0.00000000
vn 0.00000000 1.00000000 0.00000000
vn 0.00000000 1.00000000 0.00000000
vn 0.00000000 1.00000000 0.00000000
vn 0.00000000 1.00000000 0.00000000
vn 0.00000000 1.00000000 0.00000000
vn 0.00000000 1.00000000 0.00000000
vn -0.68524117 0.70710678 -0.17448365
vn 0.00000000 1.00000000 0.00000000
vn 0.00000000 1.00000000 0.00000000
vn 0.00000000 1.00000000 0.00000000
vn 0.00000000 1.00000000 0.00000000
vn 0.00000000 1.00000000 0.00000000
vn -0.22520412 0.70710678 -0.67028584
vn 0.00000000 1.00000000 0.00000000
vn 0.00000000 1.00000000 0.00000000
vn -0.66446297 0.70710678 -0.24184490
vn 0.00000000 1.00000000 0.00000000
vn 0.00000000 1.00000000 0.00000000
vn -0.63708117 0.70710678 -0.30680220
vn 0.00000000 1.00000000 0.00000000
vn 0.00000000 1.00000000 0.00000000
vn 0.00000000 1.00000000 0.00000000
vn 0.00000000 1.00000000 0.00000000
vn 0.00000000 1.00000000 0.00000000
vn 0.00000000 1.00000000 0.00000000
vn -0.29082394 0.70710678 -0.64453195
vn 0.00000000 1.00000000 0.00000000
vn 0.00000000 1.00000000 0.00000000
vn 0.00000000 1.00000000 0.00000000
vn 0.00000000 1.00000000 0.00000000
vn 0.00000000 1.00000000 0.00000000
vn 0.00000000 1.00000000 0.00000000
vn -0.41276886 0.70710678 -0.57412705
vn 0.00000000 1.00000000 0.00000000
vn 0.00000000 1.00000000 0.00000000
vn -0.35355342 0.70710678 -0.61237242
vn 0.00000000 1.00000000 0.00000000
vn 0.00000000 1.00000000 0.00000000
vn 0.00000000 1.00000000 0.00000000
vn -0.60336790 0.70710678 -0.36871015
vn 0.00000000 1.00000000 0.00000000
vn 0.00000000 1.00000000 0.00000000
vn 0.00000000 1.00000000 0.00000000
vn 0.00000000 1.00000000 0.00000000
vn 0.00000000 1.00000000 0.00000000
vn -0.56365763 0.70710678 -0.42695442
vn 0.00000000 1.00000000 0.00000000
vn 0.00000000 1.00000000 0.00000000
vn -0.51834610 0.70710678 -0.48095459
vn 0.00000000 1.00000000 0.00000000
vn 0.00000000 1.00000000 0.00000000
vn 0.00000000 1.00000000 0.00000000
vn 0.00000000 1.00000000 0.00000000
vn 0.00000000 1.00000000 0.00000000
vn 0.00000000 1.00000000 0.00000000
vn -0.46788274 0.70710678 -0.53017520
vn 0.00000000 1.00000000 0.00000000
vn 0.00000000 1.00000000 0.00000000
vn -0.99875691 -0.00000000 -0.04984603
vn -1.00000000 0.00000000 0.00000000
vn -0.99875691 -0.00000000 -0.04984603
vn -0.99503075 0.00000000 -0.09956808
vn -0.99875691 0.00000000 -0.04984603
vn -0.98883078 -0.00000000 -0.14904259
vn -0.98883078 -0.00000000 -0.14904259
vn -0.98017248 0.00000000 -0.19814618
vn -0.98883078 -0.00000000 -0.14904259
vn -0.96907735 0.00000000 -0.24675715
vn -0.96907735 0.00000000 -0.24675715
vn -0.95557281 0.00000000 -0.29475515
vn -0.96907735 -0.00000000 -0.24675715
vn -0.93969255 -0.00000000 -0.34202034
vn -0.93969255 0.00000000 -0.34202034
vn -0.92147615 0.00000000 -0.38843494
vn -0.93969255 -0.00000000 -0.34202034
vn -0.90096883 0.00000000 -0.43388383
vn -0.90096883 -0.00000000 -0.43388383
vn -0.87822164 0.00000000 -0.47825386
vn -0.90096883 0.00000000 -0.43388383
vn -0.85329107 0.00000000 -0.52143489
vn -0.85329107 -0.00000000 -0.52143489
vn -0.82623876 0.00000000 -0.56332008
vn -0.85329107 0.00000000 -0.52143489
vn -0.79713226 0.00000000 -0.60380473
vn -0.79713226 0.00000000 -0.60380473
vn -0.76604442 0.00000000 -0.64278764
vn -0.79713226 -0.00000000 -0.60380473
vn -0.73305209 0.00000000 -0.68017250
vn -0.73305209 0.00000000 -0.68017250
vn -0.69823706 0.00000000 -0.71586661
vn -0.73305209 0.00000000 -0.68017250
vn -0.66168611 0.00000000 -0.74978096
vn -0.66168611 0.00000000 -0.74978096
vn -0.62348977 0.00000000 -0.78183150
vn -0.66168611 0.00000000 -0.74978096
vn -0.54254610 0.00000000 -0.84002603
vn -0.58374332 0.00000000 -0.81193826
vn -0.58374332 0.00000000 -0.81193826
vn -0.58374332 -0.00000000 -0.81193826
vn -0.45621070 0.00000000 -0.88987178
vn -0.50000004 0.00000000 -0.86602538
vn -0.50000004 0.00000000 -0.86602538
vn -0.50000004 -0.00000000 -0.86602538
vn -0.36534109 0.00000000 -0.93087372
vn -0.41128716 0.00000000 -0.91150583
vn -0.41128716 -0.00000000 -0.91150583
vn -0.41128716 0.00000000 -0.91150583
vn -0.27084052 0.00000000 -0.96262423
vn -0.31848672 0.00000000 -0.94792732
vn -0.31848672 0.00000000 -0.94792732
vn -0.31848672 -0.00000000 -0.94792732
vn -0.17364823 0.00000000 -0.98480774
vn -0.22252096 0.00000000 -0.97492791
vn -0.22252096 -0.00000000 -0.97492791
vn -0.22252096 0.00000000 -0.97492791
vn -0.07473003 0.00000000 -0.99720380
vn -0.12434377 -0.00000000 -0.99223920
vn -0.12434377 -0.00000000 -0.99223920
vn -0.12434377 -0.00000000 -0.99223920
vn 0.02493084 0.00000000 -0.99968918
vn -0.02493049 0.00000000 -0.99968919
vn -0.02493049 -0.00000000 -0.99968919
vn -0.02493049 0.00000000 -0.99968919
vn 0.12434365 0.00000000 -0.99223921
vn 0.07473018 -0.00000000 -0.99720379
vn 0.07473018 -0.00000000 -0.99720379
vn 0.07473018 -0.00000000 -0.99720379
vn 0.17364798 -0.00000000 -0.98480779
vn 0.17364798 0.00000000 -0.98480779
vn 0.22252103 0.00000000 -0.97492789
vn 0.17364798 -0.00000000 -0.98480779
vn 0.27084085 -0.00000000 -0.96262414
vn 0.27084085 0.00000000 -0.96262414
vn 0.31848684 0.00000000 -0.94792728
vn 0.27084085 -0.00000000 -0.96262414
vn 0.36534104 0.00000000 -0.93087374
vn 0.36534104 -0.00000000 -0.93087374
vn 0.41128701 0.00000000 -0.91150589
vn 0.36534104 0.00000000 -0.93087374
vn 0.45621046 -0.00000000 -0.88987191
vn 0.45621046 -0.00000000 -0.88987191
vn 0.49999998 0.00000000 -0.86602542
vn 0.45621046 -0.00000000 -0.88987191
vn 0.54254640 0.00000000 -0.84002583
vn 0.54254640 0.00000000 -0.84002583
vn 0.58374363 0.00000000 -0.81193804
vn 0.54254640 0.00000000 -0.84002583
vn 0.62348959 0.00000000 -0.78183165
vn 0.62348959 0.00000000 -0.78183165
vn 0.66168568 0.00000000 -0.74978134
vn 0.62348959 0.00000000 -0.78183165
vn 0.69823670 -0.00000000 -0.71586696
vn 0.69823670 -0.00000000 -0.71586696
vn 0.73305199 0.00000000 -0.68017262
vn 0.69823670 -0.00000000 -0.71586696
vn 0.76604476 -0.00000000 -0.64278723
vn 0.76604476 -0.00000000 -0.64278723
vn 0.79713261 0.00000000 -0.60380427
vn 0.76604476 -0.00000000 -0.64278723
vn 0.82623869 -0.00000000 -0.56332019
vn 0.82623869 -0.00000000 -0.56332019
vn 0.85329087 0.00000000 -0.52143522
vn 0.82623869 -0.00000000 -0.56332019
vn 0.87822163 0.00000000 -0.47825388
vn 0.87822163 0.00000000 -0.47825388
vn 0.90096882 0.00000000 -0.43388384
vn 0.87822163 0.00000000 -0.47825388
vn 0.92147608 -0.00000000 -0.38843512
vn 0.92147608 -0.00000000 -0.38843512
vn 0.93969259 0.00000000 -0.34202022
vn 0.92147608 -0.00000000 -0.38843512
vn 0.95557286 0.00000000 -0.29475500
vn 0.95557286 -0.00000000 -0.29475500
vn 0.96907727 0.00000000 -0.24675747
vn 0.95557286 0.00000000 -0.29475500
vn 0.98017242 0.00000000 -0.19814647
vn 0.98017242 -0.00000000 -0.19814647
vn 0.98883084 0.00000000 -0.14904214
vn 0.98017242 0.00000000 -0.19814647
vn 0.99503083 0.00000000 -0.09956726
vn 0.99503083 0.00000000 -0.09956726
vn 0.99875694 0.00000000 -0.04984559
vn 0.99503083 0.00000000 -0.09956726
vn 1.00000000 0.00000000 0.00000000
vn 1.00000000 0.00000000 0.00000000
vn 0.99875694 0.00000000 0.04984559
vn 1.00000000 0.00000000 0.00000000
vn 0.99503083 0.00000000 0.09956726
vn 0.99503083 0.00000000 0.09956726
vn 0.98883084 0.00000000 0.14904214
vn 0.99503083 0.00000000 0.09956726
vn 0.98017242 -0.00000000 0.19814647
vn 0.98017242 -0.00000000 0.19814647
vn 0.96907727 0.00000000 0.24675747
vn 0.98017242 0.00000000 0.19814647
vn 0.95557286 -0.00000000 0.29475500
vn 0.95557286 -0.00000000 0.29475500
vn 0.93969259 0.00000000 0.34202022
vn 0.95557286 0.00000000 0.29475500
vn 0.92147608 0.00000000 0.38843512
vn 0.92147608 0.00000000 0.38843512
vn 0.90096882 0.00000000 0.43388384
vn 0.92147608 0.00000000 0.38843512
vn 0.85329087 0.00000000 0.52143522
vn 0.87822163 -0.00000000 0.47825388
vn 0.87822163 -0.00000000 0.47825388
vn 0.87822163 -0.00000000 0.47825388
vn 0.79713261 0.00000000 0.60380427
vn 0.82623869 0.00000000 0.56332019
vn 0.82623869 0.00000000 0.56332019
vn 0.82623869 0.00000000 0.56332019
vn 0.73305199 0.00000000 0.68017262
vn 0.76604476 0.00000000 0.64278723
vn 0.76604476 0.00000000 0.64278723
vn 0.76604476 0.00000000 0.64278723
vn 0.66168568 0.00000000 0.74978134
vn 0.69823670 0.00000000 0.71586696
vn 0.69823670 0.00000000 0.71586696
vn 0.69823670 0.00000000 0.71586696
vn 0.58374363 0.00000000 0.81193804
vn 0.62348959 0.00000000 0.78183165
vn 0.62348959 0.00000000 0.78183165
vn 0.54254640 0.00000000 0.84002583
vn 0.54254640 0.00000000 0.84002583
vn 0.62348959 0.00000000 0.78183165
vn 0.49999998 0.00000000 0.86602542
vn 0.54254640 0.00000000 0.84002583
vn 0.45621046 -0.00000000 0.88987191
vn 0.45621046 -0.00000000 0.88987191
vn 0.41128701 0.00000000 0.91150589
vn 0.45621046 -0.00000000 0.88987191
vn 0.36534104 0.00000000 0.93087374
vn 0.36534104 0.00000000 0.93087374
vn 0.31848684 0.00000000 0.94792728
vn 0.36534104 -0.00000000 0.93087374
vn 0.22252103 0.00000000 0.97492789
vn 0.27084085 0.00000000 0.96262414
vn 0.27084085 -0.00000000 0.96262414
vn 0.27084085 0.00000000 0.96262414
vn 0.17364798 -0.00000000 0.98480779
vn 0.17364798 -0.00000000 0.98480779
vn 0.12434365 0.00000000 0.99223921
vn 0.17364798 0.00000000 0.98480779
vn 0.02493084 0.00000000 0.99968918
vn 0.07473018 0.00000000 0.99720379
vn 0.07473018 0.00000000 0.99720379
vn 0.07473018 0.00000000 0.99720379
vn -0.07473003 0.00000000 0.99720380
vn -0.02493049 -0.00000000 0.99968919
vn -0.02493049 -0.00000000 0.99968919
vn -0.12434377 -0.00000000 0.99223920
vn -0.12434377 -0.00000000 0.99223920
vn -0.02493049 0.00000000 0.99968919
vn -0.17364823 0.00000000 0.98480774
vn -0.12434377 -0.00000000 0.99223920
vn -0.27084052 0.00000000 0.96262423
vn -0.22252096 -0.00000000 0.97492791
vn -0.22252096 -0.00000000 0.97492791
vn -0.22252096 0.00000000 0.97492791
vn -0.36534109 0.00000000 0.93087372
vn -0.31848672 -0.00000000 0.94792732
vn -0.31848672 0.00000000 0.94792732
vn -0.31848672 -0.00000000 0.94792732
vn -0.45621070 0.00000000 0.88987178
vn -0.41128716 -0.00000000 0.91150583
vn -0.41128716 -0.00000000 0.91150583
vn -0.41128716 0.00000000 0.91150583
vn -0.54254610 0.00000000 0.84002603
vn -0.50000004 -0.00000000 0.86602538
vn -0.50000004 0.00000000 0.86602538
vn -0.58374332 0.00000000 0.81193826
vn -0.58374332 0.00000000 0.81193826
vn -0.50000004 -0.00000000 0.86602538
vn -0.62348977 0.00000000 0.78183150
vn -0.58374332 -0.00000000 0.81193826
vn -0.69823706 0.00000000 0.71586661
vn -0.66168611 -0.00000000 0.74978096
vn -0.66168611 -0.00000000 0.74978096
vn -0.66168611 -0.00000000 0.74978096
vn -0.76604442 0.00000000 0.64278764
vn -0.73305209 -0.00000000 0.68017250
vn -0.73305209 -0.00000000 0.68017250
vn -0.73305209 -0.00000000 0.68017250
vn -0.82623876 0.00000000 0.56332008
vn -0.79713226 -0.00000000 0.60380473
vn -0.79713226 -0.00000000 0.60380473
vn -0.79713226 0.00000000 0.60380473
vn -0.87822164 0.00000000 0.47825386
vn -0.85329107 -0.00000000 0.52143489
vn -0.85329107 0.00000000 0.52143489
vn -0.85329107 -0.00000000 0.52143489
vn -0.92147615 0.00000000 0.38843494
vn -0.90096883 -0.00000000 0.43388383
vn -0.90096883 0.00000000 0.43388383
vn -0.90096883 -0.00000000 0.43388383
vn -0.95557281 0.00000000 0.29475515
vn -0.93969255 0.00000000 0.34202034
vn -0.93969255 -0.00000000 0.34202034
vn -0.93969255 0.00000000 0.34202034
vn -0.98017248 0.00000000 0.19814618
vn -0.96907735 -0.00000000 0.24675715
vn -0.96907735 -0.00000000 0.24675715
vn -0.98883078 -0.00000000 0.14904259
vn -0.98883078 -0.00000000 0.14904259
vn -0.96907735 0.00000000 0.24675715
vn -0.99503075 0.00000000 0.09956808
vn -0.98883078 -0.00000000 0.14904259
vn -0.99875691 0.00000000 0.04984603
vn -0.99875691 0.00000000 0.04984603
vn -0.99875691 -0.00000000 0.04984603
f 1//1 3//3 1235//1235
f 3//3 1232//1232 1235//1235
f 4//4 1233//1233 1234//1234
f 5//5 1//1 1235//1235
f 4//4 5//5 1235//1235
f 5//5 6//6 1237//1237
f 6//6 7//7 1237//1237
f 8//8 1238//1238 1239//1239
f 7//7 1236//1236 1240//1240
f 8//8 9//9 1240//1240
f 10//10 1241//1241 1242//1242
f 9//9 1239//1239 1243//1243
f 10//10 11//11 1243//1243
f 13//13 1244//1244 1245//1245
f 11//11 12//12 1245//1245
f 12//12 13//13 1245//1245
f 15//15 1246//1246 1248//1248
f 3//3 1231//1231 1248//1248
f 2//2 1247//1247 1248//1248
f 16//16 1249//1249 1250//1250
f 3//3 1246//1246 1250//1250
f 18//18 1252//1252 1251//1251
f 18//18 1253//1253 1254//1254
f 18//18 1254//1254 1252//1252
f 18//18 1256//1256 1255//1255
f 18//18 1251//1251 1256//1256
f 23//23 1258//1258 1254//1254
f 20//20 1257//1257 1254//1254
f 25//25 22//22 24//24
f 22//22 1255//1255 1259//1259
f 26//26 1261//1261 1257//1257
f 1260//1260 26//26 1257//1257
f 25//25 24//24 1262//1262
f 24//24 1263//1263 1262//1262
f 27//27 1268//1268 1264//1264
f 30//30 1265//1265 1266//1266
f 26//26 1260//1260 1266//1266
f 27//27 1264//1264 1266//1266
f 29//29 31//31 1267//1267
f 29//29 1262//1262 31//31
f 34//34 33//33 1268//1268
f 33//33 1269//1269 1264//1264
f 36//36 32//32 1270//1270
f 32//32 1271//1271 1270//1270
f 32//32 1267//1267 1271//1271
f 31//31 35//35 1271//1271
f 34//34 1272//1272 33//33
f 35//35 39//39 36//36
f 38//38 41//41 1272//1272
f 40//40 43//43 1275//1275
f 40//40 1273//1273 43//43
f 41//41 1274//1274 1276//1276
f 45//45 1276//1276 1277//1277
f 48//48 44//44 47//47
f 44//44 1275//1275 1278//1278
f 46//46 50//50 1279//1279
f 45//45 1277//1277 1280//1280
f 46//46 1279//1279 1280//1280
f 52//52 1282//1282 1281//1281
f 52//52 48//48 1282//1282
f 48//48 47//47 1282//1282
f 47//47 1283//1283 1282//1282
f 50//50 1285//1285 1284//1284
f 53//53 1286//1286 1279//1279
f 50//50 1284//1284 1279//1279
f 52//52 1281//1281 1287//1287
f 51//51 54//54 1287//1287
f 55//55 52//52 1288//1288
f 52//52 1287//1287 1288//1288
f 50//50 1289//1289 1285//1285
f 50//50 57//57 1289//1289
f 54//54 58//58 1288//1288
f 57//57 1291//1291 1290//1290
f 60//60 1292//1292 1289//1289
f 57//57 1290//1290 1289//1289
f 62//62 59//59 61//61
f 59//59 55//55 1293//1293
f 63//63 1294//1294 1291//1291
f 57//57 1295//1295 1291//1291
f 57//57 64//64 1295//1295
f 62//62 61//61 1296//1296
f 61//61 1297//1297 1296//1296
f 67//67 1298//1298 1295//1295
f 64//64 1299//1299 1295//1295
f 75//75 66//66 1300//1300
f 66//66 68//68 1300//1300
f 66//66 1296//1296 68//68
f 1301//1301 69//69 1299//1299
f 68//68 71//71 1300//1300
f 69//69 1301//1301 1302//1302
f 72//72 1302//1302 1303//1303
f 70//70 73//73 1303//1303
f 74//74 1305//1305 1304//1304
f 72//72 1303//1303 1304//1304
f 75//75 1300//1300 1307//1307
f 71//71 1306//1306 1307//1307
f 73//73 2907//2907 1304//1304
f 74//74 1304//1304 1308//1308
f 76//76 79//79 1309//1309
f 78//78 75//75 1306//1306
f 76//76 1309//1309 1306//1306
f 77//77 1311//1311 1310//1310
f 77//77 1308//1308 1311//1311
f 2907//2907 80//80 1311//1311
f 82//82 78//78 1309//1309
f 79//79 1312//1312 1309//1309
f 81//81 1314//1314 1313//1313
f 81//81 1310//1310 1314//1314
f 80//80 84//84 1314//1314
f 86//86 82//82 1312//1312
f 83//83 1315//1315 1312//1312
f 85//85 1317//1317 1316//1316
f 85//85 1313//1313 1317//1317
f 84//84 2914//2914 1317//1317
f 89//89 86//86 1315//1315
f 87//87 1319//1319 1315//1315
f 87//87 1318//1318 1319//1319
f 88//88 1316//1316 1320//1320
f 2914//2914 91//91 1320//1320
f 88//88 1320//1320 1321//1321
f 90//90 1322//1322 1323//1323
f 93//93 89//89 1319//1319
f 90//90 1323//1323 1319//1319
f 98//98 96//96 1325//1325
f 96//96 1324//1324 1325//1325
f 1327//1327 98//98 1325//1325
f 99//99 1327//1327 1326//1326
f 1327//1327 1325//1325 1326//1326
f 95//95 1328//1328 1330//1330
f 100//100 1329//1329 1330//1330
f 99//99 1326//1326 1330//1330
f 95//95 1331//1331 1333//1333
f 101//101 1332//1332 1333//1333
f 100//100 1328//1328 1333//1333
f 95//95 1334//1334 1336//1336
f 102//102 1335//1335 1336//1336
f 101//101 1331//1331 1336//1336
f 95//95 1337//1337 1339//1339
f 103//103 1338//1338 1339//1339
f 102//102 1334//1334 1339//1339
f 92//92 1321//1321 1340//1340
f 92//92 1340//1340 1341//1341
f 97//97 1342//1342 1324//1324
f 104//104 1341//1341 1324//1324
f 95//95 1343//1343 1337//1337
f 105//105 1344//1344 1346//1346
f 106//106 1345//1345 1346//1346
f 103//103 1337//1337 1346//1346
f 105//105 1347//1347 1349//1349
f 107//107 1348//1348 1349//1349
f 106//106 1344//1344 1349//1349
f 105//105 1350//1350 1352//1352
f 108//108 1351//1351 1352//1352
f 107//107 1347//1347 1352//1352
f 105//105 1353//1353 1355//1355
f 109//109 1354//1354 1355//1355
f 108//108 1350//1350 1355//1355
f 105//105 1356//1356 1353//1353
f 105//105 1357//1357 1356//1356
f 111//111 1358//1358 1356//1356
f 113//113 1360//1360 1359//1359
f 112//112 1357//1357 1359//1359
f 114//114 1361//1361 1359//1359
f 114//114 1359//1359 1362//1362
f 105//105 93//93 1323//1323
f 94//94 1362//1362 1323//1323
f 116//116 1363//1363 1364//1364
f 105//105 1343//1343 1364//1364
f 95//95 1365//1365 1364//1364
f 95//95 1366//1366 1365//1365
f 118//118 1367//1367 1365//1365
f 116//116 1364//1364 1368//1368
f 116//116 119//119 1369//1369
f 120//120 118//118 1370//1370
f 116//116 121//121 1371//1371
f 122//122 118//118 1372//1372
f 118//118 124//124 1372//1372
f 116//116 123//123 1373//1373
f 118//118 126//126 1374//1374
f 116//116 125//125 1375//1375
f 118//118 1376//1376 1377//1377
f 118//118 129//129 1378//1378
f 131//131 128//128 1381//1381
f 128//128 127//127 1381//1381
f 127//127 1380//1380 1381//1381
f 129//129 130//130 1383//1383
f 130//130 133//133 1383//1383
f 135//135 132//132 1385//1385
f 132//132 131//131 1385//1385
f 133//133 134//134 1387//1387
f 134//134 137//137 1387//1387
f 139//139 136//136 1389//1389
f 136//136 135//135 1389//1389
f 137//137 138//138 1390//1390
f 1396//1396 138//138 1392//1392
f 138//138 1391//1391 1392//1392
f 142//142 140//140 1394//1394
f 140//140 139//139 1394//1394
f 141//141 1395//1395 1396//1396
f 144//144 1395//1395 1398//1398
f 145//145 144//144 1398//1398
f 148//148 1399//1399 1400//1400
f 147//147 143//143 1401//1401
f 143//143 142//142 1401//1401
f 144//144 1397//1397 149//149
f 148//148 147//147 1402//1402
f 148//148 150//150 1403//1403
f 155//155 1407//1407 1404//1404
f 157//157 158//158 1405//1405
f 159//159 1406//1406 1404//1404
f 160//160 1414//1414 1407//1407
f 161//161 1408//1408 1405//1405
f 158//158 1409//1409 1405//1405
f 158//158 1410//1410 1409//1409
f 163//163 155//155 1411//1411
f 165//165 157//157 1412//1412
f 166//166 1413//1413 1414//1414
f 160//160 1415//1415 1414//1414
f 167//167 1422//1422 1414//1414
f 158//158 1416//1416 1417//1417
f 168//168 1418//1418 1410//1410
f 158//158 1417//1417 1410//1410
f 162//162 1419//1419 1411//1411
f 164//164 1421//1421 1412//1412
f 171//171 1422//1422 1423//1423
f 173//173 1425//1425 1417//1417
f 1424//1424 173//173 1417//1417
f 1420//1420 169//169 1426//1426
f 169//169 1427//1427 1426//1426
f 2785//2785 170//170 1428//1428
f 170//170 1429//1429 1428//1428
f 2785//2785 1428//1428 1430//1430
f 179//179 1431//1431 1423//1423
f 179//179 1423//1423 1432//1432
f 174//174 182//182 1433//1433
f 181//181 1434//1434 1435//1435
f 173//173 1424//1424 1435//1435
f 174//174 1433//1433 1435//1435
f 148//148 152//152 1436//1436
f 176//176 1426//1426 184//184
f 191//191 176//176 1437//1437
f 176//176 184//184 1437//1437
f 178//178 1430//1430 185//185
f 186//186 178//178 1438//1438
f 178//178 185//185 1438//1438
f 187//187 1432//1432 1439//1439
f 182//182 1441//1441 1440//1440
f 189//189 1442//1442 1433//1433
f 182//182 1440//1440 1433//1433
f 184//184 190//190 1437//1437
f 191//191 1437//1437 1443//1443
f 185//185 192//192 1438//1438
f 194//194 187//187 1444//1444
f 187//187 1439//1439 1444//1444
f 182//182 1445//1445 1446//1446
f 196//196 189//189 1441//1441
f 182//182 1446//1446 1441//1441
f 191//191 1443//1443 1447//1447
f 190//190 199//199 1447//1447
f 200//200 191//191 1448//1448
f 191//191 1447//1447 1448//1448
f 203//203 193//193 1449//1449
f 195//195 205//205 1450//1450
f 194//194 1444//1444 1451//1451
f 195//195 204//204 1451//1451
f 197//197 206//206 1446//1446
f 199//199 207//207 1448//1448
f 202//202 203//203 208//208
f 209//209 202//202 1452//1452
f 202//202 208//208 1452//1452
f 204//204 1450//1450 1454//1454
f 211//211 1454//1454 1455//1455
f 200//200 1448//1448 1456//1456
f 211//211 1455//1455 1457//1457
f 215//215 1457//1457 1458//1458
f 217//217 1459//1459 1460//1460
f 210//210 1453//1453 1460//1460
f 213//213 1461//1461 1456//1456
f 2765//2765 214//214 1462//1462
f 214//214 1463//1463 1462//1462
f 2765//2765 1462//1462 1464//1464
f 215//215 1458//1458 1465//1465
f 221//221 1465//1465 1466//1466
f 148//148 183//183 1467//1467
f 200//200 1456//1456 1468//1468
f 218//218 225//225 1468//1468
f 220//220 1464//1464 226//226
f 227//227 220//220 1469//1469
f 220//220 226//226 1469//1469
f 221//221 1466//1466 1470//1470
f 228//228 1470//1470 1471//1471
f 223//223 1460//1460 1472//1472
f 232//232 1473//1473 1474//1474
f 200//200 1468//1468 1474//1474
f 234//234 227//227 1475//1475
f 226//226 233//233 227//227
f 229//229 236//236 1476//1476
f 228//228 1471//1471 1477//1477
f 229//229 1476//1476 1477//1477
f 237//237 1478//1478 1480//1480
f 230//230 1472//1472 1480//1480
f 197//197 1479//1479 1480//1480
f 238//238 1481//1481 1483//1483
f 200//200 1473//1473 1483//1483
f 232//232 1482//1482 1483//1483
f 233//233 1484//1484 1475//1475
f 240//240 1485//1485 1476//1476
f 236//236 1486//1486 1476//1476
f 242//242 1487//1487 1489//1489
f 237//237 1479//1479 1489//1489
f 197//197 1488//1488 1489//1489
f 243//243 1490//1490 1492//1492
f 200//200 1481//1481 1492//1492
f 238//238 1491//1491 1492//1492
f 234//234 239//239 1493//1493
f 239//239 1494//1494 1493//1493
f 246//246 1495//1495 1486//1486
f 241//241 1496//1496 1486//1486
f 248//248 1497//1497 1499//1499
f 242//242 1488//1488 1499//1499
f 197//197 1498//1498 1499//1499
f 197//197 1500//1500 1501//1501
f 148//148 224//224 1501//1501
f 224//224 1502//1502 1501//1501
f 250//250 1503//1503 1505//1505
f 200//200 1490//1490 1505//1505
f 243//243 1504//1504 1505//1505
f 245//245 251//251 1506//1506
f 245//245 1493//1493 251//251
f 247//247 253//253 1496//1496
f 255//255 1508//1508 1510//1510
f 248//248 1498//1498 1510//1510
f 197//197 1509//1509 1510//1510
f 256//256 1511//1511 1512//1512
f 257//257 1513//1513 1515//1515
f 200//200 1503//1503 1515//1515
f 250//250 1514//1514 1515//1515
f 252//252 1506//1506 1516//1516
f 251//251 258//258 1516//1516
f 253//253 1507//1507 1517//1517
f 260//260 1518//1518 1520//1520
f 255//255 1509//1509 1520//1520
f 197//197 1519//1519 1520//1520
f 262//262 1522//1522 1521//1521
f 259//259 1523//1523 1521//1521
f 259//259 1517//1517 1523//1523
f 252//252 1516//1516 1524//1524
f 263//263 1524//1524 1525//1525
f 262//262 1521//1521 1526//1526
f 261//261 1527//1527 1526//1526
f 266//266 263//263 1528//1528
f 263//263 1525//1525 1528//1528
f 264//264 267//267 1528//1528
f 265//265 1530//1530 1529//1529
f 265//265 1526//1526 1530//1530
f 1535//1535 266//266 1531//1531
f 266//266 1528//1528 1531//1531
f 267//267 1532//1532 1531//1531
f 269//269 1529//1529 1533//1533
f 268//268 271//271 1533//1533
f 269//269 1533//1533 1534//1534
f 270//270 1536//1536 1535//1535
f 272//272 1538//1538 1537//1537
f 272//272 1534//1534 1538//1538
f 271//271 275//275 1538//1538
f 277//277 1539//1539 1536//1536
f 274//274 1541//1541 1536//1536
f 274//274 1540//1540 1541//1541
f 276//276 1543//1543 1542//1542
f 276//276 1537//1537 1543//1543
f 275//275 279//279 1543//1543
f 2736//2736 277//277 1541//1541
f 278//278 1545//1545 1541//1541
f 278//278 1544//1544 1545//1545
f 280//280 1542//1542 1546//1546
f 279//279 282//282 1546//1546
f 280//280 1546//1546 1547//1547
f 284//284 1548//1548 1545//1545
f 281//281 1549//1549 1545//1545
f 283//283 1547//1547 1550//1550
f 282//282 2648//2648 1550//1550
f 286//286 1552//1552 1551//1551
f 283//283 1550//1550 1551//1551
f 287//287 284//284 1549//1549
f 285//285 1554//1554 1549//1549
f 285//285 1553//1553 1554//1554
f 2648//2648 289//289 1551//1551
f 286//286 1551//1551 1555//1555
f 291//291 287//287 1554//1554
f 288//288 1556//1556 1554//1554
f 256//256 1512//1512 1557//1557
f 200//200 1513//1513 1557//1557
f 257//257 1558//1558 1557//1557
f 256//256 1557//1557 1559//1559
f 297//297 1562//1562 1561//1561
f 295//295 1560//1560 1561//1561
f 298//298 1563//1563 1561//1561
f 298//298 1561//1561 1564//1564
f 293//293 1565//1565 1567//1567
f 300//300 1566//1566 1567//1567
f 299//299 1564//1564 1567//1567
f 293//293 1568//1568 1570//1570
f 301//301 1569//1569 1570//1570
f 300//300 1565//1565 1570//1570
f 293//293 1571//1571 1573//1573
f 302//302 1572//1572 1573//1573
f 301//301 1568//1568 1573//1573
f 293//293 1574//1574 1576//1576
f 303//303 1575//1575 1576//1576
f 302//302 1571//1571 1576//1576
f 293//293 1577//1577 1579//1579
f 304//304 1578//1578 1579//1579
f 303//303 1574//1574 1579//1579
f 293//293 1558//1558 1581//1581
f 257//257 1580//1580 1581//1581
f 304//304 1577//1577 1581//1581
f 294//294 1559//1559 1582//1582
f 293//293 1583//1583 1582//1582
f 294//294 1582//1582 1584//1584
f 306//306 1584//1584 1585//1585
f 307//307 305//305 1586//1586
f 305//305 309//309 1587//1587
f 308//308 305//305 1587//1587
f 305//305 310//310 1588//1588
f 312//312 13//13 1589//1589
f 311//311 1589//1589 1590//1590
f 313//313 1590//1590 1591//1591
f 314//314 1591//1591 1592//1592
f 315//315 1592//1592 1593//1593
f 197//197 1594//1594 1519//1519
f 316//316 1596//1596 1595//1595
f 318//318 1597//1597 320//320
f 316//316 1593//1593 1596//1596
f 13//13 1598//1598 1596//1596
f 197//197 1501//1501 1594//1594
f 249//249 1595//1595 1594//1594
f 317//317 1599//1599 1601//1601
f 321//321 1600//1600 1601//1601
f 260//260 1519//1519 1601//1601
f 317//317 1602//1602 1604//1604
f 322//322 1603//1603 1604//1604
f 321//321 1599//1599 1604//1604
f 317//317 1605//1605 1607//1607
f 323//323 1606//1606 1607//1607
f 322//322 1602//1602 1607//1607
f 317//317 1608//1608 1610//1610
f 324//324 1609//1609 1610//1610
f 323//323 1605//1605 1610//1610
f 317//317 1611//1611 1613//1613
f 325//325 1612//1612 1613//1613
f 324//324 1608//1608 1613//1613
f 317//317 1614//1614 1616//1616
f 326//326 1615//1615 1616//1616
f 325//325 1611//1611 1616//1616
f 319//319 1617//1617 1597//1597
f 327//327 1614//1614 1597//1597
f 290//290 1555//1555 1618//1618
f 289//289 1624//1624 1618//1618
f 290//290 1618//1618 328//328
f 329//329 291//291 1556//1556
f 292//292 1619//1619 1556//1556
f 331//331 1620//1620 1560//1560
f 296//296 1622//1622 1560//1560
f 296//296 1621//1621 1622//1622
f 320//320 333//333 1623//1623
f 328//328 1624//1624 334//334
f 330//330 1625//1625 1626//1626
f 335//335 329//329 1619//1619
f 330//330 1626//1626 1619//1619
f 337//337 1627//1627 1622//1622
f 332//332 1628//1628 1622//1622
f 1623//1623 1629//1629 339//339
f 333//333 1639//1639 1629//1629
f 341//341 334//334 1631//1631
f 334//334 1630//1630 1631//1631
f 342//342 335//335 1626//1626
f 336//336 1632//1632 1626//1626
f 305//305 1633//1633 1634//1634
f 310//310 344//344 1635//1635
f 11//11 1244//1244 1636//1636
f 11//11 312//312 1637//1637
f 347//347 337//337 1628//1628
f 338//338 1638//1638 1628//1628
f 339//339 1639//1639 350//350
f 341//341 1631//1631 1640//1640
f 340//340 1644//1644 1640//1640
f 2724//2724 342//342 1632//1632
f 343//343 1641//1641 1632//1632
f 353//353 347//347 1638//1638
f 348//348 1642//1642 1638//1638
f 350//350 355//355 1643//1643
f 351//351 1640//1640 1644//1644
f 351//351 1644//1644 357//357
f 358//358 2724//2724 1641//1641
f 352//352 1645//1645 1641//1641
f 354//354 1653//1653 1646//1646
f 359//359 1647//1647 1642//1642
f 354//354 1646//1646 1642//1642
f 1643//1643 1648//1648 360//360
f 355//355 1652//1652 1648//1648
f 357//357 361//361 1649//1649
f 362//362 1651//1651 1650//1650
f 2719//2719 358//358 1645//1645
f 360//360 1652//1652 364//364
f 366//366 1654//1654 1653//1653
f 365//365 359//359 1646//1646
f 361//361 367//367 1655//1655
f 1649//1649 1655//1655 366//366
f 364//364 1656//1656 362//362
f 369//369 345//345 1658//1658
f 345//345 344//344 1658//1658
f 344//344 369//369 1658//1658
f 9//9 1659//1659 1660//1660
f 9//9 11//11 1661//1661
f 11//11 346//346 1661//1661
f 346//346 1659//1659 1661//1661
f 369//369 1662//1662 1663//1663
f 7//7 1664//1664 1665//1665
f 7//7 9//9 1666//1666
f 9//9 370//370 1666//1666
f 370//370 1664//1664 1666//1666
f 1663//1663 371//371 1667//1667
f 1663//1663 373//373 1668//1668
f 5//5 7//7 1670//1670
f 7//7 372//372 1670//1670
f 372//372 5//5 1670//1670
f 374//374 373//373 1672//1672
f 373//373 1671//1671 1672//1672
f 374//374 376//376 1673//1673
f 5//5 375//375 1674//1674
f 379//379 378//378 1675//1675
f 380//380 1675//1675 1676//1676
f 381//381 1676//1676 1677//1677
f 382//382 1677//1677 1678//1678
f 377//377 376//376 1680//1680
f 376//376 1679//1679 1680//1680
f 384//384 1681//1681 1682//1682
f 386//386 1682//1682 1683//1683
f 387//387 1683//1683 1684//1684
f 388//388 1684//1684 1685//1685
f 375//375 1687//1687 1686//1686
f 389//389 1685//1685 1686//1686
f 2//2 1//1 1688//1688
f 1//1 375//375 1688//1688
f 375//375 1686//1686 1688//1688
f 383//383 1690//1690 1689//1689
f 383//383 1678//1678 1690//1690
f 378//378 1691//1691 1690//1690
f 385//385 1689//1689 1692//1692
f 15//15 1247//1247 1693//1693
f 2//2 1681//1681 1693//1693
f 385//385 1692//1692 1693//1693
f 15//15 1692//1692 1694//1694
f 392//392 1695//1695 1697//1697
f 391//391 1694//1694 1697//1697
f 390//390 1696//1696 1697//1697
f 393//393 1698//1698 1699//1699
f 15//15 1694//1694 1699//1699
f 394//394 1700//1700 1702//1702
f 392//392 1696//1696 1702//1702
f 390//390 1701//1701 1702//1702
f 395//395 1703//1703 1705//1705
f 15//15 1698//1698 1705//1705
f 393//393 1704//1704 1705//1705
f 396//396 1706//1706 1708//1708
f 394//394 1701//1701 1708//1708
f 390//390 1707//1707 1708//1708
f 397//397 1709//1709 1711//1711
f 15//15 1703//1703 1711//1711
f 395//395 1710//1710 1711//1711
f 398//398 1712//1712 1714//1714
f 396//396 1707//1707 1714//1714
f 390//390 1713//1713 1714//1714
f 399//399 1715//1715 1717//1717
f 15//15 1709//1709 1717//1717
f 397//397 1716//1716 1717//1717
f 400//400 1718//1718 1720//1720
f 398//398 1713//1713 1720//1720
f 390//390 1719//1719 1720//1720
f 401//401 1721//1721 1723//1723
f 15//15 1715//1715 1723//1723
f 399//399 1722//1722 1723//1723
f 402//402 1724//1724 1725//1725
f 400//400 1719//1719 1725//1725
f 401//401 403//403 1721//1721
f 404//404 1726//1726 1725//1725
f 390//390 1727//1727 1725//1725
f 15//15 1721//1721 405//405
f 15//15 405//405 1728//1728
f 408//408 1729//1729 1727//1727
f 390//390 1732//1732 1727//1727
f 15//15 407//407 1730//1730
f 407//407 1731//1731 1730//1730
f 390//390 412//412 1732//1732
f 412//412 1733//1733 1732//1732
f 410//410 413//413 1734//1734
f 410//410 1730//1730 413//413
f 412//412 1738//1738 1735//1735
f 412//412 1735//1735 1733//1733
f 414//414 1734//1734 1736//1736
f 413//413 416//416 1736//1736
f 417//417 414//414 1737//1737
f 414//414 1736//1736 1737//1737
f 419//419 1739//1739 1738//1738
f 418//418 1740//1740 1735//1735
f 416//416 1741//1741 1737//1737
f 419//419 422//422 1743//1743
f 421//421 1744//1744 1739//1739
f 419//419 1743//1743 1739//1739
f 1742//1742 420//420 1745//1745
f 420//420 1746//1746 1745//1745
f 425//425 1748//1748 1743//1743
f 422//422 1747//1747 1743//1743
f 424//424 1745//1745 426//426
f 424//424 426//426 1749//1749
f 428//428 1751//1751 1747//1747
f 1750//1750 428//428 1747//1747
f 427//427 1749//1749 1752//1752
f 426//426 430//430 1752//1752
f 431//431 1753//1753 1754//1754
f 428//428 1750//1750 1754//1754
f 433//433 1755//1755 1756//1756
f 431//431 1754//1754 1756//1756
f 429//429 432//432 1756//1756
f 427//427 1752//1752 1757//1757
f 434//434 1757//1757 435//435
f 433//433 1756//1756 1758//1758
f 432//432 1761//1761 1758//1758
f 437//437 434//434 1759//1759
f 434//434 435//435 1759//1759
f 435//435 438//438 1759//1759
f 436//436 1761//1761 1760//1760
f 436//436 1758//1758 1761//1761
f 441//441 437//437 1762//1762
f 437//437 1759//1759 1762//1762
f 438//438 1763//1763 1762//1762
f 440//440 1765//1765 1764//1764
f 440//440 1760//1760 1765//1765
f 441//441 442//442 1767//1767
f 442//442 1766//1766 1767//1767
f 444//444 1764//1764 1768//1768
f 444//444 1768//1768 1769//1769
f 449//449 445//445 1766//1766
f 446//446 1771//1771 1766//1766
f 446//446 1770//1770 1771//1771
f 448//448 1773//1773 1772//1772
f 448//448 1769//1769 1773//1773
f 453//453 449//449 1771//1771
f 450//450 1775//1775 1771//1771
f 450//450 1774//1774 1775//1775
f 455//455 1776//1776 1775//1775
f 454//454 1777//1777 1775//1775
f 452//452 1779//1779 1778//1778
f 452//452 1772//1772 1779//1779
f 2526//2526 455//455 1777//1777
f 456//456 1781//1781 1777//1777
f 456//456 1780//1780 1781//1781
f 461//461 1783//1783 1782//1782
f 458//458 1784//1784 1782//1782
f 458//458 1778//1778 1784//1784
f 462//462 2526//2526 1781//1781
f 459//459 1785//1785 1781//1781
f 460//460 464//464 1782//1782
f 465//465 1787//1787 1786//1786
f 461//461 1782//1782 1786//1786
f 466//466 1788//1788 1785//1785
f 463//463 1789//1789 1785//1785
f 464//464 468//468 1786//1786
f 469//469 1791//1791 1790//1790
f 465//465 1786//1786 1790//1790
f 2520//2520 466//466 1789//1789
f 467//467 1793//1793 1789//1789
f 467//467 1792//1792 1793//1793
f 469//469 1790//1790 1794//1794
f 468//468 471//471 1794//1794
f 473//473 2520//2520 1793//1793
f 470//470 1795//1795 1793//1793
f 472//472 1794//1794 1796//1796
f 472//472 1796//1796 476//476
f 477//477 473//473 1795//1795
f 474//474 1797//1797 1795//1795
f 476//476 1798//1798 480//480
f 481//481 477//477 1797//1797
f 478//478 1799//1799 1797//1797
f 480//480 1800//1800 483//483
f 484//484 1801//1801 1799//1799
f 485//485 484//484 1802//1802
f 483//483 1803//1803 487//487
f 487//487 1804//1804 489//489
f 485//485 1805//1805 484//484
f 485//485 489//489 1805//1805
f 489//489 1806//1806 1805//1805
f 317//317 1598//1598 1808//1808
f 14//14 1807//1807 1808//1808
f 14//14 1809//1809 1807//1807
f 492//492 1810//1810 1811//1811
f 495//495 492//492 1812//1812
f 492//492 1811//1811 1812//1812
f 491//491 1813//1813 1812//1812
f 496//496 1814//1814 1811//1811
f 493//493 1815//1815 1811//1811
f 495//495 1812//1812 1817//1817
f 494//494 1816//1816 1817//1817
f 499//499 1818//1818 1815//1815
f 497//497 1819//1819 1815//1815
f 495//495 498//498 1820//1820
f 498//498 1821//1821 1820//1820
f 500//500 503//503 1819//1819
f 502//502 1820//1820 1823//1823
f 501//501 1824//1824 1823//1823
f 502//502 1823//1823 1825//1825
f 507//507 1826//1826 1827//1827
f 503//503 1822//1822 1827//1827
f 506//506 1825//1825 1828//1828
f 510//510 1830//1830 1829//1829
f 506//506 1828//1828 1829//1829
f 511//511 1831//1831 1832//1832
f 507//507 1827//1827 1832//1832
f 509//509 1833//1833 1829//1829
f 514//514 1834//1834 1835//1835
f 511//511 1832//1832 1835//1835
f 510//510 513//513 1836//1836
f 513//513 1837//1837 1836//1836
f 518//518 1838//1838 1839//1839
f 514//514 1835//1835 1839//1839
f 517//517 1836//1836 1840//1840
f 516//516 1841//1841 1840//1840
f 517//517 1840//1840 1842//1842
f 518//518 1839//1839 1843//1843
f 522//522 1843//1843 1844//1844
f 521//521 1842//1842 1845//1845
f 520//520 1846//1846 1845//1845
f 521//521 1845//1845 1847//1847
f 522//522 1844//1844 1848//1848
f 526//526 1848//1848 1850//1850
f 527//527 526//526 1850//1850
f 525//525 1852//1852 1851//1851
f 525//525 1847//1847 1852//1852
f 524//524 1853//1853 1852//1852
f 531//531 1854//1854 1855//1855
f 526//526 1849//1849 1855//1855
f 530//530 1851//1851 1856//1856
f 529//529 1857//1857 1856//1856
f 530//530 1856//1856 1858//1858
f 535//535 1859//1859 1860//1860
f 531//531 1855//1855 1860//1860
f 534//534 1858//1858 1861//1861
f 533//533 1862//1862 1861//1861
f 538//538 1864//1864 1863//1863
f 534//534 1861//1861 1863//1863
f 539//539 1865//1865 1866//1866
f 535//535 1860//1860 1866//1866
f 537//537 1867//1867 1863//1863
f 540//540 1869//1869 1870//1870
f 539//539 1866//1866 1871//1871
f 540//540 542//542 1871//1871
f 1868//1868 541//541 1872//1872
f 541//541 1873//1873 1872//1872
f 545//545 1875//1875 1876//1876
f 542//542 1870//1870 1876//1876
f 543//543 1874//1874 1876//1876
f 544//544 1872//1872 1877//1877
f 544//544 1877//1877 1878//1878
f 549//549 1879//1879 1874//1874
f 546//546 1880//1880 1874//1874
f 548//548 1878//1878 1881//1881
f 547//547 1882//1882 1881//1881
f 550//550 552//552 1883//1883
f 548//548 1881//1881 1884//1884
f 550//550 1883//1883 1884//1884
f 549//549 1880//1880 1885//1885
f 546//546 1886//1886 1885//1885
f 556//556 1888//1888 1887//1887
f 554//554 1889//1889 1887//1887
f 554//554 1885//1885 1889//1889
f 557//557 1891//1891 1883//1883
f 552//552 1890//1890 1883//1883
f 555//555 1892//1892 1887//1887
f 560//560 1894//1894 1893//1893
f 556//556 1887//1887 1893//1893
f 561//561 1895//1895 1890//1890
f 558//558 1897//1897 1890//1890
f 558//558 1896//1896 1897//1897
f 560//560 1893//1893 1898//1898
f 559//559 1899//1899 1898//1898
f 84//84 1900//1900 1897//1897
f 562//562 1902//1902 1897//1897
f 562//562 1901//1901 1902//1902
f 2977//2977 1905//1905 1903//1903
f 2977//2977 1898//1898 1905//1905
f 566//566 1906//1906 1902//1902
f 564//564 1908//1908 1902//1902
f 564//564 1907//1907 1908//1908
f 568//568 566//566 1908//1908
f 567//567 1910//1910 1908//1908
f 567//567 1909//1909 1910//1910
f 571//571 1904//1904 1911//1911
f 1904//1904 1903//1903 1911//1911
f 565//565 1912//1912 1911//1911
f 574//574 1914//1914 1913//1913
f 575//575 1915//1915 1913//1913
f 572//572 1915//1915 1918//1918
f 575//575 1916//1916 1918//1918
f 576//576 1917//1917 1918//1918
f 572//572 1917//1917 1921//1921
f 576//576 1919//1919 1921//1921
f 577//577 1920//1920 1921//1921
f 572//572 1920//1920 1924//1924
f 577//577 1922//1922 1924//1924
f 578//578 1923//1923 1924//1924
f 572//572 1923//1923 1927//1927
f 578//578 1925//1925 1927//1927
f 579//579 1926//1926 1927//1927
f 572//572 1926//1926 1930//1930
f 579//579 1928//1928 1930//1930
f 580//580 1929//1929 1930//1930
f 572//572 1929//1929 1933//1933
f 580//580 1931//1931 1933//1933
f 581//581 1932//1932 1933//1933
f 569//569 1934//1934 1935//1935
f 572//572 1936//1936 1910//1910
f 569//569 1935//1935 1910//1910
f 582//582 573//573 1935//1935
f 573//573 1913//1913 1935//1935
f 583//583 1937//1937 1940//1940
f 581//581 1938//1938 1940//1940
f 584//584 1939//1939 1940//1940
f 571//571 1911//1911 1941//1941
f 583//583 1939//1939 1944//1944
f 584//584 1942//1942 1944//1944
f 585//585 1943//1943 1944//1944
f 583//583 1943//1943 1947//1947
f 585//585 1945//1945 1947//1947
f 586//586 1946//1946 1947//1947
f 583//583 1946//1946 1950//1950
f 586//586 1948//1948 1950//1950
f 587//587 1949//1949 1950//1950
f 583//583 1949//1949 1953//1953
f 587//587 1951//1951 1953//1953
f 588//588 1952//1952 1953//1953
f 581//581 1937//1937 1932//1932
f 588//588 1954//1954 1952//1952
f 1954//1954 1955//1955 1952//1952
f 589//589 1956//1956 1955//1955
f 590//590 1957//1957 1955//1955
f 571//571 1941//1941 1958//1958
f 572//572 1932//1932 1959//1959
f 591//591 1959//1959 1960//1960
f 583//583 1961//1961 1960//1960
f 593//593 1962//1962 1964//1964
f 592//592 1963//1963 1964//1964
f 595//595 1965//1965 1967//1967
f 596//596 1966//1966 1967//1967
f 595//595 1968//1968 1969//1969
f 593//593 593//593 1969//1969
f 596//596 1965//1965 1969//1969
f 593//593 1968//1968 1962//1962
f 592//592 1962//1962 1970//1970
f 595//595 1971//1971 1970//1970
f 599//599 1972//1972 1973//1973
f 599//599 1974//1974 1972//1972
f 601//601 1975//1975 1972//1972
f 599//599 1976//1976 1978//1978
f 602//602 1977//1977 1978//1978
f 601//601 1974//1974 1978//1978
f 599//599 1979//1979 1980//1980
f 603//603 603//603 1980//1980
f 602//602 1976//1976 1980//1980
f 599//599 1981//1981 1982//1982
f 603//603 1979//1979 1982//1982
f 591//591 1960//1960 1973//1973
f 606//606 1986//1986 1985//1985
f 606//606 1983//1983 1986//1986
f 605//605 1987//1987 1986//1986
f 614//614 1989//1989 1988//1988
f 609//609 1990//1990 1988//1988
f 609//609 1984//1984 1990//1990
f 608//608 1991//1991 1990//1990
f 615//615 1992//1992 1983//1983
f 607//607 1993//1993 1983//1983
f 617//617 1994//1994 1984//1984
f 610//610 1995//1995 1984//1984
f 620//620 1996//1996 619//619
f 612//612 1985//1985 1998//1998
f 611//611 1997//1997 1998//1998
f 622//622 1999//1999 621//621
f 613//613 2000//2000 1988//1988
f 623//623 2002//2002 1993//1993
f 616//616 2001//2001 1993//1993
f 625//625 2004//2004 1995//1995
f 618//618 2003//2003 1995//1995
f 620//620 619//619 2005//2005
f 619//619 2006//2006 2005//2005
f 622//622 621//621 2007//2007
f 621//621 2008//2008 2007//2007
f 631//631 2009//2009 2001//2001
f 624//624 631//631 2001//2001
f 633//633 2010//2010 2003//2003
f 626//626 633//633 2003//2003
f 628//628 2012//2012 2011//2011
f 628//628 2005//2005 2012//2012
f 627//627 2013//2013 2012//2012
f 630//630 2007//2007 2014//2014
f 629//629 2015//2015 2014//2014
f 630//630 2014//2014 2016//2016
f 639//639 2017//2017 2018//2018
f 640//640 2020//2020 2021//2021
f 634//634 2019//2019 2021//2021
f 636//636 2011//2011 2022//2022
f 643//643 2024//2024 2023//2023
f 636//636 2022//2022 2023//2023
f 638//638 2016//2016 2025//2025
f 645//645 2027//2027 2026//2026
f 638//638 2025//2025 2026//2026
f 646//646 2028//2028 2029//2029
f 639//639 2018//2018 2029//2029
f 648//648 2030//2030 2019//2019
f 641//641 2031//2031 2019//2019
f 642//642 2032//2032 2023//2023
f 644//644 2033//2033 2026//2026
f 653//653 645//645 652//652
f 654//654 2034//2034 2035//2035
f 646//646 2029//2029 2035//2035
f 656//656 2036//2036 2031//2031
f 649//649 2037//2037 2031//2031
f 657//657 2038//2038 2037//2037
f 651//651 650//650 2039//2039
f 650//650 2040//2040 2039//2039
f 651//651 2039//2039 2041//2041
f 653//653 652//652 2042//2042
f 652//652 2043//2043 2042//2042
f 662//662 2044//2044 2045//2045
f 654//654 2035//2035 2045//2045
f 663//663 2046//2046 2038//2038
f 658//658 2047//2047 2038//2038
f 660//660 2041//2041 2048//2048
f 659//659 2049//2049 2048//2048
f 660//660 2048//2048 2050//2050
f 661//661 2051//2051 2042//2042
f 662//662 2045//2045 2052//2052
f 669//669 2053//2053 2047//2047
f 664//664 2054//2054 2047//2047
f 666//666 2056//2056 2055//2055
f 666//666 2050//2050 2056//2056
f 665//665 2057//2057 2056//2056
f 653//653 2042//2042 2058//2058
f 667//667 2059//2059 2058//2058
f 668//668 2052//2052 2061//2061
f 674//674 2062//2062 2054//2054
f 670//670 674//674 2054//2054
f 672//672 2055//2055 2063//2063
f 671//671 2064//2064 2063//2063
f 672//672 2063//2063 2065//2065
f 673//673 2066//2066 2058//2058
f 679//679 2067//2067 2061//2061
f 680//680 2069//2069 2070//2070
f 675//675 2068//2068 2070//2070
f 677//677 2072//2072 2071//2071
f 677//677 2065//2065 2072//2072
f 676//676 2073//2073 2072//2072
f 653//653 2058//2058 2074//2074
f 678//678 2075//2075 2074//2074
f 685//685 2076//2076 2078//2078
f 679//679 2061//2061 2078//2078
f 655//655 2077//2077 2078//2078
f 686//686 2080//2080 2068//2068
f 681//681 2079//2079 2068//2068
f 683//683 2071//2071 2081//2081
f 682//682 2082//2082 2081//2081
f 683//683 2081//2081 2083//2083
f 690//690 2084//2084 2086//2086
f 653//653 2074//2074 2086//2086
f 684//684 2085//2085 2086//2086
f 691//691 2087//2087 2089//2089
f 685//685 2077//2077 2089//2089
f 655//655 2088//2088 2089//2089
f 692//692 2091//2091 2079//2079
f 687//687 2090//2090 2079//2079
f 695//695 2092//2092 694//694
f 689//689 2083//2083 2094//2094
f 688//688 2093//2093 2094//2094
f 696//696 2095//2095 2097//2097
f 653//653 2084//2084 2097//2097
f 690//690 2096//2096 2097//2097
f 697//697 2098//2098 2100//2100
f 691//691 2088//2088 2100//2100
f 655//655 2099//2099 2100//2100
f 698//698 2101//2101 2090//2090
f 693//693 698//698 2090//2090
f 695//695 694//694 2102//2102
f 694//694 2103//2103 2102//2102
f 701//701 2104//2104 2106//2106
f 653//653 2095//2095 2106//2106
f 696//696 2105//2105 2106//2106
f 702//702 2107//2107 2109//2109
f 697//697 2099//2099 2109//2109
f 655//655 2108//2108 2109//2109
f 703//703 2111//2111 2112//2112
f 699//699 2110//2110 2112//2112
f 700//700 2102//2102 2113//2113
f 700//700 2113//2113 2114//2114
f 707//707 2115//2115 2117//2117
f 653//653 2104//2104 2117//2117
f 701//701 2116//2116 2117//2117
f 708//708 2118//2118 2120//2120
f 702//702 2108//2108 2120//2120
f 655//655 2119//2119 2120//2120
f 709//709 2121//2121 2110//2110
f 704//704 2122//2122 2110//2110
f 706//706 2114//2114 2123//2123
f 705//705 2124//2124 2123//2123
f 711//711 2125//2125 2127//2127
f 653//653 2115//2115 2127//2127
f 707//707 2126//2126 2127//2127
f 710//710 2128//2128 2129//2129
f 712//712 706//706 2130//2130
f 706//706 2123//2123 2130//2130
f 710//710 2129//2129 2130//2130
f 709//709 2122//2122 2131//2131
f 704//704 2132//2132 2131//2131
f 715//715 712//712 2129//2129
f 2133//2133 2134//2134 2129//2129
f 714//714 2131//2131 2135//2135
f 718//718 2137//2137 2136//2136
f 714//714 2135//2135 2136//2136
f 716//716 2138//2138 2139//2139
f 719//719 715//715 2134//2134
f 716//716 2139//2139 2134//2134
f 722//722 2140//2140 2141//2141
f 718//718 2136//2136 2141//2141
f 717//717 721//721 2141//2141
f 720//720 2142//2142 2143//2143
f 723//723 2144//2144 2139//2139
f 720//720 2143//2143 2139//2139
f 722//722 2141//2141 2145//2145
f 721//721 2146//2146 2145//2145
f 726//726 2147//2147 2143//2143
f 724//724 2149//2149 2143//2143
f 724//724 2148//2148 2149//2149
f 3317//3317 2152//2152 2150//2150
f 3317//3317 2145//2145 2152//2152
f 727//727 2153//2153 2154//2154
f 729//729 726//726 2149//2149
f 727//727 2154//2154 2149//2149
f 732//732 2155//2155 2156//2156
f 2151//2151 2150//2150 2156//2156
f 728//728 2157//2157 2156//2156
f 730//730 2158//2158 2159//2159
f 733//733 2160//2160 2154//2154
f 730//730 2159//2159 2154//2154
f 732//732 2156//2156 2162//2162
f 731//731 735//735 2162//2162
f 734//734 737//737 2163//2163
f 736//736 733//733 2159//2159
f 734//734 2163//2163 2159//2159
f 739//739 2165//2165 2164//2164
f 735//735 2166//2166 2161//2161
f 740//740 2167//2167 2163//2163
f 737//737 2168//2168 2163//2163
f 743//743 2169//2169 2170//2170
f 739//739 2164//2164 2170//2170
f 738//738 742//742 2170//2170
f 655//655 2172//2172 2119//2119
f 655//655 2171//2171 2172//2172
f 745//745 2175//2175 2174//2174
f 746//746 2176//2176 2174//2174
f 747//747 2178//2178 2176//2176
f 744//744 2178//2178 2181//2181
f 747//747 2179//2179 2181//2181
f 748//748 2180//2180 2181//2181
f 744//744 2180//2180 2184//2184
f 748//748 2182//2182 2184//2184
f 749//749 2183//2183 2184//2184
f 744//744 2183//2183 2187//2187
f 749//749 2185//2185 2187//2187
f 750//750 2186//2186 2187//2187
f 744//744 2186//2186 2190//2190
f 750//750 2188//2188 2190//2190
f 751//751 2189//2189 2190//2190
f 744//744 2189//2189 2193//2193
f 751//751 2191//2191 2193//2193
f 752//752 2192//2192 2193//2193
f 744//744 2192//2192 2195//2195
f 752//752 2194//2194 2195//2195
f 708//708 2119//2119 2195//2195
f 598//598 2196//2196 1970//1970
f 711//711 2197//2197 2125//2125
f 753//753 2198//2198 2199//2199
f 754//754 2200//2200 2199//2199
f 755//755 2201//2201 2199//2199
f 653//653 2125//2125 2202//2202
f 490//490 1809//1809 2196//2196
f 598//598 2202//2202 2196//2196
f 490//490 2197//2197 2205//2205
f 711//711 2203//2203 2205//2205
f 756//756 2204//2204 2205//2205
f 490//490 2204//2204 2208//2208
f 756//756 2206//2206 2208//2208
f 757//757 2207//2207 2208//2208
f 490//490 2207//2207 2211//2211
f 757//757 2209//2209 2211//2211
f 758//758 2210//2210 2211//2211
f 490//490 2210//2210 2214//2214
f 758//758 2212//2212 2214//2214
f 759//759 2213//2213 2214//2214
f 490//490 2213//2213 2217//2217
f 759//759 2215//2215 2217//2217
f 760//760 2216//2216 2217//2217
f 490//490 2216//2216 2219//2219
f 760//760 2218//2218 2219//2219
f 761//761 2220//2220 2219//2219
f 762//762 2221//2221 2219//2219
f 762//762 2222//2222 2221//2221
f 753//753 2199//2199 2221//2221
f 763//763 2223//2223 2172//2172
f 599//599 2224//2224 2172//2172
f 764//764 2225//2225 2168//2168
f 741//741 2227//2227 2168//2168
f 741//741 2226//2226 2227//2227
f 743//743 2170//2170 2229//2229
f 742//742 2230//2230 2229//2229
f 744//744 767//767 2173//2173
f 768//768 2232//2232 2231//2231
f 755//755 2233//2233 2234//2234
f 755//755 2234//2234 2201//2201
f 765//765 2235//2235 2236//2236
f 771//771 2237//2237 2227//2227
f 765//765 2236//2236 2227//2227
f 774//774 2239//2239 2238//2238
f 775//775 2240//2240 2234//2234
f 770//770 2242//2242 2234//2234
f 770//770 2241//2241 2242//2242
f 778//778 2243//2243 2244//2244
f 768//768 2231//2231 2244//2244
f 767//767 2245//2245 2244//2244
f 772//772 2246//2246 2247//2247
f 779//779 771//771 2236//2236
f 772//772 2247//2247 2236//2236
f 773//773 781//781 2238//2238
f 782//782 2249//2249 2248//2248
f 774//774 2238//2238 2248//2248
f 778//778 2244//2244 2250//2250
f 783//783 2251//2251 2250//2250
f 776//776 2252//2252 2253//2253
f 349//349 2254//2254 2242//2242
f 776//776 2253//2253 2242//2242
f 785//785 2256//2256 2247//2247
f 780//780 2255//2255 2247//2247
f 781//781 2257//2257 2248//2248
f 788//788 2259//2259 2258//2258
f 782//782 2248//2248 2258//2258
f 783//783 2250//2250 2260//2260
f 783//783 2260//2260 2261//2261
f 791//791 2262//2262 2253//2253
f 784//784 2264//2264 2253//2253
f 784//784 2263//2263 2264//2264
f 793//793 785//785 2255//2255
f 786//786 2266//2266 2255//2255
f 786//786 2265//2265 2266//2266
f 787//787 795//795 2258//2258
f 796//796 2268//2268 2267//2267
f 788//788 2258//2258 2267//2267
f 790//790 2261//2261 2269//2269
f 798//798 2271//2271 2270//2270
f 790//790 2269//2269 2270//2270
f 799//799 2272//2272 2264//2264
f 792//792 2274//2274 2264//2264
f 792//792 2273//2273 2274//2274
f 801//801 2275//2275 2266//2266
f 794//794 2277//2277 2266//2266
f 794//794 2276//2276 2277//2277
f 795//795 803//803 2267//2267
f 804//804 2279//2279 2278//2278
f 796//796 2267//2267 2278//2278
f 797//797 805//805 2270//2270
f 806//806 2281//2281 2280//2280
f 798//798 2270//2270 2280//2280
f 807//807 2282//2282 2274//2274
f 800//800 2284//2284 2274//2274
f 800//800 2283//2283 2284//2284
f 809//809 2285//2285 2277//2277
f 802//802 2286//2286 2277//2277
f 805//805 809//809 2280//2280
f 802//802 2287//2287 2286//2286
f 806//806 2280//2280 2286//2286
f 810//810 2288//2288 2284//2284
f 808//808 2289//2289 2284//2284
f 803//803 810//810 2278//2278
f 808//808 2290//2290 2289//2289
f 804//804 2278//2278 2289//2289
f 811//811 2291//2291 2293//2293
f 763//763 2292//2292 2293//2293
f 10//10 2294//2294 2295//2295
f 14//14 12//12 2295//2295
f 12//12 1241//1241 2295//2295
f 8//8 2296//2296 2297//2297
f 14//14 2294//2294 2297//2297
f 10//10 1238//1238 2297//2297
f 4//4 2298//2298 2299//2299
f 8//8 6//6 2299//2299
f 6//6 1233//1233 2299//2299
f 8//8 2298//2298 2296//2296
f 763//763 2224//2224 2292//2292
f 599//599 1973//1973 2300//2300
f 813//813 2301//2301 2303//2303
f 814//814 2302//2302 2303//2303
f 811//811 2292//2292 2303//2303
f 813//813 2304//2304 2306//2306
f 815//815 2305//2305 2306//2306
f 814//814 2301//2301 2306//2306
f 813//813 2307//2307 2308//2308
f 815//815 2304//2304 2308//2308
f 592//592 1970//1970 2300//2300
f 14//14 2309//2309 2300//2300
f 599//599 2300//2300 2224//2224
f 14//14 2296//2296 2309//2309
f 4//4 1232//1232 2309//2309
f 817//817 2310//2310 2311//2311
f 813//813 3//3 2311//2311
f 3//3 1249//1249 2311//2311
f 817//817 2311//2311 2312//2312
f 819//819 2313//2313 2315//2315
f 817//817 2312//2312 2315//2315
f 818//818 2314//2314 2315//2315
f 820//820 2316//2316 2318//2318
f 818//818 2312//2312 2318//2318
f 16//16 2317//2317 2318//2318
f 821//821 2319//2319 2321//2321
f 817//817 2313//2313 2321//2321
f 819//819 2320//2320 2321//2321
f 822//822 2322//2322 2324//2324
f 820//820 2317//2317 2324//2324
f 16//16 2323//2323 2324//2324
f 823//823 2325//2325 2327//2327
f 817//817 2319//2319 2327//2327
f 821//821 2326//2326 2327//2327
f 824//824 2328//2328 2330//2330
f 822//822 2323//2323 2330//2330
f 16//16 2329//2329 2330//2330
f 825//825 2331//2331 2333//2333
f 817//817 2325//2325 2333//2333
f 823//823 2332//2332 2333//2333
f 826//826 2334//2334 2336//2336
f 824//824 2329//2329 2336//2336
f 16//16 2335//2335 2336//2336
f 827//827 2337//2337 2339//2339
f 817//817 2331//2331 2339//2339
f 825//825 2338//2338 2339//2339
f 828//828 2340//2340 2341//2341
f 826//826 2335//2335 2341//2341
f 16//16 2346//2346 2341//2341
f 829//829 2342//2342 2344//2344
f 817//817 2337//2337 2344//2344
f 827//827 2343//2343 2344//2344
f 830//830 2345//2345 2346//2346
f 817//817 2342//2342 2347//2347
f 829//829 2348//2348 2347//2347
f 832//832 2349//2349 2346//2346
f 16//16 2351//2351 2346//2346
f 831//831 2350//2350 2347//2347
f 817//817 2347//2347 2352//2352
f 833//833 2353//2353 2352//2352
f 16//16 836//836 2351//2351
f 16//16 837//837 2354//2354
f 835//835 2355//2355 2352//2352
f 817//817 2352//2352 2356//2356
f 840//840 2358//2358 2359//2359
f 836//836 2354//2354 2359//2359
f 837//837 2357//2357 2359//2359
f 839//839 2361//2361 2360//2360
f 839//839 2356//2356 2361//2361
f 838//838 2362//2362 2361//2361
f 844//844 2363//2363 2357//2357
f 841//841 2364//2364 2357//2357
f 843//843 2366//2366 2365//2365
f 843//843 2360//2360 2366//2366
f 842//842 2367//2367 2366//2366
f 847//847 2368//2368 2364//2364
f 2546//2546 2369//2369 2364//2364
f 850//850 2370//2370 849//849
f 846//846 2365//2365 2372//2372
f 845//845 2371//2371 2372//2372
f 848//848 851//851 2369//2369
f 850//850 849//849 2374//2374
f 849//849 2375//2375 2374//2374
f 854//854 2376//2376 2377//2377
f 851//851 2373//2373 2377//2377
f 853//853 2379//2379 2378//2378
f 853//853 2374//2374 2379//2379
f 858//858 2380//2380 2381//2381
f 854//854 2377//2377 2381//2381
f 857//857 2378//2378 2382//2382
f 856//856 2383//2383 2382//2382
f 859//859 2384//2384 2385//2385
f 857//857 2382//2382 2386//2386
f 859//859 2385//2385 2386//2386
f 862//862 2387//2387 2388//2388
f 858//858 2381//2381 2388//2388
f 855//855 2389//2389 2388//2388
f 863//863 2392//2392 2385//2385
f 2390//2390 2391//2391 2385//2385
f 866//866 2393//2393 2394//2394
f 862//862 2388//2388 2394//2394
f 861//861 865//865 2394//2394
f 867//867 2395//2395 2396//2396
f 866//866 2394//2394 2396//2396
f 865//865 2404//2404 2396//2396
f 864//864 2397//2397 2398//2398
f 868//868 2399//2399 2391//2391
f 864//864 2398//2398 2391//2391
f 869//869 2400//2400 2401//2401
f 870//870 2402//2402 2398//2398
f 869//869 2401//2401 2398//2398
f 867//867 2396//2396 2403//2403
f 871//871 2405//2405 2406//2406
f 873//873 870//870 2401//2401
f 871//871 2406//2406 2401//2401
f 3726//3726 2409//2409 2407//2407
f 3726//3726 2403//2403 2409//2409
f 876//876 873//873 2406//2406
f 874//874 2411//2411 2406//2406
f 874//874 2410//2410 2411//2411
f 879//879 2412//2412 2413//2413
f 2408//2408 2407//2407 2413//2413
f 875//875 878//878 2413//2413
f 880//880 876//876 2411//2411
f 877//877 2415//2415 2411//2411
f 877//877 2414//2414 2415//2415
f 879//879 2413//2413 2417//2417
f 878//878 882//882 2417//2417
f 884//884 2419//2419 2418//2418
f 882//882 2420//2420 2416//2416
f 881//881 2421//2421 2422//2422
f 885//885 880//880 2415//2415
f 881//881 2422//2422 2415//2415
f 888//888 2423//2423 2424//2424
f 884//884 2418//2418 2424//2424
f 883//883 887//887 2424//2424
f 889//889 885//885 2422//2422
f 886//886 2425//2425 2422//2422
f 891//891 889//889 2425//2425
f 890//890 2427//2427 2425//2425
f 890//890 2426//2426 2427//2427
f 888//888 2424//2424 2428//2428
f 892//892 2430//2430 2431//2431
f 894//894 891//891 2427//2427
f 892//892 2431//2431 2427//2427
f 897//897 2433//2433 2432//2432
f 893//893 2434//2434 2429//2429
f 899//899 2435//2435 2436//2436
f 897//897 2432//2432 2436//2436
f 896//896 898//898 2436//2436
f 895//895 2437//2437 2438//2438
f 900//900 2439//2439 2431//2431
f 895//895 2438//2438 2431//2431
f 903//903 2440//2440 2441//2441
f 899//899 2436//2436 2441//2441
f 898//898 2442//2442 2441//2441
f 901//901 2443//2443 2444//2444
f 904//904 900//900 2438//2438
f 901//901 2444//2444 2438//2438
f 907//907 2445//2445 2446//2446
f 903//903 2441//2441 2446//2446
f 902//902 906//906 2446//2446
f 905//905 2447//2447 2448//2448
f 908//908 904//904 2444//2444
f 905//905 2448//2448 2444//2444
f 909//909 2449//2449 2450//2450
f 910//910 908//908 2448//2448
f 909//909 2450//2450 2448//2448
f 913//913 2451//2451 2452//2452
f 907//907 2446//2446 2452//2452
f 906//906 912//912 2452//2452
f 915//915 2453//2453 2454//2454
f 913//913 2452//2452 2454//2454
f 912//912 914//914 2454//2454
f 911//911 2455//2455 2456//2456
f 916//916 910//910 2450//2450
f 911//911 2456//2456 2450//2450
f 915//915 2454//2454 2456//2456
f 914//914 916//916 2456//2456
f 817//817 839//839 2457//2457
f 839//839 2458//2458 2457//2457
f 390//390 2458//2458 2459//2459
f 412//412 839//839 2460//2460
f 839//839 843//843 2460//2460
f 412//412 843//843 2462//2462
f 843//843 2461//2461 2462//2462
f 1738//1738 2461//2461 2463//2463
f 843//843 846//846 2463//2463
f 1738//1738 846//846 2464//2464
f 846//846 419//419 2464//2464
f 846//846 2370//2370 2465//2465
f 419//419 850//850 2466//2466
f 422//422 2466//2466 2467//2467
f 850//850 853//853 2467//2467
f 1750//1750 422//422 2469//2469
f 422//422 853//853 2469//2469
f 853//853 2468//2468 2469//2469
f 853//853 857//857 2468//2468
f 857//857 2470//2470 2468//2468
f 1750//1750 2470//2470 2471//2471
f 429//429 857//857 2472//2472
f 857//857 860//860 2472//2472
f 429//429 860//860 2473//2473
f 860//860 432//432 2473//2473
f 860//860 2392//2392 2474//2474
f 432//432 863//863 2475//2475
f 1761//1761 863//863 2476//2476
f 863//863 2399//2399 2476//2476
f 1761//1761 868//868 2477//2477
f 439//439 868//868 2478//2478
f 868//868 2402//2402 2478//2478
f 443//443 439//439 2480//2480
f 439//439 870//870 2480//2480
f 870//870 443//443 2480//2480
f 447//447 443//443 2482//2482
f 443//443 873//873 2482//2482
f 873//873 447//447 2482//2482
f 451//451 447//447 2484//2484
f 447//447 876//876 2484//2484
f 876//876 451//451 2484//2484
f 457//457 451//451 2486//2486
f 451//451 880//880 2486//2486
f 880//880 457//457 2486//2486
f 460//460 457//457 2488//2488
f 457//457 885//885 2488//2488
f 885//885 460//460 2488//2488
f 460//460 889//889 2490//2490
f 889//889 464//464 2490//2490
f 464//464 891//891 2492//2492
f 891//891 468//468 2492//2492
f 468//468 894//894 2493//2493
f 475//475 2495//2495 2496//2496
f 894//894 2439//2439 2496//2496
f 900//900 475//475 2496//2496
f 475//475 471//471 2497//2497
f 471//471 894//894 2497//2497
f 894//894 2495//2495 2497//2497
f 479//479 475//475 2499//2499
f 475//475 904//904 2499//2499
f 904//904 479//479 2499//2499
f 482//482 479//479 2501//2501
f 479//479 908//908 2501//2501
f 908//908 482//482 2501//2501
f 486//486 482//482 2503//2503
f 482//482 910//910 2503//2503
f 910//910 486//486 2503//2503
f 488//488 486//486 2505//2505
f 486//486 916//916 2505//2505
f 916//916 488//488 2505//2505
f 2509//2509 488//488 2507//2507
f 488//488 914//914 2507//2507
f 914//914 2509//2509 2507//2507
f 912//912 2508//2508 2509//2509
f 906//906 481//481 2511//2511
f 481//481 1801//1801 2512//2512
f 484//484 2508//2508 2512//2512
f 912//912 481//481 2512//2512
f 481//481 902//902 2513//2513
f 477//477 902//902 2515//2515
f 902//902 2514//2514 2515//2515
f 473//473 2514//2514 2517//2517
f 902//902 2442//2442 2517//2517
f 898//898 473//473 2517//2517
f 473//473 896//896 2518//2518
f 2520//2520 2518//2518 2519//2519
f 896//896 2434//2434 2519//2519
f 893//893 466//466 2520//2520
f 893//893 887//887 2522//2522
f 887//887 462//462 2522//2522
f 462//462 1788//1788 2523//2523
f 893//893 462//462 2523//2523
f 462//462 883//883 2524//2524
f 2526//2526 2524//2524 2525//2525
f 883//883 2420//2420 2525//2525
f 882//882 455//455 2526//2526
f 878//878 453//453 2528//2528
f 453//453 1776//1776 2529//2529
f 882//882 453//453 2529//2529
f 875//875 872//872 2530//2530
f 453//453 875//875 2531//2531
f 875//875 449//449 2531//2531
f 449//449 872//872 2533//2533
f 872//872 2532//2532 2533//2533
f 872//872 2404//2404 2535//2535
f 2404//2404 2534//2534 2535//2535
f 441//441 445//445 2536//2536
f 445//445 2532//2532 2536//2536
f 872//872 441//441 2536//2536
f 441//441 865//865 2538//2538
f 865//865 437//437 2538//2538
f 437//437 861//861 2539//2539
f 861//861 2389//2389 2540//2540
f 427//427 434//434 2541//2541
f 434//434 861//861 2541//2541
f 861//861 427//427 2541//2541
f 852//852 848//848 2543//2543
f 848//848 2542//2542 2543//2543
f 424//424 855//855 852//852
f 424//424 427//427 2544//2544
f 427//427 855//855 2544//2544
f 848//848 2546//2546 2545//2545
f 1742//1742 424//424 2547//2547
f 424//424 2542//2542 2547//2547
f 848//848 2545//2545 2547//2547
f 2546//2546 841//841 2548//2548
f 841//841 417//417 2548//2548
f 2546//2546 2548//2548 1742//1742
f 16//16 2550//2550 2551//2551
f 410//410 2552//2552 2553//2553
f 841//841 837//837 2553//2553
f 837//837 410//410 2553//2553
f 410//410 414//414 2554//2554
f 414//414 841//841 2554//2554
f 841//841 2552//2552 2554//2554
f 15//15 410//410 1250//1250
f 410//410 2550//2550 1250//1250
f 305//305 2575//2575 2555//2555
f 763//763 812//812 2555//2555
f 344//344 2556//2556 2558//2558
f 812//812 2291//2291 2558//2558
f 811//811 2557//2557 2558//2558
f 344//344 1633//1633 2559//2559
f 305//305 812//812 2559//2559
f 812//812 2556//2556 2559//2559
f 344//344 2557//2557 2560//2560
f 371//371 2561//2561 2562//2562
f 811//811 2302//2302 2562//2562
f 371//371 1662//1662 2563//2563
f 369//369 2560//2560 2563//2563
f 811//811 2561//2561 2563//2563
f 373//373 2564//2564 2565//2565
f 814//814 2305//2305 2565//2565
f 373//373 371//371 2566//2566
f 371//371 2562//2562 2566//2566
f 814//814 2564//2564 2566//2566
f 376//376 2567//2567 2568//2568
f 815//815 816//816 2568//2568
f 376//376 1671//1671 2569//2569
f 373//373 2565//2565 2569//2569
f 815//815 2567//2567 2569//2569
f 378//378 2570//2570 2571//2571
f 816//816 2307//2307 2571//2571
f 378//378 1679//1679 2572//2572
f 376//376 816//816 2572//2572
f 816//816 2570//2570 2572//2572
f 390//390 1691//1691 2574//2574
f 378//378 2571//2571 2574//2574
f 813//813 2573//2573 2574//2574
f 390//390 2573//2573 2457//2457
f 813//813 2310//2310 2457//2457
f 305//305 1583//1583 2575//2575
f 744//744 2223//2223 2576//2576
f 763//763 2575//2575 2576//2576
f 191//191 2578//2578 2580//2580
f 647//647 2579//2579 2580//2580
f 191//191 2577//2577 2581//2581
f 655//655 647//647 2581//2581
f 647//647 2578//2578 2581//2581
f 191//191 2579//2579 2583//2583
f 647//647 2582//2582 2583//2583
f 191//191 2582//2582 2584//2584
f 647//647 632//632 2584//2584
f 191//191 632//632 2586//2586
f 632//632 2585//2585 2586//2586
f 176//176 2585//2585 2588//2588
f 632//632 624//624 2588//2588
f 624//624 2587//2587 2588//2588
f 176//176 2587//2587 1420//1420
f 624//624 616//616 2589//2589
f 163//163 1420//1420 2591//2591
f 1420//1420 616//616 2591//2591
f 616//616 2590//2590 2591//2591
f 616//616 607//607 2590//2590
f 607//607 163//163 2590//2590
f 155//155 607//607 2593//2593
f 607//607 606//606 2593//2593
f 155//155 606//606 2595//2595
f 606//606 2594//2594 2595//2595
f 1407//1407 2594//2594 2596//2596
f 606//606 612//612 2596//2596
f 1407//1407 612//612 2597//2597
f 612//612 160//160 2597//2597
f 612//612 1996//1996 2598//2598
f 167//167 1415//1415 2599//2599
f 160//160 620//620 2599//2599
f 167//167 2599//2599 2600//2600
f 620//620 628//628 2600//2600
f 172//172 167//167 2601//2601
f 167//167 628//628 2601//2601
f 628//628 172//172 2601//2601
f 628//628 636//636 2602//2602
f 180//180 172//172 2603//2603
f 172//172 636//636 2603//2603
f 636//636 180//180 2603//2603
f 636//636 2024//2024 2604//2604
f 188//188 180//180 2605//2605
f 180//180 643//643 2605//2605
f 643//643 2607//2607 2605//2605
f 643//643 651//651 2607//2607
f 651//651 2606//2606 2607//2607
f 195//195 188//188 2608//2608
f 651//651 660//660 2608//2608
f 195//195 660//660 2610//2610
f 660//660 2609//2609 2610//2610
f 205//205 2609//2609 2611//2611
f 660//660 666//666 2611//2611
f 212//212 205//205 2612//2612
f 205//205 666//666 2612//2612
f 666//666 212//212 2612//2612
f 666//666 672//672 2613//2613
f 216//216 212//212 2614//2614
f 212//212 672//672 2614//2614
f 672//672 216//216 2614//2614
f 672//672 677//677 2615//2615
f 222//222 216//216 2616//2616
f 216//216 677//677 2616//2616
f 677//677 222//222 2616//2616
f 677//677 683//683 2617//2617
f 229//229 222//222 2618//2618
f 222//222 683//683 2618//2618
f 683//683 229//229 2618//2618
f 683//683 689//689 2619//2619
f 229//229 689//689 2621//2621
f 689//689 2620//2620 2621//2621
f 695//695 700//700 2622//2622
f 241//241 2623//2623 2624//2624
f 689//689 2092//2092 2624//2624
f 695//695 241//241 2624//2624
f 241//241 236//236 2625//2625
f 236//236 2620//2620 2625//2625
f 689//689 2623//2623 2625//2625
f 247//247 241//241 2627//2627
f 241//241 700//700 2627//2627
f 700//700 2626//2626 2627//2627
f 254//254 2629//2629 2630//2630
f 700//700 706//706 2630//2630
f 706//706 254//254 2630//2630
f 254//254 247//247 2626//2626
f 700//700 2629//2629 2626//2626
f 261//261 254//254 2632//2632
f 254//254 712//712 2632//2632
f 712//712 261//261 2632//2632
f 1530//1530 1527//1527 2634//2634
f 261//261 715//715 2634//2634
f 715//715 1530//1530 2634//2634
f 1530//1530 719//719 2635//2635
f 268//268 719//719 2636//2636
f 719//719 271//271 2636//2636
f 719//719 2144//2144 2637//2637
f 271//271 723//723 2638//2638
f 275//275 723//723 2640//2640
f 723//723 2147//2147 2640//2640
f 726//726 275//275 2640//2640
f 275//275 729//729 2641//2641
f 279//279 729//729 2643//2643
f 729//729 2642//2642 2643//2643
f 282//282 2642//2642 2645//2645
f 729//729 2160//2160 2645//2645
f 733//733 282//282 2645//2645
f 282//282 736//736 2646//2646
f 2648//2648 736//736 2647//2647
f 736//736 2167//2167 2647//2647
f 740//740 289//289 2648//2648
f 1624//1624 740//740 2650//2650
f 740//740 2225//2225 2650//2650
f 1624//1624 764//764 2651//2651
f 1630//1630 771//771 2652//2652
f 1630//1630 764//764 2653//2653
f 764//764 2237//2237 2653//2653
f 1630//1630 779//779 2654//2654
f 340//340 779//779 2656//2656
f 779//779 2655//2655 2656//2656
f 1644//1644 785//785 2657//2657
f 1644//1644 2655//2655 2658//2658
f 779//779 2256//2256 2658//2658
f 1644//1644 793//793 2659//2659
f 356//356 793//793 2661//2661
f 793//793 2660//2660 2661//2661
f 361//361 2660//2660 2662//2662
f 793//793 2275//2275 2662//2662
f 361//361 801//801 2663//2663
f 367//367 801//801 2664//2664
f 801//801 2285//2285 2664//2664
f 805//805 365//365 2666//2666
f 365//365 367//367 2667//2667
f 367//367 809//809 2667//2667
f 809//809 365//365 2667//2667
f 365//365 797//797 2668//2668
f 797//797 789//789 2670//2670
f 789//789 353//353 2670//2670
f 353//353 1647//1647 2671//2671
f 359//359 797//797 2671//2671
f 797//797 353//353 2671//2671
f 2260//2260 777//777 2672//2672
f 353//353 2260//2260 2673//2673
f 2260//2260 347//347 2673//2673
f 347//347 777//777 2674//2674
f 777//777 337//337 2674//2674
f 744//744 2675//2675 2676//2676
f 777//777 2245//2245 2677//2677
f 767//767 331//331 2677//2677
f 331//331 1627//1627 2678//2678
f 777//777 331//331 2678//2678
f 293//293 1620//1620 2679//2679
f 331//331 2675//2675 2679//2679
f 744//744 2576//2576 2679//2679
f 200//200 146//146 2680//2680
f 655//655 2577//2577 2681//2681
f 200//200 2680//2680 2681//2681
f 599//599 2171//2171 2681//2681
f 130//130 1376//1376 2683//2683
f 118//118 2682//2682 2683//2683
f 130//130 591//591 2684//2684
f 591//591 600//600 2684//2684
f 134//134 2685//2685 2686//2686
f 600//600 1975//1975 2686//2686
f 134//134 130//130 2687//2687
f 130//130 600//600 2687//2687
f 600//600 2685//2685 2687//2687
f 138//138 2688//2688 2689//2689
f 601//601 1977//1977 2689//2689
f 138//138 134//134 2690//2690
f 134//134 2686//2686 2690//2690
f 601//601 2688//2688 2690//2690
f 141//141 2691//2691 603//603
f 141//141 1391//1391 2692//2692
f 138//138 2689//2689 2692//2692
f 602//602 2691//2691 2692//2692
f 603//603 604//604 2693//2693
f 145//145 141//141 2694//2694
f 141//141 603//603 2694//2694
f 603//603 145//145 2694//2694
f 146//146 2695//2695 2696//2696
f 604//604 1981//1981 2696//2696
f 599//599 2680//2680 2696//2696
f 146//146 145//145 2697//2697
f 145//145 604//604 2697//2697
f 604//604 2695//2695 2697//2697
f 95//95 2698//2698 2699//2699
f 591//591 2682//2682 2699//2699
f 118//118 1366//1366 2699//2699
f 572//572 591//591 2700//2700
f 591//591 2698//2698 2700//2700
f 317//317 1807//1807 2702//2702
f 490//490 2701//2701 2702//2702
f 333//333 2701//2701 2703//2703
f 490//490 769//769 2703//2703
f 333//333 769//769 2705//2705
f 769//769 2704//2704 2705//2705
f 1639//1639 2704//2704 2706//2706
f 769//769 2240//2240 2706//2706
f 1639//1639 775//775 2707//2707
f 349//349 775//775 2708//2708
f 775//775 2254//2254 2708//2708
f 349//349 2709//2709 2710//2710
f 355//355 2709//2709 2711//2711
f 349//349 2262//2262 2711//2711
f 355//355 791//791 2712//2712
f 1652//1652 791//791 2713//2713
f 791//791 2272//2272 2713//2713
f 1652//1652 799//799 2714//2714
f 363//363 799//799 2715//2715
f 799//799 2282//2282 2715//2715
f 368//368 363//363 2716//2716
f 363//363 807//807 2716//2716
f 368//368 807//807 2717//2717
f 807//807 2288//2288 2717//2717
f 810//810 2719//2719 368//368
f 803//803 358//358 2719//2719
f 358//358 795//795 2721//2721
f 358//358 787//787 2722//2722
f 2724//2724 787//787 2723//2723
f 787//787 2257//2257 2723//2723
f 781//781 342//342 2724//2724
f 342//342 773//773 2726//2726
f 335//335 773//773 2727//2727
f 773//773 766//766 2727//2727
f 335//335 766//766 2728//2728
f 766//766 329//329 2728//2728
f 766//766 291//291 2729//2729
f 766//766 2230//2230 2730//2730
f 291//291 742//742 2731//2731
f 291//291 738//738 2732//2732
f 738//738 2166//2166 2733//2733
f 287//287 2732//2732 2734//2734
f 738//738 284//284 2734//2734
f 731//731 2157//2157 2736//2736
f 2736//2736 1548//1548 2737//2737
f 284//284 735//735 2737//2737
f 735//735 2736//2736 2737//2737
f 2736//2736 728//728 2738//2738
f 728//728 725//725 2739//2739
f 273//273 725//725 2740//2740
f 725//725 2146//2146 2740//2740
f 273//273 1539//1539 2741//2741
f 277//277 728//728 2741//2741
f 728//728 273//273 2741//2741
f 1535//1535 2742//2742 2743//2743
f 1535//1535 273//273 2744//2744
f 273//273 721//721 2744//2744
f 721//721 2742//2742 2744//2744
f 717//717 713//713 2745//2745
f 1535//1535 717//717 2746//2746
f 717//717 266//266 2746//2746
f 266//266 713//713 2748//2748
f 713//713 2747//2747 2748//2748
f 713//713 2132//2132 2749//2749
f 252//252 263//263 2750//2750
f 263//263 2747//2747 2750//2750
f 713//713 252//252 2750//2750
f 704//704 699//699 2751//2751
f 245//245 699//699 2753//2753
f 699//699 693//693 2753//2753
f 693//693 2752//2752 2753//2753
f 245//245 252//252 2754//2754
f 252//252 2749//2749 2754//2754
f 704//704 245//245 2754//2754
f 234//234 245//245 2755//2755
f 245//245 2752//2752 2755//2755
f 234//234 2755//2755 2757//2757
f 693//693 2756//2756 2757//2757
f 234//234 2756//2756 2758//2758
f 693//693 687//687 2758//2758
f 234//234 687//687 2760//2760
f 687//687 2759//2759 2760//2760
f 227//227 2759//2759 2761//2761
f 687//687 681//681 2761//2761
f 227//227 681//681 2763//2763
f 681//681 2762//2762 2763//2763
f 220//220 2762//2762 2764//2764
f 681//681 675//675 2764//2764
f 2765//2765 220//220 2766//2766
f 220//220 675//675 2766//2766
f 675//675 2765//2765 2766//2766
f 675//675 670//670 2767//2767
f 2765//2765 2767//2767 2768//2768
f 670//670 664//664 2768//2768
f 209//209 2765//2765 2770//2770
f 2765//2765 664//664 2770//2770
f 664//664 2769//2769 2770//2770
f 664//664 2771//2771 2769//2769
f 202//202 2771//2771 2772//2772
f 664//664 658//658 2772//2772
f 202//202 658//658 2774//2774
f 658//658 2773//2773 2774//2774
f 203//203 2773//2773 2775//2775
f 658//658 657//657 2775//2775
f 203//203 657//657 2777//2777
f 657//657 2776//2776 2777//2777
f 193//193 2776//2776 2778//2778
f 657//657 649//649 2778//2778
f 193//193 649//649 2779//2779
f 649//649 641//641 2779//2779
f 193//193 641//641 2781//2781
f 641//641 2780//2780 2781//2781
f 186//186 2780//2780 2782//2782
f 641//641 634//634 2782//2782
f 186//186 634//634 2784//2784
f 634//634 2783//2783 2784//2784
f 2785//2785 178//178 2786//2786
f 178//178 2783//2783 2786//2786
f 634//634 2785//2785 2786//2786
f 634//634 626//626 2787//2787
f 165//165 2785//2785 2788//2788
f 2785//2785 2787//2787 2788//2788
f 626//626 165//165 2788//2788
f 626//626 618//618 2789//2789
f 165//165 618//618 2791//2791
f 618//618 2790//2790 2791//2791
f 157//157 2790//2790 2792//2792
f 618//618 610//610 2792//2792
f 157//157 610//610 2793//2793
f 610//610 609//609 2793//2793
f 157//157 609//609 2795//2795
f 609//609 2794//2794 2795//2795
f 158//158 2794//2794 2796//2796
f 609//609 1989//1989 2796//2796
f 158//158 614//614 2797//2797
f 1424//1424 1416//1416 2798//2798
f 158//158 2797//2797 2798//2798
f 1424//1424 614//614 2799//2799
f 614//614 1999//1999 2799//2799
f 1424//1424 2799//2799 2800//2800
f 622//622 630//630 2800//2800
f 1424//1424 630//630 2801//2801
f 630//630 174//174 2801//2801
f 630//630 638//638 2802//2802
f 174//174 638//638 2804//2804
f 638//638 2803//2803 2804//2804
f 182//182 2803//2803 2806//2806
f 638//638 2805//2805 2806//2806
f 182//182 2805//2805 2807//2807
f 638//638 2027//2027 2807//2807
f 182//182 2807//2807 2809//2809
f 653//653 2808//2808 2809//2809
f 197//197 1445//1445 2810//2810
f 182//182 2808//2808 2810//2810
f 93//93 2811//2811 2812//2812
f 583//583 570//570 2812//2812
f 93//93 570//570 2813//2813
f 570//570 89//89 2813//2813
f 570//570 1912//1912 2814//2814
f 89//89 565//565 2815//2815
f 86//86 565//565 2816//2816
f 565//565 563//563 2816//2816
f 86//86 563//563 2817//2817
f 563//563 82//82 2817//2817
f 563//563 1899//1899 2818//2818
f 82//82 559//559 2819//2819
f 78//78 559//559 2820//2820
f 559//559 1892//1892 2820//2820
f 78//78 553//553 2822//2822
f 553//553 2821//2821 2822//2822
f 75//75 2821//2821 2823//2823
f 553//553 1886//1886 2823//2823
f 75//75 546//546 2824//2824
f 75//75 2824//2824 2826//2826
f 546//546 2825//2825 2826//2826
f 66//66 2825//2825 2827//2827
f 546//546 543//543 2827//2827
f 62//62 66//66 2828//2828
f 66//66 543//543 2828//2828
f 543//543 62//62 2828//2828
f 543//543 1869//1869 2829//2829
f 62//62 2829//2829 2830//2830
f 540//540 536//536 2830//2830
f 62//62 536//536 2832//2832
f 536//536 2831//2831 2832//2832
f 536//536 532//532 2831//2831
f 532//532 2833//2833 2831//2831
f 59//59 2833//2833 2834//2834
f 55//55 532//532 2835//2835
f 532//532 528//528 2835//2835
f 55//55 528//528 2837//2837
f 528//528 2836//2836 2837//2837
f 52//52 2836//2836 2839//2839
f 528//528 2838//2838 2839//2839
f 52//52 2838//2838 2840//2840
f 528//528 527//527 2840//2840
f 52//52 527//527 2842//2842
f 527//527 2841//2841 2842//2842
f 48//48 2841//2841 2843//2843
f 527//527 523//523 2843//2843
f 523//523 2844//2844 2843//2843
f 44//44 2844//2844 2845//2845
f 523//523 519//519 2845//2845
f 519//519 515//515 2846//2846
f 40//40 44//44 2847//2847
f 44//44 519//519 2847//2847
f 519//519 40//40 2847//2847
f 515//515 512//512 2848//2848
f 36//36 512//512 2849//2849
f 512//512 508//508 2849//2849
f 36//36 40//40 2850//2850
f 40//40 515//515 2850//2850
f 515//515 36//36 2850//2850
f 36//36 508//508 2852//2852
f 508//508 2851//2851 2852//2852
f 508//508 504//504 2853//2853
f 29//29 504//504 2855//2855
f 504//504 500//500 2855//2855
f 500//500 2854//2854 2855//2855
f 29//29 32//32 2856//2856
f 32//32 2851//2851 2856//2856
f 508//508 29//29 2856//2856
f 500//500 497//497 2857//2857
f 497//497 25//25 2857//2857
f 25//25 29//29 2858//2858
f 29//29 2854//2854 2858//2858
f 500//500 2857//2857 2858//2858
f 497//497 493//493 2860//2860
f 18//18 493//493 2861//2861
f 493//493 1810//1810 2861//2861
f 18//18 22//22 2862//2862
f 22//22 497//497 2862//2862
f 497//497 18//18 2862//2862
f 18//18 492//492 2863//2863
f 20//20 2864//2864 2866//2866
f 495//495 2865//2865 2866//2866
f 20//20 1253//1253 2867//2867
f 18//18 2863//2863 2867//2867
f 492//492 20//20 2867//2867
f 1260//1260 20//20 2868//2868
f 20//20 2865//2865 2868//2868
f 1260//1260 2868//2868 2869//2869
f 495//495 27//27 2869//2869
f 495//495 502//502 2870//2870
f 27//27 502//502 2872//2872
f 502//502 2871//2871 2872//2872
f 1268//1268 2871//2871 2873//2873
f 502//502 506//506 2873//2873
f 1268//1268 506//506 2875//2875
f 506//506 2874//2874 2875//2875
f 34//34 2874//2874 2876//2876
f 506//506 1830//1830 2876//2876
f 34//34 2876//2876 2878//2878
f 510//510 2877//2877 2878//2878
f 38//38 34//34 2879//2879
f 34//34 2877//2877 2879//2879
f 42//42 38//38 2880//2880
f 38//38 2879//2879 2880//2880
f 510//510 42//42 2880//2880
f 510//510 517//517 2881//2881
f 46//46 42//42 2882//2882
f 42//42 517//517 2882//2882
f 517//517 46//46 2882//2882
f 517//517 521//521 2883//2883
f 46//46 521//521 2884//2884
f 521//521 525//525 2884//2884
f 46//46 525//525 2886//2886
f 525//525 2885//2885 2886//2886
f 50//50 2885//2885 2888//2888
f 525//525 2887//2887 2888//2888
f 50//50 2887//2887 2889//2889
f 525//525 530//530 2889//2889
f 50//50 530//530 2890//2890
f 530//530 534//534 2890//2890
f 50//50 534//534 2892//2892
f 534//534 2891//2891 2892//2892
f 57//57 2891//2891 2893//2893
f 534//534 1864//1864 2893//2893
f 57//57 538//538 2894//2894
f 57//57 2894//2894 2896//2896
f 538//538 2895//2895 2896//2896
f 64//64 2895//2895 2897//2897
f 538//538 1868//1868 2897//2897
f 64//64 1868//1868 2898//2898
f 1868//1868 544//544 2898//2898
f 1301//1301 64//64 2900//2900
f 64//64 544//544 2900//2900
f 544//544 2899//2899 2900//2900
f 544//544 70//70 2899//2899
f 544//544 548//548 2901//2901
f 70//70 548//548 2902//2902
f 548//548 73//73 2902//2902
f 548//548 551//551 2903//2903
f 73//73 551//551 2904//2904
f 551//551 1891//1891 2904//2904
f 73//73 557//557 2905//2905
f 2907//2907 557//557 2906//2906
f 557//557 1895//1895 2906//2906
f 561//561 80//80 2907//2907
f 84//84 561//561 2909//2909
f 561//561 1900//1900 2909//2909
f 84//84 2910//2910 2911//2911
f 2914//2914 2910//2910 2912//2912
f 84//84 1906//1906 2912//2912
f 566//566 2913//2913 2914//2914
f 91//91 2913//2913 2915//2915
f 95//95 91//91 2916//2916
f 91//91 568//568 2916//2916
f 95//95 568//568 2700//2700
f 568//568 1936//1936 2700//2700
f 197//197 2917//2917 2918//2918
f 148//148 1500//1500 2918//2918
f 653//653 598//598 2810//2810
f 598//598 2917//2917 2810//2810
f 105//105 1363//1363 2919//2919
f 583//583 2811//2811 2920//2920
f 105//105 2919//2919 2920//2920
f 592//592 1961//1961 2920//2920
f 143//143 1399//1399 2922//2922
f 148//148 598//598 2922//2922
f 598//598 2921//2921 2922//2922
f 143//143 2921//2921 2923//2923
f 598//598 1971//1971 2923//2923
f 140//140 2924//2924 2925//2925
f 595//595 597//597 2925//2925
f 140//140 143//143 2926//2926
f 143//143 2923//2923 2926//2926
f 595//595 2924//2924 2926//2926
f 136//136 2927//2927 2928//2928
f 597//597 1966//1966 2928//2928
f 136//136 140//140 2929//2929
f 140//140 597//597 2929//2929
f 597//597 2927//2927 2929//2929
f 132//132 2930//2930 593//593
f 132//132 136//136 2931//2931
f 136//136 2928//2928 2931//2931
f 596//596 2930//2930 2931//2931
f 128//128 2932//2932 2933//2933
f 593//593 594//594 2933//2933
f 128//128 132//132 2934//2934
f 132//132 593//593 2934//2934
f 593//593 2932//2932 2934//2934
f 116//116 2935//2935 2936//2936
f 594//594 1963//1963 2936//2936
f 592//592 2919//2919 2936//2936
f 116//116 128//128 2937//2937
f 128//128 594//594 2937//2937
f 594//594 2935//2935 2937//2937
f 96//96 2938//2938 2939//2939
f 97//97 96//96 2939//2939
f 574//574 573//573 2940//2940
f 573//573 2938//2938 2940//2940
f 575//575 1914//1914 2941//2941
f 574//574 98//98 2941//2941
f 576//576 1916//1916 2942//2942
f 575//575 1327//1327 2942//2942
f 99//99 2943//2943 2942//2942
f 577//577 1919//1919 2944//2944
f 576//576 2943//2943 2944//2944
f 100//100 2945//2945 2944//2944
f 99//99 1329//1329 2944//2944
f 578//578 1922//1922 2945//2945
f 101//101 2946//2946 2947//2947
f 578//578 2945//2945 2947//2947
f 100//100 1332//1332 2947//2947
f 579//579 1925//1925 2948//2948
f 578//578 2946//2946 2948//2948
f 102//102 2949//2949 2948//2948
f 101//101 1335//1335 2948//2948
f 580//580 1928//1928 2950//2950
f 579//579 2949//2949 2950//2950
f 102//102 1338//1338 2950//2950
f 581//581 1931//1931 2951//2951
f 580//580 103//103 2951//2951
f 106//106 2952//2952 2951//2951
f 103//103 1345//1345 2951//2951
f 106//106 2953//2953 2954//2954
f 584//584 1938//1938 2954//2954
f 581//581 2952//2952 2954//2954
f 585//585 1942//1942 2955//2955
f 584//584 2956//2956 2955//2955
f 107//107 2956//2956 2957//2957
f 584//584 2953//2953 2957//2957
f 106//106 1348//1348 2957//2957
f 586//586 1945//1945 2958//2958
f 585//585 2959//2959 2958//2958
f 108//108 2959//2959 2955//2955
f 107//107 1351//1351 2955//2955
f 587//587 1948//1948 2960//2960
f 109//109 2960//2960 2958//2958
f 108//108 1354//1354 2958//2958
f 588//588 1951//1951 2961//2961
f 587//587 110//110 2961//2961
f 587//587 2960//2960 2962//2962
f 109//109 110//110 2962//2962
f 111//111 2964//2964 2965//2965
f 589//589 1954//1954 2965//2965
f 1954//1954 2963//2963 2965//2965
f 111//111 2963//2963 2961//2961
f 110//110 1358//1358 2961//2961
f 589//589 2964//2964 2966//2966
f 111//111 112//112 2966//2966
f 590//590 1956//1956 2967//2967
f 589//589 113//113 2967//2967
f 589//589 112//112 2968//2968
f 112//112 1360//1360 2968//2968
f 1958//1958 590//590 2969//2969
f 590//590 2970//2970 2969//2969
f 114//114 2971//2971 2972//2972
f 571//571 1958//1958 2972//2972
f 1958//1958 2969//2969 2972//2972
f 114//114 2970//2970 2967//2967
f 113//113 1361//1361 2967//2967
f 571//571 2971//2971 2973//2973
f 114//114 94//94 2973//2973
f 90//90 2974//2974 2975//2975
f 571//571 94//94 2975//2975
f 94//94 1322//1322 2975//2975
f 571//571 2974//2974 2976//2976
f 90//90 2977//2977 2978//2978
f 2977//2977 1904//1904 2978//2978
f 1904//1904 2976//2976 2978//2978
f 90//90 1318//1318 2979//2979
f 87//87 2980//2980 2981//2981
f 560//560 2977//2977 2981//2981
f 2977//2977 2979//2979 2981//2981
f 560//560 2980//2980 2982//2982
f 87//87 83//83 2982//2982
f 79//79 2983//2983 2984//2984
f 560//560 83//83 2984//2984
f 83//83 79//79 2984//2984
f 556//556 1894//1894 2985//2985
f 560//560 2983//2983 2985//2985
f 76//76 2986//2986 2987//2987
f 556//556 2985//2985 2987//2987
f 76//76 2988//2988 2989//2989
f 554//554 1888//1888 2989//2989
f 556//556 2986//2986 2989//2989
f 71//71 2990//2990 2988//2988
f 76//76 71//71 2988//2988
f 549//549 554//554 2991//2991
f 554//554 2990//2990 2991//2991
f 68//68 2992//2992 2993//2993
f 549//549 2991//2991 2993//2993
f 545//545 1879//1879 2994//2994
f 549//549 2992//2992 2994//2994
f 65//65 2995//2995 2996//2996
f 545//545 2994//2994 2996//2996
f 542//542 1875//1875 2997//2997
f 545//545 2995//2995 2997//2997
f 65//65 2998//2998 2999//2999
f 539//539 542//542 2999//2999
f 542//542 2997//2997 2999//2999
f 61//61 3000//3000 3001//3001
f 539//539 2998//2998 3001//3001
f 65//65 1297//1297 3001//3001
f 58//58 3002//3002 3000//3000
f 61//61 58//58 3000//3000
f 535//535 1865//1865 3003//3003
f 539//539 3002//3002 3003//3003
f 54//54 3004//3004 3005//3005
f 535//535 3003//3003 3005//3005
f 531//531 1859//1859 3006//3006
f 535//535 3004//3004 3006//3006
f 51//51 3007//3007 3008//3008
f 531//531 3006//3006 3008//3008
f 526//526 1854//1854 3009//3009
f 531//531 3007//3007 3009//3009
f 51//51 3010//3010 3011//3011
f 522//522 526//526 3011//3011
f 526//526 3009//3009 3011//3011
f 522//522 3010//3010 3012//3012
f 51//51 1283//1283 3012//3012
f 522//522 3012//3012 3013//3013
f 47//47 1278//1278 3013//3013
f 518//518 522//522 3014//3014
f 522//522 3013//3013 3014//3014
f 39//39 3015//3015 3016//3016
f 518//518 3014//3014 3016//3016
f 514//514 1838//1838 3017//3017
f 518//518 3015//3015 3017//3017
f 35//35 3018//3018 3019//3019
f 514//514 3017//3017 3019//3019
f 511//511 1834//1834 3020//3020
f 514//514 3018//3018 3020//3020
f 31//31 3021//3021 3022//3022
f 511//511 3020//3020 3022//3022
f 507//507 1831//1831 3023//3023
f 511//511 3021//3021 3023//3023
f 28//28 3024//3024 3026//3026
f 499//499 503//503 3026//3026
f 503//503 3025//3025 3026//3026
f 28//28 3027//3027 3028//3028
f 507//507 3023//3023 3028//3028
f 503//503 1826//1826 3025//3025
f 507//507 3027//3027 3025//3025
f 24//24 3029//3029 3030//3030
f 499//499 3024//3024 3030//3030
f 28//28 1263//1263 3030//3030
f 496//496 1818//1818 3031//3031
f 499//499 21//21 3031//3031
f 24//24 21//21 3029//3029
f 491//491 1814//1814 3032//3032
f 496//496 17//17 3032//3032
f 496//496 3031//3031 3033//3033
f 21//21 17//17 3033//3033
f 494//494 1813//1813 3034//3034
f 491//491 19//19 3034//3034
f 491//491 3032//3032 3035//3035
f 17//17 19//19 3035//3035
f 498//498 1816//1816 3036//3036
f 494//494 3037//3037 3036//3036
f 23//23 3038//3038 3039//3039
f 501//501 1821//1821 3039//3039
f 498//498 3036//3036 3039//3039
f 23//23 3037//3037 3040//3040
f 494//494 3034//3034 3040//3040
f 19//19 1258//1258 3040//3040
f 501//501 3038//3038 3041//3041
f 23//23 1261//1261 3041//3041
f 30//30 3042//3042 3043//3043
f 501//501 3041//3041 3043//3043
f 26//26 1265//1265 3043//3043
f 30//30 3044//3044 3045//3045
f 505//505 1824//1824 3045//3045
f 501//501 3042//3042 3045//3045
f 33//33 3046//3046 3044//3044
f 30//30 1269//1269 3044//3044
f 509//509 505//505 3047//3047
f 505//505 3046//3046 3047//3047
f 513//513 1833//1833 3048//3048
f 509//509 3049//3049 3048//3048
f 37//37 3049//3049 3050//3050
f 509//509 3047//3047 3050//3050
f 37//37 3051//3051 3052//3052
f 516//516 1837//1837 3052//3052
f 513//513 3048//3048 3052//3052
f 41//41 3053//3053 3054//3054
f 516//516 3051//3051 3054//3054
f 37//37 41//41 3054//3054
f 520//520 1841//1841 3055//3055
f 516//516 45//45 3055//3055
f 41//41 45//45 3053//3053
f 524//524 1846//1846 3056//3056
f 520//520 49//49 3056//3056
f 520//520 3055//3055 3057//3057
f 45//45 49//49 3057//3057
f 529//529 1853//1853 3058//3058
f 524//524 53//53 3058//3058
f 524//524 3056//3056 3059//3059
f 49//49 1286//1286 3059//3059
f 533//533 1857//1857 3060//3060
f 529//529 56//56 3060//3060
f 529//529 3058//3058 3061//3061
f 53//53 56//56 3061//3061
f 537//537 1862//1862 3062//3062
f 533//533 60//60 3062//3062
f 533//533 3060//3060 3063//3063
f 56//56 1292//1292 3063//3063
f 541//541 1867//1867 3064//3064
f 537//537 3065//3065 3064//3064
f 63//63 3066//3066 3067//3067
f 3066//3066 1873//1873 3067//3067
f 541//541 3064//3064 3067//3067
f 63//63 3065//3065 3068//3068
f 537//537 3062//3062 3068//3068
f 60//60 1294//1294 3068//3068
f 63//63 1298//1298 3069//3069
f 67//67 3070//3070 3071//3071
f 547//547 3066//3066 3071//3071
f 3066//3066 3069//3069 3071//3071
f 69//69 3072//3072 3073//3073
f 547//547 3070//3070 3073//3073
f 67//67 69//69 3073//3073
f 550//550 1882//1882 3074//3074
f 547//547 72//72 3074//3074
f 69//69 72//72 3072//3072
f 74//74 3078//3078 3076//3076
f 550//550 3075//3075 3076//3076
f 74//74 3077//3077 3078//3078
f 558//558 552//552 3078//3078
f 74//74 3075//3075 3079//3079
f 550//550 3074//3074 3079//3079
f 72//72 1305//1305 3079//3079
f 558//558 3077//3077 3080//3080
f 74//74 77//77 3080//3080
f 562//562 1896//1896 3081//3081
f 558//558 81//81 3081//3081
f 558//558 77//77 3082//3082
f 77//77 81//81 3082//3082
f 564//564 1901//1901 3083//3083
f 562//562 85//85 3083//3083
f 562//562 3081//3081 3084//3084
f 81//81 85//85 3084//3084
f 567//567 1907//1907 3085//3085
f 564//564 88//88 3085//3085
f 564//564 3083//3083 3086//3086
f 85//85 88//88 3086//3086
f 569//569 1909//1909 3087//3087
f 567//567 92//92 3087//3087
f 567//567 3085//3085 3088//3088
f 88//88 92//92 3088//3088
f 582//582 1934//1934 3089//3089
f 569//569 104//104 3089//3089
f 569//569 3087//3087 3090//3090
f 92//92 104//104 3090//3090
f 97//97 3091//3091 3092//3092
f 582//582 3089//3089 3092//3092
f 104//104 1342//1342 3092//3092
f 97//97 2939//2939 3093//3093
f 582//582 3091//3091 3093//3093
f 290//290 3094//3094 3095//3095
f 286//286 290//290 3095//3095
f 741//741 737//737 3096//3096
f 737//737 3094//3094 3096//3096
f 328//328 3097//3097 3098//3098
f 741//741 3096//3096 3098//3098
f 765//765 2226//2226 3099//3099
f 741//741 3097//3097 3099//3099
f 334//334 3100//3100 3101//3101
f 765//765 3099//3099 3101//3101
f 772//772 2235//2235 3102//3102
f 765//765 3100//3100 3102//3102
f 341//341 3103//3103 3104//3104
f 772//772 3102//3102 3104//3104
f 341//341 3105//3105 3106//3106
f 780//780 2246//2246 3106//3106
f 772//772 3103//3103 3106//3106
f 351//351 3107//3107 3105//3105
f 341//341 351//351 3105//3105
f 786//786 780//780 3108//3108
f 780//780 3107//3107 3108//3108
f 357//357 3109//3109 3110//3110
f 786//786 3108//3108 3110//3110
f 794//794 2265//2265 3111//3111
f 786//786 3109//3109 3111//3111
f 1649//1649 3112//3112 3113//3113
f 794//794 3111//3111 3113//3113
f 802//802 2276//2276 3114//3114
f 794//794 3112//3112 3114//3114
f 366//366 3115//3115 3116//3116
f 802//802 3114//3114 3116//3116
f 806//806 2287//2287 3117//3117
f 802//802 3115//3115 3117//3117
f 1653//1653 3118//3118 3119//3119
f 806//806 3117//3117 3119//3119
f 798//798 2281//2281 3120//3120
f 806//806 3118//3118 3120//3120
f 354//354 3121//3121 3123//3123
f 790//790 2271//2271 3123//3123
f 798//798 3122//3122 3123//3123
f 354//354 3122//3122 3124//3124
f 798//798 3120//3120 3124//3124
f 783//783 790//790 3125//3125
f 790//790 348//348 3125//3125
f 354//354 348//348 3121//3121
f 778//778 2251//2251 3126//3126
f 783//783 338//338 3126//3126
f 783//783 3125//3125 3127//3127
f 348//348 338//338 3127//3127
f 768//768 2243//2243 3128//3128
f 778//778 332//332 3128//3128
f 778//778 3126//3126 3129//3129
f 338//338 332//332 3129//3129
f 2173//2173 2232//2232 3130//3130
f 768//768 3131//3131 3130//3130
f 296//296 3132//3132 3133//3133
f 745//745 2173//2173 3133//3133
f 2173//2173 3130//3130 3133//3133
f 296//296 3131//3131 3134//3134
f 768//768 3128//3128 3134//3134
f 332//332 1621//1621 3134//3134
f 745//745 3132//3132 3135//3135
f 296//296 295//295 3135//3135
f 297//297 3136//3136 3138//3138
f 746//746 2175//2175 3138//3138
f 745//745 3137//3137 3138//3138
f 297//297 3137//3137 3139//3139
f 745//745 295//295 3139//3139
f 295//295 1562//1562 3139//3139
f 2177//2177 746//746 3140//3140
f 746//746 3141//3141 3140//3140
f 298//298 3142//3142 3143//3143
f 747//747 2177//2177 3143//3143
f 2177//2177 3140//3140 3143//3143
f 298//298 3141//3141 3136//3136
f 297//297 1563//1563 3136//3136
f 747//747 3142//3142 3144//3144
f 298//298 299//299 3144//3144
f 300//300 3145//3145 3146//3146
f 747//747 299//299 3146//3146
f 299//299 1566//1566 3146//3146
f 748//748 2179//2179 3147//3147
f 747//747 3145//3145 3147//3147
f 300//300 3148//3148 3149//3149
f 749//749 2182//2182 3149//3149
f 748//748 3147//3147 3149//3149
f 749//749 3148//3148 3150//3150
f 300//300 1569//1569 3150//3150
f 301//301 3151//3151 3152//3152
f 750//750 2185//2185 3152//3152
f 749//749 3150//3150 3152//3152
f 750//750 3151//3151 3153//3153
f 301//301 1572//1572 3153//3153
f 303//303 3154//3154 3155//3155
f 750//750 3153//3153 3155//3155
f 302//302 1575//1575 3155//3155
f 751//751 2188//2188 3156//3156
f 750//750 3154//3154 3156//3156
f 304//304 3157//3157 3158//3158
f 751//751 3156//3156 3158//3158
f 303//303 1578//1578 3158//3158
f 752//752 2191//2191 3159//3159
f 751//751 3157//3157 3159//3159
f 257//257 3160//3160 3161//3161
f 752//752 3159//3159 3161//3161
f 304//304 1580//1580 3161//3161
f 708//708 2194//2194 3162//3162
f 752//752 3160//3160 3162//3162
f 250//250 3163//3163 3164//3164
f 708//708 3162//3162 3164//3164
f 257//257 1514//1514 3164//3164
f 702//702 2118//2118 3165//3165
f 708//708 3163//3163 3165//3165
f 243//243 3166//3166 3167//3167
f 702//702 3165//3165 3167//3167
f 250//250 1504//1504 3167//3167
f 697//697 2107//2107 3168//3168
f 702//702 3166//3166 3168//3168
f 243//243 3169//3169 3170//3170
f 691//691 2098//2098 3170//3170
f 697//697 3168//3168 3170//3170
f 691//691 3169//3169 3171//3171
f 243//243 1491//1491 3171//3171
f 232//232 3172//3172 3173//3173
f 691//691 3171//3171 3173//3173
f 238//238 1482//1482 3173//3173
f 685//685 2087//2087 3174//3174
f 691//691 3172//3172 3174//3174
f 225//225 3175//3175 3176//3176
f 685//685 3174//3174 3176//3176
f 232//232 225//225 3176//3176
f 679//679 2076//2076 3177//3177
f 685//685 3175//3175 3177//3177
f 218//218 3178//3178 3179//3179
f 679//679 3177//3177 3179//3179
f 2060//2060 2067//2067 3180//3180
f 679//679 3178//3178 3180//3180
f 218//218 3181//3181 3182//3182
f 668//668 2060//2060 3182//3182
f 2060//2060 3180//3180 3182//3182
f 668//668 3181//3181 3183//3183
f 218//218 1461//1461 3183//3183
f 668//668 213//213 3184//3184
f 213//213 207//207 3184//3184
f 662//662 2052//2052 3185//3185
f 668//668 3184//3184 3185//3185
f 199//199 3186//3186 3187//3187
f 662//662 3185//3185 3187//3187
f 654//654 2044//2044 3188//3188
f 662//662 3186//3186 3188//3188
f 190//190 3189//3189 3190//3190
f 654//654 3188//3188 3190//3190
f 646//646 2034//2034 3191//3191
f 654//654 3189//3189 3191//3191
f 184//184 3192//3192 3193//3193
f 646//646 3191//3191 3193//3193
f 639//639 2028//2028 3194//3194
f 646//646 3192//3192 3194//3194
f 175//175 3195//3195 3197//3197
f 623//623 2009//2009 3197//3197
f 631//631 3196//3196 3197//3197
f 175//175 3198//3198 3199//3199
f 639//639 3194//3194 3199//3199
f 631//631 2017//2017 3196//3196
f 639//639 3198//3198 3196//3196
f 169//169 3200//3200 3201//3201
f 623//623 3195//3195 3201//3201
f 175//175 1427//1427 3201//3201
f 615//615 2002//2002 3202//3202
f 623//623 162//162 3202//3202
f 169//169 1419//1419 3200//3200
f 605//605 1992//1992 3203//3203
f 615//615 154//154 3203//3203
f 615//615 3202//3202 3204//3204
f 162//162 154//154 3204//3204
f 611//611 1987//1987 3205//3205
f 605//605 159//159 3205//3205
f 605//605 3203//3203 3206//3206
f 154//154 1406//1406 3206//3206
f 619//619 1997//1997 3207//3207
f 611//611 3208//3208 3207//3207
f 166//166 3209//3209 3210//3210
f 627//627 2006//2006 3210//3210
f 619//619 3207//3207 3210//3210
f 166//166 3208//3208 3211//3211
f 611//611 3205//3205 3211//3211
f 159//159 1413//1413 3211//3211
f 171//171 3212//3212 3213//3213
f 627//627 3209//3209 3213//3213
f 166//166 171//171 3213//3213
f 179//179 3214//3214 3212//3212
f 171//171 1431//1431 3212//3212
f 179//179 3215//3215 3216//3216
f 635//635 2013//2013 3216//3216
f 627//627 3214//3214 3216//3216
f 187//187 3217//3217 3215//3215
f 179//179 187//187 3215//3215
f 642//642 635//635 3218//3218
f 635//635 3217//3217 3218//3218
f 650//650 2032//2032 3219//3219
f 642//642 3220//3220 3219//3219
f 194//194 3220//3220 3221//3221
f 642//642 3218//3218 3221//3221
f 194//194 3222//3222 3223//3223
f 659//659 2040//2040 3223//3223
f 650//650 3219//3219 3223//3223
f 204//204 3224//3224 3225//3225
f 659//659 3222//3222 3225//3225
f 194//194 204//204 3225//3225
f 665//665 2049//2049 3226//3226
f 659//659 211//211 3226//3226
f 204//204 211//211 3224//3224
f 671//671 2057//2057 3227//3227
f 665//665 215//215 3227//3227
f 665//665 3226//3226 3228//3228
f 211//211 215//215 3228//3228
f 676//676 2064//2064 3229//3229
f 671//671 221//221 3229//3229
f 671//671 3227//3227 3230//3230
f 215//215 221//221 3230//3230
f 682//682 2073//2073 3231//3231
f 676//676 228//228 3231//3231
f 676//676 3229//3229 3232//3232
f 221//221 228//228 3232//3232
f 688//688 2082//2082 3233//3233
f 682//682 235//235 3233//3233
f 682//682 3231//3231 3234//3234
f 228//228 235//235 3234//3234
f 694//694 2093//2093 3235//3235
f 688//688 3236//3236 3235//3235
f 240//240 3237//3237 3238//3238
f 3237//3237 2103//2103 3238//3238
f 694//694 3235//3235 3238//3238
f 240//240 3236//3236 3239//3239
f 688//688 3233//3233 3239//3239
f 235//235 1485//1485 3239//3239
f 240//240 1495//1495 3240//3240
f 246//246 3241//3241 3242//3242
f 705//705 3237//3237 3242//3242
f 3237//3237 3240//3240 3242//3242
f 253//253 3243//3243 3244//3244
f 705//705 3241//3241 3244//3244
f 246//246 253//253 3244//3244
f 710//710 2124//2124 3245//3245
f 705//705 259//259 3245//3245
f 253//253 259//259 3243//3243
f 2133//2133 2128//2128 3246//3246
f 710//710 3247//3247 3246//3246
f 262//262 3248//3248 3249//3249
f 716//716 2133//2133 3249//3249
f 2133//2133 3246//3246 3249//3249
f 262//262 3247//3247 3250//3250
f 710//710 3245//3245 3250//3250
f 259//259 1522//1522 3250//3250
f 716//716 3248//3248 3251//3251
f 262//262 265//265 3251//3251
f 720//720 2138//2138 3252//3252
f 716//716 269//269 3252//3252
f 716//716 265//265 3253//3253
f 265//265 269//269 3253//3253
f 724//724 2142//2142 3254//3254
f 720//720 272//272 3254//3254
f 720//720 3252//3252 3255//3255
f 269//269 272//272 3255//3255
f 727//727 2148//2148 3256//3256
f 724//724 276//276 3256//3256
f 724//724 3254//3254 3257//3257
f 272//272 276//276 3257//3257
f 730//730 2153//2153 3258//3258
f 727//727 280//280 3258//3258
f 727//727 3256//3256 3259//3259
f 276//276 280//280 3259//3259
f 734//734 2158//2158 3260//3260
f 730//730 283//283 3260//3260
f 730//730 3258//3258 3261//3261
f 280//280 283//283 3261//3261
f 286//286 3262//3262 3263//3263
f 734//734 3260//3260 3263//3263
f 283//283 1552//1552 3263//3263
f 286//286 3095//3095 3264//3264
f 734//734 3262//3262 3264//3264
f 318//318 3265//3265 3266//3266
f 319//319 318//318 3266//3266
f 754//754 2198//2198 3267//3267
f 753//753 3265//3265 3267//3267
f 320//320 3268//3268 3269//3269
f 754//754 3267//3267 3269//3269
f 755//755 2200//2200 3270//3270
f 754//754 3268//3268 3270//3270
f 1623//1623 3271//3271 3272//3272
f 755//755 3270//3270 3272//3272
f 770//770 2233//2233 3273//3273
f 755//755 3271//3271 3273//3273
f 339//339 3274//3274 3275//3275
f 770//770 3273//3273 3275//3275
f 776//776 2241//2241 3276//3276
f 770//770 3274//3274 3276//3276
f 350//350 3277//3277 3278//3278
f 776//776 3276//3276 3278//3278
f 784//784 2252//2252 3279//3279
f 776//776 3277//3277 3279//3279
f 1643//1643 3280//3280 3281//3281
f 784//784 3279//3279 3281//3281
f 792//792 2263//2263 3282//3282
f 784//784 3280//3280 3282//3282
f 360//360 3283//3283 3284//3284
f 792//792 3282//3282 3284//3284
f 800//800 2273//2273 3285//3285
f 792//792 3283//3283 3285//3285
f 364//364 3286//3286 3287//3287
f 800//800 3285//3285 3287//3287
f 808//808 2283//2283 3288//3288
f 800//800 3286//3286 3288//3288
f 362//362 3289//3289 3290//3290
f 808//808 3288//3288 3290//3290
f 804//804 2290//2290 3291//3291
f 808//808 3289//3289 3291//3291
f 796//796 2279//2279 3292//3292
f 804//804 1650//1650 3292//3292
f 804//804 3291//3291 3293//3293
f 788//788 2268//2268 3294//3294
f 796//796 352//352 3294//3294
f 796//796 3292//3292 3295//3295
f 1650//1650 352//352 3295//3295
f 782//782 2259//2259 3296//3296
f 788//788 343//343 3296//3296
f 788//788 3294//3294 3297//3297
f 352//352 343//343 3297//3297
f 774//774 2249//2249 3298//3298
f 782//782 336//336 3298//3298
f 782//782 3296//3296 3299//3299
f 343//343 336//336 3299//3299
f 2228//2228 2239//2239 3300//3300
f 774//774 3301//3301 3300//3300
f 330//330 3302//3302 3303//3303
f 743//743 2228//2228 3303//3303
f 2228//2228 3300//3300 3303//3303
f 330//330 3301//3301 3304//3304
f 774//774 3298//3298 3304//3304
f 336//336 1625//1625 3304//3304
f 743//743 3302//3302 3305//3305
f 330//330 292//292 3305//3305
f 739//739 2169//2169 3306//3306
f 743//743 288//288 3306//3306
f 743//743 292//292 3307//3307
f 292//292 288//288 3307//3307
f 2161//2161 2165//2165 3308//3308
f 739//739 3309//3309 3308//3308
f 285//285 3310//3310 3311//3311
f 732//732 2161//2161 3311//3311
f 2161//2161 3308//3308 3311//3311
f 285//285 3309//3309 3312//3312
f 739//739 3306//3306 3312//3312
f 288//288 1553//1553 3312//3312
f 732//732 3310//3310 3313//3313
f 285//285 281//281 3313//3313
f 278//278 3314//3314 3315//3315
f 732//732 281//281 3315//3315
f 281//281 1544//1544 3315//3315
f 2151//2151 2155//2155 3316//3316
f 732//732 3314//3314 3316//3316
f 278//278 3317//3317 3318//3318
f 3317//3317 2151//2151 3318//3318
f 2151//2151 3316//3316 3318//3318
f 278//278 1540//1540 3319//3319
f 274//274 3320//3320 3321//3321
f 722//722 3317//3317 3321//3321
f 3317//3317 3319//3319 3321//3321
f 270//270 3322//3322 3323//3323
f 722//722 3320//3320 3323//3323
f 274//274 270//270 3323//3323
f 267//267 3324//3324 3322//3322
f 270//270 1532//1532 3322//3322
f 718//718 2140//2140 3325//3325
f 722//722 3324//3324 3325//3325
f 264//264 3326//3326 3327//3327
f 718//718 3325//3325 3327//3327
f 264//264 3328//3328 3329//3329
f 714//714 2137//2137 3329//3329
f 718//718 3326//3326 3329//3329
f 258//258 3330//3330 3328//3328
f 264//264 258//258 3328//3328
f 709//709 714//714 3331//3331
f 714//714 3330//3330 3331//3331
f 251//251 3332//3332 3333//3333
f 709//709 3331//3331 3333//3333
f 703//703 2121//2121 3334//3334
f 709//709 3332//3332 3334//3334
f 244//244 3335//3335 3336//3336
f 703//703 3334//3334 3336//3336
f 698//698 2111//2111 3337//3337
f 703//703 3335//3335 3337//3337
f 244//244 3338//3338 3339//3339
f 692//692 2101//2101 3339//3339
f 698//698 3337//3337 3339//3339
f 239//239 3340//3340 3341//3341
f 692//692 3338//3338 3341//3341
f 244//244 1494//1494 3341//3341
f 233//233 3342//3342 3340//3340
f 239//239 1484//1484 3340//3340
f 686//686 2091//2091 3343//3343
f 692//692 3342//3342 3343//3343
f 226//226 3344//3344 3345//3345
f 686//686 3343//3343 3345//3345
f 680//680 2080//2080 3346//3346
f 686//686 3344//3344 3346//3346
f 219//219 3347//3347 3348//3348
f 680//680 3346//3346 3348//3348
f 674//674 2069//2069 3349//3349
f 680//680 3347//3347 3349//3349
f 219//219 3350//3350 3351//3351
f 669//669 2062//2062 3351//3351
f 674//674 3349//3349 3351//3351
f 214//214 3352//3352 3353//3353
f 669//669 3350//3350 3353//3353
f 219//219 1463//1463 3353//3353
f 669//669 3352//3352 3354//3354
f 214//214 1452//1452 3354//3354
f 663//663 2053//2053 3355//3355
f 669//669 3354//3354 3355//3355
f 201//201 3356//3356 3357//3357
f 663//663 3355//3355 3357//3357
f 201//201 3358//3358 3359//3359
f 656//656 2046//2046 3359//3359
f 663//663 3356//3356 3359//3359
f 192//192 3360//3360 3358//3358
f 201//201 192//192 3358//3358
f 648//648 2036//2036 3361//3361
f 656//656 3360//3360 3361//3361
f 185//185 3362//3362 3363//3363
f 648//648 3361//3361 3363//3363
f 640//640 2030//2030 3364//3364
f 648//648 3362//3362 3364//3364
f 177//177 3365//3365 3367//3367
f 625//625 2010//2010 3367//3367
f 633//633 3366//3366 3367//3367
f 177//177 3368//3368 3369//3369
f 640//640 3364//3364 3369//3369
f 633//633 2020//2020 3366//3366
f 640//640 3368//3368 3366//3366
f 625//625 3365//3365 3370//3370
f 177//177 1429//1429 3370//3370
f 617//617 2004//2004 3371//3371
f 625//625 164//164 3371//3371
f 625//625 3370//3370 3372//3372
f 170//170 1421//1421 3372//3372
f 608//608 1994//1994 3373//3373
f 617//617 156//156 3373//3373
f 617//617 3371//3371 3374//3374
f 164//164 156//156 3374//3374
f 613//613 1991//1991 3375//3375
f 608//608 161//161 3375//3375
f 608//608 3373//3373 3376//3376
f 156//156 1408//1408 3376//3376
f 168//168 3380//3380 3378//3378
f 621//621 2000//2000 3378//3378
f 613//613 3377//3377 3378//3378
f 168//168 3379//3379 3380//3380
f 629//629 2008//2008 3380//3380
f 168//168 3377//3377 3381//3381
f 613//613 3375//3375 3381//3381
f 161//161 1418//1418 3381//3381
f 173//173 3382//3382 3383//3383
f 629//629 3379//3379 3383//3383
f 168//168 1425//1425 3383//3383
f 181//181 3384//3384 3382//3382
f 173//173 1434//1434 3382//3382
f 181//181 3385//3385 3386//3386
f 637//637 2015//2015 3386//3386
f 629//629 3384//3384 3386//3386
f 189//189 3387//3387 3385//3385
f 181//181 1442//1442 3385//3385
f 644//644 637//637 3388//3388
f 637//637 3387//3387 3388//3388
f 652//652 2033//2033 3389//3389
f 644//644 3390//3390 3389//3389
f 196//196 3390//3390 3391//3391
f 644//644 3388//3388 3391//3391
f 196//196 3392//3392 3393//3393
f 661//661 2043//2043 3393//3393
f 652//652 3389//3389 3393//3393
f 206//206 3394//3394 3395//3395
f 661//661 3392//3392 3395//3395
f 196//196 206//206 3395//3395
f 667//667 2051//2051 3396//3396
f 661//661 210//210 3396//3396
f 206//206 210//210 3394//3394
f 217//217 3397//3397 3399//3399
f 673//673 2059//2059 3399//3399
f 667//667 3398//3398 3399//3399
f 217//217 3398//3398 3400//3400
f 667//667 3396//3396 3400//3400
f 210//210 1459//1459 3400//3400
f 678//678 2066//2066 3401//3401
f 673//673 223//223 3401//3401
f 217//217 223//223 3397//3397
f 684//684 2075//2075 3402//3402
f 678//678 230//230 3402//3402
f 678//678 3401//3401 3403//3403
f 223//223 230//230 3403//3403
f 690//690 2085//2085 3404//3404
f 684//684 3405//3405 3404//3404
f 237//237 3405//3405 3406//3406
f 684//684 3402//3402 3406//3406
f 230//230 1478//1478 3406//3406
f 696//696 2096//2096 3407//3407
f 690//690 3408//3408 3407//3407
f 242//242 3409//3409 3410//3410
f 701//701 2105//2105 3410//3410
f 696//696 3407//3407 3410//3410
f 242//242 3408//3408 3411//3411
f 690//690 3404//3404 3411//3411
f 237//237 1487//1487 3411//3411
f 701//701 3409//3409 3412//3412
f 242//242 1497//1497 3412//3412
f 248//248 3413//3413 3414//3414
f 707//707 2116//2116 3414//3414
f 701//701 3412//3412 3414//3414
f 255//255 3415//3415 3416//3416
f 707//707 3413//3413 3416//3416
f 248//248 1508//1508 3416//3416
f 260//260 3417//3417 3419//3419
f 711//711 2126//2126 3419//3419
f 707//707 3418//3418 3419//3419
f 260//260 3418//3418 3420//3420
f 707//707 3415//3415 3420//3420
f 255//255 1518//1518 3420//3420
f 756//756 2203//2203 3421//3421
f 711//711 3422//3422 3421//3421
f 321//321 3423//3423 3424//3424
f 757//757 2206//2206 3424//3424
f 756//756 3421//3421 3424//3424
f 321//321 3422//3422 3417//3417
f 260//260 1600//1600 3417//3417
f 757//757 3423//3423 3425//3425
f 321//321 1603//1603 3425//3425
f 758//758 2209//2209 3426//3426
f 757//757 3427//3427 3426//3426
f 323//323 3427//3427 3428//3428
f 757//757 3425//3425 3428//3428
f 322//322 1606//1606 3428//3428
f 759//759 2212//2212 3429//3429
f 758//758 3430//3430 3429//3429
f 324//324 3430//3430 3431//3431
f 758//758 3426//3426 3431//3431
f 323//323 1609//1609 3431//3431
f 760//760 2215//2215 3432//3432
f 759//759 3433//3433 3432//3432
f 325//325 3433//3433 3434//3434
f 759//759 3429//3429 3434//3434
f 324//324 1612//1612 3434//3434
f 761//761 2218//2218 3435//3435
f 760//760 3436//3436 3435//3435
f 326//326 3436//3436 3437//3437
f 760//760 3432//3432 3437//3437
f 325//325 1615//1615 3437//3437
f 762//762 2220//2220 3438//3438
f 761//761 327//327 3438//3438
f 761//761 3435//3435 3439//3439
f 326//326 327//327 3439//3439
f 319//319 3440//3440 3441//3441
f 762//762 3438//3438 3441//3441
f 327//327 1617//1617 3441//3441
f 319//319 3266//3266 3442//3442
f 753//753 2222//2222 3442//3442
f 762//762 3440//3440 3442//3442
f 1663//1663 3443//3443 3444//3444
f 917//917 3443//3443 3446//3446
f 1663//1663 374//374 3446//3446
f 374//374 3445//3445 3446//3446
f 917//917 3445//3445 3448//3448
f 374//374 3447//3447 3448//3448
f 919//919 3447//3447 3450//3450
f 374//374 377//377 3450//3450
f 377//377 3449//3449 3450//3450
f 919//919 3449//3449 3452//3452
f 377//377 3451//3451 3452//3452
f 920//920 3451//3451 3453//3453
f 377//377 379//379 3453//3453
f 920//920 379//379 3455//3455
f 379//379 3454//3454 3455//3455
f 921//921 3454//3454 3456//3456
f 379//379 380//380 3456//3456
f 921//921 380//380 3458//3458
f 380//380 3457//3457 3458//3458
f 922//922 3457//3457 3459//3459
f 380//380 381//381 3459//3459
f 922//922 381//381 3461//3461
f 381//381 3460//3460 3461//3461
f 923//923 3460//3460 3462//3462
f 381//381 382//382 3462//3462
f 923//923 382//382 3463//3463
f 382//382 383//383 3463//3463
f 923//923 383//383 3465//3465
f 383//383 3464//3464 3465//3465
f 924//924 3464//3464 3467//3467
f 383//383 3466//3466 3467//3467
f 925//925 3466//3466 3468//3468
f 383//383 385//385 3468//3468
f 925//925 385//385 3470//3470
f 385//385 3469//3469 3470//3470
f 926//926 3469//3469 3472//3472
f 385//385 384//384 3472//3472
f 384//384 3471//3471 3472//3472
f 926//926 3471//3471 3473//3473
f 384//384 386//386 3473//3473
f 386//386 387//387 3474//3474
f 927//927 3475//3475 3476//3476
f 926//926 386//386 3476//3476
f 386//386 927//927 3476//3476
f 387//387 388//388 3477//3477
f 928//928 3478//3478 3479//3479
f 927//927 387//387 3479//3479
f 387//387 928//928 3479//3479
f 928//928 388//388 3481//3481
f 388//388 3480//3480 3481//3481
f 388//388 389//389 3482//3482
f 930//930 3483//3483 3484//3484
f 929//929 3480//3480 3484//3484
f 388//388 930//930 3484//3484
f 389//389 1687//1687 3486//3486
f 375//375 3485//3485 3486//3486
f 931//931 3487//3487 3488//3488
f 930//930 389//389 3488//3488
f 389//389 931//931 3488//3488
f 375//375 372//372 3490//3490
f 372//372 3489//3489 3490//3490
f 932//932 3489//3489 3492//3492
f 372//372 370//370 3492//3492
f 370//370 3491//3491 3492//3492
f 932//932 3493//3493 3494//3494
f 931//931 3485//3485 3494//3494
f 375//375 932//932 3494//3494
f 370//370 346//346 3496//3496
f 346//346 3495//3495 3496//3496
f 933//933 3497//3497 3498//3498
f 932//932 3491//3491 3498//3498
f 370//370 933//933 3498//3498
f 346//346 312//312 3500//3500
f 312//312 3499//3499 3500//3500
f 934//934 3501//3501 3502//3502
f 933//933 3495//3495 3502//3502
f 346//346 934//934 3502//3502
f 934//934 3499//3499 3504//3504
f 312//312 3503//3503 3504//3504
f 935//935 3503//3503 3506//3506
f 312//312 3505//3505 3506//3506
f 936//936 3505//3505 3507//3507
f 312//312 311//311 3507//3507
f 936//936 311//311 3509//3509
f 311//311 3508//3508 3509//3509
f 937//937 3508//3508 3510//3510
f 311//311 313//313 3510//3510
f 937//937 313//313 3512//3512
f 313//313 3511//3511 3512//3512
f 938//938 3511//3511 3513//3513
f 313//313 314//314 3513//3513
f 938//938 314//314 3514//3514
f 314//314 315//315 3514//3514
f 938//938 315//315 3516//3516
f 315//315 3515//3515 3516//3516
f 939//939 3515//3515 3518//3518
f 315//315 3517//3517 3518//3518
f 940//940 3517//3517 3519//3519
f 315//315 316//316 3519//3519
f 940//940 316//316 3521//3521
f 316//316 3520//3520 3521//3521
f 941//941 3520//3520 3522//3522
f 316//316 249//249 3522//3522
f 941//941 249//249 3524//3524
f 249//249 3523//3523 3524//3524
f 942//942 3523//3523 3526//3526
f 249//249 1502//1502 3526//3526
f 224//224 3525//3525 3526//3526
f 942//942 3525//3525 3528//3528
f 224//224 3527//3527 3528//3528
f 943//943 3527//3527 3530//3530
f 224//224 183//183 3530//3530
f 183//183 3529//3529 3530//3530
f 943//943 3529//3529 3532//3532
f 183//183 3531//3531 3532//3532
f 944//944 3531//3531 3534//3534
f 183//183 152//152 3534//3534
f 152//152 3533//3533 3534//3534
f 944//944 3533//3533 3536//3536
f 152//152 3535//3535 3536//3536
f 945//945 3535//3535 3538//3538
f 152//152 150//150 3538//3538
f 150//150 3537//3537 3538//3538
f 945//945 3537//3537 3540//3540
f 150//150 3539//3539 3540//3540
f 946//946 3539//3539 3542//3542
f 150//150 147//147 3542//3542
f 147//147 3541//3541 3542//3542
f 946//946 3541//3541 3544//3544
f 147//147 3543//3543 3544//3544
f 947//947 3543//3543 3546//3546
f 147//147 142//142 3546//3546
f 142//142 3545//3545 3546//3546
f 947//947 3545//3545 3548//3548
f 142//142 3547//3547 3548//3548
f 948//948 3547//3547 3550//3550
f 142//142 139//139 3550//3550
f 139//139 3549//3549 3550//3550
f 948//948 3549//3549 3552//3552
f 139//139 135//135 3552//3552
f 135//135 3551//3551 3552//3552
f 948//948 3551//3551 3554//3554
f 135//135 3553//3553 3554//3554
f 949//949 3553//3553 3556//3556
f 135//135 131//131 3556//3556
f 131//131 3555//3555 3556//3556
f 949//949 3555//3555 3558//3558
f 131//131 3557//3557 3558//3558
f 950//950 3557//3557 3560//3560
f 131//131 3559//3559 3560//3560
f 951//951 3559//3559 3562//3562
f 131//131 1380//1380 3562//3562
f 127//127 3561//3561 3562//3562
f 951//951 3561//3561 3564//3564
f 127//127 3563//3563 3564//3564
f 952//952 3563//3563 3566//3566
f 127//127 125//125 3566//3566
f 125//125 3565//3565 3566//3566
f 123//123 121//121 3568//3568
f 121//121 3567//3567 3568//3568
f 953//953 3569//3569 3571//3571
f 952//952 3565//3565 3571//3571
f 125//125 3570//3570 3571//3571
f 953//953 3570//3570 3572//3572
f 125//125 123//123 3572//3572
f 123//123 953//953 3572//3572
f 121//121 119//119 3574//3574
f 119//119 3573//3573 3574//3574
f 954//954 3575//3575 3576//3576
f 953//953 3567//3567 3576//3576
f 121//121 954//954 3576//3576
f 954//954 3573//3573 3578//3578
f 119//119 3577//3577 3578//3578
f 119//119 115//115 3580//3580
f 115//115 3579//3579 3580//3580
f 956//956 3581//3581 3582//3582
f 955//955 3577//3577 3582//3582
f 119//119 956//956 3582//3582
f 115//115 117//117 3583//3583
f 957//957 3584//3584 3585//3585
f 956//956 3579//3579 3585//3585
f 115//115 957//957 3585//3585
f 117//117 120//120 3587//3587
f 120//120 3586//3586 3587//3587
f 958//958 3586//3586 3589//3589
f 120//120 122//122 3589//3589
f 122//122 3588//3588 3589//3589
f 958//958 3590//3590 3591//3591
f 957//957 117//117 3591//3591
f 117//117 958//958 3591//3591
f 122//122 124//124 3593//3593
f 124//124 3592//3592 3593//3593
f 959//959 3594//3594 3595//3595
f 958//958 3588//3588 3595//3595
f 122//122 959//959 3595//3595
f 959//959 3592//3592 3597//3597
f 124//124 3596//3596 3597//3597
f 960//960 3596//3596 3599//3599
f 124//124 3598//3598 3599//3599
f 961//961 3598//3598 3601//3601
f 124//124 126//126 3601//3601
f 126//126 3600//3600 3601//3601
f 961//961 3600//3600 3603//3603
f 126//126 129//129 3603//3603
f 129//129 3602//3602 3603//3603
f 961//961 3602//3602 3605//3605
f 129//129 3604//3604 3605//3605
f 129//129 133//133 3607//3607
f 133//133 3606//3606 3607//3607
f 963//963 3608//3608 3609//3609
f 962//962 3604//3604 3609//3609
f 129//129 963//963 3609//3609
f 133//133 137//137 3611//3611
f 137//137 3610//3610 3611//3611
f 964//964 3612//3612 3613//3613
f 963//963 3606//3606 3613//3613
f 133//133 964//964 3613//3613
f 137//137 1396//1396 3615//3615
f 1396//1396 3614//3614 3615//3615
f 965//965 3616//3616 3617//3617
f 964//964 3610//3610 3617//3617
f 137//137 965//965 3617//3617
f 1396//1396 144//144 3619//3619
f 144//144 3618//3618 3619//3619
f 966//966 3620//3620 3621//3621
f 965//965 3614//3614 3621//3621
f 1396//1396 966//966 3621//3621
f 144//144 149//149 3623//3623
f 149//149 3622//3622 3623//3623
f 967//967 3624//3624 3625//3625
f 966//966 3618//3618 3625//3625
f 144//144 967//967 3625//3625
f 149//149 151//151 3627//3627
f 151//151 3626//3626 3627//3627
f 968//968 3628//3628 3629//3629
f 967//967 3622//3622 3629//3629
f 149//149 968//968 3629//3629
f 151//151 153//153 3631//3631
f 153//153 3630//3630 3631//3631
f 969//969 3632//3632 3633//3633
f 968//968 3626//3626 3633//3633
f 151//151 969//969 3633//3633
f 153//153 198//198 3635//3635
f 198//198 3634//3634 3635//3635
f 970//970 3634//3634 3637//3637
f 198//198 231//231 3637//3637
f 231//231 3636//3636 3637//3637
f 970//970 3638//3638 3639//3639
f 969//969 3630//3630 3639//3639
f 153//153 970//970 3639//3639
f 970//970 3636//3636 3641//3641
f 231//231 3640//3640 3641//3641
f 231//231 256//256 3642//3642
f 972//972 3643//3643 3644//3644
f 971//971 3640//3640 3644//3644
f 231//231 972//972 3644//3644
f 256//256 294//294 3645//3645
f 973//973 3646//3646 3647//3647
f 972//972 256//256 3647//3647
f 256//256 973//973 3647//3647
f 294//294 306//306 3648//3648
f 974//974 3649//3649 3650//3650
f 973//973 294//294 3650//3650
f 294//294 974//974 3650//3650
f 306//306 307//307 3652//3652
f 307//307 3651//3651 3652//3652
f 975//975 3653//3653 3654//3654
f 974//974 306//306 3654//3654
f 306//306 975//975 3654//3654
f 307//307 308//308 3656//3656
f 308//308 3655//3655 3656//3656
f 976//976 3657//3657 3658//3658
f 975//975 3651//3651 3658//3658
f 307//307 976//976 3658//3658
f 308//308 309//309 3660//3660
f 309//309 3659//3659 3660//3660
f 977//977 3661//3661 3662//3662
f 976//976 3655//3655 3662//3662
f 308//308 977//977 3662//3662
f 309//309 310//310 3664//3664
f 310//310 3663//3663 3664//3664
f 978//978 3665//3665 3666//3666
f 977//977 3659//3659 3666//3666
f 309//309 978//978 3666//3666
f 310//310 345//345 3668//3668
f 345//345 3667//3667 3668//3668
f 979//979 3669//3669 3670//3670
f 978//978 3663//3663 3670//3670
f 310//310 979//979 3670//3670
f 918//918 3671//3671 3672//3672
f 345//345 1663//1663 3672//3672
f 1663//1663 918//918 3672//3672
f 918//918 3673//3673 3674//3674
f 979//979 3667//3667 3674//3674
f 345//345 3671//3671 3674//3674
f 465//465 886//886 3675//3675
f 461//461 1787//1787 3675//3675
f 465//465 3676//3676 3677//3677
f 890//890 886//886 3677//3677
f 469//469 3678//3678 3676//3676
f 465//465 1791//1791 3676//3676
f 892//892 2426//2426 3679//3679
f 890//890 3678//3678 3679//3679
f 472//472 3680//3680 3681//3681
f 892//892 3679//3679 3681//3681
f 469//469 472//472 3681//3681
f 895//895 2430//2430 3682//3682
f 892//892 3680//3680 3682//3682
f 476//476 3683//3683 3684//3684
f 895//895 3682//3682 3684//3684
f 901//901 2437//2437 3685//3685
f 895//895 3683//3683 3685//3685
f 480//480 3686//3686 3687//3687
f 901//901 3685//3685 3687//3687
f 905//905 2443//2443 3688//3688
f 901//901 3686//3686 3688//3688
f 483//483 3689//3689 3690//3690
f 905//905 3688//3688 3690//3690
f 909//909 2447//2447 3691//3691
f 905//905 3689//3689 3691//3691
f 487//487 3692//3692 3693//3693
f 909//909 3691//3691 3693//3693
f 911//911 2449//2449 3694//3694
f 909//909 3692//3692 3694//3694
f 489//489 3695//3695 3696//3696
f 911//911 3694//3694 3696//3696
f 915//915 2455//2455 3697//3697
f 911//911 3695//3695 3697//3697
f 485//485 3698//3698 3699//3699
f 915//915 3697//3697 3699//3699
f 913//913 2453//2453 3700//3700
f 915//915 3698//3698 3700//3700
f 907//907 2451//2451 3701//3701
f 913//913 1802//1802 3701//3701
f 913//913 3700//3700 3702//3702
f 903//903 2445//2445 3703//3703
f 907//907 478//478 3703//3703
f 907//907 3701//3701 3704//3704
f 1802//1802 478//478 3704//3704
f 899//899 2440//2440 3705//3705
f 903//903 474//474 3705//3705
f 903//903 3703//3703 3706//3706
f 478//478 474//474 3706//3706
f 897//897 2435//2435 3707//3707
f 899//899 470//470 3707//3707
f 899//899 3705//3705 3708//3708
f 474//474 470//470 3708//3708
f 2429//2429 2433//2433 3709//3709
f 897//897 3710//3710 3709//3709
f 467//467 3711//3711 3712//3712
f 888//888 2429//2429 3712//3712
f 2429//2429 3709//3709 3712//3712
f 467//467 3710//3710 3713//3713
f 897//897 3707//3707 3713//3713
f 470//470 1792//1792 3713//3713
f 888//888 3711//3711 3714//3714
f 467//467 463//463 3714//3714
f 884//884 2423//2423 3715//3715
f 888//888 459//459 3715//3715
f 888//888 463//463 3716//3716
f 463//463 459//459 3716//3716
f 2416//2416 2419//2419 3717//3717
f 884//884 3718//3718 3717//3717
f 456//456 3719//3719 3720//3720
f 879//879 2416//2416 3720//3720
f 2416//2416 3717//3717 3720//3720
f 456//456 3718//3718 3721//3721
f 884//884 3715//3715 3721//3721
f 459//459 1780//1780 3721//3721
f 879//879 3719//3719 3722//3722
f 456//456 454//454 3722//3722
f 450//450 3723//3723 3724//3724
f 879//879 454//454 3724//3724
f 454//454 1774//1774 3724//3724
f 2408//2408 2412//2412 3725//3725
f 879//879 3723//3723 3725//3725
f 450//450 3726//3726 3727//3727
f 3726//3726 2408//2408 3727//3727
f 2408//2408 3725//3725 3727//3727
f 450//450 1770//1770 3728//3728
f 446//446 3729//3729 3730//3730
f 867//867 3726//3726 3730//3730
f 3726//3726 3728//3728 3730//3730
f 442//442 3731//3731 3732//3732
f 867//867 3729//3729 3732//3732
f 446//446 442//442 3732//3732
f 438//438 3733//3733 3731//3731
f 442//442 1763//1763 3731//3731
f 866//866 2395//2395 3734//3734
f 867//867 3733//3733 3734//3734
f 435//435 3735//3735 3736//3736
f 866//866 3734//3734 3736//3736
f 862//862 2393//2393 3737//3737
f 866//866 3735//3735 3737//3737
f 430//430 3738//3738 3739//3739
f 862//862 3737//3737 3739//3739
f 858//858 2387//2387 3740//3740
f 862//862 3738//3738 3740//3740
f 426//426 3741//3741 3742//3742
f 858//858 3740//3740 3742//3742
f 854//854 2380//2380 3743//3743
f 858//858 3741//3741 3743//3743
f 423//423 3744//3744 3745//3745
f 854//854 3743//3743 3745//3745
f 851//851 2376//2376 3746//3746
f 854//854 3744//3744 3746//3746
f 423//423 3747//3747 3748//3748
f 847//847 851//851 3748//3748
f 851//851 3746//3746 3748//3748
f 420//420 3749//3749 3750//3750
f 847//847 3747//3747 3750//3750
f 423//423 1746//1746 3750//3750
f 416//416 3751//3751 3749//3749
f 420//420 1741//1741 3749//3749
f 844//844 2368//2368 3752//3752
f 847//847 3751//3751 3752//3752
f 413//413 3753//3753 3754//3754
f 844//844 3752//3752 3754//3754
f 840//840 2363//2363 3755//3755
f 844//844 3753//3753 3755//3755
f 409//409 3756//3756 3757//3757
f 840//840 3755//3755 3757//3757
f 836//836 2358//2358 3758//3758
f 840//840 3756//3756 3758//3758
f 409//409 3759//3759 3760//3760
f 834//834 836//836 3760//3760
f 836//836 3758//3758 3760//3760
f 834//834 3759//3759 3761//3761
f 409//409 1731//1731 3761//3761
f 834//834 3761//3761 3762//3762
f 407//407 1728//1728 3762//3762
f 832//832 834//834 3763//3763
f 834//834 3762//3762 3763//3763
f 403//403 3764//3764 3765//3765
f 832//832 3763//3763 3765//3765
f 830//830 2349//2349 3766//3766
f 832//832 3764//3764 3766//3766
f 401//401 3767//3767 3768//3768
f 830//830 3766//3766 3768//3768
f 828//828 2345//2345 3769//3769
f 830//830 3767//3767 3769//3769
f 399//399 3770//3770 3771//3771
f 828//828 3769//3769 3771//3771
f 401//401 1722//1722 3771//3771
f 826//826 2340//2340 3772//3772
f 828//828 3770//3770 3772//3772
f 397//397 3773//3773 3775//3775
f 822//822 2328//2328 3775//3775
f 824//824 3774//3774 3775//3775
f 397//397 3776//3776 3777//3777
f 826//826 3772//3772 3777//3777
f 399//399 1716//1716 3777//3777
f 824//824 2334//2334 3774//3774
f 826//826 3776//3776 3774//3774
f 822//822 3773//3773 3778//3778
f 397//397 1710//1710 3778//3778
f 820//820 2322//2322 3779//3779
f 822//822 3780//3780 3779//3779
f 393//393 3780//3780 3781//3781
f 822//822 3778//3778 3781//3781
f 395//395 1704//1704 3781//3781
f 818//818 2316//2316 3782//3782
f 820//820 3783//3783 3782//3782
f 391//391 3783//3783 3784//3784
f 820//820 3779//3779 3784//3784
f 393//393 391//391 3784//3784
f 819//819 2314//2314 3785//3785
f 818//818 3786//3786 3785//3785
f 392//392 3786//3786 3787//3787
f 818//818 3782//3782 3787//3787
f 391//391 1695//1695 3787//3787
f 821//821 2320//2320 3788//3788
f 819//819 3789//3789 3788//3788
f 394//394 3790//3790 3791//3791
f 823//823 2326//2326 3791//3791
f 821//821 3788//3788 3791//3791
f 394//394 3789//3789 3792//3792
f 819//819 3785//3785 3792//3792
f 392//392 1700//1700 3792//3792
f 823//823 3790//3790 3793//3793
f 394//394 1706//1706 3793//3793
f 398//398 3794//3794 3795//3795
f 823//823 3793//3793 3795//3795
f 396//396 1712//1712 3795//3795
f 825//825 2332//2332 3796//3796
f 823//823 3794//3794 3796//3796
f 400//400 3797//3797 3798//3798
f 825//825 3796//3796 3798//3798
f 398//398 1718//1718 3798//3798
f 827//827 2338//2338 3799//3799
f 825//825 3797//3797 3799//3799
f 829//829 2343//2343 3800//3800
f 827//827 3801//3801 3800//3800
f 402//402 3801//3801 3802//3802
f 827//827 3799//3799 3802//3802
f 400//400 1724//1724 3802//3802
f 402//402 3803//3803 3804//3804
f 831//831 2348//2348 3804//3804
f 829//829 3800//3800 3804//3804
f 831//831 3803//3803 3805//3805
f 402//402 1726//1726 3805//3805
f 833//833 2350//2350 3806//3806
f 831//831 406//406 3806//3806
f 831//831 404//404 3807//3807
f 404//404 406//406 3807//3807
f 408//408 3808//3808 3810//3810
f 835//835 2353//2353 3810//3810
f 833//833 3809//3809 3810//3810
f 408//408 3809//3809 3811//3811
f 833//833 3806//3806 3811//3811
f 406//406 1729//1729 3811//3811
f 838//838 2355//2355 3812//3812
f 835//835 411//411 3812//3812
f 408//408 411//411 3808//3808
f 842//842 2362//2362 3813//3813
f 838//838 415//415 3813//3813
f 838//838 3812//3812 3814//3814
f 411//411 415//415 3814//3814
f 845//845 2367//2367 3815//3815
f 842//842 418//418 3815//3815
f 842//842 3813//3813 3816//3816
f 415//415 1740//1740 3816//3816
f 849//849 2371//2371 3817//3817
f 845//845 3818//3818 3817//3817
f 421//421 3819//3819 3820//3820
f 3819//3819 2375//2375 3820//3820
f 849//849 3817//3817 3820//3820
f 421//421 3818//3818 3821//3821
f 845//845 3815//3815 3821//3821
f 418//418 1744//1744 3821//3821
f 421//421 1748//1748 3822//3822
f 425//425 3823//3823 3824//3824
f 856//856 3819//3819 3824//3824
f 3819//3819 3822//3822 3824//3824
f 428//428 3825//3825 3826//3826
f 856//856 3823//3823 3826//3826
f 425//425 1751//1751 3826//3826
f 859//859 2383//2383 3827//3827
f 856//856 431//431 3827//3827
f 428//428 1753//1753 3825//3825
f 2390//2390 2384//2384 3828//3828
f 859//859 3829//3829 3828//3828
f 433//433 3830//3830 3831//3831
f 864//864 2390//2390 3831//3831
f 2390//2390 3828//3828 3831//3831
f 433//433 3829//3829 3832//3832
f 859//859 3827//3827 3832//3832
f 431//431 1755//1755 3832//3832
f 864//864 3830//3830 3833//3833
f 433//433 436//436 3833//3833
f 869//869 2397//2397 3834//3834
f 864//864 440//440 3834//3834
f 864//864 436//436 3835//3835
f 436//436 440//440 3835//3835
f 871//871 2400//2400 3836//3836
f 869//869 444//444 3836//3836
f 869//869 3834//3834 3837//3837
f 440//440 444//444 3837//3837
f 874//874 2405//2405 3838//3838
f 871//871 448//448 3838//3838
f 871//871 3836//3836 3839//3839
f 444//444 448//448 3839//3839
f 877//877 2410//2410 3840//3840
f 874//874 452//452 3840//3840
f 874//874 3838//3838 3841//3841
f 448//448 452//452 3841//3841
f 881//881 2414//2414 3842//3842
f 877//877 458//458 3842//3842
f 877//877 3840//3840 3843//3843
f 452//452 458//458 3843//3843
f 461//461 3844//3844 3845//3845
f 881//881 3842//3842 3845//3845
f 458//458 1783//1783 3845//3845
f 461//461 3675//3675 3846//3846
f 886//886 2421//2421 3846//3846
f 881//881 3844//3844 3846//3846
f 956//956 3584//3584 3848//3848
f 957//957 3847//3847 3848//3848
f 980//980 3849//3849 3850//3850
f 956//956 980//980 3850//3850
f 955//955 3581//3581 3852//3852
f 956//956 3851//3851 3852//3852
f 982//982 3851//3851 3854//3854
f 956//956 981//981 3854//3854
f 981//981 3853//3853 3854//3854
f 957//957 3590//3590 3856//3856
f 958//958 3855//3855 3856//3856
f 983//983 3857//3857 3858//3858
f 980//980 3847//3847 3858//3858
f 957//957 983//983 3858//3858
f 954//954 955//955 3860//3860
f 955//955 3859//3859 3860//3860
f 984//984 3859//3859 3862//3862
f 955//955 982//982 3862//3862
f 982//982 3861//3861 3862//3862
f 958//958 3594//3594 3864//3864
f 959//959 3863//3863 3864//3864
f 985//985 3863//3863 3866//3866
f 959//959 960//960 3866//3866
f 960//960 3865//3865 3866//3866
f 985//985 3867//3867 3868//3868
f 983//983 3855//3855 3868//3868
f 958//958 985//985 3868//3868
f 953//953 3575//3575 3870//3870
f 954//954 3869//3869 3870//3870
f 986//986 3869//3869 3872//3872
f 954//954 984//984 3872//3872
f 984//984 3871//3871 3872//3872
f 985//985 3865//3865 3874//3874
f 960//960 3873//3873 3874//3874
f 952//952 3569//3569 3876//3876
f 953//953 3875//3875 3876//3876
f 988//988 3875//3875 3878//3878
f 953//953 986//986 3878//3878
f 986//986 3877//3877 3878//3878
f 960//960 961//961 3880//3880
f 961//961 3879//3879 3880//3880
f 989//989 3881//3881 3882//3882
f 987//987 3873//3873 3882//3882
f 960//960 989//989 3882//3882
f 951//951 952//952 3884//3884
f 952//952 3883//3883 3884//3884
f 990//990 3883//3883 3886//3886
f 952//952 988//988 3886//3886
f 988//988 3885//3885 3886//3886
f 961//961 962//962 3888//3888
f 962//962 3887//3887 3888//3888
f 991//991 3889//3889 3890//3890
f 989//989 3879//3879 3890//3890
f 961//961 991//991 3890//3890
f 950//950 951//951 3892//3892
f 951//951 3891//3891 3892//3892
f 992//992 3891//3891 3894//3894
f 951//951 990//990 3894//3894
f 990//990 3893//3893 3894//3894
f 962//962 3608//3608 3896//3896
f 963//963 3895//3895 3896//3896
f 993//993 3897//3897 3898//3898
f 991//991 3887//3887 3898//3898
f 962//962 993//993 3898//3898
f 948//948 949//949 3900//3900
f 949//949 3899//3899 3900//3900
f 994//994 3899//3899 3902//3902
f 949//949 950//950 3902//3902
f 950//950 3901//3901 3902//3902
f 994//994 3901//3901 3904//3904
f 950//950 992//992 3904//3904
f 992//992 3903//3903 3904//3904
f 963//963 3612//3612 3906//3906
f 964//964 3905//3905 3906//3906
f 995//995 3905//3905 3908//3908
f 964//964 3616//3616 3908//3908
f 965//965 3907//3907 3908//3908
f 995//995 3909//3909 3910//3910
f 993//993 3895//3895 3910//3910
f 963//963 995//995 3910//3910
f 948//948 994//994 3912//3912
f 994//994 3911//3911 3912//3912
f 995//995 3907//3907 3914//3914
f 965//965 3913//3913 3914//3914
f 947//947 948//948 3916//3916
f 948//948 3915//3915 3916//3916
f 998//998 3915//3915 3918//3918
f 948//948 996//996 3918//3918
f 996//996 3917//3917 3918//3918
f 965//965 3620//3620 3920//3920
f 966//966 3919//3919 3920//3920
f 999//999 3921//3921 3922//3922
f 997//997 3913//3913 3922//3922
f 965//965 999//999 3922//3922
f 947//947 998//998 3924//3924
f 998//998 3923//3923 3924//3924
f 1000//1000 3925//3925 3926//3926
f 946//946 947//947 3926//3926
f 947//947 1000//1000 3926//3926
f 999//999 3919//3919 3928//3928
f 966//966 3927//3927 3928//3928
f 1001//1001 3927//3927 3930//3930
f 966//966 3624//3624 3930//3930
f 967//967 3929//3929 3930//3930
f 946//946 3925//3925 3932//3932
f 1000//1000 3931//3931 3932//3932
f 1002//1002 3933//3933 3934//3934
f 945//945 946//946 3934//3934
f 946//946 1002//1002 3934//3934
f 944//944 945//945 3936//3936
f 945//945 3933//3933 3936//3936
f 1002//1002 3935//3935 3936//3936
f 1001//1001 3929//3929 3938//3938
f 967//967 3937//3937 3938//3938
f 1003//1003 3937//3937 3940//3940
f 967//967 3628//3628 3940//3940
f 968//968 3939//3939 3940//3940
f 944//944 3935//3935 3942//3942
f 1002//1002 3941//3941 3942//3942
f 1003//1003 3939//3939 3944//3944
f 968//968 3943//3943 3944//3944
f 1005//1005 3943//3943 3946//3946
f 968//968 3632//3632 3946//3946
f 969//969 3945//3945 3946//3946
f 943//943 944//944 3948//3948
f 944//944 3947//3947 3948//3948
f 1006//1006 3947//3947 3950//3950
f 944//944 1004//1004 3950//3950
f 1004//1004 3949//3949 3950//3950
f 1005//1005 3945//3945 3952//3952
f 969//969 3951//3951 3952//3952
f 1007//1007 3951//3951 3954//3954
f 969//969 3638//3638 3954//3954
f 970//970 3953//3953 3954//3954
f 942//942 943//943 3956//3956
f 943//943 3955//3955 3956//3956
f 1008//1008 3955//3955 3958//3958
f 943//943 1006//1006 3958//3958
f 1006//1006 3957//3957 3958//3958
f 970//970 971//971 3960//3960
f 971//971 3959//3959 3960//3960
f 1009//1009 3961//3961 3962//3962
f 1007//1007 3953//3953 3962//3962
f 970//970 1009//1009 3962//3962
f 941//941 942//942 3964//3964
f 942//942 3963//3963 3964//3964
f 1010//1010 3963//3963 3966//3966
f 942//942 1008//1008 3966//3966
f 1008//1008 3965//3965 3966//3966
f 1009//1009 3959//3959 3968//3968
f 971//971 3967//3967 3968//3968
f 1011//1011 3967//3967 3970//3970
f 971//971 3643//3643 3970//3970
f 972//972 3969//3969 3970//3970
f 941//941 1010//1010 3972//3972
f 1010//1010 3971//3971 3972//3972
f 940//940 941//941 3974//3974
f 941//941 1012//1012 3974//3974
f 1012//1012 3973//3973 3974//3974
f 973//973 3975//3975 3977//3977
f 1011//1011 3976//3976 3977//3977
f 973//973 3976//3976 3978//3978
f 1011//1011 3969//3969 3978//3978
f 972//972 3646//3646 3978//3978
f 1013//1013 3975//3975 3980//3980
f 973//973 3979//3979 3980//3980
f 939//939 940//940 3982//3982
f 940//940 3973//3973 3982//3982
f 1012//1012 3981//3981 3982//3982
f 939//939 3981//3981 3984//3984
f 1012//1012 3983//3983 3984//3984
f 974//974 3985//3985 3986//3986
f 1014//1014 3979//3979 3986//3986
f 973//973 3649//3649 3986//3986
f 938//938 939//939 3988//3988
f 939//939 1015//1015 3988//3988
f 1015//1015 3987//3987 3988//3988
f 938//938 3987//3987 3990//3990
f 1015//1015 3989//3989 3990//3990
f 938//938 1016//1016 3992//3992
f 1016//1016 3991//3991 3992//3992
f 975//975 3993//3993 3995//3995
f 1014//1014 3994//3994 3995//3995
f 975//975 3994//3994 3996//3996
f 1014//1014 3985//3985 3996//3996
f 974//974 3653//3653 3996//3996
f 937//937 938//938 3998//3998
f 938//938 1017//1017 3998//3998
f 1017//1017 3997//3997 3998//3998
f 976//976 3999//3999 4001//4001
f 1018//1018 4000//4000 4001//4001
f 976//976 4000//4000 4002//4002
f 1018//1018 3993//3993 4002//4002
f 975//975 3657//3657 4002//4002
f 936//936 4003//4003 4005//4005
f 1017//1017 4004//4004 4005//4005
f 936//936 937//937 4006//4006
f 937//937 3997//3997 4006//4006
f 1017//1017 4003//4003 4006//4006
f 977//977 4007//4007 4009//4009
f 1019//1019 4008//4008 4009//4009
f 977//977 4008//4008 4010//4010
f 1019//1019 3999//3999 4010//4010
f 976//976 3661//3661 4010//4010
f 935//935 4011//4011 4013//4013
f 1020//1020 4012//4012 4013//4013
f 935//935 936//936 4014//4014
f 936//936 1020//1020 4014//4014
f 1020//1020 4011//4011 4014//4014
f 978//978 4015//4015 4017//4017
f 1021//1021 4016//4016 4017//4017
f 978//978 4018//4018 4019//4019
f 1023//1023 4015//4015 4019//4019
f 978//978 4016//4016 4020//4020
f 1021//1021 4007//4007 4020//4020
f 977//977 3665//3665 4020//4020
f 934//934 935//935 4022//4022
f 935//935 1022//1022 4022//4022
f 1022//1022 4021//4021 4022//4022
f 934//934 4023//4023 4024//4024
f 934//934 4021//4021 4026//4026
f 1022//1022 4025//4025 4026//4026
f 1025//1025 4023//4023 4026//4026
f 979//979 4027//4027 4029//4029
f 1024//1024 4028//4028 4029//4029
f 979//979 4028//4028 4030//4030
f 1024//1024 4018//4018 4030//4030
f 978//978 3669//3669 4030//4030
f 933//933 3501//3501 4032//4032
f 934//934 1026//1026 4032//4032
f 1026//1026 4031//4031 4032//4032
f 918//918 4033//4033 4034//4034
f 1027//1027 4027//4027 4034//4034
f 979//979 3673//3673 4034//4034
f 932//932 3497//3497 4036//4036
f 933//933 4031//4031 4036//4036
f 1026//1026 4035//4035 4036//4036
f 932//932 4037//4037 4038//4038
f 932//932 4035//4035 4040//4040
f 1026//1026 4039//4039 4040//4040
f 1028//1028 4037//4037 4040//4040
f 917//917 4041//4041 4042//4042
f 1027//1027 4033//4033 4042//4042
f 918//918 917//917 4042//4042
f 917//917 4043//4043 4044//4044
f 1027//1027 4041//4041 4044//4044
f 931//931 3493//3493 4046//4046
f 932//932 1029//1029 4046//4046
f 1029//1029 4045//4045 4046//4046
f 919//919 4047//4047 4048//4048
f 1030//1030 4043//4043 4048//4048
f 917//917 919//919 4048//4048
f 919//919 4049//4049 4050//4050
f 1030//1030 4047//4047 4050//4050
f 919//919 4051//4051 4052//4052
f 1031//1031 4049//4049 4052//4052
f 930//930 3487//3487 4054//4054
f 931//931 4045//4045 4054//4054
f 1029//1029 4053//4053 4054//4054
f 930//930 4055//4055 4056//4056
f 930//930 4053//4053 4058//4058
f 1029//1029 4057//4057 4058//4058
f 1033//1033 4055//4055 4058//4058
f 920//920 4059//4059 4060//4060
f 1032//1032 4051//4051 4060//4060
f 919//919 920//920 4060//4060
f 920//920 4061//4061 4062//4062
f 1032//1032 4059//4059 4062//4062
f 929//929 3483//3483 4064//4064
f 930//930 1034//1034 4064//4064
f 1034//1034 4063//4063 4064//4064
f 921//921 4065//4065 4066//4066
f 1035//1035 4061//4061 4066//4066
f 920//920 921//921 4066//4066
f 921//921 4067//4067 4068//4068
f 1035//1035 4065//4065 4068//4068
f 928//928 929//929 4070//4070
f 929//929 4063//4063 4070//4070
f 1034//1034 4069//4069 4070//4070
f 928//928 4069//4069 4072//4072
f 1034//1034 4071//4071 4072//4072
f 922//922 4073//4073 4074//4074
f 1036//1036 4067//4067 4074//4074
f 921//921 922//922 4074//4074
f 927//927 3478//3478 4076//4076
f 928//928 1037//1037 4076//4076
f 1037//1037 4075//4075 4076//4076
f 927//927 4077//4077 4078//4078
f 927//927 4075//4075 4080//4080
f 1037//1037 4079//4079 4080//4080
f 1038//1038 4077//4077 4080//4080
f 923//923 4081//4081 4082//4082
f 1036//1036 4073//4073 4082//4082
f 922//922 923//923 4082//4082
f 923//923 4083//4083 4084//4084
f 1036//1036 4081//4081 4084//4084
f 926//926 3475//3475 4086//4086
f 927//927 1039//1039 4086//4086
f 1039//1039 4085//4085 4086//4086
f 926//926 4085//4085 4088//4088
f 1039//1039 4087//4087 4088//4088
f 924//924 4089//4089 4091//4091
f 1040//1040 4090//4090 4091//4091
f 924//924 4090//4090 4092//4092
f 1040//1040 4083//4083 4092//4092
f 923//923 924//924 4092//4092
f 925//925 4093//4093 4096//4096
f 1041//1041 4094//4094 4096//4096
f 1042//1042 4095//4095 4096//4096
f 925//925 4095//4095 4097//4097
f 1042//1042 4089//4089 4097//4097
f 924//924 925//925 4097//4097
f 925//925 926//926 4098//4098
f 926//926 1041//1041 4098//4098
f 1041//1041 4093//4093 4098//4098
f 1043//1043 4099//4099 4100//4100
f 1027//1027 4101//4101 4100//4100
f 1043//1043 4101//4101 4103//4103
f 1027//1027 1030//1030 4103//4103
f 1030//1030 4102//4102 4103//4103
f 1045//1045 4104//4104 4102//4102
f 1030//1030 4105//4105 4102//4102
f 1045//1045 4105//4105 4107//4107
f 1030//1030 1031//1031 4107//4107
f 1031//1031 4106//4106 4107//4107
f 1046//1046 4108//4108 4106//4106
f 1031//1031 4109//4109 4106//4106
f 1046//1046 4109//4109 4111//4111
f 1031//1031 1032//1032 4111//4111
f 1032//1032 4110//4110 4111//4111
f 1032//1032 4112//4112 4110//4110
f 1047//1047 4112//4112 4114//4114
f 1032//1032 1035//1035 4114//4114
f 1035//1035 4113//4113 4114//4114
f 1048//1048 4115//4115 4117//4117
f 1047//1047 4113//4113 4117//4117
f 1035//1035 4116//4116 4117//4117
f 1048//1048 4116//4116 4119//4119
f 1035//1035 1036//1036 4119//4119
f 1036//1036 4118//4118 4119//4119
f 1036//1036 1040//1040 4118//4118
f 1040//1040 4120//4120 4118//4118
f 1049//1049 4121//4121 4123//4123
f 1048//1048 4120//4120 4123//4123
f 1040//1040 4122//4122 4123//4123
f 1050//1050 4124//4124 4122//4122
f 1040//1040 4125//4125 4122//4122
f 1050//1050 4125//4125 4127//4127
f 1040//1040 1042//1042 4127//4127
f 1042//1042 4126//4126 4127//4127
f 1042//1042 4094//4094 4126//4126
f 1041//1041 4128//4128 4126//4126
f 1051//1051 4129//4129 4131//4131
f 1050//1050 4128//4128 4131//4131
f 1041//1041 4130//4130 4131//4131
f 1052//1052 4132//4132 4130//4130
f 1041//1041 4133//4133 4130//4130
f 1052//1052 4133//4133 4135//4135
f 1041//1041 4087//4087 4135//4135
f 1039//1039 4134//4134 4135//4135
f 1039//1039 1038//1038 4134//4134
f 1038//1038 4136//4136 4134//4134
f 1052//1052 4136//4136 4138//4138
f 1038//1038 4137//4137 4138//4138
f 1054//1054 4139//4139 4141//4141
f 1053//1053 4137//4137 4141//4141
f 1038//1038 4140//4140 4141//4141
f 1054//1054 4140//4140 4143//4143
f 1038//1038 4079//4079 4143//4143
f 1037//1037 4142//4142 4143//4143
f 1055//1055 4144//4144 4146//4146
f 1037//1037 4071//4071 4146//4146
f 1034//1034 4145//4145 4146//4146
f 1055//1055 4147//4147 4142//4142
f 1037//1037 4144//4144 4142//4142
f 1056//1056 4148//4148 4150//4150
f 1034//1034 1033//1033 4150//4150
f 1033//1033 4149//4149 4150//4150
f 1056//1056 4151//4151 4145//4145
f 1034//1034 4148//4148 4145//4145
f 1057//1057 4152//4152 4154//4154
f 1033//1033 4057//4057 4154//4154
f 1029//1029 4153//4153 4154//4154
f 1057//1057 4155//4155 4149//4149
f 1033//1033 4152//4152 4149//4149
f 1058//1058 4156//4156 4158//4158
f 1029//1029 1028//1028 4158//4158
f 1028//1028 4157//4157 4158//4158
f 1058//1058 4159//4159 4153//4153
f 1029//1029 4156//4156 4153//4153
f 1059//1059 4160//4160 4162//4162
f 1028//1028 4039//4039 4162//4162
f 1026//1026 4161//4161 4162//4162
f 1059//1059 4163//4163 4157//4157
f 1028//1028 4160//4160 4157//4157
f 1060//1060 4164//4164 4166//4166
f 1026//1026 1025//1025 4166//4166
f 1025//1025 4165//4165 4166//4166
f 1060//1060 4167//4167 4161//4161
f 1026//1026 4164//4164 4161//4161
f 4171//4171 4168//4168 4165//4165
f 1025//1025 4169//4169 4165//4165
f 4171//4171 4169//4169 4170//4170
f 1025//1025 4025//4025 4170//4170
f 4171//4171 4170//4170 4172//4172
f 1022//1022 4012//4012 4172//4172
f 1020//1020 4171//4171 4172//4172
f 1020//1020 4173//4173 4174//4174
f 1062//1062 4175//4175 4177//4177
f 1061//1061 4173//4173 4177//4177
f 1020//1020 4176//4176 4177//4177
f 1062//1062 4176//4176 4179//4179
f 1020//1020 4004//4004 4179//4179
f 1017//1017 4178//4178 4179//4179
f 1017//1017 3991//3991 4178//4178
f 1016//1016 4180//4180 4178//4178
f 1063//1063 4181//4181 4183//4183
f 1062//1062 4180//4180 4183//4183
f 1016//1016 4182//4182 4183//4183
f 1016//1016 4184//4184 4182//4182
f 1064//1064 4184//4184 4186//4186
f 1016//1016 3989//3989 4186//4186
f 1015//1015 4185//4185 4186//4186
f 1065//1065 4187//4187 4189//4189
f 1064//1064 4185//4185 4189//4189
f 1015//1015 4188//4188 4189//4189
f 1065//1065 4188//4188 4191//4191
f 1015//1015 3983//3983 4191//4191
f 1012//1012 4190//4190 4191//4191
f 1012//1012 4192//4192 4190//4190
f 1066//1066 4192//4192 4194//4194
f 1012//1012 3971//3971 4194//4194
f 1010//1010 4193//4193 4194//4194
f 1067//1067 4195//4195 4197//4197
f 1066//1066 4193//4193 4197//4197
f 1010//1010 4196//4196 4197//4197
f 1067//1067 4196//4196 4199//4199
f 1010//1010 3965//3965 4199//4199
f 1008//1008 4198//4198 4199//4199
f 1068//1068 4200//4200 4198//4198
f 1008//1008 4201//4201 4198//4198
f 1068//1068 4201//4201 4202//4202
f 1008//1008 3957//3957 4202//4202
f 1068//1068 4202//4202 4204//4204
f 1006//1006 3949//3949 4204//4204
f 1004//1004 4203//4203 4204//4204
f 1069//1069 4205//4205 4207//4207
f 1068//1068 4203//4203 4207//4207
f 1004//1004 4206//4206 4207//4207
f 1070//1070 4208//4208 4206//4206
f 1004//1004 4209//4209 4206//4206
f 1070//1070 4209//4209 4211//4211
f 1004//1004 3941//3941 4211//4211
f 1002//1002 4210//4210 4211//4211
f 1071//1071 4212//4212 4210//4210
f 1002//1002 4213//4213 4210//4210
f 1071//1071 4213//4213 4215//4215
f 1002//1002 3931//3931 4215//4215
f 1000//1000 4214//4214 4215//4215
f 1072//1072 4216//4216 4214//4214
f 1000//1000 4217//4217 4214//4214
f 1072//1072 4217//4217 4219//4219
f 1000//1000 3923//3923 4219//4219
f 998//998 4218//4218 4219//4219
f 1073//1073 4220//4220 4218//4218
f 998//998 4221//4221 4218//4218
f 1073//1073 4221//4221 4223//4223
f 998//998 3917//3917 4223//4223
f 996//996 4222//4222 4223//4223
f 996//996 4224//4224 4222//4222
f 1074//1074 4224//4224 4226//4226
f 996//996 3911//3911 4226//4226
f 994//994 4225//4225 4226//4226
f 1075//1075 4227//4227 4229//4229
f 1074//1074 4225//4225 4229//4229
f 994//994 4228//4228 4229//4229
f 1075//1075 4228//4228 4231//4231
f 994//994 3903//3903 4231//4231
f 992//992 4230//4230 4231//4231
f 992//992 4232//4232 4230//4230
f 1076//1076 4232//4232 4234//4234
f 992//992 3893//3893 4234//4234
f 990//990 4233//4233 4234//4234
f 988//988 3877//3877 4235//4235
f 986//986 4236//4236 4235//4235
f 1077//1077 4237//4237 4239//4239
f 1076//1076 4233//4233 4239//4239
f 990//990 4238//4238 4239//4239
f 1077//1077 4238//4238 4240//4240
f 990//990 3885//3885 4240//4240
f 988//988 4235//4235 4240//4240
f 1078//1078 4244//4244 4242//4242
f 986//986 3871//3871 4242//4242
f 984//984 4241//4241 4242//4242
f 1078//1078 4243//4243 4244//4244
f 1077//1077 4236//4236 4244//4244
f 1079//1079 4245//4245 4247//4247
f 1078//1078 4241//4241 4247//4247
f 984//984 4246//4246 4247//4247
f 1080//1080 4248//4248 4250//4250
f 984//984 3861//3861 4250//4250
f 982//982 4249//4249 4250//4250
f 982//982 3853//3853 4249//4249
f 981//981 4251//4251 4249//4249
f 1080//1080 4252//4252 4246//4246
f 984//984 4248//4248 4246//4246
f 1081//1081 4253//4253 4255//4255
f 1080//1080 4251//4251 4255//4255
f 981//981 4254//4254 4255//4255
f 1082//1082 4256//4256 4258//4258
f 981//981 3849//3849 4258//4258
f 980//980 4257//4257 4258//4258
f 1082//1082 4259//4259 4254//4254
f 981//981 4256//4256 4254//4254
f 1083//1083 4260//4260 4262//4262
f 980//980 3857//3857 4262//4262
f 983//983 4261//4261 4262//4262
f 1083//1083 4263//4263 4257//4257
f 980//980 4260//4260 4257//4257
f 1084//1084 4264//4264 4266//4266
f 983//983 3867//3867 4266//4266
f 985//985 4265//4265 4266//4266
f 1084//1084 4267//4267 4261//4261
f 983//983 4264//4264 4261//4261
f 1085//1085 4268//4268 4265//4265
f 985//985 4269//4269 4265//4265
f 1085//1085 4269//4269 4271//4271
f 985//985 987//987 4271//4271
f 987//987 4270//4270 4271//4271
f 1086//1086 4272//4272 4270//4270
f 987//987 4273//4273 4270//4270
f 1086//1086 4273//4273 4274//4274
f 987//987 3881//3881 4274//4274
f 1086//1086 4274//4274 4276//4276
f 989//989 3889//3889 4276//4276
f 991//991 4275//4275 4276//4276
f 991//991 3897//3897 4278//4278
f 993//993 4277//4277 4278//4278
f 1087//1087 4279//4279 4280//4280
f 1086//1086 4275//4275 4280//4280
f 991//991 1087//1087 4280//4280
f 1088//1088 4281//4281 4283//4283
f 1087//1087 4277//4277 4283//4283
f 993//993 4282//4282 4283//4283
f 1089//1089 4284//4284 4286//4286
f 993//993 3909//3909 4286//4286
f 995//995 4285//4285 4286//4286
f 1089//1089 4287//4287 4282//4282
f 993//993 4284//4284 4282//4282
f 1090//1090 4288//4288 4290//4290
f 995//995 997//997 4290//4290
f 997//997 4289//4289 4290//4290
f 997//997 3921//3921 4289//4289
f 999//999 4291//4291 4289//4289
f 1090//1090 4292//4292 4285//4285
f 995//995 4288//4288 4285//4285
f 1091//1091 4293//4293 4295//4295
f 1090//1090 4291//4291 4295//4295
f 999//999 4294//4294 4295//4295
f 1092//1092 4296//4296 4298//4298
f 999//999 1001//1001 4298//4298
f 1001//1001 4297//4297 4298//4298
f 1001//1001 1003//1003 4297//4297
f 1003//1003 4299//4299 4297//4297
f 1092//1092 4300//4300 4294//4294
f 999//999 4296//4296 4294//4294
f 1093//1093 4301//4301 4303//4303
f 1092//1092 4299//4299 4303//4303
f 1003//1003 4302//4302 4303//4303
f 1094//1094 4304//4304 4306//4306
f 1003//1003 1005//1005 4306//4306
f 1005//1005 4305//4305 4306//4306
f 1094//1094 4307//4307 4302//4302
f 1003//1003 4304//4304 4302//4302
f 1095//1095 4308//4308 4310//4310
f 1005//1005 1007//1007 4310//4310
f 1007//1007 4309//4309 4310//4310
f 1095//1095 4311//4311 4305//4305
f 1005//1005 4308//4308 4305//4305
f 1096//1096 4312//4312 4314//4314
f 1007//1007 3961//3961 4314//4314
f 1009//1009 4313//4313 4314//4314
f 1096//1096 4315//4315 4309//4309
f 1007//1007 4312//4312 4309//4309
f 1009//1009 1011//1011 4317//4317
f 1011//1011 4316//4316 4317//4317
f 1097//1097 4318//4318 4313//4313
f 1009//1009 1097//1097 4313//4313
f 1098//1098 4319//4319 4321//4321
f 1011//1011 1013//1013 4321//4321
f 1013//1013 4320//4320 4321//4321
f 1013//1013 1014//1014 4320//4320
f 1014//1014 4322//4322 4320//4320
f 1098//1098 4323//4323 4324//4324
f 1097//1097 4316//4316 4324//4324
f 1011//1011 4319//4319 4324//4324
f 1098//1098 4322//4322 4326//4326
f 1014//1014 4325//4325 4326//4326
f 1100//1100 4327//4327 4329//4329
f 1014//1014 1018//1018 4329//4329
f 1018//1018 4328//4328 4329//4329
f 1100//1100 4330//4330 4331//4331
f 1099//1099 4325//4325 4331//4331
f 1014//1014 4327//4327 4331//4331
f 1101//1101 4332//4332 4334//4334
f 1018//1018 1019//1019 4334//4334
f 1019//1019 4333//4333 4334//4334
f 1101//1101 4335//4335 4328//4328
f 1018//1018 4332//4332 4328//4328
f 1102//1102 4336//4336 4338//4338
f 1019//1019 1021//1021 4338//4338
f 1021//1021 4337//4337 4338//4338
f 1102//1102 4339//4339 4333//4333
f 1019//1019 4336//4336 4333//4333
f 1103//1103 4340//4340 4342//4342
f 1021//1021 1023//1023 4342//4342
f 1023//1023 4341//4341 4342//4342
f 1103//1103 4343//4343 4337//4337
f 1021//1021 4340//4340 4337//4337
f 1023//1023 1024//1024 4345//4345
f 1024//1024 4344//4344 4345//4345
f 1104//1104 4344//4344 4347//4347
f 1024//1024 1027//1027 4347//4347
f 1027//1027 4346//4346 4347//4347
f 1104//1104 4348//4348 4341//4341
f 1023//1023 1104//1104 4341//4341
f 1044//1044 4349//4349 4350//4350
f 1104//1104 4346//4346 4350//4350
f 1027//1027 4100//4100 4350//4350
f 1081//1081 4259//4259 4351//4351
f 1082//1082 4352//4352 4351//4351
f 1105//1105 4353//4353 4355//4355
f 1106//1106 4354//4354 4355//4355
f 1081//1081 4351//4351 4355//4355
f 1080//1080 4253//4253 4356//4356
f 1081//1081 4357//4357 4356//4356
f 1107//1107 4357//4357 4359//4359
f 1081//1081 4354//4354 4359//4359
f 1106//1106 4358//4358 4359//4359
f 1082//1082 4263//4263 4360//4360
f 1083//1083 4361//4361 4360//4360
f 1108//1108 4362//4362 4363//4363
f 1105//1105 4352//4352 4363//4363
f 1082//1082 4360//4360 4363//4363
f 1079//1079 4252//4252 4364//4364
f 1080//1080 4365//4365 4364//4364
f 1109//1109 4365//4365 4367//4367
f 1080//1080 4356//4356 4367//4367
f 1107//1107 4366//4366 4367//4367
f 1083//1083 4267//4267 4368//4368
f 1084//1084 4369//4369 4368//4368
f 1110//1110 4370//4370 4371//4371
f 1108//1108 4361//4361 4371//4371
f 1083//1083 4368//4368 4371//4371
f 1078//1078 4245//4245 4372//4372
f 1079//1079 4373//4373 4372//4372
f 1111//1111 4373//4373 4375//4375
f 1079//1079 4364//4364 4375//4375
f 1109//1109 4374//4374 4375//4375
f 1112//1112 4376//4376 4378//4378
f 1110//1110 4369//4369 4378//4378
f 1084//1084 4377//4377 4378//4378
f 1084//1084 4268//4268 4377//4377
f 1085//1085 4379//4379 4377//4377
f 1077//1077 4243//4243 4380//4380
f 1078//1078 4381//4381 4380//4380
f 1113//1113 4381//4381 4383//4383
f 1078//1078 4372//4372 4383//4383
f 1111//1111 4382//4382 4383//4383
f 1085//1085 4272//4272 4384//4384
f 1086//1086 4385//4385 4384//4384
f 1114//1114 4386//4386 4387//4387
f 1112//1112 4379//4379 4387//4387
f 1085//1085 4384//4384 4387//4387
f 1075//1075 1076//1076 4388//4388
f 1076//1076 4389//4389 4388//4388
f 1076//1076 4237//4237 4389//4389
f 1077//1077 4390//4390 4389//4389
f 1115//1115 4390//4390 4392//4392
f 1077//1077 4380//4380 4392//4392
f 1113//1113 4391//4391 4392//4392
f 1086//1086 4279//4279 4393//4393
f 1087//1087 4394//4394 4393//4393
f 1087//1087 4281//4281 4394//4394
f 1088//1088 4395//4395 4394//4394
f 1116//1116 4396//4396 4397//4397
f 1114//1114 4385//4385 4397//4397
f 1086//1086 4393//4393 4397//4397
f 1117//1117 4398//4398 4400//4400
f 1075//1075 4388//4388 4400//4400
f 1115//1115 4399//4399 4400//4400
f 1118//1118 4401//4401 4403//4403
f 1116//1116 4395//4395 4403//4403
f 1088//1088 4402//4402 4403//4403
f 1073//1073 1074//1074 4404//4404
f 1074//1074 4405//4405 4404//4404
f 1074//1074 4227//4227 4405//4405
f 1075//1075 4406//4406 4405//4405
f 1119//1119 4406//4406 4408//4408
f 1075//1075 4398//4398 4408//4408
f 1117//1117 4407//4407 4408//4408
f 1088//1088 4287//4287 4409//4409
f 1089//1089 4410//4410 4409//4409
f 1120//1120 4411//4411 4412//4412
f 1118//1118 4402//4402 4412//4412
f 1088//1088 4409//4409 4412//4412
f 1121//1121 4413//4413 4415//4415
f 1073//1073 4404//4404 4415//4415
f 1119//1119 4414//4414 4415//4415
f 1089//1089 4292//4292 4416//4416
f 1090//1090 4417//4417 4416//4416
f 1122//1122 4418//4418 4419//4419
f 1120//1120 4410//4410 4419//4419
f 1089//1089 4416//4416 4419//4419
f 1072//1072 4220//4220 4420//4420
f 1073//1073 4421//4421 4420//4420
f 1123//1123 4421//4421 4423//4423
f 1073//1073 4413//4413 4423//4423
f 1121//1121 4422//4422 4423//4423
f 1090//1090 4293//4293 4424//4424
f 1091//1091 4425//4425 4424//4424
f 1124//1124 4426//4426 4427//4427
f 1122//1122 4417//4417 4427//4427
f 1090//1090 4424//4424 4427//4427
f 1125//1125 4428//4428 4430//4430
f 1072//1072 4420//4420 4430//4430
f 1123//1123 4429//4429 4430//4430
f 1071//1071 4216//4216 4431//4431
f 1072//1072 4428//4428 4431//4431
f 1091//1091 4300//4300 4432//4432
f 1092//1092 4433//4433 4432//4432
f 1126//1126 4434//4434 4435//4435
f 1124//1124 4425//4425 4435//4435
f 1091//1091 4432//4432 4435//4435
f 1127//1127 4436//4436 4438//4438
f 1071//1071 4431//4431 4438//4438
f 1125//1125 4437//4437 4438//4438
f 1070//1070 4212//4212 4439//4439
f 1071//1071 4436//4436 4439//4439
f 1128//1128 4440//4440 4442//4442
f 1126//1126 4433//4433 4442//4442
f 1092//1092 4441//4441 4442//4442
f 1092//1092 4301//4301 4441//4441
f 1093//1093 4443//4443 4441//4441
f 1069//1069 4208//4208 4444//4444
f 1070//1070 4445//4445 4444//4444
f 1129//1129 4445//4445 4447//4447
f 1070//1070 4439//4439 4447//4447
f 1127//1127 4446//4446 4447//4447
f 1130//1130 4448//4448 4450//4450
f 1128//1128 4443//4443 4450//4450
f 1093//1093 4449//4449 4450//4450
f 1093//1093 4307//4307 4449//4449
f 1094//1094 4451//4451 4449//4449
f 1131//1131 4452//4452 4454//4454
f 1069//1069 4444//4444 4454//4454
f 1129//1129 4453//4453 4454//4454
f 1068//1068 4205//4205 4455//4455
f 1069//1069 4452//4452 4455//4455
f 1132//1132 4456//4456 4458//4458
f 1130//1130 4451//4451 4458//4458
f 1094//1094 4457//4457 4458//4458
f 1094//1094 4311//4311 4457//4457
f 1095//1095 4459//4459 4457//4457
f 1067//1067 4200//4200 4460//4460
f 1068//1068 4461//4461 4460//4460
f 1133//1133 4461//4461 4463//4463
f 1068//1068 4455//4455 4463//4463
f 1131//1131 4462//4462 4463//4463
f 1134//1134 4464//4464 4466//4466
f 1132//1132 4459//4459 4466//4466
f 1095//1095 4465//4465 4466//4466
f 1095//1095 4315//4315 4465//4465
f 1096//1096 4467//4467 4465//4465
f 1066//1066 4195//4195 4468//4468
f 1067//1067 4469//4469 4468//4468
f 1135//1135 4469//4469 4471//4471
f 1067//1067 4460//4460 4471//4471
f 1133//1133 4470//4470 4471//4471
f 1136//1136 4472//4472 4474//4474
f 1134//1134 4467//4467 4474//4474
f 1096//1096 4473//4473 4474//4474
f 1096//1096 4318//4318 4473//4473
f 1097//1097 4475//4475 4473//4473
f 1065//1065 1066//1066 4476//4476
f 1066//1066 4468//4468 4476//4476
f 1065//1065 4477//4477 4480//4480
f 1137//1137 4478//4478 4480//4480
f 1138//1138 4479//4479 4480//4480
f 1065//1065 4476//4476 4482//4482
f 1135//1135 4481//4481 4482//4482
f 1137//1137 4477//4477 4482//4482
f 1136//1136 4475//4475 4483//4483
f 1097//1097 4323//4323 4483//4483
f 1098//1098 4484//4484 4486//4486
f 1139//1139 4485//4485 4486//4486
f 1136//1136 4483//4483 4486//4486
f 1098//1098 4487//4487 4489//4489
f 1140//1140 4488//4488 4489//4489
f 1139//1139 4484//4484 4489//4489
f 1064//1064 4187//4187 4479//4479
f 1138//1138 4490//4490 4479//4479
f 1099//1099 4491//4491 4487//4487
f 1098//1098 1099//1099 4487//4487
f 1063//1063 1064//1064 4492//4492
f 1064//1064 4490//4490 4492//4492
f 1063//1063 4492//4492 4495//4495
f 1138//1138 4493//4493 4495//4495
f 1141//1141 4494//4494 4495//4495
f 1100//1100 4496//4496 4499//4499
f 1142//1142 4497//4497 4499//4499
f 1140//1140 4498//4498 4499//4499
f 1140//1140 4491//4491 4498//4498
f 1099//1099 4330//4330 4498//4498
f 1062//1062 4181//4181 4494//4494
f 1141//1141 4500//4500 4494//4494
f 1062//1062 4501//4501 4504//4504
f 1143//1143 4502//4502 4504//4504
f 1144//1144 4503//4503 4504//4504
f 1062//1062 4500//4500 4506//4506
f 1141//1141 4505//4505 4506//4506
f 1143//1143 4501//4501 4506//4506
f 1101//1101 4507//4507 4510//4510
f 1145//1145 4508//4508 4510//4510
f 1142//1142 4509//4509 4510//4510
f 1142//1142 4496//4496 4509//4509
f 1100//1100 4335//4335 4509//4509
f 1061//1061 4175//4175 4503//4503
f 1144//1144 4511//4511 4503//4503
f 1102//1102 4512//4512 4515//4515
f 1146//1146 4513//4513 4515//4515
f 1145//1145 4514//4514 4515//4515
f 1145//1145 4507//4507 4514//4514
f 1101//1101 4339//4339 4514//4514
f 4171//4171 1061//1061 4516//4516
f 1061//1061 4511//4511 4516//4516
f 4171//4171 4516//4516 4519//4519
f 1144//1144 4517//4517 4519//4519
f 1147//1147 4518//4518 4519//4519
f 1146//1146 4512//4512 4520//4520
f 1102//1102 4343//4343 4520//4520
f 1103//1103 4521//4521 4523//4523
f 1148//1148 4522//4522 4523//4523
f 1146//1146 4520//4520 4523//4523
f 1103//1103 4524//4524 4526//4526
f 1149//1149 4525//4525 4526//4526
f 1148//1148 4521//4521 4526//4526
f 1060//1060 4168//4168 4518//4518
f 1147//1147 4527//4527 4518//4518
f 1060//1060 4527//4527 4530//4530
f 1147//1147 4528//4528 4530//4530
f 1150//1150 4529//4529 4530//4530
f 1104//1104 4531//4531 4524//4524
f 1103//1103 4348//4348 4524//4524
f 1059//1059 4167//4167 4529//4529
f 1150//1150 4532//4532 4529//4529
f 1059//1059 4532//4532 4535//4535
f 1150//1150 4533//4533 4535//4535
f 1151//1151 4534//4534 4535//4535
f 1044//1044 4536//4536 4539//4539
f 1152//1152 4537//4537 4539//4539
f 1149//1149 4538//4538 4539//4539
f 1149//1149 4531//4531 4538//4538
f 1104//1104 4349//4349 4538//4538
f 1058//1058 4163//4163 4534//4534
f 1151//1151 4540//4540 4534//4534
f 1058//1058 4540//4540 4543//4543
f 1151//1151 4541//4541 4543//4543
f 1153//1153 4542//4542 4543//4543
f 1152//1152 4536//4536 4544//4544
f 1044//1044 4099//4099 4544//4544
f 1043//1043 4545//4545 4547//4547
f 1154//1154 4546//4546 4547//4547
f 1152//1152 4544//4544 4547//4547
f 1043//1043 4548//4548 4550//4550
f 1155//1155 4549//4549 4550//4550
f 1154//1154 4545//4545 4550//4550
f 1057//1057 4159//4159 4542//4542
f 1153//1153 4551//4551 4542//4542
f 1057//1057 4551//4551 4554//4554
f 1153//1153 4552//4552 4554//4554
f 1156//1156 4553//4553 4554//4554
f 1045//1045 4555//4555 4558//4558
f 1157//1157 4556//4556 4558//4558
f 1155//1155 4557//4557 4558//4558
f 1155//1155 4548//4548 4557//4557
f 1043//1043 4104//4104 4557//4557
f 1056//1056 4155//4155 4553//4553
f 1156//1156 4559//4559 4553//4553
f 1056//1056 4559//4559 4562//4562
f 1156//1156 4560//4560 4562//4562
f 1158//1158 4561//4561 4562//4562
f 1157//1157 4555//4555 4563//4563
f 1045//1045 4108//4108 4563//4563
f 1046//1046 4564//4564 4566//4566
f 1159//1159 4565//4565 4566//4566
f 1157//1157 4563//4563 4566//4566
f 1055//1055 4151//4151 4561//4561
f 1158//1158 4567//4567 4561//4561
f 1055//1055 4567//4567 4570//4570
f 1158//1158 4568//4568 4570//4570
f 1160//1160 4569//4569 4570//4570
f 1047//1047 4571//4571 4564//4564
f 1046//1046 1047//1047 4564//4564
f 1054//1054 4147//4147 4569//4569
f 1160//1160 4572//4572 4569//4569
f 1054//1054 4573//4573 4576//4576
f 1161//1161 4574//4574 4576//4576
f 1162//1162 4575//4575 4576//4576
f 1054//1054 4572//4572 4578//4578
f 1160//1160 4577//4577 4578//4578
f 1161//1161 4573//4573 4578//4578
f 1048//1048 4579//4579 4582//4582
f 1163//1163 4580//4580 4582//4582
f 1159//1159 4581//4581 4582//4582
f 1159//1159 4571//4571 4581//4581
f 1047//1047 4115//4115 4581//4581
f 1053//1053 4139//4139 4575//4575
f 1162//1162 4583//4583 4575//4575
f 1163//1163 4579//4579 4584//4584
f 1048//1048 4121//4121 4584//4584
f 1049//1049 4585//4585 4587//4587
f 1164//1164 4586//4586 4587//4587
f 1163//1163 4584//4584 4587//4587
f 1052//1052 1053//1053 4588//4588
f 1053//1053 4583//4583 4588//4588
f 1052//1052 4589//4589 4592//4592
f 1165//1165 4590//4590 4592//4592
f 1166//1166 4591//4591 4592//4592
f 1052//1052 4588//4588 4594//4594
f 1162//1162 4593//4593 4594//4594
f 1165//1165 4589//4589 4594//4594
f 1164//1164 4585//4585 4595//4595
f 1049//1049 4124//4124 4595//4595
f 1050//1050 4596//4596 4598//4598
f 1167//1167 4597//4597 4598//4598
f 1164//1164 4595//4595 4598//4598
f 1051//1051 4599//4599 4602//4602
f 1166//1166 4600//4600 4602//4602
f 1167//1167 4601//4601 4602//4602
f 1167//1167 4596//4596 4601//4601
f 1050//1050 4129//4129 4601//4601
f 1051//1051 4132//4132 4591//4591
f 1166//1166 4599//4599 4591//4591
f 1154//1154 4603//4603 4605//4605
f 1168//1168 4604//4604 4605//4605
f 1152//1152 4546//4546 4605//4605
f 1154//1154 4606//4606 4608//4608
f 1169//1169 4607//4607 4608//4608
f 1168//1168 4603//4603 4608//4608
f 1155//1155 4609//4609 4610//4610
f 1169//1169 4606//4606 4610//4610
f 1154//1154 4549//4549 4610//4610
f 1155//1155 4611//4611 4613//4613
f 1170//1170 4612//4612 4613//4613
f 1169//1169 4609//4609 4613//4613
f 1157//1157 4614//4614 4615//4615
f 1170//1170 4611//4611 4615//4615
f 1155//1155 4556//4556 4615//4615
f 1157//1157 4616//4616 4618//4618
f 1171//1171 4617//4617 4618//4618
f 1170//1170 4614//4614 4618//4618
f 1157//1157 4619//4619 4621//4621
f 1172//1172 4620//4620 4621//4621
f 1171//1171 4616//4616 4621//4621
f 1159//1159 4622//4622 4623//4623
f 1172//1172 4619//4619 4623//4623
f 1157//1157 4565//4565 4623//4623
f 1163//1163 4624//4624 4625//4625
f 1172//1172 4622//4622 4625//4625
f 1159//1159 4580//4580 4625//4625
f 1163//1163 4626//4626 4628//4628
f 1173//1173 4627//4627 4628//4628
f 1172//1172 4624//4624 4628//4628
f 1164//1164 4629//4629 4630//4630
f 1173//1173 4626//4626 4630//4630
f 1163//1163 4586//4586 4630//4630
f 1164//1164 4631//4631 4633//4633
f 1174//1174 4632//4632 4633//4633
f 1173//1173 4629//4629 4633//4633
f 1164//1164 4634//4634 4636//4636
f 1175//1175 4635//4635 4636//4636
f 1174//1174 4631//4631 4636//4636
f 1167//1167 4637//4637 4638//4638
f 1175//1175 4634//4634 4638//4638
f 1164//1164 4597//4597 4638//4638
f 1166//1166 4639//4639 4640//4640
f 1175//1175 4637//4637 4640//4640
f 1167//1167 4600//4600 4640//4640
f 1166//1166 4641//4641 4643//4643
f 1176//1176 4642//4642 4643//4643
f 1175//1175 4639//4639 4643//4643
f 1165//1165 4644//4644 4645//4645
f 1176//1176 4641//4641 4645//4645
f 1166//1166 4590//4590 4645//4645
f 1165//1165 4646//4646 4648//4648
f 1177//1177 4647//4647 4648//4648
f 1176//1176 4644//4644 4648//4648
f 1162//1162 4649//4649 4652//4652
f 1178//1178 4650//4650 4652//4652
f 1177//1177 4651//4651 4652//4652
f 1162//1162 4651//4651 4653//4653
f 1177//1177 4646//4646 4653//4653
f 1165//1165 4593//4593 4653//4653
f 1161//1161 4654//4654 4657//4657
f 1179//1179 4655//4655 4657//4657
f 1178//1178 4656//4656 4657//4657
f 1161//1161 4656//4656 4658//4658
f 1178//1178 4649//4649 4658//4658
f 1162//1162 4574//4574 4658//4658
f 1160//1160 4659//4659 4662//4662
f 1180//1180 4660//4660 4662//4662
f 1179//1179 4661//4661 4662//4662
f 1160//1160 4661//4661 4663//4663
f 1179//1179 4654//4654 4663//4663
f 1161//1161 4577//4577 4663//4663
f 1158//1158 4664//4664 4667//4667
f 1181//1181 4665//4665 4667//4667
f 1180//1180 4666//4666 4667//4667
f 1158//1158 4666//4666 4668//4668
f 1180//1180 4659//4659 4668//4668
f 1160//1160 4568//4568 4668//4668
f 1156//1156 4669//4669 4672//4672
f 1182//1182 4670//4670 4672//4672
f 1181//1181 4671//4671 4672//4672
f 1156//1156 4671//4671 4673//4673
f 1181//1181 4664//4664 4673//4673
f 1158//1158 4560//4560 4673//4673
f 1153//1153 4674//4674 4677//4677
f 1183//1183 4675//4675 4677//4677
f 1182//1182 4676//4676 4677//4677
f 1153//1153 4676//4676 4678//4678
f 1182//1182 4669//4669 4678//4678
f 1156//1156 4552//4552 4678//4678
f 1151//1151 4679//4679 4682//4682
f 1184//1184 4680//4680 4682//4682
f 1183//1183 4681//4681 4682//4682
f 1151//1151 4681//4681 4683//4683
f 1183//1183 4674//4674 4683//4683
f 1153//1153 4541//4541 4683//4683
f 1150//1150 4684//4684 4687//4687
f 1185//1185 4685//4685 4687//4687
f 1184//1184 4686//4686 4687//4687
f 1150//1150 4686//4686 4688//4688
f 1184//1184 4679//4679 4688//4688
f 1151//1151 4533//4533 4688//4688
f 1147//1147 4689//4689 4690//4690
f 1185//1185 4684//4684 4690//4690
f 1150//1150 4528//4528 4690//4690
f 1147//1147 4691//4691 4693//4693
f 1186//1186 4692//4692 4693//4693
f 1185//1185 4689//4689 4693//4693
f 1144//1144 4694//4694 4695//4695
f 1186//1186 4691//4691 4695//4695
f 1147//1147 4517//4517 4695//4695
f 1144//1144 4696//4696 4698//4698
f 1187//1187 4697//4697 4698//4698
f 1186//1186 4694//4694 4698//4698
f 1144//1144 4699//4699 4701//4701
f 1188//1188 4700//4700 4701//4701
f 1187//1187 4696//4696 4701//4701
f 1143//1143 4702//4702 4703//4703
f 1188//1188 4699//4699 4703//4703
f 1144//1144 4502//4502 4703//4703
f 1143//1143 4704//4704 4706//4706
f 1189//1189 4705//4705 4706//4706
f 1188//1188 4702//4702 4706//4706
f 1141//1141 4707//4707 4708//4708
f 1189//1189 4704//4704 4708//4708
f 1143//1143 4505//4505 4708//4708
f 1138//1138 4709//4709 4710//4710
f 1189//1189 4707//4707 4710//4710
f 1141//1141 4493//4493 4710//4710
f 1138//1138 4711//4711 4713//4713
f 1190//1190 4712//4712 4713//4713
f 1189//1189 4709//4709 4713//4713
f 1137//1137 4714//4714 4715//4715
f 1190//1190 4711//4711 4715//4715
f 1138//1138 4478//4478 4715//4715
f 1137//1137 4716//4716 4718//4718
f 1191//1191 4717//4717 4718//4718
f 1190//1190 4714//4714 4718//4718
f 1135//1135 4719//4719 4720//4720
f 1191//1191 4716//4716 4720//4720
f 1137//1137 4481//4481 4720//4720
f 1135//1135 4721//4721 4723//4723
f 1192//1192 4722//4722 4723//4723
f 1191//1191 4719//4719 4723//4723
f 1133//1133 4724//4724 4725//4725
f 1192//1192 4721//4721 4725//4725
f 1135//1135 4470//4470 4725//4725
f 1133//1133 4726//4726 4728//4728
f 1193//1193 4727//4727 4728//4728
f 1192//1192 4724//4724 4728//4728
f 1131//1131 4729//4729 4730//4730
f 1193//1193 4726//4726 4730//4730
f 1133//1133 4462//4462 4730//4730
f 1131//1131 4731//4731 4733//4733
f 1194//1194 4732//4732 4733//4733
f 1193//1193 4729//4729 4733//4733
f 1129//1129 4734//4734 4735//4735
f 1194//1194 4731//4731 4735//4735
f 1131//1131 4453//4453 4735//4735
f 1129//1129 4736//4736 4738//4738
f 1195//1195 4737//4737 4738//4738
f 1194//1194 4734//4734 4738//4738
f 1127//1127 4739//4739 4740//4740
f 1195//1195 4736//4736 4740//4740
f 1129//1129 4446//4446 4740//4740
f 1127//1127 4741//4741 4743//4743
f 1196//1196 4742//4742 4743//4743
f 1195//1195 4739//4739 4743//4743
f 1125//1125 4744//4744 4745//4745
f 1196//1196 4741//4741 4745//4745
f 1127//1127 4437//4437 4745//4745
f 1125//1125 4746//4746 4748//4748
f 1197//1197 4747//4747 4748//4748
f 1196//1196 4744//4744 4748//4748
f 1123//1123 4749//4749 4750//4750
f 1197//1197 4746//4746 4750//4750
f 1125//1125 4429//4429 4750//4750
f 1123//1123 4751//4751 4753//4753
f 1198//1198 4752//4752 4753//4753
f 1197//1197 4749//4749 4753//4753
f 1121//1121 4754//4754 4755//4755
f 1198//1198 4751//4751 4755//4755
f 1123//1123 4422//4422 4755//4755
f 1121//1121 4756//4756 4758//4758
f 1199//1199 4757//4757 4758//4758
f 1198//1198 4754//4754 4758//4758
f 1119//1119 4759//4759 4760//4760
f 1199//1199 4756//4756 4760//4760
f 1121//1121 4414//4414 4760//4760
f 1119//1119 4761//4761 4763//4763
f 1200//1200 4762//4762 4763//4763
f 1199//1199 4759//4759 4763//4763
f 1119//1119 4764//4764 4766//4766
f 1201//1201 4765//4765 4766//4766
f 1200//1200 4761//4761 4766//4766
f 1117//1117 4767//4767 4768//4768
f 1201//1201 4764//4764 4768//4768
f 1119//1119 4407//4407 4768//4768
f 1115//1115 4769//4769 4770//4770
f 1201//1201 4767//4767 4770//4770
f 1117//1117 4399//4399 4770//4770
f 1115//1115 4771//4771 4773//4773
f 1202//1202 4772//4772 4773//4773
f 1201//1201 4769//4769 4773//4773
f 1113//1113 4774//4774 4775//4775
f 1202//1202 4771//4771 4775//4775
f 1115//1115 4391//4391 4775//4775
f 1113//1113 4776//4776 4778//4778
f 1203//1203 4777//4777 4778//4778
f 1202//1202 4774//4774 4778//4778
f 1111//1111 4779//4779 4780//4780
f 1203//1203 4776//4776 4780//4780
f 1113//1113 4382//4382 4780//4780
f 1111//1111 4781//4781 4783//4783
f 1204//1204 4782//4782 4783//4783
f 1203//1203 4779//4779 4783//4783
f 1109//1109 4784//4784 4787//4787
f 1205//1205 4785//4785 4787//4787
f 1204//1204 4786//4786 4787//4787
f 1109//1109 4786//4786 4788//4788
f 1204//1204 4781//4781 4788//4788
f 1111//1111 4374//4374 4788//4788
f 1107//1107 4789//4789 4792//4792
f 1206//1206 4790//4790 4792//4792
f 1205//1205 4791//4791 4792//4792
f 1107//1107 4791//4791 4793//4793
f 1205//1205 4784//4784 4793//4793
f 1109//1109 4366//4366 4793//4793
f 1106//1106 4794//4794 4797//4797
f 1207//1207 4795//4795 4797//4797
f 1206//1206 4796//4796 4797//4797
f 1106//1106 4798//4798 4800//4800
f 1208//1208 4799//4799 4800//4800
f 1207//1207 4794//4794 4800//4800
f 1106//1106 4796//4796 4801//4801
f 1206//1206 4789//4789 4801//4801
f 1107//1107 4358//4358 4801//4801
f 1105//1105 4802//4802 4803//4803
f 1208//1208 4798//4798 4803//4803
f 1106//1106 4353//4353 4803//4803
f 1108//1108 4804//4804 4807//4807
f 1209//1209 4805//4805 4807//4807
f 1208//1208 4806//4806 4807//4807
f 1108//1108 4808//4808 4810//4810
f 1210//1210 4809//4809 4810//4810
f 1209//1209 4804//4804 4810//4810
f 1108//1108 4806//4806 4811//4811
f 1208//1208 4802//4802 4811//4811
f 1105//1105 4362//4362 4811//4811
f 1110//1110 4812//4812 4813//4813
f 1210//1210 4808//4808 4813//4813
f 1108//1108 4370//4370 4813//4813
f 1112//1112 4814//4814 4815//4815
f 1210//1210 4812//4812 4815//4815
f 1110//1110 4376//4376 4815//4815
f 1112//1112 4816//4816 4818//4818
f 1211//1211 4817//4817 4818//4818
f 1210//1210 4814//4814 4818//4818
f 1114//1114 4819//4819 4820//4820
f 1211//1211 4816//4816 4820//4820
f 1112//1112 4386//4386 4820//4820
f 1114//1114 4821//4821 4823//4823
f 1212//1212 4822//4822 4823//4823
f 1211//1211 4819//4819 4823//4823
f 1116//1116 4824//4824 4827//4827
f 1213//1213 4825//4825 4827//4827
f 1212//1212 4826//4826 4827//4827
f 1116//1116 4826//4826 4828//4828
f 1212//1212 4821//4821 4828//4828
f 1114//1114 4396//4396 4828//4828
f 1116//1116 4829//4829 4831//4831
f 1214//1214 4830//4830 4831//4831
f 1213//1213 4824//4824 4831//4831
f 1118//1118 4832//4832 4833//4833
f 1214//1214 4829//4829 4833//4833
f 1116//1116 4401//4401 4833//4833
f 1120//1120 4834//4834 4837//4837
f 1215//1215 4835//4835 4837//4837
f 1214//1214 4836//4836 4837//4837
f 1120//1120 4836//4836 4838//4838
f 1214//1214 4832//4832 4838//4838
f 1118//1118 4411//4411 4838//4838
f 1122//1122 4839//4839 4842//4842
f 1216//1216 4840//4840 4842//4842
f 1215//1215 4841//4841 4842//4842
f 1122//1122 4843//4843 4845//4845
f 1217//1217 4844//4844 4845//4845
f 1216//1216 4839//4839 4845//4845
f 1122//1122 4841//4841 4846//4846
f 1215//1215 4834//4834 4846//4846
f 1120//1120 4418//4418 4846//4846
f 1124//1124 4847//4847 4848//4848
f 1217//1217 4843//4843 4848//4848
f 1122//1122 4426//4426 4848//4848
f 1126//1126 4849//4849 4852//4852
f 1218//1218 4850//4850 4852//4852
f 1217//1217 4851//4851 4852//4852
f 1126//1126 4851//4851 4853//4853
f 1217//1217 4847//4847 4853//4853
f 1124//1124 4434//4434 4853//4853
f 1128//1128 4854//4854 4857//4857
f 1219//1219 4855//4855 4857//4857
f 1218//1218 4856//4856 4857//4857
f 1128//1128 4856//4856 4858//4858
f 1218//1218 4849//4849 4858//4858
f 1126//1126 4440//4440 4858//4858
f 1130//1130 4859//4859 4862//4862
f 1220//1220 4860//4860 4862//4862
f 1219//1219 4861//4861 4862//4862
f 1130//1130 4861//4861 4863//4863
f 1219//1219 4854//4854 4863//4863
f 1128//1128 4448//4448 4863//4863
f 1132//1132 4864//4864 4867//4867
f 1221//1221 4865//4865 4867//4867
f 1220//1220 4866//4866 4867//4867
f 1132//1132 4868//4868 4870//4870
f 1222//1222 4869//4869 4870//4870
f 1221//1221 4864//4864 4870//4870
f 1132//1132 4866//4866 4871//4871
f 1220//1220 4859//4859 4871//4871
f 1130//1130 4456//4456 4871//4871
f 1134//1134 4872//4872 4873//4873
f 1222//1222 4868//4868 4873//4873
f 1132//1132 4464//4464 4873//4873
f 1136//1136 4874//4874 4877//4877
f 1223//1223 4875//4875 4877//4877
f 1222//1222 4876//4876 4877//4877
f 1136//1136 4876//4876 4878//4878
f 1222//1222 4872//4872 4878//4878
f 1134//1134 4472//4472 4878//4878
f 1139//1139 4879//4879 4882//4882
f 1224//1224 4880//4880 4882//4882
f 1223//1223 4881//4881 4882//4882
f 1139//1139 4881//4881 4883//4883
f 1223//1223 4874//4874 4883//4883
f 1136//1136 4485//4485 4883//4883
f 1140//1140 4884//4884 4887//4887
f 1225//1225 4885//4885 4887//4887
f 1224//1224 4886//4886 4887//4887
f 1140//1140 4886//4886 4888//4888
f 1224//1224 4879//4879 4888//4888
f 1139//1139 4488//4488 4888//4888
f 1142//1142 4889//4889 4892//4892
f 1226//1226 4890//4890 4892//4892
f 1225//1225 4891//4891 4892//4892
f 1142//1142 4891//4891 4893//4893
f 1225//1225 4884//4884 4893//4893
f 1140//1140 4497//4497 4893//4893
f 1145//1145 4894//4894 4897//4897
f 1227//1227 4895//4895 4897//4897
f 1226//1226 4896//4896 4897//4897
f 1145//1145 4896//4896 4898//4898
f 1226//1226 4889//4889 4898//4898
f 1142//1142 4508//4508 4898//4898
f 1146//1146 4899//4899 4902//4902
f 1228//1228 4900//4900 4902//4902
f 1227//1227 4901//4901 4902//4902
f 1146//1146 4901//4901 4903//4903
f 1227//1227 4894//4894 4903//4903
f 1145//1145 4513//4513 4903//4903
f 1148//1148 4904//4904 4907//4907
f 1229//1229 4905//4905 4907//4907
f 1228//1228 4906//4906 4907//4907
f 1148//1148 4908//4908 4910//4910
f 1230//1230 4909//4909 4910//4910
f 1229//1229 4904//4904 4910//4910
f 1148//1148 4906//4906 4911//4911
f 1228//1228 4899//4899 4911//4911
f 1146//1146 4522//4522 4911//4911
f 1149//1149 4912//4912 4913//4913
f 1230//1230 4908//4908 4913//4913
f 1148//1148 4525//4525 4913//4913
f 1152//1152 4604//4604 4916//4916
f 1168//1168 4914//4914 4916//4916
f 1230//1230 4915//4915 4916//4916
f 1152//1152 4915//4915 4917//4917
f 1230//1230 4912//4912 4917//4917
f 1149//1149 4537//4537 4917//4917
f 1210//1210 4918//4918 4919//4919
f 1208//1208 4805//4805 4919//4919
f 1209//1209 4809//4809 4919//4919
f 1210//1210 4817//4817 4920//4920
f 1211//1211 4921//4921 4920//4920
f 1211//1211 4822//4822 4921//4921
f 1212//1212 4922//4922 4921//4921
f 1212//1212 4825//4825 4922//4922
f 1213//1213 4923//4923 4922//4922
f 1215//1215 4923//4923 4924//4924
f 1213//1213 4830//4830 4924//4924
f 1214//1214 4835//4835 4924//4924
f 1217//1217 4925//4925 4926//4926
f 1215//1215 4840//4840 4926//4926
f 1216//1216 4844//4844 4926//4926
f 1194//1194 4737//4737 4928//4928
f 1195//1195 4742//4742 4928//4928
f 1196//1196 4927//4927 4928//4928
f 1193//1193 4732//4732 4929//4929
f 1194//1194 4927//4927 4929//4929
f 1193//1193 4929//4929 4930//4930
f 1196//1196 4747//4747 4930//4930
f 1191//1191 4722//4722 4932//4932
f 1192//1192 4727//4727 4932//4932
f 1193//1193 4931//4931 4932//4932
f 1193//1193 4930//4930 4931//4931
f 1197//1197 4933//4933 4931//4931
f 1221//1221 4869//4869 4934//4934
f 1222//1222 4935//4935 4934//4934
f 1224//1224 4935//4935 4936//4936
f 1222//1222 4875//4875 4936//4936
f 1223//1223 4880//4880 4936//4936
f 1221//1221 4934//4934 4937//4937
f 1224//1224 4885//4885 4937//4937
f 1217//1217 4850//4850 4938//4938
f 1218//1218 4939//4939 4938//4938
f 1218//1218 4855//4855 4939//4939
f 1219//1219 4940//4940 4939//4939
f 1219//1219 4860//4860 4940//4940
f 1220//1220 4941//4941 4940//4940
f 1220//1220 4865//4865 4941//4941
f 1221//1221 4937//4937 4941//4941
f 1188//1188 4705//4705 4943//4943
f 1189//1189 4712//4712 4943//4943
f 1190//1190 4942//4942 4943//4943
f 1188//1188 4942//4942 4944//4944
f 1190//1190 4717//4717 4944//4944
f 1228//1228 4945//4945 4946//4946
f 1226//1226 4895//4895 4946//4946
f 1227//1227 4900//4900 4946//4946
f 1226//1226 4945//4945 4947//4947
f 1228//1228 4905//4905 4947//4947
f 1225//1225 4890//4890 4948//4948
f 1226//1226 4947//4947 4948//4948
f 1183//1183 4680//4680 4950//4950
f 1184//1184 4685//4685 4950//4950
f 1185//1185 4949//4949 4950//4950
f 1183//1183 4949//4949 4951//4951
f 1185//1185 4692//4692 4951//4951
f 1229//1229 4909//4909 4952//4952
f 1230//1230 4953//4953 4952//4952
f 1169//1169 4953//4953 4954//4954
f 1230//1230 4914//4914 4954//4954
f 1168//1168 4607//4607 4954//4954
f 1229//1229 4952//4952 4955//4955
f 1169//1169 4612//4612 4955//4955
f 1217//1217 4938//4938 4956//4956
f 1225//1225 4957//4957 4956//4956
f 1204//1204 4785//4785 4958//4958
f 1205//1205 4959//4959 4958//4958
f 1205//1205 4790//4790 4959//4959
f 1206//1206 4960//4960 4959//4959
f 1206//1206 4795//4795 4960//4960
f 1207//1207 4961//4961 4960//4960
f 1207//1207 4799//4799 4961//4961
f 1208//1208 4962//4962 4961//4961
f 1225//1225 4948//4948 4957//4957
f 1229//1229 4963//4963 4957//4957
f 1229//1229 4955//4955 4963//4963
f 1170//1170 4617//4617 4963//4963
f 1208//1208 4918//4918 4962//4962
f 1210//1210 4964//4964 4962//4962
f 1210//1210 4920//4920 4964//4964
f 1215//1215 4965//4965 4964//4964
f 1215//1215 4925//4925 4965//4965
f 1217//1217 4956//4956 4965//4965
f 1180//1180 4665//4665 4967//4967
f 1181//1181 4670//4670 4967//4967
f 1182//1182 4966//4966 4967//4967
f 1180//1180 4966//4966 4968//4968
f 1182//1182 4675//4675 4968//4968
f 1186//1186 4697//4697 4969//4969
f 1187//1187 4970//4970 4969//4969
f 1187//1187 4700//4700 4970//4970
f 1188//1188 4971//4971 4970//4970
f 1180//1180 4968//4968 4972//4972
f 1183//1183 4951//4951 4972//4972
f 1186//1186 4969//4969 4972//4972
f 1173//1173 4973//4973 4974//4974
f 1171//1171 4620//4620 4974//4974
f 1172//1172 4627//4627 4974//4974
f 1178//1178 4655//4655 4976//4976
f 1179//1179 4660//4660 4976//4976
f 1180//1180 4975//4975 4976//4976
f 1171//1171 4973//4973 4977//4977
f 1173//1173 4632//4632 4977//4977
f 1177//1177 4650//4650 4978//4978
f 1178//1178 4975//4975 4978//4978
f 1176//1176 4979//4979 4980//4980
f 1174//1174 4635//4635 4980//4980
f 1175//1175 4642//4642 4980//4980
f 1191//1191 4933//4933 4981//4981
f 1197//1197 4982//4982 4981//4981
f 1197//1197 4752//4752 4982//4982
f 1198//1198 4983//4983 4982//4982
f 1198//1198 4757//4757 4983//4983
f 1199//1199 4984//4984 4983//4983
f 1199//1199 4762//4762 4984//4984
f 1200//1200 4985//4985 4984//4984
f 1200//1200 4765//4765 4985//4985
f 1201//1201 4986//4986 4985//4985
f 1201//1201 4772//4772 4986//4986
f 1202//1202 4987//4987 4986//4986
f 1202//1202 4777//4777 4987//4987
f 1203//1203 4988//4988 4987//4987
f 1203//1203 4782//4782 4988//4988
f 1204//1204 4989//4989 4988//4988
f 1204//1204 4958//4958 4989//4989
f 1171//1171 4990//4990 4989//4989
f 1171//1171 4977//4977 4990//4990
f 1174//1174 4979//4979 4990//4990
f 1176//1176 4647//4647 4991//4991
f 1177//1177 4978//4978 4991//4991
f 1176//1176 4991//4991 4971//4971
f 1188//1188 4992//4992 4971//4971
f 1188//1188 4944//4944 4992//4992
f 1191//1191 4981//4981 4992//4992
f 1//1 1231//1231 3//3
f 2//2 1231//1231 1//1
f 4//4 1235//1235 1232//1232
f 5//5 1234//1234 6//6
f 4//4 1234//1234 5//5
f 6//6 1234//1234 1233//1233
f 6//6 1236//1236 7//7
f 8//8 1236//1236 6//6
f 5//5 1237//1237 7//7
f 8//8 1239//1239 9//9
f 10//10 1239//1239 1238//1238
f 7//7 1240//1240 9//9
f 8//8 1240//1240 1236//1236
f 11//11 1242//1242 12//12
f 10//10 1242//1242 11//11
f 12//12 1242//1242 1241//1241
f 9//9 1243//1243 11//11
f 10//10 1243//1243 1239//1239
f 12//12 1808//1808 13//13
f 14//14 1808//1808 12//12
f 11//11 1245//1245 1244//1244
f 15//15 1248//1248 1247//1247
f 3//3 1248//1248 1246//1246
f 2//2 1248//1248 1231//1231
f 3//3 1250//1250 1249//1249
f 15//15 1250//1250 1246//1246
f 17//17 1251//1251 1252//1252
f 20//20 1254//1254 1253//1253
f 19//19 1252//1252 1254//1254
f 17//17 1252//1252 19//19
f 21//21 1255//1255 1256//1256
f 18//18 1255//1255 22//22
f 21//21 1256//1256 17//17
f 17//17 1256//1256 1251//1251
f 1260//1260 1257//1257 20//20
f 23//23 1254//1254 1257//1257
f 19//19 1254//1254 1258//1258
f 24//24 1259//1259 21//21
f 22//22 1259//1259 24//24
f 21//21 1259//1259 1255//1255
f 23//23 1257//1257 1261//1261
f 25//25 1262//1262 29//29
f 28//28 1262//1262 1263//1263
f 30//30 1266//1266 1264//1264
f 26//26 1266//1266 1265//1265
f 27//27 1266//1266 1260//1260
f 29//29 1267//1267 32//32
f 28//28 31//31 1262//1262
f 33//33 1264//1264 1268//1268
f 30//30 1264//1264 1269//1269
f 35//35 1270//1270 1271//1271
f 31//31 1271//1271 1267//1267
f 38//38 1272//1272 34//34
f 37//37 33//33 1272//1272
f 39//39 1273//1273 36//36
f 36//36 1273//1273 40//40
f 35//35 36//36 1270//1270
f 37//37 1272//1272 41//41
f 38//38 1274//1274 41//41
f 42//42 1274//1274 38//38
f 40//40 1275//1275 44//44
f 39//39 43//43 1273//1273
f 41//41 1276//1276 45//45
f 42//42 1276//1276 1274//1274
f 42//42 1277//1277 1276//1276
f 46//46 1277//1277 42//42
f 44//44 1278//1278 47//47
f 43//43 1278//1278 1275//1275
f 49//49 1280//1280 1279//1279
f 45//45 1280//1280 49//49
f 46//46 1280//1280 1277//1277
f 51//51 1281//1281 1282//1282
f 51//51 1282//1282 1283//1283
f 53//53 1284//1284 1285//1285
f 53//53 1279//1279 1284//1284
f 49//49 1279//1279 1286//1286
f 51//51 1287//1287 1281//1281
f 54//54 1288//1288 1287//1287
f 56//56 1285//1285 1289//1289
f 53//53 1285//1285 56//56
f 58//58 55//55 1288//1288
f 60//60 1290//1290 1291//1291
f 60//60 1289//1289 1290//1290
f 56//56 1289//1289 1292//1292
f 61//61 1293//1293 58//58
f 59//59 1293//1293 61//61
f 58//58 1293//1293 55//55
f 63//63 1291//1291 1295//1295
f 60//60 1291//1291 1294//1294
f 65//65 1296//1296 1297//1297
f 62//62 1296//1296 66//66
f 67//67 1295//1295 1299//1299
f 63//63 1295//1295 1298//1298
f 1301//1301 1299//1299 64//64
f 65//65 68//68 1296//1296
f 67//67 1299//1299 69//69
f 69//69 1302//1302 72//72
f 70//70 1302//1302 1301//1301
f 70//70 1303//1303 1302//1302
f 73//73 1304//1304 1303//1303
f 72//72 1304//1304 1305//1305
f 76//76 1306//1306 71//71
f 75//75 1307//1307 1306//1306
f 71//71 1307//1307 1300//1300
f 2907//2907 1308//1308 1304//1304
f 74//74 1308//1308 77//77
f 78//78 1306//1306 1309//1309
f 80//80 1310//1310 1311//1311
f 77//77 1310//1310 81//81
f 2907//2907 1311//1311 1308//1308
f 83//83 1312//1312 79//79
f 82//82 1309//1309 1312//1312
f 84//84 1313//1313 1314//1314
f 81//81 1313//1313 85//85
f 80//80 1314//1314 1310//1310
f 87//87 1315//1315 83//83
f 86//86 1312//1312 1315//1315
f 2914//2914 1316//1316 1317//1317
f 85//85 1316//1316 88//88
f 84//84 1317//1317 1313//1313
f 89//89 1315//1315 1319//1319
f 90//90 1319//1319 1318//1318
f 2914//2914 1320//1320 1316//1316
f 91//91 1321//1321 1320//1320
f 88//88 1321//1321 92//92
f 94//94 1323//1323 1322//1322
f 93//93 1319//1319 1323//1323
f 97//97 1324//1324 96//96
f 95//95 1325//1325 1324//1324
f 95//95 1326//1326 1325//1325
f 95//95 1330//1330 1326//1326
f 100//100 1330//1330 1328//1328
f 99//99 1330//1330 1329//1329
f 95//95 1333//1333 1328//1328
f 101//101 1333//1333 1331//1331
f 100//100 1333//1333 1332//1332
f 95//95 1336//1336 1331//1331
f 102//102 1336//1336 1334//1334
f 101//101 1336//1336 1335//1335
f 95//95 1339//1339 1334//1334
f 103//103 1339//1339 1337//1337
f 102//102 1339//1339 1338//1338
f 95//95 1340//1340 91//91
f 91//91 1340//1340 1321//1321
f 95//95 1341//1341 1340//1340
f 92//92 1341//1341 104//104
f 95//95 1324//1324 1341//1341
f 104//104 1324//1324 1342//1342
f 105//105 1337//1337 1343//1343
f 105//105 1346//1346 1337//1337
f 106//106 1346//1346 1344//1344
f 103//103 1346//1346 1345//1345
f 105//105 1349//1349 1344//1344
f 107//107 1349//1349 1347//1347
f 106//106 1349//1349 1348//1348
f 105//105 1352//1352 1347//1347
f 108//108 1352//1352 1350//1350
f 107//107 1352//1352 1351//1351
f 105//105 1355//1355 1350//1350
f 109//109 1355//1355 1353//1353
f 108//108 1355//1355 1354//1354
f 110//110 1353//1353 1356//1356
f 109//109 1353//1353 110//110
f 111//111 1356//1356 1357//1357
f 110//110 1356//1356 1358//1358
f 111//111 1357//1357 112//112
f 105//105 1359//1359 1357//1357
f 112//112 1359//1359 1360//1360
f 113//113 1359//1359 1361//1361
f 105//105 1362//1362 1359//1359
f 114//114 1362//1362 94//94
f 105//105 1323//1323 1362//1362
f 105//105 1364//1364 1363//1363
f 115//115 1364//1364 1365//1365
f 95//95 1364//1364 1343//1343
f 115//115 1365//1365 117//117
f 117//117 1365//1365 1367//1367
f 118//118 1365//1365 1366//1366
f 119//119 1368//1368 115//115
f 116//116 1368//1368 119//119
f 115//115 1368//1368 1364//1364
f 120//120 1367//1367 118//118
f 117//117 1367//1367 120//120
f 121//121 1369//1369 119//119
f 116//116 1369//1369 121//121
f 122//122 1370//1370 118//118
f 120//120 1370//1370 122//122
f 123//123 1371//1371 121//121
f 116//116 1371//1371 123//123
f 122//122 1372//1372 124//124
f 125//125 1373//1373 123//123
f 116//116 1373//1373 125//125
f 124//124 1374//1374 126//126
f 118//118 1374//1374 124//124
f 116//116 127//127 128//128
f 127//127 1375//1375 125//125
f 116//116 1375//1375 127//127
f 129//129 1377//1377 130//130
f 118//118 1377//1377 129//129
f 130//130 1377//1377 1376//1376
f 126//126 1378//1378 129//129
f 118//118 1378//1378 126//126
f 131//131 1379//1379 128//128
f 132//132 1379//1379 131//131
f 128//128 1379//1379 132//132
f 131//131 1381//1381 1380//1380
f 133//133 1382//1382 134//134
f 130//130 1382//1382 133//133
f 134//134 1382//1382 130//130
f 129//129 1383//1383 133//133
f 135//135 1384//1384 132//132
f 136//136 1384//1384 135//135
f 132//132 1384//1384 136//136
f 135//135 1385//1385 131//131
f 137//137 1386//1386 138//138
f 134//134 1386//1386 137//137
f 138//138 1386//1386 134//134
f 133//133 1387//1387 137//137
f 139//139 1388//1388 136//136
f 140//140 1388//1388 139//139
f 136//136 1388//1388 140//140
f 139//139 1389//1389 135//135
f 1396//1396 1390//1390 138//138
f 137//137 1390//1390 1396//1396
f 1396//1396 1392//1392 141//141
f 141//141 1392//1392 1391//1391
f 142//142 1393//1393 140//140
f 143//143 1393//1393 142//142
f 140//140 1393//1393 143//143
f 142//142 1394//1394 139//139
f 144//144 1396//1396 1395//1395
f 145//145 1397//1397 144//144
f 146//146 1397//1397 145//145
f 141//141 1398//1398 1395//1395
f 145//145 1398//1398 141//141
f 147//147 1400//1400 143//143
f 148//148 1400//1400 147//147
f 143//143 1400//1400 1399//1399
f 147//147 1401//1401 142//142
f 146//146 149//149 1397//1397
f 150//150 1402//1402 147//147
f 148//148 1402//1402 150//150
f 146//146 151//151 149//149
f 152//152 1403//1403 150//150
f 148//148 1403//1403 152//152
f 146//146 153//153 151//151
f 159//159 1404//1404 1407//1407
f 154//154 1404//1404 1406//1406
f 159//159 1407//1407 1414//1414
f 161//161 1405//1405 1409//1409
f 156//156 1405//1405 1408//1408
f 161//161 1409//1409 1410//1410
f 162//162 155//155 154//154
f 154//154 155//155 1404//1404
f 162//162 1411//1411 155//155
f 164//164 157//157 156//156
f 156//156 157//157 1405//1405
f 164//164 1412//1412 157//157
f 159//159 1414//1414 1413//1413
f 166//166 1414//1414 1422//1422
f 167//167 1414//1414 1415//1415
f 1424//1424 1417//1417 1416//1416
f 168//168 1410//1410 1417//1417
f 161//161 1410//1410 1418//1418
f 169//169 1411//1411 1419//1419
f 163//163 1411//1411 169//169
f 163//163 169//169 1420//1420
f 170//170 1412//1412 1421//1421
f 165//165 1412//1412 170//170
f 165//165 170//170 2785//2785
f 166//166 1422//1422 171//171
f 167//167 1423//1423 1422//1422
f 172//172 1423//1423 167//167
f 168//168 1417//1417 1425//1425
f 175//175 1426//1426 1427//1427
f 1420//1420 1426//1426 176//176
f 177//177 1428//1428 1429//1429
f 177//177 1430//1430 1428//1428
f 2785//2785 1430//1430 178//178
f 171//171 1423//1423 1431//1431
f 172//172 1432//1432 1423//1423
f 180//180 1432//1432 172//172
f 181//181 1435//1435 1433//1433
f 173//173 1435//1435 1434//1434
f 174//174 1435//1435 1424//1424
f 183//183 1436//1436 152//152
f 148//148 1436//1436 183//183
f 175//175 184//184 1426//1426
f 177//177 185//185 1430//1430
f 179//179 1432//1432 187//187
f 180//180 1439//1439 1432//1432
f 188//188 1439//1439 180//180
f 189//189 1440//1440 1441//1441
f 189//189 1433//1433 1440//1440
f 181//181 1433//1433 1442//1442
f 190//190 1443//1443 1437//1437
f 192//192 186//186 1438//1438
f 188//188 1444//1444 1439//1439
f 195//195 1444//1444 188//188
f 197//197 1446//1446 1445//1445
f 196//196 1441//1441 1446//1446
f 146//146 198//198 153//153
f 190//190 1447//1447 1443//1443
f 199//199 1448//1448 1447//1447
f 201//201 193//193 192//192
f 192//192 193//193 186//186
f 201//201 203//203 1449//1449
f 201//201 1449//1449 193//193
f 195//195 1450//1450 204//204
f 194//194 1451//1451 204//204
f 195//195 1451//1451 1444//1444
f 196//196 1446//1446 206//206
f 201//201 208//208 203//203
f 206//206 1453//1453 210//210
f 197//197 1453//1453 206//206
f 204//204 1454//1454 211//211
f 205//205 1454//1454 1450//1450
f 205//205 1455//1455 1454//1454
f 212//212 1455//1455 205//205
f 213//213 1456//1456 207//207
f 207//207 1456//1456 1448//1448
f 209//209 1452//1452 214//214
f 209//209 214//214 2765//2765
f 211//211 1457//1457 215//215
f 212//212 1457//1457 1455//1455
f 212//212 1458//1458 1457//1457
f 216//216 1458//1458 212//212
f 210//210 1460//1460 1459//1459
f 197//197 1460//1460 1453//1453
f 218//218 1456//1456 1461//1461
f 219//219 1462//1462 1463//1463
f 219//219 1464//1464 1462//1462
f 2765//2765 1464//1464 220//220
f 215//215 1465//1465 221//221
f 216//216 1465//1465 1458//1458
f 216//216 1466//1466 1465//1465
f 222//222 1466//1466 216//216
f 217//217 1460//1460 223//223
f 224//224 1467//1467 183//183
f 148//148 1467//1467 224//224
f 218//218 1468//1468 1456//1456
f 219//219 226//226 1464//1464
f 221//221 1470//1470 228//228
f 222//222 1470//1470 1466//1466
f 222//222 1471//1471 1470//1470
f 229//229 1471//1471 222//222
f 223//223 1472//1472 230//230
f 197//197 1472//1472 1460//1460
f 146//146 231//231 198//198
f 232//232 1474//1474 225//225
f 200//200 1474//1474 1473//1473
f 225//225 1474//1474 1468//1468
f 233//233 1475//1475 227//227
f 226//226 227//227 1469//1469
f 235//235 1477//1477 1476//1476
f 228//228 1477//1477 235//235
f 229//229 1477//1477 1471//1471
f 237//237 1480//1480 1479//1479
f 230//230 1480//1480 1478//1478
f 197//197 1480//1480 1472//1472
f 238//238 1483//1483 1482//1482
f 200//200 1483//1483 1481//1481
f 232//232 1483//1483 1473//1473
f 239//239 1475//1475 1484//1484
f 234//234 1475//1475 239//239
f 240//240 1476//1476 1486//1486
f 235//235 1476//1476 1485//1485
f 241//241 1486//1486 236//236
f 242//242 1489//1489 1488//1488
f 237//237 1489//1489 1487//1487
f 197//197 1489//1489 1479//1479
f 243//243 1492//1492 1491//1491
f 200//200 1492//1492 1490//1490
f 238//238 1492//1492 1481//1481
f 244//244 1493//1493 1494//1494
f 234//234 1493//1493 245//245
f 246//246 1486//1486 1496//1496
f 240//240 1486//1486 1495//1495
f 247//247 1496//1496 241//241
f 248//248 1499//1499 1498//1498
f 242//242 1499//1499 1497//1497
f 197//197 1499//1499 1488//1488
f 148//148 1501//1501 1500//1500
f 249//249 1501//1501 1502//1502
f 250//250 1505//1505 1504//1504
f 200//200 1505//1505 1503//1503
f 243//243 1505//1505 1490//1490
f 245//245 1506//1506 252//252
f 244//244 251//251 1493//1493
f 246//246 1496//1496 253//253
f 247//247 1507//1507 253//253
f 254//254 1507//1507 247//247
f 255//255 1510//1510 1509//1509
f 248//248 1510//1510 1508//1508
f 197//197 1510//1510 1498//1498
f 231//231 1511//1511 256//256
f 146//146 1511//1511 231//231
f 146//146 1512//1512 1511//1511
f 200//200 1512//1512 146//146
f 257//257 1515//1515 1514//1514
f 200//200 1515//1515 1513//1513
f 250//250 1515//1515 1503//1503
f 251//251 1516//1516 1506//1506
f 253//253 1517//1517 259//259
f 254//254 1517//1517 1507//1507
f 260//260 1520//1520 1519//1519
f 255//255 1520//1520 1518//1518
f 197//197 1520//1520 1509//1509
f 261//261 1521//1521 1523//1523
f 259//259 1521//1521 1522//1522
f 261//261 1523//1523 254//254
f 254//254 1523//1523 1517//1517
f 252//252 1524//1524 263//263
f 258//258 1524//1524 1516//1516
f 258//258 1525//1525 1524//1524
f 264//264 1525//1525 258//258
f 262//262 1526//1526 265//265
f 1530//1530 1526//1526 1527//1527
f 261//261 1526//1526 1521//1521
f 264//264 1528//1528 1525//1525
f 268//268 1529//1529 1530//1530
f 265//265 1529//1529 269//269
f 267//267 1531//1531 1528//1528
f 1535//1535 1531//1531 270//270
f 270//270 1531//1531 1532//1532
f 268//268 1533//1533 1529//1529
f 271//271 1534//1534 1533//1533
f 269//269 1534//1534 272//272
f 273//273 1535//1535 1536//1536
f 274//274 1536//1536 270//270
f 275//275 1537//1537 1538//1538
f 272//272 1537//1537 276//276
f 271//271 1538//1538 1534//1534
f 277//277 1536//1536 1541//1541
f 273//273 1536//1536 1539//1539
f 278//278 1541//1541 1540//1540
f 279//279 1542//1542 1543//1543
f 276//276 1542//1542 280//280
f 275//275 1543//1543 1537//1537
f 2736//2736 1541//1541 1545//1545
f 281//281 1545//1545 1544//1544
f 279//279 1546//1546 1542//1542
f 282//282 1547//1547 1546//1546
f 280//280 1547//1547 283//283
f 284//284 1545//1545 1549//1549
f 2736//2736 1545//1545 1548//1548
f 285//285 1549//1549 281//281
f 282//282 1550//1550 1547//1547
f 2648//2648 1551//1551 1550//1550
f 283//283 1551//1551 1552//1552
f 287//287 1549//1549 1554//1554
f 288//288 1554//1554 1553//1553
f 289//289 1555//1555 1551//1551
f 286//286 1555//1555 290//290
f 291//291 1554//1554 1556//1556
f 292//292 1556//1556 288//288
f 200//200 1557//1557 1512//1512
f 293//293 1557//1557 1558//1558
f 257//257 1557//1557 1513//1513
f 293//293 1559//1559 1557//1557
f 256//256 1559//1559 294//294
f 296//296 1560//1560 295//295
f 293//293 1561//1561 1560//1560
f 295//295 1561//1561 1562//1562
f 297//297 1561//1561 1563//1563
f 293//293 1564//1564 1561//1561
f 298//298 1564//1564 299//299
f 293//293 1567//1567 1564//1564
f 300//300 1567//1567 1565//1565
f 299//299 1567//1567 1566//1566
f 293//293 1570//1570 1565//1565
f 301//301 1570//1570 1568//1568
f 300//300 1570//1570 1569//1569
f 293//293 1573//1573 1568//1568
f 302//302 1573//1573 1571//1571
f 301//301 1573//1573 1572//1572
f 293//293 1576//1576 1571//1571
f 303//303 1576//1576 1574//1574
f 302//302 1576//1576 1575//1575
f 293//293 1579//1579 1574//1574
f 304//304 1579//1579 1577//1577
f 303//303 1579//1579 1578//1578
f 293//293 1581//1581 1577//1577
f 257//257 1581//1581 1558//1558
f 304//304 1581//1581 1580//1580
f 305//305 1582//1582 1583//1583
f 293//293 1582//1582 1559//1559
f 305//305 1584//1584 1582//1582
f 294//294 1584//1584 306//306
f 305//305 1585//1585 1584//1584
f 307//307 1585//1585 305//305
f 306//306 1585//1585 307//307
f 308//308 1586//1586 305//305
f 307//307 1586//1586 308//308
f 308//308 1587//1587 309//309
f 305//305 1588//1588 309//309
f 309//309 1588//1588 310//310
f 312//312 1589//1589 311//311
f 13//13 1590//1590 1589//1589
f 311//311 1590//1590 313//313
f 13//13 1591//1591 1590//1590
f 313//313 1591//1591 314//314
f 13//13 1592//1592 1591//1591
f 314//314 1592//1592 315//315
f 13//13 1593//1593 1592//1592
f 315//315 1593//1593 316//316
f 317//317 1519//1519 1594//1594
f 317//317 1595//1595 1596//1596
f 316//316 1595//1595 249//249
f 319//319 1597//1597 318//318
f 317//317 320//320 1597//1597
f 317//317 1596//1596 1598//1598
f 13//13 1596//1596 1593//1593
f 317//317 1594//1594 1595//1595
f 249//249 1594//1594 1501//1501
f 317//317 1601//1601 1519//1519
f 321//321 1601//1601 1599//1599
f 260//260 1601//1601 1600//1600
f 317//317 1604//1604 1599//1599
f 322//322 1604//1604 1602//1602
f 321//321 1604//1604 1603//1603
f 317//317 1607//1607 1602//1602
f 323//323 1607//1607 1605//1605
f 322//322 1607//1607 1606//1606
f 317//317 1610//1610 1605//1605
f 324//324 1610//1610 1608//1608
f 323//323 1610//1610 1609//1609
f 317//317 1613//1613 1608//1608
f 325//325 1613//1613 1611//1611
f 324//324 1613//1613 1612//1612
f 317//317 1616//1616 1611//1611
f 326//326 1616//1616 1614//1614
f 325//325 1616//1616 1615//1615
f 326//326 1614//1614 327//327
f 317//317 1597//1597 1614//1614
f 327//327 1597//1597 1617//1617
f 289//289 1618//1618 1555//1555
f 1624//1624 328//328 1618//1618
f 329//329 1556//1556 1619//1619
f 330//330 1619//1619 292//292
f 331//331 1560//1560 1622//1622
f 293//293 1560//1560 1620//1620
f 332//332 1622//1622 1621//1621
f 317//317 333//333 320//320
f 1630//1630 334//334 1624//1624
f 336//336 1626//1626 1625//1625
f 335//335 1619//1619 1626//1626
f 337//337 1622//1622 1628//1628
f 331//331 1622//1622 1627//1627
f 338//338 1628//1628 332//332
f 1639//1639 339//339 1629//1629
f 333//333 1629//1629 1623//1623
f 340//340 1631//1631 1630//1630
f 343//343 1632//1632 336//336
f 342//342 1626//1626 1632//1632
f 344//344 1634//1634 1633//1633
f 310//310 1634//1634 344//344
f 305//305 1634//1634 310//310
f 345//345 1635//1635 344//344
f 310//310 1635//1635 345//345
f 11//11 1636//1636 312//312
f 13//13 1636//1636 1244//1244
f 312//312 1636//1636 13//13
f 11//11 1637//1637 346//346
f 346//346 1637//1637 312//312
f 347//347 1628//1628 1638//1638
f 348//348 1638//1638 338//338
f 349//349 350//350 1639//1639
f 341//341 1640//1640 351//351
f 340//340 1640//1640 1631//1631
f 2724//2724 1632//1632 1641//1641
f 352//352 1641//1641 343//343
f 353//353 1638//1638 1642//1642
f 354//354 1642//1642 348//348
f 349//349 355//355 350//350
f 356//356 357//357 1644//1644
f 1650//1650 1645//1645 352//352
f 358//358 1641//1641 1645//1645
f 359//359 1642//1642 1646//1646
f 353//353 1642//1642 1647//1647
f 1652//1652 360//360 1648//1648
f 355//355 1648//1648 1643//1643
f 356//356 361//361 357//357
f 2719//2719 1650//1650 1651//1651
f 2719//2719 1645//1645 1650//1650
f 363//363 364//364 1652//1652
f 365//365 1653//1653 1654//1654
f 365//365 1646//1646 1653//1653
f 367//367 1654//1654 366//366
f 365//365 1654//1654 367//367
f 361//361 1655//1655 1649//1649
f 367//367 366//366 1655//1655
f 368//368 1656//1656 363//363
f 363//363 1656//1656 364//364
f 368//368 362//362 1656//1656
f 368//368 1651//1651 362//362
f 2719//2719 1651//1651 368//368
f 369//369 1657//1657 345//345
f 1663//1663 1657//1657 369//369
f 345//345 1657//1657 1663//1663
f 9//9 1660//1660 370//370
f 346//346 1660//1660 1659//1659
f 370//370 1660//1660 346//346
f 9//9 1661//1661 1659//1659
f 371//371 1663//1663 1662//1662
f 7//7 1665//1665 372//372
f 370//370 1665//1665 1664//1664
f 372//372 1665//1665 370//370
f 7//7 1666//1666 1664//1664
f 373//373 1667//1667 371//371
f 1663//1663 1667//1667 373//373
f 374//374 1668//1668 373//373
f 1663//1663 1668//1668 374//374
f 5//5 1669//1669 375//375
f 372//372 1669//1669 5//5
f 375//375 1669//1669 372//372
f 376//376 1672//1672 1671//1671
f 374//374 1672//1672 376//376
f 377//377 1673//1673 376//376
f 374//374 1673//1673 377//377
f 1//1 1674//1674 375//375
f 5//5 1674//1674 1//1
f 377//377 378//378 379//379
f 379//379 1675//1675 380//380
f 378//378 1676//1676 1675//1675
f 380//380 1676//1676 381//381
f 378//378 1677//1677 1676//1676
f 381//381 1677//1677 382//382
f 378//378 1678//1678 1677//1677
f 382//382 1678//1678 383//383
f 378//378 1680//1680 1679//1679
f 377//377 1680//1680 378//378
f 385//385 1681//1681 384//384
f 2//2 1682//1682 1681//1681
f 384//384 1682//1682 386//386
f 2//2 1683//1683 1682//1682
f 386//386 1683//1683 387//387
f 2//2 1684//1684 1683//1683
f 387//387 1684//1684 388//388
f 2//2 1685//1685 1684//1684
f 388//388 1685//1685 389//389
f 2//2 1686//1686 1685//1685
f 389//389 1686//1686 1687//1687
f 2//2 1688//1688 1686//1686
f 390//390 1689//1689 1690//1690
f 383//383 1689//1689 385//385
f 390//390 1690//1690 1691//1691
f 378//378 1690//1690 1678//1678
f 390//390 1692//1692 1689//1689
f 15//15 1693//1693 1692//1692
f 2//2 1693//1693 1247//1247
f 385//385 1693//1693 1681//1681
f 390//390 1694//1694 1692//1692
f 392//392 1697//1697 1696//1696
f 391//391 1697//1697 1695//1695
f 390//390 1697//1697 1694//1694
f 393//393 1699//1699 391//391
f 15//15 1699//1699 1698//1698
f 391//391 1699//1699 1694//1694
f 394//394 1702//1702 1701//1701
f 392//392 1702//1702 1700//1700
f 390//390 1702//1702 1696//1696
f 395//395 1705//1705 1704//1704
f 15//15 1705//1705 1703//1703
f 393//393 1705//1705 1698//1698
f 396//396 1708//1708 1707//1707
f 394//394 1708//1708 1706//1706
f 390//390 1708//1708 1701//1701
f 397//397 1711//1711 1710//1710
f 15//15 1711//1711 1709//1709
f 395//395 1711//1711 1703//1703
f 398//398 1714//1714 1713//1713
f 396//396 1714//1714 1712//1712
f 390//390 1714//1714 1707//1707
f 399//399 1717//1717 1716//1716
f 15//15 1717//1717 1715//1715
f 397//397 1717//1717 1709//1709
f 400//400 1720//1720 1719//1719
f 398//398 1720//1720 1718//1718
f 390//390 1720//1720 1713//1713
f 401//401 1723//1723 1722//1722
f 15//15 1723//1723 1721//1721
f 399//399 1723//1723 1715//1715
f 400//400 1725//1725 1724//1724
f 390//390 1725//1725 1719//1719
f 404//404 1725//1725 1727//1727
f 402//402 1725//1725 1726//1726
f 403//403 405//405 1721//1721
f 404//404 1727//1727 406//406
f 15//15 1728//1728 407//407
f 408//408 1727//1727 1732//1732
f 406//406 1727//1727 1729//1729
f 15//15 1730//1730 410//410
f 409//409 1730//1730 1731//1731
f 408//408 1732//1732 411//411
f 411//411 1732//1732 1733//1733
f 410//410 1734//1734 414//414
f 409//409 413//413 1730//1730
f 415//415 1733//1733 1735//1735
f 411//411 1733//1733 415//415
f 413//413 1736//1736 1734//1734
f 416//416 1737//1737 1736//1736
f 418//418 1738//1738 1739//1739
f 418//418 1735//1735 1738//1738
f 415//415 1735//1735 1740//1740
f 420//420 1737//1737 1741//1741
f 417//417 1737//1737 420//420
f 417//417 420//420 1742//1742
f 421//421 1739//1739 1743//1743
f 418//418 1739//1739 1744//1744
f 423//423 1745//1745 1746//1746
f 1742//1742 1745//1745 424//424
f 1750//1750 1747//1747 422//422
f 425//425 1743//1743 1747//1747
f 421//421 1743//1743 1748//1748
f 423//423 426//426 1745//1745
f 424//424 1749//1749 427//427
f 425//425 1747//1747 1751//1751
f 426//426 1752//1752 1749//1749
f 428//428 1754//1754 1753//1753
f 429//429 1754//1754 1750//1750
f 431//431 1756//1756 1755//1755
f 429//429 1756//1756 1754//1754
f 427//427 1757//1757 434//434
f 430//430 1757//1757 1752//1752
f 430//430 435//435 1757//1757
f 433//433 1758//1758 436//436
f 432//432 1758//1758 1756//1756
f 439//439 1760//1760 1761//1761
f 436//436 1760//1760 440//440
f 438//438 1762//1762 1759//1759
f 441//441 1762//1762 442//442
f 442//442 1762//1762 1763//1763
f 443//443 1764//1764 1765//1765
f 440//440 1764//1764 444//444
f 443//443 1765//1765 439//439
f 439//439 1765//1765 1760//1760
f 446//446 1766//1766 442//442
f 445//445 1767//1767 1766//1766
f 441//441 1767//1767 445//445
f 447//447 1768//1768 443//443
f 443//443 1768//1768 1764//1764
f 447//447 1769//1769 1768//1768
f 444//444 1769//1769 448//448
f 449//449 1766//1766 1771//1771
f 450//450 1771//1771 1770//1770
f 451//451 1772//1772 1773//1773
f 448//448 1772//1772 452//452
f 451//451 1773//1773 447//447
f 447//447 1773//1773 1769//1769
f 453//453 1771//1771 1775//1775
f 454//454 1775//1775 1774//1774
f 455//455 1775//1775 1777//1777
f 453//453 1775//1775 1776//1776
f 456//456 1777//1777 454//454
f 457//457 1778//1778 1779//1779
f 452//452 1778//1778 458//458
f 457//457 1779//1779 451//451
f 451//451 1779//1779 1772//1772
f 2526//2526 1777//1777 1781//1781
f 459//459 1781//1781 1780//1780
f 460//460 1782//1782 1784//1784
f 458//458 1782//1782 1783//1783
f 460//460 1784//1784 457//457
f 457//457 1784//1784 1778//1778
f 462//462 1781//1781 1785//1785
f 463//463 1785//1785 459//459
f 464//464 1786//1786 1782//1782
f 461//461 1786//1786 1787//1787
f 466//466 1785//1785 1789//1789
f 462//462 1785//1785 1788//1788
f 467//467 1789//1789 463//463
f 468//468 1790//1790 1786//1786
f 465//465 1790//1790 1791//1791
f 2520//2520 1789//1789 1793//1793
f 470//470 1793//1793 1792//1792
f 469//469 1794//1794 472//472
f 468//468 1794//1794 1790//1790
f 473//473 1793//1793 1795//1795
f 474//474 1795//1795 470//470
f 475//475 1796//1796 471//471
f 471//471 1796//1796 1794//1794
f 475//475 476//476 1796//1796
f 477//477 1795//1795 1797//1797
f 478//478 1797//1797 474//474
f 479//479 1798//1798 475//475
f 475//475 1798//1798 476//476
f 479//479 480//480 1798//1798
f 481//481 1797//1797 1799//1799
f 1802//1802 1799//1799 478//478
f 482//482 1800//1800 479//479
f 479//479 1800//1800 480//480
f 482//482 483//483 1800//1800
f 484//484 1799//1799 1802//1802
f 481//481 1799//1799 1801//1801
f 486//486 1803//1803 482//482
f 482//482 1803//1803 483//483
f 486//486 487//487 1803//1803
f 488//488 1804//1804 486//486
f 486//486 1804//1804 487//487
f 488//488 489//489 1804//1804
f 2509//2509 484//484 1805//1805
f 2509//2509 1806//1806 488//488
f 488//488 1806//1806 489//489
f 2509//2509 1805//1805 1806//1806
f 317//317 1808//1808 1807//1807
f 13//13 1808//1808 1598//1598
f 490//490 1807//1807 1809//1809
f 493//493 1811//1811 1810//1810
f 494//494 1812//1812 1813//1813
f 491//491 1812//1812 1811//1811
f 496//496 1811//1811 1815//1815
f 491//491 1811//1811 1814//1814
f 497//497 1815//1815 493//493
f 498//498 1817//1817 1816//1816
f 495//495 1817//1817 498//498
f 494//494 1817//1817 1812//1812
f 499//499 1815//1815 1819//1819
f 496//496 1815//1815 1818//1818
f 500//500 1819//1819 497//497
f 495//495 1820//1820 502//502
f 501//501 1820//1820 1821//1821
f 499//499 1819//1819 503//503
f 500//500 1822//1822 503//503
f 504//504 1822//1822 500//500
f 505//505 1823//1823 1824//1824
f 501//501 1823//1823 1820//1820
f 505//505 1825//1825 1823//1823
f 502//502 1825//1825 506//506
f 503//503 1827//1827 1826//1826
f 504//504 1827//1827 1822//1822
f 508//508 1827//1827 504//504
f 509//509 1828//1828 505//505
f 505//505 1828//1828 1825//1825
f 509//509 1829//1829 1828//1828
f 506//506 1829//1829 1830//1830
f 507//507 1832//1832 1831//1831
f 508//508 1832//1832 1827//1827
f 512//512 1832//1832 508//508
f 513//513 1829//1829 1833//1833
f 510//510 1829//1829 513//513
f 511//511 1835//1835 1834//1834
f 512//512 1835//1835 1832//1832
f 515//515 1835//1835 512//512
f 516//516 1836//1836 1837//1837
f 510//510 1836//1836 517//517
f 514//514 1839//1839 1838//1838
f 515//515 1839//1839 1835//1835
f 519//519 1839//1839 515//515
f 520//520 1840//1840 1841//1841
f 516//516 1840//1840 1836//1836
f 520//520 1842//1842 1840//1840
f 517//517 1842//1842 521//521
f 518//518 1843//1843 522//522
f 519//519 1843//1843 1839//1839
f 519//519 1844//1844 1843//1843
f 523//523 1844//1844 519//519
f 524//524 1845//1845 1846//1846
f 520//520 1845//1845 1842//1842
f 524//524 1847//1847 1845//1845
f 521//521 1847//1847 525//525
f 522//522 1848//1848 526//526
f 523//523 1848//1848 1844//1844
f 527//527 1849//1849 526//526
f 528//528 1849//1849 527//527
f 523//523 1850//1850 1848//1848
f 527//527 1850//1850 523//523
f 529//529 1851//1851 1852//1852
f 525//525 1851//1851 530//530
f 529//529 1852//1852 1853//1853
f 524//524 1852//1852 1847//1847
f 526//526 1855//1855 1854//1854
f 528//528 1855//1855 1849//1849
f 532//532 1855//1855 528//528
f 533//533 1856//1856 1857//1857
f 529//529 1856//1856 1851//1851
f 533//533 1858//1858 1856//1856
f 530//530 1858//1858 534//534
f 531//531 1860//1860 1859//1859
f 532//532 1860//1860 1855//1855
f 536//536 1860//1860 532//532
f 537//537 1861//1861 1862//1862
f 533//533 1861//1861 1858//1858
f 537//537 1863//1863 1861//1861
f 534//534 1863//1863 1864//1864
f 535//535 1866//1866 1865//1865
f 536//536 1866//1866 1860//1860
f 540//540 1866//1866 536//536
f 541//541 1863//1863 1867//1867
f 538//538 1863//1863 541//541
f 538//538 541//541 1868//1868
f 540//540 1870//1870 542//542
f 543//543 1870//1870 1869//1869
f 539//539 1871//1871 542//542
f 540//540 1871//1871 1866//1866
f 3066//3066 1872//1872 1873//1873
f 1868//1868 1872//1872 544//544
f 546//546 1874//1874 543//543
f 545//545 1876//1876 1874//1874
f 542//542 1876//1876 1875//1875
f 543//543 1876//1876 1870//1870
f 547//547 1877//1877 3066//3066
f 3066//3066 1877//1877 1872//1872
f 547//547 1878//1878 1877//1877
f 544//544 1878//1878 548//548
f 549//549 1874//1874 1880//1880
f 545//545 1874//1874 1879//1879
f 550//550 1881//1881 1882//1882
f 547//547 1881//1881 1878//1878
f 551//551 1884//1884 1883//1883
f 548//548 1884//1884 551//551
f 550//550 1884//1884 1881//1881
f 549//549 1885//1885 554//554
f 553//553 1885//1885 1886//1886
f 546//546 1885//1885 1880//1880
f 555//555 1887//1887 1889//1889
f 554//554 1887//1887 1888//1888
f 555//555 1889//1889 553//553
f 553//553 1889//1889 1885//1885
f 558//558 1890//1890 552//552
f 557//557 1883//1883 1890//1890
f 551//551 1883//1883 1891//1891
f 559//559 1887//1887 1892//1892
f 559//559 1893//1893 1887//1887
f 556//556 1893//1893 1894//1894
f 561//561 1890//1890 1897//1897
f 557//557 1890//1890 1895//1895
f 562//562 1897//1897 1896//1896
f 560//560 1898//1898 2977//2977
f 563//563 1898//1898 1899//1899
f 559//559 1898//1898 1893//1893
f 84//84 1897//1897 1902//1902
f 561//561 1897//1897 1900//1900
f 564//564 1902//1902 1901//1901
f 565//565 1903//1903 1905//1905
f 2977//2977 1903//1903 1904//1904
f 565//565 1905//1905 563//563
f 563//563 1905//1905 1898//1898
f 566//566 1902//1902 1908//1908
f 84//84 1902//1902 1906//1906
f 567//567 1908//1908 1907//1907
f 568//568 1908//1908 1910//1910
f 569//569 1910//1910 1909//1909
f 570//570 1911//1911 1912//1912
f 565//565 1911//1911 1903//1903
f 574//574 1913//1913 573//573
f 572//572 1913//1913 1915//1915
f 575//575 1913//1913 1914//1914
f 572//572 1918//1918 1917//1917
f 575//575 1918//1918 1915//1915
f 576//576 1918//1918 1916//1916
f 572//572 1921//1921 1920//1920
f 576//576 1921//1921 1917//1917
f 577//577 1921//1921 1919//1919
f 572//572 1924//1924 1923//1923
f 577//577 1924//1924 1920//1920
f 578//578 1924//1924 1922//1922
f 572//572 1927//1927 1926//1926
f 578//578 1927//1927 1923//1923
f 579//579 1927//1927 1925//1925
f 572//572 1930//1930 1929//1929
f 579//579 1930//1930 1926//1926
f 580//580 1930//1930 1928//1928
f 572//572 1933//1933 1932//1932
f 580//580 1933//1933 1929//1929
f 581//581 1933//1933 1931//1931
f 582//582 1935//1935 1934//1934
f 572//572 1910//1910 1935//1935
f 568//568 1910//1910 1936//1936
f 572//572 1935//1935 1913//1913
f 583//583 1940//1940 1939//1939
f 581//581 1940//1940 1937//1937
f 584//584 1940//1940 1938//1938
f 583//583 1941//1941 570//570
f 570//570 1941//1941 1911//1911
f 583//583 1944//1944 1943//1943
f 584//584 1944//1944 1939//1939
f 585//585 1944//1944 1942//1942
f 583//583 1947//1947 1946//1946
f 585//585 1947//1947 1943//1943
f 586//586 1947//1947 1945//1945
f 583//583 1950//1950 1949//1949
f 586//586 1950//1950 1946//1946
f 587//587 1950//1950 1948//1948
f 583//583 1953//1953 1952//1952
f 587//587 1953//1953 1949//1949
f 588//588 1953//1953 1951//1951
f 583//583 1932//1932 1937//1937
f 583//583 1952//1952 1955//1955
f 589//589 1955//1955 1954//1954
f 583//583 1955//1955 1957//1957
f 590//590 1955//1955 1956//1956
f 583//583 1957//1957 1958//1958
f 1958//1958 1957//1957 590//590
f 583//583 1958//1958 1941//1941
f 572//572 1959//1959 591//591
f 583//583 1959//1959 1932//1932
f 592//592 1960//1960 1961//1961
f 583//583 1960//1960 1959//1959
f 593//593 1964//1964 594//594
f 592//592 1964//1964 1962//1962
f 594//594 1964//1964 1963//1963
f 595//595 1967//1967 597//597
f 596//596 1967//1967 1965//1965
f 597//597 1967//1967 1966//1966
f 595//595 1969//1969 1965//1965
f 593//593 1969//1969 1968//1968
f 596//596 1969//1969 593//593
f 595//595 1962//1962 1968//1968
f 598//598 1970//1970 1971//1971
f 595//595 1970//1970 1962//1962
f 600//600 1973//1973 1972//1972
f 591//591 1973//1973 600//600
f 601//601 1972//1972 1974//1974
f 600//600 1972//1972 1975//1975
f 599//599 1978//1978 1974//1974
f 602//602 1978//1978 1976//1976
f 601//601 1978//1978 1977//1977
f 599//599 1980//1980 1976//1976
f 603//603 1980//1980 1979//1979
f 602//602 1980//1980 603//603
f 599//599 1982//1982 1979//1979
f 604//604 1982//1982 1981//1981
f 603//603 1982//1982 604//604
f 592//592 1973//1973 1960//1960
f 607//607 1983//1983 606//606
f 610//610 1984//1984 609//609
f 611//611 1985//1985 1986//1986
f 606//606 1985//1985 612//612
f 611//611 1986//1986 1987//1987
f 605//605 1986//1986 1983//1983
f 613//613 1988//1988 1990//1990
f 609//609 1988//1988 1989//1989
f 613//613 1990//1990 1991//1991
f 608//608 1990//1990 1984//1984
f 615//615 1983//1983 1993//1993
f 605//605 1983//1983 1992//1992
f 616//616 1993//1993 607//607
f 617//617 1984//1984 1995//1995
f 608//608 1984//1984 1994//1994
f 618//618 1995//1995 610//610
f 612//612 619//619 1996//1996
f 619//619 1998//1998 1997//1997
f 612//612 1998//1998 619//619
f 611//611 1998//1998 1985//1985
f 614//614 621//621 1999//1999
f 621//621 1988//1988 2000//2000
f 614//614 1988//1988 621//621
f 624//624 2001//2001 616//616
f 623//623 1993//1993 2001//2001
f 615//615 1993//1993 2002//2002
f 626//626 2003//2003 618//618
f 625//625 1995//1995 2003//2003
f 617//617 1995//1995 2004//2004
f 627//627 2005//2005 2006//2006
f 620//620 2005//2005 628//628
f 629//629 2007//2007 2008//2008
f 622//622 2007//2007 630//630
f 632//632 631//631 624//624
f 623//623 2001//2001 2009//2009
f 634//634 633//633 626//626
f 625//625 2003//2003 2010//2010
f 635//635 2011//2011 2012//2012
f 628//628 2011//2011 636//636
f 635//635 2012//2012 2013//2013
f 627//627 2012//2012 2005//2005
f 637//637 2014//2014 2015//2015
f 629//629 2014//2014 2007//2007
f 637//637 2016//2016 2014//2014
f 630//630 2016//2016 638//638
f 631//631 2018//2018 2017//2017
f 632//632 2018//2018 631//631
f 647//647 2018//2018 632//632
f 641//641 2019//2019 634//634
f 640//640 2021//2021 2019//2019
f 633//633 2021//2021 2020//2020
f 634//634 2021//2021 633//633
f 642//642 2022//2022 635//635
f 635//635 2022//2022 2011//2011
f 642//642 2023//2023 2022//2022
f 636//636 2023//2023 2024//2024
f 644//644 2025//2025 637//637
f 637//637 2025//2025 2016//2016
f 644//644 2026//2026 2025//2025
f 638//638 2026//2026 2027//2027
f 639//639 2029//2029 2028//2028
f 647//647 2029//2029 2018//2018
f 648//648 2019//2019 2031//2031
f 640//640 2019//2019 2030//2030
f 649//649 2031//2031 641//641
f 650//650 2023//2023 2032//2032
f 643//643 2023//2023 650//650
f 643//643 650//650 651//651
f 652//652 2026//2026 2033//2033
f 645//645 2026//2026 652//652
f 646//646 2035//2035 2034//2034
f 647//647 2035//2035 2029//2029
f 655//655 2035//2035 647//647
f 656//656 2031//2031 2037//2037
f 648//648 2031//2031 2036//2036
f 658//658 2038//2038 657//657
f 656//656 2037//2037 2038//2038
f 657//657 2037//2037 649//649
f 659//659 2039//2039 2040//2040
f 659//659 2041//2041 2039//2039
f 651//651 2041//2041 660//660
f 661//661 2042//2042 2043//2043
f 654//654 2045//2045 2044//2044
f 655//655 2045//2045 2035//2035
f 663//663 2038//2038 2047//2047
f 656//656 2038//2038 2046//2046
f 664//664 2047//2047 658//658
f 665//665 2048//2048 2049//2049
f 659//659 2048//2048 2041//2041
f 665//665 2050//2050 2048//2048
f 660//660 2050//2050 666//666
f 667//667 2042//2042 2051//2051
f 655//655 2052//2052 2045//2045
f 669//669 2047//2047 2054//2054
f 663//663 2047//2047 2053//2053
f 670//670 2054//2054 664//664
f 671//671 2055//2055 2056//2056
f 666//666 2055//2055 672//672
f 671//671 2056//2056 2057//2057
f 665//665 2056//2056 2050//2050
f 673//673 2058//2058 2059//2059
f 667//667 2058//2058 2042//2042
f 668//668 2061//2061 2060//2060
f 655//655 2061//2061 2052//2052
f 675//675 674//674 670//670
f 669//669 2054//2054 2062//2062
f 676//676 2063//2063 2064//2064
f 671//671 2063//2063 2055//2055
f 676//676 2065//2065 2063//2063
f 672//672 2065//2065 677//677
f 678//678 2058//2058 2066//2066
f 2060//2060 2061//2061 2067//2067
f 681//681 2068//2068 675//675
f 680//680 2070//2070 2068//2068
f 674//674 2070//2070 2069//2069
f 675//675 2070//2070 674//674
f 682//682 2071//2071 2072//2072
f 677//677 2071//2071 683//683
f 682//682 2072//2072 2073//2073
f 676//676 2072//2072 2065//2065
f 684//684 2074//2074 2075//2075
f 678//678 2074//2074 2058//2058
f 685//685 2078//2078 2077//2077
f 679//679 2078//2078 2076//2076
f 655//655 2078//2078 2061//2061
f 687//687 2079//2079 681//681
f 686//686 2068//2068 2079//2079
f 680//680 2068//2068 2080//2080
f 688//688 2081//2081 2082//2082
f 682//682 2081//2081 2071//2071
f 688//688 2083//2083 2081//2081
f 683//683 2083//2083 689//689
f 690//690 2086//2086 2085//2085
f 653//653 2086//2086 2084//2084
f 684//684 2086//2086 2074//2074
f 691//691 2089//2089 2088//2088
f 685//685 2089//2089 2087//2087
f 655//655 2089//2089 2077//2077
f 693//693 2090//2090 687//687
f 692//692 2079//2079 2090//2090
f 686//686 2079//2079 2091//2091
f 689//689 694//694 2092//2092
f 694//694 2094//2094 2093//2093
f 689//689 2094//2094 694//694
f 688//688 2094//2094 2083//2083
f 696//696 2097//2097 2096//2096
f 653//653 2097//2097 2095//2095
f 690//690 2097//2097 2084//2084
f 697//697 2100//2100 2099//2099
f 691//691 2100//2100 2098//2098
f 655//655 2100//2100 2088//2088
f 699//699 698//698 693//693
f 692//692 2090//2090 2101//2101
f 695//695 2102//2102 700//700
f 3237//3237 2102//2102 2103//2103
f 701//701 2106//2106 2105//2105
f 653//653 2106//2106 2104//2104
f 696//696 2106//2106 2095//2095
f 702//702 2109//2109 2108//2108
f 697//697 2109//2109 2107//2107
f 655//655 2109//2109 2099//2099
f 704//704 2110//2110 699//699
f 703//703 2112//2112 2110//2110
f 698//698 2112//2112 2111//2111
f 699//699 2112//2112 698//698
f 705//705 2113//2113 3237//3237
f 3237//3237 2113//2113 2102//2102
f 705//705 2114//2114 2113//2113
f 700//700 2114//2114 706//706
f 707//707 2117//2117 2116//2116
f 653//653 2117//2117 2115//2115
f 701//701 2117//2117 2104//2104
f 708//708 2120//2120 2119//2119
f 702//702 2120//2120 2118//2118
f 655//655 2120//2120 2108//2108
f 709//709 2110//2110 2122//2122
f 703//703 2110//2110 2121//2121
f 710//710 2123//2123 2124//2124
f 705//705 2123//2123 2114//2114
f 711//711 2127//2127 2126//2126
f 653//653 2127//2127 2125//2125
f 707//707 2127//2127 2115//2115
f 2133//2133 2129//2129 2128//2128
f 712//712 2130//2130 2129//2129
f 710//710 2130//2130 2123//2123
f 709//709 2131//2131 714//714
f 713//713 2131//2131 2132//2132
f 704//704 2131//2131 2122//2122
f 716//716 2134//2134 2133//2133
f 715//715 2129//2129 2134//2134
f 717//717 2135//2135 713//713
f 713//713 2135//2135 2131//2131
f 717//717 2136//2136 2135//2135
f 714//714 2136//2136 2137//2137
f 720//720 2139//2139 2138//2138
f 719//719 2134//2134 2139//2139
f 718//718 2141//2141 2140//2140
f 717//717 2141//2141 2136//2136
f 724//724 2143//2143 2142//2142
f 723//723 2139//2139 2143//2143
f 719//719 2139//2139 2144//2144
f 722//722 2145//2145 3317//3317
f 725//725 2145//2145 2146//2146
f 721//721 2145//2145 2141//2141
f 726//726 2143//2143 2149//2149
f 723//723 2143//2143 2147//2147
f 727//727 2149//2149 2148//2148
f 728//728 2150//2150 2152//2152
f 3317//3317 2150//2150 2151//2151
f 728//728 2152//2152 725//725
f 725//725 2152//2152 2145//2145
f 730//730 2154//2154 2153//2153
f 729//729 2149//2149 2154//2154
f 2151//2151 2156//2156 2155//2155
f 731//731 2156//2156 2157//2157
f 728//728 2156//2156 2150//2150
f 734//734 2159//2159 2158//2158
f 733//733 2154//2154 2159//2159
f 729//729 2154//2154 2160//2160
f 732//732 2162//2162 2161//2161
f 731//731 2162//2162 2156//2156
f 736//736 2159//2159 2163//2163
f 738//738 2164//2164 2161//2161
f 2161//2161 2164//2164 2165//2165
f 738//738 2161//2161 2166//2166
f 735//735 2161//2161 2162//2162
f 740//740 2163//2163 2168//2168
f 736//736 2163//2163 2167//2167
f 741//741 2168//2168 737//737
f 739//739 2170//2170 2169//2169
f 738//738 2170//2170 2164//2164
f 744//744 2119//2119 2172//2172
f 599//599 2172//2172 2171//2171
f 745//745 2174//2174 2173//2173
f 744//744 2174//2174 2176//2176
f 746//746 2174//2174 2175//2175
f 2177//2177 2176//2176 746//746
f 744//744 2176//2176 2178//2178
f 747//747 2176//2176 2177//2177
f 744//744 2181//2181 2180//2180
f 747//747 2181//2181 2178//2178
f 748//748 2181//2181 2179//2179
f 744//744 2184//2184 2183//2183
f 748//748 2184//2184 2180//2180
f 749//749 2184//2184 2182//2182
f 744//744 2187//2187 2186//2186
f 749//749 2187//2187 2183//2183
f 750//750 2187//2187 2185//2185
f 744//744 2190//2190 2189//2189
f 750//750 2190//2190 2186//2186
f 751//751 2190//2190 2188//2188
f 744//744 2193//2193 2192//2192
f 751//751 2193//2193 2189//2189
f 752//752 2193//2193 2191//2191
f 744//744 2195//2195 2119//2119
f 752//752 2195//2195 2192//2192
f 708//708 2195//2195 2194//2194
f 14//14 1970//1970 2196//2196
f 490//490 2125//2125 2197//2197
f 754//754 2199//2199 2198//2198
f 490//490 2199//2199 2201//2201
f 755//755 2199//2199 2200//2200
f 490//490 2202//2202 2125//2125
f 653//653 2202//2202 598//598
f 490//490 2196//2196 2202//2202
f 14//14 2196//2196 1809//1809
f 490//490 2205//2205 2204//2204
f 711//711 2205//2205 2197//2197
f 756//756 2205//2205 2203//2203
f 490//490 2208//2208 2207//2207
f 756//756 2208//2208 2204//2204
f 757//757 2208//2208 2206//2206
f 490//490 2211//2211 2210//2210
f 757//757 2211//2211 2207//2207
f 758//758 2211//2211 2209//2209
f 490//490 2214//2214 2213//2213
f 758//758 2214//2214 2210//2210
f 759//759 2214//2214 2212//2212
f 490//490 2217//2217 2216//2216
f 759//759 2217//2217 2213//2213
f 760//760 2217//2217 2215//2215
f 760//760 2219//2219 2216//2216
f 761//761 2219//2219 2218//2218
f 490//490 2219//2219 2221//2221
f 762//762 2219//2219 2220//2220
f 490//490 2221//2221 2199//2199
f 753//753 2221//2221 2222//2222
f 763//763 2172//2172 2224//2224
f 744//744 2172//2172 2223//2223
f 764//764 2168//2168 2227//2227
f 740//740 2168//2168 2225//2225
f 765//765 2227//2227 2226//2226
f 743//743 2229//2229 2228//2228
f 766//766 2229//2229 2230//2230
f 742//742 2229//2229 2170//2170
f 744//744 2173//2173 2174//2174
f 767//767 2231//2231 2173//2173
f 2173//2173 2231//2231 2232//2232
f 770//770 2234//2234 2233//2233
f 769//769 2201//2201 2234//2234
f 490//490 2201//2201 769//769
f 772//772 2236//2236 2235//2235
f 771//771 2227//2227 2236//2236
f 764//764 2227//2227 2237//2237
f 773//773 2228//2228 766//766
f 766//766 2228//2228 2229//2229
f 773//773 2238//2238 2228//2228
f 2228//2228 2238//2238 2239//2239
f 775//775 2234//2234 2242//2242
f 769//769 2234//2234 2240//2240
f 776//776 2242//2242 2241//2241
f 768//768 2244//2244 2243//2243
f 777//777 2244//2244 2245//2245
f 767//767 2244//2244 2231//2231
f 780//780 2247//2247 2246//2246
f 779//779 2236//2236 2247//2247
f 781//781 2248//2248 2238//2238
f 774//774 2248//2248 2249//2249
f 2260//2260 2250//2250 777//777
f 777//777 2250//2250 2244//2244
f 778//778 2250//2250 2251//2251
f 784//784 2253//2253 2252//2252
f 349//349 2242//2242 2253//2253
f 775//775 2242//2242 2254//2254
f 786//786 2255//2255 780//780
f 785//785 2247//2247 2255//2255
f 779//779 2247//2247 2256//2256
f 787//787 2248//2248 2257//2257
f 787//787 2258//2258 2248//2248
f 782//782 2258//2258 2259//2259
f 789//789 2261//2261 2260//2260
f 783//783 2261//2261 790//790
f 791//791 2253//2253 2264//2264
f 349//349 2253//2253 2262//2262
f 792//792 2264//2264 2263//2263
f 793//793 2255//2255 2266//2266
f 794//794 2266//2266 2265//2265
f 795//795 2267//2267 2258//2258
f 788//788 2267//2267 2268//2268
f 797//797 2269//2269 789//789
f 789//789 2269//2269 2261//2261
f 797//797 2270//2270 2269//2269
f 790//790 2270//2270 2271//2271
f 799//799 2264//2264 2274//2274
f 791//791 2264//2264 2272//2272
f 800//800 2274//2274 2273//2273
f 801//801 2266//2266 2277//2277
f 793//793 2266//2266 2275//2275
f 802//802 2277//2277 2276//2276
f 803//803 2278//2278 2267//2267
f 796//796 2278//2278 2279//2279
f 805//805 2280//2280 2270//2270
f 798//798 2280//2280 2281//2281
f 807//807 2274//2274 2284//2284
f 799//799 2274//2274 2282//2282
f 808//808 2284//2284 2283//2283
f 809//809 2277//2277 2286//2286
f 801//801 2277//2277 2285//2285
f 809//809 2286//2286 2280//2280
f 806//806 2286//2286 2287//2287
f 810//810 2284//2284 2289//2289
f 807//807 2284//2284 2288//2288
f 810//810 2289//2289 2278//2278
f 804//804 2289//2289 2290//2290
f 811//811 2293//2293 2292//2292
f 812//812 2293//2293 2291//2291
f 763//763 2293//2293 812//812
f 10//10 2295//2295 1241//1241
f 14//14 2295//2295 2294//2294
f 8//8 2297//2297 1238//1238
f 14//14 2297//2297 2296//2296
f 10//10 2297//2297 2294//2294
f 4//4 2299//2299 1233//1233
f 8//8 2299//2299 2298//2298
f 4//4 2296//2296 2298//2298
f 813//813 2292//2292 2224//2224
f 592//592 2300//2300 1973//1973
f 813//813 2303//2303 2292//2292
f 814//814 2303//2303 2301//2301
f 811//811 2303//2303 2302//2302
f 813//813 2306//2306 2301//2301
f 815//815 2306//2306 2304//2304
f 814//814 2306//2306 2305//2305
f 813//813 2308//2308 2304//2304
f 816//816 2308//2308 2307//2307
f 815//815 2308//2308 816//816
f 813//813 2300//2300 2309//2309
f 14//14 2300//2300 1970//1970
f 813//813 2224//2224 2300//2300
f 3//3 2309//2309 1232//1232
f 4//4 2309//2309 2296//2296
f 813//813 2309//2309 3//3
f 813//813 2311//2311 2310//2310
f 16//16 2311//2311 1249//1249
f 16//16 2312//2312 2311//2311
f 819//819 2315//2315 2314//2314
f 817//817 2315//2315 2313//2313
f 818//818 2315//2315 2312//2312
f 820//820 2318//2318 2317//2317
f 818//818 2318//2318 2316//2316
f 16//16 2318//2318 2312//2312
f 821//821 2321//2321 2320//2320
f 817//817 2321//2321 2319//2319
f 819//819 2321//2321 2313//2313
f 822//822 2324//2324 2323//2323
f 820//820 2324//2324 2322//2322
f 16//16 2324//2324 2317//2317
f 823//823 2327//2327 2326//2326
f 817//817 2327//2327 2325//2325
f 821//821 2327//2327 2319//2319
f 824//824 2330//2330 2329//2329
f 822//822 2330//2330 2328//2328
f 16//16 2330//2330 2323//2323
f 825//825 2333//2333 2332//2332
f 817//817 2333//2333 2331//2331
f 823//823 2333//2333 2325//2325
f 826//826 2336//2336 2335//2335
f 824//824 2336//2336 2334//2334
f 16//16 2336//2336 2329//2329
f 827//827 2339//2339 2338//2338
f 817//817 2339//2339 2337//2337
f 825//825 2339//2339 2331//2331
f 828//828 2341//2341 2346//2346
f 826//826 2341//2341 2340//2340
f 16//16 2341//2341 2335//2335
f 829//829 2344//2344 2343//2343
f 817//817 2344//2344 2342//2342
f 827//827 2344//2344 2337//2337
f 828//828 2346//2346 2345//2345
f 831//831 2347//2347 2348//2348
f 829//829 2347//2347 2342//2342
f 832//832 2346//2346 2351//2351
f 830//830 2346//2346 2349//2349
f 833//833 2347//2347 2350//2350
f 832//832 2351//2351 834//834
f 835//835 2352//2352 2353//2353
f 833//833 2352//2352 2347//2347
f 834//834 2351//2351 836//836
f 16//16 2354//2354 836//836
f 838//838 2352//2352 2355//2355
f 838//838 2356//2356 2352//2352
f 817//817 2356//2356 839//839
f 841//841 2357//2357 837//837
f 840//840 2359//2359 2357//2357
f 836//836 2359//2359 2358//2358
f 837//837 2359//2359 2354//2354
f 842//842 2360//2360 2361//2361
f 839//839 2360//2360 843//843
f 842//842 2361//2361 2362//2362
f 838//838 2361//2361 2356//2356
f 844//844 2357//2357 2364//2364
f 840//840 2357//2357 2363//2363
f 2546//2546 2364//2364 841//841
f 845//845 2365//2365 2366//2366
f 843//843 2365//2365 846//846
f 845//845 2366//2366 2367//2367
f 842//842 2366//2366 2360//2360
f 847//847 2364//2364 2369//2369
f 844//844 2364//2364 2368//2368
f 848//848 2369//2369 2546//2546
f 846//846 849//849 2370//2370
f 849//849 2372//2372 2371//2371
f 846//846 2372//2372 849//849
f 845//845 2372//2372 2365//2365
f 847//847 2369//2369 851//851
f 848//848 2373//2373 851//851
f 852//852 2373//2373 848//848
f 850//850 2374//2374 853//853
f 3819//3819 2374//2374 2375//2375
f 851//851 2377//2377 2376//2376
f 852//852 2377//2377 2373//2373
f 855//855 2377//2377 852//852
f 856//856 2378//2378 2379//2379
f 853//853 2378//2378 857//857
f 856//856 2379//2379 3819//3819
f 3819//3819 2379//2379 2374//2374
f 854//854 2381//2381 2380//2380
f 855//855 2381//2381 2377//2377
f 859//859 2382//2382 2383//2383
f 856//856 2382//2382 2378//2378
f 2390//2390 2385//2385 2384//2384
f 860//860 2386//2386 2385//2385
f 857//857 2386//2386 860//860
f 859//859 2386//2386 2382//2382
f 858//858 2388//2388 2387//2387
f 861//861 2388//2388 2389//2389
f 855//855 2388//2388 2381//2381
f 864//864 2391//2391 2390//2390
f 863//863 2385//2385 2391//2391
f 860//860 2385//2385 2392//2392
f 862//862 2394//2394 2393//2393
f 861//861 2394//2394 2388//2388
f 866//866 2396//2396 2395//2395
f 865//865 2396//2396 2394//2394
f 869//869 2398//2398 2397//2397
f 868//868 2391//2391 2398//2398
f 863//863 2391//2391 2399//2399
f 871//871 2401//2401 2400//2400
f 870//870 2398//2398 2401//2401
f 868//868 2398//2398 2402//2402
f 867//867 2403//2403 3726//3726
f 872//872 2403//2403 2404//2404
f 2404//2404 2403//2403 2396//2396
f 874//874 2406//2406 2405//2405
f 873//873 2401//2401 2406//2406
f 875//875 2407//2407 2409//2409
f 3726//3726 2407//2407 2408//2408
f 875//875 2409//2409 872//872
f 872//872 2409//2409 2403//2403
f 876//876 2406//2406 2411//2411
f 877//877 2411//2411 2410//2410
f 2408//2408 2413//2413 2412//2412
f 875//875 2413//2413 2407//2407
f 880//880 2411//2411 2415//2415
f 881//881 2415//2415 2414//2414
f 879//879 2417//2417 2416//2416
f 878//878 2417//2417 2413//2413
f 883//883 2418//2418 2416//2416
f 2416//2416 2418//2418 2419//2419
f 883//883 2416//2416 2420//2420
f 882//882 2416//2416 2417//2417
f 886//886 2422//2422 2421//2421
f 885//885 2415//2415 2422//2422
f 884//884 2424//2424 2423//2423
f 883//883 2424//2424 2418//2418
f 889//889 2422//2422 2425//2425
f 890//890 2425//2425 886//886
f 891//891 2425//2425 2427//2427
f 892//892 2427//2427 2426//2426
f 893//893 2428//2428 887//887
f 887//887 2428//2428 2424//2424
f 888//888 2428//2428 2429//2429
f 895//895 2431//2431 2430//2430
f 894//894 2427//2427 2431//2431
f 896//896 2432//2432 2429//2429
f 2429//2429 2432//2432 2433//2433
f 896//896 2429//2429 2434//2434
f 893//893 2429//2429 2428//2428
f 897//897 2436//2436 2435//2435
f 896//896 2436//2436 2432//2432
f 901//901 2438//2438 2437//2437
f 900//900 2431//2431 2438//2438
f 894//894 2431//2431 2439//2439
f 899//899 2441//2441 2440//2440
f 902//902 2441//2441 2442//2442
f 898//898 2441//2441 2436//2436
f 905//905 2444//2444 2443//2443
f 904//904 2438//2438 2444//2444
f 903//903 2446//2446 2445//2445
f 902//902 2446//2446 2441//2441
f 909//909 2448//2448 2447//2447
f 908//908 2444//2444 2448//2448
f 911//911 2450//2450 2449//2449
f 910//910 2448//2448 2450//2450
f 907//907 2452//2452 2451//2451
f 906//906 2452//2452 2446//2446
f 913//913 2454//2454 2453//2453
f 912//912 2454//2454 2452//2452
f 915//915 2456//2456 2455//2455
f 916//916 2450//2450 2456//2456
f 914//914 2456//2456 2454//2454
f 390//390 2457//2457 2458//2458
f 412//412 2459//2459 839//839
f 390//390 2459//2459 412//412
f 839//839 2459//2459 2458//2458
f 412//412 2460//2460 843//843
f 1738//1738 2462//2462 2461//2461
f 412//412 2462//2462 1738//1738
f 1738//1738 2463//2463 846//846
f 843//843 2463//2463 2461//2461
f 1738//1738 2464//2464 419//419
f 419//419 2465//2465 850//850
f 846//846 2465//2465 419//419
f 850//850 2465//2465 2370//2370
f 419//419 2466//2466 422//422
f 422//422 2467//2467 853//853
f 850//850 2467//2467 2466//2466
f 1750//1750 2469//2469 2468//2468
f 1750//1750 2468//2468 2470//2470
f 429//429 2471//2471 857//857
f 1750//1750 2471//2471 429//429
f 857//857 2471//2471 2470//2470
f 429//429 2472//2472 860//860
f 429//429 2473//2473 432//432
f 432//432 2474//2474 863//863
f 860//860 2474//2474 432//432
f 863//863 2474//2474 2392//2392
f 1761//1761 2475//2475 863//863
f 432//432 2475//2475 1761//1761
f 1761//1761 2476//2476 868//868
f 868//868 2476//2476 2399//2399
f 439//439 2477//2477 868//868
f 1761//1761 2477//2477 439//439
f 439//439 2478//2478 870//870
f 870//870 2478//2478 2402//2402
f 443//443 2479//2479 873//873
f 870//870 2479//2479 443//443
f 873//873 2479//2479 870//870
f 447//447 2481//2481 876//876
f 873//873 2481//2481 447//447
f 876//876 2481//2481 873//873
f 451//451 2483//2483 880//880
f 876//876 2483//2483 451//451
f 880//880 2483//2483 876//876
f 457//457 2485//2485 885//885
f 880//880 2485//2485 457//457
f 885//885 2485//2485 880//880
f 460//460 2487//2487 889//889
f 885//885 2487//2487 460//460
f 889//889 2487//2487 885//885
f 464//464 2489//2489 891//891
f 889//889 2489//2489 464//464
f 891//891 2489//2489 889//889
f 460//460 2490//2490 464//464
f 468//468 2491//2491 894//894
f 891//891 2491//2491 468//468
f 894//894 2491//2491 891//891
f 464//464 2492//2492 468//468
f 471//471 2493//2493 894//894
f 468//468 2493//2493 471//471
f 475//475 2494//2494 904//904
f 900//900 2494//2494 475//475
f 904//904 2494//2494 900//900
f 894//894 2496//2496 2495//2495
f 900//900 2496//2496 2439//2439
f 475//475 2497//2497 2495//2495
f 479//479 2498//2498 908//908
f 904//904 2498//2498 479//479
f 908//908 2498//2498 904//904
f 482//482 2500//2500 910//910
f 908//908 2500//2500 482//482
f 910//910 2500//2500 908//908
f 486//486 2502//2502 916//916
f 910//910 2502//2502 486//486
f 916//916 2502//2502 910//910
f 488//488 2504//2504 914//914
f 916//916 2504//2504 488//488
f 914//914 2504//2504 916//916
f 2509//2509 2506//2506 912//912
f 914//914 2506//2506 2509//2509
f 912//912 2506//2506 914//914
f 484//484 2509//2509 2508//2508
f 481//481 2510//2510 902//902
f 906//906 2510//2510 481//481
f 902//902 2510//2510 906//906
f 912//912 2511//2511 481//481
f 906//906 2511//2511 912//912
f 484//484 2512//2512 1801//1801
f 912//912 2512//2512 2508//2508
f 477//477 2513//2513 902//902
f 481//481 2513//2513 477//477
f 473//473 2515//2515 2514//2514
f 477//477 2515//2515 473//473
f 473//473 2516//2516 896//896
f 898//898 2516//2516 473//473
f 896//896 2516//2516 898//898
f 902//902 2517//2517 2514//2514
f 898//898 2517//2517 2442//2442
f 473//473 2518//2518 2520//2520
f 2520//2520 2519//2519 893//893
f 896//896 2519//2519 2518//2518
f 893//893 2519//2519 2434//2434
f 462//462 2521//2521 883//883
f 887//887 2521//2521 462//462
f 883//883 2521//2521 887//887
f 893//893 2522//2522 462//462
f 466//466 2523//2523 1788//1788
f 893//893 2523//2523 466//466
f 462//462 2524//2524 2526//2526
f 2526//2526 2525//2525 882//882
f 883//883 2525//2525 2524//2524
f 882//882 2525//2525 2420//2420
f 453//453 2527//2527 875//875
f 878//878 2527//2527 453//453
f 875//875 2527//2527 878//878
f 882//882 2528//2528 453//453
f 878//878 2528//2528 882//882
f 455//455 2529//2529 1776//1776
f 882//882 2529//2529 455//455
f 449//449 2530//2530 872//872
f 875//875 2530//2530 449//449
f 453//453 2531//2531 449//449
f 445//445 2533//2533 2532//2532
f 449//449 2533//2533 445//445
f 441//441 2534//2534 865//865
f 865//865 2534//2534 2404//2404
f 441//441 2535//2535 2534//2534
f 872//872 2535//2535 441//441
f 872//872 2536//2536 2532//2532
f 437//437 2537//2537 861//861
f 865//865 2537//2537 437//437
f 861//861 2537//2537 865//865
f 441//441 2538//2538 437//437
f 434//434 2539//2539 861//861
f 437//437 2539//2539 434//434
f 427//427 2540//2540 855//855
f 861//861 2540//2540 427//427
f 855//855 2540//2540 2389//2389
f 424//424 2543//2543 2542//2542
f 852//852 2543//2543 424//424
f 424//424 2544//2544 855//855
f 1742//1742 2545//2545 2546//2546
f 1742//1742 2547//2547 2545//2545
f 848//848 2547//2547 2542//2542
f 417//417 1742//1742 2548//2548
f 414//414 2549//2549 841//841
f 417//417 2549//2549 414//414
f 841//841 2549//2549 417//417
f 410//410 2551//2551 2550//2550
f 837//837 2551//2551 410//410
f 16//16 2551//2551 837//837
f 841//841 2553//2553 2552//2552
f 410//410 2554//2554 2552//2552
f 16//16 1250//1250 2550//2550
f 305//305 2555//2555 812//812
f 763//763 2555//2555 2575//2575
f 344//344 2558//2558 2557//2557
f 812//812 2558//2558 2556//2556
f 811//811 2558//2558 2291//2291
f 344//344 2559//2559 2556//2556
f 305//305 2559//2559 1633//1633
f 344//344 2560//2560 369//369
f 811//811 2560//2560 2557//2557
f 811//811 2562//2562 2561//2561
f 814//814 2562//2562 2302//2302
f 371//371 2563//2563 2561//2561
f 369//369 2563//2563 1662//1662
f 811//811 2563//2563 2560//2560
f 814//814 2565//2565 2564//2564
f 815//815 2565//2565 2305//2305
f 373//373 2566//2566 2564//2564
f 814//814 2566//2566 2562//2562
f 376//376 2568//2568 816//816
f 815//815 2568//2568 2567//2567
f 376//376 2569//2569 2567//2567
f 373//373 2569//2569 1671//1671
f 815//815 2569//2569 2565//2565
f 816//816 2571//2571 2570//2570
f 813//813 2571//2571 2307//2307
f 378//378 2572//2572 2570//2570
f 376//376 2572//2572 1679//1679
f 390//390 2574//2574 2573//2573
f 378//378 2574//2574 1691//1691
f 813//813 2574//2574 2571//2571
f 817//817 2457//2457 2310//2310
f 813//813 2457//2457 2573//2573
f 293//293 2575//2575 1583//1583
f 763//763 2576//2576 2223//2223
f 293//293 2576//2576 2575//2575
f 200//200 2577//2577 191//191
f 191//191 2580//2580 2579//2579
f 647//647 2580//2580 2578//2578
f 191//191 2581//2581 2578//2578
f 655//655 2581//2581 2577//2577
f 191//191 2583//2583 2582//2582
f 647//647 2583//2583 2579//2579
f 191//191 2584//2584 632//632
f 647//647 2584//2584 2582//2582
f 176//176 2586//2586 2585//2585
f 191//191 2586//2586 176//176
f 176//176 2588//2588 2587//2587
f 632//632 2588//2588 2585//2585
f 624//624 1420//1420 2587//2587
f 1420//1420 2589//2589 616//616
f 624//624 2589//2589 1420//1420
f 163//163 2591//2591 2590//2590
f 155//155 2592//2592 607//607
f 163//163 2592//2592 155//155
f 607//607 2592//2592 163//163
f 155//155 2593//2593 606//606
f 1407//1407 2595//2595 2594//2594
f 155//155 2595//2595 1407//1407
f 1407//1407 2596//2596 612//612
f 606//606 2596//2596 2594//2594
f 1407//1407 2597//2597 160//160
f 160//160 2598//2598 620//620
f 612//612 2598//2598 160//160
f 620//620 2598//2598 1996//1996
f 160//160 2599//2599 1415//1415
f 167//167 2600//2600 628//628
f 620//620 2600//2600 2599//2599
f 172//172 2602//2602 636//636
f 628//628 2602//2602 172//172
f 180//180 2604//2604 643//643
f 636//636 2604//2604 180//180
f 643//643 2604//2604 2024//2024
f 188//188 2605//2605 2607//2607
f 188//188 2607//2607 2606//2606
f 651//651 188//188 2606//2606
f 195//195 2608//2608 660//660
f 651//651 2608//2608 188//188
f 205//205 2610//2610 2609//2609
f 195//195 2610//2610 205//205
f 205//205 2611//2611 666//666
f 660//660 2611//2611 2609//2609
f 212//212 2613//2613 672//672
f 666//666 2613//2613 212//212
f 216//216 2615//2615 677//677
f 672//672 2615//2615 216//216
f 222//222 2617//2617 683//683
f 677//677 2617//2617 222//222
f 229//229 2619//2619 689//689
f 683//683 2619//2619 229//229
f 236//236 2621//2621 2620//2620
f 229//229 2621//2621 236//236
f 241//241 2622//2622 700//700
f 695//695 2622//2622 241//241
f 689//689 2624//2624 2623//2623
f 695//695 2624//2624 2092//2092
f 241//241 2625//2625 2623//2623
f 689//689 2625//2625 2620//2620
f 247//247 2627//2627 2626//2626
f 254//254 2628//2628 712//712
f 706//706 2628//2628 254//254
f 712//712 2628//2628 706//706
f 700//700 2630//2630 2629//2629
f 254//254 2626//2626 2629//2629
f 261//261 2631//2631 715//715
f 712//712 2631//2631 261//261
f 715//715 2631//2631 712//712
f 1530//1530 2633//2633 719//719
f 715//715 2633//2633 1530//1530
f 719//719 2633//2633 715//715
f 261//261 2634//2634 1527//1527
f 268//268 2635//2635 719//719
f 1530//1530 2635//2635 268//268
f 268//268 2636//2636 271//271
f 271//271 2637//2637 723//723
f 719//719 2637//2637 271//271
f 723//723 2637//2637 2144//2144
f 275//275 2638//2638 723//723
f 271//271 2638//2638 275//275
f 275//275 2639//2639 729//729
f 726//726 2639//2639 275//275
f 729//729 2639//2639 726//726
f 726//726 2640//2640 2147//2147
f 279//279 2641//2641 729//729
f 275//275 2641//2641 279//279
f 282//282 2643//2643 2642//2642
f 279//279 2643//2643 282//282
f 282//282 2644//2644 736//736
f 733//733 2644//2644 282//282
f 736//736 2644//2644 733//733
f 729//729 2645//2645 2642//2642
f 733//733 2645//2645 2160//2160
f 2648//2648 2646//2646 736//736
f 282//282 2646//2646 2648//2648
f 2648//2648 2647//2647 740//740
f 740//740 2647//2647 2167//2167
f 1624//1624 2649//2649 740//740
f 289//289 2649//2649 1624//1624
f 740//740 2649//2649 289//289
f 1624//1624 2650//2650 764//764
f 764//764 2650//2650 2225//2225
f 1630//1630 2651//2651 764//764
f 1624//1624 2651//2651 1630//1630
f 1630//1630 2652//2652 779//779
f 779//779 2652//2652 771//771
f 1630//1630 2653//2653 771//771
f 771//771 2653//2653 2237//2237
f 340//340 2654//2654 779//779
f 1630//1630 2654//2654 340//340
f 1644//1644 2656//2656 2655//2655
f 340//340 2656//2656 1644//1644
f 1644//1644 2657//2657 793//793
f 793//793 2657//2657 785//785
f 1644//1644 2658//2658 785//785
f 779//779 2658//2658 2655//2655
f 785//785 2658//2658 2256//2256
f 356//356 2659//2659 793//793
f 1644//1644 2659//2659 356//356
f 361//361 2661//2661 2660//2660
f 356//356 2661//2661 361//361
f 361//361 2662//2662 801//801
f 793//793 2662//2662 2660//2660
f 801//801 2662//2662 2275//2275
f 367//367 2663//2663 801//801
f 361//361 2663//2663 367//367
f 367//367 2664//2664 809//809
f 809//809 2664//2664 2285//2285
f 365//365 2665//2665 797//797
f 805//805 2665//2665 365//365
f 797//797 2665//2665 805//805
f 809//809 2666//2666 365//365
f 805//805 2666//2666 809//809
f 359//359 2668//2668 797//797
f 365//365 2668//2668 359//359
f 353//353 2669//2669 2260//2260
f 789//789 2669//2669 353//353
f 2260//2260 2669//2669 789//789
f 797//797 2670//2670 353//353
f 359//359 2671//2671 1647//1647
f 347//347 2672//2672 777//777
f 2260//2260 2672//2672 347//347
f 353//353 2673//2673 347//347
f 347//347 2674//2674 337//337
f 331//331 2676//2676 2675//2675
f 767//767 2676//2676 331//331
f 744//744 2676//2676 767//767
f 777//777 2677//2677 331//331
f 767//767 2677//2677 2245//2245
f 337//337 2678//2678 1627//1627
f 777//777 2678//2678 337//337
f 293//293 2679//2679 2576//2576
f 331//331 2679//2679 1620//1620
f 744//744 2679//2679 2675//2675
f 655//655 2681//2681 2171//2171
f 200//200 2681//2681 2577//2577
f 599//599 2681//2681 2680//2680
f 130//130 2683//2683 591//591
f 118//118 2683//2683 1376//1376
f 591//591 2683//2683 2682//2682
f 130//130 2684//2684 600//600
f 600//600 2686//2686 2685//2685
f 601//601 2686//2686 1975//1975
f 134//134 2687//2687 2685//2685
f 601//601 2689//2689 2688//2688
f 602//602 2689//2689 1977//1977
f 138//138 2690//2690 2688//2688
f 601//601 2690//2690 2686//2686
f 602//602 603//603 2691//2691
f 141//141 2692//2692 2691//2691
f 138//138 2692//2692 1391//1391
f 602//602 2692//2692 2689//2689
f 145//145 2693//2693 604//604
f 603//603 2693//2693 145//145
f 603//603 2694//2694 603//603
f 146//146 2696//2696 2680//2680
f 604//604 2696//2696 2695//2695
f 599//599 2696//2696 1981//1981
f 146//146 2697//2697 2695//2695
f 95//95 2699//2699 1366//1366
f 591//591 2699//2699 2698//2698
f 118//118 2699//2699 2682//2682
f 95//95 2700//2700 2698//2698
f 333//333 2702//2702 2701//2701
f 317//317 2702//2702 333//333
f 490//490 2702//2702 1807//1807
f 333//333 2703//2703 769//769
f 490//490 2703//2703 2701//2701
f 1639//1639 2705//2705 2704//2704
f 333//333 2705//2705 1639//1639
f 1639//1639 2706//2706 775//775
f 769//769 2706//2706 2704//2704
f 775//775 2706//2706 2240//2240
f 349//349 2707//2707 775//775
f 1639//1639 2707//2707 349//349
f 349//349 2708//2708 2254//2254
f 355//355 2710//2710 2709//2709
f 349//349 2710//2710 355//355
f 355//355 2711//2711 791//791
f 349//349 2711//2711 2709//2709
f 791//791 2711//2711 2262//2262
f 1652//1652 2712//2712 791//791
f 355//355 2712//2712 1652//1652
f 1652//1652 2713//2713 799//799
f 799//799 2713//2713 2272//2272
f 363//363 2714//2714 799//799
f 1652//1652 2714//2714 363//363
f 363//363 2715//2715 807//807
f 807//807 2715//2715 2282//2282
f 368//368 2716//2716 807//807
f 368//368 2717//2717 810//810
f 810//810 2717//2717 2288//2288
f 2719//2719 2718//2718 803//803
f 810//810 2718//2718 2719//2719
f 803//803 2718//2718 810//810
f 358//358 2720//2720 795//795
f 803//803 2720//2720 358//358
f 795//795 2720//2720 803//803
f 358//358 2721//2721 787//787
f 787//787 2721//2721 795//795
f 2724//2724 2722//2722 787//787
f 358//358 2722//2722 2724//2724
f 2724//2724 2723//2723 781//781
f 781//781 2723//2723 2257//2257
f 342//342 2725//2725 773//773
f 781//781 2725//2725 342//342
f 773//773 2725//2725 781//781
f 335//335 2726//2726 773//773
f 342//342 2726//2726 335//335
f 335//335 2727//2727 766//766
f 335//335 2728//2728 329//329
f 329//329 2729//2729 291//291
f 766//766 2729//2729 329//329
f 291//291 2730//2730 742//742
f 766//766 2730//2730 291//291
f 742//742 2730//2730 2230//2230
f 291//291 2731//2731 738//738
f 738//738 2731//2731 742//742
f 291//291 2732//2732 287//287
f 284//284 2733//2733 735//735
f 738//738 2733//2733 284//284
f 735//735 2733//2733 2166//2166
f 287//287 2734//2734 284//284
f 738//738 2734//2734 2732//2732
f 2736//2736 2735//2735 731//731
f 735//735 2735//2735 2736//2736
f 731//731 2735//2735 735//735
f 728//728 2736//2736 2157//2157
f 284//284 2737//2737 1548//1548
f 277//277 2738//2738 728//728
f 2736//2736 2738//2738 277//277
f 273//273 2739//2739 725//725
f 728//728 2739//2739 273//273
f 273//273 2740//2740 721//721
f 721//721 2740//2740 2146//2146
f 277//277 2741//2741 1539//1539
f 1535//1535 2743//2743 717//717
f 721//721 2743//2743 2742//2742
f 717//717 2743//2743 721//721
f 1535//1535 2744//2744 2742//2742
f 266//266 2745//2745 713//713
f 717//717 2745//2745 266//266
f 1535//1535 2746//2746 266//266
f 263//263 2748//2748 2747//2747
f 266//266 2748//2748 263//263
f 713//713 2749//2749 252//252
f 704//704 2749//2749 2132//2132
f 713//713 2750//2750 2747//2747
f 245//245 2751//2751 699//699
f 704//704 2751//2751 245//245
f 245//245 2753//2753 2752//2752
f 704//704 2754//2754 2749//2749
f 693//693 2755//2755 2752//2752
f 234//234 2757//2757 2756//2756
f 693//693 2757//2757 2755//2755
f 234//234 2758//2758 687//687
f 693//693 2758//2758 2756//2756
f 227//227 2760//2760 2759//2759
f 234//234 2760//2760 227//227
f 227//227 2761//2761 681//681
f 687//687 2761//2761 2759//2759
f 220//220 2763//2763 2762//2762
f 227//227 2763//2763 220//220
f 220//220 2764//2764 675//675
f 681//681 2764//2764 2762//2762
f 675//675 2767//2767 2765//2765
f 2765//2765 2768//2768 664//664
f 670//670 2768//2768 2767//2767
f 209//209 2770//2770 2769//2769
f 202//202 2769//2769 2771//2771
f 209//209 2769//2769 202//202
f 202//202 2772//2772 658//658
f 664//664 2772//2772 2771//2771
f 203//203 2774//2774 2773//2773
f 202//202 2774//2774 203//203
f 203//203 2775//2775 657//657
f 658//658 2775//2775 2773//2773
f 193//193 2777//2777 2776//2776
f 203//203 2777//2777 193//193
f 193//193 2778//2778 649//649
f 657//657 2778//2778 2776//2776
f 193//193 2779//2779 641//641
f 186//186 2781//2781 2780//2780
f 193//193 2781//2781 186//186
f 186//186 2782//2782 634//634
f 641//641 2782//2782 2780//2780
f 178//178 2784//2784 2783//2783
f 186//186 2784//2784 178//178
f 634//634 2786//2786 2783//2783
f 634//634 2787//2787 2785//2785
f 626//626 2788//2788 2787//2787
f 165//165 2789//2789 618//618
f 626//626 2789//2789 165//165
f 157//157 2791//2791 2790//2790
f 165//165 2791//2791 157//157
f 157//157 2792//2792 610//610
f 618//618 2792//2792 2790//2790
f 157//157 2793//2793 609//609
f 158//158 2795//2795 2794//2794
f 157//157 2795//2795 158//158
f 158//158 2796//2796 614//614
f 609//609 2796//2796 2794//2794
f 614//614 2796//2796 1989//1989
f 1424//1424 2798//2798 614//614
f 158//158 2798//2798 1416//1416
f 614//614 2798//2798 2797//2797
f 622//622 2799//2799 1999//1999
f 1424//1424 2800//2800 630//630
f 622//622 2800//2800 2799//2799
f 1424//1424 2801//2801 174//174
f 174//174 2802//2802 638//638
f 630//630 2802//2802 174//174
f 182//182 2804//2804 2803//2803
f 174//174 2804//2804 182//182
f 182//182 2806//2806 2805//2805
f 638//638 2806//2806 2803//2803
f 638//638 2807//2807 2805//2805
f 645//645 2807//2807 2027//2027
f 182//182 2809//2809 2808//2808
f 645//645 2809//2809 2807//2807
f 653//653 2809//2809 645//645
f 182//182 2810//2810 1445//1445
f 653//653 2810//2810 2808//2808
f 105//105 2811//2811 93//93
f 93//93 2812//2812 570//570
f 583//583 2812//2812 2811//2811
f 93//93 2813//2813 89//89
f 89//89 2814//2814 565//565
f 570//570 2814//2814 89//89
f 565//565 2814//2814 1912//1912
f 86//86 2815//2815 565//565
f 89//89 2815//2815 86//86
f 86//86 2816//2816 563//563
f 86//86 2817//2817 82//82
f 82//82 2818//2818 559//559
f 563//563 2818//2818 82//82
f 559//559 2818//2818 1899//1899
f 78//78 2819//2819 559//559
f 82//82 2819//2819 78//78
f 78//78 2820//2820 555//555
f 555//555 2820//2820 1892//1892
f 78//78 555//555 553//553
f 75//75 2822//2822 2821//2821
f 78//78 2822//2822 75//75
f 75//75 2823//2823 546//546
f 553//553 2823//2823 2821//2821
f 546//546 2823//2823 1886//1886
f 66//66 2826//2826 2825//2825
f 75//75 2826//2826 66//66
f 546//546 2826//2826 2824//2824
f 66//66 2827//2827 543//543
f 546//546 2827//2827 2825//2825
f 543//543 2829//2829 62//62
f 540//540 2829//2829 1869//1869
f 62//62 2830//2830 536//536
f 540//540 2830//2830 2829//2829
f 59//59 2832//2832 2831//2831
f 62//62 2832//2832 59//59
f 59//59 2831//2831 2833//2833
f 55//55 2834//2834 532//532
f 59//59 2834//2834 55//55
f 532//532 2834//2834 2833//2833
f 55//55 2835//2835 528//528
f 52//52 2837//2837 2836//2836
f 55//55 2837//2837 52//52
f 52//52 2839//2839 2838//2838
f 528//528 2839//2839 2836//2836
f 52//52 2840//2840 527//527
f 528//528 2840//2840 2838//2838
f 48//48 2842//2842 2841//2841
f 52//52 2842//2842 48//48
f 527//527 2843//2843 2841//2841
f 44//44 2843//2843 2844//2844
f 48//48 2843//2843 44//44
f 44//44 2845//2845 519//519
f 523//523 2845//2845 2844//2844
f 40//40 2846//2846 515//515
f 519//519 2846//2846 40//40
f 36//36 2848//2848 512//512
f 515//515 2848//2848 36//36
f 36//36 2849//2849 508//508
f 32//32 2852//2852 2851//2851
f 36//36 2852//2852 32//32
f 29//29 2853//2853 504//504
f 508//508 2853//2853 29//29
f 29//29 2855//2855 2854//2854
f 508//508 2856//2856 2851//2851
f 25//25 2858//2858 2857//2857
f 500//500 2858//2858 2854//2854
f 22//22 2859//2859 497//497
f 25//25 2859//2859 22//22
f 497//497 2859//2859 25//25
f 18//18 2860//2860 493//493
f 497//497 2860//2860 18//18
f 18//18 2861//2861 492//492
f 492//492 2861//2861 1810//1810
f 492//492 2864//2864 20//20
f 495//495 2864//2864 492//492
f 20//20 2866//2866 2865//2865
f 495//495 2866//2866 2864//2864
f 18//18 2867//2867 1253//1253
f 492//492 2867//2867 2863//2863
f 495//495 2868//2868 2865//2865
f 1260//1260 2869//2869 27//27
f 495//495 2869//2869 2868//2868
f 27//27 2870//2870 502//502
f 495//495 2870//2870 27//27
f 1268//1268 2872//2872 2871//2871
f 27//27 2872//2872 1268//1268
f 1268//1268 2873//2873 506//506
f 502//502 2873//2873 2871//2871
f 34//34 2875//2875 2874//2874
f 1268//1268 2875//2875 34//34
f 506//506 2876//2876 2874//2874
f 510//510 2876//2876 1830//1830
f 34//34 2878//2878 2877//2877
f 510//510 2878//2878 2876//2876
f 510//510 2879//2879 2877//2877
f 510//510 2880//2880 2879//2879
f 42//42 2881//2881 517//517
f 510//510 2881//2881 42//42
f 46//46 2883//2883 521//521
f 517//517 2883//2883 46//46
f 46//46 2884//2884 525//525
f 50//50 2886//2886 2885//2885
f 46//46 2886//2886 50//50
f 50//50 2888//2888 2887//2887
f 525//525 2888//2888 2885//2885
f 50//50 2889//2889 530//530
f 525//525 2889//2889 2887//2887
f 50//50 2890//2890 534//534
f 57//57 2892//2892 2891//2891
f 50//50 2892//2892 57//57
f 57//57 2893//2893 538//538
f 534//534 2893//2893 2891//2891
f 538//538 2893//2893 1864//1864
f 64//64 2896//2896 2895//2895
f 57//57 2896//2896 64//64
f 538//538 2896//2896 2894//2894
f 64//64 2897//2897 1868//1868
f 538//538 2897//2897 2895//2895
f 64//64 2898//2898 544//544
f 1301//1301 2900//2900 2899//2899
f 1301//1301 2899//2899 70//70
f 70//70 2901//2901 548//548
f 544//544 2901//2901 70//70
f 70//70 2902//2902 73//73
f 73//73 2903//2903 551//551
f 548//548 2903//2903 73//73
f 73//73 2904//2904 557//557
f 557//557 2904//2904 1891//1891
f 2907//2907 2905//2905 557//557
f 73//73 2905//2905 2907//2907
f 2907//2907 2906//2906 561//561
f 561//561 2906//2906 1895//1895
f 84//84 2908//2908 561//561
f 80//80 2908//2908 84//84
f 561//561 2908//2908 80//80
f 84//84 2909//2909 1900//1900
f 2914//2914 2911//2911 2910//2910
f 84//84 2911//2911 2914//2914
f 2914//2914 2912//2912 566//566
f 84//84 2912//2912 2910//2910
f 566//566 2912//2912 1906//1906
f 91//91 2914//2914 2913//2913
f 91//91 2915//2915 568//568
f 566//566 2915//2915 2913//2913
f 568//568 2915//2915 566//566
f 95//95 2916//2916 568//568
f 572//572 2700//2700 1936//1936
f 197//197 2918//2918 1500//1500
f 598//598 2918//2918 2917//2917
f 148//148 2918//2918 598//598
f 197//197 2810//2810 2917//2917
f 116//116 2919//2919 1363//1363
f 583//583 2920//2920 1961//1961
f 105//105 2920//2920 2811//2811
f 592//592 2920//2920 2919//2919
f 143//143 2922//2922 2921//2921
f 148//148 2922//2922 1399//1399
f 598//598 2923//2923 2921//2921
f 595//595 2923//2923 1971//1971
f 140//140 2925//2925 597//597
f 595//595 2925//2925 2924//2924
f 140//140 2926//2926 2924//2924
f 595//595 2926//2926 2923//2923
f 597//597 2928//2928 2927//2927
f 596//596 2928//2928 1966//1966
f 136//136 2929//2929 2927//2927
f 596//596 593//593 2930//2930
f 132//132 2931//2931 2930//2930
f 596//596 2931//2931 2928//2928
f 128//128 2933//2933 594//594
f 593//593 2933//2933 2932//2932
f 128//128 2934//2934 2932//2932
f 593//593 2934//2934 593//593
f 116//116 2936//2936 2919//2919
f 594//594 2936//2936 2935//2935
f 592//592 2936//2936 1963//1963
f 116//116 2937//2937 2935//2935
f 573//573 2939//2939 2938//2938
f 96//96 2940//2940 2938//2938
f 98//98 2940//2940 96//96
f 574//574 2940//2940 98//98
f 574//574 2941//2941 1914//1914
f 1327//1327 2941//2941 98//98
f 575//575 2941//2941 1327//1327
f 575//575 2942//2942 1916//1916
f 99//99 2942//2942 1327//1327
f 576//576 2942//2942 2943//2943
f 99//99 2944//2944 2943//2943
f 576//576 2944//2944 1919//1919
f 100//100 2944//2944 1329//1329
f 577//577 2944//2944 2945//2945
f 577//577 2945//2945 1922//1922
f 101//101 2947//2947 1332//1332
f 578//578 2947//2947 2946//2946
f 100//100 2947//2947 2945//2945
f 101//101 2948//2948 2946//2946
f 578//578 2948//2948 1925//1925
f 102//102 2948//2948 1335//1335
f 579//579 2948//2948 2949//2949
f 102//102 2950//2950 2949//2949
f 579//579 2950//2950 1928//1928
f 103//103 2950//2950 1338//1338
f 580//580 2950//2950 103//103
f 580//580 2951//2951 1931//1931
f 106//106 2951//2951 1345//1345
f 581//581 2951//2951 2952//2952
f 106//106 2954//2954 2952//2952
f 584//584 2954//2954 2953//2953
f 581//581 2954//2954 1938//1938
f 107//107 2955//2955 2956//2956
f 584//584 2955//2955 1942//1942
f 107//107 2957//2957 1348//1348
f 584//584 2957//2957 2956//2956
f 106//106 2957//2957 2953//2953
f 108//108 2958//2958 2959//2959
f 585//585 2958//2958 1945//1945
f 108//108 2955//2955 1351//1351
f 585//585 2955//2955 2959//2959
f 586//586 2960//2960 1948//1948
f 109//109 2958//2958 1354//1354
f 586//586 2958//2958 2960//2960
f 587//587 2961//2961 1951//1951
f 587//587 2962//2962 110//110
f 109//109 2962//2962 2960//2960
f 588//588 2963//2963 1954//1954
f 111//111 2965//2965 2963//2963
f 589//589 2965//2965 2964//2964
f 111//111 2961//2961 1358//1358
f 588//588 2961//2961 2963//2963
f 589//589 2966//2966 112//112
f 111//111 2966//2966 2964//2964
f 589//589 2967//2967 1956//1956
f 113//113 2968//2968 1360//1360
f 589//589 2968//2968 113//113
f 114//114 2969//2969 2970//2970
f 114//114 2972//2972 2969//2969
f 571//571 2972//2972 2971//2971
f 114//114 2967//2967 1361//1361
f 590//590 2967//2967 2970//2970
f 571//571 2973//2973 94//94
f 114//114 2973//2973 2971//2971
f 90//90 2975//2975 1322//1322
f 571//571 2975//2975 2974//2974
f 90//90 2976//2976 2974//2974
f 571//571 2976//2976 1904//1904
f 90//90 2978//2978 2976//2976
f 87//87 2979//2979 1318//1318
f 90//90 2979//2979 2977//2977
f 87//87 2981//2981 2979//2979
f 560//560 2981//2981 2980//2980
f 560//560 2982//2982 83//83
f 87//87 2982//2982 2980//2980
f 560//560 2984//2984 2983//2983
f 79//79 2985//2985 2983//2983
f 560//560 2985//2985 1894//1894
f 76//76 2987//2987 79//79
f 556//556 2987//2987 2986//2986
f 79//79 2987//2987 2985//2985
f 76//76 2989//2989 2986//2986
f 554//554 2989//2989 2988//2988
f 556//556 2989//2989 1888//1888
f 554//554 2988//2988 2990//2990
f 71//71 2991//2991 2990//2990
f 68//68 2993//2993 71//71
f 549//549 2993//2993 2992//2992
f 71//71 2993//2993 2991//2991
f 68//68 2994//2994 2992//2992
f 549//549 2994//2994 1879//1879
f 65//65 2996//2996 68//68
f 545//545 2996//2996 2995//2995
f 68//68 2996//2996 2994//2994
f 65//65 2997//2997 2995//2995
f 545//545 2997//2997 1875//1875
f 65//65 2999//2999 2997//2997
f 539//539 2999//2999 2998//2998
f 61//61 3001//3001 1297//1297
f 539//539 3001//3001 3000//3000
f 65//65 3001//3001 2998//2998
f 539//539 3000//3000 3002//3002
f 58//58 3003//3003 3002//3002
f 539//539 3003//3003 1865//1865
f 54//54 3005//3005 58//58
f 535//535 3005//3005 3004//3004
f 58//58 3005//3005 3003//3003
f 54//54 3006//3006 3004//3004
f 535//535 3006//3006 1859//1859
f 51//51 3008//3008 54//54
f 531//531 3008//3008 3007//3007
f 54//54 3008//3008 3006//3006
f 51//51 3009//3009 3007//3007
f 531//531 3009//3009 1854//1854
f 51//51 3011//3011 3009//3009
f 522//522 3011//3011 3010//3010
f 47//47 3012//3012 1283//1283
f 51//51 3012//3012 3010//3010
f 43//43 3013//3013 1278//1278
f 47//47 3013//3013 3012//3012
f 43//43 3014//3014 3013//3013
f 39//39 3016//3016 43//43
f 518//518 3016//3016 3015//3015
f 43//43 3016//3016 3014//3014
f 39//39 3017//3017 3015//3015
f 518//518 3017//3017 1838//1838
f 35//35 3019//3019 39//39
f 514//514 3019//3019 3018//3018
f 39//39 3019//3019 3017//3017
f 35//35 3020//3020 3018//3018
f 514//514 3020//3020 1834//1834
f 31//31 3022//3022 35//35
f 511//511 3022//3022 3021//3021
f 35//35 3022//3022 3020//3020
f 31//31 3023//3023 3021//3021
f 511//511 3023//3023 1831//1831
f 28//28 3026//3026 3025//3025
f 499//499 3026//3026 3024//3024
f 28//28 3028//3028 31//31
f 507//507 3028//3028 3027//3027
f 31//31 3028//3028 3023//3023
f 28//28 3025//3025 3027//3027
f 507//507 3025//3025 1826//1826
f 24//24 3030//3030 1263//1263
f 499//499 3030//3030 3029//3029
f 28//28 3030//3030 3024//3024
f 499//499 3031//3031 1818//1818
f 499//499 3029//3029 21//21
f 496//496 3032//3032 1814//1814
f 496//496 3033//3033 17//17
f 21//21 3033//3033 3031//3031
f 491//491 3034//3034 1813//1813
f 491//491 3035//3035 19//19
f 17//17 3035//3035 3032//3032
f 23//23 3036//3036 3037//3037
f 494//494 3036//3036 1816//1816
f 23//23 3039//3039 3036//3036
f 501//501 3039//3039 3038//3038
f 498//498 3039//3039 1821//1821
f 23//23 3040//3040 1258//1258
f 494//494 3040//3040 3037//3037
f 19//19 3040//3040 3034//3034
f 26//26 3041//3041 1261//1261
f 23//23 3041//3041 3038//3038
f 30//30 3043//3043 1265//1265
f 501//501 3043//3043 3042//3042
f 26//26 3043//3043 3041//3041
f 30//30 3045//3045 3042//3042
f 505//505 3045//3045 3044//3044
f 501//501 3045//3045 1824//1824
f 33//33 3044//3044 1269//1269
f 505//505 3044//3044 3046//3046
f 33//33 3047//3047 3046//3046
f 37//37 3048//3048 3049//3049
f 509//509 3048//3048 1833//1833
f 37//37 3050//3050 33//33
f 509//509 3050//3050 3049//3049
f 33//33 3050//3050 3047//3047
f 37//37 3052//3052 3048//3048
f 516//516 3052//3052 3051//3051
f 513//513 3052//3052 1837//1837
f 516//516 3054//3054 3053//3053
f 37//37 3054//3054 3051//3051
f 516//516 3055//3055 1841//1841
f 516//516 3053//3053 45//45
f 520//520 3056//3056 1846//1846
f 520//520 3057//3057 49//49
f 45//45 3057//3057 3055//3055
f 524//524 3058//3058 1853//1853
f 53//53 3059//3059 1286//1286
f 524//524 3059//3059 53//53
f 49//49 3059//3059 3056//3056
f 529//529 3060//3060 1857//1857
f 529//529 3061//3061 56//56
f 53//53 3061//3061 3058//3058
f 533//533 3062//3062 1862//1862
f 60//60 3063//3063 1292//1292
f 533//533 3063//3063 60//60
f 56//56 3063//3063 3060//3060
f 63//63 3064//3064 3065//3065
f 537//537 3064//3064 1867//1867
f 63//63 3067//3067 3064//3064
f 541//541 3067//3067 1873//1873
f 63//63 3068//3068 1294//1294
f 537//537 3068//3068 3065//3065
f 60//60 3068//3068 3062//3062
f 67//67 3069//3069 1298//1298
f 63//63 3069//3069 3066//3066
f 67//67 3071//3071 3069//3069
f 547//547 3071//3071 3070//3070
f 547//547 3073//3073 3072//3072
f 67//67 3073//3073 3070//3070
f 547//547 3074//3074 1882//1882
f 547//547 3072//3072 72//72
f 74//74 3076//3076 3075//3075
f 552//552 3076//3076 3078//3078
f 550//550 3076//3076 552//552
f 558//558 3078//3078 3077//3077
f 74//74 3079//3079 1305//1305
f 550//550 3079//3079 3075//3075
f 72//72 3079//3079 3074//3074
f 558//558 3080//3080 77//77
f 74//74 3080//3080 3077//3077
f 558//558 3081//3081 1896//1896
f 558//558 3082//3082 81//81
f 562//562 3083//3083 1901//1901
f 562//562 3084//3084 85//85
f 81//81 3084//3084 3081//3081
f 564//564 3085//3085 1907//1907
f 564//564 3086//3086 88//88
f 85//85 3086//3086 3083//3083
f 567//567 3087//3087 1909//1909
f 567//567 3088//3088 92//92
f 88//88 3088//3088 3085//3085
f 569//569 3089//3089 1934//1934
f 569//569 3090//3090 104//104
f 92//92 3090//3090 3087//3087
f 97//97 3092//3092 1342//1342
f 582//582 3092//3092 3091//3091
f 104//104 3092//3092 3089//3089
f 97//97 3093//3093 3091//3091
f 573//573 3093//3093 2939//2939
f 582//582 3093//3093 573//573
f 737//737 3095//3095 3094//3094
f 290//290 3096//3096 3094//3094
f 328//328 3098//3098 290//290
f 741//741 3098//3098 3097//3097
f 290//290 3098//3098 3096//3096
f 328//328 3099//3099 3097//3097
f 741//741 3099//3099 2226//2226
f 334//334 3101//3101 328//328
f 765//765 3101//3101 3100//3100
f 328//328 3101//3101 3099//3099
f 334//334 3102//3102 3100//3100
f 765//765 3102//3102 2235//2235
f 341//341 3104//3104 334//334
f 772//772 3104//3104 3103//3103
f 334//334 3104//3104 3102//3102
f 341//341 3106//3106 3103//3103
f 780//780 3106//3106 3105//3105
f 772//772 3106//3106 2246//2246
f 780//780 3105//3105 3107//3107
f 351//351 3108//3108 3107//3107
f 357//357 3110//3110 351//351
f 786//786 3110//3110 3109//3109
f 351//351 3110//3110 3108//3108
f 357//357 3111//3111 3109//3109
f 786//786 3111//3111 2265//2265
f 1649//1649 3113//3113 357//357
f 794//794 3113//3113 3112//3112
f 357//357 3113//3113 3111//3111
f 1649//1649 3114//3114 3112//3112
f 794//794 3114//3114 2276//2276
f 366//366 3116//3116 1649//1649
f 802//802 3116//3116 3115//3115
f 1649//1649 3116//3116 3114//3114
f 366//366 3117//3117 3115//3115
f 802//802 3117//3117 2287//2287
f 1653//1653 3119//3119 366//366
f 806//806 3119//3119 3118//3118
f 366//366 3119//3119 3117//3117
f 1653//1653 3120//3120 3118//3118
f 806//806 3120//3120 2281//2281
f 354//354 3123//3123 3122//3122
f 790//790 3123//3123 3121//3121
f 798//798 3123//3123 2271//2271
f 354//354 3124//3124 1653//1653
f 798//798 3124//3124 3122//3122
f 1653//1653 3124//3124 3120//3120
f 790//790 3121//3121 348//348
f 783//783 3126//3126 2251//2251
f 783//783 3127//3127 338//338
f 348//348 3127//3127 3125//3125
f 778//778 3128//3128 2243//2243
f 778//778 3129//3129 332//332
f 338//338 3129//3129 3126//3126
f 296//296 3130//3130 3131//3131
f 768//768 3130//3130 2232//2232
f 296//296 3133//3133 3130//3130
f 745//745 3133//3133 3132//3132
f 296//296 3134//3134 1621//1621
f 768//768 3134//3134 3131//3131
f 332//332 3134//3134 3128//3128
f 745//745 3135//3135 295//295
f 296//296 3135//3135 3132//3132
f 297//297 3138//3138 3137//3137
f 746//746 3138//3138 3136//3136
f 745//745 3138//3138 2175//2175
f 297//297 3139//3139 1562//1562
f 745//745 3139//3139 3137//3137
f 298//298 3140//3140 3141//3141
f 298//298 3143//3143 3140//3140
f 747//747 3143//3143 3142//3142
f 298//298 3136//3136 1563//1563
f 746//746 3136//3136 3141//3141
f 747//747 3144//3144 299//299
f 298//298 3144//3144 3142//3142
f 300//300 3146//3146 1566//1566
f 747//747 3146//3146 3145//3145
f 300//300 3147//3147 3145//3145
f 747//747 3147//3147 2179//2179
f 300//300 3149//3149 3147//3147
f 749//749 3149//3149 3148//3148
f 748//748 3149//3149 2182//2182
f 301//301 3150//3150 1569//1569
f 300//300 3150//3150 3148//3148
f 301//301 3152//3152 3150//3150
f 750//750 3152//3152 3151//3151
f 749//749 3152//3152 2185//2185
f 302//302 3153//3153 1572//1572
f 301//301 3153//3153 3151//3151
f 303//303 3155//3155 1575//1575
f 750//750 3155//3155 3154//3154
f 302//302 3155//3155 3153//3153
f 303//303 3156//3156 3154//3154
f 750//750 3156//3156 2188//2188
f 304//304 3158//3158 1578//1578
f 751//751 3158//3158 3157//3157
f 303//303 3158//3158 3156//3156
f 304//304 3159//3159 3157//3157
f 751//751 3159//3159 2191//2191
f 257//257 3161//3161 1580//1580
f 752//752 3161//3161 3160//3160
f 304//304 3161//3161 3159//3159
f 257//257 3162//3162 3160//3160
f 752//752 3162//3162 2194//2194
f 250//250 3164//3164 1514//1514
f 708//708 3164//3164 3163//3163
f 257//257 3164//3164 3162//3162
f 250//250 3165//3165 3163//3163
f 708//708 3165//3165 2118//2118
f 243//243 3167//3167 1504//1504
f 702//702 3167//3167 3166//3166
f 250//250 3167//3167 3165//3165
f 243//243 3168//3168 3166//3166
f 702//702 3168//3168 2107//2107
f 243//243 3170//3170 3168//3168
f 691//691 3170//3170 3169//3169
f 697//697 3170//3170 2098//2098
f 238//238 3171//3171 1491//1491
f 243//243 3171//3171 3169//3169
f 232//232 3173//3173 1482//1482
f 691//691 3173//3173 3172//3172
f 238//238 3173//3173 3171//3171
f 232//232 3174//3174 3172//3172
f 691//691 3174//3174 2087//2087
f 685//685 3176//3176 3175//3175
f 232//232 3176//3176 3174//3174
f 225//225 3177//3177 3175//3175
f 685//685 3177//3177 2076//2076
f 218//218 3179//3179 225//225
f 679//679 3179//3179 3178//3178
f 225//225 3179//3179 3177//3177
f 218//218 3180//3180 3178//3178
f 679//679 3180//3180 2067//2067
f 218//218 3182//3182 3180//3180
f 668//668 3182//3182 3181//3181
f 213//213 3183//3183 1461//1461
f 668//668 3183//3183 213//213
f 218//218 3183//3183 3181//3181
f 207//207 3185//3185 3184//3184
f 668//668 3185//3185 2052//2052
f 199//199 3187//3187 207//207
f 662//662 3187//3187 3186//3186
f 207//207 3187//3187 3185//3185
f 199//199 3188//3188 3186//3186
f 662//662 3188//3188 2044//2044
f 190//190 3190//3190 199//199
f 654//654 3190//3190 3189//3189
f 199//199 3190//3190 3188//3188
f 190//190 3191//3191 3189//3189
f 654//654 3191//3191 2034//2034
f 184//184 3193//3193 190//190
f 646//646 3193//3193 3192//3192
f 190//190 3193//3193 3191//3191
f 184//184 3194//3194 3192//3192
f 646//646 3194//3194 2028//2028
f 175//175 3197//3197 3196//3196
f 623//623 3197//3197 3195//3195
f 631//631 3197//3197 2009//2009
f 175//175 3199//3199 184//184
f 639//639 3199//3199 3198//3198
f 184//184 3199//3199 3194//3194
f 175//175 3196//3196 3198//3198
f 639//639 3196//3196 2017//2017
f 169//169 3201//3201 1427//1427
f 623//623 3201//3201 3200//3200
f 175//175 3201//3201 3195//3195
f 623//623 3202//3202 2002//2002
f 162//162 3200//3200 1419//1419
f 623//623 3200//3200 162//162
f 615//615 3203//3203 1992//1992
f 615//615 3204//3204 154//154
f 162//162 3204//3204 3202//3202
f 605//605 3205//3205 1987//1987
f 159//159 3206//3206 1406//1406
f 605//605 3206//3206 159//159
f 154//154 3206//3206 3203//3203
f 166//166 3207//3207 3208//3208
f 611//611 3207//3207 1997//1997
f 166//166 3210//3210 3207//3207
f 627//627 3210//3210 3209//3209
f 619//619 3210//3210 2006//2006
f 166//166 3211//3211 1413//1413
f 611//611 3211//3211 3208//3208
f 159//159 3211//3211 3205//3205
f 627//627 3213//3213 3212//3212
f 166//166 3213//3213 3209//3209
f 179//179 3212//3212 1431//1431
f 627//627 3212//3212 3214//3214
f 179//179 3216//3216 3214//3214
f 635//635 3216//3216 3215//3215
f 627//627 3216//3216 2013//2013
f 635//635 3215//3215 3217//3217
f 187//187 3218//3218 3217//3217
f 194//194 3219//3219 3220//3220
f 642//642 3219//3219 2032//2032
f 194//194 3221//3221 187//187
f 642//642 3221//3221 3220//3220
f 187//187 3221//3221 3218//3218
f 194//194 3223//3223 3219//3219
f 659//659 3223//3223 3222//3222
f 650//650 3223//3223 2040//2040
f 659//659 3225//3225 3224//3224
f 194//194 3225//3225 3222//3222
f 659//659 3226//3226 2049//2049
f 659//659 3224//3224 211//211
f 665//665 3227//3227 2057//2057
f 665//665 3228//3228 215//215
f 211//211 3228//3228 3226//3226
f 671//671 3229//3229 2064//2064
f 671//671 3230//3230 221//221
f 215//215 3230//3230 3227//3227
f 676//676 3231//3231 2073//2073
f 676//676 3232//3232 228//228
f 221//221 3232//3232 3229//3229
f 682//682 3233//3233 2082//2082
f 682//682 3234//3234 235//235
f 228//228 3234//3234 3231//3231
f 240//240 3235//3235 3236//3236
f 688//688 3235//3235 2093//2093
f 240//240 3238//3238 3235//3235
f 694//694 3238//3238 2103//2103
f 240//240 3239//3239 1485//1485
f 688//688 3239//3239 3236//3236
f 235//235 3239//3239 3233//3233
f 246//246 3240//3240 1495//1495
f 240//240 3240//3240 3237//3237
f 246//246 3242//3242 3240//3240
f 705//705 3242//3242 3241//3241
f 705//705 3244//3244 3243//3243
f 246//246 3244//3244 3241//3241
f 705//705 3245//3245 2124//2124
f 705//705 3243//3243 259//259
f 262//262 3246//3246 3247//3247
f 710//710 3246//3246 2128//2128
f 262//262 3249//3249 3246//3246
f 716//716 3249//3249 3248//3248
f 262//262 3250//3250 1522//1522
f 710//710 3250//3250 3247//3247
f 259//259 3250//3250 3245//3245
f 716//716 3251//3251 265//265
f 262//262 3251//3251 3248//3248
f 716//716 3252//3252 2138//2138
f 716//716 3253//3253 269//269
f 720//720 3254//3254 2142//2142
f 720//720 3255//3255 272//272
f 269//269 3255//3255 3252//3252
f 724//724 3256//3256 2148//2148
f 724//724 3257//3257 276//276
f 272//272 3257//3257 3254//3254
f 727//727 3258//3258 2153//2153
f 727//727 3259//3259 280//280
f 276//276 3259//3259 3256//3256
f 730//730 3260//3260 2158//2158
f 730//730 3261//3261 283//283
f 280//280 3261//3261 3258//3258
f 286//286 3263//3263 1552//1552
f 734//734 3263//3263 3262//3262
f 283//283 3263//3263 3260//3260
f 286//286 3264//3264 3262//3262
f 737//737 3264//3264 3095//3095
f 734//734 3264//3264 737//737
f 753//753 3266//3266 3265//3265
f 318//318 3267//3267 3265//3265
f 753//753 3267//3267 2198//2198
f 320//320 3269//3269 318//318
f 754//754 3269//3269 3268//3268
f 318//318 3269//3269 3267//3267
f 320//320 3270//3270 3268//3268
f 754//754 3270//3270 2200//2200
f 1623//1623 3272//3272 320//320
f 755//755 3272//3272 3271//3271
f 320//320 3272//3272 3270//3270
f 1623//1623 3273//3273 3271//3271
f 755//755 3273//3273 2233//2233
f 339//339 3275//3275 1623//1623
f 770//770 3275//3275 3274//3274
f 1623//1623 3275//3275 3273//3273
f 339//339 3276//3276 3274//3274
f 770//770 3276//3276 2241//2241
f 350//350 3278//3278 339//339
f 776//776 3278//3278 3277//3277
f 339//339 3278//3278 3276//3276
f 350//350 3279//3279 3277//3277
f 776//776 3279//3279 2252//2252
f 1643//1643 3281//3281 350//350
f 784//784 3281//3281 3280//3280
f 350//350 3281//3281 3279//3279
f 1643//1643 3282//3282 3280//3280
f 784//784 3282//3282 2263//2263
f 360//360 3284//3284 1643//1643
f 792//792 3284//3284 3283//3283
f 1643//1643 3284//3284 3282//3282
f 360//360 3285//3285 3283//3283
f 792//792 3285//3285 2273//2273
f 364//364 3287//3287 360//360
f 800//800 3287//3287 3286//3286
f 360//360 3287//3287 3285//3285
f 364//364 3288//3288 3286//3286
f 800//800 3288//3288 2283//2283
f 362//362 3290//3290 364//364
f 808//808 3290//3290 3289//3289
f 364//364 3290//3290 3288//3288
f 362//362 3291//3291 3289//3289
f 808//808 3291//3291 2290//2290
f 804//804 3292//3292 2279//2279
f 1650//1650 3293//3293 362//362
f 804//804 3293//3293 1650//1650
f 362//362 3293//3293 3291//3291
f 796//796 3294//3294 2268//2268
f 796//796 3295//3295 352//352
f 1650//1650 3295//3295 3292//3292
f 788//788 3296//3296 2259//2259
f 788//788 3297//3297 343//343
f 352//352 3297//3297 3294//3294
f 782//782 3298//3298 2249//2249
f 782//782 3299//3299 336//336
f 343//343 3299//3299 3296//3296
f 330//330 3300//3300 3301//3301
f 774//774 3300//3300 2239//2239
f 330//330 3303//3303 3300//3300
f 743//743 3303//3303 3302//3302
f 330//330 3304//3304 1625//1625
f 774//774 3304//3304 3301//3301
f 336//336 3304//3304 3298//3298
f 743//743 3305//3305 292//292
f 330//330 3305//3305 3302//3302
f 743//743 3306//3306 2169//2169
f 743//743 3307//3307 288//288
f 285//285 3308//3308 3309//3309
f 739//739 3308//3308 2165//2165
f 285//285 3311//3311 3308//3308
f 732//732 3311//3311 3310//3310
f 285//285 3312//3312 1553//1553
f 739//739 3312//3312 3309//3309
f 288//288 3312//3312 3306//3306
f 732//732 3313//3313 281//281
f 285//285 3313//3313 3310//3310
f 278//278 3315//3315 1544//1544
f 732//732 3315//3315 3314//3314
f 278//278 3316//3316 3314//3314
f 732//732 3316//3316 2155//2155
f 278//278 3318//3318 3316//3316
f 274//274 3319//3319 1540//1540
f 278//278 3319//3319 3317//3317
f 274//274 3321//3321 3319//3319
f 722//722 3321//3321 3320//3320
f 722//722 3323//3323 3322//3322
f 274//274 3323//3323 3320//3320
f 267//267 3322//3322 1532//1532
f 722//722 3322//3322 3324//3324
f 267//267 3325//3325 3324//3324
f 722//722 3325//3325 2140//2140
f 264//264 3327//3327 267//267
f 718//718 3327//3327 3326//3326
f 267//267 3327//3327 3325//3325
f 264//264 3329//3329 3326//3326
f 714//714 3329//3329 3328//3328
f 718//718 3329//3329 2137//2137
f 714//714 3328//3328 3330//3330
f 258//258 3331//3331 3330//3330
f 251//251 3333//3333 258//258
f 709//709 3333//3333 3332//3332
f 258//258 3333//3333 3331//3331
f 251//251 3334//3334 3332//3332
f 709//709 3334//3334 2121//2121
f 244//244 3336//3336 251//251
f 703//703 3336//3336 3335//3335
f 251//251 3336//3336 3334//3334
f 244//244 3337//3337 3335//3335
f 703//703 3337//3337 2111//2111
f 244//244 3339//3339 3337//3337
f 692//692 3339//3339 3338//3338
f 698//698 3339//3339 2101//2101
f 239//239 3341//3341 1494//1494
f 692//692 3341//3341 3340//3340
f 244//244 3341//3341 3338//3338
f 233//233 3340//3340 1484//1484
f 692//692 3340//3340 3342//3342
f 233//233 3343//3343 3342//3342
f 692//692 3343//3343 2091//2091
f 226//226 3345//3345 233//233
f 686//686 3345//3345 3344//3344
f 233//233 3345//3345 3343//3343
f 226//226 3346//3346 3344//3344
f 686//686 3346//3346 2080//2080
f 219//219 3348//3348 226//226
f 680//680 3348//3348 3347//3347
f 226//226 3348//3348 3346//3346
f 219//219 3349//3349 3347//3347
f 680//680 3349//3349 2069//2069
f 219//219 3351//3351 3349//3349
f 669//669 3351//3351 3350//3350
f 674//674 3351//3351 2062//2062
f 214//214 3353//3353 1463//1463
f 669//669 3353//3353 3352//3352
f 219//219 3353//3353 3350//3350
f 208//208 3354//3354 1452//1452
f 214//214 3354//3354 3352//3352
f 208//208 3355//3355 3354//3354
f 669//669 3355//3355 2053//2053
f 201//201 3357//3357 208//208
f 663//663 3357//3357 3356//3356
f 208//208 3357//3357 3355//3355
f 201//201 3359//3359 3356//3356
f 656//656 3359//3359 3358//3358
f 663//663 3359//3359 2046//2046
f 656//656 3358//3358 3360//3360
f 192//192 3361//3361 3360//3360
f 656//656 3361//3361 2036//2036
f 185//185 3363//3363 192//192
f 648//648 3363//3363 3362//3362
f 192//192 3363//3363 3361//3361
f 185//185 3364//3364 3362//3362
f 648//648 3364//3364 2030//2030
f 177//177 3367//3367 3366//3366
f 625//625 3367//3367 3365//3365
f 633//633 3367//3367 2010//2010
f 177//177 3369//3369 185//185
f 640//640 3369//3369 3368//3368
f 185//185 3369//3369 3364//3364
f 177//177 3366//3366 3368//3368
f 640//640 3366//3366 2020//2020
f 170//170 3370//3370 1429//1429
f 177//177 3370//3370 3365//3365
f 625//625 3371//3371 2004//2004
f 164//164 3372//3372 1421//1421
f 625//625 3372//3372 164//164
f 170//170 3372//3372 3370//3370
f 617//617 3373//3373 1994//1994
f 617//617 3374//3374 156//156
f 164//164 3374//3374 3371//3371
f 608//608 3375//3375 1991//1991
f 161//161 3376//3376 1408//1408
f 608//608 3376//3376 161//161
f 156//156 3376//3376 3373//3373
f 168//168 3378//3378 3377//3377
f 621//621 3378//3378 3380//3380
f 613//613 3378//3378 2000//2000
f 629//629 3380//3380 3379//3379
f 621//621 3380//3380 2008//2008
f 168//168 3381//3381 1418//1418
f 613//613 3381//3381 3377//3377
f 161//161 3381//3381 3375//3375
f 173//173 3383//3383 1425//1425
f 629//629 3383//3383 3382//3382
f 168//168 3383//3383 3379//3379
f 181//181 3382//3382 1434//1434
f 629//629 3382//3382 3384//3384
f 181//181 3386//3386 3384//3384
f 637//637 3386//3386 3385//3385
f 629//629 3386//3386 2015//2015
f 189//189 3385//3385 1442//1442
f 637//637 3385//3385 3387//3387
f 189//189 3388//3388 3387//3387
f 196//196 3389//3389 3390//3390
f 644//644 3389//3389 2033//2033
f 196//196 3391//3391 189//189
f 644//644 3391//3391 3390//3390
f 189//189 3391//3391 3388//3388
f 196//196 3393//3393 3389//3389
f 661//661 3393//3393 3392//3392
f 652//652 3393//3393 2043//2043
f 661//661 3395//3395 3394//3394
f 196//196 3395//3395 3392//3392
f 661//661 3396//3396 2051//2051
f 661//661 3394//3394 210//210
f 217//217 3399//3399 3398//3398
f 673//673 3399//3399 3397//3397
f 667//667 3399//3399 2059//2059
f 217//217 3400//3400 1459//1459
f 667//667 3400//3400 3398//3398
f 210//210 3400//3400 3396//3396
f 673//673 3401//3401 2066//2066
f 673//673 3397//3397 223//223
f 678//678 3402//3402 2075//2075
f 678//678 3403//3403 230//230
f 223//223 3403//3403 3401//3401
f 237//237 3404//3404 3405//3405
f 684//684 3404//3404 2085//2085
f 237//237 3406//3406 1478//1478
f 684//684 3406//3406 3405//3405
f 230//230 3406//3406 3402//3402
f 242//242 3407//3407 3408//3408
f 690//690 3407//3407 2096//2096
f 242//242 3410//3410 3407//3407
f 701//701 3410//3410 3409//3409
f 696//696 3410//3410 2105//2105
f 242//242 3411//3411 1487//1487
f 690//690 3411//3411 3408//3408
f 237//237 3411//3411 3404//3404
f 248//248 3412//3412 1497//1497
f 242//242 3412//3412 3409//3409
f 248//248 3414//3414 3412//3412
f 707//707 3414//3414 3413//3413
f 701//701 3414//3414 2116//2116
f 255//255 3416//3416 1508//1508
f 707//707 3416//3416 3415//3415
f 248//248 3416//3416 3413//3413
f 260//260 3419//3419 3418//3418
f 711//711 3419//3419 3417//3417
f 707//707 3419//3419 2126//2126
f 260//260 3420//3420 1518//1518
f 707//707 3420//3420 3418//3418
f 255//255 3420//3420 3415//3415
f 321//321 3421//3421 3422//3422
f 711//711 3421//3421 2203//2203
f 321//321 3424//3424 3421//3421
f 757//757 3424//3424 3423//3423
f 756//756 3424//3424 2206//2206
f 321//321 3417//3417 1600//1600
f 711//711 3417//3417 3422//3422
f 322//322 3425//3425 1603//1603
f 321//321 3425//3425 3423//3423
f 323//323 3426//3426 3427//3427
f 757//757 3426//3426 2209//2209
f 323//323 3428//3428 1606//1606
f 757//757 3428//3428 3427//3427
f 322//322 3428//3428 3425//3425
f 324//324 3429//3429 3430//3430
f 758//758 3429//3429 2212//2212
f 324//324 3431//3431 1609//1609
f 758//758 3431//3431 3430//3430
f 323//323 3431//3431 3426//3426
f 325//325 3432//3432 3433//3433
f 759//759 3432//3432 2215//2215
f 325//325 3434//3434 1612//1612
f 759//759 3434//3434 3433//3433
f 324//324 3434//3434 3429//3429
f 326//326 3435//3435 3436//3436
f 760//760 3435//3435 2218//2218
f 326//326 3437//3437 1615//1615
f 760//760 3437//3437 3436//3436
f 325//325 3437//3437 3432//3432
f 761//761 3438//3438 2220//2220
f 761//761 3439//3439 327//327
f 326//326 3439//3439 3435//3435
f 319//319 3441//3441 1617//1617
f 762//762 3441//3441 3440//3440
f 327//327 3441//3441 3438//3438
f 319//319 3442//3442 3440//3440
f 753//753 3442//3442 3266//3266
f 762//762 3442//3442 2222//2222
f 917//917 3444//3444 3443//3443
f 918//918 3444//3444 917//917
f 1663//1663 3444//3444 918//918
f 917//917 3446//3446 3445//3445
f 1663//1663 3446//3446 3443//3443
f 919//919 3448//3448 3447//3447
f 917//917 3448//3448 919//919
f 374//374 3448//3448 3445//3445
f 919//919 3450//3450 3449//3449
f 374//374 3450//3450 3447//3447
f 920//920 3452//3452 3451//3451
f 919//919 3452//3452 920//920
f 377//377 3452//3452 3449//3449
f 920//920 3453//3453 379//379
f 377//377 3453//3453 3451//3451
f 921//921 3455//3455 3454//3454
f 920//920 3455//3455 921//921
f 921//921 3456//3456 380//380
f 379//379 3456//3456 3454//3454
f 922//922 3458//3458 3457//3457
f 921//921 3458//3458 922//922
f 922//922 3459//3459 381//381
f 380//380 3459//3459 3457//3457
f 923//923 3461//3461 3460//3460
f 922//922 3461//3461 923//923
f 923//923 3462//3462 382//382
f 381//381 3462//3462 3460//3460
f 923//923 3463//3463 383//383
f 924//924 3465//3465 3464//3464
f 923//923 3465//3465 924//924
f 925//925 3467//3467 3466//3466
f 924//924 3467//3467 925//925
f 383//383 3467//3467 3464//3464
f 925//925 3468//3468 385//385
f 383//383 3468//3468 3466//3466
f 926//926 3470//3470 3469//3469
f 925//925 3470//3470 926//926
f 926//926 3472//3472 3471//3471
f 385//385 3472//3472 3469//3469
f 926//926 3473//3473 386//386
f 384//384 3473//3473 3471//3471
f 927//927 3474//3474 387//387
f 386//386 3474//3474 927//927
f 926//926 3476//3476 3475//3475
f 928//928 3477//3477 388//388
f 387//387 3477//3477 928//928
f 927//927 3479//3479 3478//3478
f 929//929 3481//3481 3480//3480
f 928//928 3481//3481 929//929
f 930//930 3482//3482 389//389
f 388//388 3482//3482 930//930
f 929//929 3484//3484 3483//3483
f 388//388 3484//3484 3480//3480
f 931//931 3486//3486 3485//3485
f 389//389 3486//3486 931//931
f 375//375 3486//3486 1687//1687
f 930//930 3488//3488 3487//3487
f 932//932 3490//3490 3489//3489
f 375//375 3490//3490 932//932
f 932//932 3492//3492 3491//3491
f 372//372 3492//3492 3489//3489
f 931//931 3494//3494 3493//3493
f 375//375 3494//3494 3485//3485
f 933//933 3496//3496 3495//3495
f 370//370 3496//3496 933//933
f 932//932 3498//3498 3497//3497
f 370//370 3498//3498 3491//3491
f 934//934 3500//3500 3499//3499
f 346//346 3500//3500 934//934
f 933//933 3502//3502 3501//3501
f 346//346 3502//3502 3495//3495
f 935//935 3504//3504 3503//3503
f 934//934 3504//3504 935//935
f 312//312 3504//3504 3499//3499
f 936//936 3506//3506 3505//3505
f 935//935 3506//3506 936//936
f 312//312 3506//3506 3503//3503
f 936//936 3507//3507 311//311
f 312//312 3507//3507 3505//3505
f 937//937 3509//3509 3508//3508
f 936//936 3509//3509 937//937
f 937//937 3510//3510 313//313
f 311//311 3510//3510 3508//3508
f 938//938 3512//3512 3511//3511
f 937//937 3512//3512 938//938
f 938//938 3513//3513 314//314
f 313//313 3513//3513 3511//3511
f 938//938 3514//3514 315//315
f 939//939 3516//3516 3515//3515
f 938//938 3516//3516 939//939
f 940//940 3518//3518 3517//3517
f 939//939 3518//3518 940//940
f 315//315 3518//3518 3515//3515
f 940//940 3519//3519 316//316
f 315//315 3519//3519 3517//3517
f 941//941 3521//3521 3520//3520
f 940//940 3521//3521 941//941
f 941//941 3522//3522 249//249
f 316//316 3522//3522 3520//3520
f 942//942 3524//3524 3523//3523
f 941//941 3524//3524 942//942
f 942//942 3526//3526 3525//3525
f 249//249 3526//3526 3523//3523
f 224//224 3526//3526 1502//1502
f 943//943 3528//3528 3527//3527
f 942//942 3528//3528 943//943
f 224//224 3528//3528 3525//3525
f 943//943 3530//3530 3529//3529
f 224//224 3530//3530 3527//3527
f 944//944 3532//3532 3531//3531
f 943//943 3532//3532 944//944
f 183//183 3532//3532 3529//3529
f 944//944 3534//3534 3533//3533
f 183//183 3534//3534 3531//3531
f 945//945 3536//3536 3535//3535
f 944//944 3536//3536 945//945
f 152//152 3536//3536 3533//3533
f 945//945 3538//3538 3537//3537
f 152//152 3538//3538 3535//3535
f 946//946 3540//3540 3539//3539
f 945//945 3540//3540 946//946
f 150//150 3540//3540 3537//3537
f 946//946 3542//3542 3541//3541
f 150//150 3542//3542 3539//3539
f 947//947 3544//3544 3543//3543
f 946//946 3544//3544 947//947
f 147//147 3544//3544 3541//3541
f 947//947 3546//3546 3545//3545
f 147//147 3546//3546 3543//3543
f 948//948 3548//3548 3547//3547
f 947//947 3548//3548 948//948
f 142//142 3548//3548 3545//3545
f 948//948 3550//3550 3549//3549
f 142//142 3550//3550 3547//3547
f 948//948 3552//3552 3551//3551
f 139//139 3552//3552 3549//3549
f 949//949 3554//3554 3553//3553
f 948//948 3554//3554 949//949
f 135//135 3554//3554 3551//3551
f 949//949 3556//3556 3555//3555
f 135//135 3556//3556 3553//3553
f 950//950 3558//3558 3557//3557
f 949//949 3558//3558 950//950
f 131//131 3558//3558 3555//3555
f 951//951 3560//3560 3559//3559
f 950//950 3560//3560 951//951
f 131//131 3560//3560 3557//3557
f 951//951 3562//3562 3561//3561
f 131//131 3562//3562 3559//3559
f 127//127 3562//3562 1380//1380
f 952//952 3564//3564 3563//3563
f 951//951 3564//3564 952//952
f 127//127 3564//3564 3561//3561
f 952//952 3566//3566 3565//3565
f 127//127 3566//3566 3563//3563
f 953//953 3568//3568 3567//3567
f 123//123 3568//3568 953//953
f 953//953 3571//3571 3570//3570
f 952//952 3571//3571 3569//3569
f 125//125 3571//3571 3565//3565
f 125//125 3572//3572 3570//3570
f 954//954 3574//3574 3573//3573
f 121//121 3574//3574 954//954
f 953//953 3576//3576 3575//3575
f 121//121 3576//3576 3567//3567
f 955//955 3578//3578 3577//3577
f 954//954 3578//3578 955//955
f 119//119 3578//3578 3573//3573
f 956//956 3580//3580 3579//3579
f 119//119 3580//3580 956//956
f 955//955 3582//3582 3581//3581
f 119//119 3582//3582 3577//3577
f 957//957 3583//3583 117//117
f 115//115 3583//3583 957//957
f 956//956 3585//3585 3584//3584
f 115//115 3585//3585 3579//3579
f 958//958 3587//3587 3586//3586
f 117//117 3587//3587 958//958
f 958//958 3589//3589 3588//3588
f 120//120 3589//3589 3586//3586
f 957//957 3591//3591 3590//3590
f 959//959 3593//3593 3592//3592
f 122//122 3593//3593 959//959
f 958//958 3595//3595 3594//3594
f 122//122 3595//3595 3588//3588
f 960//960 3597//3597 3596//3596
f 959//959 3597//3597 960//960
f 124//124 3597//3597 3592//3592
f 961//961 3599//3599 3598//3598
f 960//960 3599//3599 961//961
f 124//124 3599//3599 3596//3596
f 961//961 3601//3601 3600//3600
f 124//124 3601//3601 3598//3598
f 961//961 3603//3603 3602//3602
f 126//126 3603//3603 3600//3600
f 962//962 3605//3605 3604//3604
f 961//961 3605//3605 962//962
f 129//129 3605//3605 3602//3602
f 963//963 3607//3607 3606//3606
f 129//129 3607//3607 963//963
f 962//962 3609//3609 3608//3608
f 129//129 3609//3609 3604//3604
f 964//964 3611//3611 3610//3610
f 133//133 3611//3611 964//964
f 963//963 3613//3613 3612//3612
f 133//133 3613//3613 3606//3606
f 965//965 3615//3615 3614//3614
f 137//137 3615//3615 965//965
f 964//964 3617//3617 3616//3616
f 137//137 3617//3617 3610//3610
f 966//966 3619//3619 3618//3618
f 1396//1396 3619//3619 966//966
f 965//965 3621//3621 3620//3620
f 1396//1396 3621//3621 3614//3614
f 967//967 3623//3623 3622//3622
f 144//144 3623//3623 967//967
f 966//966 3625//3625 3624//3624
f 144//144 3625//3625 3618//3618
f 968//968 3627//3627 3626//3626
f 149//149 3627//3627 968//968
f 967//967 3629//3629 3628//3628
f 149//149 3629//3629 3622//3622
f 969//969 3631//3631 3630//3630
f 151//151 3631//3631 969//969
f 968//968 3633//3633 3632//3632
f 151//151 3633//3633 3626//3626
f 970//970 3635//3635 3634//3634
f 153//153 3635//3635 970//970
f 970//970 3637//3637 3636//3636
f 198//198 3637//3637 3634//3634
f 969//969 3639//3639 3638//3638
f 153//153 3639//3639 3630//3630
f 971//971 3641//3641 3640//3640
f 970//970 3641//3641 971//971
f 231//231 3641//3641 3636//3636
f 972//972 3642//3642 256//256
f 231//231 3642//3642 972//972
f 971//971 3644//3644 3643//3643
f 231//231 3644//3644 3640//3640
f 973//973 3645//3645 294//294
f 256//256 3645//3645 973//973
f 972//972 3647//3647 3646//3646
f 974//974 3648//3648 306//306
f 294//294 3648//3648 974//974
f 973//973 3650//3650 3649//3649
f 975//975 3652//3652 3651//3651
f 306//306 3652//3652 975//975
f 974//974 3654//3654 3653//3653
f 976//976 3656//3656 3655//3655
f 307//307 3656//3656 976//976
f 975//975 3658//3658 3657//3657
f 307//307 3658//3658 3651//3651
f 977//977 3660//3660 3659//3659
f 308//308 3660//3660 977//977
f 976//976 3662//3662 3661//3661
f 308//308 3662//3662 3655//3655
f 978//978 3664//3664 3663//3663
f 309//309 3664//3664 978//978
f 977//977 3666//3666 3665//3665
f 309//309 3666//3666 3659//3659
f 979//979 3668//3668 3667//3667
f 310//310 3668//3668 979//979
f 978//978 3670//3670 3669//3669
f 310//310 3670//3670 3663//3663
f 345//345 3672//3672 3671//3671
f 918//918 3674//3674 3671//3671
f 979//979 3674//3674 3673//3673
f 345//345 3674//3674 3667//3667
f 465//465 3675//3675 1787//1787
f 465//465 3677//3677 886//886
f 890//890 3677//3677 3676//3676
f 469//469 3676//3676 1791//1791
f 890//890 3676//3676 3678//3678
f 469//469 3679//3679 3678//3678
f 890//890 3679//3679 2426//2426
f 892//892 3681//3681 3680//3680
f 469//469 3681//3681 3679//3679
f 472//472 3682//3682 3680//3680
f 892//892 3682//3682 2430//2430
f 476//476 3684//3684 472//472
f 895//895 3684//3684 3683//3683
f 472//472 3684//3684 3682//3682
f 476//476 3685//3685 3683//3683
f 895//895 3685//3685 2437//2437
f 480//480 3687//3687 476//476
f 901//901 3687//3687 3686//3686
f 476//476 3687//3687 3685//3685
f 480//480 3688//3688 3686//3686
f 901//901 3688//3688 2443//2443
f 483//483 3690//3690 480//480
f 905//905 3690//3690 3689//3689
f 480//480 3690//3690 3688//3688
f 483//483 3691//3691 3689//3689
f 905//905 3691//3691 2447//2447
f 487//487 3693//3693 483//483
f 909//909 3693//3693 3692//3692
f 483//483 3693//3693 3691//3691
f 487//487 3694//3694 3692//3692
f 909//909 3694//3694 2449//2449
f 489//489 3696//3696 487//487
f 911//911 3696//3696 3695//3695
f 487//487 3696//3696 3694//3694
f 489//489 3697//3697 3695//3695
f 911//911 3697//3697 2455//2455
f 485//485 3699//3699 489//489
f 915//915 3699//3699 3698//3698
f 489//489 3699//3699 3697//3697
f 485//485 3700//3700 3698//3698
f 915//915 3700//3700 2453//2453
f 913//913 3701//3701 2451//2451
f 1802//1802 3702//3702 485//485
f 913//913 3702//3702 1802//1802
f 485//485 3702//3702 3700//3700
f 907//907 3703//3703 2445//2445
f 907//907 3704//3704 478//478
f 1802//1802 3704//3704 3701//3701
f 903//903 3705//3705 2440//2440
f 903//903 3706//3706 474//474
f 478//478 3706//3706 3703//3703
f 899//899 3707//3707 2435//2435
f 899//899 3708//3708 470//470
f 474//474 3708//3708 3705//3705
f 467//467 3709//3709 3710//3710
f 897//897 3709//3709 2433//2433
f 467//467 3712//3712 3709//3709
f 888//888 3712//3712 3711//3711
f 467//467 3713//3713 1792//1792
f 897//897 3713//3713 3710//3710
f 470//470 3713//3713 3707//3707
f 888//888 3714//3714 463//463
f 467//467 3714//3714 3711//3711
f 888//888 3715//3715 2423//2423
f 888//888 3716//3716 459//459
f 456//456 3717//3717 3718//3718
f 884//884 3717//3717 2419//2419
f 456//456 3720//3720 3717//3717
f 879//879 3720//3720 3719//3719
f 456//456 3721//3721 1780//1780
f 884//884 3721//3721 3718//3718
f 459//459 3721//3721 3715//3715
f 879//879 3722//3722 454//454
f 456//456 3722//3722 3719//3719
f 450//450 3724//3724 1774//1774
f 879//879 3724//3724 3723//3723
f 450//450 3725//3725 3723//3723
f 879//879 3725//3725 2412//2412
f 450//450 3727//3727 3725//3725
f 446//446 3728//3728 1770//1770
f 450//450 3728//3728 3726//3726
f 446//446 3730//3730 3728//3728
f 867//867 3730//3730 3729//3729
f 867//867 3732//3732 3731//3731
f 446//446 3732//3732 3729//3729
f 438//438 3731//3731 1763//1763
f 867//867 3731//3731 3733//3733
f 438//438 3734//3734 3733//3733
f 867//867 3734//3734 2395//2395
f 435//435 3736//3736 438//438
f 866//866 3736//3736 3735//3735
f 438//438 3736//3736 3734//3734
f 435//435 3737//3737 3735//3735
f 866//866 3737//3737 2393//2393
f 430//430 3739//3739 435//435
f 862//862 3739//3739 3738//3738
f 435//435 3739//3739 3737//3737
f 430//430 3740//3740 3738//3738
f 862//862 3740//3740 2387//2387
f 426//426 3742//3742 430//430
f 858//858 3742//3742 3741//3741
f 430//430 3742//3742 3740//3740
f 426//426 3743//3743 3741//3741
f 858//858 3743//3743 2380//2380
f 423//423 3745//3745 426//426
f 854//854 3745//3745 3744//3744
f 426//426 3745//3745 3743//3743
f 423//423 3746//3746 3744//3744
f 854//854 3746//3746 2376//2376
f 423//423 3748//3748 3746//3746
f 847//847 3748//3748 3747//3747
f 420//420 3750//3750 1746//1746
f 847//847 3750//3750 3749//3749
f 423//423 3750//3750 3747//3747
f 416//416 3749//3749 1741//1741
f 847//847 3749//3749 3751//3751
f 416//416 3752//3752 3751//3751
f 847//847 3752//3752 2368//2368
f 413//413 3754//3754 416//416
f 844//844 3754//3754 3753//3753
f 416//416 3754//3754 3752//3752
f 413//413 3755//3755 3753//3753
f 844//844 3755//3755 2363//2363
f 409//409 3757//3757 413//413
f 840//840 3757//3757 3756//3756
f 413//413 3757//3757 3755//3755
f 409//409 3758//3758 3756//3756
f 840//840 3758//3758 2358//2358
f 409//409 3760//3760 3758//3758
f 834//834 3760//3760 3759//3759
f 407//407 3761//3761 1731//1731
f 409//409 3761//3761 3759//3759
f 405//405 3762//3762 1728//1728
f 407//407 3762//3762 3761//3761
f 405//405 3763//3763 3762//3762
f 403//403 3765//3765 405//405
f 832//832 3765//3765 3764//3764
f 405//405 3765//3765 3763//3763
f 403//403 3766//3766 3764//3764
f 832//832 3766//3766 2349//2349
f 401//401 3768//3768 403//403
f 830//830 3768//3768 3767//3767
f 403//403 3768//3768 3766//3766
f 401//401 3769//3769 3767//3767
f 830//830 3769//3769 2345//2345
f 399//399 3771//3771 1722//1722
f 828//828 3771//3771 3770//3770
f 401//401 3771//3771 3769//3769
f 399//399 3772//3772 3770//3770
f 828//828 3772//3772 2340//2340
f 397//397 3775//3775 3774//3774
f 822//822 3775//3775 3773//3773
f 824//824 3775//3775 2328//2328
f 397//397 3777//3777 1716//1716
f 826//826 3777//3777 3776//3776
f 399//399 3777//3777 3772//3772
f 397//397 3774//3774 3776//3776
f 826//826 3774//3774 2334//2334
f 395//395 3778//3778 1710//1710
f 397//397 3778//3778 3773//3773
f 393//393 3779//3779 3780//3780
f 822//822 3779//3779 2322//2322
f 393//393 3781//3781 1704//1704
f 822//822 3781//3781 3780//3780
f 395//395 3781//3781 3778//3778
f 391//391 3782//3782 3783//3783
f 820//820 3782//3782 2316//2316
f 820//820 3784//3784 3783//3783
f 393//393 3784//3784 3779//3779
f 392//392 3785//3785 3786//3786
f 818//818 3785//3785 2314//2314
f 392//392 3787//3787 1695//1695
f 818//818 3787//3787 3786//3786
f 391//391 3787//3787 3782//3782
f 394//394 3788//3788 3789//3789
f 819//819 3788//3788 2320//2320
f 394//394 3791//3791 3788//3788
f 823//823 3791//3791 3790//3790
f 821//821 3791//3791 2326//2326
f 394//394 3792//3792 1700//1700
f 819//819 3792//3792 3789//3789
f 392//392 3792//3792 3785//3785
f 396//396 3793//3793 1706//1706
f 394//394 3793//3793 3790//3790
f 398//398 3795//3795 1712//1712
f 823//823 3795//3795 3794//3794
f 396//396 3795//3795 3793//3793
f 398//398 3796//3796 3794//3794
f 823//823 3796//3796 2332//2332
f 400//400 3798//3798 1718//1718
f 825//825 3798//3798 3797//3797
f 398//398 3798//3798 3796//3796
f 400//400 3799//3799 3797//3797
f 825//825 3799//3799 2338//2338
f 402//402 3800//3800 3801//3801
f 827//827 3800//3800 2343//2343
f 402//402 3802//3802 1724//1724
f 827//827 3802//3802 3801//3801
f 400//400 3802//3802 3799//3799
f 402//402 3804//3804 3800//3800
f 831//831 3804//3804 3803//3803
f 829//829 3804//3804 2348//2348
f 404//404 3805//3805 1726//1726
f 831//831 3805//3805 404//404
f 402//402 3805//3805 3803//3803
f 831//831 3806//3806 2350//2350
f 831//831 3807//3807 406//406
f 408//408 3810//3810 3809//3809
f 835//835 3810//3810 3808//3808
f 833//833 3810//3810 2353//2353
f 408//408 3811//3811 1729//1729
f 833//833 3811//3811 3809//3809
f 406//406 3811//3811 3806//3806
f 835//835 3812//3812 2355//2355
f 835//835 3808//3808 411//411
f 838//838 3813//3813 2362//2362
f 838//838 3814//3814 415//415
f 411//411 3814//3814 3812//3812
f 842//842 3815//3815 2367//2367
f 418//418 3816//3816 1740//1740
f 842//842 3816//3816 418//418
f 415//415 3816//3816 3813//3813
f 421//421 3817//3817 3818//3818
f 845//845 3817//3817 2371//2371
f 421//421 3820//3820 3817//3817
f 849//849 3820//3820 2375//2375
f 421//421 3821//3821 1744//1744
f 845//845 3821//3821 3818//3818
f 418//418 3821//3821 3815//3815
f 425//425 3822//3822 1748//1748
f 421//421 3822//3822 3819//3819
f 425//425 3824//3824 3822//3822
f 856//856 3824//3824 3823//3823
f 428//428 3826//3826 1751//1751
f 856//856 3826//3826 3825//3825
f 425//425 3826//3826 3823//3823
f 856//856 3827//3827 2383//2383
f 431//431 3825//3825 1753//1753
f 856//856 3825//3825 431//431
f 433//433 3828//3828 3829//3829
f 859//859 3828//3828 2384//2384
f 433//433 3831//3831 3828//3828
f 864//864 3831//3831 3830//3830
f 433//433 3832//3832 1755//1755
f 859//859 3832//3832 3829//3829
f 431//431 3832//3832 3827//3827
f 864//864 3833//3833 436//436
f 433//433 3833//3833 3830//3830
f 864//864 3834//3834 2397//2397
f 864//864 3835//3835 440//440
f 869//869 3836//3836 2400//2400
f 869//869 3837//3837 444//444
f 440//440 3837//3837 3834//3834
f 871//871 3838//3838 2405//2405
f 871//871 3839//3839 448//448
f 444//444 3839//3839 3836//3836
f 874//874 3840//3840 2410//2410
f 874//874 3841//3841 452//452
f 448//448 3841//3841 3838//3838
f 877//877 3842//3842 2414//2414
f 877//877 3843//3843 458//458
f 452//452 3843//3843 3840//3840
f 461//461 3845//3845 1783//1783
f 881//881 3845//3845 3844//3844
f 458//458 3845//3845 3842//3842
f 461//461 3846//3846 3844//3844
f 886//886 3846//3846 3675//3675
f 881//881 3846//3846 2421//2421
f 980//980 3848//3848 3847//3847
f 956//956 3848//3848 980//980
f 957//957 3848//3848 3584//3584
f 981//981 3850//3850 3849//3849
f 956//956 3850//3850 981//981
f 982//982 3852//3852 3851//3851
f 955//955 3852//3852 982//982
f 956//956 3852//3852 3581//3581
f 982//982 3854//3854 3853//3853
f 956//956 3854//3854 3851//3851
f 983//983 3856//3856 3855//3855
f 957//957 3856//3856 983//983
f 958//958 3856//3856 3590//3590
f 980//980 3858//3858 3857//3857
f 957//957 3858//3858 3847//3847
f 984//984 3860//3860 3859//3859
f 954//954 3860//3860 984//984
f 984//984 3862//3862 3861//3861
f 955//955 3862//3862 3859//3859
f 985//985 3864//3864 3863//3863
f 958//958 3864//3864 985//985
f 959//959 3864//3864 3594//3594
f 985//985 3866//3866 3865//3865
f 959//959 3866//3866 3863//3863
f 983//983 3868//3868 3867//3867
f 958//958 3868//3868 3855//3855
f 986//986 3870//3870 3869//3869
f 953//953 3870//3870 986//986
f 954//954 3870//3870 3575//3575
f 986//986 3872//3872 3871//3871
f 954//954 3872//3872 3869//3869
f 987//987 3874//3874 3873//3873
f 985//985 3874//3874 987//987
f 960//960 3874//3874 3865//3865
f 988//988 3876//3876 3875//3875
f 952//952 3876//3876 988//988
f 953//953 3876//3876 3569//3569
f 988//988 3878//3878 3877//3877
f 953//953 3878//3878 3875//3875
f 989//989 3880//3880 3879//3879
f 960//960 3880//3880 989//989
f 987//987 3882//3882 3881//3881
f 960//960 3882//3882 3873//3873
f 990//990 3884//3884 3883//3883
f 951//951 3884//3884 990//990
f 990//990 3886//3886 3885//3885
f 952//952 3886//3886 3883//3883
f 991//991 3888//3888 3887//3887
f 961//961 3888//3888 991//991
f 989//989 3890//3890 3889//3889
f 961//961 3890//3890 3879//3879
f 992//992 3892//3892 3891//3891
f 950//950 3892//3892 992//992
f 992//992 3894//3894 3893//3893
f 951//951 3894//3894 3891//3891
f 993//993 3896//3896 3895//3895
f 962//962 3896//3896 993//993
f 963//963 3896//3896 3608//3608
f 991//991 3898//3898 3897//3897
f 962//962 3898//3898 3887//3887
f 994//994 3900//3900 3899//3899
f 948//948 3900//3900 994//994
f 994//994 3902//3902 3901//3901
f 949//949 3902//3902 3899//3899
f 994//994 3904//3904 3903//3903
f 950//950 3904//3904 3901//3901
f 995//995 3906//3906 3905//3905
f 963//963 3906//3906 995//995
f 964//964 3906//3906 3612//3612
f 995//995 3908//3908 3907//3907
f 964//964 3908//3908 3905//3905
f 965//965 3908//3908 3616//3616
f 993//993 3910//3910 3909//3909
f 963//963 3910//3910 3895//3895
f 996//996 3912//3912 3911//3911
f 948//948 3912//3912 996//996
f 997//997 3914//3914 3913//3913
f 995//995 3914//3914 997//997
f 965//965 3914//3914 3907//3907
f 998//998 3916//3916 3915//3915
f 947//947 3916//3916 998//998
f 998//998 3918//3918 3917//3917
f 948//948 3918//3918 3915//3915
f 999//999 3920//3920 3919//3919
f 965//965 3920//3920 999//999
f 966//966 3920//3920 3620//3620
f 997//997 3922//3922 3921//3921
f 965//965 3922//3922 3913//3913
f 1000//1000 3924//3924 3923//3923
f 947//947 3924//3924 1000//1000
f 946//946 3926//3926 3925//3925
f 1001//1001 3928//3928 3927//3927
f 999//999 3928//3928 1001//1001
f 966//966 3928//3928 3919//3919
f 1001//1001 3930//3930 3929//3929
f 966//966 3930//3930 3927//3927
f 967//967 3930//3930 3624//3624
f 1002//1002 3932//3932 3931//3931
f 946//946 3932//3932 1002//1002
f 1000//1000 3932//3932 3925//3925
f 945//945 3934//3934 3933//3933
f 944//944 3936//3936 3935//3935
f 1002//1002 3936//3936 3933//3933
f 1003//1003 3938//3938 3937//3937
f 1001//1001 3938//3938 1003//1003
f 967//967 3938//3938 3929//3929
f 1003//1003 3940//3940 3939//3939
f 967//967 3940//3940 3937//3937
f 968//968 3940//3940 3628//3628
f 1004//1004 3942//3942 3941//3941
f 944//944 3942//3942 1004//1004
f 1002//1002 3942//3942 3935//3935
f 1005//1005 3944//3944 3943//3943
f 1003//1003 3944//3944 1005//1005
f 968//968 3944//3944 3939//3939
f 1005//1005 3946//3946 3945//3945
f 968//968 3946//3946 3943//3943
f 969//969 3946//3946 3632//3632
f 1006//1006 3948//3948 3947//3947
f 943//943 3948//3948 1006//1006
f 1006//1006 3950//3950 3949//3949
f 944//944 3950//3950 3947//3947
f 1007//1007 3952//3952 3951//3951
f 1005//1005 3952//3952 1007//1007
f 969//969 3952//3952 3945//3945
f 1007//1007 3954//3954 3953//3953
f 969//969 3954//3954 3951//3951
f 970//970 3954//3954 3638//3638
f 1008//1008 3956//3956 3955//3955
f 942//942 3956//3956 1008//1008
f 1008//1008 3958//3958 3957//3957
f 943//943 3958//3958 3955//3955
f 1009//1009 3960//3960 3959//3959
f 970//970 3960//3960 1009//1009
f 1007//1007 3962//3962 3961//3961
f 970//970 3962//3962 3953//3953
f 1010//1010 3964//3964 3963//3963
f 941//941 3964//3964 1010//1010
f 1010//1010 3966//3966 3965//3965
f 942//942 3966//3966 3963//3963
f 1011//1011 3968//3968 3967//3967
f 1009//1009 3968//3968 1011//1011
f 971//971 3968//3968 3959//3959
f 1011//1011 3970//3970 3969//3969
f 971//971 3970//3970 3967//3967
f 972//972 3970//3970 3643//3643
f 1012//1012 3972//3972 3971//3971
f 941//941 3972//3972 1012//1012
f 940//940 3974//3974 3973//3973
f 973//973 3977//3977 3976//3976
f 1013//1013 3977//3977 3975//3975
f 1011//1011 3977//3977 1013//1013
f 973//973 3978//3978 3646//3646
f 1011//1011 3978//3978 3976//3976
f 972//972 3978//3978 3969//3969
f 1014//1014 3980//3980 3979//3979
f 1013//1013 3980//3980 1014//1014
f 973//973 3980//3980 3975//3975
f 939//939 3982//3982 3981//3981
f 1012//1012 3982//3982 3973//3973
f 939//939 3984//3984 1015//1015
f 1012//1012 3984//3984 3981//3981
f 1015//1015 3984//3984 3983//3983
f 974//974 3986//3986 3649//3649
f 1014//1014 3986//3986 3985//3985
f 973//973 3986//3986 3979//3979
f 938//938 3988//3988 3987//3987
f 938//938 3990//3990 1016//1016
f 1015//1015 3990//3990 3987//3987
f 1016//1016 3990//3990 3989//3989
f 1017//1017 3992//3992 3991//3991
f 938//938 3992//3992 1017//1017
f 975//975 3995//3995 3994//3994
f 1018//1018 3995//3995 3993//3993
f 1014//1014 3995//3995 1018//1018
f 975//975 3996//3996 3653//3653
f 1014//1014 3996//3996 3994//3994
f 974//974 3996//3996 3985//3985
f 937//937 3998//3998 3997//3997
f 976//976 4001//4001 4000//4000
f 1019//1019 4001//4001 3999//3999
f 1018//1018 4001//4001 1019//1019
f 976//976 4002//4002 3657//3657
f 1018//1018 4002//4002 4000//4000
f 975//975 4002//4002 3993//3993
f 936//936 4005//4005 1020//1020
f 1017//1017 4005//4005 4003//4003
f 1020//1020 4005//4005 4004//4004
f 936//936 4006//4006 4003//4003
f 1017//1017 4006//4006 3997//3997
f 977//977 4009//4009 4008//4008
f 1021//1021 4009//4009 4007//4007
f 1019//1019 4009//4009 1021//1021
f 977//977 4010//4010 3661//3661
f 1019//1019 4010//4010 4008//4008
f 976//976 4010//4010 3999//3999
f 935//935 4013//4013 1022//1022
f 1020//1020 4013//4013 4011//4011
f 1022//1022 4013//4013 4012//4012
f 935//935 4014//4014 4011//4011
f 978//978 4017//4017 4016//4016
f 1023//1023 4017//4017 4015//4015
f 1021//1021 4017//4017 1023//1023
f 978//978 4019//4019 4015//4015
f 1024//1024 4019//4019 4018//4018
f 1023//1023 4019//4019 1024//1024
f 978//978 4020//4020 3665//3665
f 1021//1021 4020//4020 4016//4016
f 977//977 4020//4020 4007//4007
f 934//934 4022//4022 4021//4021
f 934//934 4024//4024 1026//1026
f 1025//1025 4024//4024 4023//4023
f 1026//1026 4024//4024 1025//1025
f 934//934 4026//4026 4023//4023
f 1022//1022 4026//4026 4021//4021
f 1025//1025 4026//4026 4025//4025
f 979//979 4029//4029 4028//4028
f 1027//1027 4029//4029 4027//4027
f 1024//1024 4029//4029 1027//1027
f 979//979 4030//4030 3669//3669
f 1024//1024 4030//4030 4028//4028
f 978//978 4030//4030 4018//4018
f 933//933 4032//4032 4031//4031
f 934//934 4032//4032 3501//3501
f 918//918 4034//4034 3673//3673
f 1027//1027 4034//4034 4033//4033
f 979//979 4034//4034 4027//4027
f 932//932 4036//4036 4035//4035
f 933//933 4036//4036 3497//3497
f 1026//1026 4036//4036 4031//4031
f 932//932 4038//4038 1029//1029
f 1028//1028 4038//4038 4037//4037
f 1029//1029 4038//4038 1028//1028
f 932//932 4040//4040 4037//4037
f 1026//1026 4040//4040 4035//4035
f 1028//1028 4040//4040 4039//4039
f 1027//1027 4042//4042 4041//4041
f 918//918 4042//4042 4033//4033
f 917//917 4044//4044 4041//4041
f 1030//1030 4044//4044 4043//4043
f 1027//1027 4044//4044 1030//1030
f 931//931 4046//4046 4045//4045
f 932//932 4046//4046 3493//3493
f 1030//1030 4048//4048 4047//4047
f 917//917 4048//4048 4043//4043
f 919//919 4050//4050 4047//4047
f 1031//1031 4050//4050 4049//4049
f 1030//1030 4050//4050 1031//1031
f 919//919 4052//4052 4049//4049
f 1032//1032 4052//4052 4051//4051
f 1031//1031 4052//4052 1032//1032
f 930//930 4054//4054 4053//4053
f 931//931 4054//4054 3487//3487
f 1029//1029 4054//4054 4045//4045
f 930//930 4056//4056 1034//1034
f 1033//1033 4056//4056 4055//4055
f 1034//1034 4056//4056 1033//1033
f 930//930 4058//4058 4055//4055
f 1029//1029 4058//4058 4053//4053
f 1033//1033 4058//4058 4057//4057
f 1032//1032 4060//4060 4059//4059
f 919//919 4060//4060 4051//4051
f 920//920 4062//4062 4059//4059
f 1035//1035 4062//4062 4061//4061
f 1032//1032 4062//4062 1035//1035
f 929//929 4064//4064 4063//4063
f 930//930 4064//4064 3483//3483
f 1035//1035 4066//4066 4065//4065
f 920//920 4066//4066 4061//4061
f 921//921 4068//4068 4065//4065
f 1036//1036 4068//4068 4067//4067
f 1035//1035 4068//4068 1036//1036
f 928//928 4070//4070 4069//4069
f 1034//1034 4070//4070 4063//4063
f 928//928 4072//4072 1037//1037
f 1034//1034 4072//4072 4069//4069
f 1037//1037 4072//4072 4071//4071
f 1036//1036 4074//4074 4073//4073
f 921//921 4074//4074 4067//4067
f 927//927 4076//4076 4075//4075
f 928//928 4076//4076 3478//3478
f 927//927 4078//4078 1039//1039
f 1038//1038 4078//4078 4077//4077
f 1039//1039 4078//4078 1038//1038
f 927//927 4080//4080 4077//4077
f 1037//1037 4080//4080 4075//4075
f 1038//1038 4080//4080 4079//4079
f 1036//1036 4082//4082 4081//4081
f 922//922 4082//4082 4073//4073
f 923//923 4084//4084 4081//4081
f 1040//1040 4084//4084 4083//4083
f 1036//1036 4084//4084 1040//1040
f 926//926 4086//4086 4085//4085
f 927//927 4086//4086 3475//3475
f 926//926 4088//4088 1041//1041
f 1039//1039 4088//4088 4085//4085
f 1041//1041 4088//4088 4087//4087
f 924//924 4091//4091 4090//4090
f 1042//1042 4091//4091 4089//4089
f 1040//1040 4091//4091 1042//1042
f 1040//1040 4092//4092 4090//4090
f 923//923 4092//4092 4083//4083
f 925//925 4096//4096 4095//4095
f 1041//1041 4096//4096 4093//4093
f 1042//1042 4096//4096 4094//4094
f 1042//1042 4097//4097 4095//4095
f 924//924 4097//4097 4089//4089
f 925//925 4098//4098 4093//4093
f 1043//1043 4100//4100 4101//4101
f 1044//1044 4100//4100 4099//4099
f 1043//1043 4103//4103 4102//4102
f 1027//1027 4103//4103 4101//4101
f 1045//1045 4102//4102 4105//4105
f 1043//1043 4102//4102 4104//4104
f 1045//1045 4107//4107 4106//4106
f 1030//1030 4107//4107 4105//4105
f 1046//1046 4106//4106 4109//4109
f 1045//1045 4106//4106 4108//4108
f 1046//1046 4111//4111 4110//4110
f 1031//1031 4111//4111 4109//4109
f 1047//1047 4110//4110 4112//4112
f 1046//1046 4110//4110 1047//1047
f 1047//1047 4114//4114 4113//4113
f 1032//1032 4114//4114 4112//4112
f 1048//1048 4117//4117 4116//4116
f 1047//1047 4117//4117 4115//4115
f 1035//1035 4117//4117 4113//4113
f 1048//1048 4119//4119 4118//4118
f 1035//1035 4119//4119 4116//4116
f 1048//1048 4118//4118 4120//4120
f 1049//1049 4123//4123 4122//4122
f 1048//1048 4123//4123 4121//4121
f 1040//1040 4123//4123 4120//4120
f 1050//1050 4122//4122 4125//4125
f 1049//1049 4122//4122 4124//4124
f 1050//1050 4127//4127 4126//4126
f 1040//1040 4127//4127 4125//4125
f 1050//1050 4126//4126 4128//4128
f 1041//1041 4126//4126 4094//4094
f 1051//1051 4131//4131 4130//4130
f 1050//1050 4131//4131 4129//4129
f 1041//1041 4131//4131 4128//4128
f 1052//1052 4130//4130 4133//4133
f 1051//1051 4130//4130 4132//4132
f 1052//1052 4135//4135 4134//4134
f 1041//1041 4135//4135 4133//4133
f 1039//1039 4135//4135 4087//4087
f 1052//1052 4134//4134 4136//4136
f 1053//1053 4138//4138 4137//4137
f 1052//1052 4138//4138 1053//1053
f 1038//1038 4138//4138 4136//4136
f 1054//1054 4141//4141 4140//4140
f 1053//1053 4141//4141 4139//4139
f 1038//1038 4141//4141 4137//4137
f 1054//1054 4143//4143 4142//4142
f 1038//1038 4143//4143 4140//4140
f 1037//1037 4143//4143 4079//4079
f 1055//1055 4146//4146 4145//4145
f 1037//1037 4146//4146 4144//4144
f 1034//1034 4146//4146 4071//4071
f 1055//1055 4142//4142 4144//4144
f 1054//1054 4142//4142 4147//4147
f 1056//1056 4150//4150 4149//4149
f 1034//1034 4150//4150 4148//4148
f 1056//1056 4145//4145 4148//4148
f 1055//1055 4145//4145 4151//4151
f 1057//1057 4154//4154 4153//4153
f 1033//1033 4154//4154 4152//4152
f 1029//1029 4154//4154 4057//4057
f 1057//1057 4149//4149 4152//4152
f 1056//1056 4149//4149 4155//4155
f 1058//1058 4158//4158 4157//4157
f 1029//1029 4158//4158 4156//4156
f 1058//1058 4153//4153 4156//4156
f 1057//1057 4153//4153 4159//4159
f 1059//1059 4162//4162 4161//4161
f 1028//1028 4162//4162 4160//4160
f 1026//1026 4162//4162 4039//4039
f 1059//1059 4157//4157 4160//4160
f 1058//1058 4157//4157 4163//4163
f 1060//1060 4166//4166 4165//4165
f 1026//1026 4166//4166 4164//4164
f 1060//1060 4161//4161 4164//4164
f 1059//1059 4161//4161 4167//4167
f 4171//4171 4165//4165 4169//4169
f 1060//1060 4165//4165 4168//4168
f 1025//1025 4170//4170 4169//4169
f 1022//1022 4170//4170 4025//4025
f 1022//1022 4172//4172 4170//4170
f 1020//1020 4172//4172 4012//4012
f 1061//1061 4174//4174 4173//4173
f 4171//4171 4174//4174 1061//1061
f 1020//1020 4174//4174 4171//4171
f 1062//1062 4177//4177 4176//4176
f 1061//1061 4177//4177 4175//4175
f 1020//1020 4177//4177 4173//4173
f 1062//1062 4179//4179 4178//4178
f 1020//1020 4179//4179 4176//4176
f 1017//1017 4179//4179 4004//4004
f 1062//1062 4178//4178 4180//4180
f 1016//1016 4178//4178 3991//3991
f 1063//1063 4183//4183 4182//4182
f 1062//1062 4183//4183 4181//4181
f 1016//1016 4183//4183 4180//4180
f 1064//1064 4182//4182 4184//4184
f 1063//1063 4182//4182 1064//1064
f 1064//1064 4186//4186 4185//4185
f 1016//1016 4186//4186 4184//4184
f 1015//1015 4186//4186 3989//3989
f 1065//1065 4189//4189 4188//4188
f 1064//1064 4189//4189 4187//4187
f 1015//1015 4189//4189 4185//4185
f 1065//1065 4191//4191 4190//4190
f 1015//1015 4191//4191 4188//4188
f 1012//1012 4191//4191 3983//3983
f 1066//1066 4190//4190 4192//4192
f 1065//1065 4190//4190 1066//1066
f 1066//1066 4194//4194 4193//4193
f 1012//1012 4194//4194 4192//4192
f 1010//1010 4194//4194 3971//3971
f 1067//1067 4197//4197 4196//4196
f 1066//1066 4197//4197 4195//4195
f 1010//1010 4197//4197 4193//4193
f 1067//1067 4199//4199 4198//4198
f 1010//1010 4199//4199 4196//4196
f 1008//1008 4199//4199 3965//3965
f 1068//1068 4198//4198 4201//4201
f 1067//1067 4198//4198 4200//4200
f 1008//1008 4202//4202 4201//4201
f 1006//1006 4202//4202 3957//3957
f 1068//1068 4204//4204 4203//4203
f 1006//1006 4204//4204 4202//4202
f 1004//1004 4204//4204 3949//3949
f 1069//1069 4207//4207 4206//4206
f 1068//1068 4207//4207 4205//4205
f 1004//1004 4207//4207 4203//4203
f 1070//1070 4206//4206 4209//4209
f 1069//1069 4206//4206 4208//4208
f 1070//1070 4211//4211 4210//4210
f 1004//1004 4211//4211 4209//4209
f 1002//1002 4211//4211 3941//3941
f 1071//1071 4210//4210 4213//4213
f 1070//1070 4210//4210 4212//4212
f 1071//1071 4215//4215 4214//4214
f 1002//1002 4215//4215 4213//4213
f 1000//1000 4215//4215 3931//3931
f 1072//1072 4214//4214 4217//4217
f 1071//1071 4214//4214 4216//4216
f 1072//1072 4219//4219 4218//4218
f 1000//1000 4219//4219 4217//4217
f 998//998 4219//4219 3923//3923
f 1073//1073 4218//4218 4221//4221
f 1072//1072 4218//4218 4220//4220
f 1073//1073 4223//4223 4222//4222
f 998//998 4223//4223 4221//4221
f 996//996 4223//4223 3917//3917
f 1074//1074 4222//4222 4224//4224
f 1073//1073 4222//4222 1074//1074
f 1074//1074 4226//4226 4225//4225
f 996//996 4226//4226 4224//4224
f 994//994 4226//4226 3911//3911
f 1075//1075 4229//4229 4228//4228
f 1074//1074 4229//4229 4227//4227
f 994//994 4229//4229 4225//4225
f 1075//1075 4231//4231 4230//4230
f 994//994 4231//4231 4228//4228
f 992//992 4231//4231 3903//3903
f 1076//1076 4230//4230 4232//4232
f 1075//1075 4230//4230 1076//1076
f 1076//1076 4234//4234 4233//4233
f 992//992 4234//4234 4232//4232
f 990//990 4234//4234 3893//3893
f 1077//1077 4235//4235 4236//4236
f 986//986 4235//4235 3877//3877
f 1077//1077 4239//4239 4238//4238
f 1076//1076 4239//4239 4237//4237
f 990//990 4239//4239 4233//4233
f 1077//1077 4240//4240 4235//4235
f 990//990 4240//4240 4238//4238
f 988//988 4240//4240 3885//3885
f 1078//1078 4242//4242 4241//4241
f 986//986 4242//4242 4244//4244
f 984//984 4242//4242 3871//3871
f 1077//1077 4244//4244 4243//4243
f 986//986 4244//4244 4236//4236
f 1079//1079 4247//4247 4246//4246
f 1078//1078 4247//4247 4245//4245
f 984//984 4247//4247 4241//4241
f 1080//1080 4250//4250 4249//4249
f 984//984 4250//4250 4248//4248
f 982//982 4250//4250 3861//3861
f 1080//1080 4249//4249 4251//4251
f 981//981 4249//4249 3853//3853
f 1080//1080 4246//4246 4248//4248
f 1079//1079 4246//4246 4252//4252
f 1081//1081 4255//4255 4254//4254
f 1080//1080 4255//4255 4253//4253
f 981//981 4255//4255 4251//4251
f 1082//1082 4258//4258 4257//4257
f 981//981 4258//4258 4256//4256
f 980//980 4258//4258 3849//3849
f 1082//1082 4254//4254 4256//4256
f 1081//1081 4254//4254 4259//4259
f 1083//1083 4262//4262 4261//4261
f 980//980 4262//4262 4260//4260
f 983//983 4262//4262 3857//3857
f 1083//1083 4257//4257 4260//4260
f 1082//1082 4257//4257 4263//4263
f 1084//1084 4266//4266 4265//4265
f 983//983 4266//4266 4264//4264
f 985//985 4266//4266 3867//3867
f 1084//1084 4261//4261 4264//4264
f 1083//1083 4261//4261 4267//4267
f 1085//1085 4265//4265 4269//4269
f 1084//1084 4265//4265 4268//4268
f 1085//1085 4271//4271 4270//4270
f 985//985 4271//4271 4269//4269
f 1086//1086 4270//4270 4273//4273
f 1085//1085 4270//4270 4272//4272
f 987//987 4274//4274 4273//4273
f 989//989 4274//4274 3881//3881
f 1086//1086 4276//4276 4275//4275
f 989//989 4276//4276 4274//4274
f 991//991 4276//4276 3889//3889
f 1087//1087 4278//4278 4277//4277
f 991//991 4278//4278 1087//1087
f 993//993 4278//4278 3897//3897
f 1086//1086 4280//4280 4279//4279
f 991//991 4280//4280 4275//4275
f 1088//1088 4283//4283 4282//4282
f 1087//1087 4283//4283 4281//4281
f 993//993 4283//4283 4277//4277
f 1089//1089 4286//4286 4285//4285
f 993//993 4286//4286 4284//4284
f 995//995 4286//4286 3909//3909
f 1089//1089 4282//4282 4284//4284
f 1088//1088 4282//4282 4287//4287
f 1090//1090 4290//4290 4289//4289
f 995//995 4290//4290 4288//4288
f 1090//1090 4289//4289 4291//4291
f 999//999 4289//4289 3921//3921
f 1090//1090 4285//4285 4288//4288
f 1089//1089 4285//4285 4292//4292
f 1091//1091 4295//4295 4294//4294
f 1090//1090 4295//4295 4293//4293
f 999//999 4295//4295 4291//4291
f 1092//1092 4298//4298 4297//4297
f 999//999 4298//4298 4296//4296
f 1092//1092 4297//4297 4299//4299
f 1092//1092 4294//4294 4296//4296
f 1091//1091 4294//4294 4300//4300
f 1093//1093 4303//4303 4302//4302
f 1092//1092 4303//4303 4301//4301
f 1003//1003 4303//4303 4299//4299
f 1094//1094 4306//4306 4305//4305
f 1003//1003 4306//4306 4304//4304
f 1094//1094 4302//4302 4304//4304
f 1093//1093 4302//4302 4307//4307
f 1095//1095 4310//4310 4309//4309
f 1005//1005 4310//4310 4308//4308
f 1095//1095 4305//4305 4308//4308
f 1094//1094 4305//4305 4311//4311
f 1096//1096 4314//4314 4313//4313
f 1007//1007 4314//4314 4312//4312
f 1009//1009 4314//4314 3961//3961
f 1096//1096 4309//4309 4312//4312
f 1095//1095 4309//4309 4315//4315
f 1097//1097 4317//4317 4316//4316
f 1009//1009 4317//4317 1097//1097
f 1096//1096 4313//4313 4318//4318
f 1098//1098 4321//4321 4320//4320
f 1011//1011 4321//4321 4319//4319
f 1098//1098 4320//4320 4322//4322
f 1098//1098 4324//4324 4319//4319
f 1097//1097 4324//4324 4323//4323
f 1011//1011 4324//4324 4316//4316
f 1099//1099 4326//4326 4325//4325
f 1098//1098 4326//4326 1099//1099
f 1014//1014 4326//4326 4322//4322
f 1100//1100 4329//4329 4328//4328
f 1014//1014 4329//4329 4327//4327
f 1100//1100 4331//4331 4327//4327
f 1099//1099 4331//4331 4330//4330
f 1014//1014 4331//4331 4325//4325
f 1101//1101 4334//4334 4333//4333
f 1018//1018 4334//4334 4332//4332
f 1101//1101 4328//4328 4332//4332
f 1100//1100 4328//4328 4335//4335
f 1102//1102 4338//4338 4337//4337
f 1019//1019 4338//4338 4336//4336
f 1102//1102 4333//4333 4336//4336
f 1101//1101 4333//4333 4339//4339
f 1103//1103 4342//4342 4341//4341
f 1021//1021 4342//4342 4340//4340
f 1103//1103 4337//4337 4340//4340
f 1102//1102 4337//4337 4343//4343
f 1104//1104 4345//4345 4344//4344
f 1023//1023 4345//4345 1104//1104
f 1104//1104 4347//4347 4346//4346
f 1024//1024 4347//4347 4344//4344
f 1103//1103 4341//4341 4348//4348
f 1044//1044 4350//4350 4100//4100
f 1104//1104 4350//4350 4349//4349
f 1027//1027 4350//4350 4346//4346
f 1105//1105 4351//4351 4352//4352
f 1082//1082 4351//4351 4259//4259
f 1105//1105 4355//4355 4351//4351
f 1106//1106 4355//4355 4353//4353
f 1081//1081 4355//4355 4354//4354
f 1107//1107 4356//4356 4357//4357
f 1081//1081 4356//4356 4253//4253
f 1107//1107 4359//4359 4358//4358
f 1081//1081 4359//4359 4357//4357
f 1106//1106 4359//4359 4354//4354
f 1108//1108 4360//4360 4361//4361
f 1083//1083 4360//4360 4263//4263
f 1108//1108 4363//4363 4360//4360
f 1105//1105 4363//4363 4362//4362
f 1082//1082 4363//4363 4352//4352
f 1109//1109 4364//4364 4365//4365
f 1080//1080 4364//4364 4252//4252
f 1109//1109 4367//4367 4366//4366
f 1080//1080 4367//4367 4365//4365
f 1107//1107 4367//4367 4356//4356
f 1110//1110 4368//4368 4369//4369
f 1084//1084 4368//4368 4267//4267
f 1110//1110 4371//4371 4368//4368
f 1108//1108 4371//4371 4370//4370
f 1083//1083 4371//4371 4361//4361
f 1111//1111 4372//4372 4373//4373
f 1079//1079 4372//4372 4245//4245
f 1111//1111 4375//4375 4374//4374
f 1079//1079 4375//4375 4373//4373
f 1109//1109 4375//4375 4364//4364
f 1112//1112 4378//4378 4377//4377
f 1110//1110 4378//4378 4376//4376
f 1084//1084 4378//4378 4369//4369
f 1112//1112 4377//4377 4379//4379
f 1085//1085 4377//4377 4268//4268
f 1113//1113 4380//4380 4381//4381
f 1078//1078 4380//4380 4243//4243
f 1113//1113 4383//4383 4382//4382
f 1078//1078 4383//4383 4381//4381
f 1111//1111 4383//4383 4372//4372
f 1114//1114 4384//4384 4385//4385
f 1086//1086 4384//4384 4272//4272
f 1114//1114 4387//4387 4384//4384
f 1112//1112 4387//4387 4386//4386
f 1085//1085 4387//4387 4379//4379
f 1115//1115 4388//4388 4389//4389
f 1115//1115 4389//4389 4390//4390
f 1077//1077 4389//4389 4237//4237
f 1115//1115 4392//4392 4391//4391
f 1077//1077 4392//4392 4390//4390
f 1113//1113 4392//4392 4380//4380
f 1116//1116 4393//4393 4394//4394
f 1087//1087 4393//4393 4279//4279
f 1116//1116 4394//4394 4395//4395
f 1088//1088 4394//4394 4281//4281
f 1116//1116 4397//4397 4393//4393
f 1114//1114 4397//4397 4396//4396
f 1086//1086 4397//4397 4385//4385
f 1117//1117 4400//4400 4399//4399
f 1075//1075 4400//4400 4398//4398
f 1115//1115 4400//4400 4388//4388
f 1118//1118 4403//4403 4402//4402
f 1116//1116 4403//4403 4401//4401
f 1088//1088 4403//4403 4395//4395
f 1119//1119 4404//4404 4405//4405
f 1119//1119 4405//4405 4406//4406
f 1075//1075 4405//4405 4227//4227
f 1119//1119 4408//4408 4407//4407
f 1075//1075 4408//4408 4406//4406
f 1117//1117 4408//4408 4398//4398
f 1120//1120 4409//4409 4410//4410
f 1089//1089 4409//4409 4287//4287
f 1120//1120 4412//4412 4409//4409
f 1118//1118 4412//4412 4411//4411
f 1088//1088 4412//4412 4402//4402
f 1121//1121 4415//4415 4414//4414
f 1073//1073 4415//4415 4413//4413
f 1119//1119 4415//4415 4404//4404
f 1122//1122 4416//4416 4417//4417
f 1090//1090 4416//4416 4292//4292
f 1122//1122 4419//4419 4416//4416
f 1120//1120 4419//4419 4418//4418
f 1089//1089 4419//4419 4410//4410
f 1123//1123 4420//4420 4421//4421
f 1073//1073 4420//4420 4220//4220
f 1123//1123 4423//4423 4422//4422
f 1073//1073 4423//4423 4421//4421
f 1121//1121 4423//4423 4413//4413
f 1124//1124 4424//4424 4425//4425
f 1091//1091 4424//4424 4293//4293
f 1124//1124 4427//4427 4424//4424
f 1122//1122 4427//4427 4426//4426
f 1090//1090 4427//4427 4417//4417
f 1125//1125 4430//4430 4429//4429
f 1072//1072 4430//4430 4428//4428
f 1123//1123 4430//4430 4420//4420
f 1125//1125 4431//4431 4428//4428
f 1072//1072 4431//4431 4216//4216
f 1126//1126 4432//4432 4433//4433
f 1092//1092 4432//4432 4300//4300
f 1126//1126 4435//4435 4432//4432
f 1124//1124 4435//4435 4434//4434
f 1091//1091 4435//4435 4425//4425
f 1127//1127 4438//4438 4437//4437
f 1071//1071 4438//4438 4436//4436
f 1125//1125 4438//4438 4431//4431
f 1127//1127 4439//4439 4436//4436
f 1071//1071 4439//4439 4212//4212
f 1128//1128 4442//4442 4441//4441
f 1126//1126 4442//4442 4440//4440
f 1092//1092 4442//4442 4433//4433
f 1128//1128 4441//4441 4443//4443
f 1093//1093 4441//4441 4301//4301
f 1129//1129 4444//4444 4445//4445
f 1070//1070 4444//4444 4208//4208
f 1129//1129 4447//4447 4446//4446
f 1070//1070 4447//4447 4445//4445
f 1127//1127 4447//4447 4439//4439
f 1130//1130 4450//4450 4449//4449
f 1128//1128 4450//4450 4448//4448
f 1093//1093 4450//4450 4443//4443
f 1130//1130 4449//4449 4451//4451
f 1094//1094 4449//4449 4307//4307
f 1131//1131 4454//4454 4453//4453
f 1069//1069 4454//4454 4452//4452
f 1129//1129 4454//4454 4444//4444
f 1131//1131 4455//4455 4452//4452
f 1069//1069 4455//4455 4205//4205
f 1132//1132 4458//4458 4457//4457
f 1130//1130 4458//4458 4456//4456
f 1094//1094 4458//4458 4451//4451
f 1132//1132 4457//4457 4459//4459
f 1095//1095 4457//4457 4311//4311
f 1133//1133 4460//4460 4461//4461
f 1068//1068 4460//4460 4200//4200
f 1133//1133 4463//4463 4462//4462
f 1068//1068 4463//4463 4461//4461
f 1131//1131 4463//4463 4455//4455
f 1134//1134 4466//4466 4465//4465
f 1132//1132 4466//4466 4464//4464
f 1095//1095 4466//4466 4459//4459
f 1134//1134 4465//4465 4467//4467
f 1096//1096 4465//4465 4315//4315
f 1135//1135 4468//4468 4469//4469
f 1067//1067 4468//4468 4195//4195
f 1135//1135 4471//4471 4470//4470
f 1067//1067 4471//4471 4469//4469
f 1133//1133 4471//4471 4460//4460
f 1136//1136 4474//4474 4473//4473
f 1134//1134 4474//4474 4472//4472
f 1096//1096 4474//4474 4467//4467
f 1136//1136 4473//4473 4475//4475
f 1097//1097 4473//4473 4318//4318
f 1135//1135 4476//4476 4468//4468
f 1065//1065 4480//4480 4479//4479
f 1137//1137 4480//4480 4477//4477
f 1138//1138 4480//4480 4478//4478
f 1065//1065 4482//4482 4477//4477
f 1135//1135 4482//4482 4476//4476
f 1137//1137 4482//4482 4481//4481
f 1098//1098 4483//4483 4323//4323
f 1097//1097 4483//4483 4475//4475
f 1098//1098 4486//4486 4483//4483
f 1139//1139 4486//4486 4484//4484
f 1136//1136 4486//4486 4485//4485
f 1098//1098 4489//4489 4484//4484
f 1140//1140 4489//4489 4487//4487
f 1139//1139 4489//4489 4488//4488
f 1064//1064 4479//4479 4490//4490
f 1065//1065 4479//4479 4187//4187
f 1140//1140 4487//4487 4491//4491
f 1138//1138 4492//4492 4490//4490
f 1063//1063 4495//4495 4494//4494
f 1138//1138 4495//4495 4492//4492
f 1141//1141 4495//4495 4493//4493
f 1100//1100 4499//4499 4498//4498
f 1142//1142 4499//4499 4496//4496
f 1140//1140 4499//4499 4497//4497
f 1100//1100 4498//4498 4330//4330
f 1099//1099 4498//4498 4491//4491
f 1062//1062 4494//4494 4500//4500
f 1063//1063 4494//4494 4181//4181
f 1062//1062 4504//4504 4503//4503
f 1143//1143 4504//4504 4501//4501
f 1144//1144 4504//4504 4502//4502
f 1062//1062 4506//4506 4501//4501
f 1141//1141 4506//4506 4500//4500
f 1143//1143 4506//4506 4505//4505
f 1101//1101 4510//4510 4509//4509
f 1145//1145 4510//4510 4507//4507
f 1142//1142 4510//4510 4508//4508
f 1101//1101 4509//4509 4335//4335
f 1100//1100 4509//4509 4496//4496
f 1061//1061 4503//4503 4511//4511
f 1062//1062 4503//4503 4175//4175
f 1102//1102 4515//4515 4514//4514
f 1146//1146 4515//4515 4512//4512
f 1145//1145 4515//4515 4513//4513
f 1102//1102 4514//4514 4339//4339
f 1101//1101 4514//4514 4507//4507
f 1144//1144 4516//4516 4511//4511
f 4171//4171 4519//4519 4518//4518
f 1144//1144 4519//4519 4516//4516
f 1147//1147 4519//4519 4517//4517
f 1103//1103 4520//4520 4343//4343
f 1102//1102 4520//4520 4512//4512
f 1103//1103 4523//4523 4520//4520
f 1148//1148 4523//4523 4521//4521
f 1146//1146 4523//4523 4522//4522
f 1103//1103 4526//4526 4521//4521
f 1149//1149 4526//4526 4524//4524
f 1148//1148 4526//4526 4525//4525
f 1060//1060 4518//4518 4527//4527
f 4171//4171 4518//4518 4168//4168
f 1060//1060 4530//4530 4529//4529
f 1147//1147 4530//4530 4527//4527
f 1150//1150 4530//4530 4528//4528
f 1104//1104 4524//4524 4348//4348
f 1149//1149 4524//4524 4531//4531
f 1059//1059 4529//4529 4532//4532
f 1060//1060 4529//4529 4167//4167
f 1059//1059 4535//4535 4534//4534
f 1150//1150 4535//4535 4532//4532
f 1151//1151 4535//4535 4533//4533
f 1044//1044 4539//4539 4538//4538
f 1152//1152 4539//4539 4536//4536
f 1149//1149 4539//4539 4537//4537
f 1044//1044 4538//4538 4349//4349
f 1104//1104 4538//4538 4531//4531
f 1058//1058 4534//4534 4540//4540
f 1059//1059 4534//4534 4163//4163
f 1058//1058 4543//4543 4542//4542
f 1151//1151 4543//4543 4540//4540
f 1153//1153 4543//4543 4541//4541
f 1043//1043 4544//4544 4099//4099
f 1044//1044 4544//4544 4536//4536
f 1043//1043 4547//4547 4544//4544
f 1154//1154 4547//4547 4545//4545
f 1152//1152 4547//4547 4546//4546
f 1043//1043 4550//4550 4545//4545
f 1155//1155 4550//4550 4548//4548
f 1154//1154 4550//4550 4549//4549
f 1057//1057 4542//4542 4551//4551
f 1058//1058 4542//4542 4159//4159
f 1057//1057 4554//4554 4553//4553
f 1153//1153 4554//4554 4551//4551
f 1156//1156 4554//4554 4552//4552
f 1045//1045 4558//4558 4557//4557
f 1157//1157 4558//4558 4555//4555
f 1155//1155 4558//4558 4556//4556
f 1045//1045 4557//4557 4104//4104
f 1043//1043 4557//4557 4548//4548
f 1056//1056 4553//4553 4559//4559
f 1057//1057 4553//4553 4155//4155
f 1056//1056 4562//4562 4561//4561
f 1156//1156 4562//4562 4559//4559
f 1158//1158 4562//4562 4560//4560
f 1046//1046 4563//4563 4108//4108
f 1045//1045 4563//4563 4555//4555
f 1046//1046 4566//4566 4563//4563
f 1159//1159 4566//4566 4564//4564
f 1157//1157 4566//4566 4565//4565
f 1055//1055 4561//4561 4567//4567
f 1056//1056 4561//4561 4151//4151
f 1055//1055 4570//4570 4569//4569
f 1158//1158 4570//4570 4567//4567
f 1160//1160 4570//4570 4568//4568
f 1159//1159 4564//4564 4571//4571
f 1054//1054 4569//4569 4572//4572
f 1055//1055 4569//4569 4147//4147
f 1054//1054 4576//4576 4575//4575
f 1161//1161 4576//4576 4573//4573
f 1162//1162 4576//4576 4574//4574
f 1054//1054 4578//4578 4573//4573
f 1160//1160 4578//4578 4572//4572
f 1161//1161 4578//4578 4577//4577
f 1048//1048 4582//4582 4581//4581
f 1163//1163 4582//4582 4579//4579
f 1159//1159 4582//4582 4580//4580
f 1048//1048 4581//4581 4115//4115
f 1047//1047 4581//4581 4571//4571
f 1053//1053 4575//4575 4583//4583
f 1054//1054 4575//4575 4139//4139
f 1049//1049 4584//4584 4121//4121
f 1048//1048 4584//4584 4579//4579
f 1049//1049 4587//4587 4584//4584
f 1164//1164 4587//4587 4585//4585
f 1163//1163 4587//4587 4586//4586
f 1162//1162 4588//4588 4583//4583
f 1052//1052 4592//4592 4591//4591
f 1165//1165 4592//4592 4589//4589
f 1166//1166 4592//4592 4590//4590
f 1052//1052 4594//4594 4589//4589
f 1162//1162 4594//4594 4588//4588
f 1165//1165 4594//4594 4593//4593
f 1050//1050 4595//4595 4124//4124
f 1049//1049 4595//4595 4585//4585
f 1050//1050 4598//4598 4595//4595
f 1167//1167 4598//4598 4596//4596
f 1164//1164 4598//4598 4597//4597
f 1051//1051 4602//4602 4601//4601
f 1166//1166 4602//4602 4599//4599
f 1167//1167 4602//4602 4600//4600
f 1051//1051 4601//4601 4129//4129
f 1050//1050 4601//4601 4596//4596
f 1051//1051 4591//4591 4599//4599
f 1052//1052 4591//4591 4132//4132
f 1154//1154 4605//4605 4546//4546
f 1168//1168 4605//4605 4603//4603
f 1152//1152 4605//4605 4604//4604
f 1154//1154 4608//4608 4603//4603
f 1169//1169 4608//4608 4606//4606
f 1168//1168 4608//4608 4607//4607
f 1155//1155 4610//4610 4549//4549
f 1169//1169 4610//4610 4609//4609
f 1154//1154 4610//4610 4606//4606
f 1155//1155 4613//4613 4609//4609
f 1170//1170 4613//4613 4611//4611
f 1169//1169 4613//4613 4612//4612
f 1157//1157 4615//4615 4556//4556
f 1170//1170 4615//4615 4614//4614
f 1155//1155 4615//4615 4611//4611
f 1157//1157 4618//4618 4614//4614
f 1171//1171 4618//4618 4616//4616
f 1170//1170 4618//4618 4617//4617
f 1157//1157 4621//4621 4616//4616
f 1172//1172 4621//4621 4619//4619
f 1171//1171 4621//4621 4620//4620
f 1159//1159 4623//4623 4565//4565
f 1172//1172 4623//4623 4622//4622
f 1157//1157 4623//4623 4619//4619
f 1163//1163 4625//4625 4580//4580
f 1172//1172 4625//4625 4624//4624
f 1159//1159 4625//4625 4622//4622
f 1163//1163 4628//4628 4624//4624
f 1173//1173 4628//4628 4626//4626
f 1172//1172 4628//4628 4627//4627
f 1164//1164 4630//4630 4586//4586
f 1173//1173 4630//4630 4629//4629
f 1163//1163 4630//4630 4626//4626
f 1164//1164 4633//4633 4629//4629
f 1174//1174 4633//4633 4631//4631
f 1173//1173 4633//4633 4632//4632
f 1164//1164 4636//4636 4631//4631
f 1175//1175 4636//4636 4634//4634
f 1174//1174 4636//4636 4635//4635
f 1167//1167 4638//4638 4597//4597
f 1175//1175 4638//4638 4637//4637
f 1164//1164 4638//4638 4634//4634
f 1166//1166 4640//4640 4600//4600
f 1175//1175 4640//4640 4639//4639
f 1167//1167 4640//4640 4637//4637
f 1166//1166 4643//4643 4639//4639
f 1176//1176 4643//4643 4641//4641
f 1175//1175 4643//4643 4642//4642
f 1165//1165 4645//4645 4590//4590
f 1176//1176 4645//4645 4644//4644
f 1166//1166 4645//4645 4641//4641
f 1165//1165 4648//4648 4644//4644
f 1177//1177 4648//4648 4646//4646
f 1176//1176 4648//4648 4647//4647
f 1162//1162 4652//4652 4651//4651
f 1178//1178 4652//4652 4649//4649
f 1177//1177 4652//4652 4650//4650
f 1162//1162 4653//4653 4593//4593
f 1177//1177 4653//4653 4651//4651
f 1165//1165 4653//4653 4646//4646
f 1161//1161 4657//4657 4656//4656
f 1179//1179 4657//4657 4654//4654
f 1178//1178 4657//4657 4655//4655
f 1161//1161 4658//4658 4574//4574
f 1178//1178 4658//4658 4656//4656
f 1162//1162 4658//4658 4649//4649
f 1160//1160 4662//4662 4661//4661
f 1180//1180 4662//4662 4659//4659
f 1179//1179 4662//4662 4660//4660
f 1160//1160 4663//4663 4577//4577
f 1179//1179 4663//4663 4661//4661
f 1161//1161 4663//4663 4654//4654
f 1158//1158 4667//4667 4666//4666
f 1181//1181 4667//4667 4664//4664
f 1180//1180 4667//4667 4665//4665
f 1158//1158 4668//4668 4568//4568
f 1180//1180 4668//4668 4666//4666
f 1160//1160 4668//4668 4659//4659
f 1156//1156 4672//4672 4671//4671
f 1182//1182 4672//4672 4669//4669
f 1181//1181 4672//4672 4670//4670
f 1156//1156 4673//4673 4560//4560
f 1181//1181 4673//4673 4671//4671
f 1158//1158 4673//4673 4664//4664
f 1153//1153 4677//4677 4676//4676
f 1183//1183 4677//4677 4674//4674
f 1182//1182 4677//4677 4675//4675
f 1153//1153 4678//4678 4552//4552
f 1182//1182 4678//4678 4676//4676
f 1156//1156 4678//4678 4669//4669
f 1151//1151 4682//4682 4681//4681
f 1184//1184 4682//4682 4679//4679
f 1183//1183 4682//4682 4680//4680
f 1151//1151 4683//4683 4541//4541
f 1183//1183 4683//4683 4681//4681
f 1153//1153 4683//4683 4674//4674
f 1150//1150 4687//4687 4686//4686
f 1185//1185 4687//4687 4684//4684
f 1184//1184 4687//4687 4685//4685
f 1150//1150 4688//4688 4533//4533
f 1184//1184 4688//4688 4686//4686
f 1151//1151 4688//4688 4679//4679
f 1147//1147 4690//4690 4528//4528
f 1185//1185 4690//4690 4689//4689
f 1150//1150 4690//4690 4684//4684
f 1147//1147 4693//4693 4689//4689
f 1186//1186 4693//4693 4691//4691
f 1185//1185 4693//4693 4692//4692
f 1144//1144 4695//4695 4517//4517
f 1186//1186 4695//4695 4694//4694
f 1147//1147 4695//4695 4691//4691
f 1144//1144 4698//4698 4694//4694
f 1187//1187 4698//4698 4696//4696
f 1186//1186 4698//4698 4697//4697
f 1144//1144 4701//4701 4696//4696
f 1188//1188 4701//4701 4699//4699
f 1187//1187 4701//4701 4700//4700
f 1143//1143 4703//4703 4502//4502
f 1188//1188 4703//4703 4702//4702
f 1144//1144 4703//4703 4699//4699
f 1143//1143 4706//4706 4702//4702
f 1189//1189 4706//4706 4704//4704
f 1188//1188 4706//4706 4705//4705
f 1141//1141 4708//4708 4505//4505
f 1189//1189 4708//4708 4707//4707
f 1143//1143 4708//4708 4704//4704
f 1138//1138 4710//4710 4493//4493
f 1189//1189 4710//4710 4709//4709
f 1141//1141 4710//4710 4707//4707
f 1138//1138 4713//4713 4709//4709
f 1190//1190 4713//4713 4711//4711
f 1189//1189 4713//4713 4712//4712
f 1137//1137 4715//4715 4478//4478
f 1190//1190 4715//4715 4714//4714
f 1138//1138 4715//4715 4711//4711
f 1137//1137 4718//4718 4714//4714
f 1191//1191 4718//4718 4716//4716
f 1190//1190 4718//4718 4717//4717
f 1135//1135 4720//4720 4481//4481
f 1191//1191 4720//4720 4719//4719
f 1137//1137 4720//4720 4716//4716
f 1135//1135 4723//4723 4719//4719
f 1192//1192 4723//4723 4721//4721
f 1191//1191 4723//4723 4722//4722
f 1133//1133 4725//4725 4470//4470
f 1192//1192 4725//4725 4724//4724
f 1135//1135 4725//4725 4721//4721
f 1133//1133 4728//4728 4724//4724
f 1193//1193 4728//4728 4726//4726
f 1192//1192 4728//4728 4727//4727
f 1131//1131 4730//4730 4462//4462
f 1193//1193 4730//4730 4729//4729
f 1133//1133 4730//4730 4726//4726
f 1131//1131 4733//4733 4729//4729
f 1194//1194 4733//4733 4731//4731
f 1193//1193 4733//4733 4732//4732
f 1129//1129 4735//4735 4453//4453
f 1194//1194 4735//4735 4734//4734
f 1131//1131 4735//4735 4731//4731
f 1129//1129 4738//4738 4734//4734
f 1195//1195 4738//4738 4736//4736
f 1194//1194 4738//4738 4737//4737
f 1127//1127 4740//4740 4446//4446
f 1195//1195 4740//4740 4739//4739
f 1129//1129 4740//4740 4736//4736
f 1127//1127 4743//4743 4739//4739
f 1196//1196 4743//4743 4741//4741
f 1195//1195 4743//4743 4742//4742
f 1125//1125 4745//4745 4437//4437
f 1196//1196 4745//4745 4744//4744
f 1127//1127 4745//4745 4741//4741
f 1125//1125 4748//4748 4744//4744
f 1197//1197 4748//4748 4746//4746
f 1196//1196 4748//4748 4747//4747
f 1123//1123 4750//4750 4429//4429
f 1197//1197 4750//4750 4749//4749
f 1125//1125 4750//4750 4746//4746
f 1123//1123 4753//4753 4749//4749
f 1198//1198 4753//4753 4751//4751
f 1197//1197 4753//4753 4752//4752
f 1121//1121 4755//4755 4422//4422
f 1198//1198 4755//4755 4754//4754
f 1123//1123 4755//4755 4751//4751
f 1121//1121 4758//4758 4754//4754
f 1199//1199 4758//4758 4756//4756
f 1198//1198 4758//4758 4757//4757
f 1119//1119 4760//4760 4414//4414
f 1199//1199 4760//4760 4759//4759
f 1121//1121 4760//4760 4756//4756
f 1119//1119 4763//4763 4759//4759
f 1200//1200 4763//4763 4761//4761
f 1199//1199 4763//4763 4762//4762
f 1119//1119 4766//4766 4761//4761
f 1201//1201 4766//4766 4764//4764
f 1200//1200 4766//4766 4765//4765
f 1117//1117 4768//4768 4407//4407
f 1201//1201 4768//4768 4767//4767
f 1119//1119 4768//4768 4764//4764
f 1115//1115 4770//4770 4399//4399
f 1201//1201 4770//4770 4769//4769
f 1117//1117 4770//4770 4767//4767
f 1115//1115 4773//4773 4769//4769
f 1202//1202 4773//4773 4771//4771
f 1201//1201 4773//4773 4772//4772
f 1113//1113 4775//4775 4391//4391
f 1202//1202 4775//4775 4774//4774
f 1115//1115 4775//4775 4771//4771
f 1113//1113 4778//4778 4774//4774
f 1203//1203 4778//4778 4776//4776
f 1202//1202 4778//4778 4777//4777
f 1111//1111 4780//4780 4382//4382
f 1203//1203 4780//4780 4779//4779
f 1113//1113 4780//4780 4776//4776
f 1111//1111 4783//4783 4779//4779
f 1204//1204 4783//4783 4781//4781
f 1203//1203 4783//4783 4782//4782
f 1109//1109 4787//4787 4786//4786
f 1205//1205 4787//4787 4784//4784
f 1204//1204 4787//4787 4785//4785
f 1109//1109 4788//4788 4374//4374
f 1204//1204 4788//4788 4786//4786
f 1111//1111 4788//4788 4781//4781
f 1107//1107 4792//4792 4791//4791
f 1206//1206 4792//4792 4789//4789
f 1205//1205 4792//4792 4790//4790
f 1107//1107 4793//4793 4366//4366
f 1205//1205 4793//4793 4791//4791
f 1109//1109 4793//4793 4784//4784
f 1106//1106 4797//4797 4796//4796
f 1207//1207 4797//4797 4794//4794
f 1206//1206 4797//4797 4795//4795
f 1106//1106 4800//4800 4794//4794
f 1208//1208 4800//4800 4798//4798
f 1207//1207 4800//4800 4799//4799
f 1106//1106 4801//4801 4358//4358
f 1206//1206 4801//4801 4796//4796
f 1107//1107 4801//4801 4789//4789
f 1105//1105 4803//4803 4353//4353
f 1208//1208 4803//4803 4802//4802
f 1106//1106 4803//4803 4798//4798
f 1108//1108 4807//4807 4806//4806
f 1209//1209 4807//4807 4804//4804
f 1208//1208 4807//4807 4805//4805
f 1108//1108 4810//4810 4804//4804
f 1210//1210 4810//4810 4808//4808
f 1209//1209 4810//4810 4809//4809
f 1108//1108 4811//4811 4362//4362
f 1208//1208 4811//4811 4806//4806
f 1105//1105 4811//4811 4802//4802
f 1110//1110 4813//4813 4370//4370
f 1210//1210 4813//4813 4812//4812
f 1108//1108 4813//4813 4808//4808
f 1112//1112 4815//4815 4376//4376
f 1210//1210 4815//4815 4814//4814
f 1110//1110 4815//4815 4812//4812
f 1112//1112 4818//4818 4814//4814
f 1211//1211 4818//4818 4816//4816
f 1210//1210 4818//4818 4817//4817
f 1114//1114 4820//4820 4386//4386
f 1211//1211 4820//4820 4819//4819
f 1112//1112 4820//4820 4816//4816
f 1114//1114 4823//4823 4819//4819
f 1212//1212 4823//4823 4821//4821
f 1211//1211 4823//4823 4822//4822
f 1116//1116 4827//4827 4826//4826
f 1213//1213 4827//4827 4824//4824
f 1212//1212 4827//4827 4825//4825
f 1116//1116 4828//4828 4396//4396
f 1212//1212 4828//4828 4826//4826
f 1114//1114 4828//4828 4821//4821
f 1116//1116 4831//4831 4824//4824
f 1214//1214 4831//4831 4829//4829
f 1213//1213 4831//4831 4830//4830
f 1118//1118 4833//4833 4401//4401
f 1214//1214 4833//4833 4832//4832
f 1116//1116 4833//4833 4829//4829
f 1120//1120 4837//4837 4836//4836
f 1215//1215 4837//4837 4834//4834
f 1214//1214 4837//4837 4835//4835
f 1120//1120 4838//4838 4411//4411
f 1214//1214 4838//4838 4836//4836
f 1118//1118 4838//4838 4832//4832
f 1122//1122 4842//4842 4841//4841
f 1216//1216 4842//4842 4839//4839
f 1215//1215 4842//4842 4840//4840
f 1122//1122 4845//4845 4839//4839
f 1217//1217 4845//4845 4843//4843
f 1216//1216 4845//4845 4844//4844
f 1122//1122 4846//4846 4418//4418
f 1215//1215 4846//4846 4841//4841
f 1120//1120 4846//4846 4834//4834
f 1124//1124 4848//4848 4426//4426
f 1217//1217 4848//4848 4847//4847
f 1122//1122 4848//4848 4843//4843
f 1126//1126 4852//4852 4851//4851
f 1218//1218 4852//4852 4849//4849
f 1217//1217 4852//4852 4850//4850
f 1126//1126 4853//4853 4434//4434
f 1217//1217 4853//4853 4851//4851
f 1124//1124 4853//4853 4847//4847
f 1128//1128 4857//4857 4856//4856
f 1219//1219 4857//4857 4854//4854
f 1218//1218 4857//4857 4855//4855
f 1128//1128 4858//4858 4440//4440
f 1218//1218 4858//4858 4856//4856
f 1126//1126 4858//4858 4849//4849
f 1130//1130 4862//4862 4861//4861
f 1220//1220 4862//4862 4859//4859
f 1219//1219 4862//4862 4860//4860
f 1130//1130 4863//4863 4448//4448
f 1219//1219 4863//4863 4861//4861
f 1128//1128 4863//4863 4854//4854
f 1132//1132 4867//4867 4866//4866
f 1221//1221 4867//4867 4864//4864
f 1220//1220 4867//4867 4865//4865
f 1132//1132 4870//4870 4864//4864
f 1222//1222 4870//4870 4868//4868
f 1221//1221 4870//4870 4869//4869
f 1132//1132 4871//4871 4456//4456
f 1220//1220 4871//4871 4866//4866
f 1130//1130 4871//4871 4859//4859
f 1134//1134 4873//4873 4464//4464
f 1222//1222 4873//4873 4872//4872
f 1132//1132 4873//4873 4868//4868
f 1136//1136 4877//4877 4876//4876
f 1223//1223 4877//4877 4874//4874
f 1222//1222 4877//4877 4875//4875
f 1136//1136 4878//4878 4472//4472
f 1222//1222 4878//4878 4876//4876
f 1134//1134 4878//4878 4872//4872
f 1139//1139 4882//4882 4881//4881
f 1224//1224 4882//4882 4879//4879
f 1223//1223 4882//4882 4880//4880
f 1139//1139 4883//4883 4485//4485
f 1223//1223 4883//4883 4881//4881
f 1136//1136 4883//4883 4874//4874
f 1140//1140 4887//4887 4886//4886
f 1225//1225 4887//4887 4884//4884
f 1224//1224 4887//4887 4885//4885
f 1140//1140 4888//4888 4488//4488
f 1224//1224 4888//4888 4886//4886
f 1139//1139 4888//4888 4879//4879
f 1142//1142 4892//4892 4891//4891
f 1226//1226 4892//4892 4889//4889
f 1225//1225 4892//4892 4890//4890
f 1142//1142 4893//4893 4497//4497
f 1225//1225 4893//4893 4891//4891
f 1140//1140 4893//4893 4884//4884
f 1145//1145 4897//4897 4896//4896
f 1227//1227 4897//4897 4894//4894
f 1226//1226 4897//4897 4895//4895
f 1145//1145 4898//4898 4508//4508
f 1226//1226 4898//4898 4896//4896
f 1142//1142 4898//4898 4889//4889
f 1146//1146 4902//4902 4901//4901
f 1228//1228 4902//4902 4899//4899
f 1227//1227 4902//4902 4900//4900
f 1146//1146 4903//4903 4513//4513
f 1227//1227 4903//4903 4901//4901
f 1145//1145 4903//4903 4894//4894
f 1148//1148 4907//4907 4906//4906
f 1229//1229 4907//4907 4904//4904
f 1228//1228 4907//4907 4905//4905
f 1148//1148 4910//4910 4904//4904
f 1230//1230 4910//4910 4908//4908
f 1229//1229 4910//4910 4909//4909
f 1148//1148 4911//4911 4522//4522
f 1228//1228 4911//4911 4906//4906
f 1146//1146 4911//4911 4899//4899
f 1149//1149 4913//4913 4525//4525
f 1230//1230 4913//4913 4912//4912
f 1148//1148 4913//4913 4908//4908
f 1152//1152 4916//4916 4915//4915
f 1168//1168 4916//4916 4604//4604
f 1230//1230 4916//4916 4914//4914
f 1152//1152 4917//4917 4537//4537
f 1230//1230 4917//4917 4915//4915
f 1149//1149 4917//4917 4912//4912
f 1210//1210 4919//4919 4809//4809
f 1208//1208 4919//4919 4918//4918
f 1209//1209 4919//4919 4805//4805
f 1215//1215 4920//4920 4921//4921
f 1211//1211 4920//4920 4817//4817
f 1215//1215 4921//4921 4922//4922
f 1212//1212 4921//4921 4822//4822
f 1215//1215 4922//4922 4923//4923
f 1213//1213 4922//4922 4825//4825
f 1215//1215 4924//4924 4835//4835
f 1213//1213 4924//4924 4923//4923
f 1214//1214 4924//4924 4830//4830
f 1217//1217 4926//4926 4844//4844
f 1215//1215 4926//4926 4925//4925
f 1216//1216 4926//4926 4840//4840
f 1194//1194 4928//4928 4927//4927
f 1195//1195 4928//4928 4737//4737
f 1196//1196 4928//4928 4742//4742
f 1194//1194 4929//4929 4732//4732
f 1196//1196 4929//4929 4927//4927
f 1196//1196 4930//4930 4929//4929
f 1197//1197 4930//4930 4747//4747
f 1191//1191 4932//4932 4931//4931
f 1192//1192 4932//4932 4722//4722
f 1193//1193 4932//4932 4727//4727
f 1191//1191 4931//4931 4933//4933
f 1197//1197 4931//4931 4930//4930
f 1224//1224 4934//4934 4935//4935
f 1222//1222 4934//4934 4869//4869
f 1224//1224 4936//4936 4880//4880
f 1222//1222 4936//4936 4935//4935
f 1223//1223 4936//4936 4875//4875
f 1225//1225 4937//4937 4885//4885
f 1224//1224 4937//4937 4934//4934
f 1225//1225 4938//4938 4939//4939
f 1218//1218 4938//4938 4850//4850
f 1225//1225 4939//4939 4940//4940
f 1219//1219 4939//4939 4855//4855
f 1225//1225 4940//4940 4941//4941
f 1220//1220 4940//4940 4860//4860
f 1225//1225 4941//4941 4937//4937
f 1221//1221 4941//4941 4865//4865
f 1188//1188 4943//4943 4942//4942
f 1189//1189 4943//4943 4705//4705
f 1190//1190 4943//4943 4712//4712
f 1190//1190 4944//4944 4942//4942
f 1191//1191 4944//4944 4717//4717
f 1228//1228 4946//4946 4900//4900
f 1226//1226 4946//4946 4945//4945
f 1227//1227 4946//4946 4895//4895
f 1229//1229 4947//4947 4905//4905
f 1228//1228 4947//4947 4945//4945
f 1229//1229 4948//4948 4947//4947
f 1226//1226 4948//4948 4890//4890
f 1183//1183 4950//4950 4949//4949
f 1184//1184 4950//4950 4680//4680
f 1185//1185 4950//4950 4685//4685
f 1185//1185 4951//4951 4949//4949
f 1186//1186 4951//4951 4692//4692
f 1169//1169 4952//4952 4953//4953
f 1230//1230 4952//4952 4909//4909
f 1169//1169 4954//4954 4607//4607
f 1230//1230 4954//4954 4953//4953
f 1168//1168 4954//4954 4914//4914
f 1170//1170 4955//4955 4612//4612
f 1169//1169 4955//4955 4952//4952
f 1171//1171 4956//4956 4957//4957
f 1225//1225 4956//4956 4938//4938
f 1171//1171 4958//4958 4959//4959
f 1205//1205 4958//4958 4785//4785
f 1171//1171 4959//4959 4960//4960
f 1206//1206 4959//4959 4790//4790
f 1171//1171 4960//4960 4961//4961
f 1207//1207 4960//4960 4795//4795
f 1171//1171 4961//4961 4962//4962
f 1208//1208 4961//4961 4799//4799
f 1171//1171 4957//4957 4963//4963
f 1229//1229 4957//4957 4948//4948
f 1171//1171 4963//4963 4617//4617
f 1170//1170 4963//4963 4955//4955
f 1171//1171 4962//4962 4964//4964
f 1210//1210 4962//4962 4918//4918
f 1171//1171 4964//4964 4965//4965
f 1215//1215 4964//4964 4920//4920
f 1171//1171 4965//4965 4956//4956
f 1217//1217 4965//4965 4925//4925
f 1180//1180 4967//4967 4966//4966
f 1181//1181 4967//4967 4665//4665
f 1182//1182 4967//4967 4670//4670
f 1182//1182 4968//4968 4966//4966
f 1183//1183 4968//4968 4675//4675
f 1180//1180 4969//4969 4970//4970
f 1187//1187 4969//4969 4697//4697
f 1180//1180 4970//4970 4971//4971
f 1188//1188 4970//4970 4700//4700
f 1180//1180 4972//4972 4969//4969
f 1183//1183 4972//4972 4968//4968
f 1186//1186 4972//4972 4951//4951
f 1173//1173 4974//4974 4627//4627
f 1171//1171 4974//4974 4973//4973
f 1172//1172 4974//4974 4620//4620
f 1178//1178 4976//4976 4975//4975
f 1179//1179 4976//4976 4655//4655
f 1180//1180 4976//4976 4660//4660
f 1174//1174 4977//4977 4632//4632
f 1173//1173 4977//4977 4973//4973
f 1178//1178 4978//4978 4650//4650
f 1180//1180 4978//4978 4975//4975
f 1176//1176 4980//4980 4642//4642
f 1174//1174 4980//4980 4979//4979
f 1175//1175 4980//4980 4635//4635
f 1176//1176 4981//4981 4982//4982
f 1197//1197 4981//4981 4933//4933
f 1176//1176 4982//4982 4983//4983
f 1198//1198 4982//4982 4752//4752
f 1176//1176 4983//4983 4984//4984
f 1199//1199 4983//4983 4757//4757
f 1176//1176 4984//4984 4985//4985
f 1200//1200 4984//4984 4762//4762
f 1176//1176 4985//4985 4986//4986
f 1201//1201 4985//4985 4765//4765
f 1176//1176 4986//4986 4987//4987
f 1202//1202 4986//4986 4772//4772
f 1176//1176 4987//4987 4988//4988
f 1203//1203 4987//4987 4777//4777
f 1176//1176 4988//4988 4989//4989
f 1204//1204 4988//4988 4782//4782
f 1176//1176 4989//4989 4990//4990
f 1171//1171 4989//4989 4958//4958
f 1176//1176 4990//4990 4979//4979
f 1174//1174 4990//4990 4977//4977
f 1177//1177 4991//4991 4647//4647
f 1180//1180 4991//4991 4978//4978
f 1176//1176 4971//4971 4992//4992
f 1180//1180 4971//4971 4991//4991
f 1176//1176 4992//4992 4981//4981
f 1191//1191 4992//4992 4944//4944
f 4993//4993 5245//5245 5248//5248
f 4994//4994 5246//5246 5248//5248
f 4995//4995 5247//5247 5248//5248
f 4993//4993 5247//5247 5251//5251
f 4995//4995 5249//5249 5251//5251
f 4996//4996 5250//5250 5251//5251
f 4997//4997 5252//5252 5254//5254
f 4993//4993 5250//5250 5254//5254
f 4996//4996 5253//5253 5254//5254
f 4997//4997 5253//5253 5257//5257
f 4996//4996 5255//5255 5257//5257
f 4998//4998 5256//5256 5257//5257
f 4999//4999 5258//5258 5260//5260
f 4997//4997 5256//5256 5260//5260
f 4998//4998 5259//5259 5260//5260
f 4999//4999 5259//5259 5263//5263
f 4998//4998 5261//5261 5263//5263
f 5000//5000 5262//5262 5263//5263
f 5001//5001 5264//5264 5266//5266
f 4999//4999 5262//5262 5266//5266
f 5000//5000 5265//5265 5266//5266
f 5001//5001 5265//5265 5269//5269
f 5000//5000 5267//5267 5269//5269
f 5002//5002 5268//5268 5269//5269
f 5003//5003 5270//5270 5272//5272
f 5001//5001 5268//5268 5272//5272
f 5002//5002 5271//5271 5272//5272
f 5003//5003 5271//5271 5275//5275
f 5002//5002 5273//5273 5275//5275
f 5004//5004 5274//5274 5275//5275
f 5005//5005 5276//5276 5278//5278
f 5003//5003 5274//5274 5278//5278
f 5004//5004 5277//5277 5278//5278
f 5005//5005 5277//5277 5281//5281
f 5004//5004 5279//5279 5281//5281
f 5006//5006 5280//5280 5281//5281
f 5007//5007 5282//5282 5284//5284
f 5005//5005 5280//5280 5284//5284
f 5006//5006 5283//5283 5284//5284
f 5007//5007 5283//5283 5287//5287
f 5006//5006 5285//5285 5287//5287
f 5008//5008 5286//5286 5287//5287
f 5009//5009 5288//5288 5290//5290
f 5007//5007 5286//5286 5290//5290
f 5008//5008 5289//5289 5290//5290
f 5009//5009 5289//5289 5293//5293
f 5008//5008 5291//5291 5293//5293
f 5010//5010 5292//5292 5293//5293
f 5011//5011 5294//5294 5296//5296
f 5009//5009 5292//5292 5296//5296
f 5010//5010 5295//5295 5296//5296
f 5011//5011 5295//5295 5299//5299
f 5010//5010 5297//5297 5299//5299
f 5012//5012 5298//5298 5299//5299
f 5013//5013 5300//5300 5303//5303
f 5012//5012 5301//5301 5303//5303
f 5014//5014 5302//5302 5303//5303
f 5013//5013 5304//5304 5305//5305
f 5011//5011 5298//5298 5305//5305
f 5012//5012 5300//5300 5305//5305
f 5015//5015 5306//5306 5309//5309
f 5014//5014 5307//5307 5309//5309
f 5016//5016 5308//5308 5309//5309
f 5015//5015 5310//5310 5311//5311
f 5013//5013 5302//5302 5311//5311
f 5014//5014 5306//5306 5311//5311
f 5017//5017 5312//5312 5315//5315
f 5016//5016 5313//5313 5315//5315
f 5018//5018 5314//5314 5315//5315
f 5017//5017 5316//5316 5317//5317
f 5015//5015 5308//5308 5317//5317
f 5016//5016 5312//5312 5317//5317
f 5019//5019 5318//5318 5321//5321
f 5018//5018 5319//5319 5321//5321
f 5020//5020 5320//5320 5321//5321
f 5019//5019 5322//5322 5323//5323
f 5017//5017 5314//5314 5323//5323
f 5018//5018 5318//5318 5323//5323
f 5021//5021 5324//5324 5327//5327
f 5020//5020 5325//5325 5327//5327
f 5022//5022 5326//5326 5327//5327
f 5021//5021 5328//5328 5329//5329
f 5019//5019 5320//5320 5329//5329
f 5020//5020 5324//5324 5329//5329
f 5023//5023 5330//5330 5333//5333
f 5022//5022 5331//5331 5333//5333
f 5024//5024 5332//5332 5333//5333
f 5023//5023 5334//5334 5335//5335
f 5021//5021 5326//5326 5335//5335
f 5022//5022 5330//5330 5335//5335
f 5025//5025 5336//5336 5339//5339
f 5024//5024 5337//5337 5339//5339
f 5026//5026 5338//5338 5339//5339
f 5025//5025 5340//5340 5341//5341
f 5023//5023 5332//5332 5341//5341
f 5024//5024 5336//5336 5341//5341
f 5027//5027 5342//5342 5345//5345
f 5026//5026 5343//5343 5345//5345
f 5028//5028 5344//5344 5345//5345
f 5027//5027 5346//5346 5347//5347
f 5025//5025 5338//5338 5347//5347
f 5026//5026 5342//5342 5347//5347
f 5029//5029 5348//5348 5350//5350
f 5027//5027 5344//5344 5350//5350
f 5028//5028 5349//5349 5350//5350
f 5029//5029 5349//5349 5353//5353
f 5028//5028 5351//5351 5353//5353
f 5030//5030 5352//5352 5353//5353
f 5031//5031 5354//5354 5356//5356
f 5029//5029 5352//5352 5356//5356
f 5030//5030 5355//5355 5356//5356
f 5031//5031 5355//5355 5359//5359
f 5030//5030 5357//5357 5359//5359
f 5032//5032 5358//5358 5359//5359
f 5031//5031 5358//5358 5362//5362
f 5032//5032 5360//5360 5362//5362
f 5033//5033 5361//5361 5362//5362
f 5034//5034 5363//5363 5365//5365
f 5031//5031 5361//5361 5365//5365
f 5033//5033 5364//5364 5365//5365
f 5034//5034 5364//5364 5368//5368
f 5033//5033 5366//5366 5368//5368
f 5035//5035 5367//5367 5368//5368
f 5036//5036 5369//5369 5371//5371
f 5034//5034 5367//5367 5371//5371
f 5035//5035 5370//5370 5371//5371
f 5037//5037 5372//5372 5374//5374
f 5036//5036 5370//5370 5374//5374
f 5035//5035 5373//5373 5374//5374
f 5037//5037 5373//5373 5377//5377
f 5035//5035 5375//5375 5377//5377
f 5038//5038 5376//5376 5377//5377
f 5039//5039 5378//5378 5380//5380
f 5037//5037 5376//5376 5380//5380
f 5038//5038 5379//5379 5380//5380
f 5039//5039 5379//5379 5383//5383
f 5038//5038 5381//5381 5383//5383
f 5040//5040 5382//5382 5383//5383
f 5041//5041 5384//5384 5386//5386
f 5039//5039 5382//5382 5386//5386
f 5040//5040 5385//5385 5386//5386
f 5041//5041 5385//5385 5389//5389
f 5040//5040 5387//5387 5389//5389
f 5042//5042 5388//5388 5389//5389
f 5043//5043 5390//5390 5392//5392
f 5041//5041 5388//5388 5392//5392
f 5042//5042 5391//5391 5392//5392
f 5043//5043 5391//5391 5395//5395
f 5042//5042 5393//5393 5395//5395
f 5044//5044 5394//5394 5395//5395
f 5045//5045 5396//5396 5398//5398
f 5043//5043 5394//5394 5398//5398
f 5044//5044 5397//5397 5398//5398
f 5045//5045 5397//5397 5401//5401
f 5044//5044 5399//5399 5401//5401
f 5046//5046 5400//5400 5401//5401
f 5047//5047 5402//5402 5404//5404
f 5045//5045 5400//5400 5404//5404
f 5046//5046 5403//5403 5404//5404
f 5047//5047 5403//5403 5407//5407
f 5046//5046 5405//5405 5407//5407
f 5048//5048 5406//5406 5407//5407
f 5049//5049 5408//5408 5410//5410
f 5047//5047 5406//5406 5410//5410
f 5048//5048 5409//5409 5410//5410
f 5049//5049 5409//5409 5413//5413
f 5048//5048 5411//5411 5413//5413
f 5050//5050 5412//5412 5413//5413
f 5051//5051 5414//5414 5416//5416
f 5049//5049 5412//5412 5416//5416
f 5050//5050 5415//5415 5416//5416
f 5051//5051 5415//5415 5419//5419
f 5050//5050 5417//5417 5419//5419
f 5052//5052 5418//5418 5419//5419
f 5053//5053 5420//5420 5422//5422
f 5051//5051 5418//5418 5422//5422
f 5052//5052 5421//5421 5422//5422
f 5053//5053 5421//5421 5425//5425
f 5052//5052 5423//5423 5425//5425
f 5054//5054 5424//5424 5425//5425
f 5055//5055 5426//5426 5428//5428
f 5053//5053 5424//5424 5428//5428
f 5054//5054 5427//5427 5428//5428
f 5055//5055 5427//5427 5431//5431
f 5054//5054 5429//5429 5431//5431
f 5056//5056 5430//5430 5431//5431
f 5057//5057 5432//5432 5434//5434
f 5055//5055 5430//5430 5434//5434
f 5056//5056 5433//5433 5434//5434
f 5057//5057 5433//5433 5437//5437
f 5056//5056 5435//5435 5437//5437
f 5058//5058 5436//5436 5437//5437
f 5057//5057 5436//5436 5440//5440
f 5058//5058 5438//5438 5440//5440
f 5059//5059 5439//5439 5440//5440
f 5060//5060 5441//5441 5443//5443
f 5057//5057 5439//5439 5443//5443
f 5059//5059 5442//5442 5443//5443
f 5061//5061 5444//5444 5446//5446
f 5060//5060 5442//5442 5446//5446
f 5059//5059 5445//5445 5446//5446
f 5061//5061 5445//5445 5449//5449
f 5059//5059 5447//5447 5449//5449
f 5062//5062 5448//5448 5449//5449
f 5063//5063 5450//5450 5452//5452
f 5061//5061 5448//5448 5452//5452
f 5062//5062 5451//5451 5452//5452
f 5063//5063 5451//5451 5455//5455
f 5062//5062 5453//5453 5455//5455
f 5064//5064 5454//5454 5455//5455
f 5065//5065 5456//5456 5458//5458
f 5063//5063 5454//5454 5458//5458
f 5064//5064 5457//5457 5458//5458
f 5065//5065 5457//5457 5461//5461
f 5064//5064 5459//5459 5461//5461
f 5066//5066 5460//5460 5461//5461
f 5067//5067 5462//5462 5465//5465
f 5066//5066 5463//5463 5465//5465
f 5068//5068 5464//5464 5465//5465
f 5067//5067 5466//5466 5467//5467
f 5065//5065 5460//5460 5467//5467
f 5066//5066 5462//5462 5467//5467
f 5069//5069 5468//5468 5471//5471
f 5068//5068 5469//5469 5471//5471
f 5070//5070 5470//5470 5471//5471
f 5069//5069 5472//5472 5473//5473
f 5067//5067 5464//5464 5473//5473
f 5068//5068 5468//5468 5473//5473
f 5071//5071 5474//5474 5477//5477
f 5070//5070 5475//5475 5477//5477
f 5072//5072 5476//5476 5477//5477
f 5071//5071 5478//5478 5479//5479
f 5069//5069 5470//5470 5479//5479
f 5070//5070 5474//5474 5479//5479
f 5073//5073 5480//5480 5483//5483
f 5072//5072 5481//5481 5483//5483
f 5074//5074 5482//5482 5483//5483
f 5073//5073 5484//5484 5485//5485
f 5071//5071 5476//5476 5485//5485
f 5072//5072 5480//5480 5485//5485
f 5075//5075 5486//5486 5489//5489
f 5074//5074 5487//5487 5489//5489
f 5076//5076 5488//5488 5489//5489
f 5075//5075 5488//5488 5492//5492
f 5076//5076 5490//5490 5492//5492
f 5077//5077 5491//5491 5492//5492
f 5075//5075 5493//5493 5494//5494
f 5073//5073 5482//5482 5494//5494
f 5074//5074 5486//5486 5494//5494
f 5078//5078 5495//5495 5497//5497
f 5075//5075 5491//5491 5497//5497
f 5077//5077 5496//5496 5497//5497
f 5079//5079 5498//5498 5500//5500
f 5078//5078 5496//5496 5500//5500
f 5077//5077 5499//5499 5500//5500
f 5079//5079 5499//5499 5503//5503
f 5077//5077 5501//5501 5503//5503
f 5080//5080 5502//5502 5503//5503
f 5081//5081 5504//5504 5506//5506
f 5079//5079 5502//5502 5506//5506
f 5080//5080 5505//5505 5506//5506
f 5081//5081 5505//5505 5509//5509
f 5080//5080 5507//5507 5509//5509
f 5082//5082 5508//5508 5509//5509
f 5083//5083 5510//5510 5513//5513
f 5082//5082 5511//5511 5513//5513
f 5084//5084 5512//5512 5513//5513
f 5083//5083 5514//5514 5515//5515
f 5081//5081 5508//5508 5515//5515
f 5082//5082 5510//5510 5515//5515
f 5083//5083 5512//5512 5518//5518
f 5084//5084 5516//5516 5518//5518
f 5085//5085 5517//5517 5518//5518
f 5086//5086 5519//5519 5521//5521
f 5083//5083 5517//5517 5521//5521
f 5085//5085 5520//5520 5521//5521
f 5087//5087 5522//5522 5525//5525
f 5085//5085 5523//5523 5525//5525
f 5088//5088 5524//5524 5525//5525
f 5087//5087 5526//5526 5527//5527
f 5086//5086 5520//5520 5527//5527
f 5085//5085 5522//5522 5527//5527
f 5089//5089 5528//5528 5531//5531
f 5088//5088 5529//5529 5531//5531
f 5090//5090 5530//5530 5531//5531
f 5089//5089 5530//5530 5534//5534
f 5090//5090 5532//5532 5534//5534
f 5091//5091 5533//5533 5534//5534
f 5089//5089 5535//5535 5536//5536
f 5087//5087 5524//5524 5536//5536
f 5088//5088 5528//5528 5536//5536
f 5092//5092 5537//5537 5539//5539
f 5089//5089 5533//5533 5539//5539
f 5091//5091 5538//5538 5539//5539
f 5093//5093 5540//5540 5543//5543
f 5091//5091 5541//5541 5543//5543
f 5094//5094 5542//5542 5543//5543
f 5093//5093 5544//5544 5545//5545
f 5092//5092 5538//5538 5545//5545
f 5091//5091 5540//5540 5545//5545
f 5095//5095 5546//5546 5549//5549
f 5094//5094 5547//5547 5549//5549
f 5096//5096 5548//5548 5549//5549
f 5095//5095 5550//5550 5551//5551
f 5093//5093 5542//5542 5551//5551
f 5094//5094 5546//5546 5551//5551
f 5097//5097 5552//5552 5555//5555
f 5096//5096 5553//5553 5555//5555
f 5098//5098 5554//5554 5555//5555
f 5097//5097 5556//5556 5557//5557
f 5095//5095 5548//5548 5557//5557
f 5096//5096 5552//5552 5557//5557
f 5099//5099 5558//5558 5561//5561
f 5098//5098 5559//5559 5561//5561
f 5100//5100 5560//5560 5561//5561
f 5099//5099 5560//5560 5564//5564
f 5100//5100 5562//5562 5564//5564
f 5101//5101 5563//5563 5564//5564
f 5099//5099 5565//5565 5566//5566
f 5097//5097 5554//5554 5566//5566
f 5098//5098 5558//5558 5566//5566
f 5102//5102 5567//5567 5569//5569
f 5099//5099 5563//5563 5569//5569
f 5101//5101 5568//5568 5569//5569
f 5103//5103 5570//5570 5573//5573
f 5101//5101 5571//5571 5573//5573
f 5104//5104 5572//5572 5573//5573
f 5103//5103 5574//5574 5575//5575
f 5102//5102 5568//5568 5575//5575
f 5101//5101 5570//5570 5575//5575
f 5105//5105 5576//5576 5579//5579
f 5104//5104 5577//5577 5579//5579
f 5106//5106 5578//5578 5579//5579
f 5105//5105 5580//5580 5581//5581
f 5103//5103 5572//5572 5581//5581
f 5104//5104 5576//5576 5581//5581
f 5107//5107 5582//5582 5585//5585
f 5106//5106 5583//5583 5585//5585
f 5108//5108 5584//5584 5585//5585
f 5107//5107 5586//5586 5587//5587
f 5105//5105 5578//5578 5587//5587
f 5106//5106 5582//5582 5587//5587
f 5109//5109 5588//5588 5591//5591
f 5108//5108 5589//5589 5591//5591
f 5110//5110 5590//5590 5591//5591
f 5109//5109 5592//5592 5593//5593
f 5107//5107 5584//5584 5593//5593
f 5108//5108 5588//5588 5593//5593
f 5111//5111 5594//5594 5597//5597
f 5110//5110 5595//5595 5597//5597
f 5112//5112 5596//5596 5597//5597
f 5111//5111 5598//5598 5599//5599
f 5109//5109 5590//5590 5599//5599
f 5110//5110 5594//5594 5599//5599
f 5113//5113 5600//5600 5603//5603
f 5112//5112 5601//5601 5603//5603
f 5114//5114 5602//5602 5603//5603
f 5113//5113 5604//5604 5605//5605
f 5111//5111 5596//5596 5605//5605
f 5112//5112 5600//5600 5605//5605
f 5115//5115 5606//5606 5609//5609
f 5114//5114 5607//5607 5609//5609
f 5116//5116 5608//5608 5609//5609
f 5115//5115 5608//5608 5612//5612
f 5116//5116 5610//5610 5612//5612
f 5117//5117 5611//5611 5612//5612
f 5115//5115 5613//5613 5614//5614
f 5113//5113 5602//5602 5614//5614
f 5114//5114 5606//5606 5614//5614
f 5118//5118 5615//5615 5617//5617
f 5115//5115 5611//5611 5617//5617
f 5117//5117 5616//5616 5617//5617
f 4994//4994 5618//5618 5620//5620
f 5117//5117 5619//5619 5620//5620
f 4995//4995 5246//5246 5620//5620
f 4994//4994 5621//5621 5622//5622
f 5118//5118 5616//5616 5622//5622
f 5117//5117 5618//5618 5622//5622
f 5119//5119 5623//5623 5625//5625
f 5071//5071 5484//5484 5625//5625
f 5073//5073 5624//5624 5625//5625
f 5119//5119 5626//5626 5628//5628
f 5120//5120 5627//5627 5628//5628
f 5071//5071 5623//5623 5628//5628
f 5121//5121 5629//5629 5631//5631
f 5069//5069 5478//5478 5631//5631
f 5071//5071 5630//5630 5631//5631
f 5121//5121 5630//5630 5633//5633
f 5071//5071 5627//5627 5633//5633
f 5120//5120 5632//5632 5633//5633
f 5122//5122 5634//5634 5636//5636
f 5073//5073 5493//5493 5636//5636
f 5075//5075 5635//5635 5636//5636
f 5122//5122 5637//5637 5638//5638
f 5119//5119 5624//5624 5638//5638
f 5073//5073 5634//5634 5638//5638
f 5123//5123 5639//5639 5641//5641
f 5067//5067 5472//5472 5641//5641
f 5069//5069 5640//5640 5641//5641
f 5123//5123 5640//5640 5643//5643
f 5069//5069 5629//5629 5643//5643
f 5121//5121 5642//5642 5643//5643
f 5124//5124 5644//5644 5646//5646
f 5075//5075 5495//5495 5646//5646
f 5078//5078 5645//5645 5646//5646
f 5124//5124 5647//5647 5648//5648
f 5122//5122 5635//5635 5648//5648
f 5075//5075 5644//5644 5648//5648
f 5125//5125 5649//5649 5651//5651
f 5065//5065 5466//5466 5651//5651
f 5067//5067 5650//5650 5651//5651
f 5125//5125 5650//5650 5653//5653
f 5067//5067 5639//5639 5653//5653
f 5123//5123 5652//5652 5653//5653
f 5126//5126 5654//5654 5656//5656
f 5124//5124 5645//5645 5656//5656
f 5078//5078 5655//5655 5656//5656
f 5126//5126 5655//5655 5658//5658
f 5078//5078 5498//5498 5658//5658
f 5079//5079 5657//5657 5658//5658
f 5127//5127 5659//5659 5661//5661
f 5063//5063 5456//5456 5661//5661
f 5065//5065 5660//5660 5661//5661
f 5127//5127 5660//5660 5663//5663
f 5065//5065 5649//5649 5663//5663
f 5125//5125 5662//5662 5663//5663
f 5128//5128 5664//5664 5666//5666
f 5079//5079 5504//5504 5666//5666
f 5081//5081 5665//5665 5666//5666
f 5128//5128 5667//5667 5668//5668
f 5126//5126 5657//5657 5668//5668
f 5079//5079 5664//5664 5668//5668
f 5129//5129 5669//5669 5671//5671
f 5063//5063 5659//5659 5671//5671
f 5127//5127 5670//5670 5671//5671
f 5129//5129 5672//5672 5673//5673
f 5061//5061 5450//5450 5673//5673
f 5063//5063 5669//5669 5673//5673
f 5130//5130 5674//5674 5676//5676
f 5081//5081 5514//5514 5676//5676
f 5083//5083 5675//5675 5676//5676
f 5130//5130 5677//5677 5678//5678
f 5128//5128 5665//5665 5678//5678
f 5081//5081 5674//5674 5678//5678
f 5131//5131 5679//5679 5681//5681
f 5060//5060 5444//5444 5681//5681
f 5061//5061 5680//5680 5681//5681
f 5131//5131 5680//5680 5683//5683
f 5061//5061 5672//5672 5683//5683
f 5129//5129 5682//5682 5683//5683
f 5132//5132 5684//5684 5686//5686
f 5083//5083 5519//5519 5686//5686
f 5086//5086 5685//5685 5686//5686
f 5132//5132 5687//5687 5688//5688
f 5130//5130 5675//5675 5688//5688
f 5083//5083 5684//5684 5688//5688
f 5133//5133 5689//5689 5691//5691
f 5057//5057 5441//5441 5691//5691
f 5060//5060 5690//5690 5691//5691
f 5133//5133 5690//5690 5693//5693
f 5060//5060 5679//5679 5693//5693
f 5131//5131 5692//5692 5693//5693
f 5134//5134 5694//5694 5696//5696
f 5132//5132 5685//5685 5696//5696
f 5086//5086 5695//5695 5696//5696
f 5134//5134 5695//5695 5698//5698
f 5086//5086 5526//5526 5698//5698
f 5087//5087 5697//5697 5698//5698
f 5134//5134 5697//5697 5700//5700
f 5087//5087 5535//5535 5700//5700
f 5089//5089 5699//5699 5700//5700
f 5135//5135 5701//5701 5703//5703
f 5057//5057 5689//5689 5703//5703
f 5133//5133 5702//5702 5703//5703
f 5135//5135 5704//5704 5705//5705
f 5055//5055 5432//5432 5705//5705
f 5057//5057 5701//5701 5705//5705
f 5136//5136 5706//5706 5708//5708
f 5134//5134 5699//5699 5708//5708
f 5089//5089 5707//5707 5708//5708
f 5137//5137 5709//5709 5711//5711
f 5055//5055 5704//5704 5711//5711
f 5135//5135 5710//5710 5711//5711
f 5137//5137 5712//5712 5713//5713
f 5053//5053 5426//5426 5713//5713
f 5055//5055 5709//5709 5713//5713
f 5138//5138 5714//5714 5716//5716
f 5136//5136 5707//5707 5716//5716
f 5089//5089 5715//5715 5716//5716
f 5138//5138 5715//5715 5718//5718
f 5089//5089 5537//5537 5718//5718
f 5092//5092 5717//5717 5718//5718
f 5139//5139 5719//5719 5721//5721
f 5053//5053 5712//5712 5721//5721
f 5137//5137 5720//5720 5721//5721
f 5139//5139 5722//5722 5723//5723
f 5051//5051 5420//5420 5723//5723
f 5053//5053 5719//5719 5723//5723
f 5140//5140 5724//5724 5726//5726
f 5138//5138 5717//5717 5726//5726
f 5092//5092 5725//5725 5726//5726
f 5140//5140 5725//5725 5728//5728
f 5092//5092 5544//5544 5728//5728
f 5093//5093 5727//5727 5728//5728
f 5141//5141 5729//5729 5731//5731
f 5051//5051 5722//5722 5731//5731
f 5139//5139 5730//5730 5731//5731
f 5141//5141 5732//5732 5733//5733
f 5049//5049 5414//5414 5733//5733
f 5051//5051 5729//5729 5733//5733
f 5142//5142 5734//5734 5736//5736
f 5093//5093 5550//5550 5736//5736
f 5095//5095 5735//5735 5736//5736
f 5142//5142 5737//5737 5738//5738
f 5140//5140 5727//5727 5738//5738
f 5093//5093 5734//5734 5738//5738
f 5143//5143 5739//5739 5741//5741
f 5047//5047 5408//5408 5741//5741
f 5049//5049 5740//5740 5741//5741
f 5143//5143 5740//5740 5743//5743
f 5049//5049 5732//5732 5743//5743
f 5141//5141 5742//5742 5743//5743
f 5144//5144 5744//5744 5746//5746
f 5142//5142 5735//5735 5746//5746
f 5095//5095 5745//5745 5746//5746
f 5144//5144 5745//5745 5748//5748
f 5095//5095 5556//5556 5748//5748
f 5097//5097 5747//5747 5748//5748
f 5145//5145 5749//5749 5751//5751
f 5047//5047 5739//5739 5751//5751
f 5143//5143 5750//5750 5751//5751
f 5145//5145 5752//5752 5753//5753
f 5045//5045 5402//5402 5753//5753
f 5047//5047 5749//5749 5753//5753
f 5146//5146 5754//5754 5756//5756
f 5144//5144 5747//5747 5756//5756
f 5097//5097 5755//5755 5756//5756
f 5146//5146 5755//5755 5758//5758
f 5097//5097 5565//5565 5758//5758
f 5099//5099 5757//5757 5758//5758
f 5147//5147 5759//5759 5761//5761
f 5043//5043 5396//5396 5761//5761
f 5045//5045 5760//5760 5761//5761
f 5147//5147 5760//5760 5763//5763
f 5045//5045 5752//5752 5763//5763
f 5145//5145 5762//5762 5763//5763
f 5148//5148 5764//5764 5766//5766
f 5146//5146 5757//5757 5766//5766
f 5099//5099 5765//5765 5766//5766
f 5148//5148 5765//5765 5768//5768
f 5099//5099 5567//5567 5768//5768
f 5102//5102 5767//5767 5768//5768
f 5149//5149 5769//5769 5771//5771
f 5041//5041 5390//5390 5771//5771
f 5043//5043 5770//5770 5771//5771
f 5149//5149 5770//5770 5773//5773
f 5043//5043 5759//5759 5773//5773
f 5147//5147 5772//5772 5773//5773
f 5150//5150 5774//5774 5776//5776
f 5148//5148 5767//5767 5776//5776
f 5102//5102 5775//5775 5776//5776
f 5150//5150 5775//5775 5778//5778
f 5102//5102 5574//5574 5778//5778
f 5103//5103 5777//5777 5778//5778
f 5151//5151 5779//5779 5781//5781
f 5041//5041 5769//5769 5781//5781
f 5149//5149 5780//5780 5781//5781
f 5039//5039 5384//5384 5783//5783
f 5041//5041 5779//5779 5783//5783
f 5151//5151 5782//5782 5783//5783
f 5105//5105 5784//5784 5787//5787
f 5152//5152 5785//5785 5787//5787
f 5150//5150 5786//5786 5787//5787
f 5105//5105 5786//5786 5788//5788
f 5150//5150 5777//5777 5788//5788
f 5103//5103 5580//5580 5788//5788
f 5037//5037 5378//5378 5790//5790
f 5039//5039 5782//5782 5790//5790
f 5151//5151 5789//5789 5790//5790
f 5037//5037 5791//5791 5794//5794
f 5153//5153 5792//5792 5794//5794
f 5154//5154 5793//5793 5794//5794
f 5037//5037 5789//5789 5796//5796
f 5151//5151 5795//5795 5796//5796
f 5153//5153 5791//5791 5796//5796
f 5107//5107 5797//5797 5800//5800
f 5155//5155 5798//5798 5800//5800
f 5152//5152 5799//5799 5800//5800
f 5107//5107 5801//5801 5803//5803
f 5156//5156 5802//5802 5803//5803
f 5155//5155 5797//5797 5803//5803
f 5107//5107 5799//5799 5804//5804
f 5152//5152 5784//5784 5804//5804
f 5105//5105 5586//5586 5804//5804
f 5036//5036 5372//5372 5806//5806
f 5037//5037 5793//5793 5806//5806
f 5154//5154 5805//5805 5806//5806
f 5109//5109 5807//5807 5808//5808
f 5156//5156 5801//5801 5808//5808
f 5107//5107 5592//5592 5808//5808
f 5034//5034 5369//5369 5810//5810
f 5036//5036 5805//5805 5810//5810
f 5154//5154 5809//5809 5810//5810
f 5034//5034 5809//5809 5813//5813
f 5154//5154 5811//5811 5813//5813
f 5157//5157 5812//5812 5813//5813
f 5111//5111 5814//5814 5815//5815
f 5156//5156 5807//5807 5815//5815
f 5109//5109 5598//5598 5815//5815
f 5111//5111 5816//5816 5818//5818
f 5158//5158 5817//5817 5818//5818
f 5156//5156 5814//5814 5818//5818
f 5031//5031 5363//5363 5820//5820
f 5034//5034 5812//5812 5820//5820
f 5157//5157 5819//5819 5820//5820
f 5031//5031 5821//5821 5824//5824
f 5159//5159 5822//5822 5824//5824
f 5160//5160 5823//5823 5824//5824
f 5031//5031 5819//5819 5826//5826
f 5157//5157 5825//5825 5826//5826
f 5159//5159 5821//5821 5826//5826
f 5113//5113 5827//5827 5830//5830
f 5161//5161 5828//5828 5830//5830
f 5158//5158 5829//5829 5830//5830
f 5113//5113 5831//5831 5833//5833
f 5162//5162 5832//5832 5833//5833
f 5161//5161 5827//5827 5833//5833
f 5113//5113 5829//5829 5834//5834
f 5158//5158 5816//5816 5834//5834
f 5111//5111 5604//5604 5834//5834
f 5029//5029 5354//5354 5836//5836
f 5031//5031 5823//5823 5836//5836
f 5160//5160 5835//5835 5836//5836
f 5115//5115 5837//5837 5838//5838
f 5162//5162 5831//5831 5838//5838
f 5113//5113 5613//5613 5838//5838
f 5027//5027 5348//5348 5840//5840
f 5029//5029 5835//5835 5840//5840
f 5160//5160 5839//5839 5840//5840
f 5027//5027 5839//5839 5843//5843
f 5160//5160 5841//5841 5843//5843
f 5163//5163 5842//5842 5843//5843
f 5118//5118 5844//5844 5845//5845
f 5162//5162 5837//5837 5845//5845
f 5115//5115 5615//5615 5845//5845
f 5118//5118 5846//5846 5848//5848
f 5164//5164 5847//5847 5848//5848
f 5162//5162 5844//5844 5848//5848
f 5118//5118 5849//5849 5851//5851
f 5165//5165 5850//5850 5851//5851
f 5164//5164 5846//5846 5851//5851
f 5025//5025 5346//5346 5853//5853
f 5027//5027 5842//5842 5853//5853
f 5163//5163 5852//5852 5853//5853
f 5025//5025 5852//5852 5856//5856
f 5163//5163 5854//5854 5856//5856
f 5166//5166 5855//5855 5856//5856
f 4994//4994 5857//5857 5858//5858
f 5165//5165 5849//5849 5858//5858
f 5118//5118 5621//5621 5858//5858
f 5023//5023 5340//5340 5860//5860
f 5025//5025 5855//5855 5860//5860
f 5166//5166 5859//5859 5860//5860
f 5023//5023 5859//5859 5863//5863
f 5166//5166 5861//5861 5863//5863
f 5167//5167 5862//5862 5863//5863
f 4993//4993 5864//5864 5865//5865
f 5165//5165 5857//5857 5865//5865
f 4994//4994 5245//5245 5865//5865
f 4993//4993 5866//5866 5868//5868
f 5168//5168 5867//5867 5868//5868
f 5165//5165 5864//5864 5868//5868
f 5021//5021 5334//5334 5870//5870
f 5023//5023 5862//5862 5870//5870
f 5167//5167 5869//5869 5870//5870
f 5021//5021 5871//5871 5874//5874
f 5169//5169 5872//5872 5874//5874
f 5170//5170 5873//5873 5874//5874
f 5021//5021 5869//5869 5876//5876
f 5167//5167 5875//5875 5876//5876
f 5169//5169 5871//5871 5876//5876
f 4997//4997 5877//5877 5880//5880
f 5171//5171 5878//5878 5880//5880
f 5168//5168 5879//5879 5880//5880
f 4997//4997 5879//5879 5881//5881
f 5168//5168 5866//5866 5881//5881
f 4993//4993 5252//5252 5881//5881
f 5019//5019 5328//5328 5883//5883
f 5021//5021 5873//5873 5883//5883
f 5170//5170 5882//5882 5883//5883
f 4999//4999 5884//5884 5885//5885
f 5171//5171 5877//5877 5885//5885
f 4997//4997 5258//5258 5885//5885
f 4999//4999 5886//5886 5888//5888
f 5172//5172 5887//5887 5888//5888
f 5171//5171 5884//5884 5888//5888
f 5017//5017 5322//5322 5890//5890
f 5019//5019 5882//5882 5890//5890
f 5170//5170 5889//5889 5890//5890
f 5017//5017 5889//5889 5893//5893
f 5170//5170 5891//5891 5893//5893
f 5173//5173 5892//5892 5893//5893
f 5001//5001 5894//5894 5897//5897
f 5174//5174 5895//5895 5897//5897
f 5172//5172 5896//5896 5897//5897
f 5001//5001 5898//5898 5900//5900
f 5175//5175 5899//5899 5900//5900
f 5174//5174 5894//5894 5900//5900
f 5001//5001 5896//5896 5901//5901
f 5172//5172 5886//5886 5901//5901
f 4999//4999 5264//5264 5901//5901
f 5015//5015 5316//5316 5903//5903
f 5017//5017 5892//5892 5903//5903
f 5173//5173 5902//5902 5903//5903
f 5015//5015 5902//5902 5906//5906
f 5173//5173 5904//5904 5906//5906
f 5176//5176 5905//5905 5906//5906
f 5003//5003 5907//5907 5908//5908
f 5175//5175 5898//5898 5908//5908
f 5001//5001 5270//5270 5908//5908
f 5013//5013 5310//5310 5910//5910
f 5015//5015 5905//5905 5910//5910
f 5176//5176 5909//5909 5910//5910
f 5013//5013 5911//5911 5914//5914
f 5177//5177 5912//5912 5914//5914
f 5178//5178 5913//5913 5914//5914
f 5013//5013 5909//5909 5916//5916
f 5176//5176 5915//5915 5916//5916
f 5177//5177 5911//5911 5916//5916
f 5005//5005 5917//5917 5918//5918
f 5175//5175 5907//5907 5918//5918
f 5003//5003 5276//5276 5918//5918
f 5005//5005 5919//5919 5921//5921
f 5179//5179 5920//5920 5921//5921
f 5175//5175 5917//5917 5921//5921
f 5011//5011 5304//5304 5923//5923
f 5013//5013 5913//5913 5923//5923
f 5178//5178 5922//5922 5923//5923
f 5007//5007 5924//5924 5927//5927
f 5180//5180 5925//5925 5927//5927
f 5179//5179 5926//5926 5927//5927
f 5007//5007 5928//5928 5930//5930
f 5181//5181 5929//5929 5930//5930
f 5180//5180 5924//5924 5930//5930
f 5007//5007 5926//5926 5931//5931
f 5179//5179 5919//5919 5931//5931
f 5005//5005 5282//5282 5931//5931
f 5009//5009 5294//5294 5933//5933
f 5011//5011 5922//5922 5933//5933
f 5178//5178 5932//5932 5933//5933
f 5009//5009 5932//5932 5936//5936
f 5178//5178 5934//5934 5936//5936
f 5181//5181 5935//5935 5936//5936
f 5009//5009 5935//5935 5937//5937
f 5181//5181 5928//5928 5937//5937
f 5007//5007 5288//5288 5937//5937
f 5182//5182 5938//5938 5940//5940
f 5074//5074 5481//5481 5940//5940
f 5072//5072 5939//5939 5940//5940
f 5182//5182 5939//5939 5943//5943
f 5072//5072 5941//5941 5943//5943
f 5183//5183 5942//5942 5943//5943
f 5184//5184 5944//5944 5946//5946
f 5072//5072 5475//5475 5946//5946
f 5070//5070 5945//5945 5946//5946
f 5184//5184 5947//5947 5948//5948
f 5183//5183 5941//5941 5948//5948
f 5072//5072 5944//5944 5948//5948
f 5185//5185 5949//5949 5951//5951
f 5076//5076 5487//5487 5951//5951
f 5074//5074 5950//5950 5951//5951
f 5185//5185 5950//5950 5953//5953
f 5074//5074 5938//5938 5953//5953
f 5182//5182 5952//5952 5953//5953
f 5186//5186 5954//5954 5956//5956
f 5070//5070 5469//5469 5956//5956
f 5068//5068 5955//5955 5956//5956
f 5186//5186 5957//5957 5958//5958
f 5184//5184 5945//5945 5958//5958
f 5070//5070 5954//5954 5958//5958
f 5187//5187 5959//5959 5961//5961
f 5077//5077 5490//5490 5961//5961
f 5076//5076 5960//5960 5961//5961
f 5187//5187 5960//5960 5963//5963
f 5076//5076 5949//5949 5963//5963
f 5185//5185 5962//5962 5963//5963
f 5188//5188 5964//5964 5966//5966
f 5068//5068 5463//5463 5966//5966
f 5066//5066 5965//5965 5966//5966
f 5188//5188 5967//5967 5968//5968
f 5186//5186 5955//5955 5968//5968
f 5068//5068 5964//5964 5968//5968
f 5189//5189 5969//5969 5971//5971
f 5077//5077 5959//5959 5971//5971
f 5187//5187 5970//5970 5971//5971
f 5189//5189 5972//5972 5973//5973
f 5080//5080 5501//5501 5973//5973
f 5077//5077 5969//5969 5973//5973
f 5190//5190 5974//5974 5976//5976
f 5066//5066 5459//5459 5976//5976
f 5064//5064 5975//5975 5976//5976
f 5190//5190 5977//5977 5978//5978
f 5188//5188 5965//5965 5978//5978
f 5066//5066 5974//5974 5978//5978
f 5191//5191 5979//5979 5981//5981
f 5082//5082 5507//5507 5981//5981
f 5080//5080 5980//5980 5981//5981
f 5191//5191 5980//5980 5983//5983
f 5080//5080 5972//5972 5983//5983
f 5189//5189 5982//5982 5983//5983
f 5192//5192 5984//5984 5986//5986
f 5190//5190 5975//5975 5986//5986
f 5064//5064 5985//5985 5986//5986
f 5192//5192 5985//5985 5988//5988
f 5064//5064 5453//5453 5988//5988
f 5062//5062 5987//5987 5988//5988
f 5193//5193 5989//5989 5991//5991
f 5084//5084 5511//5511 5991//5991
f 5082//5082 5990//5990 5991//5991
f 5193//5193 5990//5990 5993//5993
f 5082//5082 5979//5979 5993//5993
f 5191//5191 5992//5992 5993//5993
f 5194//5194 5994//5994 5996//5996
f 5062//5062 5447//5447 5996//5996
f 5059//5059 5995//5995 5996//5996
f 5194//5194 5997//5997 5998//5998
f 5192//5192 5987//5987 5998//5998
f 5062//5062 5994//5994 5998//5998
f 5195//5195 5999//5999 6001//6001
f 5085//5085 5516//5516 6001//6001
f 5084//5084 6000//6000 6001//6001
f 5195//5195 6000//6000 6003//6003
f 5084//5084 5989//5989 6003//6003
f 5193//5193 6002//6002 6003//6003
f 5196//5196 6004//6004 6006//6006
f 5059//5059 5438//5438 6006//6006
f 5058//5058 6005//6005 6006//6006
f 5196//5196 6007//6007 6008//6008
f 5194//5194 5995//5995 6008//6008
f 5059//5059 6004//6004 6008//6008
f 5197//5197 6009//6009 6011//6011
f 5085//5085 5999//5999 6011//6011
f 5195//5195 6010//6010 6011//6011
f 5197//5197 6012//6012 6013//6013
f 5088//5088 5523//5523 6013//6013
f 5085//5085 6009//6009 6013//6013
f 5197//5197 6014//6014 6015//6015
f 5090//5090 5529//5529 6015//6015
f 5088//5088 6012//6012 6015//6015
f 5198//5198 6016//6016 6018//6018
f 5196//5196 6005//6005 6018//6018
f 5058//5058 6017//6017 6018//6018
f 5198//5198 6017//6017 6020//6020
f 5058//5058 5435//5435 6020//6020
f 5056//5056 6019//6019 6020//6020
f 5199//5199 6021//6021 6023//6023
f 5090//5090 6014//6014 6023//6023
f 5197//5197 6022//6022 6023//6023
f 5200//5200 6024//6024 6026//6026
f 5198//5198 6019//6019 6026//6026
f 5056//5056 6025//6025 6026//6026
f 5200//5200 6025//6025 6028//6028
f 5056//5056 5429//5429 6028//6028
f 5054//5054 6027//6027 6028//6028
f 5201//5201 6029//6029 6031//6031
f 5090//5090 6021//6021 6031//6031
f 5199//5199 6030//6030 6031//6031
f 5201//5201 6032//6032 6033//6033
f 5091//5091 5532//5532 6033//6033
f 5090//5090 6029//6029 6033//6033
f 5202//5202 6034//6034 6036//6036
f 5200//5200 6027//6027 6036//6036
f 5054//5054 6035//6035 6036//6036
f 5202//5202 6035//6035 6038//6038
f 5054//5054 5423//5423 6038//6038
f 5052//5052 6037//6037 6038//6038
f 5203//5203 6039//6039 6041//6041
f 5091//5091 6032//6032 6041//6041
f 5201//5201 6040//6040 6041//6041
f 5203//5203 6042//6042 6043//6043
f 5094//5094 5541//5541 6043//6043
f 5091//5091 6039//6039 6043//6043
f 5204//5204 6044//6044 6046//6046
f 5202//5202 6037//6037 6046//6046
f 5052//5052 6045//6045 6046//6046
f 5204//5204 6045//6045 6048//6048
f 5052//5052 5417//5417 6048//6048
f 5050//5050 6047//6047 6048//6048
f 5205//5205 6049//6049 6051//6051
f 5096//5096 5547//5547 6051//6051
f 5094//5094 6050//6050 6051//6051
f 5205//5205 6050//6050 6053//6053
f 5094//5094 6042//6042 6053//6053
f 5203//5203 6052//6052 6053//6053
f 5206//5206 6054//6054 6056//6056
f 5050//5050 5411//5411 6056//6056
f 5048//5048 6055//6055 6056//6056
f 5206//5206 6057//6057 6058//6058
f 5204//5204 6047//6047 6058//6058
f 5050//5050 6054//6054 6058//6058
f 5207//5207 6059//6059 6061//6061
f 5096//5096 6049//6049 6061//6061
f 5205//5205 6060//6060 6061//6061
f 5207//5207 6062//6062 6063//6063
f 5098//5098 5553//5553 6063//6063
f 5096//5096 6059//6059 6063//6063
f 5208//5208 6064//6064 6066//6066
f 5206//5206 6055//6055 6066//6066
f 5048//5048 6065//6065 6066//6066
f 5208//5208 6065//6065 6068//6068
f 5048//5048 5405//5405 6068//6068
f 5046//5046 6067//6067 6068//6068
f 5209//5209 6069//6069 6071//6071
f 5098//5098 6062//6062 6071//6071
f 5207//5207 6070//6070 6071//6071
f 5209//5209 6072//6072 6073//6073
f 5100//5100 5559//5559 6073//6073
f 5098//5098 6069//6069 6073//6073
f 5210//5210 6074//6074 6076//6076
f 5046//5046 5399//5399 6076//6076
f 5044//5044 6075//6075 6076//6076
f 5210//5210 6077//6077 6078//6078
f 5208//5208 6067//6067 6078//6078
f 5046//5046 6074//6074 6078//6078
f 5211//5211 6079//6079 6081//6081
f 5100//5100 6072//6072 6081//6081
f 5209//5209 6080//6080 6081//6081
f 5211//5211 6082//6082 6083//6083
f 5101//5101 5562//5562 6083//6083
f 5100//5100 6079//6079 6083//6083
f 5212//5212 6084//6084 6086//6086
f 5044//5044 5393//5393 6086//6086
f 5042//5042 6085//6085 6086//6086
f 5212//5212 6087//6087 6088//6088
f 5210//5210 6075//6075 6088//6088
f 5044//5044 6084//6084 6088//6088
f 5213//5213 6089//6089 6091//6091
f 5101//5101 6082//6082 6091//6091
f 5211//5211 6090//6090 6091//6091
f 5213//5213 6092//6092 6093//6093
f 5104//5104 5571//5571 6093//6093
f 5101//5101 6089//6089 6093//6093
f 5214//5214 6094//6094 6096//6096
f 5212//5212 6085//6085 6096//6096
f 5042//5042 6095//6095 6096//6096
f 5040//5040 6097//6097 6098//6098
f 5214//5214 6095//6095 6098//6098
f 5042//5042 5387//5387 6098//6098
f 5106//5106 6099//6099 6102//6102
f 5213//5213 6100//6100 6102//6102
f 5215//5215 6101//6101 6102//6102
f 5106//5106 5577//5577 6103//6103
f 5104//5104 6092//6092 6103//6103
f 5213//5213 6099//6099 6103//6103
f 5038//5038 6104//6104 6105//6105
f 5214//5214 6097//6097 6105//6105
f 5040//5040 5381//5381 6105//6105
f 5038//5038 6106//6106 6109//6109
f 5216//5216 6107//6107 6109//6109
f 5217//5217 6108//6108 6109//6109
f 5038//5038 6108//6108 6111//6111
f 5217//5217 6110//6110 6111//6111
f 5214//5214 6104//6104 6111//6111
f 5108//5108 6112//6112 6115//6115
f 5215//5215 6113//6113 6115//6115
f 5218//5218 6114//6114 6115//6115
f 5108//5108 6114//6114 6118//6118
f 5218//5218 6116//6116 6118//6118
f 5219//5219 6117//6117 6118//6118
f 5108//5108 5583//5583 6119//6119
f 5106//5106 6101//6101 6119//6119
f 5215//5215 6112//6112 6119//6119
f 5035//5035 6120//6120 6121//6121
f 5216//5216 6106//6106 6121//6121
f 5038//5038 5375//5375 6121//6121
f 5110//5110 5589//5589 6123//6123
f 5108//5108 6117//6117 6123//6123
f 5219//5219 6122//6122 6123//6123
f 5033//5033 6124//6124 6125//6125
f 5216//5216 6120//6120 6125//6125
f 5035//5035 5366//5366 6125//6125
f 5033//5033 6126//6126 6128//6128
f 5220//5220 6127//6127 6128//6128
f 5216//5216 6124//6124 6128//6128
f 5112//5112 5595//5595 6130//6130
f 5110//5110 6122//6122 6130//6130
f 5219//5219 6129//6129 6130//6130
f 5112//5112 6129//6129 6133//6133
f 5219//5219 6131//6131 6133//6133
f 5221//5221 6132//6132 6133//6133
f 5032//5032 6134//6134 6135//6135
f 5220//5220 6126//6126 6135//6135
f 5033//5033 5360//5360 6135//6135
f 5032//5032 6136//6136 6139//6139
f 5222//5222 6137//6137 6139//6139
f 5223//5223 6138//6138 6139//6139
f 5032//5032 6138//6138 6141//6141
f 5223//5223 6140//6140 6141//6141
f 5220//5220 6134//6134 6141//6141
f 5114//5114 6142//6142 6145//6145
f 5221//5221 6143//6143 6145//6145
f 5224//5224 6144//6144 6145//6145
f 5114//5114 6144//6144 6148//6148
f 5224//5224 6146//6146 6148//6148
f 5225//5225 6147//6147 6148//6148
f 5114//5114 5601//5601 6149//6149
f 5112//5112 6132//6132 6149//6149
f 5221//5221 6142//6142 6149//6149
f 5030//5030 6150//6150 6151//6151
f 5222//5222 6136//6136 6151//6151
f 5032//5032 5357//5357 6151//6151
f 5116//5116 5607//5607 6153//6153
f 5114//5114 6147//6147 6153//6153
f 5225//5225 6152//6152 6153//6153
f 5028//5028 6154//6154 6155//6155
f 5222//5222 6150//6150 6155//6155
f 5030//5030 5351//5351 6155//6155
f 5028//5028 6156//6156 6158//6158
f 5226//5226 6157//6157 6158//6158
f 5222//5222 6154//6154 6158//6158
f 5117//5117 5610//5610 6160//6160
f 5116//5116 6152//6152 6160//6160
f 5225//5225 6159//6159 6160//6160
f 5117//5117 6159//6159 6163//6163
f 5225//5225 6161//6161 6163//6163
f 5227//5227 6162//6162 6163//6163
f 5117//5117 6162//6162 6166//6166
f 5227//5227 6164//6164 6166//6166
f 5228//5228 6165//6165 6166//6166
f 5026//5026 6167//6167 6168//6168
f 5226//5226 6156//6156 6168//6168
f 5028//5028 5343//5343 6168//6168
f 5026//5026 6169//6169 6171//6171
f 5229//5229 6170//6170 6171//6171
f 5226//5226 6167//6167 6171//6171
f 4995//4995 5619//5619 6173//6173
f 5117//5117 6165//6165 6173//6173
f 5228//5228 6172//6172 6173//6173
f 5024//5024 6174//6174 6175//6175
f 5229//5229 6169//6169 6175//6175
f 5026//5026 5337//5337 6175//6175
f 5024//5024 6176//6176 6178//6178
f 5230//5230 6177//6177 6178//6178
f 5229//5229 6174//6174 6178//6178
f 4996//4996 5249//5249 6180//6180
f 4995//4995 6172//6172 6180//6180
f 5228//5228 6179//6179 6180//6180
f 4996//4996 6179//6179 6183//6183
f 5228//5228 6181//6181 6183//6183
f 5231//5231 6182//6182 6183//6183
f 5022//5022 6184//6184 6185//6185
f 5230//5230 6176//6176 6185//6185
f 5024//5024 5331//5331 6185//6185
f 5022//5022 6186//6186 6189//6189
f 5232//5232 6187//6187 6189//6189
f 5233//5233 6188//6188 6189//6189
f 5022//5022 6188//6188 6191//6191
f 5233//5233 6190//6190 6191//6191
f 5230//5230 6184//6184 6191//6191
f 4998//4998 6192//6192 6195//6195
f 5231//5231 6193//6193 6195//6195
f 5234//5234 6194//6194 6195//6195
f 4998//4998 5255//5255 6196//6196
f 4996//4996 6182//6182 6196//6196
f 5231//5231 6192//6192 6196//6196
f 5020//5020 6197//6197 6198//6198
f 5232//5232 6186//6186 6198//6198
f 5022//5022 5325//5325 6198//6198
f 5000//5000 5261//5261 6200//6200
f 4998//4998 6194//6194 6200//6200
f 5234//5234 6199//6199 6200//6200
f 5000//5000 6199//6199 6203//6203
f 5234//5234 6201//6201 6203//6203
f 5235//5235 6202//6202 6203//6203
f 5018//5018 6204//6204 6205//6205
f 5232//5232 6197//6197 6205//6205
f 5020//5020 5319//5319 6205//6205
f 5018//5018 6206//6206 6208//6208
f 5236//5236 6207//6207 6208//6208
f 5232//5232 6204//6204 6208//6208
f 5002//5002 6209//6209 6212//6212
f 5235//5235 6210//6210 6212//6212
f 5237//5237 6211//6211 6212//6212
f 5002//5002 6211//6211 6215//6215
f 5237//5237 6213//6213 6215//6215
f 5238//5238 6214//6214 6215//6215
f 5002//5002 5267//5267 6216//6216
f 5000//5000 6202//6202 6216//6216
f 5235//5235 6209//6209 6216//6216
f 5016//5016 6217//6217 6218//6218
f 5236//5236 6206//6206 6218//6218
f 5018//5018 5313//5313 6218//6218
f 5016//5016 6219//6219 6221//6221
f 5239//5239 6220//6220 6221//6221
f 5236//5236 6217//6217 6221//6221
f 5004//5004 5273//5273 6223//6223
f 5002//5002 6214//6214 6223//6223
f 5238//5238 6222//6222 6223//6223
f 5014//5014 6224//6224 6225//6225
f 5239//5239 6219//6219 6225//6225
f 5016//5016 5307//5307 6225//6225
f 5014//5014 6226//6226 6229//6229
f 5240//5240 6227//6227 6229//6229
f 5241//5241 6228//6228 6229//6229
f 5014//5014 6228//6228 6231//6231
f 5241//5241 6230//6230 6231//6231
f 5239//5239 6224//6224 6231//6231
f 5006//5006 5279//5279 6233//6233
f 5004//5004 6222//6222 6233//6233
f 5238//5238 6232//6232 6233//6233
f 5006//5006 6232//6232 6236//6236
f 5238//5238 6234//6234 6236//6236
f 5242//5242 6235//6235 6236//6236
f 5012//5012 6237//6237 6238//6238
f 5240//5240 6226//6226 6238//6238
f 5014//5014 5301//5301 6238//6238
f 5008//5008 6239//6239 6242//6242
f 5242//5242 6240//6240 6242//6242
f 5243//5243 6241//6241 6242//6242
f 5008//5008 6241//6241 6245//6245
f 5243//5243 6243//6243 6245//6245
f 5244//5244 6244//6244 6245//6245
f 5008//5008 5285//5285 6246//6246
f 5006//5006 6235//6235 6246//6246
f 5242//5242 6239//6239 6246//6246
f 5010//5010 6247//6247 6248//6248
f 5240//5240 6237//6237 6248//6248
f 5012//5012 5297//5297 6248//6248
f 5010//5010 6249//6249 6251//6251
f 5244//5244 6250//6250 6251//6251
f 5240//5240 6247//6247 6251//6251
f 5010//5010 5291//5291 6252//6252
f 5008//5008 6244//6244 6252//6252
f 5244//5244 6249//6249 6252//6252
f 5168//5168 6253//6253 6255//6255
f 5228//5228 6254//6254 6255//6255
f 5165//5165 5867//5867 6255//6255
f 5168//5168 6256//6256 6257//6257
f 5231//5231 6181//6181 6257//6257
f 5228//5228 6253//6253 6257//6257
f 5171//5171 6258//6258 6259//6259
f 5231//5231 6256//6256 6259//6259
f 5168//5168 5878//5878 6259//6259
f 5171//5171 6260//6260 6261//6261
f 5234//5234 6193//6193 6261//6261
f 5231//5231 6258//6258 6261//6261
f 5172//5172 6262//6262 6263//6263
f 5234//5234 6260//6260 6263//6263
f 5171//5171 5887//5887 6263//6263
f 5172//5172 6264//6264 6265//6265
f 5235//5235 6201//6201 6265//6265
f 5234//5234 6262//6262 6265//6265
f 5174//5174 6266//6266 6267//6267
f 5235//5235 6264//6264 6267//6267
f 5172//5172 5895//5895 6267//6267
f 5174//5174 6268//6268 6269//6269
f 5237//5237 6210//6210 6269//6269
f 5235//5235 6266//6266 6269//6269
f 5175//5175 6270//6270 6271//6271
f 5237//5237 6268//6268 6271//6271
f 5174//5174 5899//5899 6271//6271
f 5175//5175 6272//6272 6273//6273
f 5238//5238 6213//6213 6273//6273
f 5237//5237 6270//6270 6273//6273
f 5179//5179 6274//6274 6275//6275
f 5238//5238 6272//6272 6275//6275
f 5175//5175 5920//5920 6275//6275
f 5179//5179 6276//6276 6277//6277
f 5242//5242 6234//6234 6277//6277
f 5238//5238 6274//6274 6277//6277
f 5180//5180 6278//6278 6279//6279
f 5242//5242 6276//6276 6279//6279
f 5179//5179 5925//5925 6279//6279
f 5180//5180 6280//6280 6281//6281
f 5243//5243 6240//6240 6281//6281
f 5242//5242 6278//6278 6281//6281
f 5181//5181 6282//6282 6283//6283
f 5243//5243 6280//6280 6283//6283
f 5180//5180 5929//5929 6283//6283
f 5181//5181 6284//6284 6285//6285
f 5244//5244 6243//6243 6285//6285
f 5243//5243 6282//6282 6285//6285
f 5178//5178 6286//6286 6287//6287
f 5244//5244 6284//6284 6287//6287
f 5181//5181 5934//5934 6287//6287
f 5178//5178 6288//6288 6289//6289
f 5240//5240 6250//6250 6289//6289
f 5244//5244 6286//6286 6289//6289
f 5177//5177 6290//6290 6292//6292
f 5241//5241 6227//6227 6292//6292
f 5240//5240 6291//6291 6292//6292
f 5177//5177 6291//6291 6293//6293
f 5240//5240 6288//6288 6293//6293
f 5178//5178 5912//5912 6293//6293
f 5176//5176 6294//6294 6296//6296
f 5239//5239 6230//6230 6296//6296
f 5241//5241 6295//6295 6296//6296
f 5176//5176 6295//6295 6297//6297
f 5241//5241 6290//6290 6297//6297
f 5177//5177 5915//5915 6297//6297
f 5173//5173 6298//6298 6300//6300
f 5236//5236 6220//6220 6300//6300
f 5239//5239 6299//6299 6300//6300
f 5173//5173 6299//6299 6301//6301
f 5239//5239 6294//6294 6301//6301
f 5176//5176 5904//5904 6301//6301
f 5170//5170 6302//6302 6304//6304
f 5232//5232 6207//6207 6304//6304
f 5236//5236 6303//6303 6304//6304
f 5170//5170 6303//6303 6305//6305
f 5236//5236 6298//6298 6305//6305
f 5173//5173 5891//5891 6305//6305
f 5169//5169 6306//6306 6308//6308
f 5233//5233 6187//6187 6308//6308
f 5232//5232 6307//6307 6308//6308
f 5169//5169 6307//6307 6309//6309
f 5232//5232 6302//6302 6309//6309
f 5170//5170 5872//5872 6309//6309
f 5167//5167 6310//6310 6312//6312
f 5230//5230 6190//6190 6312//6312
f 5233//5233 6311//6311 6312//6312
f 5167//5167 6311//6311 6313//6313
f 5233//5233 6306//6306 6313//6313
f 5169//5169 5875//5875 6313//6313
f 5166//5166 6314//6314 6316//6316
f 5229//5229 6177//6177 6316//6316
f 5230//5230 6315//6315 6316//6316
f 5166//5166 6315//6315 6317//6317
f 5230//5230 6310//6310 6317//6317
f 5167//5167 5861//5861 6317//6317
f 5163//5163 6318//6318 6320//6320
f 5226//5226 6170//6170 6320//6320
f 5229//5229 6319//6319 6320//6320
f 5163//5163 6319//6319 6321//6321
f 5229//5229 6314//6314 6321//6321
f 5166//5166 5854//5854 6321//6321
f 5160//5160 6322//6322 6323//6323
f 5226//5226 6318//6318 6323//6323
f 5163//5163 5841//5841 6323//6323
f 5160//5160 6324//6324 6325//6325
f 5222//5222 6157//6157 6325//6325
f 5226//5226 6322//6322 6325//6325
f 5159//5159 6326//6326 6327//6327
f 5222//5222 6324//6324 6327//6327
f 5160//5160 5822//5822 6327//6327
f 5159//5159 6328//6328 6329//6329
f 5223//5223 6137//6137 6329//6329
f 5222//5222 6326//6326 6329//6329
f 5159//5159 6330//6330 6331//6331
f 5220//5220 6140//6140 6331//6331
f 5223//5223 6328//6328 6331//6331
f 5157//5157 6332//6332 6333//6333
f 5220//5220 6330//6330 6333//6333
f 5159//5159 5825//5825 6333//6333
f 5157//5157 6334//6334 6335//6335
f 5216//5216 6127//6127 6335//6335
f 5220//5220 6332//6332 6335//6335
f 5154//5154 6336//6336 6337//6337
f 5216//5216 6334//6334 6337//6337
f 5157//5157 5811//5811 6337//6337
f 5153//5153 6338//6338 6339//6339
f 5216//5216 6336//6336 6339//6339
f 5154//5154 5792//5792 6339//6339
f 5153//5153 6340//6340 6341//6341
f 5217//5217 6107//6107 6341//6341
f 5216//5216 6338//6338 6341//6341
f 5151//5151 6342//6342 6343//6343
f 5217//5217 6340//6340 6343//6343
f 5153//5153 5795//5795 6343//6343
f 5151//5151 6344//6344 6345//6345
f 5214//5214 6110//6110 6345//6345
f 5217//5217 6342//6342 6345//6345
f 5149//5149 6346//6346 6347//6347
f 5214//5214 6344//6344 6347//6347
f 5151//5151 5780//5780 6347//6347
f 5149//5149 6348//6348 6349//6349
f 5212//5212 6094//6094 6349//6349
f 5214//5214 6346//6346 6349//6349
f 5147//5147 6350//6350 6351//6351
f 5212//5212 6348//6348 6351//6351
f 5149//5149 5772//5772 6351//6351
f 5147//5147 6352//6352 6353//6353
f 5210//5210 6087//6087 6353//6353
f 5212//5212 6350//6350 6353//6353
f 5145//5145 6354//6354 6355//6355
f 5210//5210 6352//6352 6355//6355
f 5147//5147 5762//5762 6355//6355
f 5145//5145 6356//6356 6357//6357
f 5208//5208 6077//6077 6357//6357
f 5210//5210 6354//6354 6357//6357
f 5143//5143 6358//6358 6359//6359
f 5208//5208 6356//6356 6359//6359
f 5145//5145 5750//5750 6359//6359
f 5143//5143 6360//6360 6361//6361
f 5206//5206 6064//6064 6361//6361
f 5208//5208 6358//6358 6361//6361
f 5141//5141 6362//6362 6363//6363
f 5206//5206 6360//6360 6363//6363
f 5143//5143 5742//5742 6363//6363
f 5141//5141 6364//6364 6365//6365
f 5204//5204 6057//6057 6365//6365
f 5206//5206 6362//6362 6365//6365
f 5139//5139 6366//6366 6367//6367
f 5204//5204 6364//6364 6367//6367
f 5141//5141 5730//5730 6367//6367
f 5139//5139 6368//6368 6369//6369
f 5202//5202 6044//6044 6369//6369
f 5204//5204 6366//6366 6369//6369
f 5137//5137 6370//6370 6371//6371
f 5202//5202 6368//6368 6371//6371
f 5139//5139 5720//5720 6371//6371
f 5137//5137 6372//6372 6373//6373
f 5200//5200 6034//6034 6373//6373
f 5202//5202 6370//6370 6373//6373
f 5135//5135 6374//6374 6375//6375
f 5200//5200 6372//6372 6375//6375
f 5137//5137 5710//5710 6375//6375
f 5135//5135 6376//6376 6377//6377
f 5198//5198 6024//6024 6377//6377
f 5200//5200 6374//6374 6377//6377
f 5133//5133 6378//6378 6379//6379
f 5198//5198 6376//6376 6379//6379
f 5135//5135 5702//5702 6379//6379
f 5133//5133 6380//6380 6381//6381
f 5196//5196 6016//6016 6381//6381
f 5198//5198 6378//6378 6381//6381
f 5133//5133 6382//6382 6383//6383
f 5194//5194 6007//6007 6383//6383
f 5196//5196 6380//6380 6383//6383
f 5131//5131 6384//6384 6385//6385
f 5194//5194 6382//6382 6385//6385
f 5133//5133 5692//5692 6385//6385
f 5129//5129 6386//6386 6387//6387
f 5194//5194 6384//6384 6387//6387
f 5131//5131 5682//5682 6387//6387
f 5129//5129 6388//6388 6389//6389
f 5192//5192 5997//5997 6389//6389
f 5194//5194 6386//6386 6389//6389
f 5127//5127 6390//6390 6391//6391
f 5192//5192 6388//6388 6391//6391
f 5129//5129 5670//5670 6391//6391
f 5127//5127 6392//6392 6393//6393
f 5190//5190 5984//5984 6393//6393
f 5192//5192 6390//6390 6393//6393
f 5125//5125 6394//6394 6395//6395
f 5190//5190 6392//6392 6395//6395
f 5127//5127 5662//5662 6395//6395
f 5125//5125 6396//6396 6397//6397
f 5188//5188 5977//5977 6397//6397
f 5190//5190 6394//6394 6397//6397
f 5123//5123 6398//6398 6400//6400
f 5186//5186 5967//5967 6400//6400
f 5188//5188 6399//6399 6400//6400
f 5123//5123 6399//6399 6401//6401
f 5188//5188 6396//6396 6401//6401
f 5125//5125 5652//5652 6401//6401
f 5121//5121 6402//6402 6404//6404
f 5184//5184 5957//5957 6404//6404
f 5186//5186 6403//6403 6404//6404
f 5121//5121 6403//6403 6405//6405
f 5186//5186 6398//6398 6405//6405
f 5123//5123 5642//5642 6405//6405
f 5120//5120 6406//6406 6408//6408
f 5183//5183 5947//5947 6408//6408
f 5184//5184 6407//6407 6408//6408
f 5120//5120 6407//6407 6409//6409
f 5184//5184 6402//6402 6409//6409
f 5121//5121 5632//5632 6409//6409
f 5119//5119 6410//6410 6412//6412
f 5182//5182 5942//5942 6412//6412
f 5183//5183 6411//6411 6412//6412
f 5119//5119 6411//6411 6413//6413
f 5183//5183 6406//6406 6413//6413
f 5120//5120 5626//5626 6413//6413
f 5122//5122 6414//6414 6416//6416
f 5185//5185 5952//5952 6416//6416
f 5182//5182 6415//6415 6416//6416
f 5122//5122 6417//6417 6418//6418
f 5187//5187 5962//5962 6418//6418
f 5185//5185 6414//6414 6418//6418
f 5122//5122 6415//6415 6419//6419
f 5182//5182 6410//6410 6419//6419
f 5119//5119 5637//5637 6419//6419
f 5124//5124 6420//6420 6421//6421
f 5187//5187 6417//6417 6421//6421
f 5122//5122 5647//5647 6421//6421
f 5126//5126 6422//6422 6423//6423
f 5187//5187 6420//6420 6423//6423
f 5124//5124 5654//5654 6423//6423
f 5126//5126 6424//6424 6425//6425
f 5189//5189 5970//5970 6425//6425
f 5187//5187 6422//6422 6425//6425
f 5128//5128 6426//6426 6427//6427
f 5189//5189 6424//6424 6427//6427
f 5126//5126 5667//5667 6427//6427
f 5128//5128 6428//6428 6429//6429
f 5191//5191 5982//5982 6429//6429
f 5189//5189 6426//6426 6429//6429
f 5130//5130 6430//6430 6432//6432
f 5193//5193 5992//5992 6432//6432
f 5191//5191 6431//6431 6432//6432
f 5130//5130 6431//6431 6433//6433
f 5191//5191 6428//6428 6433//6433
f 5128//5128 5677//5677 6433//6433
f 5130//5130 6434//6434 6435//6435
f 5195//5195 6002//6002 6435//6435
f 5193//5193 6430//6430 6435//6435
f 5132//5132 6436//6436 6437//6437
f 5195//5195 6434//6434 6437//6437
f 5130//5130 5687//5687 6437//6437
f 5134//5134 6438//6438 6440//6440
f 5197//5197 6010//6010 6440//6440
f 5195//5195 6439//6439 6440//6440
f 5134//5134 6439//6439 6441//6441
f 5195//5195 6436//6436 6441//6441
f 5132//5132 5694//5694 6441//6441
f 5136//5136 6442//6442 6444//6444
f 5199//5199 6022//6022 6444//6444
f 5197//5197 6443//6443 6444//6444
f 5136//5136 6445//6445 6446//6446
f 5201//5201 6030//6030 6446//6446
f 5199//5199 6442//6442 6446//6446
f 5136//5136 6443//6443 6447//6447
f 5197//5197 6438//6438 6447//6447
f 5134//5134 5706//5706 6447//6447
f 5138//5138 6448//6448 6449//6449
f 5201//5201 6445//6445 6449//6449
f 5136//5136 5714//5714 6449//6449
f 5140//5140 6450//6450 6452//6452
f 5203//5203 6040//6040 6452//6452
f 5201//5201 6451//6451 6452//6452
f 5140//5140 6451//6451 6453//6453
f 5201//5201 6448//6448 6453//6453
f 5138//5138 5724//5724 6453//6453
f 5142//5142 6454//6454 6456//6456
f 5205//5205 6052//6052 6456//6456
f 5203//5203 6455//6455 6456//6456
f 5142//5142 6455//6455 6457//6457
f 5203//5203 6450//6450 6457//6457
f 5140//5140 5737//5737 6457//6457
f 5144//5144 6458//6458 6460//6460
f 5207//5207 6060//6060 6460//6460
f 5205//5205 6459//6459 6460//6460
f 5144//5144 6459//6459 6461//6461
f 5205//5205 6454//6454 6461//6461
f 5142//5142 5744//5744 6461//6461
f 5146//5146 6462//6462 6464//6464
f 5209//5209 6070//6070 6464//6464
f 5207//5207 6463//6463 6464//6464
f 5146//5146 6465//6465 6466//6466
f 5211//5211 6080//6080 6466//6466
f 5209//5209 6462//6462 6466//6466
f 5146//5146 6463//6463 6467//6467
f 5207//5207 6458//6458 6467//6467
f 5144//5144 5754//5754 6467//6467
f 5148//5148 6468//6468 6469//6469
f 5211//5211 6465//6465 6469//6469
f 5146//5146 5764//5764 6469//6469
f 5150//5150 6470//6470 6472//6472
f 5213//5213 6090//6090 6472//6472
f 5211//5211 6471//6471 6472//6472
f 5150//5150 6471//6471 6473//6473
f 5211//5211 6468//6468 6473//6473
f 5148//5148 5774//5774 6473//6473
f 5152//5152 6474//6474 6476//6476
f 5215//5215 6100//6100 6476//6476
f 5213//5213 6475//6475 6476//6476
f 5152//5152 6475//6475 6477//6477
f 5213//5213 6470//6470 6477//6477
f 5150//5150 5785//5785 6477//6477
f 5155//5155 6478//6478 6480//6480
f 5218//5218 6113//6113 6480//6480
f 5215//5215 6479//6479 6480//6480
f 5155//5155 6479//6479 6481//6481
f 5215//5215 6474//6474 6481//6481
f 5152//5152 5798//5798 6481//6481
f 5156//5156 6482//6482 6484//6484
f 5219//5219 6116//6116 6484//6484
f 5218//5218 6483//6483 6484//6484
f 5156//5156 6483//6483 6485//6485
f 5218//5218 6478//6478 6485//6485
f 5155//5155 5802//5802 6485//6485
f 5158//5158 6486//6486 6488//6488
f 5221//5221 6131//6131 6488//6488
f 5219//5219 6487//6487 6488//6488
f 5158//5158 6487//6487 6489//6489
f 5219//5219 6482//6482 6489//6489
f 5156//5156 5817//5817 6489//6489
f 5161//5161 6490//6490 6492//6492
f 5224//5224 6143//6143 6492//6492
f 5221//5221 6491//6491 6492//6492
f 5161//5161 6491//6491 6493//6493
f 5221//5221 6486//6486 6493//6493
f 5158//5158 5828//5828 6493//6493
f 5162//5162 6494//6494 6496//6496
f 5225//5225 6146//6146 6496//6496
f 5224//5224 6495//6495 6496//6496
f 5162//5162 6497//6497 6498//6498
f 5227//5227 6161//6161 6498//6498
f 5225//5225 6494//6494 6498//6498
f 5162//5162 6495//6495 6499//6499
f 5224//5224 6490//6490 6499//6499
f 5161//5161 5832//5832 6499//6499
f 5164//5164 6500//6500 6501//6501
f 5227//5227 6497//6497 6501//6501
f 5162//5162 5847//5847 6501//6501
f 5165//5165 6254//6254 6503//6503
f 5228//5228 6164//6164 6503//6503
f 5227//5227 6502//6502 6503//6503
f 5165//5165 6502//6502 6504//6504
f 5227//5227 6500//6500 6504//6504
f 5164//5164 5850//5850 6504//6504
f 4993//4993 5248//5248 5247//5247
f 4994//4994 5248//5248 5245//5245
f 4995//4995 5248//5248 5246//5246
f 4993//4993 5251//5251 5250//5250
f 4995//4995 5251//5251 5247//5247
f 4996//4996 5251//5251 5249//5249
f 4997//4997 5254//5254 5253//5253
f 4993//4993 5254//5254 5252//5252
f 4996//4996 5254//5254 5250//5250
f 4997//4997 5257//5257 5256//5256
f 4996//4996 5257//5257 5253//5253
f 4998//4998 5257//5257 5255//5255
f 4999//4999 5260//5260 5259//5259
f 4997//4997 5260//5260 5258//5258
f 4998//4998 5260//5260 5256//5256
f 4999//4999 5263//5263 5262//5262
f 4998//4998 5263//5263 5259//5259
f 5000//5000 5263//5263 5261//5261
f 5001//5001 5266//5266 5265//5265
f 4999//4999 5266//5266 5264//5264
f 5000//5000 5266//5266 5262//5262
f 5001//5001 5269//5269 5268//5268
f 5000//5000 5269//5269 5265//5265
f 5002//5002 5269//5269 5267//5267
f 5003//5003 5272//5272 5271//5271
f 5001//5001 5272//5272 5270//5270
f 5002//5002 5272//5272 5268//5268
f 5003//5003 5275//5275 5274//5274
f 5002//5002 5275//5275 5271//5271
f 5004//5004 5275//5275 5273//5273
f 5005//5005 5278//5278 5277//5277
f 5003//5003 5278//5278 5276//5276
f 5004//5004 5278//5278 5274//5274
f 5005//5005 5281//5281 5280//5280
f 5004//5004 5281//5281 5277//5277
f 5006//5006 5281//5281 5279//5279
f 5007//5007 5284//5284 5283//5283
f 5005//5005 5284//5284 5282//5282
f 5006//5006 5284//5284 5280//5280
f 5007//5007 5287//5287 5286//5286
f 5006//5006 5287//5287 5283//5283
f 5008//5008 5287//5287 5285//5285
f 5009//5009 5290//5290 5289//5289
f 5007//5007 5290//5290 5288//5288
f 5008//5008 5290//5290 5286//5286
f 5009//5009 5293//5293 5292//5292
f 5008//5008 5293//5293 5289//5289
f 5010//5010 5293//5293 5291//5291
f 5011//5011 5296//5296 5295//5295
f 5009//5009 5296//5296 5294//5294
f 5010//5010 5296//5296 5292//5292
f 5011//5011 5299//5299 5298//5298
f 5010//5010 5299//5299 5295//5295
f 5012//5012 5299//5299 5297//5297
f 5013//5013 5303//5303 5302//5302
f 5012//5012 5303//5303 5300//5300
f 5014//5014 5303//5303 5301//5301
f 5013//5013 5305//5305 5300//5300
f 5011//5011 5305//5305 5304//5304
f 5012//5012 5305//5305 5298//5298
f 5015//5015 5309//5309 5308//5308
f 5014//5014 5309//5309 5306//5306
f 5016//5016 5309//5309 5307//5307
f 5015//5015 5311//5311 5306//5306
f 5013//5013 5311//5311 5310//5310
f 5014//5014 5311//5311 5302//5302
f 5017//5017 5315//5315 5314//5314
f 5016//5016 5315//5315 5312//5312
f 5018//5018 5315//5315 5313//5313
f 5017//5017 5317//5317 5312//5312
f 5015//5015 5317//5317 5316//5316
f 5016//5016 5317//5317 5308//5308
f 5019//5019 5321//5321 5320//5320
f 5018//5018 5321//5321 5318//5318
f 5020//5020 5321//5321 5319//5319
f 5019//5019 5323//5323 5318//5318
f 5017//5017 5323//5323 5322//5322
f 5018//5018 5323//5323 5314//5314
f 5021//5021 5327//5327 5326//5326
f 5020//5020 5327//5327 5324//5324
f 5022//5022 5327//5327 5325//5325
f 5021//5021 5329//5329 5324//5324
f 5019//5019 5329//5329 5328//5328
f 5020//5020 5329//5329 5320//5320
f 5023//5023 5333//5333 5332//5332
f 5022//5022 5333//5333 5330//5330
f 5024//5024 5333//5333 5331//5331
f 5023//5023 5335//5335 5330//5330
f 5021//5021 5335//5335 5334//5334
f 5022//5022 5335//5335 5326//5326
f 5025//5025 5339//5339 5338//5338
f 5024//5024 5339//5339 5336//5336
f 5026//5026 5339//5339 5337//5337
f 5025//5025 5341//5341 5336//5336
f 5023//5023 5341//5341 5340//5340
f 5024//5024 5341//5341 5332//5332
f 5027//5027 5345//5345 5344//5344
f 5026//5026 5345//5345 5342//5342
f 5028//5028 5345//5345 5343//5343
f 5027//5027 5347//5347 5342//5342
f 5025//5025 5347//5347 5346//5346
f 5026//5026 5347//5347 5338//5338
f 5029//5029 5350//5350 5349//5349
f 5027//5027 5350//5350 5348//5348
f 5028//5028 5350//5350 5344//5344
f 5029//5029 5353//5353 5352//5352
f 5028//5028 5353//5353 5349//5349
f 5030//5030 5353//5353 5351//5351
f 5031//5031 5356//5356 5355//5355
f 5029//5029 5356//5356 5354//5354
f 5030//5030 5356//5356 5352//5352
f 5031//5031 5359//5359 5358//5358
f 5030//5030 5359//5359 5355//5355
f 5032//5032 5359//5359 5357//5357
f 5031//5031 5362//5362 5361//5361
f 5032//5032 5362//5362 5358//5358
f 5033//5033 5362//5362 5360//5360
f 5034//5034 5365//5365 5364//5364
f 5031//5031 5365//5365 5363//5363
f 5033//5033 5365//5365 5361//5361
f 5034//5034 5368//5368 5367//5367
f 5033//5033 5368//5368 5364//5364
f 5035//5035 5368//5368 5366//5366
f 5036//5036 5371//5371 5370//5370
f 5034//5034 5371//5371 5369//5369
f 5035//5035 5371//5371 5367//5367
f 5037//5037 5374//5374 5373//5373
f 5036//5036 5374//5374 5372//5372
f 5035//5035 5374//5374 5370//5370
f 5037//5037 5377//5377 5376//5376
f 5035//5035 5377//5377 5373//5373
f 5038//5038 5377//5377 5375//5375
f 5039//5039 5380//5380 5379//5379
f 5037//5037 5380//5380 5378//5378
f 5038//5038 5380//5380 5376//5376
f 5039//5039 5383//5383 5382//5382
f 5038//5038 5383//5383 5379//5379
f 5040//5040 5383//5383 5381//5381
f 5041//5041 5386//5386 5385//5385
f 5039//5039 5386//5386 5384//5384
f 5040//5040 5386//5386 5382//5382
f 5041//5041 5389//5389 5388//5388
f 5040//5040 5389//5389 5385//5385
f 5042//5042 5389//5389 5387//5387
f 5043//5043 5392//5392 5391//5391
f 5041//5041 5392//5392 5390//5390
f 5042//5042 5392//5392 5388//5388
f 5043//5043 5395//5395 5394//5394
f 5042//5042 5395//5395 5391//5391
f 5044//5044 5395//5395 5393//5393
f 5045//5045 5398//5398 5397//5397
f 5043//5043 5398//5398 5396//5396
f 5044//5044 5398//5398 5394//5394
f 5045//5045 5401//5401 5400//5400
f 5044//5044 5401//5401 5397//5397
f 5046//5046 5401//5401 5399//5399
f 5047//5047 5404//5404 5403//5403
f 5045//5045 5404//5404 5402//5402
f 5046//5046 5404//5404 5400//5400
f 5047//5047 5407//5407 5406//5406
f 5046//5046 5407//5407 5403//5403
f 5048//5048 5407//5407 5405//5405
f 5049//5049 5410//5410 5409//5409
f 5047//5047 5410//5410 5408//5408
f 5048//5048 5410//5410 5406//5406
f 5049//5049 5413//5413 5412//5412
f 5048//5048 5413//5413 5409//5409
f 5050//5050 5413//5413 5411//5411
f 5051//5051 5416//5416 5415//5415
f 5049//5049 5416//5416 5414//5414
f 5050//5050 5416//5416 5412//5412
f 5051//5051 5419//5419 5418//5418
f 5050//5050 5419//5419 5415//5415
f 5052//5052 5419//5419 5417//5417
f 5053//5053 5422//5422 5421//5421
f 5051//5051 5422//5422 5420//5420
f 5052//5052 5422//5422 5418//5418
f 5053//5053 5425//5425 5424//5424
f 5052//5052 5425//5425 5421//5421
f 5054//5054 5425//5425 5423//5423
f 5055//5055 5428//5428 5427//5427
f 5053//5053 5428//5428 5426//5426
f 5054//5054 5428//5428 5424//5424
f 5055//5055 5431//5431 5430//5430
f 5054//5054 5431//5431 5427//5427
f 5056//5056 5431//5431 5429//5429
f 5057//5057 5434//5434 5433//5433
f 5055//5055 5434//5434 5432//5432
f 5056//5056 5434//5434 5430//5430
f 5057//5057 5437//5437 5436//5436
f 5056//5056 5437//5437 5433//5433
f 5058//5058 5437//5437 5435//5435
f 5057//5057 5440//5440 5439//5439
f 5058//5058 5440//5440 5436//5436
f 5059//5059 5440//5440 5438//5438
f 5060//5060 5443//5443 5442//5442
f 5057//5057 5443//5443 5441//5441
f 5059//5059 5443//5443 5439//5439
f 5061//5061 5446//5446 5445//5445
f 5060//5060 5446//5446 5444//5444
f 5059//5059 5446//5446 5442//5442
f 5061//5061 5449//5449 5448//5448
f 5059//5059 5449//5449 5445//5445
f 5062//5062 5449//5449 5447//5447
f 5063//5063 5452//5452 5451//5451
f 5061//5061 5452//5452 5450//5450
f 5062//5062 5452//5452 5448//5448
f 5063//5063 5455//5455 5454//5454
f 5062//5062 5455//5455 5451//5451
f 5064//5064 5455//5455 5453//5453
f 5065//5065 5458//5458 5457//5457
f 5063//5063 5458//5458 5456//5456
f 5064//5064 5458//5458 5454//5454
f 5065//5065 5461//5461 5460//5460
f 5064//5064 5461//5461 5457//5457
f 5066//5066 5461//5461 5459//5459
f 5067//5067 5465//5465 5464//5464
f 5066//5066 5465//5465 5462//5462
f 5068//5068 5465//5465 5463//5463
f 5067//5067 5467//5467 5462//5462
f 5065//5065 5467//5467 5466//5466
f 5066//5066 5467//5467 5460//5460
f 5069//5069 5471//5471 5470//5470
f 5068//5068 5471//5471 5468//5468
f 5070//5070 5471//5471 5469//5469
f 5069//5069 5473//5473 5468//5468
f 5067//5067 5473//5473 5472//5472
f 5068//5068 5473//5473 5464//5464
f 5071//5071 5477//5477 5476//5476
f 5070//5070 5477//5477 5474//5474
f 5072//5072 5477//5477 5475//5475
f 5071//5071 5479//5479 5474//5474
f 5069//5069 5479//5479 5478//5478
f 5070//5070 5479//5479 5470//5470
f 5073//5073 5483//5483 5482//5482
f 5072//5072 5483//5483 5480//5480
f 5074//5074 5483//5483 5481//5481
f 5073//5073 5485//5485 5480//5480
f 5071//5071 5485//5485 5484//5484
f 5072//5072 5485//5485 5476//5476
f 5075//5075 5489//5489 5488//5488
f 5074//5074 5489//5489 5486//5486
f 5076//5076 5489//5489 5487//5487
f 5075//5075 5492//5492 5491//5491
f 5076//5076 5492//5492 5488//5488
f 5077//5077 5492//5492 5490//5490
f 5075//5075 5494//5494 5486//5486
f 5073//5073 5494//5494 5493//5493
f 5074//5074 5494//5494 5482//5482
f 5078//5078 5497//5497 5496//5496
f 5075//5075 5497//5497 5495//5495
f 5077//5077 5497//5497 5491//5491
f 5079//5079 5500//5500 5499//5499
f 5078//5078 5500//5500 5498//5498
f 5077//5077 5500//5500 5496//5496
f 5079//5079 5503//5503 5502//5502
f 5077//5077 5503//5503 5499//5499
f 5080//5080 5503//5503 5501//5501
f 5081//5081 5506//5506 5505//5505
f 5079//5079 5506//5506 5504//5504
f 5080//5080 5506//5506 5502//5502
f 5081//5081 5509//5509 5508//5508
f 5080//5080 5509//5509 5505//5505
f 5082//5082 5509//5509 5507//5507
f 5083//5083 5513//5513 5512//5512
f 5082//5082 5513//5513 5510//5510
f 5084//5084 5513//5513 5511//5511
f 5083//5083 5515//5515 5510//5510
f 5081//5081 5515//5515 5514//5514
f 5082//5082 5515//5515 5508//5508
f 5083//5083 5518//5518 5517//5517
f 5084//5084 5518//5518 5512//5512
f 5085//5085 5518//5518 5516//5516
f 5086//5086 5521//5521 5520//5520
f 5083//5083 5521//5521 5519//5519
f 5085//5085 5521//5521 5517//5517
f 5087//5087 5525//5525 5524//5524
f 5085//5085 5525//5525 5522//5522
f 5088//5088 5525//5525 5523//5523
f 5087//5087 5527//5527 5522//5522
f 5086//5086 5527//5527 5526//5526
f 5085//5085 5527//5527 5520//5520
f 5089//5089 5531//5531 5530//5530
f 5088//5088 5531//5531 5528//5528
f 5090//5090 5531//5531 5529//5529
f 5089//5089 5534//5534 5533//5533
f 5090//5090 5534//5534 5530//5530
f 5091//5091 5534//5534 5532//5532
f 5089//5089 5536//5536 5528//5528
f 5087//5087 5536//5536 5535//5535
f 5088//5088 5536//5536 5524//5524
f 5092//5092 5539//5539 5538//5538
f 5089//5089 5539//5539 5537//5537
f 5091//5091 5539//5539 5533//5533
f 5093//5093 5543//5543 5542//5542
f 5091//5091 5543//5543 5540//5540
f 5094//5094 5543//5543 5541//5541
f 5093//5093 5545//5545 5540//5540
f 5092//5092 5545//5545 5544//5544
f 5091//5091 5545//5545 5538//5538
f 5095//5095 5549//5549 5548//5548
f 5094//5094 5549//5549 5546//5546
f 5096//5096 5549//5549 5547//5547
f 5095//5095 5551//5551 5546//5546
f 5093//5093 5551//5551 5550//5550
f 5094//5094 5551//5551 5542//5542
f 5097//5097 5555//5555 5554//5554
f 5096//5096 5555//5555 5552//5552
f 5098//5098 5555//5555 5553//5553
f 5097//5097 5557//5557 5552//5552
f 5095//5095 5557//5557 5556//5556
f 5096//5096 5557//5557 5548//5548
f 5099//5099 5561//5561 5560//5560
f 5098//5098 5561//5561 5558//5558
f 5100//5100 5561//5561 5559//5559
f 5099//5099 5564//5564 5563//5563
f 5100//5100 5564//5564 5560//5560
f 5101//5101 5564//5564 5562//5562
f 5099//5099 5566//5566 5558//5558
f 5097//5097 5566//5566 5565//5565
f 5098//5098 5566//5566 5554//5554
f 5102//5102 5569//5569 5568//5568
f 5099//5099 5569//5569 5567//5567
f 5101//5101 5569//5569 5563//5563
f 5103//5103 5573//5573 5572//5572
f 5101//5101 5573//5573 5570//5570
f 5104//5104 5573//5573 5571//5571
f 5103//5103 5575//5575 5570//5570
f 5102//5102 5575//5575 5574//5574
f 5101//5101 5575//5575 5568//5568
f 5105//5105 5579//5579 5578//5578
f 5104//5104 5579//5579 5576//5576
f 5106//5106 5579//5579 5577//5577
f 5105//5105 5581//5581 5576//5576
f 5103//5103 5581//5581 5580//5580
f 5104//5104 5581//5581 5572//5572
f 5107//5107 5585//5585 5584//5584
f 5106//5106 5585//5585 5582//5582
f 5108//5108 5585//5585 5583//5583
f 5107//5107 5587//5587 5582//5582
f 5105//5105 5587//5587 5586//5586
f 5106//5106 5587//5587 5578//5578
f 5109//5109 5591//5591 5590//5590
f 5108//5108 5591//5591 5588//5588
f 5110//5110 5591//5591 5589//5589
f 5109//5109 5593//5593 5588//5588
f 5107//5107 5593//5593 5592//5592
f 5108//5108 5593//5593 5584//5584
f 5111//5111 5597//5597 5596//5596
f 5110//5110 5597//5597 5594//5594
f 5112//5112 5597//5597 5595//5595
f 5111//5111 5599//5599 5594//5594
f 5109//5109 5599//5599 5598//5598
f 5110//5110 5599//5599 5590//5590
f 5113//5113 5603//5603 5602//5602
f 5112//5112 5603//5603 5600//5600
f 5114//5114 5603//5603 5601//5601
f 5113//5113 5605//5605 5600//5600
f 5111//5111 5605//5605 5604//5604
f 5112//5112 5605//5605 5596//5596
f 5115//5115 5609//5609 5608//5608
f 5114//5114 5609//5609 5606//5606
f 5116//5116 5609//5609 5607//5607
f 5115//5115 5612//5612 5611//5611
f 5116//5116 5612//5612 5608//5608
f 5117//5117 5612//5612 5610//5610
f 5115//5115 5614//5614 5606//5606
f 5113//5113 5614//5614 5613//5613
f 5114//5114 5614//5614 5602//5602
f 5118//5118 5617//5617 5616//5616
f 5115//5115 5617//5617 5615//5615
f 5117//5117 5617//5617 5611//5611
f 4994//4994 5620//5620 5246//5246
f 5117//5117 5620//5620 5618//5618
f 4995//4995 5620//5620 5619//5619
f 4994//4994 5622//5622 5618//5618
f 5118//5118 5622//5622 5621//5621
f 5117//5117 5622//5622 5616//5616
f 5119//5119 5625//5625 5624//5624
f 5071//5071 5625//5625 5623//5623
f 5073//5073 5625//5625 5484//5484
f 5119//5119 5628//5628 5623//5623
f 5120//5120 5628//5628 5626//5626
f 5071//5071 5628//5628 5627//5627
f 5121//5121 5631//5631 5630//5630
f 5069//5069 5631//5631 5629//5629
f 5071//5071 5631//5631 5478//5478
f 5121//5121 5633//5633 5632//5632
f 5071//5071 5633//5633 5630//5630
f 5120//5120 5633//5633 5627//5627
f 5122//5122 5636//5636 5635//5635
f 5073//5073 5636//5636 5634//5634
f 5075//5075 5636//5636 5493//5493
f 5122//5122 5638//5638 5634//5634
f 5119//5119 5638//5638 5637//5637
f 5073//5073 5638//5638 5624//5624
f 5123//5123 5641//5641 5640//5640
f 5067//5067 5641//5641 5639//5639
f 5069//5069 5641//5641 5472//5472
f 5123//5123 5643//5643 5642//5642
f 5069//5069 5643//5643 5640//5640
f 5121//5121 5643//5643 5629//5629
f 5124//5124 5646//5646 5645//5645
f 5075//5075 5646//5646 5644//5644
f 5078//5078 5646//5646 5495//5495
f 5124//5124 5648//5648 5644//5644
f 5122//5122 5648//5648 5647//5647
f 5075//5075 5648//5648 5635//5635
f 5125//5125 5651//5651 5650//5650
f 5065//5065 5651//5651 5649//5649
f 5067//5067 5651//5651 5466//5466
f 5125//5125 5653//5653 5652//5652
f 5067//5067 5653//5653 5650//5650
f 5123//5123 5653//5653 5639//5639
f 5126//5126 5656//5656 5655//5655
f 5124//5124 5656//5656 5654//5654
f 5078//5078 5656//5656 5645//5645
f 5126//5126 5658//5658 5657//5657
f 5078//5078 5658//5658 5655//5655
f 5079//5079 5658//5658 5498//5498
f 5127//5127 5661//5661 5660//5660
f 5063//5063 5661//5661 5659//5659
f 5065//5065 5661//5661 5456//5456
f 5127//5127 5663//5663 5662//5662
f 5065//5065 5663//5663 5660//5660
f 5125//5125 5663//5663 5649//5649
f 5128//5128 5666//5666 5665//5665
f 5079//5079 5666//5666 5664//5664
f 5081//5081 5666//5666 5504//5504
f 5128//5128 5668//5668 5664//5664
f 5126//5126 5668//5668 5667//5667
f 5079//5079 5668//5668 5657//5657
f 5129//5129 5671//5671 5670//5670
f 5063//5063 5671//5671 5669//5669
f 5127//5127 5671//5671 5659//5659
f 5129//5129 5673//5673 5669//5669
f 5061//5061 5673//5673 5672//5672
f 5063//5063 5673//5673 5450//5450
f 5130//5130 5676//5676 5675//5675
f 5081//5081 5676//5676 5674//5674
f 5083//5083 5676//5676 5514//5514
f 5130//5130 5678//5678 5674//5674
f 5128//5128 5678//5678 5677//5677
f 5081//5081 5678//5678 5665//5665
f 5131//5131 5681//5681 5680//5680
f 5060//5060 5681//5681 5679//5679
f 5061//5061 5681//5681 5444//5444
f 5131//5131 5683//5683 5682//5682
f 5061//5061 5683//5683 5680//5680
f 5129//5129 5683//5683 5672//5672
f 5132//5132 5686//5686 5685//5685
f 5083//5083 5686//5686 5684//5684
f 5086//5086 5686//5686 5519//5519
f 5132//5132 5688//5688 5684//5684
f 5130//5130 5688//5688 5687//5687
f 5083//5083 5688//5688 5675//5675
f 5133//5133 5691//5691 5690//5690
f 5057//5057 5691//5691 5689//5689
f 5060//5060 5691//5691 5441//5441
f 5133//5133 5693//5693 5692//5692
f 5060//5060 5693//5693 5690//5690
f 5131//5131 5693//5693 5679//5679
f 5134//5134 5696//5696 5695//5695
f 5132//5132 5696//5696 5694//5694
f 5086//5086 5696//5696 5685//5685
f 5134//5134 5698//5698 5697//5697
f 5086//5086 5698//5698 5695//5695
f 5087//5087 5698//5698 5526//5526
f 5134//5134 5700//5700 5699//5699
f 5087//5087 5700//5700 5697//5697
f 5089//5089 5700//5700 5535//5535
f 5135//5135 5703//5703 5702//5702
f 5057//5057 5703//5703 5701//5701
f 5133//5133 5703//5703 5689//5689
f 5135//5135 5705//5705 5701//5701
f 5055//5055 5705//5705 5704//5704
f 5057//5057 5705//5705 5432//5432
f 5136//5136 5708//5708 5707//5707
f 5134//5134 5708//5708 5706//5706
f 5089//5089 5708//5708 5699//5699
f 5137//5137 5711//5711 5710//5710
f 5055//5055 5711//5711 5709//5709
f 5135//5135 5711//5711 5704//5704
f 5137//5137 5713//5713 5709//5709
f 5053//5053 5713//5713 5712//5712
f 5055//5055 5713//5713 5426//5426
f 5138//5138 5716//5716 5715//5715
f 5136//5136 5716//5716 5714//5714
f 5089//5089 5716//5716 5707//5707
f 5138//5138 5718//5718 5717//5717
f 5089//5089 5718//5718 5715//5715
f 5092//5092 5718//5718 5537//5537
f 5139//5139 5721//5721 5720//5720
f 5053//5053 5721//5721 5719//5719
f 5137//5137 5721//5721 5712//5712
f 5139//5139 5723//5723 5719//5719
f 5051//5051 5723//5723 5722//5722
f 5053//5053 5723//5723 5420//5420
f 5140//5140 5726//5726 5725//5725
f 5138//5138 5726//5726 5724//5724
f 5092//5092 5726//5726 5717//5717
f 5140//5140 5728//5728 5727//5727
f 5092//5092 5728//5728 5725//5725
f 5093//5093 5728//5728 5544//5544
f 5141//5141 5731//5731 5730//5730
f 5051//5051 5731//5731 5729//5729
f 5139//5139 5731//5731 5722//5722
f 5141//5141 5733//5733 5729//5729
f 5049//5049 5733//5733 5732//5732
f 5051//5051 5733//5733 5414//5414
f 5142//5142 5736//5736 5735//5735
f 5093//5093 5736//5736 5734//5734
f 5095//5095 5736//5736 5550//5550
f 5142//5142 5738//5738 5734//5734
f 5140//5140 5738//5738 5737//5737
f 5093//5093 5738//5738 5727//5727
f 5143//5143 5741//5741 5740//5740
f 5047//5047 5741//5741 5739//5739
f 5049//5049 5741//5741 5408//5408
f 5143//5143 5743//5743 5742//5742
f 5049//5049 5743//5743 5740//5740
f 5141//5141 5743//5743 5732//5732
f 5144//5144 5746//5746 5745//5745
f 5142//5142 5746//5746 5744//5744
f 5095//5095 5746//5746 5735//5735
f 5144//5144 5748//5748 5747//5747
f 5095//5095 5748//5748 5745//5745
f 5097//5097 5748//5748 5556//5556
f 5145//5145 5751//5751 5750//5750
f 5047//5047 5751//5751 5749//5749
f 5143//5143 5751//5751 5739//5739
f 5145//5145 5753//5753 5749//5749
f 5045//5045 5753//5753 5752//5752
f 5047//5047 5753//5753 5402//5402
f 5146//5146 5756//5756 5755//5755
f 5144//5144 5756//5756 5754//5754
f 5097//5097 5756//5756 5747//5747
f 5146//5146 5758//5758 5757//5757
f 5097//5097 5758//5758 5755//5755
f 5099//5099 5758//5758 5565//5565
f 5147//5147 5761//5761 5760//5760
f 5043//5043 5761//5761 5759//5759
f 5045//5045 5761//5761 5396//5396
f 5147//5147 5763//5763 5762//5762
f 5045//5045 5763//5763 5760//5760
f 5145//5145 5763//5763 5752//5752
f 5148//5148 5766//5766 5765//5765
f 5146//5146 5766//5766 5764//5764
f 5099//5099 5766//5766 5757//5757
f 5148//5148 5768//5768 5767//5767
f 5099//5099 5768//5768 5765//5765
f 5102//5102 5768//5768 5567//5567
f 5149//5149 5771//5771 5770//5770
f 5041//5041 5771//5771 5769//5769
f 5043//5043 5771//5771 5390//5390
f 5149//5149 5773//5773 5772//5772
f 5043//5043 5773//5773 5770//5770
f 5147//5147 5773//5773 5759//5759
f 5150//5150 5776//5776 5775//5775
f 5148//5148 5776//5776 5774//5774
f 5102//5102 5776//5776 5767//5767
f 5150//5150 5778//5778 5777//5777
f 5102//5102 5778//5778 5775//5775
f 5103//5103 5778//5778 5574//5574
f 5151//5151 5781//5781 5780//5780
f 5041//5041 5781//5781 5779//5779
f 5149//5149 5781//5781 5769//5769
f 5039//5039 5783//5783 5782//5782
f 5041//5041 5783//5783 5384//5384
f 5151//5151 5783//5783 5779//5779
f 5105//5105 5787//5787 5786//5786
f 5152//5152 5787//5787 5784//5784
f 5150//5150 5787//5787 5785//5785
f 5105//5105 5788//5788 5580//5580
f 5150//5150 5788//5788 5786//5786
f 5103//5103 5788//5788 5777//5777
f 5037//5037 5790//5790 5789//5789
f 5039//5039 5790//5790 5378//5378
f 5151//5151 5790//5790 5782//5782
f 5037//5037 5794//5794 5793//5793
f 5153//5153 5794//5794 5791//5791
f 5154//5154 5794//5794 5792//5792
f 5037//5037 5796//5796 5791//5791
f 5151//5151 5796//5796 5789//5789
f 5153//5153 5796//5796 5795//5795
f 5107//5107 5800//5800 5799//5799
f 5155//5155 5800//5800 5797//5797
f 5152//5152 5800//5800 5798//5798
f 5107//5107 5803//5803 5797//5797
f 5156//5156 5803//5803 5801//5801
f 5155//5155 5803//5803 5802//5802
f 5107//5107 5804//5804 5586//5586
f 5152//5152 5804//5804 5799//5799
f 5105//5105 5804//5804 5784//5784
f 5036//5036 5806//5806 5805//5805
f 5037//5037 5806//5806 5372//5372
f 5154//5154 5806//5806 5793//5793
f 5109//5109 5808//5808 5592//5592
f 5156//5156 5808//5808 5807//5807
f 5107//5107 5808//5808 5801//5801
f 5034//5034 5810//5810 5809//5809
f 5036//5036 5810//5810 5369//5369
f 5154//5154 5810//5810 5805//5805
f 5034//5034 5813//5813 5812//5812
f 5154//5154 5813//5813 5809//5809
f 5157//5157 5813//5813 5811//5811
f 5111//5111 5815//5815 5598//5598
f 5156//5156 5815//5815 5814//5814
f 5109//5109 5815//5815 5807//5807
f 5111//5111 5818//5818 5814//5814
f 5158//5158 5818//5818 5816//5816
f 5156//5156 5818//5818 5817//5817
f 5031//5031 5820//5820 5819//5819
f 5034//5034 5820//5820 5363//5363
f 5157//5157 5820//5820 5812//5812
f 5031//5031 5824//5824 5823//5823
f 5159//5159 5824//5824 5821//5821
f 5160//5160 5824//5824 5822//5822
f 5031//5031 5826//5826 5821//5821
f 5157//5157 5826//5826 5819//5819
f 5159//5159 5826//5826 5825//5825
f 5113//5113 5830//5830 5829//5829
f 5161//5161 5830//5830 5827//5827
f 5158//5158 5830//5830 5828//5828
f 5113//5113 5833//5833 5827//5827
f 5162//5162 5833//5833 5831//5831
f 5161//5161 5833//5833 5832//5832
f 5113//5113 5834//5834 5604//5604
f 5158//5158 5834//5834 5829//5829
f 5111//5111 5834//5834 5816//5816
f 5029//5029 5836//5836 5835//5835
f 5031//5031 5836//5836 5354//5354
f 5160//5160 5836//5836 5823//5823
f 5115//5115 5838//5838 5613//5613
f 5162//5162 5838//5838 5837//5837
f 5113//5113 5838//5838 5831//5831
f 5027//5027 5840//5840 5839//5839
f 5029//5029 5840//5840 5348//5348
f 5160//5160 5840//5840 5835//5835
f 5027//5027 5843//5843 5842//5842
f 5160//5160 5843//5843 5839//5839
f 5163//5163 5843//5843 5841//5841
f 5118//5118 5845//5845 5615//5615
f 5162//5162 5845//5845 5844//5844
f 5115//5115 5845//5845 5837//5837
f 5118//5118 5848//5848 5844//5844
f 5164//5164 5848//5848 5846//5846
f 5162//5162 5848//5848 5847//5847
f 5118//5118 5851//5851 5846//5846
f 5165//5165 5851//5851 5849//5849
f 5164//5164 5851//5851 5850//5850
f 5025//5025 5853//5853 5852//5852
f 5027//5027 5853//5853 5346//5346
f 5163//5163 5853//5853 5842//5842
f 5025//5025 5856//5856 5855//5855
f 5163//5163 5856//5856 5852//5852
f 5166//5166 5856//5856 5854//5854
f 4994//4994 5858//5858 5621//5621
f 5165//5165 5858//5858 5857//5857
f 5118//5118 5858//5858 5849//5849
f 5023//5023 5860//5860 5859//5859
f 5025//5025 5860//5860 5340//5340
f 5166//5166 5860//5860 5855//5855
f 5023//5023 5863//5863 5862//5862
f 5166//5166 5863//5863 5859//5859
f 5167//5167 5863//5863 5861//5861
f 4993//4993 5865//5865 5245//5245
f 5165//5165 5865//5865 5864//5864
f 4994//4994 5865//5865 5857//5857
f 4993//4993 5868//5868 5864//5864
f 5168//5168 5868//5868 5866//5866
f 5165//5165 5868//5868 5867//5867
f 5021//5021 5870//5870 5869//5869
f 5023//5023 5870//5870 5334//5334
f 5167//5167 5870//5870 5862//5862
f 5021//5021 5874//5874 5873//5873
f 5169//5169 5874//5874 5871//5871
f 5170//5170 5874//5874 5872//5872
f 5021//5021 5876//5876 5871//5871
f 5167//5167 5876//5876 5869//5869
f 5169//5169 5876//5876 5875//5875
f 4997//4997 5880//5880 5879//5879
f 5171//5171 5880//5880 5877//5877
f 5168//5168 5880//5880 5878//5878
f 4997//4997 5881//5881 5252//5252
f 5168//5168 5881//5881 5879//5879
f 4993//4993 5881//5881 5866//5866
f 5019//5019 5883//5883 5882//5882
f 5021//5021 5883//5883 5328//5328
f 5170//5170 5883//5883 5873//5873
f 4999//4999 5885//5885 5258//5258
f 5171//5171 5885//5885 5884//5884
f 4997//4997 5885//5885 5877//5877
f 4999//4999 5888//5888 5884//5884
f 5172//5172 5888//5888 5886//5886
f 5171//5171 5888//5888 5887//5887
f 5017//5017 5890//5890 5889//5889
f 5019//5019 5890//5890 5322//5322
f 5170//5170 5890//5890 5882//5882
f 5017//5017 5893//5893 5892//5892
f 5170//5170 5893//5893 5889//5889
f 5173//5173 5893//5893 5891//5891
f 5001//5001 5897//5897 5896//5896
f 5174//5174 5897//5897 5894//5894
f 5172//5172 5897//5897 5895//5895
f 5001//5001 5900//5900 5894//5894
f 5175//5175 5900//5900 5898//5898
f 5174//5174 5900//5900 5899//5899
f 5001//5001 5901//5901 5264//5264
f 5172//5172 5901//5901 5896//5896
f 4999//4999 5901//5901 5886//5886
f 5015//5015 5903//5903 5902//5902
f 5017//5017 5903//5903 5316//5316
f 5173//5173 5903//5903 5892//5892
f 5015//5015 5906//5906 5905//5905
f 5173//5173 5906//5906 5902//5902
f 5176//5176 5906//5906 5904//5904
f 5003//5003 5908//5908 5270//5270
f 5175//5175 5908//5908 5907//5907
f 5001//5001 5908//5908 5898//5898
f 5013//5013 5910//5910 5909//5909
f 5015//5015 5910//5910 5310//5310
f 5176//5176 5910//5910 5905//5905
f 5013//5013 5914//5914 5913//5913
f 5177//5177 5914//5914 5911//5911
f 5178//5178 5914//5914 5912//5912
f 5013//5013 5916//5916 5911//5911
f 5176//5176 5916//5916 5909//5909
f 5177//5177 5916//5916 5915//5915
f 5005//5005 5918//5918 5276//5276
f 5175//5175 5918//5918 5917//5917
f 5003//5003 5918//5918 5907//5907
f 5005//5005 5921//5921 5917//5917
f 5179//5179 5921//5921 5919//5919
f 5175//5175 5921//5921 5920//5920
f 5011//5011 5923//5923 5922//5922
f 5013//5013 5923//5923 5304//5304
f 5178//5178 5923//5923 5913//5913
f 5007//5007 5927//5927 5926//5926
f 5180//5180 5927//5927 5924//5924
f 5179//5179 5927//5927 5925//5925
f 5007//5007 5930//5930 5924//5924
f 5181//5181 5930//5930 5928//5928
f 5180//5180 5930//5930 5929//5929
f 5007//5007 5931//5931 5282//5282
f 5179//5179 5931//5931 5926//5926
f 5005//5005 5931//5931 5919//5919
f 5009//5009 5933//5933 5932//5932
f 5011//5011 5933//5933 5294//5294
f 5178//5178 5933//5933 5922//5922
f 5009//5009 5936//5936 5935//5935
f 5178//5178 5936//5936 5932//5932
f 5181//5181 5936//5936 5934//5934
f 5009//5009 5937//5937 5288//5288
f 5181//5181 5937//5937 5935//5935
f 5007//5007 5937//5937 5928//5928
f 5182//5182 5940//5940 5939//5939
f 5074//5074 5940//5940 5938//5938
f 5072//5072 5940//5940 5481//5481
f 5182//5182 5943//5943 5942//5942
f 5072//5072 5943//5943 5939//5939
f 5183//5183 5943//5943 5941//5941
f 5184//5184 5946//5946 5945//5945
f 5072//5072 5946//5946 5944//5944
f 5070//5070 5946//5946 5475//5475
f 5184//5184 5948//5948 5944//5944
f 5183//5183 5948//5948 5947//5947
f 5072//5072 5948//5948 5941//5941
f 5185//5185 5951//5951 5950//5950
f 5076//5076 5951//5951 5949//5949
f 5074//5074 5951//5951 5487//5487
f 5185//5185 5953//5953 5952//5952
f 5074//5074 5953//5953 5950//5950
f 5182//5182 5953//5953 5938//5938
f 5186//5186 5956//5956 5955//5955
f 5070//5070 5956//5956 5954//5954
f 5068//5068 5956//5956 5469//5469
f 5186//5186 5958//5958 5954//5954
f 5184//5184 5958//5958 5957//5957
f 5070//5070 5958//5958 5945//5945
f 5187//5187 5961//5961 5960//5960
f 5077//5077 5961//5961 5959//5959
f 5076//5076 5961//5961 5490//5490
f 5187//5187 5963//5963 5962//5962
f 5076//5076 5963//5963 5960//5960
f 5185//5185 5963//5963 5949//5949
f 5188//5188 5966//5966 5965//5965
f 5068//5068 5966//5966 5964//5964
f 5066//5066 5966//5966 5463//5463
f 5188//5188 5968//5968 5964//5964
f 5186//5186 5968//5968 5967//5967
f 5068//5068 5968//5968 5955//5955
f 5189//5189 5971//5971 5970//5970
f 5077//5077 5971//5971 5969//5969
f 5187//5187 5971//5971 5959//5959
f 5189//5189 5973//5973 5969//5969
f 5080//5080 5973//5973 5972//5972
f 5077//5077 5973//5973 5501//5501
f 5190//5190 5976//5976 5975//5975
f 5066//5066 5976//5976 5974//5974
f 5064//5064 5976//5976 5459//5459
f 5190//5190 5978//5978 5974//5974
f 5188//5188 5978//5978 5977//5977
f 5066//5066 5978//5978 5965//5965
f 5191//5191 5981//5981 5980//5980
f 5082//5082 5981//5981 5979//5979
f 5080//5080 5981//5981 5507//5507
f 5191//5191 5983//5983 5982//5982
f 5080//5080 5983//5983 5980//5980
f 5189//5189 5983//5983 5972//5972
f 5192//5192 5986//5986 5985//5985
f 5190//5190 5986//5986 5984//5984
f 5064//5064 5986//5986 5975//5975
f 5192//5192 5988//5988 5987//5987
f 5064//5064 5988//5988 5985//5985
f 5062//5062 5988//5988 5453//5453
f 5193//5193 5991//5991 5990//5990
f 5084//5084 5991//5991 5989//5989
f 5082//5082 5991//5991 5511//5511
f 5193//5193 5993//5993 5992//5992
f 5082//5082 5993//5993 5990//5990
f 5191//5191 5993//5993 5979//5979
f 5194//5194 5996//5996 5995//5995
f 5062//5062 5996//5996 5994//5994
f 5059//5059 5996//5996 5447//5447
f 5194//5194 5998//5998 5994//5994
f 5192//5192 5998//5998 5997//5997
f 5062//5062 5998//5998 5987//5987
f 5195//5195 6001//6001 6000//6000
f 5085//5085 6001//6001 5999//5999
f 5084//5084 6001//6001 5516//5516
f 5195//5195 6003//6003 6002//6002
f 5084//5084 6003//6003 6000//6000
f 5193//5193 6003//6003 5989//5989
f 5196//5196 6006//6006 6005//6005
f 5059//5059 6006//6006 6004//6004
f 5058//5058 6006//6006 5438//5438
f 5196//5196 6008//6008 6004//6004
f 5194//5194 6008//6008 6007//6007
f 5059//5059 6008//6008 5995//5995
f 5197//5197 6011//6011 6010//6010
f 5085//5085 6011//6011 6009//6009
f 5195//5195 6011//6011 5999//5999
f 5197//5197 6013//6013 6009//6009
f 5088//5088 6013//6013 6012//6012
f 5085//5085 6013//6013 5523//5523
f 5197//5197 6015//6015 6012//6012
f 5090//5090 6015//6015 6014//6014
f 5088//5088 6015//6015 5529//5529
f 5198//5198 6018//6018 6017//6017
f 5196//5196 6018//6018 6016//6016
f 5058//5058 6018//6018 6005//6005
f 5198//5198 6020//6020 6019//6019
f 5058//5058 6020//6020 6017//6017
f 5056//5056 6020//6020 5435//5435
f 5199//5199 6023//6023 6022//6022
f 5090//5090 6023//6023 6021//6021
f 5197//5197 6023//6023 6014//6014
f 5200//5200 6026//6026 6025//6025
f 5198//5198 6026//6026 6024//6024
f 5056//5056 6026//6026 6019//6019
f 5200//5200 6028//6028 6027//6027
f 5056//5056 6028//6028 6025//6025
f 5054//5054 6028//6028 5429//5429
f 5201//5201 6031//6031 6030//6030
f 5090//5090 6031//6031 6029//6029
f 5199//5199 6031//6031 6021//6021
f 5201//5201 6033//6033 6029//6029
f 5091//5091 6033//6033 6032//6032
f 5090//5090 6033//6033 5532//5532
f 5202//5202 6036//6036 6035//6035
f 5200//5200 6036//6036 6034//6034
f 5054//5054 6036//6036 6027//6027
f 5202//5202 6038//6038 6037//6037
f 5054//5054 6038//6038 6035//6035
f 5052//5052 6038//6038 5423//5423
f 5203//5203 6041//6041 6040//6040
f 5091//5091 6041//6041 6039//6039
f 5201//5201 6041//6041 6032//6032
f 5203//5203 6043//6043 6039//6039
f 5094//5094 6043//6043 6042//6042
f 5091//5091 6043//6043 5541//5541
f 5204//5204 6046//6046 6045//6045
f 5202//5202 6046//6046 6044//6044
f 5052//5052 6046//6046 6037//6037
f 5204//5204 6048//6048 6047//6047
f 5052//5052 6048//6048 6045//6045
f 5050//5050 6048//6048 5417//5417
f 5205//5205 6051//6051 6050//6050
f 5096//5096 6051//6051 6049//6049
f 5094//5094 6051//6051 5547//5547
f 5205//5205 6053//6053 6052//6052
f 5094//5094 6053//6053 6050//6050
f 5203//5203 6053//6053 6042//6042
f 5206//5206 6056//6056 6055//6055
f 5050//5050 6056//6056 6054//6054
f 5048//5048 6056//6056 5411//5411
f 5206//5206 6058//6058 6054//6054
f 5204//5204 6058//6058 6057//6057
f 5050//5050 6058//6058 6047//6047
f 5207//5207 6061//6061 6060//6060
f 5096//5096 6061//6061 6059//6059
f 5205//5205 6061//6061 6049//6049
f 5207//5207 6063//6063 6059//6059
f 5098//5098 6063//6063 6062//6062
f 5096//5096 6063//6063 5553//5553
f 5208//5208 6066//6066 6065//6065
f 5206//5206 6066//6066 6064//6064
f 5048//5048 6066//6066 6055//6055
f 5208//5208 6068//6068 6067//6067
f 5048//5048 6068//6068 6065//6065
f 5046//5046 6068//6068 5405//5405
f 5209//5209 6071//6071 6070//6070
f 5098//5098 6071//6071 6069//6069
f 5207//5207 6071//6071 6062//6062
f 5209//5209 6073//6073 6069//6069
f 5100//5100 6073//6073 6072//6072
f 5098//5098 6073//6073 5559//5559
f 5210//5210 6076//6076 6075//6075
f 5046//5046 6076//6076 6074//6074
f 5044//5044 6076//6076 5399//5399
f 5210//5210 6078//6078 6074//6074
f 5208//5208 6078//6078 6077//6077
f 5046//5046 6078//6078 6067//6067
f 5211//5211 6081//6081 6080//6080
f 5100//5100 6081//6081 6079//6079
f 5209//5209 6081//6081 6072//6072
f 5211//5211 6083//6083 6079//6079
f 5101//5101 6083//6083 6082//6082
f 5100//5100 6083//6083 5562//5562
f 5212//5212 6086//6086 6085//6085
f 5044//5044 6086//6086 6084//6084
f 5042//5042 6086//6086 5393//5393
f 5212//5212 6088//6088 6084//6084
f 5210//5210 6088//6088 6087//6087
f 5044//5044 6088//6088 6075//6075
f 5213//5213 6091//6091 6090//6090
f 5101//5101 6091//6091 6089//6089
f 5211//5211 6091//6091 6082//6082
f 5213//5213 6093//6093 6089//6089
f 5104//5104 6093//6093 6092//6092
f 5101//5101 6093//6093 5571//5571
f 5214//5214 6096//6096 6095//6095
f 5212//5212 6096//6096 6094//6094
f 5042//5042 6096//6096 6085//6085
f 5040//5040 6098//6098 5387//5387
f 5214//5214 6098//6098 6097//6097
f 5042//5042 6098//6098 6095//6095
f 5106//5106 6102//6102 6101//6101
f 5213//5213 6102//6102 6099//6099
f 5215//5215 6102//6102 6100//6100
f 5106//5106 6103//6103 6099//6099
f 5104//5104 6103//6103 5577//5577
f 5213//5213 6103//6103 6092//6092
f 5038//5038 6105//6105 5381//5381
f 5214//5214 6105//6105 6104//6104
f 5040//5040 6105//6105 6097//6097
f 5038//5038 6109//6109 6108//6108
f 5216//5216 6109//6109 6106//6106
f 5217//5217 6109//6109 6107//6107
f 5038//5038 6111//6111 6104//6104
f 5217//5217 6111//6111 6108//6108
f 5214//5214 6111//6111 6110//6110
f 5108//5108 6115//6115 6114//6114
f 5215//5215 6115//6115 6112//6112
f 5218//5218 6115//6115 6113//6113
f 5108//5108 6118//6118 6117//6117
f 5218//5218 6118//6118 6114//6114
f 5219//5219 6118//6118 6116//6116
f 5108//5108 6119//6119 6112//6112
f 5106//5106 6119//6119 5583//5583
f 5215//5215 6119//6119 6101//6101
f 5035//5035 6121//6121 5375//5375
f 5216//5216 6121//6121 6120//6120
f 5038//5038 6121//6121 6106//6106
f 5110//5110 6123//6123 6122//6122
f 5108//5108 6123//6123 5589//5589
f 5219//5219 6123//6123 6117//6117
f 5033//5033 6125//6125 5366//5366
f 5216//5216 6125//6125 6124//6124
f 5035//5035 6125//6125 6120//6120
f 5033//5033 6128//6128 6124//6124
f 5220//5220 6128//6128 6126//6126
f 5216//5216 6128//6128 6127//6127
f 5112//5112 6130//6130 6129//6129
f 5110//5110 6130//6130 5595//5595
f 5219//5219 6130//6130 6122//6122
f 5112//5112 6133//6133 6132//6132
f 5219//5219 6133//6133 6129//6129
f 5221//5221 6133//6133 6131//6131
f 5032//5032 6135//6135 5360//5360
f 5220//5220 6135//6135 6134//6134
f 5033//5033 6135//6135 6126//6126
f 5032//5032 6139//6139 6138//6138
f 5222//5222 6139//6139 6136//6136
f 5223//5223 6139//6139 6137//6137
f 5032//5032 6141//6141 6134//6134
f 5223//5223 6141//6141 6138//6138
f 5220//5220 6141//6141 6140//6140
f 5114//5114 6145//6145 6144//6144
f 5221//5221 6145//6145 6142//6142
f 5224//5224 6145//6145 6143//6143
f 5114//5114 6148//6148 6147//6147
f 5224//5224 6148//6148 6144//6144
f 5225//5225 6148//6148 6146//6146
f 5114//5114 6149//6149 6142//6142
f 5112//5112 6149//6149 5601//5601
f 5221//5221 6149//6149 6132//6132
f 5030//5030 6151//6151 5357//5357
f 5222//5222 6151//6151 6150//6150
f 5032//5032 6151//6151 6136//6136
f 5116//5116 6153//6153 6152//6152
f 5114//5114 6153//6153 5607//5607
f 5225//5225 6153//6153 6147//6147
f 5028//5028 6155//6155 5351//5351
f 5222//5222 6155//6155 6154//6154
f 5030//5030 6155//6155 6150//6150
f 5028//5028 6158//6158 6154//6154
f 5226//5226 6158//6158 6156//6156
f 5222//5222 6158//6158 6157//6157
f 5117//5117 6160//6160 6159//6159
f 5116//5116 6160//6160 5610//5610
f 5225//5225 6160//6160 6152//6152
f 5117//5117 6163//6163 6162//6162
f 5225//5225 6163//6163 6159//6159
f 5227//5227 6163//6163 6161//6161
f 5117//5117 6166//6166 6165//6165
f 5227//5227 6166//6166 6162//6162
f 5228//5228 6166//6166 6164//6164
f 5026//5026 6168//6168 5343//5343
f 5226//5226 6168//6168 6167//6167
f 5028//5028 6168//6168 6156//6156
f 5026//5026 6171//6171 6167//6167
f 5229//5229 6171//6171 6169//6169
f 5226//5226 6171//6171 6170//6170
f 4995//4995 6173//6173 6172//6172
f 5117//5117 6173//6173 5619//5619
f 5228//5228 6173//6173 6165//6165
f 5024//5024 6175//6175 5337//5337
f 5229//5229 6175//6175 6174//6174
f 5026//5026 6175//6175 6169//6169
f 5024//5024 6178//6178 6174//6174
f 5230//5230 6178//6178 6176//6176
f 5229//5229 6178//6178 6177//6177
f 4996//4996 6180//6180 6179//6179
f 4995//4995 6180//6180 5249//5249
f 5228//5228 6180//6180 6172//6172
f 4996//4996 6183//6183 6182//6182
f 5228//5228 6183//6183 6179//6179
f 5231//5231 6183//6183 6181//6181
f 5022//5022 6185//6185 5331//5331
f 5230//5230 6185//6185 6184//6184
f 5024//5024 6185//6185 6176//6176
f 5022//5022 6189//6189 6188//6188
f 5232//5232 6189//6189 6186//6186
f 5233//5233 6189//6189 6187//6187
f 5022//5022 6191//6191 6184//6184
f 5233//5233 6191//6191 6188//6188
f 5230//5230 6191//6191 6190//6190
f 4998//4998 6195//6195 6194//6194
f 5231//5231 6195//6195 6192//6192
f 5234//5234 6195//6195 6193//6193
f 4998//4998 6196//6196 6192//6192
f 4996//4996 6196//6196 5255//5255
f 5231//5231 6196//6196 6182//6182
f 5020//5020 6198//6198 5325//5325
f 5232//5232 6198//6198 6197//6197
f 5022//5022 6198//6198 6186//6186
f 5000//5000 6200//6200 6199//6199
f 4998//4998 6200//6200 5261//5261
f 5234//5234 6200//6200 6194//6194
f 5000//5000 6203//6203 6202//6202
f 5234//5234 6203//6203 6199//6199
f 5235//5235 6203//6203 6201//6201
f 5018//5018 6205//6205 5319//5319
f 5232//5232 6205//6205 6204//6204
f 5020//5020 6205//6205 6197//6197
f 5018//5018 6208//6208 6204//6204
f 5236//5236 6208//6208 6206//6206
f 5232//5232 6208//6208 6207//6207
f 5002//5002 6212//6212 6211//6211
f 5235//5235 6212//6212 6209//6209
f 5237//5237 6212//6212 6210//6210
f 5002//5002 6215//6215 6214//6214
f 5237//5237 6215//6215 6211//6211
f 5238//5238 6215//6215 6213//6213
f 5002//5002 6216//6216 6209//6209
f 5000//5000 6216//6216 5267//5267
f 5235//5235 6216//6216 6202//6202
f 5016//5016 6218//6218 5313//5313
f 5236//5236 6218//6218 6217//6217
f 5018//5018 6218//6218 6206//6206
f 5016//5016 6221//6221 6217//6217
f 5239//5239 6221//6221 6219//6219
f 5236//5236 6221//6221 6220//6220
f 5004//5004 6223//6223 6222//6222
f 5002//5002 6223//6223 5273//5273
f 5238//5238 6223//6223 6214//6214
f 5014//5014 6225//6225 5307//5307
f 5239//5239 6225//6225 6224//6224
f 5016//5016 6225//6225 6219//6219
f 5014//5014 6229//6229 6228//6228
f 5240//5240 6229//6229 6226//6226
f 5241//5241 6229//6229 6227//6227
f 5014//5014 6231//6231 6224//6224
f 5241//5241 6231//6231 6228//6228
f 5239//5239 6231//6231 6230//6230
f 5006//5006 6233//6233 6232//6232
f 5004//5004 6233//6233 5279//5279
f 5238//5238 6233//6233 6222//6222
f 5006//5006 6236//6236 6235//6235
f 5238//5238 6236//6236 6232//6232
f 5242//5242 6236//6236 6234//6234
f 5012//5012 6238//6238 5301//5301
f 5240//5240 6238//6238 6237//6237
f 5014//5014 6238//6238 6226//6226
f 5008//5008 6242//6242 6241//6241
f 5242//5242 6242//6242 6239//6239
f 5243//5243 6242//6242 6240//6240
f 5008//5008 6245//6245 6244//6244
f 5243//5243 6245//6245 6241//6241
f 5244//5244 6245//6245 6243//6243
f 5008//5008 6246//6246 6239//6239
f 5006//5006 6246//6246 5285//5285
f 5242//5242 6246//6246 6235//6235
f 5010//5010 6248//6248 5297//5297
f 5240//5240 6248//6248 6247//6247
f 5012//5012 6248//6248 6237//6237
f 5010//5010 6251//6251 6247//6247
f 5244//5244 6251//6251 6249//6249
f 5240//5240 6251//6251 6250//6250
f 5010//5010 6252//6252 6249//6249
f 5008//5008 6252//6252 5291//5291
f 5244//5244 6252//6252 6244//6244
f 5168//5168 6255//6255 5867//5867
f 5228//5228 6255//6255 6253//6253
f 5165//5165 6255//6255 6254//6254
f 5168//5168 6257//6257 6253//6253
f 5231//5231 6257//6257 6256//6256
f 5228//5228 6257//6257 6181//6181
f 5171//5171 6259//6259 5878//5878
f 5231//5231 6259//6259 6258//6258
f 5168//5168 6259//6259 6256//6256
f 5171//5171 6261//6261 6258//6258
f 5234//5234 6261//6261 6260//6260
f 5231//5231 6261//6261 6193//6193
f 5172//5172 6263//6263 5887//5887
f 5234//5234 6263//6263 6262//6262
f 5171//5171 6263//6263 6260//6260
f 5172//5172 6265//6265 6262//6262
f 5235//5235 6265//6265 6264//6264
f 5234//5234 6265//6265 6201//6201
f 5174//5174 6267//6267 5895//5895
f 5235//5235 6267//6267 6266//6266
f 5172//5172 6267//6267 6264//6264
f 5174//5174 6269//6269 6266//6266
f 5237//5237 6269//6269 6268//6268
f 5235//5235 6269//6269 6210//6210
f 5175//5175 6271//6271 5899//5899
f 5237//5237 6271//6271 6270//6270
f 5174//5174 6271//6271 6268//6268
f 5175//5175 6273//6273 6270//6270
f 5238//5238 6273//6273 6272//6272
f 5237//5237 6273//6273 6213//6213
f 5179//5179 6275//6275 5920//5920
f 5238//5238 6275//6275 6274//6274
f 5175//5175 6275//6275 6272//6272
f 5179//5179 6277//6277 6274//6274
f 5242//5242 6277//6277 6276//6276
f 5238//5238 6277//6277 6234//6234
f 5180//5180 6279//6279 5925//5925
f 5242//5242 6279//6279 6278//6278
f 5179//5179 6279//6279 6276//6276
f 5180//5180 6281//6281 6278//6278
f 5243//5243 6281//6281 6280//6280
f 5242//5242 6281//6281 6240//6240
f 5181//5181 6283//6283 5929//5929
f 5243//5243 6283//6283 6282//6282
f 5180//5180 6283//6283 6280//6280
f 5181//5181 6285//6285 6282//6282
f 5244//5244 6285//6285 6284//6284
f 5243//5243 6285//6285 6243//6243
f 5178//5178 6287//6287 5934//5934
f 5244//5244 6287//6287 6286//6286
f 5181//5181 6287//6287 6284//6284
f 5178//5178 6289//6289 6286//6286
f 5240//5240 6289//6289 6288//6288
f 5244//5244 6289//6289 6250//6250
f 5177//5177 6292//6292 6291//6291
f 5241//5241 6292//6292 6290//6290
f 5240//5240 6292//6292 6227//6227
f 5177//5177 6293//6293 5912//5912
f 5240//5240 6293//6293 6291//6291
f 5178//5178 6293//6293 6288//6288
f 5176//5176 6296//6296 6295//6295
f 5239//5239 6296//6296 6294//6294
f 5241//5241 6296//6296 6230//6230
f 5176//5176 6297//6297 5915//5915
f 5241//5241 6297//6297 6295//6295
f 5177//5177 6297//6297 6290//6290
f 5173//5173 6300//6300 6299//6299
f 5236//5236 6300//6300 6298//6298
f 5239//5239 6300//6300 6220//6220
f 5173//5173 6301//6301 5904//5904
f 5239//5239 6301//6301 6299//6299
f 5176//5176 6301//6301 6294//6294
f 5170//5170 6304//6304 6303//6303
f 5232//5232 6304//6304 6302//6302
f 5236//5236 6304//6304 6207//6207
f 5170//5170 6305//6305 5891//5891
f 5236//5236 6305//6305 6303//6303
f 5173//5173 6305//6305 6298//6298
f 5169//5169 6308//6308 6307//6307
f 5233//5233 6308//6308 6306//6306
f 5232//5232 6308//6308 6187//6187
f 5169//5169 6309//6309 5872//5872
f 5232//5232 6309//6309 6307//6307
f 5170//5170 6309//6309 6302//6302
f 5167//5167 6312//6312 6311//6311
f 5230//5230 6312//6312 6310//6310
f 5233//5233 6312//6312 6190//6190
f 5167//5167 6313//6313 5875//5875
f 5233//5233 6313//6313 6311//6311
f 5169//5169 6313//6313 6306//6306
f 5166//5166 6316//6316 6315//6315
f 5229//5229 6316//6316 6314//6314
f 5230//5230 6316//6316 6177//6177
f 5166//5166 6317//6317 5861//5861
f 5230//5230 6317//6317 6315//6315
f 5167//5167 6317//6317 6310//6310
f 5163//5163 6320//6320 6319//6319
f 5226//5226 6320//6320 6318//6318
f 5229//5229 6320//6320 6170//6170
f 5163//5163 6321//6321 5854//5854
f 5229//5229 6321//6321 6319//6319
f 5166//5166 6321//6321 6314//6314
f 5160//5160 6323//6323 5841//5841
f 5226//5226 6323//6323 6322//6322
f 5163//5163 6323//6323 6318//6318
f 5160//5160 6325//6325 6322//6322
f 5222//5222 6325//6325 6324//6324
f 5226//5226 6325//6325 6157//6157
f 5159//5159 6327//6327 5822//5822
f 5222//5222 6327//6327 6326//6326
f 5160//5160 6327//6327 6324//6324
f 5159//5159 6329//6329 6326//6326
f 5223//5223 6329//6329 6328//6328
f 5222//5222 6329//6329 6137//6137
f 5159//5159 6331//6331 6328//6328
f 5220//5220 6331//6331 6330//6330
f 5223//5223 6331//6331 6140//6140
f 5157//5157 6333//6333 5825//5825
f 5220//5220 6333//6333 6332//6332
f 5159//5159 6333//6333 6330//6330
f 5157//5157 6335//6335 6332//6332
f 5216//5216 6335//6335 6334//6334
f 5220//5220 6335//6335 6127//6127
f 5154//5154 6337//6337 5811//5811
f 5216//5216 6337//6337 6336//6336
f 5157//5157 6337//6337 6334//6334
f 5153//5153 6339//6339 5792//5792
f 5216//5216 6339//6339 6338//6338
f 5154//5154 6339//6339 6336//6336
f 5153//5153 6341//6341 6338//6338
f 5217//5217 6341//6341 6340//6340
f 5216//5216 6341//6341 6107//6107
f 5151//5151 6343//6343 5795//5795
f 5217//5217 6343//6343 6342//6342
f 5153//5153 6343//6343 6340//6340
f 5151//5151 6345//6345 6342//6342
f 5214//5214 6345//6345 6344//6344
f 5217//5217 6345//6345 6110//6110
f 5149//5149 6347//6347 5780//5780
f 5214//5214 6347//6347 6346//6346
f 5151//5151 6347//6347 6344//6344
f 5149//5149 6349//6349 6346//6346
f 5212//5212 6349//6349 6348//6348
f 5214//5214 6349//6349 6094//6094
f 5147//5147 6351//6351 5772//5772
f 5212//5212 6351//6351 6350//6350
f 5149//5149 6351//6351 6348//6348
f 5147//5147 6353//6353 6350//6350
f 5210//5210 6353//6353 6352//6352
f 5212//5212 6353//6353 6087//6087
f 5145//5145 6355//6355 5762//5762
f 5210//5210 6355//6355 6354//6354
f 5147//5147 6355//6355 6352//6352
f 5145//5145 6357//6357 6354//6354
f 5208//5208 6357//6357 6356//6356
f 5210//5210 6357//6357 6077//6077
f 5143//5143 6359//6359 5750//5750
f 5208//5208 6359//6359 6358//6358
f 5145//5145 6359//6359 6356//6356
f 5143//5143 6361//6361 6358//6358
f 5206//5206 6361//6361 6360//6360
f 5208//5208 6361//6361 6064//6064
f 5141//5141 6363//6363 5742//5742
f 5206//5206 6363//6363 6362//6362
f 5143//5143 6363//6363 6360//6360
f 5141//5141 6365//6365 6362//6362
f 5204//5204 6365//6365 6364//6364
f 5206//5206 6365//6365 6057//6057
f 5139//5139 6367//6367 5730//5730
f 5204//5204 6367//6367 6366//6366
f 5141//5141 6367//6367 6364//6364
f 5139//5139 6369//6369 6366//6366
f 5202//5202 6369//6369 6368//6368
f 5204//5204 6369//6369 6044//6044
f 5137//5137 6371//6371 5720//5720
f 5202//5202 6371//6371 6370//6370
f 5139//5139 6371//6371 6368//6368
f 5137//5137 6373//6373 6370//6370
f 5200//5200 6373//6373 6372//6372
f 5202//5202 6373//6373 6034//6034
f 5135//5135 6375//6375 5710//5710
f 5200//5200 6375//6375 6374//6374
f 5137//5137 6375//6375 6372//6372
f 5135//5135 6377//6377 6374//6374
f 5198//5198 6377//6377 6376//6376
f 5200//5200 6377//6377 6024//6024
f 5133//5133 6379//6379 5702//5702
f 5198//5198 6379//6379 6378//6378
f 5135//5135 6379//6379 6376//6376
f 5133//5133 6381//6381 6378//6378
f 5196//5196 6381//6381 6380//6380
f 5198//5198 6381//6381 6016//6016
f 5133//5133 6383//6383 6380//6380
f 5194//5194 6383//6383 6382//6382
f 5196//5196 6383//6383 6007//6007
f 5131//5131 6385//6385 5692//5692
f 5194//5194 6385//6385 6384//6384
f 5133//5133 6385//6385 6382//6382
f 5129//5129 6387//6387 5682//5682
f 5194//5194 6387//6387 6386//6386
f 5131//5131 6387//6387 6384//6384
f 5129//5129 6389//6389 6386//6386
f 5192//5192 6389//6389 6388//6388
f 5194//5194 6389//6389 5997//5997
f 5127//5127 6391//6391 5670//5670
f 5192//5192 6391//6391 6390//6390
f 5129//5129 6391//6391 6388//6388
f 5127//5127 6393//6393 6390//6390
f 5190//5190 6393//6393 6392//6392
f 5192//5192 6393//6393 5984//5984
f 5125//5125 6395//6395 5662//5662
f 5190//5190 6395//6395 6394//6394
f 5127//5127 6395//6395 6392//6392
f 5125//5125 6397//6397 6394//6394
f 5188//5188 6397//6397 6396//6396
f 5190//5190 6397//6397 5977//5977
f 5123//5123 6400//6400 6399//6399
f 5186//5186 6400//6400 6398//6398
f 5188//5188 6400//6400 5967//5967
f 5123//5123 6401//6401 5652//5652
f 5188//5188 6401//6401 6399//6399
f 5125//5125 6401//6401 6396//6396
f 5121//5121 6404//6404 6403//6403
f 5184//5184 6404//6404 6402//6402
f 5186//5186 6404//6404 5957//5957
f 5121//5121 6405//6405 5642//5642
f 5186//5186 6405//6405 6403//6403
f 5123//5123 6405//6405 6398//6398
f 5120//5120 6408//6408 6407//6407
f 5183//5183 6408//6408 6406//6406
f 5184//5184 6408//6408 5947//5947
f 5120//5120 6409//6409 5632//5632
f 5184//5184 6409//6409 6407//6407
f 5121//5121 6409//6409 6402//6402
f 5119//5119 6412//6412 6411//6411
f 5182//5182 6412//6412 6410//6410
f 5183//5183 6412//6412 5942//5942
f 5119//5119 6413//6413 5626//5626
f 5183//5183 6413//6413 6411//6411
f 5120//5120 6413//6413 6406//6406
f 5122//5122 6416//6416 6415//6415
f 5185//5185 6416//6416 6414//6414
f 5182//5182 6416//6416 5952//5952
f 5122//5122 6418//6418 6414//6414
f 5187//5187 6418//6418 6417//6417
f 5185//5185 6418//6418 5962//5962
f 5122//5122 6419//6419 5637//5637
f 5182//5182 6419//6419 6415//6415
f 5119//5119 6419//6419 6410//6410
f 5124//5124 6421//6421 5647//5647
f 5187//5187 6421//6421 6420//6420
f 5122//5122 6421//6421 6417//6417
f 5126//5126 6423//6423 5654//5654
f 5187//5187 6423//6423 6422//6422
f 5124//5124 6423//6423 6420//6420
f 5126//5126 6425//6425 6422//6422
f 5189//5189 6425//6425 6424//6424
f 5187//5187 6425//6425 5970//5970
f 5128//5128 6427//6427 5667//5667
f 5189//5189 6427//6427 6426//6426
f 5126//5126 6427//6427 6424//6424
f 5128//5128 6429//6429 6426//6426
f 5191//5191 6429//6429 6428//6428
f 5189//5189 6429//6429 5982//5982
f 5130//5130 6432//6432 6431//6431
f 5193//5193 6432//6432 6430//6430
f 5191//5191 6432//6432 5992//5992
f 5130//5130 6433//6433 5677//5677
f 5191//5191 6433//6433 6431//6431
f 5128//5128 6433//6433 6428//6428
f 5130//5130 6435//6435 6430//6430
f 5195//5195 6435//6435 6434//6434
f 5193//5193 6435//6435 6002//6002
f 5132//5132 6437//6437 5687//5687
f 5195//5195 6437//6437 6436//6436
f 5130//5130 6437//6437 6434//6434
f 5134//5134 6440//6440 6439//6439
f 5197//5197 6440//6440 6438//6438
f 5195//5195 6440//6440 6010//6010
f 5134//5134 6441//6441 5694//5694
f 5195//5195 6441//6441 6439//6439
f 5132//5132 6441//6441 6436//6436
f 5136//5136 6444//6444 6443//6443
f 5199//5199 6444//6444 6442//6442
f 5197//5197 6444//6444 6022//6022
f 5136//5136 6446//6446 6442//6442
f 5201//5201 6446//6446 6445//6445
f 5199//5199 6446//6446 6030//6030
f 5136//5136 6447//6447 5706//5706
f 5197//5197 6447//6447 6443//6443
f 5134//5134 6447//6447 6438//6438
f 5138//5138 6449//6449 5714//5714
f 5201//5201 6449//6449 6448//6448
f 5136//5136 6449//6449 6445//6445
f 5140//5140 6452//6452 6451//6451
f 5203//5203 6452//6452 6450//6450
f 5201//5201 6452//6452 6040//6040
f 5140//5140 6453//6453 5724//5724
f 5201//5201 6453//6453 6451//6451
f 5138//5138 6453//6453 6448//6448
f 5142//5142 6456//6456 6455//6455
f 5205//5205 6456//6456 6454//6454
f 5203//5203 6456//6456 6052//6052
f 5142//5142 6457//6457 5737//5737
f 5203//5203 6457//6457 6455//6455
f 5140//5140 6457//6457 6450//6450
f 5144//5144 6460//6460 6459//6459
f 5207//5207 6460//6460 6458//6458
f 5205//5205 6460//6460 6060//6060
f 5144//5144 6461//6461 5744//5744
f 5205//5205 6461//6461 6459//6459
f 5142//5142 6461//6461 6454//6454
f 5146//5146 6464//6464 6463//6463
f 5209//5209 6464//6464 6462//6462
f 5207//5207 6464//6464 6070//6070
f 5146//5146 6466//6466 6462//6462
f 5211//5211 6466//6466 6465//6465
f 5209//5209 6466//6466 6080//6080
f 5146//5146 6467//6467 5754//5754
f 5207//5207 6467//6467 6463//6463
f 5144//5144 6467//6467 6458//6458
f 5148//5148 6469//6469 5764//5764
f 5211//5211 6469//6469 6468//6468
f 5146//5146 6469//6469 6465//6465
f 5150//5150 6472//6472 6471//6471
f 5213//5213 6472//6472 6470//6470
f 5211//5211 6472//6472 6090//6090
f 5150//5150 6473//6473 5774//5774
f 5211//5211 6473//6473 6471//6471
f 5148//5148 6473//6473 6468//6468
f 5152//5152 6476//6476 6475//6475
f 5215//5215 6476//6476 6474//6474
f 5213//5213 6476//6476 6100//6100
f 5152//5152 6477//6477 5785//5785
f 5213//5213 6477//6477 6475//6475
f 5150//5150 6477//6477 6470//6470
f 5155//5155 6480//6480 6479//6479
f 5218//5218 6480//6480 6478//6478
f 5215//5215 6480//6480 6113//6113
f 5155//5155 6481//6481 5798//5798
f 5215//5215 6481//6481 6479//6479
f 5152//5152 6481//6481 6474//6474
f 5156//5156 6484//6484 6483//6483
f 5219//5219 6484//6484 6482//6482
f 5218//5218 6484//6484 6116//6116
f 5156//5156 6485//6485 5802//5802
f 5218//5218 6485//6485 6483//6483
f 5155//5155 6485//6485 6478//6478
f 5158//5158 6488//6488 6487//6487
f 5221//5221 6488//6488 6486//6486
f 5219//5219 6488//6488 6131//6131
f 5158//5158 6489//6489 5817//5817
f 5219//5219 6489//6489 6487//6487
f 5156//5156 6489//6489 6482//6482
f 5161//5161 6492//6492 6491//6491
f 5224//5224 6492//6492 6490//6490
f 5221//5221 6492//6492 6143//6143
f 5161//5161 6493//6493 5828//5828
f 5221//5221 6493//6493 6491//6491
f 5158//5158 6493//6493 6486//6486
f 5162//5162 6496//6496 6495//6495
f 5225//5225 6496//6496 6494//6494
f 5224//5224 6496//6496 6146//6146
f 5162//5162 6498//6498 6494//6494
f 5227//5227 6498//6498 6497//6497
f 5225//5225 6498//6498 6161//6161
f 5162//5162 6499//6499 5832//5832
f 5224//5224 6499//6499 6495//6495
f 5161//5161 6499//6499 6490//6490
f 5164//5164 6501//6501 5847//5847
f 5227//5227 6501//6501 6500//6500
f 5162//5162 6501//6501 6497//6497
f 5165//5165 6503//6503 6502//6502
f 5228//5228 6503//6503 6254//6254
f 5227//5227 6503//6503 6164//6164
f 5165//5165 6504//6504 5850//5850
f 5227//5227 6504//6504 6502//6502
f 5164//5164 6504//6504 6500//6500

