# https://github.com/mikedh/trimesh
v -0.10362696 -0.03432521 -0.03250000
v -0.10936997 -0.03198553 -0.03250000
v -0.10936997 -0.03198553 -0.03350000
v -0.10362696 -0.03432521 -0.03350000
v -0.11300000 -0.02991607 -0.03350000
v -0.11422482 -0.02921781 -0.03250000
v -0.11447768 -0.02961334 -0.03350000
v -0.09761290 -0.03608744 -0.03350000
v -0.09761290 -0.03608744 -0.03250000
v -0.11300000 -0.00600000 -0.03350000
v -0.10399759 -0.02874907 -0.03350000
v -0.10390131 -0.02867802 -0.03350000
v -0.10380000 -0.02861436 -0.03350000
v -0.10369421 -0.02855845 -0.03350000
v -0.11500000 -0.02860338 -0.03350000
v -0.11788143 -0.02631947 -0.03350000
v -0.12056603 -0.02338357 -0.03350000
v -0.12248746 -0.02047607 -0.03350000
v -0.11500000 0.02860338 -0.03350000
v -0.11500000 0.00600000 -0.03350000
v -0.12248746 0.02047607 -0.03350000
v -0.11300000 0.00600000 -0.03350000
v -0.11300000 0.02991607 -0.03350000
v -0.10399759 0.02874907 -0.03350000
v -0.10390131 0.02867802 -0.03350000
v -0.10380000 0.02861436 -0.03350000
v -0.10369421 0.02855845 -0.03350000
v 0.05200000 -0.00600000 -0.03350000
v 0.05618716 -0.02899563 -0.03350000
v 0.05264349 -0.03263614 -0.03350000
v 0.06049030 -0.02187025 -0.03350000
v 0.04000000 -0.03000000 -0.03350000
v 0.04000000 -0.00600000 -0.03350000
v 0.05000000 -0.00600000 -0.03350000
v 0.05000000 -0.03000000 -0.03350000
v 0.03800000 -0.00600000 -0.03350000
v 0.03800000 -0.02875100 -0.03350000
v 0.03790383 -0.02867974 -0.03350000
v 0.03780260 -0.02861586 -0.03350000
v 0.03769688 -0.02855974 -0.03350000
v 0.03758727 -0.02851167 -0.03350000
v 0.03747436 -0.02847194 -0.03350000
v 0.03735880 -0.02844075 -0.03350000
v 0.03724123 -0.02841829 -0.03350000
v 0.05200000 0.03000000 -0.03350000
v 0.05872344 0.02539032 -0.03350000
v 0.06049030 0.02187025 -0.03350000
v 0.03800000 0.02875100 -0.03350000
v 0.03800000 0.00600000 -0.03350000
v 0.03790383 0.02867974 -0.03350000
v 0.03780260 0.02861587 -0.03350000
v 0.03769688 0.02855974 -0.03350000
v 0.03758727 0.02851167 -0.03350000
v 0.03747436 0.02847193 -0.03350000
v 0.03735880 0.02844075 -0.03350000
v 0.03724123 0.02841829 -0.03350000
v 0.04000000 0.00600000 -0.03350000
v 0.04000000 0.03000000 -0.03350000
v 0.05000000 0.03000000 -0.03350000
v 0.05000000 0.00600000 -0.03350000
v 0.04781676 -0.03623009 -0.03350000
v 0.04140836 -0.03963753 -0.03350000
v 0.03808793 -0.03117320 -0.03350000
v 0.03817259 -0.03108859 -0.03350000
v 0.03825069 -0.03099789 -0.03350000
v 0.03799718 -0.03125125 -0.03350000
v 0.03832178 -0.03090160 -0.03350000
v 0.03790085 -0.03132230 -0.03350000
v 0.03838549 -0.03080026 -0.03350000
v 0.03779948 -0.03138594 -0.03350000
v 0.03844144 -0.03069445 -0.03350000
v 0.03769363 -0.03144183 -0.03350000
v 0.03848932 -0.03058475 -0.03350000
v 0.03758391 -0.03148965 -0.03350000
v 0.03852887 -0.03047177 -0.03350000
v 0.03747091 -0.03152913 -0.03350000
v 0.03855985 -0.03035616 -0.03350000
v 0.03735528 -0.03156005 -0.03350000
v 0.03858212 -0.03023855 -0.03350000
v 0.03723766 -0.03158225 -0.03350000
v 0.03859552 -0.03011961 -0.03350000
v 0.03711871 -0.03159559 -0.03350000
v 0.03860000 -0.03000000 -0.03350000
v 0.03699910 -0.03160000 -0.03350000
v 0.03687949 -0.03159546 -0.03350000
v 0.03382758 -0.04239402 -0.03350000
v 0.03676056 -0.03158198 -0.03350000
v 0.03664296 -0.03155965 -0.03350000
v 0.03652737 -0.03152860 -0.03350000
v 0.03641441 -0.03148899 -0.03350000
v 0.03630474 -0.03144105 -0.03350000
v 0.03619896 -0.03138504 -0.03350000
v 0.03609766 -0.03132128 -0.03350000
v 0.03600141 -0.03125013 -0.03350000
v 0.03591075 -0.03117198 -0.03350000
v 0.03582618 -0.03108727 -0.03350000
v 0.03574818 -0.03099648 -0.03350000
v 0.03567719 -0.03090010 -0.03350000
v 0.03561361 -0.03079870 -0.03350000
v 0.02588902 -0.04428742 -0.03350000
v 0.03555778 -0.03069282 -0.03350000
v 0.03551003 -0.03058307 -0.03350000
v 0.03547060 -0.03047005 -0.03350000
v 0.03543974 -0.03035440 -0.03350000
v 0.03541762 -0.03023677 -0.03350000
v 0.03540434 -0.03011781 -0.03350000
v 0.03540000 -0.02999820 -0.03350000
v 0.01784760 -0.04546010 -0.03350000
v 0.03547166 -0.02952650 -0.03350000
v 0.03544054 -0.02964208 -0.03350000
v 0.03541815 -0.02975966 -0.03350000
v 0.03540461 -0.02987859 -0.03350000
v 0.06336000 -0.00000000 -0.03350000
v 0.06335452 -0.00292765 -0.03350000
v 0.06331231 -0.00588387 -0.03350000
v 0.06318810 -0.00889445 -0.03350000
v 0.06292593 -0.01198211 -0.03350000
v 0.06245475 -0.01516598 -0.03350000
v 0.06168268 -0.01846003 -0.03350000
v 0.00988394 -0.04606327 -0.03350000
v 0.03555935 -0.02930393 -0.03350000
v 0.03551134 -0.02941357 -0.03350000
v 0.06245475 0.01516598 -0.03350000
v 0.06292593 0.01198211 -0.03350000
v 0.06318810 0.00889445 -0.03350000
v 0.06331231 0.00588387 -0.03350000
v 0.06335452 0.00292765 -0.03350000
v 0.03712231 -0.02840468 -0.03350000
v 0.03700271 -0.02840000 -0.03350000
v 0.03688309 -0.02840428 -0.03350000
v 0.03676412 -0.02841748 -0.03350000
v 0.03664648 -0.02843954 -0.03350000
v 0.03653082 -0.02847034 -0.03350000
v 0.03641778 -0.02850969 -0.03350000
v 0.03630799 -0.02855739 -0.03350000
v 0.03620209 -0.02861316 -0.03350000
v 0.03610064 -0.02867669 -0.03350000
v 0.03600423 -0.02874762 -0.03350000
v 0.03591339 -0.02882557 -0.03350000
v 0.03582864 -0.02891009 -0.03350000
v 0.03575043 -0.02900071 -0.03350000
v 0.03567923 -0.02909691 -0.03350000
v 0.03561541 -0.02919818 -0.03350000
v 0.06168268 0.01846003 -0.03350000
v 0.05618716 0.02899563 -0.03350000
v 0.05264349 0.03263614 -0.03350000
v 0.04781676 0.03623009 -0.03350000
v 0.00210855 -0.04623828 -0.03350000
v -0.00542418 -0.04610553 -0.03350000
v -0.01270031 -0.04576126 -0.03350000
v -0.01973307 -0.04527922 -0.03350000
v 0.03712231 0.02840468 -0.03350000
v 0.03700271 0.02840000 -0.03350000
v 0.03688309 0.02840427 -0.03350000
v 0.03859552 0.03011961 -0.03350000
v 0.03860000 0.03000000 -0.03350000
v 0.03676412 0.02841748 -0.03350000
v 0.03858212 0.03023856 -0.03350000
v 0.03664648 0.02843954 -0.03350000
v 0.03855985 0.03035616 -0.03350000
v 0.03653082 0.02847034 -0.03350000
v 0.03852887 0.03047177 -0.03350000
v 0.03641778 0.02850970 -0.03350000
v 0.03848932 0.03058475 -0.03350000
v 0.03630799 0.02855739 -0.03350000
v 0.03844144 0.03069444 -0.03350000
v 0.03620209 0.02861316 -0.03350000
v 0.03838549 0.03080026 -0.03350000
v 0.03610064 0.02867669 -0.03350000
v 0.03832178 0.03090160 -0.03350000
v 0.03600423 0.02874763 -0.03350000
v 0.03825069 0.03099789 -0.03350000
v 0.03591339 0.02882557 -0.03350000
v 0.03817259 0.03108859 -0.03350000
v -0.02300000 -0.03000000 -0.03350000
v -0.02655332 -0.04471453 -0.03350000
v 0.03582864 0.02891009 -0.03350000
v 0.03808793 0.03117320 -0.03350000
v 0.03575043 0.02900070 -0.03350000
v 0.03567923 0.02909692 -0.03350000
v 0.03561541 0.02919818 -0.03350000
v 0.04140836 0.03963753 -0.03350000
v 0.03799718 0.03125125 -0.03350000
v 0.03790085 0.03132230 -0.03350000
v 0.03779948 0.03138594 -0.03350000
v 0.03769363 0.03144183 -0.03350000
v 0.03758391 0.03148965 -0.03350000
v 0.03747091 0.03152913 -0.03350000
v 0.03735528 0.03156006 -0.03350000
v 0.03723766 0.03158225 -0.03350000
v 0.03711871 0.03159559 -0.03350000
v 0.03699910 0.03160000 -0.03350000
v 0.03687949 0.03159546 -0.03350000
v -0.03300000 -0.03000000 -0.03350000
v -0.03315400 -0.04410806 -0.03350000
v -0.03500000 -0.03000000 -0.03350000
v -0.03810091 -0.04349039 -0.03350000
v -0.04300000 -0.04288505 -0.03350000
v -0.04789909 -0.04230658 -0.03350000
v 0.03382758 0.04239401 -0.03350000
v 0.03676056 0.03158199 -0.03350000
v 0.03664296 0.03155965 -0.03350000
v 0.03652737 0.03152860 -0.03350000
v 0.03641441 0.03148899 -0.03350000
v 0.03630474 0.03144105 -0.03350000
v 0.03619896 0.03138504 -0.03350000
v 0.03609766 0.03132128 -0.03350000
v 0.03600141 0.03125013 -0.03350000
v 0.03591075 0.03117197 -0.03350000
v 0.03582618 0.03108727 -0.03350000
v 0.03574818 0.03099648 -0.03350000
v 0.03567719 0.03090011 -0.03350000
v 0.03561361 0.03079870 -0.03350000
v -0.05284600 -0.04175050 -0.03350000
v -0.02100000 -0.00600000 -0.03350000
v -0.05788385 -0.04120815 -0.03350000
v 0.02588902 0.04428741 -0.03350000
v 0.03541762 0.03023677 -0.03350000
v 0.03540434 0.03011781 -0.03350000
v 0.03540000 0.02999820 -0.03350000
v 0.03555778 0.03069282 -0.03350000
v 0.03551003 0.03058307 -0.03350000
v 0.03547060 0.03047005 -0.03350000
v 0.03543974 0.03035440 -0.03350000
v -0.03300000 -0.00600000 -0.03350000
v -0.02100000 0.00600000 -0.03350000
v 0.03555935 0.02930393 -0.03350000
v 0.01784760 0.04546010 -0.03350000
v 0.03540461 0.02987859 -0.03350000
v 0.03541815 0.02975967 -0.03350000
v 0.03544054 0.02964208 -0.03350000
v 0.03547166 0.02952650 -0.03350000
v -0.03500000 -0.00600000 -0.03350000
v -0.06305070 -0.04067094 -0.03350000
v -0.02300000 0.00600000 -0.03350000
v -0.07389077 -0.03957136 -0.03350000
v 0.00988394 0.04606328 -0.03350000
v 0.03551134 0.02941357 -0.03350000
v -0.03300000 0.00600000 -0.03350000
v -0.03500000 0.00600000 -0.03350000
v -0.02100000 0.03000000 -0.03350000
v -0.00542418 0.04610553 -0.03350000
v -0.02300000 0.03000000 -0.03350000
v -0.01270031 0.04576126 -0.03350000
v -0.03300000 0.03000000 -0.03350000
v -0.01973307 0.04527922 -0.03350000
v -0.10191172 -0.03117288 -0.03350000
v -0.10182712 -0.03108828 -0.03350000
v -0.10200241 -0.03125093 -0.03350000
v -0.10174907 -0.03099759 -0.03350000
v -0.10167802 -0.03090131 -0.03350000
v -0.10209869 -0.03132198 -0.03350000
v -0.10220000 -0.03138564 -0.03350000
v -0.10161436 -0.03080000 -0.03350000
v -0.10230579 -0.03144155 -0.03350000
v -0.10241545 -0.03148940 -0.03350000
v -0.10252839 -0.03152892 -0.03350000
v -0.10100000 -0.03000000 -0.03350000
v -0.09152091 -0.03738122 -0.03350000
v -0.10153918 -0.03065313 -0.03350000
v -0.10147108 -0.03047161 -0.03350000
v -0.08548783 -0.03830721 -0.03350000
v -0.10264397 -0.03155988 -0.03350000
v -0.10144012 -0.03035603 -0.03350000
v -0.10141787 -0.03023847 -0.03350000
v -0.02655332 0.04471452 -0.03350000
v -0.10288043 -0.03159553 -0.03350000
v -0.10140447 -0.03011957 -0.03350000
v -0.10300000 -0.03160000 -0.03350000
v -0.10140000 -0.03000000 -0.03350000
v -0.10311957 -0.03159553 -0.03350000
v -0.10323847 -0.03158213 -0.03350000
v -0.10335603 -0.03155988 -0.03350000
v -0.10347161 -0.03152892 -0.03350000
v -0.10358455 -0.03148940 -0.03350000
v -0.10369421 -0.03144155 -0.03350000
v -0.10390131 -0.03132198 -0.03350000
v -0.10399759 -0.03125093 -0.03350000
v -0.10408828 -0.03117288 -0.03350000
v -0.10417288 -0.03108828 -0.03350000
v -0.03315400 0.04410806 -0.03350000
v -0.03500000 0.03000000 -0.03350000
v -0.10444155 -0.02930579 -0.03350000
v -0.10448940 -0.02941545 -0.03350000
v -0.10452892 -0.02952839 -0.03350000
v -0.10455988 -0.02964397 -0.03350000
v -0.10458213 -0.02976153 -0.03350000
v -0.10459553 -0.02988043 -0.03350000
v -0.10460000 -0.03000000 -0.03350000
v -0.10459553 -0.03011957 -0.03350000
v -0.10458213 -0.03023847 -0.03350000
v -0.10455988 -0.03035603 -0.03350000
v -0.10452892 -0.03047161 -0.03350000
v -0.10448940 -0.03058455 -0.03350000
v -0.10444155 -0.03069421 -0.03350000
v -0.10438564 -0.03080000 -0.03350000
v -0.10432198 -0.03090131 -0.03350000
v -0.10425093 -0.03099759 -0.03350000
v -0.03810091 0.04349039 -0.03350000
v -0.10417288 -0.02891172 -0.03350000
v -0.10425093 -0.02900241 -0.03350000
v -0.10432198 -0.02909869 -0.03350000
v -0.10438564 -0.02920000 -0.03350000
v -0.10408828 -0.02882712 -0.03350000
v -0.04300000 0.04288506 -0.03350000
v -0.04789909 0.04230658 -0.03350000
v -0.05284600 0.04175050 -0.03350000
v -0.10100000 -0.00600000 -0.03350000
v -0.07959739 -0.03897856 -0.03350000
v -0.10300000 -0.00600000 -0.03350000
v -0.10300000 -0.02840000 -0.03350000
v -0.10311957 -0.02840447 -0.03350000
v -0.10323847 -0.02841787 -0.03350000
v -0.10335603 -0.02844012 -0.03350000
v -0.10347161 -0.02847108 -0.03350000
v -0.10358455 -0.02851060 -0.03350000
v -0.05788385 0.04120815 -0.03350000
v -0.06305070 0.04067094 -0.03350000
v -0.10100000 0.00600000 -0.03350000
v -0.06837856 0.04012943 -0.03350000
v -0.10300000 0.00600000 -0.03350000
v -0.12382598 -0.01763730 -0.03350000
v -0.12472930 -0.01488712 -0.03350000
v -0.12531420 -0.01223063 -0.03350000
v -0.07389077 0.03957135 -0.03350000
v -0.12567116 -0.00966299 -0.03350000
v -0.07959739 0.03897856 -0.03350000
v -0.12586977 -0.00717294 -0.03350000
v -0.12596387 -0.00474506 -0.03350000
v -0.12599585 -0.00236101 -0.03350000
v -0.08548783 0.03830721 -0.03350000
v -0.12600000 -0.00000000 -0.03350000
v -0.12599585 0.00236101 -0.03350000
v -0.12596387 0.00474506 -0.03350000
v -0.10100000 0.03000000 -0.03350000
v -0.09152091 0.03738123 -0.03350000
v -0.10311957 0.02840447 -0.03350000
v -0.10300000 0.02840000 -0.03350000
v -0.10140447 0.03011957 -0.03350000
v -0.10140000 0.03000000 -0.03350000
v -0.10141787 0.03023846 -0.03350000
v -0.10323847 0.02841787 -0.03350000
v -0.10144012 0.03035603 -0.03350000
v -0.10335603 0.02844012 -0.03350000
v -0.10147108 0.03047161 -0.03350000
v -0.10347161 0.02847108 -0.03350000
v -0.10358455 0.02851060 -0.03350000
v -0.10151060 0.03058455 -0.03350000
v -0.10155845 0.03069421 -0.03350000
v -0.10161436 0.03080000 -0.03350000
v -0.12586977 0.00717294 -0.03350000
v -0.09761290 0.03608744 -0.03350000
v -0.10167802 0.03090131 -0.03350000
v -0.10174907 0.03099758 -0.03350000
v -0.10182712 0.03108828 -0.03350000
v -0.10191172 0.03117288 -0.03350000
v -0.10200241 0.03125093 -0.03350000
v -0.10209869 0.03132198 -0.03350000
v -0.12567116 0.00966299 -0.03350000
v -0.12531420 0.01223063 -0.03350000
v -0.10362696 0.03432521 -0.03350000
v -0.10220000 0.03138564 -0.03350000
v -0.10230579 0.03144155 -0.03350000
v -0.10241545 0.03148940 -0.03350000
v -0.10252839 0.03152892 -0.03350000
v -0.10264397 0.03155988 -0.03350000
v -0.10276153 0.03158213 -0.03350000
v -0.10347161 0.03152892 -0.03350000
v -0.10358455 0.03148940 -0.03350000
v -0.10369421 0.03144155 -0.03350000
v -0.10385185 0.03135570 -0.03350000
v -0.10399759 0.03125093 -0.03350000
v -0.10408828 0.03117288 -0.03350000
v -0.10417288 0.03108828 -0.03350000
v -0.12472930 0.01488712 -0.03350000
v -0.10936997 0.03198553 -0.03350000
v -0.10425093 0.03099758 -0.03350000
v -0.10432198 0.03090131 -0.03350000
v -0.10438564 0.03080000 -0.03350000
v -0.10444155 0.03069421 -0.03350000
v -0.10448940 0.03058455 -0.03350000
v -0.10452892 0.03047161 -0.03350000
v -0.10455988 0.03035603 -0.03350000
v -0.10458213 0.03023846 -0.03350000
v -0.10459553 0.03011957 -0.03350000
v -0.10460000 0.03000000 -0.03350000
v -0.10459553 0.02988043 -0.03350000
v -0.10458213 0.02976154 -0.03350000
v -0.10455988 0.02964397 -0.03350000
v -0.10452892 0.02952839 -0.03350000
v -0.10448940 0.02941545 -0.03350000
v -0.10444155 0.02930579 -0.03350000
v -0.12382598 0.01763730 -0.03350000
v -0.10438564 0.02920000 -0.03350000
v -0.10432198 0.02909869 -0.03350000
v -0.10425093 0.02900242 -0.03350000
v -0.10417288 0.02891172 -0.03350000
v -0.10408828 0.02882712 -0.03350000
v 0.03808828 -0.03117288 -0.03250000
v 0.04140836 -0.03963753 -0.03250000
v 0.03817288 -0.03108828 -0.03250000
v 0.03799758 -0.03125093 -0.03250000
v 0.03825093 -0.03099759 -0.03250000
v 0.04781676 -0.03623009 -0.03250000
v 0.03790131 -0.03132198 -0.03250000
v 0.03832198 -0.03090131 -0.03250000
v 0.03838564 -0.03080000 -0.03250000
v 0.03780000 -0.03138564 -0.03250000
v 0.03844155 -0.03069421 -0.03250000
v 0.03769421 -0.03144155 -0.03250000
v 0.03848940 -0.03058455 -0.03250000
v 0.03758455 -0.03148940 -0.03250000
v 0.03747161 -0.03152892 -0.03250000
v 0.03852892 -0.03047161 -0.03250000
v 0.03735603 -0.03155988 -0.03250000
v 0.03855988 -0.03035603 -0.03250000
v 0.03723846 -0.03158213 -0.03250000
v 0.03858213 -0.03023847 -0.03250000
v 0.03711957 -0.03159553 -0.03250000
v 0.03859553 -0.03011957 -0.03250000
v 0.03700000 -0.03160000 -0.03250000
v 0.03860000 -0.03000000 -0.03250000
v 0.03859553 -0.02988043 -0.03250000
v 0.03688043 -0.03159553 -0.03250000
v 0.03382758 -0.04239402 -0.03250000
v 0.03858213 -0.02976153 -0.03250000
v 0.05264349 -0.03263614 -0.03250000
v 0.03676154 -0.03158213 -0.03250000
v 0.03855988 -0.02964397 -0.03250000
v 0.03664397 -0.03155988 -0.03250000
v 0.03852892 -0.02952839 -0.03250000
v 0.03652839 -0.03152892 -0.03250000
v 0.03641545 -0.03148940 -0.03250000
v 0.03848940 -0.02941545 -0.03250000
v 0.03844155 -0.02930579 -0.03250000
v 0.03630579 -0.03144155 -0.03250000
v 0.03838564 -0.02920000 -0.03250000
v 0.05618716 -0.02899563 -0.03250000
v 0.03620000 -0.03138564 -0.03250000
v 0.03832198 -0.02909869 -0.03250000
v 0.03609869 -0.03132198 -0.03250000
v 0.03825093 -0.02900241 -0.03250000
v 0.03600242 -0.03125093 -0.03250000
v 0.03591172 -0.03117288 -0.03250000
v 0.03817288 -0.02891172 -0.03250000
v 0.05872344 -0.02539032 -0.03250000
v 0.03808828 -0.02882712 -0.03250000
v 0.03582712 -0.03108828 -0.03250000
v 0.03799758 -0.02874907 -0.03250000
v 0.06049030 -0.02187025 -0.03250000
v 0.03574907 -0.03099759 -0.03250000
v 0.03567802 -0.03090131 -0.03250000
v 0.03790131 -0.02867802 -0.03250000
v 0.03780000 -0.02861436 -0.03250000
v 0.06168268 -0.01846003 -0.03250000
v 0.03561436 -0.03080000 -0.03250000
v 0.02588902 -0.04428742 -0.03250000
v 0.03769421 -0.02855845 -0.03250000
v 0.06245475 -0.01516598 -0.03250000
v 0.03555845 -0.03069421 -0.03250000
v 0.03758455 -0.02851060 -0.03250000
v 0.06292593 -0.01198211 -0.03250000
v 0.03551060 -0.03058455 -0.03250000
v 0.03547108 -0.03047161 -0.03250000
v 0.03747161 -0.02847108 -0.03250000
v 0.06318810 -0.00889445 -0.03250000
v 0.03544012 -0.03035603 -0.03250000
v 0.03735603 -0.02844012 -0.03250000
v 0.03723846 -0.02841787 -0.03250000
v 0.06331231 -0.00588387 -0.03250000
v 0.03541787 -0.03023847 -0.03250000
v 0.03711957 -0.02840447 -0.03250000
v 0.06335452 -0.00292765 -0.03250000
v 0.03540447 -0.03011957 -0.03250000
v 0.03700000 -0.02840000 -0.03250000
v 0.03540000 -0.03000000 -0.03250000
v 0.06336000 0.00000000 -0.03250000
v 0.03688043 -0.02840447 -0.03250000
v 0.01784760 -0.04546010 -0.03250000
v 0.03544012 -0.02964397 -0.03250000
v 0.03547108 -0.02952839 -0.03250000
v 0.03541787 -0.02976153 -0.03250000
v 0.03540447 -0.02988043 -0.03250000
v 0.00988394 -0.04606327 -0.03250000
v 0.03555845 -0.02930579 -0.03250000
v 0.03561436 -0.02920000 -0.03250000
v 0.03551060 -0.02941545 -0.03250000
v 0.00210855 -0.04623828 -0.03250000
v 0.03567802 -0.02909869 -0.03250000
v 0.03574907 -0.02900241 -0.03250000
v 0.03817288 0.02891172 -0.03250000
v 0.05872344 0.02539032 -0.03250000
v 0.05618716 0.02899563 -0.03250000
v 0.03808828 0.02882712 -0.03250000
v 0.03799758 0.02874907 -0.03250000
v 0.06049030 0.02187025 -0.03250000
v 0.03825093 0.02900242 -0.03250000
v 0.03832198 0.02909869 -0.03250000
v 0.03790131 0.02867802 -0.03250000
v 0.03838564 0.02920000 -0.03250000
v 0.05264349 0.03263614 -0.03250000
v 0.03780000 0.02861436 -0.03250000
v 0.06168268 0.01846003 -0.03250000
v 0.03769421 0.02855845 -0.03250000
v 0.06245475 0.01516598 -0.03250000
v 0.03844155 0.02930579 -0.03250000
v 0.03758455 0.02851060 -0.03250000
v 0.06292593 0.01198211 -0.03250000
v 0.03848940 0.02941545 -0.03250000
v 0.03747161 0.02847108 -0.03250000
v 0.06318810 0.00889445 -0.03250000
v 0.03852892 0.02952839 -0.03250000
v 0.03735603 0.02844012 -0.03250000
v 0.03855988 0.02964397 -0.03250000
v 0.03723846 0.02841787 -0.03250000
v 0.06331231 0.00588387 -0.03250000
v 0.03858213 0.02976154 -0.03250000
v 0.04781676 0.03623009 -0.03250000
v 0.03711957 0.02840447 -0.03250000
v 0.06335452 0.00292765 -0.03250000
v 0.03859553 0.02988043 -0.03250000
v 0.03700000 0.02840000 -0.03250000
v 0.03860000 0.03000000 -0.03250000
v 0.03688043 0.02840447 -0.03250000
v 0.03859553 0.03011957 -0.03250000
v 0.03858213 0.03023846 -0.03250000
v 0.03676154 0.02841787 -0.03250000
v 0.03676154 -0.02841787 -0.03250000
v 0.03664397 0.02844012 -0.03250000
v 0.03664397 -0.02844012 -0.03250000
v 0.03652839 -0.02847108 -0.03250000
v 0.03855988 0.03035603 -0.03250000
v 0.03852892 0.03047161 -0.03250000
v 0.03652839 0.02847108 -0.03250000
v 0.03641545 0.02851060 -0.03250000
v 0.03641545 -0.02851060 -0.03250000
v 0.03848940 0.03058455 -0.03250000
v 0.03844155 0.03069421 -0.03250000
v 0.03630579 0.02855845 -0.03250000
v 0.03630579 -0.02855845 -0.03250000
v 0.03620000 0.02861436 -0.03250000
v 0.03620000 -0.02861436 -0.03250000
v 0.03838564 0.03080000 -0.03250000
v 0.03832198 0.03090131 -0.03250000
v 0.03609869 0.02867802 -0.03250000
v 0.03609869 -0.02867802 -0.03250000
v 0.03825093 0.03099758 -0.03250000
v 0.03600242 0.02874907 -0.03250000
v 0.03600242 -0.02874907 -0.03250000
v 0.03591172 0.02882712 -0.03250000
v 0.03591172 -0.02882712 -0.03250000
v 0.03582712 0.02891172 -0.03250000
v 0.03582712 -0.02891172 -0.03250000
v 0.03574907 0.02900242 -0.03250000
v 0.04140836 0.03963753 -0.03250000
v 0.03817288 0.03108828 -0.03250000
v 0.03808828 0.03117288 -0.03250000
v 0.03799758 0.03125093 -0.03250000
v 0.03790131 0.03132198 -0.03250000
v 0.03780000 0.03138564 -0.03250000
v 0.03769421 0.03144155 -0.03250000
v 0.03758455 0.03148940 -0.03250000
v 0.03747161 0.03152892 -0.03250000
v 0.03735603 0.03155988 -0.03250000
v 0.03723846 0.03158213 -0.03250000
v 0.03711957 0.03159553 -0.03250000
v 0.03700000 0.03160000 -0.03250000
v 0.03688043 0.03159553 -0.03250000
v 0.03382758 0.04239401 -0.03250000
v 0.03676154 0.03158213 -0.03250000
v 0.03664397 0.03155988 -0.03250000
v 0.03652839 0.03152892 -0.03250000
v 0.03641545 0.03148940 -0.03250000
v 0.03630579 0.03144155 -0.03250000
v 0.03620000 0.03138564 -0.03250000
v 0.03609869 0.03132198 -0.03250000
v 0.03600242 0.03125093 -0.03250000
v 0.03591172 0.03117288 -0.03250000
v 0.03582712 0.03108828 -0.03250000
v 0.03574907 0.03099758 -0.03250000
v 0.03567802 0.03090131 -0.03250000
v 0.03561436 0.03080000 -0.03250000
v 0.02588902 0.04428741 -0.03250000
v 0.03544012 0.03035603 -0.03250000
v 0.03547108 0.03047161 -0.03250000
v 0.03541787 0.03023846 -0.03250000
v 0.03540447 0.03011957 -0.03250000
v 0.03540000 0.03000000 -0.03250000
v 0.03555845 0.03069421 -0.03250000
v 0.03551060 0.03058455 -0.03250000
v 0.01784760 0.04546010 -0.03250000
v 0.03540447 0.02988043 -0.03250000
v 0.03541787 0.02976154 -0.03250000
v 0.03544012 0.02964397 -0.03250000
v 0.03547108 0.02952839 -0.03250000
v 0.00988394 0.04606328 -0.03250000
v 0.03551060 0.02941545 -0.03250000
v 0.03555845 0.02930579 -0.03250000
v 0.03561436 0.02920000 -0.03250000
v 0.00210855 0.04623828 -0.03250000
v 0.03567802 0.02909869 -0.03250000
v -0.00542418 -0.04610553 -0.03250000
v -0.00542418 0.04610553 -0.03250000
v -0.01270031 0.04576126 -0.03250000
v -0.01270031 -0.04576126 -0.03250000
v -0.01973307 -0.04527922 -0.03250000
v -0.01973307 0.04527922 -0.03250000
v -0.10191172 -0.03117288 -0.03250000
v -0.10182712 -0.03108828 -0.03250000
v -0.10174907 -0.03099759 -0.03250000
v -0.10200241 -0.03125093 -0.03250000
v -0.10167802 -0.03090131 -0.03250000
v -0.10209869 -0.03132198 -0.03250000
v -0.10161436 -0.03080000 -0.03250000
v -0.10220000 -0.03138564 -0.03250000
v -0.10155845 -0.03069421 -0.03250000
v -0.10230579 -0.03144155 -0.03250000
v -0.10151060 -0.03058455 -0.03250000
v -0.10241545 -0.03148940 -0.03250000
v -0.10252839 -0.03152892 -0.03250000
v -0.10147108 -0.03047161 -0.03250000
v -0.10144012 -0.03035603 -0.03250000
v -0.10264397 -0.03155988 -0.03250000
v -0.10276153 -0.03158213 -0.03250000
v -0.10141787 -0.03023847 -0.03250000
v -0.02655332 0.04471452 -0.03250000
v -0.02655332 -0.04471453 -0.03250000
v -0.03315400 -0.04410806 -0.03250000
v -0.10288043 -0.03159553 -0.03250000
v -0.10140447 -0.03011957 -0.03250000
v -0.10140000 -0.03000000 -0.03250000
v -0.10300000 -0.03160000 -0.03250000
v -0.10140447 -0.02988043 -0.03250000
v -0.09152091 -0.03738122 -0.03250000
v -0.10311957 -0.03159553 -0.03250000
v -0.10141787 -0.02976153 -0.03250000
v -0.10323847 -0.03158213 -0.03250000
v -0.10144012 -0.02964397 -0.03250000
v -0.10335603 -0.03155988 -0.03250000
v -0.10147108 -0.02952839 -0.03250000
v -0.10347161 -0.03152892 -0.03250000
v -0.10151060 -0.02941545 -0.03250000
v -0.10358455 -0.03148940 -0.03250000
v -0.10155845 -0.02930579 -0.03250000
v -0.10369421 -0.03144155 -0.03250000
v -0.10161436 -0.02920000 -0.03250000
v -0.08548783 -0.03830721 -0.03250000
v -0.10167802 -0.02909869 -0.03250000
v -0.10390131 -0.03132198 -0.03250000
v -0.10174907 -0.02900241 -0.03250000
v -0.10399759 -0.03125093 -0.03250000
v -0.10182712 -0.02891172 -0.03250000
v -0.07959739 -0.03897856 -0.03250000
v -0.10408828 -0.03117288 -0.03250000
v -0.10191172 -0.02882712 -0.03250000
v -0.10417288 -0.03108828 -0.03250000
v -0.03315400 0.04410806 -0.03250000
v -0.10444155 -0.02930579 -0.03250000
v -0.10438564 -0.02920000 -0.03250000
v -0.10448940 -0.02941545 -0.03250000
v -0.10452892 -0.02952839 -0.03250000
v -0.10455988 -0.02964397 -0.03250000
v -0.10458213 -0.02976153 -0.03250000
v -0.10459553 -0.02988043 -0.03250000
v -0.10460000 -0.03000000 -0.03250000
v -0.10459553 -0.03011957 -0.03250000
v -0.10458213 -0.03023847 -0.03250000
v -0.10455988 -0.03035603 -0.03250000
v -0.10452892 -0.03047161 -0.03250000
v -0.10448940 -0.03058455 -0.03250000
v -0.10444155 -0.03069421 -0.03250000
v -0.10438564 -0.03080000 -0.03250000
v -0.10432198 -0.03090131 -0.03250000
v -0.10425093 -0.03099759 -0.03250000
v -0.03810091 0.04349039 -0.03250000
v -0.03810091 -0.04349039 -0.03250000
v -0.10390131 -0.02867802 -0.03250000
v -0.10380000 -0.02861436 -0.03250000
v -0.10399759 -0.02874907 -0.03250000
v -0.10408828 -0.02882712 -0.03250000
v -0.10417288 -0.02891172 -0.03250000
v -0.10425093 -0.02900241 -0.03250000
v -0.10432198 -0.02909869 -0.03250000
v -0.04300000 0.04288506 -0.03250000
v -0.04300000 -0.04288505 -0.03250000
v -0.04789909 -0.04230658 -0.03250000
v -0.04789909 0.04230658 -0.03250000
v -0.11788143 -0.02631947 -0.03250000
v -0.10369421 -0.02855845 -0.03250000
v -0.10358455 -0.02851060 -0.03250000
v -0.05284600 0.04175050 -0.03250000
v -0.05284600 -0.04175050 -0.03250000
v -0.05788385 -0.04120815 -0.03250000
v -0.12056603 -0.02338357 -0.03250000
v -0.10347161 -0.02847108 -0.03250000
v -0.05788385 0.04120815 -0.03250000
v -0.12248746 -0.02047607 -0.03250000
v -0.10335603 -0.02844012 -0.03250000
v -0.06305070 0.04067094 -0.03250000
v -0.06305070 -0.04067094 -0.03250000
v -0.06837856 -0.04012942 -0.03250000
v -0.12382598 -0.01763730 -0.03250000
v -0.06837856 0.04012943 -0.03250000
v -0.12472930 -0.01488712 -0.03250000
v -0.10323847 -0.02841787 -0.03250000
v -0.12531420 -0.01223063 -0.03250000
v -0.10311957 -0.02840447 -0.03250000
v -0.07389077 0.03957135 -0.03250000
v -0.07389077 -0.03957136 -0.03250000
v -0.12567116 -0.00966299 -0.03250000
v -0.07959739 0.03897856 -0.03250000
v -0.12586977 -0.00717294 -0.03250000
v -0.10300000 -0.02840000 -0.03250000
v -0.12596387 -0.00474506 -0.03250000
v -0.10288043 -0.02840447 -0.03250000
v -0.12599585 -0.00236101 -0.03250000
v -0.10276153 -0.02841787 -0.03250000
v -0.12600000 0.00000000 -0.03250000
v -0.10264397 -0.02844012 -0.03250000
v -0.10182712 0.02891172 -0.03250000
v -0.08548783 0.03830721 -0.03250000
v -0.10191172 0.02882712 -0.03250000
v -0.10174907 0.02900242 -0.03250000
v -0.10200241 0.02874907 -0.03250000
v -0.10200241 -0.02874907 -0.03250000
v -0.10209869 0.02867802 -0.03250000
v -0.10209869 -0.02867802 -0.03250000
v -0.10220000 -0.02861436 -0.03250000
v -0.10167802 0.02909869 -0.03250000
v -0.10220000 0.02861436 -0.03250000
v -0.10161436 0.02920000 -0.03250000
v -0.09152091 0.03738123 -0.03250000
v -0.10230579 0.02855845 -0.03250000
v -0.10230579 -0.02855845 -0.03250000
v -0.10155845 0.02930579 -0.03250000
v -0.10241545 0.02851060 -0.03250000
v -0.10241545 -0.02851060 -0.03250000
v -0.10151060 0.02941545 -0.03250000
v -0.10252839 0.02847108 -0.03250000
v -0.10252839 -0.02847108 -0.03250000
v -0.10147108 0.02952839 -0.03250000
v -0.10264397 0.02844012 -0.03250000
v -0.10144012 0.02964397 -0.03250000
v -0.10276153 0.02841787 -0.03250000
v -0.12599585 0.00236101 -0.03250000
v -0.10141787 0.02976154 -0.03250000
v -0.10288043 0.02840447 -0.03250000
v -0.12596387 0.00474506 -0.03250000
v -0.10140447 0.02988043 -0.03250000
v -0.10300000 0.02840000 -0.03250000
v -0.12586977 0.00717294 -0.03250000
v -0.10311957 0.02840447 -0.03250000
v -0.09761290 0.03608744 -0.03250000
v -0.10140000 0.03000000 -0.03250000
v -0.10140447 0.03011957 -0.03250000
v -0.10141787 0.03023846 -0.03250000
v -0.10144012 0.03035603 -0.03250000
v -0.10147108 0.03047161 -0.03250000
v -0.10151060 0.03058455 -0.03250000
v -0.10155845 0.03069421 -0.03250000
v -0.10161436 0.03080000 -0.03250000
v -0.10167802 0.03090131 -0.03250000
v -0.10174907 0.03099758 -0.03250000
v -0.10182712 0.03108828 -0.03250000
v -0.10191172 0.03117288 -0.03250000
v -0.10200241 0.03125093 -0.03250000
v -0.10209869 0.03132198 -0.03250000
v -0.12567116 0.00966299 -0.03250000
v -0.12531420 0.01223063 -0.03250000
v -0.10323847 0.02841787 -0.03250000
v -0.10362696 0.03432521 -0.03250000
v -0.10220000 0.03138564 -0.03250000
v -0.10230579 0.03144155 -0.03250000
v -0.10241545 0.03148940 -0.03250000
v -0.10252839 0.03152892 -0.03250000
v -0.10264397 0.03155988 -0.03250000
v -0.10276153 0.03158213 -0.03250000
v -0.10288043 0.03159553 -0.03250000
v -0.10300000 0.03160000 -0.03250000
v -0.10311957 0.03159553 -0.03250000
v -0.10323847 0.03158213 -0.03250000
v -0.10335603 0.03155988 -0.03250000
v -0.10347161 0.03152892 -0.03250000
v -0.10358455 0.03148940 -0.03250000
v -0.10369421 0.03144155 -0.03250000
v -0.10380000 0.03138564 -0.03250000
v -0.10390131 0.03132198 -0.03250000
v -0.10399759 0.03125093 -0.03250000
v -0.10408828 0.03117288 -0.03250000
v -0.10417288 0.03108828 -0.03250000
v -0.12472930 0.01488712 -0.03250000
v -0.10335603 0.02844012 -0.03250000
v -0.10936997 0.03198553 -0.03250000
v -0.10425093 0.03099758 -0.03250000
v -0.10432198 0.03090131 -0.03250000
v -0.10438564 0.03080000 -0.03250000
v -0.10444155 0.03069421 -0.03250000
v -0.10448940 0.03058455 -0.03250000
v -0.10452892 0.03047161 -0.03250000
v -0.10455988 0.03035603 -0.03250000
v -0.10458213 0.03023846 -0.03250000
v -0.10459553 0.03011957 -0.03250000
v -0.10460000 0.03000000 -0.03250000
v -0.10459553 0.02988043 -0.03250000
v -0.10458213 0.02976154 -0.03250000
v -0.10455988 0.02964397 -0.03250000
v -0.10452892 0.02952839 -0.03250000
v -0.10448940 0.02941545 -0.03250000
v -0.10444155 0.02930579 -0.03250000
v -0.10438564 0.02920000 -0.03250000
v -0.12382598 0.01763730 -0.03250000
v -0.12248746 0.02047607 -0.03250000
v -0.10347161 0.02847108 -0.03250000
v -0.11422482 0.02921781 -0.03250000
v -0.10380000 0.02861436 -0.03250000
v -0.10390131 0.02867802 -0.03250000
v -0.10432198 0.02909869 -0.03250000
v -0.10425093 0.02900242 -0.03250000
v -0.10417288 0.02891172 -0.03250000
v -0.10408828 0.02882712 -0.03250000
v -0.10399759 0.02874907 -0.03250000
v -0.12056603 0.02338357 -0.03250000
v -0.10358455 0.02851060 -0.03250000
v -0.11788143 0.02631947 -0.03250000
v -0.10369421 0.02855845 -0.03250000
v -0.11300000 -0.03000000 -0.03350000
v -0.11300000 -0.03000000 -0.03530000
v -0.11300000 -0.00600000 -0.03530000
v -0.11500000 -0.00600000 -0.03770000
v -0.11050000 -0.00600000 -0.03770000
v -0.10550000 -0.00600000 -0.03770000
v -0.10550000 -0.00600000 -0.03920000
v -0.11050000 -0.00600000 -0.03920000
v -0.10300000 -0.00600000 -0.03530000
v -0.10100000 -0.00600000 -0.03770000
v -0.11500000 -0.03000000 -0.03770000
v -0.11422482 0.02921781 -0.03350000
v -0.11500000 0.03000000 -0.03350000
v -0.11500000 0.03000000 -0.03770000
v -0.11500000 0.00600000 -0.03770000
v -0.11300000 0.00600000 -0.03530000
v -0.11050000 0.00600000 -0.03770000
v -0.10550000 0.00600000 -0.03770000
v -0.11050000 0.00600000 -0.03920000
v -0.10550000 0.00600000 -0.03920000
v -0.10300000 0.00600000 -0.03530000
v -0.10100000 0.00600000 -0.03770000
v -0.11300000 0.03000000 -0.03530000
v -0.11300000 0.03000000 -0.03350000
v 0.04250000 -0.03000000 -0.03770000
v 0.04000000 -0.03000000 -0.03530000
v 0.03860000 -0.03000000 -0.03770000
v 0.04750000 -0.03000000 -0.03770000
v 0.04250000 -0.03000000 -0.03920000
v 0.04750000 -0.03000000 -0.03920000
v 0.05000000 -0.03000000 -0.03530000
v 0.05200000 -0.03000000 -0.03770000
v 0.05200000 -0.00600000 -0.03770000
v 0.05000000 -0.00600000 -0.03530000
v 0.04000000 -0.00600000 -0.03530000
v 0.03800000 -0.00600000 -0.03770000
v 0.04250000 -0.00600000 -0.03770000
v 0.04750000 -0.00600000 -0.03770000
v 0.04750000 -0.00600000 -0.03920000
v 0.04250000 -0.00600000 -0.03920000
v 0.03800000 -0.02875100 -0.03770000
v 0.03859554 -0.02988069 -0.03770000
v 0.03858221 -0.02976204 -0.03770000
v 0.03856006 -0.02964472 -0.03770000
v 0.03852922 -0.02952938 -0.03770000
v 0.03848987 -0.02941665 -0.03770000
v 0.03844222 -0.02930718 -0.03770000
v 0.03838654 -0.02920156 -0.03770000
v 0.03832314 -0.02910039 -0.03770000
v 0.03825237 -0.02900423 -0.03770000
v 0.03817464 -0.02891362 -0.03770000
v 0.03809035 -0.02882905 -0.03770000
v -0.03400000 -0.03000000 -0.03610000
v -0.03050000 -0.03000000 -0.03770000
v -0.02550000 -0.03000000 -0.03770000
v -0.03050000 -0.03000000 -0.03920000
v -0.02550000 -0.03000000 -0.03920000
v -0.02300000 -0.03000000 -0.03530000
v -0.02100000 -0.03000000 -0.03770000
v -0.02100000 -0.00600000 -0.03770000
v -0.02300000 -0.00600000 -0.03530000
v -0.03300000 -0.00600000 -0.03530000
v -0.03500000 -0.00600000 -0.03770000
v -0.03050000 -0.00600000 -0.03770000
v -0.02550000 -0.00600000 -0.03770000
v -0.02550000 -0.00600000 -0.03920000
v -0.03050000 -0.00600000 -0.03920000
v -0.10140447 -0.02988043 -0.03770000
v -0.10140000 -0.03000000 -0.03770000
v -0.10141787 -0.02976153 -0.03770000
v -0.10144012 -0.02964397 -0.03770000
v -0.10147108 -0.02952839 -0.03770000
v -0.10151060 -0.02941545 -0.03770000
v -0.10155845 -0.02930579 -0.03770000
v -0.10161436 -0.02920000 -0.03770000
v -0.10167802 -0.02909869 -0.03770000
v -0.10174907 -0.02900241 -0.03770000
v -0.10182712 -0.02891172 -0.03770000
v -0.10191172 -0.02882712 -0.03770000
v -0.10200241 -0.02874907 -0.03770000
v -0.10209869 -0.02867802 -0.03770000
v -0.10220000 -0.02861436 -0.03770000
v -0.10230579 -0.02855845 -0.03770000
v -0.10241545 -0.02851060 -0.03770000
v -0.10252839 -0.02847108 -0.03770000
v -0.10264397 -0.02844012 -0.03770000
v -0.10276153 -0.02841787 -0.03770000
v -0.10300000 -0.02840000 -0.03530000
v -0.10300000 -0.02840000 -0.03770000
v -0.10288043 -0.02840447 -0.03770000
v -0.10311957 -0.02840447 -0.03530000
v -0.10311957 -0.02840447 -0.03770000
v -0.10323847 -0.02841787 -0.03770000
v -0.10323847 -0.02841787 -0.03530000
v -0.10335603 -0.02844012 -0.03530000
v -0.10335603 -0.02844012 -0.03770000
v -0.10347161 -0.02847108 -0.03530000
v -0.10347161 -0.02847108 -0.03770000
v -0.10358455 -0.02851060 -0.03770000
v -0.10369421 -0.02855845 -0.03530000
v -0.10369421 -0.02855845 -0.03770000
v -0.10380000 -0.02861436 -0.03770000
v -0.10380000 -0.02861436 -0.03530000
v -0.10390131 -0.02867802 -0.03530000
v -0.10390131 -0.02867802 -0.03770000
v -0.10399759 -0.02874907 -0.03530000
v -0.10399759 -0.02874907 -0.03770000
v -0.10408828 -0.02882712 -0.03770000
v -0.10408828 -0.02882712 -0.03530000
v -0.10417288 -0.02891172 -0.03530000
v -0.10417288 -0.02891172 -0.03770000
v -0.10425093 -0.02900241 -0.03530000
v -0.10425093 -0.02900241 -0.03770000
v -0.10432198 -0.02909869 -0.03530000
v -0.10432198 -0.02909869 -0.03770000
v -0.10438564 -0.02920000 -0.03530000
v -0.10438564 -0.02920000 -0.03770000
v -0.10444155 -0.02930579 -0.03530000
v -0.10444155 -0.02930579 -0.03770000
v -0.10448940 -0.02941545 -0.03530000
v -0.10448940 -0.02941545 -0.03770000
v -0.10452892 -0.02952839 -0.03770000
v -0.10452892 -0.02952839 -0.03530000
v -0.10455988 -0.02964397 -0.03530000
v -0.10455988 -0.02964397 -0.03770000
v -0.10458213 -0.02976153 -0.03770000
v -0.10458213 -0.02976153 -0.03530000
v -0.10459553 -0.02988043 -0.03530000
v -0.10459553 -0.02988043 -0.03770000
v -0.10460000 -0.03000000 -0.03530000
v -0.10460000 -0.03000000 -0.03770000
v -0.10100000 -0.03000000 -0.03770000
v 0.04000000 0.00600000 -0.03530000
v 0.03800000 0.00600000 -0.03770000
v 0.04250000 0.00600000 -0.03770000
v 0.04750000 0.00600000 -0.03770000
v 0.04250000 0.00600000 -0.03920000
v 0.04750000 0.00600000 -0.03920000
v 0.05000000 0.00600000 -0.03530000
v 0.05200000 0.00600000 -0.03770000
v 0.05200000 0.03000000 -0.03770000
v 0.05000000 0.03000000 -0.03530000
v 0.04250000 0.03000000 -0.03770000
v 0.03860000 0.03000000 -0.03770000
v 0.04000000 0.03000000 -0.03530000
v 0.04750000 0.03000000 -0.03770000
v 0.04750000 0.03000000 -0.03920000
v 0.04250000 0.03000000 -0.03920000
v 0.03800000 0.02875100 -0.03770000
v 0.03809035 0.02882905 -0.03770000
v 0.03817464 0.02891361 -0.03770000
v 0.03825237 0.02900423 -0.03770000
v 0.03832314 0.02910040 -0.03770000
v 0.03838654 0.02920156 -0.03770000
v 0.03844222 0.02930718 -0.03770000
v 0.03848987 0.02941666 -0.03770000
v 0.03852922 0.02952938 -0.03770000
v 0.03856006 0.02964472 -0.03770000
v 0.03858221 0.02976204 -0.03770000
v 0.03859554 0.02988069 -0.03770000
v -0.03300000 0.00600000 -0.03530000
v -0.03500000 0.00600000 -0.03770000
v -0.03050000 0.00600000 -0.03770000
v -0.02550000 0.00600000 -0.03770000
v -0.03050000 0.00600000 -0.03920000
v -0.02550000 0.00600000 -0.03920000
v -0.02300000 0.00600000 -0.03530000
v -0.02100000 0.00600000 -0.03770000
v -0.02100000 0.03000000 -0.03770000
v -0.02300000 0.03000000 -0.03530000
v -0.03300000 0.03000000 -0.03530000
v -0.03500000 0.03000000 -0.03770000
v -0.03050000 0.03000000 -0.03770000
v -0.02550000 0.03000000 -0.03770000
v -0.02550000 0.03000000 -0.03920000
v -0.03050000 0.03000000 -0.03920000
v -0.10100000 0.03000000 -0.03770000
v -0.10300000 0.02840000 -0.03530000
v -0.10140000 0.03000000 -0.03770000
v -0.10459553 0.02988043 -0.03530000
v -0.10460000 0.03000000 -0.03770000
v -0.10460000 0.03000000 -0.03530000
v -0.10459553 0.02988043 -0.03770000
v -0.10458213 0.02976154 -0.03530000
v -0.10458213 0.02976154 -0.03770000
v -0.10455988 0.02964397 -0.03770000
v -0.10455988 0.02964397 -0.03530000
v -0.10452892 0.02952839 -0.03770000
v -0.10452892 0.02952839 -0.03530000
v -0.10448940 0.02941545 -0.03530000
v -0.10448940 0.02941545 -0.03770000
v -0.10444155 0.02930579 -0.03530000
v -0.10444155 0.02930579 -0.03770000
v -0.10438564 0.02920000 -0.03530000
v -0.10438564 0.02920000 -0.03770000
v -0.10432198 0.02909869 -0.03530000
v -0.10432198 0.02909869 -0.03770000
v -0.10425093 0.02900242 -0.03770000
v -0.10425093 0.02900242 -0.03530000
v -0.10417288 0.02891172 -0.03530000
v -0.10417288 0.02891172 -0.03770000
v -0.10408828 0.02882712 -0.03530000
v -0.10408828 0.02882712 -0.03770000
v -0.10399759 0.02874907 -0.03530000
v -0.10399759 0.02874907 -0.03770000
v -0.10390131 0.02867802 -0.03530000
v -0.10390131 0.02867802 -0.03770000
v -0.10380000 0.02861436 -0.03530000
v -0.10380000 0.02861436 -0.03770000
v -0.10369421 0.02855845 -0.03770000
v -0.10369421 0.02855845 -0.03530000
v -0.10358455 0.02851060 -0.03530000
v -0.10358455 0.02851060 -0.03770000
v -0.10347161 0.02847108 -0.03530000
v -0.10347161 0.02847108 -0.03770000
v -0.10335603 0.02844012 -0.03770000
v -0.10335603 0.02844012 -0.03530000
v -0.10323847 0.02841787 -0.03770000
v -0.10323847 0.02841787 -0.03530000
v -0.10311957 0.02840447 -0.03530000
v -0.10311957 0.02840447 -0.03770000
v -0.10300000 0.02840000 -0.03770000
v -0.10288043 0.02840447 -0.03770000
v -0.10276153 0.02841787 -0.03770000
v -0.10264397 0.02844012 -0.03770000
v -0.10252839 0.02847108 -0.03770000
v -0.10241545 0.02851060 -0.03770000
v -0.10230579 0.02855845 -0.03770000
v -0.10220000 0.02861436 -0.03770000
v -0.10209869 0.02867802 -0.03770000
v -0.10200241 0.02874907 -0.03770000
v -0.10191172 0.02882712 -0.03770000
v -0.10182712 0.02891172 -0.03770000
v -0.10174907 0.02900242 -0.03770000
v -0.10167802 0.02909869 -0.03770000
v -0.10161436 0.02920000 -0.03770000
v -0.10155845 0.02930579 -0.03770000
v -0.10151060 0.02941545 -0.03770000
v -0.10147108 0.02952839 -0.03770000
v -0.10144012 0.02964397 -0.03770000
v -0.10141787 0.02976154 -0.03770000
v -0.10140447 0.02988043 -0.03770000
v -0.11050000 -0.03000000 -0.03770000
v -0.10550000 -0.03000000 -0.03770000
v -0.11050000 -0.03000000 -0.03920000
v -0.10550000 -0.03000000 -0.03920000
v -0.11050000 0.03000000 -0.03770000
v -0.10550000 0.03000000 -0.03770000
v -0.10550000 0.03000000 -0.03920000
v -0.11050000 0.03000000 -0.03920000
v -0.10649847 -0.03315537 -0.03250000
v -0.10936997 -0.03198553 -0.03313292
v -0.10649847 -0.03315537 -0.03300000
v -0.10362696 -0.03432521 -0.03321437
v -0.10649847 -0.03315537 -0.03350000
v -0.11361241 -0.02956694 -0.03300000
v -0.11361241 -0.02956694 -0.03350000
v -0.11179739 -0.03060167 -0.03250000
v -0.11118499 -0.03095080 -0.03300000
v -0.11219826 -0.03037314 -0.03283333
v -0.11118499 -0.03095080 -0.03350000
v -0.10061993 -0.03520633 -0.03350000
v -0.09761290 -0.03608744 -0.03301299
v -0.10061993 -0.03520633 -0.03250000
v -0.11300000 -0.01795804 -0.03350000
v -0.10845066 -0.01733901 -0.03350000
v -0.10394945 -0.02871354 -0.03350000
v -0.10696630 -0.02114236 -0.03350000
v -0.10840000 -0.01730718 -0.03350000
v -0.10385066 -0.02864619 -0.03350000
v -0.10690044 -0.02109746 -0.03350000
v -0.10834711 -0.01727922 -0.03350000
v -0.10683140 -0.02105760 -0.03350000
v -0.11596048 -0.02030762 -0.03350000
v -0.11500000 -0.00600000 -0.03350000
v -0.11596048 0.02030761 -0.03350000
v -0.11788143 0.02631947 -0.03350000
v -0.11300000 0.01795803 -0.03350000
v -0.10845066 0.01733901 -0.03350000
v -0.10696630 0.02114236 -0.03350000
v -0.10385066 0.02864619 -0.03350000
v -0.10840000 0.01730718 -0.03350000
v -0.10690044 0.02109746 -0.03350000
v -0.10374711 0.02858640 -0.03350000
v -0.10834711 0.01727922 -0.03350000
v -0.10683140 0.02105760 -0.03350000
v 0.05424115 -0.02046344 -0.03350000
v 0.05872344 -0.02539032 -0.03350000
v 0.04000000 -0.01800000 -0.03350000
v 0.05000000 -0.01800000 -0.03350000
v 0.03800000 -0.01737550 -0.03350000
v 0.03795192 -0.02871537 -0.03350000
v 0.03795192 -0.01733987 -0.03350000
v 0.03796794 -0.02114358 -0.03350000
v 0.03785322 -0.02864780 -0.03350000
v 0.03790130 -0.01730793 -0.03350000
v 0.03790215 -0.02109853 -0.03350000
v 0.03774974 -0.02858780 -0.03350000
v 0.03784844 -0.01727987 -0.03350000
v 0.03783316 -0.02105853 -0.03350000
v 0.03764207 -0.02853571 -0.03350000
v 0.03779363 -0.01725584 -0.03350000
v 0.03776138 -0.02102380 -0.03350000
v 0.03753081 -0.02849180 -0.03350000
v 0.03773718 -0.01723597 -0.03350000
v 0.03768721 -0.02099454 -0.03350000
v 0.03741658 -0.02845634 -0.03350000
v 0.03767940 -0.01722038 -0.03350000
v 0.03761105 -0.02097090 -0.03350000
v 0.03730001 -0.02842952 -0.03350000
v 0.03762061 -0.01720914 -0.03350000
v 0.03753334 -0.02095301 -0.03350000
v 0.05424115 0.02046344 -0.03350000
v 0.05200000 0.00600000 -0.03350000
v 0.03800000 0.01737550 -0.03350000
v 0.03795192 0.01733987 -0.03350000
v 0.03795192 0.02871537 -0.03350000
v 0.03796794 0.02114358 -0.03350000
v 0.03790130 0.01730793 -0.03350000
v 0.03785322 0.02864780 -0.03350000
v 0.03790215 0.02109854 -0.03350000
v 0.03784844 0.01727987 -0.03350000
v 0.03774974 0.02858780 -0.03350000
v 0.03783316 0.02105854 -0.03350000
v 0.03779363 0.01725584 -0.03350000
v 0.03764207 0.02853571 -0.03350000
v 0.03776138 0.02102380 -0.03350000
v 0.03773718 0.01723597 -0.03350000
v 0.03753081 0.02849180 -0.03350000
v 0.03768721 0.02099453 -0.03350000
v 0.03767940 0.01722038 -0.03350000
v 0.03741658 0.02845634 -0.03350000
v 0.03761105 0.02097089 -0.03350000
v 0.03762061 0.01720914 -0.03350000
v 0.03730001 0.02842952 -0.03350000
v 0.03753334 0.02095301 -0.03350000
v 0.04000000 0.01800000 -0.03350000
v 0.05000000 0.01800000 -0.03350000
v 0.05200000 -0.03000000 -0.03350000
v 0.04461256 -0.03793381 -0.03350000
v 0.03990963 -0.03443115 -0.03350000
v 0.03908630 -0.03054430 -0.03350000
v 0.03875351 -0.03075393 -0.03350000
v 0.03821164 -0.03104324 -0.03350000
v 0.03880776 -0.03069549 -0.03350000
v 0.03804255 -0.03121223 -0.03350000
v 0.03970277 -0.03544439 -0.03350000
v 0.03916449 -0.03402066 -0.03350000
v 0.03794901 -0.03128677 -0.03350000
v 0.03965461 -0.03547991 -0.03350000
v 0.03910213 -0.03407036 -0.03350000
v 0.03902050 -0.03052258 -0.03350000
v 0.03785016 -0.03135412 -0.03350000
v 0.03960392 -0.03551173 -0.03350000
v 0.03903623 -0.03411525 -0.03350000
v 0.03841346 -0.03074735 -0.03350000
v 0.03774656 -0.03141389 -0.03350000
v 0.03955100 -0.03553968 -0.03350000
v 0.03896716 -0.03415510 -0.03350000
v 0.03763877 -0.03146574 -0.03350000
v 0.03949614 -0.03556359 -0.03350000
v 0.03889530 -0.03418967 -0.03350000
v 0.03752741 -0.03150939 -0.03350000
v 0.03943964 -0.03558333 -0.03350000
v 0.03882106 -0.03421877 -0.03350000
v 0.03741309 -0.03154459 -0.03350000
v 0.03938182 -0.03559879 -0.03350000
v 0.03874485 -0.03424224 -0.03350000
v 0.03729647 -0.03157115 -0.03350000
v 0.03932301 -0.03560989 -0.03350000
v 0.03866710 -0.03425994 -0.03350000
v 0.03717819 -0.03158892 -0.03350000
v 0.03926354 -0.03561656 -0.03350000
v 0.03858825 -0.03427179 -0.03350000
v 0.03930000 -0.03000000 -0.03350000
v 0.03705891 -0.03159779 -0.03350000
v 0.03920373 -0.03561876 -0.03350000
v 0.03850873 -0.03427770 -0.03350000
v 0.03761797 -0.04101577 -0.03350000
v 0.03842898 -0.03427766 -0.03350000
v 0.03682002 -0.03158872 -0.03350000
v 0.03529407 -0.03698800 -0.03350000
v 0.03582254 -0.03519048 -0.03350000
v 0.03670176 -0.03157082 -0.03350000
v 0.03523527 -0.03697684 -0.03350000
v 0.03574370 -0.03517855 -0.03350000
v 0.03658516 -0.03154413 -0.03350000
v 0.03517747 -0.03696131 -0.03350000
v 0.03566597 -0.03516076 -0.03350000
v 0.03647089 -0.03150879 -0.03350000
v 0.03512100 -0.03694150 -0.03350000
v 0.03558979 -0.03513720 -0.03350000
v 0.03635958 -0.03146502 -0.03350000
v 0.03506616 -0.03691753 -0.03350000
v 0.03551558 -0.03510802 -0.03350000
v 0.03625185 -0.03141304 -0.03350000
v 0.03501327 -0.03688953 -0.03350000
v 0.03544376 -0.03507337 -0.03350000
v 0.03614831 -0.03135316 -0.03350000
v 0.03496262 -0.03685765 -0.03350000
v 0.03537473 -0.03503345 -0.03350000
v 0.03604953 -0.03128570 -0.03350000
v 0.03491450 -0.03682207 -0.03350000
v 0.03530888 -0.03498847 -0.03350000
v 0.03595608 -0.03121105 -0.03350000
v 0.03486917 -0.03678300 -0.03350000
v 0.03524658 -0.03493871 -0.03350000
v 0.03586847 -0.03112962 -0.03350000
v 0.03482688 -0.03674064 -0.03350000
v 0.03518817 -0.03488442 -0.03350000
v 0.03578718 -0.03104187 -0.03350000
v 0.03478788 -0.03669525 -0.03350000
v 0.03513398 -0.03482592 -0.03350000
v 0.03571269 -0.03094829 -0.03350000
v 0.03475239 -0.03664706 -0.03350000
v 0.03508432 -0.03476353 -0.03350000
v 0.03503946 -0.03469761 -0.03350000
v 0.02985830 -0.04334072 -0.03350000
v 0.03199999 -0.03771063 -0.03350000
v 0.03072340 -0.03749012 -0.03350000
v 0.03235347 -0.03525965 -0.03350000
v 0.03553390 -0.03063794 -0.03350000
v 0.03069952 -0.03743524 -0.03350000
v 0.03231894 -0.03518777 -0.03350000
v 0.03549031 -0.03052656 -0.03350000
v 0.03067981 -0.03737873 -0.03350000
v 0.03228988 -0.03511351 -0.03350000
v 0.03545517 -0.03041222 -0.03350000
v 0.03066438 -0.03732091 -0.03350000
v 0.03226646 -0.03503729 -0.03350000
v 0.03542868 -0.03029558 -0.03350000
v 0.03065332 -0.03726209 -0.03350000
v 0.03224879 -0.03495953 -0.03350000
v 0.03541098 -0.03017729 -0.03350000
v 0.03064668 -0.03720262 -0.03350000
v 0.03223699 -0.03488067 -0.03350000
v 0.02857293 -0.03798250 -0.03350000
v 0.03223112 -0.03480114 -0.03350000
v 0.02426620 -0.03828286 -0.03350000
v 0.02664407 -0.03755109 -0.03350000
v 0.02958660 -0.03487623 -0.03350000
v 0.03542935 -0.02970087 -0.03350000
v 0.02663288 -0.03760988 -0.03350000
v 0.02956877 -0.03495395 -0.03350000
v 0.03541138 -0.02981913 -0.03350000
v 0.02662611 -0.03766935 -0.03350000
v 0.02955679 -0.03503278 -0.03350000
v 0.02955074 -0.03511230 -0.03350000
v 0.02186831 -0.04487376 -0.03350000
v 0.05957151 -0.00297588 -0.03350000
v 0.02269764 -0.03773842 -0.03350000
v 0.02698487 -0.03492693 -0.03350000
v 0.02695565 -0.03500112 -0.03350000
v 0.01386577 -0.04576169 -0.03350000
v 0.03718177 -0.02841149 -0.03350000
v 0.03756115 -0.01720234 -0.03350000
v 0.03745451 -0.02094099 -0.03350000
v 0.03706251 -0.02840234 -0.03350000
v 0.03750135 -0.01720000 -0.03350000
v 0.03737501 -0.02093489 -0.03350000
v 0.03694290 -0.02840214 -0.03350000
v 0.03744154 -0.01720214 -0.03350000
v 0.03729527 -0.02093476 -0.03350000
v 0.03682360 -0.02841088 -0.03350000
v 0.03738206 -0.01720874 -0.03350000
v 0.03721574 -0.02094059 -0.03350000
v 0.03670530 -0.02842851 -0.03350000
v 0.03732324 -0.01721977 -0.03350000
v 0.03713687 -0.02095234 -0.03350000
v 0.03658865 -0.02845494 -0.03350000
v 0.03726541 -0.01723517 -0.03350000
v 0.03705910 -0.02096996 -0.03350000
v 0.03647430 -0.02849002 -0.03350000
v 0.03720889 -0.01725485 -0.03350000
v 0.03698286 -0.02099334 -0.03350000
v 0.03636288 -0.02853354 -0.03350000
v 0.03715400 -0.01727869 -0.03350000
v 0.03690859 -0.02102236 -0.03350000
v 0.03625504 -0.02858527 -0.03350000
v 0.03710104 -0.01730658 -0.03350000
v 0.03683669 -0.02105685 -0.03350000
v 0.03615136 -0.02864492 -0.03350000
v 0.03705032 -0.01733834 -0.03350000
v 0.03676758 -0.02109662 -0.03350000
v 0.03605244 -0.02871216 -0.03350000
v 0.03700212 -0.01737381 -0.03350000
v 0.03670162 -0.02114144 -0.03350000
v 0.03595881 -0.02878660 -0.03350000
v 0.03695670 -0.01741278 -0.03350000
v 0.03663921 -0.02119106 -0.03350000
v 0.03587101 -0.02886783 -0.03350000
v 0.03691432 -0.01745504 -0.03350000
v 0.03658068 -0.02124522 -0.03350000
v 0.03578954 -0.02895540 -0.03350000
v 0.03687522 -0.01750035 -0.03350000
v 0.03652636 -0.02130360 -0.03350000
v 0.03571483 -0.02904881 -0.03350000
v 0.03683961 -0.01754846 -0.03350000
v 0.03647655 -0.02136587 -0.03350000
v 0.03564732 -0.02914754 -0.03350000
v 0.02501283 -0.01151614 -0.03350000
v 0.03643155 -0.02143170 -0.03350000
v 0.05871248 0.01320867 -0.03350000
v 0.05805766 0.01544343 -0.03350000
v 0.03900000 0.00600000 -0.03350000
v 0.03841667 -0.00050000 -0.03350000
v 0.05563687 0.02812865 -0.03350000
v 0.05100000 0.03000000 -0.03350000
v 0.05154783 0.03087871 -0.03350000
v -0.00810521 -0.04078127 -0.03350000
v 0.03718177 0.02841148 -0.03350000
v 0.03756115 0.01720234 -0.03350000
v 0.03745451 0.02094099 -0.03350000
v 0.03706251 0.02840234 -0.03350000
v 0.03750135 0.01720000 -0.03350000
v 0.03737501 0.02093489 -0.03350000
v 0.03694290 0.02840214 -0.03350000
v 0.03744154 0.01720214 -0.03350000
v 0.03729527 0.02093476 -0.03350000
v 0.03682360 0.02841088 -0.03350000
v 0.03738206 0.01720874 -0.03350000
v 0.03721574 0.02094058 -0.03350000
v 0.03670530 0.02842851 -0.03350000
v 0.03732324 0.01721977 -0.03350000
v 0.03713687 0.02095234 -0.03350000
v 0.03658865 0.02845494 -0.03350000
v 0.03726541 0.01723517 -0.03350000
v 0.03705910 0.02096996 -0.03350000
v 0.03647430 0.02849002 -0.03350000
v 0.03720889 0.01725485 -0.03350000
v 0.03698286 0.02099334 -0.03350000
v 0.03636288 0.02853354 -0.03350000
v 0.03715400 0.01727869 -0.03350000
v 0.03690859 0.02102236 -0.03350000
v 0.03625504 0.02858527 -0.03350000
v 0.03710104 0.01730658 -0.03350000
v 0.03683669 0.02105685 -0.03350000
v 0.03902050 0.03052258 -0.03350000
v 0.03615136 0.02864492 -0.03350000
v 0.03705032 0.01733834 -0.03350000
v 0.03676758 0.02109662 -0.03350000
v 0.03605244 0.02871216 -0.03350000
v 0.03700212 0.01737381 -0.03350000
v 0.03670162 0.02114144 -0.03350000
v 0.03595881 0.02878660 -0.03350000
v 0.03695670 0.01741278 -0.03350000
v 0.03663921 0.02119107 -0.03350000
v 0.03908630 0.03054430 -0.03350000
v 0.03880776 0.03069549 -0.03350000
v -0.02100000 -0.03000000 -0.03350000
v -0.02314320 -0.04499687 -0.03350000
v -0.02626777 -0.03490484 -0.03350000
v 0.03587101 0.02886783 -0.03350000
v 0.03691432 0.01745504 -0.03350000
v 0.03658068 0.02124522 -0.03350000
v 0.03920478 0.03157641 -0.03350000
v 0.03813026 0.03113090 -0.03350000
v 0.03578954 0.02895539 -0.03350000
v 0.03687522 0.01750035 -0.03350000
v 0.03652636 0.02130360 -0.03350000
v 0.03571483 0.02904881 -0.03350000
v 0.03683961 0.01754846 -0.03350000
v 0.03647655 0.02136587 -0.03350000
v 0.02461540 0.01663250 -0.03350000
v 0.03643155 0.02143170 -0.03350000
v 0.03974815 0.03540536 -0.03350000
v 0.04461256 0.03793381 -0.03350000
v 0.03804255 0.03121223 -0.03350000
v 0.03970277 0.03544439 -0.03350000
v 0.03916449 0.03402066 -0.03350000
v 0.03794901 0.03128677 -0.03350000
v 0.03965461 0.03547991 -0.03350000
v 0.03910213 0.03407036 -0.03350000
v 0.03785016 0.03135412 -0.03350000
v 0.03960392 0.03551173 -0.03350000
v 0.03903623 0.03411525 -0.03350000
v 0.03774656 0.03141388 -0.03350000
v 0.03955100 0.03553968 -0.03350000
v 0.03896716 0.03415510 -0.03350000
v 0.03763877 0.03146574 -0.03350000
v 0.03949614 0.03556359 -0.03350000
v 0.03889530 0.03418967 -0.03350000
v 0.03752741 0.03150939 -0.03350000
v 0.03943964 0.03558333 -0.03350000
v 0.03882106 0.03421877 -0.03350000
v 0.03741309 0.03154459 -0.03350000
v 0.03938182 0.03559879 -0.03350000
v 0.03874485 0.03424224 -0.03350000
v 0.03729647 0.03157116 -0.03350000
v 0.03932301 0.03560989 -0.03350000
v 0.03866710 0.03425995 -0.03350000
v 0.03717819 0.03158892 -0.03350000
v 0.03926354 0.03561656 -0.03350000
v 0.03858825 0.03427179 -0.03350000
v 0.03705891 0.03159779 -0.03350000
v 0.03920373 0.03561876 -0.03350000
v 0.03850873 0.03427770 -0.03350000
v 0.03693929 0.03159773 -0.03350000
v 0.03914392 0.03561649 -0.03350000
v 0.03842898 0.03427766 -0.03350000
v -0.03541830 -0.03919948 -0.03350000
v 0.03761797 0.04101577 -0.03350000
v 0.03535353 0.03699474 -0.03350000
v 0.03682002 0.03158872 -0.03350000
v 0.03529407 0.03698800 -0.03350000
v 0.03582254 0.03519049 -0.03350000
v 0.03670176 0.03157082 -0.03350000
v 0.03523527 0.03697683 -0.03350000
v 0.03574370 0.03517855 -0.03350000
v 0.03658516 0.03154413 -0.03350000
v 0.03517747 0.03696131 -0.03350000
v 0.03566597 0.03516076 -0.03350000
v 0.03647089 0.03150880 -0.03350000
v 0.03512100 0.03694150 -0.03350000
v 0.03558979 0.03513720 -0.03350000
v 0.03635958 0.03146502 -0.03350000
v 0.03506616 0.03691753 -0.03350000
v 0.03551558 0.03510802 -0.03350000
v 0.03625185 0.03141304 -0.03350000
v 0.03501327 0.03688953 -0.03350000
v 0.03544376 0.03507337 -0.03350000
v 0.03614831 0.03135316 -0.03350000
v 0.03496262 0.03685765 -0.03350000
v 0.03537473 0.03503344 -0.03350000
v 0.03604953 0.03128571 -0.03350000
v 0.03491450 0.03682207 -0.03350000
v 0.03530888 0.03498847 -0.03350000
v 0.03595608 0.03121105 -0.03350000
v 0.03486917 0.03678299 -0.03350000
v 0.03524658 0.03493871 -0.03350000
v 0.03586847 0.03112962 -0.03350000
v 0.03482688 0.03674064 -0.03350000
v 0.03518817 0.03488442 -0.03350000
v 0.03578718 0.03104187 -0.03350000
v 0.03478788 0.03669524 -0.03350000
v 0.03513398 0.03482592 -0.03350000
v 0.03571269 0.03094829 -0.03350000
v 0.03475239 0.03664706 -0.03350000
v 0.03508432 0.03476353 -0.03350000
v 0.03564540 0.03084940 -0.03350000
v 0.03503946 0.03469761 -0.03350000
v -0.02100000 -0.01800000 -0.03350000
v 0.00730770 -0.01759909 -0.03350000
v 0.01672492 -0.02150070 -0.03350000
v 0.00546871 -0.02971740 -0.03350000
v 0.00599624 -0.04615078 -0.03350000
v 0.03065332 0.03726209 -0.03350000
v 0.03541098 0.03017729 -0.03350000
v 0.03064668 0.03720261 -0.03350000
v 0.03223699 0.03488067 -0.03350000
v 0.03540217 0.03005801 -0.03350000
v 0.03064451 0.03714281 -0.03350000
v 0.03223112 0.03480114 -0.03350000
v 0.03199999 0.03771063 -0.03350000
v 0.03072340 0.03749012 -0.03350000
v 0.03235347 0.03525964 -0.03350000
v 0.03553390 0.03063794 -0.03350000
v 0.03069952 0.03743524 -0.03350000
v 0.03231894 0.03518777 -0.03350000
v 0.03549031 0.03052656 -0.03350000
v 0.03067981 0.03737873 -0.03350000
v 0.03228988 0.03511351 -0.03350000
v 0.03545517 0.03041222 -0.03350000
v 0.03066438 0.03732091 -0.03350000
v 0.03226646 0.03503729 -0.03350000
v 0.03542868 0.03029559 -0.03350000
v 0.03224879 0.03495953 -0.03350000
v -0.03300000 -0.01800000 -0.03350000
v 0.01135719 0.02502749 -0.03350000
v 0.01672492 0.02150070 -0.03350000
v 0.00358333 0.00400000 -0.03350000
v -0.02200000 0.00600000 -0.03350000
v 0.02662380 0.03772915 -0.03350000
v 0.03540231 0.02993840 -0.03350000
v 0.02662611 0.03766935 -0.03350000
v 0.02955074 0.03511230 -0.03350000
v 0.03541138 0.02981913 -0.03350000
v 0.02663288 0.03760988 -0.03350000
v 0.02955679 0.03503279 -0.03350000
v 0.03542935 0.02970087 -0.03350000
v 0.02664407 0.03755109 -0.03350000
v 0.02956877 0.03495395 -0.03350000
v 0.02958660 0.03487623 -0.03350000
v 0.02186831 0.04487376 -0.03350000
v -0.03500000 -0.01800000 -0.03350000
v -0.02300000 -0.00600000 -0.03350000
v -0.02508333 0.00200000 -0.03350000
v -0.06837856 -0.04012942 -0.03350000
v 0.02327074 0.03835826 -0.03350000
v 0.02269764 0.03773843 -0.03350000
v 0.02695565 0.03500112 -0.03350000
v 0.02698487 0.03492693 -0.03350000
v 0.01386577 0.04576169 -0.03350000
v -0.03400000 0.00600000 -0.03350000
v -0.03500000 0.00000000 -0.03350000
v -0.02100000 0.01800000 -0.03350000
v 0.00210855 0.04623828 -0.03350000
v -0.01304150 0.04062226 -0.03350000
v -0.03300000 0.01800000 -0.03350000
v -0.02124436 0.03509307 -0.03350000
v -0.01781113 0.04034683 -0.03350000
v -0.10186942 -0.03113058 -0.03350000
v -0.09972001 -0.03358786 -0.03350000
v -0.09976231 -0.03363016 -0.03350000
v -0.10045058 -0.03278286 -0.03350000
v -0.10195707 -0.03121191 -0.03350000
v -0.09980766 -0.03366918 -0.03350000
v -0.10050901 -0.03283708 -0.03350000
v -0.09968098 -0.03354251 -0.03350000
v -0.10178809 -0.03104293 -0.03350000
v -0.10039636 -0.03272443 -0.03350000
v -0.09964546 -0.03349438 -0.03350000
v -0.10034666 -0.03266211 -0.03350000
v -0.10057133 -0.03288678 -0.03350000
v -0.10291348 -0.03285543 -0.03350000
v -0.10264188 -0.03234428 -0.03350000
v -0.09885106 -0.03341182 -0.03350000
v -0.10164619 -0.03085066 -0.03350000
v -0.10030176 -0.03259625 -0.03350000
v -0.10225289 -0.03141360 -0.03350000
v -0.10296637 -0.03288338 -0.03350000
v -0.10271092 -0.03238413 -0.03350000
v -0.10236062 -0.03146548 -0.03350000
v -0.10302121 -0.03290731 -0.03350000
v -0.10278273 -0.03241872 -0.03350000
v -0.10247192 -0.03150916 -0.03350000
v -0.10300539 -0.03269920 -0.03350000
v -0.10285694 -0.03244784 -0.03350000
v -0.10130718 -0.03040000 -0.03350000
v -0.10158640 -0.03074711 -0.03350000
v -0.10139094 -0.03049807 -0.03350000
v -0.10129912 -0.03033784 -0.03350000
v -0.02751777 0.03490484 -0.03350000
v -0.02309546 0.03999791 -0.03350000
v -0.10312491 -0.03272315 -0.03350000
v -0.10120000 -0.03000000 -0.03350000
v -0.10369555 -0.03256654 -0.03350000
v -0.10380000 -0.03138564 -0.03350000
v -0.10376414 -0.03282360 -0.03350000
v -0.10394945 -0.03128646 -0.03350000
v -0.10381227 -0.03278807 -0.03350000
v -0.10384195 -0.03229938 -0.03350000
v -0.10404293 -0.03121191 -0.03350000
v -0.10391016 -0.03247225 -0.03350000
v -0.10390427 -0.03224968 -0.03350000
v -0.10507364 -0.03235418 -0.03350000
v -0.03400000 0.03000000 -0.03350000
v -0.03371800 0.03470269 -0.03350000
v -0.10692969 -0.03070049 -0.03350000
v -0.10610031 -0.03023559 -0.03350000
v -0.10450916 -0.02947192 -0.03350000
v -0.10694944 -0.03075696 -0.03350000
v -0.10612943 -0.03030979 -0.03350000
v -0.10454440 -0.02958618 -0.03350000
v -0.10696493 -0.03081475 -0.03350000
v -0.10615292 -0.03038596 -0.03350000
v -0.10457101 -0.02970275 -0.03350000
v -0.10697605 -0.03087353 -0.03350000
v -0.10617066 -0.03046368 -0.03350000
v -0.10698275 -0.03093298 -0.03350000
v -0.10618254 -0.03054250 -0.03350000
v -0.10698499 -0.03099277 -0.03350000
v -0.10618850 -0.03062199 -0.03350000
v -0.10459776 -0.03005978 -0.03350000
v -0.10698275 -0.03105255 -0.03350000
v -0.10618850 -0.03070170 -0.03350000
v -0.10458883 -0.03017902 -0.03350000
v -0.10697605 -0.03111200 -0.03350000
v -0.10618254 -0.03078119 -0.03350000
v -0.10457101 -0.03029725 -0.03350000
v -0.10696493 -0.03117078 -0.03350000
v -0.10617066 -0.03086001 -0.03350000
v -0.10454440 -0.03041382 -0.03350000
v -0.10694944 -0.03122857 -0.03350000
v -0.10615292 -0.03093772 -0.03350000
v -0.10450916 -0.03052808 -0.03350000
v -0.10692969 -0.03128504 -0.03350000
v -0.10612943 -0.03101389 -0.03350000
v -0.10446548 -0.03063938 -0.03350000
v -0.10690576 -0.03133987 -0.03350000
v -0.10610031 -0.03108810 -0.03350000
v -0.10687781 -0.03139277 -0.03350000
v -0.10606572 -0.03115991 -0.03350000
v -0.10435381 -0.03085066 -0.03350000
v -0.10684598 -0.03144342 -0.03350000
v -0.10602586 -0.03122895 -0.03350000
v -0.10428646 -0.03094945 -0.03350000
v -0.10598096 -0.03129481 -0.03350000
v -0.10637086 -0.03142434 -0.03350000
v -0.10858644 -0.02941390 -0.03350000
v -0.10421191 -0.02895707 -0.03350000
v -0.10862547 -0.02945924 -0.03350000
v -0.10714127 -0.02927674 -0.03350000
v -0.10428646 -0.02905055 -0.03350000
v -0.10866099 -0.02950738 -0.03350000
v -0.10719097 -0.02933906 -0.03350000
v -0.10869282 -0.02955804 -0.03350000
v -0.10723587 -0.02940492 -0.03350000
v -0.10441360 -0.02925289 -0.03350000
v -0.10727573 -0.02947395 -0.03350000
v -0.10854414 -0.02937160 -0.03350000
v -0.10702862 -0.02916409 -0.03350000
v -0.10708705 -0.02921830 -0.03350000
v -0.03870030 0.03879181 -0.03350000
v -0.04196636 0.03839721 -0.03350000
v -0.04524836 0.03801903 -0.03350000
v -0.10100000 -0.01800000 -0.03350000
v -0.08482939 -0.02818331 -0.03350000
v -0.10300000 -0.01720000 -0.03350000
v -0.10305978 -0.02840224 -0.03350000
v -0.10305978 -0.01720224 -0.03350000
v -0.10303986 -0.02093482 -0.03350000
v -0.10311923 -0.01720893 -0.03350000
v -0.10311935 -0.02094078 -0.03350000
v -0.10329725 -0.02842899 -0.03350000
v -0.10317802 -0.01722006 -0.03350000
v -0.10319817 -0.02095266 -0.03350000
v -0.10341382 -0.02845560 -0.03350000
v -0.10323580 -0.01723554 -0.03350000
v -0.10327588 -0.02097040 -0.03350000
v -0.10352808 -0.02849084 -0.03350000
v -0.10335205 -0.02099390 -0.03350000
v -0.03500000 0.01800000 -0.03350000
v -0.04857662 0.03765288 -0.03350000
v -0.10183333 -0.00100000 -0.03350000
v -0.06299090 0.00679761 -0.03350000
v -0.10678523 -0.01537942 -0.03350000
v -0.10675959 -0.02102302 -0.03350000
v -0.10200000 0.00600000 -0.03350000
v -0.08744539 0.02278568 -0.03350000
v -0.08482939 0.02818330 -0.03350000
v -0.11400000 -0.00600000 -0.03350000
v -0.10800000 0.00150000 -0.03350000
v -0.11500000 0.00000000 -0.03350000
v -0.08869507 0.02776192 -0.03350000
v -0.12599792 0.00118050 -0.03350000
v -0.12233195 0.00278700 -0.03350000
v -0.12231991 0.00436869 -0.03350000
v -0.09450081 0.03196069 -0.03350000
v -0.10100000 0.01800000 -0.03350000
v -0.10300000 0.01720000 -0.03350000
v -0.10305978 0.01720224 -0.03350000
v -0.10303986 0.02093482 -0.03350000
v -0.10317902 0.02841117 -0.03350000
v -0.10311923 0.01720893 -0.03350000
v -0.10311935 0.02094078 -0.03350000
v -0.10317802 0.01722006 -0.03350000
v -0.10319817 0.02095266 -0.03350000
v -0.10130373 0.03027588 -0.03350000
v -0.10341382 0.02845560 -0.03350000
v -0.10323580 0.01723554 -0.03350000
v -0.10327588 0.02097040 -0.03350000
v -0.10660125 0.01631736 -0.03350000
v -0.10335205 0.02099390 -0.03350000
v -0.10132723 0.03035205 -0.03350000
v -0.10131779 0.03038668 -0.03350000
v -0.10363938 0.02853453 -0.03350000
v -0.10675959 0.02102302 -0.03350000
v -0.10049914 0.03153488 -0.03350000
v -0.10158640 0.03074711 -0.03350000
v -0.10139094 0.03049807 -0.03350000
v -0.12227788 0.00597267 -0.03350000
v -0.09961363 0.03344372 -0.03350000
v -0.10164619 0.03085066 -0.03350000
v -0.09964546 0.03349438 -0.03350000
v -0.10030176 0.03259625 -0.03350000
v -0.10171354 0.03094945 -0.03350000
v -0.09968098 0.03354251 -0.03350000
v -0.10034666 0.03266211 -0.03350000
v -0.10178809 0.03104293 -0.03350000
v -0.09972001 0.03358786 -0.03350000
v -0.10039636 0.03272443 -0.03350000
v -0.09976231 0.03363016 -0.03350000
v -0.10045058 0.03278287 -0.03350000
v -0.10195707 0.03121191 -0.03350000
v -0.09980766 0.03366919 -0.03350000
v -0.10050901 0.03283708 -0.03350000
v -0.10057133 0.03288678 -0.03350000
v -0.09456690 0.03673433 -0.03350000
v -0.12218031 0.00761198 -0.03350000
v -0.12199512 0.00929787 -0.03350000
v -0.10061993 0.03520633 -0.03350000
v -0.10167357 0.03331586 -0.03350000
v -0.10291348 0.03285543 -0.03350000
v -0.10264188 0.03234428 -0.03350000
v -0.10225289 0.03141360 -0.03350000
v -0.10296637 0.03288338 -0.03350000
v -0.10271092 0.03238413 -0.03350000
v -0.10236062 0.03146547 -0.03350000
v -0.10302121 0.03290730 -0.03350000
v -0.10278273 0.03241872 -0.03350000
v -0.10307768 0.03292706 -0.03350000
v -0.10285694 0.03244784 -0.03350000
v -0.10258618 0.03154440 -0.03350000
v -0.10313546 0.03294255 -0.03350000
v -0.10293311 0.03247134 -0.03350000
v -0.10307638 0.03260819 -0.03350000
v -0.10288043 0.03159553 -0.03350000
v -0.10300000 0.03160000 -0.03350000
v -0.10311957 0.03159553 -0.03350000
v -0.10323847 0.03158213 -0.03350000
v -0.10335603 0.03155988 -0.03350000
v -0.10358046 0.03279738 -0.03350000
v -0.10367909 0.03263542 -0.03350000
v -0.10377011 0.03258394 -0.03350000
v -0.10394945 0.03128646 -0.03350000
v -0.10381227 0.03278807 -0.03350000
v -0.10384195 0.03229937 -0.03350000
v -0.10404293 0.03121191 -0.03350000
v -0.10385762 0.03274905 -0.03350000
v -0.10390427 0.03224967 -0.03350000
v -0.10413058 0.03113058 -0.03350000
v -0.10389992 0.03270675 -0.03350000
v -0.10396271 0.03219546 -0.03350000
v -0.12168117 0.01103925 -0.03350000
v -0.10649847 0.03315537 -0.03350000
v -0.10677143 0.03153690 -0.03350000
v -0.10421191 0.03104293 -0.03350000
v -0.10681045 0.03149155 -0.03350000
v -0.10593126 0.03135713 -0.03350000
v -0.10684598 0.03144342 -0.03350000
v -0.10598096 0.03129481 -0.03350000
v -0.10687781 0.03139277 -0.03350000
v -0.10602586 0.03122895 -0.03350000
v -0.10441360 0.03074711 -0.03350000
v -0.10690576 0.03133987 -0.03350000
v -0.10606572 0.03115991 -0.03350000
v -0.10446548 0.03063938 -0.03350000
v -0.10692969 0.03128504 -0.03350000
v -0.10610031 0.03108810 -0.03350000
v -0.10450916 0.03052808 -0.03350000
v -0.10694944 0.03122857 -0.03350000
v -0.10612943 0.03101390 -0.03350000
v -0.10454440 0.03041382 -0.03350000
v -0.10696493 0.03117078 -0.03350000
v -0.10615292 0.03093772 -0.03350000
v -0.10457101 0.03029725 -0.03350000
v -0.10697605 0.03111200 -0.03350000
v -0.10617066 0.03086001 -0.03350000
v -0.10458883 0.03017902 -0.03350000
v -0.10698275 0.03105255 -0.03350000
v -0.10618254 0.03078119 -0.03350000
v -0.10698499 0.03099276 -0.03350000
v -0.10618850 0.03070170 -0.03350000
v -0.10459776 0.02994022 -0.03350000
v -0.10698275 0.03093298 -0.03350000
v -0.10618850 0.03062199 -0.03350000
v -0.10458883 0.02982098 -0.03350000
v -0.10697605 0.03087353 -0.03350000
v -0.10618254 0.03054250 -0.03350000
v -0.10457101 0.02970275 -0.03350000
v -0.10696493 0.03081475 -0.03350000
v -0.10617066 0.03046368 -0.03350000
v -0.10694944 0.03075696 -0.03350000
v -0.10615292 0.03038596 -0.03350000
v -0.10450916 0.02947192 -0.03350000
v -0.10692969 0.03070049 -0.03350000
v -0.10612943 0.03030979 -0.03350000
v -0.10446548 0.02936062 -0.03350000
v -0.10690576 0.03064566 -0.03350000
v -0.10610031 0.03023559 -0.03350000
v -0.12118509 0.01284147 -0.03350000
v -0.11118499 0.03095080 -0.03350000
v -0.10872078 0.02961093 -0.03350000
v -0.10441360 0.02925289 -0.03350000
v -0.10869282 0.02955803 -0.03350000
v -0.10727573 0.02947395 -0.03350000
v -0.10866099 0.02950738 -0.03350000
v -0.10723587 0.02940492 -0.03350000
v -0.10428646 0.02905055 -0.03350000
v -0.10862547 0.02945924 -0.03350000
v -0.10719097 0.02933906 -0.03350000
v -0.10421191 0.02895707 -0.03350000
v -0.10858644 0.02941389 -0.03350000
v -0.10714127 0.02927674 -0.03350000
v -0.10413058 0.02886942 -0.03350000
v -0.10854414 0.02937159 -0.03350000
v -0.10708705 0.02921830 -0.03350000
v -0.10404293 0.02878809 -0.03350000
v -0.10702862 0.02916409 -0.03350000
v -0.12043781 0.01470446 -0.03350000
v 0.03974832 -0.03540520 -0.03250000
v 0.03979062 -0.03536290 -0.03250000
v 0.03813058 -0.03113058 -0.03250000
v 0.03922318 -0.03396623 -0.03250000
v 0.03970297 -0.03544423 -0.03250000
v 0.03804293 -0.03121191 -0.03250000
v 0.03916474 -0.03402045 -0.03250000
v 0.03821191 -0.03104293 -0.03250000
v 0.03927739 -0.03390780 -0.03250000
v 0.04209734 -0.03454174 -0.03250000
v 0.03965484 -0.03547976 -0.03250000
v 0.03794945 -0.03128646 -0.03250000
v 0.03910242 -0.03407015 -0.03250000
v 0.03828646 -0.03094945 -0.03250000
v 0.04306937 -0.03356570 -0.03250000
v 0.04146322 -0.03270966 -0.03250000
v 0.03835381 -0.03085066 -0.03250000
v 0.04310120 -0.03351504 -0.03250000
v 0.04150813 -0.03264380 -0.03250000
v 0.03960418 -0.03551158 -0.03250000
v 0.03785066 -0.03135381 -0.03250000
v 0.03903656 -0.03411505 -0.03250000
v 0.03841360 -0.03074711 -0.03250000
v 0.04312915 -0.03346215 -0.03250000
v 0.04154798 -0.03257477 -0.03250000
v 0.03955129 -0.03553954 -0.03250000
v 0.03774711 -0.03141360 -0.03250000
v 0.03896753 -0.03415491 -0.03250000
v 0.03846547 -0.03063938 -0.03250000
v 0.04315308 -0.03340732 -0.03250000
v 0.04158257 -0.03250295 -0.03250000
v 0.03949646 -0.03556346 -0.03250000
v 0.03763938 -0.03146548 -0.03250000
v 0.03889571 -0.03418949 -0.03250000
v 0.03943999 -0.03558322 -0.03250000
v 0.03752808 -0.03150916 -0.03250000
v 0.03882151 -0.03421861 -0.03250000
v 0.03850916 -0.03052808 -0.03250000
v 0.04317284 -0.03335085 -0.03250000
v 0.04161169 -0.03242875 -0.03250000
v 0.03938220 -0.03559871 -0.03250000
v 0.03741382 -0.03154440 -0.03250000
v 0.03874534 -0.03424211 -0.03250000
v 0.03854440 -0.03041382 -0.03250000
v 0.04318832 -0.03329306 -0.03250000
v 0.04163519 -0.03235258 -0.03250000
v 0.03932341 -0.03560983 -0.03250000
v 0.03729725 -0.03157101 -0.03250000
v 0.03866762 -0.03425985 -0.03250000
v 0.03857101 -0.03029725 -0.03250000
v 0.04319944 -0.03323428 -0.03250000
v 0.04165292 -0.03227486 -0.03250000
v 0.03926397 -0.03561653 -0.03250000
v 0.03717902 -0.03158883 -0.03250000
v 0.03858880 -0.03427173 -0.03250000
v 0.03858883 -0.03017902 -0.03250000
v 0.04320614 -0.03317483 -0.03250000
v 0.04166481 -0.03219604 -0.03250000
v 0.03920418 -0.03561876 -0.03250000
v 0.03705978 -0.03159776 -0.03250000
v 0.03850931 -0.03427768 -0.03250000
v 0.03859776 -0.03005978 -0.03250000
v 0.04320838 -0.03311504 -0.03250000
v 0.04167076 -0.03211655 -0.03250000
v 0.03859776 -0.02994022 -0.03250000
v 0.04320614 -0.03305526 -0.03250000
v 0.04167076 -0.03203684 -0.03250000
v 0.03761797 -0.04101577 -0.03250000
v 0.03914440 -0.03561653 -0.03250000
v 0.03694022 -0.03159776 -0.03250000
v 0.03842960 -0.03427768 -0.03250000
v 0.03858883 -0.02982098 -0.03250000
v 0.04166481 -0.03195735 -0.03250000
v 0.05023013 -0.03443312 -0.03250000
v 0.04519313 -0.03206735 -0.03250000
v 0.03529456 -0.03698807 -0.03250000
v 0.03682098 -0.03158883 -0.03250000
v 0.03582318 -0.03519056 -0.03250000
v 0.03857101 -0.02970275 -0.03250000
v 0.04560169 -0.03114005 -0.03250000
v 0.04326184 -0.03068055 -0.03250000
v 0.03523577 -0.03697695 -0.03250000
v 0.03670275 -0.03157101 -0.03250000
v 0.03574436 -0.03517868 -0.03250000
v 0.03854440 -0.02958618 -0.03250000
v 0.04558620 -0.03108227 -0.03250000
v 0.04324410 -0.03060283 -0.03250000
v 0.03517799 -0.03696147 -0.03250000
v 0.03658618 -0.03154440 -0.03250000
v 0.03566665 -0.03516094 -0.03250000
v 0.03512152 -0.03694171 -0.03250000
v 0.03647192 -0.03150916 -0.03250000
v 0.03559047 -0.03513744 -0.03250000
v 0.03850916 -0.02947192 -0.03250000
v 0.04556644 -0.03102580 -0.03250000
v 0.04322060 -0.03052666 -0.03250000
v 0.03846547 -0.02936062 -0.03250000
v 0.04554252 -0.03097096 -0.03250000
v 0.04319148 -0.03045246 -0.03250000
v 0.03506668 -0.03691778 -0.03250000
v 0.03636062 -0.03146548 -0.03250000
v 0.03551627 -0.03510832 -0.03250000
v 0.03841360 -0.02925289 -0.03250000
v 0.04315690 -0.03038064 -0.03250000
v 0.05441533 -0.03081589 -0.03250000
v 0.04728987 -0.02984774 -0.03250000
v 0.03501379 -0.03688983 -0.03250000
v 0.03625289 -0.03141360 -0.03250000
v 0.03544446 -0.03507374 -0.03250000
v 0.03835381 -0.02914934 -0.03250000
v 0.04725457 -0.02904716 -0.03250000
v 0.04429826 -0.02909811 -0.03250000
v 0.03496313 -0.03685800 -0.03250000
v 0.03614934 -0.03135381 -0.03250000
v 0.03537542 -0.03503388 -0.03250000
v 0.03828646 -0.02905055 -0.03250000
v 0.04721905 -0.02899902 -0.03250000
v 0.04425336 -0.02903224 -0.03250000
v 0.03491500 -0.03682247 -0.03250000
v 0.03605055 -0.03128646 -0.03250000
v 0.03530956 -0.03498898 -0.03250000
v 0.03486965 -0.03678345 -0.03250000
v 0.03595707 -0.03121191 -0.03250000
v 0.03524724 -0.03493928 -0.03250000
v 0.05745530 -0.02719297 -0.03250000
v 0.04877604 -0.02775540 -0.03250000
v 0.03821191 -0.02895707 -0.03250000
v 0.04420366 -0.02896992 -0.03250000
v 0.03813058 -0.02886942 -0.03250000
v 0.04840586 -0.02710872 -0.03250000
v 0.04499487 -0.02770972 -0.03250000
v 0.03482735 -0.03674115 -0.03250000
v 0.03586942 -0.03113058 -0.03250000
v 0.03518881 -0.03488506 -0.03250000
v 0.03804293 -0.02878809 -0.03250000
v 0.04493643 -0.02765550 -0.03250000
v 0.05960687 -0.02363028 -0.03250000
v 0.04981304 -0.02575639 -0.03250000
v 0.03478833 -0.03669580 -0.03250000
v 0.03578809 -0.03104293 -0.03250000
v 0.03513459 -0.03482663 -0.03250000
v 0.03475280 -0.03664767 -0.03250000
v 0.03571354 -0.03094945 -0.03250000
v 0.03508489 -0.03476431 -0.03250000
v 0.03794945 -0.02871354 -0.03250000
v 0.04919580 -0.02527413 -0.03250000
v 0.04546306 -0.02643244 -0.03250000
v 0.03785066 -0.02864619 -0.03250000
v 0.04539720 -0.02638754 -0.03250000
v 0.05048804 -0.02382456 -0.03250000
v 0.03299265 -0.03747455 -0.03250000
v 0.03564619 -0.03085066 -0.03250000
v 0.03503999 -0.03469844 -0.03250000
v 0.03774711 -0.02858640 -0.03250000
v 0.04968845 -0.02350924 -0.03250000
v 0.04572563 -0.02521095 -0.03250000
v 0.06206871 -0.01681300 -0.03250000
v 0.05007448 -0.02186221 -0.03250000
v 0.05394388 -0.02072815 -0.03250000
v 0.03072374 -0.03749082 -0.03250000
v 0.03235394 -0.03526055 -0.03250000
v 0.03763938 -0.02853452 -0.03250000
v 0.05001965 -0.02183829 -0.03250000
v 0.04591117 -0.02407834 -0.03250000
v 0.06269034 -0.01357404 -0.03250000
v 0.05025524 -0.02024636 -0.03250000
v 0.05432174 -0.01855290 -0.03250000
v 0.03069981 -0.03743598 -0.03250000
v 0.03553453 -0.03063938 -0.03250000
v 0.03231936 -0.03518873 -0.03250000
v 0.03068005 -0.03737951 -0.03250000
v 0.03549084 -0.03052808 -0.03250000
v 0.03229024 -0.03511452 -0.03250000
v 0.05019877 -0.02022660 -0.03250000
v 0.06305701 -0.01043828 -0.03250000
v 0.05032985 -0.01868277 -0.03250000
v 0.05452855 -0.01644921 -0.03250000
v 0.03752808 -0.02849084 -0.03250000
v 0.04599403 -0.02298793 -0.03250000
v 0.03066457 -0.03732173 -0.03250000
v 0.03545560 -0.03041382 -0.03250000
v 0.03226674 -0.03503835 -0.03250000
v 0.03741382 -0.02845560 -0.03250000
v 0.05027206 -0.01866728 -0.03250000
v 0.04600525 -0.02193522 -0.03250000
v 0.05021328 -0.01865616 -0.03250000
v 0.05027539 -0.01715087 -0.03250000
v 0.05457962 -0.01439873 -0.03250000
v 0.03729725 -0.02842899 -0.03250000
v 0.04592753 -0.02191748 -0.03250000
v 0.03065345 -0.03726295 -0.03250000
v 0.03542899 -0.03029725 -0.03250000
v 0.03224900 -0.03496064 -0.03250000
v 0.05021594 -0.01714417 -0.03250000
v 0.06333342 -0.00440576 -0.03250000
v 0.05023705 -0.01566606 -0.03250000
v 0.05459547 -0.01240533 -0.03250000
v 0.03717902 -0.02841117 -0.03250000
v 0.04589011 -0.02090207 -0.03250000
v 0.03064675 -0.03720350 -0.03250000
v 0.03541117 -0.03017902 -0.03250000
v 0.03223712 -0.03488182 -0.03250000
v 0.03705978 -0.02840224 -0.03250000
v 0.05017726 -0.01566383 -0.03250000
v 0.04582470 -0.01991071 -0.03250000
v 0.02186831 -0.04487376 -0.03250000
v 0.03540224 -0.03005978 -0.03250000
v 0.03223117 -0.03480233 -0.03250000
v 0.04570695 -0.00710112 -0.03250000
v 0.03694022 -0.02840224 -0.03250000
v 0.05018000 -0.01420000 -0.03250000
v 0.04574681 -0.01893482 -0.03250000
v 0.05457151 -0.01044255 -0.03250000
v 0.02664386 -0.03755203 -0.03250000
v 0.03545560 -0.02958618 -0.03250000
v 0.02665934 -0.03749425 -0.03250000
v 0.02958627 -0.03487749 -0.03250000
v 0.02663274 -0.03761082 -0.03250000
v 0.03542899 -0.02970275 -0.03250000
v 0.02956853 -0.03495520 -0.03250000
v 0.02662604 -0.03767027 -0.03250000
v 0.03541117 -0.02982098 -0.03250000
v 0.02955665 -0.03503402 -0.03250000
v 0.02662380 -0.03773005 -0.03250000
v 0.03540224 -0.02994022 -0.03250000
v 0.02955069 -0.03511351 -0.03250000
v 0.02272119 -0.03768453 -0.03250000
v 0.03558640 -0.02925289 -0.03250000
v 0.02274915 -0.03763164 -0.03250000
v 0.02701891 -0.03485635 -0.03250000
v 0.02269727 -0.03773936 -0.03250000
v 0.03553453 -0.02936062 -0.03250000
v 0.02698433 -0.03492817 -0.03250000
v 0.02267751 -0.03779583 -0.03250000
v 0.03549084 -0.02947192 -0.03250000
v 0.02695521 -0.03500237 -0.03250000
v 0.01386577 -0.04576169 -0.03250000
v 0.01889328 -0.03766848 -0.03250000
v 0.03571354 -0.02905055 -0.03250000
v 0.01332206 -0.02122704 -0.03250000
v 0.02451188 -0.03477979 -0.03250000
v 0.01886145 -0.03771914 -0.03250000
v 0.03564619 -0.02914934 -0.03250000
v 0.02446697 -0.03484565 -0.03250000
v 0.00599624 -0.04615078 -0.03250000
v 0.05745530 0.02719297 -0.03250000
v 0.04845901 0.02820606 -0.03250000
v 0.04840586 0.02710872 -0.03250000
v 0.03813058 0.02886942 -0.03250000
v 0.04499487 0.02770972 -0.03250000
v 0.04959218 0.02619640 -0.03250000
v 0.03804293 0.02878809 -0.03250000
v 0.04493643 0.02765550 -0.03250000
v 0.03821191 0.02895707 -0.03250000
v 0.04721905 0.02899902 -0.03250000
v 0.04420366 0.02896992 -0.03250000
v 0.03828646 0.02905055 -0.03250000
v 0.04725457 0.02904716 -0.03250000
v 0.04425336 0.02903224 -0.03250000
v 0.04919580 0.02527413 -0.03250000
v 0.04546306 0.02643244 -0.03250000
v 0.05441533 0.03081588 -0.03250000
v 0.04684691 0.03030280 -0.03250000
v 0.03835381 0.02914934 -0.03250000
v 0.04429826 0.02909810 -0.03250000
v 0.06108649 0.02016514 -0.03250000
v 0.05033899 0.02425084 -0.03250000
v 0.03785066 0.02864619 -0.03250000
v 0.04539720 0.02638754 -0.03250000
v 0.05007448 0.02186221 -0.03250000
v 0.06206871 0.01681300 -0.03250000
v 0.04968845 0.02350924 -0.03250000
v 0.05394388 0.02072815 -0.03250000
v 0.04572563 0.02521095 -0.03250000
v 0.03841360 0.02925289 -0.03250000
v 0.04554252 0.03097096 -0.03250000
v 0.04315690 0.03038064 -0.03250000
v 0.05001965 0.02183829 -0.03250000
v 0.03763938 0.02853453 -0.03250000
v 0.04591117 0.02407834 -0.03250000
v 0.05025524 0.02024636 -0.03250000
v 0.06269034 0.01357404 -0.03250000
v 0.05432174 0.01855290 -0.03250000
v 0.03846547 0.02936062 -0.03250000
v 0.04556644 0.03102579 -0.03250000
v 0.04319148 0.03045246 -0.03250000
v 0.05032985 0.01868277 -0.03250000
v 0.05019877 0.02022660 -0.03250000
v 0.05452855 0.01644921 -0.03250000
v 0.03752808 0.02849084 -0.03250000
v 0.04599403 0.02298793 -0.03250000
v 0.03850916 0.02947192 -0.03250000
v 0.04558620 0.03108226 -0.03250000
v 0.04322060 0.03052666 -0.03250000
v 0.05027206 0.01866728 -0.03250000
v 0.03741382 0.02845560 -0.03250000
v 0.04600525 0.02193522 -0.03250000
v 0.03854440 0.02958618 -0.03250000
v 0.04560169 0.03114005 -0.03250000
v 0.04324410 0.03060283 -0.03250000
v 0.05021328 0.01865616 -0.03250000
v 0.03729725 0.02842899 -0.03250000
v 0.04592753 0.02191748 -0.03250000
v 0.05027539 0.01715087 -0.03250000
v 0.05457962 0.01439873 -0.03250000
v 0.05023013 0.03443311 -0.03250000
v 0.04458979 0.03251660 -0.03250000
v 0.03857101 0.02970275 -0.03250000
v 0.04326184 0.03068055 -0.03250000
v 0.05023705 0.01566606 -0.03250000
v 0.06333342 0.00440576 -0.03250000
v 0.05021594 0.01714417 -0.03250000
v 0.05459547 0.01240533 -0.03250000
v 0.03717902 0.02841117 -0.03250000
v 0.04589011 0.02090207 -0.03250000
v 0.03858883 0.02982098 -0.03250000
v 0.04320614 0.03305526 -0.03250000
v 0.04166481 0.03195735 -0.03250000
v 0.05018000 0.01420000 -0.03250000
v 0.05017726 0.01566383 -0.03250000
v 0.05457151 0.01044255 -0.03250000
v 0.03705978 0.02840224 -0.03250000
v 0.04582470 0.01991071 -0.03250000
v 0.03859776 0.02994022 -0.03250000
v 0.04320838 0.03311504 -0.03250000
v 0.04167076 0.03203684 -0.03250000
v 0.05012022 0.01420224 -0.03250000
v 0.03694022 0.02840224 -0.03250000
v 0.04574681 0.01893482 -0.03250000
v 0.03859776 0.03005978 -0.03250000
v 0.04320614 0.03317483 -0.03250000
v 0.04167076 0.03211655 -0.03250000
v 0.03858883 0.03017902 -0.03250000
v 0.04319944 0.03323428 -0.03250000
v 0.04166481 0.03219604 -0.03250000
v 0.03676154 0.00000000 -0.03250000
v 0.03682098 -0.02841117 -0.03250000
v 0.03682098 0.00000670 -0.03250000
v 0.03680117 -0.00946816 -0.03250000
v 0.03682098 0.02841117 -0.03250000
v 0.03684080 0.00947262 -0.03250000
v 0.03664397 0.00000000 -0.03250000
v 0.03670275 -0.02842899 -0.03250000
v 0.03670275 0.00001112 -0.03250000
v 0.03668316 -0.00947262 -0.03250000
v 0.03658618 -0.00001548 -0.03250000
v 0.03658618 -0.02845560 -0.03250000
v 0.03660544 -0.00949036 -0.03250000
v 0.03670275 0.02842899 -0.03250000
v 0.03672235 0.00948004 -0.03250000
v 0.03857101 0.03029725 -0.03250000
v 0.04318832 0.03329306 -0.03250000
v 0.04165292 0.03227486 -0.03250000
v 0.03854440 0.03041382 -0.03250000
v 0.04317284 0.03335085 -0.03250000
v 0.04163519 0.03235258 -0.03250000
v 0.03652839 0.00000000 -0.03250000
v 0.03658618 0.02845560 -0.03250000
v 0.03656691 0.00948004 -0.03250000
v 0.03641545 0.00000000 -0.03250000
v 0.03647192 -0.02849084 -0.03250000
v 0.03647192 0.00001976 -0.03250000
v 0.03645310 -0.00949036 -0.03250000
v 0.03647192 0.02849084 -0.03250000
v 0.03649074 0.00950353 -0.03250000
v 0.03850916 0.03052808 -0.03250000
v 0.04315308 0.03340732 -0.03250000
v 0.04161169 0.03242875 -0.03250000
v 0.03846547 0.03063938 -0.03250000
v 0.04312915 0.03346215 -0.03250000
v 0.04158257 0.03250295 -0.03250000
v 0.03636062 0.00002392 -0.03250000
v 0.03636062 0.02853453 -0.03250000
v 0.03637890 0.00951948 -0.03250000
v 0.03630579 0.00000000 -0.03250000
v 0.03636062 -0.02853452 -0.03250000
v 0.03634234 -0.00950353 -0.03250000
v 0.03620000 -0.00000000 -0.03250000
v 0.03625289 -0.02858640 -0.03250000
v 0.03625289 0.00002795 -0.03250000
v 0.03623526 -0.00951948 -0.03250000
v 0.03625289 0.02858640 -0.03250000
v 0.03627052 0.00953812 -0.03250000
v 0.03841360 0.03074711 -0.03250000
v 0.04310120 0.03351505 -0.03250000
v 0.04154798 0.03257477 -0.03250000
v 0.03835381 0.03085066 -0.03250000
v 0.04306937 0.03356570 -0.03250000
v 0.04150813 0.03264380 -0.03250000
v 0.03614934 0.00003183 -0.03250000
v 0.03614934 0.02864619 -0.03250000
v 0.03616623 0.00955934 -0.03250000
v 0.03609869 0.00000000 -0.03250000
v 0.03614934 -0.02864619 -0.03250000
v 0.03613246 -0.00953812 -0.03250000
v 0.03828646 0.03094945 -0.03250000
v 0.04209734 0.03454174 -0.03250000
v 0.04146322 0.03270966 -0.03250000
v 0.03600242 0.00000000 -0.03250000
v 0.03605055 -0.02871354 -0.03250000
v 0.03605055 0.00003553 -0.03250000
v 0.03603451 -0.00955934 -0.03250000
v 0.03605055 0.02871354 -0.03250000
v 0.03606660 0.00958302 -0.03250000
v 0.03591172 0.00000000 -0.03250000
v 0.03595707 -0.02878809 -0.03250000
v 0.03595707 0.00003902 -0.03250000
v 0.03594195 -0.00958302 -0.03250000
v 0.03595707 0.02878809 -0.03250000
v 0.03597219 0.00960904 -0.03250000
v 0.03586942 0.00004230 -0.03250000
v 0.03586942 0.02886942 -0.03250000
v 0.03588352 0.00963724 -0.03250000
v 0.03582712 -0.00000000 -0.03250000
v 0.03586942 -0.02886942 -0.03250000
v 0.03585532 -0.00960904 -0.03250000
v 0.02874063 0.00600767 -0.03250000
v 0.03578809 -0.02895707 -0.03250000
v 0.03578809 0.00004535 -0.03250000
v 0.03577509 -0.00963724 -0.03250000
v 0.03578809 0.02895707 -0.03250000
v 0.03580110 0.00966747 -0.03250000
v 0.04461256 0.03793381 -0.03250000
v 0.03979062 0.03536290 -0.03250000
v 0.03821191 0.03104293 -0.03250000
v 0.03927739 0.03390780 -0.03250000
v 0.03974832 0.03540520 -0.03250000
v 0.03813058 0.03113058 -0.03250000
v 0.03922318 0.03396623 -0.03250000
v 0.03970297 0.03544423 -0.03250000
v 0.03804293 0.03121191 -0.03250000
v 0.03916474 0.03402045 -0.03250000
v 0.03965484 0.03547976 -0.03250000
v 0.03794945 0.03128646 -0.03250000
v 0.03910242 0.03407015 -0.03250000
v 0.03960418 0.03551159 -0.03250000
v 0.03785066 0.03135381 -0.03250000
v 0.03903656 0.03411505 -0.03250000
v 0.03955129 0.03553954 -0.03250000
v 0.03774711 0.03141360 -0.03250000
v 0.03896753 0.03415491 -0.03250000
v 0.03949646 0.03556346 -0.03250000
v 0.03763938 0.03146547 -0.03250000
v 0.03889571 0.03418949 -0.03250000
v 0.03943999 0.03558322 -0.03250000
v 0.03752808 0.03150916 -0.03250000
v 0.03882151 0.03421861 -0.03250000
v 0.03938220 0.03559871 -0.03250000
v 0.03741382 0.03154440 -0.03250000
v 0.03874534 0.03424211 -0.03250000
v 0.03932341 0.03560983 -0.03250000
v 0.03729725 0.03157101 -0.03250000
v 0.03866762 0.03425985 -0.03250000
v 0.03926397 0.03561653 -0.03250000
v 0.03717902 0.03158883 -0.03250000
v 0.03858880 0.03427173 -0.03250000
v 0.03920418 0.03561876 -0.03250000
v 0.03705978 0.03159776 -0.03250000
v 0.03850931 0.03427768 -0.03250000
v 0.03775373 0.03652588 -0.03250000
v 0.03694022 0.03159776 -0.03250000
v 0.03842960 0.03427768 -0.03250000
v 0.03761797 0.04101577 -0.03250000
v 0.03529456 0.03698807 -0.03250000
v 0.03682098 0.03158883 -0.03250000
v 0.03582318 0.03519056 -0.03250000
v 0.03523577 0.03697695 -0.03250000
v 0.03670275 0.03157101 -0.03250000
v 0.03574436 0.03517868 -0.03250000
v 0.03517799 0.03696146 -0.03250000
v 0.03658618 0.03154440 -0.03250000
v 0.03566665 0.03516094 -0.03250000
v 0.03512152 0.03694170 -0.03250000
v 0.03647192 0.03150916 -0.03250000
v 0.03559047 0.03513744 -0.03250000
v 0.03506668 0.03691778 -0.03250000
v 0.03636062 0.03146547 -0.03250000
v 0.03551627 0.03510832 -0.03250000
v 0.03501379 0.03688983 -0.03250000
v 0.03625289 0.03141360 -0.03250000
v 0.03544446 0.03507374 -0.03250000
v 0.03496313 0.03685800 -0.03250000
v 0.03614934 0.03135381 -0.03250000
v 0.03537542 0.03503388 -0.03250000
v 0.03491500 0.03682247 -0.03250000
v 0.03605055 0.03128646 -0.03250000
v 0.03530956 0.03498898 -0.03250000
v 0.03486965 0.03678345 -0.03250000
v 0.03595707 0.03121191 -0.03250000
v 0.03524724 0.03493928 -0.03250000
v 0.03482735 0.03674115 -0.03250000
v 0.03586942 0.03113058 -0.03250000
v 0.03518881 0.03488506 -0.03250000
v 0.03478833 0.03669580 -0.03250000
v 0.03578809 0.03104293 -0.03250000
v 0.03513459 0.03482662 -0.03250000
v 0.03475280 0.03664766 -0.03250000
v 0.03571354 0.03094945 -0.03250000
v 0.03508489 0.03476430 -0.03250000
v 0.03299265 0.03747455 -0.03250000
v 0.03564619 0.03085066 -0.03250000
v 0.03503999 0.03469844 -0.03250000
v 0.03066457 0.03732172 -0.03250000
v 0.03545560 0.03041382 -0.03250000
v 0.03068005 0.03737951 -0.03250000
v 0.03226674 0.03503835 -0.03250000
v 0.03065345 0.03726294 -0.03250000
v 0.03542899 0.03029725 -0.03250000
v 0.03224900 0.03496064 -0.03250000
v 0.03064675 0.03720349 -0.03250000
v 0.03541117 0.03017902 -0.03250000
v 0.03223712 0.03488182 -0.03250000
v 0.02857293 0.03798333 -0.03250000
v 0.03540224 0.03005978 -0.03250000
v 0.03223117 0.03480233 -0.03250000
v 0.02985830 0.04334071 -0.03250000
v 0.03072374 0.03749081 -0.03250000
v 0.03558640 0.03074711 -0.03250000
v 0.03235394 0.03526054 -0.03250000
v 0.03069981 0.03743598 -0.03250000
v 0.03553453 0.03063938 -0.03250000
v 0.03231936 0.03518873 -0.03250000
v 0.03549084 0.03052808 -0.03250000
v 0.03229024 0.03511452 -0.03250000
v 0.02662604 0.03767027 -0.03250000
v 0.03540224 0.02994022 -0.03250000
v 0.02955069 0.03511351 -0.03250000
v 0.02663274 0.03761082 -0.03250000
v 0.03541117 0.02982098 -0.03250000
v 0.02955665 0.03503402 -0.03250000
v 0.02664386 0.03755203 -0.03250000
v 0.03542899 0.02970275 -0.03250000
v 0.02956853 0.03495520 -0.03250000
v 0.02426594 0.03828373 -0.03250000
v 0.03545560 0.02958618 -0.03250000
v 0.02958627 0.03487748 -0.03250000
v 0.02269727 0.03773936 -0.03250000
v 0.03549084 0.02947192 -0.03250000
v 0.02695521 0.03500237 -0.03250000
v 0.02272119 0.03768453 -0.03250000
v 0.03553453 0.02936062 -0.03250000
v 0.02698433 0.03492817 -0.03250000
v 0.02274915 0.03763164 -0.03250000
v 0.03558640 0.02925289 -0.03250000
v 0.02701891 0.03485635 -0.03250000
v 0.01386577 0.04576169 -0.03250000
v 0.01889328 0.03766848 -0.03250000
v 0.03564619 0.02914934 -0.03250000
v 0.01886145 0.03771914 -0.03250000
v 0.02446697 0.03484565 -0.03250000
v 0.01892881 0.03762035 -0.03250000
v 0.03571354 0.02905055 -0.03250000
v 0.02451188 0.03477980 -0.03250000
v 0.00599624 0.04615078 -0.03250000
v 0.01586895 0.04050052 -0.03250000
v -0.00103009 -0.00765107 -0.03250000
v -0.00165781 0.04617191 -0.03250000
v -0.00997176 -0.00007172 -0.03250000
v -0.01650972 0.00391386 -0.03250000
v -0.09976231 -0.03363016 -0.03250000
v -0.09972001 -0.03358786 -0.03250000
v -0.10186942 -0.03113058 -0.03250000
v -0.10045058 -0.03278286 -0.03250000
v -0.09968098 -0.03354251 -0.03250000
v -0.10039636 -0.03272443 -0.03250000
v -0.09980766 -0.03366918 -0.03250000
v -0.10195707 -0.03121191 -0.03250000
v -0.10050901 -0.03283708 -0.03250000
v -0.10171354 -0.03094945 -0.03250000
v -0.09964546 -0.03349438 -0.03250000
v -0.10034666 -0.03266211 -0.03250000
v -0.10092181 -0.03353614 -0.03250000
v -0.10205055 -0.03128646 -0.03250000
v -0.10057133 -0.03288678 -0.03250000
v -0.09961363 -0.03344372 -0.03250000
v -0.10030176 -0.03259625 -0.03250000
v -0.10291348 -0.03285543 -0.03250000
v -0.10214934 -0.03135381 -0.03250000
v -0.10264188 -0.03234428 -0.03250000
v -0.10158640 -0.03074711 -0.03250000
v -0.09958567 -0.03339083 -0.03250000
v -0.10026190 -0.03252722 -0.03250000
v -0.10296637 -0.03288338 -0.03250000
v -0.10225289 -0.03141360 -0.03250000
v -0.10271092 -0.03238413 -0.03250000
v -0.10153452 -0.03063938 -0.03250000
v -0.09956175 -0.03333599 -0.03250000
v -0.10022732 -0.03245540 -0.03250000
v -0.10302121 -0.03290731 -0.03250000
v -0.10236062 -0.03146548 -0.03250000
v -0.10278273 -0.03241872 -0.03250000
v -0.10307768 -0.03292706 -0.03250000
v -0.10285694 -0.03244784 -0.03250000
v -0.10149084 -0.03052808 -0.03250000
v -0.09954199 -0.03327952 -0.03250000
v -0.10019820 -0.03238120 -0.03250000
v -0.09952651 -0.03322174 -0.03250000
v -0.10017470 -0.03230503 -0.03250000
v -0.10313546 -0.03294255 -0.03250000
v -0.10258618 -0.03154440 -0.03250000
v -0.10293311 -0.03247134 -0.03250000
v -0.10319425 -0.03295367 -0.03250000
v -0.10270275 -0.03157101 -0.03250000
v -0.10301082 -0.03248908 -0.03250000
v -0.10142899 -0.03029725 -0.03250000
v -0.09951538 -0.03316295 -0.03250000
v -0.10015696 -0.03222731 -0.03250000
v -0.02541661 -0.00754654 -0.03250000
v -0.03012869 0.00385256 -0.03250000
v -0.10317167 -0.03273066 -0.03250000
v -0.10141117 -0.03017902 -0.03250000
v -0.09950869 -0.03310350 -0.03250000
v -0.10014508 -0.03214849 -0.03250000
v -0.10140224 -0.03005978 -0.03250000
v -0.09950645 -0.03304372 -0.03250000
v -0.10013912 -0.03206900 -0.03250000
v -0.10327618 -0.03273420 -0.03250000
v -0.10140224 -0.02994022 -0.03250000
v -0.10013912 -0.03198929 -0.03250000
v -0.09456690 -0.03673433 -0.03250000
v -0.09732004 -0.03367382 -0.03250000
v -0.10305978 -0.03159776 -0.03250000
v -0.10141117 -0.02982098 -0.03250000
v -0.09646939 -0.03357138 -0.03250000
v -0.09811442 -0.03234106 -0.03250000
v -0.10341492 -0.03272156 -0.03250000
v -0.10142899 -0.02970275 -0.03250000
v -0.09648051 -0.03351259 -0.03250000
v -0.09812630 -0.03226224 -0.03250000
v -0.10329725 -0.03157101 -0.03250000
v -0.10145560 -0.02958618 -0.03250000
v -0.09649600 -0.03345481 -0.03250000
v -0.09814404 -0.03218453 -0.03250000
v -0.10355024 -0.03268839 -0.03250000
v -0.10149084 -0.02947192 -0.03250000
v -0.09651575 -0.03339834 -0.03250000
v -0.09816753 -0.03210836 -0.03250000
v -0.10352808 -0.03150916 -0.03250000
v -0.10153452 -0.02936062 -0.03250000
v -0.09653968 -0.03334350 -0.03250000
v -0.09819665 -0.03203415 -0.03250000
v -0.10367909 -0.03263542 -0.03250000
v -0.10158640 -0.02925289 -0.03250000
v -0.09823124 -0.03196234 -0.03250000
v -0.08850437 -0.03784422 -0.03250000
v -0.09413605 -0.03394016 -0.03250000
v -0.10164619 -0.02914934 -0.03250000
v -0.09358292 -0.03370295 -0.03250000
v -0.09626007 -0.03220197 -0.03250000
v -0.10377011 -0.03258394 -0.03250000
v -0.10380000 -0.03138564 -0.03250000
v -0.10171354 -0.02905055 -0.03250000
v -0.09361845 -0.03365481 -0.03250000
v -0.09630497 -0.03213610 -0.03250000
v -0.10381227 -0.03278807 -0.03250000
v -0.10394945 -0.03128646 -0.03250000
v -0.10384195 -0.03229938 -0.03250000
v -0.10178809 -0.02895707 -0.03250000
v -0.09365747 -0.03360947 -0.03250000
v -0.09635467 -0.03207378 -0.03250000
v -0.09071225 -0.03394514 -0.03250000
v -0.08897078 -0.03539916 -0.03250000
v -0.10385762 -0.03274905 -0.03250000
v -0.10404293 -0.03121191 -0.03250000
v -0.10390427 -0.03224968 -0.03250000
v -0.10186942 -0.02886942 -0.03250000
v -0.09447361 -0.02019963 -0.03250000
v -0.09444541 -0.03223913 -0.03250000
v -0.10413058 -0.03113058 -0.03250000
v -0.10396271 -0.03219546 -0.03250000
v -0.10690576 -0.03064566 -0.03250000
v -0.10441360 -0.02925289 -0.03250000
v -0.10606572 -0.03016377 -0.03250000
v -0.10692969 -0.03070049 -0.03250000
v -0.10610031 -0.03023559 -0.03250000
v -0.10694944 -0.03075696 -0.03250000
v -0.10450916 -0.02947192 -0.03250000
v -0.10612943 -0.03030979 -0.03250000
v -0.10696493 -0.03081475 -0.03250000
v -0.10454440 -0.02958618 -0.03250000
v -0.10615292 -0.03038596 -0.03250000
v -0.10697605 -0.03087353 -0.03250000
v -0.10457101 -0.02970275 -0.03250000
v -0.10617066 -0.03046368 -0.03250000
v -0.10698275 -0.03093298 -0.03250000
v -0.10458883 -0.02982098 -0.03250000
v -0.10618254 -0.03054250 -0.03250000
v -0.10698499 -0.03099277 -0.03250000
v -0.10459776 -0.02994022 -0.03250000
v -0.10618850 -0.03062199 -0.03250000
v -0.10698275 -0.03105255 -0.03250000
v -0.10459776 -0.03005978 -0.03250000
v -0.10618850 -0.03070170 -0.03250000
v -0.10697605 -0.03111200 -0.03250000
v -0.10458883 -0.03017902 -0.03250000
v -0.10618254 -0.03078119 -0.03250000
v -0.10696493 -0.03117078 -0.03250000
v -0.10617066 -0.03086001 -0.03250000
v -0.10694944 -0.03122857 -0.03250000
v -0.10454440 -0.03041382 -0.03250000
v -0.10615292 -0.03093772 -0.03250000
v -0.10692969 -0.03128504 -0.03250000
v -0.10450916 -0.03052808 -0.03250000
v -0.10612943 -0.03101389 -0.03250000
v -0.10690576 -0.03133987 -0.03250000
v -0.10446548 -0.03063938 -0.03250000
v -0.10610031 -0.03108810 -0.03250000
v -0.10687781 -0.03139277 -0.03250000
v -0.10441360 -0.03074711 -0.03250000
v -0.10606572 -0.03115991 -0.03250000
v -0.10684598 -0.03144342 -0.03250000
v -0.10435381 -0.03085066 -0.03250000
v -0.10602586 -0.03122895 -0.03250000
v -0.10681045 -0.03149156 -0.03250000
v -0.10428646 -0.03094945 -0.03250000
v -0.10598096 -0.03129481 -0.03250000
v -0.10579151 -0.03206172 -0.03250000
v -0.10421191 -0.03104293 -0.03250000
v -0.10593126 -0.03135713 -0.03250000
v -0.10906306 -0.02894791 -0.03250000
v -0.10385066 -0.02864619 -0.03250000
v -0.10730871 -0.02883673 -0.03250000
v -0.10911120 -0.02898344 -0.03250000
v -0.10394945 -0.02871354 -0.03250000
v -0.10737457 -0.02888163 -0.03250000
v -0.10915655 -0.02902246 -0.03250000
v -0.10404293 -0.02878809 -0.03250000
v -0.10743689 -0.02893133 -0.03250000
v -0.10919885 -0.02906477 -0.03250000
v -0.10413058 -0.02886942 -0.03250000
v -0.10749532 -0.02898555 -0.03250000
v -0.10923787 -0.02911011 -0.03250000
v -0.10421191 -0.02895707 -0.03250000
v -0.10754954 -0.02904398 -0.03250000
v -0.10927340 -0.02915825 -0.03250000
v -0.10428646 -0.02905055 -0.03250000
v -0.10759924 -0.02910630 -0.03250000
v -0.10870377 -0.02978626 -0.03250000
v -0.10435381 -0.02914934 -0.03250000
v -0.10764415 -0.02917217 -0.03250000
v -0.03870931 -0.00017758 -0.03250000
v -0.04565367 0.00369427 -0.03250000
v -0.11078782 -0.02743896 -0.03250000
v -0.10838673 -0.02779617 -0.03250000
v -0.11066565 -0.02797512 -0.03250000
v -0.10374711 -0.02858640 -0.03250000
v -0.10845855 -0.02783076 -0.03250000
v -0.11605312 -0.02776864 -0.03250000
v -0.05202151 -0.00705110 -0.03250000
v -0.05557484 0.00359220 -0.03250000
v -0.11222356 -0.02634510 -0.03250000
v -0.10352808 -0.02849084 -0.03250000
v -0.11201882 -0.02592733 -0.03250000
v -0.10920739 -0.02678842 -0.03250000
v -0.11297953 -0.02447358 -0.03250000
v -0.10341382 -0.02845560 -0.03250000
v -0.11399775 -0.02353485 -0.03250000
v -0.10977170 -0.02579576 -0.03250000
v -0.12152674 -0.02192982 -0.03250000
v -0.06218956 -0.00686802 -0.03250000
v -0.06593662 0.00350206 -0.03250000
v -0.11404267 -0.02166362 -0.03250000
v -0.10329725 -0.02842899 -0.03250000
v -0.11398388 -0.02165250 -0.03250000
v -0.11044127 -0.02391504 -0.03250000
v -0.12427764 -0.01626221 -0.03250000
v -0.11730377 -0.02032151 -0.03250000
v -0.11427633 -0.02032425 -0.03250000
v -0.10317902 -0.02841117 -0.03250000
v -0.11421688 -0.02031755 -0.03250000
v -0.11055741 -0.02301766 -0.03250000
v -0.12502175 -0.01355888 -0.03250000
v -0.11776066 -0.01851187 -0.03250000
v -0.07462030 -0.00651824 -0.03250000
v -0.07113467 -0.03985039 -0.03250000
v -0.08377066 0.00443094 -0.03250000
v -0.11449467 -0.01778871 -0.03250000
v -0.10305978 -0.02840224 -0.03250000
v -0.11443489 -0.01778647 -0.03250000
v -0.11066311 -0.02132581 -0.03250000
v -0.12577047 -0.00841796 -0.03250000
v -0.11822017 -0.01508013 -0.03250000
v -0.11448193 -0.01657253 -0.03250000
v -0.11827788 -0.01343934 -0.03250000
v -0.10294022 -0.02840224 -0.03250000
v -0.11442215 -0.01657477 -0.03250000
v -0.11061477 -0.02051651 -0.03250000
v -0.12597986 -0.00355304 -0.03250000
v -0.11443814 -0.01538274 -0.03250000
v -0.11828005 -0.01183685 -0.03250000
v -0.10282098 -0.02841117 -0.03250000
v -0.11437869 -0.01538944 -0.03250000
v -0.11054594 -0.01972778 -0.03250000
v -0.12599792 -0.00118050 -0.03250000
v -0.11438077 -0.01420893 -0.03250000
v -0.11825246 -0.01025963 -0.03250000
v -0.10270275 -0.02842899 -0.03250000
v -0.11334882 -0.00355501 -0.03250000
v -0.11046850 -0.01895266 -0.03250000
v -0.09071225 0.03394514 -0.03250000
v -0.08254261 0.03864288 -0.03250000
v -0.09365747 0.03360946 -0.03250000
v -0.08897078 0.03539916 -0.03250000
v -0.09075456 0.03390284 -0.03250000
v -0.10186942 0.02886942 -0.03250000
v -0.09444541 0.03223913 -0.03250000
v -0.10178809 0.02895707 -0.03250000
v -0.09361845 0.03365481 -0.03250000
v -0.09635467 0.03207378 -0.03250000
v -0.10195707 -0.00003902 -0.03250000
v -0.10195707 0.02878809 -0.03250000
v -0.10194195 0.00958302 -0.03250000
v -0.10200241 0.00000000 -0.03250000
v -0.10195707 -0.02878809 -0.03250000
v -0.10197218 -0.00960904 -0.03250000
v -0.10205055 -0.00003553 -0.03250000
v -0.10205055 0.02871354 -0.03250000
v -0.10203451 0.00955934 -0.03250000
v -0.10209869 0.00000000 -0.03250000
v -0.10205055 -0.02871354 -0.03250000
v -0.10206660 -0.00958302 -0.03250000
v -0.10214934 0.00003183 -0.03250000
v -0.10214934 -0.02864619 -0.03250000
v -0.10213246 -0.00953812 -0.03250000
v -0.10171354 0.02905055 -0.03250000
v -0.09358292 0.03370295 -0.03250000
v -0.09630497 0.03213610 -0.03250000
v -0.10220000 -0.00000000 -0.03250000
v -0.10214934 0.02864619 -0.03250000
v -0.10216623 0.00955934 -0.03250000
v -0.10164619 0.02914934 -0.03250000
v -0.09626007 0.03220196 -0.03250000
v -0.08850437 0.03784422 -0.03250000
v -0.09656763 0.03329061 -0.03250000
v -0.10225289 -0.00002796 -0.03250000
v -0.10225289 0.02858640 -0.03250000
v -0.10223526 0.00951948 -0.03250000
v -0.10230579 0.00000000 -0.03250000
v -0.10225289 -0.02858640 -0.03250000
v -0.10227052 -0.00953812 -0.03250000
v -0.10158640 0.02925289 -0.03250000
v -0.09653968 0.03334351 -0.03250000
v -0.09823124 0.03196234 -0.03250000
v -0.10241545 0.00000000 -0.03250000
v -0.10236062 -0.02853452 -0.03250000
v -0.10236062 -0.00002392 -0.03250000
v -0.10237890 -0.00951948 -0.03250000
v -0.10236062 0.02853453 -0.03250000
v -0.10234234 0.00950353 -0.03250000
v -0.10153452 0.02936062 -0.03250000
v -0.09651575 0.03339834 -0.03250000
v -0.09819665 0.03203415 -0.03250000
v -0.10247192 -0.00001976 -0.03250000
v -0.10247192 0.02849084 -0.03250000
v -0.10245310 0.00949036 -0.03250000
v -0.10252839 0.00000000 -0.03250000
v -0.10247192 -0.02849084 -0.03250000
v -0.10249075 -0.00950353 -0.03250000
v -0.10258618 0.00001548 -0.03250000
v -0.10258618 -0.02845560 -0.03250000
v -0.10256692 -0.00948004 -0.03250000
v -0.10149084 0.02947192 -0.03250000
v -0.09649600 0.03345481 -0.03250000
v -0.09816753 0.03210836 -0.03250000
v -0.10264397 0.00000000 -0.03250000
v -0.10258618 0.02845560 -0.03250000
v -0.10260544 0.00949036 -0.03250000
v -0.10145560 0.02958618 -0.03250000
v -0.09648051 0.03351260 -0.03250000
v -0.09814404 0.03218453 -0.03250000
v -0.11437869 0.01538944 -0.03250000
v -0.11438077 0.01420893 -0.03250000
v -0.11825246 0.01025963 -0.03250000
v -0.10270275 0.02842899 -0.03250000
v -0.11046850 0.01895266 -0.03250000
v -0.10142899 0.02970275 -0.03250000
v -0.09646939 0.03357138 -0.03250000
v -0.09812630 0.03226224 -0.03250000
v -0.11443814 0.01538274 -0.03250000
v -0.10282098 0.02841117 -0.03250000
v -0.11054594 0.01972778 -0.03250000
v -0.11442215 0.01657477 -0.03250000
v -0.12597986 0.00355304 -0.03250000
v -0.11828005 0.01183685 -0.03250000
v -0.10141117 0.02982098 -0.03250000
v -0.09732004 0.03367382 -0.03250000
v -0.09811442 0.03234106 -0.03250000
v -0.11448193 0.01657253 -0.03250000
v -0.10294022 0.02840224 -0.03250000
v -0.11061477 0.02051651 -0.03250000
v -0.11443489 0.01778647 -0.03250000
v -0.10305978 0.02840224 -0.03250000
v -0.11449467 0.01778871 -0.03250000
v -0.11066311 0.02132581 -0.03250000
v -0.12591682 0.00595900 -0.03250000
v -0.11827788 0.01343934 -0.03250000
v -0.09950645 0.03304372 -0.03250000
v -0.10140224 0.02994022 -0.03250000
v -0.10013912 0.03198929 -0.03250000
v -0.09456690 0.03673433 -0.03250000
v -0.09950869 0.03310350 -0.03250000
v -0.10140224 0.03005978 -0.03250000
v -0.10013912 0.03206900 -0.03250000
v -0.09951538 0.03316295 -0.03250000
v -0.10141117 0.03017902 -0.03250000
v -0.10014508 0.03214849 -0.03250000
v -0.09952651 0.03322174 -0.03250000
v -0.10015696 0.03222731 -0.03250000
v -0.09954199 0.03327953 -0.03250000
v -0.10145560 0.03041382 -0.03250000
v -0.10017470 0.03230503 -0.03250000
v -0.09956175 0.03333599 -0.03250000
v -0.10149084 0.03052808 -0.03250000
v -0.10019820 0.03238120 -0.03250000
v -0.09958567 0.03339083 -0.03250000
v -0.10022732 0.03245540 -0.03250000
v -0.09961363 0.03344372 -0.03250000
v -0.10158640 0.03074711 -0.03250000
v -0.10026190 0.03252722 -0.03250000
v -0.09964546 0.03349438 -0.03250000
v -0.10030176 0.03259625 -0.03250000
v -0.09968098 0.03354251 -0.03250000
v -0.10171354 0.03094945 -0.03250000
v -0.10034666 0.03266211 -0.03250000
v -0.09972001 0.03358786 -0.03250000
v -0.10178809 0.03104293 -0.03250000
v -0.10039636 0.03272443 -0.03250000
v -0.09976231 0.03363016 -0.03250000
v -0.10186942 0.03113058 -0.03250000
v -0.10045058 0.03278287 -0.03250000
v -0.09980766 0.03366919 -0.03250000
v -0.10195707 0.03121191 -0.03250000
v -0.10050901 0.03283708 -0.03250000
v -0.10092181 0.03353614 -0.03250000
v -0.10205055 0.03128646 -0.03250000
v -0.10057133 0.03288678 -0.03250000
v -0.11421688 0.02031755 -0.03250000
v -0.10317902 0.02841117 -0.03250000
v -0.11427633 0.02032425 -0.03250000
v -0.11055741 0.02301766 -0.03250000
v -0.11803498 0.01676603 -0.03250000
v -0.10291348 0.03285543 -0.03250000
v -0.10264188 0.03234428 -0.03250000
v -0.10296637 0.03288338 -0.03250000
v -0.10271092 0.03238413 -0.03250000
v -0.10302121 0.03290730 -0.03250000
v -0.10236062 0.03146547 -0.03250000
v -0.10278273 0.03241872 -0.03250000
v -0.10307768 0.03292706 -0.03250000
v -0.10247192 0.03150916 -0.03250000
v -0.10285694 0.03244784 -0.03250000
v -0.10313546 0.03294255 -0.03250000
v -0.10258618 0.03154440 -0.03250000
v -0.10293311 0.03247134 -0.03250000
v -0.10318296 0.03284217 -0.03250000
v -0.10270275 0.03157101 -0.03250000
v -0.10301082 0.03248907 -0.03250000
v -0.10327618 0.03273420 -0.03250000
v -0.10341492 0.03272156 -0.03250000
v -0.10355024 0.03268839 -0.03250000
v -0.10371348 0.03285543 -0.03250000
v -0.10374711 0.03141360 -0.03250000
v -0.10367749 0.03251759 -0.03250000
v -0.10376414 0.03282360 -0.03250000
v -0.10385066 0.03135381 -0.03250000
v -0.10377609 0.03234428 -0.03250000
v -0.10381227 0.03278807 -0.03250000
v -0.10394945 0.03128646 -0.03250000
v -0.10384195 0.03229937 -0.03250000
v -0.10385762 0.03274905 -0.03250000
v -0.10404293 0.03121191 -0.03250000
v -0.10390427 0.03224967 -0.03250000
v -0.10507364 0.03235418 -0.03250000
v -0.10413058 0.03113058 -0.03250000
v -0.10396271 0.03219546 -0.03250000
v -0.11398388 0.02165250 -0.03250000
v -0.10329725 0.02842899 -0.03250000
v -0.11474503 0.02167187 -0.03250000
v -0.11044127 0.02391504 -0.03250000
v -0.12502175 0.01355888 -0.03250000
v -0.11776066 0.01851187 -0.03250000
v -0.10637086 0.03142434 -0.03250000
v -0.10684598 0.03144342 -0.03250000
v -0.10428646 0.03094945 -0.03250000
v -0.10598096 0.03129481 -0.03250000
v -0.10687781 0.03139277 -0.03250000
v -0.10435381 0.03085066 -0.03250000
v -0.10602586 0.03122895 -0.03250000
v -0.10690576 0.03133987 -0.03250000
v -0.10441360 0.03074711 -0.03250000
v -0.10606572 0.03115991 -0.03250000
v -0.10692969 0.03128504 -0.03250000
v -0.10446548 0.03063938 -0.03250000
v -0.10610031 0.03108810 -0.03250000
v -0.10694944 0.03122857 -0.03250000
v -0.10612943 0.03101390 -0.03250000
v -0.10696493 0.03117078 -0.03250000
v -0.10454440 0.03041382 -0.03250000
v -0.10615292 0.03093772 -0.03250000
v -0.10697605 0.03111200 -0.03250000
v -0.10457101 0.03029725 -0.03250000
v -0.10617066 0.03086001 -0.03250000
v -0.10649847 0.03315537 -0.03250000
v -0.10698275 0.03105255 -0.03250000
v -0.10458883 0.03017902 -0.03250000
v -0.10618254 0.03078119 -0.03250000
v -0.10698499 0.03099276 -0.03250000
v -0.10459776 0.03005978 -0.03250000
v -0.10618850 0.03070170 -0.03250000
v -0.10698275 0.03093298 -0.03250000
v -0.10459776 0.02994022 -0.03250000
v -0.10618850 0.03062199 -0.03250000
v -0.10697605 0.03087353 -0.03250000
v -0.10458883 0.02982098 -0.03250000
v -0.10618254 0.03054250 -0.03250000
v -0.10696493 0.03081475 -0.03250000
v -0.10617066 0.03046368 -0.03250000
v -0.10694944 0.03075696 -0.03250000
v -0.10454440 0.02958618 -0.03250000
v -0.10615292 0.03038596 -0.03250000
v -0.10692969 0.03070049 -0.03250000
v -0.10450916 0.02947192 -0.03250000
v -0.10612943 0.03030979 -0.03250000
v -0.10690576 0.03064566 -0.03250000
v -0.10446548 0.02936062 -0.03250000
v -0.10610031 0.03023559 -0.03250000
v -0.10809691 0.03013222 -0.03250000
v -0.10441360 0.02925289 -0.03250000
v -0.10606572 0.03016377 -0.03250000
v -0.11292175 0.02445809 -0.03250000
v -0.10977170 0.02579576 -0.03250000
v -0.11655649 0.02218449 -0.03250000
v -0.11020857 0.02833741 -0.03250000
v -0.10385066 0.02864619 -0.03250000
v -0.10906306 0.02894791 -0.03250000
v -0.10730871 0.02883673 -0.03250000
v -0.10927340 0.02915825 -0.03250000
v -0.10435381 0.02914934 -0.03250000
v -0.10764415 0.02917216 -0.03250000
v -0.11179739 0.03060167 -0.03250000
v -0.10923787 0.02911012 -0.03250000
v -0.10428646 0.02905055 -0.03250000
v -0.10759924 0.02910631 -0.03250000
v -0.10919885 0.02906477 -0.03250000
v -0.10421191 0.02895707 -0.03250000
v -0.10754954 0.02904398 -0.03250000
v -0.10915655 0.02902246 -0.03250000
v -0.10413058 0.02886942 -0.03250000
v -0.10749532 0.02898555 -0.03250000
v -0.10911120 0.02898344 -0.03250000
v -0.10404293 0.02878809 -0.03250000
v -0.10743689 0.02893133 -0.03250000
v -0.10394945 0.02871354 -0.03250000
v -0.10737457 0.02888163 -0.03250000
v -0.11313138 0.02510962 -0.03250000
v -0.10920739 0.02678842 -0.03250000
v -0.11078782 0.02743896 -0.03250000
v -0.10374711 0.02858640 -0.03250000
v -0.10845855 0.02783076 -0.03250000
v -0.11188798 0.02671209 -0.03250000
v -0.10363938 0.02853453 -0.03250000
v -0.10838673 0.02779617 -0.03250000
v -0.11922373 0.02485152 -0.03250000
v -0.11605312 0.02776864 -0.03250000
v -0.11570208 -0.02804689 -0.03283333
v -0.11461241 -0.02891059 -0.03350000
v -0.11500000 -0.02930169 -0.03350000
v -0.11474161 -0.02927373 -0.03350000
v -0.11400000 -0.03000000 -0.03350000
v -0.11300000 -0.02995804 -0.03350000
v -0.09456690 -0.03673433 -0.03300000
v -0.09355157 -0.03694996 -0.03316667
v -0.11300000 -0.01800000 -0.03530000
v -0.11300000 -0.01596503 -0.03425000
v -0.11300000 -0.03000000 -0.03440000
v -0.11300000 -0.00600000 -0.03440000
v -0.11322917 -0.00600000 -0.03635000
v -0.11050000 -0.00600000 -0.03845000
v -0.10872917 -0.00600000 -0.03720000
v -0.10325000 -0.00600000 -0.03770000
v -0.10800000 -0.00600000 -0.03530000
v -0.10100000 -0.00600000 -0.03560000
v -0.08850437 -0.03784422 -0.03300000
v -0.08950988 -0.03768988 -0.03283333
v -0.08749886 -0.03799855 -0.03316667
v -0.11500000 -0.01730169 -0.03560000
v -0.11500000 -0.02153446 -0.03630000
v -0.11500000 -0.01353446 -0.03490000
v -0.11500000 -0.02953446 -0.03490000
v -0.08254261 -0.03864289 -0.03300000
v -0.08352435 -0.03853099 -0.03316667
v -0.07674408 -0.03927496 -0.03300000
v -0.07769518 -0.03917616 -0.03316667
v -0.07579298 -0.03937376 -0.03283333
v -0.11922373 -0.02485152 -0.03300000
v -0.11877630 -0.02534084 -0.03316667
v -0.07113467 -0.03985039 -0.03300000
v -0.07021596 -0.03994340 -0.03316667
v -0.12152674 -0.02192982 -0.03300000
v -0.12120651 -0.02241440 -0.03316667
v -0.06660260 -0.04030993 -0.03316667
v -0.06305070 -0.04067094 -0.03300000
v -0.06482665 -0.04049044 -0.03283333
v -0.12315672 -0.01905668 -0.03300000
v -0.12337981 -0.01858355 -0.03283333
v -0.12248746 -0.02047607 -0.03273793
v -0.06132842 -0.04085001 -0.03316667
v -0.05788385 -0.04120815 -0.03300000
v -0.05960613 -0.04102908 -0.03283333
v -0.12427764 -0.01626221 -0.03300000
v -0.12412709 -0.01672057 -0.03316667
v -0.05536492 -0.04147933 -0.03300000
v -0.05620457 -0.04138893 -0.03316667
v -0.05284600 -0.04175050 -0.03300000
v -0.05452528 -0.04156972 -0.03283333
v -0.12502175 -0.01355888 -0.03300000
v -0.12472930 -0.01488712 -0.03284993
v -0.05037255 -0.04202854 -0.03300000
v -0.05119703 -0.04193586 -0.03316667
v -0.04789909 -0.04230658 -0.03300000
v -0.04954806 -0.04212122 -0.03283333
v -0.12567116 -0.00966299 -0.03300000
v -0.12549268 -0.01094681 -0.03300000
v -0.12555217 -0.01051887 -0.03283333
v -0.12531420 -0.01223063 -0.03303432
v -0.04544955 -0.04259581 -0.03300000
v -0.04626606 -0.04249940 -0.03316667
v -0.04300000 -0.04288505 -0.03300000
v -0.04463303 -0.04269222 -0.03283333
v -0.12586977 -0.00717294 -0.03299524
v -0.12577047 -0.00841796 -0.03300000
v -0.12573736 -0.00883297 -0.03316667
v -0.04055046 -0.04318772 -0.03300000
v -0.04136697 -0.04308683 -0.03316667
v -0.03810091 -0.04349039 -0.03300000
v -0.03973394 -0.04328861 -0.03283333
v -0.12591682 -0.00595900 -0.03250000
v -0.03645194 -0.04369628 -0.03316667
v -0.03315400 -0.04410806 -0.03281965
v -0.12597986 -0.00355304 -0.03300000
v -0.12599585 -0.00236101 -0.03289244
v -0.12596387 -0.00474506 -0.03303442
v -0.03095377 -0.04431021 -0.03316667
v -0.02655332 -0.04471453 -0.03300000
v -0.02875355 -0.04451237 -0.03283333
v -0.12599792 -0.00118050 -0.03300000
v -0.12599862 -0.00078700 -0.03316667
v -0.02427990 -0.04490276 -0.03316667
v -0.01973307 -0.04527922 -0.03300000
v -0.02200649 -0.04509099 -0.03283333
v -0.12599792 0.00118050 -0.03300000
v -0.01621669 -0.04552024 -0.03300000
v -0.01738882 -0.04543990 -0.03316667
v -0.01270031 -0.04576126 -0.03300000
v -0.01504456 -0.04560058 -0.03283333
v -0.12596387 0.00474506 -0.03341162
v -0.12599585 0.00236101 -0.03304640
v -0.00906224 -0.04593340 -0.03300000
v -0.01027493 -0.04587602 -0.03283333
v -0.00784955 -0.04599077 -0.03316667
v -0.12591682 0.00595900 -0.03300000
v -0.12593250 0.00555436 -0.03283333
v -0.00165781 -0.04617190 -0.03250000
v 0.00210855 -0.04623828 -0.03300000
v -0.12567116 0.00966299 -0.03300000
v -0.12577047 0.00841796 -0.03300000
v -0.12573736 0.00883297 -0.03283333
v -0.12586977 0.00717294 -0.03286622
v 0.00599624 -0.04615078 -0.03300000
v 0.00470035 -0.04617994 -0.03316667
v 0.00988394 -0.04606327 -0.03300000
v -0.12549268 0.01094681 -0.03250000
v -0.12531420 0.01223063 -0.03297398
v 0.01784760 -0.04546010 -0.03319700
v 0.01253849 -0.04586222 -0.03316667
v -0.12502175 0.01355888 -0.03300000
v 0.02186831 -0.04487376 -0.03300000
v 0.02052808 -0.04506921 -0.03316667
v 0.02588902 -0.04428742 -0.03291297
v -0.12427764 0.01626221 -0.03300000
v -0.12412709 0.01672057 -0.03316667
v -0.12472930 0.01488712 -0.03315912
v 0.02985830 -0.04334072 -0.03300000
v -0.12315672 0.01905668 -0.03250000
v -0.12293363 0.01952981 -0.03316667
v 0.03761797 -0.04101577 -0.03300000
v 0.03635451 -0.04147519 -0.03283333
v 0.04140836 -0.03963753 -0.03300000
v 0.03888144 -0.04055636 -0.03316667
v -0.12152674 0.02192982 -0.03300000
v -0.12120651 0.02241440 -0.03316667
v -0.11922373 0.02485152 -0.03300000
v -0.11925152 0.02492365 -0.03350000
v -0.11967117 0.02436220 -0.03283333
v 0.05264349 -0.03263614 -0.03321890
v -0.11644072 0.02746142 -0.03300000
v -0.11570208 0.02804689 -0.03283333
v -0.11692095 0.02708077 -0.03316667
v 0.05618716 -0.02899563 -0.03300000
v 0.05500594 -0.03020913 -0.03316667
v -0.11500000 0.02953446 -0.03490000
v -0.11500000 0.02153446 -0.03630000
v -0.11500000 0.01353446 -0.03490000
v 0.05745530 -0.02719297 -0.03300000
v 0.05703259 -0.02779386 -0.03283333
v 0.05872344 -0.02539032 -0.03309371
v -0.11416667 0.00600000 -0.03495000
v -0.11314583 0.00600000 -0.03660000
v -0.11275000 0.00600000 -0.03770000
v -0.11300000 0.00600000 -0.03440000
v -0.10800000 0.00600000 -0.03826250
v -0.10325000 0.00600000 -0.03770000
v -0.10300000 0.00600000 -0.03440000
v -0.10100000 0.00600000 -0.03560000
v -0.10800000 0.00600000 -0.03530000
v -0.10966667 0.00600000 -0.03690000
v 0.05960687 -0.02363028 -0.03300000
v 0.05990134 -0.02304360 -0.03316667
v -0.11300000 0.03000000 -0.03440000
v -0.11300000 0.02995803 -0.03350000
v -0.11300000 0.01800000 -0.03530000
v 0.06108649 -0.02016514 -0.03300000
v 0.06168268 -0.01846003 -0.03294017
v -0.11361241 0.02956694 -0.03300000
v -0.11219826 0.03037314 -0.03283333
v -0.11361241 0.02956694 -0.03350000
v -0.11422482 0.02921781 -0.03296029
v 0.06206871 -0.01681300 -0.03300000
v 0.06245475 -0.01516598 -0.03297438
v -0.10649847 0.03315537 -0.03300000
v -0.10362696 0.03432521 -0.03300000
v -0.10554130 0.03354532 -0.03316667
v -0.10745564 0.03276542 -0.03283333
v 0.06269034 -0.01357404 -0.03300000
v 0.06292593 -0.01198211 -0.03303033
v -0.10061993 0.03520633 -0.03300000
v -0.10162227 0.03491262 -0.03316667
v 0.06305701 -0.01043828 -0.03300000
v 0.06310071 -0.00992367 -0.03283333
v -0.09456690 0.03673433 -0.03300000
v -0.09152091 0.03738123 -0.03307488
v 0.06325020 -0.00738916 -0.03300000
v 0.06331231 -0.00588387 -0.03298491
v 0.06333342 -0.00440576 -0.03300000
v 0.06335452 -0.00292765 -0.03299682
v -0.08254261 0.03864288 -0.03300000
v -0.08352435 0.03853099 -0.03316667
v 0.06335726 -0.00146383 -0.03250000
v 0.06336000 0.00000000 -0.03291815
v -0.07674408 0.03927496 -0.03300000
v -0.07579298 0.03937375 -0.03316667
v -0.07959739 0.03897856 -0.03312450
v 0.06335726 0.00146383 -0.03250000
v 0.06335452 0.00292765 -0.03304457
v -0.07113467 0.03985039 -0.03300000
v -0.06837856 0.04012943 -0.03300000
v -0.07021596 0.03994340 -0.03316667
v -0.07205337 0.03975738 -0.03283333
v 0.06333342 0.00440576 -0.03300000
v 0.06332638 0.00489847 -0.03283333
v -0.06571463 0.04040018 -0.03300000
v -0.06482665 0.04049044 -0.03316667
v -0.06660260 0.04030993 -0.03283333
v 0.06325020 0.00738916 -0.03300000
v 0.06318810 0.00889445 -0.03298576
v -0.05788385 0.04120815 -0.03300000
v -0.06046728 0.04093954 -0.03300000
v -0.05960613 0.04102908 -0.03283333
v -0.06132842 0.04085001 -0.03316667
v 0.06305701 0.01043828 -0.03250000
v 0.06292593 0.01198211 -0.03300000
v -0.05536492 0.04147932 -0.03300000
v -0.05284600 0.04175050 -0.03308339
v -0.05620457 0.04138893 -0.03283333
v 0.06269034 0.01357404 -0.03300000
v 0.06276887 0.01304340 -0.03316667
v 0.06245475 0.01516598 -0.03296773
v -0.05037255 0.04202854 -0.03300000
v -0.04789909 0.04230658 -0.03300000
v -0.04954806 0.04212122 -0.03316667
v -0.05119703 0.04193586 -0.03283333
v 0.06206871 0.01681300 -0.03300000
v 0.06168268 0.01846003 -0.03278786
v -0.04544955 0.04259582 -0.03300000
v -0.04463303 0.04269223 -0.03316667
v -0.04626606 0.04249940 -0.03283333
v 0.06108649 0.02016514 -0.03300000
v 0.06088776 0.02073351 -0.03316667
v -0.04055046 0.04318772 -0.03250000
v -0.04136697 0.04308683 -0.03316667
v 0.05960687 0.02363028 -0.03300000
v 0.05931239 0.02421696 -0.03316667
v -0.03562745 0.04379922 -0.03300000
v -0.03315400 0.04410806 -0.03300000
v -0.03480297 0.04390217 -0.03316667
v -0.03645194 0.04369628 -0.03283333
v 0.05745530 0.02719297 -0.03300000
v 0.05787802 0.02659209 -0.03283333
v 0.05703259 0.02779386 -0.03316667
v -0.02985366 0.04441129 -0.03300000
v -0.02875355 0.04451237 -0.03316667
v -0.03095377 0.04431022 -0.03283333
v 0.05441533 0.03081588 -0.03300000
v 0.05264349 0.03263614 -0.03306706
v -0.02314320 0.04499687 -0.03300000
v -0.01973307 0.04527922 -0.03300000
v -0.02200649 0.04509099 -0.03316667
v -0.02427990 0.04490276 -0.03283333
v 0.05023013 0.03443311 -0.03300000
v 0.04942567 0.03503210 -0.03283333
v -0.01504456 0.04560058 -0.03283333
v -0.01738882 0.04543990 -0.03316667
v 0.04781676 0.03623009 -0.03268508
v 0.04140836 0.03963753 -0.03296414
v -0.00906224 0.04593340 -0.03300000
v -0.00542418 0.04610553 -0.03300000
v -0.00784955 0.04599077 -0.03316667
v -0.01027493 0.04587602 -0.03283333
v 0.03761797 0.04101577 -0.03300000
v 0.03382758 0.04239401 -0.03296869
v -0.00165781 0.04617191 -0.03300000
v -0.00291327 0.04614978 -0.03316667
v 0.02985830 0.04334071 -0.03300000
v 0.00599624 0.04615078 -0.03300000
v 0.00988394 0.04606328 -0.03303233
v 0.00210855 0.04623828 -0.03296523
v 0.02186831 0.04487376 -0.03300000
v 0.02320855 0.04467831 -0.03316667
v 0.01386577 0.04576169 -0.03300000
v 0.01519305 0.04566116 -0.03316667
v 0.04055000 -0.03000000 -0.03770000
v 0.03860000 -0.03000000 -0.03560000
v 0.04000000 -0.03000000 -0.03440000
v 0.04541667 -0.03000000 -0.03857500
v 0.04250000 -0.03000000 -0.03845000
v 0.05000000 -0.03000000 -0.03440000
v 0.05133333 -0.03000000 -0.03550000
v 0.04500000 -0.03000000 -0.03530000
v 0.04583333 -0.03000000 -0.03610000
v 0.04333333 -0.03000000 -0.03690000
v 0.05200000 -0.01800000 -0.03770000
v 0.05200000 -0.02200000 -0.03630000
v 0.05200000 -0.01400000 -0.03490000
v 0.05000000 -0.02000000 -0.03455000
v 0.05000000 -0.00600000 -0.03440000
v 0.03900000 -0.00600000 -0.03512500
v 0.04070833 -0.00600000 -0.03670000
v 0.04500000 -0.00600000 -0.03920000
v 0.04975000 -0.00600000 -0.03770000
v 0.04983333 -0.00600000 -0.03690000
v 0.05100000 -0.00600000 -0.03440000
v 0.05066667 -0.00600000 -0.03410000
v 0.05133333 -0.00600000 -0.03550000
v 0.04500000 -0.00600000 -0.03530000
v 0.04000000 -0.01400000 -0.03410000
v 0.03800000 -0.01737550 -0.03770000
v 0.03800000 -0.02875100 -0.03560000
v 0.03859777 -0.02994034 -0.03560000
v 0.03859777 -0.02994034 -0.03770000
v 0.03859851 -0.02996023 -0.03630000
v 0.03859554 -0.02988056 -0.03510000
v 0.03859776 -0.02994022 -0.03300000
v 0.03859702 -0.02992037 -0.03456667
v 0.03860000 -0.03000000 -0.03303505
v 0.03858887 -0.02982124 -0.03510000
v 0.03858887 -0.02982137 -0.03770000
v 0.03859109 -0.02984105 -0.03596667
v 0.03857109 -0.02970313 -0.03510000
v 0.03857113 -0.02970338 -0.03770000
v 0.03858217 -0.02976179 -0.03510000
v 0.03857480 -0.02972277 -0.03596667
v 0.03858662 -0.02980134 -0.03423333
v 0.03854455 -0.02958667 -0.03510000
v 0.03854464 -0.02958705 -0.03770000
v 0.03855997 -0.02964434 -0.03510000
v 0.03854972 -0.02960602 -0.03596667
v 0.03856736 -0.02968341 -0.03423333
v 0.03850939 -0.02947252 -0.03510000
v 0.03850954 -0.02947301 -0.03770000
v 0.03852907 -0.02952888 -0.03510000
v 0.03851600 -0.02949147 -0.03596667
v 0.03853934 -0.02956725 -0.03423333
v 0.03846581 -0.02936132 -0.03510000
v 0.03846605 -0.02936192 -0.03770000
v 0.03848963 -0.02941605 -0.03510000
v 0.03847383 -0.02937976 -0.03596667
v 0.03850273 -0.02945350 -0.03423333
v 0.03844189 -0.02930648 -0.03510000
v 0.03845772 -0.02934281 -0.03423333
v 0.03841405 -0.02925368 -0.03510000
v 0.03841438 -0.02925437 -0.03770000
v 0.03842344 -0.02927151 -0.03596667
v 0.03838609 -0.02920078 -0.03510000
v 0.03840458 -0.02923578 -0.03423333
v 0.03835439 -0.02915020 -0.03510000
v 0.03835484 -0.02915098 -0.03770000
v 0.03836511 -0.02916732 -0.03596667
v 0.03832256 -0.02909954 -0.03510000
v 0.03834359 -0.02913303 -0.03423333
v 0.03828718 -0.02905146 -0.03510000
v 0.03828776 -0.02905231 -0.03770000
v 0.03829917 -0.02906777 -0.03596667
v 0.03825165 -0.02900332 -0.03510000
v 0.03827510 -0.02903511 -0.03423333
v 0.03821278 -0.02895802 -0.03510000
v 0.03821350 -0.02895892 -0.03770000
v 0.03822598 -0.02897342 -0.03596667
v 0.03817376 -0.02891267 -0.03510000
v 0.03819948 -0.02894258 -0.03423333
v 0.03813162 -0.02887039 -0.03510000
v 0.03813250 -0.02887133 -0.03770000
v 0.03814596 -0.02888480 -0.03596667
v 0.03808932 -0.02882808 -0.03510000
v 0.03811717 -0.02885596 -0.03423333
v 0.03804518 -0.02879002 -0.03560000
v 0.03804414 -0.02878906 -0.03300000
v 0.03805954 -0.02880239 -0.03456667
v 0.03804518 -0.02879002 -0.03770000
v 0.03803012 -0.02877702 -0.03630000
v 0.03802862 -0.02877573 -0.03283333
v 0.03795071 -0.02871440 -0.03300000
v 0.03796714 -0.02872660 -0.03316667
v 0.03790257 -0.02867888 -0.03300000
v 0.03793424 -0.02870227 -0.03283333
v 0.03785196 -0.02864694 -0.03300000
v 0.03786925 -0.02865787 -0.03316667
v 0.03780130 -0.02861511 -0.03300000
v 0.03783464 -0.02863608 -0.03283333
v 0.03774844 -0.02858705 -0.03300000
v 0.03776650 -0.02859665 -0.03316667
v 0.03769555 -0.02855909 -0.03300000
v 0.03773037 -0.02857752 -0.03283333
v 0.03764074 -0.02853506 -0.03300000
v 0.03765945 -0.02854329 -0.03316667
v 0.03758591 -0.02851114 -0.03300000
v 0.03762201 -0.02852691 -0.03283333
v 0.03752945 -0.02849127 -0.03300000
v 0.03754872 -0.02849807 -0.03316667
v 0.03747298 -0.02847151 -0.03300000
v 0.03751017 -0.02848454 -0.03283333
v 0.03741520 -0.02845592 -0.03300000
v 0.03743492 -0.02846126 -0.03316667
v 0.03735741 -0.02844043 -0.03300000
v 0.03739548 -0.02845065 -0.03283333
v 0.03729863 -0.02842920 -0.03300000
v 0.03731868 -0.02843305 -0.03316667
v 0.03723985 -0.02841808 -0.03300000
v 0.03727857 -0.02842543 -0.03283333
v 0.03718039 -0.02841128 -0.03300000
v 0.03720067 -0.02841361 -0.03316667
v 0.03712094 -0.02840458 -0.03300000
v 0.03716011 -0.02840901 -0.03283333
v 0.03706114 -0.02840224 -0.03300000
v 0.03708153 -0.02840305 -0.03316667
v 0.03700135 -0.02840000 -0.03300000
v 0.03704076 -0.02840149 -0.03283333
v 0.03694154 -0.02840214 -0.03300000
v 0.03696193 -0.02840143 -0.03316667
v 0.03688176 -0.02840438 -0.03300000
v 0.03692117 -0.02840292 -0.03283333
v 0.03682228 -0.02841098 -0.03300000
v 0.03684255 -0.02840874 -0.03316667
v 0.03676283 -0.02841768 -0.03300000
v 0.03680203 -0.02841327 -0.03283333
v 0.03670401 -0.02842871 -0.03300000
v 0.03672404 -0.02842496 -0.03316667
v 0.03664522 -0.02843983 -0.03300000
v 0.03668399 -0.02843251 -0.03283333
v 0.03658739 -0.02845523 -0.03300000
v 0.03660709 -0.02845000 -0.03316667
v 0.03652960 -0.02847071 -0.03300000
v 0.03656772 -0.02846051 -0.03283333
v 0.03647308 -0.02849039 -0.03300000
v 0.03649233 -0.02848370 -0.03316667
v 0.03641661 -0.02851015 -0.03300000
v 0.03645387 -0.02849713 -0.03283333
v 0.03636172 -0.02853399 -0.03300000
v 0.03638041 -0.02852589 -0.03316667
v 0.03630689 -0.02855792 -0.03300000
v 0.03634308 -0.02854215 -0.03283333
v 0.03625394 -0.02858580 -0.03300000
v 0.03627195 -0.02857633 -0.03316667
v 0.03620104 -0.02861376 -0.03300000
v 0.03623596 -0.02859532 -0.03283333
v 0.03615032 -0.02864552 -0.03300000
v 0.03616757 -0.02863474 -0.03316667
v 0.03609966 -0.02867735 -0.03300000
v 0.03613311 -0.02865636 -0.03283333
v 0.03605146 -0.02871282 -0.03300000
v 0.03606785 -0.02870078 -0.03316667
v 0.03600333 -0.02874835 -0.03300000
v 0.03603511 -0.02872490 -0.03283333
v 0.03595790 -0.02878732 -0.03300000
v 0.03597335 -0.02877409 -0.03316667
v 0.03591256 -0.02882634 -0.03300000
v 0.03594251 -0.02880059 -0.03283333
v 0.03587018 -0.02886860 -0.03300000
v 0.03588458 -0.02885426 -0.03316667
v 0.03582788 -0.02891091 -0.03300000
v 0.03585582 -0.02888298 -0.03283333
v 0.03578878 -0.02895621 -0.03300000
v 0.03580206 -0.02894084 -0.03316667
v 0.03577554 -0.02897161 -0.03283333
v 0.03571415 -0.02904966 -0.03300000
v 0.03572624 -0.02903334 -0.03316667
v 0.03567862 -0.02909780 -0.03300000
v 0.03570211 -0.02906600 -0.03283333
v 0.03564671 -0.02914843 -0.03300000
v 0.03565755 -0.02913126 -0.03316667
v 0.03561488 -0.02919909 -0.03300000
v 0.03563593 -0.02916562 -0.03283333
v 0.03558685 -0.02925196 -0.03300000
v 0.03559637 -0.02923404 -0.03316667
v 0.03555890 -0.02930486 -0.03300000
v 0.03557738 -0.02926991 -0.03283333
v 0.03553489 -0.02935968 -0.03300000
v 0.03554305 -0.02934110 -0.03316667
v 0.03551097 -0.02941451 -0.03300000
v 0.03552680 -0.02937827 -0.03283333
v 0.03549113 -0.02947098 -0.03300000
v 0.03549787 -0.02945184 -0.03316667
v 0.03547137 -0.02952745 -0.03300000
v 0.03548445 -0.02949012 -0.03283333
v 0.03545581 -0.02958524 -0.03300000
v 0.03546110 -0.02956566 -0.03316667
v 0.03544033 -0.02964302 -0.03300000
v 0.03545058 -0.02960481 -0.03283333
v 0.03542913 -0.02970181 -0.03300000
v 0.03543294 -0.02968190 -0.03316667
v 0.03541801 -0.02976060 -0.03300000
v 0.03542538 -0.02972172 -0.03283333
v 0.03541124 -0.02982006 -0.03300000
v 0.03541354 -0.02979993 -0.03316667
v 0.03540454 -0.02987951 -0.03300000
v 0.03540898 -0.02984018 -0.03283333
v 0.03540224 -0.02993931 -0.03300000
v 0.03540303 -0.02991907 -0.03316667
v 0.03540000 -0.02999910 -0.03300000
v 0.03540149 -0.02995954 -0.03283333
v 0.03540217 -0.03005891 -0.03300000
v 0.03540145 -0.03003867 -0.03316667
v 0.03540441 -0.03011869 -0.03300000
v 0.03540294 -0.03007913 -0.03283333
v 0.03541105 -0.03017817 -0.03300000
v 0.03540881 -0.03015805 -0.03316667
v 0.03541774 -0.03023762 -0.03300000
v 0.03541332 -0.03019827 -0.03283333
v 0.03542881 -0.03029643 -0.03300000
v 0.03542508 -0.03027655 -0.03316667
v 0.03543993 -0.03035522 -0.03300000
v 0.03543258 -0.03031630 -0.03283333
v 0.03545536 -0.03041304 -0.03300000
v 0.03545015 -0.03039349 -0.03316667
v 0.03547084 -0.03047083 -0.03300000
v 0.03546060 -0.03043256 -0.03283333
v 0.03549055 -0.03052734 -0.03300000
v 0.03548390 -0.03050824 -0.03316667
v 0.03551031 -0.03058381 -0.03300000
v 0.03549724 -0.03054641 -0.03283333
v 0.03553419 -0.03063868 -0.03300000
v 0.03552614 -0.03062014 -0.03316667
v 0.03555811 -0.03069352 -0.03300000
v 0.03554228 -0.03065719 -0.03283333
v 0.03558603 -0.03074646 -0.03300000
v 0.03557661 -0.03072858 -0.03316667
v 0.03561398 -0.03079935 -0.03300000
v 0.03559547 -0.03076430 -0.03283333
v 0.03564577 -0.03085005 -0.03300000
v 0.03563505 -0.03083293 -0.03316667
v 0.03567760 -0.03090071 -0.03300000
v 0.03565652 -0.03086714 -0.03283333
v 0.03571310 -0.03094889 -0.03300000
v 0.03570113 -0.03093263 -0.03316667
v 0.03574863 -0.03099703 -0.03300000
v 0.03572509 -0.03096512 -0.03283333
v 0.03578762 -0.03104243 -0.03300000
v 0.03577448 -0.03102711 -0.03316667
v 0.03582665 -0.03108777 -0.03300000
v 0.03580079 -0.03105771 -0.03283333
v 0.03586893 -0.03113013 -0.03300000
v 0.03585468 -0.03111584 -0.03316667
v 0.03591124 -0.03117243 -0.03300000
v 0.03588320 -0.03114438 -0.03283333
v 0.03595657 -0.03121150 -0.03300000
v 0.03594129 -0.03119833 -0.03316667
v 0.03600191 -0.03125053 -0.03300000
v 0.03597185 -0.03122465 -0.03283333
v 0.03605004 -0.03128611 -0.03300000
v 0.03603383 -0.03127411 -0.03316667
v 0.03609817 -0.03132163 -0.03300000
v 0.03606625 -0.03129807 -0.03283333
v 0.03614882 -0.03135351 -0.03300000
v 0.03613177 -0.03134277 -0.03316667
v 0.03619948 -0.03138534 -0.03300000
v 0.03616588 -0.03136422 -0.03283333
v 0.03625237 -0.03141334 -0.03300000
v 0.03623457 -0.03140391 -0.03316667
v 0.03630526 -0.03144130 -0.03300000
v 0.03627017 -0.03142275 -0.03283333
v 0.03636010 -0.03146527 -0.03300000
v 0.03634165 -0.03145720 -0.03316667
v 0.03641493 -0.03148919 -0.03300000
v 0.03637855 -0.03147331 -0.03283333
v 0.03647141 -0.03150900 -0.03300000
v 0.03645241 -0.03150233 -0.03316667
v 0.03652788 -0.03152876 -0.03300000
v 0.03649040 -0.03151564 -0.03283333
v 0.03658567 -0.03154428 -0.03300000
v 0.03656624 -0.03153906 -0.03316667
v 0.03664346 -0.03155977 -0.03300000
v 0.03660511 -0.03154948 -0.03283333
v 0.03670226 -0.03157093 -0.03300000
v 0.03668250 -0.03156717 -0.03316667
v 0.03676105 -0.03158206 -0.03300000
v 0.03672202 -0.03157467 -0.03283333
v 0.03682051 -0.03158879 -0.03300000
v 0.03680053 -0.03158652 -0.03316667
v 0.03687996 -0.03159549 -0.03300000
v 0.03684048 -0.03159104 -0.03283333
v 0.03693977 -0.03159776 -0.03300000
v 0.03691967 -0.03159699 -0.03316667
v 0.03699955 -0.03160000 -0.03300000
v 0.03695984 -0.03159851 -0.03283333
v 0.03705936 -0.03159779 -0.03300000
v 0.03703927 -0.03159853 -0.03316667
v 0.03711914 -0.03159556 -0.03300000
v 0.03707943 -0.03159704 -0.03283333
v 0.03717862 -0.03158889 -0.03300000
v 0.03715865 -0.03159112 -0.03316667
v 0.03723806 -0.03158219 -0.03300000
v 0.03719857 -0.03158664 -0.03283333
v 0.03729687 -0.03157109 -0.03300000
v 0.03727714 -0.03157481 -0.03316667
v 0.03735566 -0.03155997 -0.03300000
v 0.03731659 -0.03156736 -0.03283333
v 0.03741347 -0.03154451 -0.03300000
v 0.03739407 -0.03154969 -0.03316667
v 0.03747126 -0.03152902 -0.03300000
v 0.03743285 -0.03153931 -0.03283333
v 0.03752776 -0.03150928 -0.03300000
v 0.03750881 -0.03151590 -0.03316667
v 0.03758423 -0.03148952 -0.03300000
v 0.03754669 -0.03150266 -0.03283333
v 0.03763909 -0.03146561 -0.03300000
v 0.03762070 -0.03147363 -0.03316667
v 0.03769392 -0.03144169 -0.03300000
v 0.03765747 -0.03145759 -0.03283333
v 0.03774685 -0.03141375 -0.03300000
v 0.03772911 -0.03142311 -0.03316667
v 0.03779974 -0.03138579 -0.03300000
v 0.03776456 -0.03140438 -0.03283333
v 0.03785043 -0.03135397 -0.03300000
v 0.03783344 -0.03136463 -0.03316667
v 0.03790108 -0.03132214 -0.03300000
v 0.03786739 -0.03134331 -0.03283333
v 0.03794925 -0.03128662 -0.03300000
v 0.03793311 -0.03129851 -0.03316667
v 0.03799738 -0.03125109 -0.03300000
v 0.03796536 -0.03127472 -0.03283333
v 0.03804276 -0.03121207 -0.03300000
v 0.03802756 -0.03122513 -0.03316667
v 0.03808810 -0.03117304 -0.03300000
v 0.03805793 -0.03119901 -0.03283333
v 0.03813044 -0.03113074 -0.03300000
v 0.03811627 -0.03114489 -0.03316667
v 0.03817274 -0.03108843 -0.03300000
v 0.03814458 -0.03111658 -0.03283333
v 0.03821178 -0.03104308 -0.03300000
v 0.03819872 -0.03105825 -0.03316667
v 0.03822483 -0.03102792 -0.03283333
v 0.03828636 -0.03094959 -0.03300000
v 0.03827447 -0.03096569 -0.03316667
v 0.03832188 -0.03090145 -0.03300000
v 0.03829823 -0.03093350 -0.03283333
v 0.03834309 -0.03086772 -0.03316667
v 0.03838557 -0.03080013 -0.03300000
v 0.03836437 -0.03083386 -0.03283333
v 0.03841354 -0.03074722 -0.03300000
v 0.03840419 -0.03076490 -0.03316667
v 0.03844149 -0.03069433 -0.03300000
v 0.03842288 -0.03072955 -0.03283333
v 0.03846544 -0.03063948 -0.03300000
v 0.03845744 -0.03065780 -0.03316667
v 0.03848936 -0.03058465 -0.03300000
v 0.03847342 -0.03062117 -0.03283333
v 0.03850913 -0.03052816 -0.03300000
v 0.03850253 -0.03054702 -0.03316667
v 0.03852889 -0.03047169 -0.03300000
v 0.03851573 -0.03050931 -0.03283333
v 0.03854438 -0.03041388 -0.03300000
v 0.03853921 -0.03043318 -0.03316667
v 0.03855987 -0.03035610 -0.03300000
v 0.03854955 -0.03039460 -0.03283333
v 0.03857100 -0.03029729 -0.03300000
v 0.03856728 -0.03031691 -0.03316667
v 0.03858212 -0.03023851 -0.03300000
v 0.03857471 -0.03027768 -0.03283333
v 0.03858883 -0.03017904 -0.03300000
v 0.03858659 -0.03019888 -0.03316667
v 0.03859552 -0.03011959 -0.03300000
v 0.03859106 -0.03015922 -0.03283333
v 0.03859776 -0.03005978 -0.03300000
v 0.03859702 -0.03007973 -0.03316667
v -0.03500000 -0.03000000 -0.03560000
v -0.03433333 -0.03000000 -0.03550000
v -0.03229167 -0.03000000 -0.03670000
v -0.03275000 -0.03000000 -0.03770000
v -0.03300000 -0.03000000 -0.03440000
v -0.02758333 -0.03000000 -0.03857500
v -0.02325000 -0.03000000 -0.03770000
v -0.02166667 -0.03000000 -0.03550000
v -0.02945833 -0.03000000 -0.03670000
v -0.02800000 -0.03000000 -0.03530000
v -0.02716667 -0.03000000 -0.03610000
v -0.02100000 -0.01800000 -0.03770000
v -0.02100000 -0.02200000 -0.03630000
v -0.02300000 -0.03000000 -0.03440000
v -0.02300000 -0.00600000 -0.03440000
v -0.02300000 -0.01400000 -0.03410000
v -0.03416667 -0.00600000 -0.03600000
v -0.03229167 -0.00600000 -0.03670000
v -0.02800000 -0.00600000 -0.03920000
v -0.02325000 -0.00600000 -0.03770000
v -0.02316667 -0.00600000 -0.03690000
v -0.02216667 -0.00600000 -0.03425000
v -0.02800000 -0.00600000 -0.03530000
v -0.02945833 -0.00600000 -0.03670000
v -0.03300000 -0.01800000 -0.03530000
v -0.03300000 -0.01700000 -0.03432500
v -0.03500000 -0.01800000 -0.03560000
v -0.03500000 -0.02200000 -0.03630000
v -0.03500000 -0.01400000 -0.03490000
v -0.10140224 -0.02994022 -0.03560000
v -0.10140224 -0.02994022 -0.03770000
v -0.10140000 -0.03000000 -0.03560000
v -0.10140149 -0.02996014 -0.03630000
v -0.10140447 -0.02988043 -0.03510000
v -0.10140000 -0.03000000 -0.03324531
v -0.10140298 -0.02992029 -0.03456667
v -0.10141117 -0.02982098 -0.03510000
v -0.10140894 -0.02984080 -0.03423333
v -0.10141787 -0.02976153 -0.03510000
v -0.10141117 -0.02982098 -0.03770000
v -0.10141340 -0.02980117 -0.03596667
v -0.10142899 -0.02970275 -0.03510000
v -0.10142529 -0.02972234 -0.03423333
v -0.10144012 -0.02964397 -0.03510000
v -0.10142899 -0.02970275 -0.03770000
v -0.10143270 -0.02968316 -0.03596667
v -0.10145560 -0.02958618 -0.03510000
v -0.10145044 -0.02960544 -0.03423333
v -0.10147108 -0.02952839 -0.03510000
v -0.10145560 -0.02958618 -0.03770000
v -0.10146076 -0.02956692 -0.03596667
v -0.10149084 -0.02947192 -0.03510000
v -0.10148426 -0.02949075 -0.03423333
v -0.10151060 -0.02941545 -0.03510000
v -0.10149084 -0.02947192 -0.03770000
v -0.10149743 -0.02945310 -0.03596667
v -0.10153452 -0.02936062 -0.03510000
v -0.10152655 -0.02937890 -0.03423333
v -0.10155845 -0.02930579 -0.03510000
v -0.10153452 -0.02936062 -0.03770000
v -0.10154250 -0.02934234 -0.03596667
v -0.10158640 -0.02925289 -0.03510000
v -0.10157709 -0.02927052 -0.03423333
v -0.10161436 -0.02920000 -0.03510000
v -0.10158640 -0.02925289 -0.03770000
v -0.10159572 -0.02923526 -0.03596667
v -0.10164619 -0.02914934 -0.03510000
v -0.10163558 -0.02916623 -0.03423333
v -0.10167802 -0.02909869 -0.03510000
v -0.10164619 -0.02914934 -0.03770000
v -0.10165680 -0.02913246 -0.03596667
v -0.10171354 -0.02905055 -0.03510000
v -0.10170170 -0.02906660 -0.03423333
v -0.10174907 -0.02900241 -0.03510000
v -0.10171354 -0.02905055 -0.03770000
v -0.10172539 -0.02903451 -0.03596667
v -0.10178809 -0.02895707 -0.03510000
v -0.10177509 -0.02897218 -0.03423333
v -0.10182712 -0.02891172 -0.03510000
v -0.10178809 -0.02895707 -0.03770000
v -0.10180110 -0.02894195 -0.03596667
v -0.10186942 -0.02886942 -0.03510000
v -0.10186942 -0.02886942 -0.03770000
v -0.10185532 -0.02888352 -0.03596667
v -0.10191172 -0.02882712 -0.03510000
v -0.10188352 -0.02885532 -0.03423333
v -0.10195707 -0.02878809 -0.03510000
v -0.10194195 -0.02880110 -0.03423333
v -0.10200241 -0.02874907 -0.03510000
v -0.10195707 -0.02878809 -0.03770000
v -0.10197218 -0.02877509 -0.03596667
v -0.10205055 -0.02871354 -0.03510000
v -0.10203451 -0.02872539 -0.03423333
v -0.10209869 -0.02867802 -0.03510000
v -0.10205055 -0.02871354 -0.03770000
v -0.10206660 -0.02870170 -0.03596667
v -0.10214934 -0.02864619 -0.03510000
v -0.10213246 -0.02865680 -0.03423333
v -0.10220000 -0.02861436 -0.03510000
v -0.10214934 -0.02864619 -0.03770000
v -0.10216623 -0.02863558 -0.03596667
v -0.10230579 -0.02855845 -0.03510000
v -0.10225289 -0.02858640 -0.03770000
v -0.10225289 -0.02858640 -0.03510000
v -0.10227052 -0.02857709 -0.03596667
v -0.10223526 -0.02859572 -0.03423333
v -0.10241545 -0.02851060 -0.03510000
v -0.10236062 -0.02853452 -0.03770000
v -0.10236062 -0.02853452 -0.03510000
v -0.10237890 -0.02852655 -0.03596667
v -0.10234234 -0.02854250 -0.03423333
v -0.10252839 -0.02847108 -0.03510000
v -0.10247192 -0.02849084 -0.03770000
v -0.10247192 -0.02849084 -0.03510000
v -0.10249075 -0.02848426 -0.03596667
v -0.10258618 -0.02845560 -0.03510000
v -0.10258618 -0.02845560 -0.03770000
v -0.10256692 -0.02846076 -0.03596667
v -0.10245310 -0.02849743 -0.03423333
v -0.10264397 -0.02844012 -0.03510000
v -0.10260544 -0.02845044 -0.03423333
v -0.10276153 -0.02841787 -0.03510000
v -0.10270275 -0.02842899 -0.03770000
v -0.10270275 -0.02842899 -0.03510000
v -0.10272234 -0.02842529 -0.03596667
v -0.10268316 -0.02843270 -0.03423333
v -0.10300000 -0.02840000 -0.03650000
v -0.10294022 -0.02840224 -0.03770000
v -0.10294022 -0.02840224 -0.03650000
v -0.10296014 -0.02840149 -0.03690000
v -0.10294022 -0.02840224 -0.03390000
v -0.10288043 -0.02840447 -0.03510000
v -0.10292029 -0.02840298 -0.03516667
v -0.10282098 -0.02841117 -0.03770000
v -0.10282098 -0.02841117 -0.03510000
v -0.10284080 -0.02840894 -0.03596667
v -0.10280117 -0.02841340 -0.03423333
v -0.10300000 -0.02840000 -0.03440000
v -0.10294022 -0.02840224 -0.03300000
v -0.10296014 -0.02840149 -0.03376667
v -0.10311957 -0.02840447 -0.03723971
v -0.10305978 -0.02840224 -0.03530000
v -0.10303986 -0.02840149 -0.03610000
v -0.10305978 -0.02840224 -0.03770000
v -0.10317902 -0.02841117 -0.03770000
v -0.10317902 -0.02841117 -0.03650000
v -0.10315920 -0.02840894 -0.03690000
v -0.10300000 -0.02840000 -0.03300000
v -0.10296014 -0.02840149 -0.03283333
v -0.10311957 -0.02840447 -0.03285810
v -0.10303986 -0.02840149 -0.03316667
v -0.10335603 -0.02844012 -0.03653244
v -0.10329725 -0.02842899 -0.03770000
v -0.10329725 -0.02842899 -0.03650000
v -0.10329725 -0.02842899 -0.03530000
v -0.10327766 -0.02842529 -0.03610000
v -0.10317902 -0.02841117 -0.03300000
v -0.10347161 -0.02847108 -0.03626947
v -0.10341382 -0.02845560 -0.03770000
v -0.10341382 -0.02845560 -0.03650000
v -0.10343308 -0.02846076 -0.03690000
v -0.10341382 -0.02845560 -0.03530000
v -0.10329725 -0.02842899 -0.03300000
v -0.10327766 -0.02842529 -0.03283333
v -0.10335603 -0.02844012 -0.03293728
v -0.10347161 -0.02847108 -0.03331689
v -0.10358455 -0.02851060 -0.03648976
v -0.10352808 -0.02849084 -0.03770000
v -0.10352808 -0.02849084 -0.03650000
v -0.10358455 -0.02851060 -0.03530000
v -0.10369421 -0.02855845 -0.03654923
v -0.10363938 -0.02853452 -0.03770000
v -0.10363938 -0.02853452 -0.03650000
v -0.10363938 -0.02853452 -0.03530000
v -0.10374711 -0.02858640 -0.03770000
v -0.10374711 -0.02858640 -0.03650000
v -0.10350925 -0.02848426 -0.03283333
v -0.10374711 -0.02858640 -0.03530000
v -0.10376474 -0.02859572 -0.03610000
v -0.10363938 -0.02853452 -0.03300000
v -0.10369421 -0.02855845 -0.03294577
v -0.10390131 -0.02867802 -0.03650000
v -0.10385066 -0.02864619 -0.03770000
v -0.10385066 -0.02864619 -0.03650000
v -0.10386754 -0.02865680 -0.03690000
v -0.10399759 -0.02874907 -0.03689236
v -0.10394945 -0.02871354 -0.03770000
v -0.10394945 -0.02871354 -0.03650000
v -0.10394945 -0.02871354 -0.03530000
v -0.10393340 -0.02870170 -0.03610000
v -0.10404293 -0.02878809 -0.03770000
v -0.10404293 -0.02878809 -0.03650000
v -0.10390131 -0.02867802 -0.03284287
v -0.10385066 -0.02864619 -0.03300000
v -0.10383377 -0.02863558 -0.03283333
v -0.10399759 -0.02874907 -0.03302662
v -0.10394945 -0.02871354 -0.03300000
v -0.10417288 -0.02891172 -0.03664147
v -0.10413058 -0.02886942 -0.03770000
v -0.10413058 -0.02886942 -0.03650000
v -0.10413058 -0.02886942 -0.03530000
v -0.10411648 -0.02885532 -0.03610000
v -0.10408828 -0.02882712 -0.03286201
v -0.10404293 -0.02878809 -0.03300000
v -0.10425093 -0.02900241 -0.03654090
v -0.10421191 -0.02895707 -0.03770000
v -0.10421191 -0.02895707 -0.03650000
v -0.10421191 -0.02895707 -0.03530000
v -0.10419890 -0.02894195 -0.03610000
v -0.10413058 -0.02886942 -0.03300000
v -0.10432198 -0.02909869 -0.03650000
v -0.10428646 -0.02905055 -0.03770000
v -0.10428646 -0.02905055 -0.03650000
v -0.10429830 -0.02906660 -0.03690000
v -0.10428646 -0.02905055 -0.03530000
v -0.10425093 -0.02900241 -0.03311019
v -0.10421191 -0.02895707 -0.03300000
v -0.10419890 -0.02894195 -0.03283333
v -0.10428646 -0.02905055 -0.03300000
v -0.10435381 -0.02914934 -0.03650000
v -0.10435381 -0.02914934 -0.03530000
v -0.10434320 -0.02913246 -0.03610000
v -0.10438564 -0.02920000 -0.03650000
v -0.10435381 -0.02914934 -0.03770000
v -0.10436442 -0.02916623 -0.03690000
v -0.10432198 -0.02909869 -0.03306293
v -0.10441360 -0.02925289 -0.03650000
v -0.10441360 -0.02925289 -0.03530000
v -0.10440428 -0.02923526 -0.03610000
v -0.10444155 -0.02930579 -0.03696996
v -0.10441360 -0.02925289 -0.03770000
v -0.10446548 -0.02936062 -0.03650000
v -0.10446548 -0.02936062 -0.03530000
v -0.10445750 -0.02934234 -0.03610000
v -0.10450916 -0.02947192 -0.03650000
v -0.10448940 -0.02941545 -0.03664819
v -0.10441360 -0.02925289 -0.03300000
v -0.10440428 -0.02923526 -0.03283333
v -0.10452892 -0.02952839 -0.03650000
v -0.10450916 -0.02947192 -0.03530000
v -0.10451574 -0.02949075 -0.03610000
v -0.10448940 -0.02941545 -0.03290157
v -0.10454440 -0.02958618 -0.03650000
v -0.10454440 -0.02958618 -0.03530000
v -0.10453924 -0.02956692 -0.03610000
v -0.10457101 -0.02970275 -0.03650000
v -0.10455988 -0.02964397 -0.03625043
v -0.10450916 -0.02947192 -0.03300000
v -0.10452892 -0.02952839 -0.03321213
v -0.10458213 -0.02976153 -0.03654301
v -0.10457101 -0.02970275 -0.03530000
v -0.10454440 -0.02958618 -0.03300000
v -0.10455988 -0.02964397 -0.03309219
v -0.10457101 -0.02970275 -0.03300000
v -0.10459553 -0.02988043 -0.03650000
v -0.10458883 -0.02982098 -0.03770000
v -0.10459106 -0.02984080 -0.03690000
v -0.10458883 -0.02982098 -0.03530000
v -0.10458213 -0.02976153 -0.03324914
v -0.10460000 -0.03000000 -0.03646400
v -0.10459776 -0.02994022 -0.03770000
v -0.10459776 -0.02994022 -0.03650000
v -0.10459776 -0.02994022 -0.03530000
v -0.10459702 -0.02992029 -0.03610000
v -0.10458883 -0.02982098 -0.03300000
v -0.10459776 -0.02994022 -0.03300000
v -0.10459702 -0.02992029 -0.03283333
v -0.10459553 -0.03011957 -0.03300000
v -0.10459776 -0.03005978 -0.03300000
v -0.10459702 -0.03007971 -0.03316667
v -0.10459851 -0.03003986 -0.03283333
v -0.10458883 -0.03017902 -0.03300000
v -0.10459106 -0.03015920 -0.03316667
v -0.10458213 -0.03023847 -0.03255418
v -0.10455988 -0.03035603 -0.03298986
v -0.10457101 -0.03029725 -0.03250000
v -0.10454440 -0.03041382 -0.03300000
v -0.10452892 -0.03047161 -0.03304053
v -0.10448940 -0.03058455 -0.03294107
v -0.10450916 -0.03052808 -0.03300000
v -0.10446548 -0.03063938 -0.03300000
v -0.10444155 -0.03069421 -0.03312134
v -0.10441360 -0.03074711 -0.03300000
v -0.10435381 -0.03085066 -0.03300000
v -0.10436442 -0.03083377 -0.03283333
v -0.10432198 -0.03090131 -0.03300000
v -0.10434320 -0.03086754 -0.03316667
v -0.10428646 -0.03094945 -0.03300000
v -0.10429830 -0.03093340 -0.03316667
v -0.10425093 -0.03099759 -0.03305271
v -0.10417288 -0.03108828 -0.03285521
v -0.10413058 -0.03113058 -0.03300000
v -0.10408828 -0.03117288 -0.03302377
v -0.10404293 -0.03121191 -0.03300000
v -0.10399759 -0.03125093 -0.03325593
v -0.10394945 -0.03128646 -0.03300000
v -0.10390131 -0.03132198 -0.03279358
v -0.10376474 -0.03140428 -0.03283333
v -0.10369421 -0.03144155 -0.03300000
v -0.10372948 -0.03142291 -0.03316667
v -0.10365766 -0.03145750 -0.03283333
v -0.10358455 -0.03148940 -0.03303071
v -0.10347161 -0.03152892 -0.03316557
v -0.10343308 -0.03153924 -0.03283333
v -0.10335603 -0.03155988 -0.03300000
v -0.10339456 -0.03154956 -0.03316667
v -0.10331684 -0.03156730 -0.03283333
v -0.10327766 -0.03157471 -0.03316667
v -0.10317902 -0.03158883 -0.03300000
v -0.10319883 -0.03158660 -0.03316667
v -0.10315920 -0.03159106 -0.03283333
v -0.10307971 -0.03159702 -0.03283333
v -0.10303986 -0.03159851 -0.03316667
v -0.10294022 -0.03159776 -0.03300000
v -0.10296014 -0.03159851 -0.03316667
v -0.10292029 -0.03159702 -0.03283333
v -0.10282098 -0.03158883 -0.03250000
v -0.10276153 -0.03158213 -0.03342710
v -0.10276153 -0.03158213 -0.03350000
v -0.10272234 -0.03157471 -0.03283333
v -0.10252839 -0.03152892 -0.03308474
v -0.10260544 -0.03154956 -0.03316667
v -0.10247192 -0.03150916 -0.03300000
v -0.10236062 -0.03146548 -0.03300000
v -0.10237890 -0.03147345 -0.03283333
v -0.10230579 -0.03144155 -0.03318212
v -0.10225289 -0.03141360 -0.03300000
v -0.10220000 -0.03138564 -0.03293923
v -0.10205055 -0.03128646 -0.03300000
v -0.10206660 -0.03129830 -0.03316667
v -0.10200241 -0.03125093 -0.03303508
v -0.10191172 -0.03117288 -0.03286567
v -0.10195707 -0.03121191 -0.03300000
v -0.10182712 -0.03108828 -0.03299659
v -0.10186942 -0.03113058 -0.03300000
v -0.10178809 -0.03104293 -0.03250000
v -0.10174907 -0.03099759 -0.03273116
v -0.10171354 -0.03094945 -0.03300000
v -0.10164619 -0.03085066 -0.03300000
v -0.10165680 -0.03086754 -0.03316667
v -0.10158640 -0.03074711 -0.03300000
v -0.10159572 -0.03076474 -0.03316667
v -0.10155845 -0.03069421 -0.03320659
v -0.10153452 -0.03063938 -0.03300000
v -0.10151060 -0.03058455 -0.03350000
v -0.10149743 -0.03054690 -0.03283333
v -0.10145560 -0.03041382 -0.03350000
v -0.10142899 -0.03029725 -0.03300000
v -0.10143270 -0.03031684 -0.03283333
v -0.10141117 -0.03017902 -0.03300000
v -0.10141787 -0.03023847 -0.03322114
v -0.10140447 -0.03011957 -0.03301757
v -0.10300000 -0.01533333 -0.03455000
v -0.10300000 -0.01720000 -0.03530000
v -0.10300000 -0.02093333 -0.03410000
v -0.10120000 -0.03000000 -0.03770000
v -0.10100000 -0.01800000 -0.03770000
v -0.10100000 -0.03000000 -0.03560000
v 0.04070833 0.00600000 -0.03670000
v 0.04025000 0.00600000 -0.03770000
v 0.04541667 0.00600000 -0.03857500
v 0.04250000 0.00600000 -0.03845000
v 0.04975000 0.00600000 -0.03770000
v 0.05000000 0.00600000 -0.03440000
v 0.05133333 0.00600000 -0.03550000
v 0.04354167 0.00600000 -0.03670000
v 0.04500000 0.00600000 -0.03530000
v 0.05200000 0.01800000 -0.03770000
v 0.05200000 0.01800000 -0.03560000
v 0.05200000 0.02200000 -0.03630000
v 0.05200000 0.01400000 -0.03490000
v 0.05000000 0.01600000 -0.03455000
v 0.05000000 0.03000000 -0.03440000
v 0.04055000 0.03000000 -0.03770000
v 0.04125000 0.03000000 -0.03650000
v 0.03860000 0.03000000 -0.03560000
v 0.04000000 0.03000000 -0.03440000
v 0.04500000 0.03000000 -0.03920000
v 0.04250000 0.03000000 -0.03845000
v 0.04983333 0.03000000 -0.03690000
v 0.05100000 0.03000000 -0.03440000
v 0.05066667 0.03000000 -0.03410000
v 0.05133333 0.03000000 -0.03550000
v 0.04354167 0.03000000 -0.03670000
v 0.04000000 0.01900000 -0.03432500
v 0.03800000 0.02875100 -0.03560000
v 0.03800000 0.01737550 -0.03770000
v 0.03800000 0.00600000 -0.03560000
v 0.03859552 0.03011959 -0.03300000
v 0.03859702 0.03007973 -0.03316667
v 0.03858883 0.03017904 -0.03300000
v 0.03859106 0.03015922 -0.03283333
v 0.03858212 0.03023851 -0.03300000
v 0.03858659 0.03019888 -0.03316667
v 0.03857100 0.03029729 -0.03300000
v 0.03857471 0.03027768 -0.03283333
v 0.03855987 0.03035609 -0.03300000
v 0.03856728 0.03031691 -0.03316667
v 0.03852889 0.03047169 -0.03300000
v 0.03854438 0.03041388 -0.03300000
v 0.03853921 0.03043318 -0.03316667
v 0.03854955 0.03039460 -0.03283333
v 0.03848936 0.03058465 -0.03300000
v 0.03850913 0.03052816 -0.03300000
v 0.03850253 0.03054702 -0.03316667
v 0.03851573 0.03050931 -0.03283333
v 0.03844149 0.03069433 -0.03300000
v 0.03846544 0.03063948 -0.03300000
v 0.03845744 0.03065780 -0.03316667
v 0.03847342 0.03062117 -0.03283333
v 0.03841354 0.03074722 -0.03300000
v 0.03842288 0.03072955 -0.03283333
v 0.03840419 0.03076490 -0.03316667
v 0.03835374 0.03085079 -0.03300000
v 0.03836437 0.03083386 -0.03283333
v 0.03832188 0.03090145 -0.03300000
v 0.03834309 0.03086772 -0.03316667
v 0.03829823 0.03093350 -0.03283333
v 0.03825081 0.03099773 -0.03300000
v 0.03827447 0.03096569 -0.03316667
v 0.03821178 0.03104308 -0.03300000
v 0.03822483 0.03102792 -0.03283333
v 0.03817274 0.03108844 -0.03300000
v 0.03819872 0.03105825 -0.03316667
v 0.03813044 0.03113074 -0.03300000
v 0.03814458 0.03111658 -0.03283333
v 0.03808810 0.03117304 -0.03300000
v 0.03811627 0.03114489 -0.03316667
v 0.03804276 0.03121207 -0.03300000
v 0.03805793 0.03119901 -0.03283333
v 0.03799738 0.03125109 -0.03300000
v 0.03802756 0.03122513 -0.03316667
v 0.03794925 0.03128662 -0.03300000
v 0.03796536 0.03127472 -0.03283333
v 0.03790108 0.03132214 -0.03300000
v 0.03793311 0.03129851 -0.03316667
v 0.03785043 0.03135397 -0.03300000
v 0.03786739 0.03134331 -0.03283333
v 0.03779974 0.03138579 -0.03300000
v 0.03783344 0.03136463 -0.03316667
v 0.03774685 0.03141375 -0.03300000
v 0.03776456 0.03140438 -0.03283333
v 0.03769392 0.03144169 -0.03300000
v 0.03772911 0.03142311 -0.03316667
v 0.03758423 0.03148952 -0.03300000
v 0.03763909 0.03146561 -0.03300000
v 0.03762070 0.03147362 -0.03316667
v 0.03765747 0.03145759 -0.03283333
v 0.03747126 0.03152902 -0.03300000
v 0.03752776 0.03150928 -0.03300000
v 0.03750881 0.03151590 -0.03316667
v 0.03754669 0.03150265 -0.03283333
v 0.03735566 0.03155997 -0.03300000
v 0.03741347 0.03154451 -0.03300000
v 0.03739407 0.03154969 -0.03316667
v 0.03743285 0.03153931 -0.03283333
v 0.03723806 0.03158219 -0.03300000
v 0.03729687 0.03157109 -0.03300000
v 0.03727714 0.03157481 -0.03316667
v 0.03731659 0.03156736 -0.03283333
v 0.03711914 0.03159556 -0.03300000
v 0.03717862 0.03158889 -0.03300000
v 0.03715865 0.03159112 -0.03316667
v 0.03719857 0.03158664 -0.03283333
v 0.03699955 0.03160000 -0.03300000
v 0.03705936 0.03159779 -0.03300000
v 0.03703927 0.03159853 -0.03316667
v 0.03707943 0.03159704 -0.03283333
v 0.03693977 0.03159776 -0.03300000
v 0.03691967 0.03159700 -0.03316667
v 0.03695984 0.03159851 -0.03283333
v 0.03676105 0.03158206 -0.03300000
v 0.03682051 0.03158879 -0.03300000
v 0.03680053 0.03158652 -0.03316667
v 0.03684048 0.03159104 -0.03283333
v 0.03664346 0.03155977 -0.03300000
v 0.03670226 0.03157093 -0.03300000
v 0.03668250 0.03156717 -0.03316667
v 0.03672202 0.03157467 -0.03283333
v 0.03652788 0.03152876 -0.03300000
v 0.03658567 0.03154428 -0.03300000
v 0.03656624 0.03153906 -0.03316667
v 0.03660511 0.03154948 -0.03283333
v 0.03641493 0.03148919 -0.03300000
v 0.03647141 0.03150900 -0.03300000
v 0.03645241 0.03150233 -0.03316667
v 0.03649040 0.03151564 -0.03283333
v 0.03630526 0.03144130 -0.03300000
v 0.03636010 0.03146527 -0.03300000
v 0.03634165 0.03145720 -0.03316667
v 0.03637855 0.03147331 -0.03283333
v 0.03619948 0.03138534 -0.03300000
v 0.03625237 0.03141335 -0.03300000
v 0.03623457 0.03140391 -0.03316667
v 0.03627017 0.03142275 -0.03283333
v 0.03609817 0.03132163 -0.03300000
v 0.03614882 0.03135351 -0.03300000
v 0.03613177 0.03134277 -0.03316667
v 0.03616588 0.03136422 -0.03283333
v 0.03600191 0.03125053 -0.03300000
v 0.03605004 0.03128611 -0.03300000
v 0.03603383 0.03127411 -0.03316667
v 0.03606625 0.03129807 -0.03283333
v 0.03591124 0.03117243 -0.03300000
v 0.03595657 0.03121151 -0.03300000
v 0.03594129 0.03119833 -0.03316667
v 0.03597185 0.03122465 -0.03283333
v 0.03582665 0.03108777 -0.03300000
v 0.03586893 0.03113013 -0.03300000
v 0.03585468 0.03111584 -0.03316667
v 0.03588320 0.03114438 -0.03283333
v 0.03578762 0.03104242 -0.03300000
v 0.03580079 0.03105771 -0.03283333
v 0.03574863 0.03099703 -0.03300000
v 0.03577448 0.03102711 -0.03316667
v 0.03571310 0.03094889 -0.03300000
v 0.03572509 0.03096512 -0.03283333
v 0.03567760 0.03090071 -0.03300000
v 0.03570113 0.03093263 -0.03316667
v 0.03565652 0.03086714 -0.03283333
v 0.03561398 0.03079935 -0.03300000
v 0.03563505 0.03083294 -0.03316667
v 0.03558603 0.03074646 -0.03300000
v 0.03559547 0.03076431 -0.03283333
v 0.03555811 0.03069352 -0.03300000
v 0.03557661 0.03072858 -0.03316667
v 0.03553419 0.03063868 -0.03300000
v 0.03554228 0.03065719 -0.03283333
v 0.03551031 0.03058381 -0.03300000
v 0.03552614 0.03062015 -0.03316667
v 0.03547084 0.03047083 -0.03300000
v 0.03549055 0.03052734 -0.03300000
v 0.03548390 0.03050824 -0.03316667
v 0.03549724 0.03054641 -0.03283333
v 0.03543993 0.03035522 -0.03300000
v 0.03545536 0.03041304 -0.03300000
v 0.03545015 0.03039349 -0.03316667
v 0.03546060 0.03043256 -0.03283333
v 0.03541774 0.03023762 -0.03300000
v 0.03542881 0.03029643 -0.03300000
v 0.03542508 0.03027655 -0.03316667
v 0.03543258 0.03031630 -0.03283333
v 0.03540441 0.03011869 -0.03300000
v 0.03541105 0.03017817 -0.03300000
v 0.03540881 0.03015805 -0.03316667
v 0.03541332 0.03019827 -0.03283333
v 0.03540217 0.03005891 -0.03300000
v 0.03540145 0.03003867 -0.03316667
v 0.03540294 0.03007913 -0.03283333
v 0.03540454 0.02987951 -0.03300000
v 0.03540224 0.02993932 -0.03300000
v 0.03540303 0.02991908 -0.03316667
v 0.03540149 0.02995954 -0.03283333
v 0.03541801 0.02976060 -0.03300000
v 0.03541124 0.02982006 -0.03300000
v 0.03541354 0.02979993 -0.03316667
v 0.03540898 0.02984019 -0.03283333
v 0.03544033 0.02964302 -0.03300000
v 0.03542913 0.02970182 -0.03300000
v 0.03543294 0.02968191 -0.03316667
v 0.03542538 0.02972172 -0.03283333
v 0.03545581 0.02958524 -0.03300000
v 0.03546110 0.02956566 -0.03316667
v 0.03545058 0.02960481 -0.03283333
v 0.03551097 0.02941451 -0.03300000
v 0.03549113 0.02947098 -0.03300000
v 0.03549787 0.02945184 -0.03316667
v 0.03548445 0.02949011 -0.03283333
v 0.03555890 0.02930486 -0.03300000
v 0.03553489 0.02935968 -0.03300000
v 0.03554305 0.02934110 -0.03316667
v 0.03552680 0.02937827 -0.03283333
v 0.03561488 0.02919909 -0.03300000
v 0.03558685 0.02925196 -0.03300000
v 0.03559637 0.02923404 -0.03316667
v 0.03557738 0.02926991 -0.03283333
v 0.03567862 0.02909780 -0.03300000
v 0.03564671 0.02914843 -0.03300000
v 0.03565755 0.02913126 -0.03316667
v 0.03563593 0.02916562 -0.03283333
v 0.03574975 0.02900156 -0.03300000
v 0.03571415 0.02904967 -0.03300000
v 0.03572624 0.02903335 -0.03316667
v 0.03570211 0.02906601 -0.03283333
v 0.03582788 0.02891090 -0.03300000
v 0.03578878 0.02895621 -0.03300000
v 0.03580206 0.02894084 -0.03316667
v 0.03577554 0.02897161 -0.03283333
v 0.03591256 0.02882634 -0.03300000
v 0.03587018 0.02886860 -0.03300000
v 0.03588458 0.02885426 -0.03316667
v 0.03585582 0.02888298 -0.03283333
v 0.03600333 0.02874835 -0.03300000
v 0.03595790 0.02878732 -0.03300000
v 0.03597335 0.02877409 -0.03316667
v 0.03594251 0.02880059 -0.03283333
v 0.03609966 0.02867735 -0.03300000
v 0.03605146 0.02871282 -0.03300000
v 0.03606785 0.02870078 -0.03316667
v 0.03603511 0.02872490 -0.03283333
v 0.03620104 0.02861376 -0.03300000
v 0.03615032 0.02864552 -0.03300000
v 0.03616757 0.02863474 -0.03316667
v 0.03613311 0.02865635 -0.03283333
v 0.03630689 0.02855792 -0.03300000
v 0.03625394 0.02858580 -0.03300000
v 0.03627195 0.02857633 -0.03316667
v 0.03623596 0.02859532 -0.03283333
v 0.03636172 0.02853400 -0.03300000
v 0.03634308 0.02854215 -0.03283333
v 0.03641661 0.02851015 -0.03300000
v 0.03638041 0.02852590 -0.03316667
v 0.03647308 0.02849039 -0.03300000
v 0.03645387 0.02849713 -0.03283333
v 0.03652960 0.02847071 -0.03300000
v 0.03649233 0.02848371 -0.03316667
v 0.03658739 0.02845523 -0.03300000
v 0.03656772 0.02846051 -0.03283333
v 0.03664522 0.02843983 -0.03300000
v 0.03660709 0.02845000 -0.03316667
v 0.03670401 0.02842871 -0.03300000
v 0.03668399 0.02843251 -0.03283333
v 0.03676283 0.02841768 -0.03300000
v 0.03672404 0.02842496 -0.03316667
v 0.03682228 0.02841098 -0.03300000
v 0.03680203 0.02841327 -0.03283333
v 0.03688176 0.02840437 -0.03300000
v 0.03684255 0.02840874 -0.03316667
v 0.03694154 0.02840214 -0.03300000
v 0.03692117 0.02840292 -0.03283333
v 0.03700135 0.02840000 -0.03300000
v 0.03696193 0.02840143 -0.03316667
v 0.03706114 0.02840224 -0.03300000
v 0.03704076 0.02840149 -0.03283333
v 0.03712094 0.02840458 -0.03300000
v 0.03708153 0.02840305 -0.03316667
v 0.03718039 0.02841127 -0.03300000
v 0.03716011 0.02840901 -0.03283333
v 0.03723985 0.02841808 -0.03300000
v 0.03720067 0.02841361 -0.03316667
v 0.03729863 0.02842920 -0.03300000
v 0.03727857 0.02842543 -0.03283333
v 0.03735741 0.02844043 -0.03300000
v 0.03731868 0.02843305 -0.03316667
v 0.03741520 0.02845592 -0.03300000
v 0.03739548 0.02845065 -0.03283333
v 0.03747298 0.02847151 -0.03300000
v 0.03743492 0.02846126 -0.03316667
v 0.03752945 0.02849127 -0.03300000
v 0.03751017 0.02848454 -0.03283333
v 0.03758591 0.02851114 -0.03300000
v 0.03754872 0.02849807 -0.03316667
v 0.03764074 0.02853506 -0.03300000
v 0.03762201 0.02852691 -0.03283333
v 0.03769555 0.02855909 -0.03300000
v 0.03765945 0.02854329 -0.03316667
v 0.03774844 0.02858705 -0.03300000
v 0.03773037 0.02857751 -0.03283333
v 0.03780130 0.02861511 -0.03300000
v 0.03776650 0.02859665 -0.03316667
v 0.03790257 0.02867888 -0.03300000
v 0.03785196 0.02864694 -0.03300000
v 0.03786925 0.02865788 -0.03316667
v 0.03783464 0.02863608 -0.03283333
v 0.03804518 0.02879002 -0.03560000
v 0.03804518 0.02879002 -0.03770000
v 0.03803012 0.02877702 -0.03630000
v 0.03799879 0.02875003 -0.03300000
v 0.03795071 0.02871441 -0.03300000
v 0.03796714 0.02872660 -0.03316667
v 0.03793424 0.02870228 -0.03283333
v 0.03804414 0.02878906 -0.03300000
v 0.03802862 0.02877573 -0.03283333
v 0.03808932 0.02882808 -0.03510000
v 0.03805954 0.02880239 -0.03456667
v 0.03817376 0.02891267 -0.03510000
v 0.03813250 0.02887133 -0.03770000
v 0.03813162 0.02887038 -0.03510000
v 0.03814596 0.02888479 -0.03596667
v 0.03811717 0.02885596 -0.03423333
v 0.03825165 0.02900333 -0.03510000
v 0.03821350 0.02895892 -0.03770000
v 0.03821278 0.02895802 -0.03510000
v 0.03822598 0.02897342 -0.03596667
v 0.03819948 0.02894258 -0.03423333
v 0.03832256 0.02909954 -0.03510000
v 0.03828776 0.02905231 -0.03770000
v 0.03828718 0.02905146 -0.03510000
v 0.03829917 0.02906777 -0.03596667
v 0.03827510 0.02903511 -0.03423333
v 0.03838609 0.02920078 -0.03510000
v 0.03835484 0.02915098 -0.03770000
v 0.03835439 0.02915020 -0.03510000
v 0.03836511 0.02916732 -0.03596667
v 0.03834359 0.02913303 -0.03423333
v 0.03844189 0.02930648 -0.03510000
v 0.03841438 0.02925437 -0.03770000
v 0.03841405 0.02925367 -0.03510000
v 0.03842344 0.02927151 -0.03596667
v 0.03840458 0.02923578 -0.03423333
v 0.03848963 0.02941605 -0.03510000
v 0.03846605 0.02936192 -0.03770000
v 0.03846581 0.02936132 -0.03510000
v 0.03847383 0.02937976 -0.03596667
v 0.03845772 0.02934281 -0.03423333
v 0.03852907 0.02952888 -0.03510000
v 0.03850954 0.02947302 -0.03770000
v 0.03850939 0.02947252 -0.03510000
v 0.03851600 0.02949148 -0.03596667
v 0.03850273 0.02945350 -0.03423333
v 0.03855997 0.02964434 -0.03510000
v 0.03854464 0.02958705 -0.03770000
v 0.03854455 0.02958667 -0.03510000
v 0.03854972 0.02960602 -0.03596667
v 0.03853934 0.02956725 -0.03423333
v 0.03857109 0.02970313 -0.03510000
v 0.03856736 0.02968341 -0.03423333
v 0.03858217 0.02976179 -0.03510000
v 0.03857113 0.02970338 -0.03770000
v 0.03857480 0.02972277 -0.03596667
v 0.03858887 0.02982124 -0.03510000
v 0.03858662 0.02980134 -0.03423333
v 0.03859554 0.02988056 -0.03510000
v 0.03858887 0.02982137 -0.03770000
v 0.03859109 0.02984105 -0.03596667
v 0.03859777 0.02994035 -0.03560000
v 0.03859776 0.02994022 -0.03300000
v 0.03859702 0.02992037 -0.03456667
v 0.03859777 0.02994035 -0.03770000
v 0.03859851 0.02996023 -0.03630000
v -0.03500000 0.00600000 -0.03560000
v -0.03229167 0.00600000 -0.03670000
v -0.03275000 0.00600000 -0.03770000
v -0.02758333 0.00600000 -0.03857500
v -0.02325000 0.00600000 -0.03770000
v -0.02100000 0.00600000 -0.03560000
v -0.02945833 0.00600000 -0.03670000
v -0.02800000 0.00600000 -0.03530000
v -0.02716667 0.00600000 -0.03610000
v -0.02100000 0.01800000 -0.03560000
v -0.02100000 0.02200000 -0.03630000
v -0.02300000 0.00600000 -0.03440000
v -0.02300000 0.03000000 -0.03440000
v -0.02300000 0.02200000 -0.03410000
v -0.03416667 0.03000000 -0.03600000
v -0.03383333 0.03000000 -0.03425000
v -0.03229167 0.03000000 -0.03670000
v -0.02800000 0.03000000 -0.03920000
v -0.02316667 0.03000000 -0.03690000
v -0.02200000 0.03000000 -0.03440000
v -0.02233333 0.03000000 -0.03410000
v -0.02166667 0.03000000 -0.03550000
v -0.02800000 0.03000000 -0.03530000
v -0.02945833 0.03000000 -0.03670000
v -0.03300000 0.01900000 -0.03432500
v -0.03500000 0.02200000 -0.03630000
v -0.10100000 0.01800000 -0.03770000
v -0.10300000 0.01626667 -0.03432500
v -0.10300000 0.02840000 -0.03440000
v -0.10300000 0.01720000 -0.03530000
v -0.10140000 0.03000000 -0.03560000
v -0.10140000 0.03000000 -0.03311162
v -0.10139854 0.03000056 -0.03350000
v -0.10141117 0.03017902 -0.03300000
v -0.10140894 0.03015920 -0.03283333
v -0.10141340 0.03019883 -0.03316667
v -0.10142899 0.03029725 -0.03300000
v -0.10145560 0.03041382 -0.03300000
v -0.10144012 0.03035603 -0.03293037
v -0.10149084 0.03052808 -0.03300000
v -0.10147108 0.03047161 -0.03320144
v -0.10149743 0.03054690 -0.03316667
v -0.10153452 0.03063938 -0.03350000
v -0.10158640 0.03074711 -0.03300000
v -0.10157709 0.03072948 -0.03283333
v -0.10161436 0.03080000 -0.03294127
v -0.10164619 0.03085066 -0.03300000
v -0.10171354 0.03094945 -0.03300000
v -0.10170170 0.03093340 -0.03283333
v -0.10174907 0.03099758 -0.03299060
v -0.10178809 0.03104293 -0.03300000
v -0.10182712 0.03108828 -0.03300664
v -0.10186942 0.03113058 -0.03300000
v -0.10195707 0.03121191 -0.03300000
v -0.10197218 0.03122491 -0.03316667
v -0.10205055 0.03128646 -0.03300000
v -0.10209869 0.03132198 -0.03303822
v -0.10214934 0.03135381 -0.03300000
v -0.10213246 0.03134320 -0.03283333
v -0.10220000 0.03138564 -0.03303445
v -0.10225289 0.03141360 -0.03300000
v -0.10241545 0.03148940 -0.03310172
v -0.10236062 0.03146547 -0.03300000
v -0.10234234 0.03145750 -0.03283333
v -0.10247192 0.03150916 -0.03300000
v -0.10258618 0.03154440 -0.03300000
v -0.10256692 0.03153924 -0.03316667
v -0.10264397 0.03155988 -0.03296076
v -0.10276153 0.03158213 -0.03300752
v -0.10284080 0.03159106 -0.03316667
v -0.10280117 0.03158660 -0.03283333
v -0.10294022 0.03159776 -0.03300000
v -0.10296014 0.03159851 -0.03316667
v -0.10292029 0.03159702 -0.03283333
v -0.10305978 0.03159776 -0.03300000
v -0.10307971 0.03159702 -0.03316667
v -0.10303986 0.03159851 -0.03283333
v -0.10315920 0.03159106 -0.03283333
v -0.10323847 0.03158213 -0.03300000
v -0.10319883 0.03158660 -0.03316667
v -0.10327766 0.03157471 -0.03283333
v -0.10335603 0.03155988 -0.03300000
v -0.10331684 0.03156730 -0.03316667
v -0.10341382 0.03154440 -0.03300000
v -0.10339456 0.03154956 -0.03316667
v -0.10343308 0.03153924 -0.03283333
v -0.10352808 0.03150916 -0.03300000
v -0.10354690 0.03150257 -0.03316667
v -0.10350925 0.03151574 -0.03283333
v -0.10365766 0.03145750 -0.03283333
v -0.10374711 0.03141360 -0.03300000
v -0.10372948 0.03142292 -0.03316667
v -0.10380000 0.03138564 -0.03301616
v -0.10390131 0.03132198 -0.03273463
v -0.10385066 0.03135381 -0.03300000
v -0.10399759 0.03125093 -0.03335470
v -0.10394945 0.03128646 -0.03300000
v -0.10404293 0.03121191 -0.03300000
v -0.10402782 0.03122491 -0.03316667
v -0.10408828 0.03117288 -0.03312818
v -0.10413058 0.03113058 -0.03300000
v -0.10417288 0.03108828 -0.03299007
v -0.10425093 0.03099758 -0.03314593
v -0.10421191 0.03104293 -0.03300000
v -0.10428646 0.03094945 -0.03300000
v -0.10435381 0.03085066 -0.03300000
v -0.10441360 0.03074711 -0.03300000
v -0.10440428 0.03076474 -0.03316667
v -0.10444155 0.03069421 -0.03274786
v -0.10448940 0.03058455 -0.03283131
v -0.10446548 0.03063938 -0.03300000
v -0.10450916 0.03052808 -0.03300000
v -0.10455988 0.03035603 -0.03302141
v -0.10454440 0.03041382 -0.03300000
v -0.10453924 0.03043309 -0.03283333
v -0.10458213 0.03023846 -0.03285693
v -0.10457101 0.03029725 -0.03300000
v -0.10459553 0.03011957 -0.03300000
v -0.10458883 0.03017902 -0.03300000
v -0.10459106 0.03015920 -0.03316667
v -0.10460000 0.03000000 -0.03608890
v -0.10459776 0.02994022 -0.03530000
v -0.10459553 0.02988043 -0.03650000
v -0.10459702 0.02992029 -0.03690000
v -0.10459776 0.03005978 -0.03300000
v -0.10459702 0.03007971 -0.03283333
v -0.10459776 0.02994022 -0.03300000
v -0.10459851 0.02996014 -0.03316667
v -0.10458883 0.02982098 -0.03650000
v -0.10458883 0.02982098 -0.03530000
v -0.10459106 0.02984080 -0.03610000
v -0.10457101 0.02970275 -0.03650000
v -0.10458213 0.02976154 -0.03678381
v -0.10459553 0.02988043 -0.03315232
v -0.10455988 0.02964397 -0.03651574
v -0.10457101 0.02970275 -0.03530000
v -0.10456730 0.02968316 -0.03610000
v -0.10454440 0.02958618 -0.03770000
v -0.10454440 0.02958618 -0.03650000
v -0.10458883 0.02982098 -0.03300000
v -0.10458213 0.02976154 -0.03300205
v -0.10457101 0.02970275 -0.03300000
v -0.10452892 0.02952839 -0.03650000
v -0.10454440 0.02958618 -0.03530000
v -0.10453924 0.02956691 -0.03610000
v -0.10450916 0.02947192 -0.03650000
v -0.10450916 0.02947192 -0.03530000
v -0.10451574 0.02949074 -0.03610000
v -0.10448940 0.02941545 -0.03657626
v -0.10450916 0.02947192 -0.03770000
v -0.10454440 0.02958618 -0.03300000
v -0.10454956 0.02960544 -0.03283333
v -0.10450916 0.02947192 -0.03300000
v -0.10446548 0.02936062 -0.03530000
v -0.10444155 0.02930579 -0.03609596
v -0.10445750 0.02934234 -0.03690000
v -0.10448940 0.02941545 -0.03299306
v -0.10446548 0.02936062 -0.03300000
v -0.10441360 0.02925289 -0.03650000
v -0.10441360 0.02925289 -0.03530000
v -0.10438564 0.02920000 -0.03642911
v -0.10444155 0.02930579 -0.03297464
v -0.10435381 0.02914934 -0.03650000
v -0.10435381 0.02914934 -0.03530000
v -0.10432198 0.02909869 -0.03683360
v -0.10428646 0.02905055 -0.03770000
v -0.10428646 0.02905055 -0.03650000
v -0.10438564 0.02920000 -0.03286097
v -0.10425093 0.02900242 -0.03651466
v -0.10428646 0.02905055 -0.03530000
v -0.10435381 0.02914934 -0.03300000
v -0.10425093 0.02900242 -0.03341980
v -0.10429830 0.02906660 -0.03316667
v -0.10421191 0.02895707 -0.03650000
v -0.10421191 0.02895707 -0.03530000
v -0.10417288 0.02891172 -0.03657934
v -0.10421191 0.02895707 -0.03770000
v -0.10413058 0.02886942 -0.03650000
v -0.10413058 0.02886942 -0.03530000
v -0.10408828 0.02882712 -0.03650000
v -0.10413058 0.02886942 -0.03770000
v -0.10411648 0.02885532 -0.03690000
v -0.10417288 0.02891172 -0.03299422
v -0.10421191 0.02895707 -0.03300000
v -0.10422491 0.02897219 -0.03283333
v -0.10404293 0.02878809 -0.03650000
v -0.10404293 0.02878809 -0.03530000
v -0.10405805 0.02880110 -0.03610000
v -0.10399759 0.02874907 -0.03649243
v -0.10404293 0.02878809 -0.03770000
v -0.10408828 0.02882712 -0.03300000
v -0.10413058 0.02886942 -0.03300000
v -0.10411648 0.02885532 -0.03316667
v -0.10394945 0.02871354 -0.03650000
v -0.10394945 0.02871354 -0.03530000
v -0.10390131 0.02867802 -0.03633730
v -0.10394945 0.02871354 -0.03770000
v -0.10393340 0.02870170 -0.03690000
v -0.10399759 0.02874907 -0.03307745
v -0.10404293 0.02878809 -0.03300000
v -0.10405805 0.02880110 -0.03283333
v -0.10380000 0.02861436 -0.03658202
v -0.10385066 0.02864619 -0.03770000
v -0.10385066 0.02864619 -0.03650000
v -0.10374711 0.02858640 -0.03770000
v -0.10374711 0.02858640 -0.03650000
v -0.10390131 0.02867802 -0.03297424
v -0.10394945 0.02871354 -0.03300000
v -0.10369421 0.02855845 -0.03645358
v -0.10374711 0.02858640 -0.03530000
v -0.10380000 0.02861436 -0.03302556
v -0.10374711 0.02858640 -0.03300000
v -0.10363938 0.02853453 -0.03650000
v -0.10358455 0.02851060 -0.03642551
v -0.10363938 0.02853453 -0.03770000
v -0.10369421 0.02855845 -0.03303185
v -0.10352808 0.02849084 -0.03650000
v -0.10352808 0.02849084 -0.03530000
v -0.10347161 0.02847108 -0.03656419
v -0.10352808 0.02849084 -0.03770000
v -0.10341382 0.02845560 -0.03770000
v -0.10335603 0.02844012 -0.03615598
v -0.10363938 0.02853453 -0.03300000
v -0.10358455 0.02851060 -0.03313352
v -0.10341382 0.02845560 -0.03530000
v -0.10329725 0.02842899 -0.03770000
v -0.10329725 0.02842899 -0.03650000
v -0.10331684 0.02843270 -0.03690000
v -0.10354690 0.02849743 -0.03283333
v -0.10347161 0.02847108 -0.03294147
v -0.10323847 0.02841787 -0.03659953
v -0.10329725 0.02842899 -0.03530000
v -0.10341382 0.02845560 -0.03250000
v -0.10335603 0.02844012 -0.03300210
v -0.10317902 0.02841117 -0.03650000
v -0.10317902 0.02841117 -0.03530000
v -0.10311957 0.02840447 -0.03649703
v -0.10317902 0.02841117 -0.03770000
v -0.10329725 0.02842899 -0.03300000
v -0.10305978 0.02840224 -0.03650000
v -0.10305978 0.02840224 -0.03530000
v -0.10305978 0.02840224 -0.03770000
v -0.10303986 0.02840149 -0.03690000
v -0.10294022 0.02840224 -0.03650000
v -0.10300000 0.02840000 -0.03607359
v -0.10311957 0.02840447 -0.03339507
v -0.10305978 0.02840224 -0.03300000
v -0.10307971 0.02840298 -0.03283333
v -0.10294022 0.02840224 -0.03390000
v -0.10294022 0.02840224 -0.03300000
v -0.10296014 0.02840149 -0.03376667
v -0.10288043 0.02840447 -0.03510000
v -0.10292029 0.02840298 -0.03516667
v -0.10296014 0.02840149 -0.03283333
v -0.10282098 0.02841117 -0.03510000
v -0.10282098 0.02841117 -0.03770000
v -0.10284080 0.02840894 -0.03596667
v -0.10276153 0.02841787 -0.03510000
v -0.10280117 0.02841340 -0.03423333
v -0.10270275 0.02842899 -0.03510000
v -0.10272234 0.02842529 -0.03423333
v -0.10264397 0.02844012 -0.03510000
v -0.10270275 0.02842899 -0.03770000
v -0.10268316 0.02843270 -0.03596667
v -0.10258618 0.02845560 -0.03510000
v -0.10258618 0.02845560 -0.03770000
v -0.10260544 0.02845044 -0.03596667
v -0.10252839 0.02847108 -0.03510000
v -0.10256692 0.02846076 -0.03423333
v -0.10247192 0.02849084 -0.03510000
v -0.10247192 0.02849084 -0.03770000
v -0.10249075 0.02848426 -0.03596667
v -0.10241545 0.02851060 -0.03510000
v -0.10245310 0.02849743 -0.03423333
v -0.10236062 0.02853453 -0.03510000
v -0.10237890 0.02852655 -0.03423333
v -0.10230579 0.02855845 -0.03510000
v -0.10236062 0.02853453 -0.03770000
v -0.10234234 0.02854250 -0.03596667
v -0.10225289 0.02858640 -0.03510000
v -0.10225289 0.02858640 -0.03770000
v -0.10227052 0.02857708 -0.03596667
v -0.10220000 0.02861436 -0.03510000
v -0.10223526 0.02859572 -0.03423333
v -0.10214934 0.02864619 -0.03510000
v -0.10216623 0.02863558 -0.03423333
v -0.10209869 0.02867802 -0.03510000
v -0.10214934 0.02864619 -0.03770000
v -0.10213246 0.02865680 -0.03596667
v -0.10205055 0.02871354 -0.03510000
v -0.10205055 0.02871354 -0.03770000
v -0.10206660 0.02870170 -0.03596667
v -0.10200241 0.02874907 -0.03510000
v -0.10203451 0.02872539 -0.03423333
v -0.10191172 0.02882712 -0.03510000
v -0.10195707 0.02878809 -0.03770000
v -0.10195707 0.02878809 -0.03510000
v -0.10194195 0.02880110 -0.03596667
v -0.10197218 0.02877509 -0.03423333
v -0.10182712 0.02891172 -0.03510000
v -0.10186942 0.02886942 -0.03770000
v -0.10186942 0.02886942 -0.03510000
v -0.10185532 0.02888352 -0.03596667
v -0.10188352 0.02885532 -0.03423333
v -0.10178809 0.02895707 -0.03510000
v -0.10180110 0.02894195 -0.03423333
v -0.10174907 0.02900242 -0.03510000
v -0.10178809 0.02895707 -0.03770000
v -0.10177509 0.02897219 -0.03596667
v -0.10167802 0.02909869 -0.03510000
v -0.10171354 0.02905055 -0.03770000
v -0.10171354 0.02905055 -0.03510000
v -0.10170170 0.02906660 -0.03596667
v -0.10164619 0.02914934 -0.03510000
v -0.10164619 0.02914934 -0.03770000
v -0.10165680 0.02913246 -0.03596667
v -0.10172539 0.02903451 -0.03423333
v -0.10161436 0.02920000 -0.03510000
v -0.10163558 0.02916623 -0.03423333
v -0.10155845 0.02930579 -0.03510000
v -0.10158640 0.02925289 -0.03770000
v -0.10158640 0.02925289 -0.03510000
v -0.10157709 0.02927052 -0.03596667
v -0.10159572 0.02923526 -0.03423333
v -0.10151060 0.02941545 -0.03510000
v -0.10153452 0.02936062 -0.03510000
v -0.10152655 0.02937890 -0.03596667
v -0.10154250 0.02934234 -0.03423333
v -0.10147108 0.02952839 -0.03510000
v -0.10149084 0.02947192 -0.03770000
v -0.10149084 0.02947192 -0.03510000
v -0.10148426 0.02949074 -0.03596667
v -0.10149743 0.02945310 -0.03423333
v -0.10144012 0.02964397 -0.03510000
v -0.10145560 0.02958618 -0.03770000
v -0.10145560 0.02958618 -0.03510000
v -0.10145044 0.02960544 -0.03596667
v -0.10146076 0.02956691 -0.03423333
v -0.10141787 0.02976154 -0.03510000
v -0.10142899 0.02970275 -0.03770000
v -0.10142899 0.02970275 -0.03510000
v -0.10142529 0.02972235 -0.03596667
v -0.10143270 0.02968316 -0.03423333
v -0.10140447 0.02988043 -0.03510000
v -0.10141117 0.02982098 -0.03770000
v -0.10141117 0.02982098 -0.03510000
v -0.10140894 0.02984080 -0.03596667
v -0.10141340 0.02980117 -0.03423333
v -0.10140224 0.02994022 -0.03770000
v -0.10140224 0.02994022 -0.03560000
v -0.10140149 0.02996014 -0.03630000
v -0.10140224 0.02994022 -0.03300000
v -0.10140298 0.02992029 -0.03456667
v -0.10140149 0.02996014 -0.03283333
v -0.11416667 -0.03000000 -0.03495000
v -0.11314583 -0.03000000 -0.03660000
v -0.10550000 -0.03000000 -0.03845000
v -0.10841667 -0.03000000 -0.03795000
v -0.10505000 -0.03000000 -0.03770000
v -0.10880000 -0.03000000 -0.03530000
v -0.10828750 -0.03000000 -0.03640000
v -0.10879776 -0.02994022 -0.03530000
v -0.10739851 -0.02996014 -0.03530000
v -0.10879107 -0.02988077 -0.03530000
v -0.10739255 -0.02988065 -0.03530000
v -0.10877994 -0.02982198 -0.03530000
v -0.10738067 -0.02980183 -0.03530000
v -0.10876446 -0.02976420 -0.03530000
v -0.10736293 -0.02972412 -0.03530000
v -0.10874470 -0.02970773 -0.03530000
v -0.10733944 -0.02964795 -0.03530000
v -0.10872078 -0.02965289 -0.03530000
v -0.10731032 -0.02957375 -0.03530000
v -0.10869282 -0.02960000 -0.03530000
v -0.10727573 -0.02950193 -0.03530000
v -0.10866099 -0.02954934 -0.03530000
v -0.10723587 -0.02943290 -0.03530000
v -0.10862547 -0.02950121 -0.03530000
v -0.10719097 -0.02936703 -0.03530000
v -0.10858644 -0.02945586 -0.03530000
v -0.10714127 -0.02930471 -0.03530000
v -0.10854414 -0.02941356 -0.03530000
v -0.10708705 -0.02924628 -0.03530000
v -0.10849879 -0.02937453 -0.03530000
v -0.10702862 -0.02919206 -0.03530000
v -0.10845066 -0.02933901 -0.03530000
v -0.10696630 -0.02914236 -0.03530000
v -0.10840000 -0.02930718 -0.03530000
v -0.10690044 -0.02909746 -0.03530000
v -0.10834711 -0.01727922 -0.03530000
v -0.10675959 -0.02102302 -0.03530000
v -0.10840000 -0.01730718 -0.03530000
v -0.10683140 -0.02105760 -0.03530000
v -0.10305978 -0.01720224 -0.03530000
v -0.10303986 -0.02093482 -0.03530000
v -0.10311923 -0.01720893 -0.03530000
v -0.10311935 -0.02094078 -0.03530000
v -0.10317802 -0.01722006 -0.03530000
v -0.10319817 -0.02095266 -0.03530000
v -0.10323580 -0.01723554 -0.03530000
v -0.10327588 -0.02097040 -0.03530000
v -0.10535125 -0.01631736 -0.03530000
v -0.10335205 -0.02099390 -0.03530000
v -0.10496551 -0.02987587 -0.03770000
v -0.10502994 -0.02982198 -0.03770000
v -0.10492788 -0.02971100 -0.03770000
v -0.10489055 -0.02961332 -0.03770000
v -0.10485927 -0.02955096 -0.03770000
v -0.10491099 -0.02954934 -0.03770000
v -0.10473587 -0.02943290 -0.03770000
v -0.10487547 -0.02950121 -0.03770000
v -0.10469097 -0.02936703 -0.03770000
v -0.10483644 -0.02945586 -0.03770000
v -0.10464127 -0.02930471 -0.03770000
v -0.10485296 -0.02446243 -0.03770000
v -0.10458705 -0.02924628 -0.03770000
v -0.10124282 -0.02987587 -0.03770000
v -0.10124485 -0.02978307 -0.03770000
v -0.10129126 -0.02967784 -0.03770000
v -0.10131779 -0.02961332 -0.03770000
v -0.10130718 -0.02960000 -0.03770000
v -0.10139094 -0.02950193 -0.03770000
v -0.10133901 -0.02954934 -0.03770000
v -0.10143079 -0.02943290 -0.03770000
v -0.10341667 -0.01626667 -0.03770000
v -0.10430978 -0.01720224 -0.03770000
v -0.10387319 -0.02093482 -0.03770000
v -0.10436923 -0.01720893 -0.03770000
v -0.10395268 -0.02094078 -0.03770000
v -0.10442802 -0.01722006 -0.03770000
v -0.10403150 -0.02095266 -0.03770000
v -0.10448580 -0.01723554 -0.03770000
v -0.10410921 -0.02097040 -0.03770000
v -0.10454227 -0.01725530 -0.03770000
v -0.10418538 -0.02099390 -0.03770000
v -0.10459711 -0.01727922 -0.03770000
v -0.10425959 -0.02102302 -0.03770000
v -0.10465000 -0.01730718 -0.03770000
v -0.10433140 -0.02105760 -0.03770000
v -0.10470066 -0.01733901 -0.03770000
v -0.10440044 -0.02109746 -0.03770000
v -0.10474879 -0.01737453 -0.03770000
v -0.10446630 -0.02114236 -0.03770000
v -0.10452862 -0.02119206 -0.03770000
v -0.10550000 -0.01800000 -0.03770000
v -0.10133901 -0.01754934 -0.03770000
v -0.10137453 -0.01750121 -0.03770000
v -0.10147570 -0.02136703 -0.03770000
v -0.10141356 -0.01745586 -0.03770000
v -0.10152540 -0.02130471 -0.03770000
v -0.10145586 -0.01741356 -0.03770000
v -0.10157961 -0.02124628 -0.03770000
v -0.10150121 -0.01737453 -0.03770000
v -0.10163805 -0.02119206 -0.03770000
v -0.10154934 -0.01733901 -0.03770000
v -0.10170037 -0.02114236 -0.03770000
v -0.10160000 -0.01730718 -0.03770000
v -0.10176623 -0.02109746 -0.03770000
v -0.10165289 -0.01727922 -0.03770000
v -0.10183526 -0.02105760 -0.03770000
v -0.10170773 -0.01725530 -0.03770000
v -0.10190708 -0.02102302 -0.03770000
v -0.10122601 -0.02169956 -0.03770000
v -0.10176420 -0.01723554 -0.03770000
v -0.10198128 -0.02099390 -0.03770000
v -0.10182198 -0.01722006 -0.03770000
v -0.10205745 -0.02097040 -0.03770000
v -0.10188077 -0.01720893 -0.03770000
v -0.10213517 -0.02095266 -0.03770000
v -0.10194022 -0.01720224 -0.03770000
v -0.10221399 -0.02094078 -0.03770000
v -0.10229348 -0.02093482 -0.03770000
v -0.10550000 -0.02000000 -0.03857500
v -0.10841667 -0.02000000 -0.03920000
v -0.11050000 -0.01800000 -0.03920000
v -0.11050000 -0.01800000 -0.03770000
v -0.11275000 -0.01800000 -0.03770000
v -0.11350000 -0.02200000 -0.03770000
v -0.11467701 0.02944132 -0.03350000
v -0.11407494 0.02973927 -0.03350000
v -0.11400000 0.03000000 -0.03512500
v -0.11229167 0.03000000 -0.03670000
v -0.11050000 0.03000000 -0.03845000
v -0.10743333 0.03000000 -0.03730000
v -0.10880000 0.03000000 -0.03530000
v -0.11237500 0.02000000 -0.03770000
v -0.11050000 0.01800000 -0.03770000
v -0.10858644 0.02945586 -0.03530000
v -0.10854414 0.02941356 -0.03530000
v -0.10708705 0.02924628 -0.03530000
v -0.10849879 0.02937453 -0.03530000
v -0.10702862 0.02919206 -0.03530000
v -0.10862547 0.02950121 -0.03530000
v -0.10714127 0.02930471 -0.03530000
v -0.10845066 0.02933901 -0.03530000
v -0.10696630 0.02914236 -0.03530000
v -0.10866099 0.02954934 -0.03530000
v -0.10719097 0.02936703 -0.03530000
v -0.10878333 0.02136491 -0.03530000
v -0.10690044 0.02909746 -0.03530000
v -0.10869282 0.02960000 -0.03530000
v -0.10723587 0.02943289 -0.03530000
v -0.10834711 0.01727922 -0.03530000
v -0.10683140 0.02105760 -0.03530000
v -0.10872078 0.02965289 -0.03530000
v -0.10727573 0.02950193 -0.03530000
v -0.10535125 0.01631736 -0.03530000
v -0.10675959 0.02102302 -0.03530000
v -0.10874470 0.02970773 -0.03530000
v -0.10731032 0.02957375 -0.03530000
v -0.10876446 0.02976419 -0.03530000
v -0.10733944 0.02964795 -0.03530000
v -0.10323580 0.01723554 -0.03530000
v -0.10335205 0.02099390 -0.03530000
v -0.10877994 0.02982198 -0.03530000
v -0.10736293 0.02972412 -0.03530000
v -0.10317802 0.01722006 -0.03530000
v -0.10327588 0.02097040 -0.03530000
v -0.10311923 0.01720893 -0.03530000
v -0.10319817 0.02095266 -0.03530000
v -0.10879107 0.02988077 -0.03530000
v -0.10738067 0.02980183 -0.03530000
v -0.10305978 0.01720224 -0.03530000
v -0.10311935 0.02094078 -0.03530000
v -0.10879776 0.02994022 -0.03530000
v -0.10739255 0.02988066 -0.03530000
v -0.10739851 0.02996014 -0.03530000
v -0.10303986 0.02093482 -0.03530000
v -0.10550000 0.01800000 -0.03770000
v -0.10485296 0.02446243 -0.03770000
v -0.10483644 0.02945586 -0.03770000
v -0.10458705 0.02924628 -0.03770000
v -0.10474879 0.01737453 -0.03770000
v -0.10452862 0.02119206 -0.03770000
v -0.10487547 0.02950121 -0.03770000
v -0.10464127 0.02930471 -0.03770000
v -0.10470066 0.01733901 -0.03770000
v -0.10446630 0.02114236 -0.03770000
v -0.10482343 0.02949112 -0.03770000
v -0.10469097 0.02936703 -0.03770000
v -0.10465000 0.01730718 -0.03770000
v -0.10440044 0.02109746 -0.03770000
v -0.10459711 0.01727922 -0.03770000
v -0.10433140 0.02105760 -0.03770000
v -0.10491503 0.02960193 -0.03770000
v -0.10490251 0.02964074 -0.03770000
v -0.10454227 0.01725530 -0.03770000
v -0.10425959 0.02102302 -0.03770000
v -0.10493669 0.02973956 -0.03770000
v -0.10448580 0.01723554 -0.03770000
v -0.10418538 0.02099390 -0.03770000
v -0.10442802 0.01722006 -0.03770000
v -0.10410921 0.02097040 -0.03770000
v -0.10436923 0.01720893 -0.03770000
v -0.10403150 0.02095266 -0.03770000
v -0.10496087 0.02984130 -0.03770000
v -0.10430978 0.01720224 -0.03770000
v -0.10395268 0.02094078 -0.03770000
v -0.10505000 0.03000000 -0.03770000
v -0.10341667 0.01626667 -0.03770000
v -0.10387319 0.02093482 -0.03770000
v -0.10194022 0.01720224 -0.03770000
v -0.10229348 0.02093482 -0.03770000
v -0.10188077 0.01720893 -0.03770000
v -0.10221399 0.02094078 -0.03770000
v -0.10182198 0.01722006 -0.03770000
v -0.10213517 0.02095266 -0.03770000
v -0.10176420 0.01723554 -0.03770000
v -0.10205745 0.02097040 -0.03770000
v -0.10170773 0.01725530 -0.03770000
v -0.10198128 0.02099390 -0.03770000
v -0.10165289 0.01727922 -0.03770000
v -0.10190708 0.02102302 -0.03770000
v -0.10160000 0.01730718 -0.03770000
v -0.10183526 0.02105760 -0.03770000
v -0.10154934 0.01733901 -0.03770000
v -0.10176623 0.02109746 -0.03770000
v -0.10150121 0.01737453 -0.03770000
v -0.10170037 0.02114236 -0.03770000
v -0.10145586 0.01741356 -0.03770000
v -0.10163805 0.02119206 -0.03770000
v -0.10141356 0.01745586 -0.03770000
v -0.10157961 0.02124628 -0.03770000
v -0.10137453 0.01750121 -0.03770000
v -0.10152540 0.02130471 -0.03770000
v -0.10133901 0.01754934 -0.03770000
v -0.10147570 0.02136703 -0.03770000
v -0.10133901 0.02954934 -0.03770000
v -0.10122601 0.02169956 -0.03770000
v -0.10130718 0.02960000 -0.03770000
v -0.10143079 0.02943289 -0.03770000
v -0.10153452 0.02936062 -0.03770000
v -0.10139094 0.02950193 -0.03770000
v -0.10128045 0.02971100 -0.03770000
v -0.10124728 0.02984631 -0.03770000
v -0.10123520 0.02995018 -0.03770000
v -0.10550000 0.01600000 -0.03857500
v -0.10841667 0.01600000 -0.03920000
v -0.11050000 0.01800000 -0.03920000
v 0.04054777 -0.02994034 -0.03770000
v 0.03989851 -0.02996023 -0.03770000
v 0.04054110 -0.02988102 -0.03770000
v 0.03989258 -0.02988091 -0.03770000
v 0.04053003 -0.02982236 -0.03770000
v 0.03988076 -0.02980225 -0.03770000
v 0.04051461 -0.02976469 -0.03770000
v 0.03986309 -0.02972470 -0.03770000
v 0.04049493 -0.02970833 -0.03770000
v 0.03983970 -0.02964868 -0.03770000
v 0.04047111 -0.02965359 -0.03770000
v 0.03981070 -0.02957461 -0.03770000
v 0.04044327 -0.02960078 -0.03770000
v 0.03977626 -0.02950291 -0.03770000
v 0.04041157 -0.02955020 -0.03770000
v 0.03973656 -0.02943399 -0.03770000
v 0.04037619 -0.02950212 -0.03770000
v 0.03969184 -0.02936821 -0.03770000
v 0.04033732 -0.02945681 -0.03770000
v 0.03964234 -0.02930595 -0.03770000
v 0.04029518 -0.02941452 -0.03770000
v 0.03958833 -0.02924755 -0.03770000
v 0.03953012 -0.02919335 -0.03770000
v 0.04043750 -0.02142754 -0.03770000
v 0.04250000 -0.01800000 -0.03920000
v 0.04750000 -0.01800000 -0.03920000
v 0.04750000 -0.01700000 -0.03838750
v 0.04975000 -0.01800000 -0.03770000
v 0.05050000 -0.01400000 -0.03770000
v 0.04500000 -0.01800000 -0.03530000
v 0.04333333 -0.01400000 -0.03530000
v 0.04666667 -0.02200000 -0.03530000
v -0.03237500 -0.01600000 -0.03770000
v -0.02800000 -0.01800000 -0.03530000
v -0.02966667 -0.01400000 -0.03530000
v -0.02633333 -0.02200000 -0.03530000
v -0.02325000 -0.01800000 -0.03770000
v -0.02550000 -0.01800000 -0.03770000
v -0.02250000 -0.01400000 -0.03770000
v -0.02550000 -0.01700000 -0.03838750
v -0.03050000 -0.01800000 -0.03920000
v -0.02779167 -0.01700000 -0.03920000
v 0.04250000 0.01800000 -0.03770000
v 0.04029518 0.02941452 -0.03770000
v 0.03953012 0.02919335 -0.03770000
v 0.04033732 0.02945681 -0.03770000
v 0.03958833 0.02924755 -0.03770000
v 0.04037619 0.02950212 -0.03770000
v 0.03964234 0.02930595 -0.03770000
v 0.04041157 0.02955020 -0.03770000
v 0.03969184 0.02936821 -0.03770000
v 0.04044327 0.02960078 -0.03770000
v 0.03973656 0.02943399 -0.03770000
v 0.04047111 0.02965359 -0.03770000
v 0.03977626 0.02950291 -0.03770000
v 0.04049493 0.02970833 -0.03770000
v 0.03981070 0.02957461 -0.03770000
v 0.04051461 0.02976469 -0.03770000
v 0.03983970 0.02964868 -0.03770000
v 0.04053003 0.02982236 -0.03770000
v 0.03986309 0.02972470 -0.03770000
v 0.04054110 0.02988102 -0.03770000
v 0.03988076 0.02980225 -0.03770000
v 0.04054777 0.02994035 -0.03770000
v 0.03989258 0.02988091 -0.03770000
v 0.03989851 0.02996023 -0.03770000
v 0.04500000 0.01800000 -0.03530000
v 0.04333333 0.02200000 -0.03530000
v 0.04666667 0.01400000 -0.03530000
v 0.04975000 0.01800000 -0.03770000
v 0.04750000 0.01800000 -0.03770000
v 0.05050000 0.02200000 -0.03770000
v 0.04750000 0.01900000 -0.03838750
v 0.04250000 0.01800000 -0.03920000
v 0.04520833 0.01900000 -0.03920000
v 0.04250000 0.02200000 -0.03820000
v -0.03237500 0.02000000 -0.03770000
v -0.02800000 0.01800000 -0.03530000
v -0.02966667 0.02200000 -0.03530000
v -0.02633333 0.01400000 -0.03530000
v -0.02325000 0.01800000 -0.03770000
v -0.02550000 0.01800000 -0.03770000
v -0.02250000 0.02200000 -0.03770000
v -0.02550000 0.01900000 -0.03838750
v -0.03050000 0.01800000 -0.03920000
v -0.02779167 0.01900000 -0.03920000
vn -0.23677016 -0.67805694 0.69582949
vn -0.31535910 -0.64869220 0.69263776
vn -0.31535909 -0.64869221 -0.69263776
vn -0.23677016 -0.67805694 -0.69582949
vn 0.50236189 -0.86465747 0.00000070
vn -0.37625381 -0.54615998 0.74842658
vn -0.44820738 -0.77067891 0.45295051
vn -0.17502625 -0.69369451 -0.69868000
vn -0.17502625 -0.69369451 0.69868000
vn 0.30151134 0.30151134 -0.90453403
vn 0.43550712 -0.54609403 -0.71562201
vn 0.39346367 -0.57712013 -0.71562469
vn 0.34924479 -0.60491641 -0.71561457
vn 0.30306800 -0.62931186 -0.71562306
vn -0.90032399 -0.43522030 0.00000045
vn -0.49373774 -0.52982598 -0.68957050
vn -0.57083729 -0.44517477 -0.68990159
vn -0.62977968 -0.35416330 -0.69133632
vn -0.90032410 0.43522008 0.00000083
vn -0.30151134 -0.30151134 -0.90453403
vn -0.62903359 0.35543515 -0.69136285
vn 0.30151134 -0.30151134 -0.90453403
vn 0.50236228 0.86465724 -0.00000185
vn 0.43550712 0.54609403 -0.71562201
vn 0.39347325 0.57711745 -0.71562158
vn 0.34924118 0.60491098 -0.71562092
vn 0.30304989 0.62932045 -0.71562318
vn 0.30151134 0.30151134 -0.90453403
vn 0.55732364 -0.46231689 -0.68967634
vn 0.47717405 -0.54465569 -0.68967754
vn 0.66389599 -0.28130083 -0.69290111
vn 0.30151134 -0.30151134 -0.90453403
vn 0.30151134 0.30151134 -0.90453403
vn -0.30151134 0.30151134 -0.90453403
vn -0.30151134 -0.30151134 -0.90453403
vn -0.30151134 0.30151134 -0.90453403
vn -0.77152730 -0.61628945 -0.15790170
vn -0.39459530 -0.57639263 -0.71558793
vn -0.35039307 -0.60428066 -0.71559037
vn -0.30423566 -0.62878794 -0.71558814
vn -0.25638273 -0.64977141 -0.71558718
vn -0.20708956 -0.66711735 -0.71558951
vn -0.15664376 -0.68073299 -0.71558740
vn -0.10531658 -0.69053347 -0.71559203
vn 0.30151134 0.30151134 -0.90453403
vn 0.62044300 0.37117697 -0.69085320
vn 0.66389599 0.28130083 -0.69290111
vn -0.77152264 0.61629413 -0.15790618
vn -0.30151134 -0.30151134 -0.90453403
vn -0.39459056 0.57640030 -0.71558437
vn -0.35040481 0.60427978 -0.71558537
vn -0.30424222 0.62878231 -0.71559030
vn -0.25639278 0.64977050 -0.71558440
vn -0.20708683 0.66710933 -0.71559779
vn -0.15663474 0.68073817 -0.71558444
vn -0.10532805 0.69053548 -0.71558840
vn 0.30151134 -0.30151134 -0.90453403
vn 0.30151134 0.30151134 -0.90453403
vn -0.30151134 0.30151134 -0.90453403
vn -0.30151134 -0.30151134 -0.90453403
vn 0.38690419 -0.61117969 -0.69048138
vn 0.29363569 -0.65979074 -0.69170388
vn -0.47493740 0.51218370 -0.71561324
vn -0.51189782 0.47522753 -0.71562519
vn -0.54600659 0.43562617 -0.71561627
vn -0.43532988 0.54624457 -0.71561496
vn -0.57703756 0.39360284 -0.71561475
vn -0.39327481 0.57725880 -0.71561666
vn -0.60484163 0.34936128 -0.71562092
vn -0.34902531 0.60504476 -0.71561314
vn -0.62927008 0.30316773 -0.71561756
vn -0.30282352 0.62943829 -0.71561537
vn -0.65016804 0.25528577 -0.71561910
vn -0.25490979 0.65031567 -0.71561898
vn -0.66742713 0.20594146 -0.71563199
vn -0.20556768 0.66755961 -0.71561589
vn -0.68097349 0.15547252 -0.71561400
vn -0.15510574 0.68106426 -0.71560721
vn -0.69067766 0.10414163 -0.71562482
vn -0.10375641 0.69074011 -0.71562050
vn -0.69653665 0.05221647 -0.71561871
vn -0.05181565 0.69657615 -0.71560940
vn -0.89935013 -0.31118283 -0.30713935
vn 0.00038862 0.69849896 -0.71561097
vn 0.05260820 0.69651227 -0.71561375
vn 0.20675201 -0.68920818 -0.69443912
vn 0.10453403 0.69063362 -0.71561011
vn 0.15586963 0.68088447 -0.71561232
vn 0.20633018 0.66733408 -0.71560679
vn 0.25563744 0.65003662 -0.71561294
vn 0.30352604 0.62910674 -0.71560929
vn 0.34970162 0.60466129 -0.71560708
vn 0.39393174 0.57681308 -0.71561474
vn 0.43596122 0.54575756 -0.71560220
vn 0.47552175 0.51165425 -0.71560394
vn 0.51243590 0.47466664 -0.71561235
vn 0.54649943 0.43502588 -0.71560524
vn 0.57749149 0.39294757 -0.71560868
vn 0.60525604 0.34868658 -0.71559960
vn 0.13501729 -0.70405275 -0.69719441
vn 0.62961935 0.30245212 -0.71561315
vn 0.65048434 0.25454009 -0.71559728
vn 0.66767978 0.20521668 -0.71560452
vn 0.68115265 0.15471564 -0.71560753
vn 0.69082399 0.10336650 -0.71559596
vn 0.69660703 0.05143823 -0.71560657
vn 0.69851250 -0.00077981 -0.71559743
vn 0.07860573 -0.71039336 -0.69940147
vn 0.66722355 -0.20671007 -0.71560023
vn 0.68080715 -0.15625307 -0.71560227
vn 0.69058522 -0.10492686 -0.71559933
vn 0.69648977 -0.05299639 -0.71560700
vn 0.70752743 -0.00000000 -0.70668588
vn 0.70847460 -0.00572093 -0.70571312
vn 0.70984151 -0.01970829 -0.70408566
vn 0.71052143 -0.04480035 -0.70224798
vn 0.70919124 -0.08250329 -0.70017211
vn 0.70354298 -0.13426677 -0.69785364
vn 0.69001477 -0.20088098 -0.69536066
vn 0.03495771 -0.71212581 -0.70118100
vn 0.62895608 -0.30389217 -0.71558633
vn 0.64989038 -0.25602381 -0.71560765
vn 0.70354298 0.13426677 -0.69785364
vn 0.70919124 0.08250329 -0.70017211
vn 0.71052143 0.04480035 -0.70224798
vn 0.70984151 0.01970829 -0.70408566
vn 0.70847460 0.00572093 -0.70571312
vn -0.05339996 -0.69647805 -0.71558841
vn -0.00118048 -0.69851544 -0.71559401
vn 0.05103672 -0.69665566 -0.71558797
vn 0.10297696 -0.69088110 -0.71559699
vn 0.15434164 -0.68125602 -0.71558989
vn 0.20483490 -0.66780534 -0.71559674
vn 0.25418310 -0.65063293 -0.71558909
vn 0.30211342 -0.62979665 -0.71560021
vn 0.34835379 -0.60546170 -0.71558771
vn 0.39262985 -0.57771992 -0.71559869
vn 0.43472381 -0.54675848 -0.71559093
vn 0.47437422 -0.51272254 -0.71560094
vn 0.51138717 -0.47582097 -0.71559595
vn 0.54552310 -0.43626227 -0.71559750
vn 0.57660820 -0.39426795 -0.71559469
vn 0.60446723 -0.35003860 -0.71560627
vn 0.69001477 0.20088098 -0.69536066
vn 0.55732356 0.46231707 -0.68967629
vn 0.47717398 0.54465561 -0.68967765
vn 0.38690437 0.61117964 -0.69048133
vn 0.00173713 -0.71156388 -0.70261926
vn -0.02304888 -0.71003964 -0.70378438
vn -0.04102544 -0.70828492 -0.70473356
vn -0.05347109 -0.70667450 -0.70551541
vn -0.05339847 0.69646992 -0.71559643
vn -0.00118130 0.69852231 -0.71558730
vn 0.05103686 0.69664741 -0.71559599
vn -0.69653636 -0.05221619 -0.71561901
vn -0.89935006 0.31118327 -0.30713912
vn 0.10298755 0.69088267 -0.71559395
vn -0.69067566 -0.10414516 -0.71562624
vn 0.15434164 0.68125602 -0.71558989
vn -0.68097583 -0.15547428 -0.71561139
vn 0.20484389 0.66779888 -0.71560019
vn -0.66742745 -0.20593848 -0.71563255
vn 0.25418596 0.65063932 -0.71558226
vn -0.65016550 -0.25528950 -0.71562008
vn 0.30210270 0.62979796 -0.71560359
vn -0.62927731 -0.30316498 -0.71561237
vn 0.34835348 0.60546260 -0.71558710
vn -0.60483910 -0.34935465 -0.71562630
vn 0.39263645 0.57771244 -0.71560111
vn -0.57703528 -0.39360906 -0.71561316
vn 0.43472774 0.54676358 -0.71558465
vn -0.54600723 -0.43562533 -0.71561629
vn 0.47436686 0.51272610 -0.71560326
vn -0.51189780 -0.47522826 -0.71562472
vn -0.30151134 -0.30151134 -0.90453403
vn -0.06160977 -0.70543317 -0.70609368
vn 0.51138399 0.47582869 -0.71559309
vn -0.47493740 -0.51218370 -0.71561324
vn 0.54552202 0.43625180 -0.71560470
vn 0.57661827 0.39426053 -0.71559067
vn 0.60446795 0.35003941 -0.71560527
vn 0.29363556 0.65979085 -0.69170383
vn -0.43532988 -0.54624457 -0.71561496
vn -0.39327571 -0.57725884 -0.71561613
vn -0.34901574 -0.60504781 -0.71561523
vn -0.30281570 -0.62944645 -0.71561150
vn -0.25491075 -0.65031594 -0.71561840
vn -0.20558887 -0.66756077 -0.71560872
vn -0.15511423 -0.68105037 -0.71561859
vn -0.10374615 -0.69074538 -0.71561690
vn -0.05181565 -0.69657615 -0.71560940
vn 0.00037834 -0.69850209 -0.71560791
vn 0.05259673 -0.69650801 -0.71561874
vn 0.30151134 -0.30151134 -0.90453403
vn -0.07655362 -0.70660284 -0.70345715
vn -0.30151134 -0.30151134 -0.90453403
vn -0.08714277 -0.70157165 -0.70725056
vn -0.08474204 -0.70139669 -0.70771567
vn -0.08088028 -0.70183098 -0.70773700
vn 0.20675170 0.68920827 -0.69443912
vn 0.10454336 -0.69062774 -0.71561443
vn 0.15587209 -0.68089079 -0.71560577
vn 0.20632743 -0.66732606 -0.71561507
vn 0.25564751 -0.65003573 -0.71561016
vn 0.30352561 -0.62910757 -0.71560874
vn 0.34970259 -0.60466148 -0.71560645
vn 0.39392632 -0.57681983 -0.71561228
vn 0.43596087 -0.54574653 -0.71561082
vn 0.47553853 -0.51164838 -0.71559698
vn 0.51243440 -0.47467278 -0.71560935
vn 0.54648994 -0.43503610 -0.71560627
vn 0.57748701 -0.39294649 -0.71561290
vn 0.60526241 -0.34867737 -0.71559871
vn -0.07727930 -0.70233883 -0.70763556
vn 0.30151134 0.30151134 -0.90453403
vn -0.07436274 -0.70277291 -0.70751708
vn 0.13501728 0.70405266 -0.69719452
vn 0.69082246 -0.10336742 -0.71559730
vn 0.69660762 -0.05143741 -0.71560605
vn 0.69851237 0.00077934 -0.71559756
vn 0.62962251 -0.30245731 -0.71560818
vn 0.65047859 -0.25454373 -0.71560121
vn 0.66768235 -0.20521334 -0.71560308
vn 0.68115271 -0.15471745 -0.71560708
vn 0.30151134 0.30151134 -0.90453403
vn 0.30151134 -0.30151134 -0.90453403
vn 0.62895649 0.30389682 -0.71558400
vn 0.07860623 0.71039325 -0.69940152
vn 0.69648980 0.05299642 -0.71560697
vn 0.69058623 0.10492490 -0.71559865
vn 0.68080714 0.15625071 -0.71560279
vn 0.66722395 0.20671013 -0.71559983
vn -0.30151134 0.30151134 -0.90453403
vn -0.07228679 -0.70314098 -0.70736651
vn -0.30151134 -0.30151134 -0.90453403
vn -0.07217228 -0.70370898 -0.70681315
vn 0.03495805 0.71212590 -0.70118089
vn 0.64988782 0.25602754 -0.71560863
vn 0.30151134 -0.30151134 -0.90453403
vn -0.30151134 -0.30151134 -0.90453403
vn 0.30151134 0.30151134 -0.90453403
vn -0.02304925 0.71003963 -0.70378438
vn -0.30151134 0.30151134 -0.90453403
vn -0.04102523 0.70828475 -0.70473374
vn 0.30151134 0.30151134 -0.90453403
vn -0.05347112 0.70667475 -0.70551516
vn -0.47510006 0.51202593 -0.71561819
vn -0.51202593 0.47510006 -0.71561819
vn -0.43550712 0.54609403 -0.71562201
vn -0.54609403 0.43550712 -0.71562201
vn -0.57712013 0.39346367 -0.71562469
vn -0.39346367 0.57712013 -0.71562469
vn -0.34924479 0.60491641 -0.71561457
vn -0.60491641 0.34924479 -0.71561457
vn -0.30306800 0.62931186 -0.71562306
vn -0.25517980 0.65020612 -0.71562229
vn -0.20587742 0.66746121 -0.71561863
vn 0.30151134 -0.30151134 -0.90453403
vn -0.12826871 -0.70177876 -0.70075225
vn -0.63488706 0.29077242 -0.71580013
vn -0.66746121 0.20587742 -0.71561863
vn -0.09426287 -0.70514950 -0.70276503
vn -0.15543634 0.68097794 -0.71561763
vn -0.68097794 0.15543634 -0.71561763
vn -0.69068413 0.10411305 -0.71562274
vn -0.06160974 0.70543291 -0.70609393
vn -0.05219001 0.69653342 -0.71562379
vn -0.69653342 0.05219001 -0.71562379
vn 0.00000000 0.69849542 -0.71561453
vn -0.89934711 -0.31120119 -0.30712960
vn 0.05219001 0.69653342 -0.71562379
vn 0.10411305 0.69068413 -0.71562274
vn 0.15543634 0.68097794 -0.71561763
vn 0.20587742 0.66746121 -0.71561863
vn 0.25517980 0.65020612 -0.71562229
vn 0.30306800 0.62931186 -0.71562306
vn 0.39346367 0.57712013 -0.71562469
vn 0.43550712 0.54609403 -0.71562201
vn 0.47510006 0.51202593 -0.71561819
vn 0.51202593 0.47510006 -0.71561819
vn -0.07655379 0.70660312 -0.70345686
vn -0.30151134 0.30151134 -0.90453403
vn 0.62931186 -0.30306800 -0.71562306
vn 0.65020612 -0.25517980 -0.71562229
vn 0.66746121 -0.20587742 -0.71561863
vn 0.68097794 -0.15543634 -0.71561763
vn 0.69068413 -0.10411305 -0.71562274
vn 0.69653342 -0.05219001 -0.71562379
vn 0.69849542 0.00000000 -0.71561453
vn 0.69653342 0.05219001 -0.71562379
vn 0.69068413 0.10411305 -0.71562274
vn 0.68097794 0.15543634 -0.71561763
vn 0.66746121 0.20587742 -0.71561863
vn 0.65020612 0.25517980 -0.71562229
vn 0.62931186 0.30306800 -0.71562306
vn 0.60491641 0.34924479 -0.71561457
vn 0.57712013 0.39346367 -0.71562469
vn 0.54609403 0.43550712 -0.71562201
vn -0.08714244 0.70157126 -0.70725099
vn 0.51202593 -0.47510006 -0.71561819
vn 0.54609403 -0.43550712 -0.71562201
vn 0.57712013 -0.39346367 -0.71562469
vn 0.60491641 -0.34924479 -0.71561457
vn 0.47510006 -0.51202593 -0.71561819
vn -0.08474154 0.70139710 -0.70771532
vn -0.08088082 0.70183092 -0.70773700
vn -0.07727983 0.70233877 -0.70763556
vn 0.30151134 0.30151134 -0.90453403
vn -0.07668868 -0.70406168 -0.70598583
vn -0.30151134 0.30151134 -0.90453403
vn -0.31120119 -0.89934711 -0.30712960
vn 0.05219001 -0.69653342 -0.71562379
vn 0.10411305 -0.69068413 -0.71562274
vn 0.15543634 -0.68097794 -0.71561763
vn 0.20587742 -0.66746121 -0.71561863
vn 0.25517980 -0.65020612 -0.71562229
vn -0.07436273 0.70277275 -0.70751724
vn -0.07228628 0.70314104 -0.70736651
vn 0.30151134 -0.30151134 -0.90453403
vn -0.07135911 0.70345255 -0.70715089
vn -0.30151134 -0.30151134 -0.90453403
vn -0.66933053 -0.26654746 -0.69350494
vn -0.69263010 -0.18948444 -0.69595919
vn -0.70449931 -0.12632603 -0.69837129
vn -0.07217250 0.70370858 -0.70681353
vn -0.70935085 -0.07753047 -0.70057861
vn -0.07668846 0.70406193 -0.70598561
vn -0.71040142 -0.04208056 -0.70253757
vn -0.70969263 -0.01850953 -0.70426825
vn -0.70839343 -0.00537405 -0.70579733
vn -0.09426263 0.70514933 -0.70276524
vn -0.70750201 -0.00000000 -0.70671133
vn -0.70839343 0.00537405 -0.70579733
vn -0.70969263 0.01850953 -0.70426825
vn 0.30190184 0.30153126 -0.90439714
vn -0.12826830 0.70177897 -0.70075211
vn 0.05219001 0.69653342 -0.71562379
vn -0.31120119 0.89934711 -0.30712960
vn -0.69702517 -0.05574621 -0.71487641
vn -0.81274088 0.58262532 0.00000000
vn -0.69068536 -0.10411240 -0.71562165
vn 0.10411305 0.69068413 -0.71562274
vn -0.68097931 -0.15543158 -0.71561736
vn 0.15543634 0.68097794 -0.71561763
vn -0.66746113 -0.20587438 -0.71561958
vn 0.20588641 0.66745472 -0.71562209
vn 0.25518264 0.65021252 -0.71561547
vn -0.65020309 -0.25518340 -0.71562376
vn -0.62931512 -0.30306874 -0.71561988
vn -0.60491280 -0.34924354 -0.71561824
vn -0.71040142 0.04208056 -0.70253757
vn -0.17502668 0.69369453 -0.69867987
vn -0.57711288 -0.39347390 -0.71562492
vn -0.54610454 -0.43550538 -0.71561505
vn -0.51202491 -0.47509004 -0.71562557
vn -0.47509609 -0.51203323 -0.71561559
vn -0.43550712 -0.54609403 -0.71562201
vn -0.39347325 -0.57711745 -0.71562158
vn -0.70935085 0.07753047 -0.70057861
vn -0.70449931 0.12632603 -0.69837129
vn -0.23677051 0.67805669 -0.69582962
vn -0.34924118 -0.60491098 -0.71562092
vn -0.30304989 -0.62932045 -0.71562318
vn -0.25518264 -0.65021252 -0.71561547
vn -0.20588641 -0.66745472 -0.71562209
vn -0.15543634 -0.68097794 -0.71561763
vn -0.10411305 -0.69068413 -0.71562274
vn 0.20588641 -0.66745472 -0.71562209
vn 0.25518264 -0.65021252 -0.71561547
vn 0.30613705 -0.62645536 -0.71682200
vn 0.36810554 -0.58718485 -0.72091071
vn 0.43550712 -0.54609403 -0.71562201
vn 0.47509609 -0.51203323 -0.71561559
vn 0.51202491 -0.47509004 -0.71562557
vn -0.69263010 0.18948444 -0.69595919
vn -0.31535909 0.64869221 -0.69263776
vn 0.54610454 -0.43550538 -0.71561505
vn 0.57711288 -0.39347390 -0.71562492
vn 0.60491280 -0.34924354 -0.71561824
vn 0.62931512 -0.30306874 -0.71561988
vn 0.65020309 -0.25518340 -0.71562376
vn 0.66746113 -0.20587438 -0.71561958
vn 0.68097931 -0.15543158 -0.71561736
vn 0.69068536 -0.10411240 -0.71562165
vn 0.69653290 -0.05219122 -0.71562420
vn 0.69849542 -0.00000000 -0.71561453
vn 0.69653290 0.05219122 -0.71562420
vn 0.69068536 0.10411240 -0.71562165
vn 0.68097931 0.15543158 -0.71561736
vn 0.66746113 0.20587438 -0.71561958
vn 0.65020309 0.25518340 -0.71562376
vn 0.62931512 0.30306874 -0.71561988
vn -0.66933053 0.26654746 -0.69350494
vn 0.60491280 0.34924354 -0.71561824
vn 0.57711288 0.39347390 -0.71562492
vn 0.54610454 0.43550538 -0.71561505
vn 0.51202491 0.47509004 -0.71562557
vn 0.47509609 0.51203323 -0.71561559
vn -0.47509290 0.51202954 0.71562035
vn 0.29363569 -0.65979074 0.69170388
vn -0.51203810 0.47509835 0.71561060
vn -0.43550930 0.54610807 0.71560997
vn -0.54609700 0.43550846 0.71561893
vn 0.38690419 -0.61117969 0.69048138
vn -0.39347706 0.57711761 0.71561936
vn -0.57711957 0.39347487 0.71561898
vn -0.60491343 0.34924224 0.71561834
vn -0.34924729 0.60491778 0.71561219
vn -0.62932284 0.30305184 0.71562025
vn -0.30307251 0.62932135 0.71561281
vn -0.65021597 0.25518399 0.71561186
vn -0.25518698 0.65021048 0.71561577
vn -0.20587760 0.66746959 0.71561076
vn -0.66745758 0.20588546 0.71561970
vn -0.15543369 0.68098843 0.71560822
vn -0.68097862 0.15543592 0.71561707
vn -0.10411469 0.69069508 0.71561194
vn -0.69068380 0.10411221 0.71562318
vn -0.05219147 0.69654289 0.71561446
vn -0.69653277 0.05219059 0.71562437
vn -0.00000108 0.69850581 0.71560438
vn -0.69849542 -0.00000000 0.71561453
vn -0.69653411 -0.05218926 0.71562316
vn 0.05219192 0.69654404 0.71561331
vn 0.20675201 -0.68920818 0.69443912
vn -0.69068591 -0.10411274 0.71562107
vn 0.47717405 -0.54465569 0.68967754
vn 0.10411371 0.69069674 0.71561048
vn -0.68098040 -0.15543655 0.71561524
vn 0.15543337 0.68099167 0.71560521
vn -0.66745780 -0.20588688 0.71561908
vn 0.20587828 0.66747348 0.71560693
vn 0.25518771 0.65021556 0.71561090
vn -0.65021610 -0.25518369 0.71561184
vn -0.62932435 -0.30305146 0.71561908
vn 0.30307423 0.62932794 0.71560628
vn -0.60491529 -0.34924320 0.71561629
vn 0.55732364 -0.46231689 0.68967634
vn 0.34925044 0.60492569 0.71560397
vn -0.57712201 -0.39347599 0.71561640
vn 0.39348203 0.57712576 0.71561005
vn -0.54609911 -0.43551041 0.71561613
vn 0.43551498 0.54611670 0.71559992
vn 0.47510049 0.51203603 0.71561066
vn -0.51203836 -0.47510046 0.71560902
vn 0.62044300 -0.37117697 0.69085320
vn -0.47512052 -0.51202699 0.71560384
vn 0.51204412 0.47510890 0.71559929
vn -0.43552789 -0.54613439 0.71557857
vn 0.66389599 -0.28130083 0.69290111
vn 0.54610806 0.43551803 0.71560466
vn 0.57713189 0.39348362 0.71560424
vn -0.39349457 -0.57714336 0.71558896
vn -0.34926083 -0.60494482 0.71558272
vn 0.69001477 -0.20088098 0.69536066
vn 0.60492643 0.34924995 0.71560359
vn 0.13501729 -0.70405275 0.69719441
vn -0.30308292 -0.62934717 0.71558569
vn 0.70354298 -0.13426677 0.69785364
vn 0.62933661 0.30305913 0.71560506
vn -0.25519585 -0.65023511 0.71559023
vn 0.70919124 -0.08250329 0.70017211
vn 0.65023054 0.25518980 0.71559654
vn 0.66747338 0.20589277 0.71560286
vn -0.20588408 -0.66749405 0.71558608
vn 0.71052143 -0.04480035 0.70224798
vn 0.68099786 0.15544177 0.71559749
vn -0.15543849 -0.68101244 0.71558433
vn -0.10411646 -0.69071813 0.71558943
vn 0.70984151 -0.01970829 0.70408566
vn 0.69070437 0.10411533 0.71560288
vn -0.05219414 -0.69656575 0.71559201
vn 0.70847460 -0.00572093 0.70571312
vn 0.69655375 0.05219263 0.71560380
vn 0.00000153 -0.69852802 0.71558271
vn 0.69851722 0.00000088 0.71559324
vn 0.70752743 -0.00000000 0.70668588
vn 0.05219338 -0.69656463 0.71559316
vn 0.07860573 -0.71039336 0.69940147
vn 0.68100177 -0.15544053 0.71559404
vn 0.66747892 -0.20589341 0.71559751
vn 0.69070711 -0.10411630 0.71560008
vn 0.69655619 -0.05219104 0.71560154
vn 0.03495771 -0.71212581 0.70118100
vn 0.62934242 -0.30306240 0.71559857
vn 0.60493344 -0.34925230 0.71559651
vn 0.65023731 -0.25519118 0.71558990
vn 0.00173713 -0.71156388 0.70261926
vn 0.57713869 -0.39348789 0.71559640
vn 0.54611477 -0.43552279 0.71559665
vn -0.51203734 0.47509045 0.71561640
vn 0.62044300 0.37117697 0.69085320
vn 0.55732356 0.46231707 0.68967629
vn -0.47511655 0.51203429 0.71560125
vn -0.43552704 0.54613442 0.71557906
vn 0.66389599 0.28130083 0.69290111
vn -0.54610963 0.43550867 0.71560916
vn -0.57711475 0.39348611 0.71561669
vn -0.39350262 0.57713973 0.71558746
vn -0.60491158 0.34924198 0.71562003
vn 0.47717398 0.54465561 0.68967765
vn -0.34925781 0.60493762 0.71559029
vn 0.69001477 0.20088098 0.69536066
vn -0.30306574 0.62935592 0.71558527
vn 0.70354298 0.13426677 0.69785364
vn -0.62932760 0.30305211 0.71561595
vn -0.25519921 0.65024267 0.71558216
vn 0.70919124 0.08250329 0.70017211
vn -0.65021296 0.25518719 0.71561345
vn -0.20589250 0.66748848 0.71558885
vn 0.71052143 0.04480035 0.70224798
vn -0.66745757 0.20588382 0.71562018
vn -0.15543849 0.68101244 0.71558433
vn -0.68098169 0.15543185 0.71561504
vn -0.10411739 0.69071863 0.71558881
vn 0.70984151 0.01970829 0.70408566
vn -0.69068716 0.10411213 0.71561995
vn 0.38690437 0.61117964 0.69048133
vn -0.05219336 0.69656654 0.71559130
vn 0.70847460 0.00572093 0.70571312
vn -0.69653363 0.05219044 0.71562355
vn 0.00000068 0.69852865 0.71558209
vn -0.69849542 0.00000000 0.71561453
vn 0.05219428 0.69656529 0.71559245
vn -0.69653235 -0.05219172 0.71562470
vn -0.69068540 -0.10411140 0.71562176
vn 0.10411769 0.69071686 0.71559047
vn 0.10411769 -0.69071686 0.71559047
vn 0.15543904 0.68100990 0.71558663
vn 0.15543904 -0.68100990 0.71558663
vn 0.20588473 -0.66748965 0.71558999
vn -0.68097992 -0.15543169 0.71561676
vn -0.66745710 -0.20588236 0.71562104
vn 0.20589374 0.66748315 0.71559347
vn 0.25519679 0.65023707 0.71558812
vn 0.25519398 -0.65023066 0.71559494
vn -0.65021246 -0.25518746 0.71561381
vn -0.62932554 -0.30305238 0.71561765
vn 0.30306481 0.62934863 0.71559208
vn 0.30308249 -0.62934085 0.71559143
vn 0.34925334 0.60493141 0.71559771
vn 0.34925790 -0.60493704 0.71559073
vn -0.60490975 -0.34924050 0.71562229
vn -0.57711232 -0.39348510 0.71561921
vn 0.39349971 0.57713251 0.71559489
vn 0.39348987 -0.57713600 0.71559748
vn -0.54610823 -0.43550659 0.71561150
vn 0.43552222 0.54612618 0.71558828
vn 0.43552312 -0.54612621 0.71558771
vn 0.47510532 0.51205167 0.71559627
vn 0.47510915 -0.51204508 0.71559844
vn 0.51205186 0.47510517 0.71559624
vn 0.51205379 -0.47511376 0.71558915
vn 0.54612671 0.43552017 0.71558913
vn 0.29363556 0.65979085 0.69170383
vn -0.51203623 -0.47508910 0.71561808
vn -0.47508907 -0.51203611 0.71561819
vn -0.43550930 -0.54610807 0.71560997
vn -0.39348664 -0.57711493 0.71561625
vn -0.34924271 -0.60491217 0.71561917
vn -0.30305384 -0.62932885 0.71561412
vn -0.25519032 -0.65021606 0.71560951
vn -0.20588561 -0.66746266 0.71561492
vn -0.15543532 -0.68098817 0.71560812
vn -0.10411396 -0.69069582 0.71561133
vn -0.05219147 -0.69654289 0.71561446
vn -0.00000108 -0.69850581 0.71560438
vn 0.05219114 -0.69654483 0.71561260
vn 0.20675170 0.68920827 0.69443912
vn 0.10411392 -0.69069807 0.71560916
vn 0.15543432 -0.68099209 0.71560460
vn 0.20588672 -0.66746790 0.71560971
vn 0.25519105 -0.65022312 0.71560284
vn 0.30305706 -0.62933671 0.71560585
vn 0.34924713 -0.60491937 0.71561093
vn 0.39349073 -0.57712304 0.71560746
vn 0.43551483 -0.54611754 0.71559938
vn 0.47509741 -0.51204246 0.71560811
vn 0.51204241 -0.47509757 0.71560804
vn 0.54611729 -0.43551729 0.71559807
vn 0.57712529 -0.39349423 0.71560372
vn 0.60492322 -0.34924797 0.71560726
vn 0.13501728 0.70405266 0.69719452
vn 0.68099903 -0.15543718 0.71559738
vn 0.66747318 -0.20588947 0.71560400
vn 0.69070574 -0.10411489 0.71560162
vn 0.69655339 -0.05219366 0.71560407
vn 0.69851720 -0.00000085 0.71559326
vn 0.62933932 -0.30305965 0.71560245
vn 0.65022715 -0.25519362 0.71559826
vn 0.07860623 0.71039325 0.69940152
vn 0.69655557 0.05219230 0.71560205
vn 0.69070829 0.10411555 0.71559906
vn 0.68100313 0.15543576 0.71559378
vn 0.66747853 0.20589056 0.71559869
vn 0.03495805 0.71212590 0.70118089
vn 0.65023380 0.25519465 0.71559185
vn 0.62934511 0.30306294 0.71559596
vn 0.60492866 0.34925093 0.71560122
vn 0.00173695 0.71156394 0.70261921
vn 0.57713076 0.39349717 0.71559770
vn -0.02304888 -0.71003964 0.70378438
vn -0.02304925 0.71003963 0.70378438
vn -0.04102523 0.70828475 0.70473374
vn -0.04102544 -0.70828492 0.70473356
vn -0.05347109 -0.70667450 0.70551541
vn -0.05347112 0.70667475 0.70551516
vn -0.47510006 0.51202593 0.71561819
vn -0.51202593 0.47510006 0.71561819
vn -0.54609403 0.43550712 0.71562201
vn -0.43550712 0.54609403 0.71562201
vn -0.57712013 0.39346367 0.71562469
vn -0.39346367 0.57712013 0.71562469
vn -0.60491641 0.34924479 0.71561457
vn -0.34924479 0.60491641 0.71561457
vn -0.62931186 0.30306800 0.71562306
vn -0.30306800 0.62931186 0.71562306
vn -0.65016918 0.25516121 0.71566249
vn -0.25517980 0.65020612 0.71562229
vn -0.20587742 0.66746121 0.71561863
vn -0.66746121 0.20587742 0.71561863
vn -0.68097794 0.15543634 0.71561763
vn -0.15543634 0.68097794 0.71561763
vn -0.10411305 0.69068413 0.71562274
vn -0.69068413 0.10411305 0.71562274
vn -0.06160974 0.70543291 0.70609393
vn -0.06160977 -0.70543317 0.70609368
vn -0.07655362 -0.70660284 0.70345715
vn -0.05219001 0.69653342 0.71562379
vn -0.69653342 0.05219001 0.71562379
vn -0.69849542 0.00000000 0.71561453
vn -0.00000000 0.69849542 0.71561453
vn -0.69653342 -0.05219001 0.71562379
vn -0.12826871 -0.70177876 0.70075225
vn 0.05219001 0.69653342 0.71562379
vn -0.69068413 -0.10411305 0.71562274
vn 0.10411305 0.69068413 0.71562274
vn -0.68097794 -0.15543634 0.71561763
vn 0.15543634 0.68097794 0.71561763
vn -0.66746121 -0.20587742 0.71561863
vn 0.20587742 0.66746121 0.71561863
vn -0.65020612 -0.25517980 0.71562229
vn 0.25517980 0.65020612 0.71562229
vn -0.62931186 -0.30306800 0.71562306
vn 0.30306800 0.62931186 0.71562306
vn -0.60491641 -0.34924479 0.71561457
vn -0.09426287 -0.70514950 0.70276503
vn -0.57712013 -0.39346367 0.71562469
vn 0.39346367 0.57712013 0.71562469
vn -0.54609403 -0.43550712 0.71562201
vn 0.43550712 0.54609403 0.71562201
vn -0.51202593 -0.47510006 0.71561819
vn -0.07668868 -0.70406168 0.70598583
vn 0.47510006 0.51202593 0.71561819
vn -0.47510006 -0.51202593 0.71561819
vn 0.51202593 0.47510006 0.71561819
vn -0.07655379 0.70660312 0.70345686
vn 0.62931186 -0.30306800 0.71562306
vn 0.60491641 -0.34924479 0.71561457
vn 0.65020612 -0.25517980 0.71562229
vn 0.66746121 -0.20587742 0.71561863
vn 0.68097794 -0.15543634 0.71561763
vn 0.69068413 -0.10411305 0.71562274
vn 0.69653342 -0.05219001 0.71562379
vn 0.69849542 -0.00000000 0.71561453
vn 0.69653342 0.05219001 0.71562379
vn 0.69068413 0.10411305 0.71562274
vn 0.68097794 0.15543634 0.71561763
vn 0.66746121 0.20587742 0.71561863
vn 0.65020612 0.25517980 0.71562229
vn 0.62931186 0.30306800 0.71562306
vn 0.60491641 0.34924479 0.71561457
vn 0.57712013 0.39346367 0.71562469
vn 0.54609403 0.43550712 0.71562201
vn -0.08714244 0.70157126 0.70725099
vn -0.08714277 -0.70157165 0.70725056
vn 0.39346367 -0.57712013 0.71562469
vn 0.34924479 -0.60491641 0.71561457
vn 0.43550712 -0.54609403 0.71562201
vn 0.47510006 -0.51202593 0.71561819
vn 0.51202593 -0.47510006 0.71561819
vn 0.54609403 -0.43550712 0.71562201
vn 0.57712013 -0.39346367 0.71562469
vn -0.08474154 0.70139710 0.70771532
vn -0.08474204 -0.70139669 0.70771567
vn -0.08088028 -0.70183098 0.70773700
vn -0.08088082 0.70183092 0.70773700
vn -0.49373773 -0.52982598 0.68957050
vn 0.30306800 -0.62931186 0.71562306
vn 0.25517980 -0.65020612 0.71562229
vn -0.07727983 0.70233877 0.70763556
vn -0.07727930 -0.70233883 0.70763556
vn -0.07436274 -0.70277291 0.70751708
vn -0.57083729 -0.44517477 0.68990159
vn 0.20587742 -0.66746121 0.71561863
vn -0.07436273 0.70277275 0.70751724
vn -0.62977968 -0.35416330 0.69133632
vn 0.15543634 -0.68097794 0.71561763
vn -0.07228628 0.70314104 0.70736651
vn -0.07228679 -0.70314098 0.70736651
vn -0.07135860 -0.70345229 0.70715120
vn -0.66933053 -0.26654746 0.69350494
vn -0.07135911 0.70345255 0.70715089
vn -0.69263010 -0.18948444 0.69595919
vn 0.10411305 -0.69068413 0.71562274
vn -0.70449931 -0.12632603 0.69837129
vn 0.05219001 -0.69653342 0.71562379
vn -0.07217250 0.70370858 0.70681353
vn -0.07217228 -0.70370898 0.70681315
vn -0.70935085 -0.07753047 0.70057861
vn -0.07668846 0.70406193 0.70598561
vn -0.71040142 -0.04208056 0.70253757
vn -0.00000000 -0.69849542 0.71561453
vn -0.70969263 -0.01850953 0.70426825
vn -0.05219001 -0.69653342 0.71562379
vn -0.70839343 -0.00537405 0.70579733
vn -0.10411305 -0.69068413 0.71562274
vn -0.70750201 0.00000000 0.70671133
vn -0.15543634 -0.68097794 0.71561763
vn -0.51202491 0.47509004 0.71562557
vn -0.09426263 0.70514933 0.70276524
vn -0.47509609 0.51203323 0.71561559
vn -0.54610454 0.43550538 0.71561505
vn -0.43550712 0.54609403 0.71562201
vn -0.43550712 -0.54609403 0.71562201
vn -0.39347325 0.57711745 0.71562158
vn -0.39346367 -0.57712013 0.71562469
vn -0.34924479 -0.60491641 0.71561457
vn -0.57711288 0.39347390 0.71562492
vn -0.34924118 0.60491098 0.71562092
vn -0.60491280 0.34924354 0.71561824
vn -0.12826830 0.70177897 0.70075211
vn -0.30304989 0.62932045 0.71562318
vn -0.30306800 -0.62931186 0.71562306
vn -0.62931512 0.30306874 0.71561988
vn -0.25518264 0.65021252 0.71561547
vn -0.25517980 -0.65020612 0.71562229
vn -0.65020309 0.25518340 0.71562376
vn -0.20588641 0.66745472 0.71562209
vn -0.20587742 -0.66746121 0.71561863
vn -0.66746113 0.20587438 0.71561958
vn -0.15543634 0.68097794 0.71561763
vn -0.68097931 0.15543158 0.71561736
vn -0.10411305 0.69068413 0.71562274
vn -0.70839343 0.00537405 0.70579733
vn -0.69068536 0.10411240 0.71562165
vn -0.05219001 0.69653342 0.71562379
vn -0.70969263 0.01850953 0.70426825
vn -0.69653290 0.05219122 0.71562420
vn -0.00000000 0.69849542 0.71561453
vn -0.71040142 0.04208056 0.70253757
vn 0.05219001 0.69653342 0.71562379
vn -0.17502668 0.69369453 0.69867987
vn -0.69849542 0.00000000 0.71561453
vn -0.69646539 -0.05219275 0.71568979
vn -0.69068536 -0.10411240 0.71562165
vn -0.68097931 -0.15543158 0.71561736
vn -0.66746113 -0.20587438 0.71561958
vn -0.65020309 -0.25518340 0.71562376
vn -0.62931512 -0.30306874 0.71561988
vn -0.60491280 -0.34924354 0.71561824
vn -0.57711288 -0.39347390 0.71562492
vn -0.54610454 -0.43550538 0.71561505
vn -0.51202491 -0.47509004 0.71562557
vn -0.47509609 -0.51203323 0.71561559
vn -0.43550712 -0.54609403 0.71562201
vn -0.39347325 -0.57711745 0.71562158
vn -0.70935085 0.07753047 0.70057861
vn -0.70449931 0.12632603 0.69837129
vn 0.10411305 0.69068413 0.71562274
vn -0.23677051 0.67805669 0.69582962
vn -0.34924118 -0.60491098 0.71562092
vn -0.30304989 -0.62932045 0.71562318
vn -0.25518264 -0.65021252 0.71561547
vn -0.20588641 -0.66745472 0.71562209
vn -0.15543634 -0.68097794 0.71561763
vn -0.10411305 -0.69068413 0.71562274
vn -0.05219001 -0.69653342 0.71562379
vn 0.00000000 -0.69849542 0.71561453
vn 0.05219001 -0.69653342 0.71562379
vn 0.10411305 -0.69068413 0.71562274
vn 0.15543634 -0.68097794 0.71561763
vn 0.20588641 -0.66745472 0.71562209
vn 0.25518264 -0.65021252 0.71561547
vn 0.30304989 -0.62932045 0.71562318
vn 0.34924118 -0.60491098 0.71562092
vn 0.39347325 -0.57711745 0.71562158
vn 0.43550712 -0.54609403 0.71562201
vn 0.47509609 -0.51203323 0.71561559
vn 0.51202491 -0.47509004 0.71562557
vn -0.69263010 0.18948444 0.69595919
vn 0.15543634 0.68097794 0.71561763
vn -0.31535907 0.64869222 0.69263776
vn 0.54610454 -0.43550538 0.71561505
vn 0.57711288 -0.39347390 0.71562492
vn 0.60491280 -0.34924354 0.71561824
vn 0.62931512 -0.30306874 0.71561988
vn 0.65020309 -0.25518340 0.71562376
vn 0.66746113 -0.20587438 0.71561958
vn 0.68097931 -0.15543158 0.71561736
vn 0.69068536 -0.10411240 0.71562165
vn 0.69653290 -0.05219122 0.71562420
vn 0.69849542 -0.00000000 0.71561453
vn 0.69653290 0.05219122 0.71562420
vn 0.69068536 0.10411240 0.71562165
vn 0.68097931 0.15543158 0.71561736
vn 0.66746113 0.20587438 0.71561958
vn 0.65020309 0.25518340 0.71562376
vn 0.62931512 0.30306874 0.71561988
vn 0.60491280 0.34924354 0.71561824
vn -0.66933053 0.26654746 0.69350494
vn -0.62977968 0.35416330 0.69133632
vn 0.20588641 0.66745472 0.71562209
vn -0.40499885 0.59943603 0.69040016
vn 0.34924118 0.60491098 0.71562092
vn 0.39347325 0.57711745 0.71562158
vn 0.57711288 0.39347390 0.71562492
vn 0.54610454 0.43550538 0.71561505
vn 0.51202491 0.47509004 0.71562557
vn 0.47509609 0.51203323 0.71561559
vn 0.43550712 0.54609403 0.71562201
vn -0.59305202 0.45517133 0.66415989
vn 0.25518264 0.65021252 0.71561547
vn -0.50540908 0.55227694 0.66298707
vn 0.30304989 0.62932045 0.71562318
vn 0.57735027 -0.57735027 0.57735027
vn 0.30151134 -0.90453403 0.30151134
vn 0.30151134 0.90453403 0.30151134
vn -0.57735027 0.57735027 -0.57735027
vn -0.30151134 0.90453403 -0.30151134
vn 0.30151134 0.90453403 -0.30151134
vn 0.57735027 0.57735027 -0.57735027
vn -0.57735027 0.57735027 -0.57735027
vn -0.30151134 0.90453403 0.30151134
vn 0.57735027 0.57735027 -0.57735027
vn -0.58228297 -0.58303000 -0.56658853
vn -0.38581183 0.57103821 0.72461341
vn -0.57735027 0.57735027 0.57735027
vn -0.57735027 0.57735027 -0.57735027
vn -0.57735027 -0.57735027 -0.57735027
vn 0.30151134 -0.90453403 0.30151134
vn -0.30151134 -0.90453403 -0.30151134
vn 0.30151134 -0.90453403 -0.30151134
vn -0.57735027 -0.57735027 -0.57735027
vn 0.57735027 -0.57735027 -0.57735027
vn -0.30151134 -0.90453403 0.30151134
vn 0.57735027 -0.57735027 -0.57735027
vn 0.30151134 0.90453403 0.30151134
vn 0.57735027 0.57735027 0.57735027
vn -0.30151134 -0.90453403 -0.30151134
vn 0.30151134 -0.90453403 0.30151134
vn -0.56549723 -0.58700918 -0.57933851
vn 0.30151134 -0.90453403 -0.30151134
vn -0.57735027 -0.57735027 -0.57735027
vn 0.57735027 -0.57735027 -0.57735027
vn -0.30151134 -0.90453403 0.30151134
vn 0.57735027 -0.57735027 -0.57735027
vn 0.57735027 0.57735027 -0.57735027
vn -0.30151134 0.90453403 0.30151134
vn 0.30151134 0.90453403 0.30151134
vn -0.57735027 0.57735027 -0.57735027
vn -0.30151134 0.90453403 -0.30151134
vn 0.30151134 0.90453403 -0.30151134
vn 0.57735027 0.57735027 -0.57735027
vn -0.57735027 0.57735027 -0.57735027
vn -0.71030669 -0.32505010 -0.62434513
vn -0.69656809 -0.05208134 -0.71559796
vn -0.69074146 -0.10387264 -0.71560234
vn -0.68106975 -0.15510270 -0.71560265
vn -0.66761002 -0.20546269 -0.71559901
vn -0.65043490 -0.25466654 -0.71559723
vn -0.62962660 -0.30246246 -0.71560241
vn -0.60532370 -0.34857802 -0.71559526
vn -0.57763922 -0.39274524 -0.71560052
vn -0.54675422 -0.43472806 -0.71559159
vn -0.51281597 -0.47427798 -0.71559778
vn -0.47601310 -0.51120401 -0.71559904
vn -0.21973024 -0.85847561 -0.46339859
vn -0.30151134 -0.90453403 -0.30151134
vn 0.30151134 -0.90453403 -0.30151134
vn -0.57735027 -0.57735027 -0.57735027
vn 0.57735027 -0.57735027 -0.57735027
vn -0.30151134 -0.90453403 0.30151134
vn 0.57735027 -0.57735027 -0.57735027
vn 0.57735027 0.57735027 -0.57735027
vn -0.30151134 0.90453403 0.30151134
vn 0.30151134 0.90453403 0.30151134
vn -0.57851398 0.57501342 -0.57851633
vn -0.30151134 0.90453403 -0.30151134
vn 0.30151134 0.90453403 -0.30151134
vn 0.57735027 0.57735027 -0.57735027
vn -0.57735027 0.57735027 -0.57735027
vn -0.69653342 -0.05219001 -0.71562379
vn -0.56548195 -0.58702135 -0.57934109
vn -0.69068413 -0.10411305 -0.71562274
vn -0.68097794 -0.15543634 -0.71561763
vn -0.66746121 -0.20587742 -0.71561863
vn -0.65020612 -0.25517980 -0.71562229
vn -0.62931186 -0.30306800 -0.71562306
vn -0.60491641 -0.34924479 -0.71561457
vn -0.57712013 -0.39346367 -0.71562469
vn -0.54609403 -0.43550712 -0.71562201
vn -0.51202593 -0.47510006 -0.71561819
vn -0.47510006 -0.51202593 -0.71561819
vn -0.43550712 -0.54609403 -0.71562201
vn -0.39346367 -0.57712013 -0.71562469
vn -0.34924479 -0.60491641 -0.71561457
vn -0.30306800 -0.62931186 -0.71562306
vn -0.25517980 -0.65020612 -0.71562229
vn -0.20587742 -0.66746121 -0.71561863
vn -0.15543634 -0.68097794 -0.71561763
vn -0.10411305 -0.69068413 -0.71562274
vn -0.31120119 -0.89934711 0.30712960
vn 0.00000000 -0.69849542 -0.71561453
vn -0.05219001 -0.69653342 -0.71562379
vn 0.05219001 -0.69653342 0.71562379
vn 0.05219001 -0.69653342 -0.71562379
vn 0.10411305 -0.69068413 -0.71562274
vn 0.10411305 -0.69068413 0.71562274
vn 0.15543634 -0.68097794 0.71561763
vn 0.15543634 -0.68097794 -0.71561763
vn 0.20587742 -0.66746121 0.71561863
vn 0.20587742 -0.66746121 -0.71561863
vn 0.25517980 -0.65020612 -0.71562229
vn 0.30306800 -0.62931186 0.71562306
vn 0.30306800 -0.62931186 -0.71562306
vn 0.34924479 -0.60491641 -0.71561457
vn 0.34924479 -0.60491641 0.71561457
vn 0.39346367 -0.57712013 0.71562469
vn 0.39346367 -0.57712013 -0.71562469
vn 0.43550712 -0.54609403 0.71562201
vn 0.43550712 -0.54609403 -0.71562201
vn 0.47510006 -0.51202593 -0.71561819
vn 0.47510006 -0.51202593 0.71561819
vn 0.51202593 -0.47510006 0.71561819
vn 0.51202593 -0.47510006 -0.71561819
vn 0.54609403 -0.43550712 0.71562201
vn 0.54609403 -0.43550712 -0.71562201
vn 0.57712013 -0.39346367 0.71562469
vn 0.57712013 -0.39346367 -0.71562469
vn 0.60491641 -0.34924479 0.71561457
vn 0.60491641 -0.34924479 -0.71561457
vn 0.62931186 -0.30306800 0.71562306
vn 0.62931186 -0.30306800 -0.71562306
vn 0.65020612 -0.25517980 0.71562229
vn 0.65020612 -0.25517980 -0.71562229
vn 0.66746121 -0.20587742 -0.71561863
vn 0.66746121 -0.20587742 0.71561863
vn 0.68097794 -0.15543634 0.71561763
vn 0.68097794 -0.15543634 -0.71561763
vn 0.69068413 -0.10411305 -0.71562274
vn 0.69068413 -0.10411305 0.71562274
vn 0.69653342 -0.05219001 0.71562379
vn 0.69653342 -0.05219001 -0.71562379
vn 0.56548195 -0.58702135 0.57934109
vn 0.56548195 -0.58702135 -0.57934109
vn 0.57735027 -0.57735027 -0.57735027
vn 0.30151134 -0.90453403 0.30151134
vn -0.57735027 -0.57735027 -0.57735027
vn -0.30151134 -0.90453403 -0.30151134
vn 0.30151134 -0.90453403 -0.30151134
vn -0.57735027 -0.57735027 -0.57735027
vn 0.57735027 -0.57735027 -0.57735027
vn -0.30151134 -0.90453403 0.30151134
vn 0.57735027 -0.57735027 -0.57735027
vn 0.57735027 0.57735027 -0.57735027
vn -0.30151134 0.90453403 0.30151134
vn -0.30151134 0.90453403 -0.30151134
vn -0.56549684 0.58700948 -0.57933858
vn 0.30151134 0.90453403 0.30151134
vn 0.30151134 0.90453403 -0.30151134
vn 0.57735027 0.57735027 -0.57735027
vn -0.57735027 0.57735027 -0.57735027
vn -0.71030669 0.32505010 -0.62434513
vn -0.47600915 0.51121133 -0.71559644
vn -0.51281494 0.47426795 -0.71560517
vn -0.54676710 0.43471987 -0.71558674
vn -0.57763599 0.39275725 -0.71559654
vn -0.60531649 0.34857562 -0.71560253
vn -0.62963439 0.30245472 -0.71559882
vn -0.65043508 0.25466658 -0.71559705
vn -0.66761022 0.20546565 -0.71559797
vn -0.68106835 0.15510739 -0.71560297
vn -0.69073995 0.10387207 -0.71560388
vn -0.69656924 0.05207933 -0.71559698
vn 0.30151134 -0.90453403 0.30151134
vn -0.57735027 -0.57735027 -0.57735027
vn -0.30151134 -0.90453403 -0.30151134
vn 0.30151134 -0.90453403 -0.30151134
vn -0.57735027 -0.57735027 -0.57735027
vn 0.57735027 -0.57735027 -0.57735027
vn -0.30151134 -0.90453403 0.30151134
vn 0.57735027 -0.57735027 -0.57735027
vn 0.57735027 0.57735027 -0.57735027
vn -0.30151134 0.90453403 0.30151134
vn 0.30151134 0.90453403 0.30151134
vn -0.57735027 0.57735027 -0.57735027
vn -0.30151134 0.90453403 -0.30151134
vn 0.30151134 0.90453403 -0.30151134
vn 0.57735027 0.57735027 -0.57735027
vn -0.57735027 0.57735027 -0.57735027
vn 0.57735027 0.57735027 -0.57735027
vn -0.31120119 0.89934711 0.30712960
vn -0.56548195 0.58702135 -0.57934109
vn 0.69653290 0.05219122 0.71562420
vn 0.56548195 0.58702135 -0.57934109
vn 0.56548195 0.58702135 0.57934109
vn 0.69653290 0.05219122 -0.71562420
vn 0.69068536 0.10411240 0.71562165
vn 0.69068536 0.10411240 -0.71562165
vn 0.68097931 0.15543158 -0.71561736
vn 0.68097931 0.15543158 0.71561736
vn 0.66746113 0.20587438 -0.71561958
vn 0.66746113 0.20587438 0.71561958
vn 0.65020309 0.25518340 0.71562376
vn 0.65020309 0.25518340 -0.71562376
vn 0.62931512 0.30306874 0.71561988
vn 0.62931512 0.30306874 -0.71561988
vn 0.60491280 0.34924354 0.71561824
vn 0.60491280 0.34924354 -0.71561824
vn 0.57711288 0.39347390 0.71562492
vn 0.57711288 0.39347390 -0.71562492
vn 0.54610454 0.43550538 -0.71561505
vn 0.54610454 0.43550538 0.71561505
vn 0.51202491 0.47509004 0.71562557
vn 0.51202491 0.47509004 -0.71562557
vn 0.47509609 0.51203323 0.71561559
vn 0.47509609 0.51203323 -0.71561559
vn 0.43550712 0.54609403 0.71562201
vn 0.43550712 0.54609403 -0.71562201
vn 0.39347325 0.57711745 0.71562158
vn 0.39347325 0.57711745 -0.71562158
vn 0.34924118 0.60491098 0.71562092
vn 0.34924118 0.60491098 -0.71562092
vn 0.30304989 0.62932045 -0.71562318
vn 0.30304989 0.62932045 0.71562318
vn 0.25518264 0.65021252 0.71561547
vn 0.25518264 0.65021252 -0.71561547
vn 0.20588641 0.66745472 0.71562209
vn 0.20588641 0.66745472 -0.71562209
vn 0.15543634 0.68097794 -0.71561763
vn 0.15543634 0.68097794 0.71561763
vn 0.10411305 0.69068413 -0.71562274
vn 0.10411305 0.69068413 0.71562274
vn 0.05219001 0.69653342 0.71562379
vn 0.05219001 0.69653342 -0.71562379
vn 0.00000000 0.69849542 -0.71561453
vn -0.05219001 0.69653342 -0.71562379
vn -0.10411305 0.69068413 -0.71562274
vn -0.15543634 0.68097794 -0.71561763
vn -0.20588641 0.66745472 -0.71562209
vn -0.25518264 0.65021252 -0.71561547
vn -0.30304989 0.62932045 -0.71562318
vn -0.34924118 0.60491098 -0.71562092
vn -0.39347325 0.57711745 -0.71562158
vn -0.43550712 0.54609403 -0.71562201
vn -0.47509609 0.51203323 -0.71561559
vn -0.51202491 0.47509004 -0.71562557
vn -0.54610454 0.43550538 -0.71561505
vn -0.57711288 0.39347390 -0.71562492
vn -0.60491280 0.34924354 -0.71561824
vn -0.62931512 0.30306874 -0.71561988
vn -0.65020309 0.25518340 -0.71562376
vn -0.66746113 0.20587438 -0.71561958
vn -0.68097931 0.15543158 -0.71561736
vn -0.69068536 0.10411240 -0.71562165
vn -0.69653290 0.05219122 -0.71562420
vn -0.30151134 -0.90453403 -0.30151134
vn 0.30151134 -0.90453403 -0.30151134
vn -0.57735027 -0.57735027 -0.57735027
vn 0.57735027 -0.57735027 -0.57735027
vn -0.30151134 0.90453403 -0.30151134
vn 0.30151134 0.90453403 -0.30151134
vn 0.57735027 0.57735027 -0.57735027
vn -0.57735027 0.57735027 -0.57735027
vn -0.26678314 -0.65484865 0.70710678
vn -0.43721806 -0.89935553 -0.00000000
vn -0.37728833 -0.92609585 -0.00000000
vn -0.32966840 -0.94409679 0.00000000
vn -0.26678314 -0.65484865 -0.70710678
vn -0.49526520 -0.86874184 0.00000034
vn -0.24168998 -0.67932630 0.69289374
vn -0.35020512 -0.61429312 0.70710702
vn -0.49526492 -0.86874200 0.00000034
vn -0.49526499 -0.86874196 0.00000068
vn -0.35020514 -0.61429339 -0.70710678
vn -0.19883423 -0.67857568 -0.70710678
vn -0.24464335 -0.96961314 -0.00000000
vn -0.19883423 -0.67857568 0.70710678
vn 0.70710678 0.00000000 -0.70710678
vn 0.00000000 0.00000000 -1.00000000
vn 0.41989788 -0.56893389 -0.70710678
vn 0.00000000 0.00000000 -1.00000000
vn 0.00000000 0.00000000 -1.00000000
vn 0.37618529 -0.59873586 -0.70710678
vn 0.00000000 0.00000000 -1.00000000
vn 0.00000000 0.00000000 -1.00000000
vn 0.00000000 0.00000000 -1.00000000
vn 0.00000000 -0.00000000 -1.00000000
vn -0.30151134 0.30151134 -0.90453403
vn 0.00000000 -0.00000000 -1.00000000
vn -0.59361071 0.59627962 -0.54044144
vn 0.70710678 -0.00000000 -0.70710678
vn 0.00000000 0.00000000 -1.00000000
vn 0.00000000 -0.00000000 -1.00000000
vn 0.37620146 0.59872570 -0.70710678
vn 0.00000000 0.00000000 -1.00000000
vn 0.00000000 0.00000000 -1.00000000
vn 0.33040421 0.62516642 -0.70710678
vn 0.00000000 0.00000000 -1.00000000
vn 0.00000000 0.00000000 -1.00000000
vn -0.00000000 0.00000000 -1.00000000
vn 0.62044300 -0.37117697 -0.69085320
vn 0.70710678 0.00000000 -0.70710678
vn -0.70710678 -0.00000000 -0.70710678
vn -0.70710678 0.00000000 -0.70710678
vn -0.42101356 -0.56815759 -0.70706756
vn 0.00000000 0.00000000 -1.00000000
vn 0.00000000 0.00000000 -1.00000000
vn -0.37736009 -0.59804272 -0.70706738
vn 0.00000000 0.00000000 -1.00000000
vn 0.00000000 0.00000000 -1.00000000
vn -0.33158381 -0.62458464 -0.70706874
vn 0.00000000 0.00000000 -1.00000000
vn 0.00000000 0.00000000 -1.00000000
vn -0.28396666 -0.64762428 -0.70706841
vn 0.00000000 0.00000000 -1.00000000
vn 0.00000000 0.00000000 -1.00000000
vn -0.23476391 -0.66703870 -0.70706809
vn 0.00000000 0.00000000 -1.00000000
vn 0.00000000 0.00000000 -1.00000000
vn -0.18423633 -0.68272237 -0.70706940
vn 0.00000000 0.00000000 -1.00000000
vn 0.00000000 0.00000000 -1.00000000
vn -0.13269618 -0.69458159 -0.70707011
vn 0.00000000 0.00000000 -1.00000000
vn 0.00000000 0.00000000 -1.00000000
vn 0.00000000 -0.00000000 -1.00000000
vn 0.30151134 -0.30151134 -0.90453403
vn -0.70710678 0.00000000 -0.70710678
vn 0.00000000 0.00000000 -1.00000000
vn -0.42099903 0.56816839 -0.70706753
vn 0.00000000 0.00000000 -1.00000000
vn 0.00000000 0.00000000 -1.00000000
vn -0.37736069 0.59804368 -0.70706624
vn 0.00000000 0.00000000 -1.00000000
vn 0.00000000 0.00000000 -1.00000000
vn -0.33160250 0.62457739 -0.70706639
vn 0.00000000 0.00000000 -1.00000000
vn 0.00000000 0.00000000 -1.00000000
vn -0.28396666 0.64762428 -0.70706841
vn 0.00000000 0.00000000 -1.00000000
vn 0.00000000 0.00000000 -1.00000000
vn -0.23478353 0.66703041 -0.70706939
vn 0.00000000 0.00000000 -1.00000000
vn 0.00000000 0.00000000 -1.00000000
vn -0.18421499 0.68272681 -0.70707067
vn 0.00000000 0.00000000 -1.00000000
vn 0.00000000 0.00000000 -1.00000000
vn -0.13269618 0.69458159 -0.70707011
vn 0.00000000 0.00000000 -1.00000000
vn 0.70710678 0.00000000 -0.70710678
vn -0.70710678 -0.00000000 -0.70710678
vn 0.30151134 -0.30151134 -0.90453403
vn 0.33196932 -0.62433675 -0.70710678
vn 0.00000000 -0.00000000 -1.00000000
vn 0.00000000 0.00000000 -1.00000000
vn 0.00000000 0.00000000 -1.00000000
vn -0.53586597 0.46136127 -0.70710214
vn 0.00000000 0.00000000 -1.00000000
vn -0.46107394 0.53611676 -0.70709946
vn 0.00000000 0.00000000 -1.00000000
vn -0.00000000 -0.00000000 -1.00000000
vn -0.41971230 0.56908157 -0.70709812
vn 0.00000000 0.00000000 -1.00000000
vn 0.00000000 0.00000000 -1.00000000
vn 0.00000000 -0.00000000 -1.00000000
vn -0.37598917 0.59886934 -0.70709805
vn 0.00000000 0.00000000 -1.00000000
vn 0.00000000 0.00000000 -1.00000000
vn -0.62511202 0.33051745 -0.70710196
vn -0.33018050 0.62529440 -0.70709812
vn 0.00000000 0.00000000 -1.00000000
vn 0.00000000 0.00000000 -1.00000000
vn -0.28251234 0.64822789 -0.70709786
vn 0.00000000 0.00000000 -1.00000000
vn 0.00000000 0.00000000 -1.00000000
vn -0.23324071 0.66754168 -0.70709750
vn 0.00000000 0.00000000 -1.00000000
vn 0.00000000 0.00000000 -1.00000000
vn -0.18267734 0.68311319 -0.70709642
vn 0.00000000 0.00000000 -1.00000000
vn 0.00000000 0.00000000 -1.00000000
vn -0.13114075 0.69484992 -0.70709666
vn 0.00000000 0.00000000 -1.00000000
vn 0.00000000 0.00000000 -1.00000000
vn -0.07878571 0.70271622 -0.70709457
vn 0.00000000 0.00000000 -1.00000000
vn 0.00000000 0.00000000 -1.00000000
vn 0.00000000 -0.70710678 -0.70710678
vn -0.02605160 0.70663845 -0.70709505
vn 0.00000000 0.00000000 -1.00000000
vn 0.00000000 0.00000000 -1.00000000
vn 0.24163657 -0.66453876 -0.70710678
vn -0.00000000 0.00000000 -1.00000000
vn 0.07960203 0.70262541 -0.70709338
vn 0.00000000 0.00000000 -1.00000000
vn 0.00000000 0.00000000 -1.00000000
vn 0.13189749 0.69470969 -0.70709369
vn 0.00000000 0.00000000 -1.00000000
vn 0.00000000 0.00000000 -1.00000000
vn 0.18347063 0.68290467 -0.70709246
vn 0.00000000 0.00000000 -1.00000000
vn 0.00000000 0.00000000 -1.00000000
vn 0.23398936 0.66728547 -0.70709199
vn 0.00000000 0.00000000 -1.00000000
vn 0.00000000 0.00000000 -1.00000000
vn 0.28323624 0.64791866 -0.70709168
vn 0.00000000 0.00000000 -1.00000000
vn 0.00000000 0.00000000 -1.00000000
vn 0.33087867 0.62493295 -0.70709130
vn 0.00000000 0.00000000 -1.00000000
vn 0.00000000 0.00000000 -1.00000000
vn 0.37666042 0.59845604 -0.70709073
vn 0.00000000 0.00000000 -1.00000000
vn 0.00000000 0.00000000 -1.00000000
vn 0.42037721 0.56860114 -0.70708962
vn 0.00000000 0.00000000 -1.00000000
vn 0.00000000 0.00000000 -1.00000000
vn 0.46168511 0.53560521 -0.70708834
vn 0.00000000 0.00000000 -1.00000000
vn 0.00000000 0.00000000 -1.00000000
vn 0.50041733 0.49960606 -0.70709001
vn 0.00000000 0.00000000 -1.00000000
vn 0.00000000 0.00000000 -1.00000000
vn 0.53638645 0.46077716 -0.70708839
vn 0.00000000 0.00000000 -1.00000000
vn 0.00000000 0.00000000 -1.00000000
vn 0.56932786 0.41939562 -0.70708776
vn 0.00000000 0.00000000 -1.00000000
vn 0.00000000 0.00000000 -1.00000000
vn -0.00000000 0.00000000 -1.00000000
vn 0.16404876 -0.68781393 -0.70710678
vn 0.00000000 0.00000000 -1.00000000
vn 0.00000000 0.00000000 -1.00000000
vn 0.00000000 -0.00000000 -1.00000000
vn 0.64841599 0.28211009 -0.70708599
vn 0.00000000 0.00000000 -1.00000000
vn 0.00000000 0.00000000 -1.00000000
vn 0.66767739 0.23288818 -0.70708556
vn 0.00000000 0.00000000 -1.00000000
vn 0.00000000 0.00000000 -1.00000000
vn 0.68321951 0.18232108 -0.70708565
vn 0.00000000 0.00000000 -1.00000000
vn 0.00000000 0.00000000 -1.00000000
vn 0.69494505 0.13070925 -0.70708307
vn 0.00000000 0.00000000 -1.00000000
vn 0.00000000 0.00000000 -1.00000000
vn 0.70276729 0.07842832 -0.70708354
vn 0.00000000 0.00000000 -1.00000000
vn 0.00000000 0.00000000 -1.00000000
vn 0.00000000 0.00000000 -1.00000000
vn -0.00000000 0.00000000 -1.00000000
vn -0.00000000 -0.00000000 -1.00000000
vn 0.00000000 0.00000000 -1.00000000
vn 0.00000000 -0.00000000 -1.00000000
vn 0.69464593 -0.13228990 -0.70708304
vn 0.00000000 0.00000000 -1.00000000
vn 0.00000000 0.00000000 -1.00000000
vn 0.70259084 -0.08000377 -0.70708239
vn 0.00000000 0.00000000 -1.00000000
vn 0.00000000 0.00000000 -1.00000000
vn 0.00000000 -0.00000000 -1.00000000
vn 0.10203807 -0.69970582 -0.70710678
vn -0.00000000 0.00000000 -1.00000000
vn 0.00000000 0.00000000 -1.00000000
vn -0.00000000 -0.00000000 -1.00000000
vn -0.00000000 0.00000000 -1.00000000
vn 0.05340369 -0.70508726 -0.70710678
vn -0.08038840 -0.70255901 -0.70707039
vn 0.00000000 0.00000000 -1.00000000
vn 0.00000000 0.00000000 -1.00000000
vn -0.02765376 -0.70660211 -0.70707053
vn 0.00000000 0.00000000 -1.00000000
vn 0.00000000 0.00000000 -1.00000000
vn 0.02526306 -0.70668958 -0.70707257
vn 0.00000000 0.00000000 -1.00000000
vn 0.00000000 0.00000000 -1.00000000
vn 0.07799924 -0.70282705 -0.70707160
vn 0.00000000 0.00000000 -1.00000000
vn 0.00000000 0.00000000 -1.00000000
vn 0.13035047 -0.69502224 -0.70707343
vn 0.00000000 0.00000000 -1.00000000
vn 0.00000000 0.00000000 -1.00000000
vn 0.18192290 -0.68333774 -0.70707397
vn 0.00000000 0.00000000 -1.00000000
vn 0.00000000 0.00000000 -1.00000000
vn 0.23251521 -0.66781921 -0.70707438
vn 0.00000000 0.00000000 -1.00000000
vn 0.00000000 0.00000000 -1.00000000
vn 0.28176489 -0.64857982 -0.70707338
vn 0.00000000 0.00000000 -1.00000000
vn 0.00000000 0.00000000 -1.00000000
vn 0.32949574 -0.62568130 -0.70707529
vn 0.00000000 0.00000000 -1.00000000
vn 0.00000000 0.00000000 -1.00000000
vn 0.37531350 -0.59932072 -0.70707457
vn 0.00000000 0.00000000 -1.00000000
vn 0.00000000 0.00000000 -1.00000000
vn 0.41908678 -0.56957037 -0.70707557
vn 0.00000000 0.00000000 -1.00000000
vn 0.00000000 0.00000000 -1.00000000
vn 0.46047134 -0.53666445 -0.70707667
vn 0.00000000 0.00000000 -1.00000000
vn 0.00000000 0.00000000 -1.00000000
vn 0.49932166 -0.50071893 -0.70707739
vn 0.00000000 0.00000000 -1.00000000
vn 0.00000000 0.00000000 -1.00000000
vn 0.53535094 -0.46199512 -0.70707841
vn 0.00000000 0.00000000 -1.00000000
vn 0.00000000 0.00000000 -1.00000000
vn 0.56839060 -0.42068116 -0.70707814
vn 0.00000000 0.00000000 -1.00000000
vn 0.00000000 0.00000000 -1.00000000
vn 0.59823994 -0.37702683 -0.70707832
vn 0.00000000 0.00000000 -1.00000000
vn 0.00000000 0.00000000 -1.00000000
vn 0.00000000 -0.00000000 -1.00000000
vn -0.00000000 0.00000000 -1.00000000
vn 0.00000000 -0.70710678 -0.70710678
vn 0.00000000 0.00000000 -1.00000000
vn 0.00000000 -0.00000000 -1.00000000
vn 0.00000000 0.70710678 -0.70710678
vn 0.00000000 -0.00000000 -1.00000000
vn 0.00000000 0.00000000 -1.00000000
vn -0.08041064 0.70255644 -0.70707042
vn 0.00000000 0.00000000 -1.00000000
vn 0.00000000 0.00000000 -1.00000000
vn -0.02763121 0.70660167 -0.70707184
vn 0.00000000 0.00000000 -1.00000000
vn 0.00000000 0.00000000 -1.00000000
vn 0.02524055 0.70669035 -0.70707260
vn 0.00000000 0.00000000 -1.00000000
vn 0.00000000 0.00000000 -1.00000000
vn 0.07802136 0.70282328 -0.70707292
vn 0.00000000 0.00000000 -1.00000000
vn 0.00000000 0.00000000 -1.00000000
vn 0.13035047 0.69502224 -0.70707343
vn 0.00000000 0.00000000 -1.00000000
vn 0.00000000 0.00000000 -1.00000000
vn 0.18192290 0.68333774 -0.70707397
vn 0.00000000 0.00000000 -1.00000000
vn 0.00000000 0.00000000 -1.00000000
vn 0.23253532 0.66781224 -0.70707435
vn 0.00000000 0.00000000 -1.00000000
vn 0.00000000 0.00000000 -1.00000000
vn 0.28174592 0.64858804 -0.70707340
vn 0.00000000 0.00000000 -1.00000000
vn 0.00000000 0.00000000 -1.00000000
vn 0.32949574 0.62568130 -0.70707529
vn 0.00000000 0.00000000 -1.00000000
vn 0.00000000 0.00000000 -1.00000000
vn -0.00000000 -0.00000000 -1.00000000
vn 0.37531411 0.59932169 -0.70707343
vn 0.00000000 0.00000000 -1.00000000
vn 0.00000000 0.00000000 -1.00000000
vn 0.41910141 0.56955963 -0.70707555
vn 0.00000000 0.00000000 -1.00000000
vn 0.00000000 0.00000000 -1.00000000
vn 0.46045902 0.53667634 -0.70707566
vn 0.00000000 0.00000000 -1.00000000
vn 0.00000000 0.00000000 -1.00000000
vn 0.00000000 0.00000000 -1.00000000
vn 0.00000000 0.00000000 -1.00000000
vn 0.30151134 -0.30151134 -0.90453403
vn -0.05834604 -0.70469549 -0.70710678
vn -0.00000000 0.00000000 -1.00000000
vn 0.49932166 0.50071893 -0.70707739
vn 0.00000000 0.00000000 -1.00000000
vn 0.00000000 0.00000000 -1.00000000
vn 0.00000000 0.00000000 -1.00000000
vn -0.49984758 -0.50016308 -0.70709920
vn 0.53534197 0.46200684 -0.70707755
vn 0.00000000 0.00000000 -1.00000000
vn 0.00000000 0.00000000 -1.00000000
vn 0.56840528 0.42065867 -0.70707971
vn 0.00000000 0.00000000 -1.00000000
vn 0.00000000 0.00000000 -1.00000000
vn 0.00000000 0.00000000 -1.00000000
vn -0.00000000 0.00000000 -1.00000000
vn 0.00000000 0.00000000 -1.00000000
vn 0.33196932 0.62433675 -0.70710678
vn -0.46107394 -0.53611676 -0.70709946
vn 0.00000000 0.00000000 -1.00000000
vn 0.00000000 0.00000000 -1.00000000
vn -0.41971230 -0.56908157 -0.70709812
vn 0.00000000 0.00000000 -1.00000000
vn 0.00000000 0.00000000 -1.00000000
vn -0.37598977 -0.59887031 -0.70709691
vn 0.00000000 0.00000000 -1.00000000
vn 0.00000000 0.00000000 -1.00000000
vn -0.33016343 -0.62530475 -0.70709693
vn 0.00000000 0.00000000 -1.00000000
vn 0.00000000 0.00000000 -1.00000000
vn -0.28251234 -0.64822789 -0.70709786
vn 0.00000000 0.00000000 -1.00000000
vn 0.00000000 0.00000000 -1.00000000
vn -0.23324113 -0.66754288 -0.70709623
vn 0.00000000 0.00000000 -1.00000000
vn 0.00000000 0.00000000 -1.00000000
vn -0.18271907 -0.68310070 -0.70709771
vn 0.00000000 0.00000000 -1.00000000
vn 0.00000000 0.00000000 -1.00000000
vn -0.13111899 -0.69485402 -0.70709667
vn 0.00000000 0.00000000 -1.00000000
vn 0.00000000 0.00000000 -1.00000000
vn -0.07878571 -0.70271622 -0.70709457
vn 0.00000000 0.00000000 -1.00000000
vn 0.00000000 0.00000000 -1.00000000
vn -0.02605160 -0.70663845 -0.70709505
vn 0.00000000 0.00000000 -1.00000000
vn 0.00000000 0.00000000 -1.00000000
vn 0.02681673 -0.70660967 -0.70709521
vn 0.00000000 0.00000000 -1.00000000
vn 0.00000000 0.00000000 -1.00000000
vn 0.00000000 0.00000000 -1.00000000
vn 0.24163627 0.66453887 -0.70710678
vn 0.00000000 0.00000000 -1.00000000
vn 0.07960188 -0.70262408 -0.70709472
vn 0.00000000 0.00000000 -1.00000000
vn 0.00000000 0.00000000 -1.00000000
vn 0.13191924 -0.69470555 -0.70709371
vn 0.00000000 0.00000000 -1.00000000
vn 0.00000000 0.00000000 -1.00000000
vn 0.18344927 -0.68290907 -0.70709375
vn 0.00000000 0.00000000 -1.00000000
vn 0.00000000 0.00000000 -1.00000000
vn 0.23400900 -0.66727722 -0.70709328
vn 0.00000000 0.00000000 -1.00000000
vn 0.00000000 0.00000000 -1.00000000
vn 0.28323624 -0.64791866 -0.70709168
vn 0.00000000 0.00000000 -1.00000000
vn 0.00000000 0.00000000 -1.00000000
vn 0.33087923 -0.62493401 -0.70709011
vn 0.00000000 0.00000000 -1.00000000
vn 0.00000000 0.00000000 -1.00000000
vn 0.37666042 -0.59845604 -0.70709073
vn 0.00000000 0.00000000 -1.00000000
vn 0.00000000 0.00000000 -1.00000000
vn 0.42036200 -0.56861105 -0.70709070
vn 0.00000000 0.00000000 -1.00000000
vn 0.00000000 0.00000000 -1.00000000
vn 0.46171162 -0.53558368 -0.70708734
vn 0.00000000 0.00000000 -1.00000000
vn 0.00000000 0.00000000 -1.00000000
vn 0.50041868 -0.49960741 -0.70708810
vn 0.00000000 0.00000000 -1.00000000
vn 0.00000000 0.00000000 -1.00000000
vn 0.53637622 -0.46078774 -0.70708925
vn 0.00000000 0.00000000 -1.00000000
vn 0.00000000 0.00000000 -1.00000000
vn 0.56931930 -0.41940591 -0.70708855
vn 0.00000000 0.00000000 -1.00000000
vn 0.00000000 0.00000000 -1.00000000
vn 0.59910578 -0.37563554 -0.70708572
vn -0.00000000 -0.00000000 -1.00000000
vn 0.70710678 -0.00000000 -0.70710678
vn 0.00000000 0.00000000 -1.00000000
vn -0.00000000 0.00000000 -1.00000000
vn -0.00000000 -0.00000000 -1.00000000
vn 0.01591104 -0.70692775 -0.70710678
vn 0.00000000 0.00000000 -1.00000000
vn 0.70276756 -0.07842583 -0.70708355
vn 0.00000000 0.00000000 -1.00000000
vn 0.00000000 0.00000000 -1.00000000
vn 0.70666462 -0.02564690 -0.70708369
vn 0.00000000 0.00000000 -1.00000000
vn 0.00000000 0.00000000 -1.00000000
vn 0.00000000 -0.00000000 -1.00000000
vn 0.00000000 0.00000000 -1.00000000
vn 0.00000000 0.00000000 -1.00000000
vn 0.64840883 -0.28212658 -0.70708598
vn 0.00000000 0.00000000 -1.00000000
vn 0.00000000 0.00000000 -1.00000000
vn 0.66768025 -0.23288132 -0.70708513
vn 0.00000000 0.00000000 -1.00000000
vn 0.00000000 0.00000000 -1.00000000
vn 0.68321951 -0.18232108 -0.70708565
vn 0.00000000 0.00000000 -1.00000000
vn 0.00000000 0.00000000 -1.00000000
vn 0.69494379 -0.13071326 -0.70708357
vn 0.00000000 0.00000000 -1.00000000
vn 0.70710678 0.00000000 -0.70710678
vn 0.00000000 -0.00000000 -1.00000000
vn 0.00000000 0.00000000 -1.00000000
vn -0.00000000 0.00000000 -1.00000000
vn 0.00000000 -0.70710678 -0.70710678
vn 0.00000000 0.00000000 -1.00000000
vn 0.70660603 0.02722396 -0.70708329
vn 0.00000000 0.00000000 -1.00000000
vn 0.00000000 0.00000000 -1.00000000
vn 0.70259084 0.08000377 -0.70708239
vn 0.00000000 0.00000000 -1.00000000
vn 0.00000000 0.00000000 -1.00000000
vn 0.69464672 0.13228576 -0.70708303
vn 0.00000000 0.00000000 -1.00000000
vn 0.00000000 0.00000000 -1.00000000
vn 0.00000000 0.00000000 -1.00000000
vn 0.10203839 0.69970577 -0.70710678
vn -0.70710678 -0.00000000 -0.70710678
vn -0.30151134 0.30151134 -0.90453403
vn 0.00000000 0.00000000 -1.00000000
vn -0.07135860 -0.70345229 -0.70715120
vn -0.00000000 0.00000000 -1.00000000
vn 0.00000000 0.00000000 -1.00000000
vn -0.00000000 -0.00000000 -1.00000000
vn 0.00000000 -0.00000000 -1.00000000
vn 0.05340436 0.70508721 -0.70710678
vn -0.00000000 -0.70710678 -0.70710678
vn 0.00000000 -0.00000000 -1.00000000
vn 0.70710678 -0.00000000 -0.70710678
vn 0.00173695 0.71156394 -0.70261921
vn 0.00000000 -0.00000000 -1.00000000
vn 0.70710678 0.00000000 -0.70710678
vn 0.00000000 0.00000000 -1.00000000
vn -0.00000000 0.00000000 -1.00000000
vn -0.50000000 0.50000000 -0.70710678
vn 0.00000000 0.00000000 -1.00000000
vn 0.00000000 0.00000000 -1.00000000
vn 0.00000000 0.00000000 -1.00000000
vn -0.46124746 0.53595782 -0.70710678
vn 0.00000000 0.00000000 -1.00000000
vn 0.00000000 0.00000000 -1.00000000
vn 0.00000000 0.00000000 -1.00000000
vn -0.53595782 0.46124746 -0.70710678
vn 0.00000000 0.00000000 -1.00000000
vn 0.00000000 0.00000000 -1.00000000
vn 0.00000000 0.00000000 -1.00000000
vn -0.00000000 -0.00000000 -1.00000000
vn 0.00000000 0.00000000 -1.00000000
vn 0.00000000 0.00000000 -1.00000000
vn 0.00000000 0.00000000 -1.00000000
vn -0.59873586 0.37618529 -0.70710678
vn 0.00000000 0.00000000 -1.00000000
vn -0.33042183 0.62515711 -0.70710678
vn 0.00000000 0.00000000 -1.00000000
vn 0.00000000 0.00000000 -1.00000000
vn -0.28276522 0.64810789 -0.70710678
vn 0.00000000 0.00000000 -1.00000000
vn 0.00000000 0.00000000 -1.00000000
vn -0.23353077 0.66743043 -0.70710678
vn -0.00000000 0.00000000 -1.00000000
vn 0.00000000 0.00000000 -1.00000000
vn 0.00000000 0.00000000 -1.00000000
vn -0.62637563 0.32256268 -0.70965265
vn -0.00000000 0.00000000 -1.00000000
vn 0.00000000 -0.00000000 -1.00000000
vn -0.00000000 0.00000000 -1.00000000
vn 0.00000000 0.00000000 -1.00000000
vn 0.00000000 0.00000000 -1.00000000
vn 0.00000000 -0.70710678 -0.70710678
vn 0.00000000 0.00000000 -1.00000000
vn 0.34924479 0.60491641 -0.71561457
vn 0.00000000 0.00000000 -1.00000000
vn 0.41989788 0.56893389 -0.70710678
vn 0.00000000 0.00000000 -1.00000000
vn 0.00000000 0.00000000 -1.00000000
vn 0.46124746 0.53595782 -0.70710678
vn 0.00000000 -0.00000000 -1.00000000
vn 0.00000000 0.00000000 -1.00000000
vn -0.00000000 -0.00000000 -1.00000000
vn -0.00000000 0.70710678 -0.70710678
vn -0.00000000 -0.00000000 -1.00000000
vn 0.00000000 0.00000000 -1.00000000
vn 0.00000000 -0.00000000 -1.00000000
vn 0.66743043 -0.23353077 -0.70710678
vn 0.00000000 0.00000000 -1.00000000
vn 0.00000000 0.00000000 -1.00000000
vn 0.68301302 -0.18301151 -0.70710678
vn 0.00000000 0.00000000 -1.00000000
vn 0.00000000 0.00000000 -1.00000000
vn 0.69477641 -0.13147526 -0.70710678
vn 0.00000000 0.00000000 -1.00000000
vn 0.00000000 0.00000000 -1.00000000
vn 0.00000000 0.00000000 -1.00000000
vn 0.00000000 0.00000000 -1.00000000
vn 0.00000000 0.00000000 -1.00000000
vn 0.00000000 0.00000000 -1.00000000
vn 0.70661299 0.02642134 -0.70710678
vn 0.00000000 0.00000000 -1.00000000
vn 0.00000000 0.00000000 -1.00000000
vn 0.70266040 0.07917300 -0.70710678
vn 0.00000000 0.00000000 -1.00000000
vn 0.00000000 0.00000000 -1.00000000
vn 0.69477641 0.13147526 -0.70710678
vn 0.00000000 0.00000000 -1.00000000
vn 0.00000000 0.00000000 -1.00000000
vn 0.68301302 0.18301151 -0.70710678
vn 0.00000000 0.00000000 -1.00000000
vn 0.00000000 0.00000000 -1.00000000
vn 0.66743043 0.23353077 -0.70710678
vn 0.00000000 0.00000000 -1.00000000
vn 0.00000000 0.00000000 -1.00000000
vn 0.64810789 0.28276522 -0.70710678
vn 0.00000000 0.00000000 -1.00000000
vn 0.00000000 0.00000000 -1.00000000
vn 0.00000000 0.00000000 -1.00000000
vn 0.00000000 0.00000000 -1.00000000
vn 0.59873586 0.37618529 -0.70710678
vn 0.00000000 0.00000000 -1.00000000
vn 0.00000000 0.00000000 -1.00000000
vn 0.56893389 0.41989788 -0.70710678
vn 0.00000000 0.00000000 -1.00000000
vn -0.00000000 0.00000000 -1.00000000
vn 0.00000000 0.00000000 -1.00000000
vn 0.53595782 -0.46124746 -0.70710678
vn 0.00000000 0.00000000 -1.00000000
vn 0.00000000 0.00000000 -1.00000000
vn 0.56893389 -0.41989788 -0.70710678
vn 0.00000000 0.00000000 -1.00000000
vn 0.00000000 0.00000000 -1.00000000
vn 0.00000000 0.00000000 -1.00000000
vn 0.00000000 0.00000000 -1.00000000
vn 0.62515711 -0.33042183 -0.70710678
vn -0.00000000 0.00000000 -1.00000000
vn 0.00000000 0.00000000 -1.00000000
vn -0.00000000 -0.00000000 -1.00000000
vn 0.00000000 0.00000000 -1.00000000
vn 0.00000000 0.00000000 -1.00000000
vn 0.00000000 0.00000000 -1.00000000
vn 0.00000000 0.00000000 -1.00000000
vn 0.70710678 -0.00000000 -0.70710678
vn 0.00000000 0.00000000 -1.00000000
vn -0.70710678 0.00000000 -0.70710678
vn 0.02642134 -0.70661299 -0.70710678
vn 0.00000000 0.00000000 -1.00000000
vn 0.00000000 0.00000000 -1.00000000
vn 0.00000000 0.00000000 -1.00000000
vn 0.00000000 0.00000000 -1.00000000
vn 0.13147526 -0.69477641 -0.70710678
vn 0.00000000 0.00000000 -1.00000000
vn 0.00000000 0.00000000 -1.00000000
vn 0.18301151 -0.68301302 -0.70710678
vn 0.00000000 0.00000000 -1.00000000
vn 0.00000000 0.00000000 -1.00000000
vn 0.23353077 -0.66743043 -0.70710678
vn -0.00000000 -0.00000000 -1.00000000
vn -0.70710678 0.00000000 -0.70710678
vn 0.00000000 0.00000000 -1.00000000
vn 0.00000000 -0.00000000 -1.00000000
vn 0.00000000 0.00000000 -1.00000000
vn 0.00000000 -0.00000000 -1.00000000
vn 0.00000000 0.00000000 -1.00000000
vn 0.00000000 -0.70710678 -0.70710678
vn 0.00000000 0.00000000 -1.00000000
vn 0.00000000 -0.00000000 -1.00000000
vn -0.00000000 0.70710678 -0.70710678
vn 0.00000000 0.00000000 -1.00000000
vn 0.00000000 0.00000000 -1.00000000
vn 0.00000000 -0.00000000 -1.00000000
vn -0.70710569 0.00124301 -0.70710678
vn -0.00000000 0.00000000 -1.00000000
vn -0.00000000 0.00000000 -1.00000000
vn 0.00000000 -0.00000000 -1.00000000
vn 0.70710678 -0.00000000 -0.70710678
vn -0.70710678 0.00000000 -0.70710678
vn 0.00000000 0.00000000 -1.00000000
vn 0.00000000 0.00000000 -1.00000000
vn 0.07917300 0.70266040 -0.70710678
vn 0.00000000 0.00000000 -1.00000000
vn 0.00000000 0.00000000 -1.00000000
vn 0.00000000 0.00000000 -1.00000000
vn 0.00000000 0.00000000 -1.00000000
vn -0.00000000 -0.00000000 -1.00000000
vn 0.18301151 0.68301302 -0.70710678
vn 0.00000000 0.00000000 -1.00000000
vn 0.00000000 0.00000000 -1.00000000
vn -0.00000000 -0.00000000 -1.00000000
vn 0.00000000 -0.00000000 -1.00000000
vn -0.00000000 -0.00000000 -1.00000000
vn 0.00000000 0.00000000 -1.00000000
vn 0.28274628 0.64811615 -0.70710678
vn -0.00000000 0.00000000 -1.00000000
vn 0.00000000 0.00000000 -1.00000000
vn -0.62516203 -0.33041252 -0.70710678
vn 0.00000000 0.00000000 -1.00000000
vn 0.00000000 -0.00000000 -1.00000000
vn 0.00000000 0.00000000 -1.00000000
vn -0.59872947 -0.37619545 -0.70710678
vn 0.00000000 0.00000000 -1.00000000
vn 0.00000000 0.00000000 -1.00000000
vn -0.56892594 -0.41990865 -0.70710678
vn 0.00000000 0.00000000 -1.00000000
vn 0.00000000 0.00000000 -1.00000000
vn -0.53597700 -0.46122516 -0.70710678
vn 0.00000000 0.00000000 -1.00000000
vn 0.00000000 0.00000000 -1.00000000
vn 0.00000000 0.00000000 -1.00000000
vn 0.00000000 0.00000000 -1.00000000
vn -0.46124746 -0.53595782 -0.70710678
vn 0.00000000 0.00000000 -1.00000000
vn 0.00000000 0.00000000 -1.00000000
vn -0.00000000 -0.00000000 -1.00000000
vn -0.14689544 0.69168037 -0.70710678
vn -0.00000000 -0.00000000 -1.00000000
vn 0.00000000 0.00000000 -1.00000000
vn -0.19883502 0.67857544 -0.70710678
vn 0.00000000 -0.00000000 -1.00000000
vn 0.00000000 0.00000000 -1.00000000
vn 0.00000000 -0.00000000 -1.00000000
vn -0.33040421 -0.62516642 -0.70710678
vn 0.00000000 0.00000000 -1.00000000
vn 0.00000000 0.00000000 -1.00000000
vn -0.28274628 -0.64811615 -0.70710678
vn 0.00000000 0.00000000 -1.00000000
vn 0.00000000 0.00000000 -1.00000000
vn 0.00000000 0.00000000 -1.00000000
vn 0.00000000 0.00000000 -1.00000000
vn -0.18301151 -0.68301302 -0.70710678
vn 0.00000000 0.00000000 -1.00000000
vn 0.00000000 0.00000000 -1.00000000
vn 0.00000000 0.00000000 -1.00000000
vn -0.05219001 -0.69653342 -0.71562379
vn -0.00000000 -0.69849542 -0.71561453
vn 0.05219001 -0.69653342 -0.71562379
vn 0.10411305 -0.69068413 -0.71562274
vn 0.15543634 -0.68097794 -0.71561763
vn 0.00000000 -0.00000000 -1.00000000
vn 0.00000000 -0.00000000 -1.00000000
vn 0.00000000 -0.00000000 -1.00000000
vn 0.41097690 -0.57069817 -0.71091602
vn 0.00000000 0.00000000 -1.00000000
vn 0.00000000 -0.00000000 -1.00000000
vn 0.46124746 -0.53595782 -0.70710678
vn 0.00000000 0.00000000 -1.00000000
vn 0.00000000 0.00000000 -1.00000000
vn 0.49998873 -0.50001127 -0.70710678
vn 0.00000000 0.00000000 -1.00000000
vn 0.00000000 0.00000000 -1.00000000
vn 0.00000000 0.00000000 -1.00000000
vn -0.26678314 0.65484865 -0.70710678
vn 0.00000000 0.00000000 -1.00000000
vn 0.53597700 -0.46122516 -0.70710678
vn 0.00000000 0.00000000 -1.00000000
vn 0.00000000 0.00000000 -1.00000000
vn 0.00000000 0.00000000 -1.00000000
vn 0.00000000 0.00000000 -1.00000000
vn 0.00000000 0.00000000 -1.00000000
vn 0.00000000 0.00000000 -1.00000000
vn 0.62516203 -0.33041252 -0.70710678
vn 0.00000000 0.00000000 -1.00000000
vn 0.00000000 0.00000000 -1.00000000
vn 0.64810428 -0.28277348 -0.70710678
vn 0.00000000 0.00000000 -1.00000000
vn 0.00000000 0.00000000 -1.00000000
vn 0.66743043 -0.23353077 -0.70710678
vn 0.00000000 0.00000000 -1.00000000
vn 0.00000000 0.00000000 -1.00000000
vn 0.68301453 -0.18300587 -0.70710678
vn 0.00000000 0.00000000 -1.00000000
vn 0.00000000 0.00000000 -1.00000000
vn 0.69477719 -0.13147114 -0.70710678
vn 0.00000000 0.00000000 -1.00000000
vn 0.00000000 0.00000000 -1.00000000
vn 0.70266012 -0.07917551 -0.70710678
vn 0.00000000 0.00000000 -1.00000000
vn 0.00000000 0.00000000 -1.00000000
vn 0.00000000 0.00000000 -1.00000000
vn 0.00000000 0.00000000 -1.00000000
vn 0.70661299 0.02642134 -0.70710678
vn 0.00000000 0.00000000 -1.00000000
vn 0.00000000 0.00000000 -1.00000000
vn 0.70266012 0.07917551 -0.70710678
vn 0.00000000 0.00000000 -1.00000000
vn 0.00000000 0.00000000 -1.00000000
vn 0.69477719 0.13147114 -0.70710678
vn 0.00000000 0.00000000 -1.00000000
vn 0.00000000 0.00000000 -1.00000000
vn 0.00000000 0.00000000 -1.00000000
vn 0.00000000 0.00000000 -1.00000000
vn 0.66743043 0.23353077 -0.70710678
vn 0.00000000 0.00000000 -1.00000000
vn 0.00000000 0.00000000 -1.00000000
vn 0.64810428 0.28277348 -0.70710678
vn 0.00000000 0.00000000 -1.00000000
vn 0.00000000 0.00000000 -1.00000000
vn 0.00000000 0.00000000 -1.00000000
vn -0.35020514 0.61429339 -0.70710678
vn 0.00000000 0.00000000 -1.00000000
vn 0.62516203 0.33041252 -0.70710678
vn 0.00000000 0.00000000 -1.00000000
vn 0.00000000 0.00000000 -1.00000000
vn 0.00000000 0.00000000 -1.00000000
vn 0.00000000 0.00000000 -1.00000000
vn 0.56892594 0.41990865 -0.70710678
vn 0.00000000 0.00000000 -1.00000000
vn 0.00000000 0.00000000 -1.00000000
vn 0.53597700 0.46122516 -0.70710678
vn 0.00000000 0.00000000 -1.00000000
vn 0.00000000 0.00000000 -1.00000000
vn 0.49998873 0.50001127 -0.70710678
vn 0.00000000 0.00000000 -1.00000000
vn 0.00000000 0.00000000 -1.00000000
vn 0.46124746 0.53595782 -0.70710678
vn -0.00000000 0.00000000 -1.00000000
vn -0.00000000 -0.00000000 -1.00000000
vn 0.00000000 0.00000000 1.00000000
vn 0.00000000 0.00000000 1.00000000
vn -0.50001599 0.49999345 0.70710011
vn 0.00000000 0.00000000 1.00000000
vn 0.00000000 0.00000000 1.00000000
vn -0.46122839 0.53598075 0.70710184
vn 0.00000000 0.00000000 1.00000000
vn -0.53596091 0.46125011 0.70710270
vn -0.00000000 -0.00000000 1.00000000
vn 0.00000000 -0.00000000 1.00000000
vn 0.00000000 0.00000000 1.00000000
vn -0.41991236 0.56893098 0.70710053
vn 0.00000000 0.00000000 1.00000000
vn -0.56893618 0.41989956 0.70710394
vn 0.00000000 0.00000000 1.00000000
vn 0.00000000 0.00000000 1.00000000
vn -0.59872834 0.37620311 0.70710367
vn 0.00000000 0.00000000 1.00000000
vn 0.00000000 0.00000000 1.00000000
vn 0.00000000 0.00000000 1.00000000
vn -0.37619870 0.59873464 0.70710068
vn 0.00000000 0.00000000 1.00000000
vn -0.62516879 0.33040546 0.70710411
vn 0.00000000 0.00000000 1.00000000
vn 0.00000000 0.00000000 1.00000000
vn 0.00000000 0.00000000 1.00000000
vn -0.33041590 0.62516843 0.70709955
vn 0.00000000 0.00000000 1.00000000
vn -0.64811969 0.28274782 0.70710292
vn 0.00000000 0.00000000 1.00000000
vn 0.00000000 0.00000000 1.00000000
vn 0.00000000 0.00000000 1.00000000
vn -0.28277678 0.64811185 0.70709852
vn 0.00000000 0.00000000 1.00000000
vn 0.00000000 0.00000000 1.00000000
vn -0.23353380 0.66743910 0.70709759
vn 0.00000000 0.00000000 1.00000000
vn -0.66742707 0.23355213 0.70710290
vn 0.00000000 0.00000000 1.00000000
vn 0.00000000 0.00000000 1.00000000
vn 0.00000000 0.00000000 1.00000000
vn -0.18300847 0.68302422 0.70709675
vn 0.00000000 0.00000000 1.00000000
vn -0.68301408 0.18301179 0.70710568
vn 0.00000000 0.00000000 1.00000000
vn 0.00000000 0.00000000 1.00000000
vn 0.00000000 0.00000000 1.00000000
vn -0.13147300 0.69478700 0.70709680
vn 0.00000000 0.00000000 1.00000000
vn -0.69477662 0.13147530 0.70710656
vn 0.00000000 0.00000000 1.00000000
vn 0.00000000 0.00000000 1.00000000
vn 0.00000000 0.00000000 1.00000000
vn -0.07917676 0.70267122 0.70709561
vn 0.00000000 0.00000000 1.00000000
vn -0.70265939 0.07917289 0.70710780
vn 0.00000000 0.00000000 1.00000000
vn 0.00000000 0.00000000 1.00000000
vn 0.00000000 0.00000000 1.00000000
vn -0.02642172 0.70662326 0.70709651
vn 0.00000000 0.00000000 1.00000000
vn -0.70661299 0.02642134 0.70710678
vn 0.00000000 0.00000000 1.00000000
vn 0.00000000 0.00000000 1.00000000
vn -0.70661299 -0.02642134 0.70710678
vn 0.00000000 0.00000000 1.00000000
vn 0.00000000 0.00000000 1.00000000
vn 0.24163657 -0.66453876 0.70710678
vn 0.00000000 0.00000000 1.00000000
vn 0.02642178 0.70662487 0.70709489
vn 0.00000000 0.00000000 1.00000000
vn -0.70266165 -0.07917314 0.70710552
vn 0.00000000 0.00000000 1.00000000
vn 0.42229816 -0.56715453 0.70710678
vn 0.00000000 0.00000000 1.00000000
vn 0.00000000 0.00000000 1.00000000
vn 0.07917685 0.70267203 0.70709479
vn 0.00000000 0.00000000 1.00000000
vn -0.69477854 -0.13147566 0.70710461
vn 0.00000000 0.00000000 1.00000000
vn 0.00000000 0.00000000 1.00000000
vn 0.00000000 0.00000000 1.00000000
vn 0.13147347 0.69478948 0.70709427
vn 0.00000000 0.00000000 1.00000000
vn -0.68301565 -0.18301221 0.70710406
vn 0.00000000 0.00000000 1.00000000
vn 0.00000000 0.00000000 1.00000000
vn 0.00000000 0.00000000 1.00000000
vn 0.18300949 0.68302804 0.70709280
vn 0.00000000 0.00000000 1.00000000
vn 0.00000000 0.00000000 1.00000000
vn 0.23353529 0.66744338 0.70709307
vn 0.00000000 0.00000000 1.00000000
vn -0.66742667 -0.23355199 0.70710332
vn 0.00000000 0.00000000 1.00000000
vn 0.00000000 0.00000000 1.00000000
vn -0.64811980 -0.28274787 0.70710280
vn 0.00000000 0.00000000 1.00000000
vn 0.00000000 0.00000000 1.00000000
vn 0.00000000 0.00000000 1.00000000
vn 0.28277925 0.64811751 0.70709235
vn 0.00000000 0.00000000 1.00000000
vn -0.62517034 -0.33040628 0.70710235
vn 0.00000000 0.00000000 1.00000000
vn 0.50669403 -0.49321513 0.70710678
vn 0.00000000 0.00000000 1.00000000
vn 0.00000000 0.00000000 1.00000000
vn 0.33041966 0.62517554 0.70709150
vn 0.00000000 0.00000000 1.00000000
vn -0.59873000 -0.37620416 0.70710170
vn 0.00000000 0.00000000 1.00000000
vn 0.00000000 0.00000000 1.00000000
vn 0.00000000 0.00000000 1.00000000
vn 0.37620390 0.59874292 0.70709090
vn 0.00000000 0.00000000 1.00000000
vn -0.56893837 -0.41990118 0.70710121
vn 0.00000000 0.00000000 1.00000000
vn 0.00000000 0.00000000 1.00000000
vn 0.00000000 0.00000000 1.00000000
vn 0.41991849 0.56893928 0.70709020
vn 0.00000000 0.00000000 1.00000000
vn 0.00000000 0.00000000 1.00000000
vn 0.46123595 0.53598954 0.70709024
vn 0.00000000 0.00000000 1.00000000
vn 0.57833619 -0.40685040 0.70710678
vn 0.00000000 0.00000000 1.00000000
vn -0.53596276 -0.46125170 0.70710027
vn 0.00000000 0.00000000 1.00000000
vn -0.50001620 -0.49999366 0.70709981
vn 0.00000000 0.00000000 1.00000000
vn 0.00000000 0.00000000 1.00000000
vn 0.00000000 0.00000000 1.00000000
vn 0.50002274 0.50000020 0.70709056
vn 0.00000000 0.00000000 1.00000000
vn -0.46125155 -0.53600767 0.70706632
vn -0.00000000 0.00000000 1.00000000
vn 0.63196524 -0.31720646 0.70710678
vn -0.00000000 -0.00000000 1.00000000
vn 0.00000000 0.00000000 1.00000000
vn 0.53597239 0.46125999 0.70708756
vn 0.00000000 0.00000000 1.00000000
vn 0.00000000 0.00000000 1.00000000
vn 0.56894894 0.41990898 0.70708808
vn 0.00000000 0.00000000 1.00000000
vn -0.41993193 -0.56895748 0.70706758
vn 0.00000000 0.00000000 1.00000000
vn 0.00000000 -0.00000000 1.00000000
vn -0.37621642 -0.59876285 0.70706736
vn 0.00000000 0.00000000 1.00000000
vn 0.00000000 0.00000000 1.00000000
vn 0.00000000 0.00000000 1.00000000
vn 0.59874196 0.37621167 0.70708758
vn -0.00000000 0.00000000 1.00000000
vn -0.33043033 -0.62519573 0.70706866
vn 0.00000000 0.00000000 1.00000000
vn 0.00000000 0.00000000 1.00000000
vn 0.68844938 -0.16136125 0.70710678
vn 0.00000000 0.00000000 1.00000000
vn 0.00000000 0.00000000 1.00000000
vn 0.00000000 0.00000000 1.00000000
vn 0.00000000 0.00000000 1.00000000
vn -0.28278814 -0.64813788 0.70707013
vn 0.00000000 0.00000000 1.00000000
vn 0.00000000 0.00000000 1.00000000
vn 0.69948841 -0.10351797 0.70710678
vn 0.00000000 0.00000000 1.00000000
vn 0.00000000 0.00000000 1.00000000
vn 0.00000000 0.00000000 1.00000000
vn 0.64813514 0.28275456 0.70708606
vn 0.00000000 0.00000000 1.00000000
vn 0.00000000 0.00000000 1.00000000
vn 0.66744290 0.23355767 0.70708612
vn 0.00000000 0.00000000 1.00000000
vn 0.00000000 0.00000000 1.00000000
vn 0.70457170 -0.05982242 0.70710678
vn 0.00000000 0.00000000 1.00000000
vn 0.00000000 0.00000000 1.00000000
vn -0.23354293 -0.66746519 0.70706996
vn 0.00000000 0.00000000 1.00000000
vn 0.00000000 0.00000000 1.00000000
vn 0.68303367 0.18301704 0.70708540
vn 0.00000000 0.00000000 1.00000000
vn -0.18301531 -0.68304975 0.70707032
vn 0.00000000 0.00000000 1.00000000
vn 0.00000000 0.00000000 1.00000000
vn 0.00000000 0.00000000 1.00000000
vn 0.00000000 0.00000000 1.00000000
vn 0.00000000 0.00000000 1.00000000
vn -0.13147779 -0.69481234 0.70707100
vn 0.00000000 0.00000000 1.00000000
vn 0.00000000 0.00000000 1.00000000
vn 0.69479855 0.13147945 0.70708424
vn 0.00000000 0.00000000 1.00000000
vn 0.00000000 0.00000000 1.00000000
vn 0.70703470 -0.01009612 0.70710678
vn 0.00000000 0.00000000 1.00000000
vn 0.00000000 0.00000000 1.00000000
vn -0.07917940 -0.70269461 0.70707206
vn 0.00000000 0.00000000 1.00000000
vn 0.00000000 0.00000000 1.00000000
vn 0.70268137 0.07917537 0.70708568
vn 0.00000000 0.00000000 1.00000000
vn -0.02642267 -0.70664874 0.70707100
vn 0.00000000 0.00000000 1.00000000
vn 0.00000000 0.00000000 1.00000000
vn 0.10203807 -0.69970582 0.70710678
vn 0.70663561 0.02642218 0.70708414
vn 0.00000000 0.00000000 1.00000000
vn 0.00000000 0.00000000 1.00000000
vn 0.02642260 -0.70664662 0.70707312
vn 0.00000000 0.00000000 1.00000000
vn 0.00000000 0.00000000 1.00000000
vn 0.00000000 0.00000000 1.00000000
vn 0.00000000 0.00000000 1.00000000
vn 0.68303865 -0.18301838 0.70708025
vn 0.00000000 0.00000000 1.00000000
vn 0.00000000 0.00000000 1.00000000
vn 0.00000000 0.00000000 1.00000000
vn 0.69480079 -0.13147987 0.70708197
vn 0.00000000 0.00000000 1.00000000
vn 0.00000000 0.00000000 1.00000000
vn 0.70268493 -0.07917577 0.70708209
vn 0.00000000 0.00000000 1.00000000
vn 0.00000000 0.00000000 1.00000000
vn 0.70663681 -0.02642223 0.70708294
vn 0.00000000 0.00000000 1.00000000
vn 0.00000000 0.00000000 1.00000000
vn 0.62518897 -0.33041612 0.70708128
vn 0.00000000 0.00000000 1.00000000
vn 0.00000000 0.00000000 1.00000000
vn 0.00000000 0.00000000 1.00000000
vn 0.64814229 -0.28275768 0.70707826
vn 0.00000000 0.00000000 1.00000000
vn 0.00000000 0.00000000 1.00000000
vn 0.66744889 -0.23355977 0.70707977
vn 0.00000000 0.00000000 1.00000000
vn 0.05340369 -0.70508726 0.70710678
vn 0.00000000 0.00000000 1.00000000
vn 0.56895589 -0.41991411 0.70707945
vn 0.00000000 -0.00000000 1.00000000
vn 0.00000000 0.00000000 1.00000000
vn 0.00000000 0.00000000 1.00000000
vn 0.59874924 -0.37621625 0.70707898
vn 0.00000000 0.00000000 1.00000000
vn 0.01591104 -0.70692775 0.70710678
vn 0.57833619 0.40685040 0.70710678
vn 0.00000000 0.00000000 1.00000000
vn 0.00000000 0.00000000 1.00000000
vn -0.50000493 0.50000493 0.70709981
vn 0.00000000 0.00000000 1.00000000
vn 0.00000000 -0.00000000 1.00000000
vn -0.46125155 0.53600767 0.70706632
vn 0.00000000 0.00000000 1.00000000
vn -0.53598195 0.46122942 0.70710026
vn 0.00000000 0.00000000 1.00000000
vn 0.00000000 0.00000000 1.00000000
vn -0.56893042 0.41991195 0.70710121
vn 0.00000000 0.00000000 1.00000000
vn 0.00000000 0.00000000 1.00000000
vn 0.00000000 0.00000000 1.00000000
vn -0.00000000 -0.00000000 1.00000000
vn 0.50669377 0.49321539 0.70710678
vn 0.00000000 0.00000000 1.00000000
vn -0.59872350 0.37621424 0.70710184
vn 0.00000000 0.00000000 1.00000000
vn 0.66748143 0.23338495 0.70710678
vn 0.00000000 -0.00000000 1.00000000
vn -0.37623138 0.59875078 0.70706962
vn 0.00000000 0.00000000 1.00000000
vn 0.00000000 0.00000000 1.00000000
vn 0.68844938 0.16136125 0.70710678
vn 0.00000000 0.00000000 1.00000000
vn 0.00000000 0.00000000 1.00000000
vn -0.00000000 -0.00000000 1.00000000
vn -0.62517526 0.33039697 0.70710235
vn 0.00000000 0.00000000 1.00000000
vn 0.00000000 0.00000000 1.00000000
vn 0.00000000 0.00000000 1.00000000
vn -0.28276968 0.64814724 0.70706892
vn 0.00000000 0.00000000 1.00000000
vn 0.00000000 0.00000000 1.00000000
vn 0.69948841 0.10351797 0.70710678
vn 0.00000000 0.00000000 1.00000000
vn -0.64811610 0.28275609 0.70710290
vn 0.00000000 0.00000000 1.00000000
vn 0.00000000 0.00000000 1.00000000
vn 0.00000000 0.00000000 1.00000000
vn 0.00000000 0.00000000 1.00000000
vn 0.00000000 0.00000000 1.00000000
vn -0.23356344 0.66745939 0.70706865
vn 0.00000000 0.00000000 1.00000000
vn -0.66742651 0.23355194 0.70710350
vn 0.00000000 0.00000000 1.00000000
vn 0.00000000 0.00000000 1.00000000
vn 0.00000000 0.00000000 1.00000000
vn -0.18301531 0.68304975 0.70707032
vn 0.00000000 0.00000000 1.00000000
vn -0.68301703 0.18300654 0.70710419
vn 0.00000000 0.00000000 1.00000000
vn 0.00000000 0.00000000 1.00000000
vn 0.00000000 0.00000000 1.00000000
vn -0.13147779 0.69481234 0.70707100
vn 0.00000000 0.00000000 1.00000000
vn 0.00000000 0.00000000 1.00000000
vn 0.00000000 0.00000000 1.00000000
vn 0.42229845 0.56715432 0.70710678
vn 0.00000000 0.00000000 1.00000000
vn -0.69477932 0.13147154 0.70710461
vn 0.00000000 0.00000000 1.00000000
vn 0.00000000 0.00000000 1.00000000
vn 0.70703470 0.01009612 0.70710678
vn 0.00000000 0.00000000 1.00000000
vn 0.00000000 0.00000000 1.00000000
vn -0.07917955 0.70269595 0.70707072
vn 0.00000000 0.00000000 1.00000000
vn -0.70266143 0.07917566 0.70710546
vn 0.00000000 0.00000000 1.00000000
vn 0.00000000 0.00000000 1.00000000
vn 0.00000000 0.00000000 1.00000000
vn 0.00000000 0.00000000 1.00000000
vn 0.00000000 0.00000000 1.00000000
vn -0.02642267 0.70664874 0.70707100
vn 0.00000000 0.00000000 1.00000000
vn -0.70661299 0.02642134 0.70710678
vn 0.00000000 0.00000000 1.00000000
vn 0.00000000 0.00000000 1.00000000
vn 0.00000000 0.00000000 1.00000000
vn 0.02642265 0.70664797 0.70707177
vn 0.00000000 0.00000000 1.00000000
vn -0.70661299 -0.02642134 0.70710678
vn 0.00000000 0.00000000 1.00000000
vn 0.00000000 0.00000000 1.00000000
vn -0.70265925 -0.07917541 0.70710765
vn 0.00000000 0.00000000 1.00000000
vn 0.00000000 0.00000000 1.00000000
vn 0.00000000 0.00000000 1.00000000
vn 0.07917935 -0.70269421 0.70707247
vn 0.00000000 0.00000000 1.00000000
vn 0.00000000 0.00000000 1.00000000
vn 0.07917935 0.70269421 0.70707247
vn 0.00000000 0.00000000 1.00000000
vn 0.00000000 0.00000000 1.00000000
vn 0.13147742 -0.69481037 0.70707300
vn 0.00000000 0.00000000 1.00000000
vn 0.00000000 0.00000000 1.00000000
vn 0.00000000 0.00000000 1.00000000
vn 0.18301450 -0.68304673 0.70707344
vn 0.00000000 0.00000000 1.00000000
vn 0.13147742 0.69481037 0.70707300
vn 0.00000000 0.00000000 1.00000000
vn -0.69477789 -0.13147127 0.70710606
vn 0.00000000 0.00000000 1.00000000
vn 0.00000000 0.00000000 1.00000000
vn -0.68301525 -0.18300607 0.70710603
vn 0.00000000 0.00000000 1.00000000
vn 0.00000000 0.00000000 1.00000000
vn 0.00000000 0.00000000 1.00000000
vn 0.18301450 0.68304673 0.70707344
vn 0.00000000 0.00000000 1.00000000
vn 0.00000000 0.00000000 1.00000000
vn 0.23354109 -0.66745995 0.70707551
vn 0.00000000 0.00000000 1.00000000
vn 0.00000000 0.00000000 1.00000000
vn 0.23356117 0.66745289 0.70707554
vn 0.00000000 0.00000000 1.00000000
vn -0.66742664 -0.23355198 0.70710335
vn 0.00000000 0.00000000 1.00000000
vn 0.00000000 0.00000000 1.00000000
vn -0.64811559 -0.28275587 0.70710346
vn 0.00000000 0.00000000 1.00000000
vn 0.00000000 0.00000000 1.00000000
vn 0.00000000 0.00000000 1.00000000
vn 0.28276731 0.64814181 0.70707485
vn 0.00000000 0.00000000 1.00000000
vn 0.00000000 0.00000000 1.00000000
vn 0.28278624 -0.64813353 0.70707487
vn 0.00000000 0.00000000 1.00000000
vn 0.00000000 0.00000000 1.00000000
vn 0.33042665 -0.62518878 0.70707653
vn 0.00000000 0.00000000 1.00000000
vn 0.00000000 0.00000000 1.00000000
vn 0.33040848 0.62519706 0.70707770
vn 0.00000000 0.00000000 1.00000000
vn -0.62517315 -0.33039585 0.70710474
vn 0.00000000 0.00000000 1.00000000
vn 0.00000000 0.00000000 1.00000000
vn -0.59872196 -0.37621327 0.70710367
vn 0.00000000 0.00000000 1.00000000
vn 0.00000000 0.00000000 1.00000000
vn 0.00000000 0.00000000 1.00000000
vn 0.37622758 0.59874473 0.70707677
vn 0.00000000 0.00000000 1.00000000
vn 0.00000000 0.00000000 1.00000000
vn 0.37621143 -0.59875490 0.70707675
vn 0.00000000 0.00000000 1.00000000
vn -0.56892823 -0.41991033 0.70710394
vn -0.00000000 -0.00000000 1.00000000
vn -0.00000000 0.00000000 1.00000000
vn 0.00000000 0.00000000 1.00000000
vn 0.41992648 -0.56895011 0.70707675
vn 0.00000000 0.00000000 1.00000000
vn 0.00000000 0.00000000 1.00000000
vn 0.41992584 0.56894923 0.70707783
vn 0.00000000 0.00000000 1.00000000
vn 0.00000000 0.00000000 1.00000000
vn 0.46124456 -0.53599954 0.70707704
vn 0.00000000 0.00000000 1.00000000
vn 0.00000000 0.00000000 1.00000000
vn 0.46124456 0.53599954 0.70707704
vn 0.00000000 0.00000000 1.00000000
vn 0.00000000 0.00000000 1.00000000
vn 0.50002023 0.50002023 0.70707817
vn 0.00000000 0.00000000 1.00000000
vn 0.00000000 0.00000000 1.00000000
vn 0.50003216 -0.50000962 0.70707723
vn 0.00000000 0.00000000 1.00000000
vn 0.00000000 -0.00000000 1.00000000
vn 0.53597917 -0.46126583 0.70707862
vn 0.00000000 0.00000000 1.00000000
vn -0.00000000 -0.00000000 1.00000000
vn 0.53599966 0.46124466 0.70707689
vn 0.00000000 0.00000000 1.00000000
vn 0.33196932 0.62433675 0.70710678
vn 0.00000000 0.00000000 1.00000000
vn -0.53598076 -0.46122839 0.70710183
vn 0.00000000 -0.00000000 1.00000000
vn 0.00000000 0.00000000 1.00000000
vn -0.50000405 -0.50000405 0.70710106
vn 0.00000000 0.00000000 1.00000000
vn 0.00000000 0.00000000 1.00000000
vn -0.46122839 -0.53598075 0.70710184
vn 0.00000000 0.00000000 1.00000000
vn 0.00000000 0.00000000 1.00000000
vn -0.41991236 -0.56893098 0.70710053
vn 0.00000000 0.00000000 1.00000000
vn 0.00000000 0.00000000 1.00000000
vn -0.37621486 -0.59872448 0.70710068
vn 0.00000000 0.00000000 1.00000000
vn 0.00000000 0.00000000 1.00000000
vn -0.33039772 -0.62517669 0.70710074
vn 0.00000000 0.00000000 1.00000000
vn 0.00000000 0.00000000 1.00000000
vn -0.28275735 -0.64811899 0.70709975
vn 0.00000000 0.00000000 1.00000000
vn 0.00000000 0.00000000 1.00000000
vn -0.23355388 -0.66743207 0.70709760
vn 0.00000000 0.00000000 1.00000000
vn 0.00000000 0.00000000 1.00000000
vn -0.18300813 -0.68302296 0.70709805
vn 0.00000000 0.00000000 1.00000000
vn 0.00000000 0.00000000 1.00000000
vn -0.13147324 -0.69478830 0.70709547
vn 0.00000000 0.00000000 1.00000000
vn 0.00000000 0.00000000 1.00000000
vn -0.07917676 -0.70267122 0.70709561
vn 0.00000000 0.00000000 1.00000000
vn 0.00000000 0.00000000 1.00000000
vn -0.02642172 -0.70662326 0.70709651
vn 0.00000000 0.00000000 1.00000000
vn -0.00000000 -0.00000000 1.00000000
vn 0.02642178 -0.70662487 0.70709489
vn -0.00000000 -0.00000000 1.00000000
vn 0.24163627 0.66453887 0.70710678
vn 0.00000000 0.00000000 1.00000000
vn 0.07917700 -0.70267336 0.70709345
vn 0.00000000 -0.00000000 1.00000000
vn 0.00000000 0.00000000 1.00000000
vn 0.13147371 -0.69479078 0.70709294
vn 0.00000000 0.00000000 1.00000000
vn 0.00000000 0.00000000 1.00000000
vn 0.18300949 -0.68302804 0.70709280
vn 0.00000000 0.00000000 1.00000000
vn 0.00000000 0.00000000 1.00000000
vn 0.23355580 -0.66743756 0.70709178
vn 0.00000000 0.00000000 1.00000000
vn 0.00000000 0.00000000 1.00000000
vn 0.28276080 -0.64812690 0.70709112
vn 0.00000000 0.00000000 1.00000000
vn 0.00000000 0.00000000 1.00000000
vn 0.33040203 -0.62518485 0.70709151
vn 0.00000000 0.00000000 1.00000000
vn 0.00000000 0.00000000 1.00000000
vn 0.37621946 -0.59873181 0.70709203
vn 0.00000000 0.00000000 1.00000000
vn 0.00000000 0.00000000 1.00000000
vn 0.41991849 -0.56893928 0.70709020
vn 0.00000000 0.00000000 1.00000000
vn 0.00000000 0.00000000 1.00000000
vn 0.46123662 -0.53599032 0.70708922
vn 0.00000000 0.00000000 1.00000000
vn 0.00000000 0.00000000 1.00000000
vn 0.50001079 -0.50001079 0.70709152
vn 0.00000000 0.00000000 1.00000000
vn 0.00000000 0.00000000 1.00000000
vn 0.53599025 -0.46123657 0.70708930
vn 0.00000000 0.00000000 1.00000000
vn 0.00000000 0.00000000 1.00000000
vn 0.56894162 -0.41992022 0.70708729
vn 0.00000000 0.00000000 1.00000000
vn 0.00000000 -0.00000000 1.00000000
vn 0.59873618 -0.37622221 0.70708687
vn -0.00000000 -0.00000000 1.00000000
vn 0.00000000 0.00000000 1.00000000
vn 0.68303485 -0.18301132 0.70708575
vn 0.00000000 0.00000000 1.00000000
vn 0.00000000 0.00000000 1.00000000
vn 0.00000000 0.00000000 1.00000000
vn 0.69479934 -0.13147533 0.70708424
vn 0.00000000 0.00000000 1.00000000
vn 0.00000000 0.00000000 1.00000000
vn 0.70268138 -0.07917791 0.70708538
vn 0.00000000 0.00000000 1.00000000
vn -0.00000000 0.00000000 1.00000000
vn 0.70663561 -0.02642218 0.70708414
vn 0.00000000 0.00000000 1.00000000
vn 0.16404844 0.68781401 0.70710678
vn 0.00000000 0.00000000 1.00000000
vn 0.62518743 -0.33040340 0.70708859
vn 0.00000000 -0.00000000 1.00000000
vn 0.00000000 0.00000000 1.00000000
vn 0.64813104 -0.28276261 0.70708660
vn 0.00000000 0.00000000 1.00000000
vn 0.66744290 -0.23355767 0.70708612
vn 0.00000000 0.00000000 1.00000000
vn 0.00000000 0.00000000 1.00000000
vn 0.70663676 0.02642223 0.70708299
vn -0.00000000 -0.00000000 1.00000000
vn 0.00000000 0.00000000 1.00000000
vn 0.70268450 0.07917826 0.70708224
vn 0.00000000 0.00000000 1.00000000
vn 0.00000000 0.00000000 1.00000000
vn 0.69480156 0.13147575 0.70708197
vn 0.00000000 0.00000000 1.00000000
vn -0.00000000 0.00000000 1.00000000
vn 0.68304015 0.18301274 0.70708025
vn 0.00000000 0.00000000 1.00000000
vn 0.00000000 0.00000000 1.00000000
vn 0.66744847 0.23355962 0.70708022
vn -0.00000000 -0.00000000 1.00000000
vn 0.00000000 0.00000000 1.00000000
vn 0.64813820 0.28276573 0.70707879
vn 0.00000000 0.00000000 1.00000000
vn 0.00000000 0.00000000 1.00000000
vn 0.62519332 0.33040651 0.70708193
vn 0.00000000 0.00000000 1.00000000
vn 0.05340436 0.70508721 0.70710678
vn 0.00000000 0.00000000 1.00000000
vn 0.59874165 0.37622565 0.70708040
vn 0.00000000 0.00000000 1.00000000
vn 0.00000000 0.00000000 1.00000000
vn 0.00000000 0.00000000 1.00000000
vn 0.56894730 0.41992441 0.70708023
vn 0.00000000 0.00000000 1.00000000
vn 0.01591104 0.70692775 0.70710678
vn 0.00000000 0.00000000 1.00000000
vn 0.00000000 0.00000000 1.00000000
vn -0.01245961 0.70699700 0.70710678
vn -0.00000000 -0.00000000 1.00000000
vn -0.00000000 0.00000000 1.00000000
vn 0.00000000 0.00000000 1.00000000
vn 0.00000000 0.00000000 1.00000000
vn -0.50000000 0.50000000 0.70710678
vn 0.00000000 0.00000000 1.00000000
vn 0.00000000 0.00000000 1.00000000
vn 0.00000000 0.00000000 1.00000000
vn 0.00000000 0.00000000 1.00000000
vn -0.46124746 0.53595782 0.70710678
vn 0.00000000 0.00000000 1.00000000
vn -0.56893389 0.41989788 0.70710678
vn 0.00000000 0.00000000 1.00000000
vn 0.00000000 0.00000000 1.00000000
vn 0.00000000 -0.00000000 1.00000000
vn -0.41989788 0.56893389 0.70710678
vn 0.00000000 -0.00000000 1.00000000
vn 0.00000000 0.00000000 1.00000000
vn 0.00000000 0.00000000 1.00000000
vn 0.00000000 0.00000000 1.00000000
vn -0.37618529 0.59873586 0.70710678
vn -0.00000000 -0.00000000 1.00000000
vn -0.62515711 0.33042183 0.70710678
vn 0.00000000 0.00000000 1.00000000
vn 0.00000000 0.00000000 1.00000000
vn 0.00000000 0.00000000 1.00000000
vn -0.33042183 0.62515711 0.70710678
vn 0.00000000 0.00000000 1.00000000
vn -0.64810789 0.28276522 0.70710678
vn 0.00000000 0.00000000 1.00000000
vn 0.00000000 0.00000000 1.00000000
vn 0.00000000 0.00000000 1.00000000
vn -0.28276522 0.64810789 0.70710678
vn 0.00000000 0.00000000 1.00000000
vn 0.00000000 0.00000000 1.00000000
vn 0.00000000 0.00000000 1.00000000
vn -0.66743043 0.23353077 0.70710678
vn 0.00000000 0.00000000 1.00000000
vn 0.00000000 0.00000000 1.00000000
vn 0.00000000 0.00000000 1.00000000
vn 0.00000000 0.00000000 1.00000000
vn 0.00000000 0.00000000 1.00000000
vn -0.18301151 0.68301302 0.70710678
vn 0.00000000 0.00000000 1.00000000
vn 0.00000000 0.00000000 1.00000000
vn -0.13147526 0.69477641 0.70710678
vn 0.00000000 0.00000000 1.00000000
vn -0.69477641 0.13147526 0.70710678
vn 0.00000000 0.00000000 1.00000000
vn 0.00000000 0.00000000 1.00000000
vn -0.00000000 -0.00000000 1.00000000
vn 0.00000000 -0.00000000 1.00000000
vn 0.00000000 -0.00000000 1.00000000
vn -0.70266040 0.07917300 0.70710678
vn 0.00000000 0.00000000 1.00000000
vn 0.00000000 0.00000000 1.00000000
vn -0.70661299 0.02642134 0.70710678
vn 0.00000000 0.00000000 1.00000000
vn 0.00000000 0.00000000 1.00000000
vn 0.00000000 -0.00000000 1.00000000
vn -0.70661299 -0.02642134 0.70710678
vn 0.00000000 0.00000000 1.00000000
vn -0.14689544 -0.69168037 0.70710678
vn 0.00000000 0.00000000 1.00000000
vn 0.02642134 0.70661299 0.70710678
vn -0.70266040 -0.07917300 0.70710678
vn 0.00000000 0.00000000 1.00000000
vn 0.00000000 0.00000000 1.00000000
vn 0.00000000 -0.00000000 1.00000000
vn -0.69477641 -0.13147526 0.70710678
vn 0.00000000 0.00000000 1.00000000
vn 0.00000000 0.00000000 1.00000000
vn 0.13147526 0.69477641 0.70710678
vn -0.68301302 -0.18301151 0.70710678
vn 0.00000000 0.00000000 1.00000000
vn 0.00000000 0.00000000 1.00000000
vn -0.00000000 -0.00000000 1.00000000
vn -0.66743043 -0.23353077 0.70710678
vn 0.00000000 0.00000000 1.00000000
vn 0.00000000 0.00000000 1.00000000
vn 0.23353077 0.66743043 0.70710678
vn -0.64810789 -0.28276522 0.70710678
vn 0.00000000 0.00000000 1.00000000
vn 0.00000000 0.00000000 1.00000000
vn -0.00000000 -0.00000000 1.00000000
vn -0.62515711 -0.33042183 0.70710678
vn 0.00000000 0.00000000 1.00000000
vn -0.10727412 -0.69892222 0.70710678
vn 0.00000000 0.00000000 1.00000000
vn -0.59873586 -0.37618529 0.70710678
vn 0.00000000 0.00000000 1.00000000
vn 0.00000000 0.00000000 1.00000000
vn -0.00000000 -0.00000000 1.00000000
vn 0.34924479 0.60491641 0.71561457
vn -0.56893389 -0.41989788 0.70710678
vn 0.00000000 0.00000000 1.00000000
vn 0.00000000 0.00000000 1.00000000
vn 0.00000000 0.00000000 1.00000000
vn 0.41989788 0.56893389 0.70710678
vn 0.00000000 0.00000000 1.00000000
vn -0.53595782 -0.46124746 0.70710678
vn 0.00000000 0.00000000 1.00000000
vn 0.00000000 0.00000000 1.00000000
vn 0.00000000 0.00000000 1.00000000
vn 0.00000000 0.00000000 1.00000000
vn 0.00000000 0.00000000 1.00000000
vn 0.46124746 0.53595782 0.70710678
vn 0.00000000 0.00000000 1.00000000
vn -0.50000000 -0.50000000 0.70710678
vn 0.00000000 0.00000000 1.00000000
vn 0.00000000 0.00000000 1.00000000
vn 0.50000000 0.50000000 0.70710678
vn 0.00000000 -0.00000000 1.00000000
vn 0.00000000 0.00000000 1.00000000
vn 0.62515711 -0.33042183 0.70710678
vn -0.00000000 -0.00000000 1.00000000
vn 0.00000000 0.00000000 1.00000000
vn 0.00000000 0.00000000 1.00000000
vn 0.00000000 0.00000000 1.00000000
vn 0.66743043 -0.23353077 0.70710678
vn 0.00000000 0.00000000 1.00000000
vn 0.00000000 0.00000000 1.00000000
vn 0.68301302 -0.18301151 0.70710678
vn 0.00000000 0.00000000 1.00000000
vn 0.00000000 0.00000000 1.00000000
vn 0.69477641 -0.13147526 0.70710678
vn 0.00000000 0.00000000 1.00000000
vn 0.00000000 0.00000000 1.00000000
vn 0.70266040 -0.07917300 0.70710678
vn 0.00000000 0.00000000 1.00000000
vn 0.00000000 0.00000000 1.00000000
vn 0.70661299 -0.02642134 0.70710678
vn 0.00000000 0.00000000 1.00000000
vn 0.00000000 0.00000000 1.00000000
vn 0.70661299 0.02642134 0.70710678
vn 0.00000000 0.00000000 1.00000000
vn 0.00000000 0.00000000 1.00000000
vn 0.70266040 0.07917300 0.70710678
vn 0.00000000 0.00000000 1.00000000
vn 0.00000000 0.00000000 1.00000000
vn 0.00000000 0.00000000 1.00000000
vn 0.00000000 0.00000000 1.00000000
vn 0.68301302 0.18301151 0.70710678
vn 0.00000000 0.00000000 1.00000000
vn 0.00000000 0.00000000 1.00000000
vn 0.66743043 0.23353077 0.70710678
vn 0.00000000 0.00000000 1.00000000
vn 0.00000000 0.00000000 1.00000000
vn 0.64810789 0.28276522 0.70710678
vn 0.00000000 0.00000000 1.00000000
vn 0.00000000 0.00000000 1.00000000
vn 0.62515711 0.33042183 0.70710678
vn 0.00000000 0.00000000 1.00000000
vn 0.00000000 0.00000000 1.00000000
vn 0.59873586 0.37618529 0.70710678
vn 0.00000000 0.00000000 1.00000000
vn 0.00000000 0.00000000 1.00000000
vn 0.56893389 0.41989788 0.70710678
vn 0.00000000 0.00000000 1.00000000
vn -0.00000000 -0.00000000 1.00000000
vn 0.53595782 0.46124746 0.70710678
vn -0.00000000 0.00000000 1.00000000
vn 0.00000000 0.00000000 1.00000000
vn 0.37618529 -0.59873586 0.70710678
vn -0.00000000 -0.00000000 1.00000000
vn 0.00000000 0.00000000 1.00000000
vn 0.41989788 -0.56893389 0.70710678
vn 0.00000000 0.00000000 1.00000000
vn 0.00000000 0.00000000 1.00000000
vn 0.46124746 -0.53595782 0.70710678
vn 0.00000000 0.00000000 1.00000000
vn 0.00000000 0.00000000 1.00000000
vn 0.50000000 -0.50000000 0.70710678
vn 0.00000000 0.00000000 1.00000000
vn 0.00000000 0.00000000 1.00000000
vn 0.53595782 -0.46124746 0.70710678
vn 0.00000000 0.00000000 1.00000000
vn 0.00000000 0.00000000 1.00000000
vn 0.56893389 -0.41989788 0.70710678
vn 0.00000000 0.00000000 1.00000000
vn -0.00000000 -0.00000000 1.00000000
vn 0.59873586 -0.37618529 0.70710678
vn -0.00000000 0.00000000 1.00000000
vn -0.00000000 -0.00000000 1.00000000
vn -0.00000000 -0.00000000 1.00000000
vn 0.00000000 0.00000000 1.00000000
vn -0.00000000 -0.00000000 1.00000000
vn -0.00000000 0.00000000 1.00000000
vn 0.33042183 -0.62515711 0.70710678
vn -0.00000000 0.00000000 1.00000000
vn -0.43923103 -0.55414414 0.70710705
vn -0.00000000 -0.00000000 1.00000000
vn -0.00000000 -0.00000000 1.00000000
vn -0.00000000 0.00000000 1.00000000
vn 0.23353077 -0.66743043 0.70710678
vn 0.00000000 0.00000000 1.00000000
vn 0.00000000 0.00000000 1.00000000
vn 0.00000000 0.00000000 1.00000000
vn 0.18301151 -0.68301302 0.70710678
vn 0.00000000 -0.00000000 1.00000000
vn 0.00000000 0.00000000 1.00000000
vn -0.58992709 -0.38985386 0.70710678
vn 0.00000000 -0.00000000 1.00000000
vn -0.00000000 -0.00000000 1.00000000
vn 0.00000000 0.00000000 1.00000000
vn 0.13147526 -0.69477641 0.70710678
vn 0.00000000 0.00000000 1.00000000
vn 0.00000000 0.00000000 1.00000000
vn -0.67179626 -0.22065763 0.70710678
vn 0.00000000 0.00000000 1.00000000
vn 0.00000000 0.00000000 1.00000000
vn 0.07917300 -0.70266040 0.70710678
vn -0.00000000 -0.00000000 1.00000000
vn 0.00000000 0.00000000 1.00000000
vn -0.69056621 -0.15204705 0.70710678
vn 0.00000000 0.00000000 1.00000000
vn 0.00000000 -0.00000000 1.00000000
vn -0.07122425 -0.70351056 0.70710678
vn 0.00000000 0.00000000 1.00000000
vn 0.00000000 0.00000000 1.00000000
vn 0.02642134 -0.70661299 0.70710678
vn 0.00000000 0.00000000 1.00000000
vn 0.00000000 0.00000000 1.00000000
vn -0.70486804 -0.05622315 0.70710678
vn 0.00000000 0.00000000 1.00000000
vn 0.00000000 0.00000000 1.00000000
vn 0.00000000 0.00000000 1.00000000
vn -0.02642134 -0.70661299 0.70710678
vn 0.00000000 0.00000000 1.00000000
vn 0.00000000 0.00000000 1.00000000
vn -0.70704316 -0.00948508 0.70710678
vn 0.00000000 0.00000000 1.00000000
vn 0.00000000 0.00000000 1.00000000
vn -0.07917300 -0.70266040 0.70710678
vn 0.00000000 0.00000000 1.00000000
vn 0.00000000 0.00000000 1.00000000
vn -0.70710569 -0.00124301 0.70710678
vn 0.00000000 0.00000000 1.00000000
vn 0.00000000 0.00000000 1.00000000
vn -0.13147526 -0.69477641 0.70710678
vn 0.00000000 0.00000000 1.00000000
vn 0.00000000 0.00000000 1.00000000
vn 0.00000000 0.00000000 1.00000000
vn -0.08007324 0.70255838 0.70710678
vn 0.00000000 0.00000000 1.00000000
vn 0.00000000 0.00000000 1.00000000
vn 0.00000000 0.00000000 1.00000000
vn -0.49998873 0.50001127 0.70710678
vn 0.00000000 0.00000000 1.00000000
vn -0.53597700 0.46122516 0.70710678
vn 0.00000000 0.00000000 1.00000000
vn 0.00000000 0.00000000 1.00000000
vn 0.00000000 0.00000000 1.00000000
vn -0.46124746 0.53595782 0.70710678
vn 0.00000000 0.00000000 1.00000000
vn 0.00000000 0.00000000 1.00000000
vn -0.46124746 -0.53595782 0.70710678
vn 0.00000000 0.00000000 1.00000000
vn 0.00000000 0.00000000 1.00000000
vn -0.41989788 0.56893389 0.70710678
vn 0.00000000 0.00000000 1.00000000
vn 0.00000000 0.00000000 1.00000000
vn -0.41989788 -0.56893389 0.70710678
vn 0.00000000 0.00000000 1.00000000
vn 0.00000000 0.00000000 1.00000000
vn -0.37618529 -0.59873586 0.70710678
vn 0.00000000 0.00000000 1.00000000
vn -0.56892594 0.41990865 0.70710678
vn 0.00000000 0.00000000 1.00000000
vn 0.00000000 0.00000000 1.00000000
vn 0.00000000 0.00000000 1.00000000
vn -0.37620146 0.59872570 0.70710678
vn 0.00000000 0.00000000 1.00000000
vn -0.59872947 0.37619545 0.70710678
vn 0.00000000 0.00000000 1.00000000
vn -0.10727326 0.69892235 0.70710678
vn 0.00000000 0.00000000 1.00000000
vn 0.00000000 0.00000000 1.00000000
vn -0.33040421 0.62516642 0.70710678
vn 0.00000000 0.00000000 1.00000000
vn 0.00000000 0.00000000 1.00000000
vn -0.33042183 -0.62515711 0.70710678
vn 0.00000000 0.00000000 1.00000000
vn -0.62516203 0.33041252 0.70710678
vn 0.00000000 0.00000000 1.00000000
vn 0.00000000 0.00000000 1.00000000
vn 0.00000000 0.00000000 1.00000000
vn -0.28276522 -0.64810789 0.70710678
vn 0.00000000 0.00000000 1.00000000
vn 0.00000000 0.00000000 1.00000000
vn -0.28274628 0.64811615 0.70710678
vn 0.00000000 0.00000000 1.00000000
vn -0.64810428 0.28277348 0.70710678
vn 0.00000000 0.00000000 1.00000000
vn 0.00000000 0.00000000 1.00000000
vn 0.00000000 0.00000000 1.00000000
vn -0.23355085 0.66742340 0.70710678
vn 0.00000000 0.00000000 1.00000000
vn 0.00000000 0.00000000 1.00000000
vn -0.23353077 -0.66743043 0.70710678
vn 0.00000000 0.00000000 1.00000000
vn 0.00000000 0.00000000 1.00000000
vn -0.18301151 -0.68301302 0.70710678
vn 0.00000000 0.00000000 1.00000000
vn -0.66743043 0.23353077 0.70710678
vn 0.00000000 0.00000000 1.00000000
vn 0.00000000 0.00000000 1.00000000
vn 0.00000000 0.00000000 1.00000000
vn -0.18301151 0.68301302 0.70710678
vn 0.00000000 0.00000000 1.00000000
vn -0.68301453 0.18300587 0.70710678
vn 0.00000000 0.00000000 1.00000000
vn 0.00000000 0.00000000 1.00000000
vn 0.00000000 0.00000000 1.00000000
vn 0.00000000 0.00000000 1.00000000
vn 0.00000000 0.00000000 1.00000000
vn -0.13147526 0.69477641 0.70710678
vn 0.00000000 0.00000000 1.00000000
vn -0.69477719 0.13147114 0.70710678
vn 0.00000000 0.00000000 1.00000000
vn 0.00000000 0.00000000 1.00000000
vn 0.00000000 0.00000000 1.00000000
vn -0.07917300 0.70266040 0.70710678
vn 0.00000000 0.00000000 1.00000000
vn 0.00000000 0.00000000 1.00000000
vn -0.70704316 0.00948508 0.70710678
vn 0.00000000 0.00000000 1.00000000
vn -0.70266012 0.07917551 0.70710678
vn 0.00000000 0.00000000 1.00000000
vn 0.00000000 0.00000000 1.00000000
vn 0.00000000 0.00000000 1.00000000
vn -0.02642134 0.70661299 0.70710678
vn 0.00000000 0.00000000 1.00000000
vn 0.00000000 0.00000000 1.00000000
vn 0.02642134 0.70661299 0.70710678
vn -0.00000000 0.00000000 1.00000000
vn 0.00000000 0.00000000 1.00000000
vn -0.70657635 0.02738362 0.70710678
vn 0.00000000 0.00000000 1.00000000
vn 0.00000000 0.00000000 1.00000000
vn -0.70661299 0.02642134 0.70710678
vn 0.00000000 0.00000000 1.00000000
vn -0.14689544 0.69168037 0.70710678
vn 0.00000000 0.00000000 1.00000000
vn -0.70661299 -0.02642134 0.70710678
vn 0.00000000 0.00000000 1.00000000
vn 0.00000000 0.00000000 1.00000000
vn -0.70266012 -0.07917551 0.70710678
vn 0.00000000 0.00000000 1.00000000
vn 0.00000000 0.00000000 1.00000000
vn 0.00000000 0.00000000 1.00000000
vn 0.00000000 0.00000000 1.00000000
vn -0.68301453 -0.18300587 0.70710678
vn 0.00000000 0.00000000 1.00000000
vn 0.00000000 0.00000000 1.00000000
vn -0.66743043 -0.23353077 0.70710678
vn 0.00000000 0.00000000 1.00000000
vn 0.00000000 0.00000000 1.00000000
vn 0.00000000 0.00000000 1.00000000
vn 0.00000000 0.00000000 1.00000000
vn -0.62516203 -0.33041252 0.70710678
vn 0.00000000 0.00000000 1.00000000
vn 0.00000000 0.00000000 1.00000000
vn 0.00000000 0.00000000 1.00000000
vn 0.00000000 0.00000000 1.00000000
vn -0.56892594 -0.41990865 0.70710678
vn 0.00000000 0.00000000 1.00000000
vn 0.00000000 0.00000000 1.00000000
vn -0.53597700 -0.46122516 0.70710678
vn 0.00000000 0.00000000 1.00000000
vn 0.00000000 0.00000000 1.00000000
vn -0.49998873 -0.50001127 0.70710678
vn 0.00000000 0.00000000 1.00000000
vn 0.00000000 0.00000000 1.00000000
vn -0.46124746 -0.53595782 0.70710678
vn 0.00000000 0.00000000 1.00000000
vn 0.00000000 0.00000000 1.00000000
vn -0.41989788 -0.56893389 0.70710678
vn 0.00000000 0.00000000 1.00000000
vn 0.00000000 0.00000000 1.00000000
vn 0.07917300 0.70266040 0.70710678
vn 0.00000000 0.00000000 1.00000000
vn 0.00000000 0.00000000 1.00000000
vn 0.00000000 -0.00000000 1.00000000
vn 0.00000000 0.00000000 1.00000000
vn -0.00000000 0.00000000 1.00000000
vn 0.00000000 0.00000000 1.00000000
vn 0.00000000 0.00000000 1.00000000
vn 0.00000000 0.00000000 1.00000000
vn -0.28274628 -0.64811615 0.70710678
vn 0.00000000 0.00000000 1.00000000
vn 0.00000000 0.00000000 1.00000000
vn -0.23355085 -0.66742340 0.70710678
vn 0.00000000 0.00000000 1.00000000
vn 0.00000000 0.00000000 1.00000000
vn -0.18301151 -0.68301302 0.70710678
vn 0.00000000 0.00000000 1.00000000
vn -0.00000000 -0.00000000 1.00000000
vn -0.13147526 -0.69477641 0.70710678
vn 0.00000000 0.00000000 1.00000000
vn 0.00000000 -0.00000000 1.00000000
vn 0.00000000 0.00000000 1.00000000
vn -0.00000000 -0.00000000 1.00000000
vn 0.00000000 0.00000000 1.00000000
vn 0.33040421 -0.62516642 0.70710678
vn 0.00000000 -0.00000000 1.00000000
vn 0.00000000 0.00000000 1.00000000
vn 0.37620146 -0.59872570 0.70710678
vn 0.00000000 0.00000000 1.00000000
vn 0.00000000 0.00000000 1.00000000
vn 0.41989788 -0.56893389 0.70710678
vn 0.00000000 0.00000000 1.00000000
vn 0.00000000 0.00000000 1.00000000
vn 0.46124746 -0.53595782 0.70710678
vn 0.00000000 0.00000000 1.00000000
vn 0.00000000 -0.00000000 1.00000000
vn 0.49998873 -0.50001127 0.70710678
vn -0.00000000 -0.00000000 1.00000000
vn 0.00000000 0.00000000 1.00000000
vn 0.13147526 0.69477641 0.70710678
vn 0.00000000 0.00000000 1.00000000
vn 0.00000000 0.00000000 1.00000000
vn -0.69056621 0.15204705 0.70710678
vn 0.00000000 0.00000000 1.00000000
vn 0.00000000 0.00000000 1.00000000
vn 0.00000000 0.00000000 1.00000000
vn 0.56892594 -0.41990865 0.70710678
vn 0.00000000 0.00000000 1.00000000
vn 0.00000000 0.00000000 1.00000000
vn 0.59872947 -0.37619545 0.70710678
vn 0.00000000 0.00000000 1.00000000
vn 0.00000000 0.00000000 1.00000000
vn 0.62516203 -0.33041252 0.70710678
vn 0.00000000 0.00000000 1.00000000
vn 0.00000000 0.00000000 1.00000000
vn 0.64810428 -0.28277348 0.70710678
vn 0.00000000 0.00000000 1.00000000
vn 0.00000000 0.00000000 1.00000000
vn 0.00000000 0.00000000 1.00000000
vn 0.00000000 0.00000000 1.00000000
vn 0.68301453 -0.18300587 0.70710678
vn 0.00000000 0.00000000 1.00000000
vn 0.00000000 0.00000000 1.00000000
vn 0.69477719 -0.13147114 0.70710678
vn 0.00000000 0.00000000 1.00000000
vn -0.26678314 0.65484865 0.70710678
vn 0.00000000 0.00000000 1.00000000
vn 0.70266012 -0.07917551 0.70710678
vn 0.00000000 0.00000000 1.00000000
vn 0.00000000 0.00000000 1.00000000
vn 0.70661299 -0.02642134 0.70710678
vn 0.00000000 0.00000000 1.00000000
vn 0.00000000 0.00000000 1.00000000
vn 0.70661299 0.02642134 0.70710678
vn 0.00000000 0.00000000 1.00000000
vn 0.00000000 0.00000000 1.00000000
vn 0.70266012 0.07917551 0.70710678
vn 0.00000000 0.00000000 1.00000000
vn 0.00000000 0.00000000 1.00000000
vn 0.00000000 0.00000000 1.00000000
vn 0.00000000 0.00000000 1.00000000
vn 0.68301453 0.18300587 0.70710678
vn 0.00000000 0.00000000 1.00000000
vn 0.00000000 0.00000000 1.00000000
vn 0.66743043 0.23353077 0.70710678
vn 0.00000000 0.00000000 1.00000000
vn 0.00000000 0.00000000 1.00000000
vn 0.64810428 0.28277348 0.70710678
vn 0.00000000 0.00000000 1.00000000
vn -0.00000000 0.00000000 1.00000000
vn 0.62516203 0.33041252 0.70710678
vn 0.00000000 0.00000000 1.00000000
vn 0.00000000 0.00000000 1.00000000
vn -0.00000000 0.00000000 1.00000000
vn 0.00000000 0.00000000 1.00000000
vn 0.00000000 -0.00000000 1.00000000
vn 0.37620146 0.59872570 0.70710678
vn 0.00000000 0.00000000 1.00000000
vn 0.00000000 -0.00000000 1.00000000
vn 0.00000000 0.00000000 1.00000000
vn 0.59872947 0.37619545 0.70710678
vn -0.00000000 -0.00000000 1.00000000
vn -0.35020519 0.61429409 0.70710615
vn 0.00000000 0.00000000 1.00000000
vn 0.56892594 0.41990865 0.70710678
vn 0.00000000 0.00000000 1.00000000
vn 0.00000000 0.00000000 1.00000000
vn 0.53597700 0.46122516 0.70710678
vn 0.00000000 0.00000000 1.00000000
vn 0.00000000 0.00000000 1.00000000
vn 0.49998873 0.50001127 0.70710678
vn 0.00000000 0.00000000 1.00000000
vn 0.00000000 0.00000000 1.00000000
vn 0.46124746 0.53595782 0.70710678
vn 0.00000000 0.00000000 1.00000000
vn 0.41989788 0.56893389 0.70710678
vn 0.00000000 0.00000000 1.00000000
vn -0.00000000 0.00000000 1.00000000
vn 0.00000000 -0.00000000 1.00000000
vn 0.00000000 0.00000000 1.00000000
vn 0.33040421 0.62516642 0.70710678
vn 0.00000000 0.00000000 1.00000000
vn 0.00000000 -0.00000000 1.00000000
vn 0.28274628 0.64811615 0.70710678
vn 0.00000000 -0.00000000 1.00000000
vn -0.52183407 0.47716790 0.70710678
vn -0.43923124 0.55414368 0.70710727
vn -0.62116671 -0.78367845 0.00000076
vn -0.58484208 -0.43966883 0.68165318
vn -0.68595757 -0.34821985 0.63890934
vn -0.00000000 0.00000000 1.00000000
vn -0.41876526 -0.78949633 0.44869946
vn 0.70710678 0.00000000 0.70710678
vn -0.20774152 -0.97818376 -0.00000000
vn -0.20774152 -0.97818376 0.00000000
vn 0.70710678 0.00000000 0.70710678
vn 1.00000000 0.00000000 0.00000000
vn 0.67854210 -0.73437477 0.01656222
vn 0.70710678 0.70710678 0.00000000
vn 0.00000000 1.00000000 0.00000000
vn -0.70710678 0.70710678 0.00000000
vn 0.00000000 1.00000000 0.00000000
vn 0.00000000 0.70710678 -0.70710678
vn 0.00000000 0.70710678 0.70710678
vn 0.70710678 0.70710678 0.00000000
vn -0.15170852 -0.98842528 0.00000000
vn -0.15170852 -0.98842528 0.00000000
vn -0.15170852 -0.98842528 0.00000000
vn -1.00000000 0.00000000 0.00000000
vn -1.00000000 0.00000000 0.00000000
vn -1.00000000 0.00000000 0.00000000
vn -0.86811538 -0.48964080 0.08140988
vn -0.11324003 -0.99356766 0.00000000
vn -0.11324003 -0.99356766 0.00000000
vn -0.10332286 -0.99464787 0.00000000
vn -0.10332286 -0.99464787 0.00000000
vn -0.10332285 -0.99464787 0.00000000
vn -0.73798526 -0.67481683 0.00000000
vn -0.73798526 -0.67481683 0.00000000
vn -0.10072630 -0.99491417 0.00000000
vn -0.10072630 -0.99491417 -0.00000000
vn -0.83428289 -0.55133662 -0.00000000
vn -0.83428289 -0.55133662 0.00000000
vn -0.10111899 -0.99487434 -0.00000000
vn -0.10226654 -0.99475703 -0.00000000
vn -0.10111899 -0.99487434 -0.00000000
vn -0.90449522 -0.42648376 0.00000000
vn -0.90449522 -0.42648376 0.00000000
vn -0.87162744 -0.49016896 0.00000000
vn -0.10341395 -0.99463840 -0.00000000
vn -0.10522588 -0.99444835 -0.00000000
vn -0.10341395 -0.99463840 -0.00000000
vn -0.95006338 -0.31205701 0.00000000
vn -0.95006338 -0.31205701 0.00000000
vn -0.10703747 -0.99425499 0.00000000
vn -0.10703747 -0.99425499 -0.00000000
vn -0.10937128 -0.99400097 0.00000000
vn -0.10703747 -0.99425499 0.00000000
vn -0.97660810 -0.21502701 0.00000000
vn -0.96455661 -0.26387601 0.00000000
vn -0.11170450 -0.99374147 0.00000000
vn -0.11170450 -0.99374147 0.00000000
vn -0.11448411 -0.99342508 0.00000000
vn -0.11170450 -0.99374147 0.00000000
vn -0.99407999 -0.10865074 -0.00000000
vn -0.99047442 -0.13769686 -0.00000000
vn -0.99047442 -0.13769686 -0.00000000
vn -0.98430097 -0.17649816 0.00000000
vn -0.11726283 -0.99310092 0.00000000
vn -0.11726283 -0.99310092 0.00000000
vn -0.11994672 -0.99278033 -0.00000000
vn -0.11726283 -0.99310092 0.00000000
vn -0.99825022 -0.05913125 0.00000000
vn -0.99683395 -0.07951154 -0.00000000
vn -0.99683395 -0.07951154 -0.00000000
vn -0.12262972 -0.99245249 -0.00000000
vn -0.12262972 -0.99245249 -0.00000000
vn -0.12326355 -0.99237397 0.00000000
vn -0.12262972 -0.99245249 0.00000000
vn -0.70657635 -0.02738362 0.70710678
vn -0.12389733 -0.99229504 0.00000000
vn -0.10771010 -0.99418234 0.00000000
vn -0.99991003 -0.01341392 -0.00000000
vn -0.99997123 -0.00758603 -0.00000000
vn -0.99966006 -0.02607219 -0.00000000
vn -0.09149426 -0.99580560 0.00000000
vn -0.08700490 -0.99620788 -0.00000000
vn -0.09149426 -0.99580560 -0.00000000
vn -0.99999845 -0.00175789 0.00000000
vn -0.99999845 -0.00175789 0.00000000
vn -0.08251377 -0.99658992 -0.00000000
vn -0.07545012 -0.99714958 -0.00000000
vn -0.08251377 -0.99658992 -0.00000000
vn -0.99999845 0.00175789 0.00000000
vn -0.06838269 -0.99765916 0.00000000
vn -0.06838269 -0.99765916 -0.00000000
vn -0.05782531 -0.99832672 0.00000000
vn -0.06838269 -0.99765916 0.00000000
vn -0.99966006 0.02607219 0.00000000
vn -0.99997123 0.00758603 0.00000000
vn -0.04726145 -0.99888255 0.00000000
vn -0.04726145 -0.99888255 0.00000000
vn -0.04726145 -0.99888255 0.00000000
vn -0.99924986 0.03872628 -0.00000000
vn -0.99924986 0.03872628 0.00000000
vn -0.01245925 -0.70699701 0.70710678
vn 0.00244128 -0.99999702 -0.00000000
vn -0.99407999 0.10865074 0.00000000
vn -0.99683395 0.07951154 -0.00000000
vn -0.99683395 0.07951154 0.00000000
vn -0.99825022 0.05913125 -0.00000000
vn 0.02250161 -0.99974681 -0.00000000
vn 0.02250161 -0.99974681 -0.00000000
vn 0.04903019 -0.99879730 0.00000000
vn -0.70037118 0.09736638 0.70710678
vn -0.98430097 0.17649816 -0.00000000
vn 0.10997977 -0.99393383 -0.00000000
vn 0.07552422 -0.99714397 -0.00000000
vn -0.97660810 0.21502701 -0.00000000
vn 0.14430362 -0.98953346 -0.00000000
vn 0.14430362 -0.98953346 0.00000000
vn 0.18833961 -0.98210396 0.00000000
vn -0.95006338 0.31205701 0.00000000
vn -0.95006338 0.31205701 0.00000000
vn -0.96455661 0.26387601 -0.00000000
vn 0.23199997 -0.97271579 0.00000000
vn -0.63957470 0.30156956 0.70710678
vn -0.90449522 0.42648376 0.00000000
vn 0.34172571 -0.93979973 -0.00000000
vn 0.34172571 -0.93979973 -0.00000000
vn 0.40659557 -0.91360826 0.00000000
vn 0.34172571 -0.93979973 -0.00000000
vn -0.83428289 0.55133662 -0.00000000
vn -0.80982039 0.56702866 -0.15056373
vn -0.73491586 0.67348652 0.07946439
vn -0.55362382 0.50368160 -0.66317834
vn -0.72421949 0.68602250 0.06985171
vn 0.65897402 -0.75216570 -0.00000000
vn -0.62116736 0.78367794 0.00000070
vn -0.62116722 0.78367805 0.00000140
vn -0.62846733 0.77783587 0.00042591
vn 0.76965883 -0.63845538 0.00000000
vn 0.71657357 -0.69751152 0.00000000
vn -1.00000000 -0.00000000 0.00000000
vn -1.00000000 -0.00000000 0.00000000
vn -1.00000000 0.00000000 0.00000000
vn 0.81789089 -0.57537336 0.00000000
vn 0.81789089 -0.57537336 0.00000000
vn 0.85815662 -0.51338797 0.00000000
vn 0.00000000 -1.00000000 0.00000000
vn 0.00000000 -1.00000000 0.00000000
vn 0.00000000 -0.70710678 -0.70710678
vn 0.70710678 -0.70710678 0.00000000
vn 0.00000000 -1.00000000 0.00000000
vn 0.00000000 -0.70710678 -0.70710678
vn -0.70710678 -0.70710678 0.00000000
vn 0.70710678 -0.70710678 0.00000000
vn 0.00000000 -0.70710678 0.70710678
vn 0.00000000 -1.00000000 0.00000000
vn 0.89373381 -0.44859768 0.00000000
vn 0.89373381 -0.44859768 -0.00000000
vn 0.70710678 0.70710678 0.00000000
vn 0.70710678 0.00000000 0.70710678
vn 0.70710678 0.00000000 0.70710678
vn 0.94396130 -0.33005616 -0.00000000
vn 0.96013952 -0.27952121 -0.00000000
vn -0.49526392 0.86874257 -0.00000090
vn -0.49526448 0.86874225 -0.00000180
vn -0.35020409 0.61429398 0.70710678
vn -0.55983271 0.82860566 -0.00000000
vn 0.97361445 -0.22819927 -0.00000000
vn 0.98227215 -0.18746048 -0.00000000
vn -0.37728833 0.92609585 0.00000000
vn -0.32966895 0.94409660 0.00000000
vn -0.37728833 0.92609585 0.00000000
vn -0.37728833 0.92609585 0.00000000
vn 0.98922599 -0.14639651 0.00000000
vn 0.99330108 -0.11555501 -0.00000000
vn -0.28119519 0.95965060 0.00000000
vn -0.28119519 0.95965060 0.00000000
vn 0.99641485 -0.08460168 0.00000000
vn 0.99641485 -0.08460168 -0.00000000
vn -0.20774152 0.97818376 -0.00000000
vn -0.17979735 0.98370367 -0.00000000
vn 0.99914992 -0.04122422 0.00000000
vn 0.99961479 -0.02775366 -0.00000000
vn 0.99989806 -0.01427806 -0.00000000
vn 0.99996740 -0.00807473 -0.00000000
vn -0.11324066 0.99356759 0.00000000
vn -0.11324066 0.99356759 0.00000000
vn 0.70710554 -0.00132306 0.70710678
vn 1.00000000 0.00000000 0.00000000
vn -0.10332154 0.99464801 0.00000000
vn -0.10332154 0.99464801 -0.00000000
vn -0.10828245 0.99412017 0.00000000
vn 0.70710554 0.00132306 0.70710678
vn 0.99996740 0.00807473 0.00000000
vn -0.10072835 0.99491397 -0.00000000
vn -0.10092332 0.99489421 0.00000000
vn -0.10072835 0.99491397 0.00000000
vn -0.10072835 0.99491397 -0.00000000
vn 0.99989806 0.01427806 -0.00000000
vn 0.99989806 0.01427806 0.00000000
vn -0.10111828 0.99487441 0.00000000
vn -0.10111828 0.99487441 0.00000000
vn -0.10111828 0.99487441 0.00000000
vn 0.99914992 0.04122422 -0.00000000
vn 0.99801808 0.06292781 -0.00000000
vn -0.10522589 0.99444835 -0.00000000
vn -0.10341322 0.99463848 -0.00000000
vn -0.10341322 0.99463848 -0.00000000
vn -0.10341322 0.99463848 -0.00000000
vn 0.70457170 0.05982242 0.70710678
vn 0.99330108 0.11555501 0.00000000
vn -0.10703821 0.99425491 0.00000000
vn -0.10937204 0.99400088 0.00000000
vn -0.10703821 0.99425491 0.00000000
vn 0.98922599 0.14639651 -0.00000000
vn 0.98922599 0.14639651 -0.00000000
vn 0.98227215 0.18746048 -0.00000000
vn -0.11170525 0.99374138 -0.00000000
vn -0.11448487 0.99342499 -0.00000000
vn -0.11170525 0.99374138 -0.00000000
vn -0.11170525 0.99374138 0.00000000
vn 0.97361445 0.22819927 -0.00000000
vn 0.96013952 0.27952121 -0.00000000
vn -0.11726360 0.99310083 -0.00000000
vn -0.11726360 0.99310083 0.00000000
vn -0.11726360 0.99310083 -0.00000000
vn 0.94396130 0.33005616 0.00000000
vn 0.94396130 0.33005616 0.00000000
vn -0.08671070 0.70177009 0.70710678
vn -0.12262744 0.99245278 0.00000000
vn 0.89373381 0.44859768 0.00000000
vn 0.89373381 0.44859768 -0.00000000
vn -0.12389884 0.99229485 0.00000000
vn -0.10771028 0.99418232 0.00000000
vn -0.12389884 0.99229485 0.00000000
vn -0.12389884 0.99229485 -0.00000000
vn 0.81789089 0.57537336 -0.00000000
vn 0.81789089 0.57537336 -0.00000000
vn 0.81789089 0.57537336 -0.00000000
vn -0.09149312 0.99580571 -0.00000000
vn -0.09149312 0.99580571 -0.00000000
vn -0.09149312 0.99580571 -0.00000000
vn 0.71657320 0.69751190 -0.00000000
vn 0.65897402 0.75216570 -0.00000000
vn -0.08251487 0.99658983 0.00000000
vn -0.07545014 0.99714958 0.00000000
vn -0.08251487 0.99658983 0.00000000
vn -0.08251487 0.99658983 -0.00000000
vn 0.59722020 0.80207733 0.00000000
vn 0.59722020 0.80207733 0.00000000
vn -0.06838162 0.99765924 0.00000000
vn -0.06838162 0.99765924 0.00000000
vn 0.53487835 0.84492908 -0.00000000
vn 0.40659536 0.91360835 -0.00000000
vn -0.04726197 0.99888253 0.00000000
vn -0.03244483 0.99947353 -0.00000000
vn -0.04726197 0.99888253 0.00000000
vn -0.04726197 0.99888253 0.00000000
vn 0.34172529 0.93979989 0.00000000
vn 0.28733414 0.95783041 0.00000000
vn -0.01762055 0.99984475 -0.00000000
vn -0.01762055 0.99984475 -0.00000000
vn 0.23199953 0.97271590 -0.00000000
vn 0.02250161 0.99974681 -0.00000000
vn 0.04903067 0.99879727 0.00000000
vn 0.00244102 0.99999702 0.00000000
vn 0.14430408 0.98953339 0.00000000
vn 0.14430408 0.98953339 0.00000000
vn 0.07552517 0.99714390 0.00000000
vn 0.07552517 0.99714390 -0.00000000
vn 0.00000000 -0.70710678 -0.70710678
vn -0.69378753 -0.72017974 0.00000000
vn 0.70710678 -0.70710678 0.00000000
vn 0.00000000 -1.00000000 0.00000000
vn -0.70710678 -0.70710678 0.00000000
vn -0.70710678 -0.70710678 0.00000000
vn 0.00000000 -1.00000000 0.00000000
vn 0.00000000 -0.70710678 0.70710678
vn 0.00000000 -1.00000000 0.00000000
vn 0.00000000 -1.00000000 0.00000000
vn 0.70710678 0.00000000 -0.70710678
vn 1.00000000 0.00000000 0.00000000
vn 1.00000000 -0.00000000 -0.00000000
vn -1.00000000 -0.00000000 0.00000000
vn -0.70710678 0.70710678 0.00000000
vn 0.00000000 1.00000000 0.00000000
vn 0.00000000 1.00000000 0.00000000
vn 0.00000000 0.70710678 -0.70710678
vn 0.00000000 0.70710678 -0.70710678
vn 0.00000000 1.00000000 -0.00000000
vn 0.00000000 1.00000000 0.00000000
vn 0.00000000 1.00000000 0.00000000
vn 0.00000000 1.00000000 0.00000000
vn -0.00000000 0.70710678 0.70710678
vn 1.00000000 0.00000000 0.00000000
vn -0.70710678 0.00000000 -0.70710678
vn -0.90931056 -0.41611813 0.00000000
vn -0.99930273 -0.03733699 -0.00000055
vn -0.70661425 -0.02638762 -0.70710678
vn -0.99930345 -0.03731772 -0.00000000
vn -0.99721500 -0.07458042 0.00000074
vn -0.99930184 -0.03736084 -0.00000055
vn -0.99930201 -0.03735626 -0.00000110
vn -1.00000000 0.00000000 0.00000000
vn -0.99372688 -0.11183422 -0.00000050
vn -0.70268252 -0.07898457 -0.70710587
vn -0.99374187 -0.11170091 0.00000257
vn -0.98260273 -0.18571988 -0.00000117
vn -0.69483499 -0.13117256 -0.70710543
vn -0.98886136 -0.14883952 0.00000012
vn -0.98264320 -0.18550565 0.00000382
vn -0.99371187 -0.11196753 -0.00000357
vn -0.96599782 -0.25855021 -0.00000139
vn -0.68311583 -0.18263413 -0.70710504
vn -0.97498707 -0.22226160 -0.00000062
vn -0.96606929 -0.25828304 0.00000492
vn -0.98256222 -0.18593409 -0.00000615
vn -0.94400070 -0.32994343 -0.00000140
vn -0.66759743 -0.23306041 -0.70710432
vn -0.95567963 -0.29440863 -0.00000036
vn -0.94412205 -0.32959604 0.00000697
vn -0.96592628 -0.25881736 -0.00000770
vn -0.91674875 -0.39946430 -0.00000138
vn -0.64836501 -0.28218269 -0.70710377
vn -0.93103620 -0.36492683 -0.00000063
vn -0.91692268 -0.39906489 0.00000852
vn -0.94387923 -0.33029078 -0.00000978
vn -0.90119901 -0.43340552 -0.00000031
vn -0.91657465 -0.39986362 -0.00001127
vn -0.88435774 -0.46680979 -0.00000093
vn -0.62550746 -0.32976620 -0.70710301
vn -0.88459642 -0.46635734 0.00001066
vn -0.86633059 -0.49947102 0.00000024
vn -0.88411884 -0.46726211 -0.00001253
vn -0.84704790 -0.53151656 -0.00000068
vn -0.59918461 -0.37547878 -0.70710218
vn -0.84736948 -0.53100373 0.00001301
vn -0.82661859 -0.56276256 0.00000019
vn -0.84672601 -0.53202920 -0.00001437
vn -0.80499530 -0.59328119 -0.00000050
vn -0.56950532 -0.41913133 -0.70710156
vn -0.80539620 -0.59273684 0.00001475
vn -0.78231225 -0.62288646 0.00000057
vn -0.80459403 -0.59382527 -0.00001575
vn -0.75847033 -0.65170757 -0.00000076
vn -0.53668541 -0.46040984 -0.70710081
vn -0.75898137 -0.65111234 0.00001690
vn -0.73362113 -0.67955870 -0.00000030
vn -0.75795882 -0.65230241 -0.00001843
vn -0.70771356 -0.70649948 -0.00000095
vn -0.50085096 -0.49915653 -0.70710048
vn -0.70830390 -0.70590763 0.00001783
vn -0.68059696 -0.73265802 0.00000035
vn -0.70712272 -0.70709084 -0.00001972
vn -0.65341946 -0.75699604 0.00001021
vn -0.65270926 -0.75760848 -0.00004700
vn -0.65314743 -0.75723077 0.00002043
vn -0.46222962 -0.53511099 -0.70710678
vn -0.65369140 -0.75676122 -0.00000000
vn -0.65227088 -0.75798594 -0.00011444
vn -0.59460555 -0.80401756 0.00000003
vn -0.59537006 -0.80345160 0.00011094
vn -0.56411424 -0.82569675 0.00000028
vn -0.59384050 -0.80458278 -0.00011089
vn -0.53282960 -0.84622256 -0.00000002
vn -0.53363801 -0.84571299 0.00011145
vn -0.50079586 -0.86556543 -0.00000195
vn -0.53202070 -0.84673134 -0.00011149
vn -0.46808968 -0.88368097 -0.00000010
vn -0.46890510 -0.88324855 0.00010760
vn -0.43471014 -0.90057043 0.00000037
vn -0.46727386 -0.88411262 -0.00010781
vn -0.40073506 -0.91619398 0.00000243
vn -0.40156771 -0.91582933 0.00010854
vn -0.36618901 -0.93054049 0.00000288
vn -0.39990209 -0.91655786 -0.00010367
vn -0.33112539 -0.94358676 0.00000264
vn -0.33198813 -0.94328356 0.00010943
vn -0.29559597 -0.95531305 0.00000078
vn -0.33026237 -0.94388916 -0.00010415
vn -0.25967267 -0.96569669 0.00000129
vn -0.26053574 -0.96546420 0.00010572
vn -0.22337906 -0.97473165 0.00000030
vn -0.25880939 -0.96592841 -0.00010313
vn -0.18678971 -0.98239992 0.00000126
vn -0.18765101 -0.98223576 0.00010373
vn -0.14990448 -0.98870048 0.00000086
vn -0.18592827 -0.98256332 -0.00010120
vn -0.11282584 -0.99361478 0.00000237
vn -0.11368052 -0.99351735 0.00010293
vn -0.07558917 -0.99713905 0.00000217
vn -0.11197108 -0.99371146 -0.00009819
vn -0.03823588 -0.99926874 0.00000067
vn -0.03910632 -0.99923505 0.00010254
vn -0.00082044 -0.99999966 -0.00000222
vn -0.03736541 -0.99930166 -0.00010120
vn 0.03654554 -0.99933199 0.00000078
vn 0.03572563 -0.99936163 0.00009676
vn 0.07388317 -0.99726690 0.00000214
vn 0.03736541 -0.99930166 -0.00009521
vn 0.11113663 -0.99380514 0.00000122
vn 0.11030210 -0.99389810 0.00009949
vn 0.14825215 -0.98894959 -0.00000137
vn 0.11197108 -0.99371146 -0.00009705
vn 0.18513155 -0.98271375 -0.00000060
vn 0.18433472 -0.98286352 0.00009433
vn 0.22174548 -0.97510458 -0.00000136
vn 0.18592827 -0.98256332 -0.00009553
vn 0.25803772 -0.96613484 -0.00000074
vn 0.25726589 -0.96634065 0.00009281
vn 0.29400744 -0.95580313 -0.00000133
vn 0.25880939 -0.96592841 -0.00009430
vn 0.32953684 -0.94414272 0.00000160
vn 0.32881110 -0.94439571 0.00009164
vn 0.36460417 -0.93116261 0.00000302
vn 0.33026237 -0.94388917 -0.00008845
vn 0.39917962 -0.91687274 0.00000211
vn 0.39845690 -0.91718705 0.00009448
vn 0.43322031 -0.90128806 -0.00000060
vn 0.39990209 -0.91655786 -0.00009025
vn 0.46661536 -0.88446035 0.00000175
vn 0.46595659 -0.88480758 0.00008906
vn 0.49934671 -0.86640225 0.00000277
vn 0.46727386 -0.88411262 -0.00008556
vn 0.53138514 -0.84713035 0.00000307
vn 0.53074927 -0.84752888 0.00009109
vn 0.56271490 -0.82665104 0.00000166
vn 0.53202070 -0.84673134 -0.00008495
vn 0.59324644 -0.80502091 0.00000166
vn 0.59265205 -0.80545859 0.00008827
vn 0.62292724 -0.78227978 0.00000011
vn 0.59384050 -0.80458278 -0.00008495
vn 0.65172416 -0.75845608 0.00000053
vn 0.65117709 -0.75892581 0.00008517
vn 0.67965246 -0.73353428 -0.00000048
vn 0.65227088 -0.75798594 -0.00008411
vn 0.70662060 -0.70759263 -0.00000022
vn 0.70611811 -0.70809407 0.00008314
vn 0.73258971 -0.68067050 -0.00000167
vn 0.70712272 -0.70709084 -0.00008357
vn 0.75751468 -0.65281813 0.00000029
vn 0.75707018 -0.65333356 0.00008024
vn 0.75795882 -0.65230240 -0.00007966
vn 0.80419376 -0.59436722 0.00000185
vn 0.80379313 -0.59490890 0.00008102
vn 0.82585646 -0.56388041 0.00000159
vn 0.80459402 -0.59382527 -0.00007732
vn 0.84636569 -0.53260222 0.00000093
vn 0.84600498 -0.53317499 0.00008050
vn 0.86571264 -0.50054133 -0.00000123
vn 0.84672600 -0.53202920 -0.00007863
vn 0.88382402 -0.46781952 0.00000203
vn 0.88352885 -0.46837674 0.00007618
vn 0.90068157 -0.43447981 0.00000370
vn 0.88411883 -0.46726211 -0.00007212
vn 0.91630218 -0.40048760 -0.00000059
vn 0.91602928 -0.40111139 0.00007950
vn 0.93065333 -0.36590215 -0.00000650
vn 0.91657464 -0.39986362 -0.00008068
vn 0.94367687 -0.33086852 -0.00000435
vn 0.94347414 -0.33144613 0.00006769
vn 0.95539079 -0.29534461 -0.00000372
vn 0.94387923 -0.33029078 -0.00007639
vn 0.96576781 -0.25940804 -0.00000305
vn 0.96560899 -0.25999862 0.00006894
vn 0.97479563 -0.22309971 -0.00000394
vn 0.96592628 -0.25881736 -0.00007504
vn 0.98245363 -0.18650702 -0.00000151
vn 0.98234470 -0.18707989 0.00006716
vn 0.98874089 -0.14963773 -0.00000059
vn 0.98256222 -0.18593409 -0.00007018
vn 0.99364572 -0.11255304 -0.00000042
vn 0.99357922 -0.11313851 0.00006900
vn 0.99716210 -0.07528448 -0.00000177
vn 0.99371186 -0.11196753 -0.00006983
vn 0.99928031 -0.03793232 -0.00000056
vn 0.99925863 -0.03849922 0.00006629
vn 0.99999985 -0.00054915 -0.00000099
vn 0.99930167 -0.03736541 -0.00006742
vn 0.99932204 0.03681664 0.00000070
vn 0.99934210 0.03626786 0.00006544
vn 0.99724423 0.07418853 0.00000084
vn 0.99930167 0.03736541 -0.00006404
vn 0.99377126 0.11143915 0.00000302
vn 0.99383037 0.11091074 0.00006572
vn 0.98891137 0.14850692 0.00000368
vn 0.99371186 0.11196753 -0.00005969
vn 0.98266514 0.18538938 0.00000165
vn 0.98276776 0.18484460 0.00006705
vn 0.97503878 0.22203463 -0.00000199
vn 0.98256222 0.18593409 -0.00006375
vn 0.96605798 0.25832533 -0.00000035
vn 0.96618943 0.25783324 0.00005976
vn 0.95571896 0.29428094 -0.00000023
vn 0.96592628 0.25881736 -0.00006046
vn 0.94404478 0.32981730 0.00000079
vn 0.94421009 0.32934374 0.00006001
vn 0.93105863 0.36486960 0.00000018
vn 0.94387923 0.33029078 -0.00005843
vn 0.91677330 0.39940795 0.00000009
vn 0.91697173 0.39895218 0.00005880
vn 0.90117687 0.43345154 -0.00000152
vn 0.91657465 0.39986362 -0.00005862
vn 0.88433390 0.46685496 0.00000119
vn 0.88454878 0.46644770 0.00005559
vn 0.86626466 0.49958536 0.00000218
vn 0.88411884 0.46726211 -0.00005322
vn 0.84697774 0.53162836 0.00000163
vn 0.84722928 0.53122739 0.00005757
vn 0.82649202 0.56294844 -0.00000026
vn 0.84672600 0.53202920 -0.00005432
vn 0.80486186 0.59346220 0.00000046
vn 0.80512953 0.59309902 0.00005380
vn 0.78210368 0.62314832 -0.00000043
vn 0.80459403 0.59382527 -0.00005288
vn 0.75825211 0.65196145 -0.00000117
vn 0.75854525 0.65162036 0.00005203
vn 0.73332098 0.67988259 -0.00000346
vn 0.75795882 0.65230241 -0.00005436
vn 0.70740151 0.70681193 0.00000078
vn 0.70768019 0.70653291 0.00004744
vn 0.68047936 0.73276725 0.00000314
vn 0.70712272 0.70709084 -0.00004589
vn 0.65258766 0.75771324 0.00000269
vn 0.65290431 0.75744040 0.00005217
vn 0.62380614 0.78157911 0.00000087
vn 0.65227088 0.75798595 -0.00004679
vn 0.59416467 0.80434343 0.00000081
vn 0.59448873 0.80410394 0.00004853
vn 0.56363990 0.82602062 -0.00000074
vn 0.59384050 0.80458278 -0.00004690
vn 0.53234349 0.84652845 0.00000025
vn 0.53266619 0.84632543 0.00004541
vn 0.50031464 0.86584367 -0.00000057
vn 0.53202071 0.84673134 -0.00004491
vn 0.46759839 0.88394103 0.00000028
vn 0.46792286 0.88376931 0.00004378
vn 0.43420882 0.90081224 -0.00000025
vn 0.46727386 0.88411263 -0.00004322
vn 0.40022505 0.91641688 0.00000095
vn 0.40054797 0.91627579 0.00004272
vn 0.36565432 0.93075073 0.00000050
vn 0.39990209 0.91655786 -0.00004082
vn 0.33058321 0.94377685 0.00000152
vn 0.33090401 0.94366442 0.00004183
vn 0.29506447 0.95547735 0.00000087
vn 0.33026238 0.94388917 -0.00003879
vn 0.25913540 0.96584100 0.00000048
vn 0.25946139 0.96575348 0.00004052
vn 0.22282175 0.97485920 -0.00000127
vn 0.25880939 0.96592841 -0.00003956
vn 0.18622803 0.98250655 0.00000081
vn 0.18652777 0.98244969 0.00003702
vn 0.14935299 0.98878394 0.00000125
vn 0.18592827 0.98256332 -0.00003539
vn 0.11227162 0.99367756 0.00000199
vn 0.11257214 0.99364355 0.00003789
vn 0.07501511 0.99718240 0.00000131
vn 0.11197108 0.99371147 -0.00003391
vn 0.03766060 0.99929059 0.00000144
vn 0.03795579 0.99927942 0.00003652
vn 0.00026193 0.99999997 -0.00000024
vn 0.03736541 0.99930167 -0.00003364
vn -0.03710367 0.99931142 0.00000205
vn -0.03684192 0.99932111 0.00003317
vn -0.07444298 0.99722527 0.00000275
vn -0.03736541 0.99930167 -0.00002906
vn -0.11169449 0.99374259 0.00000147
vn -0.11141789 0.99377364 0.00003455
vn -0.14881750 0.98886468 -0.00000150
vn -0.11197108 0.99371147 -0.00003160
vn -0.18569333 0.98260775 0.00000019
vn -0.18545838 0.98265212 0.00002862
vn -0.22228795 0.97498106 0.00000053
vn -0.18592827 0.98256332 -0.00002823
vn -0.25857520 0.96599113 0.00000046
vn -0.25834099 0.96605379 0.00002929
vn -0.29453213 0.95564158 -0.00000106
vn -0.25880939 0.96592841 -0.00002837
vn -0.33005512 0.94396166 0.00000013
vn -0.32984785 0.94403411 0.00002625
vn -0.36514782 0.93094955 -0.00000037
vn -0.33026238 0.94388917 -0.00002599
vn -0.39971492 0.91663950 0.00000094
vn -0.39952774 0.91672111 0.00002524
vn -0.43372126 0.90104709 0.00000057
vn -0.39990209 0.91655786 -0.00002336
vn -0.46710695 0.88420082 0.00000202
vn -0.46694003 0.88428899 0.00002450
vn -0.49984421 0.86611533 0.00000212
vn -0.46727386 0.88411263 -0.00002045
vn -0.53187157 0.84682503 0.00000371
vn -0.53172242 0.84691869 0.00002469
vn -0.56317865 0.82633517 0.00000362
vn -0.53202071 0.84673134 -0.00001726
vn -0.59369804 0.80468791 0.00000340
vn -0.59355556 0.80479301 0.00002449
vn -0.62337738 0.78192113 0.00000151
vn -0.59384050 0.80458278 -0.00001769
vn -0.65216058 0.75808085 0.00000337
vn -0.65205026 0.75817574 0.00002072
vn -0.68004910 0.73316658 0.00000373
vn -0.65227088 0.75798595 -0.00001397
vn -0.70700320 0.70721035 0.00000128
vn -0.70688365 0.70732984 0.00002143
vn -0.73298250 0.68024749 -0.00000288
vn -0.70712272 0.70709084 -0.00001887
vn -0.75789139 0.65238075 0.00000080
vn -0.75782396 0.65245908 0.00001312
vn -0.75795882 0.65230241 -0.00001153
vn -0.80453076 0.59391099 0.00000468
vn -0.80446747 0.59399670 0.00001740
vn -0.82617539 0.56341301 0.00000484
vn -0.80459403 0.59382527 -0.00000803
vn -0.84660783 0.53221723 0.00001770
vn -0.86598371 0.50007221 0.00000242
vn -0.84672601 0.53202920 -0.00000881
vn -0.88407736 0.46734059 0.00000305
vn -0.88403587 0.46741907 0.00001364
vn -0.90093593 0.43395213 0.00000212
vn -0.88411884 0.46726211 -0.00000755
vn -0.91653662 0.39995077 0.00000044
vn -0.91649859 0.40003791 0.00001180
vn -0.93085241 0.36539539 -0.00000286
vn -0.91657465 0.39986362 -0.00001091
vn -0.94385687 0.33035467 -0.00000288
vn -0.94383451 0.33041856 0.00000521
vn -0.95556524 0.29477969 -0.00000461
vn -0.94387923 0.33029078 -0.00001097
vn -0.96592102 0.25883699 -0.00000067
vn -0.96591576 0.25885663 0.00000176
vn -0.97491888 0.22256052 0.00000174
vn -0.96592628 0.25881736 -0.00000310
vn -0.98255663 0.18596361 0.00000298
vn -0.98255105 0.18599312 0.00000657
vn -0.98882710 0.14906701 0.00000258
vn -0.98256222 0.18593409 -0.00000061
vn -0.99371052 0.11197950 0.00000432
vn -0.99370917 0.11199147 0.00000576
vn -0.99720276 0.07474399 0.00000447
vn -0.99371187 0.11196753 0.00000288
vn -0.99930072 0.03739070 0.00000303
vn -0.99929978 0.03741598 0.00000605
vn -0.67620059 -0.62216639 -0.39453993
vn 0.00000000 -1.00000000 0.00000000
vn 0.00000000 -1.00000000 0.00000000
vn -0.32199786 -0.63504508 -0.70216460
vn 0.73147168 -0.65190664 -0.19991728
vn 0.00000000 -1.00000000 -0.00000000
vn 0.00000000 -0.70710678 -0.70710678
vn 0.00000000 -1.00000000 0.00000000
vn -0.00000000 -1.00000000 0.00000000
vn -0.05439202 -0.68685694 0.72475448
vn -0.00000000 -1.00000000 0.00000000
vn 0.70710678 0.00000000 -0.70710678
vn 1.00000000 0.00000000 0.00000000
vn -0.70710678 -0.70710678 0.00000000
vn -0.70710678 0.70710678 0.00000000
vn -1.00000000 0.00000000 0.00000000
vn 0.00000000 1.00000000 0.00000000
vn 0.00000000 1.00000000 0.00000000
vn 0.00000000 0.70710678 -0.70710678
vn 0.00000000 0.70710678 -0.70710678
vn 0.00000000 1.00000000 -0.00000000
vn 0.00000000 1.00000000 0.00000000
vn -0.00000000 0.70710678 0.70710678
vn -0.00000000 1.00000000 0.00000000
vn 0.70275911 -0.08283656 0.70658881
vn 0.99995557 -0.00898241 -0.00285849
vn -1.00000000 0.00000000 0.00000000
vn -0.85025004 -0.04588285 -0.52437547
vn -1.00000000 0.00000000 0.00000000
vn -0.99930167 -0.03736541 0.00000000
vn -0.70661299 -0.02642134 -0.70710678
vn -0.69377035 -0.72019630 0.00000000
vn -0.99930167 -0.03736541 0.00000000
vn -0.99720465 -0.07471877 0.00000000
vn -1.00000000 -0.00000000 -0.00000000
vn -0.99930167 -0.03736541 -0.00000000
vn -0.99371187 -0.11196753 0.00000000
vn -0.99371187 -0.11196753 0.00000000
vn -0.98882889 -0.14905510 0.00000000
vn -0.70266040 -0.07917300 -0.70710678
vn -0.99371187 -0.11196753 -0.00000000
vn -0.98256222 -0.18593409 0.00000000
vn -0.98256222 -0.18593409 0.00000000
vn -0.97492556 -0.22253124 0.00000000
vn -0.69477641 -0.13147526 -0.70710678
vn -0.98256222 -0.18593409 0.00000000
vn -0.96592628 -0.25881736 0.00000000
vn -0.96592628 -0.25881736 -0.00000000
vn -0.95557567 -0.29474589 0.00000000
vn -0.68301302 -0.18301151 -0.70710678
vn -0.96592628 -0.25881736 0.00000000
vn -0.94388917 -0.33026238 -0.00000000
vn -0.94388917 -0.33026238 -0.00000000
vn -0.93087730 -0.36533197 0.00000000
vn -0.66743043 -0.23353077 -0.70710678
vn -0.94388917 -0.33026238 0.00000000
vn -0.91656296 -0.39989040 -0.00000000
vn -0.91656296 -0.39989040 -0.00000000
vn -0.90096473 -0.43389232 0.00000000
vn -0.64810789 -0.28276522 -0.70710678
vn -0.91656296 -0.39989040 -0.00000000
vn -0.88410567 -0.46728703 0.00000000
vn -0.88410567 -0.46728703 0.00000000
vn -0.86602780 -0.49999586 0.00000000
vn -0.62515711 -0.33042183 -0.70710678
vn -0.88410567 -0.46728703 0.00000000
vn -0.84674037 -0.53200634 -0.00000000
vn -0.84674037 -0.53200634 -0.00000000
vn -0.82624555 -0.56331011 0.00000000
vn -0.59873586 -0.37618529 -0.70710678
vn -0.84674037 -0.53200634 -0.00000000
vn -0.80459403 -0.59382527 0.00000000
vn -0.80459403 -0.59382527 0.00000000
vn -0.78182334 -0.62350001 0.00000000
vn -0.56893389 -0.41989788 -0.70710678
vn -0.80459403 -0.59382527 -0.00000000
vn -0.75795882 -0.65230241 -0.00000000
vn -0.75795882 -0.65230241 -0.00000000
vn -0.73304514 -0.68017999 0.00000000
vn -0.53595782 -0.46124746 -0.70710678
vn -0.75795882 -0.65230241 0.00000000
vn -0.70710678 -0.70710678 -0.00000000
vn -0.50000000 -0.50000000 -0.70710678
vn -0.70710678 -0.70710678 -0.00000000
vn -0.68017999 -0.73304514 0.00000000
vn -0.70710678 -0.70710678 -0.00000000
vn -0.65230241 -0.75795882 0.00000000
vn -0.65230241 -0.75795882 0.00000000
vn -0.62350001 -0.78182334 0.00000000
vn -0.46124746 -0.53595782 -0.70710678
vn -0.65230241 -0.75795882 -0.00000000
vn -0.59382527 -0.80459403 -0.00000000
vn -0.59382527 -0.80459403 -0.00000000
vn -0.56331011 -0.82624555 0.00000000
vn -0.41989788 -0.56893389 -0.70710678
vn -0.59382527 -0.80459403 -0.00000000
vn -0.53200634 -0.84674037 -0.00000000
vn -0.53200634 -0.84674037 0.00000000
vn -0.49999586 -0.86602780 0.00000000
vn -0.37618529 -0.59873586 -0.70710678
vn -0.53200634 -0.84674037 -0.00000000
vn -0.43389232 -0.90096473 0.00000000
vn -0.33042183 -0.62515711 -0.70710678
vn -0.46728703 -0.88410567 -0.00000000
vn -0.46728703 -0.88410567 -0.00000000
vn -0.46728703 -0.88410567 -0.00000000
vn -0.36533197 -0.93087730 0.00000000
vn -0.28276522 -0.64810789 -0.70710678
vn -0.39989040 -0.91656296 -0.00000000
vn -0.39989040 -0.91656296 -0.00000000
vn -0.39989040 -0.91656296 -0.00000000
vn -0.29474589 -0.95557567 0.00000000
vn -0.23353077 -0.66743043 -0.70710678
vn -0.33026238 -0.94388917 0.00000000
vn -0.33026238 -0.94388917 -0.00000000
vn -0.25881736 -0.96592628 0.00000000
vn -0.18301151 -0.68301302 -0.70710678
vn -0.25881736 -0.96592628 0.00000000
vn -0.33026238 -0.94388917 0.00000000
vn -0.22253124 -0.97492556 0.00000000
vn -0.25881736 -0.96592628 -0.00000000
vn -0.14905510 -0.98882889 0.00000000
vn -0.13147526 -0.69477641 -0.70710678
vn -0.18593409 -0.98256222 -0.00000000
vn -0.18593409 -0.98256222 -0.00000000
vn -0.18593409 -0.98256222 0.00000000
vn 0.00000000 -1.00000000 0.00000000
vn -0.02642134 -0.70661299 -0.70710678
vn -0.03736541 -0.99930167 -0.00000000
vn -0.03736541 -0.99930167 -0.00000000
vn -0.03736541 -0.99930167 0.00000000
vn -0.07471877 -0.99720465 0.00000000
vn -0.03736541 -0.99930167 0.00000000
vn -0.07917300 -0.70266040 -0.70710678
vn -0.11196753 -0.99371187 -0.00000000
vn -0.11196753 -0.99371187 -0.00000000
vn -0.11196753 -0.99371187 -0.00000000
vn -0.72019630 -0.69377035 0.00000000
vn -0.03736541 -0.99930167 0.00000000
vn -0.03736541 -0.99930167 0.00000000
vn 0.07471877 -0.99720465 -0.00000000
vn 0.02642134 -0.70661299 0.70710678
vn 0.03736541 -0.99930167 0.00000000
vn 0.02642134 -0.70661299 -0.70710678
vn 0.07917300 -0.70266040 -0.70710678
vn 0.11196753 -0.99371187 -0.00000000
vn 0.11196753 -0.99371187 0.00000000
vn 0.00000000 -1.00000000 0.00000000
vn -0.03736541 -0.99930167 0.00000000
vn 0.07471877 -0.99720465 -0.00000000
vn 0.03736541 -0.99930167 0.00000000
vn 0.22253124 -0.97492556 -0.00000000
vn 0.13147526 -0.69477641 -0.70710678
vn 0.18593409 -0.98256222 -0.00000000
vn 0.13147526 -0.69477641 0.70710678
vn 0.18593409 -0.98256222 0.00000000
vn 0.11196753 -0.99371187 -0.00000000
vn 0.29474589 -0.95557567 0.00000000
vn 0.18301151 -0.68301302 -0.70710678
vn 0.25881736 -0.96592628 -0.00000000
vn 0.25881736 -0.96592628 -0.00000000
vn 0.18301151 -0.68301302 0.70710678
vn 0.18593409 -0.98256222 0.00000000
vn 0.18593409 -0.98256222 0.00000000
vn 0.22253124 -0.97492556 0.00000000
vn 0.29474589 -0.95557567 -0.00000000
vn 0.36533197 -0.93087730 0.00000000
vn 0.23353077 -0.66743043 -0.70710678
vn 0.33026238 -0.94388917 -0.00000000
vn 0.25517980 -0.65020612 0.71562229
vn 0.43389232 -0.90096473 -0.00000000
vn 0.28276522 -0.64810789 -0.70710678
vn 0.39989040 -0.91656296 -0.00000000
vn 0.28276522 -0.64810789 0.70710678
vn 0.33042183 -0.62515711 -0.70710678
vn 0.46728703 -0.88410567 -0.00000000
vn 0.33026238 -0.94388917 0.00000000
vn 0.33042183 -0.62515711 0.70710678
vn 0.46728703 -0.88410567 -0.00000000
vn 0.39989040 -0.91656296 -0.00000000
vn 0.43389232 -0.90096473 -0.00000000
vn 0.56331011 -0.82624555 0.00000000
vn 0.37618529 -0.59873586 -0.70710678
vn 0.53200634 -0.84674037 0.00000000
vn 0.53200634 -0.84674037 0.00000000
vn 0.62350001 -0.78182334 -0.00000000
vn 0.41989788 -0.56893389 -0.70710678
vn 0.59382527 -0.80459403 -0.00000000
vn 0.41989788 -0.56893389 0.70710678
vn 0.59382527 -0.80459403 0.00000000
vn 0.46124746 -0.53595782 -0.70710678
vn 0.65230241 -0.75795882 -0.00000000
vn 0.56331011 -0.82624555 0.00000000
vn 0.53200634 -0.84674037 0.00000000
vn 0.53200634 -0.84674037 -0.00000000
vn 0.62350001 -0.78182334 0.00000000
vn 0.59382527 -0.80459403 -0.00000000
vn 0.73304514 -0.68017999 -0.00000000
vn 0.50000000 -0.50000000 -0.70710678
vn 0.70710678 -0.70710678 -0.00000000
vn 0.50000000 -0.50000000 0.70710678
vn 0.70710678 -0.70710678 0.00000000
vn 0.68017999 -0.73304514 0.00000000
vn 0.65230241 -0.75795882 0.00000000
vn 0.78182334 -0.62350001 0.00000000
vn 0.53595782 -0.46124746 -0.70710678
vn 0.75795882 -0.65230241 -0.00000000
vn 0.53595782 -0.46124746 0.70710678
vn 0.75795882 -0.65230241 -0.00000000
vn 0.70710678 -0.70710678 0.00000000
vn 0.82624555 -0.56331011 0.00000000
vn 0.56893389 -0.41989788 -0.70710678
vn 0.80459403 -0.59382527 0.00000000
vn 0.80459403 -0.59382527 -0.00000000
vn 0.56893389 -0.41989788 0.70710678
vn 0.78182334 -0.62350001 0.00000000
vn 0.75795882 -0.65230241 0.00000000
vn 0.75795882 -0.65230241 0.00000000
vn 0.80459403 -0.59382527 0.00000000
vn 0.84674037 -0.53200634 -0.00000000
vn 0.59873586 -0.37618529 0.70710678
vn 0.84674037 -0.53200634 -0.00000000
vn 0.86602780 -0.49999586 0.00000000
vn 0.59873586 -0.37618529 -0.70710678
vn 0.84674037 -0.53200634 -0.00000000
vn 0.82624555 -0.56331011 0.00000000
vn 0.88410567 -0.46728703 0.00000000
vn 0.62515711 -0.33042183 0.70710678
vn 0.88410567 -0.46728703 -0.00000000
vn 0.90096473 -0.43389232 -0.00000000
vn 0.62515711 -0.33042183 -0.70710678
vn 0.91656296 -0.39989040 0.00000000
vn 0.64810789 -0.28276522 0.70710678
vn 0.91656296 -0.39989040 0.00000000
vn 0.94388917 -0.33026238 0.00000000
vn 0.93087730 -0.36533197 0.00000000
vn 0.88410567 -0.46728703 -0.00000000
vn 0.88410567 -0.46728703 -0.00000000
vn 0.95557567 -0.29474589 0.00000000
vn 0.66743043 -0.23353077 0.70710678
vn 0.94388917 -0.33026238 0.00000000
vn 0.93087730 -0.36533197 -0.00000000
vn 0.96592628 -0.25881736 -0.00000000
vn 0.68301302 -0.18301151 0.70710678
vn 0.96592628 -0.25881736 0.00000000
vn 0.98256222 -0.18593409 -0.00000000
vn 0.97492556 -0.22253124 -0.00000000
vn 0.94388917 -0.33026238 0.00000000
vn 0.95557567 -0.29474589 -0.00000000
vn 0.98882889 -0.14905510 -0.00000000
vn 0.69477641 -0.13147526 0.70710678
vn 0.96592628 -0.25881736 -0.00000000
vn 0.97492556 -0.22253124 0.00000000
vn 0.98256222 -0.18593409 -0.00000000
vn 0.99720465 -0.07471877 0.00000000
vn 0.70266040 -0.07917300 -0.70710678
vn 0.99371187 -0.11196753 0.00000000
vn 0.70266040 -0.07917300 0.70710678
vn 0.98882889 -0.14905510 -0.00000000
vn 0.69377035 -0.72019630 -0.00000000
vn 0.70661299 -0.02642134 -0.70710678
vn 0.99930167 -0.03736541 -0.00000000
vn 0.70661299 -0.02642134 0.70710678
vn 0.99930167 -0.03736541 0.00000000
vn 0.99371187 -0.11196753 -0.00000000
vn 0.99930167 -0.03736541 0.00000000
vn 0.99930167 -0.03736541 0.00000000
vn 0.99720465 0.07471877 0.00000000
vn 0.99930167 0.03736541 0.00000000
vn 0.99930167 0.03736541 -0.00000000
vn 0.99930167 0.03736541 0.00000000
vn 0.99371187 0.11196753 0.00000000
vn 0.99371187 0.11196753 0.00000000
vn 0.98882889 0.14905510 -0.00000000
vn 0.97492556 0.22253124 0.00000000
vn 0.69477641 0.13147526 0.70710678
vn 0.96592628 0.25881736 -0.00000000
vn 0.95557567 0.29474589 -0.00000000
vn 0.93087730 0.36533197 -0.00000000
vn 0.94388917 0.33026238 -0.00000000
vn 0.91656296 0.39989040 -0.00000000
vn 0.90096473 0.43389232 -0.00000000
vn 0.88410567 0.46728703 -0.00000000
vn 0.84674037 0.53200634 0.00000000
vn 0.84674037 0.53200634 0.00000000
vn 0.82624555 0.56331011 0.00000000
vn 0.84674037 0.53200634 0.00000000
vn 0.80459403 0.59382527 -0.00000000
vn 0.80459403 0.59382527 0.00000000
vn 0.78182334 0.62350001 -0.00000000
vn 0.73304514 0.68017999 0.00000000
vn 0.70710678 0.70710678 -0.00000000
vn 0.68017999 0.73304514 0.00000000
vn 0.65230241 0.75795882 0.00000000
vn 0.62350001 0.78182334 0.00000000
vn 0.59382527 0.80459403 -0.00000000
vn 0.56331011 0.82624555 -0.00000000
vn 0.46728703 0.88410567 -0.00000000
vn 0.43389232 0.90096473 -0.00000000
vn 0.46728703 0.88410567 -0.00000000
vn 0.39989040 0.91656296 -0.00000000
vn 0.36533197 0.93087730 -0.00000000
vn 0.29474589 0.95557567 0.00000000
vn 0.25881736 0.96592628 -0.00000000
vn 0.22253124 0.97492556 0.00000000
vn 0.25881736 0.96592628 0.00000000
vn 0.18593409 0.98256222 0.00000000
vn 0.18593409 0.98256222 -0.00000000
vn 0.11196753 0.99371187 -0.00000000
vn 0.11196753 0.99371187 -0.00000000
vn 0.11196753 0.99371187 -0.00000000
vn 0.03736541 0.99930167 0.00000000
vn 0.03736541 0.99930167 -0.00000000
vn -0.03736541 0.99930167 -0.00000000
vn -0.03736541 0.99930167 0.00000000
vn -0.03736541 0.99930167 -0.00000000
vn -0.07917300 0.70266040 0.70710678
vn -0.14905510 0.98882889 -0.00000000
vn -0.10411305 0.69068413 -0.71562274
vn -0.18593409 0.98256222 -0.00000000
vn -0.29474589 0.95557567 0.00000000
vn -0.25881736 0.96592628 -0.00000000
vn -0.33026238 0.94388917 -0.00000000
vn -0.39989040 0.91656296 0.00000000
vn -0.39989040 0.91656296 0.00000000
vn -0.43389232 0.90096473 0.00000000
vn -0.46728703 0.88410567 0.00000000
vn -0.49999586 0.86602780 0.00000000
vn -0.59382527 0.80459403 -0.00000000
vn -0.59382527 0.80459403 -0.00000000
vn -0.62350001 0.78182334 -0.00000000
vn -0.68017999 0.73304514 -0.00000000
vn -0.65230241 0.75795882 -0.00000000
vn -0.73304514 0.68017999 0.00000000
vn -0.70710678 0.70710678 0.00000000
vn -0.53595782 0.46124746 0.70710678
vn -0.78182334 0.62350001 0.00000000
vn -0.80459403 0.59382527 -0.00000000
vn -0.84674037 0.53200634 -0.00000000
vn -0.84674037 0.53200634 -0.00000000
vn -0.88412116 0.46725764 0.00026896
vn -0.88714004 0.46149993 0.00060608
vn -0.88659426 0.46250379 0.00639313
vn -0.91105143 0.41228927 -0.00168817
vn -0.65323610 0.25096829 -0.71435112
vn -0.94014859 0.34076282 0.00115102
vn -0.68301302 0.18301151 -0.70710678
vn -0.98256222 0.18593409 -0.00000000
vn -0.98256222 0.18593409 -0.00000000
vn -0.99371187 0.11196753 0.00000000
vn -0.98882889 0.14905510 -0.00000000
vn -0.99720465 0.07471877 -0.00000000
vn -1.00000000 0.00000000 0.00000000
vn -0.70710678 0.00000000 0.70710678
vn -1.00000000 0.00000000 0.00000000
vn 0.00000000 -0.70710678 -0.70710678
vn 0.70710678 0.00000000 -0.70710678
vn 0.70710678 -0.70710678 0.00000000
vn 0.00000000 -1.00000000 0.00000000
vn 0.00000000 -0.70710678 -0.70710678
vn 0.00000000 -1.00000000 0.00000000
vn -0.70710678 -0.70710678 0.00000000
vn 0.00000000 -0.70710678 -0.70710678
vn -0.70710678 -0.70710678 0.00000000
vn 0.00000000 -1.00000000 0.00000000
vn 0.00000000 -1.00000000 0.00000000
vn 0.00000000 -0.70710678 0.70710678
vn 0.70710678 -0.00000000 -0.70710678
vn 1.00000000 0.00000000 -0.00000000
vn 1.00000000 0.00000000 0.00000000
vn 1.00000000 0.00000000 -0.00000000
vn -1.00000000 -0.00000000 0.00000000
vn -0.70710678 0.70710678 0.00000000
vn 0.00000000 0.70710678 -0.70710678
vn 0.00000000 1.00000000 0.00000000
vn -0.69378710 0.72018016 0.00000000
vn 0.70710678 0.70710678 0.00000000
vn -0.00000000 0.70710678 -0.70710678
vn -0.70710678 0.70710678 -0.00000000
vn 0.00000000 1.00000000 0.00000000
vn 0.00000000 1.00000000 0.00000000
vn 0.00000000 1.00000000 0.00000000
vn 0.00000000 1.00000000 0.00000000
vn -0.00000000 1.00000000 -0.00000000
vn 1.00000000 -0.00000000 0.00000000
vn -0.90931056 0.41611813 0.00000000
vn -0.70710678 0.00000000 -0.70710678
vn -0.70710678 -0.70710678 0.00000000
vn -0.99720267 -0.07474518 0.00000419
vn -0.99929982 -0.03741478 0.00000591
vn -0.99371032 -0.11198128 0.00000368
vn -0.99371147 -0.11197108 0.00000246
vn -0.98882754 -0.14906408 0.00000144
vn -0.99370917 -0.11199147 0.00000491
vn -0.98255608 -0.18596652 0.00000262
vn -0.98256332 -0.18592827 -0.00000203
vn -0.97491847 -0.22256228 0.00000258
vn -0.98254884 -0.18600477 0.00000728
vn -0.95556646 -0.29477575 -0.00000349
vn -0.96592315 -0.25882902 0.00000031
vn -0.96591789 -0.25884866 0.00000274
vn -0.96592841 -0.25880939 -0.00000212
vn -0.93085008 -0.36540132 -0.00000146
vn -0.94385687 -0.33035467 -0.00000162
vn -0.94383451 -0.33041856 0.00000647
vn -0.94387923 -0.33029078 -0.00000971
vn -0.90093640 -0.43395116 0.00000378
vn -0.91653152 -0.39996245 0.00000196
vn -0.91649349 -0.40004960 0.00001332
vn -0.91656955 -0.39987531 -0.00000939
vn -0.88408780 -0.46732084 0.00000394
vn -0.88412580 -0.46724894 -0.00000576
vn -0.88404979 -0.46739273 0.00001365
vn -0.84665790 -0.53213758 0.00000444
vn -0.84671698 -0.53204356 -0.00000881
vn -0.82616528 -0.56342784 0.00000483
vn -0.84659880 -0.53223159 0.00001769
vn -0.80458278 -0.59384050 -0.00000803
vn -0.78176988 -0.62356704 0.00000056
vn -0.80446747 -0.59399670 0.00001513
vn -0.75790496 -0.65236499 0.00000081
vn -0.75798595 -0.65227088 -0.00001400
vn -0.73297484 -0.68025575 -0.00000029
vn -0.75782396 -0.65245908 0.00001561
vn -0.70699523 -0.70721832 0.00000262
vn -0.70710678 -0.70710678 -0.00001618
vn -0.68004910 -0.73316658 0.00000373
vn -0.70688365 -0.70732984 0.00002143
vn -0.65216058 -0.75808085 0.00000337
vn -0.65227088 -0.75798595 -0.00001397
vn -0.62337738 -0.78192113 0.00000151
vn -0.65205026 -0.75817574 0.00002072
vn -0.59369804 -0.80468791 0.00000340
vn -0.59384050 -0.80458278 -0.00001769
vn -0.56318980 -0.82632757 0.00000363
vn -0.59355556 -0.80479301 0.00002449
vn -0.53188300 -0.84681785 0.00000533
vn -0.53204356 -0.84671698 -0.00001725
vn -0.49983201 -0.86612237 0.00000541
vn -0.53172242 -0.84691869 0.00002792
vn -0.46708203 -0.88421399 0.00000538
vn -0.46724894 -0.88412580 -0.00001710
vn -0.43369540 -0.90105954 0.00000399
vn -0.46691510 -0.88430215 0.00002785
vn -0.36516182 -0.93094406 -0.00000036
vn -0.39970153 -0.91664534 0.00000268
vn -0.39952774 -0.91672111 0.00002524
vn -0.39987531 -0.91656955 -0.00001988
vn -0.29453213 -0.95564158 0.00000259
vn -0.33006932 -0.94395669 0.00000194
vn -0.32984785 -0.94403411 0.00002985
vn -0.33029078 -0.94387923 -0.00002597
vn -0.22231797 -0.97497421 -0.00000317
vn -0.25860494 -0.96598317 0.00000049
vn -0.25840047 -0.96603788 0.00002566
vn -0.25880939 -0.96592841 -0.00002469
vn -0.14880201 -0.98886701 -0.00000151
vn -0.18567794 -0.98261066 -0.00000170
vn -0.18542760 -0.98265793 0.00002859
vn -0.18592827 -0.98256332 -0.00003198
vn -0.07444298 -0.99722527 0.00000275
vn -0.11169449 -0.99374259 0.00000147
vn -0.11141789 -0.99377364 0.00003455
vn -0.11197108 -0.99371147 -0.00003160
vn 0.00026193 -0.99999997 -0.00000024
vn -0.03710367 -0.99931142 0.00000205
vn -0.03684192 -0.99932111 0.00003317
vn -0.03736541 -0.99930167 -0.00002906
vn 0.03764469 -0.99929119 -0.00000045
vn 0.03792397 -0.99928063 0.00003274
vn 0.03736541 -0.99930167 -0.00003364
vn 0.14935299 -0.98878394 -0.00000252
vn 0.11227162 -0.99367756 -0.00000180
vn 0.11257214 -0.99364355 0.00003410
vn 0.11197108 -0.99371146 -0.00003770
vn 0.22283701 -0.97485571 -0.00000129
vn 0.18624341 -0.98250364 -0.00000108
vn 0.18655853 -0.98244385 0.00003698
vn 0.18592827 -0.98256332 -0.00003914
vn 0.29506414 -0.95547745 -0.00000278
vn 0.25912054 -0.96584499 -0.00000135
vn 0.25943167 -0.96576147 0.00003687
vn 0.25880939 -0.96592841 -0.00003956
vn 0.36565471 -0.93075057 -0.00000305
vn 0.33061160 -0.94376690 -0.00000211
vn 0.33093239 -0.94365447 0.00003820
vn 0.33029078 -0.94387923 -0.00004242
vn 0.43419613 -0.90081836 -0.00000024
vn 0.40021166 -0.91642273 -0.00000078
vn 0.40054797 -0.91627579 0.00004272
vn 0.39987531 -0.91656955 -0.00004429
vn 0.50032633 -0.86583692 0.00000272
vn 0.46758594 -0.88394762 0.00000198
vn 0.46792286 -0.88376931 0.00004715
vn 0.46724894 -0.88412580 -0.00004319
vn 0.56363990 -0.82602062 -0.00000074
vn 0.53235491 -0.84652126 0.00000185
vn 0.53266619 -0.84632543 0.00004541
vn 0.53204356 -0.84671698 -0.00004171
vn 0.62379613 -0.78158710 -0.00000209
vn 0.59415436 -0.80435104 -0.00000070
vn 0.59446813 -0.80411917 0.00004549
vn 0.59384050 -0.80458278 -0.00004690
vn 0.68048879 -0.73275850 0.00000592
vn 0.65260595 -0.75769749 0.00000266
vn 0.65294088 -0.75740887 0.00005499
vn 0.65227088 -0.75798595 -0.00004968
vn 0.73333512 -0.67986734 0.00000169
vn 0.70739354 -0.70681990 0.00000483
vn 0.70768019 -0.70653291 0.00005283
vn 0.70710678 -0.70710678 -0.00004316
vn 0.75825890 -0.65195356 0.00000007
vn 0.75798595 -0.65227088 -0.00004944
vn 0.78209131 -0.62316384 -0.00000278
vn 0.75853172 -0.65163612 0.00004957
vn 0.80485063 -0.59347743 -0.00000178
vn 0.80458278 -0.59384050 -0.00005512
vn 0.82648192 -0.56296326 -0.00000238
vn 0.80511831 -0.59311424 0.00005157
vn 0.84671698 -0.53204356 -0.00005632
vn 0.86627261 -0.49957157 0.00000406
vn 0.84723828 -0.53121305 0.00005957
vn 0.88434085 -0.46684180 0.00000294
vn 0.88412580 -0.46724894 -0.00005146
vn 0.90117733 -0.43345059 0.00000014
vn 0.88455571 -0.46643455 0.00005735
vn 0.91676568 -0.39942545 0.00000088
vn 0.91656955 -0.39987531 -0.00005708
vn 0.93105399 -0.36488144 0.00000021
vn 0.91696158 -0.39897550 0.00005884
vn 0.95572172 -0.29427198 0.00000088
vn 0.94404651 -0.32981235 0.00000141
vn 0.94421355 -0.32933383 0.00006125
vn 0.94387923 -0.33029078 -0.00005843
vn 0.97503944 -0.22203174 -0.00000200
vn 0.96605905 -0.25832135 0.00000014
vn 0.96618943 -0.25783324 0.00005976
vn 0.96592841 -0.25880939 -0.00005949
vn 0.98891067 -0.14851160 0.00000256
vn 0.98266514 -0.18538936 0.00000095
vn 0.98276667 -0.18485039 0.00006565
vn 0.98256332 -0.18592827 -0.00006376
vn 0.99724436 -0.07418677 0.00000084
vn 0.99377126 -0.11143917 0.00000259
vn 0.99383076 -0.11090723 0.00006572
vn 0.99371146 -0.11197108 -0.00006054
vn 0.99932202 -0.03681722 0.00000063
vn 0.99934206 -0.03626902 0.00006530
vn 0.99930167 -0.03736541 -0.00006404
vn 0.99716196 0.07528626 -0.00000149
vn 0.99928031 0.03793232 -0.00000042
vn 0.99925863 0.03849922 0.00006644
vn 0.99930167 0.03736541 -0.00006728
vn 0.98874133 0.14963480 -0.00000059
vn 0.99364552 0.11255482 -0.00000021
vn 0.99357922 0.11313851 0.00006900
vn 0.99371146 0.11197108 -0.00006941
vn 0.97479722 0.22309278 -0.00000393
vn 0.98245474 0.18650118 -0.00000150
vn 0.98234582 0.18707403 0.00006717
vn 0.98256332 0.18592827 -0.00007017
vn 0.96576888 0.25940405 -0.00000255
vn 0.96560899 0.25999862 0.00006994
vn 0.96592841 0.25880939 -0.00007503
vn 0.93065100 0.36590808 -0.00000512
vn 0.94367687 0.33086852 -0.00000309
vn 0.94347414 0.33144613 0.00006895
vn 0.94387923 0.33029078 -0.00007513
vn 0.90068203 0.43447886 0.00000536
vn 0.91629707 0.40049929 0.00000091
vn 0.91602416 0.40112310 0.00008101
vn 0.91656955 0.39987530 -0.00007918
vn 0.86570840 0.50054867 0.00000257
vn 0.88382750 0.46781294 0.00000473
vn 0.88352885 0.46837674 0.00007975
vn 0.88412580 0.46724894 -0.00007030
vn 0.82585112 0.56388823 0.00000373
vn 0.84636117 0.53260940 0.00000396
vn 0.84600498 0.53317499 0.00008254
vn 0.84671698 0.53204356 -0.00007461
vn 0.78142790 0.62399554 -0.00000399
vn 0.80419940 0.59435959 0.00000074
vn 0.80381569 0.59487842 0.00007656
vn 0.80458278 0.59384050 -0.00007509
vn 0.73257495 0.68068638 0.00000088
vn 0.75752145 0.65281027 -0.00000093
vn 0.75705657 0.65334932 0.00008268
vn 0.75798594 0.65227088 -0.00008454
vn 0.67965246 0.73353428 -0.00000048
vn 0.70661262 0.70760060 0.00000111
vn 0.70611811 0.70809407 0.00008314
vn 0.70710678 0.70710678 -0.00008092
vn 0.62291778 0.78228732 0.00000307
vn 0.65171498 0.75846396 0.00000195
vn 0.65115873 0.75894156 0.00008801
vn 0.65227088 0.75798594 -0.00008411
vn 0.56273667 0.82663622 0.00000172
vn 0.59325677 0.80501329 0.00000322
vn 0.59267272 0.80544338 0.00008833
vn 0.59384050 0.80458278 -0.00008188
vn 0.49933450 0.86640929 0.00000604
vn 0.53139657 0.84712318 0.00000472
vn 0.53074927 0.84752888 0.00009432
vn 0.53204356 0.84671698 -0.00008488
vn 0.43320714 0.90129439 -0.00000063
vn 0.46660289 0.88446693 0.00000340
vn 0.46595659 0.88480758 0.00008906
vn 0.46724894 0.88412579 -0.00008226
vn 0.39915283 0.91688441 0.00000204
vn 0.39987530 0.91656955 -0.00009033
vn 0.36460457 0.93116245 0.00000302
vn 0.39843009 0.91719870 0.00009441
vn 0.32956525 0.94413280 0.00000167
vn 0.33029078 0.94387923 -0.00008837
vn 0.29402182 0.95579871 -0.00000129
vn 0.32883952 0.94438581 0.00009171
vn 0.25803772 0.96613484 -0.00000074
vn 0.25880939 0.96592841 -0.00009430
vn 0.22174548 0.97510458 -0.00000136
vn 0.25726589 0.96634065 0.00009281
vn 0.18513155 0.98271375 -0.00000060
vn 0.18592827 0.98256332 -0.00009553
vn 0.14825215 0.98894959 -0.00000137
vn 0.18433472 0.98286352 0.00009433
vn 0.11115237 0.99380338 -0.00000063
vn 0.11197108 0.99371146 -0.00009705
vn 0.07389897 0.99726573 -0.00000162
vn 0.11033358 0.99389461 0.00009579
vn 0.03652962 0.99933257 -0.00000117
vn 0.03736541 0.99930166 -0.00009902
vn -0.00083636 0.99999965 -0.00000227
vn 0.03569380 0.99936277 0.00009667
vn -0.03821997 0.99926935 -0.00000119
vn -0.03736541 0.99930166 -0.00010120
vn -0.07557329 0.99714025 -0.00000159
vn -0.03907450 0.99923630 0.00009881
vn -0.11284157 0.99361299 0.00000043
vn -0.11197108 0.99371146 -0.00010199
vn -0.14992014 0.98869811 0.00000082
vn -0.11371197 0.99351375 0.00010284
vn -0.18678971 0.98239992 0.00000126
vn -0.18592827 0.98256332 -0.00010120
vn -0.22337906 0.97473165 0.00000030
vn -0.18765101 0.98223576 0.00010373
vn -0.25965781 0.96570069 -0.00000050
vn -0.25880939 0.96592841 -0.00010313
vn -0.29559564 0.95531315 -0.00000286
vn -0.26050604 0.96547221 0.00010212
vn -0.33115377 0.94357680 -0.00000104
vn -0.33029078 0.94387922 -0.00010783
vn -0.36618940 0.93054034 -0.00000067
vn -0.33201649 0.94327358 0.00010575
vn -0.40072168 0.91619983 0.00000073
vn -0.39987530 0.91656954 -0.00010709
vn -0.43469745 0.90057655 0.00000041
vn -0.40156771 0.91582933 0.00010854
vn -0.46808966 0.88368098 0.00000326
vn -0.46724894 0.88412579 -0.00010773
vn -0.50081973 0.86555162 0.00000458
vn -0.46892996 0.88323535 0.00011425
vn -0.56411424 0.82569675 0.00000343
vn -0.53284103 0.84621536 0.00000478
vn -0.53363801 0.84571299 0.00011467
vn -0.53204356 0.84671698 -0.00010511
vn -0.65341946 0.75699604 0.00001021
vn -0.46222962 0.53511099 -0.70710678
vn -0.65369140 0.75676122 0.00000000
vn -0.62422454 0.78124498 -0.00000171
vn -0.59459526 0.80402517 0.00000160
vn -0.59534949 0.80346685 0.00011102
vn -0.59384050 0.80458278 -0.00010782
vn -0.65270926 0.75760848 -0.00004700
vn -0.65227088 0.75798594 -0.00011444
vn -0.68058870 0.73266569 0.00000036
vn -0.65314743 0.75723077 0.00002043
vn -0.73362760 0.67955172 -0.00000030
vn -0.50083970 0.49916782 -0.70710047
vn -0.70769763 0.70651544 -0.00000093
vn -0.70828798 0.70592361 0.00001785
vn -0.70710678 0.70710678 -0.00001971
vn -0.78231931 0.62287759 0.00000057
vn -0.53670456 0.46038750 -0.70710081
vn -0.75849744 0.65167602 -0.00000078
vn -0.75900846 0.65108076 0.00001688
vn -0.75798595 0.65227088 -0.00001845
vn -0.82661382 0.56276957 0.00000061
vn -0.56950544 0.41913142 -0.70710141
vn -0.80498968 0.59328881 -0.00000028
vn -0.80539620 0.59273684 0.00001519
vn -0.80458278 0.59384050 -0.00001575
vn -0.86632584 0.49947927 0.00000024
vn -0.59917187 0.37549911 -0.70710218
vn -0.84703437 0.53153812 -0.00000048
vn -0.84735147 0.53103248 0.00001302
vn -0.84671698 0.53204356 -0.00001397
vn -0.90120271 0.43339783 0.00000001
vn -0.62551739 0.32974761 -0.70710289
vn -0.88436818 0.46679002 -0.00000077
vn -0.88461032 0.46633098 0.00001099
vn -0.88412580 0.46724894 -0.00001253
vn -0.93103620 0.36492683 -0.00000010
vn -0.64836520 0.28218278 -0.70710356
vn -0.91674621 0.39947014 -0.00000094
vn -0.91692268 0.39906489 0.00000910
vn -0.91656955 0.39987531 -0.00001098
vn -0.95568085 0.29440468 0.00000007
vn -0.66759759 0.23306047 -0.70710414
vn -0.94400070 0.32994343 -0.00000092
vn -0.94412205 0.32959604 0.00000746
vn -0.94387923 0.33029078 -0.00000929
vn -0.97498681 0.22226273 -0.00000062
vn -0.68311432 0.18263977 -0.70710504
vn -0.96599782 0.25855021 -0.00000120
vn -0.96606716 0.25829101 0.00000492
vn -0.96592841 0.25880939 -0.00000732
vn -0.98260273 0.18571988 -0.00000130
vn -0.98256332 0.18592827 -0.00000615
vn -0.98886066 0.14884422 -0.00000010
vn -0.69483412 0.13117666 -0.70710553
vn -0.98264210 0.18551148 0.00000355
vn -0.99372708 0.11183245 -0.00000054
vn -0.99371147 0.11197108 -0.00000374
vn -0.99721526 0.07457697 0.00000079
vn -0.70268311 0.07897956 -0.70710584
vn -0.99374267 0.11169381 0.00000266
vn -0.99930270 0.03733770 -0.00000053
vn -0.99930184 0.03736095 -0.00000053
vn -0.99930200 0.03735649 -0.00000107
vn -0.70661422 0.02638846 -0.70710678
vn -0.99930341 0.03731891 -0.00000000
vn -0.70710678 -0.70710678 0.00000000
vn 0.00000000 -1.00000000 0.00000000
vn 0.00000000 -0.70710678 -0.70710678
vn 0.00000000 -1.00000000 0.00000000
vn 0.00000000 -0.70710678 -0.70710678
vn 0.70710678 -0.70710678 0.00000000
vn 0.00000000 -1.00000000 0.00000000
vn 0.00000000 -0.70710678 0.70710678
vn 0.00000000 -1.00000000 0.00000000
vn 1.00000000 0.00000000 0.00000000
vn 1.00000000 0.00000000 0.00000000
vn -0.70710678 -0.70710678 0.00000000
vn -0.70710678 0.70710678 -0.00000000
vn -1.00000000 0.00000000 0.00000000
vn -0.00000000 1.00000000 -0.00000000
vn -0.00000000 1.00000000 0.00000000
vn -0.00000000 1.00000000 -0.00000000
vn -0.00000000 0.70710678 -0.70710678
vn 0.00000000 1.00000000 0.00000000
vn 0.00000000 1.00000000 0.00000000
vn 0.00000000 1.00000000 -0.00000000
vn 0.00000000 1.00000000 0.00000000
vn 0.00000000 0.70710678 0.70710678
vn -0.00000000 1.00000000 -0.00000000
vn 1.00000000 0.00000000 0.00000000
vn -1.00000000 0.00000000 0.00000000
vn 0.70710678 0.00000000 -0.70710678
vn -1.00000000 0.00000000 0.00000000
vn -0.72019630 0.69377035 0.00000000
vn -0.70710678 0.00000000 0.70710678
vn -0.69377071 0.72019595 -0.00001102
vn -0.99995165 0.00967173 -0.00177412
vn -0.49496445 0.81549798 -0.29995539
vn -0.99371147 -0.11197108 0.00000000
vn -0.99533178 -0.09649995 0.00155030
vn -0.99371147 -0.11197108 0.00000000
vn -0.98256332 -0.18592827 0.00000000
vn -0.96592841 -0.25880939 0.00000000
vn -0.97492714 -0.22252433 0.00000000
vn -0.94388917 -0.33026238 0.00000000
vn -0.95557688 -0.29474195 -0.00000000
vn -0.94388917 -0.33026238 0.00000000
vn -0.64810428 -0.28277348 -0.70710678
vn -0.88411263 -0.46727386 -0.00000000
vn -0.88411263 -0.46727386 -0.00000000
vn -0.86602728 -0.49999675 -0.00000000
vn -0.84673134 -0.53202071 -0.00000000
vn -0.80458278 -0.59384050 0.00000000
vn -0.80458278 -0.59384050 0.00000000
vn -0.78183041 -0.62349115 0.00000000
vn -0.75798595 -0.65227088 -0.00000000
vn -0.73305162 -0.68017301 -0.00000000
vn -0.70709084 -0.70712272 0.00000000
vn -0.65230241 -0.75795882 0.00000000
vn -0.65230241 -0.75795882 0.00000000
vn -0.59382527 -0.80459403 0.00000000
vn -0.56332127 -0.82623795 0.00000000
vn -0.53202920 -0.84672601 -0.00000000
vn -0.53202920 -0.84672601 -0.00000000
vn -0.49999534 -0.86602809 -0.00000000
vn -0.46726211 -0.88411884 -0.00000000
vn -0.36533238 -0.93087714 0.00000000
vn -0.39986362 -0.91657465 -0.00000000
vn -0.39986362 -0.91657465 0.00000000
vn -0.33029078 -0.94387923 0.00000000
vn -0.25881736 -0.96592628 0.00000000
vn -0.25881736 -0.96592628 0.00000000
vn -0.22253124 -0.97492556 -0.00000000
vn -0.14905510 -0.98882889 0.00000000
vn -0.11196753 -0.99371187 0.00000000
vn -0.11196753 -0.99371187 -0.00000000
vn -0.03736541 -0.99930167 -0.00000000
vn -0.03736541 -0.99930167 -0.00000000
vn -0.03736541 -0.99930167 -0.00000000
vn 0.03736541 -0.99930167 -0.00000000
vn 0.03736541 -0.99930167 -0.00000000
vn 0.03736541 -0.99930167 0.00000000
vn 0.11196753 -0.99371187 -0.00000000
vn 0.14905510 -0.98882889 0.00000000
vn 0.11196753 -0.99371187 0.00000000
vn 0.18593409 -0.98256222 0.00000000
vn 0.22253124 -0.97492556 -0.00000000
vn 0.18593409 -0.98256222 -0.00000000
vn 0.25881736 -0.96592628 -0.00000000
vn 0.25881736 -0.96592628 0.00000000
vn 0.25881736 -0.96592628 -0.00000000
vn 0.33029078 -0.94387923 -0.00000000
vn 0.33029078 -0.94387923 -0.00000000
vn 0.33029078 -0.94387923 -0.00000000
vn 0.39986362 -0.91657465 -0.00000000
vn 0.46768874 -0.88389277 0.00090219
vn 0.47277455 -0.88118310 0.00074727
vn 0.49809085 -0.86712481 0.00027579
vn 0.56333386 -0.82622936 0.00000148
vn 0.52398784 -0.85172043 -0.00300760
vn 0.61947683 -0.78501494 0.00000141
vn 0.58993535 -0.80744981 0.00104798
vn 0.65230241 -0.75795882 -0.00000000
vn 0.65230241 -0.75795882 -0.00000000
vn 0.68017173 -0.73305281 -0.00000000
vn 0.70709084 -0.70712272 0.00000000
vn 0.73305162 -0.68017301 0.00000000
vn 0.78183041 -0.62349115 -0.00000000
vn 0.75798595 -0.65227088 0.00000000
vn 0.80458278 -0.59384050 -0.00000000
vn 0.84673134 -0.53202071 0.00000000
vn 0.88411263 -0.46727386 0.00000000
vn 0.88411263 -0.46727386 0.00000000
vn 0.90096520 -0.43389135 0.00000000
vn 0.93087497 -0.36533791 0.00000000
vn 0.91655786 -0.39990209 0.00000000
vn 0.94388917 -0.33026238 0.00000000
vn 0.97492714 -0.22252433 -0.00000000
vn 0.96592841 -0.25880939 0.00000000
vn 0.96592841 -0.25880939 0.00000000
vn 0.98882907 -0.14905394 -0.00000000
vn 0.98256332 -0.18592827 -0.00000000
vn 0.99720451 -0.07472055 0.00000000
vn 0.99371147 -0.11197108 0.00000000
vn 0.99371147 -0.11197108 -0.00000000
vn 0.69377035 0.72019630 0.00000000
vn 0.70661299 0.02642134 0.70710678
vn 0.99720451 0.07472055 0.00000000
vn 0.99930167 0.03736541 -0.00000000
vn 0.99930167 -0.03736541 -0.00000000
vn 0.99930167 -0.03736541 -0.00000000
vn 0.99930167 0.03736541 0.00000000
vn 0.99930167 0.03736541 -0.00000000
vn 0.99371147 0.11197108 0.00000000
vn 0.70266012 0.07917551 0.70710678
vn 0.99371147 0.11197108 -0.00000000
vn 0.98256332 0.18592827 0.00000000
vn 0.98882907 0.14905394 0.00000000
vn 0.99720451 0.07472055 0.00000000
vn 0.97492714 0.22252433 0.00000000
vn 0.69477719 0.13147114 0.70710678
vn 0.98256332 0.18592827 0.00000000
vn 0.68301453 0.18300587 -0.70710678
vn 0.96592841 0.25880939 0.00000000
vn 0.99371147 0.11197108 0.00000000
vn 0.98882907 0.14905394 -0.00000000
vn 0.98256332 0.18592827 -0.00000000
vn 0.95557688 0.29474195 0.00000000
vn 0.68301453 0.18300587 0.70710678
vn 0.96592841 0.25880939 0.00000000
vn 0.94388917 0.33026238 0.00000000
vn 0.66743043 0.23353077 0.70710678
vn 0.94388917 0.33026238 0.00000000
vn 0.93087497 0.36533791 0.00000000
vn 0.66743043 0.23353077 -0.70710678
vn 0.96592841 0.25880939 0.00000000
vn 0.96592841 0.25880939 0.00000000
vn 0.94388917 0.33026238 0.00000000
vn 0.64810428 0.28277348 0.70710678
vn 0.90096520 0.43389135 0.00000000
vn 0.91655786 0.39990209 -0.00000000
vn 0.93087497 0.36533791 -0.00000000
vn 0.91655786 0.39990209 -0.00000000
vn 0.88411263 0.46727386 0.00000000
vn 0.62516203 0.33041252 0.70710678
vn 0.86602728 0.49999675 0.00000000
vn 0.90096520 0.43389135 -0.00000000
vn 0.84673134 0.53202071 -0.00000000
vn 0.59872947 0.37619545 0.70710678
vn 0.82623544 0.56332494 -0.00000000
vn 0.56892594 0.41990865 -0.70710678
vn 0.80458278 0.59384050 -0.00000000
vn 0.86602728 0.49999675 -0.00000000
vn 0.78183041 0.62349115 0.00000000
vn 0.56892594 0.41990865 0.70710678
vn 0.84673134 0.53202071 -0.00000000
vn 0.78183041 0.62349115 -0.00000000
vn 0.80458278 0.59384050 -0.00000000
vn 0.75798595 0.65227088 -0.00000000
vn 0.53597700 0.46122516 0.70710678
vn 0.73305162 0.68017301 0.00000000
vn 0.53597700 0.46122516 -0.70710678
vn 0.70709084 0.70712272 0.00000000
vn 0.49998873 0.50001127 0.70710678
vn 0.68017173 0.73305281 0.00000000
vn 0.49998873 0.50001127 -0.70710678
vn 0.70709084 0.70712272 0.00000000
vn 0.73305162 0.68017301 -0.00000000
vn 0.75798595 0.65227088 0.00000000
vn 0.75798595 0.65227088 0.00000000
vn 0.65230241 0.75795882 0.00000000
vn 0.46124746 0.53595782 0.70710678
vn 0.65230241 0.75795882 0.00000000
vn 0.62350001 0.78182334 0.00000000
vn 0.46124746 0.53595782 -0.70710678
vn 0.68017173 0.73305281 0.00000000
vn 0.70709084 0.70712272 -0.00000000
vn 0.70709084 0.70712272 0.00000000
vn 0.59382527 0.80459403 0.00000000
vn 0.41989788 0.56893389 0.70710678
vn 0.56332127 0.82623795 0.00000000
vn 0.41989788 0.56893389 -0.70710678
vn 0.59382527 0.80459403 -0.00000000
vn 0.62350001 0.78182334 0.00000000
vn 0.65230241 0.75795882 0.00000000
vn 0.65230241 0.75795882 0.00000000
vn 0.49999534 0.86602809 0.00000000
vn 0.37620146 0.59872570 -0.70710678
vn 0.53202920 0.84672601 0.00000000
vn 0.33040421 0.62516642 -0.70710678
vn 0.46726211 0.88411884 0.00000000
vn 0.56332127 0.82623795 0.00000000
vn 0.59382527 0.80459403 0.00000000
vn 0.43386646 0.90097719 0.00000000
vn 0.33040421 0.62516642 0.70710678
vn 0.49999534 0.86602809 -0.00000000
vn 0.46726211 0.88411884 -0.00000000
vn 0.39986362 0.91657465 0.00000000
vn 0.36533238 0.93087714 -0.00000000
vn 0.28274628 0.64811615 -0.70710678
vn 0.43386646 0.90097719 -0.00000000
vn 0.33029078 0.94387923 -0.00000000
vn 0.23355085 0.66742340 0.70710678
vn 0.29476027 0.95557123 -0.00000000
vn 0.23355085 0.66742340 -0.70710678
vn 0.18301151 0.68301302 -0.70710678
vn 0.22253124 0.97492556 0.00000000
vn 0.39986362 0.91657465 -0.00000000
vn 0.36533238 0.93087714 -0.00000000
vn 0.18301151 0.68301302 0.70710678
vn 0.13147526 0.69477641 -0.70710678
vn 0.18593409 0.98256222 -0.00000000
vn 0.18593409 0.98256222 -0.00000000
vn 0.33029078 0.94387923 -0.00000000
vn 0.29476027 0.95557123 -0.00000000
vn 0.14905510 0.98882889 0.00000000
vn 0.13147526 0.69477641 0.70710678
vn 0.18301151 0.68301302 0.70710678
vn 0.22253124 0.97492556 0.00000000
vn 0.11196753 0.99371187 0.00000000
vn 0.07917300 0.70266040 0.70710678
vn 0.07471877 0.99720465 0.00000000
vn 0.07917300 0.70266040 -0.70710678
vn 0.18593409 0.98256222 0.00000000
vn 0.03736541 0.99930167 0.00000000
vn 0.02642134 0.70661299 0.70710678
vn 0.02642134 0.70661299 -0.70710678
vn 0.03736541 0.99930167 -0.00000000
vn -0.03736541 0.99930167 0.00000000
vn -0.00000000 1.00000000 0.00000000
vn 0.07471877 0.99720465 0.00000000
vn 0.03736541 0.99930167 0.00000000
vn 0.03736541 0.99930167 -0.00000000
vn -0.03736541 0.99930167 -0.00000000
vn -0.03736541 0.99930167 -0.00000000
vn -0.03736541 0.99930167 0.00000000
vn -0.07471877 0.99720465 0.00000000
vn -0.03736541 0.99930167 -0.00000000
vn -0.03736541 0.99930167 0.00000000
vn -0.11196753 0.99371187 0.00000000
vn -0.07917300 0.70266040 -0.70710678
vn -0.11196753 0.99371187 0.00000000
vn -0.14905510 0.98882889 0.00000000
vn -0.11196753 0.99371187 0.00000000
vn -0.18593409 0.98256222 -0.00000000
vn -0.18593409 0.98256222 0.00000000
vn -0.22253124 0.97492556 0.00000000
vn -0.13147526 0.69477641 -0.70710678
vn -0.18593409 0.98256222 -0.00000000
vn -0.25881736 0.96592628 0.00000000
vn -0.18301151 0.68301302 -0.70710678
vn -0.25881736 0.96592628 0.00000000
vn -0.29476027 0.95557123 0.00000000
vn -0.25881736 0.96592628 -0.00000000
vn -0.33029078 0.94387923 -0.00000000
vn -0.23355085 0.66742340 -0.70710678
vn -0.33029078 0.94387923 -0.00000000
vn -0.36533238 0.93087714 0.00000000
vn -0.33029078 0.94387923 -0.00000000
vn -0.39986362 0.91657465 -0.00000000
vn -0.39986362 0.91657465 0.00000000
vn -0.43386646 0.90097719 0.00000000
vn -0.28274628 0.64811615 -0.70710678
vn -0.39986362 0.91657465 -0.00000000
vn -0.46726211 0.88411884 -0.00000000
vn -0.33040421 0.62516642 -0.70710678
vn -0.46726211 0.88411884 0.00000000
vn -0.49999534 0.86602809 0.00000000
vn -0.46726211 0.88411884 -0.00000000
vn -0.53202920 0.84672601 -0.00000000
vn -0.53202920 0.84672601 -0.00000000
vn -0.56332127 0.82623795 0.00000000
vn -0.37620146 0.59872570 -0.70710678
vn -0.53202920 0.84672601 -0.00000000
vn -0.59382527 0.80459403 0.00000000
vn -0.41989788 0.56893389 -0.70710678
vn -0.59382527 0.80459403 -0.00000000
vn -0.62350001 0.78182334 0.00000000
vn -0.59382527 0.80459403 0.00000000
vn -0.68017173 0.73305281 0.00000000
vn -0.46124746 0.53595782 -0.70710678
vn -0.65230241 0.75795882 -0.00000000
vn -0.65230241 0.75795882 -0.00000000
vn -0.65230241 0.75795882 0.00000000
vn -0.73305162 0.68017301 0.00000000
vn -0.49998873 0.50001127 -0.70710678
vn -0.70709084 0.70712272 -0.00000000
vn -0.70709084 0.70712272 -0.00000000
vn -0.70709084 0.70712272 -0.00000000
vn -0.75798595 0.65227088 0.00000000
vn -0.75798595 0.65227088 0.00000000
vn -0.78183041 0.62349115 0.00000000
vn -0.53597700 0.46122516 -0.70710678
vn -0.75798595 0.65227088 0.00000000
vn -0.82623544 0.56332494 0.00000000
vn -0.56892594 0.41990865 -0.70710678
vn -0.80458278 0.59384050 -0.00000000
vn -0.80458278 0.59384050 -0.00000000
vn -0.84673134 0.53202071 -0.00000000
vn -0.59872947 0.37619545 -0.70710678
vn -0.84673134 0.53202071 -0.00000000
vn -0.80458278 0.59384050 -0.00000000
vn -0.86602728 0.49999675 0.00000000
vn -0.84673134 0.53202071 -0.00000000
vn -0.90096520 0.43389135 0.00000000
vn -0.62516203 0.33041252 -0.70710678
vn -0.88411263 0.46727386 -0.00000000
vn -0.88411263 0.46727386 -0.00000000
vn -0.88411263 0.46727386 -0.00000000
vn -0.93087497 0.36533791 0.00000000
vn -0.91655786 0.39990209 0.00000000
vn -0.91655786 0.39990209 0.00000000
vn -0.91655786 0.39990209 0.00000000
vn -0.95557688 0.29474195 0.00000000
vn -0.66743043 0.23353077 -0.70710678
vn -0.94388917 0.33026238 0.00000000
vn -0.94388917 0.33026238 0.00000000
vn -0.94388917 0.33026238 -0.00000000
vn -0.97492714 0.22252433 0.00000000
vn -0.68301453 0.18300587 -0.70710678
vn -0.96592841 0.25880939 -0.00000000
vn -0.96592841 0.25880939 0.00000000
vn -0.96592841 0.25880939 -0.00000000
vn -0.98882907 0.14905394 0.00000000
vn -0.69477719 0.13147114 -0.70710678
vn -0.98256332 0.18592827 -0.00000000
vn -0.98256332 0.18592827 -0.00000000
vn -0.98256332 0.18592827 -0.00000000
vn -0.99720451 0.07472055 0.00000000
vn -0.70266012 0.07917551 -0.70710678
vn -0.99371147 0.11197108 -0.00000000
vn -0.99371147 0.11197108 -0.00000000
vn -0.99371147 0.11197108 0.00000000
vn -0.70661299 0.02642134 -0.70710678
vn -0.99930167 0.03736541 0.00000000
vn -0.99930167 0.03736541 0.00000000
vn -0.99930167 0.03736541 -0.00000000
vn -0.99930167 0.03736541 -0.00000000
vn -0.99930167 0.03736541 -0.00000000
vn -0.21758519 -0.96976118 0.11054382
vn -0.00000000 -1.00000000 -0.00000000
vn 0.70710678 -0.70710678 0.00000000
vn 0.00000000 -1.00000000 0.00000000
vn -0.00000000 -0.70710678 -0.70710678
vn 0.00000000 -0.70710678 0.70710678
vn 0.00000000 -1.00000000 0.00000000
vn 0.00000000 0.00000000 1.00000000
vn 0.00000000 0.00000000 1.00000000
vn 0.00000000 0.00000000 1.00000000
vn 0.00000000 0.00000000 1.00000000
vn 0.00000000 0.00000000 1.00000000
vn 0.00000000 0.00000000 1.00000000
vn 0.00000000 0.00000000 1.00000000
vn 0.00000000 0.00000000 1.00000000
vn 0.00000000 0.00000000 1.00000000
vn 0.00000000 0.00000000 1.00000000
vn 0.00000000 0.00000000 1.00000000
vn 0.00000000 0.00000000 1.00000000
vn 0.00000000 0.00000000 1.00000000
vn 0.00000000 0.00000000 1.00000000
vn 0.00000000 0.00000000 1.00000000
vn 0.00000000 0.00000000 1.00000000
vn 0.00000000 0.00000000 1.00000000
vn 0.00000000 0.00000000 1.00000000
vn 0.00000000 0.00000000 1.00000000
vn 0.00000000 0.00000000 1.00000000
vn 0.00000000 0.00000000 1.00000000
vn 0.00000000 0.00000000 1.00000000
vn 0.00000000 0.00000000 1.00000000
vn 0.00000000 0.00000000 1.00000000
vn 0.00000000 0.00000000 1.00000000
vn 0.00000000 0.00000000 1.00000000
vn 0.00000000 0.00000000 1.00000000
vn 0.00000000 0.00000000 1.00000000
vn 0.00000000 0.00000000 1.00000000
vn -0.00000000 0.00000000 1.00000000
vn 0.00000000 0.00000000 1.00000000
vn 0.00000000 0.00000000 1.00000000
vn 0.00000000 0.00000000 1.00000000
vn 0.00000000 0.00000000 1.00000000
vn 0.00000000 0.00000000 1.00000000
vn 0.00000000 0.00000000 1.00000000
vn 0.00000000 0.00000000 1.00000000
vn 0.00000000 0.00000000 1.00000000
vn 0.00000000 0.00000000 1.00000000
vn 0.00000000 0.00000000 1.00000000
vn -0.00000000 0.00000000 1.00000000
vn 0.00000000 0.00000000 1.00000000
vn -0.00000000 -0.00000000 -1.00000000
vn -0.00000000 -0.00000000 -1.00000000
vn -0.00000000 0.00000000 -1.00000000
vn -0.00000000 0.00000000 -1.00000000
vn 0.00000000 0.00000000 -1.00000000
vn 0.00000000 0.00000000 -1.00000000
vn 0.00000000 0.00000000 -1.00000000
vn 0.00000000 0.00000000 -1.00000000
vn 0.00000000 0.00000000 -1.00000000
vn 0.00000000 0.00000000 -1.00000000
vn 0.00000000 0.00000000 -1.00000000
vn 0.00000000 0.00000000 -1.00000000
vn 0.00000000 0.00000000 -1.00000000
vn 0.00000000 0.00000000 -1.00000000
vn 0.00000000 0.00000000 -1.00000000
vn 0.00000000 0.00000000 -1.00000000
vn 0.00000000 0.00000000 -1.00000000
vn 0.00000000 0.00000000 -1.00000000
vn 0.00000000 0.00000000 -1.00000000
vn 0.00000000 0.00000000 -1.00000000
vn 0.00000000 0.00000000 -1.00000000
vn 0.00000000 0.00000000 -1.00000000
vn 0.00000000 0.00000000 -1.00000000
vn 0.00000000 0.00000000 -1.00000000
vn 0.00000000 0.00000000 -1.00000000
vn 0.00000000 0.00000000 -1.00000000
vn 0.00000000 0.00000000 -1.00000000
vn 0.00000000 0.00000000 -1.00000000
vn 0.00000000 0.00000000 -1.00000000
vn 0.00000000 0.00000000 -1.00000000
vn 0.00000000 0.00000000 -1.00000000
vn 0.00000000 0.00000000 -1.00000000
vn 0.00000000 0.00000000 -1.00000000
vn 0.00000000 0.00000000 -1.00000000
vn 0.00000000 0.00000000 -1.00000000
vn 0.00000000 0.00000000 -1.00000000
vn 0.00000000 0.00000000 -1.00000000
vn 0.00000000 0.00000000 -1.00000000
vn 0.00000000 0.00000000 -1.00000000
vn 0.00000000 0.00000000 -1.00000000
vn 0.00000000 0.00000000 -1.00000000
vn 0.70710678 0.00000000 -0.70710678
vn 0.00000000 0.00000000 -1.00000000
vn 0.00000000 0.00000000 -1.00000000
vn 0.00000000 0.00000000 -1.00000000
vn 0.00000000 0.00000000 -1.00000000
vn 0.00000000 0.00000000 -1.00000000
vn 0.00000000 0.00000000 -1.00000000
vn 0.00000000 0.00000000 -1.00000000
vn 0.00000000 0.00000000 -1.00000000
vn 0.00000000 0.00000000 -1.00000000
vn 0.00000000 0.00000000 -1.00000000
vn 0.00000000 0.00000000 -1.00000000
vn 0.00000000 0.00000000 -1.00000000
vn 0.00000000 0.00000000 -1.00000000
vn 0.00000000 0.00000000 -1.00000000
vn 0.00000000 0.00000000 -1.00000000
vn 0.00000000 0.00000000 -1.00000000
vn 0.00000000 0.00000000 -1.00000000
vn 0.00000000 0.00000000 -1.00000000
vn 0.00000000 0.00000000 -1.00000000
vn 0.00000000 0.00000000 -1.00000000
vn 0.00000000 0.00000000 -1.00000000
vn 0.00000000 0.00000000 -1.00000000
vn 0.00000000 0.00000000 -1.00000000
vn 0.00000000 0.00000000 -1.00000000
vn 0.00000000 0.00000000 -1.00000000
vn 0.00000000 0.00000000 -1.00000000
vn 0.00000000 0.00000000 -1.00000000
vn 1.00000000 0.00000000 0.00000000
vn 0.00000000 0.00000000 -1.00000000
vn -0.70710678 0.00000000 -0.70710678
vn -0.70710678 0.00000000 -0.70710678
vn -0.00000000 0.00000000 -1.00000000
vn -0.00000000 0.00000000 -1.00000000
vn -0.00000000 0.00000000 1.00000000
vn -0.00000000 0.00000000 1.00000000
vn -0.00000000 1.00000000 -0.00000000
vn -0.00000000 1.00000000 -0.00000000
vn -0.70710678 0.70710678 0.00000000
vn 0.00000000 1.00000000 0.00000000
vn 0.00000000 0.70710678 0.70710678
vn 0.00000000 0.00000000 -1.00000000
vn -0.70710678 0.00000000 -0.70710678
vn 0.00000000 0.00000000 1.00000000
vn 0.00000000 0.00000000 1.00000000
vn 0.00000000 0.00000000 1.00000000
vn 0.00000000 0.00000000 1.00000000
vn 0.00000000 0.00000000 1.00000000
vn 0.00000000 0.00000000 1.00000000
vn 0.00000000 0.00000000 1.00000000
vn 0.00000000 0.00000000 1.00000000
vn 0.00000000 0.00000000 1.00000000
vn 0.00000000 0.00000000 1.00000000
vn 0.00000000 0.00000000 1.00000000
vn 0.00000000 0.00000000 1.00000000
vn 0.00000000 -0.00000000 1.00000000
vn 0.00000000 0.00000000 1.00000000
vn 0.00000000 0.00000000 1.00000000
vn 0.00000000 0.00000000 1.00000000
vn -0.00000000 0.00000000 1.00000000
vn 0.00000000 0.00000000 1.00000000
vn 0.00000000 0.00000000 1.00000000
vn -0.00000000 -0.00000000 1.00000000
vn -0.00000000 -0.00000000 1.00000000
vn 0.00000000 0.00000000 1.00000000
vn 0.00000000 0.00000000 1.00000000
vn 0.00000000 0.00000000 1.00000000
vn 0.00000000 0.00000000 1.00000000
vn 0.00000000 0.00000000 1.00000000
vn 0.00000000 -0.00000000 1.00000000
vn 0.00000000 0.00000000 1.00000000
vn 0.00000000 0.00000000 1.00000000
vn 0.00000000 0.00000000 1.00000000
vn 0.00000000 0.00000000 1.00000000
vn 0.00000000 0.00000000 1.00000000
vn 0.00000000 0.00000000 1.00000000
vn 0.00000000 0.00000000 1.00000000
vn 0.00000000 0.00000000 1.00000000
vn 0.00000000 0.00000000 1.00000000
vn 0.00000000 0.00000000 1.00000000
vn 0.00000000 0.00000000 1.00000000
vn 0.00000000 0.00000000 1.00000000
vn 0.00000000 0.00000000 1.00000000
vn 0.00000000 0.00000000 1.00000000
vn 0.70710678 0.00000000 -0.70710678
vn 0.00000000 0.00000000 -1.00000000
vn 0.00000000 0.00000000 -1.00000000
vn 0.00000000 0.00000000 -1.00000000
vn 0.00000000 0.00000000 -1.00000000
vn 0.00000000 0.00000000 -1.00000000
vn 0.00000000 0.00000000 -1.00000000
vn 0.00000000 0.00000000 -1.00000000
vn 0.00000000 0.00000000 -1.00000000
vn 0.00000000 0.00000000 -1.00000000
vn -0.00000000 -0.00000000 -1.00000000
vn 0.00000000 0.00000000 -1.00000000
vn 0.00000000 0.00000000 -1.00000000
vn 0.00000000 0.00000000 -1.00000000
vn 0.00000000 0.00000000 -1.00000000
vn 0.00000000 0.00000000 -1.00000000
vn 0.00000000 0.00000000 -1.00000000
vn -0.00000000 -0.00000000 -1.00000000
vn 0.00000000 0.00000000 -1.00000000
vn 0.00000000 0.00000000 -1.00000000
vn -0.00000000 0.00000000 -1.00000000
vn 0.00000000 0.00000000 -1.00000000
vn 0.00000000 0.00000000 -1.00000000
vn 0.00000000 0.00000000 -1.00000000
vn 0.00000000 0.00000000 -1.00000000
vn 0.00000000 0.00000000 -1.00000000
vn 0.00000000 0.00000000 -1.00000000
vn -0.00000000 -0.00000000 -1.00000000
vn 0.00000000 0.00000000 -1.00000000
vn 0.00000000 0.00000000 -1.00000000
vn -0.00000000 0.70710678 -0.70710678
vn 0.00000000 0.00000000 -1.00000000
vn 0.00000000 0.00000000 -1.00000000
vn 0.00000000 0.00000000 -1.00000000
vn -0.00000000 0.00000000 -1.00000000
vn 0.00000000 0.00000000 -1.00000000
vn 0.00000000 0.00000000 -1.00000000
vn 0.00000000 0.00000000 -1.00000000
vn 0.00000000 0.00000000 -1.00000000
vn 0.00000000 0.00000000 -1.00000000
vn 0.00000000 0.00000000 -1.00000000
vn 0.00000000 0.00000000 -1.00000000
vn 0.00000000 0.00000000 -1.00000000
vn 0.00000000 0.00000000 -1.00000000
vn 0.00000000 0.00000000 -1.00000000
vn 0.00000000 0.00000000 -1.00000000
vn 0.00000000 0.00000000 -1.00000000
vn 0.00000000 0.00000000 -1.00000000
vn 0.00000000 0.00000000 -1.00000000
vn 0.00000000 0.00000000 -1.00000000
vn 0.00000000 0.00000000 -1.00000000
vn 0.00000000 0.00000000 -1.00000000
vn 0.00000000 0.00000000 -1.00000000
vn 0.00000000 0.00000000 -1.00000000
vn 0.00000000 0.00000000 -1.00000000
vn 0.00000000 0.00000000 -1.00000000
vn 0.00000000 0.00000000 -1.00000000
vn 0.00000000 0.00000000 -1.00000000
vn 0.00000000 0.00000000 -1.00000000
vn 0.00000000 0.00000000 -1.00000000
vn 0.00000000 0.00000000 -1.00000000
vn 0.00000000 0.00000000 -1.00000000
vn 0.00000000 0.00000000 -1.00000000
vn -0.64810428 0.28277348 -0.70710678
vn 0.00000000 0.00000000 -1.00000000
vn 0.00000000 0.00000000 -1.00000000
vn 0.00000000 0.00000000 -1.00000000
vn 0.00000000 0.00000000 -1.00000000
vn 1.00000000 0.00000000 0.00000000
vn 0.00000000 -0.00000000 -1.00000000
vn -0.70710678 0.00000000 -0.70710678
vn 0.00000000 0.00000000 -1.00000000
vn 0.00000000 0.00000000 -1.00000000
vn 0.00000000 0.00000000 -1.00000000
vn 0.00000000 0.00000000 -1.00000000
vn 0.00000000 0.00000000 -1.00000000
vn 0.00000000 0.00000000 -1.00000000
vn 0.00000000 0.00000000 -1.00000000
vn 0.00000000 0.00000000 -1.00000000
vn 0.00000000 0.00000000 -1.00000000
vn 0.00000000 0.00000000 -1.00000000
vn 0.00000000 0.00000000 -1.00000000
vn 0.00000000 0.00000000 -1.00000000
vn 0.00000000 0.00000000 -1.00000000
vn 0.00000000 0.00000000 -1.00000000
vn 0.00000000 0.00000000 -1.00000000
vn 0.00000000 0.00000000 -1.00000000
vn 0.00000000 0.00000000 -1.00000000
vn 0.00000000 0.00000000 -1.00000000
vn 0.00000000 0.00000000 -1.00000000
vn 0.00000000 0.00000000 -1.00000000
vn 0.00000000 0.00000000 -1.00000000
vn 0.00000000 0.00000000 -1.00000000
vn 0.00000000 0.00000000 -1.00000000
vn 0.00000000 0.00000000 -1.00000000
vn -0.70710678 -0.00000000 -0.70710678
vn 0.70710678 0.00000000 -0.70710678
vn 1.00000000 0.00000000 0.00000000
vn 0.00000000 0.00000000 -1.00000000
vn 0.00000000 0.00000000 -1.00000000
vn 0.00000000 0.00000000 1.00000000
vn 0.00000000 0.00000000 1.00000000
vn 0.00000000 0.00000000 1.00000000
vn -0.00000000 0.00000000 -1.00000000
vn -0.03627933 -0.01511639 0.99922735
vn -0.00154303 -0.00824617 0.99996481
vn -0.03472437 -0.00706641 0.99937194
vn 0.00000000 0.00000000 -1.00000000
vn 0.70710678 0.00000000 -0.70710678
vn 0.00000000 0.00000000 -1.00000000
vn 1.00000000 0.00000000 0.00000000
vn -0.70710678 0.00000000 -0.70710678
vn 0.00000000 -0.00000000 -1.00000000
vn -0.70710678 0.00000000 -0.70710678
vn 0.00000000 0.00000000 -1.00000000
vn 0.00000000 0.00000000 -1.00000000
vn 0.00000000 0.00000000 -1.00000000
vn 0.00000000 0.00000000 -1.00000000
vn 0.00000000 0.00000000 -1.00000000
vn 0.00000000 0.00000000 -1.00000000
vn 0.00000000 0.00000000 -1.00000000
vn 0.00000000 0.00000000 -1.00000000
vn 0.00000000 0.00000000 -1.00000000
vn 0.00000000 0.00000000 -1.00000000
vn 0.00000000 0.00000000 -1.00000000
vn 0.00000000 0.00000000 -1.00000000
vn 0.00000000 0.00000000 -1.00000000
vn 0.00000000 0.00000000 -1.00000000
vn 0.00000000 0.00000000 -1.00000000
vn 0.00000000 0.00000000 -1.00000000
vn 0.00000000 0.00000000 -1.00000000
vn 0.00000000 0.00000000 -1.00000000
vn 0.00000000 0.00000000 -1.00000000
vn 0.00000000 0.00000000 -1.00000000
vn 0.00000000 0.00000000 -1.00000000
vn 0.00000000 0.00000000 -1.00000000
vn 0.00000000 0.00000000 -1.00000000
vn 0.00000000 0.00000000 1.00000000
vn 0.00000000 -0.00000000 1.00000000
vn 0.00000000 0.00000000 1.00000000
vn 0.00000000 0.00000000 -1.00000000
vn 0.70710678 0.00000000 -0.70710678
vn 0.00000000 0.00000000 -1.00000000
vn 1.00000000 -0.00000000 -0.00000000
vn -0.70710678 0.00000000 -0.70710678
vn 0.00000000 -0.00000000 -1.00000000
vn -1.00000000 0.00000000 0.00000000
vn 0.00000000 0.00000000 -1.00000000
vn 0.00000000 0.00000000 1.00000000
vn 0.00000000 -0.00000000 1.00000000
vn 0.00000000 0.00000000 1.00000000
vn 0.00000000 -0.00000000 -1.00000000
vn 0.70710678 -0.00000000 -0.70710678
vn 0.00000000 -0.00000000 -1.00000000
vn 1.00000000 0.00000000 0.00000000
vn -0.70710678 0.00000000 -0.70710678
vn 0.00000000 -0.00000000 -1.00000000
f 1//1 1076//1076 1077//1077
f 3//3 1078//1078 1077//1077
f 1//1 1078//1078 1079//1079
f 3//3 1080//1080 1079//1079
f 5//5 1081//1081 1082//1082
f 6//6 6//6 1082//1082
f 2//2 1083//1083 1085//1085
f 6//6 1081//1081 1085//1085
f 5//5 1084//1084 1085//1085
f 2//2 1084//1084 1077//1077
f 5//5 1086//1086 1077//1077
f 1//1 1079//1079 1087//1087
f 9//9 1089//1089 1088//1088
f 1//1 1087//1087 1088//1088
f 11//11 1090//1090 1093//1093
f 10//10 1091//1091 1093//1093
f 12//12 1092//1092 1093//1093
f 12//12 1091//1091 1096//1096
f 10//10 1094//1094 1096//1096
f 13//13 1095//1095 1096//1096
f 13//13 1094//1094 1098//1098
f 10//10 1097//1097 1098//1098
f 14//14 13//13 1098//1098
f 22//22 1103//1103 1105//1105
f 25//25 1104//1104 1105//1105
f 22//22 1104//1104 1108//1108
f 25//25 1106//1106 1108//1108
f 26//26 1107//1107 1108//1108
f 22//22 1107//1107 1111//1111
f 26//26 1109//1109 1111//1111
f 27//27 1110//1110 1111//1111
f 28//28 31//31 1113//1113
f 34//34 1115//1115 1114//1114
f 36//36 1116//1116 1119//1119
f 37//37 1117//1117 1119//1119
f 38//38 1118//1118 1119//1119
f 36//36 1118//1118 1122//1122
f 38//38 1120//1120 1122//1122
f 39//39 1121//1121 1122//1122
f 36//36 1121//1121 1125//1125
f 39//39 1123//1123 1125//1125
f 40//40 1124//1124 1125//1125
f 36//36 1124//1124 1128//1128
f 40//40 1126//1126 1128//1128
f 41//41 1127//1127 1128//1128
f 36//36 1127//1127 1131//1131
f 41//41 1129//1129 1131//1131
f 42//42 1130//1130 1131//1131
f 36//36 1130//1130 1134//1134
f 42//42 1132//1132 1134//1134
f 43//43 1133//1133 1134//1134
f 36//36 1133//1133 1137//1137
f 43//43 1135//1135 1137//1137
f 44//44 1136//1136 1137//1137
f 48//48 1140//1140 1143//1143
f 49//49 1141//1141 1143//1143
f 50//50 1142//1142 1143//1143
f 50//50 1141//1141 1146//1146
f 49//49 1144//1144 1146//1146
f 51//51 1145//1145 1146//1146
f 51//51 1144//1144 1149//1149
f 49//49 1147//1147 1149//1149
f 52//52 1148//1148 1149//1149
f 52//52 1147//1147 1152//1152
f 49//49 1150//1150 1152//1152
f 53//53 1151//1151 1152//1152
f 53//53 1150//1150 1155//1155
f 49//49 1153//1153 1155//1155
f 54//54 1154//1154 1155//1155
f 54//54 1153//1153 1158//1158
f 49//49 1156//1156 1158//1158
f 55//55 1157//1157 1158//1158
f 55//55 1156//1156 1161//1161
f 49//49 1159//1159 1161//1161
f 56//56 1160//1160 1161//1161
f 59//59 1163//1163 1162//1162
f 60//60 57//57 1163//1163
f 30//30 61//61 1164//1164
f 61//61 35//35 1164//1164
f 61//61 1165//1165 35//35
f 62//62 1166//1166 35//35
f 64//64 1167//1167 1168//1168
f 32//32 1166//1166 1168//1168
f 65//65 1177//1177 1170//1170
f 32//32 1167//1167 1170//1170
f 64//64 1169//1169 1170//1170
f 66//66 1171//1171 1173//1173
f 63//63 1166//1166 1173//1173
f 62//62 1172//1172 1173//1173
f 65//65 67//67 1177//1177
f 68//68 1174//1174 1176//1176
f 66//66 1172//1172 1176//1176
f 62//62 1175//1175 1176//1176
f 67//67 69//69 1177//1177
f 70//70 1178//1178 1180//1180
f 68//68 1175//1175 1180//1180
f 62//62 1179//1179 1180//1180
f 69//69 1181//1181 1177//1177
f 72//72 1182//1182 1184//1184
f 70//70 1179//1179 1184//1184
f 62//62 1183//1183 1184//1184
f 74//74 1185//1185 1187//1187
f 72//72 1183//1183 1187//1187
f 62//62 1186//1186 1187//1187
f 76//76 1188//1188 1190//1190
f 74//74 1186//1186 1190//1190
f 62//62 1189//1189 1190//1190
f 78//78 1191//1191 1193//1193
f 76//76 1189//1189 1193//1193
f 62//62 1192//1192 1193//1193
f 80//80 1194//1194 1196//1196
f 78//78 1192//1192 1196//1196
f 62//62 1195//1195 1196//1196
f 82//82 1197//1197 1199//1199
f 80//80 1195//1195 1199//1199
f 62//62 1198//1198 1199//1199
f 32//32 81//81 1200//1200
f 84//84 1201//1201 1203//1203
f 82//82 1198//1198 1203//1203
f 62//62 1202//1202 1203//1203
f 84//84 1202//1202 1205//1205
f 62//62 1204//1204 1205//1205
f 87//87 1206//1206 1208//1208
f 85//85 1204//1204 1208//1208
f 86//86 1207//1207 1208//1208
f 88//88 1209//1209 1211//1211
f 87//87 1207//1207 1211//1211
f 86//86 1210//1210 1211//1211
f 89//89 1212//1212 1214//1214
f 88//88 1210//1210 1214//1214
f 86//86 1213//1213 1214//1214
f 90//90 1215//1215 1217//1217
f 89//89 1213//1213 1217//1217
f 86//86 1216//1216 1217//1217
f 91//91 1218//1218 1220//1220
f 90//90 1216//1216 1220//1220
f 86//86 1219//1219 1220//1220
f 92//92 1221//1221 1223//1223
f 91//91 1219//1219 1223//1223
f 86//86 1222//1222 1223//1223
f 93//93 1224//1224 1226//1226
f 92//92 1222//1222 1226//1226
f 86//86 1225//1225 1226//1226
f 94//94 1227//1227 1229//1229
f 93//93 1225//1225 1229//1229
f 86//86 1228//1228 1229//1229
f 95//95 1230//1230 1232//1232
f 94//94 1228//1228 1232//1232
f 86//86 1231//1231 1232//1232
f 96//96 1233//1233 1235//1235
f 95//95 1231//1231 1235//1235
f 86//86 1234//1234 1235//1235
f 97//97 1236//1236 1238//1238
f 96//96 1234//1234 1238//1238
f 86//86 1237//1237 1238//1238
f 98//98 1239//1239 1241//1241
f 97//97 1237//1237 1241//1241
f 86//86 1240//1240 1241//1241
f 98//98 1240//1240 1242//1242
f 86//86 1244//1244 1242//1242
f 86//86 1243//1243 1244//1244
f 101//101 99//99 1246//1246
f 99//99 1244//1244 1246//1246
f 100//100 1245//1245 1246//1246
f 102//102 1247//1247 1249//1249
f 101//101 1245//1245 1249//1249
f 100//100 1248//1248 1249//1249
f 103//103 1250//1250 1252//1252
f 102//102 1248//1248 1252//1252
f 100//100 1251//1251 1252//1252
f 104//104 1253//1253 1255//1255
f 103//103 1251//1251 1255//1255
f 100//100 1254//1254 1255//1255
f 105//105 1256//1256 1258//1258
f 104//104 1254//1254 1258//1258
f 100//100 1257//1257 1258//1258
f 106//106 1259//1259 1261//1261
f 105//105 1257//1257 1261//1261
f 100//100 1260//1260 1261//1261
f 106//106 1260//1260 1263//1263
f 100//100 1262//1262 1263//1263
f 108//108 1264//1264 1266//1266
f 110//110 1265//1265 1266//1266
f 108//108 1265//1265 1269//1269
f 110//110 1267//1267 1269//1269
f 111//111 1268//1268 1269//1269
f 108//108 1268//1268 1272//1272
f 111//111 1270//1270 1272//1272
f 112//112 1271//1271 1272//1272
f 108//108 1271//1271 1273//1273
f 112//112 107//107 1273//1273
f 107//107 1262//1262 1273//1273
f 100//100 1274//1274 1262//1262
f 120//120 1470//1470 1277//1277
f 122//122 1276//1276 1277//1277
f 120//120 1276//1276 1278//1278
f 122//122 109//109 1278//1278
f 109//109 1264//1264 1278//1278
f 108//108 1279//1279 1264//1264
f 28//28 1139//1139 113//113
f 28//28 34//34 60//60
f 36//36 1136//1136 1282//1282
f 44//44 1280//1280 1282//1282
f 128//128 1281//1281 1282//1282
f 36//36 1281//1281 1285//1285
f 128//128 1283//1283 1285//1285
f 129//129 1284//1284 1285//1285
f 36//36 1284//1284 1288//1288
f 129//129 1286//1286 1288//1288
f 130//130 1287//1287 1288//1288
f 36//36 1287//1287 1291//1291
f 130//130 1289//1289 1291//1291
f 131//131 1290//1290 1291//1291
f 36//36 1290//1290 1294//1294
f 131//131 1292//1292 1294//1294
f 132//132 1293//1293 1294//1294
f 36//36 1293//1293 1297//1297
f 132//132 1295//1295 1297//1297
f 133//133 1296//1296 1297//1297
f 36//36 1296//1296 1300//1300
f 133//133 1298//1298 1300//1300
f 134//134 1299//1299 1300//1300
f 36//36 1299//1299 1303//1303
f 134//134 1301//1301 1303//1303
f 135//135 1302//1302 1303//1303
f 36//36 1302//1302 1306//1306
f 135//135 1304//1304 1306//1306
f 136//136 1305//1305 1306//1306
f 36//36 1305//1305 1309//1309
f 136//136 1307//1307 1309//1309
f 137//137 1308//1308 1309//1309
f 36//36 1308//1308 1312//1312
f 137//137 1310//1310 1312//1312
f 138//138 1311//1311 1312//1312
f 36//36 1311//1311 1315//1315
f 138//138 1313//1313 1315//1315
f 139//139 1314//1314 1315//1315
f 36//36 1314//1314 1318//1318
f 139//139 1316//1316 1318//1318
f 140//140 1317//1317 1318//1318
f 36//36 1317//1317 1321//1321
f 140//140 1319//1319 1321//1321
f 141//141 1320//1320 1321//1321
f 36//36 1320//1320 1324//1324
f 141//141 1322//1322 1324//1324
f 142//142 1323//1323 1324//1324
f 36//36 1323//1323 1327//1327
f 142//142 1325//1325 1327//1327
f 143//143 1326//1326 1327//1327
f 1139//1139 144//144 1328//1328
f 1139//1139 47//47 1329//1329
f 34//34 33//33 1330//1330
f 60//60 34//34 57//57
f 34//34 1330//1330 57//57
f 33//33 1331//1331 1330//1330
f 46//46 45//45 1332//1332
f 45//45 1333//1333 1334//1334
f 59//59 1162//1162 147//147
f 152//152 1336//1336 1338//1338
f 56//56 1159//1159 1338//1338
f 49//49 1337//1337 1338//1338
f 153//153 1339//1339 1341//1341
f 152//152 1337//1337 1341//1341
f 49//49 1340//1340 1341//1341
f 154//154 1342//1342 1344//1344
f 153//153 1340//1340 1344//1344
f 49//49 1343//1343 1344//1344
f 157//157 1345//1345 1347//1347
f 154//154 1343//1343 1347//1347
f 49//49 1346//1346 1347//1347
f 159//159 1348//1348 1350//1350
f 157//157 1346//1346 1350//1350
f 49//49 1349//1349 1350//1350
f 161//161 1351//1351 1353//1353
f 159//159 1349//1349 1353//1353
f 49//49 1352//1352 1353//1353
f 163//163 1354//1354 1356//1356
f 161//161 1352//1352 1356//1356
f 49//49 1355//1355 1356//1356
f 165//165 1357//1357 1359//1359
f 163//163 1355//1355 1359//1359
f 49//49 1358//1358 1359//1359
f 167//167 1360//1360 1362//1362
f 165//165 1358//1358 1362//1362
f 49//49 1361//1361 1362//1362
f 58//58 166//166 1363//1363
f 169//169 1364//1364 1366//1366
f 167//167 1361//1361 1366//1366
f 49//49 1365//1365 1366//1366
f 171//171 1367//1367 1369//1369
f 169//169 1365//1365 1369//1369
f 49//49 1368//1368 1369//1369
f 173//173 1370//1370 1372//1372
f 171//171 1368//1368 1372//1372
f 49//49 1371//1371 1372//1372
f 174//174 1373//1373 1374//1374
f 58//58 1363//1363 1374//1374
f 151//151 1376//1376 1375//1375
f 176//176 1377//1377 1375//1375
f 177//177 1378//1378 1380//1380
f 173//173 1371//1371 1380//1380
f 49//49 1379//1379 1380//1380
f 58//58 1373//1373 1381//1381
f 174//174 1382//1382 1381//1381
f 179//179 1383//1383 1385//1385
f 177//177 1379//1379 1385//1385
f 49//49 1384//1384 1385//1385
f 180//180 1386//1386 1388//1388
f 179//179 1384//1384 1388//1388
f 49//49 1387//1387 1388//1388
f 180//180 1387//1387 1390//1390
f 49//49 1389//1389 1390//1390
f 178//178 1391//1391 1381//1381
f 58//58 1381//1381 1392//1392
f 182//182 1391//1391 1395//1395
f 178//178 1393//1393 1395//1395
f 183//183 1394//1394 1395//1395
f 182//182 1394//1394 1398//1398
f 183//183 1396//1396 1398//1398
f 184//184 1397//1397 1398//1398
f 182//182 1397//1397 1401//1401
f 184//184 1399//1399 1401//1401
f 185//185 1400//1400 1401//1401
f 182//182 1400//1400 1404//1404
f 185//185 1402//1402 1404//1404
f 186//186 1403//1403 1404//1404
f 182//182 1403//1403 1407//1407
f 186//186 1405//1405 1407//1407
f 187//187 1406//1406 1407//1407
f 182//182 1406//1406 1410//1410
f 187//187 1408//1408 1410//1410
f 188//188 1409//1409 1410//1410
f 182//182 1409//1409 1413//1413
f 188//188 1411//1411 1413//1413
f 189//189 1412//1412 1413//1413
f 182//182 1412//1412 1416//1416
f 189//189 1414//1414 1416//1416
f 190//190 1415//1415 1416//1416
f 182//182 1415//1415 1419//1419
f 190//190 1417//1417 1419//1419
f 191//191 1418//1418 1419//1419
f 182//182 1418//1418 1422//1422
f 191//191 1420//1420 1422//1422
f 192//192 1421//1421 1422//1422
f 182//182 1421//1421 1425//1425
f 192//192 1423//1423 1425//1425
f 193//193 1424//1424 1425//1425
f 195//195 196//196 176//176
f 182//182 1424//1424 1427//1427
f 193//193 1428//1428 1427//1427
f 200//200 1428//1428 1431//1431
f 193//193 1429//1429 1431//1431
f 201//201 1430//1430 1431//1431
f 200//200 1430//1430 1434//1434
f 201//201 1432//1432 1434//1434
f 202//202 1433//1433 1434//1434
f 200//200 1433//1433 1437//1437
f 202//202 1435//1435 1437//1437
f 203//203 1436//1436 1437//1437
f 200//200 1436//1436 1440//1440
f 203//203 1438//1438 1440//1440
f 204//204 1439//1439 1440//1440
f 200//200 1439//1439 1443//1443
f 204//204 1441//1441 1443//1443
f 205//205 1442//1442 1443//1443
f 200//200 1442//1442 1446//1446
f 205//205 1444//1444 1446//1446
f 206//206 1445//1445 1446//1446
f 200//200 1445//1445 1449//1449
f 206//206 1447//1447 1449//1449
f 207//207 1448//1448 1449//1449
f 200//200 1448//1448 1452//1452
f 207//207 1450//1450 1452//1452
f 208//208 1451//1451 1452//1452
f 200//200 1451//1451 1455//1455
f 208//208 1453//1453 1455//1455
f 209//209 1454//1454 1455//1455
f 200//200 1454//1454 1458//1458
f 209//209 1456//1456 1458//1458
f 210//210 1457//1457 1458//1458
f 200//200 1457//1457 1461//1461
f 210//210 1459//1459 1461//1461
f 211//211 1460//1460 1461//1461
f 200//200 1460//1460 1464//1464
f 211//211 1462//1462 1464//1464
f 212//212 1463//1463 1464//1464
f 200//200 1463//1463 1466//1466
f 212//212 1465//1465 1466//1466
f 213//213 1479//1479 1466//1466
f 1375//1375 1467//1467 148//148
f 215//215 1468//1468 1469//1469
f 143//143 121//121 1469//1469
f 121//121 1470//1470 1469//1469
f 49//49 1331//1331 1326//1326
f 143//143 1468//1468 1326//1326
f 120//120 1471//1471 1470//1470
f 175//175 1377//1377 1511//1511
f 217//217 1472//1472 1475//1475
f 218//218 1473//1473 1475//1475
f 219//219 1474//1474 1475//1475
f 217//217 1474//1474 1478//1478
f 219//219 1476//1476 1478//1478
f 220//220 1477//1477 1478//1478
f 217//217 217//217 1479//1479
f 217//217 1479//1479 1481//1481
f 221//221 1480//1480 1481//1481
f 217//217 1480//1480 1484//1484
f 221//221 1482//1482 1484//1484
f 222//222 1483//1483 1484//1484
f 217//217 1483//1483 1487//1487
f 222//222 1485//1485 1487//1487
f 223//223 1486//1486 1487//1487
f 217//217 1486//1486 1490//1490
f 223//223 1488//1488 1490//1490
f 224//224 1489//1489 1490//1490
f 217//217 1489//1489 1492//1492
f 224//224 1491//1491 1492//1492
f 218//218 1472//1472 1492//1492
f 226//226 1494//1494 1495//1495
f 227//227 181//181 1495//1495
f 181//181 1389//1389 1495//1495
f 49//49 1496//1496 1389//1389
f 49//49 1326//1326 1496//1496
f 215//215 1497//1497 1496//1496
f 228//228 1498//1498 1501//1501
f 220//220 1499//1499 1501//1501
f 229//229 1500//1500 1501//1501
f 228//228 1500//1500 1504//1504
f 229//229 1502//1502 1504//1504
f 230//230 1503//1503 1504//1504
f 228//228 1503//1503 1507//1507
f 230//230 1505//1505 1507//1507
f 231//231 1506//1506 1507//1507
f 228//228 1506//1506 1508//1508
f 231//231 232//232 1508//1508
f 232//232 1514//1514 1508//1508
f 217//217 1477//1477 1509//1509
f 220//220 1498//1498 1509//1509
f 196//196 216//216 1510//1510
f 215//215 1511//1511 1497//1497
f 237//237 1514//1514 1516//1516
f 238//238 1515//1515 1516//1516
f 237//237 1515//1515 1517//1517
f 238//238 227//227 1517//1517
f 227//227 1494//1494 1517//1517
f 237//237 1518//1518 1514//1514
f 1511//1511 225//225 1519//1519
f 1511//1511 1519//1519 1512//1512
f 233//233 1520//1520 1519//1519
f 1522//1522 226//226 1521//1521
f 241//241 242//242 1522//1522
f 235//235 1512//1512 243//243
f 244//244 241//241 1526//1526
f 241//241 246//246 1526//1526
f 247//247 1527//1527 1530//1530
f 248//248 1528//1528 1530//1530
f 8//8 1529//1529 1530//1530
f 249//249 1531//1531 1533//1533
f 247//247 1529//1529 1533//1533
f 8//8 1532//1532 1533//1533
f 250//250 1534//1534 1536//1536
f 8//8 1528//1528 1536//1536
f 248//248 1535//1535 1536//1536
f 251//251 1537//1537 1538//1538
f 8//8 1534//1534 1538//1538
f 250//250 251//251 1538//1538
f 249//249 1532//1532 1539//1539
f 8//8 1087//1087 1539//1539
f 253//253 252//252 1541//1541
f 252//252 1087//1087 1541//1541
f 4//4 1540//1540 1541//1541
f 254//254 1542//1542 1544//1544
f 8//8 1537//1537 1544//1544
f 251//251 1543//1543 1544//1544
f 255//255 1545//1545 1547//1547
f 253//253 1540//1540 1547//1547
f 4//4 1546//1546 1547//1547
f 256//256 1548//1548 1550//1550
f 255//255 1546//1546 1550//1550
f 4//4 1549//1549 1550//1550
f 257//257 1551//1551 1553//1553
f 256//256 1549//1549 1553//1553
f 4//4 1552//1552 1553//1553
f 258//258 1554//1554 1556//1556
f 254//254 1555//1555 1556//1556
f 260//260 1557//1557 1556//1556
f 254//254 1554//1554 1542//1542
f 259//259 1542//1542 1632//1632
f 4//4 1560//1560 1552//1552
f 261//261 3856//3856 1557//1557
f 243//243 245//245 1558//1558
f 246//246 243//243 1559//1559
f 243//243 266//266 1559//1559
f 269//269 267//267 1560//1560
f 4//4 269//269 1560//1560
f 258//258 268//268 1561//1561
f 4//4 271//271 269//269
f 4//4 272//272 271//271
f 4//4 273//273 272//272
f 4//4 274//274 273//273
f 275//275 274//274 1562//1562
f 1563//1563 276//276 1562//1562
f 277//277 1563//1563 1562//1562
f 4//4 1564//1564 1562//1562
f 278//278 1565//1565 1567//1567
f 277//277 1564//1564 1567//1567
f 4//4 1566//1566 1567//1567
f 279//279 1568//1568 1570//1570
f 278//278 1566//1566 1570//1570
f 4//4 1569//1569 1570//1570
f 4//4 1571//1571 1569//1569
f 245//245 1572//1572 1573//1573
f 3//3 1086//1086 1575//1575
f 284//284 1574//1574 1575//1575
f 3//3 1574//1574 1578//1578
f 284//284 1576//1576 1578//1578
f 285//285 1577//1577 1578//1578
f 3//3 1577//1577 1581//1581
f 285//285 1579//1579 1581//1581
f 286//286 1580//1580 1581//1581
f 3//3 1580//1580 1584//1584
f 286//286 1582//1582 1584//1584
f 287//287 1583//1583 1584//1584
f 3//3 1583//1583 1586//1586
f 287//287 288//288 1586//1586
f 288//288 1585//1585 1586//1586
f 3//3 1585//1585 1588//1588
f 288//288 289//289 1588//1588
f 289//289 1587//1587 1588//1588
f 3//3 1587//1587 1591//1591
f 289//289 1589//1589 1591//1591
f 290//290 1590//1590 1591//1591
f 3//3 1590//1590 1594//1594
f 290//290 1592//1592 1594//1594
f 291//291 1593//1593 1594//1594
f 3//3 1593//1593 1597//1597
f 291//291 1595//1595 1597//1597
f 292//292 1596//1596 1597//1597
f 3//3 1596//1596 1600//1600
f 292//292 1598//1598 1600//1600
f 293//293 1599//1599 1600//1600
f 3//3 1599//1599 1603//1603
f 293//293 1601//1601 1603//1603
f 294//294 1602//1602 1603//1603
f 3//3 1602//1602 1606//1606
f 294//294 1604//1604 1606//1606
f 295//295 1605//1605 1606//1606
f 3//3 1605//1605 1608//1608
f 295//295 296//296 1608//1608
f 296//296 1607//1607 1608//1608
f 4//4 1080//1080 1571//1571
f 3//3 1607//1607 1611//1611
f 296//296 1609//1609 1611//1611
f 297//297 1610//1610 1611//1611
f 3//3 1610//1610 1613//1613
f 297//297 1612//1612 1613//1613
f 298//298 1614//1614 1613//1613
f 298//298 280//280 1614//1614
f 280//280 1571//1571 1614//1614
f 5//5 1615//1615 1618//1618
f 300//300 1616//1616 1618//1618
f 301//301 1617//1617 1618//1618
f 5//5 1617//1617 1621//1621
f 301//301 1619//1619 1621//1621
f 302//302 1620//1620 1621//1621
f 5//5 1620//1620 1623//1623
f 302//302 303//303 1623//1623
f 303//303 1622//1622 1623//1623
f 5//5 1622//1622 1625//1625
f 303//303 1624//1624 1625//1625
f 283//283 1086//1086 1625//1625
f 5//5 1090//1090 1627//1627
f 304//304 1626//1626 1627//1627
f 5//5 1626//1626 1628//1628
f 304//304 300//300 1628//1628
f 300//300 1615//1615 1628//1628
f 299//299 282//282 1629//1629
f 282//282 305//305 1629//1629
f 282//282 306//306 1630//1630
f 282//282 307//307 1631//1631
f 236//236 308//308 233//233
f 262//262 308//308 309//309
f 310//310 1634//1634 1637//1637
f 311//311 1635//1635 1637//1637
f 312//312 1636//1636 1637//1637
f 310//310 1636//1636 1639//1639
f 312//312 313//313 1639//1639
f 313//313 1638//1638 1639//1639
f 310//310 1638//1638 1642//1642
f 313//313 1640//1640 1642//1642
f 314//314 1641//1641 1642//1642
f 310//310 1641//1641 1645//1645
f 314//314 1643//1643 1645//1645
f 315//315 1644//1644 1645//1645
f 310//310 1644//1644 1647//1647
f 315//315 1646//1646 1647//1647
f 316//316 1652//1652 1647//1647
f 282//282 317//317 1649//1649
f 317//317 1648//1648 318//318
f 308//308 310//310 1650//1650
f 240//240 1520//1520 1651//1651
f 233//233 319//319 1651//1651
f 10//10 1652//1652 1653//1653
f 14//14 1097//1097 1653//1653
f 319//319 1650//1650 1654//1654
f 319//319 1655//1655 1651//1651
f 325//325 1655//1655 1656//1656
f 319//319 327//327 1656//1656
f 310//310 1652//1652 1658//1658
f 10//10 1657//1657 1658//1658
f 321//321 1654//1654 1658//1658
f 1100//1100 1659//1659 1657//1657
f 319//319 331//331 1660//1660
f 20//20 1659//1659 332//332
f 20//20 332//332 1662//1662
f 332//332 1661//1661 1662//1662
f 20//20 333//333 1663//1663
f 319//319 1665//1665 1664//1664
f 337//337 338//338 1668//1668
f 338//338 1666//1666 1668//1668
f 321//321 1667//1667 1668//1668
f 342//342 1669//1669 1671//1671
f 337//337 1667//1667 1671//1671
f 321//321 1670//1670 1671//1671
f 344//344 342//342 1673//1673
f 342//342 1670//1670 1673//1673
f 321//321 1672//1672 1673//1673
f 335//335 343//343 1674//1674
f 346//346 1675//1675 1677//1677
f 344//344 1672//1672 1677//1677
f 321//321 1676//1676 1677//1677
f 321//321 1658//1658 1678//1678
f 346//346 1676//1676 1679//1679
f 321//321 1678//1678 1679//1679
f 335//335 345//345 1680//1680
f 335//335 348//348 1681//1681
f 348//348 4282//4282 1681//1681
f 27//27 1682//1682 1683//1683
f 347//347 1678//1678 1683//1683
f 22//22 1110//1110 1683//1683
f 350//350 1684//1684 1686//1686
f 335//335 1681//1681 1686//1686
f 349//349 1685//1685 1686//1686
f 20//20 334//334 1687//1687
f 350//350 1688//1688 1684//1684
f 352//352 1688//1688 1691//1691
f 350//350 1689//1689 1691//1691
f 353//353 1690//1690 1691//1691
f 352//352 1690//1690 1694//1694
f 353//353 1692//1692 1694//1694
f 354//354 1693//1693 1694//1694
f 352//352 1693//1693 1697//1697
f 354//354 1695//1695 1697//1697
f 355//355 1696//1696 1697//1697
f 352//352 1696//1696 1699//1699
f 355//355 356//356 1699//1699
f 356//356 1698//1698 1699//1699
f 352//352 1698//1698 1702//1702
f 356//356 1700//1700 1702//1702
f 357//357 1701//1701 1702//1702
f 352//352 1701//1701 1703//1703
f 357//357 357//357 1703//1703
f 358//358 1708//1708 1703//1703
f 336//336 1664//1664 1704//1704
f 335//335 1684//1684 1704//1704
f 20//20 351//351 1705//1705
f 20//20 359//359 1706//1706
f 361//361 1707//1707 1708//1708
f 361//361 1708//1708 1710//1710
f 362//362 1709//1709 1710//1710
f 361//361 1709//1709 1713//1713
f 362//362 1711//1711 1713//1713
f 363//363 1712//1712 1713//1713
f 361//361 1712//1712 1716//1716
f 363//363 1714//1714 1716//1716
f 364//364 1715//1715 1716//1716
f 361//361 1715//1715 1718//1718
f 364//364 365//365 1718//1718
f 365//365 1717//1717 1718//1718
f 361//361 1717//1717 1721//1721
f 365//365 1719//1719 1721//1721
f 366//366 1720//1720 1721//1721
f 361//361 1720//1720 1722//1722
f 366//366 367//367 1722//1722
f 367//367 1723//1723 1722//1722
f 368//368 1728//1728 1727//1727
f 361//361 1728//1728 1729//1729
f 361//361 1729//1729 1730//1730
f 361//361 1730//1730 1733//1733
f 371//371 1731//1731 1733//1733
f 372//372 1732//1732 1733//1733
f 361//361 1732//1732 1736//1736
f 372//372 1734//1734 1736//1736
f 373//373 1735//1735 1736//1736
f 361//361 1735//1735 1739//1739
f 373//373 1737//1737 1739//1739
f 374//374 1738//1738 1739//1739
f 20//20 360//360 1740//1740
f 361//361 1738//1738 1741//1741
f 374//374 1742//1742 1741//1741
f 376//376 1742//1742 1745//1745
f 374//374 1743//1743 1745//1745
f 377//377 1744//1744 1745//1745
f 376//376 1744//1744 1747//1747
f 377//377 378//378 1747//1747
f 378//378 1746//1746 1747//1747
f 376//376 1746//1746 1749//1749
f 378//378 379//379 1749//1749
f 379//379 1748//1748 1749//1749
f 376//376 1748//1748 1752//1752
f 379//379 1750//1750 1752//1752
f 380//380 1751//1751 1752//1752
f 376//376 1751//1751 1755//1755
f 380//380 1753//1753 1755//1755
f 381//381 1754//1754 1755//1755
f 376//376 1754//1754 1758//1758
f 381//381 1756//1756 1758//1758
f 382//382 1757//1757 1758//1758
f 376//376 1757//1757 1761//1761
f 382//382 1759//1759 1761//1761
f 383//383 1760//1760 1761//1761
f 376//376 1760//1760 1764//1764
f 383//383 1762//1762 1764//1764
f 384//384 1763//1763 1764//1764
f 376//376 1763//1763 1767//1767
f 384//384 1765//1765 1767//1767
f 385//385 1766//1766 1767//1767
f 376//376 1766//1766 1769//1769
f 385//385 386//386 1769//1769
f 386//386 1768//1768 1769//1769
f 376//376 1768//1768 1772//1772
f 386//386 1770//1770 1772//1772
f 387//387 1771//1771 1772//1772
f 376//376 1771//1771 1775//1775
f 387//387 1773//1773 1775//1775
f 388//388 1774//1774 1775//1775
f 376//376 1774//1774 1778//1778
f 388//388 1776//1776 1778//1778
f 389//389 1777//1777 1778//1778
f 376//376 1777//1777 1780//1780
f 389//389 390//390 1780//1780
f 390//390 1779//1779 1780//1780
f 376//376 1779//1779 1783//1783
f 390//390 1781//1781 1783//1783
f 391//391 1782//1782 1783//1783
f 376//376 1782//1782 1786//1786
f 391//391 1784//1784 1786//1786
f 392//392 1785//1785 1786//1786
f 20//20 375//375 1787//1787
f 376//376 1785//1785 1788//1788
f 392//392 1789//1789 1788//1788
f 23//23 1789//1789 1792//1792
f 392//392 1790//1790 1792//1792
f 394//394 1791//1791 1792//1792
f 23//23 1791//1791 1794//1794
f 394//394 395//395 1794//1794
f 395//395 1793//1793 1794//1794
f 23//23 1793//1793 1797//1797
f 395//395 1795//1795 1797//1797
f 396//396 1796//1796 1797//1797
f 23//23 1796//1796 1800//1800
f 396//396 1798//1798 1800//1800
f 397//397 1799//1799 1800//1800
f 23//23 1799//1799 1803//1803
f 397//397 1801//1801 1803//1803
f 398//398 1802//1802 1803//1803
f 23//23 1802//1802 1805//1805
f 398//398 1804//1804 1805//1805
f 24//24 1103//1103 1805//1805
f 20//20 393//393 1806//1806
f 399//399 1807//1807 1810//1810
f 400//400 1808//1808 1810//1810
f 401//401 1809//1809 1810//1810
f 402//402 1811//1811 1813//1813
f 400//400 1807//1807 1813//1813
f 399//399 1812//1812 1813//1813
f 403//403 1814//1814 1815//1815
f 401//401 1808//1808 1815//1815
f 400//400 1816//1816 1815//1815
f 400//400 404//404 1816//1816
f 405//405 1817//1817 1819//1819
f 400//400 1811//1811 1819//1819
f 402//402 1818//1818 1819//1819
f 406//406 1820//1820 1822//1822
f 403//403 1816//1816 1822//1822
f 404//404 1821//1821 1822//1822
f 407//407 1823//1823 1825//1825
f 406//406 1821//1821 1825//1825
f 404//404 1824//1824 1825//1825
f 408//408 1826//1826 1828//1828
f 400//400 1817//1817 1828//1828
f 405//405 1827//1827 1828//1828
f 409//409 1829//1829 1831//1831
f 407//407 1824//1824 1831//1831
f 404//404 1830//1830 1831//1831
f 410//410 1832//1832 1834//1834
f 400//400 1826//1826 1834//1834
f 408//408 1833//1833 1834//1834
f 411//411 1835//1835 1837//1837
f 409//409 1830//1830 1837//1837
f 404//404 1836//1836 1837//1837
f 412//412 1838//1838 1840//1840
f 400//400 1832//1832 1840//1840
f 410//410 1839//1839 1840//1840
f 413//413 1841//1841 1843//1843
f 400//400 1838//1838 1843//1843
f 412//412 1842//1842 1843//1843
f 414//414 1844//1844 1846//1846
f 411//411 1836//1836 1846//1846
f 404//404 1845//1845 1846//1846
f 415//415 1847//1847 1849//1849
f 400//400 1841//1841 1849//1849
f 413//413 1848//1848 1849//1849
f 416//416 1850//1850 1852//1852
f 414//414 1845//1845 1852//1852
f 404//404 1851//1851 1852//1852
f 417//417 1853//1853 1855//1855
f 400//400 1847//1847 1855//1855
f 415//415 1854//1854 1855//1855
f 418//418 1856//1856 1858//1858
f 416//416 1851//1851 1858//1858
f 404//404 1857//1857 1858//1858
f 419//419 1859//1859 1861//1861
f 400//400 1853//1853 1861//1861
f 417//417 1860//1860 1861//1861
f 420//420 1862//1862 1864//1864
f 418//418 1857//1857 1864//1864
f 404//404 1863//1863 1864//1864
f 421//421 1865//1865 1867//1867
f 400//400 1859//1859 1867//1867
f 419//419 1866//1866 1867//1867
f 422//422 1868//1868 1870//1870
f 420//420 1863//1863 1870//1870
f 404//404 1869//1869 1870//1870
f 423//423 1871//1871 1873//1873
f 422//422 1869//1869 1873//1873
f 404//404 1872//1872 1873//1873
f 400//400 1875//1875 1874//1874
f 424//424 1875//1875 1877//1877
f 400//400 1865//1865 1877//1877
f 421//421 1876//1876 1877//1877
f 426//426 1878//1878 1879//1879
f 423//423 1872//1872 1879//1879
f 404//404 1881//1881 1879//1879
f 404//404 1880//1880 1881//1881
f 428//428 1882//1882 1884//1884
f 425//425 1874//1874 1884//1884
f 424//424 1883//1883 1884//1884
f 429//429 1885//1885 1887//1887
f 426//426 1881//1881 1887//1887
f 427//427 1886//1886 1887//1887
f 430//430 1888//1888 1890//1890
f 425//425 1882//1882 1890//1890
f 428//428 1889//1889 1890//1890
f 431//431 1891//1891 1893//1893
f 429//429 1886//1886 1893//1893
f 427//427 1892//1892 1893//1893
f 432//432 1894//1894 1896//1896
f 425//425 1888//1888 1896//1896
f 430//430 1895//1895 1896//1896
f 433//433 1897//1897 1899//1899
f 425//425 1894//1894 1899//1899
f 432//432 1898//1898 1899//1899
f 434//434 1900//1900 1902//1902
f 431//431 1892//1892 1902//1902
f 427//427 1901//1901 1902//1902
f 435//435 1903//1903 1905//1905
f 434//434 1901//1901 1905//1905
f 427//427 1904//1904 1905//1905
f 436//436 1906//1906 1908//1908
f 425//425 1897//1897 1908//1908
f 433//433 1907//1907 1908//1908
f 437//437 1909//1909 1910//1910
f 435//435 1904//1904 1910//1910
f 427//427 1912//1912 1910//1910
f 427//427 1911//1911 1912//1912
f 439//439 1913//1913 1915//1915
f 425//425 1906//1906 1915//1915
f 436//436 1914//1914 1915//1915
f 440//440 1916//1916 1918//1918
f 437//437 1912//1912 1918//1918
f 438//438 1917//1917 1918//1918
f 441//441 1919//1919 1921//1921
f 425//425 1913//1913 1921//1921
f 439//439 1920//1920 1921//1921
f 442//442 1922//1922 1924//1924
f 440//440 1917//1917 1924//1924
f 438//438 1923//1923 1924//1924
f 443//443 1925//1925 1927//1927
f 425//425 1919//1919 1927//1927
f 441//441 1926//1926 1927//1927
f 444//444 1928//1928 1930//1930
f 425//425 1925//1925 1930//1930
f 443//443 1929//1929 1930//1930
f 438//438 1931//1931 1932//1932
f 445//445 1933//1933 1934//1934
f 442//442 1923//1923 1934//1934
f 438//438 1932//1932 1934//1934
f 447//447 1935//1935 1937//1937
f 445//445 1932//1932 1937//1937
f 446//446 1936//1936 1937//1937
f 448//448 1938//1938 1940//1940
f 425//425 1928//1928 1940//1940
f 444//444 1939//1939 1940//1940
f 449//449 1941//1941 1942//1942
f 447//447 1936//1936 1942//1942
f 446//446 1944//1944 1942//1942
f 446//446 1943//1943 1944//1944
f 451//451 1945//1945 1947//1947
f 425//425 1938//1938 1947//1947
f 448//448 1946//1946 1947//1947
f 452//452 1948//1948 1950//1950
f 425//425 1945//1945 1950//1950
f 451//451 1949//1949 1950//1950
f 453//453 1951//1951 1953//1953
f 449//449 1944//1944 1953//1953
f 450//450 1952//1952 1953//1953
f 454//454 1954//1954 1955//1955
f 453//453 1952//1952 1955//1955
f 450//450 1956//1956 1955//1955
f 450//450 450//450 1956//1956
f 456//456 1957//1957 1959//1959
f 425//425 1948//1948 1959//1959
f 452//452 1958//1958 1959//1959
f 457//457 425//425 1957//1957
f 458//458 1960//1960 1962//1962
f 454//454 1956//1956 1962//1962
f 455//455 1961//1961 1962//1962
f 458//458 1961//1961 1965//1965
f 455//455 1963//1963 1965//1965
f 459//459 1964//1964 1965//1965
f 460//460 1966//1966 1967//1967
f 457//457 1957//1957 1967//1967
f 461//461 1968//1968 1970//1970
f 458//458 1964//1964 1970//1970
f 459//459 1969//1969 1970//1970
f 461//461 1969//1969 1973//1973
f 459//459 1971//1971 1973//1973
f 462//462 1972//1972 1973//1973
f 463//463 1974//1974 1976//1976
f 457//457 1966//1966 1976//1976
f 460//460 1975//1975 1976//1976
f 464//464 1977//1977 1979//1979
f 457//457 1974//1974 1979//1979
f 463//463 1978//1978 1979//1979
f 465//465 1980//1980 1983//1983
f 462//462 1981//1981 1983//1983
f 466//466 1982//1982 1983//1983
f 465//465 1984//1984 1985//1985
f 461//461 1972//1972 1985//1985
f 462//462 1980//1980 1985//1985
f 467//467 1986//1986 1988//1988
f 457//457 1977//1977 1988//1988
f 464//464 1987//1987 1988//1988
f 468//468 1989//1989 1991//1991
f 465//465 1982//1982 1991//1991
f 466//466 1990//1990 1991//1991
f 469//469 1992//1992 1994//1994
f 466//466 466//466 1994//1994
f 470//470 1993//1993 1994//1994
f 469//469 1995//1995 1996//1996
f 468//468 1990//1990 1996//1996
f 466//466 1992//1992 1996//1996
f 471//471 1997//1997 1999//1999
f 457//457 1986//1986 1999//1999
f 467//467 1998//1998 1999//1999
f 472//472 2000//2000 2003//2003
f 470//470 2001//2001 2003//2003
f 473//473 2002//2002 2003//2003
f 472//472 2004//2004 2005//2005
f 469//469 1993//1993 2005//2005
f 470//470 2000//2000 2005//2005
f 474//474 2006//2006 2008//2008
f 457//457 1997//1997 2008//2008
f 471//471 2007//2007 2008//2008
f 475//475 2009//2009 2011//2011
f 472//472 2002//2002 2011//2011
f 473//473 2010//2010 2011//2011
f 476//476 2012//2012 2014//2014
f 457//457 2006//2006 2014//2014
f 474//474 2013//2013 2014//2014
f 477//477 2015//2015 2018//2018
f 478//478 2016//2016 2018//2018
f 475//475 2017//2017 2018//2018
f 477//477 2017//2017 2019//2019
f 475//475 2010//2010 2019//2019
f 473//473 3054//3054 2019//2019
f 479//479 2020//2020 2023//2023
f 480//480 2021//2021 2023//2023
f 481//481 2022//2022 2023//2023
f 479//479 2024//2024 2026//2026
f 482//482 2025//2025 2026//2026
f 480//480 2020//2020 2026//2026
f 479//479 2027//2027 2029//2029
f 483//483 2028//2028 2029//2029
f 482//482 2024//2024 2029//2029
f 479//479 2030//2030 2032//2032
f 476//476 2031//2031 2032//2032
f 483//483 2027//2027 2032//2032
f 476//476 2030//2030 2012//2012
f 484//484 2033//2033 2036//2036
f 485//485 2034//2034 2036//2036
f 486//486 2035//2035 2036//2036
f 484//484 2037//2037 2039//2039
f 487//487 2038//2038 2039//2039
f 485//485 2033//2033 2039//2039
f 484//484 2040//2040 2042//2042
f 481//481 2041//2041 2042//2042
f 487//487 2037//2037 2042//2042
f 479//479 2022//2022 2043//2043
f 481//481 2040//2040 2043//2043
f 488//488 2044//2044 2047//2047
f 489//489 2045//2045 2047//2047
f 490//490 2046//2046 2047//2047
f 488//488 2048//2048 2050//2050
f 486//486 2049//2049 2050//2050
f 489//489 2044//2044 2050//2050
f 484//484 2035//2035 2051//2051
f 486//486 2048//2048 2051//2051
f 492//492 2052//2052 2053//2053
f 494//494 2054//2054 2056//2056
f 492//492 2053//2053 2056//2056
f 491//491 2055//2055 2056//2056
f 496//496 496//496 2057//2057
f 495//495 2057//2057 2059//2059
f 492//492 2054//2054 2059//2059
f 494//494 2058//2058 2059//2059
f 497//497 2060//2060 2062//2062
f 491//491 2053//2053 2062//2062
f 493//493 2061//2061 2062//2062
f 498//498 2063//2063 2065//2065
f 497//497 2061//2061 2065//2065
f 493//493 2064//2064 2065//2065
f 499//499 2066//2066 2067//2067
f 496//496 2057//2057 2067//2067
f 493//493 2068//2068 2069//2069
f 500//500 2070//2070 2071//2071
f 498//498 2064//2064 2071//2071
f 493//493 2069//2069 2071//2071
f 503//503 2072//2072 2073//2073
f 502//502 2073//2073 2075//2075
f 496//496 2066//2066 2075//2075
f 499//499 2074//2074 2075//2075
f 504//504 2076//2076 2079//2079
f 505//505 2077//2077 2079//2079
f 503//503 2078//2078 2079//2079
f 504//504 2078//2078 2080//2080
f 503//503 2073//2073 2080//2080
f 506//506 2081//2081 2083//2083
f 500//500 2069//2069 2083//2083
f 501//501 2082//2082 2083//2083
f 507//507 2084//2084 2086//2086
f 505//505 2076//2076 2086//2086
f 504//504 2085//2085 2086//2086
f 507//507 2087//2087 2089//2089
f 508//508 2088//2088 2089//2089
f 505//505 2084//2084 2089//2089
f 509//509 2090//2090 2092//2092
f 506//506 2082//2082 2092//2092
f 501//501 2091//2091 2092//2092
f 510//510 2093//2093 2095//2095
f 511//511 3076//3076 2095//2095
f 508//508 2094//2094 2095//2095
f 510//510 2094//2094 2097//2097
f 508//508 2087//2087 2097//2097
f 507//507 2096//2096 2097//2097
f 512//512 2098//2098 2100//2100
f 509//509 2091//2091 2100//2100
f 501//501 2099//2099 2100//2100
f 513//513 2101//2101 2103//2103
f 511//511 2093//2093 2103//2103
f 510//510 2102//2102 2103//2103
f 514//514 2104//2104 2106//2106
f 512//512 2099//2099 2106//2106
f 501//501 2105//2105 2106//2106
f 515//515 2107//2107 2109//2109
f 511//511 2101//2101 2109//2109
f 513//513 2108//2108 2109//2109
f 515//515 2110//2110 2111//2111
f 516//516 516//516 2111//2111
f 511//511 2107//2107 2111//2111
f 501//501 2112//2112 2113//2113
f 517//517 2114//2114 2115//2115
f 514//514 2105//2105 2115//2115
f 501//501 2113//2113 2115//2115
f 519//519 2116//2116 2119//2119
f 520//520 2117//2117 2119//2119
f 516//516 2118//2118 2119//2119
f 519//519 2118//2118 2121//2121
f 516//516 2110//2110 2121//2121
f 515//515 2120//2120 2121//2121
f 521//521 2122//2122 2124//2124
f 517//517 2113//2113 2124//2124
f 518//518 2123//2123 2124//2124
f 522//522 2125//2125 2127//2127
f 477//477 3059//3059 2127//2127
f 520//520 2126//2126 2127//2127
f 522//522 2126//2126 2129//2129
f 520//520 2116//2116 2129//2129
f 519//519 2128//2128 2129//2129
f 523//523 2130//2130 2132//2132
f 521//521 2123//2123 2132//2132
f 518//518 2131//2131 2132//2132
f 477//477 2133//2133 2015//2015
f 524//524 2133//2133 2135//2135
f 477//477 2125//2125 2135//2135
f 522//522 2134//2134 2135//2135
f 525//525 2136//2136 2138//2138
f 523//523 2131//2131 2138//2138
f 518//518 2137//2137 2138//2138
f 526//526 2139//2139 2141//2141
f 525//525 2137//2137 2141//2141
f 518//518 2140//2140 2141//2141
f 527//527 2142//2142 2145//2145
f 528//528 2143//2143 2145//2145
f 478//478 2144//2144 2145//2145
f 527//527 2144//2144 2147//2147
f 478//478 2015//2015 2147//2147
f 524//524 2146//2146 2147//2147
f 529//529 2148//2148 2151//2151
f 530//530 2149//2149 2151//2151
f 528//528 2150//2150 2151//2151
f 529//529 2152//2152 2154//2154
f 531//531 2153//2153 2154//2154
f 530//530 2148//2148 2154//2154
f 529//529 2150//2150 2156//2156
f 528//528 2142//2142 2156//2156
f 527//527 2155//2155 2156//2156
f 532//532 2157//2157 2159//2159
f 526//526 2140//2140 2159//2159
f 518//518 2158//2158 2159//2159
f 533//533 2160//2160 2162//2162
f 532//532 2158//2158 2162//2162
f 518//518 2161//2161 2162//2162
f 534//534 2163//2163 2165//2165
f 531//531 2152//2152 2165//2165
f 529//529 2164//2164 2165//2165
f 535//535 2166//2166 2169//2169
f 536//536 2167//2167 2169//2169
f 531//531 2168//2168 2169//2169
f 535//535 2168//2168 2171//2171
f 531//531 2163//2163 2171//2171
f 534//534 2170//2170 2171//2171
f 537//537 2172//2172 2174//2174
f 533//533 2161//2161 2174//2174
f 518//518 2173//2173 2174//2174
f 538//538 2175//2175 2177//2177
f 537//537 2173//2173 2177//2177
f 518//518 2176//2176 2177//2177
f 539//539 2178//2178 2180//2180
f 536//536 2166//2166 2180//2180
f 535//535 2179//2179 2180//2180
f 539//539 2181//2181 2183//2183
f 540//540 2182//2182 2183//2183
f 536//536 2178//2178 2183//2183
f 541//541 2184//2184 2187//2187
f 542//542 2185//2185 2187//2187
f 540//540 2186//2186 2187//2187
f 541//541 2186//2186 2189//2189
f 540//540 2181//2181 2189//2189
f 539//539 2188//2188 2189//2189
f 543//543 2190//2190 2192//2192
f 538//538 2176//2176 2192//2192
f 518//518 2191//2191 2192//2192
f 544//544 2193//2193 2195//2195
f 543//543 2191//2191 2195//2195
f 518//518 2194//2194 2195//2195
f 545//545 2196//2196 2198//2198
f 542//542 2184//2184 2198//2198
f 541//541 2197//2197 2198//2198
f 545//545 2199//2199 2201//2201
f 546//546 2200//2200 2201//2201
f 542//542 2196//2196 2201//2201
f 547//547 2202//2202 2204//2204
f 544//544 2194//2194 2204//2204
f 518//518 2203//2203 2204//2204
f 548//548 2205//2205 2208//2208
f 549//549 2206//2206 2208//2208
f 546//546 2207//2207 2208//2208
f 548//548 2207//2207 2210//2210
f 546//546 2199//2199 2210//2210
f 545//545 2209//2209 2210//2210
f 550//550 2211//2211 2214//2214
f 551//551 2212//2212 2214//2214
f 549//549 2213//2213 2214//2214
f 550//550 2213//2213 2216//2216
f 549//549 2205//2205 2216//2216
f 548//548 2215//2215 2216//2216
f 552//552 2217//2217 2219//2219
f 551//551 2211//2211 2219//2219
f 550//550 2218//2218 2219//2219
f 552//552 2220//2220 2222//2222
f 553//553 2221//2221 2222//2222
f 551//551 2217//2217 2222//2222
f 554//554 2223//2223 2226//2226
f 490//490 2224//2224 2226//2226
f 553//553 2225//2225 2226//2226
f 554//554 2225//2225 2228//2228
f 553//553 2220//2220 2228//2228
f 552//552 2227//2227 2228//2228
f 518//518 2229//2229 2203//2203
f 555//555 2230//2230 2232//2232
f 556//556 2231//2231 2232//2232
f 547//547 2203//2203 2232//2232
f 555//555 2233//2233 2235//2235
f 557//557 2234//2234 2235//2235
f 556//556 2230//2230 2235//2235
f 555//555 2236//2236 2238//2238
f 558//558 2237//2237 2238//2238
f 557//557 2233//2233 2238//2238
f 555//555 2239//2239 2241//2241
f 559//559 2240//2240 2241//2241
f 558//558 2236//2236 2241//2241
f 555//555 2242//2242 2244//2244
f 560//560 2243//2243 2244//2244
f 559//559 2239//2239 2244//2244
f 555//555 2245//2245 2247//2247
f 561//561 2246//2246 2247//2247
f 560//560 2242//2242 2247//2247
f 555//555 2248//2248 2250//2250
f 562//562 2249//2249 2250//2250
f 561//561 2245//2245 2250//2250
f 555//555 2251//2251 2253//2253
f 563//563 2252//2252 2253//2253
f 562//562 2248//2248 2253//2253
f 555//555 2254//2254 2256//2256
f 564//564 2255//2255 2256//2256
f 563//563 2251//2251 2256//2256
f 555//555 2257//2257 2259//2259
f 565//565 2258//2258 2259//2259
f 564//564 2254//2254 2259//2259
f 555//555 2260//2260 2262//2262
f 566//566 2261//2261 2262//2262
f 565//565 2257//2257 2262//2262
f 555//555 2263//2263 2265//2265
f 567//567 2264//2264 2265//2265
f 566//566 2260//2260 2265//2265
f 555//555 2266//2266 2268//2268
f 568//568 2267//2267 2268//2268
f 567//567 2263//2263 2268//2268
f 555//555 2269//2269 2266//2266
f 569//569 2270//2270 2272//2272
f 570//570 2271//2271 2272//2272
f 568//568 2266//2266 2272//2272
f 569//569 2273//2273 2275//2275
f 571//571 2274//2274 2275//2275
f 570//570 2270//2270 2275//2275
f 569//569 2276//2276 2278//2278
f 572//572 2277//2277 2278//2278
f 571//571 2273//2273 2278//2278
f 569//569 2279//2279 2281//2281
f 573//573 2280//2280 2281//2281
f 572//572 2276//2276 2281//2281
f 569//569 2282//2282 2284//2284
f 574//574 2283//2283 2284//2284
f 573//573 2279//2279 2284//2284
f 569//569 2285//2285 2287//2287
f 575//575 2286//2286 2287//2287
f 574//574 2282//2282 2287//2287
f 569//569 2288//2288 2290//2290
f 576//576 2289//2289 2290//2290
f 575//575 2285//2285 2290//2290
f 569//569 2291//2291 2293//2293
f 577//577 2292//2292 2293//2293
f 576//576 2288//2288 2293//2293
f 569//569 2294//2294 2296//2296
f 578//578 2295//2295 2296//2296
f 577//577 2291//2291 2296//2296
f 569//569 2297//2297 2299//2299
f 579//579 2298//2298 2299//2299
f 578//578 2294//2294 2299//2299
f 569//569 2300//2300 2302//2302
f 580//580 2301//2301 2302//2302
f 579//579 2297//2297 2302//2302
f 569//569 2303//2303 2305//2305
f 581//581 2304//2304 2305//2305
f 580//580 2300//2300 2305//2305
f 569//569 2306//2306 2308//2308
f 582//582 2307//2307 2308//2308
f 581//581 2303//2303 2308//2308
f 583//583 2309//2309 2312//2312
f 584//584 2310//2310 2312//2312
f 585//585 2311//2311 2312//2312
f 583//583 2313//2313 2315//2315
f 586//586 2314//2314 2315//2315
f 584//584 2309//2309 2315//2315
f 583//583 2316//2316 2318//2318
f 587//587 2317//2317 2318//2318
f 586//586 2313//2313 2318//2318
f 583//583 2319//2319 2321//2321
f 588//588 2320//2320 2321//2321
f 587//587 2316//2316 2321//2321
f 569//569 2322//2322 2306//2306
f 583//583 2323//2323 2325//2325
f 589//589 2324//2324 2325//2325
f 582//582 2306//2306 2325//2325
f 583//583 2326//2326 2328//2328
f 590//590 2327//2327 2328//2328
f 589//589 2323//2323 2328//2328
f 583//583 2311//2311 2330//2330
f 585//585 2329//2329 2330//2330
f 590//590 2326//2326 2330//2330
f 591//591 2331//2331 2333//2333
f 592//592 2332//2332 2333//2333
f 588//588 2319//2319 2333//2333
f 591//591 2334//2334 2336//2336
f 593//593 2335//2335 2336//2336
f 592//592 2331//2331 2336//2336
f 591//591 2337//2337 2339//2339
f 594//594 2338//2338 2339//2339
f 593//593 2334//2334 2339//2339
f 591//591 2340//2340 2342//2342
f 595//595 2341//2341 2342//2342
f 594//594 2337//2337 2342//2342
f 583//583 591//591 2319//2319
f 596//596 2343//2343 2345//2345
f 597//597 2344//2344 2345//2345
f 595//595 2340//2340 2345//2345
f 596//596 2346//2346 2348//2348
f 598//598 2347//2347 2348//2348
f 597//597 2343//2343 2348//2348
f 596//596 2349//2349 2351//2351
f 599//599 2350//2350 2351//2351
f 598//598 2346//2346 2351//2351
f 591//591 2352//2352 2340//2340
f 490//490 2223//2223 2046//2046
f 600//600 2353//2353 2356//2356
f 601//601 2354//2354 2356//2356
f 599//599 2355//2355 2356//2356
f 600//600 2357//2357 2359//2359
f 554//554 2358//2358 2359//2359
f 601//601 2353//2353 2359//2359
f 554//554 2357//2357 2223//2223
f 600//600 2355//2355 2361//2361
f 599//599 2349//2349 2361//2361
f 596//596 2360//2360 2361//2361
f 602//602 2969//2969 2362//2362
f 488//488 2046//2046 2362//2362
f 602//602 2362//2362 2363//2363
f 602//602 603//603 2364//2364
f 606//606 605//605 2365//2365
f 605//605 2364//2364 2365//2365
f 608//608 2366//2366 2369//2369
f 9//9 2367//2367 2369//2369
f 609//609 2368//2368 2369//2369
f 610//610 3845//3845 2371//2371
f 609//609 2367//2367 2371//2371
f 9//9 2370//2370 2371//2371
f 611//611 2372//2372 2374//2374
f 9//9 2366//2366 2374//2374
f 608//608 2373//2373 2374//2374
f 612//612 2375//2375 2377//2377
f 610//610 2370//2370 2377//2377
f 9//9 2376//2376 2377//2377
f 613//613 2378//2378 2380//2380
f 9//9 2372//2372 2380//2380
f 611//611 2379//2379 2380//2380
f 1//1 1089//1089 2378//2378
f 614//614 614//614 2382//2382
f 612//612 2376//2376 2382//2382
f 9//9 2381//2381 2382//2382
f 615//615 2383//2383 2385//2385
f 1//1 2378//2378 2385//2385
f 613//613 2384//2384 2385//2385
f 616//616 2386//2386 2388//2388
f 614//614 2381//2381 2388//2388
f 9//9 2387//2387 2388//2388
f 617//617 2389//2389 2391//2391
f 1//1 2383//2383 2391//2391
f 615//615 2390//2390 2391//2391
f 618//618 2392//2392 2394//2394
f 616//616 2387//2387 2394//2394
f 9//9 2393//2393 2394//2394
f 619//619 2395//2395 2397//2397
f 1//1 2389//2389 2397//2397
f 617//617 2396//2396 2397//2397
f 620//620 2398//2398 2399//2399
f 1//1 2395//2395 2399//2399
f 619//619 619//619 2399//2399
f 621//621 2400//2400 2402//2402
f 618//618 2393//2393 2402//2402
f 9//9 2401//2401 2402//2402
f 622//622 622//622 2404//2404
f 621//621 2401//2401 2404//2404
f 9//9 2403//2403 2404//2404
f 623//623 2405//2405 2407//2407
f 1//1 2398//2398 2407//2407
f 620//620 2406//2406 2407//2407
f 624//624 2408//2408 2410//2410
f 1//1 2405//2405 2410//2410
f 623//623 2409//2409 2410//2410
f 625//625 2411//2411 2413//2413
f 622//622 2403//2403 2413//2413
f 9//9 2412//2412 2413//2413
f 628//628 627//627 2415//2415
f 627//627 2414//2414 2415//2415
f 1//1 2408//2408 2416//2416
f 624//624 3826//3826 2416//2416
f 630//630 2417//2417 2419//2419
f 625//625 2412//2412 2419//2419
f 9//9 2418//2418 2419//2419
f 631//631 2420//2420 2422//2422
f 630//630 2418//2418 2422//2422
f 9//9 2421//2421 2422//2422
f 1//1 2416//2416 2423//2423
f 633//633 2424//2424 2425//2425
f 631//631 2421//2421 2425//2425
f 9//9 2427//2427 2425//2425
f 9//9 2426//2426 2427//2427
f 632//632 2428//2428 2423//2423
f 636//636 2429//2429 2431//2431
f 633//633 2427//2427 2431//2431
f 634//634 2430//2430 2431//2431
f 1//1 2423//2423 2432//2432
f 638//638 2433//2433 2435//2435
f 636//636 2430//2430 2435//2435
f 634//634 2434//2434 2435//2435
f 637//637 2436//2436 2432//2432
f 640//640 2437//2437 2439//2439
f 638//638 2434//2434 2439//2439
f 634//634 2438//2438 2439//2439
f 1//1 2432//2432 2440//2440
f 642//642 2441//2441 2443//2443
f 640//640 2438//2438 2443//2443
f 634//634 2442//2442 2443//2443
f 641//641 2444//2444 2440//2440
f 644//644 2445//2445 2447//2447
f 642//642 2442//2442 2447//2447
f 634//634 2446//2446 2447//2447
f 1//1 2440//2440 2448//2448
f 646//646 2449//2449 2450//2450
f 644//644 2446//2446 2450//2450
f 634//634 2452//2452 2450//2450
f 634//634 2451//2451 2452//2452
f 648//648 2453//2453 2455//2455
f 646//646 2452//2452 2455//2455
f 647//647 2454//2454 2455//2455
f 1//1 2448//2448 2456//2456
f 650//650 2458//2458 2460//2460
f 648//648 2454//2454 2460//2460
f 647//647 2459//2459 2460//2460
f 651//651 2461//2461 2463//2463
f 1//1 2456//2456 2463//2463
f 649//649 2462//2462 2463//2463
f 652//652 2464//2464 2466//2466
f 650//650 2459//2459 2466//2466
f 647//647 2465//2465 2466//2466
f 652//652 2465//2465 2468//2468
f 647//647 653//653 2468//2468
f 653//653 2467//2467 2468//2468
f 654//654 2469//2469 2471//2471
f 1//1 2461//2461 2471//2471
f 651//651 2470//2470 2471//2471
f 655//655 2472//2472 2474//2474
f 652//652 2467//2467 2474//2474
f 653//653 2473//2473 2474//2474
f 656//656 2523//2523 2476//2476
f 1//1 2469//2469 2476//2476
f 654//654 2475//2475 2476//2476
f 2//2 2477//2477 2479//2479
f 658//658 2478//2478 2479//2479
f 659//659 2544//2544 2479//2479
f 2//2 2480//2480 2481//2481
f 660//660 658//658 2481//2481
f 658//658 2477//2477 2481//2481
f 2//2 2482//2482 2484//2484
f 661//661 2483//2483 2484//2484
f 660//660 2480//2480 2484//2484
f 2//2 2485//2485 2487//2487
f 662//662 2486//2486 2487//2487
f 661//661 2482//2482 2487//2487
f 2//2 2488//2488 2490//2490
f 663//663 2489//2489 2490//2490
f 662//662 2485//2485 2490//2490
f 2//2 2491//2491 2493//2493
f 664//664 2492//2492 2493//2493
f 663//663 2488//2488 2493//2493
f 2//2 2494//2494 2496//2496
f 665//665 2495//2495 2496//2496
f 664//664 2491//2491 2496//2496
f 2//2 2497//2497 2499//2499
f 666//666 2498//2498 2499//2499
f 665//665 2494//2494 2499//2499
f 2//2 2500//2500 2502//2502
f 667//667 2501//2501 2502//2502
f 666//666 2497//2497 2502//2502
f 2//2 2503//2503 2504//2504
f 668//668 3785//3785 2504//2504
f 667//667 2500//2500 2504//2504
f 2//2 2505//2505 2507//2507
f 669//669 2506//2506 2507//2507
f 668//668 2503//2503 2507//2507
f 2//2 2508//2508 2510//2510
f 670//670 2509//2509 2510//2510
f 669//669 2505//2505 2510//2510
f 2//2 2511//2511 2513//2513
f 671//671 2512//2512 2513//2513
f 670//670 2508//2508 2513//2513
f 2//2 2514//2514 2516//2516
f 672//672 2515//2515 2516//2516
f 671//671 2511//2511 2516//2516
f 2//2 2517//2517 2519//2519
f 673//673 2518//2518 2519//2519
f 672//672 2514//2514 2519//2519
f 2//2 2520//2520 2522//2522
f 674//674 2521//2521 2522//2522
f 673//673 2517//2517 2522//2522
f 2//2 2523//2523 2525//2525
f 656//656 2524//2524 2525//2525
f 674//674 2520//2520 2525//2525
f 2//2 1076//1076 2523//2523
f 6//6 2526//2526 2528//2528
f 677//677 2527//2527 2528//2528
f 678//678 2551//2551 2528//2528
f 6//6 2529//2529 2531//2531
f 679//679 2530//2530 2531//2531
f 677//677 2526//2526 2531//2531
f 6//6 2532//2532 2534//2534
f 680//680 2533//2533 2534//2534
f 679//679 2529//2529 2534//2534
f 6//6 2535//2535 2537//2537
f 681//681 2536//2536 2537//2537
f 680//680 2532//2532 2537//2537
f 6//6 2538//2538 2540//2540
f 682//682 2539//2539 2540//2540
f 681//681 2535//2535 2540//2540
f 6//6 2541//2541 2543//2543
f 683//683 2542//2542 2543//2543
f 682//682 2538//2538 2543//2543
f 6//6 2544//2544 2546//2546
f 659//659 2545//2545 2546//2546
f 683//683 2541//2541 2546//2546
f 6//6 1083//1083 2544//2544
f 675//675 3095//3095 2547//2547
f 676//676 2547//2547 685//685
f 686//686 685//685 2548//2548
f 688//688 2549//2549 2550//2550
f 689//689 690//690 2550//2550
f 690//690 2557//2557 2550//2550
f 688//688 2551//2551 2553//2553
f 678//678 2552//2552 2553//2553
f 689//689 2549//2549 2553//2553
f 688//688 2554//2554 2551//2551
f 693//693 692//692 2556//2556
f 692//692 2555//2555 2556//2556
f 694//694 2557//2557 2560//2560
f 690//690 2558//2558 2560//2560
f 695//695 2559//2559 2560//2560
f 694//694 694//694 2557//2557
f 697//697 2561//2561 2564//2564
f 695//695 2562//2562 2564//2564
f 698//698 2563//2563 2564//2564
f 694//694 2559//2559 2565//2565
f 695//695 2561//2561 2565//2565
f 701//701 700//700 2567//2567
f 700//700 2566//2566 2567//2567
f 704//704 2568//2568 2571//2571
f 698//698 2569//2569 2571//2571
f 705//705 2570//2570 2571//2571
f 704//704 2572//2572 2573//2573
f 702//702 2563//2563 2573//2573
f 698//698 2568//2568 2573//2573
f 706//706 2574//2574 2577//2577
f 705//705 2575//2575 2577//2577
f 707//707 2576//2576 2577//2577
f 706//706 2578//2578 2579//2579
f 704//704 2570//2570 2579//2579
f 705//705 2574//2574 2579//2579
f 709//709 2581//2581 2580//2580
f 653//653 709//709 2580//2580
f 706//706 2576//2576 710//710
f 653//653 2580//2580 2582//2582
f 712//712 2583//2583 2586//2586
f 707//707 2584//2584 2586//2586
f 713//713 2585//2585 2586//2586
f 712//712 2587//2587 2588//2588
f 707//707 2583//2583 2588//2588
f 714//714 2943//2943 2590//2590
f 712//712 2585//2585 2590//2590
f 713//713 2589//2589 2590//2590
f 714//714 2589//2589 2593//2593
f 713//713 2591//2591 2593//2593
f 715//715 2592//2592 2593//2593
f 716//716 2594//2594 2596//2596
f 714//714 2592//2592 2596//2596
f 715//715 2595//2595 2596//2596
f 716//716 2595//2595 2599//2599
f 715//715 2597//2597 2599//2599
f 717//717 2598//2598 2599//2599
f 718//718 2600//2600 2602//2602
f 716//716 2598//2598 2602//2602
f 717//717 2601//2601 2602//2602
f 718//718 2601//2601 2605//2605
f 717//717 2603//2603 2605//2605
f 719//719 2604//2604 2605//2605
f 720//720 2606//2606 2609//2609
f 711//711 2607//2607 2609//2609
f 721//721 2608//2608 2609//2609
f 653//653 2582//2582 2473//2473
f 711//711 2610//2610 2582//2582
f 722//722 2610//2610 2612//2612
f 711//711 2606//2606 2612//2612
f 720//720 2611//2611 2612//2612
f 723//723 2613//2613 2615//2615
f 720//720 2608//2608 2615//2615
f 721//721 2614//2614 2615//2615
f 724//724 2616//2616 2618//2618
f 655//655 2473//2473 2618//2618
f 722//722 2617//2617 2618//2618
f 724//724 2619//2619 2621//2621
f 725//725 2620//2620 2621//2621
f 655//655 2616//2616 2621//2621
f 726//726 2622//2622 2624//2624
f 725//725 2619//2619 2624//2624
f 724//724 2623//2623 2624//2624
f 726//726 2625//2625 2627//2627
f 727//727 2626//2626 2627//2627
f 725//725 2622//2622 2627//2627
f 726//726 2628//2628 2630//2630
f 728//728 2629//2629 2630//2630
f 727//727 2625//2625 2630//2630
f 729//729 2631//2631 2633//2633
f 723//723 2614//2614 2633//2633
f 721//721 2632//2632 2633//2633
f 730//730 2634//2634 2636//2636
f 728//728 2628//2628 2636//2636
f 726//726 2635//2635 2636//2636
f 731//731 2637//2637 2638//2638
f 729//729 2632//2632 2638//2638
f 721//721 2639//2639 2638//2638
f 732//732 2640//2640 2639//2639
f 733//733 2641//2641 2643//2643
f 728//728 2634//2634 2643//2643
f 730//730 2642//2642 2643//2643
f 733//733 2644//2644 2646//2646
f 734//734 2645//2645 2646//2646
f 728//728 2641//2641 2646//2646
f 735//735 2647//2647 2649//2649
f 731//731 2640//2640 2649//2649
f 732//732 2648//2648 2649//2649
f 736//736 2650//2650 2653//2653
f 737//737 2651//2651 2653//2653
f 734//734 2652//2652 2653//2653
f 736//736 2652//2652 2655//2655
f 734//734 2644//2644 2655//2655
f 733//733 2654//2654 2655//2655
f 738//738 2656//2656 2658//2658
f 735//735 2648//2648 2658//2658
f 732//732 2657//2657 2658//2658
f 739//739 2659//2659 2661//2661
f 737//737 2650//2650 2661//2661
f 736//736 2660//2660 2661//2661
f 739//739 2662//2662 2664//2664
f 740//740 2663//2663 2664//2664
f 737//737 2659//2659 2664//2664
f 739//739 2665//2665 2667//2667
f 719//719 2666//2666 2667//2667
f 740//740 2662//2662 2667//2667
f 741//741 2668//2668 2670//2670
f 738//738 2657//2657 2670//2670
f 732//732 2669//2669 2670//2670
f 742//742 2671//2671 2673//2673
f 719//719 2665//2665 2673//2673
f 739//739 2672//2672 2673//2673
f 719//719 2671//2671 2604//2604
f 743//743 2674//2674 2676//2676
f 741//741 2669//2669 2676//2676
f 732//732 2675//2675 2676//2676
f 744//744 2677//2677 2679//2679
f 745//745 718//718 2679//2679
f 718//718 2678//2678 2679//2679
f 744//744 2678//2678 2681//2681
f 718//718 2604//2604 2681//2681
f 742//742 2680//2680 2681//2681
f 746//746 2682//2682 2684//2684
f 743//743 2675//2675 2684//2684
f 732//732 2683//2683 2684//2684
f 747//747 2685//2685 2687//2687
f 745//745 2677//2677 2687//2687
f 744//744 2686//2686 2687//2687
f 747//747 2688//2688 2690//2690
f 748//748 2689//2689 2690//2690
f 745//745 2685//2685 2690//2690
f 749//749 2691//2691 2693//2693
f 746//746 2683//2683 2693//2693
f 732//732 2692//2692 2693//2693
f 750//750 2694//2694 2696//2696
f 748//748 2688//2688 2696//2696
f 747//747 2695//2695 2696//2696
f 751//751 2697//2697 2700//2700
f 750//750 2698//2698 2700//2700
f 752//752 2699//2699 2700//2700
f 751//751 2701//2701 2702//2702
f 748//748 2694//2694 2702//2702
f 750//750 2697//2697 2702//2702
f 753//753 2703//2703 2705//2705
f 754//754 2704//2704 2705//2705
f 749//749 2692//2692 2705//2705
f 732//732 2706//2706 2692//2692
f 753//753 2707//2707 2709//2709
f 755//755 2708//2708 2709//2709
f 754//754 2703//2703 2709//2709
f 753//753 2710//2710 2712//2712
f 756//756 2711//2711 2712//2712
f 755//755 2707//2707 2712//2712
f 753//753 2713//2713 2714//2714
f 757//757 756//756 2714//2714
f 756//756 2710//2710 2714//2714
f 753//753 2715//2715 2717//2717
f 758//758 2716//2716 2717//2717
f 757//757 2713//2713 2717//2717
f 753//753 2718//2718 2720//2720
f 759//759 2719//2719 2720//2720
f 758//758 2715//2715 2720//2720
f 753//753 2721//2721 2722//2722
f 760//760 760//760 2722//2722
f 759//759 2718//2718 2722//2722
f 753//753 2723//2723 2725//2725
f 761//761 2724//2724 2725//2725
f 760//760 2721//2721 2725//2725
f 753//753 2726//2726 2727//2727
f 762//762 762//762 2727//2727
f 761//761 2723//2723 2727//2727
f 753//753 2728//2728 2730//2730
f 763//763 2729//2729 2730//2730
f 762//762 2726//2726 2730//2730
f 753//753 2731//2731 2733//2733
f 764//764 2732//2732 2733//2733
f 763//763 2728//2728 2733//2733
f 753//753 2734//2734 2736//2736
f 765//765 2735//2735 2736//2736
f 764//764 2731//2731 2736//2736
f 753//753 2737//2737 2739//2739
f 766//766 2738//2738 2739//2739
f 765//765 2734//2734 2739//2739
f 753//753 2740//2740 2742//2742
f 767//767 2741//2741 2742//2742
f 766//766 2737//2737 2742//2742
f 751//751 2699//2699 768//768
f 769//769 2743//2743 2746//2746
f 752//752 2744//2744 2746//2746
f 770//770 2745//2745 2746//2746
f 769//769 2978//2978 2747//2747
f 752//752 2743//2743 2747//2747
f 753//753 753//753 2740//2740
f 771//771 2748//2748 2749//2749
f 772//772 767//767 2749//2749
f 767//767 2740//2740 2749//2749
f 771//771 2750//2750 2751//2751
f 773//773 773//773 2751//2751
f 772//772 2748//2748 2751//2751
f 771//771 2752//2752 2754//2754
f 774//774 2753//2753 2754//2754
f 773//773 2750//2750 2754//2754
f 771//771 2755//2755 2757//2757
f 775//775 2756//2756 2757//2757
f 774//774 2752//2752 2757//2757
f 771//771 2758//2758 2760//2760
f 776//776 2759//2759 2760//2760
f 775//775 2755//2755 2760//2760
f 771//771 2761//2761 2763//2763
f 777//777 2762//2762 2763//2763
f 776//776 2758//2758 2763//2763
f 778//778 2761//2761 2764//2764
f 780//780 2764//2764 2765//2765
f 782//782 2765//2765 2766//2766
f 784//784 2766//2766 2769//2769
f 771//771 2767//2767 2769//2769
f 786//786 2768//2768 2769//2769
f 771//771 2770//2770 2772//2772
f 787//787 2771//2771 2772//2772
f 786//786 2767//2767 2772//2772
f 771//771 2773//2773 2775//2775
f 788//788 2774//2774 2775//2775
f 787//787 2770//2770 2775//2775
f 771//771 2776//2776 2778//2778
f 789//789 2777//2777 2778//2778
f 788//788 2773//2773 2778//2778
f 771//771 2779//2779 2781//2781
f 790//790 2780//2780 2781//2781
f 789//789 2776//2776 2781//2781
f 791//791 2782//2782 2785//2785
f 770//770 2783//2783 2785//2785
f 792//792 2784//2784 2785//2785
f 791//791 2786//2786 2787//2787
f 769//769 2745//2745 2787//2787
f 770//770 2782//2782 2787//2787
f 794//794 790//790 2788//2788
f 790//790 2779//2779 2788//2788
f 793//793 2789//2789 2791//2791
f 795//795 2790//2790 2791//2791
f 794//794 2788//2788 2791//2791
f 793//793 2792//2792 2794//2794
f 796//796 2793//2793 2794//2794
f 795//795 2789//2789 2794//2794
f 793//793 2795//2795 2797//2797
f 797//797 2796//2796 2797//2797
f 796//796 2792//2792 2797//2797
f 793//793 2798//2798 2800//2800
f 798//798 2799//2799 2800//2800
f 797//797 2795//2795 2800//2800
f 793//793 2801//2801 2802//2802
f 799//799 799//799 2802//2802
f 798//798 2798//2798 2802//2802
f 793//793 2803//2803 2805//2805
f 800//800 2804//2804 2805//2805
f 799//799 2801//2801 2805//2805
f 793//793 2806//2806 2808//2808
f 801//801 2807//2807 2808//2808
f 800//800 2803//2803 2808//2808
f 771//771 2809//2809 2779//2779
f 793//793 2810//2810 2812//2812
f 802//802 2811//2811 2812//2812
f 801//801 2806//2806 2812//2812
f 793//793 2813//2813 2815//2815
f 803//803 2814//2814 2815//2815
f 802//802 2810//2810 2815//2815
f 793//793 2816//2816 2818//2818
f 804//804 2817//2817 2818//2818
f 803//803 2813//2813 2818//2818
f 793//793 2819//2819 2821//2821
f 805//805 2820//2820 2821//2821
f 804//804 2816//2816 2821//2821
f 793//793 2822//2822 2823//2823
f 806//806 806//806 2823//2823
f 805//805 2819//2819 2823//2823
f 793//793 2824//2824 2826//2826
f 807//807 2825//2825 2826//2826
f 806//806 2822//2822 2826//2826
f 793//793 2827//2827 2829//2829
f 808//808 2828//2828 2829//2829
f 807//807 2824//2824 2829//2829
f 793//793 2830//2830 2832//2832
f 809//809 2831//2831 2832//2832
f 808//808 2827//2827 2832//2832
f 793//793 2833//2833 2835//2835
f 810//810 2834//2834 2835//2835
f 809//809 2830//2830 2835//2835
f 812//812 2836//2836 2837//2837
f 792//792 4472//4472 2837//2837
f 813//813 2861//2861 2837//2837
f 812//812 2990//2990 2838//2838
f 811//811 2784//2784 2838//2838
f 792//792 2836//2836 2838//2838
f 814//814 2839//2839 2842//2842
f 815//815 2840//2840 2842//2842
f 816//816 2841//2841 2842//2842
f 814//814 2843//2843 2845//2845
f 817//817 2844//2844 2845//2845
f 810//810 2833//2833 2845//2845
f 793//793 2846//2846 2833//2833
f 814//814 2847//2847 2849//2849
f 818//818 2848//2848 2849//2849
f 817//817 2843//2843 2849//2849
f 814//814 2850//2850 2852//2852
f 819//819 2851//2851 2852//2852
f 818//818 2847//2847 2852//2852
f 814//814 2853//2853 2855//2855
f 820//820 2854//2854 2855//2855
f 819//819 2850//2850 2855//2855
f 814//814 2856//2856 2858//2858
f 821//821 2857//2857 2858//2858
f 820//820 2853//2853 2858//2858
f 814//814 2841//2841 2860//2860
f 816//816 2859//2859 2860//2860
f 821//821 2856//2856 2860//2860
f 822//822 2861//2861 2862//2862
f 813//813 823//823 2862//2862
f 823//823 2866//2866 2862//2862
f 822//822 812//812 2861//2861
f 824//824 2863//2863 2865//2865
f 825//825 2864//2864 2865//2865
f 815//815 2839//2839 2865//2865
f 824//824 2866//2866 2868//2868
f 823//823 2867//2867 2868//2868
f 825//825 2863//2863 2868//2868
f 824//824 2869//2869 2866//2866
f 814//814 2870//2870 2839//2839
f 15//15 6//6 2871//2871
f 6//6 2554//2554 2871//2871
f 688//688 15//15 2871//2871
f 15//15 2872//2872 6//6
f 7//7 2872//2872 2874//2874
f 15//15 2873//2873 2874//2874
f 7//7 2875//2875 826//826
f 5//5 1082//1082 2876//2876
f 7//7 826//826 2876//2876
f 634//634 2426//2426 1088//1088
f 8//8 2877//2877 1088//1088
f 634//634 2877//2877 2878//2878
f 8//8 259//259 2878//2878
f 828//828 2880//2880 2879//2879
f 828//828 2882//2882 2880//2880
f 10//10 1090//1090 2880//2880
f 827//827 2879//2879 2881//2881
f 5//5 2876//2876 2881//2881
f 1100//1100 2882//2882 2883//2883
f 1100//1100 1657//1657 2882//2882
f 833//833 2884//2884 832//832
f 830//830 2885//2885 2884//2884
f 831//831 2887//2887 2886//2886
f 308//308 2888//2888 310//310
f 835//835 2886//2886 2888//2888
f 831//831 2885//2885 2887//2887
f 830//830 2883//2883 2885//2885
f 647//647 2451//2451 2890//2890
f 634//634 259//259 2890//2890
f 259//259 2889//2889 2890//2890
f 647//647 2889//2889 2891//2891
f 259//259 262//262 2891//2891
f 15//15 2892//2892 2893//2893
f 15//15 1100//1100 2894//2894
f 1100//1100 829//829 2894//2894
f 829//829 2892//2892 2894//2894
f 7//7 2873//2873 2895//2895
f 15//15 836//836 2895//2895
f 309//309 2896//2896 2897//2897
f 647//647 262//262 2897//2897
f 262//262 309//309 2897//2897
f 647//647 2896//2896 653//653
f 236//236 2898//2898 2899//2899
f 653//653 653//653 2899//2899
f 309//309 236//236 2899//2899
f 236//236 709//709 2900//2900
f 653//653 2898//2898 2900//2900
f 17//17 2901//2901 694//694
f 688//688 2901//2901 2902//2902
f 17//17 16//16 2902//2902
f 236//236 2903//2903 2581//2581
f 701//701 2903//2903 2904//2904
f 236//236 1513//1513 2904//2904
f 694//694 2565//2565 2912//2912
f 18//18 2905//2905 2912//2912
f 17//17 694//694 2906//2906
f 694//694 2905//2905 2906//2906
f 18//18 17//17 2906//2906
f 701//701 1513//1513 2907//2907
f 1513//1513 234//234 2907//2907
f 234//234 2908//2908 2909//2909
f 701//701 234//234 2909//2909
f 697//697 702//702 2911//2911
f 322//322 2910//2910 2911//2911
f 697//697 2910//2910 2912//2912
f 322//322 18//18 2912//2912
f 700//700 2908//2908 2913//2913
f 234//234 216//216 2913//2913
f 216//216 2914//2914 2915//2915
f 693//693 700//700 2915//2915
f 700//700 216//216 2915//2915
f 702//702 2572//2572 2923//2923
f 323//323 2916//2916 2923//2923
f 322//322 702//702 2917//2917
f 702//702 2916//2916 2917//2917
f 323//323 322//322 2917//2917
f 214//214 2918//2918 2919//2919
f 693//693 2914//2914 2919//2919
f 216//216 214//214 2919//2919
f 214//214 2920//2920 2921//2921
f 693//693 2918//2918 2921//2921
f 706//706 2931//2931 2578//2578
f 324//324 2922//2922 2578//2578
f 704//704 2922//2922 2923//2923
f 324//324 323//323 2923//2923
f 199//199 2924//2924 2925//2925
f 692//692 2920//2920 2925//2925
f 214//214 199//199 2925//2925
f 199//199 2926//2926 2927//2927
f 686//686 692//692 2927//2927
f 692//692 2924//2924 2927//2927
f 706//706 710//710 2930//2930
f 710//710 2928//2928 2930//2930
f 326//326 2929//2929 2930//2930
f 706//706 2929//2929 2931//2931
f 326//326 324//324 2931//2931
f 198//198 2932//2932 2933//2933
f 686//686 2926//2926 2933//2933
f 199//199 198//198 2933//2933
f 198//198 2934//2934 2935//2935
f 686//686 2932//2932 2935//2935
f 710//710 2587//2587 2936//2936
f 328//328 2937//2937 2936//2936
f 326//326 2928//2928 2938//2938
f 710//710 2937//2937 2938//2938
f 328//328 326//326 2938//2938
f 197//197 2939//2939 2940//2940
f 685//685 2934//2934 2940//2940
f 198//198 197//197 2940//2940
f 197//197 2941//2941 2942//2942
f 685//685 2939//2939 2942//2942
f 328//328 2943//2943 2948//2948
f 329//329 328//328 2948//2948
f 328//328 2936//2936 2943//2943
f 676//676 2941//2941 2944//2944
f 197//197 195//195 2944//2944
f 628//628 676//676 2945//2945
f 676//676 195//195 2945//2945
f 329//329 2946//2946 2947//2947
f 330//330 329//329 2947//2947
f 714//714 2594//2594 2948//2948
f 716//716 2946//2946 2948//2948
f 628//628 2945//2945 2949//2949
f 195//195 176//176 2949//2949
f 176//176 2950//2950 2951//2951
f 628//628 176//176 2951//2951
f 330//330 2952//2952 2953//2953
f 718//718 718//718 2953//2953
f 332//332 330//330 2953//2953
f 330//330 2947//2947 2600//2600
f 718//718 2952//2952 2600//2600
f 627//627 2950//2950 2954//2954
f 176//176 1376//1376 2954//2954
f 151//151 2955//2955 2956//2956
f 606//606 627//627 2956//2956
f 627//627 151//151 2956//2956
f 332//332 2957//2957 2963//2963
f 333//333 1661//1661 2963//2963
f 745//745 2957//2957 718//718
f 150//150 2958//2958 2959//2959
f 606//606 2955//2955 2959//2959
f 151//151 150//150 2959//2959
f 150//150 2960//2960 2961//2961
f 606//606 2958//2958 2961//2961
f 334//334 333//333 2962//2962
f 745//745 2689//2689 2963//2963
f 748//748 2962//2962 2963//2963
f 602//602 605//605 2965//2965
f 605//605 2960//2960 2965//2965
f 150//150 2964//2964 2965//2965
f 602//602 2964//2964 2966//2966
f 150//150 149//149 2966//2966
f 334//334 2967//2967 2974//2974
f 351//351 334//334 2974//2974
f 334//334 2962//2962 2968//2968
f 748//748 2701//2701 2968//2968
f 751//751 2967//2967 2968//2968
f 148//148 2969//2969 149//149
f 148//148 2970//2970 2969//2969
f 751//751 768//768 2973//2973
f 768//768 2971//2971 2973//2973
f 359//359 2972//2972 2973//2973
f 751//751 2972//2972 2974//2974
f 359//359 351//351 2974//2974
f 120//120 2975//2975 2976//2976
f 488//488 2970//2970 2976//2976
f 148//148 1471//1471 2976//2976
f 120//120 2977//2977 2051//2051
f 488//488 2975//2975 2051//2051
f 359//359 2978//2978 2979//2979
f 360//360 359//359 2979//2979
f 359//359 2971//2971 2978//2978
f 108//108 2980//2980 2981//2981
f 484//484 2977//2977 2981//2981
f 120//120 1279//1279 2981//2981
f 479//479 2043//2043 2980//2980
f 360//360 2982//2982 2988//2988
f 375//375 360//360 2988//2988
f 360//360 2979//2979 2786//2786
f 791//791 2982//2982 2786//2786
f 100//100 2983//2983 2984//2984
f 479//479 2980//2980 2984//2984
f 108//108 1274//1274 2984//2984
f 457//457 2012//2012 2985//2985
f 479//479 2983//2983 2985//2985
f 375//375 2986//2986 2987//2987
f 393//393 375//375 2987//2987
f 791//791 811//811 2988//2988
f 811//811 2986//2986 2988//2988
f 86//86 2989//2989 2985//2985
f 100//100 1243//1243 2985//2985
f 457//457 2989//2989 425//425
f 393//393 2990//2990 2991//2991
f 812//812 812//812 2991//2991
f 21//21 393//393 2991//2991
f 393//393 811//811 2990//2990
f 400//400 1874//1874 2993//2993
f 425//425 425//425 2993//2993
f 86//86 2992//2992 2993//2993
f 62//62 2994//2994 2995//2995
f 400//400 2992//2992 2995//2995
f 86//86 1204//1204 2995//2995
f 21//21 2996//2996 2997//2997
f 2999//2999 21//21 2997//2997
f 822//822 2996//2996 812//812
f 400//400 2994//2994 1165//1165
f 400//400 61//61 404//404
f 2999//2999 822//822 3000//3000
f 822//822 2869//2869 3000//3000
f 824//824 2998//2998 3000//3000
f 427//427 1880//1880 3001//3001
f 404//404 30//30 3001//3001
f 824//824 2870//2870 3003//3003
f 814//814 19//19 3003//3003
f 19//19 3002//3002 3003//3003
f 1102//1102 2999//2999 3004//3004
f 824//824 3002//3002 3004//3004
f 19//19 1102//1102 3004//3004
f 427//427 3001//3001 1911//1911
f 29//29 3005//3005 3006//3006
f 438//438 1911//1911 3006//3006
f 30//30 29//29 3006//3006
f 19//19 838//838 3007//3007
f 19//19 839//839 3008//3008
f 20//20 19//19 3009//3009
f 19//19 840//840 3009//3009
f 446//446 1931//1931 3011//3011
f 438//438 3005//3005 3011//3011
f 29//29 3010//3010 3011//3011
f 446//446 3010//3010 3012//3012
f 29//29 1113//1113 3012//3012
f 20//20 840//840 3013//3013
f 840//840 3014//3014 3013//3013
f 840//840 3015//3015 3014//3014
f 841//841 3016//3016 20//20
f 847//847 3020//3020 3018//3018
f 319//319 1654//1654 3019//3019
f 319//319 3019//3019 3020//3020
f 843//843 3018//3018 3021//3021
f 841//841 3014//3014 3022//3022
f 842//842 3017//3017 3022//3022
f 843//843 3021//3021 3022//3022
f 450//450 1943//1943 3012//3012
f 1113//1113 3023//3023 3012//3012
f 31//31 450//450 3024//3024
f 450//450 3023//3023 3024//3024
f 1113//1113 31//31 3024//3024
f 849//849 3026//3026 3025//3025
f 848//848 3025//3025 3027//3027
f 22//22 3016//3016 3027//3027
f 23//23 1103//1103 3027//3027
f 31//31 3028//3028 450//450
f 455//455 3028//3028 3029//3029
f 31//31 119//119 3029//3029
f 376//376 1788//1788 793//793
f 814//814 2846//2846 3031//3031
f 793//793 793//793 3031//3031
f 23//23 3030//3030 3031//3031
f 814//814 3030//3030 3033//3033
f 23//23 3032//3032 3033//3033
f 118//118 3034//3034 3029//3029
f 119//119 118//118 3029//3029
f 459//459 1963//1963 3035//3035
f 455//455 3034//3034 3035//3035
f 376//376 3036//3036 3038//3038
f 771//771 3037//3037 3038//3038
f 361//361 1741//1741 3038//3038
f 376//376 793//793 3039//3039
f 793//793 2809//2809 3039//3039
f 771//771 3036//3036 3039//3039
f 117//117 3040//3040 3035//3035
f 118//118 117//117 3035//3035
f 462//462 1971//1971 3041//3041
f 459//459 3040//3040 3041//3041
f 352//352 3042//3042 753//753
f 361//361 3037//3037 3043//3043
f 771//771 3042//3042 3043//3043
f 352//352 1707//1707 3043//3043
f 116//116 3044//3044 3041//3041
f 117//117 116//116 3041//3041
f 116//116 466//466 3045//3045
f 466//466 1981//1981 3045//3045
f 462//462 3044//3044 3045//3045
f 352//352 3046//3046 3047//3047
f 336//336 1704//1704 3047//3047
f 352//352 753//753 2706//2706
f 732//732 3046//3046 2706//2706
f 116//116 3048//3048 466//466
f 470//470 3048//3048 3049//3049
f 116//116 115//115 3049//3049
f 336//336 3047//3047 2639//2639
f 721//721 336//336 2639//2639
f 114//114 3050//3050 3049//3049
f 115//115 114//114 3049//3049
f 473//473 2001//2001 3051//3051
f 470//470 3050//3050 3051//3051
f 721//721 2607//2607 3058//3058
f 327//327 3052//3052 3058//3058
f 721//721 3052//3052 3053//3053
f 327//327 331//331 3053//3053
f 113//113 3054//3054 3051//3051
f 114//114 113//113 3051//3051
f 113//113 3055//3055 3054//3054
f 327//327 3056//3056 3057//3057
f 325//325 327//327 3057//3057
f 711//711 708//708 3058//3058
f 708//708 3056//3056 3058//3058
f 127//127 3059//3059 3055//3055
f 113//113 127//127 3055//3055
f 127//127 3060//3060 3059//3059
f 325//325 3061//3061 3063//3063
f 703//703 3062//3062 3063//3063
f 320//320 325//325 3063//3063
f 325//325 708//708 3064//3064
f 708//708 703//703 3064//3064
f 703//703 3061//3061 3064//3064
f 126//126 3065//3065 3060//3060
f 127//127 126//126 3060//3060
f 126//126 516//516 3066//3066
f 516//516 2117//2117 3066//3066
f 520//520 3065//3065 3066//3066
f 320//320 3067//3067 3068//3068
f 318//318 320//320 3068//3068
f 320//320 3062//3062 3069//3069
f 703//703 699//699 3069//3069
f 699//699 3067//3067 3069//3069
f 126//126 3070//3070 516//516
f 511//511 3070//3070 3071//3071
f 126//126 125//125 3071//3071
f 699//699 696//696 3074//3074
f 696//696 3072//3072 3074//3074
f 317//317 3073//3073 3074//3074
f 318//318 699//699 3075//3075
f 699//699 3073//3073 3075//3075
f 317//317 318//318 3075//3075
f 124//124 3076//3076 3071//3071
f 125//125 124//124 3071//3071
f 124//124 3077//3077 3076//3076
f 317//317 3078//3078 3079//3079
f 307//307 317//317 3079//3079
f 317//317 3072//3072 3080//3080
f 696//696 691//691 3080//3080
f 691//691 3078//3078 3080//3080
f 123//123 3081//3081 3082//3082
f 508//508 3077//3077 3082//3082
f 124//124 123//123 3082//3082
f 505//505 2088//2088 3083//3083
f 508//508 3081//3081 3083//3083
f 307//307 3084//3084 3086//3086
f 687//687 3085//3085 3086//3086
f 306//306 307//307 3086//3086
f 307//307 3079//3079 3087//3087
f 691//691 687//687 3087//3087
f 687//687 3084//3084 3087//3087
f 144//144 3088//3088 3083//3083
f 123//123 144//144 3083//3083
f 503//503 2077//2077 3089//3089
f 505//505 3088//3088 3089//3089
f 306//306 3090//3090 3091//3091
f 305//305 306//306 3091//3091
f 306//306 3085//3085 3092//3092
f 687//687 684//684 3092//3092
f 684//684 3090//3090 3092//3092
f 496//496 2072//2072 3089//3089
f 144//144 3093//3093 3089//3089
f 47//47 496//496 3094//3094
f 496//496 3093//3093 3094//3094
f 144//144 47//47 3094//3094
f 305//305 684//684 3096//3096
f 684//684 299//299 3096//3096
f 299//299 305//305 3096//3096
f 47//47 3097//3097 496//496
f 492//492 3097//3097 3098//3098
f 47//47 46//46 3098//3098
f 299//299 3099//3099 3101//3101
f 657//657 3100//3100 3101//3101
f 281//281 299//299 3101//3101
f 299//299 675//675 3102//3102
f 675//675 657//657 3102//3102
f 657//657 3099//3099 3102//3102
f 493//493 2052//2052 3104//3104
f 492//492 46//46 3104//3104
f 46//46 3103//3103 3104//3104
f 493//493 3103//3103 3105//3105
f 46//46 145//145 3105//3105
f 281//281 3106//3106 3107//3107
f 266//266 281//281 3107//3107
f 281//281 3100//3100 3108//3108
f 657//657 626//626 3108//3108
f 626//626 3106//3106 3108//3108
f 146//146 3109//3109 145//145
f 501//501 2068//2068 3110//3110
f 493//493 3109//3109 3110//3110
f 266//266 3111//3111 3113//3113
f 607//607 3112//3112 3113//3113
f 246//246 266//266 3113//3113
f 266//266 626//626 3114//3114
f 626//626 607//607 3114//3114
f 607//607 3111//3111 3114//3114
f 147//147 3115//3115 3110//3110
f 146//146 147//147 3110//3110
f 147//147 3119//3119 3116//3116
f 518//518 2112//2112 3116//3116
f 501//501 3115//3115 3116//3116
f 607//607 604//604 3117//3117
f 246//246 3112//3112 3118//3118
f 607//607 244//244 3118//3118
f 244//244 246//246 3118//3118
f 147//147 1392//1392 3119//3119
f 555//555 2229//2229 3120//3120
f 518//518 3119//3119 3120//3120
f 244//244 3121//3121 3123//3123
f 603//603 3122//3122 3123//3123
f 242//242 244//244 3123//3123
f 244//244 604//604 3124//3124
f 604//604 603//603 3124//3124
f 603//603 3121//3121 3124//3124
f 200//200 3125//3125 1427//1427
f 555//555 3120//3120 1427//1427
f 200//200 3126//3126 2269//2269
f 555//555 3125//3125 2269//2269
f 603//603 2363//2363 3132//3132
f 1522//1522 3127//3127 3132//3132
f 242//242 3122//3122 3128//3128
f 603//603 3127//3127 3128//3128
f 1522//1522 242//242 3128//3128
f 583//583 2322//2322 3126//3126
f 200//200 3129//3129 3126//3126
f 583//583 3129//3129 217//217
f 1522//1522 3130//3130 3131//3131
f 237//237 1522//1522 3131//3131
f 600//600 2360//2360 3132//3132
f 596//596 3130//3130 3132//3132
f 228//228 3133//3133 3134//3134
f 583//583 217//217 3134//3134
f 217//217 1509//1509 3134//3134
f 583//583 3133//3133 591//591
f 237//237 3135//3135 3136//3136
f 591//591 591//591 3136//3136
f 228//228 1518//1518 3136//3136
f 596//596 2352//2352 3131//3131
f 591//591 3135//3135 3131//3131
f 852//852 851//851 3138//3138
f 851//851 1200//1200 3138//3138
f 851//851 3139//3139 1200//1200
f 854//854 3140//3140 3141//3141
f 1164//1164 856//856 3143//3143
f 856//856 857//857 3143//3143
f 853//853 856//856 3145//3145
f 856//856 3144//3144 3145//3145
f 851//851 3137//3137 3146//3146
f 850//850 3141//3141 3146//3146
f 853//853 851//851 3146//3146
f 1164//1164 857//857 3148//3148
f 857//857 3147//3147 3148//3148
f 1164//1164 858//858 3149//3149
f 28//28 1164//1164 3149//3149
f 856//856 3142//3142 3150//3150
f 34//34 3151//3151 1115//1115
f 859//859 3150//3150 1115//1115
f 861//861 3152//3152 3153//3153
f 36//36 33//33 3152//3152
f 863//863 3154//3154 862//862
f 858//858 3155//3155 3156//3156
f 28//28 3157//3157 3158//3158
f 859//859 3151//3151 3158//3158
f 28//28 858//858 3159//3159
f 858//858 859//859 3159//3159
f 859//859 3157//3157 3159//3159
f 859//859 863//863 3160//3160
f 863//863 862//862 3160//3160
f 862//862 3153//3153 3160//3160
f 851//851 860//860 3139//3139
f 32//32 3139//3139 3161//3161
f 860//860 33//33 3161//3161
f 33//33 1114//1114 3161//3161
f 861//861 3162//3162 3163//3163
f 37//37 1116//1116 861//861
f 83//83 3164//3164 3166//3166
f 867//867 3165//3165 3166//3166
f 852//852 3138//3138 3166//3166
f 423//423 3167//3167 3169//3169
f 867//867 3164//3164 3169//3169
f 83//83 3168//3168 3169//3169
f 423//423 3168//3168 3170//3170
f 422//422 1871//1871 3170//3170
f 423//423 3171//3171 3173//3173
f 868//868 3172//3172 3173//3173
f 867//867 3167//3167 3173//3173
f 426//426 3174//3174 3177//3177
f 869//869 3175//3175 3177//3177
f 868//868 3176//3176 3177//3177
f 426//426 3176//3176 3178//3178
f 868//868 3171//3171 3178//3178
f 423//423 1878//1878 3178//3178
f 429//429 3179//3179 3182//3182
f 870//870 3180//3180 3182//3182
f 869//869 3181//3181 3182//3182
f 429//429 3181//3181 3183//3183
f 869//869 3174//3174 3183//3183
f 426//426 1885//1885 3183//3183
f 431//431 3184//3184 3187//3187
f 871//871 3185//3185 3187//3187
f 870//870 3186//3186 3187//3187
f 431//431 3186//3186 3188//3188
f 870//870 3179//3179 3188//3188
f 429//429 1891//1891 3188//3188
f 434//434 3189//3189 3192//3192
f 872//872 3190//3190 3192//3192
f 871//871 3191//3191 3192//3192
f 434//434 3191//3191 3193//3193
f 871//871 3184//3184 3193//3193
f 431//431 1900//1900 3193//3193
f 435//435 3194//3194 3195//3195
f 872//872 3189//3189 3195//3195
f 434//434 1903//1903 3195//3195
f 435//435 3196//3196 3198//3198
f 873//873 3197//3197 3198//3198
f 872//872 3194//3194 3198//3198
f 437//437 3199//3199 3200//3200
f 873//873 3196//3196 3200//3200
f 435//435 1909//1909 3200//3200
f 437//437 3201//3201 3203//3203
f 874//874 3202//3202 3203//3203
f 873//873 3199//3199 3203//3203
f 440//440 3204//3204 3205//3205
f 874//874 3201//3201 3205//3205
f 437//437 1916//1916 3205//3205
f 440//440 3206//3206 3208//3208
f 875//875 3207//3207 3208//3208
f 874//874 3204//3204 3208//3208
f 442//442 3209//3209 3210//3210
f 875//875 3206//3206 3210//3210
f 440//440 1922//1922 3210//3210
f 442//442 3211//3211 3213//3213
f 876//876 3212//3212 3213//3213
f 875//875 3209//3209 3213//3213
f 445//445 3214//3214 3215//3215
f 876//876 3211//3211 3215//3215
f 442//442 1933//1933 3215//3215
f 445//445 3216//3216 3218//3218
f 877//877 3217//3217 3218//3218
f 876//876 3214//3214 3218//3218
f 447//447 3219//3219 3220//3220
f 877//877 3216//3216 3220//3220
f 445//445 1935//1935 3220//3220
f 37//37 3221//3221 3223//3223
f 877//877 3219//3219 3223//3223
f 447//447 3222//3222 3223//3223
f 37//37 3163//3163 3225//3225
f 866//866 3224//3224 3225//3225
f 877//877 3221//3221 3225//3225
f 37//37 3222//3222 3226//3226
f 447//447 1941//1941 3226//3226
f 38//38 1117//1117 3228//3228
f 37//37 449//449 3228//3228
f 449//449 3227//3227 3228//3228
f 453//453 3229//3229 3230//3230
f 38//38 3227//3227 3230//3230
f 449//449 1951//1951 3230//3230
f 39//39 1120//1120 3232//3232
f 38//38 3229//3229 3232//3232
f 453//453 3231//3231 3232//3232
f 454//454 3233//3233 3234//3234
f 39//39 3231//3231 3234//3234
f 453//453 1954//1954 3234//3234
f 40//40 1123//1123 3236//3236
f 39//39 3233//3233 3236//3236
f 454//454 3235//3235 3236//3236
f 458//458 3237//3237 3238//3238
f 40//40 3235//3235 3238//3238
f 454//454 1960//1960 3238//3238
f 41//41 1126//1126 3240//3240
f 40//40 3237//3237 3240//3240
f 458//458 3239//3239 3240//3240
f 461//461 3241//3241 3242//3242
f 41//41 3239//3239 3242//3242
f 458//458 1968//1968 3242//3242
f 42//42 1129//1129 3244//3244
f 41//41 3241//3241 3244//3244
f 461//461 3243//3243 3244//3244
f 465//465 3245//3245 3246//3246
f 42//42 3243//3243 3246//3246
f 461//461 1984//1984 3246//3246
f 43//43 1132//1132 3248//3248
f 42//42 3245//3245 3248//3248
f 465//465 3247//3247 3248//3248
f 468//468 3249//3249 3250//3250
f 43//43 3247//3247 3250//3250
f 465//465 1989//1989 3250//3250
f 44//44 1135//1135 3252//3252
f 43//43 3249//3249 3252//3252
f 468//468 3251//3251 3252//3252
f 469//469 3253//3253 3254//3254
f 44//44 3251//3251 3254//3254
f 468//468 1995//1995 3254//3254
f 128//128 1280//1280 3256//3256
f 44//44 3253//3253 3256//3256
f 469//469 3255//3255 3256//3256
f 472//472 3257//3257 3258//3258
f 128//128 3255//3255 3258//3258
f 469//469 2004//2004 3258//3258
f 129//129 1283//1283 3260//3260
f 128//128 3257//3257 3260//3260
f 472//472 3259//3259 3260//3260
f 475//475 3261//3261 3262//3262
f 129//129 3259//3259 3262//3262
f 472//472 2009//2009 3262//3262
f 130//130 1286//1286 3264//3264
f 129//129 3261//3261 3264//3264
f 475//475 3263//3263 3264//3264
f 478//478 3265//3265 3266//3266
f 130//130 3263//3263 3266//3266
f 475//475 2016//2016 3266//3266
f 131//131 1289//1289 3268//3268
f 130//130 3265//3265 3268//3268
f 478//478 3267//3267 3268//3268
f 528//528 3269//3269 3270//3270
f 131//131 3267//3267 3270//3270
f 478//478 2143//2143 3270//3270
f 132//132 1292//1292 3272//3272
f 131//131 3269//3269 3272//3272
f 528//528 3271//3271 3272//3272
f 530//530 3273//3273 3274//3274
f 132//132 3271//3271 3274//3274
f 528//528 2149//2149 3274//3274
f 133//133 1295//1295 3276//3276
f 132//132 3273//3273 3276//3276
f 530//530 3275//3275 3276//3276
f 531//531 3277//3277 3278//3278
f 133//133 3275//3275 3278//3278
f 530//530 2153//2153 3278//3278
f 134//134 1298//1298 3280//3280
f 133//133 3277//3277 3280//3280
f 531//531 3279//3279 3280//3280
f 536//536 3281//3281 3282//3282
f 134//134 3279//3279 3282//3282
f 531//531 2167//2167 3282//3282
f 135//135 1301//1301 3284//3284
f 134//134 3281//3281 3284//3284
f 536//536 3283//3283 3284//3284
f 540//540 3285//3285 3286//3286
f 135//135 3283//3283 3286//3286
f 536//536 2182//2182 3286//3286
f 136//136 1304//1304 3288//3288
f 135//135 3285//3285 3288//3288
f 540//540 3287//3287 3288//3288
f 542//542 3289//3289 3290//3290
f 136//136 3287//3287 3290//3290
f 540//540 2185//2185 3290//3290
f 137//137 1307//1307 3292//3292
f 136//136 3289//3289 3292//3292
f 542//542 3291//3291 3292//3292
f 546//546 3293//3293 3294//3294
f 137//137 3291//3291 3294//3294
f 542//542 2200//2200 3294//3294
f 138//138 1310//1310 3296//3296
f 137//137 3293//3293 3296//3296
f 546//546 3295//3295 3296//3296
f 549//549 3297//3297 3298//3298
f 138//138 3295//3295 3298//3298
f 546//546 2206//2206 3298//3298
f 139//139 1313//1313 3300//3300
f 138//138 3297//3297 3300//3300
f 549//549 3299//3299 3300//3300
f 551//551 3301//3301 3302//3302
f 139//139 3299//3299 3302//3302
f 549//549 2212//2212 3302//3302
f 140//140 1316//1316 3304//3304
f 139//139 3301//3301 3304//3304
f 551//551 3303//3303 3304//3304
f 553//553 3305//3305 3306//3306
f 140//140 3303//3303 3306//3306
f 551//551 2221//2221 3306//3306
f 141//141 1319//1319 3308//3308
f 140//140 3305//3305 3308//3308
f 553//553 3307//3307 3308//3308
f 141//141 3307//3307 3309//3309
f 553//553 2224//2224 3309//3309
f 142//142 1322//1322 3311//3311
f 141//141 490//490 3311//3311
f 490//490 3310//3310 3311//3311
f 489//489 3312//3312 3313//3313
f 142//142 3310//3310 3313//3313
f 490//490 2045//2045 3313//3313
f 143//143 1325//1325 3315//3315
f 142//142 3312//3312 3315//3315
f 489//489 3314//3314 3315//3315
f 486//486 3316//3316 3317//3317
f 143//143 3314//3314 3317//3317
f 489//489 2049//2049 3317//3317
f 143//143 3316//3316 3319//3319
f 486//486 3318//3318 3319//3319
f 485//485 3320//3320 3321//3321
f 121//121 3318//3318 3321//3321
f 486//486 2034//2034 3321//3321
f 122//122 121//121 3323//3323
f 121//121 3320//3320 3323//3323
f 485//485 3322//3322 3323//3323
f 487//487 3324//3324 3325//3325
f 122//122 3322//3322 3325//3325
f 485//485 2038//2038 3325//3325
f 122//122 3324//3324 3327//3327
f 487//487 3326//3326 3327//3327
f 481//481 3328//3328 3329//3329
f 109//109 3326//3326 3329//3329
f 487//487 2041//2041 3329//3329
f 110//110 109//109 3331//3331
f 109//109 3328//3328 3331//3331
f 481//481 3330//3330 3331//3331
f 480//480 3332//3332 3333//3333
f 110//110 3330//3330 3333//3333
f 481//481 2021//2021 3333//3333
f 111//111 1267//1267 3335//3335
f 110//110 3332//3332 3335//3335
f 480//480 3334//3334 3335//3335
f 482//482 3336//3336 3337//3337
f 111//111 3334//3334 3337//3337
f 480//480 2025//2025 3337//3337
f 112//112 1270//1270 3339//3339
f 111//111 3336//3336 3339//3339
f 482//482 3338//3338 3339//3339
f 483//483 3340//3340 3341//3341
f 112//112 3338//3338 3341//3341
f 482//482 2028//2028 3341//3341
f 112//112 3340//3340 3343//3343
f 483//483 3342//3342 3343//3343
f 476//476 3344//3344 3345//3345
f 107//107 3342//3342 3345//3345
f 483//483 2031//2031 3345//3345
f 106//106 107//107 3347//3347
f 107//107 3344//3344 3347//3347
f 476//476 3346//3346 3347//3347
f 474//474 3348//3348 3349//3349
f 106//106 3346//3346 3349//3349
f 476//476 2013//2013 3349//3349
f 105//105 1259//1259 3351//3351
f 106//106 3348//3348 3351//3351
f 474//474 3350//3350 3351//3351
f 471//471 3352//3352 3353//3353
f 105//105 3350//3350 3353//3353
f 474//474 2007//2007 3353//3353
f 104//104 1256//1256 3355//3355
f 105//105 3352//3352 3355//3355
f 471//471 3354//3354 3355//3355
f 467//467 3356//3356 3357//3357
f 104//104 3354//3354 3357//3357
f 471//471 1998//1998 3357//3357
f 103//103 1253//1253 3359//3359
f 104//104 3356//3356 3359//3359
f 467//467 3358//3358 3359//3359
f 464//464 3360//3360 3361//3361
f 103//103 3358//3358 3361//3361
f 467//467 1987//1987 3361//3361
f 102//102 1250//1250 3363//3363
f 103//103 3360//3360 3363//3363
f 464//464 3362//3362 3363//3363
f 463//463 3364//3364 3365//3365
f 102//102 3362//3362 3365//3365
f 464//464 1978//1978 3365//3365
f 101//101 1247//1247 3367//3367
f 102//102 3364//3364 3367//3367
f 463//463 3366//3366 3367//3367
f 460//460 3368//3368 3369//3369
f 101//101 3366//3366 3369//3369
f 463//463 1975//1975 3369//3369
f 101//101 3368//3368 3371//3371
f 460//460 3370//3370 3371//3371
f 456//456 3372//3372 3373//3373
f 99//99 3370//3370 3373//3373
f 460//460 456//456 3373//3373
f 98//98 99//99 3375//3375
f 99//99 3372//3372 3375//3375
f 456//456 3374//3374 3375//3375
f 452//452 3376//3376 3377//3377
f 98//98 3374//3374 3377//3377
f 456//456 1958//1958 3377//3377
f 97//97 1239//1239 3379//3379
f 98//98 3376//3376 3379//3379
f 452//452 3378//3378 3379//3379
f 451//451 3380//3380 3381//3381
f 97//97 3378//3378 3381//3381
f 452//452 1949//1949 3381//3381
f 96//96 1236//1236 3383//3383
f 97//97 3380//3380 3383//3383
f 451//451 3382//3382 3383//3383
f 448//448 3384//3384 3385//3385
f 96//96 3382//3382 3385//3385
f 451//451 1946//1946 3385//3385
f 95//95 1233//1233 3387//3387
f 96//96 3384//3384 3387//3387
f 448//448 3386//3386 3387//3387
f 444//444 3388//3388 3389//3389
f 95//95 3386//3386 3389//3389
f 448//448 1939//1939 3389//3389
f 94//94 1230//1230 3391//3391
f 95//95 3388//3388 3391//3391
f 444//444 3390//3390 3391//3391
f 443//443 3392//3392 3393//3393
f 94//94 3390//3390 3393//3393
f 444//444 1929//1929 3393//3393
f 93//93 1227//1227 3395//3395
f 94//94 3392//3392 3395//3395
f 443//443 3394//3394 3395//3395
f 441//441 3396//3396 3397//3397
f 93//93 3394//3394 3397//3397
f 443//443 1926//1926 3397//3397
f 92//92 1224//1224 3399//3399
f 93//93 3396//3396 3399//3399
f 441//441 3398//3398 3399//3399
f 439//439 3400//3400 3401//3401
f 92//92 3398//3398 3401//3401
f 441//441 1920//1920 3401//3401
f 91//91 1221//1221 3403//3403
f 92//92 3400//3400 3403//3403
f 439//439 3402//3402 3403//3403
f 436//436 3404//3404 3405//3405
f 91//91 3402//3402 3405//3405
f 439//439 1914//1914 3405//3405
f 90//90 1218//1218 3407//3407
f 91//91 3404//3404 3407//3407
f 436//436 3406//3406 3407//3407
f 433//433 3408//3408 3409//3409
f 90//90 3406//3406 3409//3409
f 436//436 1907//1907 3409//3409
f 89//89 1215//1215 3411//3411
f 90//90 3408//3408 3411//3411
f 433//433 3410//3410 3411//3411
f 432//432 3412//3412 3413//3413
f 89//89 3410//3410 3413//3413
f 433//433 1898//1898 3413//3413
f 88//88 1212//1212 3415//3415
f 89//89 3412//3412 3415//3415
f 432//432 3414//3414 3415//3415
f 430//430 3416//3416 3417//3417
f 88//88 3414//3414 3417//3417
f 432//432 1895//1895 3417//3417
f 87//87 1209//1209 3419//3419
f 88//88 3416//3416 3419//3419
f 430//430 3418//3418 3419//3419
f 428//428 3420//3420 3421//3421
f 87//87 3418//3418 3421//3421
f 430//430 1889//1889 3421//3421
f 85//85 1206//1206 3423//3423
f 87//87 3420//3420 3423//3423
f 428//428 3422//3422 3423//3423
f 424//424 3424//3424 3425//3425
f 85//85 3422//3422 3425//3425
f 428//428 1883//1883 3425//3425
f 84//84 85//85 3427//3427
f 85//85 3424//3424 3427//3427
f 424//424 3426//3426 3427//3427
f 421//421 3428//3428 3429//3429
f 84//84 3426//3426 3429//3429
f 424//424 1876//1876 3429//3429
f 82//82 1201//1201 3431//3431
f 84//84 3428//3428 3431//3431
f 421//421 3430//3430 3431//3431
f 419//419 3432//3432 3433//3433
f 82//82 3430//3430 3433//3433
f 421//421 1866//1866 3433//3433
f 80//80 1197//1197 3435//3435
f 82//82 3432//3432 3435//3435
f 419//419 3434//3434 3435//3435
f 417//417 3436//3436 3437//3437
f 80//80 3434//3434 3437//3437
f 419//419 1860//1860 3437//3437
f 78//78 1194//1194 3439//3439
f 80//80 3436//3436 3439//3439
f 417//417 3438//3438 3439//3439
f 415//415 3440//3440 3441//3441
f 78//78 3438//3438 3441//3441
f 417//417 1854//1854 3441//3441
f 76//76 1191//1191 3443//3443
f 78//78 3440//3440 3443//3443
f 415//415 3442//3442 3443//3443
f 413//413 3444//3444 3445//3445
f 76//76 3442//3442 3445//3445
f 415//415 1848//1848 3445//3445
f 74//74 1188//1188 3447//3447
f 76//76 3444//3444 3447//3447
f 413//413 3446//3446 3447//3447
f 412//412 3448//3448 3449//3449
f 74//74 3446//3446 3449//3449
f 413//413 1842//1842 3449//3449
f 72//72 1185//1185 3451//3451
f 74//74 3448//3448 3451//3451
f 412//412 3450//3450 3451//3451
f 410//410 3452//3452 3453//3453
f 72//72 3450//3450 3453//3453
f 412//412 1839//1839 3453//3453
f 70//70 1182//1182 3455//3455
f 72//72 3452//3452 3455//3455
f 410//410 3454//3454 3455//3455
f 408//408 3456//3456 3457//3457
f 70//70 3454//3454 3457//3457
f 410//410 1833//1833 3457//3457
f 68//68 1178//1178 3459//3459
f 70//70 3456//3456 3459//3459
f 408//408 3458//3458 3459//3459
f 405//405 3460//3460 3461//3461
f 68//68 3458//3458 3461//3461
f 408//408 1827//1827 3461//3461
f 66//66 1174//1174 3463//3463
f 68//68 3460//3460 3463//3463
f 405//405 3462//3462 3463//3463
f 402//402 3464//3464 3465//3465
f 66//66 3462//3462 3465//3465
f 405//405 1818//1818 3465//3465
f 63//63 1171//1171 3467//3467
f 66//66 3464//3464 3467//3467
f 402//402 3466//3466 3467//3467
f 399//399 3468//3468 3469//3469
f 63//63 3466//3466 3469//3469
f 402//402 1812//1812 3469//3469
f 64//64 63//63 3471//3471
f 63//63 3468//3468 3471//3471
f 399//399 3470//3470 3471//3471
f 401//401 3472//3472 3473//3473
f 64//64 3470//3470 3473//3473
f 399//399 1809//1809 3473//3473
f 65//65 1169//1169 3475//3475
f 64//64 3472//3472 3475//3475
f 401//401 3474//3474 3475//3475
f 65//65 3474//3474 3476//3476
f 401//401 1814//1814 3476//3476
f 65//65 403//403 3478//3478
f 403//403 3477//3477 3478//3478
f 406//406 3479//3479 3480//3480
f 67//67 3477//3477 3480//3480
f 403//403 1820//1820 3480//3480
f 67//67 3479//3479 3481//3481
f 406//406 69//69 3481//3481
f 407//407 3482//3482 3483//3483
f 406//406 1823//1823 3483//3483
f 71//71 1181//1181 3485//3485
f 69//69 3482//3482 3485//3485
f 407//407 3484//3484 3485//3485
f 409//409 3486//3486 3487//3487
f 71//71 3484//3484 3487//3487
f 407//407 1829//1829 3487//3487
f 73//73 71//71 3489//3489
f 71//71 3486//3486 3489//3489
f 409//409 3488//3488 3489//3489
f 411//411 3490//3490 3491//3491
f 73//73 3488//3488 3491//3491
f 409//409 1835//1835 3491//3491
f 75//75 73//73 3493//3493
f 73//73 3490//3490 3493//3493
f 411//411 3492//3492 3493//3493
f 414//414 3494//3494 3495//3495
f 75//75 3492//3492 3495//3495
f 411//411 1844//1844 3495//3495
f 77//77 75//75 3497//3497
f 75//75 3494//3494 3497//3497
f 414//414 3496//3496 3497//3497
f 416//416 3498//3498 3499//3499
f 77//77 3496//3496 3499//3499
f 414//414 1850//1850 3499//3499
f 79//79 77//77 3501//3501
f 77//77 3498//3498 3501//3501
f 416//416 3500//3500 3501//3501
f 418//418 3502//3502 3503//3503
f 79//79 3500//3500 3503//3503
f 416//416 1856//1856 3503//3503
f 81//81 79//79 3505//3505
f 79//79 3502//3502 3505//3505
f 418//418 3504//3504 3505//3505
f 420//420 3506//3506 3507//3507
f 81//81 3504//3504 3507//3507
f 418//418 1862//1862 3507//3507
f 83//83 81//81 3509//3509
f 81//81 3506//3506 3509//3509
f 420//420 3508//3508 3509//3509
f 83//83 3508//3508 3170//3170
f 420//420 1868//1868 3170//3170
f 196//196 3510//3510 3511//3511
f 878//878 3513//3513 3512//3512
f 194//194 196//196 3514//3514
f 196//196 878//878 3514//3514
f 881//881 3515//3515 880//880
f 1375//1375 883//883 3517//3517
f 883//883 884//884 3517//3517
f 878//878 3518//3518 3520//3520
f 880//880 883//883 3520//3520
f 883//883 3519//3519 3520//3520
f 878//878 3512//3512 3518//3518
f 879//879 880//880 3518//3518
f 1375//1375 884//884 3522//3522
f 884//884 3521//3521 3522//3522
f 1375//1375 885//885 1467//1467
f 175//175 1511//1511 3525//3525
f 1511//1511 3524//3524 3525//3525
f 886//886 3523//3523 3525//3525
f 233//233 887//887 3526//3526
f 888//888 3526//3526 3527//3527
f 233//233 225//225 887//887
f 890//890 3528//3528 889//889
f 885//885 3529//3529 3530//3530
f 886//886 3524//3524 3531//3531
f 886//886 3531//3531 885//885
f 886//886 890//890 3532//3532
f 890//890 3533//3533 3532//3532
f 890//890 889//889 3533//3533
f 889//889 3527//3527 3533//3533
f 194//194 3514//3514 3535//3535
f 878//878 3534//3534 3535//3535
f 225//225 1493//1493 3535//3535
f 196//196 3536//3536 3537//3537
f 878//878 3510//3510 3537//3537
f 196//196 1510//1510 3538//3538
f 233//233 888//888 3538//3538
f 888//888 3536//3536 3538//3538
f 270//270 3539//3539 3542//3542
f 893//893 3540//3540 3542//3542
f 894//894 3541//3541 3542//3542
f 633//633 3543//3543 3545//3545
f 893//893 3539//3539 3545//3545
f 270//270 3544//3544 3545//3545
f 631//631 2424//2424 3544//3544
f 636//636 3546//3546 3547//3547
f 893//893 3543//3543 3547//3547
f 633//633 2429//2429 3547//3547
f 636//636 3548//3548 3550//3550
f 895//895 3549//3549 3550//3550
f 893//893 3546//3546 3550//3550
f 638//638 3551//3551 3552//3552
f 895//895 3548//3548 3552//3552
f 636//636 2433//2433 3552//3552
f 638//638 3553//3553 3555//3555
f 896//896 3554//3554 3555//3555
f 895//895 3551//3551 3555//3555
f 640//640 3556//3556 3557//3557
f 896//896 3553//3553 3557//3557
f 638//638 2437//2437 3557//3557
f 640//640 3558//3558 3560//3560
f 897//897 3559//3559 3560//3560
f 896//896 3556//3556 3560//3560
f 642//642 3561//3561 3562//3562
f 897//897 3558//3558 3562//3562
f 640//640 2441//2441 3562//3562
f 642//642 3563//3563 3565//3565
f 898//898 3564//3564 3565//3565
f 897//897 3561//3561 3565//3565
f 644//644 3566//3566 3567//3567
f 898//898 3563//3563 3567//3567
f 642//642 2445//2445 3567//3567
f 644//644 3568//3568 3570//3570
f 899//899 3569//3569 3570//3570
f 898//898 3566//3566 3570//3570
f 646//646 3571//3571 3572//3572
f 899//899 3568//3568 3572//3572
f 644//644 2449//2449 3572//3572
f 646//646 3573//3573 3575//3575
f 900//900 3574//3574 3575//3575
f 899//899 3571//3571 3575//3575
f 648//648 3576//3576 3577//3577
f 900//900 3573//3573 3577//3577
f 646//646 2453//2453 3577//3577
f 648//648 3578//3578 3580//3580
f 901//901 3579//3579 3580//3580
f 900//900 3576//3576 3580//3580
f 650//650 3581//3581 3582//3582
f 901//901 3578//3578 3582//3582
f 648//648 2458//2458 3582//3582
f 650//650 3583//3583 3585//3585
f 902//902 3584//3584 3585//3585
f 901//901 3581//3581 3585//3585
f 652//652 3586//3586 3587//3587
f 902//902 3583//3583 3587//3587
f 650//650 2464//2464 3587//3587
f 652//652 3588//3588 3590//3590
f 903//903 3589//3589 3590//3590
f 902//902 3586//3586 3590//3590
f 652//652 3591//3591 3593//3593
f 904//904 3592//3592 3593//3593
f 903//903 3588//3588 3593//3593
f 655//655 3594//3594 3595//3595
f 904//904 3591//3591 3595//3595
f 652//652 2472//2472 3595//3595
f 725//725 3596//3596 3597//3597
f 904//904 3594//3594 3597//3597
f 655//655 2620//2620 3597//3597
f 725//725 3598//3598 3600//3600
f 905//905 3599//3599 3600//3600
f 904//904 3596//3596 3600//3600
f 727//727 3601//3601 3602//3602
f 905//905 3598//3598 3602//3602
f 725//725 2626//2626 3602//3602
f 727//727 3603//3603 3605//3605
f 906//906 3604//3604 3605//3605
f 905//905 3601//3601 3605//3605
f 728//728 3606//3606 3607//3607
f 906//906 3603//3603 3607//3607
f 727//727 2629//2629 3607//3607
f 728//728 3608//3608 3610//3610
f 907//907 3609//3609 3610//3610
f 906//906 3606//3606 3610//3610
f 734//734 3611//3611 3614//3614
f 908//908 3612//3612 3614//3614
f 907//907 3613//3613 3614//3614
f 734//734 3613//3613 3615//3615
f 907//907 3608//3608 3615//3615
f 728//728 2645//2645 3615//3615
f 737//737 3616//3616 3619//3619
f 909//909 3617//3617 3619//3619
f 908//908 3618//3618 3619//3619
f 737//737 3618//3618 3620//3620
f 908//908 3611//3611 3620//3620
f 734//734 2651//2651 3620//3620
f 740//740 3621//3621 3624//3624
f 910//910 3622//3622 3624//3624
f 909//909 3623//3623 3624//3624
f 740//740 3625//3625 3627//3627
f 911//911 3626//3626 3627//3627
f 910//910 3621//3621 3627//3627
f 740//740 3623//3623 3628//3628
f 909//909 3616//3616 3628//3628
f 737//737 2663//2663 3628//3628
f 719//719 3629//3629 3630//3630
f 911//911 3625//3625 3630//3630
f 740//740 2666//2666 3630//3630
f 717//717 3631//3631 3634//3634
f 912//912 3632//3632 3634//3634
f 911//911 3633//3633 3634//3634
f 717//717 3633//3633 3635//3635
f 911//911 3629//3629 3635//3635
f 719//719 2603//2603 3635//3635
f 913//913 3636//3636 3639//3639
f 914//914 3637//3637 3639//3639
f 915//915 3638//3638 3639//3639
f 715//715 3640//3640 3642//3642
f 913//913 3638//3638 3642//3642
f 915//915 3641//3641 3642//3642
f 715//715 3641//3641 3645//3645
f 915//915 3643//3643 3645//3645
f 912//912 3644//3644 3645//3645
f 715//715 3644//3644 3646//3646
f 912//912 3631//3631 3646//3646
f 717//717 2597//2597 3646//3646
f 311//311 3647//3647 3649//3649
f 913//913 3640//3640 3649//3649
f 715//715 3648//3648 3649//3649
f 916//916 3650//3650 3652//3652
f 914//914 3636//3636 3652//3652
f 913//913 3651//3651 3652//3652
f 917//917 3653//3653 3650//3650
f 918//918 3654//3654 3656//3656
f 917//917 3650//3650 3656//3656
f 916//916 3655//3655 3656//3656
f 713//713 3657//3657 3658//3658
f 311//311 3648//3648 3658//3658
f 715//715 2591//2591 3658//3658
f 312//312 1635//1635 3660//3660
f 311//311 3657//3657 3660//3660
f 713//713 3659//3659 3660//3660
f 918//918 3655//3655 919//919
f 713//713 2584//2584 3659//3659
f 921//921 3662//3662 3661//3661
f 918//918 3663//3663 3661//3661
f 920//920 3663//3663 3665//3665
f 918//918 919//919 3665//3665
f 919//919 3664//3664 3665//3665
f 705//705 3666//3666 2575//2575
f 312//312 3659//3659 2575//2575
f 312//312 3666//3666 313//313
f 922//922 3667//3667 3670//3670
f 923//923 3668//3668 3670//3670
f 921//921 3669//3669 3670//3670
f 922//922 3669//3669 3661//3661
f 920//920 3671//3671 3661//3661
f 698//698 3672//3672 3673//3673
f 313//313 313//313 3673//3673
f 705//705 2569//2569 3673//3673
f 314//314 1640//1640 3674//3674
f 313//313 3672//3672 3674//3674
f 315//315 1643//1643 3674//3674
f 698//698 3675//3675 3674//3674
f 924//924 3677//3677 3676//3676
f 923//923 3678//3678 3676//3676
f 3679//3679 3678//3678 3667//3667
f 922//922 3679//3679 3667//3667
f 698//698 2562//2562 3675//3675
f 926//926 3681//3681 3680//3680
f 924//924 3682//3682 3680//3680
f 925//925 3682//3682 3676//3676
f 3679//3679 3683//3683 3676//3676
f 927//927 3684//3684 3680//3680
f 925//925 3685//3685 3680//3680
f 315//315 3675//3675 3686//3686
f 695//695 2558//2558 3686//3686
f 316//316 1646//1646 690//690
f 315//315 690//690 690//690
f 928//928 928//928 3688//3688
f 927//927 3685//3685 3688//3688
f 925//925 3687//3687 3688//3688
f 689//689 3689//3689 690//690
f 14//14 316//316 3690//3690
f 316//316 3689//3689 3690//3690
f 929//929 3691//3691 3694//3694
f 930//930 3692//3692 3694//3694
f 927//927 3693//3693 3694//3694
f 929//929 3693//3693 928//928
f 689//689 2552//2552 3690//3690
f 14//14 678//678 13//13
f 932//932 3696//3696 3695//3695
f 930//930 3697//3697 3695//3695
f 931//931 3697//3697 3699//3699
f 930//930 3691//3691 3699//3699
f 929//929 3698//3698 3699//3699
f 933//933 3700//3700 3695//3695
f 931//931 3701//3701 3695//3695
f 12//12 1095//1095 3702//3702
f 13//13 3703//3703 3702//3702
f 677//677 3703//3703 3704//3704
f 13//13 13//13 3704//3704
f 678//678 2527//2527 3704//3704
f 933//933 3701//3701 934//934
f 11//11 1092//1092 3705//3705
f 12//12 3706//3706 3705//3705
f 679//679 3706//3706 3702//3702
f 677//677 2530//2530 3702//3702
f 936//936 3708//3708 3707//3707
f 933//933 3709//3709 3707//3707
f 935//935 3709//3709 3711//3711
f 933//933 934//934 3711//3711
f 934//934 3710//3710 3711//3711
f 304//304 11//11 3712//3712
f 11//11 3713//3713 3712//3712
f 680//680 3713//3713 3705//3705
f 679//679 2533//2533 3705//3705
f 938//938 3715//3715 3714//3714
f 936//936 3716//3716 3714//3714
f 937//937 3716//3716 3718//3718
f 936//936 3707//3707 3718//3718
f 935//935 3717//3717 3718//3718
f 304//304 3719//3719 300//300
f 681//681 3719//3719 3712//3712
f 680//680 2536//2536 3712//3712
f 939//939 3720//3720 3723//3723
f 940//940 3721//3721 3723//3723
f 938//938 3722//3722 3723//3723
f 939//939 3722//3722 3714//3714
f 937//937 3724//3724 3714//3714
f 301//301 1616//1616 3725//3725
f 300//300 3726//3726 3725//3725
f 682//682 3726//3726 3727//3727
f 300//300 300//300 3727//3727
f 681//681 2539//2539 3727//3727
f 302//302 1619//1619 3725//3725
f 682//682 3728//3728 3725//3725
f 941//941 3729//3729 3731//3731
f 940//940 3720//3720 3731//3731
f 939//939 3730//3730 3731//3731
f 941//941 3732//3732 3734//3734
f 942//942 3733//3733 3734//3734
f 940//940 3729//3729 3734//3734
f 302//302 3728//3728 3735//3735
f 682//682 2542//2542 3735//3735
f 943//943 3736//3736 3738//3738
f 942//942 3732//3732 3738//3738
f 941//941 3737//3737 3738//3738
f 944//944 3740//3740 3739//3739
f 942//942 3736//3736 3739//3739
f 683//683 2545//2545 3735//3735
f 302//302 659//659 303//303
f 944//944 3741//3741 3745//3745
f 945//945 3741//3741 3743//3743
f 944//944 3739//3739 3743//3743
f 943//943 3742//3742 3743//3743
f 947//947 946//946 3745//3745
f 945//945 3744//3744 3745//3745
f 658//658 3746//3746 3747//3747
f 303//303 303//303 3747//3747
f 659//659 2478//2478 3747//3747
f 658//658 658//658 1624//1624
f 303//303 3746//3746 1624//1624
f 948//948 3748//3748 3750//3750
f 947//947 3744//3744 3750//3750
f 945//945 3749//3749 3750//3750
f 660//660 283//283 658//658
f 284//284 283//283 3751//3751
f 947//947 3752//3752 3756//3756
f 949//949 3752//3752 3754//3754
f 947//947 3748//3748 3754//3754
f 948//948 3753//3753 3754//3754
f 951//951 950//950 3756//3756
f 949//949 3755//3755 3756//3756
f 661//661 3757//3757 3751//3751
f 660//660 2483//2483 3751//3751
f 285//285 1576//1576 3758//3758
f 284//284 3757//3757 3758//3758
f 951//951 3755//3755 3759//3759
f 949//949 3760//3760 3759//3759
f 662//662 3761//3761 3758//3758
f 661//661 2486//2486 3758//3758
f 286//286 1579//1579 3762//3762
f 285//285 3761//3761 3762//3762
f 287//287 1582//1582 3762//3762
f 662//662 3763//3763 3762//3762
f 953//953 3764//3764 3766//3766
f 954//954 3765//3765 3766//3766
f 953//953 951//951 3759//3759
f 952//952 3767//3767 3759//3759
f 287//287 3763//3763 3768//3768
f 662//662 2489//2489 3768//3768
f 956//956 3770//3770 3769//3769
f 954//954 3771//3771 3769//3769
f 955//955 3771//3771 3773//3773
f 954//954 3764//3764 3773//3773
f 953//953 3772//3772 3773//3773
f 664//664 3774//3774 3768//3768
f 663//663 2492//2492 3768//3768
f 287//287 3774//3774 288//288
f 288//288 3775//3775 289//289
f 665//665 3775//3775 3776//3776
f 288//288 288//288 3776//3776
f 664//664 2495//2495 3776//3776
f 666//666 3777//3777 3779//3779
f 290//290 1589//1589 3779//3779
f 289//289 3778//3778 3779//3779
f 666//666 3778//3778 3780//3780
f 289//289 289//289 3780//3780
f 665//665 2498//2498 3780//3780
f 291//291 1592//1592 3782//3782
f 290//290 3777//3777 3782//3782
f 666//666 3781//3781 3782//3782
f 291//291 3781//3781 3783//3783
f 666//666 2501//2501 3783//3783
f 292//292 1595//1595 3784//3784
f 291//291 3785//3785 3784//3784
f 291//291 3783//3783 3785//3785
f 293//293 1598//1598 3784//3784
f 668//668 3786//3786 3784//3784
f 293//293 3786//3786 3787//3787
f 668//668 2506//2506 3787//3787
f 294//294 1601//1601 3788//3788
f 293//293 3789//3789 3788//3788
f 670//670 3789//3789 3787//3787
f 669//669 2509//2509 3787//3787
f 295//295 1604//1604 3788//3788
f 670//670 3790//3790 3788//3788
f 295//295 3790//3790 3791//3791
f 670//670 2512//2512 3791//3791
f 672//672 3792//3792 3791//3791
f 671//671 2515//2515 3791//3791
f 295//295 3792//3792 296//296
f 673//673 3793//3793 3794//3794
f 296//296 296//296 3794//3794
f 672//672 2518//2518 3794//3794
f 673//673 3795//3795 3796//3796
f 297//297 1609//1609 3796//3796
f 296//296 3793//3793 3796//3796
f 298//298 1612//1612 3798//3798
f 297//297 3795//3795 3798//3798
f 673//673 3797//3797 3798//3798
f 298//298 3797//3797 3799//3799
f 673//673 2521//2521 3799//3799
f 298//298 3799//3799 2524//2524
f 298//298 656//656 3800//3800
f 654//654 3801//3801 2475//2475
f 280//280 3800//3800 2475//2475
f 279//279 280//280 3802//3802
f 280//280 3801//3801 3802//3802
f 651//651 3803//3803 3802//3802
f 654//654 2470//2470 3802//3802
f 278//278 1568//1568 3804//3804
f 279//279 3803//3803 3804//3804
f 649//649 3805//3805 3804//3804
f 651//651 2462//2462 3804//3804
f 277//277 1565//1565 3806//3806
f 278//278 3805//3805 3806//3806
f 649//649 2457//2457 3806//3806
f 277//277 2457//2457 1563//1563
f 2457//2457 645//645 3807//3807
f 645//645 3808//3808 3809//3809
f 1563//1563 645//645 3809//3809
f 276//276 3808//3808 3810//3810
f 645//645 643//643 3810//3810
f 275//275 276//276 3811//3811
f 276//276 643//643 3811//3811
f 643//643 2444//2444 3811//3811
f 275//275 641//641 3812//3812
f 274//274 3812//3812 3813//3813
f 641//641 639//639 3813//3813
f 639//639 3814//3814 3815//3815
f 274//274 639//639 3815//3815
f 273//273 3814//3814 3816//3816
f 639//639 2436//2436 3816//3816
f 273//273 637//637 3817//3817
f 272//272 637//637 3819//3819
f 637//637 3818//3818 3819//3819
f 271//271 3818//3818 3820//3820
f 637//637 635//635 3820//3820
f 271//271 635//635 3821//3821
f 635//635 2428//2428 3821//3821
f 271//271 632//632 3822//3822
f 269//269 632//632 3824//3824
f 632//632 3823//3823 3824//3824
f 267//267 3823//3823 3825//3825
f 632//632 629//629 3825//3825
f 624//624 3827//3827 3826//3826
f 267//267 629//629 3826//3826
f 3828//3828 267//267 3827//3827
f 623//623 3828//3828 3829//3829
f 3828//3828 3827//3827 3829//3829
f 624//624 2409//2409 3829//3829
f 257//257 263//263 3831//3831
f 623//623 3830//3830 3831//3831
f 623//623 2406//2406 3830//3830
f 257//257 3830//3830 1551//1551
f 620//620 3832//3832 1551//1551
f 256//256 3832//3832 619//619
f 617//617 3833//3833 3834//3834
f 256//256 619//619 3834//3834
f 619//619 2396//2396 3834//3834
f 255//255 1548//1548 3835//3835
f 256//256 3833//3833 3835//3835
f 253//253 1545//1545 3835//3835
f 617//617 3836//3836 3835//3835
f 253//253 3836//3836 3837//3837
f 617//617 2390//2390 3837//3837
f 253//253 3837//3837 2384//2384
f 253//253 613//613 252//252
f 249//249 252//252 3839//3839
f 252//252 252//252 3839//3839
f 613//613 3838//3838 3839//3839
f 249//249 3838//3838 3840//3840
f 613//613 2379//2379 3840//3840
f 247//247 1531//1531 3841//3841
f 249//249 3842//3842 3841//3841
f 608//608 3842//3842 3840//3840
f 611//611 2373//2373 3840//3840
f 248//248 1527//1527 3843//3843
f 247//247 3844//3844 3843//3843
f 609//609 3844//3844 2368//2368
f 247//247 3841//3841 2368//2368
f 248//248 3843//3843 3845//3845
f 250//250 1535//1535 3846//3846
f 248//248 3845//3845 3846//3846
f 250//250 3847//3847 251//251
f 612//612 3847//3847 2375//2375
f 250//250 3846//3846 2375//2375
f 254//254 1543//1543 3849//3849
f 251//251 251//251 3849//3849
f 612//612 3848//3848 3849//3849
f 254//254 3848//3848 614//614
f 260//260 1555//1555 3851//3851
f 254//254 614//614 3851//3851
f 614//614 3850//3850 3851//3851
f 260//260 3850//3850 3852//3852
f 614//614 2386//2386 3852//3852
f 618//618 3853//3853 3852//3852
f 616//616 2392//2392 3852//3852
f 621//621 3854//3854 3855//3855
f 3854//3854 260//260 3855//3855
f 618//618 2400//2400 3855//3855
f 264//264 3856//3856 622//622
f 265//265 264//264 3860//3860
f 264//264 3857//3857 3860//3860
f 625//625 3857//3857 3858//3858
f 264//264 622//622 3858//3858
f 622//622 2411//2411 3858//3858
f 268//268 265//265 3861//3861
f 265//265 3859//3859 3861//3861
f 630//630 3859//3859 3860//3860
f 625//625 2417//2417 3860//3860
f 631//631 3544//3544 268//268
f 631//631 268//268 3861//3861
f 630//630 2420//2420 3861//3861
f 310//310 310//310 3862//3862
f 834//834 3863//3863 3862//3862
f 311//311 1634//1634 3864//3864
f 310//310 3862//3862 3864//3864
f 913//913 3647//3647 3864//3864
f 957//957 3867//3867 3865//3865
f 258//258 1561//1561 3541//3541
f 894//894 3865//3865 3541//3541
f 957//957 3866//3866 3867//3867
f 835//835 2888//2888 3867//3867
f 308//308 1632//1632 3867//3867
f 958//958 959//959 3868//3868
f 959//959 3869//3869 3868//3868
f 57//57 1330//1330 958//958
f 962//962 3870//3870 3871//3871
f 1139//1139 60//60 3873//3873
f 1139//1139 964//964 3874//3874
f 964//964 965//965 3874//3874
f 958//958 3875//3875 961//961
f 964//964 3876//3876 961//961
f 958//958 3868//3868 3875//3875
f 960//960 3871//3871 3875//3875
f 965//965 3877//3877 3879//3879
f 45//45 3878//3878 3879//3879
f 1139//1139 965//965 3880//3880
f 965//965 3878//3878 3880//3880
f 45//45 1139//1139 3880//3880
f 964//964 3873//3873 3881//3881
f 59//59 3882//3882 1163//1163
f 967//967 3881//3881 1163//1163
f 970//970 3884//3884 3883//3883
f 970//970 3883//3883 3885//3885
f 970//970 3885//3885 3886//3886
f 156//156 156//156 3886//3886
f 971//971 3887//3887 3888//3888
f 45//45 3890//3890 3891//3891
f 967//967 3882//3882 3891//3891
f 59//59 1333//1333 3891//3891
f 45//45 966//966 3892//3892
f 966//966 967//967 3892//3892
f 967//967 3890//3890 3892//3892
f 967//967 971//971 970//970
f 971//971 3893//3893 970//970
f 971//971 3888//3888 3893//3893
f 968//968 3884//3884 3893//3893
f 57//57 958//958 3894//3894
f 958//958 970//970 3894//3894
f 970//970 3886//3886 3894//3894
f 58//58 1162//1162 3894//3894
f 974//974 3896//3896 3895//3895
f 49//49 1140//1140 3897//3897
f 48//48 959//959 3897//3897
f 523//523 2136//2136 156//156
f 525//525 3898//3898 3899//3899
f 155//155 156//156 3899//3899
f 156//156 156//156 3899//3899
f 526//526 3900//3900 3901//3901
f 155//155 3898//3898 3901//3901
f 525//525 2139//2139 3901//3901
f 526//526 3902//3902 3903//3903
f 158//158 155//155 3903//3903
f 155//155 3900//3900 3903//3903
f 532//532 3904//3904 3905//3905
f 158//158 3902//3902 3905//3905
f 526//526 2157//2157 3905//3905
f 532//532 3906//3906 3907//3907
f 160//160 158//158 3907//3907
f 158//158 3904//3904 3907//3907
f 533//533 3908//3908 3910//3910
f 162//162 160//160 3910//3910
f 160//160 3909//3909 3910//3910
f 533//533 3909//3909 3911//3911
f 160//160 3906//3906 3911//3911
f 532//532 2160//2160 3911//3911
f 537//537 3912//3912 3914//3914
f 164//164 162//162 3914//3914
f 162//162 3913//3913 3914//3914
f 537//537 3913//3913 3915//3915
f 162//162 3908//3908 3915//3915
f 533//533 2172//2172 3915//3915
f 538//538 3916//3916 3918//3918
f 166//166 164//164 3918//3918
f 164//164 3917//3917 3918//3918
f 538//538 3917//3917 3919//3919
f 164//164 3912//3912 3919//3919
f 537//537 2175//2175 3919//3919
f 543//543 3920//3920 3921//3921
f 166//166 3916//3916 3921//3921
f 538//538 2190//2190 3921//3921
f 543//543 168//168 3922//3922
f 168//168 166//166 3922//3922
f 166//166 3920//3920 3922//3922
f 544//544 3923//3923 3924//3924
f 543//543 2193//2193 3924//3924
f 544//544 3925//3925 3926//3926
f 170//170 168//168 3926//3926
f 168//168 3923//3923 3926//3926
f 170//170 3925//3925 3927//3927
f 544//544 2202//2202 3927//3927
f 547//547 3928//3928 3929//3929
f 172//172 170//170 3929//3929
f 170//170 547//547 3929//3929
f 556//556 3930//3930 3931//3931
f 172//172 3928//3928 3931//3931
f 547//547 2231//2231 3931//3931
f 556//556 3932//3932 3933//3933
f 174//174 172//172 3933//3933
f 172//172 3930//3930 3933//3933
f 557//557 3934//3934 3935//3935
f 174//174 3932//3932 3935//3935
f 556//556 2234//2234 3935//3935
f 557//557 3936//3936 3937//3937
f 178//178 1382//1382 3937//3937
f 174//174 3934//3934 3937//3937
f 558//558 3938//3938 3939//3939
f 178//178 3936//3936 3939//3939
f 557//557 2237//2237 3939//3939
f 558//558 3940//3940 3941//3941
f 183//183 1393//1393 3941//3941
f 178//178 3938//3938 3941//3941
f 559//559 3942//3942 3943//3943
f 183//183 3940//3940 3943//3943
f 558//558 2240//2240 3943//3943
f 559//559 3944//3944 3945//3945
f 184//184 1396//1396 3945//3945
f 183//183 3942//3942 3945//3945
f 560//560 3946//3946 3947//3947
f 184//184 3944//3944 3947//3947
f 559//559 2243//2243 3947//3947
f 560//560 3948//3948 3949//3949
f 185//185 1399//1399 3949//3949
f 184//184 3946//3946 3949//3949
f 561//561 3950//3950 3951//3951
f 185//185 3948//3948 3951//3951
f 560//560 2246//2246 3951//3951
f 561//561 3952//3952 3953//3953
f 186//186 1402//1402 3953//3953
f 185//185 3950//3950 3953//3953
f 562//562 3954//3954 3956//3956
f 187//187 1405//1405 3956//3956
f 186//186 3955//3955 3956//3956
f 562//562 3955//3955 3957//3957
f 186//186 3952//3952 3957//3957
f 561//561 2249//2249 3957//3957
f 563//563 3958//3958 3960//3960
f 188//188 1408//1408 3960//3960
f 187//187 3959//3959 3960//3960
f 563//563 3959//3959 3961//3961
f 187//187 3954//3954 3961//3961
f 562//562 2252//2252 3961//3961
f 564//564 3962//3962 3964//3964
f 189//189 1411//1411 3964//3964
f 188//188 3963//3963 3964//3964
f 564//564 3963//3963 3965//3965
f 188//188 3958//3958 3965//3965
f 563//563 2255//2255 3965//3965
f 565//565 3966//3966 3968//3968
f 190//190 1414//1414 3968//3968
f 189//189 3967//3967 3968//3968
f 565//565 3967//3967 3969//3969
f 189//189 3962//3962 3969//3969
f 564//564 2258//2258 3969//3969
f 566//566 3970//3970 3972//3972
f 191//191 1417//1417 3972//3972
f 190//190 3971//3971 3972//3972
f 566//566 3971//3971 3973//3973
f 190//190 3966//3966 3973//3973
f 565//565 2261//2261 3973//3973
f 567//567 3974//3974 3976//3976
f 192//192 1420//1420 3976//3976
f 191//191 3975//3975 3976//3976
f 567//567 3975//3975 3977//3977
f 191//191 3970//3970 3977//3977
f 566//566 2264//2264 3977//3977
f 193//193 1423//1423 3979//3979
f 192//192 3978//3978 3979//3979
f 568//568 3978//3978 3980//3980
f 192//192 3974//3974 3980//3980
f 567//567 2267//2267 3980//3980
f 570//570 3981//3981 3983//3983
f 201//201 1429//1429 3983//3983
f 193//193 3982//3982 3983//3983
f 570//570 3982//3982 3984//3984
f 193//193 568//568 3984//3984
f 568//568 2271//2271 3984//3984
f 571//571 3985//3985 3987//3987
f 202//202 1432//1432 3987//3987
f 201//201 3986//3986 3987//3987
f 571//571 3986//3986 3988//3988
f 201//201 3981//3981 3988//3988
f 570//570 2274//2274 3988//3988
f 572//572 3989//3989 3991//3991
f 203//203 1435//1435 3991//3991
f 202//202 3990//3990 3991//3991
f 572//572 3990//3990 3992//3992
f 202//202 3985//3985 3992//3992
f 571//571 2277//2277 3992//3992
f 573//573 3993//3993 3995//3995
f 204//204 1438//1438 3995//3995
f 203//203 3994//3994 3995//3995
f 573//573 3994//3994 3996//3996
f 203//203 3989//3989 3996//3996
f 572//572 2280//2280 3996//3996
f 574//574 3997//3997 3999//3999
f 205//205 1441//1441 3999//3999
f 204//204 3998//3998 3999//3999
f 574//574 3998//3998 4000//4000
f 204//204 3993//3993 4000//4000
f 573//573 2283//2283 4000//4000
f 575//575 4001//4001 4003//4003
f 206//206 1444//1444 4003//4003
f 205//205 4002//4002 4003//4003
f 575//575 4002//4002 4004//4004
f 205//205 3997//3997 4004//4004
f 574//574 2286//2286 4004//4004
f 576//576 4005//4005 4007//4007
f 207//207 1447//1447 4007//4007
f 206//206 4006//4006 4007//4007
f 576//576 4006//4006 4008//4008
f 206//206 4001//4001 4008//4008
f 575//575 2289//2289 4008//4008
f 577//577 4009//4009 4011//4011
f 208//208 1450//1450 4011//4011
f 207//207 4010//4010 4011//4011
f 577//577 4010//4010 4012//4012
f 207//207 4005//4005 4012//4012
f 576//576 2292//2292 4012//4012
f 578//578 4013//4013 4015//4015
f 209//209 1453//1453 4015//4015
f 208//208 4014//4014 4015//4015
f 578//578 4014//4014 4016//4016
f 208//208 4009//4009 4016//4016
f 577//577 2295//2295 4016//4016
f 579//579 4017//4017 4019//4019
f 210//210 1456//1456 4019//4019
f 209//209 4018//4018 4019//4019
f 579//579 4018//4018 4020//4020
f 209//209 4013//4013 4020//4020
f 578//578 2298//2298 4020//4020
f 580//580 4021//4021 4022//4022
f 210//210 4017//4017 4022//4022
f 579//579 2301//2301 4022//4022
f 580//580 4023//4023 4024//4024
f 211//211 1459//1459 4024//4024
f 210//210 4021//4021 4024//4024
f 581//581 4025//4025 4026//4026
f 211//211 4023//4023 4026//4026
f 580//580 2304//2304 4026//4026
f 581//581 4027//4027 4028//4028
f 212//212 1462//1462 4028//4028
f 211//211 4025//4025 4028//4028
f 212//212 4027//4027 4029//4029
f 581//581 2307//2307 4029//4029
f 582//582 4030//4030 4031//4031
f 213//213 1465//1465 4031//4031
f 212//212 582//582 4031//4031
f 589//589 4032//4032 4033//4033
f 213//213 4030//4030 4033//4033
f 582//582 2324//2324 4033//4033
f 589//589 4034//4034 4035//4035
f 221//221 213//213 4035//4035
f 213//213 4032//4032 4035//4035
f 590//590 4036//4036 4037//4037
f 221//221 4034//4034 4037//4037
f 589//589 2327//2327 4037//4037
f 590//590 4038//4038 4039//4039
f 222//222 1482//1482 4039//4039
f 221//221 4036//4036 4039//4039
f 585//585 4040//4040 4042//4042
f 223//223 1485//1485 4042//4042
f 222//222 4041//4041 4042//4042
f 585//585 4041//4041 4043//4043
f 222//222 4038//4038 4043//4043
f 590//590 2329//2329 4043//4043
f 584//584 4044//4044 4046//4046
f 224//224 1488//1488 4046//4046
f 223//223 4045//4045 4046//4046
f 584//584 4045//4045 4047//4047
f 223//223 4040//4040 4047//4047
f 585//585 2310//2310 4047//4047
f 586//586 4048//4048 4050//4050
f 218//218 1491//1491 4050//4050
f 224//224 4049//4049 4050//4050
f 586//586 4049//4049 4051//4051
f 224//224 4044//4044 4051//4051
f 584//584 2314//2314 4051//4051
f 587//587 4052//4052 4054//4054
f 219//219 1473//1473 4054//4054
f 218//218 4053//4053 4054//4054
f 587//587 4053//4053 4055//4055
f 218//218 4048//4048 4055//4055
f 586//586 2317//2317 4055//4055
f 220//220 1476//1476 4057//4057
f 219//219 4056//4056 4057//4057
f 588//588 4056//4056 4058//4058
f 219//219 4052//4052 4058//4058
f 587//587 2320//2320 4058//4058
f 592//592 4059//4059 4061//4061
f 229//229 1499//1499 4061//4061
f 220//220 4060//4060 4061//4061
f 592//592 4060//4060 4062//4062
f 220//220 588//588 4062//4062
f 588//588 2332//2332 4062//4062
f 593//593 4063//4063 4065//4065
f 230//230 1502//1502 4065//4065
f 229//229 4064//4064 4065//4065
f 593//593 4064//4064 4066//4066
f 229//229 4059//4059 4066//4066
f 592//592 2335//2335 4066//4066
f 594//594 4067//4067 4069//4069
f 231//231 1505//1505 4069//4069
f 230//230 4068//4068 4069//4069
f 594//594 4068//4068 4070//4070
f 230//230 4063//4063 4070//4070
f 593//593 2338//2338 4070//4070
f 231//231 4071//4071 4072//4072
f 595//595 4071//4071 4073//4073
f 231//231 4067//4067 4073//4073
f 594//594 2341//2341 4073//4073
f 597//597 4074//4074 4076//4076
f 238//238 232//232 4076//4076
f 232//232 4075//4075 4076//4076
f 597//597 4075//4075 4077//4077
f 232//232 595//595 4077//4077
f 595//595 2344//2344 4077//4077
f 598//598 4078//4078 4080//4080
f 238//238 4079//4079 4080//4080
f 598//598 4079//4079 4081//4081
f 238//238 4074//4074 4081//4081
f 597//597 2347//2347 4081//4081
f 599//599 4082//4082 4084//4084
f 227//227 4083//4083 4084//4084
f 599//599 4083//4083 4085//4085
f 227//227 4078//4078 4085//4085
f 598//598 2350//2350 4085//4085
f 601//601 4086//4086 4088//4088
f 180//180 181//181 4088//4088
f 181//181 4087//4087 4088//4088
f 601//601 4087//4087 4089//4089
f 181//181 4082//4082 4089//4089
f 599//599 2354//2354 4089//4089
f 554//554 4090//4090 4092//4092
f 179//179 1386//1386 4092//4092
f 180//180 4091//4091 4092//4092
f 554//554 4091//4091 4093//4093
f 180//180 4086//4086 4093//4093
f 601//601 2358//2358 4093//4093
f 552//552 4094//4094 4096//4096
f 177//177 1383//1383 4096//4096
f 179//179 4095//4095 4096//4096
f 552//552 4095//4095 4097//4097
f 179//179 4090//4090 4097//4097
f 554//554 2227//2227 4097//4097
f 550//550 4098//4098 4100//4100
f 173//173 1378//1378 4100//4100
f 177//177 4099//4099 4100//4100
f 550//550 4099//4099 4101//4101
f 177//177 4094//4094 4101//4101
f 552//552 2218//2218 4101//4101
f 548//548 4102//4102 4104//4104
f 171//171 1370//1370 4104//4104
f 173//173 4103//4103 4104//4104
f 548//548 4103//4103 4105//4105
f 173//173 4098//4098 4105//4105
f 550//550 2215//2215 4105//4105
f 545//545 4106//4106 4108//4108
f 169//169 1367//1367 4108//4108
f 171//171 4107//4107 4108//4108
f 545//545 4107//4107 4109//4109
f 171//171 4102//4102 4109//4109
f 548//548 2209//2209 4109//4109
f 541//541 4110//4110 4112//4112
f 167//167 1364//1364 4112//4112
f 169//169 4111//4111 4112//4112
f 541//541 4111//4111 4113//4113
f 169//169 4106//4106 4113//4113
f 545//545 2197//2197 4113//4113
f 539//539 4114//4114 4116//4116
f 165//165 1360//1360 4116//4116
f 167//167 4115//4115 4116//4116
f 539//539 4115//4115 4117//4117
f 167//167 4110//4110 4117//4117
f 541//541 2188//2188 4117//4117
f 535//535 4118//4118 4119//4119
f 165//165 4114//4114 4119//4119
f 539//539 2179//2179 4119//4119
f 535//535 4120//4120 4121//4121
f 163//163 1357//1357 4121//4121
f 165//165 4118//4118 4121//4121
f 534//534 4122//4122 4123//4123
f 163//163 4120//4120 4123//4123
f 535//535 2170//2170 4123//4123
f 534//534 4124//4124 4125//4125
f 161//161 1354//1354 4125//4125
f 163//163 4122//4122 4125//4125
f 529//529 4126//4126 4127//4127
f 161//161 4124//4124 4127//4127
f 534//534 2164//2164 4127//4127
f 529//529 4128//4128 4129//4129
f 159//159 1351//1351 4129//4129
f 161//161 4126//4126 4129//4129
f 527//527 4130//4130 4131//4131
f 159//159 4128//4128 4131//4131
f 529//529 2155//2155 4131//4131
f 527//527 4132//4132 4133//4133
f 157//157 1348//1348 4133//4133
f 159//159 4130//4130 4133//4133
f 524//524 4134//4134 4135//4135
f 157//157 4132//4132 4135//4135
f 527//527 2146//2146 4135//4135
f 524//524 4136//4136 4137//4137
f 154//154 1345//1345 4137//4137
f 157//157 4134//4134 4137//4137
f 522//522 4138//4138 4139//4139
f 154//154 4136//4136 4139//4139
f 524//524 2134//2134 4139//4139
f 522//522 4140//4140 4141//4141
f 153//153 1342//1342 4141//4141
f 154//154 4138//4138 4141//4141
f 519//519 4142//4142 4143//4143
f 153//153 4140//4140 4143//4143
f 522//522 2128//2128 4143//4143
f 519//519 4144//4144 4145//4145
f 152//152 1339//1339 4145//4145
f 153//153 4142//4142 4145//4145
f 515//515 4146//4146 4147//4147
f 152//152 4144//4144 4147//4147
f 519//519 2120//2120 4147//4147
f 515//515 4148//4148 4149//4149
f 56//56 1336//1336 4149//4149
f 152//152 4146//4146 4149//4149
f 513//513 4150//4150 4151//4151
f 56//56 4148//4148 4151//4151
f 515//515 2108//2108 4151//4151
f 513//513 4152//4152 4153//4153
f 55//55 1160//1160 4153//4153
f 56//56 4150//4150 4153//4153
f 510//510 4154//4154 4155//4155
f 55//55 4152//4152 4155//4155
f 513//513 2102//2102 4155//4155
f 510//510 4156//4156 4157//4157
f 54//54 1157//1157 4157//4157
f 55//55 4154//4154 4157//4157
f 507//507 4158//4158 4159//4159
f 54//54 4156//4156 4159//4159
f 510//510 2096//2096 4159//4159
f 507//507 4160//4160 4161//4161
f 53//53 1154//1154 4161//4161
f 54//54 4158//4158 4161//4161
f 504//504 4162//4162 4163//4163
f 53//53 4160//4160 4163//4163
f 507//507 2085//2085 4163//4163
f 504//504 4164//4164 4165//4165
f 52//52 1151//1151 4165//4165
f 53//53 4162//4162 4165//4165
f 502//502 4166//4166 4167//4167
f 52//52 4164//4164 4167//4167
f 504//504 502//502 4167//4167
f 502//502 4168//4168 4169//4169
f 51//51 1148//1148 4169//4169
f 52//52 4166//4166 4169//4169
f 499//499 4170//4170 4172//4172
f 50//50 1145//1145 4172//4172
f 51//51 4171//4171 4172//4172
f 499//499 4171//4171 4173//4173
f 51//51 4168//4168 4173//4173
f 502//502 2074//2074 4173//4173
f 48//48 4174//4174 4176//4176
f 975//975 4175//4175 4176//4176
f 974//974 3895//3895 4176//4176
f 495//495 4177//4177 4179//4179
f 48//48 1142//1142 4179//4179
f 50//50 4178//4178 4179//4179
f 495//495 4178//4178 4180//4180
f 50//50 4170//4170 4180//4180
f 499//499 495//495 4180//4180
f 494//494 4181//4181 4182//4182
f 48//48 4177//4177 4182//4182
f 495//495 2058//2058 4182//4182
f 494//494 4183//4183 4184//4184
f 975//975 4174//4174 4184//4184
f 48//48 4181//4181 4184//4184
f 491//491 4185//4185 4188//4188
f 976//976 4186//4186 4188//4188
f 975//975 4187//4187 4188//4188
f 491//491 4187//4187 4189//4189
f 975//975 4183//4183 4189//4189
f 494//494 2055//2055 4189//4189
f 497//497 4190//4190 4193//4193
f 977//977 4191//4191 4193//4193
f 976//976 4192//4192 4193//4193
f 497//497 4192//4192 4194//4194
f 976//976 4185//4185 4194//4194
f 491//491 2060//2060 4194//4194
f 498//498 4195//4195 4198//4198
f 978//978 4196//4196 4198//4198
f 977//977 4197//4197 4198//4198
f 498//498 4197//4197 4199//4199
f 977//977 4190//4190 4199//4199
f 497//497 2063//2063 4199//4199
f 500//500 4200//4200 4203//4203
f 979//979 4201//4201 4203//4203
f 978//978 4202//4202 4203//4203
f 500//500 4202//4202 4204//4204
f 978//978 4195//4195 4204//4204
f 498//498 2070//2070 4204//4204
f 506//506 4205//4205 4208//4208
f 980//980 4206//4206 4208//4208
f 979//979 4207//4207 4208//4208
f 506//506 4207//4207 4209//4209
f 979//979 4200//4200 4209//4209
f 500//500 2081//2081 4209//4209
f 509//509 4210//4210 4213//4213
f 981//981 4211//4211 4213//4213
f 980//980 4212//4212 4213//4213
f 509//509 4212//4212 4214//4214
f 980//980 4205//4205 4214//4214
f 506//506 2090//2090 4214//4214
f 512//512 4215//4215 4218//4218
f 982//982 4216//4216 4218//4218
f 981//981 4217//4217 4218//4218
f 512//512 4217//4217 4219//4219
f 981//981 4210//4210 4219//4219
f 509//509 2098//2098 4219//4219
f 514//514 4220//4220 4223//4223
f 983//983 4221//4221 4223//4223
f 982//982 4222//4222 4223//4223
f 514//514 4222//4222 4224//4224
f 982//982 4215//4215 4224//4224
f 512//512 2104//2104 4224//4224
f 517//517 4225//4225 4226//4226
f 983//983 4220//4220 4226//4226
f 514//514 2114//2114 4226//4226
f 517//517 4227//4227 4229//4229
f 984//984 4228//4228 4229//4229
f 983//983 4225//4225 4229//4229
f 521//521 4230//4230 4231//4231
f 984//984 4227//4227 4231//4231
f 517//517 2122//2122 4231//4231
f 521//521 4232//4232 4234//4234
f 985//985 4233//4233 4234//4234
f 984//984 4230//4230 4234//4234
f 156//156 4235//4235 4237//4237
f 985//985 4232//4232 4237//4237
f 521//521 4236//4236 4237//4237
f 156//156 3885//3885 4239//4239
f 969//969 4238//4238 4239//4239
f 985//985 4235//4235 4239//4239
f 523//523 156//156 2130//2130
f 156//156 4236//4236 2130//2130
f 986//986 987//987 4241//4241
f 987//987 4242//4242 4241//4241
f 239//239 1519//1519 986//986
f 990//990 4243//4243 989//989
f 226//226 1497//1497 4251//4251
f 993//993 4245//4245 992//992
f 986//986 4246//4246 4248//4248
f 989//989 992//992 4248//4248
f 992//992 4247//4247 4248//4248
f 986//986 4241//4241 4246//4246
f 988//988 989//989 4246//4246
f 241//241 4249//4249 4250//4250
f 993//993 4249//4249 4245//4245
f 241//241 1521//1521 4245//4245
f 235//235 243//243 4253//4253
f 243//243 4252//4252 4253//4253
f 995//995 4251//4251 4253//4253
f 282//282 4255//4255 4254//4254
f 997//997 4254//4254 4256//4256
f 245//245 996//996 4255//4255
f 282//282 1572//1572 4255//4255
f 999//999 4257//4257 998//998
f 241//241 4259//4259 4260//4260
f 995//995 4252//4252 4260//4260
f 243//243 241//241 4260//4260
f 241//241 994//994 4261//4261
f 994//994 995//995 4261//4261
f 995//995 4259//4259 4261//4261
f 995//995 999//999 4262//4262
f 999//999 4263//4263 4262//4262
f 999//999 998//998 4263//4263
f 998//998 4256//4256 4263//4263
f 239//239 986//986 4264//4264
f 986//986 996//996 4264//4264
f 245//245 1524//1524 4264//4264
f 282//282 997//997 4265//4265
f 282//282 987//987 1648//1648
f 987//987 4240//4240 1648//1648
f 1002//1002 1002//1002 4266//4266
f 319//319 3020//3020 4266//4266
f 335//335 1665//1665 4266//4266
f 338//338 4268//4268 4267//4267
f 1003//1003 4269//4269 4267//4267
f 321//321 1666//1666 4267//4267
f 846//846 3019//3019 4267//4267
f 1004//1004 4270//4270 1002//1002
f 340//340 4272//4272 4270//4270
f 754//754 2708//2708 4271//4271
f 340//340 4271//4271 4272//4272
f 756//756 4273//4273 4274//4274
f 339//339 4272//4272 4274//4274
f 755//755 2711//2711 4274//4274
f 756//756 756//756 4275//4275
f 341//341 339//339 4275//4275
f 339//339 4273//4273 4275//4275
f 757//757 4276//4276 756//756
f 343//343 341//341 4278//4278
f 341//341 4276//4276 4278//4278
f 345//345 343//343 4278//4278
f 757//757 4277//4277 4278//4278
f 345//345 4277//4277 4280//4280
f 757//757 2716//2716 4280//4280
f 759//759 4279//4279 4280//4280
f 758//758 2719//2719 4280//4280
f 759//759 348//348 4281//4281
f 348//348 345//345 4281//4281
f 345//345 4279//4279 4281//4281
f 349//349 4282//4282 760//760
f 761//761 4283//4283 4284//4284
f 349//349 760//760 4284//4284
f 760//760 2724//2724 4284//4284
f 350//350 1685//1685 4285//4285
f 349//349 4283//4283 4285//4285
f 353//353 1689//1689 4285//4285
f 761//761 4286//4286 4285//4285
f 353//353 4286//4286 762//762
f 763//763 4287//4287 4288//4288
f 353//353 762//762 4288//4288
f 762//762 2729//2729 4288//4288
f 354//354 1692//1692 4289//4289
f 353//353 4287//4287 4289//4289
f 355//355 1695//1695 4289//4289
f 763//763 4290//4290 4289//4289
f 355//355 4290//4290 4291//4291
f 763//763 2732//2732 4291//4291
f 765//765 4292//4292 2735//2735
f 355//355 4291//4291 2735//2735
f 355//355 4292//4292 356//356
f 766//766 4293//4293 2738//2738
f 356//356 356//356 2738//2738
f 766//766 357//357 4294//4294
f 357//357 1700//1700 4294//4294
f 356//356 4293//4293 4294//4294
f 766//766 4295//4295 357//357
f 358//358 4295//4295 4296//4296
f 766//766 2741//2741 4296//4296
f 772//772 4297//4297 4298//4298
f 358//358 4296//4296 4298//4298
f 362//362 358//358 4299//4299
f 358//358 4297//4297 4299//4299
f 363//363 1711//1711 4299//4299
f 772//772 4300//4300 4299//4299
f 363//363 4300//4300 773//773
f 364//364 1714//1714 4301//4301
f 363//363 4302//4302 4301//4301
f 774//774 4302//4302 4303//4303
f 363//363 773//773 4303//4303
f 773//773 2753//2753 4303//4303
f 364//364 4304//4304 365//365
f 775//775 4304//4304 4301//4301
f 774//774 2756//2756 4301//4301
f 366//366 1719//1719 4306//4306
f 365//365 365//365 4306//4306
f 775//775 4305//4305 4306//4306
f 366//366 4305//4305 4307//4307
f 775//775 2759//2759 4307//4307
f 366//366 777//777 4308//4308
f 366//366 4307//4307 2762//2762
f 778//778 367//367 4310//4310
f 367//367 4308//4308 4310//4310
f 777//777 778//778 4310//4310
f 1723//1723 4311//4311 4312//4312
f 779//779 4311//4311 4313//4313
f 1723//1723 778//778 4313//4313
f 778//778 779//779 4313//4313
f 1724//1724 4314//4314 4315//4315
f 780//780 4314//4314 4316//4316
f 1724//1724 779//779 4316//4316
f 779//779 780//780 4316//4316
f 1725//1725 780//780 4317//4317
f 780//780 781//781 4317//4317
f 781//781 4318//4318 4319//4319
f 1725//1725 781//781 4319//4319
f 1726//1726 4318//4318 4320//4320
f 781//781 782//782 4320//4320
f 782//782 4321//4321 4322//4322
f 1726//1726 782//782 4322//4322
f 1727//1727 4321//4321 4324//4324
f 782//782 4323//4323 4324//4324
f 368//368 4323//4323 4325//4325
f 782//782 783//783 4325//4325
f 369//369 368//368 4327//4327
f 368//368 4326//4326 4327//4327
f 784//784 4326//4326 4328//4328
f 368//368 783//783 4328//4328
f 783//783 784//784 4328//4328
f 784//784 370//370 369//369
f 784//784 785//785 4329//4329
f 371//371 370//370 4331//4331
f 370//370 785//785 4331//4331
f 785//785 4330//4330 4331//4331
f 371//371 4330//4330 4332//4332
f 785//785 2768//2768 4332//4332
f 371//371 4334//4334 4333//4333
f 787//787 4334//4334 4332//4332
f 786//786 2771//2771 4332//4332
f 372//372 1731//1731 4335//4335
f 371//371 4336//4336 4335//4335
f 788//788 4336//4336 4333//4333
f 787//787 2774//2774 4333//4333
f 373//373 1734//1734 4338//4338
f 372//372 4335//4335 4338//4338
f 788//788 4337//4337 4338//4338
f 373//373 4337//4337 4339//4339
f 788//788 2777//2777 4339//4339
f 374//374 1737//1737 4339//4339
f 789//789 4340//4340 4339//4339
f 790//790 4341//4341 2780//2780
f 374//374 4340//4340 2780//2780
f 377//377 1743//1743 4342//4342
f 374//374 4343//4343 4342//4342
f 794//794 4343//4343 4341//4341
f 377//377 4344//4344 378//378
f 795//795 4344//4344 4342//4342
f 794//794 2790//2790 4342//4342
f 378//378 4345//4345 379//379
f 796//796 4345//4345 2793//2793
f 378//378 378//378 2793//2793
f 380//380 1750//1750 4347//4347
f 379//379 379//379 4347//4347
f 796//796 4346//4346 4347//4347
f 380//380 4346//4346 4348//4348
f 796//796 2796//2796 4348//4348
f 381//381 1753//1753 4349//4349
f 380//380 4350//4350 4349//4349
f 798//798 4350//4350 2799//2799
f 380//380 4348//4348 2799//2799
f 382//382 1756//1756 4349//4349
f 798//798 4351//4351 4349//4349
f 382//382 4351//4351 799//799
f 383//383 1759//1759 4352//4352
f 382//382 4353//4353 4352//4352
f 800//800 4353//4353 4354//4354
f 382//382 799//799 4354//4354
f 799//799 2804//2804 4354//4354
f 384//384 1762//1762 4355//4355
f 383//383 4356//4356 4355//4355
f 801//801 4356//4356 4352//4352
f 800//800 2807//2807 4352//4352
f 802//802 4357//4357 4359//4359
f 385//385 1765//1765 4359//4359
f 384//384 4358//4358 4359//4359
f 802//802 4358//4358 4355//4355
f 801//801 2811//2811 4355//4355
f 1005//1005 1006//1006 4360//4360
f 1007//1007 4361//4361 4360//4360
f 1005//1005 4362//4362 4363//4363
f 1008//1008 1006//1006 4363//4363
f 385//385 4364//4364 386//386
f 803//803 4364//4364 4365//4365
f 385//385 4357//4357 4365//4365
f 802//802 2814//2814 4365//4365
f 387//387 1770//1770 4367//4367
f 386//386 386//386 4367//4367
f 803//803 4366//4366 4367//4367
f 1008//1008 4368//4368 4372//4372
f 1009//1009 4368//4368 4370//4370
f 1008//1008 4362//4362 4370//4370
f 1005//1005 4369//4369 4370//4370
f 1011//1011 1010//1010 4372//4372
f 1009//1009 4371//4371 4372//4372
f 387//387 4366//4366 4373//4373
f 803//803 2817//2817 4373//4373
f 1012//1012 4374//4374 4376//4376
f 1011//1011 4371//4371 4376//4376
f 1009//1009 4375//4375 4376//4376
f 1013//1013 4377//4377 4374//4374
f 1012//1012 4378//4378 4374//4374
f 805//805 4379//4379 4373//4373
f 804//804 2820//2820 4373//4373
f 388//388 1773//1773 4380//4380
f 387//387 4379//4379 4380//4380
f 389//389 1776//1776 4380//4380
f 805//805 4381//4381 4380//4380
f 1014//1014 4382//4382 4384//4384
f 1013//1013 4378//4378 4384//4384
f 1012//1012 4383//4383 4384//4384
f 389//389 4381//4381 806//806
f 1015//1015 4385//4385 4387//4387
f 1013//1013 4382//4382 4387//4387
f 1014//1014 4386//4386 4387//4387
f 1016//1016 4389//4389 4388//4388
f 1013//1013 4385//4385 4388//4388
f 807//807 4390//4390 4391//4391
f 389//389 806//806 4391//4391
f 806//806 2825//2825 4391//4391
f 389//389 4390//4390 390//390
f 390//390 390//390 1781//1781
f 807//807 4392//4392 1781//1781
f 1017//1017 1016//1016 4388//4388
f 1015//1015 4393//4393 4388//4388
f 1017//1017 4394//4394 4395//4395
f 391//391 4392//4392 4396//4396
f 807//807 2828//2828 4396//4396
f 392//392 1784//1784 4396//4396
f 808//808 4397//4397 4396//4396
f 1019//1019 4398//4398 4394//4394
f 1017//1017 4399//4399 4394//4394
f 1020//1020 1018//1018 4400//4400
f 1018//1018 4398//4398 4400//4400
f 809//809 4401//4401 2831//2831
f 392//392 4397//4397 2831//2831
f 1021//1021 4402//4402 4400//4400
f 1019//1019 4403//4403 4400//4400
f 1022//1022 1020//1020 4404//4404
f 1020//1020 4402//4402 4404//4404
f 1023//1023 4405//4405 4404//4404
f 1021//1021 4406//4406 4404//4404
f 394//394 1790//1790 4407//4407
f 392//392 810//810 4407//4407
f 809//809 2834//2834 4401//4401
f 1023//1023 4406//4406 4408//4408
f 1021//1021 4409//4409 4408//4408
f 394//394 4410//4410 395//395
f 817//817 4410//4410 4407//4407
f 810//810 2844//2844 4407//4407
f 396//396 1795//1795 4412//4412
f 395//395 395//395 4412//4412
f 817//817 4411//4411 4412//4412
f 1025//1025 4413//4413 4408//4408
f 1024//1024 4414//4414 4408//4408
f 1026//1026 4416//4416 4415//4415
f 1023//1023 4413//4413 4415//4415
f 817//817 2848//2848 4411//4411
f 1027//1027 4417//4417 4415//4415
f 1025//1025 4418//4418 4415//4415
f 1027//1027 4419//4419 4421//4421
f 1028//1028 4420//4420 4421//4421
f 1026//1026 4417//4417 4421//4421
f 397//397 1798//1798 4422//4422
f 396//396 4423//4423 4422//4422
f 819//819 4423//4423 4424//4424
f 396//396 4411//4411 4424//4424
f 818//818 2851//2851 4424//4424
f 1029//1029 4425//4425 4427//4427
f 1028//1028 4419//4419 4427//4427
f 1027//1027 4426//4426 4427//4427
f 1030//1030 4429//4429 4428//4428
f 1028//1028 4425//4425 4428//4428
f 820//820 4430//4430 4432//4432
f 398//398 1801//1801 4432//4432
f 397//397 4431//4431 4432//4432
f 820//820 4431//4431 4422//4422
f 819//819 2854//2854 4422//4422
f 1031//1031 4433//4433 4428//4428
f 1029//1029 4434//4434 4428//4428
f 1031//1031 4435//4435 4437//4437
f 1032//1032 4436//4436 4437//4437
f 1030//1030 4433//4433 4437//4437
f 24//24 1804//1804 4438//4438
f 398//398 4439//4439 4438//4438
f 821//821 4439//4439 4440//4440
f 398//398 4430//4430 4440//4440
f 820//820 2857//2857 4440//4440
f 1034//1034 4442//4442 4441//4441
f 1032//1032 4443//4443 4441//4441
f 1033//1033 4443//4443 4435//4435
f 1031//1031 1033//1033 4435//4435
f 1035//1035 4444//4444 4441//4441
f 1033//1033 4445//4445 4441//4441
f 25//25 24//24 4446//4446
f 24//24 4447//4447 4446//4446
f 816//816 4447//4447 4438//4438
f 821//821 2859//2859 4438//4438
f 1035//1035 4445//4445 4448//4448
f 1033//1033 4449//4449 4448//4448
f 26//26 1106//1106 4450//4450
f 25//25 815//815 4450//4450
f 816//816 2840//2840 4446//4446
f 26//26 4450//4450 1109//1109
f 815//815 4451//4451 1109//1109
f 1037//1037 4452//4452 4448//4448
f 1036//1036 1037//1037 4448//4448
f 1038//1038 4454//4454 4453//4453
f 1035//1035 4452//4452 4453//4453
f 27//27 4451//4451 4455//4455
f 815//815 2864//2864 4455//4455
f 1039//1039 4456//4456 4453//4453
f 1037//1037 4457//4457 4453//4453
f 1040//1040 4459//4459 4458//4458
f 1038//1038 4456//4456 4458//4458
f 1041//1041 4460//4460 4458//4458
f 1039//1039 4461//4461 4458//4458
f 823//823 4462//4462 4455//4455
f 825//825 2867//2867 4455//4455
f 347//347 1682//1682 4463//4463
f 27//27 4462//4462 4463//4463
f 1039//1039 4464//4464 4461//4461
f 1043//1043 4465//4465 4467//4467
f 1041//1041 4461//4461 4467//4467
f 1042//1042 4466//4466 4467//4467
f 347//347 4463//4463 4468//4468
f 346//346 347//347 4469//4469
f 347//347 813//813 4469//4469
f 1043//1043 4466//4466 4470//4470
f 1042//1042 4471//4471 4470//4470
f 346//346 4469//4469 4472//4472
f 344//344 1675//1675 4473//4473
f 346//346 4472//4472 4473//4473
f 1045//1045 4474//4474 4470//4470
f 1044//1044 4475//4475 4470//4470
f 1046//1046 4477//4477 4476//4476
f 1043//1043 4474//4474 4476//4476
f 770//770 4478//4478 2783//2783
f 344//344 4473//4473 2783//2783
f 344//344 4478//4478 342//342
f 1003//1003 4479//4479 4476//4476
f 1045//1045 4480//4480 4476//4476
f 1003//1003 4484//4484 4482//4482
f 1047//1047 4481//4481 4482//4482
f 1046//1046 4479//4479 4482//4482
f 1048//1048 1047//1047 4484//4484
f 1003//1003 4483//4483 4484//4484
f 337//337 1669//1669 4485//4485
f 752//752 4485//4485 2744//2744
f 342//342 342//342 2744//2744
f 337//337 4486//4486 338//338
f 750//750 4486//4486 4487//4487
f 337//337 4485//4485 4487//4487
f 752//752 2698//2698 4487//4487
f 747//747 4488//4488 4490//4490
f 1003//1003 4268//4268 4490//4490
f 338//338 4489//4489 4490//4490
f 747//747 4491//4491 4492//4492
f 1048//1048 4483//4483 4492//4492
f 1003//1003 4488//4488 4492//4492
f 747//747 4489//4489 4493//4493
f 338//338 338//338 4493//4493
f 750//750 2695//2695 4493//4493
f 747//747 4494//4494 4496//4496
f 1049//1049 4495//4495 4496//4496
f 1048//1048 4491//4491 4496//4496
f 744//744 4497//4497 4498//4498
f 1049//1049 4494//4494 4498//4498
f 747//747 2686//2686 4498//4498
f 742//742 4499//4499 4500//4500
f 1049//1049 4497//4497 4500//4500
f 744//744 2680//2680 4500//4500
f 742//742 4501//4501 4503//4503
f 1050//1050 4502//4502 4503//4503
f 1049//1049 4499//4499 4503//4503
f 742//742 4504//4504 4506//4506
f 1051//1051 4505//4505 4506//4506
f 1050//1050 4501//4501 4506//4506
f 739//739 4507//4507 4508//4508
f 1051//1051 4504//4504 4508//4508
f 742//742 2672//2672 4508//4508
f 739//739 4509//4509 4511//4511
f 1052//1052 4510//4510 4511//4511
f 1051//1051 4507//4507 4511//4511
f 736//736 4512//4512 4513//4513
f 1052//1052 4509//4509 4513//4513
f 739//739 2660//2660 4513//4513
f 733//733 4514//4514 4515//4515
f 1052//1052 4512//4512 4515//4515
f 736//736 2654//2654 4515//4515
f 733//733 4516//4516 4518//4518
f 1053//1053 4517//4517 4518//4518
f 1052//1052 4514//4514 4518//4518
f 733//733 4519//4519 4521//4521
f 1054//1054 4520//4520 4521//4521
f 1053//1053 4516//4516 4521//4521
f 730//730 4522//4522 4523//4523
f 1054//1054 4519//4519 4523//4523
f 733//733 2642//2642 4523//4523
f 726//726 4524//4524 4525//4525
f 1054//1054 4522//4522 4525//4525
f 730//730 2635//2635 4525//4525
f 726//726 4526//4526 4528//4528
f 1055//1055 4527//4527 4528//4528
f 1054//1054 4524//4524 4528//4528
f 726//726 4529//4529 4531//4531
f 1056//1056 4530//4530 4531//4531
f 1055//1055 4526//4526 4531//4531
f 724//724 4532//4532 4533//4533
f 1056//1056 4529//4529 4533//4533
f 726//726 2623//2623 4533//4533
f 722//722 4534//4534 4537//4537
f 1057//1057 4535//4535 4537//4537
f 1056//1056 4536//4536 4537//4537
f 722//722 4536//4536 4538//4538
f 1056//1056 4532//4532 4538//4538
f 724//724 2617//2617 4538//4538
f 720//720 4539//4539 4542//4542
f 1058//1058 4540//4540 4542//4542
f 1057//1057 4541//4541 4542//4542
f 720//720 4541//4541 4543//4543
f 1057//1057 4534//4534 4543//4543
f 722//722 2611//2611 4543//4543
f 723//723 4544//4544 4545//4545
f 1058//1058 4539//4539 4545//4545
f 720//720 2613//2613 4545//4545
f 723//723 4546//4546 4548//4548
f 1059//1059 4547//4547 4548//4548
f 1058//1058 4544//4544 4548//4548
f 729//729 4549//4549 4552//4552
f 1060//1060 4550//4550 4552//4552
f 1059//1059 4551//4551 4552//4552
f 729//729 4553//4553 4555//4555
f 1061//1061 4554//4554 4555//4555
f 1060//1060 4549//4549 4555//4555
f 729//729 4551//4551 4556//4556
f 1059//1059 4546//4546 4556//4556
f 723//723 2631//2631 4556//4556
f 731//731 4557//4557 4558//4558
f 1061//1061 4553//4553 4558//4558
f 729//729 2637//2637 4558//4558
f 735//735 4559//4559 4562//4562
f 1062//1062 4560//4560 4562//4562
f 1061//1061 4561//4561 4562//4562
f 735//735 4561//4561 4563//4563
f 1061//1061 4557//4557 4563//4563
f 731//731 2647//2647 4563//4563
f 738//738 4564//4564 4566//4566
f 1063//1063 4831//4831 4566//4566
f 1062//1062 4565//4565 4566//4566
f 738//738 4565//4565 4567//4567
f 1062//1062 4559//4559 4567//4567
f 735//735 2656//2656 4567//4567
f 741//741 4568//4568 4571//4571
f 1064//1064 4569//4569 4571//4571
f 1063//1063 4570//4570 4571//4571
f 741//741 4570//4570 4572//4572
f 1063//1063 4564//4564 4572//4572
f 738//738 2668//2668 4572//4572
f 743//743 4573//4573 4576//4576
f 1065//1065 4574//4574 4576//4576
f 1064//1064 4575//4575 4576//4576
f 743//743 4575//4575 4577//4577
f 1064//1064 4568//4568 4577//4577
f 741//741 2674//2674 4577//4577
f 746//746 4578//4578 4581//4581
f 1066//1066 4579//4579 4581//4581
f 1065//1065 4580//4580 4581//4581
f 746//746 4580//4580 4582//4582
f 1065//1065 4573//4573 4582//4582
f 743//743 2682//2682 4582//4582
f 749//749 4583//4583 4586//4586
f 1067//1067 4584//4584 4586//4586
f 1066//1066 4585//4585 4586//4586
f 749//749 4585//4585 4587//4587
f 1066//1066 4578//4578 4587//4587
f 746//746 2691//2691 4587//4587
f 340//340 4270//4270 4590//4590
f 1004//1004 4588//4588 4590//4590
f 1067//1067 4589//4589 4590//4590
f 340//340 4589//4589 4592//4592
f 1067//1067 4583//4583 4592//4592
f 749//749 4591//4591 4592//4592
f 754//754 4271//4271 4593//4593
f 340//340 4591//4591 4593//4593
f 749//749 2704//2704 4593//4593
f 7//7 836//836 4594//4594
f 836//836 4595//4595 4594//4594
f 836//836 1068//1068 4595//4595
f 826//826 2875//2875 2881//2881
f 7//7 4594//4594 2881//2881
f 1070//1070 4596//4596 4597//4597
f 956//956 3769//3769 4598//4598
f 1068//1068 4597//4597 4600//4600
f 1069//1069 4598//4598 4600//4600
f 827//827 4595//4595 4600//4600
f 955//955 4599//4599 4600//4600
f 953//953 4601//4601 4602//4602
f 827//827 4599//4599 4602//4602
f 955//955 3772//3772 4602//4602
f 952//952 4603//4603 4604//4604
f 827//827 4601//4601 4604//4604
f 953//953 3767//3767 4604//4604
f 949//949 4605//4605 4606//4606
f 827//827 4603//4603 4606//4606
f 952//952 3760//3760 4606//4606
f 948//948 4607//4607 4608//4608
f 827//827 4605//4605 4608//4608
f 949//949 3753//3753 4608//4608
f 945//945 4609//4609 4610//4610
f 827//827 4607//4607 4610//4610
f 948//948 3749//3749 4610//4610
f 943//943 4611//4611 4612//4612
f 827//827 4609//4609 4612//4612
f 945//945 3742//3742 4612//4612
f 941//941 4613//4613 4614//4614
f 827//827 4611//4611 4614//4614
f 943//943 3737//3737 4614//4614
f 939//939 4615//4615 4616//4616
f 827//827 4613//4613 4616//4616
f 941//941 3730//3730 4616//4616
f 937//937 4617//4617 4618//4618
f 827//827 4615//4615 4618//4618
f 939//939 3724//3724 4618//4618
f 935//935 4619//4619 4620//4620
f 827//827 4617//4617 4620//4620
f 937//937 3717//3717 4620//4620
f 934//934 4621//4621 4622//4622
f 827//827 4619//4619 4622//4622
f 935//935 3710//3710 4622//4622
f 931//931 4623//4623 4624//4624
f 827//827 4621//4621 4624//4624
f 934//934 934//934 4624//4624
f 929//929 4625//4625 4626//4626
f 827//827 4623//4623 4626//4626
f 931//931 3698//3698 4626//4626
f 928//928 4627//4627 4628//4628
f 827//827 4625//4625 4628//4628
f 929//929 928//928 4628//4628
f 828//828 4629//4629 4630//4630
f 925//925 3683//3683 4630//4630
f 3679//3679 4641//4641 4630//4630
f 828//828 4631//4631 4632//4632
f 928//928 3687//3687 4632//4632
f 925//925 4629//4629 4632//4632
f 827//827 4627//4627 2879//2879
f 928//928 4631//4631 2879//2879
f 834//834 4633//4633 4634//4634
f 916//916 3651//3651 4634//4634
f 913//913 3863//3863 4634//4634
f 834//834 4635//4635 4636//4636
f 919//919 919//919 4636//4636
f 916//916 4633//4633 4636//4636
f 834//834 4637//4637 4638//4638
f 920//920 3664//3664 4638//4638
f 919//919 4635//4635 4638//4638
f 834//834 4639//4639 4640//4640
f 922//922 3671//3671 4640//4640
f 920//920 4637//4637 4640//4640
f 834//834 4641//4641 4642//4642
f 922//922 4639//4639 4642//4642
f 834//834 2887//2887 4641//4641
f 956//956 4598//4598 3770//3770
f 1069//1069 4643//4643 3770//3770
f 951//951 3765//3765 4643//4643
f 1069//1069 4644//4644 4643//4643
f 947//947 950//950 4645//4645
f 950//950 4644//4644 4645//4645
f 944//944 946//946 4646//4646
f 946//946 4645//4645 4646//4646
f 942//942 3740//3740 4647//4647
f 944//944 4646//4646 4647//4647
f 940//940 3733//3733 4649//4649
f 942//942 4647//4647 4649//4649
f 1069//1069 4648//4648 4649//4649
f 938//938 3721//3721 4651//4651
f 940//940 4648//4648 4651//4651
f 1069//1069 4650//4650 4651//4651
f 936//936 3715//3715 4653//4653
f 938//938 4650//4650 4653//4653
f 1069//1069 4652//4652 4653//4653
f 933//933 3708//3708 4655//4655
f 936//936 4652//4652 4655//4655
f 1069//1069 4654//4654 4655//4655
f 894//894 3540//3540 3865//3865
f 893//893 4656//4656 3865//3865
f 893//893 3549//3549 4656//4656
f 895//895 3554//3554 4656//4656
f 896//896 4657//4657 4656//4656
f 896//896 3559//3559 4657//4657
f 957//957 4657//4657 4658//4658
f 897//897 3564//3564 4658//4658
f 957//957 4658//4658 4659//4659
f 898//898 3569//3569 4659//4659
f 900//900 4660//4660 4661//4661
f 957//957 4659//4659 4661//4661
f 899//899 3574//3574 4661//4661
f 901//901 4662//4662 4663//4663
f 957//957 4660//4660 4663//4663
f 900//900 3579//3579 4663//4663
f 831//831 4664//4664 4666//4666
f 914//914 3653//3653 4666//4666
f 917//917 4665//4665 4666//4666
f 831//831 4665//4665 4668//4668
f 917//917 3654//3654 4668//4668
f 918//918 4667//4667 4668//4668
f 831//831 4667//4667 4670//4670
f 918//918 3662//3662 4670//4670
f 921//921 4669//4669 4670//4670
f 831//831 4669//4669 4672//4672
f 921//921 3668//3668 4672//4672
f 923//923 4671//4671 4672//4672
f 831//831 4671//4671 4674//4674
f 923//923 3677//3677 4674//4674
f 924//924 4673//4673 4674//4674
f 831//831 4673//4673 4676//4676
f 924//924 3681//3681 4676//4676
f 926//926 4675//4675 4676//4676
f 831//831 4675//4675 4678//4678
f 926//926 3684//3684 4678//4678
f 927//927 4677//4677 4678//4678
f 831//831 4677//4677 4680//4680
f 927//927 3692//3692 4680//4680
f 930//930 4679//4679 4680//4680
f 831//831 4679//4679 4682//4682
f 930//930 3696//3696 4682//4682
f 932//932 4681//4681 4682//4682
f 831//831 4681//4681 4683//4683
f 932//932 3700//3700 4683//4683
f 933//933 4654//4654 4683//4683
f 1069//1069 4684//4684 4654//4654
f 831//831 2886//2886 4664//4664
f 835//835 4685//4685 4687//4687
f 901//901 3584//3584 4687//4687
f 902//902 4686//4686 4687//4687
f 835//835 4686//4686 4689//4689
f 902//902 3589//3589 4689//4689
f 903//903 4688//4688 4689//4689
f 835//835 4688//4688 4691//4691
f 903//903 3592//3592 4691//4691
f 904//904 4690//4690 4691//4691
f 835//835 4690//4690 4693//4693
f 904//904 3599//3599 4693//4693
f 905//905 4692//4692 4693//4693
f 835//835 4692//4692 4695//4695
f 905//905 3604//3604 4695//4695
f 906//906 4694//4694 4695//4695
f 835//835 4694//4694 4697//4697
f 906//906 3609//3609 4697//4697
f 907//907 4696//4696 4697//4697
f 835//835 4696//4696 4699//4699
f 907//907 3612//3612 4699//4699
f 908//908 4698//4698 4699//4699
f 835//835 4698//4698 4701//4701
f 908//908 3617//3617 4701//4701
f 909//909 4700//4700 4701//4701
f 835//835 3866//3866 4702//4702
f 957//957 4662//4662 4702//4702
f 901//901 4685//4685 4702//4702
f 835//835 4700//4700 4704//4704
f 909//909 3622//3622 4704//4704
f 910//910 4703//4703 4704//4704
f 835//835 4703//4703 4706//4706
f 910//910 3626//3626 4706//4706
f 911//911 4705//4705 4706//4706
f 835//835 4705//4705 4708//4708
f 911//911 3632//3632 4708//4708
f 912//912 4707//4707 4708//4708
f 835//835 4707//4707 4710//4710
f 912//912 3643//3643 4710//4710
f 915//915 4709//4709 4710//4710
f 835//835 4709//4709 4711//4711
f 915//915 3637//3637 4711//4711
f 914//914 4664//4664 4711//4711
f 1069//1069 4596//4596 4712//4712
f 1069//1069 4712//4712 4684//4684
f 832//832 832//832 4684//4684
f 1071//1071 1070//1070 4713//4713
f 1070//1070 4714//4714 4713//4713
f 832//832 1071//1071 832//832
f 1071//1071 4713//4713 832//832
f 1070//1070 1068//1068 4714//4714
f 830//830 2884//2884 4715//4715
f 833//833 4714//4714 4715//4715
f 829//829 4716//4716 4717//4717
f 836//836 829//829 4717//4717
f 1068//1068 4716//4716 4715//4715
f 829//829 830//830 4715//4715
f 19//19 837//837 4718//4718
f 23//23 3026//3026 3032//3032
f 838//838 4718//4718 4719//4719
f 837//837 849//849 4719//4719
f 839//839 838//838 4720//4720
f 839//839 4720//4720 4721//4721
f 849//849 3025//3025 4720//4720
f 838//838 849//849 4720//4720
f 1075//1075 4722//4722 1074//1074
f 1072//1072 4723//4723 4722//4722
f 1006//1006 4798//4798 4360//4360
f 1007//1007 4360//4360 4723//4723
f 848//848 4724//4724 1072//1072
f 839//839 4725//4725 3015//3015
f 840//840 839//839 3015//3015
f 1072//1072 4726//4726 4725//4725
f 839//839 1072//1072 4725//4725
f 1027//1027 4418//4418 4729//4729
f 1025//1025 4727//4727 4729//4729
f 848//848 4728//4728 4729//4729
f 1029//1029 4426//4426 4731//4731
f 1027//1027 4728//4728 4731//4731
f 848//848 4730//4730 4731//4731
f 1024//1024 4732//4732 4733//4733
f 848//848 4727//4727 4733//4733
f 1025//1025 4414//4414 4733//4733
f 1031//1031 4434//4434 4735//4735
f 1029//1029 4730//4730 4735//4735
f 848//848 4734//4734 4735//4735
f 1021//1021 4736//4736 4737//4737
f 848//848 4732//4732 4737//4737
f 1024//1024 4409//4409 4737//4737
f 848//848 3027//3027 4738//4738
f 1031//1031 4734//4734 4739//4739
f 848//848 4738//4738 4739//4739
f 1019//1019 4740//4740 4741//4741
f 848//848 4736//4736 4741//4741
f 1021//1021 4403//4403 4741//4741
f 1036//1036 4449//4449 4743//4743
f 1033//1033 4738//4738 4743//4743
f 841//841 4742//4742 4743//4743
f 1017//1017 4744//4744 4745//4745
f 848//848 4740//4740 4745//4745
f 1019//1019 4399//4399 4745//4745
f 841//841 3021//3021 4746//4746
f 1036//1036 4742//4742 4747//4747
f 841//841 4746//4746 4747//4747
f 1015//1015 4748//4748 4749//4749
f 848//848 4744//4744 4749//4749
f 1017//1017 4393//4393 4749//4749
f 1014//1014 4750//4750 4751//4751
f 848//848 4748//4748 4751//4751
f 1015//1015 4386//4386 4751//4751
f 1039//1039 4457//4457 4753//4753
f 1037//1037 4746//4746 4753//4753
f 846//846 4752//4752 4753//4753
f 1012//1012 4754//4754 4755//4755
f 848//848 4750//4750 4755//4755
f 1014//1014 4383//4383 4755//4755
f 1042//1042 4464//4464 4757//4757
f 1039//1039 4752//4752 4757//4757
f 846//846 4756//4756 4757//4757
f 1044//1044 4471//4471 4759//4759
f 1042//1042 4756//4756 4759//4759
f 846//846 4758//4758 4759//4759
f 1009//1009 4760//4760 4761//4761
f 848//848 4754//4754 4761//4761
f 1012//1012 4375//4375 4761//4761
f 1045//1045 4475//4475 4763//4763
f 1044//1044 4758//4758 4763//4763
f 846//846 4762//4762 4763//4763
f 1005//1005 4764//4764 4765//4765
f 848//848 4760//4760 4765//4765
f 1009//1009 4369//4369 4765//4765
f 1007//1007 4724//4724 4766//4766
f 848//848 4764//4764 4766//4766
f 1005//1005 4361//4361 4766//4766
f 1003//1003 4480//4480 4767//4767
f 1045//1045 4762//4762 4767//4767
f 846//846 4269//4269 4767//4767
f 843//843 4768//4768 4769//4769
f 1026//1026 4420//4420 4771//4771
f 1028//1028 4769//4769 4771//4771
f 1073//1073 4770//4770 4771//4771
f 1030//1030 4772//4772 4773//4773
f 843//843 4769//4769 4773//4773
f 1028//1028 4429//4429 4773//4773
f 1023//1023 4416//4416 4775//4775
f 1026//1026 4770//4770 4775//4775
f 1073//1073 4774//4774 4775//4775
f 1032//1032 4776//4776 4777//4777
f 843//843 4772//4772 4777//4777
f 1030//1030 4436//4436 4777//4777
f 1022//1022 4405//4405 4779//4779
f 1023//1023 4774//4774 4779//4779
f 1073//1073 4778//4778 4779//4779
f 1034//1034 4780//4780 4781//4781
f 843//843 4776//4776 4781//4781
f 1032//1032 4442//4442 4781//4781
f 1073//1073 4784//4784 4778//4778
f 1035//1035 4782//4782 4783//4783
f 843//843 4780//4780 4783//4783
f 1034//1034 4444//4444 4783//4783
f 1016//1016 1018//1018 4785//4785
f 1018//1018 4784//4784 4785//4785
f 1038//1038 4786//4786 4787//4787
f 843//843 4782//4782 4787//4787
f 1035//1035 4454//4454 4787//4787
f 1013//1013 4389//4389 4788//4788
f 1016//1016 4785//4785 4788//4788
f 1040//1040 4789//4789 4790//4790
f 843//843 4786//4786 4790//4790
f 1038//1038 4459//4459 4790//4790
f 1041//1041 4791//4791 4792//4792
f 843//843 4789//4789 4792//4792
f 1040//1040 4460//4460 4792//4792
f 1011//1011 4377//4377 4788//4788
f 1043//1043 4793//4793 4794//4794
f 843//843 4791//4791 4794//4794
f 1041//1041 4465//4465 4794//4794
f 1011//1011 4788//4788 4795//4795
f 1046//1046 4796//4796 4797//4797
f 843//843 4793//4793 4797//4797
f 1043//1043 4477//4477 4797//4797
f 1008//1008 1010//1010 4798//4798
f 1010//1010 4795//4795 4798//4798
f 847//847 3018//3018 4799//4799
f 1047//1047 4799//4799 4800//4800
f 843//843 4796//4796 4800//4800
f 1046//1046 4481//4481 4800//4800
f 1048//1048 4801//4801 4802//4802
f 847//847 4799//4799 4802//4802
f 1049//1049 4803//4803 4804//4804
f 847//847 4801//4801 4804//4804
f 1048//1048 4495//4495 4804//4804
f 1050//1050 4805//4805 4806//4806
f 847//847 4803//4803 4806//4806
f 1049//1049 4502//4502 4806//4806
f 1051//1051 4807//4807 4808//4808
f 847//847 4805//4805 4808//4808
f 1050//1050 4505//4505 4808//4808
f 1052//1052 4809//4809 4810//4810
f 847//847 4807//4807 4810//4810
f 1051//1051 4510//4510 4810//4810
f 1053//1053 4811//4811 4812//4812
f 847//847 4809//4809 4812//4812
f 1052//1052 4517//4517 4812//4812
f 1054//1054 4813//4813 4814//4814
f 847//847 4811//4811 4814//4814
f 1053//1053 4520//4520 4814//4814
f 1055//1055 4815//4815 4816//4816
f 847//847 4813//4813 4816//4816
f 1054//1054 4527//4527 4816//4816
f 1056//1056 4817//4817 4818//4818
f 847//847 4815//4815 4818//4818
f 1055//1055 4530//4530 4818//4818
f 1057//1057 4819//4819 4820//4820
f 847//847 4817//4817 4820//4820
f 1056//1056 4535//4535 4820//4820
f 1058//1058 4821//4821 4822//4822
f 847//847 4819//4819 4822//4822
f 1057//1057 4540//4540 4822//4822
f 1059//1059 4823//4823 4824//4824
f 847//847 4821//4821 4824//4824
f 1058//1058 4547//4547 4824//4824
f 1060//1060 4825//4825 4826//4826
f 847//847 4823//4823 4826//4826
f 1059//1059 4550//4550 4826//4826
f 1002//1002 4266//4266 4828//4828
f 847//847 4825//4825 4828//4828
f 1060//1060 4827//4827 4828//4828
f 1002//1002 4827//4827 4830//4830
f 1060//1060 4554//4554 4830//4830
f 1061//1061 4829//4829 4830//4830
f 1002//1002 4829//4829 4832//4832
f 1061//1061 4560//4560 4832//4832
f 1062//1062 4831//4831 4832//4832
f 1063//1063 4833//4833 4831//4831
f 1063//1063 4569//4569 4833//4833
f 1064//1064 4574//4574 4833//4833
f 1065//1065 4834//4834 4833//4833
f 1065//1065 4579//4579 4834//4834
f 1066//1066 4584//4584 4834//4834
f 1067//1067 4835//4835 4834//4834
f 1067//1067 4588//4588 4835//4835
f 1004//1004 1002//1002 4835//4835
f 843//843 845//845 4836//4836
f 843//843 4836//4836 4768//4768
f 1074//1074 1074//1074 4768//4768
f 845//845 844//844 4837//4837
f 844//844 4838//4838 4837//4837
f 1074//1074 845//845 1074//1074
f 845//845 4837//4837 1074//1074
f 844//844 842//842 4838//4838
f 1072//1072 4722//4722 4726//4726
f 1075//1075 4838//4838 4726//4726
f 850//850 3137//3137 4840//4840
f 852//852 3165//3165 4840//4840
f 867//867 4839//4839 4840//4840
f 850//850 4839//4839 4842//4842
f 867//867 3172//3172 4842//4842
f 868//868 4841//4841 4842//4842
f 850//850 4841//4841 4844//4844
f 868//868 3175//3175 4844//4844
f 869//869 4843//4843 4844//4844
f 850//850 4843//4843 4846//4846
f 869//869 3180//3180 4846//4846
f 870//870 4845//4845 4846//4846
f 850//850 4845//4845 4848//4848
f 870//870 3185//3185 4848//4848
f 871//871 4847//4847 4848//4848
f 850//850 4847//4847 4850//4850
f 871//871 3190//3190 4850//4850
f 872//872 4849//4849 4850//4850
f 850//850 4849//4849 4852//4852
f 872//872 3197//3197 4852//4852
f 873//873 4851//4851 4852//4852
f 850//850 4851//4851 4854//4854
f 873//873 3202//3202 4854//4854
f 874//874 4853//4853 4854//4854
f 850//850 4853//4853 4856//4856
f 874//874 3207//3207 4856//4856
f 875//875 4855//4855 4856//4856
f 850//850 4855//4855 4858//4858
f 875//875 3212//3212 4858//4858
f 876//876 4857//4857 4858//4858
f 850//850 4857//4857 4860//4860
f 876//876 3217//3217 4860//4860
f 877//877 4859//4859 4860//4860
f 850//850 4859//4859 4861//4861
f 877//877 3224//3224 4861//4861
f 866//866 4862//4862 4861//4861
f 862//862 4862//4862 3162//3162
f 861//861 862//862 3162//3162
f 862//862 862//862 4862//4862
f 854//854 3141//3141 4863//4863
f 865//865 4863//4863 862//862
f 855//855 854//854 4864//4864
f 854//854 4863//4863 4864//4864
f 865//865 3154//3154 4864//4864
f 853//853 855//855 4865//4865
f 855//855 4864//4864 4865//4865
f 864//864 863//863 4865//4865
f 863//863 853//853 4865//4865
f 863//863 4866//4866 853//853
f 858//858 3147//3147 4867//4867
f 857//857 4866//4866 4867//4867
f 863//863 3155//3155 4867//4867
f 859//859 3160//3160 4869//4869
f 851//851 4868//4868 4869//4869
f 859//859 4868//4868 4870//4870
f 851//851 3144//3144 4870//4870
f 856//856 859//859 4870//4870
f 888//888 4871//4871 3513//3513
f 878//878 888//888 3513//3513
f 889//889 889//889 4871//4871
f 888//888 889//889 4871//4871
f 886//886 3532//3532 4873//4873
f 887//887 3534//3534 4873//4873
f 878//878 4872//4872 4873//4873
f 886//886 4872//4872 4874//4874
f 878//878 3519//3519 4874//4874
f 883//883 886//886 4874//4874
f 890//890 4875//4875 4876//4876
f 884//884 3516//3516 4876//4876
f 885//885 3521//3521 4877//4877
f 884//884 4875//4875 4877//4877
f 890//890 3529//3529 4877//4877
f 880//880 882//882 4878//4878
f 891//891 890//890 4878//4878
f 890//890 4876//4876 4878//4878
f 882//882 881//881 4880//4880
f 881//881 4879//4879 4880//4880
f 891//891 882//882 4880//4880
f 892//892 3528//3528 4880//4880
f 881//881 879//879 4879//4879
f 892//892 4879//4879 889//889
f 959//959 3896//3896 3869//3869
f 968//968 4881//4881 4883//4883
f 974//974 4175//4175 4883//4883
f 975//975 4882//4882 4883//4883
f 968//968 4882//4882 4885//4885
f 975//975 4186//4186 4885//4885
f 976//976 4884//4884 4885//4885
f 968//968 4884//4884 4887//4887
f 976//976 4191//4191 4887//4887
f 977//977 4886//4886 4887//4887
f 968//968 4886//4886 4889//4889
f 977//977 4196//4196 4889//4889
f 978//978 4888//4888 4889//4889
f 968//968 4888//4888 4891//4891
f 978//978 4201//4201 4891//4891
f 979//979 4890//4890 4891//4891
f 968//968 4890//4890 4893//4893
f 979//979 4206//4206 4893//4893
f 980//980 4892//4892 4893//4893
f 968//968 4892//4892 4895//4895
f 980//980 4211//4211 4895//4895
f 981//981 4894//4894 4895//4895
f 968//968 4894//4894 4897//4897
f 981//981 4216//4216 4897//4897
f 982//982 4896//4896 4897//4897
f 968//968 4896//4896 4899//4899
f 982//982 4221//4221 4899//4899
f 983//983 4898//4898 4899//4899
f 968//968 4898//4898 4901//4901
f 983//983 4228//4228 4901//4901
f 984//984 4900//4900 4901//4901
f 968//968 4900//4900 4903//4903
f 984//984 4233//4233 4903//4903
f 985//985 4902//4902 4903//4903
f 968//968 4902//4902 4904//4904
f 985//985 4238//4238 4904//4904
f 969//969 3883//3883 4904//4904
f 960//960 3869//3869 4881//4881
f 967//967 970//970 4906//4906
f 958//958 4905//4905 4906//4906
f 967//967 4905//4905 4907//4907
f 958//958 3876//3876 4907//4907
f 964//964 967//967 4907//4907
f 971//971 4908//4908 4909//4909
f 965//965 3872//3872 4909//4909
f 966//966 3877//3877 4910//4910
f 965//965 4908//4908 4910//4910
f 971//971 966//966 4910//4910
f 961//961 963//963 4911//4911
f 972//972 971//971 4911//4911
f 971//971 4909//4909 4911//4911
f 963//963 962//962 4913//4913
f 962//962 4912//4912 4913//4913
f 972//972 963//963 4913//4913
f 973//973 3887//3887 4913//4913
f 962//962 3871//3871 4912//4912
f 960//960 4881//4881 4914//4914
f 968//968 3888//3888 4914//4914
f 973//973 4912//4912 4914//4914
f 997//997 4915//4915 4242//4242
f 987//987 997//997 4242//4242
f 998//998 998//998 4915//4915
f 997//997 998//998 4915//4915
f 995//995 4262//4262 4917//4917
f 986//986 4916//4916 4917//4917
f 995//995 4916//4916 4918//4918
f 986//986 4247//4247 4918//4918
f 992//992 995//995 4918//4918
f 999//999 4919//4919 4920//4920
f 993//993 4244//4244 4920//4920
f 994//994 993//993 4921//4921
f 993//993 4919//4919 4921//4921
f 999//999 994//994 4921//4921
f 989//989 991//991 4922//4922
f 1000//1000 999//999 4922//4922
f 999//999 4920//4920 4922//4922
f 991//991 990//990 4924//4924
f 990//990 4923//4923 4924//4924
f 1000//1000 991//991 4924//4924
f 1001//1001 4257//4257 4924//4924
f 990//990 988//988 4923//4923
f 1001//1001 4923//4923 998//998
f 1//1 1077//1077 1078//1078
f 2//2 1077//1077 1076//1076
f 4//4 1079//1079 1080//1080
f 3//3 1079//1079 1078//1078
f 6//6 1082//1082 1081//1081
f 7//7 1082//1082 6//6
f 2//2 1085//1085 1084//1084
f 6//6 1085//1085 1083//1083
f 5//5 1085//1085 1081//1081
f 3//3 1077//1077 1086//1086
f 5//5 1077//1077 1084//1084
f 4//4 1087//1087 1079//1079
f 8//8 1088//1088 1087//1087
f 1//1 1088//1088 1089//1089
f 11//11 1093//1093 1092//1092
f 10//10 1093//1093 1090//1090
f 12//12 1093//1093 1091//1091
f 12//12 1096//1096 1095//1095
f 10//10 1096//1096 1091//1091
f 13//13 1096//1096 1094//1094
f 13//13 1098//1098 13//13
f 10//10 1098//1098 1094//1094
f 14//14 1098//1098 1097//1097
f 1100//1100 1099//1099 16//16
f 15//15 1099//1099 1100//1100
f 16//16 1099//1099 15//15
f 17//17 1100//1100 16//16
f 1100//1100 17//17 18//18
f 19//19 1101//1101 1102//1102
f 20//20 1101//1101 19//19
f 1102//1102 1101//1101 20//20
f 2999//2999 1102//1102 20//20
f 2999//2999 20//20 21//21
f 22//22 1105//1105 1104//1104
f 24//24 1105//1105 1103//1103
f 25//25 1105//1105 24//24
f 22//22 1108//1108 1107//1107
f 25//25 1108//1108 1104//1104
f 26//26 1108//1108 1106//1106
f 22//22 1111//1111 1110//1110
f 26//26 1111//1111 1107//1107
f 27//27 1111//1111 1109//1109
f 1164//1164 1112//1112 1113//1113
f 28//28 1112//1112 1164//1164
f 1113//1113 1112//1112 28//28
f 29//29 1164//1164 1113//1113
f 1164//1164 29//29 30//30
f 34//34 1114//1114 33//33
f 32//32 1114//1114 35//35
f 35//35 1114//1114 1115//1115
f 36//36 1119//1119 1118//1118
f 37//37 1119//1119 1116//1116
f 38//38 1119//1119 1117//1117
f 36//36 1122//1122 1121//1121
f 38//38 1122//1122 1118//1118
f 39//39 1122//1122 1120//1120
f 36//36 1125//1125 1124//1124
f 39//39 1125//1125 1121//1121
f 40//40 1125//1125 1123//1123
f 36//36 1128//1128 1127//1127
f 40//40 1128//1128 1124//1124
f 41//41 1128//1128 1126//1126
f 36//36 1131//1131 1130//1130
f 41//41 1131//1131 1127//1127
f 42//42 1131//1131 1129//1129
f 36//36 1134//1134 1133//1133
f 42//42 1134//1134 1130//1130
f 43//43 1134//1134 1132//1132
f 36//36 1137//1137 1136//1136
f 43//43 1137//1137 1133//1133
f 44//44 1137//1137 1135//1135
f 1139//1139 1138//1138 46//46
f 45//45 1138//1138 1139//1139
f 46//46 1138//1138 45//45
f 47//47 1139//1139 46//46
f 48//48 1143//1143 1142//1142
f 49//49 1143//1143 1140//1140
f 50//50 1143//1143 1141//1141
f 50//50 1146//1146 1145//1145
f 49//49 1146//1146 1141//1141
f 51//51 1146//1146 1144//1144
f 51//51 1149//1149 1148//1148
f 49//49 1149//1149 1144//1144
f 52//52 1149//1149 1147//1147
f 52//52 1152//1152 1151//1151
f 49//49 1152//1152 1147//1147
f 53//53 1152//1152 1150//1150
f 53//53 1155//1155 1154//1154
f 49//49 1155//1155 1150//1150
f 54//54 1155//1155 1153//1153
f 54//54 1158//1158 1157//1157
f 49//49 1158//1158 1153//1153
f 55//55 1158//1158 1156//1156
f 55//55 1161//1161 1160//1160
f 49//49 1161//1161 1156//1156
f 56//56 1161//1161 1159//1159
f 57//57 1162//1162 1163//1163
f 32//32 35//35 1166//1166
f 62//62 35//35 1165//1165
f 63//63 1168//1168 1166//1166
f 64//64 1168//1168 63//63
f 32//32 1168//1168 1167//1167
f 65//65 1170//1170 1169//1169
f 32//32 1170//1170 1177//1177
f 64//64 1170//1170 1167//1167
f 66//66 1173//1173 1172//1172
f 63//63 1173//1173 1171//1171
f 62//62 1173//1173 1166//1166
f 68//68 1176//1176 1175//1175
f 66//66 1176//1176 1174//1174
f 62//62 1176//1176 1172//1172
f 70//70 1180//1180 1179//1179
f 68//68 1180//1180 1178//1178
f 62//62 1180//1180 1175//1175
f 71//71 1177//1177 1181//1181
f 32//32 1177//1177 71//71
f 72//72 1184//1184 1183//1183
f 70//70 1184//1184 1182//1182
f 62//62 1184//1184 1179//1179
f 32//32 71//71 73//73
f 74//74 1187//1187 1186//1186
f 72//72 1187//1187 1185//1185
f 62//62 1187//1187 1183//1183
f 32//32 73//73 75//75
f 76//76 1190//1190 1189//1189
f 74//74 1190//1190 1188//1188
f 62//62 1190//1190 1186//1186
f 32//32 75//75 77//77
f 78//78 1193//1193 1192//1192
f 76//76 1193//1193 1191//1191
f 62//62 1193//1193 1189//1189
f 32//32 77//77 79//79
f 80//80 1196//1196 1195//1195
f 78//78 1196//1196 1194//1194
f 62//62 1196//1196 1192//1192
f 32//32 79//79 81//81
f 82//82 1199//1199 1198//1198
f 80//80 1199//1199 1197//1197
f 62//62 1199//1199 1195//1195
f 83//83 1200//1200 81//81
f 84//84 1203//1203 1202//1202
f 82//82 1203//1203 1201//1201
f 62//62 1203//1203 1198//1198
f 85//85 1205//1205 1204//1204
f 84//84 1205//1205 85//85
f 62//62 1205//1205 1202//1202
f 87//87 1208//1208 1207//1207
f 85//85 1208//1208 1206//1206
f 86//86 1208//1208 1204//1204
f 88//88 1211//1211 1210//1210
f 87//87 1211//1211 1209//1209
f 86//86 1211//1211 1207//1207
f 89//89 1214//1214 1213//1213
f 88//88 1214//1214 1212//1212
f 86//86 1214//1214 1210//1210
f 90//90 1217//1217 1216//1216
f 89//89 1217//1217 1215//1215
f 86//86 1217//1217 1213//1213
f 91//91 1220//1220 1219//1219
f 90//90 1220//1220 1218//1218
f 86//86 1220//1220 1216//1216
f 92//92 1223//1223 1222//1222
f 91//91 1223//1223 1221//1221
f 86//86 1223//1223 1219//1219
f 93//93 1226//1226 1225//1225
f 92//92 1226//1226 1224//1224
f 86//86 1226//1226 1222//1222
f 94//94 1229//1229 1228//1228
f 93//93 1229//1229 1227//1227
f 86//86 1229//1229 1225//1225
f 95//95 1232//1232 1231//1231
f 94//94 1232//1232 1230//1230
f 86//86 1232//1232 1228//1228
f 96//96 1235//1235 1234//1234
f 95//95 1235//1235 1233//1233
f 86//86 1235//1235 1231//1231
f 97//97 1238//1238 1237//1237
f 96//96 1238//1238 1236//1236
f 86//86 1238//1238 1234//1234
f 98//98 1241//1241 1240//1240
f 97//97 1241//1241 1239//1239
f 86//86 1241//1241 1237//1237
f 99//99 1242//1242 1244//1244
f 98//98 1242//1242 99//99
f 86//86 1242//1242 1240//1240
f 100//100 1244//1244 1243//1243
f 101//101 1246//1246 1245//1245
f 100//100 1246//1246 1244//1244
f 102//102 1249//1249 1248//1248
f 101//101 1249//1249 1247//1247
f 100//100 1249//1249 1245//1245
f 103//103 1252//1252 1251//1251
f 102//102 1252//1252 1250//1250
f 100//100 1252//1252 1248//1248
f 104//104 1255//1255 1254//1254
f 103//103 1255//1255 1253//1253
f 100//100 1255//1255 1251//1251
f 105//105 1258//1258 1257//1257
f 104//104 1258//1258 1256//1256
f 100//100 1258//1258 1254//1254
f 106//106 1261//1261 1260//1260
f 105//105 1261//1261 1259//1259
f 100//100 1261//1261 1257//1257
f 107//107 1263//1263 1262//1262
f 106//106 1263//1263 107//107
f 100//100 1263//1263 1260//1260
f 108//108 1266//1266 1265//1265
f 109//109 1266//1266 1264//1264
f 110//110 1266//1266 109//109
f 108//108 1269//1269 1268//1268
f 110//110 1269//1269 1265//1265
f 111//111 1269//1269 1267//1267
f 108//108 1272//1272 1271//1271
f 111//111 1272//1272 1268//1268
f 112//112 1272//1272 1270//1270
f 108//108 1273//1273 1262//1262
f 112//112 1273//1273 1271//1271
f 108//108 1262//1262 1274//1274
f 28//28 1275//1275 114//114
f 113//113 1275//1275 28//28
f 114//114 1275//1275 113//113
f 28//28 114//114 115//115
f 28//28 115//115 116//116
f 28//28 116//116 117//117
f 28//28 117//117 118//118
f 28//28 118//118 119//119
f 28//28 119//119 31//31
f 120//120 1277//1277 1276//1276
f 121//121 1277//1277 1470//1470
f 122//122 1277//1277 121//121
f 120//120 1278//1278 1264//1264
f 122//122 1278//1278 1276//1276
f 120//120 1264//1264 1279//1279
f 1139//1139 123//123 124//124
f 1139//1139 124//124 125//125
f 1139//1139 125//125 126//126
f 1139//1139 126//126 127//127
f 1139//1139 127//127 113//113
f 28//28 60//60 1139//1139
f 36//36 1282//1282 1281//1281
f 44//44 1282//1282 1136//1136
f 128//128 1282//1282 1280//1280
f 36//36 1285//1285 1284//1284
f 128//128 1285//1285 1281//1281
f 129//129 1285//1285 1283//1283
f 36//36 1288//1288 1287//1287
f 129//129 1288//1288 1284//1284
f 130//130 1288//1288 1286//1286
f 36//36 1291//1291 1290//1290
f 130//130 1291//1291 1287//1287
f 131//131 1291//1291 1289//1289
f 36//36 1294//1294 1293//1293
f 131//131 1294//1294 1290//1290
f 132//132 1294//1294 1292//1292
f 36//36 1297//1297 1296//1296
f 132//132 1297//1297 1293//1293
f 133//133 1297//1297 1295//1295
f 36//36 1300//1300 1299//1299
f 133//133 1300//1300 1296//1296
f 134//134 1300//1300 1298//1298
f 36//36 1303//1303 1302//1302
f 134//134 1303//1303 1299//1299
f 135//135 1303//1303 1301//1301
f 36//36 1306//1306 1305//1305
f 135//135 1306//1306 1302//1302
f 136//136 1306//1306 1304//1304
f 36//36 1309//1309 1308//1308
f 136//136 1309//1309 1305//1305
f 137//137 1309//1309 1307//1307
f 36//36 1312//1312 1311//1311
f 137//137 1312//1312 1308//1308
f 138//138 1312//1312 1310//1310
f 36//36 1315//1315 1314//1314
f 138//138 1315//1315 1311//1311
f 139//139 1315//1315 1313//1313
f 36//36 1318//1318 1317//1317
f 139//139 1318//1318 1314//1314
f 140//140 1318//1318 1316//1316
f 36//36 1321//1321 1320//1320
f 140//140 1321//1321 1317//1317
f 141//141 1321//1321 1319//1319
f 36//36 1324//1324 1323//1323
f 141//141 1324//1324 1320//1320
f 142//142 1324//1324 1322//1322
f 36//36 1327//1327 1326//1326
f 142//142 1327//1327 1323//1323
f 143//143 1327//1327 1325//1325
f 123//123 1328//1328 144//144
f 1139//1139 1328//1328 123//123
f 144//144 1329//1329 47//47
f 1139//1139 1329//1329 144//144
f 36//36 1331//1331 33//33
f 49//49 1330//1330 1331//1331
f 145//145 1332//1332 45//45
f 46//46 1332//1332 145//145
f 145//145 45//45 146//146
f 59//59 1334//1334 1333//1333
f 146//146 1334//1334 59//59
f 45//45 1334//1334 146//146
f 146//146 59//59 147//147
f 58//58 147//147 1162//1162
f 1375//1375 1335//1335 149//149
f 148//148 1335//1335 1375//1375
f 149//149 1335//1335 148//148
f 150//150 1375//1375 149//149
f 1375//1375 150//150 151//151
f 152//152 1338//1338 1337//1337
f 56//56 1338//1338 1336//1336
f 49//49 1338//1338 1159//1159
f 153//153 1341//1341 1340//1340
f 152//152 1341//1341 1339//1339
f 49//49 1341//1341 1337//1337
f 154//154 1344//1344 1343//1343
f 153//153 1344//1344 1342//1342
f 49//49 1344//1344 1340//1340
f 58//58 156//156 155//155
f 157//157 1347//1347 1346//1346
f 154//154 1347//1347 1345//1345
f 49//49 1347//1347 1343//1343
f 58//58 155//155 158//158
f 159//159 1350//1350 1349//1349
f 157//157 1350//1350 1348//1348
f 49//49 1350//1350 1346//1346
f 58//58 158//158 160//160
f 161//161 1353//1353 1352//1352
f 159//159 1353//1353 1351//1351
f 49//49 1353//1353 1349//1349
f 58//58 160//160 162//162
f 163//163 1356//1356 1355//1355
f 161//161 1356//1356 1354//1354
f 49//49 1356//1356 1352//1352
f 58//58 162//162 164//164
f 165//165 1359//1359 1358//1358
f 163//163 1359//1359 1357//1357
f 49//49 1359//1359 1355//1355
f 58//58 164//164 166//166
f 167//167 1362//1362 1361//1361
f 165//165 1362//1362 1360//1360
f 49//49 1362//1362 1358//1358
f 168//168 1363//1363 166//166
f 169//169 1366//1366 1365//1365
f 167//167 1366//1366 1364//1364
f 49//49 1366//1366 1361//1361
f 170//170 1363//1363 168//168
f 171//171 1369//1369 1368//1368
f 169//169 1369//1369 1367//1367
f 49//49 1369//1369 1365//1365
f 172//172 1363//1363 170//170
f 173//173 1372//1372 1371//1371
f 171//171 1372//1372 1370//1370
f 49//49 1372//1372 1368//1368
f 174//174 1374//1374 172//172
f 58//58 1374//1374 1373//1373
f 172//172 1374//1374 1363//1363
f 175//175 1375//1375 1377//1377
f 176//176 1375//1375 1376//1376
f 177//177 1380//1380 1379//1379
f 173//173 1380//1380 1378//1378
f 49//49 1380//1380 1371//1371
f 178//178 1381//1381 1382//1382
f 174//174 1381//1381 1373//1373
f 179//179 1385//1385 1384//1384
f 177//177 1385//1385 1383//1383
f 49//49 1385//1385 1379//1379
f 180//180 1388//1388 1387//1387
f 179//179 1388//1388 1386//1386
f 49//49 1388//1388 1384//1384
f 181//181 1390//1390 1389//1389
f 180//180 1390//1390 181//181
f 49//49 1390//1390 1387//1387
f 182//182 1381//1381 1391//1391
f 182//182 1392//1392 1381//1381
f 58//58 1392//1392 147//147
f 182//182 1395//1395 1394//1394
f 178//178 1395//1395 1391//1391
f 183//183 1395//1395 1393//1393
f 182//182 1398//1398 1397//1397
f 183//183 1398//1398 1394//1394
f 184//184 1398//1398 1396//1396
f 182//182 1401//1401 1400//1400
f 184//184 1401//1401 1397//1397
f 185//185 1401//1401 1399//1399
f 182//182 1404//1404 1403//1403
f 185//185 1404//1404 1400//1400
f 186//186 1404//1404 1402//1402
f 182//182 1407//1407 1406//1406
f 186//186 1407//1407 1403//1403
f 187//187 1407//1407 1405//1405
f 182//182 1410//1410 1409//1409
f 187//187 1410//1410 1406//1406
f 188//188 1410//1410 1408//1408
f 182//182 1413//1413 1412//1412
f 188//188 1413//1413 1409//1409
f 189//189 1413//1413 1411//1411
f 182//182 1416//1416 1415//1415
f 189//189 1416//1416 1412//1412
f 190//190 1416//1416 1414//1414
f 182//182 1419//1419 1418//1418
f 190//190 1419//1419 1415//1415
f 191//191 1419//1419 1417//1417
f 182//182 1422//1422 1421//1421
f 191//191 1422//1422 1418//1418
f 192//192 1422//1422 1420//1420
f 182//182 1425//1425 1424//1424
f 192//192 1425//1425 1421//1421
f 193//193 1425//1425 1423//1423
f 194//194 1377//1377 176//176
f 194//194 176//176 196//196
f 196//196 1426//1426 197//197
f 195//195 1426//1426 196//196
f 197//197 1426//1426 195//195
f 196//196 197//197 198//198
f 196//196 198//198 199//199
f 200//200 1427//1427 1428//1428
f 193//193 1427//1427 1424//1424
f 200//200 1431//1431 1430//1430
f 193//193 1431//1431 1428//1428
f 201//201 1431//1431 1429//1429
f 200//200 1434//1434 1433//1433
f 201//201 1434//1434 1430//1430
f 202//202 1434//1434 1432//1432
f 200//200 1437//1437 1436//1436
f 202//202 1437//1437 1433//1433
f 203//203 1437//1437 1435//1435
f 200//200 1440//1440 1439//1439
f 203//203 1440//1440 1436//1436
f 204//204 1440//1440 1438//1438
f 200//200 1443//1443 1442//1442
f 204//204 1443//1443 1439//1439
f 205//205 1443//1443 1441//1441
f 200//200 1446//1446 1445//1445
f 205//205 1446//1446 1442//1442
f 206//206 1446//1446 1444//1444
f 200//200 1449//1449 1448//1448
f 206//206 1449//1449 1445//1445
f 207//207 1449//1449 1447//1447
f 200//200 1452//1452 1451//1451
f 207//207 1452//1452 1448//1448
f 208//208 1452//1452 1450//1450
f 200//200 1455//1455 1454//1454
f 208//208 1455//1455 1451//1451
f 209//209 1455//1455 1453//1453
f 200//200 1458//1458 1457//1457
f 209//209 1458//1458 1454//1454
f 210//210 1458//1458 1456//1456
f 200//200 1461//1461 1460//1460
f 210//210 1461//1461 1457//1457
f 211//211 1461//1461 1459//1459
f 200//200 1464//1464 1463//1463
f 211//211 1464//1464 1460//1460
f 212//212 1464//1464 1462//1462
f 200//200 1466//1466 1479//1479
f 212//212 1466//1466 1463//1463
f 213//213 1466//1466 1465//1465
f 196//196 199//199 214//214
f 215//215 148//148 1467//1467
f 215//215 1469//1469 1470//1470
f 143//143 1469//1469 1468//1468
f 36//36 1326//1326 1331//1331
f 215//215 1326//1326 1468//1468
f 215//215 1470//1470 148//148
f 148//148 1470//1470 1471//1471
f 196//196 214//214 216//216
f 194//194 1511//1511 1377//1377
f 217//217 1475//1475 1474//1474
f 218//218 1475//1475 1472//1472
f 219//219 1475//1475 1473//1473
f 217//217 1478//1478 1477//1477
f 219//219 1478//1478 1474//1474
f 220//220 1478//1478 1476//1476
f 200//200 1479//1479 217//217
f 217//217 1481//1481 1480//1480
f 213//213 1481//1481 1479//1479
f 221//221 1481//1481 213//213
f 217//217 1484//1484 1483//1483
f 221//221 1484//1484 1480//1480
f 222//222 1484//1484 1482//1482
f 217//217 1487//1487 1486//1486
f 222//222 1487//1487 1483//1483
f 223//223 1487//1487 1485//1485
f 217//217 1490//1490 1489//1489
f 223//223 1490//1490 1486//1486
f 224//224 1490//1490 1488//1488
f 217//217 1492//1492 1472//1472
f 224//224 1492//1492 1489//1489
f 218//218 1492//1492 1491//1491
f 1511//1511 1493//1493 225//225
f 194//194 1493//1493 1511//1511
f 226//226 1495//1495 1389//1389
f 227//227 1495//1495 1494//1494
f 226//226 1389//1389 1496//1496
f 226//226 1496//1496 1497//1497
f 215//215 1496//1496 1326//1326
f 228//228 1501//1501 1500//1500
f 220//220 1501//1501 1498//1498
f 229//229 1501//1501 1499//1499
f 228//228 1504//1504 1503//1503
f 229//229 1504//1504 1500//1500
f 230//230 1504//1504 1502//1502
f 228//228 1507//1507 1506//1506
f 230//230 1507//1507 1503//1503
f 231//231 1507//1507 1505//1505
f 228//228 1508//1508 1514//1514
f 231//231 1508//1508 1506//1506
f 228//228 1509//1509 1498//1498
f 220//220 1509//1509 1477//1477
f 234//234 1510//1510 216//216
f 1513//1513 1510//1510 234//234
f 235//235 1497//1497 1511//1511
f 235//235 1511//1511 1512//1512
f 236//236 1510//1510 1513//1513
f 233//233 1510//1510 236//236
f 237//237 1516//1516 1515//1515
f 232//232 1516//1516 1514//1514
f 238//238 1516//1516 232//232
f 237//237 1517//1517 1494//1494
f 238//238 1517//1517 1515//1515
f 237//237 1494//1494 226//226
f 228//228 1514//1514 1518//1518
f 239//239 1512//1512 1519//1519
f 233//233 1519//1519 225//225
f 240//240 1519//1519 1520//1520
f 237//237 226//226 1522//1522
f 1522//1522 1521//1521 241//241
f 239//239 243//243 1512//1512
f 244//244 1523//1523 241//241
f 242//242 1523//1523 244//244
f 241//241 1523//1523 242//242
f 243//243 1524//1524 245//245
f 239//239 1524//1524 243//243
f 246//246 1525//1525 243//243
f 241//241 1525//1525 246//246
f 243//243 1525//1525 241//241
f 244//244 1526//1526 246//246
f 247//247 1530//1530 1529//1529
f 248//248 1530//1530 1527//1527
f 8//8 1530//1530 1528//1528
f 249//249 1533//1533 1532//1532
f 247//247 1533//1533 1531//1531
f 8//8 1533//1533 1529//1529
f 250//250 1536//1536 1535//1535
f 8//8 1536//1536 1534//1534
f 248//248 1536//1536 1528//1528
f 251//251 1538//1538 251//251
f 8//8 1538//1538 1537//1537
f 250//250 1538//1538 1534//1534
f 252//252 1539//1539 1087//1087
f 249//249 1539//1539 252//252
f 8//8 1539//1539 1532//1532
f 253//253 1541//1541 1540//1540
f 252//252 1541//1541 252//252
f 4//4 1541//1541 1087//1087
f 254//254 1544//1544 1543//1543
f 8//8 1544//1544 1542//1542
f 251//251 1544//1544 1537//1537
f 255//255 1547//1547 1546//1546
f 253//253 1547//1547 1545//1545
f 4//4 1547//1547 1540//1540
f 256//256 1550//1550 1549//1549
f 255//255 1550//1550 1548//1548
f 4//4 1550//1550 1546//1546
f 257//257 1553//1553 1552//1552
f 256//256 1553//1553 1551//1551
f 4//4 1553//1553 1549//1549
f 8//8 1542//1542 259//259
f 258//258 1556//1556 1557//1557
f 254//254 1556//1556 1554//1554
f 260//260 1556//1556 1555//1555
f 3854//3854 1557//1557 260//260
f 261//261 1557//1557 3854//3854
f 258//258 1542//1542 1554//1554
f 258//258 1632//1632 1542//1542
f 259//259 1632//1632 262//262
f 263//263 1552//1552 1560//1560
f 257//257 1552//1552 263//263
f 264//264 1557//1557 3856//3856
f 258//258 1557//1557 264//264
f 263//263 1560//1560 3828//3828
f 258//258 264//264 265//265
f 266//266 1558//1558 245//245
f 243//243 1558//1558 266//266
f 246//246 1559//1559 266//266
f 3828//3828 1560//1560 267//267
f 258//258 265//265 268//268
f 270//270 1561//1561 268//268
f 275//275 1562//1562 276//276
f 4//4 1562//1562 274//274
f 277//277 1562//1562 1564//1564
f 278//278 1567//1567 1566//1566
f 277//277 1567//1567 1565//1565
f 4//4 1567//1567 1564//1564
f 279//279 1570//1570 1569//1569
f 278//278 1570//1570 1568//1568
f 4//4 1570//1570 1566//1566
f 280//280 1569//1569 1571//1571
f 279//279 1569//1569 280//280
f 266//266 245//245 281//281
f 281//281 1573//1573 282//282
f 245//245 1573//1573 281//281
f 282//282 1573//1573 1572//1572
f 3//3 1575//1575 1574//1574
f 283//283 1575//1575 1086//1086
f 284//284 1575//1575 283//283
f 3//3 1578//1578 1577//1577
f 284//284 1578//1578 1574//1574
f 285//285 1578//1578 1576//1576
f 3//3 1581//1581 1580//1580
f 285//285 1581//1581 1577//1577
f 286//286 1581//1581 1579//1579
f 3//3 1584//1584 1583//1583
f 286//286 1584//1584 1580//1580
f 287//287 1584//1584 1582//1582
f 3//3 1586//1586 1585//1585
f 287//287 1586//1586 1583//1583
f 288//288 1586//1586 288//288
f 3//3 1588//1588 1587//1587
f 288//288 1588//1588 1585//1585
f 289//289 1588//1588 289//289
f 3//3 1591//1591 1590//1590
f 289//289 1591//1591 1587//1587
f 290//290 1591//1591 1589//1589
f 3//3 1594//1594 1593//1593
f 290//290 1594//1594 1590//1590
f 291//291 1594//1594 1592//1592
f 3//3 1597//1597 1596//1596
f 291//291 1597//1597 1593//1593
f 292//292 1597//1597 1595//1595
f 3//3 1600//1600 1599//1599
f 292//292 1600//1600 1596//1596
f 293//293 1600//1600 1598//1598
f 3//3 1603//1603 1602//1602
f 293//293 1603//1603 1599//1599
f 294//294 1603//1603 1601//1601
f 3//3 1606//1606 1605//1605
f 294//294 1606//1606 1602//1602
f 295//295 1606//1606 1604//1604
f 3//3 1608//1608 1607//1607
f 295//295 1608//1608 1605//1605
f 296//296 1608//1608 296//296
f 3//3 1571//1571 1080//1080
f 3//3 1611//1611 1610//1610
f 296//296 1611//1611 1607//1607
f 297//297 1611//1611 1609//1609
f 3//3 1613//1613 1614//1614
f 297//297 1613//1613 1610//1610
f 298//298 1613//1613 1612//1612
f 3//3 1614//1614 1571//1571
f 281//281 282//282 299//299
f 5//5 1618//1618 1617//1617
f 300//300 1618//1618 1615//1615
f 301//301 1618//1618 1616//1616
f 5//5 1621//1621 1620//1620
f 301//301 1621//1621 1617//1617
f 302//302 1621//1621 1619//1619
f 5//5 1623//1623 1622//1622
f 302//302 1623//1623 1620//1620
f 303//303 1623//1623 303//303
f 5//5 1625//1625 1086//1086
f 303//303 1625//1625 1622//1622
f 283//283 1625//1625 1624//1624
f 5//5 1627//1627 1626//1626
f 11//11 1627//1627 1090//1090
f 304//304 1627//1627 11//11
f 5//5 1628//1628 1615//1615
f 304//304 1628//1628 1626//1626
f 300//300 1628//1628 300//300
f 299//299 1629//1629 305//305
f 305//305 1630//1630 306//306
f 282//282 1630//1630 305//305
f 306//306 1631//1631 307//307
f 282//282 1631//1631 306//306
f 262//262 1632//1632 308//308
f 308//308 1633//1633 309//309
f 236//236 1633//1633 308//308
f 309//309 1633//1633 236//236
f 310//310 1637//1637 1636//1636
f 311//311 1637//1637 1634//1634
f 312//312 1637//1637 1635//1635
f 310//310 1639//1639 1638//1638
f 312//312 1639//1639 1636//1636
f 313//313 1639//1639 313//313
f 310//310 1642//1642 1641//1641
f 313//313 1642//1642 1638//1638
f 314//314 1642//1642 1640//1640
f 310//310 1645//1645 1644//1644
f 314//314 1645//1645 1641//1641
f 315//315 1645//1645 1643//1643
f 310//310 1647//1647 1652//1652
f 315//315 1647//1647 1644//1644
f 316//316 1647//1647 1646//1646
f 282//282 1648//1648 317//317
f 307//307 1649//1649 317//317
f 282//282 1649//1649 307//307
f 240//240 318//318 1648//1648
f 308//308 319//319 233//233
f 308//308 1650//1650 319//319
f 310//310 1650//1650 310//310
f 233//233 1651//1651 1520//1520
f 10//10 1653//1653 1097//1097
f 316//316 1653//1653 1652//1652
f 14//14 1653//1653 316//316
f 240//240 320//320 318//318
f 310//310 1654//1654 1650//1650
f 1100//1100 18//18 322//322
f 1100//1100 322//322 323//323
f 1100//1100 323//323 324//324
f 325//325 1651//1651 1655//1655
f 240//240 1651//1651 325//325
f 240//240 325//325 320//320
f 1100//1100 324//324 326//326
f 325//325 1656//1656 327//327
f 319//319 1656//1656 1655//1655
f 1100//1100 326//326 328//328
f 22//22 1658//1658 1657//1657
f 10//10 1658//1658 1652//1652
f 310//310 1658//1658 1654//1654
f 20//20 1657//1657 1659//1659
f 22//22 1657//1657 20//20
f 1100//1100 328//328 329//329
f 1100//1100 329//329 330//330
f 327//327 1660//1660 331//331
f 319//319 1660//1660 327//327
f 1100//1100 332//332 1659//1659
f 1100//1100 330//330 332//332
f 333//333 1662//1662 1661//1661
f 20//20 1662//1662 333//333
f 334//334 1663//1663 333//333
f 20//20 1663//1663 334//334
f 331//331 1664//1664 336//336
f 335//335 1664//1664 1665//1665
f 319//319 1664//1664 331//331
f 337//337 1668//1668 1667//1667
f 338//338 1668//1668 338//338
f 321//321 1668//1668 1666//1666
f 335//335 4272//4272 339//339
f 335//335 339//339 341//341
f 342//342 1671//1671 1670//1670
f 337//337 1671//1671 1669//1669
f 321//321 1671//1671 1667//1667
f 335//335 341//341 343//343
f 344//344 1673//1673 1672//1672
f 342//342 1673//1673 342//342
f 321//321 1673//1673 1670//1670
f 345//345 1674//1674 343//343
f 335//335 1674//1674 345//345
f 346//346 1677//1677 1676//1676
f 344//344 1677//1677 1675//1675
f 321//321 1677//1677 1672//1672
f 22//22 1678//1678 1658//1658
f 347//347 1679//1679 1678//1678
f 346//346 1679//1679 347//347
f 321//321 1679//1679 1676//1676
f 348//348 1680//1680 345//345
f 335//335 1680//1680 348//348
f 349//349 1681//1681 4282//4282
f 27//27 1683//1683 1110//1110
f 347//347 1683//1683 1682//1682
f 22//22 1683//1683 1678//1678
f 350//350 1686//1686 1685//1685
f 335//335 1686//1686 1684//1684
f 349//349 1686//1686 1681//1681
f 351//351 1687//1687 334//334
f 20//20 1687//1687 351//351
f 352//352 1684//1684 1688//1688
f 352//352 1691//1691 1690//1690
f 350//350 1691//1691 1688//1688
f 353//353 1691//1691 1689//1689
f 352//352 1694//1694 1693//1693
f 353//353 1694//1694 1690//1690
f 354//354 1694//1694 1692//1692
f 352//352 1697//1697 1696//1696
f 354//354 1697//1697 1693//1693
f 355//355 1697//1697 1695//1695
f 352//352 1699//1699 1698//1698
f 355//355 1699//1699 1696//1696
f 356//356 1699//1699 356//356
f 352//352 1702//1702 1701//1701
f 356//356 1702//1702 1698//1698
f 357//357 1702//1702 1700//1700
f 352//352 1703//1703 1708//1708
f 357//357 1703//1703 1701//1701
f 358//358 1703//1703 357//357
f 352//352 1704//1704 1684//1684
f 335//335 1704//1704 1664//1664
f 359//359 1705//1705 351//351
f 20//20 1705//1705 359//359
f 360//360 1706//1706 359//359
f 20//20 1706//1706 360//360
f 352//352 1708//1708 1707//1707
f 361//361 1710//1710 1709//1709
f 358//358 1710//1710 1708//1708
f 362//362 1710//1710 358//358
f 361//361 1713//1713 1712//1712
f 362//362 1713//1713 1709//1709
f 363//363 1713//1713 1711//1711
f 361//361 1716//1716 1715//1715
f 363//363 1716//1716 1712//1712
f 364//364 1716//1716 1714//1714
f 361//361 1718//1718 1717//1717
f 364//364 1718//1718 1715//1715
f 365//365 1718//1718 365//365
f 361//361 1721//1721 1720//1720
f 365//365 1721//1721 1717//1717
f 366//366 1721//1721 1719//1719
f 366//366 1722//1722 1720//1720
f 361//361 1722//1722 1723//1723
f 361//361 1723//1723 1724//1724
f 361//361 1724//1724 1725//1725
f 361//361 1725//1725 1726//1726
f 361//361 1726//1726 1727//1727
f 361//361 1727//1727 1728//1728
f 369//369 1728//1728 368//368
f 369//369 1729//1729 1728//1728
f 370//370 1729//1729 369//369
f 371//371 1729//1729 370//370
f 371//371 1730//1730 1729//1729
f 361//361 1733//1733 1732//1732
f 371//371 1733//1733 1730//1730
f 372//372 1733//1733 1731//1731
f 361//361 1736//1736 1735//1735
f 372//372 1736//1736 1732//1732
f 373//373 1736//1736 1734//1734
f 361//361 1739//1739 1738//1738
f 373//373 1739//1739 1735//1735
f 374//374 1739//1739 1737//1737
f 375//375 1740//1740 360//360
f 20//20 1740//1740 375//375
f 376//376 1741//1741 1742//1742
f 374//374 1741//1741 1738//1738
f 376//376 1745//1745 1744//1744
f 374//374 1745//1745 1742//1742
f 377//377 1745//1745 1743//1743
f 376//376 1747//1747 1746//1746
f 377//377 1747//1747 1744//1744
f 378//378 1747//1747 378//378
f 376//376 1749//1749 1748//1748
f 378//378 1749//1749 1746//1746
f 379//379 1749//1749 379//379
f 376//376 1752//1752 1751//1751
f 379//379 1752//1752 1748//1748
f 380//380 1752//1752 1750//1750
f 376//376 1755//1755 1754//1754
f 380//380 1755//1755 1751//1751
f 381//381 1755//1755 1753//1753
f 376//376 1758//1758 1757//1757
f 381//381 1758//1758 1754//1754
f 382//382 1758//1758 1756//1756
f 376//376 1761//1761 1760//1760
f 382//382 1761//1761 1757//1757
f 383//383 1761//1761 1759//1759
f 376//376 1764//1764 1763//1763
f 383//383 1764//1764 1760//1760
f 384//384 1764//1764 1762//1762
f 376//376 1767//1767 1766//1766
f 384//384 1767//1767 1763//1763
f 385//385 1767//1767 1765//1765
f 376//376 1769//1769 1768//1768
f 385//385 1769//1769 1766//1766
f 386//386 1769//1769 386//386
f 376//376 1772//1772 1771//1771
f 386//386 1772//1772 1768//1768
f 387//387 1772//1772 1770//1770
f 376//376 1775//1775 1774//1774
f 387//387 1775//1775 1771//1771
f 388//388 1775//1775 1773//1773
f 376//376 1778//1778 1777//1777
f 388//388 1778//1778 1774//1774
f 389//389 1778//1778 1776//1776
f 376//376 1780//1780 1779//1779
f 389//389 1780//1780 1777//1777
f 390//390 1780//1780 390//390
f 376//376 1783//1783 1782//1782
f 390//390 1783//1783 1779//1779
f 391//391 1783//1783 1781//1781
f 376//376 1786//1786 1785//1785
f 391//391 1786//1786 1782//1782
f 392//392 1786//1786 1784//1784
f 393//393 1787//1787 375//375
f 20//20 1787//1787 393//393
f 23//23 1788//1788 1789//1789
f 392//392 1788//1788 1785//1785
f 23//23 1792//1792 1791//1791
f 392//392 1792//1792 1789//1789
f 394//394 1792//1792 1790//1790
f 23//23 1794//1794 1793//1793
f 394//394 1794//1794 1791//1791
f 395//395 1794//1794 395//395
f 23//23 1797//1797 1796//1796
f 395//395 1797//1797 1793//1793
f 396//396 1797//1797 1795//1795
f 23//23 1800//1800 1799//1799
f 396//396 1800//1800 1796//1796
f 397//397 1800//1800 1798//1798
f 23//23 1803//1803 1802//1802
f 397//397 1803//1803 1799//1799
f 398//398 1803//1803 1801//1801
f 23//23 1805//1805 1103//1103
f 398//398 1805//1805 1802//1802
f 24//24 1805//1805 1804//1804
f 21//21 1806//1806 393//393
f 20//20 1806//1806 21//21
f 399//399 1810//1810 1809//1809
f 400//400 1810//1810 1807//1807
f 401//401 1810//1810 1808//1808
f 402//402 1813//1813 1812//1812
f 400//400 1813//1813 1811//1811
f 399//399 1813//1813 1807//1807
f 403//403 1815//1815 1816//1816
f 401//401 1815//1815 1814//1814
f 400//400 1815//1815 1808//1808
f 404//404 1816//1816 404//404
f 405//405 1819//1819 1818//1818
f 400//400 1819//1819 1817//1817
f 402//402 1819//1819 1811//1811
f 406//406 1822//1822 1821//1821
f 403//403 1822//1822 1820//1820
f 404//404 1822//1822 1816//1816
f 407//407 1825//1825 1824//1824
f 406//406 1825//1825 1823//1823
f 404//404 1825//1825 1821//1821
f 408//408 1828//1828 1827//1827
f 400//400 1828//1828 1826//1826
f 405//405 1828//1828 1817//1817
f 409//409 1831//1831 1830//1830
f 407//407 1831//1831 1829//1829
f 404//404 1831//1831 1824//1824
f 410//410 1834//1834 1833//1833
f 400//400 1834//1834 1832//1832
f 408//408 1834//1834 1826//1826
f 411//411 1837//1837 1836//1836
f 409//409 1837//1837 1835//1835
f 404//404 1837//1837 1830//1830
f 412//412 1840//1840 1839//1839
f 400//400 1840//1840 1838//1838
f 410//410 1840//1840 1832//1832
f 413//413 1843//1843 1842//1842
f 400//400 1843//1843 1841//1841
f 412//412 1843//1843 1838//1838
f 414//414 1846//1846 1845//1845
f 411//411 1846//1846 1844//1844
f 404//404 1846//1846 1836//1836
f 415//415 1849//1849 1848//1848
f 400//400 1849//1849 1847//1847
f 413//413 1849//1849 1841//1841
f 416//416 1852//1852 1851//1851
f 414//414 1852//1852 1850//1850
f 404//404 1852//1852 1845//1845
f 417//417 1855//1855 1854//1854
f 400//400 1855//1855 1853//1853
f 415//415 1855//1855 1847//1847
f 418//418 1858//1858 1857//1857
f 416//416 1858//1858 1856//1856
f 404//404 1858//1858 1851//1851
f 419//419 1861//1861 1860//1860
f 400//400 1861//1861 1859//1859
f 417//417 1861//1861 1853//1853
f 420//420 1864//1864 1863//1863
f 418//418 1864//1864 1862//1862
f 404//404 1864//1864 1857//1857
f 421//421 1867//1867 1866//1866
f 400//400 1867//1867 1865//1865
f 419//419 1867//1867 1859//1859
f 422//422 1870//1870 1869//1869
f 420//420 1870//1870 1868//1868
f 404//404 1870//1870 1863//1863
f 423//423 1873//1873 1872//1872
f 422//422 1873//1873 1871//1871
f 404//404 1873//1873 1869//1869
f 424//424 1874//1874 1875//1875
f 424//424 1877//1877 1876//1876
f 400//400 1877//1877 1875//1875
f 421//421 1877//1877 1865//1865
f 426//426 1879//1879 1881//1881
f 423//423 1879//1879 1878//1878
f 404//404 1879//1879 1872//1872
f 427//427 1881//1881 1880//1880
f 428//428 1884//1884 1883//1883
f 425//425 1884//1884 1882//1882
f 424//424 1884//1884 1874//1874
f 429//429 1887//1887 1886//1886
f 426//426 1887//1887 1885//1885
f 427//427 1887//1887 1881//1881
f 430//430 1890//1890 1889//1889
f 425//425 1890//1890 1888//1888
f 428//428 1890//1890 1882//1882
f 431//431 1893//1893 1892//1892
f 429//429 1893//1893 1891//1891
f 427//427 1893//1893 1886//1886
f 432//432 1896//1896 1895//1895
f 425//425 1896//1896 1894//1894
f 430//430 1896//1896 1888//1888
f 433//433 1899//1899 1898//1898
f 425//425 1899//1899 1897//1897
f 432//432 1899//1899 1894//1894
f 434//434 1902//1902 1901//1901
f 431//431 1902//1902 1900//1900
f 427//427 1902//1902 1892//1892
f 435//435 1905//1905 1904//1904
f 434//434 1905//1905 1903//1903
f 427//427 1905//1905 1901//1901
f 436//436 1908//1908 1907//1907
f 425//425 1908//1908 1906//1906
f 433//433 1908//1908 1897//1897
f 437//437 1910//1910 1912//1912
f 435//435 1910//1910 1909//1909
f 427//427 1910//1910 1904//1904
f 438//438 1912//1912 1911//1911
f 439//439 1915//1915 1914//1914
f 425//425 1915//1915 1913//1913
f 436//436 1915//1915 1906//1906
f 440//440 1918//1918 1917//1917
f 437//437 1918//1918 1916//1916
f 438//438 1918//1918 1912//1912
f 441//441 1921//1921 1920//1920
f 425//425 1921//1921 1919//1919
f 439//439 1921//1921 1913//1913
f 442//442 1924//1924 1923//1923
f 440//440 1924//1924 1922//1922
f 438//438 1924//1924 1917//1917
f 443//443 1927//1927 1926//1926
f 425//425 1927//1927 1925//1925
f 441//441 1927//1927 1919//1919
f 444//444 1930//1930 1929//1929
f 425//425 1930//1930 1928//1928
f 443//443 1930//1930 1925//1925
f 446//446 1932//1932 1931//1931
f 445//445 1934//1934 1932//1932
f 442//442 1934//1934 1933//1933
f 438//438 1934//1934 1923//1923
f 447//447 1937//1937 1936//1936
f 445//445 1937//1937 1935//1935
f 446//446 1937//1937 1932//1932
f 448//448 1940//1940 1939//1939
f 425//425 1940//1940 1938//1938
f 444//444 1940//1940 1928//1928
f 449//449 1942//1942 1944//1944
f 447//447 1942//1942 1941//1941
f 446//446 1942//1942 1936//1936
f 450//450 1944//1944 1943//1943
f 451//451 1947//1947 1946//1946
f 425//425 1947//1947 1945//1945
f 448//448 1947//1947 1938//1938
f 452//452 1950//1950 1949//1949
f 425//425 1950//1950 1948//1948
f 451//451 1950//1950 1945//1945
f 453//453 1953//1953 1952//1952
f 449//449 1953//1953 1951//1951
f 450//450 1953//1953 1944//1944
f 454//454 1955//1955 1956//1956
f 453//453 1955//1955 1954//1954
f 450//450 1955//1955 1952//1952
f 455//455 1956//1956 450//450
f 456//456 1959//1959 1958//1958
f 425//425 1959//1959 1957//1957
f 452//452 1959//1959 1948//1948
f 425//425 1957//1957 425//425
f 458//458 1962//1962 1961//1961
f 454//454 1962//1962 1960//1960
f 455//455 1962//1962 1956//1956
f 458//458 1965//1965 1964//1964
f 455//455 1965//1965 1961//1961
f 459//459 1965//1965 1963//1963
f 460//460 1967//1967 456//456
f 457//457 1967//1967 1966//1966
f 456//456 1967//1967 1957//1957
f 461//461 1970//1970 1969//1969
f 458//458 1970//1970 1968//1968
f 459//459 1970//1970 1964//1964
f 461//461 1973//1973 1972//1972
f 459//459 1973//1973 1969//1969
f 462//462 1973//1973 1971//1971
f 463//463 1976//1976 1975//1975
f 457//457 1976//1976 1974//1974
f 460//460 1976//1976 1966//1966
f 464//464 1979//1979 1978//1978
f 457//457 1979//1979 1977//1977
f 463//463 1979//1979 1974//1974
f 465//465 1983//1983 1982//1982
f 462//462 1983//1983 1980//1980
f 466//466 1983//1983 1981//1981
f 465//465 1985//1985 1980//1980
f 461//461 1985//1985 1984//1984
f 462//462 1985//1985 1972//1972
f 467//467 1988//1988 1987//1987
f 457//457 1988//1988 1986//1986
f 464//464 1988//1988 1977//1977
f 468//468 1991//1991 1990//1990
f 465//465 1991//1991 1989//1989
f 466//466 1991//1991 1982//1982
f 469//469 1994//1994 1993//1993
f 466//466 1994//1994 1992//1992
f 470//470 1994//1994 466//466
f 469//469 1996//1996 1992//1992
f 468//468 1996//1996 1995//1995
f 466//466 1996//1996 1990//1990
f 471//471 1999//1999 1998//1998
f 457//457 1999//1999 1997//1997
f 467//467 1999//1999 1986//1986
f 472//472 2003//2003 2002//2002
f 470//470 2003//2003 2000//2000
f 473//473 2003//2003 2001//2001
f 472//472 2005//2005 2000//2000
f 469//469 2005//2005 2004//2004
f 470//470 2005//2005 1993//1993
f 474//474 2008//2008 2007//2007
f 457//457 2008//2008 2006//2006
f 471//471 2008//2008 1997//1997
f 475//475 2011//2011 2010//2010
f 472//472 2011//2011 2009//2009
f 473//473 2011//2011 2002//2002
f 476//476 2014//2014 2013//2013
f 457//457 2014//2014 2012//2012
f 474//474 2014//2014 2006//2006
f 477//477 2018//2018 2017//2017
f 478//478 2018//2018 2015//2015
f 475//475 2018//2018 2016//2016
f 477//477 2019//2019 3054//3054
f 475//475 2019//2019 2017//2017
f 473//473 2019//2019 2010//2010
f 479//479 2023//2023 2022//2022
f 480//480 2023//2023 2020//2020
f 481//481 2023//2023 2021//2021
f 479//479 2026//2026 2020//2020
f 482//482 2026//2026 2024//2024
f 480//480 2026//2026 2025//2025
f 479//479 2029//2029 2024//2024
f 483//483 2029//2029 2027//2027
f 482//482 2029//2029 2028//2028
f 479//479 2032//2032 2027//2027
f 476//476 2032//2032 2030//2030
f 483//483 2032//2032 2031//2031
f 479//479 2012//2012 2030//2030
f 484//484 2036//2036 2035//2035
f 485//485 2036//2036 2033//2033
f 486//486 2036//2036 2034//2034
f 484//484 2039//2039 2033//2033
f 487//487 2039//2039 2037//2037
f 485//485 2039//2039 2038//2038
f 484//484 2042//2042 2037//2037
f 481//481 2042//2042 2040//2040
f 487//487 2042//2042 2041//2041
f 484//484 2043//2043 2040//2040
f 481//481 2043//2043 2022//2022
f 488//488 2047//2047 2046//2046
f 489//489 2047//2047 2044//2044
f 490//490 2047//2047 2045//2045
f 488//488 2050//2050 2044//2044
f 486//486 2050//2050 2048//2048
f 489//489 2050//2050 2049//2049
f 488//488 2051//2051 2048//2048
f 486//486 2051//2051 2035//2035
f 493//493 2053//2053 2052//2052
f 494//494 2056//2056 2055//2055
f 492//492 2056//2056 2054//2054
f 491//491 2056//2056 2053//2053
f 492//492 2057//2057 496//496
f 495//495 2059//2059 2058//2058
f 492//492 2059//2059 2057//2057
f 494//494 2059//2059 2054//2054
f 497//497 2062//2062 2061//2061
f 491//491 2062//2062 2060//2060
f 493//493 2062//2062 2053//2053
f 498//498 2065//2065 2064//2064
f 497//497 2065//2065 2063//2063
f 493//493 2065//2065 2061//2061
f 499//499 2067//2067 495//495
f 496//496 2067//2067 2066//2066
f 495//495 2067//2067 2057//2057
f 501//501 2069//2069 2068//2068
f 500//500 2071//2071 2069//2069
f 498//498 2071//2071 2070//2070
f 493//493 2071//2071 2064//2064
f 496//496 2073//2073 2072//2072
f 502//502 2075//2075 2074//2074
f 496//496 2075//2075 2073//2073
f 499//499 2075//2075 2066//2066
f 504//504 2079//2079 2078//2078
f 505//505 2079//2079 2076//2076
f 503//503 2079//2079 2077//2077
f 504//504 2080//2080 502//502
f 503//503 2080//2080 2078//2078
f 502//502 2080//2080 2073//2073
f 506//506 2083//2083 2082//2082
f 500//500 2083//2083 2081//2081
f 501//501 2083//2083 2069//2069
f 507//507 2086//2086 2085//2085
f 505//505 2086//2086 2084//2084
f 504//504 2086//2086 2076//2076
f 507//507 2089//2089 2084//2084
f 508//508 2089//2089 2087//2087
f 505//505 2089//2089 2088//2088
f 509//509 2092//2092 2091//2091
f 506//506 2092//2092 2090//2090
f 501//501 2092//2092 2082//2082
f 510//510 2095//2095 2094//2094
f 511//511 2095//2095 2093//2093
f 508//508 2095//2095 3076//3076
f 510//510 2097//2097 2096//2096
f 508//508 2097//2097 2094//2094
f 507//507 2097//2097 2087//2087
f 512//512 2100//2100 2099//2099
f 509//509 2100//2100 2098//2098
f 501//501 2100//2100 2091//2091
f 513//513 2103//2103 2102//2102
f 511//511 2103//2103 2101//2101
f 510//510 2103//2103 2093//2093
f 514//514 2106//2106 2105//2105
f 512//512 2106//2106 2104//2104
f 501//501 2106//2106 2099//2099
f 515//515 2109//2109 2108//2108
f 511//511 2109//2109 2107//2107
f 513//513 2109//2109 2101//2101
f 515//515 2111//2111 2107//2107
f 516//516 2111//2111 2110//2110
f 511//511 2111//2111 516//516
f 518//518 2113//2113 2112//2112
f 517//517 2115//2115 2113//2113
f 514//514 2115//2115 2114//2114
f 501//501 2115//2115 2105//2105
f 519//519 2119//2119 2118//2118
f 520//520 2119//2119 2116//2116
f 516//516 2119//2119 2117//2117
f 519//519 2121//2121 2120//2120
f 516//516 2121//2121 2118//2118
f 515//515 2121//2121 2110//2110
f 521//521 2124//2124 2123//2123
f 517//517 2124//2124 2122//2122
f 518//518 2124//2124 2113//2113
f 522//522 2127//2127 2126//2126
f 477//477 2127//2127 2125//2125
f 520//520 2127//2127 3059//3059
f 522//522 2129//2129 2128//2128
f 520//520 2129//2129 2126//2126
f 519//519 2129//2129 2116//2116
f 523//523 2132//2132 2131//2131
f 521//521 2132//2132 2130//2130
f 518//518 2132//2132 2123//2123
f 524//524 2015//2015 2133//2133
f 524//524 2135//2135 2134//2134
f 477//477 2135//2135 2133//2133
f 522//522 2135//2135 2125//2125
f 525//525 2138//2138 2137//2137
f 523//523 2138//2138 2136//2136
f 518//518 2138//2138 2131//2131
f 526//526 2141//2141 2140//2140
f 525//525 2141//2141 2139//2139
f 518//518 2141//2141 2137//2137
f 527//527 2145//2145 2144//2144
f 528//528 2145//2145 2142//2142
f 478//478 2145//2145 2143//2143
f 527//527 2147//2147 2146//2146
f 478//478 2147//2147 2144//2144
f 524//524 2147//2147 2015//2015
f 529//529 2151//2151 2150//2150
f 530//530 2151//2151 2148//2148
f 528//528 2151//2151 2149//2149
f 529//529 2154//2154 2148//2148
f 531//531 2154//2154 2152//2152
f 530//530 2154//2154 2153//2153
f 529//529 2156//2156 2155//2155
f 528//528 2156//2156 2150//2150
f 527//527 2156//2156 2142//2142
f 532//532 2159//2159 2158//2158
f 526//526 2159//2159 2157//2157
f 518//518 2159//2159 2140//2140
f 533//533 2162//2162 2161//2161
f 532//532 2162//2162 2160//2160
f 518//518 2162//2162 2158//2158
f 534//534 2165//2165 2164//2164
f 531//531 2165//2165 2163//2163
f 529//529 2165//2165 2152//2152
f 535//535 2169//2169 2168//2168
f 536//536 2169//2169 2166//2166
f 531//531 2169//2169 2167//2167
f 535//535 2171//2171 2170//2170
f 531//531 2171//2171 2168//2168
f 534//534 2171//2171 2163//2163
f 537//537 2174//2174 2173//2173
f 533//533 2174//2174 2172//2172
f 518//518 2174//2174 2161//2161
f 538//538 2177//2177 2176//2176
f 537//537 2177//2177 2175//2175
f 518//518 2177//2177 2173//2173
f 539//539 2180//2180 2179//2179
f 536//536 2180//2180 2178//2178
f 535//535 2180//2180 2166//2166
f 539//539 2183//2183 2178//2178
f 540//540 2183//2183 2181//2181
f 536//536 2183//2183 2182//2182
f 541//541 2187//2187 2186//2186
f 542//542 2187//2187 2184//2184
f 540//540 2187//2187 2185//2185
f 541//541 2189//2189 2188//2188
f 540//540 2189//2189 2186//2186
f 539//539 2189//2189 2181//2181
f 543//543 2192//2192 2191//2191
f 538//538 2192//2192 2190//2190
f 518//518 2192//2192 2176//2176
f 544//544 2195//2195 2194//2194
f 543//543 2195//2195 2193//2193
f 518//518 2195//2195 2191//2191
f 545//545 2198//2198 2197//2197
f 542//542 2198//2198 2196//2196
f 541//541 2198//2198 2184//2184
f 545//545 2201//2201 2196//2196
f 546//546 2201//2201 2199//2199
f 542//542 2201//2201 2200//2200
f 547//547 2204//2204 2203//2203
f 544//544 2204//2204 2202//2202
f 518//518 2204//2204 2194//2194
f 548//548 2208//2208 2207//2207
f 549//549 2208//2208 2205//2205
f 546//546 2208//2208 2206//2206
f 548//548 2210//2210 2209//2209
f 546//546 2210//2210 2207//2207
f 545//545 2210//2210 2199//2199
f 550//550 2214//2214 2213//2213
f 551//551 2214//2214 2211//2211
f 549//549 2214//2214 2212//2212
f 550//550 2216//2216 2215//2215
f 549//549 2216//2216 2213//2213
f 548//548 2216//2216 2205//2205
f 552//552 2219//2219 2218//2218
f 551//551 2219//2219 2217//2217
f 550//550 2219//2219 2211//2211
f 552//552 2222//2222 2217//2217
f 553//553 2222//2222 2220//2220
f 551//551 2222//2222 2221//2221
f 554//554 2226//2226 2225//2225
f 490//490 2226//2226 2223//2223
f 553//553 2226//2226 2224//2224
f 554//554 2228//2228 2227//2227
f 553//553 2228//2228 2225//2225
f 552//552 2228//2228 2220//2220
f 555//555 2203//2203 2229//2229
f 555//555 2232//2232 2203//2203
f 556//556 2232//2232 2230//2230
f 547//547 2232//2232 2231//2231
f 555//555 2235//2235 2230//2230
f 557//557 2235//2235 2233//2233
f 556//556 2235//2235 2234//2234
f 555//555 2238//2238 2233//2233
f 558//558 2238//2238 2236//2236
f 557//557 2238//2238 2237//2237
f 555//555 2241//2241 2236//2236
f 559//559 2241//2241 2239//2239
f 558//558 2241//2241 2240//2240
f 555//555 2244//2244 2239//2239
f 560//560 2244//2244 2242//2242
f 559//559 2244//2244 2243//2243
f 555//555 2247//2247 2242//2242
f 561//561 2247//2247 2245//2245
f 560//560 2247//2247 2246//2246
f 555//555 2250//2250 2245//2245
f 562//562 2250//2250 2248//2248
f 561//561 2250//2250 2249//2249
f 555//555 2253//2253 2248//2248
f 563//563 2253//2253 2251//2251
f 562//562 2253//2253 2252//2252
f 555//555 2256//2256 2251//2251
f 564//564 2256//2256 2254//2254
f 563//563 2256//2256 2255//2255
f 555//555 2259//2259 2254//2254
f 565//565 2259//2259 2257//2257
f 564//564 2259//2259 2258//2258
f 555//555 2262//2262 2257//2257
f 566//566 2262//2262 2260//2260
f 565//565 2262//2262 2261//2261
f 555//555 2265//2265 2260//2260
f 567//567 2265//2265 2263//2263
f 566//566 2265//2265 2264//2264
f 555//555 2268//2268 2263//2263
f 568//568 2268//2268 2266//2266
f 567//567 2268//2268 2267//2267
f 569//569 2266//2266 2269//2269
f 569//569 2272//2272 2266//2266
f 570//570 2272//2272 2270//2270
f 568//568 2272//2272 2271//2271
f 569//569 2275//2275 2270//2270
f 571//571 2275//2275 2273//2273
f 570//570 2275//2275 2274//2274
f 569//569 2278//2278 2273//2273
f 572//572 2278//2278 2276//2276
f 571//571 2278//2278 2277//2277
f 569//569 2281//2281 2276//2276
f 573//573 2281//2281 2279//2279
f 572//572 2281//2281 2280//2280
f 569//569 2284//2284 2279//2279
f 574//574 2284//2284 2282//2282
f 573//573 2284//2284 2283//2283
f 569//569 2287//2287 2282//2282
f 575//575 2287//2287 2285//2285
f 574//574 2287//2287 2286//2286
f 569//569 2290//2290 2285//2285
f 576//576 2290//2290 2288//2288
f 575//575 2290//2290 2289//2289
f 569//569 2293//2293 2288//2288
f 577//577 2293//2293 2291//2291
f 576//576 2293//2293 2292//2292
f 569//569 2296//2296 2291//2291
f 578//578 2296//2296 2294//2294
f 577//577 2296//2296 2295//2295
f 569//569 2299//2299 2294//2294
f 579//579 2299//2299 2297//2297
f 578//578 2299//2299 2298//2298
f 569//569 2302//2302 2297//2297
f 580//580 2302//2302 2300//2300
f 579//579 2302//2302 2301//2301
f 569//569 2305//2305 2300//2300
f 581//581 2305//2305 2303//2303
f 580//580 2305//2305 2304//2304
f 569//569 2308//2308 2303//2303
f 582//582 2308//2308 2306//2306
f 581//581 2308//2308 2307//2307
f 583//583 2312//2312 2311//2311
f 584//584 2312//2312 2309//2309
f 585//585 2312//2312 2310//2310
f 583//583 2315//2315 2309//2309
f 586//586 2315//2315 2313//2313
f 584//584 2315//2315 2314//2314
f 583//583 2318//2318 2313//2313
f 587//587 2318//2318 2316//2316
f 586//586 2318//2318 2317//2317
f 583//583 2321//2321 2316//2316
f 588//588 2321//2321 2319//2319
f 587//587 2321//2321 2320//2320
f 583//583 2306//2306 2322//2322
f 583//583 2325//2325 2306//2306
f 589//589 2325//2325 2323//2323
f 582//582 2325//2325 2324//2324
f 583//583 2328//2328 2323//2323
f 590//590 2328//2328 2326//2326
f 589//589 2328//2328 2327//2327
f 583//583 2330//2330 2326//2326
f 585//585 2330//2330 2311//2311
f 590//590 2330//2330 2329//2329
f 591//591 2333//2333 2319//2319
f 592//592 2333//2333 2331//2331
f 588//588 2333//2333 2332//2332
f 591//591 2336//2336 2331//2331
f 593//593 2336//2336 2334//2334
f 592//592 2336//2336 2335//2335
f 591//591 2339//2339 2334//2334
f 594//594 2339//2339 2337//2337
f 593//593 2339//2339 2338//2338
f 591//591 2342//2342 2337//2337
f 595//595 2342//2342 2340//2340
f 594//594 2342//2342 2341//2341
f 591//591 2319//2319 591//591
f 596//596 2345//2345 2340//2340
f 597//597 2345//2345 2343//2343
f 595//595 2345//2345 2344//2344
f 596//596 2348//2348 2343//2343
f 598//598 2348//2348 2346//2346
f 597//597 2348//2348 2347//2347
f 596//596 2351//2351 2346//2346
f 599//599 2351//2351 2349//2349
f 598//598 2351//2351 2350//2350
f 596//596 2340//2340 2352//2352
f 600//600 2046//2046 2223//2223
f 600//600 2356//2356 2355//2355
f 601//601 2356//2356 2353//2353
f 599//599 2356//2356 2354//2354
f 600//600 2359//2359 2353//2353
f 554//554 2359//2359 2357//2357
f 601//601 2359//2359 2358//2358
f 600//600 2223//2223 2357//2357
f 600//600 2361//2361 2360//2360
f 599//599 2361//2361 2355//2355
f 596//596 2361//2361 2349//2349
f 600//600 2362//2362 2046//2046
f 488//488 2362//2362 2969//2969
f 602//602 2363//2363 603//603
f 600//600 2363//2363 2362//2362
f 604//604 2364//2364 603//603
f 602//602 2364//2364 605//605
f 604//604 2365//2365 2364//2364
f 607//607 2365//2365 604//604
f 606//606 2365//2365 607//607
f 608//608 2369//2369 2368//2368
f 9//9 2369//2369 2366//2366
f 609//609 2369//2369 2367//2367
f 610//610 2371//2371 2370//2370
f 609//609 2371//2371 3845//3845
f 9//9 2371//2371 2367//2367
f 611//611 2374//2374 2373//2373
f 9//9 2374//2374 2372//2372
f 608//608 2374//2374 2366//2366
f 612//612 2377//2377 2376//2376
f 610//610 2377//2377 2375//2375
f 9//9 2377//2377 2370//2370
f 613//613 2380//2380 2379//2379
f 9//9 2380//2380 2378//2378
f 611//611 2380//2380 2372//2372
f 9//9 2378//2378 1089//1089
f 614//614 2382//2382 2381//2381
f 612//612 2382//2382 614//614
f 9//9 2382//2382 2376//2376
f 615//615 2385//2385 2384//2384
f 1//1 2385//2385 2383//2383
f 613//613 2385//2385 2378//2378
f 616//616 2388//2388 2387//2387
f 614//614 2388//2388 2386//2386
f 9//9 2388//2388 2381//2381
f 617//617 2391//2391 2390//2390
f 1//1 2391//2391 2389//2389
f 615//615 2391//2391 2383//2383
f 618//618 2394//2394 2393//2393
f 616//616 2394//2394 2392//2392
f 9//9 2394//2394 2387//2387
f 619//619 2397//2397 2396//2396
f 1//1 2397//2397 2395//2395
f 617//617 2397//2397 2389//2389
f 620//620 2399//2399 619//619
f 1//1 2399//2399 2398//2398
f 619//619 2399//2399 2395//2395
f 621//621 2402//2402 2401//2401
f 618//618 2402//2402 2400//2400
f 9//9 2402//2402 2393//2393
f 622//622 2404//2404 2403//2403
f 621//621 2404//2404 622//622
f 9//9 2404//2404 2401//2401
f 623//623 2407//2407 2406//2406
f 1//1 2407//2407 2405//2405
f 620//620 2407//2407 2398//2398
f 624//624 2410//2410 2409//2409
f 1//1 2410//2410 2408//2408
f 623//623 2410//2410 2405//2405
f 625//625 2413//2413 2412//2412
f 622//622 2413//2413 2411//2411
f 9//9 2413//2413 2403//2403
f 626//626 606//606 607//607
f 626//626 2414//2414 606//606
f 606//606 2414//2414 627//627
f 626//626 2415//2415 2414//2414
f 629//629 2416//2416 3826//3826
f 624//624 2416//2416 2408//2408
f 630//630 2419//2419 2418//2418
f 625//625 2419//2419 2417//2417
f 9//9 2419//2419 2412//2412
f 631//631 2422//2422 2421//2421
f 630//630 2422//2422 2420//2420
f 9//9 2422//2422 2418//2418
f 632//632 2423//2423 629//629
f 629//629 2423//2423 2416//2416
f 633//633 2425//2425 2427//2427
f 631//631 2425//2425 2424//2424
f 9//9 2425//2425 2421//2421
f 634//634 2427//2427 2426//2426
f 635//635 2423//2423 2428//2428
f 636//636 2431//2431 2430//2430
f 633//633 2431//2431 2429//2429
f 634//634 2431//2431 2427//2427
f 637//637 2432//2432 635//635
f 635//635 2432//2432 2423//2423
f 638//638 2435//2435 2434//2434
f 636//636 2435//2435 2433//2433
f 634//634 2435//2435 2430//2430
f 639//639 2432//2432 2436//2436
f 640//640 2439//2439 2438//2438
f 638//638 2439//2439 2437//2437
f 634//634 2439//2439 2434//2434
f 641//641 2440//2440 639//639
f 639//639 2440//2440 2432//2432
f 642//642 2443//2443 2442//2442
f 640//640 2443//2443 2441//2441
f 634//634 2443//2443 2438//2438
f 643//643 2440//2440 2444//2444
f 644//644 2447//2447 2446//2446
f 642//642 2447//2447 2445//2445
f 634//634 2447//2447 2442//2442
f 645//645 2448//2448 643//643
f 643//643 2448//2448 2440//2440
f 646//646 2450//2450 2452//2452
f 644//644 2450//2450 2449//2449
f 634//634 2450//2450 2446//2446
f 647//647 2452//2452 2451//2451
f 2457//2457 2448//2448 645//645
f 648//648 2455//2455 2454//2454
f 646//646 2455//2455 2453//2453
f 647//647 2455//2455 2452//2452
f 649//649 2456//2456 2457//2457
f 2457//2457 2456//2456 2448//2448
f 650//650 2460//2460 2459//2459
f 648//648 2460//2460 2458//2458
f 647//647 2460//2460 2454//2454
f 651//651 2463//2463 2462//2462
f 1//1 2463//2463 2461//2461
f 649//649 2463//2463 2456//2456
f 652//652 2466//2466 2465//2465
f 650//650 2466//2466 2464//2464
f 647//647 2466//2466 2459//2459
f 652//652 2468//2468 2467//2467
f 647//647 2468//2468 2465//2465
f 653//653 2468//2468 653//653
f 654//654 2471//2471 2470//2470
f 1//1 2471//2471 2469//2469
f 651//651 2471//2471 2461//2461
f 655//655 2474//2474 2473//2473
f 652//652 2474//2474 2472//2472
f 653//653 2474//2474 2467//2467
f 656//656 2476//2476 2475//2475
f 1//1 2476//2476 2523//2523
f 654//654 2476//2476 2469//2469
f 657//657 2415//2415 626//626
f 628//628 2415//2415 657//657
f 2//2 2479//2479 2544//2544
f 658//658 2479//2479 2477//2477
f 659//659 2479//2479 2478//2478
f 2//2 2481//2481 2477//2477
f 660//660 2481//2481 2480//2480
f 658//658 2481//2481 658//658
f 2//2 2484//2484 2480//2480
f 661//661 2484//2484 2482//2482
f 660//660 2484//2484 2483//2483
f 2//2 2487//2487 2482//2482
f 662//662 2487//2487 2485//2485
f 661//661 2487//2487 2486//2486
f 2//2 2490//2490 2485//2485
f 663//663 2490//2490 2488//2488
f 662//662 2490//2490 2489//2489
f 2//2 2493//2493 2488//2488
f 664//664 2493//2493 2491//2491
f 663//663 2493//2493 2492//2492
f 2//2 2496//2496 2491//2491
f 665//665 2496//2496 2494//2494
f 664//664 2496//2496 2495//2495
f 2//2 2499//2499 2494//2494
f 666//666 2499//2499 2497//2497
f 665//665 2499//2499 2498//2498
f 2//2 2502//2502 2497//2497
f 667//667 2502//2502 2500//2500
f 666//666 2502//2502 2501//2501
f 2//2 2504//2504 2500//2500
f 668//668 2504//2504 2503//2503
f 667//667 2504//2504 3785//3785
f 2//2 2507//2507 2503//2503
f 669//669 2507//2507 2505//2505
f 668//668 2507//2507 2506//2506
f 2//2 2510//2510 2505//2505
f 670//670 2510//2510 2508//2508
f 669//669 2510//2510 2509//2509
f 2//2 2513//2513 2508//2508
f 671//671 2513//2513 2511//2511
f 670//670 2513//2513 2512//2512
f 2//2 2516//2516 2511//2511
f 672//672 2516//2516 2514//2514
f 671//671 2516//2516 2515//2515
f 2//2 2519//2519 2514//2514
f 673//673 2519//2519 2517//2517
f 672//672 2519//2519 2518//2518
f 2//2 2522//2522 2517//2517
f 674//674 2522//2522 2520//2520
f 673//673 2522//2522 2521//2521
f 2//2 2525//2525 2520//2520
f 656//656 2525//2525 2523//2523
f 674//674 2525//2525 2524//2524
f 1//1 2523//2523 1076//1076
f 675//675 628//628 657//657
f 675//675 2547//2547 628//628
f 628//628 2547//2547 676//676
f 6//6 2528//2528 2551//2551
f 677//677 2528//2528 2526//2526
f 678//678 2528//2528 2527//2527
f 6//6 2531//2531 2526//2526
f 679//679 2531//2531 2529//2529
f 677//677 2531//2531 2530//2530
f 6//6 2534//2534 2529//2529
f 680//680 2534//2534 2532//2532
f 679//679 2534//2534 2533//2533
f 6//6 2537//2537 2532//2532
f 681//681 2537//2537 2535//2535
f 680//680 2537//2537 2536//2536
f 6//6 2540//2540 2535//2535
f 682//682 2540//2540 2538//2538
f 681//681 2540//2540 2539//2539
f 6//6 2543//2543 2538//2538
f 683//683 2543//2543 2541//2541
f 682//682 2543//2543 2542//2542
f 6//6 2546//2546 2541//2541
f 659//659 2546//2546 2544//2544
f 683//683 2546//2546 2545//2545
f 2//2 2544//2544 1083//1083
f 684//684 2547//2547 3095//3095
f 684//684 685//685 2547//2547
f 684//684 2548//2548 685//685
f 687//687 2548//2548 684//684
f 686//686 2548//2548 687//687
f 688//688 2550//2550 2557//2557
f 689//689 2550//2550 2549//2549
f 690//690 2550//2550 690//690
f 688//688 2553//2553 2549//2549
f 678//678 2553//2553 2551//2551
f 689//689 2553//2553 2552//2552
f 6//6 2551//2551 2554//2554
f 691//691 686//686 687//687
f 691//691 2555//2555 686//686
f 686//686 2555//2555 692//692
f 691//691 2556//2556 2555//2555
f 694//694 2560//2560 2559//2559
f 690//690 2560//2560 2557//2557
f 695//695 2560//2560 2558//2558
f 688//688 2557//2557 694//694
f 696//696 2556//2556 691//691
f 693//693 2556//2556 696//696
f 697//697 2564//2564 2563//2563
f 695//695 2564//2564 2561//2561
f 698//698 2564//2564 2562//2562
f 697//697 2565//2565 2561//2561
f 695//695 2565//2565 2559//2559
f 699//699 693//693 696//696
f 699//699 2566//2566 693//693
f 693//693 2566//2566 700//700
f 699//699 2567//2567 2566//2566
f 697//697 2563//2563 702//702
f 703//703 2567//2567 699//699
f 701//701 2567//2567 703//703
f 704//704 2571//2571 2570//2570
f 698//698 2571//2571 2568//2568
f 705//705 2571//2571 2569//2569
f 704//704 2573//2573 2568//2568
f 702//702 2573//2573 2572//2572
f 698//698 2573//2573 2563//2563
f 706//706 2577//2577 2576//2576
f 705//705 2577//2577 2574//2574
f 707//707 2577//2577 2575//2575
f 706//706 2579//2579 2574//2574
f 704//704 2579//2579 2578//2578
f 705//705 2579//2579 2570//2570
f 708//708 701//701 703//703
f 708//708 2580//2580 701//701
f 701//701 2580//2580 2581//2581
f 707//707 710//710 2576//2576
f 711//711 2582//2582 708//708
f 708//708 2582//2582 2580//2580
f 712//712 2586//2586 2585//2585
f 707//707 2586//2586 2583//2583
f 713//713 2586//2586 2584//2584
f 712//712 2588//2588 2583//2583
f 710//710 2588//2588 2587//2587
f 707//707 2588//2588 710//710
f 714//714 2590//2590 2589//2589
f 712//712 2590//2590 2943//2943
f 713//713 2590//2590 2585//2585
f 714//714 2593//2593 2592//2592
f 713//713 2593//2593 2589//2589
f 715//715 2593//2593 2591//2591
f 716//716 2596//2596 2595//2595
f 714//714 2596//2596 2594//2594
f 715//715 2596//2596 2592//2592
f 716//716 2599//2599 2598//2598
f 715//715 2599//2599 2595//2595
f 717//717 2599//2599 2597//2597
f 718//718 2602//2602 2601//2601
f 716//716 2602//2602 2600//2600
f 717//717 2602//2602 2598//2598
f 718//718 2605//2605 2604//2604
f 717//717 2605//2605 2601//2601
f 719//719 2605//2605 2603//2603
f 720//720 2609//2609 2608//2608
f 711//711 2609//2609 2606//2606
f 721//721 2609//2609 2607//2607
f 722//722 2473//2473 2582//2582
f 722//722 2582//2582 2610//2610
f 722//722 2612//2612 2611//2611
f 711//711 2612//2612 2610//2610
f 720//720 2612//2612 2606//2606
f 723//723 2615//2615 2614//2614
f 720//720 2615//2615 2613//2613
f 721//721 2615//2615 2608//2608
f 724//724 2618//2618 2617//2617
f 655//655 2618//2618 2616//2616
f 722//722 2618//2618 2473//2473
f 724//724 2621//2621 2616//2616
f 725//725 2621//2621 2619//2619
f 655//655 2621//2621 2620//2620
f 726//726 2624//2624 2623//2623
f 725//725 2624//2624 2622//2622
f 724//724 2624//2624 2619//2619
f 726//726 2627//2627 2622//2622
f 727//727 2627//2627 2625//2625
f 725//725 2627//2627 2626//2626
f 726//726 2630//2630 2625//2625
f 728//728 2630//2630 2628//2628
f 727//727 2630//2630 2629//2629
f 729//729 2633//2633 2632//2632
f 723//723 2633//2633 2631//2631
f 721//721 2633//2633 2614//2614
f 730//730 2636//2636 2635//2635
f 728//728 2636//2636 2634//2634
f 726//726 2636//2636 2628//2628
f 731//731 2638//2638 2639//2639
f 729//729 2638//2638 2637//2637
f 721//721 2638//2638 2632//2632
f 731//731 2639//2639 2640//2640
f 733//733 2643//2643 2642//2642
f 728//728 2643//2643 2641//2641
f 730//730 2643//2643 2634//2634
f 733//733 2646//2646 2641//2641
f 734//734 2646//2646 2644//2644
f 728//728 2646//2646 2645//2645
f 735//735 2649//2649 2648//2648
f 731//731 2649//2649 2647//2647
f 732//732 2649//2649 2640//2640
f 736//736 2653//2653 2652//2652
f 737//737 2653//2653 2650//2650
f 734//734 2653//2653 2651//2651
f 736//736 2655//2655 2654//2654
f 734//734 2655//2655 2652//2652
f 733//733 2655//2655 2644//2644
f 738//738 2658//2658 2657//2657
f 735//735 2658//2658 2656//2656
f 732//732 2658//2658 2648//2648
f 739//739 2661//2661 2660//2660
f 737//737 2661//2661 2659//2659
f 736//736 2661//2661 2650//2650
f 739//739 2664//2664 2659//2659
f 740//740 2664//2664 2662//2662
f 737//737 2664//2664 2663//2663
f 739//739 2667//2667 2662//2662
f 719//719 2667//2667 2665//2665
f 740//740 2667//2667 2666//2666
f 741//741 2670//2670 2669//2669
f 738//738 2670//2670 2668//2668
f 732//732 2670//2670 2657//2657
f 742//742 2673//2673 2672//2672
f 719//719 2673//2673 2671//2671
f 739//739 2673//2673 2665//2665
f 742//742 2604//2604 2671//2671
f 743//743 2676//2676 2675//2675
f 741//741 2676//2676 2674//2674
f 732//732 2676//2676 2669//2669
f 744//744 2679//2679 2678//2678
f 745//745 2679//2679 2677//2677
f 718//718 2679//2679 718//718
f 744//744 2681//2681 2680//2680
f 718//718 2681//2681 2678//2678
f 742//742 2681//2681 2604//2604
f 746//746 2684//2684 2683//2683
f 743//743 2684//2684 2682//2682
f 732//732 2684//2684 2675//2675
f 747//747 2687//2687 2686//2686
f 745//745 2687//2687 2685//2685
f 744//744 2687//2687 2677//2677
f 747//747 2690//2690 2685//2685
f 748//748 2690//2690 2688//2688
f 745//745 2690//2690 2689//2689
f 749//749 2693//2693 2692//2692
f 746//746 2693//2693 2691//2691
f 732//732 2693//2693 2683//2683
f 750//750 2696//2696 2695//2695
f 748//748 2696//2696 2694//2694
f 747//747 2696//2696 2688//2688
f 751//751 2700//2700 2699//2699
f 750//750 2700//2700 2697//2697
f 752//752 2700//2700 2698//2698
f 751//751 2702//2702 2697//2697
f 748//748 2702//2702 2701//2701
f 750//750 2702//2702 2694//2694
f 753//753 2705//2705 2692//2692
f 754//754 2705//2705 2703//2703
f 749//749 2705//2705 2704//2704
f 753//753 2692//2692 2706//2706
f 753//753 2709//2709 2703//2703
f 755//755 2709//2709 2707//2707
f 754//754 2709//2709 2708//2708
f 753//753 2712//2712 2707//2707
f 756//756 2712//2712 2710//2710
f 755//755 2712//2712 2711//2711
f 753//753 2714//2714 2710//2710
f 757//757 2714//2714 2713//2713
f 756//756 2714//2714 756//756
f 753//753 2717//2717 2713//2713
f 758//758 2717//2717 2715//2715
f 757//757 2717//2717 2716//2716
f 753//753 2720//2720 2715//2715
f 759//759 2720//2720 2718//2718
f 758//758 2720//2720 2719//2719
f 753//753 2722//2722 2718//2718
f 760//760 2722//2722 2721//2721
f 759//759 2722//2722 760//760
f 753//753 2725//2725 2721//2721
f 761//761 2725//2725 2723//2723
f 760//760 2725//2725 2724//2724
f 753//753 2727//2727 2723//2723
f 762//762 2727//2727 2726//2726
f 761//761 2727//2727 762//762
f 753//753 2730//2730 2726//2726
f 763//763 2730//2730 2728//2728
f 762//762 2730//2730 2729//2729
f 753//753 2733//2733 2728//2728
f 764//764 2733//2733 2731//2731
f 763//763 2733//2733 2732//2732
f 753//753 2736//2736 2731//2731
f 765//765 2736//2736 2734//2734
f 764//764 2736//2736 2735//2735
f 753//753 2739//2739 2734//2734
f 766//766 2739//2739 2737//2737
f 765//765 2739//2739 2738//2738
f 753//753 2742//2742 2737//2737
f 767//767 2742//2742 2740//2740
f 766//766 2742//2742 2741//2741
f 752//752 768//768 2699//2699
f 769//769 2746//2746 2745//2745
f 752//752 2746//2746 2743//2743
f 770//770 2746//2746 2744//2744
f 769//769 2747//2747 2743//2743
f 768//768 2747//2747 2978//2978
f 752//752 2747//2747 768//768
f 771//771 2740//2740 753//753
f 771//771 2749//2749 2740//2740
f 772//772 2749//2749 2748//2748
f 771//771 2751//2751 2748//2748
f 773//773 2751//2751 2750//2750
f 772//772 2751//2751 773//773
f 771//771 2754//2754 2750//2750
f 774//774 2754//2754 2752//2752
f 773//773 2754//2754 2753//2753
f 771//771 2757//2757 2752//2752
f 775//775 2757//2757 2755//2755
f 774//774 2757//2757 2756//2756
f 771//771 2760//2760 2755//2755
f 776//776 2760//2760 2758//2758
f 775//775 2760//2760 2759//2759
f 771//771 2763//2763 2758//2758
f 777//777 2763//2763 2761//2761
f 776//776 2763//2763 2762//2762
f 777//777 2761//2761 778//778
f 771//771 2764//2764 2761//2761
f 778//778 2764//2764 779//779
f 779//779 2764//2764 780//780
f 771//771 2765//2765 2764//2764
f 780//780 2765//2765 781//781
f 781//781 2765//2765 782//782
f 771//771 2766//2766 2765//2765
f 782//782 2766//2766 783//783
f 783//783 2766//2766 784//784
f 771//771 2769//2769 2766//2766
f 784//784 2769//2769 785//785
f 786//786 2769//2769 2767//2767
f 785//785 2769//2769 2768//2768
f 771//771 2772//2772 2767//2767
f 787//787 2772//2772 2770//2770
f 786//786 2772//2772 2771//2771
f 771//771 2775//2775 2770//2770
f 788//788 2775//2775 2773//2773
f 787//787 2775//2775 2774//2774
f 771//771 2778//2778 2773//2773
f 789//789 2778//2778 2776//2776
f 788//788 2778//2778 2777//2777
f 771//771 2781//2781 2776//2776
f 790//790 2781//2781 2779//2779
f 789//789 2781//2781 2780//2780
f 791//791 2785//2785 2784//2784
f 770//770 2785//2785 2782//2782
f 792//792 2785//2785 2783//2783
f 791//791 2787//2787 2782//2782
f 769//769 2787//2787 2786//2786
f 770//770 2787//2787 2745//2745
f 793//793 2788//2788 2779//2779
f 793//793 2791//2791 2788//2788
f 795//795 2791//2791 2789//2789
f 794//794 2791//2791 2790//2790
f 793//793 2794//2794 2789//2789
f 796//796 2794//2794 2792//2792
f 795//795 2794//2794 2793//2793
f 793//793 2797//2797 2792//2792
f 797//797 2797//2797 2795//2795
f 796//796 2797//2797 2796//2796
f 793//793 2800//2800 2795//2795
f 798//798 2800//2800 2798//2798
f 797//797 2800//2800 2799//2799
f 793//793 2802//2802 2798//2798
f 799//799 2802//2802 2801//2801
f 798//798 2802//2802 799//799
f 793//793 2805//2805 2801//2801
f 800//800 2805//2805 2803//2803
f 799//799 2805//2805 2804//2804
f 793//793 2808//2808 2803//2803
f 801//801 2808//2808 2806//2806
f 800//800 2808//2808 2807//2807
f 793//793 2779//2779 2809//2809
f 793//793 2812//2812 2806//2806
f 802//802 2812//2812 2810//2810
f 801//801 2812//2812 2811//2811
f 793//793 2815//2815 2810//2810
f 803//803 2815//2815 2813//2813
f 802//802 2815//2815 2814//2814
f 793//793 2818//2818 2813//2813
f 804//804 2818//2818 2816//2816
f 803//803 2818//2818 2817//2817
f 793//793 2821//2821 2816//2816
f 805//805 2821//2821 2819//2819
f 804//804 2821//2821 2820//2820
f 793//793 2823//2823 2819//2819
f 806//806 2823//2823 2822//2822
f 805//805 2823//2823 806//806
f 793//793 2826//2826 2822//2822
f 807//807 2826//2826 2824//2824
f 806//806 2826//2826 2825//2825
f 793//793 2829//2829 2824//2824
f 808//808 2829//2829 2827//2827
f 807//807 2829//2829 2828//2828
f 793//793 2832//2832 2827//2827
f 809//809 2832//2832 2830//2830
f 808//808 2832//2832 2831//2831
f 793//793 2835//2835 2830//2830
f 810//810 2835//2835 2833//2833
f 809//809 2835//2835 2834//2834
f 791//791 2784//2784 811//811
f 812//812 2837//2837 2861//2861
f 792//792 2837//2837 2836//2836
f 813//813 2837//2837 4472//4472
f 812//812 2838//2838 2836//2836
f 811//811 2838//2838 2990//2990
f 792//792 2838//2838 2784//2784
f 814//814 2842//2842 2841//2841
f 815//815 2842//2842 2839//2839
f 816//816 2842//2842 2840//2840
f 814//814 2845//2845 2833//2833
f 817//817 2845//2845 2843//2843
f 810//810 2845//2845 2844//2844
f 814//814 2833//2833 2846//2846
f 814//814 2849//2849 2843//2843
f 818//818 2849//2849 2847//2847
f 817//817 2849//2849 2848//2848
f 814//814 2852//2852 2847//2847
f 819//819 2852//2852 2850//2850
f 818//818 2852//2852 2851//2851
f 814//814 2855//2855 2850//2850
f 820//820 2855//2855 2853//2853
f 819//819 2855//2855 2854//2854
f 814//814 2858//2858 2853//2853
f 821//821 2858//2858 2856//2856
f 820//820 2858//2858 2857//2857
f 814//814 2860//2860 2856//2856
f 816//816 2860//2860 2841//2841
f 821//821 2860//2860 2859//2859
f 822//822 2862//2862 2866//2866
f 813//813 2862//2862 2861//2861
f 812//812 2861//2861 812//812
f 824//824 2865//2865 2839//2839
f 825//825 2865//2865 2863//2863
f 815//815 2865//2865 2864//2864
f 824//824 2868//2868 2863//2863
f 823//823 2868//2868 2866//2866
f 825//825 2868//2868 2867//2867
f 822//822 2866//2866 2869//2869
f 824//824 2839//2839 2870//2870
f 688//688 16//16 15//15
f 6//6 2871//2871 6//6
f 688//688 2871//2871 2554//2554
f 7//7 6//6 2872//2872
f 15//15 2874//2874 2872//2872
f 7//7 2874//2874 2873//2873
f 7//7 2876//2876 1082//1082
f 634//634 1088//1088 2877//2877
f 9//9 1088//1088 2426//2426
f 634//634 2878//2878 259//259
f 8//8 2878//2878 2877//2877
f 5//5 2879//2879 2880//2880
f 5//5 2880//2880 1090//1090
f 10//10 2880//2880 2882//2882
f 826//826 2881//2881 2876//2876
f 5//5 2881//2881 2879//2879
f 828//828 2883//2883 2882//2882
f 1100//1100 2883//2883 829//829
f 829//829 2883//2883 830//830
f 10//10 2882//2882 1657//1657
f 831//831 832//832 2884//2884
f 831//831 2884//2884 2885//2885
f 834//834 2886//2886 2887//2887
f 834//834 310//310 2888//2888
f 834//834 2888//2888 2886//2886
f 828//828 2887//2887 2885//2885
f 828//828 2885//2885 2883//2883
f 647//647 2890//2890 2889//2889
f 634//634 2890//2890 2451//2451
f 647//647 2891//2891 262//262
f 259//259 2891//2891 2889//2889
f 15//15 2893//2893 836//836
f 829//829 2893//2893 2892//2892
f 836//836 2893//2893 829//829
f 15//15 2894//2894 2892//2892
f 7//7 2895//2895 836//836
f 15//15 2895//2895 2873//2873
f 647//647 2897//2897 2896//2896
f 309//309 653//653 2896//2896
f 653//653 2899//2899 2898//2898
f 309//309 2899//2899 653//653
f 236//236 2900//2900 2898//2898
f 653//653 2900//2900 709//709
f 688//688 694//694 2901//2901
f 688//688 2902//2902 16//16
f 17//17 2902//2902 2901//2901
f 701//701 2581//2581 2903//2903
f 236//236 2581//2581 709//709
f 701//701 2904//2904 1513//1513
f 236//236 2904//2904 2903//2903
f 694//694 2912//2912 2905//2905
f 697//697 2912//2912 2565//2565
f 694//694 2906//2906 694//694
f 18//18 2906//2906 2905//2905
f 701//701 2907//2907 234//234
f 700//700 2909//2909 2908//2908
f 701//701 2909//2909 700//700
f 697//697 2911//2911 2910//2910
f 322//322 2911//2911 702//702
f 322//322 2912//2912 2910//2910
f 700//700 2913//2913 216//216
f 234//234 2913//2913 2908//2908
f 693//693 2915//2915 2914//2914
f 702//702 2923//2923 2916//2916
f 704//704 2923//2923 2572//2572
f 323//323 2917//2917 2916//2916
f 693//693 2919//2919 2918//2918
f 216//216 2919//2919 2914//2914
f 214//214 2921//2921 2918//2918
f 692//692 2921//2921 2920//2920
f 693//693 2921//2921 692//692
f 704//704 2578//2578 2922//2922
f 324//324 2578//2578 2931//2931
f 324//324 2923//2923 2922//2922
f 692//692 2925//2925 2924//2924
f 214//214 2925//2925 2920//2920
f 199//199 2927//2927 2924//2924
f 686//686 2927//2927 2926//2926
f 706//706 2930//2930 2929//2929
f 326//326 2930//2930 2928//2928
f 326//326 2931//2931 2929//2929
f 686//686 2933//2933 2932//2932
f 199//199 2933//2933 2926//2926
f 198//198 2935//2935 2932//2932
f 685//685 2935//2935 2934//2934
f 686//686 2935//2935 685//685
f 710//710 2936//2936 2937//2937
f 712//712 2936//2936 2587//2587
f 710//710 2938//2938 2928//2928
f 328//328 2938//2938 2937//2937
f 685//685 2940//2940 2939//2939
f 198//198 2940//2940 2934//2934
f 197//197 2942//2942 2939//2939
f 676//676 2942//2942 2941//2941
f 685//685 2942//2942 676//676
f 714//714 2948//2948 2943//2943
f 712//712 2943//2943 2936//2936
f 676//676 2944//2944 195//195
f 197//197 2944//2944 2941//2941
f 716//716 2947//2947 2946//2946
f 329//329 2948//2948 2946//2946
f 716//716 2948//2948 2594//2594
f 628//628 2949//2949 176//176
f 195//195 2949//2949 2945//2945
f 627//627 2951//2951 2950//2950
f 628//628 2951//2951 627//627
f 718//718 2953//2953 2952//2952
f 332//332 2953//2953 718//718
f 330//330 2600//2600 2952//2952
f 716//716 2600//2600 2947//2947
f 151//151 2954//2954 1376//1376
f 627//627 2954//2954 151//151
f 176//176 2954//2954 2950//2950
f 606//606 2956//2956 2955//2955
f 332//332 2963//2963 1661//1661
f 745//745 2963//2963 2957//2957
f 332//332 718//718 2957//2957
f 606//606 2959//2959 2958//2958
f 151//151 2959//2959 2955//2955
f 150//150 2961//2961 2958//2958
f 605//605 2961//2961 2960//2960
f 606//606 2961//2961 605//605
f 333//333 2963//2963 2962//2962
f 748//748 2963//2963 2689//2689
f 602//602 2965//2965 2964//2964
f 150//150 2965//2965 2960//2960
f 602//602 2966//2966 149//149
f 150//150 2966//2966 2964//2964
f 751//751 2974//2974 2967//2967
f 334//334 2968//2968 2967//2967
f 748//748 2968//2968 2962//2962
f 751//751 2968//2968 2701//2701
f 602//602 149//149 2969//2969
f 488//488 2969//2969 2970//2970
f 751//751 2973//2973 2972//2972
f 359//359 2973//2973 2971//2971
f 359//359 2974//2974 2972//2972
f 120//120 2976//2976 1471//1471
f 488//488 2976//2976 2975//2975
f 148//148 2976//2976 2970//2970
f 120//120 2051//2051 2975//2975
f 484//484 2051//2051 2977//2977
f 769//769 2979//2979 2978//2978
f 768//768 2978//2978 2971//2971
f 108//108 2981//2981 1279//1279
f 484//484 2981//2981 2980//2980
f 120//120 2981//2981 2977//2977
f 484//484 2980//2980 2043//2043
f 791//791 2988//2988 2982//2982
f 360//360 2786//2786 2982//2982
f 769//769 2786//2786 2979//2979
f 100//100 2984//2984 1274//1274
f 479//479 2984//2984 2983//2983
f 108//108 2984//2984 2980//2980
f 100//100 2985//2985 2983//2983
f 479//479 2985//2985 2012//2012
f 811//811 2987//2987 2986//2986
f 393//393 2987//2987 811//811
f 375//375 2988//2988 2986//2986
f 86//86 2985//2985 1243//1243
f 457//457 2985//2985 2989//2989
f 86//86 425//425 2989//2989
f 812//812 2991//2991 2990//2990
f 21//21 2991//2991 812//812
f 400//400 2993//2993 2992//2992
f 425//425 2993//2993 1874//1874
f 86//86 2993//2993 425//425
f 62//62 2995//2995 1204//1204
f 400//400 2995//2995 2994//2994
f 86//86 2995//2995 2992//2992
f 822//822 2997//2997 2996//2996
f 2999//2999 2997//2997 822//822
f 21//21 812//812 2996//2996
f 400//400 1165//1165 61//61
f 62//62 1165//1165 2994//2994
f 824//824 2999//2999 2998//2998
f 2999//2999 3000//3000 2998//2998
f 824//824 3000//3000 2869//2869
f 30//30 404//404 61//61
f 404//404 404//404 30//30
f 404//404 3001//3001 1880//1880
f 19//19 3033//3033 837//837
f 814//814 3033//3033 19//19
f 824//824 3003//3003 3002//3002
f 814//814 3003//3003 2870//2870
f 824//824 3004//3004 2999//2999
f 19//19 3004//3004 3002//3002
f 30//30 1911//1911 3001//3001
f 438//438 3006//3006 3005//3005
f 30//30 3006//3006 1911//1911
f 19//19 3007//3007 839//839
f 839//839 3007//3007 838//838
f 840//840 3008//3008 839//839
f 19//19 3008//3008 840//840
f 20//20 3009//3009 840//840
f 446//446 3011//3011 3010//3010
f 438//438 3011//3011 1931//1931
f 29//29 3011//3011 3005//3005
f 29//29 3012//3012 3010//3010
f 841//841 3013//3013 3014//3014
f 842//842 3014//3014 3015//3015
f 22//22 20//20 3016//3016
f 841//841 20//20 3013//3013
f 843//843 3017//3017 845//845
f 845//845 3017//3017 844//844
f 844//844 3017//3017 842//842
f 846//846 3018//3018 3020//3020
f 321//321 3019//3019 1654//1654
f 846//846 3020//3020 3019//3019
f 846//846 3021//3021 3018//3018
f 841//841 3022//3022 3021//3021
f 842//842 3022//3022 3014//3014
f 843//843 3022//3022 3017//3017
f 450//450 3012//3012 3023//3023
f 446//446 3012//3012 1943//1943
f 450//450 3024//3024 450//450
f 1113//1113 3024//3024 3023//3023
f 23//23 3025//3025 3026//3026
f 23//23 3027//3027 3025//3025
f 22//22 3027//3027 1103//1103
f 841//841 3027//3027 3016//3016
f 455//455 450//450 3028//3028
f 31//31 3029//3029 3028//3028
f 23//23 793//793 1788//1788
f 814//814 3031//3031 3030//3030
f 793//793 3031//3031 2846//2846
f 23//23 3031//3031 793//793
f 837//837 3033//3033 3032//3032
f 23//23 3033//3033 3030//3030
f 455//455 3029//3029 3034//3034
f 118//118 3035//3035 3034//3034
f 455//455 3035//3035 1963//1963
f 376//376 3038//3038 1741//1741
f 771//771 3038//3038 3036//3036
f 361//361 3038//3038 3037//3037
f 376//376 3039//3039 3036//3036
f 793//793 3039//3039 793//793
f 771//771 3039//3039 2809//2809
f 459//459 3035//3035 3040//3040
f 117//117 3041//3041 3040//3040
f 459//459 3041//3041 1971//1971
f 771//771 753//753 3042//3042
f 361//361 3043//3043 1707//1707
f 771//771 3043//3043 3037//3037
f 352//352 3043//3043 3042//3042
f 462//462 3041//3041 3044//3044
f 116//116 3045//3045 3044//3044
f 466//466 3045//3045 466//466
f 462//462 3045//3045 1981//1981
f 352//352 3047//3047 1704//1704
f 732//732 3047//3047 3046//3046
f 352//352 2706//2706 3046//3046
f 753//753 2706//2706 753//753
f 470//470 466//466 3048//3048
f 116//116 3049//3049 3048//3048
f 721//721 331//331 336//336
f 732//732 2639//2639 3047//3047
f 470//470 3049//3049 3050//3050
f 114//114 3051//3051 3050//3050
f 470//470 3051//3051 2001//2001
f 721//721 3058//3058 3052//3052
f 711//711 3058//3058 2607//2607
f 721//721 3053//3053 331//331
f 327//327 3053//3053 3052//3052
f 473//473 3051//3051 3054//3054
f 477//477 3054//3054 3055//3055
f 708//708 3057//3057 3056//3056
f 325//325 3057//3057 708//708
f 327//327 3058//3058 3056//3056
f 477//477 3055//3055 3059//3059
f 520//520 3059//3059 3060//3060
f 703//703 3063//3063 3061//3061
f 320//320 3063//3063 3062//3062
f 325//325 3064//3064 3061//3061
f 520//520 3060//3060 3065//3065
f 126//126 3066//3066 3065//3065
f 516//516 3066//3066 516//516
f 520//520 3066//3066 2117//2117
f 699//699 3068//3068 3067//3067
f 318//318 3068//3068 699//699
f 320//320 3069//3069 3067//3067
f 703//703 3069//3069 3062//3062
f 511//511 516//516 3070//3070
f 126//126 3071//3071 3070//3070
f 699//699 3074//3074 3073//3073
f 317//317 3074//3074 3072//3072
f 317//317 3075//3075 3073//3073
f 511//511 3071//3071 3076//3076
f 508//508 3076//3076 3077//3077
f 691//691 3079//3079 3078//3078
f 317//317 3080//3080 3078//3078
f 696//696 3080//3080 3072//3072
f 508//508 3082//3082 3081//3081
f 124//124 3082//3082 3077//3077
f 123//123 3083//3083 3081//3081
f 508//508 3083//3083 2088//2088
f 687//687 3086//3086 3084//3084
f 306//306 3086//3086 3085//3085
f 307//307 3087//3087 3084//3084
f 691//691 3087//3087 3079//3079
f 505//505 3083//3083 3088//3088
f 144//144 3089//3089 3088//3088
f 505//505 3089//3089 2077//2077
f 684//684 3091//3091 3090//3090
f 305//305 3091//3091 684//684
f 306//306 3092//3092 3090//3090
f 687//687 3092//3092 3085//3085
f 496//496 3089//3089 3093//3093
f 503//503 3089//3089 2072//2072
f 496//496 3094//3094 496//496
f 144//144 3094//3094 3093//3093
f 684//684 3095//3095 299//299
f 299//299 3095//3095 675//675
f 492//492 496//496 3097//3097
f 492//492 3098//3098 46//46
f 47//47 3098//3098 3097//3097
f 657//657 3101//3101 3099//3099
f 281//281 3101//3101 3100//3100
f 299//299 3102//3102 3099//3099
f 493//493 3104//3104 3103//3103
f 492//492 3104//3104 2052//2052
f 493//493 3105//3105 145//145
f 46//46 3105//3105 3103//3103
f 626//626 3107//3107 3106//3106
f 266//266 3107//3107 626//626
f 281//281 3108//3108 3106//3106
f 657//657 3108//3108 3100//3100
f 493//493 145//145 3109//3109
f 146//146 3110//3110 3109//3109
f 493//493 3110//3110 2068//2068
f 607//607 3113//3113 3111//3111
f 246//246 3113//3113 3112//3112
f 266//266 3114//3114 3111//3111
f 501//501 3110//3110 3115//3115
f 147//147 3116//3116 3115//3115
f 518//518 3116//3116 3119//3119
f 501//501 3116//3116 2112//2112
f 607//607 3117//3117 244//244
f 244//244 3117//3117 604//604
f 607//607 3118//3118 3112//3112
f 182//182 3119//3119 1392//1392
f 182//182 3120//3120 3119//3119
f 518//518 3120//3120 2229//2229
f 603//603 3123//3123 3121//3121
f 242//242 3123//3123 3122//3122
f 244//244 3124//3124 3121//3121
f 555//555 1427//1427 3125//3125
f 182//182 1427//1427 3120//3120
f 200//200 2269//2269 3125//3125
f 569//569 2269//2269 3126//3126
f 603//603 3132//3132 3127//3127
f 600//600 3132//3132 2363//2363
f 603//603 3128//3128 3122//3122
f 1522//1522 3128//3128 3127//3127
f 583//583 3126//3126 3129//3129
f 569//569 3126//3126 2322//2322
f 200//200 217//217 3129//3129
f 596//596 3131//3131 3130//3130
f 1522//1522 3132//3132 3130//3130
f 596//596 3132//3132 2360//2360
f 228//228 3134//3134 1509//1509
f 583//583 3134//3134 3133//3133
f 217//217 3134//3134 217//217
f 228//228 591//591 3133//3133
f 237//237 3136//3136 1518//1518
f 591//591 3136//3136 3135//3135
f 228//228 3136//3136 591//591
f 237//237 3131//3131 3135//3135
f 591//591 3131//3131 2352//2352
f 852//852 3137//3137 851//851
f 83//83 3138//3138 1200//1200
f 32//32 1200//1200 3139//3139
f 853//853 3140//3140 855//855
f 855//855 3140//3140 854//854
f 853//853 3141//3141 3140//3140
f 856//856 853//853 857//857
f 853//853 853//853 856//856
f 1164//1164 3142//3142 856//856
f 35//35 3142//3142 1164//1164
f 1164//1164 3143//3143 857//857
f 851//851 3145//3145 3144//3144
f 853//853 3145//3145 851//851
f 850//850 3146//3146 3137//3137
f 853//853 3146//3146 3141//3141
f 1164//1164 3148//3148 858//858
f 858//858 3148//3148 3147//3147
f 28//28 3149//3149 858//858
f 35//35 3150//3150 3142//3142
f 856//856 3150//3150 859//859
f 35//35 1115//1115 3150//3150
f 859//859 1115//1115 3151//3151
f 36//36 3152//3152 861//861
f 861//861 3153//3153 862//862
f 860//860 3153//3153 3152//3152
f 860//860 3152//3152 33//33
f 864//864 3154//3154 863//863
f 863//863 862//862 862//862
f 865//865 862//862 3154//3154
f 859//859 3156//3156 863//863
f 858//858 3156//3156 859//859
f 863//863 3156//3156 3155//3155
f 28//28 3158//3158 34//34
f 859//859 3158//3158 3157//3157
f 34//34 3158//3158 3151//3151
f 28//28 3159//3159 3157//3157
f 860//860 3160//3160 3153//3153
f 32//32 3161//3161 1114//1114
f 860//860 3161//3161 3139//3139
f 866//866 3163//3163 3162//3162
f 37//37 861//861 3163//3163
f 36//36 861//861 1116//1116
f 83//83 3166//3166 3138//3138
f 867//867 3166//3166 3164//3164
f 852//852 3166//3166 3165//3165
f 423//423 3169//3169 3168//3168
f 867//867 3169//3169 3167//3167
f 83//83 3169//3169 3164//3164
f 423//423 3170//3170 1871//1871
f 83//83 3170//3170 3168//3168
f 423//423 3173//3173 3167//3167
f 868//868 3173//3173 3171//3171
f 867//867 3173//3173 3172//3172
f 426//426 3177//3177 3176//3176
f 869//869 3177//3177 3174//3174
f 868//868 3177//3177 3175//3175
f 426//426 3178//3178 1878//1878
f 868//868 3178//3178 3176//3176
f 423//423 3178//3178 3171//3171
f 429//429 3182//3182 3181//3181
f 870//870 3182//3182 3179//3179
f 869//869 3182//3182 3180//3180
f 429//429 3183//3183 1885//1885
f 869//869 3183//3183 3181//3181
f 426//426 3183//3183 3174//3174
f 431//431 3187//3187 3186//3186
f 871//871 3187//3187 3184//3184
f 870//870 3187//3187 3185//3185
f 431//431 3188//3188 1891//1891
f 870//870 3188//3188 3186//3186
f 429//429 3188//3188 3179//3179
f 434//434 3192//3192 3191//3191
f 872//872 3192//3192 3189//3189
f 871//871 3192//3192 3190//3190
f 434//434 3193//3193 1900//1900
f 871//871 3193//3193 3191//3191
f 431//431 3193//3193 3184//3184
f 435//435 3195//3195 1903//1903
f 872//872 3195//3195 3194//3194
f 434//434 3195//3195 3189//3189
f 435//435 3198//3198 3194//3194
f 873//873 3198//3198 3196//3196
f 872//872 3198//3198 3197//3197
f 437//437 3200//3200 1909//1909
f 873//873 3200//3200 3199//3199
f 435//435 3200//3200 3196//3196
f 437//437 3203//3203 3199//3199
f 874//874 3203//3203 3201//3201
f 873//873 3203//3203 3202//3202
f 440//440 3205//3205 1916//1916
f 874//874 3205//3205 3204//3204
f 437//437 3205//3205 3201//3201
f 440//440 3208//3208 3204//3204
f 875//875 3208//3208 3206//3206
f 874//874 3208//3208 3207//3207
f 442//442 3210//3210 1922//1922
f 875//875 3210//3210 3209//3209
f 440//440 3210//3210 3206//3206
f 442//442 3213//3213 3209//3209
f 876//876 3213//3213 3211//3211
f 875//875 3213//3213 3212//3212
f 445//445 3215//3215 1933//1933
f 876//876 3215//3215 3214//3214
f 442//442 3215//3215 3211//3211
f 445//445 3218//3218 3214//3214
f 877//877 3218//3218 3216//3216
f 876//876 3218//3218 3217//3217
f 447//447 3220//3220 1935//1935
f 877//877 3220//3220 3219//3219
f 445//445 3220//3220 3216//3216
f 37//37 3223//3223 3222//3222
f 877//877 3223//3223 3221//3221
f 447//447 3223//3223 3219//3219
f 37//37 3225//3225 3221//3221
f 866//866 3225//3225 3163//3163
f 877//877 3225//3225 3224//3224
f 449//449 3226//3226 1941//1941
f 37//37 3226//3226 449//449
f 447//447 3226//3226 3222//3222
f 38//38 3228//3228 3227//3227
f 37//37 3228//3228 1117//1117
f 453//453 3230//3230 1951//1951
f 38//38 3230//3230 3229//3229
f 449//449 3230//3230 3227//3227
f 39//39 3232//3232 3231//3231
f 38//38 3232//3232 1120//1120
f 453//453 3232//3232 3229//3229
f 454//454 3234//3234 1954//1954
f 39//39 3234//3234 3233//3233
f 453//453 3234//3234 3231//3231
f 40//40 3236//3236 3235//3235
f 39//39 3236//3236 1123//1123
f 454//454 3236//3236 3233//3233
f 458//458 3238//3238 1960//1960
f 40//40 3238//3238 3237//3237
f 454//454 3238//3238 3235//3235
f 41//41 3240//3240 3239//3239
f 40//40 3240//3240 1126//1126
f 458//458 3240//3240 3237//3237
f 461//461 3242//3242 1968//1968
f 41//41 3242//3242 3241//3241
f 458//458 3242//3242 3239//3239
f 42//42 3244//3244 3243//3243
f 41//41 3244//3244 1129//1129
f 461//461 3244//3244 3241//3241
f 465//465 3246//3246 1984//1984
f 42//42 3246//3246 3245//3245
f 461//461 3246//3246 3243//3243
f 43//43 3248//3248 3247//3247
f 42//42 3248//3248 1132//1132
f 465//465 3248//3248 3245//3245
f 468//468 3250//3250 1989//1989
f 43//43 3250//3250 3249//3249
f 465//465 3250//3250 3247//3247
f 44//44 3252//3252 3251//3251
f 43//43 3252//3252 1135//1135
f 468//468 3252//3252 3249//3249
f 469//469 3254//3254 1995//1995
f 44//44 3254//3254 3253//3253
f 468//468 3254//3254 3251//3251
f 128//128 3256//3256 3255//3255
f 44//44 3256//3256 1280//1280
f 469//469 3256//3256 3253//3253
f 472//472 3258//3258 2004//2004
f 128//128 3258//3258 3257//3257
f 469//469 3258//3258 3255//3255
f 129//129 3260//3260 3259//3259
f 128//128 3260//3260 1283//1283
f 472//472 3260//3260 3257//3257
f 475//475 3262//3262 2009//2009
f 129//129 3262//3262 3261//3261
f 472//472 3262//3262 3259//3259
f 130//130 3264//3264 3263//3263
f 129//129 3264//3264 1286//1286
f 475//475 3264//3264 3261//3261
f 478//478 3266//3266 2016//2016
f 130//130 3266//3266 3265//3265
f 475//475 3266//3266 3263//3263
f 131//131 3268//3268 3267//3267
f 130//130 3268//3268 1289//1289
f 478//478 3268//3268 3265//3265
f 528//528 3270//3270 2143//2143
f 131//131 3270//3270 3269//3269
f 478//478 3270//3270 3267//3267
f 132//132 3272//3272 3271//3271
f 131//131 3272//3272 1292//1292
f 528//528 3272//3272 3269//3269
f 530//530 3274//3274 2149//2149
f 132//132 3274//3274 3273//3273
f 528//528 3274//3274 3271//3271
f 133//133 3276//3276 3275//3275
f 132//132 3276//3276 1295//1295
f 530//530 3276//3276 3273//3273
f 531//531 3278//3278 2153//2153
f 133//133 3278//3278 3277//3277
f 530//530 3278//3278 3275//3275
f 134//134 3280//3280 3279//3279
f 133//133 3280//3280 1298//1298
f 531//531 3280//3280 3277//3277
f 536//536 3282//3282 2167//2167
f 134//134 3282//3282 3281//3281
f 531//531 3282//3282 3279//3279
f 135//135 3284//3284 3283//3283
f 134//134 3284//3284 1301//1301
f 536//536 3284//3284 3281//3281
f 540//540 3286//3286 2182//2182
f 135//135 3286//3286 3285//3285
f 536//536 3286//3286 3283//3283
f 136//136 3288//3288 3287//3287
f 135//135 3288//3288 1304//1304
f 540//540 3288//3288 3285//3285
f 542//542 3290//3290 2185//2185
f 136//136 3290//3290 3289//3289
f 540//540 3290//3290 3287//3287
f 137//137 3292//3292 3291//3291
f 136//136 3292//3292 1307//1307
f 542//542 3292//3292 3289//3289
f 546//546 3294//3294 2200//2200
f 137//137 3294//3294 3293//3293
f 542//542 3294//3294 3291//3291
f 138//138 3296//3296 3295//3295
f 137//137 3296//3296 1310//1310
f 546//546 3296//3296 3293//3293
f 549//549 3298//3298 2206//2206
f 138//138 3298//3298 3297//3297
f 546//546 3298//3298 3295//3295
f 139//139 3300//3300 3299//3299
f 138//138 3300//3300 1313//1313
f 549//549 3300//3300 3297//3297
f 551//551 3302//3302 2212//2212
f 139//139 3302//3302 3301//3301
f 549//549 3302//3302 3299//3299
f 140//140 3304//3304 3303//3303
f 139//139 3304//3304 1316//1316
f 551//551 3304//3304 3301//3301
f 553//553 3306//3306 2221//2221
f 140//140 3306//3306 3305//3305
f 551//551 3306//3306 3303//3303
f 141//141 3308//3308 3307//3307
f 140//140 3308//3308 1319//1319
f 553//553 3308//3308 3305//3305
f 490//490 3309//3309 2224//2224
f 141//141 3309//3309 490//490
f 553//553 3309//3309 3307//3307
f 142//142 3311//3311 3310//3310
f 141//141 3311//3311 1322//1322
f 489//489 3313//3313 2045//2045
f 142//142 3313//3313 3312//3312
f 490//490 3313//3313 3310//3310
f 143//143 3315//3315 3314//3314
f 142//142 3315//3315 1325//1325
f 489//489 3315//3315 3312//3312
f 486//486 3317//3317 2049//2049
f 143//143 3317//3317 3316//3316
f 489//489 3317//3317 3314//3314
f 121//121 3319//3319 3318//3318
f 143//143 3319//3319 121//121
f 486//486 3319//3319 3316//3316
f 485//485 3321//3321 2034//2034
f 121//121 3321//3321 3320//3320
f 486//486 3321//3321 3318//3318
f 122//122 3323//3323 3322//3322
f 485//485 3323//3323 3320//3320
f 487//487 3325//3325 2038//2038
f 122//122 3325//3325 3324//3324
f 485//485 3325//3325 3322//3322
f 109//109 3327//3327 3326//3326
f 122//122 3327//3327 109//109
f 487//487 3327//3327 3324//3324
f 481//481 3329//3329 2041//2041
f 109//109 3329//3329 3328//3328
f 487//487 3329//3329 3326//3326
f 110//110 3331//3331 3330//3330
f 481//481 3331//3331 3328//3328
f 480//480 3333//3333 2021//2021
f 110//110 3333//3333 3332//3332
f 481//481 3333//3333 3330//3330
f 111//111 3335//3335 3334//3334
f 110//110 3335//3335 1267//1267
f 480//480 3335//3335 3332//3332
f 482//482 3337//3337 2025//2025
f 111//111 3337//3337 3336//3336
f 480//480 3337//3337 3334//3334
f 112//112 3339//3339 3338//3338
f 111//111 3339//3339 1270//1270
f 482//482 3339//3339 3336//3336
f 483//483 3341//3341 2028//2028
f 112//112 3341//3341 3340//3340
f 482//482 3341//3341 3338//3338
f 107//107 3343//3343 3342//3342
f 112//112 3343//3343 107//107
f 483//483 3343//3343 3340//3340
f 476//476 3345//3345 2031//2031
f 107//107 3345//3345 3344//3344
f 483//483 3345//3345 3342//3342
f 106//106 3347//3347 3346//3346
f 476//476 3347//3347 3344//3344
f 474//474 3349//3349 2013//2013
f 106//106 3349//3349 3348//3348
f 476//476 3349//3349 3346//3346
f 105//105 3351//3351 3350//3350
f 106//106 3351//3351 1259//1259
f 474//474 3351//3351 3348//3348
f 471//471 3353//3353 2007//2007
f 105//105 3353//3353 3352//3352
f 474//474 3353//3353 3350//3350
f 104//104 3355//3355 3354//3354
f 105//105 3355//3355 1256//1256
f 471//471 3355//3355 3352//3352
f 467//467 3357//3357 1998//1998
f 104//104 3357//3357 3356//3356
f 471//471 3357//3357 3354//3354
f 103//103 3359//3359 3358//3358
f 104//104 3359//3359 1253//1253
f 467//467 3359//3359 3356//3356
f 464//464 3361//3361 1987//1987
f 103//103 3361//3361 3360//3360
f 467//467 3361//3361 3358//3358
f 102//102 3363//3363 3362//3362
f 103//103 3363//3363 1250//1250
f 464//464 3363//3363 3360//3360
f 463//463 3365//3365 1978//1978
f 102//102 3365//3365 3364//3364
f 464//464 3365//3365 3362//3362
f 101//101 3367//3367 3366//3366
f 102//102 3367//3367 1247//1247
f 463//463 3367//3367 3364//3364
f 460//460 3369//3369 1975//1975
f 101//101 3369//3369 3368//3368
f 463//463 3369//3369 3366//3366
f 99//99 3371//3371 3370//3370
f 101//101 3371//3371 99//99
f 460//460 3371//3371 3368//3368
f 99//99 3373//3373 3372//3372
f 460//460 3373//3373 3370//3370
f 98//98 3375//3375 3374//3374
f 456//456 3375//3375 3372//3372
f 452//452 3377//3377 1958//1958
f 98//98 3377//3377 3376//3376
f 456//456 3377//3377 3374//3374
f 97//97 3379//3379 3378//3378
f 98//98 3379//3379 1239//1239
f 452//452 3379//3379 3376//3376
f 451//451 3381//3381 1949//1949
f 97//97 3381//3381 3380//3380
f 452//452 3381//3381 3378//3378
f 96//96 3383//3383 3382//3382
f 97//97 3383//3383 1236//1236
f 451//451 3383//3383 3380//3380
f 448//448 3385//3385 1946//1946
f 96//96 3385//3385 3384//3384
f 451//451 3385//3385 3382//3382
f 95//95 3387//3387 3386//3386
f 96//96 3387//3387 1233//1233
f 448//448 3387//3387 3384//3384
f 444//444 3389//3389 1939//1939
f 95//95 3389//3389 3388//3388
f 448//448 3389//3389 3386//3386
f 94//94 3391//3391 3390//3390
f 95//95 3391//3391 1230//1230
f 444//444 3391//3391 3388//3388
f 443//443 3393//3393 1929//1929
f 94//94 3393//3393 3392//3392
f 444//444 3393//3393 3390//3390
f 93//93 3395//3395 3394//3394
f 94//94 3395//3395 1227//1227
f 443//443 3395//3395 3392//3392
f 441//441 3397//3397 1926//1926
f 93//93 3397//3397 3396//3396
f 443//443 3397//3397 3394//3394
f 92//92 3399//3399 3398//3398
f 93//93 3399//3399 1224//1224
f 441//441 3399//3399 3396//3396
f 439//439 3401//3401 1920//1920
f 92//92 3401//3401 3400//3400
f 441//441 3401//3401 3398//3398
f 91//91 3403//3403 3402//3402
f 92//92 3403//3403 1221//1221
f 439//439 3403//3403 3400//3400
f 436//436 3405//3405 1914//1914
f 91//91 3405//3405 3404//3404
f 439//439 3405//3405 3402//3402
f 90//90 3407//3407 3406//3406
f 91//91 3407//3407 1218//1218
f 436//436 3407//3407 3404//3404
f 433//433 3409//3409 1907//1907
f 90//90 3409//3409 3408//3408
f 436//436 3409//3409 3406//3406
f 89//89 3411//3411 3410//3410
f 90//90 3411//3411 1215//1215
f 433//433 3411//3411 3408//3408
f 432//432 3413//3413 1898//1898
f 89//89 3413//3413 3412//3412
f 433//433 3413//3413 3410//3410
f 88//88 3415//3415 3414//3414
f 89//89 3415//3415 1212//1212
f 432//432 3415//3415 3412//3412
f 430//430 3417//3417 1895//1895
f 88//88 3417//3417 3416//3416
f 432//432 3417//3417 3414//3414
f 87//87 3419//3419 3418//3418
f 88//88 3419//3419 1209//1209
f 430//430 3419//3419 3416//3416
f 428//428 3421//3421 1889//1889
f 87//87 3421//3421 3420//3420
f 430//430 3421//3421 3418//3418
f 85//85 3423//3423 3422//3422
f 87//87 3423//3423 1206//1206
f 428//428 3423//3423 3420//3420
f 424//424 3425//3425 1883//1883
f 85//85 3425//3425 3424//3424
f 428//428 3425//3425 3422//3422
f 84//84 3427//3427 3426//3426
f 424//424 3427//3427 3424//3424
f 421//421 3429//3429 1876//1876
f 84//84 3429//3429 3428//3428
f 424//424 3429//3429 3426//3426
f 82//82 3431//3431 3430//3430
f 84//84 3431//3431 1201//1201
f 421//421 3431//3431 3428//3428
f 419//419 3433//3433 1866//1866
f 82//82 3433//3433 3432//3432
f 421//421 3433//3433 3430//3430
f 80//80 3435//3435 3434//3434
f 82//82 3435//3435 1197//1197
f 419//419 3435//3435 3432//3432
f 417//417 3437//3437 1860//1860
f 80//80 3437//3437 3436//3436
f 419//419 3437//3437 3434//3434
f 78//78 3439//3439 3438//3438
f 80//80 3439//3439 1194//1194
f 417//417 3439//3439 3436//3436
f 415//415 3441//3441 1854//1854
f 78//78 3441//3441 3440//3440
f 417//417 3441//3441 3438//3438
f 76//76 3443//3443 3442//3442
f 78//78 3443//3443 1191//1191
f 415//415 3443//3443 3440//3440
f 413//413 3445//3445 1848//1848
f 76//76 3445//3445 3444//3444
f 415//415 3445//3445 3442//3442
f 74//74 3447//3447 3446//3446
f 76//76 3447//3447 1188//1188
f 413//413 3447//3447 3444//3444
f 412//412 3449//3449 1842//1842
f 74//74 3449//3449 3448//3448
f 413//413 3449//3449 3446//3446
f 72//72 3451//3451 3450//3450
f 74//74 3451//3451 1185//1185
f 412//412 3451//3451 3448//3448
f 410//410 3453//3453 1839//1839
f 72//72 3453//3453 3452//3452
f 412//412 3453//3453 3450//3450
f 70//70 3455//3455 3454//3454
f 72//72 3455//3455 1182//1182
f 410//410 3455//3455 3452//3452
f 408//408 3457//3457 1833//1833
f 70//70 3457//3457 3456//3456
f 410//410 3457//3457 3454//3454
f 68//68 3459//3459 3458//3458
f 70//70 3459//3459 1178//1178
f 408//408 3459//3459 3456//3456
f 405//405 3461//3461 1827//1827
f 68//68 3461//3461 3460//3460
f 408//408 3461//3461 3458//3458
f 66//66 3463//3463 3462//3462
f 68//68 3463//3463 1174//1174
f 405//405 3463//3463 3460//3460
f 402//402 3465//3465 1818//1818
f 66//66 3465//3465 3464//3464
f 405//405 3465//3465 3462//3462
f 63//63 3467//3467 3466//3466
f 66//66 3467//3467 1171//1171
f 402//402 3467//3467 3464//3464
f 399//399 3469//3469 1812//1812
f 63//63 3469//3469 3468//3468
f 402//402 3469//3469 3466//3466
f 64//64 3471//3471 3470//3470
f 399//399 3471//3471 3468//3468
f 401//401 3473//3473 1809//1809
f 64//64 3473//3473 3472//3472
f 399//399 3473//3473 3470//3470
f 65//65 3475//3475 3474//3474
f 64//64 3475//3475 1169//1169
f 401//401 3475//3475 3472//3472
f 403//403 3476//3476 1814//1814
f 65//65 3476//3476 403//403
f 401//401 3476//3476 3474//3474
f 67//67 3478//3478 3477//3477
f 65//65 3478//3478 67//67
f 406//406 3480//3480 1820//1820
f 67//67 3480//3480 3479//3479
f 403//403 3480//3480 3477//3477
f 67//67 3481//3481 69//69
f 406//406 3481//3481 3479//3479
f 407//407 3483//3483 1823//1823
f 69//69 3483//3483 3482//3482
f 406//406 3483//3483 69//69
f 71//71 3485//3485 3484//3484
f 69//69 3485//3485 1181//1181
f 407//407 3485//3485 3482//3482
f 409//409 3487//3487 1829//1829
f 71//71 3487//3487 3486//3486
f 407//407 3487//3487 3484//3484
f 73//73 3489//3489 3488//3488
f 409//409 3489//3489 3486//3486
f 411//411 3491//3491 1835//1835
f 73//73 3491//3491 3490//3490
f 409//409 3491//3491 3488//3488
f 75//75 3493//3493 3492//3492
f 411//411 3493//3493 3490//3490
f 414//414 3495//3495 1844//1844
f 75//75 3495//3495 3494//3494
f 411//411 3495//3495 3492//3492
f 77//77 3497//3497 3496//3496
f 414//414 3497//3497 3494//3494
f 416//416 3499//3499 1850//1850
f 77//77 3499//3499 3498//3498
f 414//414 3499//3499 3496//3496
f 79//79 3501//3501 3500//3500
f 416//416 3501//3501 3498//3498
f 418//418 3503//3503 1856//1856
f 79//79 3503//3503 3502//3502
f 416//416 3503//3503 3500//3500
f 81//81 3505//3505 3504//3504
f 418//418 3505//3505 3502//3502
f 420//420 3507//3507 1862//1862
f 81//81 3507//3507 3506//3506
f 418//418 3507//3507 3504//3504
f 83//83 3509//3509 3508//3508
f 420//420 3509//3509 3506//3506
f 422//422 3170//3170 1868//1868
f 420//420 3170//3170 3508//3508
f 196//196 3511//3511 878//878
f 878//878 3511//3511 3510//3510
f 879//879 3512//3512 3513//3513
f 880//880 3515//3515 882//882
f 882//882 3515//3515 881//881
f 881//881 880//880 879//879
f 883//883 3516//3516 884//884
f 880//880 3516//3516 883//883
f 1375//1375 3523//3523 883//883
f 175//175 3523//3523 1375//1375
f 1375//1375 3517//3517 884//884
f 878//878 3520//3520 3519//3519
f 880//880 3520//3520 3518//3518
f 879//879 3518//3518 3512//3512
f 1375//1375 3522//3522 885//885
f 885//885 3522//3522 3521//3521
f 215//215 1467//1467 885//885
f 883//883 3523//3523 886//886
f 175//175 3525//3525 3523//3523
f 886//886 3525//3525 3524//3524
f 233//233 3526//3526 888//888
f 888//888 3527//3527 889//889
f 887//887 3527//3527 3526//3526
f 891//891 3528//3528 890//890
f 890//890 889//889 889//889
f 892//892 889//889 3528//3528
f 886//886 3530//3530 890//890
f 885//885 3530//3530 886//886
f 890//890 3530//3530 3529//3529
f 215//215 3531//3531 1511//1511
f 1511//1511 3531//3531 3524//3524
f 215//215 885//885 3531//3531
f 887//887 3532//3532 3533//3533
f 887//887 3533//3533 3527//3527
f 878//878 3535//3535 3514//3514
f 887//887 3535//3535 3534//3534
f 194//194 3535//3535 1493//1493
f 225//225 3535//3535 887//887
f 196//196 3537//3537 3510//3510
f 888//888 3537//3537 3536//3536
f 878//878 3537//3537 888//888
f 196//196 3538//3538 3536//3536
f 233//233 3538//3538 1510//1510
f 270//270 3542//3542 3541//3541
f 893//893 3542//3542 3539//3539
f 894//894 3542//3542 3540//3540
f 633//633 3545//3545 3544//3544
f 893//893 3545//3545 3543//3543
f 270//270 3545//3545 3539//3539
f 633//633 3544//3544 2424//2424
f 636//636 3547//3547 2429//2429
f 893//893 3547//3547 3546//3546
f 633//633 3547//3547 3543//3543
f 636//636 3550//3550 3546//3546
f 895//895 3550//3550 3548//3548
f 893//893 3550//3550 3549//3549
f 638//638 3552//3552 2433//2433
f 895//895 3552//3552 3551//3551
f 636//636 3552//3552 3548//3548
f 638//638 3555//3555 3551//3551
f 896//896 3555//3555 3553//3553
f 895//895 3555//3555 3554//3554
f 640//640 3557//3557 2437//2437
f 896//896 3557//3557 3556//3556
f 638//638 3557//3557 3553//3553
f 640//640 3560//3560 3556//3556
f 897//897 3560//3560 3558//3558
f 896//896 3560//3560 3559//3559
f 642//642 3562//3562 2441//2441
f 897//897 3562//3562 3561//3561
f 640//640 3562//3562 3558//3558
f 642//642 3565//3565 3561//3561
f 898//898 3565//3565 3563//3563
f 897//897 3565//3565 3564//3564
f 644//644 3567//3567 2445//2445
f 898//898 3567//3567 3566//3566
f 642//642 3567//3567 3563//3563
f 644//644 3570//3570 3566//3566
f 899//899 3570//3570 3568//3568
f 898//898 3570//3570 3569//3569
f 646//646 3572//3572 2449//2449
f 899//899 3572//3572 3571//3571
f 644//644 3572//3572 3568//3568
f 646//646 3575//3575 3571//3571
f 900//900 3575//3575 3573//3573
f 899//899 3575//3575 3574//3574
f 648//648 3577//3577 2453//2453
f 900//900 3577//3577 3576//3576
f 646//646 3577//3577 3573//3573
f 648//648 3580//3580 3576//3576
f 901//901 3580//3580 3578//3578
f 900//900 3580//3580 3579//3579
f 650//650 3582//3582 2458//2458
f 901//901 3582//3582 3581//3581
f 648//648 3582//3582 3578//3578
f 650//650 3585//3585 3581//3581
f 902//902 3585//3585 3583//3583
f 901//901 3585//3585 3584//3584
f 652//652 3587//3587 2464//2464
f 902//902 3587//3587 3586//3586
f 650//650 3587//3587 3583//3583
f 652//652 3590//3590 3586//3586
f 903//903 3590//3590 3588//3588
f 902//902 3590//3590 3589//3589
f 652//652 3593//3593 3588//3588
f 904//904 3593//3593 3591//3591
f 903//903 3593//3593 3592//3592
f 655//655 3595//3595 2472//2472
f 904//904 3595//3595 3594//3594
f 652//652 3595//3595 3591//3591
f 725//725 3597//3597 2620//2620
f 904//904 3597//3597 3596//3596
f 655//655 3597//3597 3594//3594
f 725//725 3600//3600 3596//3596
f 905//905 3600//3600 3598//3598
f 904//904 3600//3600 3599//3599
f 727//727 3602//3602 2626//2626
f 905//905 3602//3602 3601//3601
f 725//725 3602//3602 3598//3598
f 727//727 3605//3605 3601//3601
f 906//906 3605//3605 3603//3603
f 905//905 3605//3605 3604//3604
f 728//728 3607//3607 2629//2629
f 906//906 3607//3607 3606//3606
f 727//727 3607//3607 3603//3603
f 728//728 3610//3610 3606//3606
f 907//907 3610//3610 3608//3608
f 906//906 3610//3610 3609//3609
f 734//734 3614//3614 3613//3613
f 908//908 3614//3614 3611//3611
f 907//907 3614//3614 3612//3612
f 734//734 3615//3615 2645//2645
f 907//907 3615//3615 3613//3613
f 728//728 3615//3615 3608//3608
f 737//737 3619//3619 3618//3618
f 909//909 3619//3619 3616//3616
f 908//908 3619//3619 3617//3617
f 737//737 3620//3620 2651//2651
f 908//908 3620//3620 3618//3618
f 734//734 3620//3620 3611//3611
f 740//740 3624//3624 3623//3623
f 910//910 3624//3624 3621//3621
f 909//909 3624//3624 3622//3622
f 740//740 3627//3627 3621//3621
f 911//911 3627//3627 3625//3625
f 910//910 3627//3627 3626//3626
f 740//740 3628//3628 2663//2663
f 909//909 3628//3628 3623//3623
f 737//737 3628//3628 3616//3616
f 719//719 3630//3630 2666//2666
f 911//911 3630//3630 3629//3629
f 740//740 3630//3630 3625//3625
f 717//717 3634//3634 3633//3633
f 912//912 3634//3634 3631//3631
f 911//911 3634//3634 3632//3632
f 717//717 3635//3635 2603//2603
f 911//911 3635//3635 3633//3633
f 719//719 3635//3635 3629//3629
f 913//913 3639//3639 3638//3638
f 914//914 3639//3639 3636//3636
f 915//915 3639//3639 3637//3637
f 715//715 3642//3642 3641//3641
f 913//913 3642//3642 3640//3640
f 915//915 3642//3642 3638//3638
f 715//715 3645//3645 3644//3644
f 915//915 3645//3645 3641//3641
f 912//912 3645//3645 3643//3643
f 715//715 3646//3646 2597//2597
f 912//912 3646//3646 3644//3644
f 717//717 3646//3646 3631//3631
f 311//311 3649//3649 3648//3648
f 913//913 3649//3649 3647//3647
f 715//715 3649//3649 3640//3640
f 916//916 3652//3652 3651//3651
f 914//914 3652//3652 3650//3650
f 913//913 3652//3652 3636//3636
f 914//914 3650//3650 3653//3653
f 918//918 3656//3656 3655//3655
f 917//917 3656//3656 3654//3654
f 916//916 3656//3656 3650//3650
f 713//713 3658//3658 2591//2591
f 311//311 3658//3658 3657//3657
f 715//715 3658//3658 3648//3648
f 312//312 3660//3660 3659//3659
f 311//311 3660//3660 1635//1635
f 713//713 3660//3660 3657//3657
f 916//916 919//919 3655//3655
f 707//707 3659//3659 2584//2584
f 920//920 3661//3661 3663//3663
f 918//918 3661//3661 3662//3662
f 920//920 3665//3665 3664//3664
f 918//918 3665//3665 3663//3663
f 919//919 3665//3665 919//919
f 312//312 2575//2575 3666//3666
f 707//707 2575//2575 3659//3659
f 705//705 313//313 3666//3666
f 922//922 3670//3670 3669//3669
f 923//923 3670//3670 3667//3667
f 921//921 3670//3670 3668//3668
f 922//922 3661//3661 3671//3671
f 921//921 3661//3661 3669//3669
f 698//698 3673//3673 2569//2569
f 313//313 3673//3673 3672//3672
f 705//705 3673//3673 313//313
f 698//698 3674//3674 3672//3672
f 313//313 3674//3674 1640//1640
f 315//315 3674//3674 3675//3675
f 314//314 3674//3674 1643//1643
f 3679//3679 3676//3676 3678//3678
f 923//923 3676//3676 3677//3677
f 923//923 3667//3667 3678//3678
f 695//695 3675//3675 2562//2562
f 925//925 3680//3680 3682//3682
f 924//924 3680//3680 3681//3681
f 925//925 3676//3676 3683//3683
f 924//924 3676//3676 3682//3682
f 927//927 3680//3680 3685//3685
f 926//926 3680//3680 3684//3684
f 690//690 3686//3686 2558//2558
f 315//315 3686//3686 690//690
f 695//695 3686//3686 3675//3675
f 315//315 690//690 1646//1646
f 928//928 3688//3688 3687//3687
f 927//927 3688//3688 928//928
f 925//925 3688//3688 3685//3685
f 316//316 690//690 3689//3689
f 689//689 3690//3690 3689//3689
f 929//929 3694//3694 3693//3693
f 930//930 3694//3694 3691//3691
f 927//927 3694//3694 3692//3692
f 927//927 928//928 3693//3693
f 678//678 3690//3690 2552//2552
f 14//14 3690//3690 678//678
f 931//931 3695//3695 3697//3697
f 930//930 3695//3695 3696//3696
f 931//931 3699//3699 3698//3698
f 930//930 3699//3699 3697//3697
f 929//929 3699//3699 3691//3691
f 933//933 3695//3695 3701//3701
f 932//932 3695//3695 3700//3700
f 677//677 3702//3702 3703//3703
f 13//13 3702//3702 1095//1095
f 677//677 3704//3704 2527//2527
f 13//13 3704//3704 3703//3703
f 678//678 3704//3704 13//13
f 931//931 934//934 3701//3701
f 679//679 3705//3705 3706//3706
f 12//12 3705//3705 1092//1092
f 679//679 3702//3702 2530//2530
f 12//12 3702//3702 3706//3706
f 935//935 3707//3707 3709//3709
f 933//933 3707//3707 3708//3708
f 935//935 3711//3711 3710//3710
f 933//933 3711//3711 3709//3709
f 934//934 3711//3711 934//934
f 680//680 3712//3712 3713//3713
f 680//680 3705//3705 2533//2533
f 11//11 3705//3705 3713//3713
f 937//937 3714//3714 3716//3716
f 936//936 3714//3714 3715//3715
f 937//937 3718//3718 3717//3717
f 936//936 3718//3718 3716//3716
f 935//935 3718//3718 3707//3707
f 681//681 300//300 3719//3719
f 681//681 3712//3712 2536//2536
f 304//304 3712//3712 3719//3719
f 939//939 3723//3723 3722//3722
f 940//940 3723//3723 3720//3720
f 938//938 3723//3723 3721//3721
f 939//939 3714//3714 3724//3724
f 938//938 3714//3714 3722//3722
f 682//682 3725//3725 3726//3726
f 300//300 3725//3725 1616//1616
f 682//682 3727//3727 2539//2539
f 300//300 3727//3727 3726//3726
f 681//681 3727//3727 300//300
f 302//302 3725//3725 3728//3728
f 301//301 3725//3725 1619//1619
f 941//941 3731//3731 3730//3730
f 940//940 3731//3731 3729//3729
f 939//939 3731//3731 3720//3720
f 941//941 3734//3734 3729//3729
f 942//942 3734//3734 3732//3732
f 940//940 3734//3734 3733//3733
f 683//683 3735//3735 2542//2542
f 682//682 3735//3735 3728//3728
f 943//943 3738//3738 3737//3737
f 942//942 3738//3738 3736//3736
f 941//941 3738//3738 3732//3732
f 943//943 3739//3739 3736//3736
f 942//942 3739//3739 3740//3740
f 659//659 3735//3735 2545//2545
f 302//302 3735//3735 659//659
f 945//945 3745//3745 3741//3741
f 944//944 3745//3745 946//946
f 945//945 3743//3743 3742//3742
f 944//944 3743//3743 3741//3741
f 943//943 3743//3743 3739//3739
f 947//947 3745//3745 3744//3744
f 658//658 3747//3747 2478//2478
f 303//303 3747//3747 3746//3746
f 659//659 3747//3747 303//303
f 658//658 1624//1624 3746//3746
f 283//283 1624//1624 658//658
f 948//948 3750//3750 3749//3749
f 947//947 3750//3750 3748//3748
f 945//945 3750//3750 3744//3744
f 660//660 3751//3751 283//283
f 949//949 3756//3756 3752//3752
f 947//947 3756//3756 950//950
f 949//949 3754//3754 3753//3753
f 947//947 3754//3754 3752//3752
f 948//948 3754//3754 3748//3748
f 951//951 3756//3756 3755//3755
f 661//661 3751//3751 2483//2483
f 284//284 3751//3751 3757//3757
f 661//661 3758//3758 3757//3757
f 284//284 3758//3758 1576//1576
f 952//952 3759//3759 3760//3760
f 949//949 3759//3759 3755//3755
f 662//662 3758//3758 2486//2486
f 285//285 3758//3758 3761//3761
f 662//662 3762//3762 3761//3761
f 285//285 3762//3762 1579//1579
f 287//287 3762//3762 3763//3763
f 286//286 3762//3762 1582//1582
f 953//953 3766//3766 951//951
f 954//954 3766//3766 3764//3764
f 951//951 3766//3766 3765//3765
f 953//953 3759//3759 3767//3767
f 663//663 3768//3768 2489//2489
f 662//662 3768//3768 3763//3763
f 955//955 3769//3769 3771//3771
f 954//954 3769//3769 3770//3770
f 955//955 3773//3773 3772//3772
f 954//954 3773//3773 3771//3771
f 953//953 3773//3773 3764//3764
f 664//664 3768//3768 2492//2492
f 287//287 3768//3768 3774//3774
f 664//664 288//288 3774//3774
f 665//665 289//289 3775//3775
f 665//665 3776//3776 2495//2495
f 288//288 3776//3776 3775//3775
f 664//664 3776//3776 288//288
f 666//666 3779//3779 3778//3778
f 290//290 3779//3779 3777//3777
f 289//289 3779//3779 1589//1589
f 666//666 3780//3780 2498//2498
f 289//289 3780//3780 3778//3778
f 665//665 3780//3780 289//289
f 291//291 3782//3782 3781//3781
f 290//290 3782//3782 1592//1592
f 666//666 3782//3782 3777//3777
f 667//667 3783//3783 2501//2501
f 666//666 3783//3783 3781//3781
f 668//668 3784//3784 3785//3785
f 291//291 3784//3784 1595//1595
f 667//667 3785//3785 3783//3783
f 293//293 3784//3784 3786//3786
f 292//292 3784//3784 1598//1598
f 669//669 3787//3787 2506//2506
f 668//668 3787//3787 3786//3786
f 670//670 3788//3788 3789//3789
f 293//293 3788//3788 1601//1601
f 670//670 3787//3787 2509//2509
f 293//293 3787//3787 3789//3789
f 295//295 3788//3788 3790//3790
f 294//294 3788//3788 1604//1604
f 671//671 3791//3791 2512//2512
f 670//670 3791//3791 3790//3790
f 672//672 3791//3791 2515//2515
f 295//295 3791//3791 3792//3792
f 672//672 296//296 3792//3792
f 673//673 3794//3794 2518//2518
f 296//296 3794//3794 3793//3793
f 672//672 3794//3794 296//296
f 673//673 3796//3796 3793//3793
f 297//297 3796//3796 3795//3795
f 296//296 3796//3796 1609//1609
f 298//298 3798//3798 3797//3797
f 297//297 3798//3798 1612//1612
f 673//673 3798//3798 3795//3795
f 674//674 3799//3799 2521//2521
f 673//673 3799//3799 3797//3797
f 298//298 2524//2524 656//656
f 674//674 2524//2524 3799//3799
f 298//298 3800//3800 280//280
f 280//280 2475//2475 3801//3801
f 656//656 2475//2475 3800//3800
f 654//654 3802//3802 3801//3801
f 651//651 3802//3802 2470//2470
f 279//279 3802//3802 3803//3803
f 651//651 3804//3804 3803//3803
f 279//279 3804//3804 1568//1568
f 649//649 3804//3804 2462//2462
f 278//278 3804//3804 3805//3805
f 649//649 3806//3806 3805//3805
f 278//278 3806//3806 1565//1565
f 277//277 3806//3806 2457//2457
f 1563//1563 3807//3807 645//645
f 2457//2457 3807//3807 1563//1563
f 276//276 3809//3809 3808//3808
f 1563//1563 3809//3809 276//276
f 276//276 3810//3810 643//643
f 645//645 3810//3810 3808//3808
f 641//641 3811//3811 2444//2444
f 275//275 3811//3811 641//641
f 275//275 3812//3812 274//274
f 274//274 3813//3813 639//639
f 641//641 3813//3813 3812//3812
f 273//273 3815//3815 3814//3814
f 274//274 3815//3815 273//273
f 637//637 3816//3816 2436//2436
f 273//273 3816//3816 637//637
f 639//639 3816//3816 3814//3814
f 272//272 3817//3817 637//637
f 273//273 3817//3817 272//272
f 271//271 3819//3819 3818//3818
f 272//272 3819//3819 271//271
f 271//271 3820//3820 635//635
f 637//637 3820//3820 3818//3818
f 632//632 3821//3821 2428//2428
f 271//271 3821//3821 632//632
f 269//269 3822//3822 632//632
f 271//271 3822//3822 269//269
f 267//267 3824//3824 3823//3823
f 269//269 3824//3824 267//267
f 267//267 3825//3825 629//629
f 632//632 3825//3825 3823//3823
f 267//267 3826//3826 3827//3827
f 623//623 3829//3829 2409//2409
f 624//624 3829//3829 3827//3827
f 623//623 263//263 3828//3828
f 257//257 3831//3831 3830//3830
f 623//623 3831//3831 263//263
f 620//620 3830//3830 2406//2406
f 256//256 1551//1551 3832//3832
f 620//620 1551//1551 3830//3830
f 620//620 619//619 3832//3832
f 617//617 3834//3834 2396//2396
f 256//256 3834//3834 3833//3833
f 619//619 3834//3834 619//619
f 617//617 3835//3835 3833//3833
f 256//256 3835//3835 1548//1548
f 253//253 3835//3835 3836//3836
f 255//255 3835//3835 1545//1545
f 615//615 3837//3837 2390//2390
f 617//617 3837//3837 3836//3836
f 253//253 2384//2384 613//613
f 615//615 2384//2384 3837//3837
f 249//249 3839//3839 3838//3838
f 613//613 3839//3839 252//252
f 611//611 3840//3840 2379//2379
f 613//613 3840//3840 3838//3838
f 608//608 3841//3841 3842//3842
f 249//249 3841//3841 1531//1531
f 608//608 3840//3840 2373//2373
f 249//249 3840//3840 3842//3842
f 609//609 3843//3843 3844//3844
f 247//247 3843//3843 1527//1527
f 247//247 2368//2368 3844//3844
f 608//608 2368//2368 3841//3841
f 609//609 3845//3845 3843//3843
f 610//610 3846//3846 3845//3845
f 248//248 3846//3846 1535//1535
f 612//612 251//251 3847//3847
f 250//250 2375//2375 3847//3847
f 610//610 2375//2375 3846//3846
f 254//254 3849//3849 3848//3848
f 251//251 3849//3849 1543//1543
f 612//612 3849//3849 251//251
f 612//612 614//614 3848//3848
f 260//260 3851//3851 3850//3850
f 254//254 3851//3851 1555//1555
f 614//614 3851//3851 614//614
f 616//616 3852//3852 2386//2386
f 614//614 3852//3852 3850//3850
f 618//618 260//260 3853//3853
f 618//618 3852//3852 2392//2392
f 260//260 3852//3852 3853//3853
f 621//621 261//261 3854//3854
f 621//621 3855//3855 2400//2400
f 618//618 3855//3855 260//260
f 621//621 3856//3856 261//261
f 621//621 622//622 3856//3856
f 625//625 3860//3860 3857//3857
f 625//625 3858//3858 2411//2411
f 264//264 3858//3858 3857//3857
f 622//622 3858//3858 622//622
f 630//630 3861//3861 3859//3859
f 630//630 3860//3860 2417//2417
f 265//265 3860//3860 3859//3859
f 270//270 268//268 3544//3544
f 631//631 3861//3861 2420//2420
f 913//913 3862//3862 3863//3863
f 834//834 3862//3862 310//310
f 311//311 3864//3864 3647//3647
f 310//310 3864//3864 1634//1634
f 913//913 3864//3864 3862//3862
f 258//258 3865//3865 3867//3867
f 258//258 3541//3541 3865//3865
f 270//270 3541//3541 1561//1561
f 835//835 3867//3867 3866//3866
f 258//258 3867//3867 1632//1632
f 308//308 3867//3867 2888//2888
f 958//958 3897//3897 959//959
f 49//49 3897//3897 958//958
f 960//960 3868//3868 3869//3869
f 49//49 958//958 1330//1330
f 961//961 3870//3870 963//963
f 963//963 3870//3870 962//962
f 961//961 3871//3871 3870//3870
f 964//964 3872//3872 965//965
f 961//961 3872//3872 964//964
f 1139//1139 3873//3873 964//964
f 1139//1139 3874//3874 965//965
f 958//958 961//961 3876//3876
f 960//960 3875//3875 3868//3868
f 961//961 3875//3875 3871//3871
f 965//965 3879//3879 3878//3878
f 966//966 3879//3879 3877//3877
f 45//45 3879//3879 966//966
f 45//45 3880//3880 3878//3878
f 60//60 3881//3881 3873//3873
f 964//964 3881//3881 967//967
f 60//60 1163//1163 3881//3881
f 967//967 1163//1163 3882//3882
f 968//968 3883//3883 3884//3884
f 969//969 3885//3885 3883//3883
f 58//58 3886//3886 156//156
f 156//156 3886//3886 3885//3885
f 972//972 3887//3887 971//971
f 973//973 3888//3888 3887//3887
f 967//967 3889//3889 971//971
f 966//966 3889//3889 967//967
f 971//971 3889//3889 966//966
f 45//45 3891//3891 1333//1333
f 967//967 3891//3891 3890//3890
f 59//59 3891//3891 3882//3882
f 45//45 3892//3892 3890//3890
f 970//970 3893//3893 3884//3884
f 968//968 3893//3893 3888//3888
f 57//57 3894//3894 1162//1162
f 58//58 3894//3894 3886//3886
f 959//959 3895//3895 3896//3896
f 48//48 3895//3895 959//959
f 48//48 3897//3897 1140//1140
f 525//525 156//156 2136//2136
f 525//525 3899//3899 156//156
f 155//155 3899//3899 3898//3898
f 156//156 3899//3899 156//156
f 526//526 3901//3901 2139//2139
f 155//155 3901//3901 3900//3900
f 525//525 3901//3901 3898//3898
f 526//526 3903//3903 3900//3900
f 158//158 3903//3903 3902//3902
f 532//532 3905//3905 2157//2157
f 158//158 3905//3905 3904//3904
f 526//526 3905//3905 3902//3902
f 532//532 3907//3907 3904//3904
f 160//160 3907//3907 3906//3906
f 533//533 3910//3910 3909//3909
f 162//162 3910//3910 3908//3908
f 533//533 3911//3911 2160//2160
f 160//160 3911//3911 3909//3909
f 532//532 3911//3911 3906//3906
f 537//537 3914//3914 3913//3913
f 164//164 3914//3914 3912//3912
f 537//537 3915//3915 2172//2172
f 162//162 3915//3915 3913//3913
f 533//533 3915//3915 3908//3908
f 538//538 3918//3918 3917//3917
f 166//166 3918//3918 3916//3916
f 538//538 3919//3919 2175//2175
f 164//164 3919//3919 3917//3917
f 537//537 3919//3919 3912//3912
f 543//543 3921//3921 2190//2190
f 166//166 3921//3921 3920//3920
f 538//538 3921//3921 3916//3916
f 543//543 3922//3922 3920//3920
f 544//544 3924//3924 2193//2193
f 168//168 3924//3924 3923//3923
f 543//543 3924//3924 168//168
f 544//544 3926//3926 3923//3923
f 170//170 3926//3926 3925//3925
f 547//547 3927//3927 2202//2202
f 170//170 3927//3927 547//547
f 544//544 3927//3927 3925//3925
f 172//172 3929//3929 3928//3928
f 556//556 3931//3931 2231//2231
f 172//172 3931//3931 3930//3930
f 547//547 3931//3931 3928//3928
f 556//556 3933//3933 3930//3930
f 174//174 3933//3933 3932//3932
f 557//557 3935//3935 2234//2234
f 174//174 3935//3935 3934//3934
f 556//556 3935//3935 3932//3932
f 557//557 3937//3937 3934//3934
f 178//178 3937//3937 3936//3936
f 174//174 3937//3937 1382//1382
f 558//558 3939//3939 2237//2237
f 178//178 3939//3939 3938//3938
f 557//557 3939//3939 3936//3936
f 558//558 3941//3941 3938//3938
f 183//183 3941//3941 3940//3940
f 178//178 3941//3941 1393//1393
f 559//559 3943//3943 2240//2240
f 183//183 3943//3943 3942//3942
f 558//558 3943//3943 3940//3940
f 559//559 3945//3945 3942//3942
f 184//184 3945//3945 3944//3944
f 183//183 3945//3945 1396//1396
f 560//560 3947//3947 2243//2243
f 184//184 3947//3947 3946//3946
f 559//559 3947//3947 3944//3944
f 560//560 3949//3949 3946//3946
f 185//185 3949//3949 3948//3948
f 184//184 3949//3949 1399//1399
f 561//561 3951//3951 2246//2246
f 185//185 3951//3951 3950//3950
f 560//560 3951//3951 3948//3948
f 561//561 3953//3953 3950//3950
f 186//186 3953//3953 3952//3952
f 185//185 3953//3953 1402//1402
f 562//562 3956//3956 3955//3955
f 187//187 3956//3956 3954//3954
f 186//186 3956//3956 1405//1405
f 562//562 3957//3957 2249//2249
f 186//186 3957//3957 3955//3955
f 561//561 3957//3957 3952//3952
f 563//563 3960//3960 3959//3959
f 188//188 3960//3960 3958//3958
f 187//187 3960//3960 1408//1408
f 563//563 3961//3961 2252//2252
f 187//187 3961//3961 3959//3959
f 562//562 3961//3961 3954//3954
f 564//564 3964//3964 3963//3963
f 189//189 3964//3964 3962//3962
f 188//188 3964//3964 1411//1411
f 564//564 3965//3965 2255//2255
f 188//188 3965//3965 3963//3963
f 563//563 3965//3965 3958//3958
f 565//565 3968//3968 3967//3967
f 190//190 3968//3968 3966//3966
f 189//189 3968//3968 1414//1414
f 565//565 3969//3969 2258//2258
f 189//189 3969//3969 3967//3967
f 564//564 3969//3969 3962//3962
f 566//566 3972//3972 3971//3971
f 191//191 3972//3972 3970//3970
f 190//190 3972//3972 1417//1417
f 566//566 3973//3973 2261//2261
f 190//190 3973//3973 3971//3971
f 565//565 3973//3973 3966//3966
f 567//567 3976//3976 3975//3975
f 192//192 3976//3976 3974//3974
f 191//191 3976//3976 1420//1420
f 567//567 3977//3977 2264//2264
f 191//191 3977//3977 3975//3975
f 566//566 3977//3977 3970//3970
f 568//568 3979//3979 3978//3978
f 193//193 3979//3979 568//568
f 192//192 3979//3979 1423//1423
f 568//568 3980//3980 2267//2267
f 192//192 3980//3980 3978//3978
f 567//567 3980//3980 3974//3974
f 570//570 3983//3983 3982//3982
f 201//201 3983//3983 3981//3981
f 193//193 3983//3983 1429//1429
f 570//570 3984//3984 2271//2271
f 193//193 3984//3984 3982//3982
f 571//571 3987//3987 3986//3986
f 202//202 3987//3987 3985//3985
f 201//201 3987//3987 1432//1432
f 571//571 3988//3988 2274//2274
f 201//201 3988//3988 3986//3986
f 570//570 3988//3988 3981//3981
f 572//572 3991//3991 3990//3990
f 203//203 3991//3991 3989//3989
f 202//202 3991//3991 1435//1435
f 572//572 3992//3992 2277//2277
f 202//202 3992//3992 3990//3990
f 571//571 3992//3992 3985//3985
f 573//573 3995//3995 3994//3994
f 204//204 3995//3995 3993//3993
f 203//203 3995//3995 1438//1438
f 573//573 3996//3996 2280//2280
f 203//203 3996//3996 3994//3994
f 572//572 3996//3996 3989//3989
f 574//574 3999//3999 3998//3998
f 205//205 3999//3999 3997//3997
f 204//204 3999//3999 1441//1441
f 574//574 4000//4000 2283//2283
f 204//204 4000//4000 3998//3998
f 573//573 4000//4000 3993//3993
f 575//575 4003//4003 4002//4002
f 206//206 4003//4003 4001//4001
f 205//205 4003//4003 1444//1444
f 575//575 4004//4004 2286//2286
f 205//205 4004//4004 4002//4002
f 574//574 4004//4004 3997//3997
f 576//576 4007//4007 4006//4006
f 207//207 4007//4007 4005//4005
f 206//206 4007//4007 1447//1447
f 576//576 4008//4008 2289//2289
f 206//206 4008//4008 4006//4006
f 575//575 4008//4008 4001//4001
f 577//577 4011//4011 4010//4010
f 208//208 4011//4011 4009//4009
f 207//207 4011//4011 1450//1450
f 577//577 4012//4012 2292//2292
f 207//207 4012//4012 4010//4010
f 576//576 4012//4012 4005//4005
f 578//578 4015//4015 4014//4014
f 209//209 4015//4015 4013//4013
f 208//208 4015//4015 1453//1453
f 578//578 4016//4016 2295//2295
f 208//208 4016//4016 4014//4014
f 577//577 4016//4016 4009//4009
f 579//579 4019//4019 4018//4018
f 210//210 4019//4019 4017//4017
f 209//209 4019//4019 1456//1456
f 579//579 4020//4020 2298//2298
f 209//209 4020//4020 4018//4018
f 578//578 4020//4020 4013//4013
f 580//580 4022//4022 2301//2301
f 210//210 4022//4022 4021//4021
f 579//579 4022//4022 4017//4017
f 580//580 4024//4024 4021//4021
f 211//211 4024//4024 4023//4023
f 210//210 4024//4024 1459//1459
f 581//581 4026//4026 2304//2304
f 211//211 4026//4026 4025//4025
f 580//580 4026//4026 4023//4023
f 581//581 4028//4028 4025//4025
f 212//212 4028//4028 4027//4027
f 211//211 4028//4028 1462//1462
f 582//582 4029//4029 2307//2307
f 212//212 4029//4029 582//582
f 581//581 4029//4029 4027//4027
f 213//213 4031//4031 4030//4030
f 212//212 4031//4031 1465//1465
f 589//589 4033//4033 2324//2324
f 213//213 4033//4033 4032//4032
f 582//582 4033//4033 4030//4030
f 589//589 4035//4035 4032//4032
f 221//221 4035//4035 4034//4034
f 590//590 4037//4037 2327//2327
f 221//221 4037//4037 4036//4036
f 589//589 4037//4037 4034//4034
f 590//590 4039//4039 4036//4036
f 222//222 4039//4039 4038//4038
f 221//221 4039//4039 1482//1482
f 585//585 4042//4042 4041//4041
f 223//223 4042//4042 4040//4040
f 222//222 4042//4042 1485//1485
f 585//585 4043//4043 2329//2329
f 222//222 4043//4043 4041//4041
f 590//590 4043//4043 4038//4038
f 584//584 4046//4046 4045//4045
f 224//224 4046//4046 4044//4044
f 223//223 4046//4046 1488//1488
f 584//584 4047//4047 2310//2310
f 223//223 4047//4047 4045//4045
f 585//585 4047//4047 4040//4040
f 586//586 4050//4050 4049//4049
f 218//218 4050//4050 4048//4048
f 224//224 4050//4050 1491//1491
f 586//586 4051//4051 2314//2314
f 224//224 4051//4051 4049//4049
f 584//584 4051//4051 4044//4044
f 587//587 4054//4054 4053//4053
f 219//219 4054//4054 4052//4052
f 218//218 4054//4054 1473//1473
f 587//587 4055//4055 2317//2317
f 218//218 4055//4055 4053//4053
f 586//586 4055//4055 4048//4048
f 588//588 4057//4057 4056//4056
f 220//220 4057//4057 588//588
f 219//219 4057//4057 1476//1476
f 588//588 4058//4058 2320//2320
f 219//219 4058//4058 4056//4056
f 587//587 4058//4058 4052//4052
f 592//592 4061//4061 4060//4060
f 229//229 4061//4061 4059//4059
f 220//220 4061//4061 1499//1499
f 592//592 4062//4062 2332//2332
f 220//220 4062//4062 4060//4060
f 593//593 4065//4065 4064//4064
f 230//230 4065//4065 4063//4063
f 229//229 4065//4065 1502//1502
f 593//593 4066//4066 2335//2335
f 229//229 4066//4066 4064//4064
f 592//592 4066//4066 4059//4059
f 594//594 4069//4069 4068//4068
f 231//231 4069//4069 4067//4067
f 230//230 4069//4069 1505//1505
f 594//594 4070//4070 2338//2338
f 230//230 4070//4070 4068//4068
f 593//593 4070//4070 4063//4063
f 595//595 4072//4072 4071//4071
f 232//232 4072//4072 595//595
f 231//231 4072//4072 232//232
f 595//595 4073//4073 2341//2341
f 231//231 4073//4073 4071//4071
f 594//594 4073//4073 4067//4067
f 597//597 4076//4076 4075//4075
f 238//238 4076//4076 4074//4074
f 597//597 4077//4077 2344//2344
f 232//232 4077//4077 4075//4075
f 598//598 4080//4080 4079//4079
f 227//227 4080//4080 4078//4078
f 238//238 4080//4080 227//227
f 598//598 4081//4081 2347//2347
f 238//238 4081//4081 4079//4079
f 597//597 4081//4081 4074//4074
f 599//599 4084//4084 4083//4083
f 181//181 4084//4084 4082//4082
f 227//227 4084//4084 181//181
f 599//599 4085//4085 2350//2350
f 227//227 4085//4085 4083//4083
f 598//598 4085//4085 4078//4078
f 601//601 4088//4088 4087//4087
f 180//180 4088//4088 4086//4086
f 601//601 4089//4089 2354//2354
f 181//181 4089//4089 4087//4087
f 599//599 4089//4089 4082//4082
f 554//554 4092//4092 4091//4091
f 179//179 4092//4092 4090//4090
f 180//180 4092//4092 1386//1386
f 554//554 4093//4093 2358//2358
f 180//180 4093//4093 4091//4091
f 601//601 4093//4093 4086//4086
f 552//552 4096//4096 4095//4095
f 177//177 4096//4096 4094//4094
f 179//179 4096//4096 1383//1383
f 552//552 4097//4097 2227//2227
f 179//179 4097//4097 4095//4095
f 554//554 4097//4097 4090//4090
f 550//550 4100//4100 4099//4099
f 173//173 4100//4100 4098//4098
f 177//177 4100//4100 1378//1378
f 550//550 4101//4101 2218//2218
f 177//177 4101//4101 4099//4099
f 552//552 4101//4101 4094//4094
f 548//548 4104//4104 4103//4103
f 171//171 4104//4104 4102//4102
f 173//173 4104//4104 1370//1370
f 548//548 4105//4105 2215//2215
f 173//173 4105//4105 4103//4103
f 550//550 4105//4105 4098//4098
f 545//545 4108//4108 4107//4107
f 169//169 4108//4108 4106//4106
f 171//171 4108//4108 1367//1367
f 545//545 4109//4109 2209//2209
f 171//171 4109//4109 4107//4107
f 548//548 4109//4109 4102//4102
f 541//541 4112//4112 4111//4111
f 167//167 4112//4112 4110//4110
f 169//169 4112//4112 1364//1364
f 541//541 4113//4113 2197//2197
f 169//169 4113//4113 4111//4111
f 545//545 4113//4113 4106//4106
f 539//539 4116//4116 4115//4115
f 165//165 4116//4116 4114//4114
f 167//167 4116//4116 1360//1360
f 539//539 4117//4117 2188//2188
f 167//167 4117//4117 4115//4115
f 541//541 4117//4117 4110//4110
f 535//535 4119//4119 2179//2179
f 165//165 4119//4119 4118//4118
f 539//539 4119//4119 4114//4114
f 535//535 4121//4121 4118//4118
f 163//163 4121//4121 4120//4120
f 165//165 4121//4121 1357//1357
f 534//534 4123//4123 2170//2170
f 163//163 4123//4123 4122//4122
f 535//535 4123//4123 4120//4120
f 534//534 4125//4125 4122//4122
f 161//161 4125//4125 4124//4124
f 163//163 4125//4125 1354//1354
f 529//529 4127//4127 2164//2164
f 161//161 4127//4127 4126//4126
f 534//534 4127//4127 4124//4124
f 529//529 4129//4129 4126//4126
f 159//159 4129//4129 4128//4128
f 161//161 4129//4129 1351//1351
f 527//527 4131//4131 2155//2155
f 159//159 4131//4131 4130//4130
f 529//529 4131//4131 4128//4128
f 527//527 4133//4133 4130//4130
f 157//157 4133//4133 4132//4132
f 159//159 4133//4133 1348//1348
f 524//524 4135//4135 2146//2146
f 157//157 4135//4135 4134//4134
f 527//527 4135//4135 4132//4132
f 524//524 4137//4137 4134//4134
f 154//154 4137//4137 4136//4136
f 157//157 4137//4137 1345//1345
f 522//522 4139//4139 2134//2134
f 154//154 4139//4139 4138//4138
f 524//524 4139//4139 4136//4136
f 522//522 4141//4141 4138//4138
f 153//153 4141//4141 4140//4140
f 154//154 4141//4141 1342//1342
f 519//519 4143//4143 2128//2128
f 153//153 4143//4143 4142//4142
f 522//522 4143//4143 4140//4140
f 519//519 4145//4145 4142//4142
f 152//152 4145//4145 4144//4144
f 153//153 4145//4145 1339//1339
f 515//515 4147//4147 2120//2120
f 152//152 4147//4147 4146//4146
f 519//519 4147//4147 4144//4144
f 515//515 4149//4149 4146//4146
f 56//56 4149//4149 4148//4148
f 152//152 4149//4149 1336//1336
f 513//513 4151//4151 2108//2108
f 56//56 4151//4151 4150//4150
f 515//515 4151//4151 4148//4148
f 513//513 4153//4153 4150//4150
f 55//55 4153//4153 4152//4152
f 56//56 4153//4153 1160//1160
f 510//510 4155//4155 2102//2102
f 55//55 4155//4155 4154//4154
f 513//513 4155//4155 4152//4152
f 510//510 4157//4157 4154//4154
f 54//54 4157//4157 4156//4156
f 55//55 4157//4157 1157//1157
f 507//507 4159//4159 2096//2096
f 54//54 4159//4159 4158//4158
f 510//510 4159//4159 4156//4156
f 507//507 4161//4161 4158//4158
f 53//53 4161//4161 4160//4160
f 54//54 4161//4161 1154//1154
f 504//504 4163//4163 2085//2085
f 53//53 4163//4163 4162//4162
f 507//507 4163//4163 4160//4160
f 504//504 4165//4165 4162//4162
f 52//52 4165//4165 4164//4164
f 53//53 4165//4165 1151//1151
f 52//52 4167//4167 4166//4166
f 504//504 4167//4167 4164//4164
f 502//502 4169//4169 4166//4166
f 51//51 4169//4169 4168//4168
f 52//52 4169//4169 1148//1148
f 499//499 4172//4172 4171//4171
f 50//50 4172//4172 4170//4170
f 51//51 4172//4172 1145//1145
f 499//499 4173//4173 2074//2074
f 51//51 4173//4173 4171//4171
f 502//502 4173//4173 4168//4168
f 48//48 4176//4176 3895//3895
f 975//975 4176//4176 4174//4174
f 974//974 4176//4176 4175//4175
f 495//495 4179//4179 4178//4178
f 48//48 4179//4179 4177//4177
f 50//50 4179//4179 1142//1142
f 50//50 4180//4180 4178//4178
f 499//499 4180//4180 4170//4170
f 494//494 4182//4182 2058//2058
f 48//48 4182//4182 4181//4181
f 495//495 4182//4182 4177//4177
f 494//494 4184//4184 4181//4181
f 975//975 4184//4184 4183//4183
f 48//48 4184//4184 4174//4174
f 491//491 4188//4188 4187//4187
f 976//976 4188//4188 4185//4185
f 975//975 4188//4188 4186//4186
f 491//491 4189//4189 2055//2055
f 975//975 4189//4189 4187//4187
f 494//494 4189//4189 4183//4183
f 497//497 4193//4193 4192//4192
f 977//977 4193//4193 4190//4190
f 976//976 4193//4193 4191//4191
f 497//497 4194//4194 2060//2060
f 976//976 4194//4194 4192//4192
f 491//491 4194//4194 4185//4185
f 498//498 4198//4198 4197//4197
f 978//978 4198//4198 4195//4195
f 977//977 4198//4198 4196//4196
f 498//498 4199//4199 2063//2063
f 977//977 4199//4199 4197//4197
f 497//497 4199//4199 4190//4190
f 500//500 4203//4203 4202//4202
f 979//979 4203//4203 4200//4200
f 978//978 4203//4203 4201//4201
f 500//500 4204//4204 2070//2070
f 978//978 4204//4204 4202//4202
f 498//498 4204//4204 4195//4195
f 506//506 4208//4208 4207//4207
f 980//980 4208//4208 4205//4205
f 979//979 4208//4208 4206//4206
f 506//506 4209//4209 2081//2081
f 979//979 4209//4209 4207//4207
f 500//500 4209//4209 4200//4200
f 509//509 4213//4213 4212//4212
f 981//981 4213//4213 4210//4210
f 980//980 4213//4213 4211//4211
f 509//509 4214//4214 2090//2090
f 980//980 4214//4214 4212//4212
f 506//506 4214//4214 4205//4205
f 512//512 4218//4218 4217//4217
f 982//982 4218//4218 4215//4215
f 981//981 4218//4218 4216//4216
f 512//512 4219//4219 2098//2098
f 981//981 4219//4219 4217//4217
f 509//509 4219//4219 4210//4210
f 514//514 4223//4223 4222//4222
f 983//983 4223//4223 4220//4220
f 982//982 4223//4223 4221//4221
f 514//514 4224//4224 2104//2104
f 982//982 4224//4224 4222//4222
f 512//512 4224//4224 4215//4215
f 517//517 4226//4226 2114//2114
f 983//983 4226//4226 4225//4225
f 514//514 4226//4226 4220//4220
f 517//517 4229//4229 4225//4225
f 984//984 4229//4229 4227//4227
f 983//983 4229//4229 4228//4228
f 521//521 4231//4231 2122//2122
f 984//984 4231//4231 4230//4230
f 517//517 4231//4231 4227//4227
f 521//521 4234//4234 4230//4230
f 985//985 4234//4234 4232//4232
f 984//984 4234//4234 4233//4233
f 156//156 4237//4237 4236//4236
f 985//985 4237//4237 4235//4235
f 521//521 4237//4237 4232//4232
f 156//156 4239//4239 4235//4235
f 969//969 4239//4239 3885//3885
f 985//985 4239//4239 4238//4238
f 156//156 2130//2130 156//156
f 521//521 2130//2130 4236//4236
f 986//986 4240//4240 987//987
f 240//240 4240//4240 986//986
f 988//988 4241//4241 4242//4242
f 240//240 986//986 1519//1519
f 989//989 4243//4243 991//991
f 991//991 4243//4243 990//990
f 990//990 989//989 988//988
f 992//992 4244//4244 993//993
f 989//989 4244//4244 992//992
f 226//226 4251//4251 992//992
f 235//235 4251//4251 1497//1497
f 226//226 992//992 4245//4245
f 986//986 4248//4248 4247//4247
f 989//989 4248//4248 4246//4246
f 988//988 4246//4246 4241//4241
f 993//993 4250//4250 4249//4249
f 994//994 4250//4250 993//993
f 241//241 4250//4250 994//994
f 226//226 4245//4245 1521//1521
f 241//241 4245//4245 4249//4249
f 992//992 4251//4251 995//995
f 235//235 4253//4253 4251//4251
f 995//995 4253//4253 4252//4252
f 996//996 4254//4254 4255//4255
f 282//282 4254//4254 997//997
f 997//997 4256//4256 998//998
f 996//996 4256//4256 4254//4254
f 245//245 4255//4255 1572//1572
f 1000//1000 4257//4257 999//999
f 999//999 998//998 998//998
f 1001//1001 998//998 4257//4257
f 995//995 4258//4258 999//999
f 994//994 4258//4258 995//995
f 999//999 4258//4258 994//994
f 995//995 4260//4260 4259//4259
f 243//243 4260//4260 4252//4252
f 241//241 4261//4261 4259//4259
f 996//996 4262//4262 4263//4263
f 996//996 4263//4263 4256//4256
f 239//239 4264//4264 1524//1524
f 245//245 4264//4264 996//996
f 987//987 4265//4265 997//997
f 282//282 4265//4265 987//987
f 240//240 1648//1648 4240//4240
f 335//335 4266//4266 1002//1002
f 319//319 4266//4266 1665//1665
f 847//847 4266//4266 3020//3020
f 846//846 4267//4267 4269//4269
f 1003//1003 4267//4267 4268//4268
f 321//321 4267//4267 3019//3019
f 338//338 4267//4267 1666//1666
f 335//335 1002//1002 4270//4270
f 335//335 4270//4270 4272//4272
f 755//755 4271//4271 2708//2708
f 755//755 4272//4272 4271//4271
f 756//756 4274//4274 2711//2711
f 339//339 4274//4274 4273//4273
f 755//755 4274//4274 4272//4272
f 756//756 4275//4275 4273//4273
f 341//341 4275//4275 756//756
f 341//341 756//756 4276//4276
f 757//757 4278//4278 4276//4276
f 345//345 4278//4278 4277//4277
f 758//758 4280//4280 2716//2716
f 757//757 4280//4280 4277//4277
f 759//759 4280//4280 2719//2719
f 345//345 4280//4280 4279//4279
f 759//759 4281//4281 4279//4279
f 759//759 4282//4282 348//348
f 759//759 760//760 4282//4282
f 761//761 4284//4284 2724//2724
f 349//349 4284//4284 4283//4283
f 760//760 4284//4284 760//760
f 761//761 4285//4285 4283//4283
f 349//349 4285//4285 1685//1685
f 353//353 4285//4285 4286//4286
f 350//350 4285//4285 1689//1689
f 761//761 762//762 4286//4286
f 763//763 4288//4288 2729//2729
f 353//353 4288//4288 4287//4287
f 762//762 4288//4288 762//762
f 763//763 4289//4289 4287//4287
f 353//353 4289//4289 1692//1692
f 355//355 4289//4289 4290//4290
f 354//354 4289//4289 1695//1695
f 764//764 4291//4291 2732//2732
f 763//763 4291//4291 4290//4290
f 355//355 2735//2735 4292//4292
f 764//764 2735//2735 4291//4291
f 765//765 356//356 4292//4292
f 356//356 2738//2738 4293//4293
f 765//765 2738//2738 356//356
f 766//766 4294//4294 4293//4293
f 357//357 4294//4294 357//357
f 356//356 4294//4294 1700//1700
f 358//358 357//357 4295//4295
f 767//767 4296//4296 2741//2741
f 766//766 4296//4296 4295//4295
f 772//772 4298//4298 767//767
f 358//358 4298//4298 4297//4297
f 767//767 4298//4298 4296//4296
f 772//772 4299//4299 4297//4297
f 363//363 4299//4299 4300//4300
f 362//362 4299//4299 1711//1711
f 772//772 773//773 4300//4300
f 774//774 4301//4301 4302//4302
f 363//363 4301//4301 1714//1714
f 774//774 4303//4303 2753//2753
f 363//363 4303//4303 4302//4302
f 773//773 4303//4303 773//773
f 775//775 365//365 4304//4304
f 775//775 4301//4301 2756//2756
f 364//364 4301//4301 4304//4304
f 366//366 4306//4306 4305//4305
f 365//365 4306//4306 1719//1719
f 775//775 4306//4306 365//365
f 776//776 4307//4307 2759//2759
f 775//775 4307//4307 4305//4305
f 366//366 4308//4308 367//367
f 366//366 2762//2762 777//777
f 776//776 2762//2762 4307//4307
f 778//778 4309//4309 367//367
f 1723//1723 4309//4309 778//778
f 367//367 4309//4309 1723//1723
f 777//777 4310//4310 4308//4308
f 779//779 4312//4312 4311//4311
f 1724//1724 4312//4312 779//779
f 1723//1723 4312//4312 1724//1724
f 1723//1723 4313//4313 4311//4311
f 780//780 4315//4315 4314//4314
f 1725//1725 4315//4315 780//780
f 1724//1724 4315//4315 1725//1725
f 1724//1724 4316//4316 4314//4314
f 1725//1725 4317//4317 781//781
f 1726//1726 4319//4319 4318//4318
f 1725//1725 4319//4319 1726//1726
f 1726//1726 4320//4320 782//782
f 781//781 4320//4320 4318//4318
f 1727//1727 4322//4322 4321//4321
f 1726//1726 4322//4322 1727//1727
f 368//368 4324//4324 4323//4323
f 1727//1727 4324//4324 368//368
f 782//782 4324//4324 4321//4321
f 368//368 4325//4325 783//783
f 782//782 4325//4325 4323//4323
f 784//784 4327//4327 4326//4326
f 369//369 4327//4327 784//784
f 368//368 4328//4328 4326//4326
f 370//370 4329//4329 785//785
f 784//784 4329//4329 370//370
f 371//371 4331//4331 4330//4330
f 786//786 4332//4332 2768//2768
f 785//785 4332//4332 4330//4330
f 787//787 4333//4333 4334//4334
f 787//787 4332//4332 2771//2771
f 371//371 4332//4332 4334//4334
f 788//788 4335//4335 4336//4336
f 371//371 4335//4335 1731//1731
f 788//788 4333//4333 2774//2774
f 371//371 4333//4333 4336//4336
f 373//373 4338//4338 4337//4337
f 372//372 4338//4338 1734//1734
f 788//788 4338//4338 4335//4335
f 789//789 4339//4339 2777//2777
f 788//788 4339//4339 4337//4337
f 374//374 4339//4339 4340//4340
f 373//373 4339//4339 1737//1737
f 374//374 2780//2780 4341//4341
f 789//789 2780//2780 4340//4340
f 794//794 4342//4342 4343//4343
f 374//374 4342//4342 1743//1743
f 794//794 4341//4341 790//790
f 374//374 4341//4341 4343//4343
f 795//795 378//378 4344//4344
f 795//795 4342//4342 2790//2790
f 377//377 4342//4342 4344//4344
f 796//796 379//379 4345//4345
f 378//378 2793//2793 4345//4345
f 795//795 2793//2793 378//378
f 380//380 4347//4347 4346//4346
f 379//379 4347//4347 1750//1750
f 796//796 4347//4347 379//379
f 797//797 4348//4348 2796//2796
f 796//796 4348//4348 4346//4346
f 798//798 4349//4349 4350//4350
f 380//380 4349//4349 1753//1753
f 380//380 2799//2799 4350//4350
f 797//797 2799//2799 4348//4348
f 382//382 4349//4349 4351//4351
f 381//381 4349//4349 1756//1756
f 798//798 799//799 4351//4351
f 800//800 4352//4352 4353//4353
f 382//382 4352//4352 1759//1759
f 800//800 4354//4354 2804//2804
f 382//382 4354//4354 4353//4353
f 799//799 4354//4354 799//799
f 801//801 4355//4355 4356//4356
f 383//383 4355//4355 1762//1762
f 801//801 4352//4352 2807//2807
f 383//383 4352//4352 4356//4356
f 802//802 4359//4359 4358//4358
f 385//385 4359//4359 4357//4357
f 384//384 4359//4359 1765//1765
f 802//802 4355//4355 2811//2811
f 384//384 4355//4355 4358//4358
f 1005//1005 4360//4360 4361//4361
f 1005//1005 4363//4363 1006//1006
f 1008//1008 4363//4363 4362//4362
f 803//803 386//386 4364//4364
f 803//803 4365//4365 2814//2814
f 385//385 4365//4365 4364//4364
f 802//802 4365//4365 4357//4357
f 387//387 4367//4367 4366//4366
f 386//386 4367//4367 1770//1770
f 803//803 4367//4367 386//386
f 1009//1009 4372//4372 4368//4368
f 1008//1008 4372//4372 1010//1010
f 1009//1009 4370//4370 4369//4369
f 1008//1008 4370//4370 4368//4368
f 1005//1005 4370//4370 4362//4362
f 1011//1011 4372//4372 4371//4371
f 804//804 4373//4373 2817//2817
f 803//803 4373//4373 4366//4366
f 1012//1012 4376//4376 4375//4375
f 1011//1011 4376//4376 4374//4374
f 1009//1009 4376//4376 4371//4371
f 1013//1013 4374//4374 4378//4378
f 1011//1011 4374//4374 4377//4377
f 805//805 4373//4373 2820//2820
f 387//387 4373//4373 4379//4379
f 805//805 4380//4380 4379//4379
f 387//387 4380//4380 1773//1773
f 389//389 4380//4380 4381//4381
f 388//388 4380//4380 1776//1776
f 1014//1014 4384//4384 4383//4383
f 1013//1013 4384//4384 4382//4382
f 1012//1012 4384//4384 4378//4378
f 805//805 806//806 4381//4381
f 1015//1015 4387//4387 4386//4386
f 1013//1013 4387//4387 4385//4385
f 1014//1014 4387//4387 4382//4382
f 1015//1015 4388//4388 4385//4385
f 1013//1013 4388//4388 4389//4389
f 807//807 4391//4391 2825//2825
f 389//389 4391//4391 4390//4390
f 806//806 4391//4391 806//806
f 807//807 390//390 4390//4390
f 391//391 1781//1781 4392//4392
f 807//807 1781//1781 390//390
f 1017//1017 4388//4388 4393//4393
f 1017//1017 4395//4395 1016//1016
f 1018//1018 4395//4395 4394//4394
f 1016//1016 4395//4395 1018//1018
f 808//808 4396//4396 2828//2828
f 807//807 4396//4396 4392//4392
f 392//392 4396//4396 4397//4397
f 391//391 4396//4396 1784//1784
f 1019//1019 4394//4394 4399//4399
f 1018//1018 4394//4394 4398//4398
f 1019//1019 4400//4400 4398//4398
f 392//392 2831//2831 4401//4401
f 808//808 2831//2831 4397//4397
f 1021//1021 4400//4400 4403//4403
f 1020//1020 4400//4400 4402//4402
f 1021//1021 4404//4404 4402//4402
f 1023//1023 4404//4404 4406//4406
f 1022//1022 4404//4404 4405//4405
f 392//392 4407//4407 1790//1790
f 810//810 4401//4401 2834//2834
f 392//392 4401//4401 810//810
f 1024//1024 4408//4408 4409//4409
f 1021//1021 4408//4408 4406//4406
f 817//817 395//395 4410//4410
f 817//817 4407//4407 2844//2844
f 394//394 4407//4407 4410//4410
f 396//396 4412//4412 4411//4411
f 395//395 4412//4412 1795//1795
f 817//817 4412//4412 395//395
f 1025//1025 4408//4408 4414//4414
f 1023//1023 4408//4408 4413//4413
f 1025//1025 4415//4415 4413//4413
f 1023//1023 4415//4415 4416//4416
f 818//818 4411//4411 2848//2848
f 1027//1027 4415//4415 4418//4418
f 1026//1026 4415//4415 4417//4417
f 1027//1027 4421//4421 4417//4417
f 1028//1028 4421//4421 4419//4419
f 1026//1026 4421//4421 4420//4420
f 819//819 4422//4422 4423//4423
f 396//396 4422//4422 1798//1798
f 819//819 4424//4424 2851//2851
f 396//396 4424//4424 4423//4423
f 818//818 4424//4424 4411//4411
f 1029//1029 4427//4427 4426//4426
f 1028//1028 4427//4427 4425//4425
f 1027//1027 4427//4427 4419//4419
f 1029//1029 4428//4428 4425//4425
f 1028//1028 4428//4428 4429//4429
f 820//820 4432//4432 4431//4431
f 398//398 4432//4432 4430//4430
f 397//397 4432//4432 1801//1801
f 820//820 4422//4422 2854//2854
f 397//397 4422//4422 4431//4431
f 1031//1031 4428//4428 4434//4434
f 1030//1030 4428//4428 4433//4433
f 1031//1031 4437//4437 4433//4433
f 1032//1032 4437//4437 4435//4435
f 1030//1030 4437//4437 4436//4436
f 821//821 4438//4438 4439//4439
f 398//398 4438//4438 1804//1804
f 821//821 4440//4440 2857//2857
f 398//398 4440//4440 4439//4439
f 820//820 4440//4440 4430//4430
f 1033//1033 4441//4441 4443//4443
f 1032//1032 4441//4441 4442//4442
f 1032//1032 4435//4435 4443//4443
f 1035//1035 4441//4441 4445//4445
f 1034//1034 4441//4441 4444//4444
f 816//816 4446//4446 4447//4447
f 816//816 4438//4438 2859//2859
f 24//24 4438//4438 4447//4447
f 1036//1036 4448//4448 4449//4449
f 1033//1033 4448//4448 4445//4445
f 25//25 4450//4450 1106//1106
f 815//815 4446//4446 2840//2840
f 25//25 4446//4446 815//815
f 27//27 1109//1109 4451//4451
f 815//815 1109//1109 4450//4450
f 1035//1035 4448//4448 4452//4452
f 1037//1037 4453//4453 4452//4452
f 1035//1035 4453//4453 4454//4454
f 825//825 4455//4455 2864//2864
f 815//815 4455//4455 4451//4451
f 1039//1039 4453//4453 4457//4457
f 1038//1038 4453//4453 4456//4456
f 1039//1039 4458//4458 4456//4456
f 1038//1038 4458//4458 4459//4459
f 1041//1041 4458//4458 4461//4461
f 1040//1040 4458//4458 4460//4460
f 823//823 4455//4455 2867//2867
f 27//27 4455//4455 4462//4462
f 823//823 4463//4463 4462//4462
f 27//27 4463//4463 1682//1682
f 1042//1042 4461//4461 4464//4464
f 1043//1043 4467//4467 4466//4466
f 1041//1041 4467//4467 4465//4465
f 1042//1042 4467//4467 4461//4461
f 813//813 4468//4468 823//823
f 347//347 4468//4468 813//813
f 823//823 4468//4468 4463//4463
f 1044//1044 4470//4470 4471//4471
f 1042//1042 4470//4470 4466//4466
f 813//813 4472//4472 4469//4469
f 792//792 4473//4473 4472//4472
f 346//346 4473//4473 1675//1675
f 1045//1045 4470//4470 4475//4475
f 1043//1043 4470//4470 4474//4474
f 1045//1045 4476//4476 4474//4474
f 1043//1043 4476//4476 4477//4477
f 344//344 2783//2783 4478//4478
f 792//792 2783//2783 4473//4473
f 770//770 342//342 4478//4478
f 1003//1003 4476//4476 4480//4480
f 1046//1046 4476//4476 4479//4479
f 1003//1003 4482//4482 4479//4479
f 1047//1047 4482//4482 4484//4484
f 1046//1046 4482//4482 4481//4481
f 1048//1048 4484//4484 4483//4483
f 342//342 4485//4485 1669//1669
f 342//342 2744//2744 4485//4485
f 770//770 2744//2744 342//342
f 750//750 338//338 4486//4486
f 750//750 4487//4487 2698//2698
f 337//337 4487//4487 4486//4486
f 752//752 4487//4487 4485//4485
f 747//747 4490//4490 4489//4489
f 1003//1003 4490//4490 4488//4488
f 338//338 4490//4490 4268//4268
f 747//747 4492//4492 4488//4488
f 1048//1048 4492//4492 4491//4491
f 1003//1003 4492//4492 4483//4483
f 747//747 4493//4493 2695//2695
f 338//338 4493//4493 4489//4489
f 750//750 4493//4493 338//338
f 747//747 4496//4496 4491//4491
f 1049//1049 4496//4496 4494//4494
f 1048//1048 4496//4496 4495//4495
f 744//744 4498//4498 2686//2686
f 1049//1049 4498//4498 4497//4497
f 747//747 4498//4498 4494//4494
f 742//742 4500//4500 2680//2680
f 1049//1049 4500//4500 4499//4499
f 744//744 4500//4500 4497//4497
f 742//742 4503//4503 4499//4499
f 1050//1050 4503//4503 4501//4501
f 1049//1049 4503//4503 4502//4502
f 742//742 4506//4506 4501//4501
f 1051//1051 4506//4506 4504//4504
f 1050//1050 4506//4506 4505//4505
f 739//739 4508//4508 2672//2672
f 1051//1051 4508//4508 4507//4507
f 742//742 4508//4508 4504//4504
f 739//739 4511//4511 4507//4507
f 1052//1052 4511//4511 4509//4509
f 1051//1051 4511//4511 4510//4510
f 736//736 4513//4513 2660//2660
f 1052//1052 4513//4513 4512//4512
f 739//739 4513//4513 4509//4509
f 733//733 4515//4515 2654//2654
f 1052//1052 4515//4515 4514//4514
f 736//736 4515//4515 4512//4512
f 733//733 4518//4518 4514//4514
f 1053//1053 4518//4518 4516//4516
f 1052//1052 4518//4518 4517//4517
f 733//733 4521//4521 4516//4516
f 1054//1054 4521//4521 4519//4519
f 1053//1053 4521//4521 4520//4520
f 730//730 4523//4523 2642//2642
f 1054//1054 4523//4523 4522//4522
f 733//733 4523//4523 4519//4519
f 726//726 4525//4525 2635//2635
f 1054//1054 4525//4525 4524//4524
f 730//730 4525//4525 4522//4522
f 726//726 4528//4528 4524//4524
f 1055//1055 4528//4528 4526//4526
f 1054//1054 4528//4528 4527//4527
f 726//726 4531//4531 4526//4526
f 1056//1056 4531//4531 4529//4529
f 1055//1055 4531//4531 4530//4530
f 724//724 4533//4533 2623//2623
f 1056//1056 4533//4533 4532//4532
f 726//726 4533//4533 4529//4529
f 722//722 4537//4537 4536//4536
f 1057//1057 4537//4537 4534//4534
f 1056//1056 4537//4537 4535//4535
f 722//722 4538//4538 2617//2617
f 1056//1056 4538//4538 4536//4536
f 724//724 4538//4538 4532//4532
f 720//720 4542//4542 4541//4541
f 1058//1058 4542//4542 4539//4539
f 1057//1057 4542//4542 4540//4540
f 720//720 4543//4543 2611//2611
f 1057//1057 4543//4543 4541//4541
f 722//722 4543//4543 4534//4534
f 723//723 4545//4545 2613//2613
f 1058//1058 4545//4545 4544//4544
f 720//720 4545//4545 4539//4539
f 723//723 4548//4548 4544//4544
f 1059//1059 4548//4548 4546//4546
f 1058//1058 4548//4548 4547//4547
f 729//729 4552//4552 4551//4551
f 1060//1060 4552//4552 4549//4549
f 1059//1059 4552//4552 4550//4550
f 729//729 4555//4555 4549//4549
f 1061//1061 4555//4555 4553//4553
f 1060//1060 4555//4555 4554//4554
f 729//729 4556//4556 2631//2631
f 1059//1059 4556//4556 4551//4551
f 723//723 4556//4556 4546//4546
f 731//731 4558//4558 2637//2637
f 1061//1061 4558//4558 4557//4557
f 729//729 4558//4558 4553//4553
f 735//735 4562//4562 4561//4561
f 1062//1062 4562//4562 4559//4559
f 1061//1061 4562//4562 4560//4560
f 735//735 4563//4563 2647//2647
f 1061//1061 4563//4563 4561//4561
f 731//731 4563//4563 4557//4557
f 738//738 4566//4566 4565//4565
f 1063//1063 4566//4566 4564//4564
f 1062//1062 4566//4566 4831//4831
f 738//738 4567//4567 2656//2656
f 1062//1062 4567//4567 4565//4565
f 735//735 4567//4567 4559//4559
f 741//741 4571//4571 4570//4570
f 1064//1064 4571//4571 4568//4568
f 1063//1063 4571//4571 4569//4569
f 741//741 4572//4572 2668//2668
f 1063//1063 4572//4572 4570//4570
f 738//738 4572//4572 4564//4564
f 743//743 4576//4576 4575//4575
f 1065//1065 4576//4576 4573//4573
f 1064//1064 4576//4576 4574//4574
f 743//743 4577//4577 2674//2674
f 1064//1064 4577//4577 4575//4575
f 741//741 4577//4577 4568//4568
f 746//746 4581//4581 4580//4580
f 1066//1066 4581//4581 4578//4578
f 1065//1065 4581//4581 4579//4579
f 746//746 4582//4582 2682//2682
f 1065//1065 4582//4582 4580//4580
f 743//743 4582//4582 4573//4573
f 749//749 4586//4586 4585//4585
f 1067//1067 4586//4586 4583//4583
f 1066//1066 4586//4586 4584//4584
f 749//749 4587//4587 2691//2691
f 1066//1066 4587//4587 4585//4585
f 746//746 4587//4587 4578//4578
f 340//340 4590//4590 4589//4589
f 1004//1004 4590//4590 4270//4270
f 1067//1067 4590//4590 4588//4588
f 340//340 4592//4592 4591//4591
f 1067//1067 4592//4592 4589//4589
f 749//749 4592//4592 4583//4583
f 754//754 4593//4593 2704//2704
f 340//340 4593//4593 4271//4271
f 749//749 4593//4593 4591//4591
f 827//827 4594//4594 4595//4595
f 7//7 2881//2881 2875//2875
f 827//827 2881//2881 4594//4594
f 1071//1071 4596//4596 1070//1070
f 1069//1069 4597//4597 4596//4596
f 1070//1070 4597//4597 1068//1068
f 955//955 4598//4598 3769//3769
f 955//955 4600//4600 4598//4598
f 1069//1069 4600//4600 4597//4597
f 827//827 4600//4600 4599//4599
f 1068//1068 4600//4600 4595//4595
f 953//953 4602//4602 3772//3772
f 827//827 4602//4602 4601//4601
f 955//955 4602//4602 4599//4599
f 952//952 4604//4604 3767//3767
f 827//827 4604//4604 4603//4603
f 953//953 4604//4604 4601//4601
f 949//949 4606//4606 3760//3760
f 827//827 4606//4606 4605//4605
f 952//952 4606//4606 4603//4603
f 948//948 4608//4608 3753//3753
f 827//827 4608//4608 4607//4607
f 949//949 4608//4608 4605//4605
f 945//945 4610//4610 3749//3749
f 827//827 4610//4610 4609//4609
f 948//948 4610//4610 4607//4607
f 943//943 4612//4612 3742//3742
f 827//827 4612//4612 4611//4611
f 945//945 4612//4612 4609//4609
f 941//941 4614//4614 3737//3737
f 827//827 4614//4614 4613//4613
f 943//943 4614//4614 4611//4611
f 939//939 4616//4616 3730//3730
f 827//827 4616//4616 4615//4615
f 941//941 4616//4616 4613//4613
f 937//937 4618//4618 3724//3724
f 827//827 4618//4618 4617//4617
f 939//939 4618//4618 4615//4615
f 935//935 4620//4620 3717//3717
f 827//827 4620//4620 4619//4619
f 937//937 4620//4620 4617//4617
f 934//934 4622//4622 3710//3710
f 827//827 4622//4622 4621//4621
f 935//935 4622//4622 4619//4619
f 931//931 4624//4624 934//934
f 827//827 4624//4624 4623//4623
f 934//934 4624//4624 4621//4621
f 929//929 4626//4626 3698//3698
f 827//827 4626//4626 4625//4625
f 931//931 4626//4626 4623//4623
f 928//928 4628//4628 928//928
f 827//827 4628//4628 4627//4627
f 929//929 4628//4628 4625//4625
f 828//828 4630//4630 4641//4641
f 925//925 4630//4630 4629//4629
f 3679//3679 4630//4630 3683//3683
f 828//828 4632//4632 4629//4629
f 928//928 4632//4632 4631//4631
f 925//925 4632//4632 3687//3687
f 828//828 2879//2879 4631//4631
f 928//928 2879//2879 4627//4627
f 834//834 4634//4634 3863//3863
f 916//916 4634//4634 4633//4633
f 913//913 4634//4634 3651//3651
f 834//834 4636//4636 4633//4633
f 919//919 4636//4636 4635//4635
f 916//916 4636//4636 919//919
f 834//834 4638//4638 4635//4635
f 920//920 4638//4638 4637//4637
f 919//919 4638//4638 3664//3664
f 834//834 4640//4640 4637//4637
f 922//922 4640//4640 4639//4639
f 920//920 4640//4640 3671//3671
f 834//834 4642//4642 4639//4639
f 3679//3679 4642//4642 4641//4641
f 922//922 4642//4642 3679//3679
f 828//828 4641//4641 2887//2887
f 954//954 3770//3770 4643//4643
f 1069//1069 3770//3770 4598//4598
f 954//954 4643//4643 3765//3765
f 950//950 4643//4643 4644//4644
f 951//951 4643//4643 950//950
f 1069//1069 4645//4645 4644//4644
f 947//947 4645//4645 946//946
f 1069//1069 4646//4646 4645//4645
f 944//944 4647//4647 3740//3740
f 1069//1069 4647//4647 4646//4646
f 940//940 4649//4649 4648//4648
f 942//942 4649//4649 3733//3733
f 1069//1069 4649//4649 4647//4647
f 938//938 4651//4651 4650//4650
f 940//940 4651//4651 3721//3721
f 1069//1069 4651//4651 4648//4648
f 936//936 4653//4653 4652//4652
f 938//938 4653//4653 3715//3715
f 1069//1069 4653//4653 4650//4650
f 933//933 4655//4655 4654//4654
f 936//936 4655//4655 3708//3708
f 1069//1069 4655//4655 4652//4652
f 957//957 3865//3865 4656//4656
f 893//893 3865//3865 3540//3540
f 895//895 4656//4656 3549//3549
f 957//957 4656//4656 4657//4657
f 896//896 4656//4656 3554//3554
f 897//897 4657//4657 3559//3559
f 898//898 4658//4658 3564//3564
f 897//897 4658//4658 4657//4657
f 899//899 4659//4659 3569//3569
f 898//898 4659//4659 4658//4658
f 900//900 4661//4661 3574//3574
f 957//957 4661//4661 4660//4660
f 899//899 4661//4661 4659//4659
f 901//901 4663//4663 3579//3579
f 957//957 4663//4663 4662//4662
f 900//900 4663//4663 4660//4660
f 831//831 4666//4666 4665//4665
f 914//914 4666//4666 4664//4664
f 917//917 4666//4666 3653//3653
f 831//831 4668//4668 4667//4667
f 917//917 4668//4668 4665//4665
f 918//918 4668//4668 3654//3654
f 831//831 4670//4670 4669//4669
f 918//918 4670//4670 4667//4667
f 921//921 4670//4670 3662//3662
f 831//831 4672//4672 4671//4671
f 921//921 4672//4672 4669//4669
f 923//923 4672//4672 3668//3668
f 831//831 4674//4674 4673//4673
f 923//923 4674//4674 4671//4671
f 924//924 4674//4674 3677//3677
f 831//831 4676//4676 4675//4675
f 924//924 4676//4676 4673//4673
f 926//926 4676//4676 3681//3681
f 831//831 4678//4678 4677//4677
f 926//926 4678//4678 4675//4675
f 927//927 4678//4678 3684//3684
f 831//831 4680//4680 4679//4679
f 927//927 4680//4680 4677//4677
f 930//930 4680//4680 3692//3692
f 831//831 4682//4682 4681//4681
f 930//930 4682//4682 4679//4679
f 932//932 4682//4682 3696//3696
f 831//831 4683//4683 4654//4654
f 932//932 4683//4683 4681//4681
f 933//933 4683//4683 3700//3700
f 831//831 4654//4654 4684//4684
f 835//835 4664//4664 2886//2886
f 835//835 4687//4687 4686//4686
f 901//901 4687//4687 4685//4685
f 902//902 4687//4687 3584//3584
f 835//835 4689//4689 4688//4688
f 902//902 4689//4689 4686//4686
f 903//903 4689//4689 3589//3589
f 835//835 4691//4691 4690//4690
f 903//903 4691//4691 4688//4688
f 904//904 4691//4691 3592//3592
f 835//835 4693//4693 4692//4692
f 904//904 4693//4693 4690//4690
f 905//905 4693//4693 3599//3599
f 835//835 4695//4695 4694//4694
f 905//905 4695//4695 4692//4692
f 906//906 4695//4695 3604//3604
f 835//835 4697//4697 4696//4696
f 906//906 4697//4697 4694//4694
f 907//907 4697//4697 3609//3609
f 835//835 4699//4699 4698//4698
f 907//907 4699//4699 4696//4696
f 908//908 4699//4699 3612//3612
f 835//835 4701//4701 4700//4700
f 908//908 4701//4701 4698//4698
f 909//909 4701//4701 3617//3617
f 835//835 4702//4702 4685//4685
f 957//957 4702//4702 3866//3866
f 901//901 4702//4702 4662//4662
f 835//835 4704//4704 4703//4703
f 909//909 4704//4704 4700//4700
f 910//910 4704//4704 3622//3622
f 835//835 4706//4706 4705//4705
f 910//910 4706//4706 4703//4703
f 911//911 4706//4706 3626//3626
f 835//835 4708//4708 4707//4707
f 911//911 4708//4708 4705//4705
f 912//912 4708//4708 3632//3632
f 835//835 4710//4710 4709//4709
f 912//912 4710//4710 4707//4707
f 915//915 4710//4710 3643//3643
f 835//835 4711//4711 4664//4664
f 915//915 4711//4711 4709//4709
f 914//914 4711//4711 3637//3637
f 1071//1071 4712//4712 4596//4596
f 832//832 4712//4712 1071//1071
f 832//832 4684//4684 4712//4712
f 831//831 4684//4684 832//832
f 833//833 4713//4713 4714//4714
f 833//833 832//832 4713//4713
f 1068//1068 4715//4715 4714//4714
f 833//833 4715//4715 2884//2884
f 1068//1068 4717//4717 4716//4716
f 836//836 4717//4717 1068//1068
f 829//829 4715//4715 4716//4716
f 19//19 4718//4718 838//838
f 849//849 3032//3032 3026//3026
f 837//837 3032//3032 849//849
f 838//838 4719//4719 849//849
f 837//837 4719//4719 4718//4718
f 839//839 4721//4721 1072//1072
f 848//848 4721//4721 4720//4720
f 848//848 4720//4720 3025//3025
f 1073//1073 1074//1074 4722//4722
f 1073//1073 4722//4722 4723//4723
f 1073//1073 4360//4360 4798//4798
f 1007//1007 4723//4723 1072//1072
f 1073//1073 4723//4723 4360//4360
f 848//848 1072//1072 4721//4721
f 1007//1007 1072//1072 4724//4724
f 842//842 3015//3015 4725//4725
f 842//842 4725//4725 4726//4726
f 1027//1027 4729//4729 4728//4728
f 1025//1025 4729//4729 4418//4418
f 848//848 4729//4729 4727//4727
f 1029//1029 4731//4731 4730//4730
f 1027//1027 4731//4731 4426//4426
f 848//848 4731//4731 4728//4728
f 1024//1024 4733//4733 4414//4414
f 848//848 4733//4733 4732//4732
f 1025//1025 4733//4733 4727//4727
f 1031//1031 4735//4735 4734//4734
f 1029//1029 4735//4735 4434//4434
f 848//848 4735//4735 4730//4730
f 1021//1021 4737//4737 4409//4409
f 848//848 4737//4737 4736//4736
f 1024//1024 4737//4737 4732//4732
f 841//841 4738//4738 3027//3027
f 1033//1033 4739//4739 4738//4738
f 1031//1031 4739//4739 1033//1033
f 848//848 4739//4739 4734//4734
f 1019//1019 4741//4741 4403//4403
f 848//848 4741//4741 4740//4740
f 1021//1021 4741//4741 4736//4736
f 1036//1036 4743//4743 4742//4742
f 1033//1033 4743//4743 4449//4449
f 841//841 4743//4743 4738//4738
f 1017//1017 4745//4745 4399//4399
f 848//848 4745//4745 4744//4744
f 1019//1019 4745//4745 4740//4740
f 846//846 4746//4746 3021//3021
f 1037//1037 4747//4747 4746//4746
f 1036//1036 4747//4747 1037//1037
f 841//841 4747//4747 4742//4742
f 1015//1015 4749//4749 4393//4393
f 848//848 4749//4749 4748//4748
f 1017//1017 4749//4749 4744//4744
f 1014//1014 4751//4751 4386//4386
f 848//848 4751//4751 4750//4750
f 1015//1015 4751//4751 4748//4748
f 1039//1039 4753//4753 4752//4752
f 1037//1037 4753//4753 4457//4457
f 846//846 4753//4753 4746//4746
f 1012//1012 4755//4755 4383//4383
f 848//848 4755//4755 4754//4754
f 1014//1014 4755//4755 4750//4750
f 1042//1042 4757//4757 4756//4756
f 1039//1039 4757//4757 4464//4464
f 846//846 4757//4757 4752//4752
f 1044//1044 4759//4759 4758//4758
f 1042//1042 4759//4759 4471//4471
f 846//846 4759//4759 4756//4756
f 1009//1009 4761//4761 4375//4375
f 848//848 4761//4761 4760//4760
f 1012//1012 4761//4761 4754//4754
f 1045//1045 4763//4763 4762//4762
f 1044//1044 4763//4763 4475//4475
f 846//846 4763//4763 4758//4758
f 1005//1005 4765//4765 4369//4369
f 848//848 4765//4765 4764//4764
f 1009//1009 4765//4765 4760//4760
f 1007//1007 4766//4766 4361//4361
f 848//848 4766//4766 4724//4724
f 1005//1005 4766//4766 4764//4764
f 1003//1003 4767//4767 4269//4269
f 1045//1045 4767//4767 4480//4480
f 846//846 4767//4767 4762//4762
f 1073//1073 4769//4769 4768//4768
f 1026//1026 4771//4771 4770//4770
f 1028//1028 4771//4771 4420//4420
f 1073//1073 4771//4771 4769//4769
f 1030//1030 4773//4773 4429//4429
f 843//843 4773//4773 4772//4772
f 1028//1028 4773//4773 4769//4769
f 1023//1023 4775//4775 4774//4774
f 1026//1026 4775//4775 4416//4416
f 1073//1073 4775//4775 4770//4770
f 1032//1032 4777//4777 4436//4436
f 843//843 4777//4777 4776//4776
f 1030//1030 4777//4777 4772//4772
f 1022//1022 4779//4779 4778//4778
f 1023//1023 4779//4779 4405//4405
f 1073//1073 4779//4779 4774//4774
f 1034//1034 4781//4781 4442//4442
f 843//843 4781//4781 4780//4780
f 1032//1032 4781//4781 4776//4776
f 1020//1020 4778//4778 4784//4784
f 1022//1022 4778//4778 1020//1020
f 1035//1035 4783//4783 4444//4444
f 843//843 4783//4783 4782//4782
f 1034//1034 4783//4783 4780//4780
f 1020//1020 4784//4784 1018//1018
f 1073//1073 4785//4785 4784//4784
f 1038//1038 4787//4787 4454//4454
f 843//843 4787//4787 4786//4786
f 1035//1035 4787//4787 4782//4782
f 1016//1016 4788//4788 4389//4389
f 1073//1073 4788//4788 4785//4785
f 1040//1040 4790//4790 4459//4459
f 843//843 4790//4790 4789//4789
f 1038//1038 4790//4790 4786//4786
f 1041//1041 4792//4792 4460//4460
f 843//843 4792//4792 4791//4791
f 1040//1040 4792//4792 4789//4789
f 1013//1013 4788//4788 4377//4377
f 1043//1043 4794//4794 4465//4465
f 843//843 4794//4794 4793//4793
f 1041//1041 4794//4794 4791//4791
f 1011//1011 4795//4795 1010//1010
f 1073//1073 4795//4795 4788//4788
f 1046//1046 4797//4797 4477//4477
f 843//843 4797//4797 4796//4796
f 1043//1043 4797//4797 4793//4793
f 1073//1073 4798//4798 4795//4795
f 843//843 4799//4799 3018//3018
f 1047//1047 4800//4800 4481//4481
f 843//843 4800//4800 4799//4799
f 1046//1046 4800//4800 4796//4796
f 1008//1008 4798//4798 1006//1006
f 1048//1048 4802//4802 1047//1047
f 847//847 4802//4802 4801//4801
f 1047//1047 4802//4802 4799//4799
f 1049//1049 4804//4804 4495//4495
f 847//847 4804//4804 4803//4803
f 1048//1048 4804//4804 4801//4801
f 1050//1050 4806//4806 4502//4502
f 847//847 4806//4806 4805//4805
f 1049//1049 4806//4806 4803//4803
f 1051//1051 4808//4808 4505//4505
f 847//847 4808//4808 4807//4807
f 1050//1050 4808//4808 4805//4805
f 1052//1052 4810//4810 4510//4510
f 847//847 4810//4810 4809//4809
f 1051//1051 4810//4810 4807//4807
f 1053//1053 4812//4812 4517//4517
f 847//847 4812//4812 4811//4811
f 1052//1052 4812//4812 4809//4809
f 1054//1054 4814//4814 4520//4520
f 847//847 4814//4814 4813//4813
f 1053//1053 4814//4814 4811//4811
f 1055//1055 4816//4816 4527//4527
f 847//847 4816//4816 4815//4815
f 1054//1054 4816//4816 4813//4813
f 1056//1056 4818//4818 4530//4530
f 847//847 4818//4818 4817//4817
f 1055//1055 4818//4818 4815//4815
f 1057//1057 4820//4820 4535//4535
f 847//847 4820//4820 4819//4819
f 1056//1056 4820//4820 4817//4817
f 1058//1058 4822//4822 4540//4540
f 847//847 4822//4822 4821//4821
f 1057//1057 4822//4822 4819//4819
f 1059//1059 4824//4824 4547//4547
f 847//847 4824//4824 4823//4823
f 1058//1058 4824//4824 4821//4821
f 1060//1060 4826//4826 4550//4550
f 847//847 4826//4826 4825//4825
f 1059//1059 4826//4826 4823//4823
f 1002//1002 4828//4828 4827//4827
f 847//847 4828//4828 4266//4266
f 1060//1060 4828//4828 4825//4825
f 1002//1002 4830//4830 4829//4829
f 1060//1060 4830//4830 4827//4827
f 1061//1061 4830//4830 4554//4554
f 1002//1002 4832//4832 4831//4831
f 1061//1061 4832//4832 4829//4829
f 1062//1062 4832//4832 4560//4560
f 1002//1002 4831//4831 4833//4833
f 1064//1064 4833//4833 4569//4569
f 1002//1002 4833//4833 4834//4834
f 1065//1065 4833//4833 4574//4574
f 1066//1066 4834//4834 4579//4579
f 1002//1002 4834//4834 4835//4835
f 1067//1067 4834//4834 4584//4584
f 1002//1002 4835//4835 1002//1002
f 1004//1004 4835//4835 4588//4588
f 1074//1074 4836//4836 845//845
f 1074//1074 4768//4768 4836//4836
f 1073//1073 4768//4768 1074//1074
f 1075//1075 4837//4837 4838//4838
f 1075//1075 1074//1074 4837//4837
f 842//842 4726//4726 4838//4838
f 1075//1075 4726//4726 4722//4722
f 850//850 4840//4840 4839//4839
f 852//852 4840//4840 3137//3137
f 867//867 4840//4840 3165//3165
f 850//850 4842//4842 4841//4841
f 867//867 4842//4842 4839//4839
f 868//868 4842//4842 3172//3172
f 850//850 4844//4844 4843//4843
f 868//868 4844//4844 4841//4841
f 869//869 4844//4844 3175//3175
f 850//850 4846//4846 4845//4845
f 869//869 4846//4846 4843//4843
f 870//870 4846//4846 3180//3180
f 850//850 4848//4848 4847//4847
f 870//870 4848//4848 4845//4845
f 871//871 4848//4848 3185//3185
f 850//850 4850//4850 4849//4849
f 871//871 4850//4850 4847//4847
f 872//872 4850//4850 3190//3190
f 850//850 4852//4852 4851//4851
f 872//872 4852//4852 4849//4849
f 873//873 4852//4852 3197//3197
f 850//850 4854//4854 4853//4853
f 873//873 4854//4854 4851//4851
f 874//874 4854//4854 3202//3202
f 850//850 4856//4856 4855//4855
f 874//874 4856//4856 4853//4853
f 875//875 4856//4856 3207//3207
f 850//850 4858//4858 4857//4857
f 875//875 4858//4858 4855//4855
f 876//876 4858//4858 3212//3212
f 850//850 4860//4860 4859//4859
f 876//876 4860//4860 4857//4857
f 877//877 4860//4860 3217//3217
f 850//850 4861//4861 4862//4862
f 877//877 4861//4861 4859//4859
f 866//866 4861//4861 3224//3224
f 866//866 3162//3162 4862//4862
f 850//850 4862//4862 862//862
f 850//850 4863//4863 3141//3141
f 850//850 862//862 4863//4863
f 865//865 4864//4864 4863//4863
f 864//864 4864//4864 3154//3154
f 864//864 4865//4865 4864//4864
f 853//853 4865//4865 853//853
f 857//857 853//853 4866//4866
f 858//858 4867//4867 3155//3155
f 857//857 4867//4867 3147//3147
f 863//863 4867//4867 4866//4866
f 859//859 4869//4869 4868//4868
f 860//860 4869//4869 3160//3160
f 851//851 4869//4869 860//860
f 851//851 4870//4870 4868//4868
f 856//856 4870//4870 3144//3144
f 879//879 3513//3513 4871//4871
f 879//879 4871//4871 889//889
f 886//886 4873//4873 4872//4872
f 887//887 4873//4873 3532//3532
f 878//878 4873//4873 3534//3534
f 878//878 4874//4874 4872//4872
f 883//883 4874//4874 3519//3519
f 884//884 4876//4876 4875//4875
f 880//880 4876//4876 3516//3516
f 885//885 4877//4877 3529//3529
f 884//884 4877//4877 3521//3521
f 890//890 4877//4877 4875//4875
f 891//891 4878//4878 882//882
f 880//880 4878//4878 4876//4876
f 892//892 4880//4880 4879//4879
f 891//891 4880//4880 3528//3528
f 879//879 889//889 4879//4879
f 974//974 3869//3869 3896//3896
f 968//968 4883//4883 4882//4882
f 974//974 4883//4883 4881//4881
f 975//975 4883//4883 4175//4175
f 968//968 4885//4885 4884//4884
f 975//975 4885//4885 4882//4882
f 976//976 4885//4885 4186//4186
f 968//968 4887//4887 4886//4886
f 976//976 4887//4887 4884//4884
f 977//977 4887//4887 4191//4191
f 968//968 4889//4889 4888//4888
f 977//977 4889//4889 4886//4886
f 978//978 4889//4889 4196//4196
f 968//968 4891//4891 4890//4890
f 978//978 4891//4891 4888//4888
f 979//979 4891//4891 4201//4201
f 968//968 4893//4893 4892//4892
f 979//979 4893//4893 4890//4890
f 980//980 4893//4893 4206//4206
f 968//968 4895//4895 4894//4894
f 980//980 4895//4895 4892//4892
f 981//981 4895//4895 4211//4211
f 968//968 4897//4897 4896//4896
f 981//981 4897//4897 4894//4894
f 982//982 4897//4897 4216//4216
f 968//968 4899//4899 4898//4898
f 982//982 4899//4899 4896//4896
f 983//983 4899//4899 4221//4221
f 968//968 4901//4901 4900//4900
f 983//983 4901//4901 4898//4898
f 984//984 4901//4901 4228//4228
f 968//968 4903//4903 4902//4902
f 984//984 4903//4903 4900//4900
f 985//985 4903//4903 4233//4233
f 968//968 4904//4904 3883//3883
f 985//985 4904//4904 4902//4902
f 969//969 4904//4904 4238//4238
f 974//974 4881//4881 3869//3869
f 967//967 4906//4906 4905//4905
f 958//958 4906//4906 970//970
f 958//958 4907//4907 4905//4905
f 964//964 4907//4907 3876//3876
f 965//965 4909//4909 4908//4908
f 961//961 4909//4909 3872//3872
f 965//965 4910//4910 3877//3877
f 971//971 4910//4910 4908//4908
f 972//972 4911//4911 963//963
f 961//961 4911//4911 4909//4909
f 973//973 4913//4913 4912//4912
f 972//972 4913//4913 3887//3887
f 960//960 4912//4912 3871//3871
f 960//960 4914//4914 4912//4912
f 968//968 4914//4914 4881//4881
f 973//973 4914//4914 3888//3888
f 988//988 4242//4242 4915//4915
f 988//988 4915//4915 998//998
f 995//995 4917//4917 4916//4916
f 996//996 4917//4917 4262//4262
f 986//986 4917//4917 996//996
f 986//986 4918//4918 4916//4916
f 992//992 4918//4918 4247//4247
f 993//993 4920//4920 4919//4919
f 989//989 4920//4920 4244//4244
f 999//999 4921//4921 4919//4919
f 1000//1000 4922//4922 991//991
f 989//989 4922//4922 4920//4920
f 1001//1001 4924//4924 4923//4923
f 1000//1000 4924//4924 4257//4257
f 988//988 998//998 4923//4923

