ISO-10303-21;
HEADER;
FILE_DESCRIPTION(('Open CASCADE Model'),'2;1');
FILE_NAME('Open CASCADE Shape Model','2026-10-04T14:21:33',('Author'),(
    'Open CASCADE'),'Open CASCADE STEP processor 7.9','build123d',
  'Unknown');
FILE_SCHEMA(('AUTOMOTIVE_DESIGN { 1 0 10303 214 1 1 1 1 }'));
ENDSEC;
DATA;
#1 = APPLICATION_PROTOCOL_DEFINITION('international standard',
  'automotive_design',2000,#2);
#2 = APPLICATION_CONTEXT(
  'core data for automotive mechanical design processes');
#3 = SHAPE_DEFINITION_REPRESENTATION(#4,#10);
#4 = PRODUCT_DEFINITION_SHAPE('','',#5);
#5 = PRODUCT_DEFINITION('design','',#6,#9);
#6 = PRODUCT_DEFINITION_FORMATION('','',#7);
#7 = PRODUCT('SOLID','SOLID','',(#8));
#8 = PRODUCT_CONTEXT('',#2,'mechanical');
#9 = PRODUCT_DEFINITION_CONTEXT('part definition',#2,'design');
#10 = ADVANCED_BREP_SHAPE_REPRESENTATION('',(#11,#15),#11764);
#11 = AXIS2_PLACEMENT_3D('',#12,#13,#14);
#12 = CARTESIAN_POINT('',(0.,0.,0.));
#13 = DIRECTION('',(0.,0.,1.));
#14 = DIRECTION('',(1.,0.,-0.));
#15 = MANIFOLD_SOLID_BREP('',#16);
#16 = CLOSED_SHELL('',(#17,#4936,#8471,#8583,#8825,#8900,#9101,#9330,
    #9508,#9519,#9524,#9595,#9821,#9870,#10049,#10120,#10378,#10427,
    #10638,#10665,#10692,#10719,#10749,#10863,#10913,#10920,#11029,
    #11056,#11083,#11110,#11140,#11255,#11300,#11307,#11417,#11490,
    #11540,#11592,#11620,#11628,#11677,#11705,#11757));
#17 = ADVANCED_FACE('',(#18,#4401,#4595),#80,.F.);
#18 = FACE_BOUND('',#19,.F.);
#19 = EDGE_LOOP('',(#20,#3558,#3728,#3846,#4016,#4251,#4316));
#20 = ORIENTED_EDGE('',*,*,#21,.F.);
#21 = EDGE_CURVE('',#22,#24,#26,.T.);
#22 = VERTEX_POINT('',#23);
#23 = CARTESIAN_POINT('',(-124.7712617334,99.635263480032,
    304.05740300806));
#24 = VERTEX_POINT('',#25);
#25 = CARTESIAN_POINT('',(-124.7712617334,96.66409652683,321.6816493789)
  );
#26 = SURFACE_CURVE('',#27,(#79,#3504),.PCURVE_S1.);
#27 = B_SPLINE_CURVE_WITH_KNOTS('',3,(#28,#29,#30,#31,#32,#33,#34,#35,
    #36,#37,#38,#39,#40,#41,#42,#43,#44,#45,#46,#47,#48,#49,#50,#51,#52,
    #53,#54,#55,#56,#57,#58,#59,#60,#61,#62,#63,#64,#65,#66,#67,#68,#69,
    #70,#71,#72,#73,#74,#75,#76,#77,#78),.UNSPECIFIED.,.F.,.F.,(4,1,1,1,
    1,1,1,1,1,1,1,1,1,1,1,1,1,1,1,1,1,1,1,1,1,1,1,1,1,1,1,1,1,1,1,1,1,1,
    1,1,1,1,1,1,1,1,1,1,4),(0.,2.083333333333E-02,4.166666666667E-02,
    6.25E-02,8.333333333333E-02,0.104166666667,0.125,0.145833333333,
    0.166666666667,0.1875,0.208333333333,0.229166666667,0.25,
    0.270833333333,0.291666666667,0.3125,0.333333333333,0.354166666667,
    0.375,0.395833333333,0.416666666667,0.4375,0.458333333333,
    0.479166666667,0.5,0.520833333333,0.541666666667,0.5625,
    0.583333333333,0.604166666667,0.625,0.645833333333,0.666666666667,
    0.6875,0.708333333333,0.729166666667,0.75,0.770833333333,
    0.791666666667,0.8125,0.833333333333,0.854166666667,0.875,
    0.895833333333,0.916666666667,0.9375,0.958333333333,0.979166666667,
    1.),.QUASI_UNIFORM_KNOTS.);
#28 = CARTESIAN_POINT('',(-116.8857450699,100.35924255787,269.0662346733
    ));
#29 = CARTESIAN_POINT('',(-116.8857450715,100.68070134416,
    269.88688529391));
#30 = CARTESIAN_POINT('',(-116.8857451351,101.29428950032,
    271.52857555541));
#31 = CARTESIAN_POINT('',(-116.8857448393,102.12605775436,
    273.98317306323));
#32 = CARTESIAN_POINT('',(-116.885745927,102.8694943694,276.42064198925)
  );
#33 = CARTESIAN_POINT('',(-116.8857418719,103.52577050196,
    278.83176128036));
#34 = CARTESIAN_POINT('',(-116.8857570046,104.0968804459,281.20734216338
    ));
#35 = CARTESIAN_POINT('',(-116.8857005289,104.58571025319,
    283.53823061261));
#36 = CARTESIAN_POINT('',(-116.8859112991,104.99556859481,
    285.81551253381));
#37 = CARTESIAN_POINT('',(-116.885124694,105.33169299199,288.02993590635
    ));
#38 = CARTESIAN_POINT('',(-116.8880603442,105.59535453916,
    290.17422956527));
#39 = CARTESIAN_POINT('',(-116.8771043487,105.80555706705,
    292.23458550874));
#40 = CARTESIAN_POINT('',(-116.9179926805,105.91772391,294.22255702278)
  );
#41 = CARTESIAN_POINT('',(-116.7653953486,106.12680311372,
    296.05609540626));
#42 = CARTESIAN_POINT('',(-117.3348963444,105.73567427081,
    298.00358003462));
#43 = CARTESIAN_POINT('',(-115.2094896932,107.377894045,299.02669779069)
  );
#44 = CARTESIAN_POINT('',(-123.1416153021,101.25775088831,
    302.96489076947));
#45 = CARTESIAN_POINT('',(-127.1121265868,97.421472467694,
    305.55244552573));
#46 = CARTESIAN_POINT('',(-130.9822863673,93.488549034617,
    307.68360655888));
#47 = CARTESIAN_POINT('',(-133.8293764929,90.288238433313,
    309.22945468223));
#48 = CARTESIAN_POINT('',(-136.0184549673,87.685599441871,
    310.38134195263));
#49 = CARTESIAN_POINT('',(-137.5742734482,85.748892217959,311.2400625241
    ));
#50 = CARTESIAN_POINT('',(-138.6164081203,84.408395155742,
    311.88054597167));
#51 = CARTESIAN_POINT('',(-139.2416516223,83.570206715644,
    312.38364067775));
#52 = CARTESIAN_POINT('',(-139.5546476497,83.119061506528,
    312.80024930938));
#53 = CARTESIAN_POINT('',(-139.6589675905,82.928743585368,
    313.16890006917));
#54 = CARTESIAN_POINT('',(-139.658973056,82.867691349708,313.519257546)
  );
#55 = CARTESIAN_POINT('',(-139.6589675905,82.803612897843,313.8727145783
    ));
#56 = CARTESIAN_POINT('',(-139.5546476497,82.862446458934,
    314.24371643805));
#57 = CARTESIAN_POINT('',(-139.2416516223,83.167066052485,
    314.65432323614));
#58 = CARTESIAN_POINT('',(-138.6164081203,83.832477454475,
    315.13474718509));
#59 = CARTESIAN_POINT('',(-137.5742734482,84.959847452279,
    315.72281943267));
#60 = CARTESIAN_POINT('',(-136.0184549673,86.622891095833,
    316.46914142088));
#61 = CARTESIAN_POINT('',(-133.8293764929,88.870670935004,
    317.43511699731));
#62 = CARTESIAN_POINT('',(-130.9822863673,91.607160117726,
    318.69667514065));
#63 = CARTESIAN_POINT('',(-127.1121265868,94.906617659468,
    320.42209826303));
#64 = CARTESIAN_POINT('',(-123.1416153021,97.956400997888,
    322.59376563056));
#65 = CARTESIAN_POINT('',(-115.2094896932,102.8219040567,326.03235327059
    ));
#66 = CARTESIAN_POINT('',(-117.3348963444,100.27690958623,
    328.65678728376));
#67 = CARTESIAN_POINT('',(-116.7653953486,98.652347542789,
    333.66965827587));
#68 = CARTESIAN_POINT('',(-116.9179926805,95.444405657321,
    339.85874290871));
#69 = CARTESIAN_POINT('',(-116.8771043486,91.012888385672,
    347.13155360877));
#70 = CARTESIAN_POINT('',(-116.8880603442,84.970331321351,355.0296120718
    ));
#71 = CARTESIAN_POINT('',(-116.8851246939,77.204463605444,
    363.13418305899));
#72 = CARTESIAN_POINT('',(-116.8859112994,67.650460442975,
    370.97812958144));
#73 = CARTESIAN_POINT('',(-116.8857005277,56.384615766691,
    378.10263166739));
#74 = CARTESIAN_POINT('',(-116.8857570091,43.613774923995,
    384.08432723908));
#75 = CARTESIAN_POINT('',(-116.8857418551,29.671829871839,
    388.57408319559));
#76 = CARTESIAN_POINT('',(-116.8857459897,14.993043580277,
    391.32922443534));
#77 = CARTESIAN_POINT('',(-116.8857450669,5.047533527426,391.9351456797)
  );
#78 = CARTESIAN_POINT('',(-116.8857450699,0.12,391.93506514634));
#79 = PCURVE('',#80,#3498);
#80 = B_SPLINE_SURFACE_WITH_KNOTS('',3,3,(
    (#81,#82,#83,#84,#85,#86,#87,#88,#89,#90,#91,#92,#93,#94,#95,#96,#97
      ,#98,#99,#100,#101,#102,#103,#104,#105,#106,#107,#108,#109,#110
      ,#111,#112,#113,#114,#115,#116,#117,#118,#119,#120,#121,#122,#123
      ,#124,#125,#126,#127,#128,#129,#130,#131)
    ,(#132,#133,#134,#135,#136,#137,#138,#139,#140,#141,#142,#143,#144
      ,#145,#146,#147,#148,#149,#150,#151,#152,#153,#154,#155,#156,#157
      ,#158,#159,#160,#161,#162,#163,#164,#165,#166,#167,#168,#169,#170
      ,#171,#172,#173,#174,#175,#176,#177,#178,#179,#180,#181,#182)
    ,(#183,#184,#185,#186,#187,#188,#189,#190,#191,#192,#193,#194,#195
      ,#196,#197,#198,#199,#200,#201,#202,#203,#204,#205,#206,#207,#208
      ,#209,#210,#211,#212,#213,#214,#215,#216,#217,#218,#219,#220,#221
      ,#222,#223,#224,#225,#226,#227,#228,#229,#230,#231,#232,#233)
    ,(#234,#235,#236,#237,#238,#239,#240,#241,#242,#243,#244,#245,#246
      ,#247,#248,#249,#250,#251,#252,#253,#254,#255,#256,#257,#258,#259
      ,#260,#261,#262,#263,#264,#265,#266,#267,#268,#269,#270,#271,#272
      ,#273,#274,#275,#276,#277,#278,#279,#280,#281,#282,#283,#284)
    ,(#285,#286,#287,#288,#289,#290,#291,#292,#293,#294,#295,#296,#297
      ,#298,#299,#300,#301,#302,#303,#304,#305,#306,#307,#308,#309,#310
      ,#311,#312,#313,#314,#315,#316,#317,#318,#319,#320,#321,#322,#323
      ,#324,#325,#326,#327,#328,#329,#330,#331,#332,#333,#334,#335)
    ,(#336,#337,#338,#339,#340,#341,#342,#343,#344,#345,#346,#347,#348
      ,#349,#350,#351,#352,#353,#354,#355,#356,#357,#358,#359,#360,#361
      ,#362,#363,#364,#365,#366,#367,#368,#369,#370,#371,#372,#373,#374
      ,#375,#376,#377,#378,#379,#380,#381,#382,#383,#384,#385,#386)
    ,(#387,#388,#389,#390,#391,#392,#393,#394,#395,#396,#397,#398,#399
      ,#400,#401,#402,#403,#404,#405,#406,#407,#408,#409,#410,#411,#412
      ,#413,#414,#415,#416,#417,#418,#419,#420,#421,#422,#423,#424,#425
      ,#426,#427,#428,#429,#430,#431,#432,#433,#434,#435,#436,#437)
    ,(#438,#439,#440,#441,#442,#443,#444,#445,#446,#447,#448,#449,#450
      ,#451,#452,#453,#454,#455,#456,#457,#458,#459,#460,#461,#462,#463
      ,#464,#465,#466,#467,#468,#469,#470,#471,#472,#473,#474,#475,#476
      ,#477,#478,#479,#480,#481,#482,#483,#484,#485,#486,#487,#488)
    ,(#489,#490,#491,#492,#493,#494,#495,#496,#497,#498,#499,#500,#501
      ,#502,#503,#504,#505,#506,#507,#508,#509,#510,#511,#512,#513,#514
      ,#515,#516,#517,#518,#519,#520,#521,#522,#523,#524,#525,#526,#527
      ,#528,#529,#530,#531,#532,#533,#534,#535,#536,#537,#538,#539)
    ,(#540,#541,#542,#543,#544,#545,#546,#547,#548,#549,#550,#551,#552
      ,#553,#554,#555,#556,#557,#558,#559,#560,#561,#562,#563,#564,#565
      ,#566,#567,#568,#569,#570,#571,#572,#573,#574,#575,#576,#577,#578
      ,#579,#580,#581,#582,#583,#584,#585,#586,#587,#588,#589,#590)
    ,(#591,#592,#593,#594,#595,#596,#597,#598,#599,#600,#601,#602,#603
      ,#604,#605,#606,#607,#608,#609,#610,#611,#612,#613,#614,#615,#616
      ,#617,#618,#619,#620,#621,#622,#623,#624,#625,#626,#627,#628,#629
      ,#630,#631,#632,#633,#634,#635,#636,#637,#638,#639,#640,#641)
    ,(#642,#643,#644,#645,#646,#647,#648,#649,#650,#651,#652,#653,#654
      ,#655,#656,#657,#658,#659,#660,#661,#662,#663,#664,#665,#666,#667
      ,#668,#669,#670,#671,#672,#673,#674,#675,#676,#677,#678,#679,#680
      ,#681,#682,#683,#684,#685,#686,#687,#688,#689,#690,#691,#692)
    ,(#693,#694,#695,#696,#697,#698,#699,#700,#701,#702,#703,#704,#705
      ,#706,#707,#708,#709,#710,#711,#712,#713,#714,#715,#716,#717,#718
      ,#719,#720,#721,#722,#723,#724,#725,#726,#727,#728,#729,#730,#731
      ,#732,#733,#734,#735,#736,#737,#738,#739,#740,#741,#742,#743)
    ,(#744,#745,#746,#747,#748,#749,#750,#751,#752,#753,#754,#755,#756
      ,#757,#758,#759,#760,#761,#762,#763,#764,#765,#766,#767,#768,#769
      ,#770,#771,#772,#773,#774,#775,#776,#777,#778,#779,#780,#781,#782
      ,#783,#784,#785,#786,#787,#788,#789,#790,#791,#792,#793,#794)
    ,(#795,#796,#797,#798,#799,#800,#801,#802,#803,#804,#805,#806,#807
      ,#808,#809,#810,#811,#812,#813,#814,#815,#816,#817,#818,#819,#820
      ,#821,#822,#823,#824,#825,#826,#827,#828,#829,#830,#831,#832,#833
      ,#834,#835,#836,#837,#838,#839,#840,#841,#842,#843,#844,#845)
    ,(#846,#847,#848,#849,#850,#851,#852,#853,#854,#855,#856,#857,#858
      ,#859,#860,#861,#862,#863,#864,#865,#866,#867,#868,#869,#870,#871
      ,#872,#873,#874,#875,#876,#877,#878,#879,#880,#881,#882,#883,#884
      ,#885,#886,#887,#888,#889,#890,#891,#892,#893,#894,#895,#896)
    ,(#897,#898,#899,#900,#901,#902,#903,#904,#905,#906,#907,#908,#909
      ,#910,#911,#912,#913,#914,#915,#916,#917,#918,#919,#920,#921,#922
      ,#923,#924,#925,#926,#927,#928,#929,#930,#931,#932,#933,#934,#935
      ,#936,#937,#938,#939,#940,#941,#942,#943,#944,#945,#946,#947)
    ,(#948,#949,#950,#951,#952,#953,#954,#955,#956,#957,#958,#959,#960
      ,#961,#962,#963,#964,#965,#966,#967,#968,#969,#970,#971,#972,#973
      ,#974,#975,#976,#977,#978,#979,#980,#981,#982,#983,#984,#985,#986
      ,#987,#988,#989,#990,#991,#992,#993,#994,#995,#996,#997,#998)
    ,(#999,#1000,#1001,#1002,#1003,#1004,#1005,#1006,#1007,#1008,#1009
      ,#1010,#1011,#1012,#1013,#1014,#1015,#1016,#1017,#1018,#1019,#1020
      ,#1021,#1022,#1023,#1024,#1025,#1026,#1027,#1028,#1029,#1030,#1031
      ,#1032,#1033,#1034,#1035,#1036,#1037,#1038,#1039,#1040,#1041,#1042
      ,#1043,#1044,#1045,#1046,#1047,#1048,#1049)
    ,(#1050,#1051,#1052,#1053,#1054,#1055,#1056,#1057,#1058,#1059,#1060
      ,#1061,#1062,#1063,#1064,#1065,#1066,#1067,#1068,#1069,#1070,#1071
      ,#1072,#1073,#1074,#1075,#1076,#1077,#1078,#1079,#1080,#1081,#1082
      ,#1083,#1084,#1085,#1086,#1087,#1088,#1089,#1090,#1091,#1092,#1093
      ,#1094,#1095,#1096,#1097,#1098,#1099,#1100)
    ,(#1101,#1102,#1103,#1104,#1105,#1106,#1107,#1108,#1109,#1110,#1111
      ,#1112,#1113,#1114,#1115,#1116,#1117,#1118,#1119,#1120,#1121,#1122
      ,#1123,#1124,#1125,#1126,#1127,#1128,#1129,#1130,#1131,#1132,#1133
      ,#1134,#1135,#1136,#1137,#1138,#1139,#1140,#1141,#1142,#1143,#1144
      ,#1145,#1146,#1147,#1148,#1149,#1150,#1151)
    ,(#1152,#1153,#1154,#1155,#1156,#1157,#1158,#1159,#1160,#1161,#1162
      ,#1163,#1164,#1165,#1166,#1167,#1168,#1169,#1170,#1171,#1172,#1173
      ,#1174,#1175,#1176,#1177,#1178,#1179,#1180,#1181,#1182,#1183,#1184
      ,#1185,#1186,#1187,#1188,#1189,#1190,#1191,#1192,#1193,#1194,#1195
      ,#1196,#1197,#1198,#1199,#1200,#1201,#1202)
    ,(#1203,#1204,#1205,#1206,#1207,#1208,#1209,#1210,#1211,#1212,#1213
      ,#1214,#1215,#1216,#1217,#1218,#1219,#1220,#1221,#1222,#1223,#1224
      ,#1225,#1226,#1227,#1228,#1229,#1230,#1231,#1232,#1233,#1234,#1235
      ,#1236,#1237,#1238,#1239,#1240,#1241,#1242,#1243,#1244,#1245,#1246
      ,#1247,#1248,#1249,#1250,#1251,#1252,#1253)
    ,(#1254,#1255,#1256,#1257,#1258,#1259,#1260,#1261,#1262,#1263,#1264
      ,#1265,#1266,#1267,#1268,#1269,#1270,#1271,#1272,#1273,#1274,#1275
      ,#1276,#1277,#1278,#1279,#1280,#1281,#1282,#1283,#1284,#1285,#1286
      ,#1287,#1288,#1289,#1290,#1291,#1292,#1293,#1294,#1295,#1296,#1297
      ,#1298,#1299,#1300,#1301,#1302,#1303,#1304)
    ,(#1305,#1306,#1307,#1308,#1309,#1310,#1311,#1312,#1313,#1314,#1315
      ,#1316,#1317,#1318,#1319,#1320,#1321,#1322,#1323,#1324,#1325,#1326
      ,#1327,#1328,#1329,#1330,#1331,#1332,#1333,#1334,#1335,#1336,#1337
      ,#1338,#1339,#1340,#1341,#1342,#1343,#1344,#1345,#1346,#1347,#1348
      ,#1349,#1350,#1351,#1352,#1353,#1354,#1355)
    ,(#1356,#1357,#1358,#1359,#1360,#1361,#1362,#1363,#1364,#1365,#1366
      ,#1367,#1368,#1369,#1370,#1371,#1372,#1373,#1374,#1375,#1376,#1377
      ,#1378,#1379,#1380,#1381,#1382,#1383,#1384,#1385,#1386,#1387,#1388
      ,#1389,#1390,#1391,#1392,#1393,#1394,#1395,#1396,#1397,#1398,#1399
      ,#1400,#1401,#1402,#1403,#1404,#1405,#1406)
    ,(#1407,#1408,#1409,#1410,#1411,#1412,#1413,#1414,#1415,#1416,#1417
      ,#1418,#1419,#1420,#1421,#1422,#1423,#1424,#1425,#1426,#1427,#1428
      ,#1429,#1430,#1431,#1432,#1433,#1434,#1435,#1436,#1437,#1438,#1439
      ,#1440,#1441,#1442,#1443,#1444,#1445,#1446,#1447,#1448,#1449,#1450
      ,#1451,#1452,#1453,#1454,#1455,#1456,#1457)
    ,(#1458,#1459,#1460,#1461,#1462,#1463,#1464,#1465,#1466,#1467,#1468
      ,#1469,#1470,#1471,#1472,#1473,#1474,#1475,#1476,#1477,#1478,#1479
      ,#1480,#1481,#1482,#1483,#1484,#1485,#1486,#1487,#1488,#1489,#1490
      ,#1491,#1492,#1493,#1494,#1495,#1496,#1497,#1498,#1499,#1500,#1501
      ,#1502,#1503,#1504,#1505,#1506,#1507,#1508)
    ,(#1509,#1510,#1511,#1512,#1513,#1514,#1515,#1516,#1517,#1518,#1519
      ,#1520,#1521,#1522,#1523,#1524,#1525,#1526,#1527,#1528,#1529,#1530
      ,#1531,#1532,#1533,#1534,#1535,#1536,#1537,#1538,#1539,#1540,#1541
      ,#1542,#1543,#1544,#1545,#1546,#1547,#1548,#1549,#1550,#1551,#1552
      ,#1553,#1554,#1555,#1556,#1557,#1558,#1559)
    ,(#1560,#1561,#1562,#1563,#1564,#1565,#1566,#1567,#1568,#1569,#1570
      ,#1571,#1572,#1573,#1574,#1575,#1576,#1577,#1578,#1579,#1580,#1581
      ,#1582,#1583,#1584,#1585,#1586,#1587,#1588,#1589,#1590,#1591,#1592
      ,#1593,#1594,#1595,#1596,#1597,#1598,#1599,#1600,#1601,#1602,#1603
      ,#1604,#1605,#1606,#1607,#1608,#1609,#1610)
    ,(#1611,#1612,#1613,#1614,#1615,#1616,#1617,#1618,#1619,#1620,#1621
      ,#1622,#1623,#1624,#1625,#1626,#1627,#1628,#1629,#1630,#1631,#1632
      ,#1633,#1634,#1635,#1636,#1637,#1638,#1639,#1640,#1641,#1642,#1643
      ,#1644,#1645,#1646,#1647,#1648,#1649,#1650,#1651,#1652,#1653,#1654
      ,#1655,#1656,#1657,#1658,#1659,#1660,#1661)
    ,(#1662,#1663,#1664,#1665,#1666,#1667,#1668,#1669,#1670,#1671,#1672
      ,#1673,#1674,#1675,#1676,#1677,#1678,#1679,#1680,#1681,#1682,#1683
      ,#1684,#1685,#1686,#1687,#1688,#1689,#1690,#1691,#1692,#1693,#1694
      ,#1695,#1696,#1697,#1698,#1699,#1700,#1701,#1702,#1703,#1704,#1705
      ,#1706,#1707,#1708,#1709,#1710,#1711,#1712)
    ,(#1713,#1714,#1715,#1716,#1717,#1718,#1719,#1720,#1721,#1722,#1723
      ,#1724,#1725,#1726,#1727,#1728,#1729,#1730,#1731,#1732,#1733,#1734
      ,#1735,#1736,#1737,#1738,#1739,#1740,#1741,#1742,#1743,#1744,#1745
      ,#1746,#1747,#1748,#1749,#1750,#1751,#1752,#1753,#1754,#1755,#1756
      ,#1757,#1758,#1759,#1760,#1761,#1762,#1763)
    ,(#1764,#1765,#1766,#1767,#1768,#1769,#1770,#1771,#1772,#1773,#1774
      ,#1775,#1776,#1777,#1778,#1779,#1780,#1781,#1782,#1783,#1784,#1785
      ,#1786,#1787,#1788,#1789,#1790,#1791,#1792,#1793,#1794,#1795,#1796
      ,#1797,#1798,#1799,#1800,#1801,#1802,#1803,#1804,#1805,#1806,#1807
      ,#1808,#1809,#1810,#1811,#1812,#1813,#1814)
    ,(#1815,#1816,#1817,#1818,#1819,#1820,#1821,#1822,#1823,#1824,#1825
      ,#1826,#1827,#1828,#1829,#1830,#1831,#1832,#1833,#1834,#1835,#1836
      ,#1837,#1838,#1839,#1840,#1841,#1842,#1843,#1844,#1845,#1846,#1847
      ,#1848,#1849,#1850,#1851,#1852,#1853,#1854,#1855,#1856,#1857,#1858
      ,#1859,#1860,#1861,#1862,#1863,#1864,#1865)
    ,(#1866,#1867,#1868,#1869,#1870,#1871,#1872,#1873,#1874,#1875,#1876
      ,#1877,#1878,#1879,#1880,#1881,#1882,#1883,#1884,#1885,#1886,#1887
      ,#1888,#1889,#1890,#1891,#1892,#1893,#1894,#1895,#1896,#1897,#1898
      ,#1899,#1900,#1901,#1902,#1903,#1904,#1905,#1906,#1907,#1908,#1909
      ,#1910,#1911,#1912,#1913,#1914,#1915,#1916)
    ,(#1917,#1918,#1919,#1920,#1921,#1922,#1923,#1924,#1925,#1926,#1927
      ,#1928,#1929,#1930,#1931,#1932,#1933,#1934,#1935,#1936,#1937,#1938
      ,#1939,#1940,#1941,#1942,#1943,#1944,#1945,#1946,#1947,#1948,#1949
      ,#1950,#1951,#1952,#1953,#1954,#1955,#1956,#1957,#1958,#1959,#1960
      ,#1961,#1962,#1963,#1964,#1965,#1966,#1967)
    ,(#1968,#1969,#1970,#1971,#1972,#1973,#1974,#1975,#1976,#1977,#1978
      ,#1979,#1980,#1981,#1982,#1983,#1984,#1985,#1986,#1987,#1988,#1989
      ,#1990,#1991,#1992,#1993,#1994,#1995,#1996,#1997,#1998,#1999,#2000
      ,#2001,#2002,#2003,#2004,#2005,#2006,#2007,#2008,#2009,#2010,#2011
      ,#2012,#2013,#2014,#2015,#2016,#2017,#2018)
    ,(#2019,#2020,#2021,#2022,#2023,#2024,#2025,#2026,#2027,#2028,#2029
      ,#2030,#2031,#2032,#2033,#2034,#2035,#2036,#2037,#2038,#2039,#2040
      ,#2041,#2042,#2043,#2044,#2045,#2046,#2047,#2048,#2049,#2050,#2051
      ,#2052,#2053,#2054,#2055,#2056,#2057,#2058,#2059,#2060,#2061,#2062
      ,#2063,#2064,#2065,#2066,#2067,#2068,#2069)
    ,(#2070,#2071,#2072,#2073,#2074,#2075,#2076,#2077,#2078,#2079,#2080
      ,#2081,#2082,#2083,#2084,#2085,#2086,#2087,#2088,#2089,#2090,#2091
      ,#2092,#2093,#2094,#2095,#2096,#2097,#2098,#2099,#2100,#2101,#2102
      ,#2103,#2104,#2105,#2106,#2107,#2108,#2109,#2110,#2111,#2112,#2113
      ,#2114,#2115,#2116,#2117,#2118,#2119,#2120)
    ,(#2121,#2122,#2123,#2124,#2125,#2126,#2127,#2128,#2129,#2130,#2131
      ,#2132,#2133,#2134,#2135,#2136,#2137,#2138,#2139,#2140,#2141,#2142
      ,#2143,#2144,#2145,#2146,#2147,#2148,#2149,#2150,#2151,#2152,#2153
      ,#2154,#2155,#2156,#2157,#2158,#2159,#2160,#2161,#2162,#2163,#2164
      ,#2165,#2166,#2167,#2168,#2169,#2170,#2171)
    ,(#2172,#2173,#2174,#2175,#2176,#2177,#2178,#2179,#2180,#2181,#2182
      ,#2183,#2184,#2185,#2186,#2187,#2188,#2189,#2190,#2191,#2192,#2193
      ,#2194,#2195,#2196,#2197,#2198,#2199,#2200,#2201,#2202,#2203,#2204
      ,#2205,#2206,#2207,#2208,#2209,#2210,#2211,#2212,#2213,#2214,#2215
      ,#2216,#2217,#2218,#2219,#2220,#2221,#2222)
    ,(#2223,#2224,#2225,#2226,#2227,#2228,#2229,#2230,#2231,#2232,#2233
      ,#2234,#2235,#2236,#2237,#2238,#2239,#2240,#2241,#2242,#2243,#2244
      ,#2245,#2246,#2247,#2248,#2249,#2250,#2251,#2252,#2253,#2254,#2255
      ,#2256,#2257,#2258,#2259,#2260,#2261,#2262,#2263,#2264,#2265,#2266
      ,#2267,#2268,#2269,#2270,#2271,#2272,#2273)
    ,(#2274,#2275,#2276,#2277,#2278,#2279,#2280,#2281,#2282,#2283,#2284
      ,#2285,#2286,#2287,#2288,#2289,#2290,#2291,#2292,#2293,#2294,#2295
      ,#2296,#2297,#2298,#2299,#2300,#2301,#2302,#2303,#2304,#2305,#2306
      ,#2307,#2308,#2309,#2310,#2311,#2312,#2313,#2314,#2315,#2316,#2317
      ,#2318,#2319,#2320,#2321,#2322,#2323,#2324)
    ,(#2325,#2326,#2327,#2328,#2329,#2330,#2331,#2332,#2333,#2334,#2335
      ,#2336,#2337,#2338,#2339,#2340,#2341,#2342,#2343,#2344,#2345,#2346
      ,#2347,#2348,#2349,#2350,#2351,#2352,#2353,#2354,#2355,#2356,#2357
      ,#2358,#2359,#2360,#2361,#2362,#2363,#2364,#2365,#2366,#2367,#2368
      ,#2369,#2370,#2371,#2372,#2373,#2374,#2375)
    ,(#2376,#2377,#2378,#2379,#2380,#2381,#2382,#2383,#2384,#2385,#2386
      ,#2387,#2388,#2389,#2390,#2391,#2392,#2393,#2394,#2395,#2396,#2397
      ,#2398,#2399,#2400,#2401,#2402,#2403,#2404,#2405,#2406,#2407,#2408
      ,#2409,#2410,#2411,#2412,#2413,#2414,#2415,#2416,#2417,#2418,#2419
      ,#2420,#2421,#2422,#2423,#2424,#2425,#2426)
    ,(#2427,#2428,#2429,#2430,#2431,#2432,#2433,#2434,#2435,#2436,#2437
      ,#2438,#2439,#2440,#2441,#2442,#2443,#2444,#2445,#2446,#2447,#2448
      ,#2449,#2450,#2451,#2452,#2453,#2454,#2455,#2456,#2457,#2458,#2459
      ,#2460,#2461,#2462,#2463,#2464,#2465,#2466,#2467,#2468,#2469,#2470
      ,#2471,#2472,#2473,#2474,#2475,#2476,#2477)
    ,(#2478,#2479,#2480,#2481,#2482,#2483,#2484,#2485,#2486,#2487,#2488
      ,#2489,#2490,#2491,#2492,#2493,#2494,#2495,#2496,#2497,#2498,#2499
      ,#2500,#2501,#2502,#2503,#2504,#2505,#2506,#2507,#2508,#2509,#2510
      ,#2511,#2512,#2513,#2514,#2515,#2516,#2517,#2518,#2519,#2520,#2521
      ,#2522,#2523,#2524,#2525,#2526,#2527,#2528)
    ,(#2529,#2530,#2531,#2532,#2533,#2534,#2535,#2536,#2537,#2538,#2539
      ,#2540,#2541,#2542,#2543,#2544,#2545,#2546,#2547,#2548,#2549,#2550
      ,#2551,#2552,#2553,#2554,#2555,#2556,#2557,#2558,#2559,#2560,#2561
      ,#2562,#2563,#2564,#2565,#2566,#2567,#2568,#2569,#2570,#2571,#2572
      ,#2573,#2574,#2575,#2576,#2577,#2578,#2579)
    ,(#2580,#2581,#2582,#2583,#2584,#2585,#2586,#2587,#2588,#2589,#2590
      ,#2591,#2592,#2593,#2594,#2595,#2596,#2597,#2598,#2599,#2600,#2601
      ,#2602,#2603,#2604,#2605,#2606,#2607,#2608,#2609,#2610,#2611,#2612
      ,#2613,#2614,#2615,#2616,#2617,#2618,#2619,#2620,#2621,#2622,#2623
      ,#2624,#2625,#2626,#2627,#2628,#2629,#2630)
    ,(#2631,#2632,#2633,#2634,#2635,#2636,#2637,#2638,#2639,#2640,#2641
      ,#2642,#2643,#2644,#2645,#2646,#2647,#2648,#2649,#2650,#2651,#2652
      ,#2653,#2654,#2655,#2656,#2657,#2658,#2659,#2660,#2661,#2662,#2663
      ,#2664,#2665,#2666,#2667,#2668,#2669,#2670,#2671,#2672,#2673,#2674
      ,#2675,#2676,#2677,#2678,#2679,#2680,#2681)
    ,(#2682,#2683,#2684,#2685,#2686,#2687,#2688,#2689,#2690,#2691,#2692
      ,#2693,#2694,#2695,#2696,#2697,#2698,#2699,#2700,#2701,#2702,#2703
      ,#2704,#2705,#2706,#2707,#2708,#2709,#2710,#2711,#2712,#2713,#2714
      ,#2715,#2716,#2717,#2718,#2719,#2720,#2721,#2722,#2723,#2724,#2725
      ,#2726,#2727,#2728,#2729,#2730,#2731,#2732)
    ,(#2733,#2734,#2735,#2736,#2737,#2738,#2739,#2740,#2741,#2742,#2743
      ,#2744,#2745,#2746,#2747,#2748,#2749,#2750,#2751,#2752,#2753,#2754
      ,#2755,#2756,#2757,#2758,#2759,#2760,#2761,#2762,#2763,#2764,#2765
      ,#2766,#2767,#2768,#2769,#2770,#2771,#2772,#2773,#2774,#2775,#2776
      ,#2777,#2778,#2779,#2780,#2781,#2782,#2783)
    ,(#2784,#2785,#2786,#2787,#2788,#2789,#2790,#2791,#2792,#2793,#2794
      ,#2795,#2796,#2797,#2798,#2799,#2800,#2801,#2802,#2803,#2804,#2805
      ,#2806,#2807,#2808,#2809,#2810,#2811,#2812,#2813,#2814,#2815,#2816
      ,#2817,#2818,#2819,#2820,#2821,#2822,#2823,#2824,#2825,#2826,#2827
      ,#2828,#2829,#2830,#2831,#2832,#2833,#2834)
    ,(#2835,#2836,#2837,#2838,#2839,#2840,#2841,#2842,#2843,#2844,#2845
      ,#2846,#2847,#2848,#2849,#2850,#2851,#2852,#2853,#2854,#2855,#2856
      ,#2857,#2858,#2859,#2860,#2861,#2862,#2863,#2864,#2865,#2866,#2867
      ,#2868,#2869,#2870,#2871,#2872,#2873,#2874,#2875,#2876,#2877,#2878
      ,#2879,#2880,#2881,#2882,#2883,#2884,#2885)
    ,(#2886,#2887,#2888,#2889,#2890,#2891,#2892,#2893,#2894,#2895,#2896
      ,#2897,#2898,#2899,#2900,#2901,#2902,#2903,#2904,#2905,#2906,#2907
      ,#2908,#2909,#2910,#2911,#2912,#2913,#2914,#2915,#2916,#2917,#2918
      ,#2919,#2920,#2921,#2922,#2923,#2924,#2925,#2926,#2927,#2928,#2929
      ,#2930,#2931,#2932,#2933,#2934,#2935,#2936)
    ,(#2937,#2938,#2939,#2940,#2941,#2942,#2943,#2944,#2945,#2946,#2947
      ,#2948,#2949,#2950,#2951,#2952,#2953,#2954,#2955,#2956,#2957,#2958
      ,#2959,#2960,#2961,#2962,#2963,#2964,#2965,#2966,#2967,#2968,#2969
      ,#2970,#2971,#2972,#2973,#2974,#2975,#2976,#2977,#2978,#2979,#2980
      ,#2981,#2982,#2983,#2984,#2985,#2986,#2987)
    ,(#2988,#2989,#2990,#2991,#2992,#2993,#2994,#2995,#2996,#2997,#2998
      ,#2999,#3000,#3001,#3002,#3003,#3004,#3005,#3006,#3007,#3008,#3009
      ,#3010,#3011,#3012,#3013,#3014,#3015,#3016,#3017,#3018,#3019,#3020
      ,#3021,#3022,#3023,#3024,#3025,#3026,#3027,#3028,#3029,#3030,#3031
      ,#3032,#3033,#3034,#3035,#3036,#3037,#3038)
    ,(#3039,#3040,#3041,#3042,#3043,#3044,#3045,#3046,#3047,#3048,#3049
      ,#3050,#3051,#3052,#3053,#3054,#3055,#3056,#3057,#3058,#3059,#3060
      ,#3061,#3062,#3063,#3064,#3065,#3066,#3067,#3068,#3069,#3070,#3071
      ,#3072,#3073,#3074,#3075,#3076,#3077,#3078,#3079,#3080,#3081,#3082
      ,#3083,#3084,#3085,#3086,#3087,#3088,#3089)
    ,(#3090,#3091,#3092,#3093,#3094,#3095,#3096,#3097,#3098,#3099,#3100
      ,#3101,#3102,#3103,#3104,#3105,#3106,#3107,#3108,#3109,#3110,#3111
      ,#3112,#3113,#3114,#3115,#3116,#3117,#3118,#3119,#3120,#3121,#3122
      ,#3123,#3124,#3125,#3126,#3127,#3128,#3129,#3130,#3131,#3132,#3133
      ,#3134,#3135,#3136,#3137,#3138,#3139,#3140)
    ,(#3141,#3142,#3143,#3144,#3145,#3146,#3147,#3148,#3149,#3150,#3151
      ,#3152,#3153,#3154,#3155,#3156,#3157,#3158,#3159,#3160,#3161,#3162
      ,#3163,#3164,#3165,#3166,#3167,#3168,#3169,#3170,#3171,#3172,#3173
      ,#3174,#3175,#3176,#3177,#3178,#3179,#3180,#3181,#3182,#3183,#3184
      ,#3185,#3186,#3187,#3188,#3189,#3190,#3191)
    ,(#3192,#3193,#3194,#3195,#3196,#3197,#3198,#3199,#3200,#3201,#3202
      ,#3203,#3204,#3205,#3206,#3207,#3208,#3209,#3210,#3211,#3212,#3213
      ,#3214,#3215,#3216,#3217,#3218,#3219,#3220,#3221,#3222,#3223,#3224
      ,#3225,#3226,#3227,#3228,#3229,#3230,#3231,#3232,#3233,#3234,#3235
      ,#3236,#3237,#3238,#3239,#3240,#3241,#3242)
    ,(#3243,#3244,#3245,#3246,#3247,#3248,#3249,#3250,#3251,#3252,#3253
      ,#3254,#3255,#3256,#3257,#3258,#3259,#3260,#3261,#3262,#3263,#3264
      ,#3265,#3266,#3267,#3268,#3269,#3270,#3271,#3272,#3273,#3274,#3275
      ,#3276,#3277,#3278,#3279,#3280,#3281,#3282,#3283,#3284,#3285,#3286
      ,#3287,#3288,#3289,#3290,#3291,#3292,#3293)
    ,(#3294,#3295,#3296,#3297,#3298,#3299,#3300,#3301,#3302,#3303,#3304
      ,#3305,#3306,#3307,#3308,#3309,#3310,#3311,#3312,#3313,#3314,#3315
      ,#3316,#3317,#3318,#3319,#3320,#3321,#3322,#3323,#3324,#3325,#3326
      ,#3327,#3328,#3329,#3330,#3331,#3332,#3333,#3334,#3335,#3336,#3337
      ,#3338,#3339,#3340,#3341,#3342,#3343,#3344)
    ,(#3345,#3346,#3347,#3348,#3349,#3350,#3351,#3352,#3353,#3354,#3355
      ,#3356,#3357,#3358,#3359,#3360,#3361,#3362,#3363,#3364,#3365,#3366
      ,#3367,#3368,#3369,#3370,#3371,#3372,#3373,#3374,#3375,#3376,#3377
      ,#3378,#3379,#3380,#3381,#3382,#3383,#3384,#3385,#3386,#3387,#3388
      ,#3389,#3390,#3391,#3392,#3393,#3394,#3395)
    ,(#3396,#3397,#3398,#3399,#3400,#3401,#3402,#3403,#3404,#3405,#3406
      ,#3407,#3408,#3409,#3410,#3411,#3412,#3413,#3414,#3415,#3416,#3417
      ,#3418,#3419,#3420,#3421,#3422,#3423,#3424,#3425,#3426,#3427,#3428
      ,#3429,#3430,#3431,#3432,#3433,#3434,#3435,#3436,#3437,#3438,#3439
      ,#3440,#3441,#3442,#3443,#3444,#3445,#3446)
    ,(#3447,#3448,#3449,#3450,#3451,#3452,#3453,#3454,#3455,#3456,#3457
      ,#3458,#3459,#3460,#3461,#3462,#3463,#3464,#3465,#3466,#3467,#3468
      ,#3469,#3470,#3471,#3472,#3473,#3474,#3475,#3476,#3477,#3478,#3479
      ,#3480,#3481,#3482,#3483,#3484,#3485,#3486,#3487,#3488,#3489,#3490
      ,#3491,#3492,#3493,#3494,#3495,#3496,#3497
  )),.UNSPECIFIED.,.F.,.F.,.F.,(4,1,1,1,1,1,1,1,1,1,1,1,1,1,1,1,1,1,1,1,
    1,1,1,1,1,1,1,1,1,1,1,1,1,1,1,1,1,1,1,1,1,1,1,1,1,1,1,1,1,1,1,1,1,1,
    1,1,1,1,1,1,1,1,1,1,4),(4,1,1,1,1,1,1,1,1,1,1,1,1,1,1,1,1,1,1,1,1,1,
    1,1,1,1,1,1,1,1,1,1,1,1,1,1,1,1,1,1,1,1,1,1,1,1,1,1,4),(0.,
    1.5625E-02,3.125E-02,4.6875E-02,6.25E-02,7.8125E-02,9.375E-02,
    0.109375,0.125,0.140625,0.15625,0.171875,0.1875,0.203125,0.21875,
    0.234375,0.25,0.265625,0.28125,0.296875,0.3125,0.328125,0.34375,
    0.359375,0.375,0.390625,0.40625,0.421875,0.4375,0.453125,0.46875,
    0.484375,0.5,0.515625,0.53125,0.546875,0.5625,0.578125,0.59375,
    0.609375,0.625,0.640625,0.65625,0.671875,0.6875,0.703125,0.71875,
    0.734375,0.75,0.765625,0.78125,0.796875,0.8125,0.828125,0.84375,
    0.859375,0.875,0.890625,0.90625,0.921875,0.9375,0.953125,0.96875,
    0.984375,1.),(0.,2.083333333333E-02,4.166666666667E-02,6.25E-02,
    8.333333333333E-02,0.104166666667,0.125,0.145833333333,
    0.166666666667,0.1875,0.208333333333,0.229166666667,0.25,
    0.270833333333,0.291666666667,0.3125,0.333333333333,0.354166666667,
    0.375,0.395833333333,0.416666666667,0.4375,0.458333333333,
    0.479166666667,0.5,0.520833333333,0.541666666667,0.5625,
    0.583333333333,0.604166666667,0.625,0.645833333333,0.666666666667,
    0.6875,0.708333333333,0.729166666667,0.75,0.770833333333,
    0.791666666667,0.8125,0.833333333333,0.854166666667,0.875,
    0.895833333333,0.916666666667,0.9375,0.958333333333,0.979166666667,
    1.),.QUASI_UNIFORM_KNOTS.);
#81 = CARTESIAN_POINT('',(-170.,0.12,307.));
#82 = CARTESIAN_POINT('',(-169.9999999984,0.357547114474,306.99999580982
    ));
#83 = CARTESIAN_POINT('',(-170.0000000007,0.835627481235,307.04022769495
    ));
#84 = CARTESIAN_POINT('',(-169.9999999998,1.536609184941,307.22171148158
    ));
#85 = CARTESIAN_POINT('',(-170.,2.19721351028,307.51676383839));
#86 = CARTESIAN_POINT('',(-169.9999999999,2.796376024581,307.91043860854
    ));
#87 = CARTESIAN_POINT('',(-170.,3.317966189061,308.38187454621));
#88 = CARTESIAN_POINT('',(-169.9999999999,3.75200304921,308.90622588245)
  );
#89 = CARTESIAN_POINT('',(-170.,4.095141544893,309.45682381116));
#90 = CARTESIAN_POINT('',(-170.,4.350436234284,310.00723629262));
#91 = CARTESIAN_POINT('',(-170.,4.526467397099,310.53301726234));
#92 = CARTESIAN_POINT('',(-170.,4.636000074362,311.01274293944));
#93 = CARTESIAN_POINT('',(-170.,4.694341416225,311.4290311559));
#94 = CARTESIAN_POINT('',(-170.,4.717669914577,311.76662474289));
#95 = CARTESIAN_POINT('',(-170.,4.721104538245,312.01858849936));
#96 = CARTESIAN_POINT('',(-170.,4.717911919156,312.15995209825));
#97 = CARTESIAN_POINT('',(-170.,4.714828716605,312.24146811369));
#98 = CARTESIAN_POINT('',(-170.,4.710553197923,312.32334034465));
#99 = CARTESIAN_POINT('',(-170.,4.706032171617,312.39098394608));
#100 = CARTESIAN_POINT('',(-170.,4.701436681143,312.44986215702));
#101 = CARTESIAN_POINT('',(-170.,4.697002191458,312.50006791935));
#102 = CARTESIAN_POINT('',(-170.,4.69282990021,312.54313064977));
#103 = CARTESIAN_POINT('',(-170.,4.688962956728,312.58019031904));
#104 = CARTESIAN_POINT('',(-170.,4.685385537429,312.61248596361));
#105 = CARTESIAN_POINT('',(-170.,4.68203911025,312.64122481402));
#106 = CARTESIAN_POINT('',(-170.,4.678830626236,312.66761773493));
#107 = CARTESIAN_POINT('',(-170.,4.675639419471,312.69287016544));
#108 = CARTESIAN_POINT('',(-170.,4.672321034387,312.71818473886));
#109 = CARTESIAN_POINT('',(-170.,4.668708404775,312.74476065868));
#110 = CARTESIAN_POINT('',(-170.,4.664610546252,312.77379255893));
#111 = CARTESIAN_POINT('',(-170.,4.659807771126,312.8064721883));
#112 = CARTESIAN_POINT('',(-170.,4.654047323051,312.8439761542));
#113 = CARTESIAN_POINT('',(-170.,4.647024961423,312.88750264119));
#114 = CARTESIAN_POINT('',(-170.,4.638406665943,312.93812116806));
#115 = CARTESIAN_POINT('',(-170.,4.627688531404,312.99731481405));
#116 = CARTESIAN_POINT('',(-170.,4.614648825682,313.06493126402));
#117 = CARTESIAN_POINT('',(-170.,4.59757888018,313.1467954059));
#118 = CARTESIAN_POINT('',(-170.,4.579793090989,313.22625308937));
#119 = CARTESIAN_POINT('',(-170.,4.545231595077,313.37031101421));
#120 = CARTESIAN_POINT('',(-170.,4.471721501207,313.63098789584));
#121 = CARTESIAN_POINT('',(-170.,4.351951723093,313.97397916904));
#122 = CARTESIAN_POINT('',(-170.,4.171804493321,314.38425315386));
#123 = CARTESIAN_POINT('',(-170.,3.919383178609,314.83735119558));
#124 = CARTESIAN_POINT('',(-169.9999999999,3.585607975895,
    315.30735457482));
#125 = CARTESIAN_POINT('',(-170.,3.166644484112,315.76593411089));
#126 = CARTESIAN_POINT('',(-169.9999999999,2.665131736824,
    316.18470072099));
#127 = CARTESIAN_POINT('',(-170.,2.090745649447,316.5373664076));
#128 = CARTESIAN_POINT('',(-169.9999999997,1.459777220312,
    316.80225840609));
#129 = CARTESIAN_POINT('',(-170.000000001,0.793775846446,316.96452107013
    ));
#130 = CARTESIAN_POINT('',(-169.9999999976,0.342925873041,
    317.00000613268));
#131 = CARTESIAN_POINT('',(-170.,0.12,317.));
#132 = CARTESIAN_POINT('',(-168.3132309904,-12.67378911429,
    298.25390484308));
#133 = CARTESIAN_POINT('',(-168.3132310152,-11.44983621615,
    297.88031574345));
#134 = CARTESIAN_POINT('',(-168.3132309771,-8.929597287978,
    297.31508114482));
#135 = CARTESIAN_POINT('',(-168.3132309861,-5.101168305686,
    297.04020591172));
#136 = CARTESIAN_POINT('',(-168.3132310181,-1.3954176833,297.32392914235
    ));
#137 = CARTESIAN_POINT('',(-168.3132308541,2.033179214435,
    298.11222275643));
#138 = CARTESIAN_POINT('',(-168.3132315083,5.060600661949,
    299.31844561649));
#139 = CARTESIAN_POINT('',(-168.3132290706,7.603557137162,
    300.83321530142));
#140 = CARTESIAN_POINT('',(-168.3132381747,9.623974111256,
    302.53586902085));
#141 = CARTESIAN_POINT('',(-168.3132042104,11.128949317218,
    304.3054622869));
#142 = CARTESIAN_POINT('',(-168.3133309562,12.161998781327,
    306.03061779004));
#143 = CARTESIAN_POINT('',(-168.3128579241,12.804930956673,
    307.61397422801));
#144 = CARTESIAN_POINT('',(-168.3146232845,13.124496262669,
    308.98242640564));
#145 = CARTESIAN_POINT('',(-168.30803488,13.31666649491,310.05951246352)
  );
#146 = CARTESIAN_POINT('',(-168.3326231584,13.111163329652,
    310.86369818954));
#147 = CARTESIAN_POINT('',(-168.2408584752,13.938800232622,
    311.12464512575));
#148 = CARTESIAN_POINT('',(-168.5833289005,10.79138684268,
    311.69123207627));
#149 = CARTESIAN_POINT('',(-168.7528214934,8.923958279553,
    312.14735613651));
#150 = CARTESIAN_POINT('',(-168.9175837586,8.300828018191,
    312.25671560214));
#151 = CARTESIAN_POINT('',(-169.0380792167,8.312699373502,
    312.26915652906));
#152 = CARTESIAN_POINT('',(-169.1304469574,8.552913313153,
    312.24317673881));
#153 = CARTESIAN_POINT('',(-169.1959078163,8.806023725106,312.2257856811
    ));
#154 = CARTESIAN_POINT('',(-169.2396799613,8.752603142595,
    312.26890482655));
#155 = CARTESIAN_POINT('',(-169.2659105186,8.68182600367,312.31613613164
    ));
#156 = CARTESIAN_POINT('',(-169.2790335519,8.625601023839,
    312.36161755722));
#157 = CARTESIAN_POINT('',(-169.2834062633,8.602038100701,
    312.40201481334));
#158 = CARTESIAN_POINT('',(-169.28340651,8.595988617579,312.43985822205)
  );
#159 = CARTESIAN_POINT('',(-169.2834062609,8.589928368929,
    312.47775517445));
#160 = CARTESIAN_POINT('',(-169.2790335543,8.600765747495,
    312.51688651814));
#161 = CARTESIAN_POINT('',(-169.2659105196,8.64289457463,312.55917642599
    ));
#162 = CARTESIAN_POINT('',(-169.2396799679,8.697578384142,312.6122937813
    ));
#163 = CARTESIAN_POINT('',(-169.1959078131,8.732297799624,
    312.68663784845));
#164 = CARTESIAN_POINT('',(-169.1304469518,8.460485303604,
    312.83374911061));
#165 = CARTESIAN_POINT('',(-169.038079224,8.200093124036,313.00879924788
    ));
#166 = CARTESIAN_POINT('',(-168.9175837562,8.160205812172,
    313.19400405094));
#167 = CARTESIAN_POINT('',(-168.7528214893,8.745619477135,313.3248671661
    ));
#168 = CARTESIAN_POINT('',(-168.5833289036,10.508270417093,
    313.40336325103));
#169 = CARTESIAN_POINT('',(-168.2408584769,13.55462759694,
    313.29567373974));
#170 = CARTESIAN_POINT('',(-168.3326231521,12.630842879226,
    313.66489441661));
#171 = CARTESIAN_POINT('',(-168.3080348849,12.647887378262,
    314.19177475182));
#172 = CARTESIAN_POINT('',(-168.3146232894,12.251371165555,
    314.91881170062));
#173 = CARTESIAN_POINT('',(-168.3128579266,11.757166898969,
    315.78336897856));
#174 = CARTESIAN_POINT('',(-168.3133309562,11.034535676629,
    316.7418454946));
#175 = CARTESIAN_POINT('',(-168.3132042008,10.082219873558,
    317.73693785083));
#176 = CARTESIAN_POINT('',(-168.3132381642,8.881721660015,
    318.70891054456));
#177 = CARTESIAN_POINT('',(-168.3132290666,7.442183591782,
    319.59705656244));
#178 = CARTESIAN_POINT('',(-168.3132315025,5.791027901807,
    320.34530372673));
#179 = CARTESIAN_POINT('',(-168.3132308572,3.975695740859,
    320.90737638909));
#180 = CARTESIAN_POINT('',(-168.3132310237,2.058867622694,
    321.25161177667));
#181 = CARTESIAN_POINT('',(-168.3132310108,0.761386927906,
    321.32684207673));
#182 = CARTESIAN_POINT('',(-168.3132309904,0.120000000001,
    321.32682874155));
#183 = CARTESIAN_POINT('',(-164.9396826371,5.992603560733,
    289.55741516446));
#184 = CARTESIAN_POINT('',(-164.9396826358,7.164799414663,
    289.72884082268));
#185 = CARTESIAN_POINT('',(-164.9396826485,9.497799293459,
    290.18995970492));
#186 = CARTESIAN_POINT('',(-164.9396826059,12.857456905656,
    291.2260684774));
#187 = CARTESIAN_POINT('',(-164.939682752,15.978705713547,
    292.57526585902));
#188 = CARTESIAN_POINT('',(-164.9396822226,18.778684066827,
    294.1874071672));
#189 = CARTESIAN_POINT('',(-164.9396841802,21.196546747499,
    295.99765733439));
#190 = CARTESIAN_POINT('',(-164.9396768722,23.197722078322,
    297.93162927261));
#191 = CARTESIAN_POINT('',(-164.939704143,24.775031705456,
    299.91100473147));
#192 = CARTESIAN_POINT('',(-164.9396023612,25.948378029446,301.858656496
    ));
#193 = CARTESIAN_POINT('',(-164.9399822212,26.757186783705,
    303.70349110407));
#194 = CARTESIAN_POINT('',(-164.9385645692,27.269150618782,
    305.3813953515));
#195 = CARTESIAN_POINT('',(-164.9438553272,27.520351262555,
    306.84388891478));
#196 = CARTESIAN_POINT('',(-164.9241099447,27.706943988998,
    308.03043090028));
#197 = CARTESIAN_POINT('',(-164.9978007072,27.436337683505,
    308.9691683084));
#198 = CARTESIAN_POINT('',(-164.7227830279,28.48867739481,
    309.39251303411));
#199 = CARTESIAN_POINT('',(-165.749162996,24.478728954315,
    310.15977627862));
#200 = CARTESIAN_POINT('',(-166.2521739969,22.463028206726,
    310.59729956753));
#201 = CARTESIAN_POINT('',(-166.7399906312,20.103903454976,
    311.05395644156));
#202 = CARTESIAN_POINT('',(-167.0948957665,18.196233820793,
    311.4114329405));
#203 = CARTESIAN_POINT('',(-167.366225098,16.650303395081,
    311.69501514787));
#204 = CARTESIAN_POINT('',(-167.5580270125,15.523390581122,
    311.90563202395));
#205 = CARTESIAN_POINT('',(-167.6860821731,14.865863048008,
    312.04095372519));
#206 = CARTESIAN_POINT('',(-167.7627374546,14.485259689642,
    312.13943838126));
#207 = CARTESIAN_POINT('',(-167.8010669013,14.298285234829,
    312.21504429305));
#208 = CARTESIAN_POINT('',(-167.8138355791,14.230020688786,
    312.2784383997));
#209 = CARTESIAN_POINT('',(-167.8138363451,14.220192317989,
    312.33639998949));
#210 = CARTESIAN_POINT('',(-167.8138355802,14.209880992327,
    312.39452081839));
#211 = CARTESIAN_POINT('',(-167.8010669002,14.256908866664,
    312.45334779147));
#212 = CARTESIAN_POINT('',(-167.7627374542,14.420038066558,
    312.51419878293));
#213 = CARTESIAN_POINT('',(-167.68608217,14.772078106056,312.57710821668
    ));
#214 = CARTESIAN_POINT('',(-167.558027014,15.393380982839,
    312.64259900498));
#215 = CARTESIAN_POINT('',(-167.3662251006,16.471024184901,
    312.69562822919));
#216 = CARTESIAN_POINT('',(-167.0948957631,17.949071579428,
    312.76574565206));
#217 = CARTESIAN_POINT('',(-166.7399906323,19.765786092289,
    312.87406327484));
#218 = CARTESIAN_POINT('',(-166.2521739988,21.996781440977,
    313.0677010507));
#219 = CARTESIAN_POINT('',(-165.7491629946,23.870006934244,
    313.36425549621));
#220 = CARTESIAN_POINT('',(-164.7227830271,27.625344864395,
    313.89026088773));
#221 = CARTESIAN_POINT('',(-164.9978007101,26.381370144384,
    314.42223020765));
#222 = CARTESIAN_POINT('',(-164.9241099424,26.216270515569,
    315.49315123677));
#223 = CARTESIAN_POINT('',(-164.943855325,25.422333848395,316.8778439232
    ));
#224 = CARTESIAN_POINT('',(-164.9385645681,24.361374213668,
    318.53870160704));
#225 = CARTESIAN_POINT('',(-164.9399822212,22.843149501279,
    320.37067513249));
#226 = CARTESIAN_POINT('',(-164.9396023656,20.845743403622,
    322.27074742785));
#227 = CARTESIAN_POINT('',(-164.9397041479,18.33792472011,324.1241098937
    ));
#228 = CARTESIAN_POINT('',(-164.939676874,15.337905208958,
    325.81631956129));
#229 = CARTESIAN_POINT('',(-164.9396841833,11.902887088696,
    327.24128284061));
#230 = CARTESIAN_POINT('',(-164.9396822197,8.130239813714,
    328.31156788161));
#231 = CARTESIAN_POINT('',(-164.9396827549,4.148436208889,
    328.96721494369));
#232 = CARTESIAN_POINT('',(-164.9396826364,1.452900681109,
    329.11062083934));
#233 = CARTESIAN_POINT('',(-164.9396826371,0.12,329.11059623947));
#234 = CARTESIAN_POINT('',(-159.8829567628,-1.243428791132,
    275.34004927667));
#235 = CARTESIAN_POINT('',(-159.882956754,1.053643116466,275.30034399854
    ));
#236 = CARTESIAN_POINT('',(-159.8829567833,5.682686943163,
    275.48757152945));
#237 = CARTESIAN_POINT('',(-159.8829567028,12.484066792072,
    276.5737503705));
#238 = CARTESIAN_POINT('',(-159.882956982,18.904019216535,278.4172216624
    ));
#239 = CARTESIAN_POINT('',(-159.8829559425,24.733995614186,
    280.92038390283));
#240 = CARTESIAN_POINT('',(-159.8829598251,29.813671008874,
    283.94582283255));
#241 = CARTESIAN_POINT('',(-159.882945336,34.043223447793,287.3292210505
    ));
#242 = CARTESIAN_POINT('',(-159.8829994107,37.387873360849,
    290.89387154206));
#243 = CARTESIAN_POINT('',(-159.8827976027,39.877110289636,
    294.4644554481));
#244 = CARTESIAN_POINT('',(-159.8835507593,41.590613479221,
    297.8790187735));
#245 = CARTESIAN_POINT('',(-159.8807399392,42.665541582906,
    300.99513651318));
#246 = CARTESIAN_POINT('',(-159.8912300604,43.20376759064,
    303.69978961676));
#247 = CARTESIAN_POINT('',(-159.8520803964,43.541096721574,
    305.88522889783));
#248 = CARTESIAN_POINT('',(-159.9981889336,43.161983289009,
    307.53267051216));
#249 = CARTESIAN_POINT('',(-159.4529044518,44.671055240079,
    308.37829374932));
#250 = CARTESIAN_POINT('',(-161.4879338383,38.896055039874,
    309.12887756982));
#251 = CARTESIAN_POINT('',(-162.472294492,36.009782004853,
    309.68269315231));
#252 = CARTESIAN_POINT('',(-163.4238654366,32.783230126883,
    310.19370792255));
#253 = CARTESIAN_POINT('',(-164.1112697605,30.220498014322,
    310.61134664087));
#254 = CARTESIAN_POINT('',(-164.6348576993,28.166455682527,
    310.94341599133));
#255 = CARTESIAN_POINT('',(-165.0036754863,26.663188486397,
    311.20003211422));
#256 = CARTESIAN_POINT('',(-165.2493830571,25.634167536631,
    311.39725381671));
#257 = CARTESIAN_POINT('',(-165.3962465286,25.004795678142,
    311.54943123283));
#258 = CARTESIAN_POINT('',(-165.4696256221,24.680176165299,
    311.67025910291));
#259 = CARTESIAN_POINT('',(-165.4940623377,24.560679300923,
    311.7717748592));
#260 = CARTESIAN_POINT('',(-165.4940639276,24.543573476031,
    311.86457146443));
#261 = CARTESIAN_POINT('',(-165.4940623374,24.525794154455,
    311.9575966723));
#262 = CARTESIAN_POINT('',(-165.4696256224,24.60850526302,
    312.05184049904));
#263 = CARTESIAN_POINT('',(-165.3962465287,24.891805077575,
    312.15016382372));
#264 = CARTESIAN_POINT('',(-165.2493830579,25.471871672434,
    312.25792019558));
#265 = CARTESIAN_POINT('',(-165.0036754859,26.438982379767,
    312.38449846627));
#266 = CARTESIAN_POINT('',(-164.6348576986,27.86175120834,312.5454737772
    ));
#267 = CARTESIAN_POINT('',(-164.1112697614,29.808624753328,
    312.76564237804));
#268 = CARTESIAN_POINT('',(-163.4238654363,32.228879865463,
    313.07972190481));
#269 = CARTESIAN_POINT('',(-162.4722944915,35.263747755438,
    313.55658174762));
#270 = CARTESIAN_POINT('',(-161.4879338387,37.913059938024,
    314.23947301615));
#271 = CARTESIAN_POINT('',(-159.452904452,43.339279080629,
    315.33076734611));
#272 = CARTESIAN_POINT('',(-159.9981889329,41.515212451911,
    316.09053895176));
#273 = CARTESIAN_POINT('',(-159.852080397,41.224530413272,
    317.79247483116));
#274 = CARTESIAN_POINT('',(-159.891230061,39.98868452345,319.96556733036
    ));
#275 = CARTESIAN_POINT('',(-159.8807399395,38.320156772154,
    322.58172290179));
#276 = CARTESIAN_POINT('',(-159.8835507593,35.933707011369,
    325.46700326613));
#277 = CARTESIAN_POINT('',(-159.8827976015,32.790008572094,
    328.46114029135));
#278 = CARTESIAN_POINT('',(-159.8829994095,28.840427683149,
    331.38233726061));
#279 = CARTESIAN_POINT('',(-159.8829453352,24.113138767659,
    334.05005596856));
#280 = CARTESIAN_POINT('',(-159.8829598254,18.698474313891,
    336.29669825664));
#281 = CARTESIAN_POINT('',(-159.882955939,12.750298441767,
    337.98419222187));
#282 = CARTESIAN_POINT('',(-159.882956997,6.471774278004,339.01787743319
    ));
#283 = CARTESIAN_POINT('',(-159.8829567668,2.22153994936,339.24392760293
    ));
#284 = CARTESIAN_POINT('',(-159.8829567628,0.12,339.24388848052));
#285 = CARTESIAN_POINT('',(-154.8334553816,-0.298888396205,
    264.80104796128));
#286 = CARTESIAN_POINT('',(-154.8334553795,2.633850675795,
    264.78828502908));
#287 = CARTESIAN_POINT('',(-154.8334554078,8.538225671529,
    265.10210060861));
#288 = CARTESIAN_POINT('',(-154.8334552936,17.200239969701,
    266.59525648606));
#289 = CARTESIAN_POINT('',(-154.8334557075,25.366834005789,
    269.04773971204));
#290 = CARTESIAN_POINT('',(-154.8334541671,32.776319070466,
    272.33399112825));
#291 = CARTESIAN_POINT('',(-154.8334599139,39.228063219027,
    276.27835551063));
#292 = CARTESIAN_POINT('',(-154.8334384664,44.597784699311,
    280.67139965415));
#293 = CARTESIAN_POINT('',(-154.8335185094,48.843109289995,
    285.28821422527));
#294 = CARTESIAN_POINT('',(-154.8332197844,52.002634332892,
    289.90579824606));
#295 = CARTESIAN_POINT('',(-154.8343346417,54.17775784544,
    294.31805832951));
#296 = CARTESIAN_POINT('',(-154.8301739378,55.543424472559,
    298.34387879785));
#297 = CARTESIAN_POINT('',(-154.8457018968,56.225526662502,
    301.83838972825));
#298 = CARTESIAN_POINT('',(-154.7877507648,56.661617061425,
    304.66690930814));
#299 = CARTESIAN_POINT('',(-155.0040273331,56.153361906643,
    306.79411637457));
#300 = CARTESIAN_POINT('',(-154.1968721909,58.169617737553,
    307.92393470693));
#301 = CARTESIAN_POINT('',(-157.2092161923,50.460373954316,
    308.80452697482));
#302 = CARTESIAN_POINT('',(-158.6534704153,46.410697184074,
    309.47974186758));
#303 = CARTESIAN_POINT('',(-160.0465511081,42.564058066327,
    309.97477507141));
#304 = CARTESIAN_POINT('',(-161.0479670135,39.737496481894,
    310.35141120842));
#305 = CARTESIAN_POINT('',(-161.8087668308,37.576398779236,
    310.64099584862));
#306 = CARTESIAN_POINT('',(-162.3433503867,36.030261683089,
    310.87191478383));
#307 = CARTESIAN_POINT('',(-162.698949675,34.887360565559,
    311.07830432114));
#308 = CARTESIAN_POINT('',(-162.911272288,34.173687274174,311.250889444)
  );
#309 = CARTESIAN_POINT('',(-163.0173000284,33.797051124338,
    311.39891974546));
#310 = CARTESIAN_POINT('',(-163.0526011428,33.655707093341,
    311.53086554206));
#311 = CARTESIAN_POINT('',(-163.0526035664,33.632191998314,
    311.65583885687));
#312 = CARTESIAN_POINT('',(-163.0526011428,33.607836793604,
    311.78110561879));
#313 = CARTESIAN_POINT('',(-163.0173000283,33.698755236722,
    311.91264582569));
#314 = CARTESIAN_POINT('',(-162.911272288,34.01900513592,312.0589310347)
  );
#315 = CARTESIAN_POINT('',(-162.6989496748,34.666090008229,
    312.23356673678));
#316 = CARTESIAN_POINT('',(-162.3433503868,35.72666258501,
    312.45621401063));
#317 = CARTESIAN_POINT('',(-161.808766831,37.168996735877,
    312.76898347787));
#318 = CARTESIAN_POINT('',(-161.0479670133,39.194827518445,
    313.18987824526));
#319 = CARTESIAN_POINT('',(-160.0465511081,41.843074388366,
    313.75049374438));
#320 = CARTESIAN_POINT('',(-158.6534704154,45.448397624891,
    314.52606111214));
#321 = CARTESIAN_POINT('',(-157.2092161922,49.186311667971,
    315.48119433397));
#322 = CARTESIAN_POINT('',(-154.1968721909,56.430830127798,
    317.06709004495));
#323 = CARTESIAN_POINT('',(-155.0040273333,54.007101130949,
    318.0233390256));
#324 = CARTESIAN_POINT('',(-154.7877507646,53.640830887635,
    320.26717062609));
#325 = CARTESIAN_POINT('',(-154.8457018966,52.02747356168,
    323.11472707837));
#326 = CARTESIAN_POINT('',(-154.8301739378,49.855156102373,
    326.54688474218));
#327 = CARTESIAN_POINT('',(-154.8343346417,46.74704457373,
    330.33079143329));
#328 = CARTESIAN_POINT('',(-154.8332197847,42.653535459706,
    334.25756126314));
#329 = CARTESIAN_POINT('',(-154.8335185099,37.510987032135,
    338.08847820045));
#330 = CARTESIAN_POINT('',(-154.8334384661,31.356222710648,
    341.58692066344));
#331 = CARTESIAN_POINT('',(-154.8334599157,24.30680521017,
    344.53312337129));
#332 = CARTESIAN_POINT('',(-154.833454161,16.562998544762,
    346.74606436121));
#333 = CARTESIAN_POINT('',(-154.8334557297,8.389203163103,
    348.10162469156));
#334 = CARTESIAN_POINT('',(-154.833455383,2.855952111452,348.39807032116
    ));
#335 = CARTESIAN_POINT('',(-154.8334553816,0.12,348.39801910887));
#336 = CARTESIAN_POINT('',(-149.7948059032,3.158982375952,
    255.87935807899));
#337 = CARTESIAN_POINT('',(-149.7948058995,6.530621347066,
    255.96990631161));
#338 = CARTESIAN_POINT('',(-149.7948059377,13.302137837097,
    256.53521705692));
#339 = CARTESIAN_POINT('',(-149.794805788,23.197667726787,
    258.53349338978));
#340 = CARTESIAN_POINT('',(-149.7948063295,32.49876731162,
    261.60488877882));
#341 = CARTESIAN_POINT('',(-149.794804313,40.917865657273,
    265.60334201377));
#342 = CARTESIAN_POINT('',(-149.7948118377,48.236160788769,
    270.32779642465));
#343 = CARTESIAN_POINT('',(-149.7947837555,54.320037593391,
    275.54034254676));
#344 = CARTESIAN_POINT('',(-149.7948885597,59.126841036157,
    280.98645029635));
#345 = CARTESIAN_POINT('',(-149.7944974252,62.703577423586,
    286.41414046479));
#346 = CARTESIAN_POINT('',(-149.7959571591,65.166783032899,
    291.59045907482));
#347 = CARTESIAN_POINT('',(-149.790509358,66.714073554162,
    296.31044933111));
#348 = CARTESIAN_POINT('',(-149.8108408282,67.489690272062,
    300.40912500075));
#349 = CARTESIAN_POINT('',(-149.7349627483,67.979186830374,
    303.73427958405));
#350 = CARTESIAN_POINT('',(-150.0181435979,67.424229526654,
    306.23894274316));
#351 = CARTESIAN_POINT('',(-148.9612982799,69.62851631112,
    307.60607158249));
#352 = CARTESIAN_POINT('',(-152.905498702,61.184393417189,
    308.60603835591));
#353 = CARTESIAN_POINT('',(-154.7856637915,56.522674361484,
    309.33103000472));
#354 = CARTESIAN_POINT('',(-156.5965945211,51.908735205847,
    309.90258096743));
#355 = CARTESIAN_POINT('',(-157.8941648772,48.394249497408,
    310.33659286861));
#356 = CARTESIAN_POINT('',(-158.8782695268,45.651790431363,
    310.67888406894));
#357 = CARTESIAN_POINT('',(-159.568616531,43.676660067841,
    310.95119075848));
#358 = CARTESIAN_POINT('',(-160.0273597943,42.365874478137,
    311.16969165288));
#359 = CARTESIAN_POINT('',(-160.3010733819,41.571500819548,
    311.35613389609));
#360 = CARTESIAN_POINT('',(-160.4377082176,41.161892670679,
    311.52311371615));
#361 = CARTESIAN_POINT('',(-160.4831925733,41.006793284023,
    311.67996736185));
#362 = CARTESIAN_POINT('',(-160.483195806,40.978187367844,
    311.83313177294));
#363 = CARTESIAN_POINT('',(-160.4831925732,40.948428230056,
    311.98667843959));
#364 = CARTESIAN_POINT('',(-160.4377082176,41.042083742097,
    312.15264292151));
#365 = CARTESIAN_POINT('',(-160.3010733819,41.38318306424,
    312.34557393142));
#366 = CARTESIAN_POINT('',(-160.0273597943,42.096939788024,
    312.58268608691));
#367 = CARTESIAN_POINT('',(-159.568616531,43.308409735489,
    312.88617651736));
#368 = CARTESIAN_POINT('',(-158.8782695267,45.156666711673,
    313.28020800488));
#369 = CARTESIAN_POINT('',(-157.8941648772,47.732979082154,
    313.8113420853));
#370 = CARTESIAN_POINT('',(-156.5965945211,51.029779755685,
    314.52145374776));
#371 = CARTESIAN_POINT('',(-154.7856637915,55.347711757465,
    315.51603034418));
#372 = CARTESIAN_POINT('',(-152.905498702,59.642628919877,
    316.72675944072));
#373 = CARTESIAN_POINT('',(-148.9612982799,67.539457005366,
    318.70035579645));
#374 = CARTESIAN_POINT('',(-150.0181435978,64.843281276298,
    319.84643320519));
#375 = CARTESIAN_POINT('',(-149.7349627484,64.345251618724,
    322.56923327696));
#376 = CARTESIAN_POINT('',(-149.8108408283,62.4228763012,326.01842707406
    ));
#377 = CARTESIAN_POINT('',(-149.790509358,59.810157285471,
    330.17671616516));
#378 = CARTESIAN_POINT('',(-149.7959571591,56.079665610258,
    334.76047368091));
#379 = CARTESIAN_POINT('',(-149.7944974251,51.165430440449,
    339.5171275202));
#380 = CARTESIAN_POINT('',(-149.7948885598,44.992967411646,
    344.15746366144));
#381 = CARTESIAN_POINT('',(-149.7947837548,37.606054718899,
    348.39496774273));
#382 = CARTESIAN_POINT('',(-149.7948118402,29.145891148363,
    351.96350988697));
#383 = CARTESIAN_POINT('',(-149.7948043037,19.852689866994,
    354.64388750141));
#384 = CARTESIAN_POINT('',(-149.7948063644,10.043619708218,
    356.28579282877));
#385 = CARTESIAN_POINT('',(-149.7948058936,3.40335339806,356.64486808021
    ));
#386 = CARTESIAN_POINT('',(-149.7948059032,0.12,356.6448061232));
#387 = CARTESIAN_POINT('',(-144.7706372689,-11.6170411076,
    245.29855586301));
#388 = CARTESIAN_POINT('',(-144.7706372669,-7.152583452199,
    244.94887287226));
#389 = CARTESIAN_POINT('',(-144.7706373099,1.887004137589,244.8085578967
    ));
#390 = CARTESIAN_POINT('',(-144.7706371285,15.269082635587,
    246.30529314999));
#391 = CARTESIAN_POINT('',(-144.7706377895,27.974551063386,
    249.42314250478));
#392 = CARTESIAN_POINT('',(-144.7706353271,39.563560990011,
    253.96740136405));
#393 = CARTESIAN_POINT('',(-144.7706445159,49.693697573309,
    259.65547851265));
#394 = CARTESIAN_POINT('',(-144.7706102231,58.146803411874,
    266.14482173982));
#395 = CARTESIAN_POINT('',(-144.7707382054,64.839676731975,
    273.06457036027));
#396 = CARTESIAN_POINT('',(-144.7702605688,69.82213839405,280.0458597249
    ));
#397 = CARTESIAN_POINT('',(-144.7720431331,73.251473111257,
    286.74782713209));
#398 = CARTESIAN_POINT('',(-144.7653905125,75.39459728994,
    292.87247142987));
#399 = CARTESIAN_POINT('',(-144.7902184306,76.483484259328,
    298.18172490892));
#400 = CARTESIAN_POINT('',(-144.6975593789,77.09412577447,
    302.46199895625));
#401 = CARTESIAN_POINT('',(-145.0433676676,76.564483404124,
    305.64281107536));
#402 = CARTESIAN_POINT('',(-143.7527935642,78.735306031896,
    307.30695480029));
#403 = CARTESIAN_POINT('',(-148.569281689,70.370055061941,
    308.45141554769));
#404 = CARTESIAN_POINT('',(-150.8588428006,65.419930905073,
    309.34024385802));
#405 = CARTESIAN_POINT('',(-153.0625405888,60.517194765537,
    309.93119400403));
#406 = CARTESIAN_POINT('',(-154.6390283869,56.687050233153,310.404935517
    ));
#407 = CARTESIAN_POINT('',(-155.8336608161,53.687311884856,
    310.76550348288));
#408 = CARTESIAN_POINT('',(-156.6710086983,51.506258768292,
    311.05739295614));
#409 = CARTESIAN_POINT('',(-157.2271553143,50.015036617025,
    311.3027550047));
#410 = CARTESIAN_POINT('',(-157.5588688844,49.100945968568,
    311.5168169519));
#411 = CARTESIAN_POINT('',(-157.7244268234,48.625443007619,
    311.71177851306));
#412 = CARTESIAN_POINT('',(-157.7795350945,48.44469556885,
    311.89676203995));
#413 = CARTESIAN_POINT('',(-157.7795390773,48.410870681302,
    312.07828968487));
#414 = CARTESIAN_POINT('',(-157.7795350945,48.37571094617,
    312.26026429115));
#415 = CARTESIAN_POINT('',(-157.7244268234,48.483840582168,
    312.45783118986));
#416 = CARTESIAN_POINT('',(-157.5588688844,48.878414414619,
    312.68910211193));
#417 = CARTESIAN_POINT('',(-157.2271553143,49.697389162261,
    312.97600941227));
#418 = CARTESIAN_POINT('',(-156.6710086983,51.071796134108,
    313.34628497719));
#419 = CARTESIAN_POINT('',(-155.8336608161,53.104605335233,
    313.8366244564));
#420 = CARTESIAN_POINT('',(-154.6390283869,55.912541346884,
    314.49068267985));
#421 = CARTESIAN_POINT('',(-153.0625405888,59.48850057176,
    315.36615987197));
#422 = CARTESIAN_POINT('',(-150.8588428006,64.068776505481,
    316.50518629369));
#423 = CARTESIAN_POINT('',(-148.569281689,68.574003733971,
    317.99092089967));
#424 = CARTESIAN_POINT('',(-143.7527935642,76.400825434652,
    319.9484674142));
#425 = CARTESIAN_POINT('',(-145.0433676676,73.649693165926,
    321.34967936422));
#426 = CARTESIAN_POINT('',(-144.6975593788,73.007708212976,
    324.46619099308));
#427 = CARTESIAN_POINT('',(-144.7902184306,70.853413944098,
    328.45139802686));
#428 = CARTESIAN_POINT('',(-144.7653905125,67.887691958158,
    333.24912756505));
#429 = CARTESIAN_POINT('',(-144.7720431331,63.659759438133,
    338.54152272222));
#430 = CARTESIAN_POINT('',(-144.7702605687,58.084492951166,
    344.03415282725));
#431 = CARTESIAN_POINT('',(-144.7707382057,51.079292263168,
    349.39345012001));
#432 = CARTESIAN_POINT('',(-144.7706102223,42.692921929941,
    354.2879937179));
#433 = CARTESIAN_POINT('',(-144.7706445188,33.085985824531,
    358.41012022632));
#434 = CARTESIAN_POINT('',(-144.7706353163,22.531636747294,
    361.50635751295));
#435 = CARTESIAN_POINT('',(-144.7706378298,11.39074311886,
    363.40294900338));
#436 = CARTESIAN_POINT('',(-144.7706372621,3.848972860164,
    363.81768008785));
#437 = CARTESIAN_POINT('',(-144.7706372689,0.12,363.81760820487));
#438 = CARTESIAN_POINT('',(-139.7645727216,45.500354755358,
    246.43866771696));
#439 = CARTESIAN_POINT('',(-139.7645727161,47.916257812409,
    247.80423090439));
#440 = CARTESIAN_POINT('',(-139.7645727708,52.562157674914,
    250.7128666189));
#441 = CARTESIAN_POINT('',(-139.7645725575,58.866264691793,
    255.51333097652));
#442 = CARTESIAN_POINT('',(-139.7645733285,64.432186622856,
    260.64202838267));
#443 = CARTESIAN_POINT('',(-139.7645704577,69.220071756321,
    265.98165209217));
#444 = CARTESIAN_POINT('',(-139.76458117,73.221773020993,271.41184857465
    ));
#445 = CARTESIAN_POINT('',(-139.7645411916,76.458004483296,
    276.81330708764));
#446 = CARTESIAN_POINT('',(-139.7646903931,78.974219900676,
    282.07088734095));
#447 = CARTESIAN_POINT('',(-139.7641335655,80.838367326213,
    287.0754463057));
#448 = CARTESIAN_POINT('',(-139.7662116741,82.130086931656,
    291.72631416346));
#449 = CARTESIAN_POINT('',(-139.7584560673,82.960683459049,
    295.92778566298));
#450 = CARTESIAN_POINT('',(-139.7874003859,83.376819595764,
    299.60494272026));
#451 = CARTESIAN_POINT('',(-139.6793787184,83.696150488322,
    302.64460769474));
#452 = CARTESIAN_POINT('',(-140.0825210699,83.228361390453,
    305.1130569424));
#453 = CARTESIAN_POINT('',(-138.5779733314,85.019123656094,
    306.43822100438));
#454 = CARTESIAN_POINT('',(-144.1930219338,78.113461425471,
    308.45403882848));
#455 = CARTESIAN_POINT('',(-146.862952666,73.230035711474,
    309.20629430192));
#456 = CARTESIAN_POINT('',(-149.4329415682,68.307718182508,
    310.04028489252));
#457 = CARTESIAN_POINT('',(-151.2717685799,64.377245170715,
    310.52593664055));
#458 = CARTESIAN_POINT('',(-152.6653178555,61.222008350561,
    310.9347915767));
#459 = CARTESIAN_POINT('',(-153.6421737499,58.903897980908,
    311.25509266509));
#460 = CARTESIAN_POINT('',(-154.2910120072,57.317617860366,
    311.52515875159));
#461 = CARTESIAN_POINT('',(-154.6780255349,56.342253030759,311.763600663
    ));
#462 = CARTESIAN_POINT('',(-154.8711872266,55.833320885052,
    311.9843816513));
#463 = CARTESIAN_POINT('',(-154.9354843091,55.638058553344,
    312.19631467893));
#464 = CARTESIAN_POINT('',(-154.935488948,55.5992069717,312.40566164102)
  );
#465 = CARTESIAN_POINT('',(-154.9354843091,55.558809895679,
    312.6155231399));
#466 = CARTESIAN_POINT('',(-154.8711872266,55.670679089128,
    312.84463081577));
#467 = CARTESIAN_POINT('',(-154.6780255349,56.086786102985,
    313.11482426931));
#468 = CARTESIAN_POINT('',(-154.2910120072,56.953408711604,
    313.45180853959));
#469 = CARTESIAN_POINT('',(-153.6421737499,58.40659286297,313.8870556274
    ));
#470 = CARTESIAN_POINT('',(-152.6653178555,60.557257996154,
    314.45605910326));
#471 = CARTESIAN_POINT('',(-151.2717685799,63.495037214199,
    315.21042919342));
#472 = CARTESIAN_POINT('',(-149.4329415682,67.15717584551,
    316.16063460442));
#473 = CARTESIAN_POINT('',(-146.862952666,71.681496824081,
    317.50990580487));
#474 = CARTESIAN_POINT('',(-144.1930219338,76.193605746239,
    318.82147128219));
#475 = CARTESIAN_POINT('',(-138.5779733314,82.388211510252,
    320.96144021532));
#476 = CARTESIAN_POINT('',(-140.0825210699,80.001676223599,
    322.55154124997));
#477 = CARTESIAN_POINT('',(-139.6793787184,79.122232467078,
    326.01729826414));
#478 = CARTESIAN_POINT('',(-139.7874003859,76.807841810538,
    330.44503240509));
#479 = CARTESIAN_POINT('',(-139.7584560673,73.557824251412,
    335.76597821666));
#480 = CARTESIAN_POINT('',(-139.7662116741,68.957119596768,
    341.6301036565));
#481 = CARTESIAN_POINT('',(-139.7641335655,62.897462267877,
    347.71159236641));
#482 = CARTESIAN_POINT('',(-139.7646903933,55.296524212586,
    353.6423424858));
#483 = CARTESIAN_POINT('',(-139.7645411909,46.206767370552,
    359.05679674446));
#484 = CARTESIAN_POINT('',(-139.7645811727,35.802181193758,
    363.61581293677));
#485 = CARTESIAN_POINT('',(-139.7645704478,24.376902997892,
    367.03999359993));
#486 = CARTESIAN_POINT('',(-139.7645733655,12.3191950409,369.13767376463
    ));
#487 = CARTESIAN_POINT('',(-139.7645727349,4.156503241223,
    369.59653623959));
#488 = CARTESIAN_POINT('',(-139.7645727216,0.12,369.59645802505));
#489 = CARTESIAN_POINT('',(-134.7802567664,59.527164408965,
    249.90279654298));
#490 = CARTESIAN_POINT('',(-134.7802567637,61.32192230786,
    251.18555760053));
#491 = CARTESIAN_POINT('',(-134.7802568202,64.797254328153,
    253.87612901963));
#492 = CARTESIAN_POINT('',(-134.780256582,69.585646570324,
    258.23130733958));
#493 = CARTESIAN_POINT('',(-134.7802574501,73.88298258574,
    262.83610749494));
#494 = CARTESIAN_POINT('',(-134.780254216,77.641975696452,
    267.60949789358));
#495 = CARTESIAN_POINT('',(-134.7802662844,80.83670063793,
    272.46236714437));
#496 = CARTESIAN_POINT('',(-134.7802212448,83.463770296795,
    277.30108261031));
#497 = CARTESIAN_POINT('',(-134.7803893349,85.541408072852,
    282.03124376984));
#498 = CARTESIAN_POINT('',(-134.7797620141,87.109615415584,
    286.56045760237));
#499 = CARTESIAN_POINT('',(-134.782103207,88.219826398319,
    290.80288900497));
#500 = CARTESIAN_POINT('',(-134.7733657561,88.958196772197,
    294.67396648093));
#501 = CARTESIAN_POINT('',(-134.8059743669,89.339026673518,
    298.11769246349));
#502 = CARTESIAN_POINT('',(-134.6842773745,89.679890207544,
    301.00774623359));
#503 = CARTESIAN_POINT('',(-135.1384567334,89.177290775087,
    303.51522165095));
#504 = CARTESIAN_POINT('',(-133.4434362904,91.197210954717,
    304.73111900767));
#505 = CARTESIAN_POINT('',(-139.7693387033,83.504906019409,
    307.79949715101));
#506 = CARTESIAN_POINT('',(-142.7880242816,79.755900676836,
    309.31015943039));
#507 = CARTESIAN_POINT('',(-145.6963223024,75.238040658044,
    309.96490036789));
#508 = CARTESIAN_POINT('',(-147.7814248035,71.341751239097,
    310.66895565816));
#509 = CARTESIAN_POINT('',(-149.3633112957,68.23449649678,
    311.11565646968));
#510 = CARTESIAN_POINT('',(-150.4733402561,65.901157405097,
    311.47844795992));
#511 = CARTESIAN_POINT('',(-151.2111060219,64.283398354758,
    311.78280526079));
#512 = CARTESIAN_POINT('',(-151.651358987,63.279781337141,
    312.05105052685));
#513 = CARTESIAN_POINT('',(-151.8711432828,62.752556019651,
    312.29916405073));
#514 = CARTESIAN_POINT('',(-151.9443093842,62.547718738456,
    312.53856672393));
#515 = CARTESIAN_POINT('',(-151.9443145516,62.504022516203,
    312.77525909255));
#516 = CARTESIAN_POINT('',(-151.9443093842,62.458580396388,
    313.01253751535));
#517 = CARTESIAN_POINT('',(-151.8711432828,62.569652441574,
    313.27166275931));
#518 = CARTESIAN_POINT('',(-151.651358987,62.992762610919,
    313.57723313405));
#519 = CARTESIAN_POINT('',(-151.2111060219,63.874852185379,
    313.95632843439));
#520 = CARTESIAN_POINT('',(-150.4733402561,65.344972620675,
    314.44094989032));
#521 = CARTESIAN_POINT('',(-149.3633112957,67.493688837854,
    315.06966021033));
#522 = CARTESIAN_POINT('',(-147.7814248035,70.367881462325,
    315.87860411524));
#523 = CARTESIAN_POINT('',(-145.6963223024,73.939982779791,
    316.96604315658));
#524 = CARTESIAN_POINT('',(-142.7880242816,78.150066371494,
    318.0406859456));
#525 = CARTESIAN_POINT('',(-139.7693387033,81.346114988705,
    319.63650709731));
#526 = CARTESIAN_POINT('',(-133.4434362904,88.109449942468,
    322.26235450017));
#527 = CARTESIAN_POINT('',(-135.1384567334,85.450622273608,
    324.05215916131));
#528 = CARTESIAN_POINT('',(-134.6842773745,84.453175130474,
    327.91436614446));
#529 = CARTESIAN_POINT('',(-134.8059743669,81.897564824748,
    332.78276432635));
#530 = CARTESIAN_POINT('',(-134.7733657561,78.348935783739,
    338.60262443979));
#531 = CARTESIAN_POINT('',(-134.7821032071,73.369260029027,
    344.99007308508));
#532 = CARTESIAN_POINT('',(-134.779762014,66.854972777227,
    351.59598020982));
#533 = CARTESIAN_POINT('',(-134.7803893351,58.725264124375,
    358.02519065715));
#534 = CARTESIAN_POINT('',(-134.7802212438,49.039236980005,
    363.88688778084));
#535 = CARTESIAN_POINT('',(-134.7802662879,37.980203357274,
    368.81886940516));
#536 = CARTESIAN_POINT('',(-134.780254203,25.854565491179,
    372.52266443452));
#537 = CARTESIAN_POINT('',(-134.7802574984,13.065201190731,
    374.79276676147));
#538 = CARTESIAN_POINT('',(-134.7802567672,4.40485898743,375.29008768996
    ));
#539 = CARTESIAN_POINT('',(-134.7802567664,0.12,375.29000824724));
#540 = CARTESIAN_POINT('',(-129.8212545572,79.081401639629,
    257.38844284467));
#541 = CARTESIAN_POINT('',(-129.8212545592,80.064674210516,
    258.66136977809));
#542 = CARTESIAN_POINT('',(-129.8212546139,81.941512760876,
    261.24732376798));
#543 = CARTESIAN_POINT('',(-129.8212543557,84.468772401745,
    265.20590110083));
#544 = CARTESIAN_POINT('',(-129.8212553065,86.697296695629,
    269.2017207754));
#545 = CARTESIAN_POINT('',(-129.8212517614,88.624145229686,
    273.19152814177));
#546 = CARTESIAN_POINT('',(-129.8212649907,90.25361516478,
    277.13193194805));
#547 = CARTESIAN_POINT('',(-129.8212156187,91.596733729896,
    280.97994716341));
#548 = CARTESIAN_POINT('',(-129.8213998776,92.670045985761,
    284.69357911215));
#549 = CARTESIAN_POINT('',(-129.8207122138,93.49673105765,288.2316302117
    ));
#550 = CARTESIAN_POINT('',(-129.8232786101,94.098814408033,
    291.55589981548));
#551 = CARTESIAN_POINT('',(-129.8137006887,94.522385656638,
    294.62403237223));
#552 = CARTESIAN_POINT('',(-129.8494459779,94.739330752875,
    297.41690983274));
#553 = CARTESIAN_POINT('',(-129.7160427426,95.009501905993,
    299.83678400064));
#554 = CARTESIAN_POINT('',(-130.2139103945,94.52400006065,
    302.08745271523));
#555 = CARTESIAN_POINT('',(-128.3558430222,96.462876900055,
    303.2550167779));
#556 = CARTESIAN_POINT('',(-135.2902448597,89.113356543685,
    306.60370464297));
#557 = CARTESIAN_POINT('',(-138.623768816,84.799206365606,308.4247750013
    ));
#558 = CARTESIAN_POINT('',(-141.8413099466,80.765736261991,
    310.10825284297));
#559 = CARTESIAN_POINT('',(-144.1576771621,77.576246007373,
    310.65788988221));
#560 = CARTESIAN_POINT('',(-145.9188556833,74.574378406491,
    311.24767374277));
#561 = CARTESIAN_POINT('',(-147.1572978694,72.314295995293,
    311.68248435192));
#562 = CARTESIAN_POINT('',(-147.9814781275,70.731996700376,
    312.02713240075));
#563 = CARTESIAN_POINT('',(-148.4737415727,69.745083695048,
    312.33122928418));
#564 = CARTESIAN_POINT('',(-148.719604201,69.222425127706,
    312.61213416394));
#565 = CARTESIAN_POINT('',(-148.8014680911,69.016224170106,
    312.87910243342));
#566 = CARTESIAN_POINT('',(-148.8014736217,68.968035706556,
    313.14211363112));
#567 = CARTESIAN_POINT('',(-148.8014680911,68.917941945634,
    313.40575701498));
#568 = CARTESIAN_POINT('',(-148.719604201,69.020776264759,
    313.69263432877));
#569 = CARTESIAN_POINT('',(-148.4737415727,69.428661434256,
    314.02761663993));
#570 = CARTESIAN_POINT('',(-147.9814781275,70.281728767092,
    314.44289425068));
#571 = CARTESIAN_POINT('',(-147.1572978694,71.702742781613,
    314.96830949677));
#572 = CARTESIAN_POINT('',(-145.9188556833,73.759562650031,
    315.63822801411));
#573 = CARTESIAN_POINT('',(-144.1576771621,76.510815641221,
    316.45558673614));
#574 = CARTESIAN_POINT('',(-141.8413099466,79.44221878251,
    317.31103151186));
#575 = CARTESIAN_POINT('',(-138.623768816,82.931703670661,
    318.81888657925));
#576 = CARTESIAN_POINT('',(-135.2902448597,86.64097737257,
    320.54864627141));
#577 = CARTESIAN_POINT('',(-128.3558430222,92.98531705779,
    323.29901232868));
#578 = CARTESIAN_POINT('',(-130.2139103945,90.334755499752,
    325.35479871973));
#579 = CARTESIAN_POINT('',(-129.7160427426,89.168169436577,
    329.56747272168));
#580 = CARTESIAN_POINT('',(-129.8494459779,86.418990809955,
    334.86319092379));
#581 = CARTESIAN_POINT('',(-129.8137006887,82.603610944813,
    341.16271245286));
#582 = CARTESIAN_POINT('',(-129.8232786101,77.291705582719,
    348.05886473404));
#583 = CARTESIAN_POINT('',(-129.8207122137,70.375583160523,
    355.1764246053));
#584 = CARTESIAN_POINT('',(-129.8213998779,61.777361597597,
    362.09376427911));
#585 = CARTESIAN_POINT('',(-129.8212156176,51.561320073017,
    368.39432493714));
#586 = CARTESIAN_POINT('',(-129.8212649947,39.919418447576,
    373.69260999307));
#587 = CARTESIAN_POINT('',(-129.8212517465,27.169506740785,
    377.67090753644));
#588 = CARTESIAN_POINT('',(-129.8212553622,13.72830500209,
    380.10997518589));
#589 = CARTESIAN_POINT('',(-129.8212545526,4.625400632842,
    380.64483276631));
#590 = CARTESIAN_POINT('',(-129.8212545572,0.12,380.64475115978));
#591 = CARTESIAN_POINT('',(-124.8914273913,89.332743210308,
    263.30638153231));
#592 = CARTESIAN_POINT('',(-124.8914273924,89.949354468268,
    264.37515460005));
#593 = CARTESIAN_POINT('',(-124.8914274526,91.127586390128,
    266.52910003082));
#594 = CARTESIAN_POINT('',(-124.8914271754,92.721481552695,
    269.78653234995));
#595 = CARTESIAN_POINT('',(-124.8914281941,94.1367599887,273.04669713694
    ));
#596 = CARTESIAN_POINT('',(-124.8914243965,95.371708572469,
    276.28501106243));
#597 = CARTESIAN_POINT('',(-124.8914385682,96.428059077461,
    279.47642415036));
#598 = CARTESIAN_POINT('',(-124.8913856789,97.311053332336,
    282.59571101104));
#599 = CARTESIAN_POINT('',(-124.8915830641,98.028788741269,
    285.61795621437));
#600 = CARTESIAN_POINT('',(-124.8908464127,98.5937477577,288.5182405075)
  );
#601 = CARTESIAN_POINT('',(-124.8935956333,99.015692271299,
    291.27413569917));
#602 = CARTESIAN_POINT('',(-124.8833354021,99.326348969462,
    293.85745748629));
#603 = CARTESIAN_POINT('',(-124.9216271062,99.48508914047,
    296.26578786896));
#604 = CARTESIAN_POINT('',(-124.7787205212,99.728467277554,
    298.40522564087));
#605 = CARTESIAN_POINT('',(-125.3120551572,99.263056989373,
    300.52801337928));
#606 = CARTESIAN_POINT('',(-123.3216231981,101.14104336525,
    301.59901920359));
#607 = CARTESIAN_POINT('',(-130.7500163985,94.061341923422,
    305.39157307129));
#608 = CARTESIAN_POINT('',(-134.3610906691,89.952491437858,
    307.50085223031));
#609 = CARTESIAN_POINT('',(-137.8561498218,85.745968117271,
    309.18118214726));
#610 = CARTESIAN_POINT('',(-140.3878144217,82.437510172814,
    310.46489476277));
#611 = CARTESIAN_POINT('',(-142.3188964872,79.981552008706,
    311.33926686766));
#612 = CARTESIAN_POINT('',(-143.6810102046,78.039757600205,
    311.76409126493));
#613 = CARTESIAN_POINT('',(-144.5892102359,76.580302886506,
    312.21878223682));
#614 = CARTESIAN_POINT('',(-145.1323699951,75.648968560056,
    312.56564994116));
#615 = CARTESIAN_POINT('',(-145.4038353027,75.146129455524,
    312.87608029391));
#616 = CARTESIAN_POINT('',(-145.4942502206,74.942663767232,
    313.17239384639));
#617 = CARTESIAN_POINT('',(-145.4942559261,74.890139950894,
    313.46192814673));
#618 = CARTESIAN_POINT('',(-145.4942502206,74.835558124157,
    313.75211274063));
#619 = CARTESIAN_POINT('',(-145.4038353027,74.926607419507,
    314.0643991551));
#620 = CARTESIAN_POINT('',(-145.1323699951,75.305370576061,
    314.42628855012));
#621 = CARTESIAN_POINT('',(-144.5892102359,76.095449435341,
    314.84816168362));
#622 = CARTESIAN_POINT('',(-143.6810102046,77.380311842438,
    315.36456211409));
#623 = CARTESIAN_POINT('',(-142.3188964872,79.134802220918,
    315.96630279803));
#624 = CARTESIAN_POINT('',(-140.3878144217,81.288506144076,
    316.81361534867));
#625 = CARTESIAN_POINT('',(-137.8561498218,84.179766506472,
    317.97309872446));
#626 = CARTESIAN_POINT('',(-134.3610906691,87.858893122662,
    319.44746910079));
#627 = CARTESIAN_POINT('',(-130.7500163985,91.287050429528,
    321.33747906896));
#628 = CARTESIAN_POINT('',(-123.3216231981,97.250720621778,
    324.34253639653));
#629 = CARTESIAN_POINT('',(-125.3120551572,94.593440206627,
    326.63056511559));
#630 = CARTESIAN_POINT('',(-124.7787205212,93.262044727698,
    331.18144131167));
#631 = CARTESIAN_POINT('',(-124.9216271062,90.325975064646,
    336.86670958171));
#632 = CARTESIAN_POINT('',(-124.8833354021,86.26082835947,
    343.59854972168));
#633 = CARTESIAN_POINT('',(-124.8935956333,80.645419251869,
    350.94636388796));
#634 = CARTESIAN_POINT('',(-124.8908464126,73.370542864966,
    358.51382998734));
#635 = CARTESIAN_POINT('',(-124.8915830644,64.362341168472,
    365.85711352673));
#636 = CARTESIAN_POINT('',(-124.891385678,53.690103105554,
    372.53864250846));
#637 = CARTESIAN_POINT('',(-124.8914385718,41.552705697401,
    378.15396373147));
#638 = CARTESIAN_POINT('',(-124.891424383,28.276279405749,
    382.36969074174));
#639 = CARTESIAN_POINT('',(-124.8914282444,14.287083882288,
    384.95517408422));
#640 = CARTESIAN_POINT('',(-124.8914274065,4.811596789536,385.5227420588
    ));
#641 = CARTESIAN_POINT('',(-124.8914273913,0.12,385.52265975478));
#642 = CARTESIAN_POINT('',(-119.9935313431,96.374547981647,
    265.96641805058));
#643 = CARTESIAN_POINT('',(-119.9935313381,96.80549886205,
    266.91329156936));
#644 = CARTESIAN_POINT('',(-119.9935314101,97.627261978014,
    268.81128372322));
#645 = CARTESIAN_POINT('',(-119.9935311159,98.737494589095,
    271.65650291373));
#646 = CARTESIAN_POINT('',(-119.9935321847,99.725001163971,
    274.48527011816));
#647 = CARTESIAN_POINT('',(-119.9935282038,100.59108888885,
    277.28284166303));
#648 = CARTESIAN_POINT('',(-119.9935430586,101.33856823815,
    280.03452441081));
#649 = CARTESIAN_POINT('',(-119.9934876203,101.97177337507,
    282.72571310291));
#650 = CARTESIAN_POINT('',(-119.9936945187,102.49600573825,
    285.34214159644));
#651 = CARTESIAN_POINT('',(-119.9929223633,102.91908738808,
    287.86926969409));
#652 = CARTESIAN_POINT('',(-119.9958040865,103.24500344077,
    290.2948406691));
#653 = CARTESIAN_POINT('',(-119.9850493492,103.49702971152,
    292.59955703112));
#654 = CARTESIAN_POINT('',(-120.0251865751,103.63077404712,
    294.79205553231));
#655 = CARTESIAN_POINT('',(-119.8753924087,103.85801019152,
    296.77851101085));
#656 = CARTESIAN_POINT('',(-120.4344318484,103.43735033761,
    298.84936557473));
#657 = CARTESIAN_POINT('',(-118.3480682561,105.18668764259,
    299.86285934319));
#658 = CARTESIAN_POINT('',(-126.1344831856,98.641638808582,
    304.02415088573));
#659 = CARTESIAN_POINT('',(-129.9864410402,94.643381927596,
    306.36100615959));
#660 = CARTESIAN_POINT('',(-133.7305122735,90.588170993408,
    308.37723010835));
#661 = CARTESIAN_POINT('',(-136.4680499451,87.327977113864,
    309.75880735257));
#662 = CARTESIAN_POINT('',(-138.5663115921,84.658784322812,
    310.78749202507));
#663 = CARTESIAN_POINT('',(-140.0531839449,82.714465216384,
    311.5866910163));
#664 = CARTESIAN_POINT('',(-141.0473550671,81.401291919139,
    312.1506582322));
#665 = CARTESIAN_POINT('',(-141.6430867953,80.589435564568,
    312.59744534927));
#666 = CARTESIAN_POINT('',(-141.9411221053,80.156648367215,
    312.96677929453));
#667 = CARTESIAN_POINT('',(-142.0404288805,79.976474038559,
    313.29291694401));
#668 = CARTESIAN_POINT('',(-142.0404344954,79.92120425346,
    313.60297407102));
#669 = CARTESIAN_POINT('',(-142.0404288805,79.863494699208,
    313.91510563199));
#670 = CARTESIAN_POINT('',(-141.9411221053,79.924642903733,
    314.24473657884));
#671 = CARTESIAN_POINT('',(-141.6430867953,80.223984042659,
    314.6137296869));
#672 = CARTESIAN_POINT('',(-141.0473550671,80.876634116274,
    315.05551822325));
#673 = CARTESIAN_POINT('',(-140.0531839449,81.992375542818,
    315.60576413258));
#674 = CARTESIAN_POINT('',(-138.5663115921,83.674114529577,
    316.32157958366));
#675 = CARTESIAN_POINT('',(-136.4680499451,86.012720729737,
    317.23679113016));
#676 = CARTESIAN_POINT('',(-133.7305122735,88.842777185178,
    318.41797270633));
#677 = CARTESIAN_POINT('',(-129.9864410402,92.295993996048,
    320.05597755961));
#678 = CARTESIAN_POINT('',(-126.1344831856,95.549313340671,
    322.1089204552));
#679 = CARTESIAN_POINT('',(-118.3480682561,100.88810942999,
    325.3631038946));
#680 = CARTESIAN_POINT('',(-120.4344318484,98.285807329666,
    327.87757026388));
#681 = CARTESIAN_POINT('',(-119.8753924087,96.775403544772,
    332.73307666725));
#682 = CARTESIAN_POINT('',(-120.0251865751,93.666581352535,
    338.75766752642));
#683 = CARTESIAN_POINT('',(-119.9850493492,89.368848499144,345.856514209
    ));
#684 = CARTESIAN_POINT('',(-119.9958040865,83.479641512045,
    353.58063151697));
#685 = CARTESIAN_POINT('',(-119.9929223632,75.887891085517,
    361.5175721145));
#686 = CARTESIAN_POINT('',(-119.993694519,66.525035171357,
    369.20690565435));
#687 = CARTESIAN_POINT('',(-119.9934876191,55.464843173162,
    376.19566053483));
#688 = CARTESIAN_POINT('',(-119.993543063,42.911532578511,
    382.06561373444));
#689 = CARTESIAN_POINT('',(-119.9935281873,29.196743182743,
    386.47191551997));
#690 = CARTESIAN_POINT('',(-119.9935322464,14.752622962268,
    389.17528075005));
#691 = CARTESIAN_POINT('',(-119.9935313392,4.967096682855,
    389.76941275681));
#692 = CARTESIAN_POINT('',(-119.9935313431,0.12,389.76933111058));
#693 = CARTESIAN_POINT('',(-115.1344472361,102.69577975376,270.747424094
    ));
#694 = CARTESIAN_POINT('',(-115.134447243,102.95182398857,
    271.49908393831));
#695 = CARTESIAN_POINT('',(-115.1344472995,103.44096180448,
    273.00006344754));
#696 = CARTESIAN_POINT('',(-115.1344470035,104.10616965614,
    275.23868379439));
#697 = CARTESIAN_POINT('',(-115.1344481027,104.70364086885,
    277.45861155793));
#698 = CARTESIAN_POINT('',(-115.134444002,105.23455232855,
    279.65400118597));
#699 = CARTESIAN_POINT('',(-115.1344593056,105.70046209134,
    281.81903467127));
#700 = CARTESIAN_POINT('',(-115.1344021918,106.10340929425,
    283.94789887034));
#701 = CARTESIAN_POINT('',(-115.1346153433,106.44549912526,
    286.03496098313));
#702 = CARTESIAN_POINT('',(-115.1338198512,106.73038959859,
    288.07420408073));
#703 = CARTESIAN_POINT('',(-115.1367886684,106.95766049583,
    290.06141894939));
#704 = CARTESIAN_POINT('',(-115.1257088917,107.14372836822,
    291.98609979984));
#705 = CARTESIAN_POINT('',(-115.1670591811,107.24367599319,
    293.86175323648));
#706 = CARTESIAN_POINT('',(-115.0127378001,107.44286417873,
    295.61283308219));
#707 = CARTESIAN_POINT('',(-115.5886730348,107.06849104941,
    297.49674092745));
#708 = CARTESIAN_POINT('',(-113.4392534772,108.6515741858,
    298.52892161511));
#709 = CARTESIAN_POINT('',(-121.4609964728,102.76729091321,
    302.36049941458));
#710 = CARTESIAN_POINT('',(-125.5028906997,99.014119306833,
    305.11496715396));
#711 = CARTESIAN_POINT('',(-129.448749383,95.142912013708,
    307.30738485734));
#712 = CARTESIAN_POINT('',(-132.3612900464,91.969202336985,
    308.9482331946));
#713 = CARTESIAN_POINT('',(-134.6045182964,89.399740922159,
    310.1698997968));
#714 = CARTESIAN_POINT('',(-136.2013795374,87.462507242677,
    311.06033374153));
#715 = CARTESIAN_POINT('',(-137.272040966,86.102011683296,
    311.74354029168));
#716 = CARTESIAN_POINT('',(-137.9148267916,85.245882263119,
    312.27764600638));
#717 = CARTESIAN_POINT('',(-138.2367132304,84.78274347281,
    312.72019857986));
#718 = CARTESIAN_POINT('',(-138.3440118922,84.586173085703,
    313.1121458366));
#719 = CARTESIAN_POINT('',(-138.3440172743,84.521917946885,
    313.4844941086));
#720 = CARTESIAN_POINT('',(-138.3440118922,84.454330643012,
    313.86042553351));
#721 = CARTESIAN_POINT('',(-138.2367132304,84.512530787652,
    314.25387680363));
#722 = CARTESIAN_POINT('',(-137.9148267916,84.8219133768,314.68705360857
    ));
#723 = CARTESIAN_POINT('',(-137.272040966,85.497794257701,
    315.18816852121));
#724 = CARTESIAN_POINT('',(-136.2013795374,86.636486740279,
    315.79625321641));
#725 = CARTESIAN_POINT('',(-134.6045182964,88.294308512399,
    316.55778527248));
#726 = CARTESIAN_POINT('',(-132.3612900464,90.495304658598,
    317.55052572323));
#727 = CARTESIAN_POINT('',(-129.448749383,93.185901392905,
    318.85646781464));
#728 = CARTESIAN_POINT('',(-125.5028906997,96.405753579253,
    320.62973290102));
#729 = CARTESIAN_POINT('',(-121.4609964728,99.348607675222,
    322.86345672547));
#730 = CARTESIAN_POINT('',(-113.4392534772,103.9504345339,
    326.40717892397));
#731 = CARTESIAN_POINT('',(-115.5886730348,101.43677955954,
    329.09665298299));
#732 = CARTESIAN_POINT('',(-115.0127378001,99.747598785814,
    334.20310521238));
#733 = CARTESIAN_POINT('',(-115.1670591811,96.482798350784,
    340.49125961479));
#734 = CARTESIAN_POINT('',(-115.1257088917,91.974401573529,
    347.86960720427));
#735 = CARTESIAN_POINT('',(-115.1367886684,85.843263847476,
    355.87390023426));
#736 = CARTESIAN_POINT('',(-115.1338198511,77.976395608818,
    364.08139667548));
#737 = CARTESIAN_POINT('',(-115.1346153437,68.311049902029,
    372.02068661831));
#738 = CARTESIAN_POINT('',(-115.1344021906,56.924975970105,
    379.22916314137));
#739 = CARTESIAN_POINT('',(-115.1344593102,44.026585415122,
    385.28011607893));
#740 = CARTESIAN_POINT('',(-115.1344439849,29.951176506828,
    389.82162491393));
#741 = CARTESIAN_POINT('',(-115.1344481666,15.134382455811,
    392.60884406261));
#742 = CARTESIAN_POINT('',(-115.1344472322,5.094801740088,
    393.22204679599));
#743 = CARTESIAN_POINT('',(-115.1344472361,0.12,393.2219668137));
#744 = CARTESIAN_POINT('',(-110.3148624952,107.75151052756,
    276.06584688316));
#745 = CARTESIAN_POINT('',(-110.3148624867,107.88676809776,
    276.60590383492));
#746 = CARTESIAN_POINT('',(-110.314862567,108.14673120088,
    277.68430638007));
#747 = CARTESIAN_POINT('',(-110.3148622565,108.50541164241,
    279.29602882421));
#748 = CARTESIAN_POINT('',(-110.314863378,108.83322178171,
    280.90113764664));
#749 = CARTESIAN_POINT('',(-110.3148592025,109.13056416927,
    282.49891216486));
#750 = CARTESIAN_POINT('',(-110.314874783,109.39782441247,
    284.08865132484));
#751 = CARTESIAN_POINT('',(-110.3148166366,109.6354674545,
    285.66963751604));
#752 = CARTESIAN_POINT('',(-110.3150336418,109.84368272076,
    287.24126376529));
#753 = CARTESIAN_POINT('',(-110.3142237675,110.02371720344,
    288.80255089664));
#754 = CARTESIAN_POINT('',(-110.3172462595,110.17291350311,
    290.35394218947));
#755 = CARTESIAN_POINT('',(-110.3059661658,110.30324516922,
    291.89060022067));
#756 = CARTESIAN_POINT('',(-110.3480640484,110.37216184026,
    293.42742066277));
#757 = CARTESIAN_POINT('',(-110.1909526118,110.54070045377,
    294.90567981994));
#758 = CARTESIAN_POINT('',(-110.7773004756,110.21022363178,
    296.5414340464));
#759 = CARTESIAN_POINT('',(-108.5890204568,111.61738358585,
    297.52528130009));
#760 = CARTESIAN_POINT('',(-116.7557926682,106.4175566023,
    300.87492497454));
#761 = CARTESIAN_POINT('',(-120.9278923703,103.0028100546,
    303.63386847132));
#762 = CARTESIAN_POINT('',(-125.0140104417,99.413361002325,
    306.08064103442));
#763 = CARTESIAN_POINT('',(-128.0509846003,96.423094191808,
    307.91397922042));
#764 = CARTESIAN_POINT('',(-130.3982308818,93.960049681423,
    309.31474538066));
#765 = CARTESIAN_POINT('',(-132.0745959924,92.09862276387,310.3726983941
    ));
#766 = CARTESIAN_POINT('',(-133.2007701678,90.793068087791,
    311.17801868557));
#767 = CARTESIAN_POINT('',(-133.8777940442,89.967647395128,
    311.8113830874));
#768 = CARTESIAN_POINT('',(-134.2170573912,89.516448546549,
    312.33409972177));
#769 = CARTESIAN_POINT('',(-134.3301817179,89.318553838702,
    312.79449189336));
#770 = CARTESIAN_POINT('',(-134.3301868833,89.245695424935,
    313.2316313082));
#771 = CARTESIAN_POINT('',(-134.3301817179,89.168352830458,
    313.67521033626));
#772 = CARTESIAN_POINT('',(-134.2170573912,89.209014341883,
    314.1362472706));
#773 = CARTESIAN_POINT('',(-133.8777940442,89.486238488604,
    314.6357196666));
#774 = CARTESIAN_POINT('',(-133.2007701678,90.108544819064,
    315.20440235071));
#775 = CARTESIAN_POINT('',(-132.0745959924,91.165963425774,
    315.88458387328));
#776 = CARTESIAN_POINT('',(-130.3982308818,92.713623925093,
    316.73256121015));
#777 = CARTESIAN_POINT('',(-128.0509846003,94.771332132611,317.827335777
    ));
#778 = CARTESIAN_POINT('',(-125.0140104417,97.237679091861,
    319.25182252204));
#779 = CARTESIAN_POINT('',(-120.9278923703,100.12465018732,
    321.18489216904));
#780 = CARTESIAN_POINT('',(-116.7557926682,102.67043909068,
    323.66544973472));
#781 = CARTESIAN_POINT('',(-108.5890204568,106.51787718171,
    327.47090489242));
#782 = CARTESIAN_POINT('',(-110.7773004756,104.10000267764,
    330.29791048668));
#783 = CARTESIAN_POINT('',(-110.1909526118,102.23793211244,
    335.59068855863));
#784 = CARTESIAN_POINT('',(-110.3480640484,98.830335776513,
    342.0600595881));
#785 = CARTESIAN_POINT('',(-110.3059661658,94.131188385596,
    349.6209510125));
#786 = CARTESIAN_POINT('',(-110.3172462595,87.786450841523,
    357.79958891848));
#787 = CARTESIAN_POINT('',(-110.3142237674,79.681850669327,
    366.16878136645));
#788 = CARTESIAN_POINT('',(-110.3150336421,69.760720531937,
    374.25246989312));
#789 = CARTESIAN_POINT('',(-110.3148166355,58.104362069564,
    381.58467014873));
#790 = CARTESIAN_POINT('',(-110.3148747871,44.924294738778,
    387.73594435952));
#791 = CARTESIAN_POINT('',(-110.3148591872,30.55776165167,
    392.35205688273));
#792 = CARTESIAN_POINT('',(-110.3148634354,15.441664079309,
    395.1859161269));
#793 = CARTESIAN_POINT('',(-110.3148625068,5.197827397912,395.8100011219
    ));
#794 = CARTESIAN_POINT('',(-110.3148624952,0.12,395.80992372199));
#795 = CARTESIAN_POINT('',(-105.5313397959,111.69128382115,
    281.9601464393));
#796 = CARTESIAN_POINT('',(-105.5313398047,111.74548141924,282.28414773)
  );
#797 = CARTESIAN_POINT('',(-105.5313398601,111.85202774021,
    282.93702933976));
#798 = CARTESIAN_POINT('',(-105.5313395578,112.00564649833,
    283.93192227296));
#799 = CARTESIAN_POINT('',(-105.5313406838,112.15238624467,
    284.9433032189));
#800 = CARTESIAN_POINT('',(-105.5313364822,112.29154822917,
    285.97207243291));
#801 = CARTESIAN_POINT('',(-105.5313521625,112.42238973817,
    287.01911810099));
#802 = CARTESIAN_POINT('',(-105.5312936431,112.54420170815,
    288.08529737571));
#803 = CARTESIAN_POINT('',(-105.5315120403,112.65600763217,
    289.17150727159));
#804 = CARTESIAN_POINT('',(-105.5306969709,112.75767440891,
    290.27841972666));
#805 = CARTESIAN_POINT('',(-105.5337388513,112.84575229422,
    291.40746921398));
#806 = CARTESIAN_POINT('',(-105.5223863989,112.9289848248,
    292.55716467962));
#807 = CARTESIAN_POINT('',(-105.564754328,112.97040839739,
    293.73685001996));
#808 = CARTESIAN_POINT('',(-105.4066350641,113.1034222974,
    294.91534429689));
#809 = CARTESIAN_POINT('',(-105.9967441909,112.82538669883,
    296.21261264236));
#810 = CARTESIAN_POINT('',(-103.7944269477,114.00713804355,
    297.18443291997));
#811 = CARTESIAN_POINT('',(-112.0135867935,109.66130680294,
    299.4920470784));
#812 = CARTESIAN_POINT('',(-116.2622792036,106.58155558731,
    302.25389465978));
#813 = CARTESIAN_POINT('',(-120.434763006,103.36360345206,
    304.66696617387));
#814 = CARTESIAN_POINT('',(-123.5538905295,100.60910189586,
    306.68153837508));
#815 = CARTESIAN_POINT('',(-125.9716242162,98.326220632701,
    308.2446301031));
#816 = CARTESIAN_POINT('',(-127.7029785573,96.58003490388,
    309.44936533423));
#817 = CARTESIAN_POINT('',(-128.8679692829,95.343128452796,
    310.38304799329));
#818 = CARTESIAN_POINT('',(-129.5691003355,94.553631656276,
    311.12316322194));
#819 = CARTESIAN_POINT('',(-129.9206401963,94.115586701026,
    311.73651525068));
#820 = CARTESIAN_POINT('',(-130.0378861058,93.915802806306,
    312.2790362398));
#821 = CARTESIAN_POINT('',(-130.0378910293,93.832861341318,
    312.79676262144));
#822 = CARTESIAN_POINT('',(-130.0378861058,93.743793943532,
    313.32548801612));
#823 = CARTESIAN_POINT('',(-129.9206401963,93.764105837849,
    313.87315798095));
#824 = CARTESIAN_POINT('',(-129.5691003355,94.004833188678,
    314.45981367672));
#825 = CARTESIAN_POINT('',(-128.8679692829,94.565910135408,
    315.11704352367));
#826 = CARTESIAN_POINT('',(-127.7029785573,95.526459956304,
    315.89059624952));
#827 = CARTESIAN_POINT('',(-125.9716242162,96.92789106222,
    316.84211279933));
#828 = CARTESIAN_POINT('',(-123.5538905295,98.771151480457,
    318.05341898346));
#829 = CARTESIAN_POINT('',(-120.434763006,100.9604870278,319.63579316974
    ));
#830 = CARTESIAN_POINT('',(-116.2622792036,103.42839482342,
    321.79851835499));
#831 = CARTESIAN_POINT('',(-112.0135867935,105.5819971149,
    324.51764206072));
#832 = CARTESIAN_POINT('',(-103.7944269477,108.51986531997,
    328.57240277533));
#833 = CARTESIAN_POINT('',(-105.9967441909,106.24376263592,
    331.46808899341));
#834 = CARTESIAN_POINT('',(-105.4066350641,104.20682144549,
    336.85371917949));
#835 = CARTESIAN_POINT('',(-105.564754328,100.67487648232,
    343.38434319601));
#836 = CARTESIAN_POINT('',(-105.5223863989,95.8072000656,350.98967530938
    ));
#837 = CARTESIAN_POINT('',(-105.5337388514,89.280765317691,
    359.19322717908));
#838 = CARTESIAN_POINT('',(-105.5306969708,80.979415568823,
    367.57159532486));
#839 = CARTESIAN_POINT('',(-105.5315120406,70.853057370531,
    375.65254228681));
#840 = CARTESIAN_POINT('',(-105.5312936419,58.985977415687,
    382.9751267108));
#841 = CARTESIAN_POINT('',(-105.5313521669,45.591710419817,
    389.1148878201));
#842 = CARTESIAN_POINT('',(-105.5313364656,31.007724467007,
    393.72164949149));
#843 = CARTESIAN_POINT('',(-105.531340746,15.669992831099,
    396.55055155418));
#844 = CARTESIAN_POINT('',(-105.5313397991,5.274663909951,
    397.17412969023));
#845 = CARTESIAN_POINT('',(-105.5313397959,0.12,397.17405601304));
#846 = CARTESIAN_POINT('',(-100.7815470367,114.99392326709,
    288.39517173788));
#847 = CARTESIAN_POINT('',(-100.7815470321,115.0009167783,
    288.49110431055));
#848 = CARTESIAN_POINT('',(-100.7815471069,115.01752246566,
    288.70279052612));
#849 = CARTESIAN_POINT('',(-100.781546798,115.04898461081,
    289.07735707451));
#850 = CARTESIAN_POINT('',(-100.7815479215,115.08568778252,
    289.50653456164));
#851 = CARTESIAN_POINT('',(-100.7815437364,115.12632228151,
    289.9878916902));
#852 = CARTESIAN_POINT('',(-100.7815593532,115.16956915105,
    290.51899351182));
#853 = CARTESIAN_POINT('',(-100.7815010709,115.21418234875,
    291.09738513059));
#854 = CARTESIAN_POINT('',(-100.7817185835,115.25872127337,
    291.72064213506));
#855 = CARTESIAN_POINT('',(-100.7809068153,115.30258999708,
    292.38617393645));
#856 = CARTESIAN_POINT('',(-100.7839363757,115.34220175353,
    293.0919509898));
#857 = CARTESIAN_POINT('',(-100.7726299023,115.38533805284,
    293.83378593467));
#858 = CARTESIAN_POINT('',(-100.8148262352,115.39760626156,
    294.61547767223));
#859 = CARTESIAN_POINT('',(-100.657347377,115.50231077016,
    295.41095241263));
#860 = CARTESIAN_POINT('',(-101.2450664769,115.23457326103,
    296.30555666154));
#861 = CARTESIAN_POINT('',(-99.05166893571,116.32504476036,
    296.9687483379));
#862 = CARTESIAN_POINT('',(-107.2375400007,112.31100311179,
    298.62204636182));
#863 = CARTESIAN_POINT('',(-111.5113375521,109.8160583513,
    300.90337649681));
#864 = CARTESIAN_POINT('',(-115.7180496071,106.93065741031,
    303.30074653835));
#865 = CARTESIAN_POINT('',(-118.8778401599,104.49473296909,
    305.3201443446));
#866 = CARTESIAN_POINT('',(-121.3329407515,102.42462773346,
    306.99846131539));
#867 = CARTESIAN_POINT('',(-123.0949294105,100.83133328745,
    308.3221258877));
#868 = CARTESIAN_POINT('',(-124.2820941137,99.693265931104,
    309.36854223187));
#869 = CARTESIAN_POINT('',(-124.9972116102,98.959875672168,
    310.21205532274));
#870 = CARTESIAN_POINT('',(-125.3559270586,98.545204933273,
    310.9230113916));
#871 = CARTESIAN_POINT('',(-125.4755894874,98.346636410501,
    311.55969040729));
#872 = CARTESIAN_POINT('',(-125.4755941563,98.252759555638,
    312.17365438613));
#873 = CARTESIAN_POINT('',(-125.4755894874,98.15055612702,
    312.80524684215));
#874 = CARTESIAN_POINT('',(-125.3559270586,98.145264749888,
    313.45958727424));
#875 = CARTESIAN_POINT('',(-124.9972116102,98.337481109305,
    314.15559756528));
#876 = CARTESIAN_POINT('',(-124.2820941137,98.816278148486,
    314.92594272362));
#877 = CARTESIAN_POINT('',(-123.0949294105,99.650289534666,
    315.81909169716));
#878 = CARTESIAN_POINT('',(-121.3329407515,100.86817714646,
    316.90570723775));
#879 = CARTESIAN_POINT('',(-118.8778401599,102.46239294374,
    318.28725668545));
#880 = CARTESIAN_POINT('',(-115.7180496071,104.29318343946,
    320.08612078284));
#881 = CARTESIAN_POINT('',(-111.5113375521,106.38208656929,
    322.47331016711));
#882 = CARTESIAN_POINT('',(-107.2375400007,107.90656149907,
    325.46492056077));
#883 = CARTESIAN_POINT('',(-99.05166893571,110.44015539149,
    329.66768827398));
#884 = CARTESIAN_POINT('',(-101.2450664769,108.17069846841,
    332.62910088302));
#885 = CARTESIAN_POINT('',(-100.657347377,105.99775283772,
    338.06517816737));
#886 = CARTESIAN_POINT('',(-100.8148262352,102.33677061846,
    344.61448858372));
#887 = CARTESIAN_POINT('',(-100.7726299023,97.311204863874,
    352.2137860271));
#888 = CARTESIAN_POINT('',(-100.7839363757,90.613706571079,
    360.3890996303));
#889 = CARTESIAN_POINT('',(-100.7809068152,82.130586474364,
    368.72284985169));
#890 = CARTESIAN_POINT('',(-100.7817185839,71.817167709532,
    376.74964507242));
#891 = CARTESIAN_POINT('',(-100.7815010696,59.760793650344,
    384.01628818696));
#892 = CARTESIAN_POINT('',(-100.7815593579,46.176514727974,
    390.10580812254));
#893 = CARTESIAN_POINT('',(-100.7815437192,31.401455748726,
    394.6741553027));
#894 = CARTESIAN_POINT('',(-100.7815479856,15.869922807578,
    397.48018958407));
#895 = CARTESIAN_POINT('',(-100.7815470342,5.342065971454,
    398.09927766227));
#896 = CARTESIAN_POINT('',(-100.7815470367,0.12,398.09920797182));
#897 = CARTESIAN_POINT('',(-96.06285597273,117.58501706575,
    291.49462276969));
#898 = CARTESIAN_POINT('',(-96.06285597035,117.58314315893,
    291.46891770518));
#899 = CARTESIAN_POINT('',(-96.06285604093,117.58197057253,
    291.45148411251));
#900 = CARTESIAN_POINT('',(-96.0628557376,117.58740526824,
    291.51949128938));
#901 = CARTESIAN_POINT('',(-96.06285684505,117.59920727889,
    291.67390207795));
#902 = CARTESIAN_POINT('',(-96.06285271859,117.61634385985,
    291.90697356483));
#903 = CARTESIAN_POINT('',(-96.062868117,117.63762700137,292.21097262382
    ));
#904 = CARTESIAN_POINT('',(-96.06281064981,117.66185390965,
    292.57815461496));
#905 = CARTESIAN_POINT('',(-96.06302512016,117.68758754534,
    293.00081904338));
#906 = CARTESIAN_POINT('',(-96.06222470593,117.7142484746,293.4710818972
    ));
#907 = CARTESIAN_POINT('',(-96.0652118925,117.7382823003,293.98171004951
    ));
#908 = CARTESIAN_POINT('',(-96.05406356047,117.76767437396,
    294.52299716783));
#909 = CARTESIAN_POINT('',(-96.09566970202,117.76796069377,
    295.0944181778));
#910 = CARTESIAN_POINT('',(-95.94039346784,117.86386760263,
    295.66113442502));
#911 = CARTESIAN_POINT('',(-96.51989226304,117.58690083277,
    296.3163233199));
#912 = CARTESIAN_POINT('',(-94.35717331642,118.68346899089,
    296.67536428561));
#913 = CARTESIAN_POINT('',(-102.4285503076,114.63488045487,
    298.13677880513));
#914 = CARTESIAN_POINT('',(-106.6791605366,112.55583500029,
    299.87587092249));
#915 = CARTESIAN_POINT('',(-110.8712946108,110.17122445562,
    301.91106863385));
#916 = CARTESIAN_POINT('',(-114.0330571562,108.01065748678,
    303.98169854843));
#917 = CARTESIAN_POINT('',(-116.4946920175,106.20278541528,
    305.66598837994));
#918 = CARTESIAN_POINT('',(-118.2646767682,104.7883805215,307.0714466531
    ));
#919 = CARTESIAN_POINT('',(-119.4585593197,103.7680805968,
    308.21173609139));
#920 = CARTESIAN_POINT('',(-120.178269442,103.10140712792,
    309.15766592533));
#921 = CARTESIAN_POINT('',(-120.5394272783,102.71575462289,
    309.96934296227));
#922 = CARTESIAN_POINT('',(-120.6599242744,102.52015125853,
    310.70919131913));
#923 = CARTESIAN_POINT('',(-120.6599286738,102.41509412721,
    311.43104421268));
#924 = CARTESIAN_POINT('',(-120.6599242744,102.29923922487,
    312.17759635269));
#925 = CARTESIAN_POINT('',(-120.5394272783,102.2657480865,
    312.95336761195));
#926 = CARTESIAN_POINT('',(-120.178269442,102.40287125523,
    313.77808827895));
#927 = CARTESIAN_POINT('',(-119.4585593197,102.78731066475,
    314.68702858846));
#928 = CARTESIAN_POINT('',(-118.2646767682,103.47339381914,
    315.73711834173));
#929 = CARTESIAN_POINT('',(-116.4946920175,104.47986005486,
    317.00258750861));
#930 = CARTESIAN_POINT('',(-114.0330571562,105.77677748716,
    318.59429631079));
#931 = CARTESIAN_POINT('',(-110.8712946108,107.29476736777,
    320.60151387325));
#932 = CARTESIAN_POINT('',(-106.6791605366,108.84312972124,
    323.27290725383));
#933 = CARTESIAN_POINT('',(-102.4285503076,109.90614035218,
    326.47507804993));
#934 = CARTESIAN_POINT('',(-94.35717331642,112.38299136132,
    330.7418111302));
#935 = CARTESIAN_POINT('',(-96.51989226304,110.02532432631,
    333.7903007739));
#936 = CARTESIAN_POINT('',(-95.94039346783,107.74099556353,
    339.27205489326));
#937 = CARTESIAN_POINT('',(-96.09566970203,103.9448287493,
    345.84418490131));
#938 = CARTESIAN_POINT('',(-96.05406356046,98.764915624965,
    353.4408501249));
#939 = CARTESIAN_POINT('',(-96.06521189252,91.898839127357,
    361.5928520244));
#940 = CARTESIAN_POINT('',(-96.06222470585,83.238254299893,
    369.88739876352));
#941 = CARTESIAN_POINT('',(-96.06302512047,72.743046292345,
    377.86568647444));
#942 = CARTESIAN_POINT('',(-96.06281064868,60.503699828128,
    385.08172980269));
#943 = CARTESIAN_POINT('',(-96.06286812122,46.736572458436,
    391.12559160401));
#944 = CARTESIAN_POINT('',(-96.06285270284,31.77828557124,
    395.65896197417));
#945 = CARTESIAN_POINT('',(-96.06285690383,16.061275942462,
    398.44418688475));
#946 = CARTESIAN_POINT('',(-96.0628559801,5.406610131015,399.05920899287
    ));
#947 = CARTESIAN_POINT('',(-96.06285597273,0.12,399.05914293752));
#948 = CARTESIAN_POINT('',(-91.3727177103,119.76242755184,
    290.61287909708));
#949 = CARTESIAN_POINT('',(-91.37271770848,119.76292964892,
    290.61976673285));
#950 = CARTESIAN_POINT('',(-91.37271777666,119.76641266083,
    290.66192380301));
#951 = CARTESIAN_POINT('',(-91.37271748079,119.77839230886,
    290.80457495357));
#952 = CARTESIAN_POINT('',(-91.37271856201,119.79625172285,
    291.02092331815));
#953 = CARTESIAN_POINT('',(-91.37271453299,119.81897923805,
    291.30525743438));
#954 = CARTESIAN_POINT('',(-91.37272956785,119.84545482582,
    291.65186888444));
#955 = CARTESIAN_POINT('',(-91.37267345742,119.8745623088,
    292.05504801717));
#956 = CARTESIAN_POINT('',(-91.37288286427,119.90497140393,
    292.50908250968));
#957 = CARTESIAN_POINT('',(-91.3721013473,119.93613341982,
    293.00824799866));
#958 = CARTESIAN_POINT('',(-91.37501800833,119.96472980712,
    293.54683135765));
#959 = CARTESIAN_POINT('',(-91.36413288118,119.99807294743,
    294.11903557416));
#960 = CARTESIAN_POINT('',(-91.40475672876,120.00422240615,
    294.71933005058));
#961 = CARTESIAN_POINT('',(-91.25314646559,120.09826429648,
    295.34114205286));
#962 = CARTESIAN_POINT('',(-91.8189636707,119.84719985691,
    295.98174234779));
#963 = CARTESIAN_POINT('',(-89.70730511343,120.86421109234,
    296.62401672213));
#964 = CARTESIAN_POINT('',(-97.58812213741,117.12678588575,
    297.30450299972));
#965 = CARTESIAN_POINT('',(-101.7701610033,114.95793871792,
    299.13212332418));
#966 = CARTESIAN_POINT('',(-105.9018200706,112.8753135407,
    300.95035396863));
#967 = CARTESIAN_POINT('',(-109.0291244256,111.2004934485,
    302.53372230049));
#968 = CARTESIAN_POINT('',(-111.4682456482,109.6295290179,
    304.29399525478));
#969 = CARTESIAN_POINT('',(-113.2248877646,108.40103525394,
    305.7455669375));
#970 = CARTESIAN_POINT('',(-114.4109149401,107.50509522452,
    306.9787043984));
#971 = CARTESIAN_POINT('',(-115.1263587261,106.91287347667,
    308.01237069351));
#972 = CARTESIAN_POINT('',(-115.4854948023,106.56046334761,
    308.92643700618));
#973 = CARTESIAN_POINT('',(-115.6053342749,106.36930323025,
    309.77817567458));
#974 = CARTESIAN_POINT('',(-115.6053383917,106.25259039586,
    310.62219041237));
#975 = CARTESIAN_POINT('',(-115.6053342749,106.12180102123,
    311.5008563454));
#976 = CARTESIAN_POINT('',(-115.4854948023,106.05691911537,
    312.4185273101));
#977 = CARTESIAN_POINT('',(-115.1263587261,106.1331463318,
    313.39607317864));
#978 = CARTESIAN_POINT('',(-114.4109149401,106.41435810791,
    314.47144742692));
#979 = CARTESIAN_POINT('',(-113.2248877646,106.94676672346,
    315.69694945631));
#980 = CARTESIAN_POINT('',(-111.4682456482,107.73622420734,
    317.16214199958));
#981 = CARTESIAN_POINT('',(-109.0291244256,108.76522699457,
    318.96427270363));
#982 = CARTESIAN_POINT('',(-105.9018200706,109.76145848492,
    321.30605954811));
#983 = CARTESIAN_POINT('',(-101.7701610033,110.97018000216,
    324.16215668607));
#984 = CARTESIAN_POINT('',(-97.58812213741,112.05756609839,
    327.46646886021));
#985 = CARTESIAN_POINT('',(-89.70730511343,114.1375475816,
    331.81416371382));
#986 = CARTESIAN_POINT('',(-91.8189636707,111.78186746528,
    334.93723913273));
#987 = CARTESIAN_POINT('',(-91.25314646559,109.36274474537,
    340.45790607827));
#988 = CARTESIAN_POINT('',(-91.40475672876,105.44056350323,
    347.0428793699));
#989 = CARTESIAN_POINT('',(-91.36413288118,100.10925720282,
    354.6267007083));
#990 = CARTESIAN_POINT('',(-91.37501800835,93.08200107145,
    362.74477531899));
#991 = CARTESIAN_POINT('',(-91.37210134723,84.253062988731,
    370.98977780187));
#992 = CARTESIAN_POINT('',(-91.37288286455,73.587591040968,
    378.90991018193));
#993 = CARTESIAN_POINT('',(-91.37267345641,61.178834350901,
    386.06682670406));
#994 = CARTESIAN_POINT('',(-91.37272957164,47.244219925649,
    392.05797572247));
#995 = CARTESIAN_POINT('',(-91.37271451886,32.119456839683,
    396.55108155908));
#996 = CARTESIAN_POINT('',(-91.37271861476,16.234635657158,
    399.31220778346));
#997 = CARTESIAN_POINT('',(-91.37271772755,5.465181154453,
    399.92241390297));
#998 = CARTESIAN_POINT('',(-91.3727177103,0.12,399.92235140283));
#999 = CARTESIAN_POINT('',(-86.70856209373,121.90543226297,
    290.80308199187));
#1000 = CARTESIAN_POINT('',(-86.70856208677,121.9052977323,
    290.80123645586));
#1001 = CARTESIAN_POINT('',(-86.70856216029,121.9074419067,
    290.82581731982));
#1002 = CARTESIAN_POINT('',(-86.70856187119,121.91730581513,
    290.94176080285));
#1003 = CARTESIAN_POINT('',(-86.70856291733,121.93302450956,
    291.13104469454));
#1004 = CARTESIAN_POINT('',(-86.70855902187,121.95366230852,
    291.38794436302));
#1005 = CARTESIAN_POINT('',(-86.70857355759,121.97817001814,
    291.70674115323));
#1006 = CARTESIAN_POINT('',(-86.70851931017,122.00549197904,
    292.0817086724));
#1007 = CARTESIAN_POINT('',(-86.70872176412,122.03436785514,
    292.50714730368));
#1008 = CARTESIAN_POINT('',(-86.70796619573,122.06425484327,
    292.9772410407));
#1009 = CARTESIAN_POINT('',(-86.71078601533,122.09205064208,
    293.48658028522));
#1010 = CARTESIAN_POINT('',(-86.70026230534,122.12447016479,
    294.02820243765));
#1011 = CARTESIAN_POINT('',(-86.73953732571,122.13198370082,
    294.60089954453));
#1012 = CARTESIAN_POINT('',(-86.59296095421,122.22083267441,
    295.18194410627));
#1013 = CARTESIAN_POINT('',(-87.13999141983,121.99115063673,
    295.82887915215));
#1014 = CARTESIAN_POINT('',(-85.09844592885,122.93256272006,
    296.29963665972));
#1015 = CARTESIAN_POINT('',(-92.71759742716,119.48374292413,
    297.47028136498));
#1016 = CARTESIAN_POINT('',(-96.78866612848,117.49116598251,
    297.92913014916));
#1017 = CARTESIAN_POINT('',(-100.8169754545,115.46162788865,
    299.64122748696));
#1018 = CARTESIAN_POINT('',(-103.8757965658,113.8303346928,
    301.77083671171));
#1019 = CARTESIAN_POINT('',(-106.2652757833,112.60018338494,
    303.05616658618));
#1020 = CARTESIAN_POINT('',(-107.9886478245,111.62544992711,
    304.41555318773));
#1021 = CARTESIAN_POINT('',(-109.1532106377,110.88385590946,
    305.61187162341));
#1022 = CARTESIAN_POINT('',(-109.8561154428,110.37831281518,
    306.73305368844));
#1023 = CARTESIAN_POINT('',(-110.2090611028,110.06425583024,
    307.75347851742));
#1024 = CARTESIAN_POINT('',(-110.3268497315,109.87996740889,
    308.73138531032));
#1025 = CARTESIAN_POINT('',(-110.3268535533,109.75237597802,
    309.71708093135));
#1026 = CARTESIAN_POINT('',(-110.3268497315,109.60621926524,
    310.75196990847));
#1027 = CARTESIAN_POINT('',(-110.2090611028,109.5078619656,
    311.83865391401));
#1028 = CARTESIAN_POINT('',(-109.8561154428,109.51856590655,
    312.99883699601));
#1029 = CARTESIAN_POINT('',(-109.1532106377,109.68584492141,
    314.27429893431));
#1030 = CARTESIAN_POINT('',(-107.9886478245,110.03349265252,
    315.75073718474));
#1031 = CARTESIAN_POINT('',(-106.2652757833,110.53993494135,
    317.48976091425));
#1032 = CARTESIAN_POINT('',(-103.8757965658,111.19071777857,
    319.61546967897));
#1033 = CARTESIAN_POINT('',(-100.8169754545,112.12207580524,
    321.99865165295));
#1034 = CARTESIAN_POINT('',(-96.78866612848,113.22822755218,
    325.03546663097));
#1035 = CARTESIAN_POINT('',(-92.71759742716,114.04012740285,
    328.52229931581));
#1036 = CARTESIAN_POINT('',(-85.09844592885,115.77732519646,
    332.85457024299));
#1037 = CARTESIAN_POINT('',(-87.13999141983,113.40820157735,
    336.07299291628));
#1038 = CARTESIAN_POINT('',(-86.59296095421,110.85934909854,
    341.6206717451));
#1039 = CARTESIAN_POINT('',(-86.73953732571,106.81303311385,
    348.21439486395));
#1040 = CARTESIAN_POINT('',(-86.70026230533,101.33576218357,
    355.778625869));
#1041 = CARTESIAN_POINT('',(-86.71078601535,94.154785689609,
    363.85657855332));
#1042 = CARTESIAN_POINT('',(-86.70796619565,85.167534394688,
    372.04591885126));
#1043 = CARTESIAN_POINT('',(-86.70872176443,74.344247688878,
    379.90231977693));
#1044 = CARTESIAN_POINT('',(-86.70851930902,61.780784823936,
    386.99522977726));
#1045 = CARTESIAN_POINT('',(-86.70857356189,47.695312921119,
    392.92966420349));
#1046 = CARTESIAN_POINT('',(-86.70855900582,32.422192308506,
    397.37951221819));
#1047 = CARTESIAN_POINT('',(-86.70856297721,16.388630292004,
    400.11466974032));
#1048 = CARTESIAN_POINT('',(-86.70856209088,5.517330595231,
    400.71962783168));
#1049 = CARTESIAN_POINT('',(-86.70856209373,0.12,400.71956867009));
#1050 = CARTESIAN_POINT('',(-82.06782466446,123.88169853407,
    290.68336057235));
#1051 = CARTESIAN_POINT('',(-82.06782466663,123.8817345606,
    290.68385504683));
#1052 = CARTESIAN_POINT('',(-82.06782472407,123.88417289392,
    290.71176061022));
#1053 = CARTESIAN_POINT('',(-82.06782445259,123.89435178293,
    290.82908228968));
#1054 = CARTESIAN_POINT('',(-82.06782545234,123.91029295875,
    291.01659214375));
#1055 = CARTESIAN_POINT('',(-82.06782172483,123.9311061517,
    291.26902154502));
#1056 = CARTESIAN_POINT('',(-82.06783563514,123.95579587835,
    291.58110677113));
#1057 = CARTESIAN_POINT('',(-82.06778372138,123.98335671885,
    291.94757974595));
#1058 = CARTESIAN_POINT('',(-82.06797746611,124.0125963031,
    292.36318741674));
#1059 = CARTESIAN_POINT('',(-82.06725440097,124.04295870245,
    292.82260646179));
#1060 = CARTESIAN_POINT('',(-82.06995291679,124.07159910802,
    293.32075096365));
#1061 = CARTESIAN_POINT('',(-82.05988191867,124.10443359248,
    293.85161625489));
#1062 = CARTESIAN_POINT('',(-82.09746739534,124.11501787364,
    294.41258869962));
#1063 = CARTESIAN_POINT('',(-81.95719648677,124.19811557163,
    294.98835918282));
#1064 = CARTESIAN_POINT('',(-82.48069464436,123.99666001806,
    295.61095931902));
#1065 = CARTESIAN_POINT('',(-80.52697292259,124.8404328257,
    296.13570627663));
#1066 = CARTESIAN_POINT('',(-87.81836165208,121.76446225609,
    297.07739321244));
#1067 = CARTESIAN_POINT('',(-91.73902604327,119.91983887014,
    298.1022801618));
#1068 = CARTESIAN_POINT('',(-95.62410288483,118.05699938874,
    298.9199130364));
#1069 = CARTESIAN_POINT('',(-98.58278217027,116.59531429769,
    299.42029347441));
#1070 = CARTESIAN_POINT('',(-100.8973744349,115.35074676242,
    301.68928770758));
#1071 = CARTESIAN_POINT('',(-102.568930292,114.42079366733,
    303.20221469796));
#1072 = CARTESIAN_POINT('',(-103.6993622015,113.75777005717,
    304.66025131717));
#1073 = CARTESIAN_POINT('',(-104.3820279098,113.32125153957,
    305.78862773909));
#1074 = CARTESIAN_POINT('',(-104.7249029047,113.04509456014,
    306.88476747459));
#1075 = CARTESIAN_POINT('',(-104.839343752,112.86893794613,
    307.97127894067));
#1076 = CARTESIAN_POINT('',(-104.8393472675,112.7311709659,
    309.09466981242));
#1077 = CARTESIAN_POINT('',(-104.839343752,112.5695008817,
    310.28295652188));
#1078 = CARTESIAN_POINT('',(-104.7249029047,112.43673197769,
    311.54316608167));
#1079 = CARTESIAN_POINT('',(-104.3820279098,112.38272585811,
    312.8973784453));
#1080 = CARTESIAN_POINT('',(-103.6993622015,112.45184182807,
    314.38340409786));
#1081 = CARTESIAN_POINT('',(-102.568930292,112.70107440107,
    315.97084366543));
#1082 = CARTESIAN_POINT('',(-100.8973744349,113.13810167266,
    317.84406481886));
#1083 = CARTESIAN_POINT('',(-98.58278217027,113.80410937672,
    319.95838178461));
#1084 = CARTESIAN_POINT('',(-95.62410288483,114.47738634799,
    322.85414098738));
#1085 = CARTESIAN_POINT('',(-91.73902604327,115.33090405985,
    326.04227424627));
#1086 = CARTESIAN_POINT('',(-87.81836165208,115.94476261226,
    329.54195670621));
#1087 = CARTESIAN_POINT('',(-80.52697292259,117.24799544323,
    333.88376663861));
#1088 = CARTESIAN_POINT('',(-82.48069464436,114.88909600182,
    337.18612102517));
#1089 = CARTESIAN_POINT('',(-81.95719648677,112.20561000086,
    342.75735454723));
#1090 = CARTESIAN_POINT('',(-82.09746739534,108.04058238802,
    349.35284802229));
#1091 = CARTESIAN_POINT('',(-82.05988191866,102.42311214817,
    356.89052854635));
#1092 = CARTESIAN_POINT('',(-82.06995291681,95.097536207405,
    364.9209663453));
#1093 = CARTESIAN_POINT('',(-82.0672544009,85.963822656646,
    373.04743124634));
#1094 = CARTESIAN_POINT('',(-82.06797746639,74.997457708742,
    380.83335805511));
#1095 = CARTESIAN_POINT('',(-82.06778372034,62.296645205628,
    387.85630979037));
#1096 = CARTESIAN_POINT('',(-82.06783563906,48.079929327721,
    393.72911629884));
#1097 = CARTESIAN_POINT('',(-82.06782171022,32.67979256674,
    398.13203424996));
#1098 = CARTESIAN_POINT('',(-82.06782550684,16.519914567398,
    400.83894568504));
#1099 = CARTESIAN_POINT('',(-82.06782466842,5.561955698641,
    401.43813847897));
#1100 = CARTESIAN_POINT('',(-82.06782466446,0.12,401.43808260324));
#1101 = CARTESIAN_POINT('',(-77.4479394374,125.69636492244,
    290.59546241714));
#1102 = CARTESIAN_POINT('',(-77.44793943005,125.69635527277,
    290.59532992418));
#1103 = CARTESIAN_POINT('',(-77.44793949819,125.69868632023,
    290.6212119873));
#1104 = CARTESIAN_POINT('',(-77.44793923566,125.70868011977,
    290.73344031247));
#1105 = CARTESIAN_POINT('',(-77.44794018358,125.72444342496,
    290.91404814906));
#1106 = CARTESIAN_POINT('',(-77.44793665446,125.74512203562,
    291.15801633032));
#1107 = CARTESIAN_POINT('',(-77.44794982302,125.76976030434,
    291.46033089719));
#1108 = CARTESIAN_POINT('',(-77.44790067789,125.79738645742,
    291.81597292018));
#1109 = CARTESIAN_POINT('',(-77.44808408983,125.82686134199,
    292.21994247595));
#1110 = CARTESIAN_POINT('',(-77.44739958722,125.85759544773,
    292.6671568173));
#1111 = CARTESIAN_POINT('',(-77.44995418571,125.88701172571,
    293.15282022063));
#1112 = CARTESIAN_POINT('',(-77.44042029435,125.92013928665,
    293.67103595161));
#1113 = CARTESIAN_POINT('',(-77.4760012613,125.93392011885,
    294.21998132626));
#1114 = CARTESIAN_POINT('',(-77.34321128486,126.01051515189,
    294.78259157068));
#1115 = CARTESIAN_POINT('',(-77.83879022368,125.83988217453,
    295.39864859037));
#1116 = CARTESIAN_POINT('',(-75.98926444485,126.5762491881,
    295.89574427128));
#1117 = CARTESIAN_POINT('',(-82.89178862135,123.90971629993,
    296.89334336912));
#1118 = CARTESIAN_POINT('',(-86.62558472826,122.26743314988,
    297.75656912893));
#1119 = CARTESIAN_POINT('',(-90.33054645198,120.5881801794,
    298.75200967539));
#1120 = CARTESIAN_POINT('',(-93.15980215913,119.22748145784,
    299.85019846081));
#1121 = CARTESIAN_POINT('',(-95.37615562088,118.14648802002,
    300.49150005768));
#1122 = CARTESIAN_POINT('',(-96.97873854336,117.33138652515,
    301.39362236521));
#1123 = CARTESIAN_POINT('',(-98.06332129203,116.75785221762,
    302.23228624862));
#1124 = CARTESIAN_POINT('',(-98.71862401089,116.34767371407,
    303.6611802767));
#1125 = CARTESIAN_POINT('',(-99.04783839711,116.08490589214,
    304.96735668827));
#1126 = CARTESIAN_POINT('',(-99.15773154857,115.9151276096,
    306.26365487119));
#1127 = CARTESIAN_POINT('',(-99.15773474749,115.77652266194,
    307.60499428539));
#1128 = CARTESIAN_POINT('',(-99.15773154857,115.60453000158,
    309.04490126129));
#1129 = CARTESIAN_POINT('',(-99.04783839711,115.45312309957,
    310.55951418033));
#1130 = CARTESIAN_POINT('',(-98.71862401089,115.3721259244,
    312.15422372471));
#1131 = CARTESIAN_POINT('',(-98.06332129203,115.40557801505,
    313.86323540687));
#1132 = CARTESIAN_POINT('',(-96.97873854336,115.52301864719,
    316.01633030423));
#1133 = CARTESIAN_POINT('',(-95.37615562088,115.79457744722,
    318.32596521025));
#1134 = CARTESIAN_POINT('',(-93.15980215913,116.19788929397,
    320.94734605163));
#1135 = CARTESIAN_POINT('',(-90.33054645198,116.7323391311,
    323.76626137286));
#1136 = CARTESIAN_POINT('',(-86.62558472826,117.35225011804,
    327.01591768972));
#1137 = CARTESIAN_POINT('',(-82.89178862135,117.69690197444,
    330.57331824205));
#1138 = CARTESIAN_POINT('',(-75.98926444485,118.5454338216,
    334.88242599508));
#1139 = CARTESIAN_POINT('',(-77.83879022368,116.20164736583,
    338.27634243193));
#1140 = CARTESIAN_POINT('',(-77.34321128486,113.38405052192,
    343.86345566485));
#1141 = CARTESIAN_POINT('',(-77.4760012613,109.10499001403,
    350.45561210572));
#1142 = CARTESIAN_POINT('',(-77.44042029435,103.35434260139,
    357.95988901308));
#1143 = CARTESIAN_POINT('',(-77.44995418573,95.894391075821,
    365.93587803343));
#1144 = CARTESIAN_POINT('',(-77.44739958715,86.627616991502,
    373.99251366318));
#1145 = CARTESIAN_POINT('',(-77.4480840901,75.534751469333,
    381.70144954658));
#1146 = CARTESIAN_POINT('',(-77.44790067689,62.716095926769,
    388.64865852623));
#1147 = CARTESIAN_POINT('',(-77.44794982676,48.390149480131,
    394.45505631119));
#1148 = CARTESIAN_POINT('',(-77.4479366405,32.886920479997,
    398.80747421607));
#1149 = CARTESIAN_POINT('',(-77.44794023566,16.625828617913,
    401.48393393892));
#1150 = CARTESIAN_POINT('',(-77.44793943942,5.598180522894,
    402.07686454945));
#1151 = CARTESIAN_POINT('',(-77.4479394374,0.12,402.07681185365));
#1152 = CARTESIAN_POINT('',(-72.84634083648,127.31787034338,
    290.41868625534));
#1153 = CARTESIAN_POINT('',(-72.84634083201,127.31787291977,
    290.4187217257));
#1154 = CARTESIAN_POINT('',(-72.84634089224,127.3202501391,290.44429284)
  );
#1155 = CARTESIAN_POINT('',(-72.84634064805,127.33038595029,
    290.55433616532));
#1156 = CARTESIAN_POINT('',(-72.84634153447,127.34637931647,
    290.73126298449));
#1157 = CARTESIAN_POINT('',(-72.84633823296,127.36739524805,
    290.97027639818));
#1158 = CARTESIAN_POINT('',(-72.84635055259,127.39250117443,
    291.26658491446));
#1159 = CARTESIAN_POINT('',(-72.84630457559,127.42074202915,
    291.61539204905));
#1160 = CARTESIAN_POINT('',(-72.84647616397,127.45101725046,
    292.01192151704));
#1161 = CARTESIAN_POINT('',(-72.84583578745,127.48268376105,
    292.45131139051));
#1162 = CARTESIAN_POINT('',(-72.84822570515,127.51343691163,
    292.9289991688));
#1163 = CARTESIAN_POINT('',(-72.83930641086,127.54733740743,
    293.43927699375));
#1164 = CARTESIAN_POINT('',(-72.8725936703,127.56496015337,
    293.98067835682));
#1165 = CARTESIAN_POINT('',(-72.74836392683,127.63489322967,
    294.53587174769));
#1166 = CARTESIAN_POINT('',(-73.2119956413,127.4976981737,
    295.14669803068));
#1167 = CARTESIAN_POINT('',(-71.48169852688,128.11865860036,
    295.63412876729));
#1168 = CARTESIAN_POINT('',(-77.93925527008,125.89289779831,
    296.6433995348));
#1169 = CARTESIAN_POINT('',(-81.45268781206,124.47651714911,
    297.54697444871));
#1170 = CARTESIAN_POINT('',(-84.9436497192,123.01503185158,
    298.49588314913));
#1171 = CARTESIAN_POINT('',(-87.61657414967,121.81874429809,
    299.43932646503));
#1172 = CARTESIAN_POINT('',(-89.71322746265,120.83616137978,
    300.54499141027));
#1173 = CARTESIAN_POINT('',(-91.23106790742,120.08982548626,
    301.62406543523));
#1174 = CARTESIAN_POINT('',(-92.25902995781,119.54926226642,
    302.77818501287));
#1175 = CARTESIAN_POINT('',(-92.88042102804,119.18878950552,
    303.84961401553));
#1176 = CARTESIAN_POINT('',(-93.19267465885,118.95207763472,
    305.04848238852));
#1177 = CARTESIAN_POINT('',(-93.29691705137,118.78668646051,
    306.36172112175));
#1178 = CARTESIAN_POINT('',(-93.29691992431,118.63843609341,
    307.7876531909));
#1179 = CARTESIAN_POINT('',(-93.29691705137,118.45297993205,
    309.31720593106));
#1180 = CARTESIAN_POINT('',(-93.19267465885,118.27164259599,
    310.96989787269));
#1181 = CARTESIAN_POINT('',(-92.88042102804,118.132943102,
    312.76745229657));
#1182 = CARTESIAN_POINT('',(-92.25902995781,118.06969519087,
    314.73321594799));
#1183 = CARTESIAN_POINT('',(-91.23106790742,118.12304769301,
    316.82117337382));
#1184 = CARTESIAN_POINT('',(-89.71322746265,118.28680798507,
    319.15787308816));
#1185 = CARTESIAN_POINT('',(-87.61657414967,118.5594453226,
    321.75926443741));
#1186 = CARTESIAN_POINT('',(-84.9436497192,118.87326266837,
    324.70059320061));
#1187 = CARTESIAN_POINT('',(-81.45268781206,119.21913299139,
    328.00140990875));
#1188 = CARTESIAN_POINT('',(-77.93925527008,119.27900433238,
    331.58977328673));
#1189 = CARTESIAN_POINT('',(-71.48169852688,119.64965074335,
    335.85137693673));
#1190 = CARTESIAN_POINT('',(-73.2119956413,117.32662208447,
    339.33797882026));
#1191 = CARTESIAN_POINT('',(-72.74836392683,114.37564882177,
    344.935628072));
#1192 = CARTESIAN_POINT('',(-72.87259367031,109.98792374697,
    351.51907327005));
#1193 = CARTESIAN_POINT('',(-72.83930641086,104.11204488112,
    358.98332472199));
#1194 = CARTESIAN_POINT('',(-72.84822570517,96.529194478233,
    366.8978677268));
#1195 = CARTESIAN_POINT('',(-72.84583578738,87.144337059287,
    374.87761671105));
#1196 = CARTESIAN_POINT('',(-72.84647616422,75.943447511447,
    382.50287886165));
#1197 = CARTESIAN_POINT('',(-72.84630457465,63.028650696025,
    389.36838439996));
#1198 = CARTESIAN_POINT('',(-72.8463505561,48.617930567283,
    395.10343417394));
#1199 = CARTESIAN_POINT('',(-72.84633821984,33.038155922775,
    399.40166576818));
#1200 = CARTESIAN_POINT('',(-72.84634158343,16.703669423165,
    402.04540460491));
#1201 = CARTESIAN_POINT('',(-72.84634083804,5.625114370547,
    402.63156613085));
#1202 = CARTESIAN_POINT('',(-72.84634083648,0.12,402.63151656927));
#1203 = CARTESIAN_POINT('',(-68.26046317604,128.72416592743,
    290.1558525904));
#1204 = CARTESIAN_POINT('',(-68.26046317683,128.72416523845,
    290.15584308565));
#1205 = CARTESIAN_POINT('',(-68.26046322523,128.72660392499,
    290.18095113797));
#1206 = CARTESIAN_POINT('',(-68.26046300269,128.73703329458,
    290.28932608597));
#1207 = CARTESIAN_POINT('',(-68.26046382025,128.75352238201,
    290.46375568335));
#1208 = CARTESIAN_POINT('',(-68.26046077257,128.77523858212,
    290.69958825348));
#1209 = CARTESIAN_POINT('',(-68.26047214574,128.8012540637,
    290.99217785714));
#1210 = CARTESIAN_POINT('',(-68.26042970073,128.83061132361,
    291.33687312081));
#1211 = CARTESIAN_POINT('',(-68.26058810761,128.86223014854,
    291.72904571231));
#1212 = CARTESIAN_POINT('',(-68.25999692509,128.89539379726,
    292.16397227155));
#1213 = CARTESIAN_POINT('',(-68.26220324827,128.92806159271,
    292.6372651093));
#1214 = CARTESIAN_POINT('',(-68.25396913807,128.96328137793,
    293.14325699749));
#1215 = CARTESIAN_POINT('',(-68.28469925569,128.98536082948,
    293.681023668));
#1216 = CARTESIAN_POINT('',(-68.17001289543,129.04888817806,
    294.23190430925));
#1217 = CARTESIAN_POINT('',(-68.59802821885,128.94658110528,
    294.843395239));
#1218 = CARTESIAN_POINT('',(-67.00065328541,129.44895814199,
    295.3160555903));
#1219 = CARTESIAN_POINT('',(-72.96213769575,127.67787644187,
    296.37199422769));
#1220 = CARTESIAN_POINT('',(-76.2246804817,126.5081162527,
    297.28142621471));
#1221 = CARTESIAN_POINT('',(-79.47075639095,125.28627559035,
    298.26217230017));
#1222 = CARTESIAN_POINT('',(-81.96281664416,124.26684752448,
    299.26953300667));
#1223 = CARTESIAN_POINT('',(-83.92019966169,123.42616122473,
    300.28417462985));
#1224 = CARTESIAN_POINT('',(-85.33891586951,122.77942402198,
    301.36301494349));
#1225 = CARTESIAN_POINT('',(-86.30043282307,122.30703620851,
    302.4948111228));
#1226 = CARTESIAN_POINT('',(-86.88193908403,121.97661255564,
    303.73866034771));
#1227 = CARTESIAN_POINT('',(-87.17422174581,121.75014341436,
    305.05582901307));
#1228 = CARTESIAN_POINT('',(-87.27180721365,121.58174772051,
    306.46505365823));
#1229 = CARTESIAN_POINT('',(-87.27180975222,121.42214891769,
    307.97793192528));
#1230 = CARTESIAN_POINT('',(-87.27180721365,121.22111364536,
    309.60074258598));
#1231 = CARTESIAN_POINT('',(-87.17422174581,121.01494997991,
    311.34054623535));
#1232 = CARTESIAN_POINT('',(-86.88193908403,120.83678218403,
    313.21294900254));
#1233 = CARTESIAN_POINT('',(-86.30043282307,120.71398276224,
    315.24143040352));
#1234 = CARTESIAN_POINT('',(-85.33891586951,120.65989089618,
    317.47653671291));
#1235 = CARTESIAN_POINT('',(-83.92019966169,120.68060532412,
    319.92839624706));
#1236 = CARTESIAN_POINT('',(-81.96281664416,120.75990236994,
    322.64284300772));
#1237 = CARTESIAN_POINT('',(-79.47075639095,120.84600340269,
    325.63787152873));
#1238 = CARTESIAN_POINT('',(-76.2246804817,120.90054961615,
    328.97623360077));
#1239 = CARTESIAN_POINT('',(-72.96213769575,120.65718226534,
    332.5869411816));
#1240 = CARTESIAN_POINT('',(-67.00065328541,120.54581711326,
    336.78553302492));
#1241 = CARTESIAN_POINT('',(-68.59802821885,118.24419169831,
    340.36698748844));
#1242 = CARTESIAN_POINT('',(-68.17001289543,115.16234018778,
    345.97017836191));
#1243 = CARTESIAN_POINT('',(-68.28469925569,110.67160285419,
    352.53987161769));
#1244 = CARTESIAN_POINT('',(-68.25396913807,104.67947466973,
    359.95763883809));
#1245 = CARTESIAN_POINT('',(-68.26220324829,96.986414256117,
    367.80380367107));
#1246 = CARTESIAN_POINT('',(-68.25999692503,87.500003738276,
    375.69959110675));
#1247 = CARTESIAN_POINT('',(-68.26058810784,76.21140930851,
    383.2344297497));
#1248 = CARTESIAN_POINT('',(-68.26042969987,63.224289653725,
    390.01218298733));
#1249 = CARTESIAN_POINT('',(-68.26047214894,48.755594613069,
    395.67086165042));
#1250 = CARTESIAN_POINT('',(-68.26046076063,33.128325822003,
    399.91115922066));
#1251 = CARTESIAN_POINT('',(-68.2604638648,16.750855562693,
    402.51987677368));
#1252 = CARTESIAN_POINT('',(-68.26046317921,5.641905632767,
    403.09875896998));
#1253 = CARTESIAN_POINT('',(-68.26046317604,0.12,403.09871247489));
#1254 = CARTESIAN_POINT('',(-63.68774079978,129.8903869215,
    289.77583127045));
#1255 = CARTESIAN_POINT('',(-63.68774079425,129.89038709944,
    289.77583380483));
#1256 = CARTESIAN_POINT('',(-63.68774084739,129.8929524479,
    289.80085702653));
#1257 = CARTESIAN_POINT('',(-63.68774064142,129.90392935164,
    289.90885534731));
#1258 = CARTESIAN_POINT('',(-63.6877413856,129.92130701451,
    290.08273710528));
#1259 = CARTESIAN_POINT('',(-63.68773861483,129.9442355653,
    290.31792899747));
#1260 = CARTESIAN_POINT('',(-63.68774895372,129.97177089426,
    290.60986399428));
#1261 = CARTESIAN_POINT('',(-63.68771036894,130.00293147098,
    290.95396913813));
#1262 = CARTESIAN_POINT('',(-63.6878543692,130.03663571904,
    291.34569746688));
#1263 = CARTESIAN_POINT('',(-63.68731695294,130.07207295885,
    291.78039681248));
#1264 = CARTESIAN_POINT('',(-63.68932261769,130.10744467821,
    292.25378917178));
#1265 = CARTESIAN_POINT('',(-63.68183737495,130.14477610817,
    292.76017349298));
#1266 = CARTESIAN_POINT('',(-63.70977268117,130.17206143538,
    293.29912703611));
#1267 = CARTESIAN_POINT('',(-63.60551669904,130.22998932924,
    293.85049192021));
#1268 = CARTESIAN_POINT('',(-63.99460532134,130.16299870256,
    294.46772521466));
#1269 = CARTESIAN_POINT('',(-62.54250681425,130.54841830385,
    294.92951238867));
#1270 = CARTESIAN_POINT('',(-67.96181222031,129.22892577523,
    296.03996626787));
#1271 = CARTESIAN_POINT('',(-70.9459080425,128.31599526443,
    296.9811684961));
#1272 = CARTESIAN_POINT('',(-73.91921013386,127.34772348203,
    297.99063977637));
#1273 = CARTESIAN_POINT('',(-76.20824790772,126.52289192032,
    299.01916520814));
#1274 = CARTESIAN_POINT('',(-78.00868149608,125.83154333897,
    300.10477474845));
#1275 = CARTESIAN_POINT('',(-79.31527933713,125.29162422118,
    301.24105053082));
#1276 = CARTESIAN_POINT('',(-80.20147382186,124.88912710617,
    302.44851780387));
#1277 = CARTESIAN_POINT('',(-80.73769754045,124.60094348253,
    303.72802686932));
#1278 = CARTESIAN_POINT('',(-81.00728891616,124.39229998532,
    305.10651375087));
#1279 = CARTESIAN_POINT('',(-81.09730817863,124.22361366353,
    306.59278710672));
#1280 = CARTESIAN_POINT('',(-81.09731037541,124.05234756236,
    308.19352124662));
#1281 = CARTESIAN_POINT('',(-81.09730817863,123.83513568917,
    309.90997889163));
#1282 = CARTESIAN_POINT('',(-81.00728891616,123.6000251686,
    311.75113300042));
#1283 = CARTESIAN_POINT('',(-80.73769754045,123.37206219749,
    313.73189813067));
#1284 = CARTESIAN_POINT('',(-80.20147382186,123.17075463501,
    315.87239120963));
#1285 = CARTESIAN_POINT('',(-79.31527933713,123.00783211815,
    318.19271067361));
#1286 = CARTESIAN_POINT('',(-78.00868149608,122.87815785559,
    320.72849279004));
#1287 = CARTESIAN_POINT('',(-76.20824790772,122.76153835464,
    323.51022189543));
#1288 = CARTESIAN_POINT('',(-73.91921013386,122.6019248893,
    326.56538399714));
#1289 = CARTESIAN_POINT('',(-70.9459080425,122.35349632889,
    329.9317692293));
#1290 = CARTESIAN_POINT('',(-67.96181222031,121.80078313582,
    333.55521946484));
#1291 = CARTESIAN_POINT('',(-62.54250681425,121.21902359589,
    337.68119942842));
#1292 = CARTESIAN_POINT('',(-63.99460532134,118.93534925352,
    341.35889448199));
#1293 = CARTESIAN_POINT('',(-63.60551669904,115.72665327698,
    346.96342160797));
#1294 = CARTESIAN_POINT('',(-63.70977268117,111.13891290252,
    353.51449257815));
#1295 = CARTESIAN_POINT('',(-63.68183737495,105.04053838694,
    360.87948289036));
#1296 = CARTESIAN_POINT('',(-63.68932261771,97.251161140512,
    368.65036656324));
#1297 = CARTESIAN_POINT('',(-63.68731695289,87.681246964108,
    376.45508039702));
#1298 = CARTESIAN_POINT('',(-63.68785436941,76.327052950985,
    383.89266017197));
#1299 = CARTESIAN_POINT('',(-63.68771036813,63.293463728282,
    390.57650952025));
#1300 = CARTESIAN_POINT('',(-63.68774895673,48.795830623541,
    396.15369773335));
#1301 = CARTESIAN_POINT('',(-63.68773860361,33.152504538655,
    400.33224176325));
#1302 = CARTESIAN_POINT('',(-63.6877414275,16.764926599637,
    402.90359862553));
#1303 = CARTESIAN_POINT('',(-63.68774079921,5.647741727711,
    403.4746856148));
#1304 = CARTESIAN_POINT('',(-63.68774079978,0.12,403.47464207875));
#1305 = CARTESIAN_POINT('',(-59.12560804353,130.79001875904,
    289.25783504983));
#1306 = CARTESIAN_POINT('',(-59.12560804702,130.79001869941,
    289.25783437466));
#1307 = CARTESIAN_POINT('',(-59.1256080821,130.79277807911,
    289.28304065582));
#1308 = CARTESIAN_POINT('',(-59.12560790326,130.80459615061,
    289.39188570808));
#1309 = CARTESIAN_POINT('',(-59.12560856602,130.82332857395,
    289.56719052231));
#1310 = CARTESIAN_POINT('',(-59.12560609383,130.84808561409,
    289.80438668079));
#1311 = CARTESIAN_POINT('',(-59.12561531983,130.8778824984,
    290.09891266276));
#1312 = CARTESIAN_POINT('',(-59.125580888,130.91168866541,
    290.44620066307));
#1313 = CARTESIAN_POINT('',(-59.12570938931,130.94839521996,
    290.84171148226));
#1314 = CARTESIAN_POINT('',(-59.12522981593,130.98707544014,
    291.28079145637));
#1315 = CARTESIAN_POINT('',(-59.12701960814,131.02614000945,
    291.75919541714));
#1316 = CARTESIAN_POINT('',(-59.12034001267,131.06660546617,
    292.27112614482));
#1317 = CARTESIAN_POINT('',(-59.14526860233,131.10000023225,
    292.81654471289));
#1318 = CARTESIAN_POINT('',(-59.05223383917,131.1535922616,
    293.37388376488));
#1319 = CARTESIAN_POINT('',(-59.39944430216,131.12167774841,
    294.00188113732));
#1320 = CARTESIAN_POINT('',(-58.10363721336,131.39528904328,
    294.45953199541));
#1321 = CARTESIAN_POINT('',(-62.93965510554,130.51214968755,
    295.62444916877));
#1322 = CARTESIAN_POINT('',(-65.62071576809,129.85466870546,
    296.60768492295));
#1323 = CARTESIAN_POINT('',(-68.29635462466,129.14237680809,
    297.66221980743));
#1324 = CARTESIAN_POINT('',(-70.36258626903,128.51801690371,
    298.73859475104));
#1325 = CARTESIAN_POINT('',(-71.99028235735,127.98516825621,
    299.86472499657));
#1326 = CARTESIAN_POINT('',(-73.1731553726,127.56005629184,
    301.05362884028));
#1327 = CARTESIAN_POINT('',(-73.97609707316,127.23454624814,
    302.31872044184));
#1328 = CARTESIAN_POINT('',(-74.46221596285,126.99025343071,
    303.6765678326));
#1329 = CARTESIAN_POINT('',(-74.70668564182,126.79993187047,
    305.13591600012));
#1330 = CARTESIAN_POINT('',(-74.78832630657,126.63094064285,
    306.70732504856));
#1331 = CARTESIAN_POINT('',(-74.7883281551,126.44770030467,
    308.39793770772));
#1332 = CARTESIAN_POINT('',(-74.78832630657,126.21369570204,
    310.20996376678));
#1333 = CARTESIAN_POINT('',(-74.70668564182,125.94878500135,
    312.14991519043));
#1334 = CARTESIAN_POINT('',(-74.46221596285,125.66996118307,
    314.23006281961));
#1335 = CARTESIAN_POINT('',(-73.97609707316,125.38904813086,
    316.46766743177));
#1336 = CARTESIAN_POINT('',(-73.1731553726,125.10910742917,318.886120205
    ));
#1337 = CARTESIAN_POINT('',(-71.99028235735,124.82064854495,
    321.5084840959));
#1338 = CARTESIAN_POINT('',(-70.36258626903,124.49818443883,
    324.36224509666));
#1339 = CARTESIAN_POINT('',(-68.29635462466,124.08894086607,
    327.46708226433));
#1340 = CARTESIAN_POINT('',(-65.62071576809,123.53838237703,
    330.85489748784));
#1341 = CARTESIAN_POINT('',(-62.93965510554,122.68153929271,
    334.48583254364));
#1342 = CARTESIAN_POINT('',(-58.10363721336,121.65217882937,
    338.53460799834));
#1343 = CARTESIAN_POINT('',(-59.39944430216,119.38024681113,
    342.30923079569));
#1344 = CARTESIAN_POINT('',(-59.05223383917,116.05004753772,
    347.91152999662));
#1345 = CARTESIAN_POINT('',(-59.14526860233,111.3718780383,
    354.43922590308));
#1346 = CARTESIAN_POINT('',(-59.12034001267,105.17838235184,
    361.74526632508));
#1347 = CARTESIAN_POINT('',(-59.12701960815,97.307917176996,
    369.43397477314));
#1348 = CARTESIAN_POINT('',(-59.12522981588,87.674183573593,
    377.14046085044));
#1349 = CARTESIAN_POINT('',(-59.12570938949,76.278386303048,
    384.47386714097));
#1350 = CARTESIAN_POINT('',(-59.12558088731,63.226305341853,
    391.05756943181));
#1351 = CARTESIAN_POINT('',(-59.12561532243,48.731086923972,
    396.54806236531));
#1352 = CARTESIAN_POINT('',(-59.12560608412,33.105597875934,
    400.6609681967));
#1353 = CARTESIAN_POINT('',(-59.12560860225,16.743329175751,
    403.19258773354));
#1354 = CARTESIAN_POINT('',(-59.1256080461,5.641776549218,403.7553569746
    ));
#1355 = CARTESIAN_POINT('',(-59.12560804353,0.12,403.75531642497));
#1356 = CARTESIAN_POINT('',(-54.57149924523,131.40033498669,
    288.57215150951));
#1357 = CARTESIAN_POINT('',(-54.57149924224,131.40033500489,
    288.57215166588));
#1358 = CARTESIAN_POINT('',(-54.57149928167,131.40337788057,
    288.59788740374));
#1359 = CARTESIAN_POINT('',(-54.57149912218,131.41641747384,
    288.70903161137));
#1360 = CARTESIAN_POINT('',(-54.571499701,131.43710622834,
    288.88806411972));
#1361 = CARTESIAN_POINT('',(-54.57149754519,131.46448663091,
    289.13034089869));
#1362 = CARTESIAN_POINT('',(-54.5715055896,131.49750305206,
    289.43122575584));
#1363 = CARTESIAN_POINT('',(-54.57147556779,131.53504538135,
    289.78607581557));
#1364 = CARTESIAN_POINT('',(-54.57158761063,131.57594387053,
    290.19027973332));
#1365 = CARTESIAN_POINT('',(-54.57116946107,131.61913331982,
    290.63910090322));
#1366 = CARTESIAN_POINT('',(-54.57273001645,131.66317328422,
    291.12825039954));
#1367 = CARTESIAN_POINT('',(-54.5669059445,131.70815949303,
    291.65173885158));
#1368 = CARTESIAN_POINT('',(-54.58864167693,131.74869904006,
    292.20988597032));
#1369 = CARTESIAN_POINT('',(-54.50752281916,131.80022390087,
    292.77942376259));
#1370 = CARTESIAN_POINT('',(-54.81026251779,131.8008719549,
    293.42507054844));
#1371 = CARTESIAN_POINT('',(-53.68042258105,131.97774418901,
    293.88313114279));
#1372 = CARTESIAN_POINT('',(-57.89704262937,131.48007413459,
    295.11552439868));
#1373 = CARTESIAN_POINT('',(-60.25344894061,131.07207778171,
    296.1351953386));
#1374 = CARTESIAN_POINT('',(-62.60953353741,130.61058811217,
    297.24064688349));
#1375 = CARTESIAN_POINT('',(-64.43555003974,130.18658638015,
    298.36963963703));
#1376 = CARTESIAN_POINT('',(-65.87661160661,129.81302727514,
    299.55725332897));
#1377 = CARTESIAN_POINT('',(-66.92554099672,129.50447999589,
    300.81108310316));
#1378 = CARTESIAN_POINT('',(-67.63824664639,129.25750237477,
    302.14760532125));
#1379 = CARTESIAN_POINT('',(-68.07001386211,129.05923549609,
    303.57937022927));
#1380 = CARTESIAN_POINT('',(-68.28722133742,128.88871915686,
    305.11972525976));
#1381 = CARTESIAN_POINT('',(-68.35976789955,128.72021808156,
    306.77828214181));
#1382 = CARTESIAN_POINT('',(-68.35976939438,128.52527450016,
    308.56167170154));
#1383 = CARTESIAN_POINT('',(-68.35976789955,128.27444859403,
    310.47190372559));
#1384 = CARTESIAN_POINT('',(-68.28722133742,127.9790929362,
    312.51378223243));
#1385 = CARTESIAN_POINT('',(-68.07001386211,127.64793459499,
    314.69707754891));
#1386 = CARTESIAN_POINT('',(-67.63824664639,127.28503321789,
    317.03576089404));
#1387 = CARTESIAN_POINT('',(-66.92554099672,126.88696665103,
    319.5473372993));
#1388 = CARTESIAN_POINT('',(-65.87661160661,126.43874853616,
    322.2525723588));
#1389 = CARTESIAN_POINT('',(-64.43555003974,125.91141450117,
    325.17307108235));
#1390 = CARTESIAN_POINT('',(-62.60953353741,125.25468220692,
    328.32624698424));
#1391 = CARTESIAN_POINT('',(-60.25344894061,124.41031671366,
    331.73369218631));
#1392 = CARTESIAN_POINT('',(-57.89704262937,123.2585646149,
    335.37101700003));
#1393 = CARTESIAN_POINT('',(-53.68042258105,121.83843292102,
    339.34109961253));
#1394 = CARTESIAN_POINT('',(-54.81026251779,119.56301088902,
    343.21333710467));
#1395 = CARTESIAN_POINT('',(-54.50752281916,116.11944011128,
    348.81047176662));
#1396 = CARTESIAN_POINT('',(-54.58864167693,111.35732182359,
    355.31031854676));
#1397 = CARTESIAN_POINT('',(-54.5669059445,105.08079152672,
    362.55145363936));
#1398 = CARTESIAN_POINT('',(-54.57273001646,97.145422416437,
    370.15120032881));
#1399 = CARTESIAN_POINT('',(-54.57116946103,87.468773043545,
    377.75234491027));
#1400 = CARTESIAN_POINT('',(-54.5715876108,76.056757842747,
    384.97465505318));
#1401 = CARTESIAN_POINT('',(-54.57147556714,63.015716262952,
    391.45193430662));
#1402 = CARTESIAN_POINT('',(-54.57150559203,48.555945768278,
    396.85048821029));
#1403 = CARTESIAN_POINT('',(-54.57149753613,32.983960351779,
    400.89384012617));
#1404 = CARTESIAN_POINT('',(-54.57149973483,16.684240453374,
    403.38332940085));
#1405 = CARTESIAN_POINT('',(-54.57149924223,5.623406758405,
    403.93725692834));
#1406 = CARTESIAN_POINT('',(-54.57149924523,0.12,403.93721929597));
#1407 = CARTESIAN_POINT('',(-50.02284874226,131.67697201647,
    287.71345108236));
#1408 = CARTESIAN_POINT('',(-50.0228487367,131.67697200539,
    287.71345103044));
#1409 = CARTESIAN_POINT('',(-50.02284877449,131.68040356428,
    287.74005828989));
#1410 = CARTESIAN_POINT('',(-50.02284863782,131.69511406351,
    287.85496580224));
#1411 = CARTESIAN_POINT('',(-50.02284912782,131.71847124117,
    288.04005953336));
#1412 = CARTESIAN_POINT('',(-50.02284730447,131.74941735346,
    288.29053901683));
#1413 = CARTESIAN_POINT('',(-50.02285410788,131.78679119422,
    288.6016124429));
#1414 = CARTESIAN_POINT('',(-50.0228287176,131.82936716348,
    288.96848234015));
#1415 = CARTESIAN_POINT('',(-50.02292347528,131.87587839209,
    289.3863807977));
#1416 = CARTESIAN_POINT('',(-50.02256983485,131.92508579104,
    289.85042167251));
#1417 = CARTESIAN_POINT('',(-50.0238896389,131.97566284709,
    290.35613808671));
#1418 = CARTESIAN_POINT('',(-50.01896406313,132.02675505463,
    290.89746501407));
#1419 = CARTESIAN_POINT('',(-50.03734656214,132.07600861138,
    291.47425973817));
#1420 = CARTESIAN_POINT('',(-49.96874214188,132.12703095584,
    292.06422937318));
#1421 = CARTESIAN_POINT('',(-50.22477732391,132.16163816078,
    292.72769587495));
#1422 = CARTESIAN_POINT('',(-49.26924101607,132.24350648377,
    293.21660748493));
#1423 = CARTESIAN_POINT('',(-52.83535106538,132.13140378104,
    294.43373014107));
#1424 = CARTESIAN_POINT('',(-54.8484528399,131.93154952951,
    295.53851887743));
#1425 = CARTESIAN_POINT('',(-56.86609054685,131.69108027847,
    296.70127618566));
#1426 = CARTESIAN_POINT('',(-58.43685753606,131.45005166673,
    297.89316722485));
#1427 = CARTESIAN_POINT('',(-59.67927861315,131.226456232,
    299.14334297121));
#1428 = CARTESIAN_POINT('',(-60.58543324145,131.03030699309,
    300.46662137176));
#1429 = CARTESIAN_POINT('',(-61.20186662425,130.86061094796,
    301.87841576125));
#1430 = CARTESIAN_POINT('',(-61.57561076377,130.70833703639,
    303.39217467952));
#1431 = CARTESIAN_POINT('',(-61.76370543296,130.55829315451,
    305.019593295));
#1432 = CARTESIAN_POINT('',(-61.82653927526,130.39122900476,
    306.77014395433));
#1433 = CARTESIAN_POINT('',(-61.82654041188,130.18551429208,
    308.6503760377));
#1434 = CARTESIAN_POINT('',(-61.82653927526,129.91850370597,
    310.66261116627));
#1435 = CARTESIAN_POINT('',(-61.76370543296,129.59326346914,
    312.80957969468));
#1436 = CARTESIAN_POINT('',(-61.57561076377,129.21054787676,
    315.09834370674));
#1437 = CARTESIAN_POINT('',(-61.20186662425,128.76715517528,
    317.53957732991));
#1438 = CARTESIAN_POINT('',(-60.58543324145,128.25355736917,
    320.14731066347));
#1439 = CARTESIAN_POINT('',(-59.67927861315,127.65119916232,
    322.937415505));
#1440 = CARTESIAN_POINT('',(-58.43685753606,126.92984847542,
    325.92644695771));
#1441 = CARTESIAN_POINT('',(-56.86609054685,126.04545366249,
    329.12742585537));
#1442 = CARTESIAN_POINT('',(-54.8484528399,124.9400789583,
    332.55394353557));
#1443 = CARTESIAN_POINT('',(-52.83535106538,123.53958342371,
    336.19760034397));
#1444 = CARTESIAN_POINT('',(-49.26924101607,121.73260840953,
    340.09956766613));
#1445 = CARTESIAN_POINT('',(-50.22477732391,119.45371765782,
    344.06643532908));
#1446 = CARTESIAN_POINT('',(-49.96874214188,115.90235862994,
    349.65602532167));
#1447 = CARTESIAN_POINT('',(-50.03734656214,111.06549443194,
    356.12299839839));
#1448 = CARTESIAN_POINT('',(-50.01896406313,104.71983809356,
    363.29305641858));
#1449 = CARTESIAN_POINT('',(-50.02388963891,96.738310837064,
    370.7967939036));
#1450 = CARTESIAN_POINT('',(-50.02256983481,87.042480235969,
    378.2852814024));
#1451 = CARTESIAN_POINT('',(-50.02292347542,75.642815753992,
    385.38939957063));
#1452 = CARTESIAN_POINT('',(-50.02282871709,62.645808954851,
    391.75383791036));
#1453 = CARTESIAN_POINT('',(-50.02285410981,48.258231882578,
    397.05509208643));
#1454 = CARTESIAN_POINT('',(-50.02284729726,32.77933173255,
    401.02488163999));
#1455 = CARTESIAN_POINT('',(-50.02284915472,16.58347294788,
    403.46978293918));
#1456 = CARTESIAN_POINT('',(-50.0228487432,5.591231177994,
    404.01432697162));
#1457 = CARTESIAN_POINT('',(-50.02284874226,0.12,404.01429217593));
#1458 = CARTESIAN_POINT('',(-45.47709087216,131.68352057246,
    286.86708740246));
#1459 = CARTESIAN_POINT('',(-45.47709087365,131.68352057025,
    286.8670874163));
#1460 = CARTESIAN_POINT('',(-45.47709089548,131.68733407931,
    286.89447604229));
#1461 = CARTESIAN_POINT('',(-45.47709078827,131.703687374,
    287.01275949906));
#1462 = CARTESIAN_POINT('',(-45.47709118436,131.72966979921,
    287.20329533484));
#1463 = CARTESIAN_POINT('',(-45.47708970722,131.7641273511,
    287.46114701308));
#1464 = CARTESIAN_POINT('',(-45.4770952197,131.80579649903,
    287.78138740574));
#1465 = CARTESIAN_POINT('',(-45.47707464693,131.85334384296,
    288.15908526837));
#1466 = CARTESIAN_POINT('',(-45.47715142553,131.9053974276,
    288.5893351166));
#1467 = CARTESIAN_POINT('',(-45.47686488387,131.96059476282,
    289.06712720343));
#1468 = CARTESIAN_POINT('',(-45.47793427191,132.01755487457,
    289.58781678977));
#1469 = CARTESIAN_POINT('',(-45.47394326143,132.0751200933,
    290.14535974564));
#1470 = CARTESIAN_POINT('',(-45.4888379153,132.13157743999,
    290.7388874505));
#1471 = CARTESIAN_POINT('',(-45.43325031031,132.18767443849,
    291.34816221392));
#1472 = CARTESIAN_POINT('',(-45.64070607639,132.23546012677,
    292.02517533474));
#1473 = CARTESIAN_POINT('',(-44.86647061705,132.3000132748,
    292.55229793604));
#1474 = CARTESIAN_POINT('',(-47.75595668834,132.28377891839,
    293.71808161478));
#1475 = CARTESIAN_POINT('',(-49.41007274642,132.33263200237,
    294.78894647733));
#1476 = CARTESIAN_POINT('',(-51.07336932757,132.31821359337,
    295.97879241243));
#1477 = CARTESIAN_POINT('',(-52.37622707297,132.26125421018,
    297.2294567236));
#1478 = CARTESIAN_POINT('',(-53.40989274403,132.18184662892,
    298.55832596004));
#1479 = CARTESIAN_POINT('',(-54.16582913575,132.09132590357,
    299.96434706122));
#1480 = CARTESIAN_POINT('',(-54.68090108587,131.99330993067,
    301.46246292834));
#1481 = CARTESIAN_POINT('',(-54.99352618944,131.88391878482,
    303.06629920225));
#1482 = CARTESIAN_POINT('',(-55.15094735429,131.75362393665,
    304.7878893277));
#1483 = CARTESIAN_POINT('',(-55.20354674721,131.58900217978,
    306.63676319053));
#1484 = CARTESIAN_POINT('',(-55.2035475221,131.37427438328,
    308.61965460744));
#1485 = CARTESIAN_POINT('',(-55.20354674721,131.09251869853,
    310.73940039011));
#1486 = CARTESIAN_POINT('',(-55.15094735429,130.73951025871,
    312.99654807133));
#1487 = CARTESIAN_POINT('',(-54.99352618944,130.30899640596,
    315.39537414166));
#1488 = CARTESIAN_POINT('',(-54.68090108587,129.7912235044,
    317.94321013407));
#1489 = CARTESIAN_POINT('',(-54.16582913575,129.17085927962,
    320.65016049585));
#1490 = CARTESIAN_POINT('',(-53.40989274403,128.42473813797,
    323.52805160581));
#1491 = CARTESIAN_POINT('',(-52.37622707297,127.51948890228,
    326.58960891284));
#1492 = CARTESIAN_POINT('',(-51.07336932757,126.409842141,
    329.84840271659));
#1493 = CARTESIAN_POINT('',(-49.41007274642,125.04029403765,
    333.30862599206));
#1494 = CARTESIAN_POINT('',(-47.75595668834,123.35144223125,
    336.97274320756));
#1495 = CARTESIAN_POINT('',(-44.86647061705,121.43074319561,
    340.7975891354));
#1496 = CARTESIAN_POINT('',(-45.64070607639,119.0806828233,
    344.85386813256));
#1497 = CARTESIAN_POINT('',(-45.43325031031,115.4487960169,
    350.42978054082));
#1498 = CARTESIAN_POINT('',(-45.4888379153,110.54307036978,
    356.8583055072));
#1499 = CARTESIAN_POINT('',(-45.47394326143,104.14418662299,
    363.95208524166));
#1500 = CARTESIAN_POINT('',(-45.47793427192,96.134022818167,
    371.35520527895));
#1501 = CARTESIAN_POINT('',(-45.47686488384,86.440249994351,
    378.72706497017));
#1502 = CARTESIAN_POINT('',(-45.47715142565,75.077035680426,
    385.70967400975));
#1503 = CARTESIAN_POINT('',(-45.47707464649,62.150849431044,
    391.95857005633));
#1504 = CARTESIAN_POINT('',(-45.47709522131,47.864500786142,
    397.16038760776));
#1505 = CARTESIAN_POINT('',(-45.47708970121,32.509539642089,
    401.05501091779));
#1506 = CARTESIAN_POINT('',(-45.4770912068,16.449720379418,
    403.45427442962));
#1507 = CARTESIAN_POINT('',(-45.47709087196,5.548042042597,
    403.98916625099));
#1508 = CARTESIAN_POINT('',(-45.47709087216,0.12,403.98913418064));
#1509 = CARTESIAN_POINT('',(-40.9316599724,131.72503116207,
    285.94113236273));
#1510 = CARTESIAN_POINT('',(-40.93165997375,131.72503115387,
    285.94113235012));
#1511 = CARTESIAN_POINT('',(-40.93165998999,131.72924949238,
    285.96932135695));
#1512 = CARTESIAN_POINT('',(-40.9316599088,131.74734386908,
    286.09106234668));
#1513 = CARTESIAN_POINT('',(-40.9316602092,131.77610852452,
    286.28717084471));
#1514 = CARTESIAN_POINT('',(-40.93165908876,131.81428747824,
    286.55257023981));
#1515 = CARTESIAN_POINT('',(-40.93166327011,131.86050853138,
    286.88219419422));
#1516 = CARTESIAN_POINT('',(-40.93164766516,131.9133250189,
    287.27097385994));
#1517 = CARTESIAN_POINT('',(-40.93170590362,131.97125025109,
    287.71386230687));
#1518 = CARTESIAN_POINT('',(-40.93148855472,132.03280396523,
    288.20572246703));
#1519 = CARTESIAN_POINT('',(-40.93229971186,132.09649951086,
    288.74172725732));
#1520 = CARTESIAN_POINT('',(-40.92927243221,132.16103761761,
    289.31585148124));
#1521 = CARTESIAN_POINT('',(-40.94057039369,132.22471464208,
    289.92648878424));
#1522 = CARTESIAN_POINT('',(-40.8984058274,132.28774783253,
    290.55548110898));
#1523 = CARTESIAN_POINT('',(-41.05576613108,132.34369950108,291.24637756
    ));
#1524 = CARTESIAN_POINT('',(-40.46848948266,132.41156992172,
    291.81236740908));
#1525 = CARTESIAN_POINT('',(-42.66023577266,132.41609769149,
    292.92629108688));
#1526 = CARTESIAN_POINT('',(-43.94265394048,132.42190738329,
    294.01782151279));
#1527 = CARTESIAN_POINT('',(-45.23871355419,132.43244128393,
    295.22144073635));
#1528 = CARTESIAN_POINT('',(-46.26337696578,132.44675664553,
    296.49914691588));
#1529 = CARTESIAN_POINT('',(-47.08006336695,132.4533228416,
    297.86736433291));
#1530 = CARTESIAN_POINT('',(-47.67972570937,132.44401875099,
    299.33347600027));
#1531 = CARTESIAN_POINT('',(-48.08929411134,132.41027768708,
    300.90759054266));
#1532 = CARTESIAN_POINT('',(-48.3382796618,132.34377425302,
    302.59916531919));
#1533 = CARTESIAN_POINT('',(-48.46375652841,132.23570087291,
    304.41730579016));
#1534 = CARTESIAN_POINT('',(-48.50569663001,132.07650195858,
    306.36941040089));
#1535 = CARTESIAN_POINT('',(-48.50569704062,131.85567378664,
    308.46070932841));
#1536 = CARTESIAN_POINT('',(-48.50569663001,131.56186102619,
    310.69327736591));
#1537 = CARTESIAN_POINT('',(-48.46375652841,131.1836057228,
    313.06658017763));
#1538 = CARTESIAN_POINT('',(-48.3382796618,130.70801452186,
    315.5828180654));
#1539 = CARTESIAN_POINT('',(-48.08929411134,130.1204190386,
    318.24638089949));
#1540 = CARTESIAN_POINT('',(-47.67972570937,129.40410838267,
    321.06347129437));
#1541 = CARTESIAN_POINT('',(-47.08006336695,128.53996536043,
    324.04144116353));
#1542 = CARTESIAN_POINT('',(-46.26337696578,127.50696710594,
    327.18665071928));
#1543 = CARTESIAN_POINT('',(-45.23871355419,126.28055015553,
    330.50491887227));
#1544 = CARTESIAN_POINT('',(-43.94265394048,124.83973717507,
    333.99179349167));
#1545 = CARTESIAN_POINT('',(-42.66023577266,123.14072859316,
    337.66453409884));
#1546 = CARTESIAN_POINT('',(-40.46848948266,121.17744176193,
    341.43392312622));
#1547 = CARTESIAN_POINT('',(-41.05576613108,118.73535213067,
    345.57215515524));
#1548 = CARTESIAN_POINT('',(-40.8984058274,115.02714089091,
    351.13569411339));
#1549 = CARTESIAN_POINT('',(-40.94057039369,110.05034624236,
    357.52566908885));
#1550 = CARTESIAN_POINT('',(-40.9292724322,103.59777073283,
    364.54433906133));
#1551 = CARTESIAN_POINT('',(-40.93229971187,95.557699225658,
    371.84845465813));
#1552 = CARTESIAN_POINT('',(-40.9314885547,85.864224408064,
    379.10577773868));
#1553 = CARTESIAN_POINT('',(-40.93170590371,74.53484118244,
    385.96917388096));
#1554 = CARTESIAN_POINT('',(-40.93164766483,61.675953890105,
    392.10478709425));
#1555 = CARTESIAN_POINT('',(-40.93166327133,47.486457588585,
    397.20913471618));
#1556 = CARTESIAN_POINT('',(-40.93165908422,32.250408792596,
    401.03006292366));
#1557 = CARTESIAN_POINT('',(-40.93166022618,16.321259137866,
    403.3845483453));
#1558 = CARTESIAN_POINT('',(-40.93165997236,5.506576411809,
    403.90995347258));
#1559 = CARTESIAN_POINT('',(-40.9316599724,0.12,403.90992387654));
#1560 = CARTESIAN_POINT('',(-36.38399038048,131.73194848634,
    284.9704093531));
#1561 = CARTESIAN_POINT('',(-36.38399037864,131.73194848497,
    284.97040935799));
#1562 = CARTESIAN_POINT('',(-36.38399039362,131.736587082,
    284.99938974089));
#1563 = CARTESIAN_POINT('',(-36.38399033725,131.75648912241,
    285.12454979143));
#1564 = CARTESIAN_POINT('',(-36.38399054025,131.78814282099,
    285.32616961618));
#1565 = CARTESIAN_POINT('',(-36.38398978463,131.83018685658,
    285.59903489889));
#1566 = CARTESIAN_POINT('',(-36.38399260413,131.88113688131,
    285.93794240117));
#1567 = CARTESIAN_POINT('',(-36.38398208174,131.93942921549,
    286.3376884983));
#1568 = CARTESIAN_POINT('',(-36.38402135179,132.00345925108,
    286.79308593262));
#1569 = CARTESIAN_POINT('',(-36.38387479399,132.07162339776,
    287.29887782942));
#1570 = CARTESIAN_POINT('',(-36.38442175516,132.14233254911,
    287.85003828103));
#1571 = CARTESIAN_POINT('',(-36.38238046828,132.21411639951,
    288.44063383499));
#1572 = CARTESIAN_POINT('',(-36.38999865463,132.28537333152,
    289.06805960662));
#1573 = CARTESIAN_POINT('',(-36.36156719612,132.35542763625,
    289.71722095697));
#1574 = CARTESIAN_POINT('',(-36.46767484381,132.42069222962,
    290.41956321993));
#1575 = CARTESIAN_POINT('',(-36.07167571155,132.48908235591,
    291.03276840158));
#1576 = CARTESIAN_POINT('',(-37.54956459289,132.52630003519,
    292.06294032779));
#1577 = CARTESIAN_POINT('',(-38.4505417024,132.57478440616,
    293.13705311378));
#1578 = CARTESIAN_POINT('',(-39.3694669013,132.61234082116,
    294.34408332899));
#1579 = CARTESIAN_POINT('',(-40.10802552973,132.63914659809,
    295.65428731159));
#1580 = CARTESIAN_POINT('',(-40.7013998494,132.65149324165,
    297.07541795532));
#1581 = CARTESIAN_POINT('',(-41.14011999187,132.64502077197,
    298.609480542));
#1582 = CARTESIAN_POINT('',(-41.44098978052,132.61349434524,
    300.26350193228));
#1583 = CARTESIAN_POINT('',(-41.62439070322,132.54899307145,
    302.04462694615));
#1584 = CARTESIAN_POINT('',(-41.71694238198,132.44192921342,
    303.95982179869));
#1585 = CARTESIAN_POINT('',(-41.747895238,132.28124918885,
    306.01483231245));
#1586 = CARTESIAN_POINT('',(-41.74789528275,132.05465485029,
    308.21371764084));
#1587 = CARTESIAN_POINT('',(-41.747895238,131.74891569721,
    310.55804057254));
#1588 = CARTESIAN_POINT('',(-41.71694238198,131.35272691606,
    313.04582644066));
#1589 = CARTESIAN_POINT('',(-41.62439070322,130.85341984391,
    315.6769848025));
#1590 = CARTESIAN_POINT('',(-41.44098978052,130.23649454573,
    318.45291127254));
#1591 = CARTESIAN_POINT('',(-41.14011999187,129.48511923953,
    321.37619201766));
#1592 = CARTESIAN_POINT('',(-40.7013998494,128.57947862627,
    324.45022487175));
#1593 = CARTESIAN_POINT('',(-40.10802552973,127.49700412527,
    327.67725354155));
#1594 = CARTESIAN_POINT('',(-39.3694669013,126.21024454645,
    331.06102437109));
#1595 = CARTESIAN_POINT('',(-38.4505417024,124.69555524203,
    334.59021540428));
#1596 = CARTESIAN_POINT('',(-37.54956459289,122.90496297066,
    338.29115807999));
#1597 = CARTESIAN_POINT('',(-36.07167571155,120.88996061776,
    342.02276629508));
#1598 = CARTESIAN_POINT('',(-36.46767484381,118.35822259735,
    346.23519564944));
#1599 = CARTESIAN_POINT('',(-36.36156719612,114.57411251418,
    351.7861711129));
#1600 = CARTESIAN_POINT('',(-36.38999865463,109.52833664087,
    358.13616508609));
#1601 = CARTESIAN_POINT('',(-36.38238046828,103.02468624437,
    365.07942150143));
#1602 = CARTESIAN_POINT('',(-36.38442175516,94.957886655132,
    372.2846747483));
#1603 = CARTESIAN_POINT('',(-36.38387479397,85.268136592511,
    379.42811145046));
#1604 = CARTESIAN_POINT('',(-36.38402135185,73.976065787138,
    386.17324344592));
#1605 = CARTESIAN_POINT('',(-36.38398208152,61.187871286747,
    392.1966344074));
#1606 = CARTESIAN_POINT('',(-36.38399260495,47.09849385446,
    397.20448265906));
#1607 = CARTESIAN_POINT('',(-36.38398978158,31.984549342779,
    400.95243973673));
#1608 = CARTESIAN_POINT('',(-36.38399055163,16.189308656419,
    403.26254417977));
#1609 = CARTESIAN_POINT('',(-36.38399038041,5.463912301936,
    403.77852362824));
#1610 = CARTESIAN_POINT('',(-36.38399038048,0.12,403.77849639132));
#1611 = CARTESIAN_POINT('',(-31.83151643391,131.72254216847,
    283.95810304165));
#1612 = CARTESIAN_POINT('',(-31.83151643428,131.72254216126,
    283.95810304013));
#1613 = CARTESIAN_POINT('',(-31.83151644,131.72761867582,283.98787370753
    ));
#1614 = CARTESIAN_POINT('',(-31.83151641205,131.74940433966,
    284.11644805704));
#1615 = CARTESIAN_POINT('',(-31.83151651526,131.78406877544,
    284.32357182598));
#1616 = CARTESIAN_POINT('',(-31.83151613036,131.83014126505,
    284.60389357864));
#1617 = CARTESIAN_POINT('',(-31.83151756675,131.88602103017,
    284.95207381619));
#1618 = CARTESIAN_POINT('',(-31.83151220611,131.95002309483,
    285.36277506966));
#1619 = CARTESIAN_POINT('',(-31.83153221228,132.02042006211,
    285.83066978553));
#1620 = CARTESIAN_POINT('',(-31.83145754825,132.09548206028,
    286.35038470169));
#1621 = CARTESIAN_POINT('',(-31.83173619819,132.17350740436,
    286.91668571219));
#1622 = CARTESIAN_POINT('',(-31.83069626247,132.25287162128,
    287.52376918555));
#1623 = CARTESIAN_POINT('',(-31.83457735539,132.33199172422,
    288.16789228148));
#1624 = CARTESIAN_POINT('',(-31.82009291941,132.40959051494,
    288.83754629354));
#1625 = CARTESIAN_POINT('',(-31.87414957042,132.48382483896,
    289.55012432898));
#1626 = CARTESIAN_POINT('',(-31.67240740238,132.55563720662,
    290.21507383564));
#1627 = CARTESIAN_POINT('',(-32.42531942351,132.61632907436,
    291.14462024761));
#1628 = CARTESIAN_POINT('',(-32.93808131252,132.6815982797,
    292.19451176397));
#1629 = CARTESIAN_POINT('',(-33.47297304353,132.74301662512,
    293.38997002109));
#1630 = CARTESIAN_POINT('',(-33.91989108006,132.79658402533,
    294.7165918774));
#1631 = CARTESIAN_POINT('',(-34.28551155895,132.83554134146,
    296.17545691289));
#1632 = CARTESIAN_POINT('',(-34.56000901283,132.85294913941,
    297.76734694122));
#1633 = CARTESIAN_POINT('',(-34.74993217329,132.84078069785,
    299.49553179576));
#1634 = CARTESIAN_POINT('',(-34.86637883615,132.78998779704,
    301.36389272358));
#1635 = CARTESIAN_POINT('',(-34.92531434176,132.6903824665,
    303.37636276175));
#1636 = CARTESIAN_POINT('',(-34.94504888557,132.53065687957,
    305.53612184308));
#1637 = CARTESIAN_POINT('',(-34.94504856387,132.29845005684,
    307.84515362477));
#1638 = CARTESIAN_POINT('',(-34.94504888557,131.98051410048,
    310.30365162499));
#1639 = CARTESIAN_POINT('',(-34.92531434176,131.56378164742,
    312.90888008396));
#1640 = CARTESIAN_POINT('',(-34.86637883615,131.03406677873,
    315.65904678809));
#1641 = CARTESIAN_POINT('',(-34.74993217329,130.37582553906,
    318.55302616028));
#1642 = CARTESIAN_POINT('',(-34.56000901283,129.57198383463,
    321.59005898999));
#1643 = CARTESIAN_POINT('',(-34.28551155895,128.60357722295,
    324.76961592659));
#1644 = CARTESIAN_POINT('',(-33.91989108006,127.45056109019,
    328.08923430387));
#1645 = CARTESIAN_POINT('',(-33.47297304353,126.08918922458,
    331.54862687526));
#1646 = CARTESIAN_POINT('',(-32.93808131252,124.50367991424,
    335.12927139542));
#1647 = CARTESIAN_POINT('',(-32.42531942351,122.64635128859,
    338.86507449593));
#1648 = CARTESIAN_POINT('',(-31.67240740238,120.58950268298,
    342.57279292965));
#1649 = CARTESIAN_POINT('',(-31.87414957042,117.96498821838,
    346.85309980263));
#1650 = CARTESIAN_POINT('',(-31.82009291941,114.10625658065,
    352.39138191918));
#1651 = CARTESIAN_POINT('',(-31.83457735539,108.99249283306,
    358.70040373124));
#1652 = CARTESIAN_POINT('',(-31.83069626247,102.43954228952,
    365.5682773898));
#1653 = CARTESIAN_POINT('',(-31.83173619819,94.347998981541,
    372.67515466045));
#1654 = CARTESIAN_POINT('',(-31.83145754824,84.664010415154,
    379.70566494166));
#1655 = CARTESIAN_POINT('',(-31.83153221231,73.411115281048,
    386.33375792773));
#1656 = CARTESIAN_POINT('',(-31.831512206,60.695191823074,
    392.24622233465));
#1657 = CARTESIAN_POINT('',(-31.83151756716,46.707211667427,
    397.15873235896));
#1658 = CARTESIAN_POINT('',(-31.83151612882,31.716439451772,
    400.83458465512));
#1659 = CARTESIAN_POINT('',(-31.83151652103,16.056129878019,
    403.10079511032));
#1660 = CARTESIAN_POINT('',(-31.83151643402,5.420802537752,
    403.60743141179));
#1661 = CARTESIAN_POINT('',(-31.83151643391,0.12,403.60740631614));
#1662 = CARTESIAN_POINT('',(-27.27167247018,131.69149794012,
    282.91583211458));
#1663 = CARTESIAN_POINT('',(-27.27167246993,131.6914979338,
    282.91583210445));
#1664 = CARTESIAN_POINT('',(-27.27167247047,131.69702964535,
    282.94639018819));
#1665 = CARTESIAN_POINT('',(-27.27167246951,131.72077340616,
    283.07836655677));
#1666 = CARTESIAN_POINT('',(-27.27167247254,131.75856792079,
    283.29097488758));
#1667 = CARTESIAN_POINT('',(-27.27167246138,131.80882916649,
    283.57872764843));
#1668 = CARTESIAN_POINT('',(-27.271672503,131.869835812,283.93615015746)
  );
#1669 = CARTESIAN_POINT('',(-27.27167234769,131.93977739891,
    284.35777242605));
#1670 = CARTESIAN_POINT('',(-27.27167292732,132.01679924962,
    284.83812722288));
#1671 = CARTESIAN_POINT('',(-27.2716707641,132.09904157385,
    285.37172817835));
#1672 = CARTESIAN_POINT('',(-27.27167883734,132.18468324566,
    285.95312618396));
#1673 = CARTESIAN_POINT('',(-27.27164870761,132.27195099324,
    286.5766779604));
#1674 = CARTESIAN_POINT('',(-27.2717611533,132.35924058961,
    287.23739348138));
#1675 = CARTESIAN_POINT('',(-27.27134150025,132.44480291664,
    287.92776181826));
#1676 = CARTESIAN_POINT('',(-27.27290766675,132.52803674091,
    288.64959042212));
#1677 = CARTESIAN_POINT('',(-27.26706265382,132.60476785279,
    289.36981797613));
#1678 = CARTESIAN_POINT('',(-27.28887653905,132.68495397866,
    290.18542486198));
#1679 = CARTESIAN_POINT('',(-27.40961805118,132.77068512285,
    291.20103945002));
#1680 = CARTESIAN_POINT('',(-27.55657565548,132.85387181998,
    292.3765773253));
#1681 = CARTESIAN_POINT('',(-27.70869193202,132.92863044244,
    293.71383318047));
#1682 = CARTESIAN_POINT('',(-27.84400786315,132.98774907445,
    295.206645112));
#1683 = CARTESIAN_POINT('',(-27.95238980187,133.02328828893,
    296.85378019472));
#1684 = CARTESIAN_POINT('',(-28.03006536956,133.02628138257,
    298.65477707978));
#1685 = CARTESIAN_POINT('',(-28.07876358305,132.98673582676,
    300.61016529173));
#1686 = CARTESIAN_POINT('',(-28.10368183451,132.89358352324,
    302.72057369929));
#1687 = CARTESIAN_POINT('',(-28.11206388711,132.73472463902,
    304.98627638072));
#1688 = CARTESIAN_POINT('',(-28.11206319933,132.49709722855,
    307.40681936302));
#1689 = CARTESIAN_POINT('',(-28.11206388711,132.16679187975,
    309.98067316507));
#1690 = CARTESIAN_POINT('',(-28.10368183451,131.7295749583,
    312.70454021206));
#1691 = CARTESIAN_POINT('',(-28.07876358305,131.17032814194,
    315.57511192399));
#1692 = CARTESIAN_POINT('',(-28.03006536956,130.47295585326,
    318.58891083044));
#1693 = CARTESIAN_POINT('',(-27.95238980187,129.62040223208,
    321.74198752354));
#1694 = CARTESIAN_POINT('',(-27.84400786315,128.59440742992,
    325.02999487604));
#1695 = CARTESIAN_POINT('',(-27.70869193202,127.37670847939,
    328.44595860678));
#1696 = CARTESIAN_POINT('',(-27.55657565548,125.94574345994,
    331.98582314943));
#1697 = CARTESIAN_POINT('',(-27.40961805118,124.29128095284,
    335.62418064595));
#1698 = CARTESIAN_POINT('',(-27.28887653905,122.36385778111,
    339.40078832388));
#1699 = CARTESIAN_POINT('',(-27.26706265382,120.26989535286,
    343.09395335758));
#1700 = CARTESIAN_POINT('',(-27.27290766675,117.55101162238,
    347.43697410312));
#1701 = CARTESIAN_POINT('',(-27.27134150025,113.61872613339,
    352.96202242082));
#1702 = CARTESIAN_POINT('',(-27.2717611533,108.43827403622,
    359.22905851834));
#1703 = CARTESIAN_POINT('',(-27.2716487076,101.83802488279,
    366.02142670571));
#1704 = CARTESIAN_POINT('',(-27.27167883734,93.724042010487,
    373.03027447263));
#1705 = CARTESIAN_POINT('',(-27.2716707641,84.048230378504,
    379.94866117618));
#1706 = CARTESIAN_POINT('',(-27.27167292732,72.836829095534,
    386.4607850395));
#1707 = CARTESIAN_POINT('',(-27.27167234767,60.195283098179,
    392.26347316617));
#1708 = CARTESIAN_POINT('',(-27.27167250304,46.310574336815,
    397.08168213473));
#1709 = CARTESIAN_POINT('',(-27.27167246123,31.444692391082,
    400.68620256977));
#1710 = CARTESIAN_POINT('',(-27.27167247311,15.921022274609,
    402.90894944945));
#1711 = CARTESIAN_POINT('',(-27.2716724693,5.377014134014,
    403.40631285153));
#1712 = CARTESIAN_POINT('',(-27.27167247018,0.12,403.40628983334));
#1713 = CARTESIAN_POINT('',(-22.70189282678,131.63976489928,
    281.85298744093));
#1714 = CARTESIAN_POINT('',(-22.70189282626,131.63976490318,
    281.85298743731));
#1715 = CARTESIAN_POINT('',(-22.70189282111,131.64576944547,
    281.8843308482));
#1716 = CARTESIAN_POINT('',(-22.70189284738,131.6715473181,
    282.01970044473));
#1717 = CARTESIAN_POINT('',(-22.70189275002,131.71259371081,
    282.23777954194));
#1718 = CARTESIAN_POINT('',(-22.70189311319,131.76720730151,
    282.53294539806));
#1719 = CARTESIAN_POINT('',(-22.70189175789,131.83354198073,
    282.8995890986));
#1720 = CARTESIAN_POINT('',(-22.7018968159,131.90965754181,
    283.33210924061));
#1721 = CARTESIAN_POINT('',(-22.70187793916,131.99356735639,
    283.82489969017));
#1722 = CARTESIAN_POINT('',(-22.70194838812,132.08327825932,
    284.37236299808));
#1723 = CARTESIAN_POINT('',(-22.70168546901,132.17684166221,
    284.96883225045));
#1724 = CARTESIAN_POINT('',(-22.7026666965,132.2723447117,
    285.60883943167));
#1725 = CARTESIAN_POINT('',(-22.69900470564,132.36810724385,
    286.28609568611));
#1726 = CARTESIAN_POINT('',(-22.71267144159,132.46209267826,
    286.99728405859));
#1727 = CARTESIAN_POINT('',(-22.66166648864,132.55423443197,
    287.72789696902));
#1728 = CARTESIAN_POINT('',(-22.85201956451,132.63786325277,
    288.50508856528));
#1729 = CARTESIAN_POINT('',(-22.141612214,132.73179212768,
    289.20042868177));
#1730 = CARTESIAN_POINT('',(-21.8694971987,132.83356796282,
    290.17802221212));
#1731 = CARTESIAN_POINT('',(-21.62761841176,132.93585576623,
    291.32927977959));
#1732 = CARTESIAN_POINT('',(-21.48414640084,133.03123026042,
    292.67350394899));
#1733 = CARTESIAN_POINT('',(-21.38849812953,133.11107116976,
    294.19741874147));
#1734 = CARTESIAN_POINT('',(-21.33025938855,133.16593220645,
    295.89815598826));
#1735 = CARTESIAN_POINT('',(-21.2953334492,133.18547614538,
    297.77140375992));
#1736 = CARTESIAN_POINT('',(-21.27606446634,133.15843254173,
    299.81414035816));
#1737 = CARTESIAN_POINT('',(-21.26685428695,133.07267948526,
    302.02343802368));
#1738 = CARTESIAN_POINT('',(-21.26384655701,132.91525003238,
    304.39638934533));
#1739 = CARTESIAN_POINT('',(-21.26384550449,132.67236986884,
    306.92982523257));
#1740 = CARTESIAN_POINT('',(-21.26384655701,132.32948766951,
    309.62023059559));
#1741 = CARTESIAN_POINT('',(-21.26685428695,131.87114391014,
    312.46385437095));
#1742 = CARTESIAN_POINT('',(-21.27606446634,131.28126771716,
    315.45596004026));
#1743 = CARTESIAN_POINT('',(-21.2953334492,130.54327022018,
    318.59079137254));
#1744 = CARTESIAN_POINT('',(-21.33025938855,129.6402918749,
    321.86126491194));
#1745 = CARTESIAN_POINT('',(-21.38849812953,128.55513497338,
    325.25925120691));
#1746 = CARTESIAN_POINT('',(-21.48414640084,127.27179540094,
    328.77327688059));
#1747 = CARTESIAN_POINT('',(-21.62761841176,125.77148698601,
    332.39538217887));
#1748 = CARTESIAN_POINT('',(-21.8694971987,124.0505363697,336.0935077024
    ));
#1749 = CARTESIAN_POINT('',(-22.141612214,122.05732740421,
    339.91256705387));
#1750 = CARTESIAN_POINT('',(-22.85201956451,119.93223806536,
    343.59580055139));
#1751 = CARTESIAN_POINT('',(-22.66166648864,117.11706164451,
    347.99769385588));
#1752 = CARTESIAN_POINT('',(-22.71267144159,113.11236216408,
    353.50865428729));
#1753 = CARTESIAN_POINT('',(-22.69900470564,107.86645778169,
    359.7327976891));
#1754 = CARTESIAN_POINT('',(-22.7026666965,101.2208568115,366.4495128808
    ));
#1755 = CARTESIAN_POINT('',(-22.70168546901,93.086658289343,
    373.36066920563));
#1756 = CARTESIAN_POINT('',(-22.70194838813,83.421349567374,
    380.16770553435));
#1757 = CARTESIAN_POINT('',(-22.70187793912,72.253665042367,
    386.56489396644));
#1758 = CARTESIAN_POINT('',(-22.70189681603,59.688507483642,
    392.25891627512));
#1759 = CARTESIAN_POINT('',(-22.7018917574,45.908851115472,
    396.9838250054));
#1760 = CARTESIAN_POINT('',(-22.70189311502,31.169487004657,
    400.51775882258));
#1761 = CARTESIAN_POINT('',(-22.70189274318,15.784075556436,
    402.69745648288));
#1762 = CARTESIAN_POINT('',(-22.70189282967,5.332577191374,
    403.18561463832));
#1763 = CARTESIAN_POINT('',(-22.70189282678,0.12,403.18559345497));
#1764 = CARTESIAN_POINT('',(-18.11961184121,131.56656733321,
    280.77966348181));
#1765 = CARTESIAN_POINT('',(-18.11961183968,131.56656732246,
    280.77966346539));
#1766 = CARTESIAN_POINT('',(-18.11961182996,131.57306257429,
    280.81179027351));
#1767 = CARTESIAN_POINT('',(-18.11961188288,131.60095139553,
    280.95054476185));
#1768 = CARTESIAN_POINT('',(-18.11961168578,131.6453728274,
    281.17408162814));
#1769 = CARTESIAN_POINT('',(-18.11961242126,131.70450418512,
    281.476643779));
#1770 = CARTESIAN_POINT('',(-18.11960967645,131.77637032853,
    281.85248906007));
#1771 = CARTESIAN_POINT('',(-18.11961992019,131.85889699291,
    282.29588570217));
#1772 = CARTESIAN_POINT('',(-18.11958169004,131.94996090412,
    282.80108973033));
#1773 = CARTESIAN_POINT('',(-18.11972436691,132.04743197436,
    283.36239366063));
#1774 = CARTESIAN_POINT('',(-18.11919188959,132.14922627881,
    283.97391371651));
#1775 = CARTESIAN_POINT('',(-18.12117912199,132.25329984981,
    284.63035814364));
#1776 = CARTESIAN_POINT('',(-18.11376266972,132.35784448372,
    285.32413958677));
#1777 = CARTESIAN_POINT('',(-18.1414412464,132.46071070504,
    286.05613731596));
#1778 = CARTESIAN_POINT('',(-18.03814339194,132.5616960104,
    286.79552314803));
#1779 = CARTESIAN_POINT('',(-18.42365623311,132.65412060434,
    287.62968961963));
#1780 = CARTESIAN_POINT('',(-16.98490272287,132.75636346976,
    288.20471186479));
#1781 = CARTESIAN_POINT('',(-16.32206403541,132.87146162959,
    289.14448850296));
#1782 = CARTESIAN_POINT('',(-15.69344498699,132.99019483191,
    290.27198666197));
#1783 = CARTESIAN_POINT('',(-15.2559728018,133.10440407525,
    291.62397458852));
#1784 = CARTESIAN_POINT('',(-14.93059172566,133.2038598676,
    293.18002071065));
#1785 = CARTESIAN_POINT('',(-14.70661480249,133.27756246272,
    294.93552960347));
#1786 = CARTESIAN_POINT('',(-14.55968049214,133.3135202216,
    296.88230709227));
#1787 = CARTESIAN_POINT('',(-14.47280100848,133.29918039323,
    299.01371677928));
#1788 = CARTESIAN_POINT('',(-14.42964112584,133.22119476212,
    301.32320744567));
#1789 = CARTESIAN_POINT('',(-14.41530320966,133.06554815815,
    303.80462379293));
#1790 = CARTESIAN_POINT('',(-14.41530179474,132.81756961329,
    306.45202236042));
#1791 = CARTESIAN_POINT('',(-14.41530320966,132.46190126008,
    309.25985229306));
#1792 = CARTESIAN_POINT('',(-14.42964112584,131.9819912229,
    312.22381289617));
#1793 = CARTESIAN_POINT('',(-14.47280100848,131.36097358786,
    315.33764039016));
#1794 = CARTESIAN_POINT('',(-14.55968049214,130.58193186516,
    318.59321328825));
#1795 = CARTESIAN_POINT('',(-14.70661480249,129.62837719837,
    321.98026050471));
#1796 = CARTESIAN_POINT('',(-14.93059172566,128.48420951175,
    325.48686606369));
#1797 = CARTESIAN_POINT('',(-15.2559728018,127.13600875714,
    329.09714977358));
#1798 = CARTESIAN_POINT('',(-15.69344498699,125.56785626426,
    332.79942742484));
#1799 = CARTESIAN_POINT('',(-16.32206403541,123.78286651026,
    336.55535049271));
#1800 = CARTESIAN_POINT('',(-16.98490272287,121.72650102478,
    340.41502592004));
#1801 = CARTESIAN_POINT('',(-18.42365623311,119.57559790551,
    344.08804119042));
#1802 = CARTESIAN_POINT('',(-18.03814339194,116.66243427364,
    348.54630033972));
#1803 = CARTESIAN_POINT('',(-18.1414412464,112.58644461181,
    354.04195947393));
#1804 = CARTESIAN_POINT('',(-18.11376266972,107.27636774793,
    360.22237807779));
#1805 = CARTESIAN_POINT('',(-18.12117912199,100.58738616227,
    366.86323227547));
#1806 = CARTESIAN_POINT('',(-18.11919188959,92.435228311507,
    373.67699336846));
#1807 = CARTESIAN_POINT('',(-18.11972436692,82.78278931439,
    380.3733913331));
#1808 = CARTESIAN_POINT('',(-18.11958168999,71.661100874859,
    386.6566134405));
#1809 = CARTESIAN_POINT('',(-18.11961992039,59.17441765926,
    392.24301600558));
#1810 = CARTESIAN_POINT('',(-18.1196096757,45.501688445922,
    396.87556889325));
#1811 = CARTESIAN_POINT('',(-18.11961242405,30.89057931029,
    400.33961854976));
#1812 = CARTESIAN_POINT('',(-18.11961167535,15.645165793238,
    402.47665610257));
#1813 = CARTESIAN_POINT('',(-18.11961183966,5.287450523245,
    402.95567121882));
#1814 = CARTESIAN_POINT('',(-18.11961184121,0.12,402.95565188689));
#1815 = CARTESIAN_POINT('',(-13.52226385096,131.47150218844,
    279.70595421689));
#1816 = CARTESIAN_POINT('',(-13.52226385038,131.4715021931,
    279.70595421308));
#1817 = CARTESIAN_POINT('',(-13.52226383329,131.47850621403,
    279.73886270166));
#1818 = CARTESIAN_POINT('',(-13.52226391368,131.50858397894,
    279.88099498088));
#1819 = CARTESIAN_POINT('',(-13.52226361775,131.55650540991,
    280.10997857658));
#1820 = CARTESIAN_POINT('',(-13.52226472109,131.62032239348,
    280.4199229105));
#1821 = CARTESIAN_POINT('',(-13.52226060368,131.69792643329,
    280.80495356677));
#1822 = CARTESIAN_POINT('',(-13.52227596998,131.78710484802,
    281.25920936602));
#1823 = CARTESIAN_POINT('',(-13.52221862219,131.88559293589,
    281.77680981357));
#1824 = CARTESIAN_POINT('',(-13.52243264703,131.9911201708,
    282.35193737098));
#1825 = CARTESIAN_POINT('',(-13.52163389547,132.10145900497,
    282.97849621674));
#1826 = CARTESIAN_POINT('',(-13.52461487687,132.21444406679,
    283.65135728021));
#1827 = CARTESIAN_POINT('',(-13.51348970282,132.32808207364,
    284.3616892978));
#1828 = CARTESIAN_POINT('',(-13.55500941762,132.4403033506,
    285.11436734965));
#1829 = CARTESIAN_POINT('',(-13.40005573247,132.55003095686,
    285.86299325147));
#1830 = CARTESIAN_POINT('',(-13.97835075829,132.6533123499,
    286.75239855139));
#1831 = CARTESIAN_POINT('',(-11.82012434016,132.75785765657,
    287.21361224608));
#1832 = CARTESIAN_POINT('',(-10.77166384164,132.88409416019,
    288.12029288937));
#1833 = CARTESIAN_POINT('',(-9.761399055757,133.01627178791,
    289.22926484111));
#1834 = CARTESIAN_POINT('',(-9.033889450077,133.14656516494,
    290.59375514285));
#1835 = CARTESIAN_POINT('',(-8.481898019051,133.26347997521,
    292.18613427147));
#1836 = CARTESIAN_POINT('',(-8.094453073231,133.35469483232,
    293.99993242685));
#1837 = CARTESIAN_POINT('',(-7.837050578192,133.40698118755,
    296.02303934941));
#1838 = CARTESIAN_POINT('',(-7.683492731858,133.40569450861,
    298.24527539854));
#1839 = CARTESIAN_POINT('',(-7.606851777865,133.33596254201,
    300.65654992946));
#1840 = CARTESIAN_POINT('',(-7.581340159394,133.18248364868,
    303.24756867276));
#1841 = CARTESIAN_POINT('',(-7.581338385357,132.92955119693,
    306.00973518221));
#1842 = CARTESIAN_POINT('',(-7.581340159394,132.56089223411,
    308.93559016419));
#1843 = CARTESIAN_POINT('',(-7.606851777865,132.0589506807,
    312.02001742196));
#1844 = CARTESIAN_POINT('',(-7.683492731858,131.40618940794,
    315.25496721764));
#1845 = CARTESIAN_POINT('',(-7.837050578192,130.58559446236,
    318.62972811693));
#1846 = CARTESIAN_POINT('',(-8.094453073231,129.58134775474,
    322.13068473751));
#1847 = CARTESIAN_POINT('',(-8.481898019051,128.37924307015,
    325.74209970884));
#1848 = CARTESIAN_POINT('',(-9.033889450077,126.96805163862,
    329.44377467444));
#1849 = CARTESIAN_POINT('',(-9.761399055757,125.33452968275,
    333.220574992));
#1850 = CARTESIAN_POINT('',(-10.77166384164,123.48825440508,
    337.028237839));
#1851 = CARTESIAN_POINT('',(-11.82012434016,121.37083763717,
    340.9229014621));
#1852 = CARTESIAN_POINT('',(-13.97835075829,119.19957273272,
    344.58050157922));
#1853 = CARTESIAN_POINT('',(-13.40005573247,116.18673070626,
    349.0939584782));
#1854 = CARTESIAN_POINT('',(-13.55500941762,112.04060797189,
    354.57274892963));
#1855 = CARTESIAN_POINT('',(-13.51348970282,106.6676538134,
    360.70869294818));
#1856 = CARTESIAN_POINT('',(-13.52461487687,99.937274664047,
    367.27342658229));
#1857 = CARTESIAN_POINT('',(-13.52163389546,91.769423404113,
    373.99005684731));
#1858 = CARTESIAN_POINT('',(-13.52243264705,82.132234890386,
    380.57647791618));
#1859 = CARTESIAN_POINT('',(-13.52221862211,71.058845197257,
    386.74664883653));
#1860 = CARTESIAN_POINT('',(-13.52227597031,58.652758503143,
    392.22642321315));
#1861 = CARTESIAN_POINT('',(-13.52226060245,45.088881248398,
    396.76751659596));
#1862 = CARTESIAN_POINT('',(-13.52226472568,30.60782615574,
    400.16234815578));
#1863 = CARTESIAN_POINT('',(-13.52226360063,15.50421976075,
    402.25709296099));
#1864 = CARTESIAN_POINT('',(-13.52226385193,5.241609759131,
    402.72702343626));
#1865 = CARTESIAN_POINT('',(-13.52226385096,0.12,402.72700566956));
#1866 = CARTESIAN_POINT('',(-8.907283193564,131.3541293624,
    278.6422020993));
#1867 = CARTESIAN_POINT('',(-8.907283193805,131.35412935361,
    278.64220209053));
#1868 = CARTESIAN_POINT('',(-8.907283169646,131.36166056403,
    278.67589083211));
#1869 = CARTESIAN_POINT('',(-8.907283276916,131.39400641712,
    278.82139475951));
#1870 = CARTESIAN_POINT('',(-8.907282884074,131.44555471883,
    279.05581565741));
#1871 = CARTESIAN_POINT('',(-8.907284348172,131.51422774745,
    279.37313026822));
#1872 = CARTESIAN_POINT('',(-8.907278884624,131.59777928541,
    279.76733291348));
#1873 = CARTESIAN_POINT('',(-8.907299274718,131.69385379527,
    280.23243387787));
#1874 = CARTESIAN_POINT('',(-8.90722317789,131.80004036537,
    280.76241773317));
#1875 = CARTESIAN_POINT('',(-8.907507175107,131.91392422465,
    281.35135585264));
#1876 = CARTESIAN_POINT('',(-8.906447283067,132.03312669894,
    281.99294893615));
#1877 = CARTESIAN_POINT('',(-8.910402854009,132.1553674948,
    282.68220297947));
#1878 = CARTESIAN_POINT('',(-8.895640462281,132.27842295166,
    283.40914972695));
#1879 = CARTESIAN_POINT('',(-8.95073445825,132.40045176894,
    284.18226427549));
#1880 = CARTESIAN_POINT('',(-8.745120866104,132.51892841339,
    284.94105807278));
#1881 = CARTESIAN_POINT('',(-9.512481238718,132.63475168837,
    285.88228135591));
#1882 = CARTESIAN_POINT('',(-6.648653340406,132.73701809885,
    286.24252005301));
#1883 = CARTESIAN_POINT('',(-5.22264189778,132.86794212432,
    287.12542075486));
#1884 = CARTESIAN_POINT('',(-3.838824292774,133.01142451747,
    288.22552752271));
#1885 = CARTESIAN_POINT('',(-2.827614661085,133.15962639972,
    289.61080653811));
#1886 = CARTESIAN_POINT('',(-2.054026377423,133.29720599563,
    291.24661510709));
#1887 = CARTESIAN_POINT('',(-1.506771230571,133.40920878638,
    293.12440255473));
#1888 = CARTESIAN_POINT('',(-1.141387787495,133.47865353958,
    295.22824857225));
#1889 = CARTESIAN_POINT('',(-0.922659159162,133.4908992101,
    297.54440191274));
#1890 = CARTESIAN_POINT('',(-0.813295670023,133.42975787627,
    300.05944230174));
#1891 = CARTESIAN_POINT('',(-0.776863720855,133.27873861201,
    302.76120989303));
#1892 = CARTESIAN_POINT('',(-0.776861591975,133.0209494545,
    305.63876916316));
#1893 = CARTESIAN_POINT('',(-0.776863720855,132.63905158339,
    308.68306833922));
#1894 = CARTESIAN_POINT('',(-0.813295670023,132.11462077125,
    311.88772997159));
#1895 = CARTESIAN_POINT('',(-0.922659159162,131.42958698785,
    315.24249354987));
#1896 = CARTESIAN_POINT('',(-1.141387787495,130.56674512674,
    318.73368599026));
#1897 = CARTESIAN_POINT('',(-1.506771230571,129.51075529264,
    322.34407856184));
#1898 = CARTESIAN_POINT('',(-2.054026377423,128.2473342252,
    326.05397168829));
#1899 = CARTESIAN_POINT('',(-2.827614661085,126.76994943253,
    329.83898264269));
#1900 = CARTESIAN_POINT('',(-3.838824292774,125.06930204142,
    333.6810254261));
#1901 = CARTESIAN_POINT('',(-5.22264189778,123.16375534781,
    337.53049515525));
#1902 = CARTESIAN_POINT('',(-6.648653340406,120.99121576106,
    341.45120139882));
#1903 = CARTESIAN_POINT('',(-9.512481238719,118.80333635284,
    345.08321560698));
#1904 = CARTESIAN_POINT('',(-8.745120866104,115.68962380535,
    349.65205160875));
#1905 = CARTESIAN_POINT('',(-8.95073445825,111.47442829492,
    355.11204462659));
#1906 = CARTESIAN_POINT('',(-8.895640462281,106.03994599866,
    361.20284571139));
#1907 = CARTESIAN_POINT('',(-8.910402854011,99.270158366697,
    367.69114658786));
#1908 = CARTESIAN_POINT('',(-8.906447283059,91.088895722685,
    374.31087907626));
#1909 = CARTESIAN_POINT('',(-8.907507175137,81.46935560301,
    380.7879354662));
#1910 = CARTESIAN_POINT('',(-8.907223177776,70.446594363743,
    386.84591832213));
#1911 = CARTESIAN_POINT('',(-8.907299275144,58.1232655966,
    392.22000372899));
#1912 = CARTESIAN_POINT('',(-8.907278883033,44.670217636919,
    396.67048794166));
#1913 = CARTESIAN_POINT('',(-8.907284354109,30.321079718841,
    399.99673251866));
#1914 = CARTESIAN_POINT('',(-8.907282861915,15.361161660657,
    402.0495313876));
#1915 = CARTESIAN_POINT('',(-8.907283193715,5.195029622016,
    402.51043109861));
#1916 = CARTESIAN_POINT('',(-8.907283193564,0.12,402.51041489061));
#1917 = CARTESIAN_POINT('',(-4.272104206415,131.21350503574,
    277.59907615601));
#1918 = CARTESIAN_POINT('',(-4.272104205797,131.21350502894,
    277.599076149));
#1919 = CARTESIAN_POINT('',(-4.272104177187,131.22158204522,
    277.63354387195));
#1920 = CARTESIAN_POINT('',(-4.27210430964,131.25627628259,
    277.78241415151));
#1921 = CARTESIAN_POINT('',(-4.272103822741,131.3115801283,
    278.02226428318));
#1922 = CARTESIAN_POINT('',(-4.272105637884,131.38528206724,
    278.34693914509));
#1923 = CARTESIAN_POINT('',(-4.272098864214,131.47499371507,
    278.75030280653));
#1924 = CARTESIAN_POINT('',(-4.27212414375,131.57821224663,
    279.22623781893));
#1925 = CARTESIAN_POINT('',(-4.272029799277,131.69237547816,
    279.76859568499));
#1926 = CARTESIAN_POINT('',(-4.272381897632,131.81492136106,
    280.37133462408));
#1927 = CARTESIAN_POINT('',(-4.271067848683,131.94330942929,
    281.02796427588));
#1928 = CARTESIAN_POINT('',(-4.275971946126,132.07516247139,
    281.7335836939));
#1929 = CARTESIAN_POINT('',(-4.257669605304,132.20793786798,
    282.47724821861));
#1930 = CARTESIAN_POINT('',(-4.325974871149,132.34033251271,
    283.27043679771));
#1931 = CARTESIAN_POINT('',(-4.071056148592,132.46719606379,
    284.04079784568));
#1932 = CARTESIAN_POINT('',(-5.022425772975,132.59864940701,
    285.02868936979));
#1933 = CARTESIAN_POINT('',(-1.471865997998,132.68884579962,
    285.30727177238));
#1934 = CARTESIAN_POINT('',(0.320656516097,132.83449245836,
    286.17871596176));
#1935 = CARTESIAN_POINT('',(2.066935627766,132.98391546282,
    287.2844629912));
#1936 = CARTESIAN_POINT('',(3.353133250522,133.13431673538,
    288.70354005537));
#1937 = CARTESIAN_POINT('',(4.3414138324,133.2750933549,290.39372162843)
  );
#1938 = CARTESIAN_POINT('',(5.043433696737,133.39326859039,
    292.34378468952));
#1939 = CARTESIAN_POINT('',(5.513363800984,133.47665719056,
    294.53380096416));
#1940 = CARTESIAN_POINT('',(5.795180188139,133.50193576454,
    296.94726152894));
#1941 = CARTESIAN_POINT('',(5.936217771944,133.44993770949,
    299.56786379683));
#1942 = CARTESIAN_POINT('',(5.983219792577,133.30181657447,
    302.38105760909));
#1943 = CARTESIAN_POINT('',(5.983222271054,133.03935813378,
    305.37401614191));
#1944 = CARTESIAN_POINT('',(5.983219792577,132.6441333658,
    308.53653759408));
#1945 = CARTESIAN_POINT('',(5.936217771944,132.09688579813,
    311.86042416261));
#1946 = CARTESIAN_POINT('',(5.795180188139,131.37916747727,
    315.33267209135));
#1947 = CARTESIAN_POINT('',(5.513363800984,130.474740381,318.93619330462
    ));
#1948 = CARTESIAN_POINT('',(5.043433696737,129.37037798699,
    322.64982731425));
#1949 = CARTESIAN_POINT('',(4.3414138324,128.05998742375,326.44995818051
    ));
#1950 = CARTESIAN_POINT('',(3.353133250522,126.53321932699,
    330.3080434189));
#1951 = CARTESIAN_POINT('',(2.066935627766,124.78024858606,
    334.20337531738));
#1952 = CARTESIAN_POINT('',(0.320656516097,122.82016133934,
    338.08102034413));
#1953 = CARTESIAN_POINT('',(-1.471865997998,120.58331116272,
    342.0146577226));
#1954 = CARTESIAN_POINT('',(-5.022425772975,118.38688817529,
    345.60661772999));
#1955 = CARTESIAN_POINT('',(-4.071056148591,115.17001405608,
    350.23217237672));
#1956 = CARTESIAN_POINT('',(-4.325974871149,110.88716026499,
    355.67111993993));
#1957 = CARTESIAN_POINT('',(-4.257669605303,105.39246089034,
    361.71617174938));
#1958 = CARTESIAN_POINT('',(-4.275971946128,98.58531941927,
    368.12767324781));
#1959 = CARTESIAN_POINT('',(-4.271067848673,90.392968387581,
    374.6507043934));
#1960 = CARTESIAN_POINT('',(-4.272381897671,80.793531479281,
    381.0189560182));
#1961 = CARTESIAN_POINT('',(-4.272029799135,69.823796294677,
    386.96555945357));
#1962 = CARTESIAN_POINT('',(-4.27212414428,57.585471109926,
    392.23484112398));
#1963 = CARTESIAN_POINT('',(-4.272098862235,44.245330045034,
    396.59551930355));
#1964 = CARTESIAN_POINT('',(-4.272105645268,30.030086666973,
    399.8537722843));
#1965 = CARTESIAN_POINT('',(-4.272103795181,15.215862257504,
    401.86495061391));
#1966 = CARTESIAN_POINT('',(-4.272104206725,5.147666883047,
    402.31686939193));
#1967 = CARTESIAN_POINT('',(-4.272104206415,0.12,402.31685456566));
#1968 = CARTESIAN_POINT('',(0.385838772677,131.05044999788,
    276.58738770392));
#1969 = CARTESIAN_POINT('',(0.385838772475,131.05045000755,
    276.58738768788));
#1970 = CARTESIAN_POINT('',(0.385838807796,131.05909184611,
    276.62263344959));
#1971 = CARTESIAN_POINT('',(0.385838650064,131.09621648047,
    276.77486609315));
#1972 = CARTESIAN_POINT('',(0.385839228011,131.15540730158,
    277.02013953931));
#1973 = CARTESIAN_POINT('',(0.385837073955,131.23431471097,
    277.35216757008));
#1974 = CARTESIAN_POINT('',(0.385845112231,131.33040368121,
    277.76468501206));
#1975 = CARTESIAN_POINT('',(0.385815113184,131.44101934524,
    278.25144741276));
#1976 = CARTESIAN_POINT('',(0.385927071095,131.56344393578,
    278.80617526273));
#1977 = CARTESIAN_POINT('',(0.385509238497,131.69496182905,
    279.42271076956));
#1978 = CARTESIAN_POINT('',(0.38706861098,131.83287181738,
    280.09438780487));
#1979 = CARTESIAN_POINT('',(0.381248953645,131.97467358,280.81634564693)
  );
#1980 = CARTESIAN_POINT('',(0.402968210501,132.11758142721,
    281.57686409302));
#1981 = CARTESIAN_POINT('',(0.321910840412,132.26052599763,
    282.3896793216));
#1982 = CARTESIAN_POINT('',(0.624421063911,132.39684795903,
    283.17336536035));
#1983 = CARTESIAN_POINT('',(-0.504562459996,132.54170659645,
    284.20148199532));
#1984 = CARTESIAN_POINT('',(3.708861412133,132.62990741266,
    284.42260029338));
#1985 = CARTESIAN_POINT('',(5.8538861187,132.73898289867,285.30279213308
    ));
#1986 = CARTESIAN_POINT('',(7.948537029675,132.90129501473,
    286.43044114639));
#1987 = CARTESIAN_POINT('',(9.498635967299,133.10386268385,
    287.89503126566));
#1988 = CARTESIAN_POINT('',(10.692813240131,133.3076628866,
    289.64928536838));
#1989 = CARTESIAN_POINT('',(11.543164675939,133.48418555682,
    291.67976390924));
#1990 = CARTESIAN_POINT('',(12.113260103887,133.5933124634,293.963713685
    ));
#1991 = CARTESIAN_POINT('',(12.455505783949,133.63462417971,
    296.47998569999));
#1992 = CARTESIAN_POINT('',(12.626879117543,133.59134168168,
    299.2096084437));
#1993 = CARTESIAN_POINT('',(12.684004062734,133.44585698373,
    302.13610258333));
#1994 = CARTESIAN_POINT('',(12.684006884589,133.17849011029,
    305.24546304682));
#1995 = CARTESIAN_POINT('',(12.684004062734,132.76926375927,
    308.52704798536));
#1996 = CARTESIAN_POINT('',(12.626879117543,132.19850903494,
    311.97001557602));
#1997 = CARTESIAN_POINT('',(12.455505783949,131.44749657758,
    315.55785410708));
#1998 = CARTESIAN_POINT('',(12.113260103887,130.49742865154,
    319.26936155981));
#1999 = CARTESIAN_POINT('',(11.543164675939,129.33196677927,
    323.07889314929));
#2000 = CARTESIAN_POINT('',(10.692813240131,127.92319664153,
    326.95806064554));
#2001 = CARTESIAN_POINT('',(9.498635967299,126.2894510033,
    330.87458527773));
#2002 = CARTESIAN_POINT('',(7.948537029675,124.43723666511,
    334.80660016309));
#2003 = CARTESIAN_POINT('',(5.8538861187,122.41685471313,338.69594727127
    ));
#2004 = CARTESIAN_POINT('',(3.708861412133,120.16239018072,
    342.62958620502));
#2005 = CARTESIAN_POINT('',(-0.504562459996,117.9470030918,
    346.16120400713));
#2006 = CARTESIAN_POINT('',(0.624421063911,114.62963937495,
    350.84639831375));
#2007 = CARTESIAN_POINT('',(0.321910840412,110.27920284569,
    356.26164063808));
#2008 = CARTESIAN_POINT('',(0.402968210502,104.7259245323,
    362.26044898631));
#2009 = CARTESIAN_POINT('',(0.381248953642,97.883341397605,
    368.59474527321));
#2010 = CARTESIAN_POINT('',(0.387068610992,89.682188221524,
    375.0212614724));
#2011 = CARTESIAN_POINT('',(0.385509238452,80.105229465023,
    381.2812400566));
#2012 = CARTESIAN_POINT('',(0.385927071263,69.190840874205,
    387.11724203941));
#2013 = CARTESIAN_POINT('',(0.385815112558,57.039683756284,
    392.28257252384));
#2014 = CARTESIAN_POINT('',(0.385845114565,43.814447460228,
    396.55421848627));
#2015 = CARTESIAN_POINT('',(0.385837065243,29.734997924257,
    399.74505282338));
#2016 = CARTESIAN_POINT('',(0.385839260526,15.068396142187,
    401.71492299134));
#2017 = CARTESIAN_POINT('',(0.385838772651,5.099546223594,
    402.15790786606));
#2018 = CARTESIAN_POINT('',(0.385838772677,0.12,402.15789444911));
#2019 = CARTESIAN_POINT('',(5.069111407356,130.8589349446,
    275.61913515171));
#2020 = CARTESIAN_POINT('',(5.0691114076,130.85893493692,275.61913515065
    ));
#2021 = CARTESIAN_POINT('',(5.069111447538,130.86816063119,
    275.6551577615));
#2022 = CARTESIAN_POINT('',(5.069111266352,130.90779742444,
    275.81074795777));
#2023 = CARTESIAN_POINT('',(5.069111931188,130.97100630798,276.061437459
    ));
#2024 = CARTESIAN_POINT('',(5.06910945303,131.05529536062,
    276.40080980886));
#2025 = CARTESIAN_POINT('',(5.069118700827,131.15797826517,
    276.82247169125));
#2026 = CARTESIAN_POINT('',(5.069084187795,131.27624423859,
    277.32005235011));
#2027 = CARTESIAN_POINT('',(5.069212992126,131.40721253671,
    277.88714379016));
#2028 = CARTESIAN_POINT('',(5.068732287835,131.54801938379,
    278.51746795171));
#2029 = CARTESIAN_POINT('',(5.070526300669,131.69576034488,
    279.20420379573));
#2030 = CARTESIAN_POINT('',(5.063830953622,131.84794846872,
    279.94245755423));
#2031 = CARTESIAN_POINT('',(5.088818328977,132.00102396012,
    280.72001092548));
#2032 = CARTESIAN_POINT('',(4.995564174605,132.15611196446,
    281.5518251625));
#2033 = CARTESIAN_POINT('',(5.343593416736,132.29770620431,282.35125443)
  );
#2034 = CARTESIAN_POINT('',(4.044730602585,132.473370666,283.41067659607
    ));
#2035 = CARTESIAN_POINT('',(8.892152617059,132.4964124831,
    283.60775474335));
#2036 = CARTESIAN_POINT('',(11.37270163327,132.74717906583,
    284.50478866163));
#2037 = CARTESIAN_POINT('',(13.798636244234,132.88409203971,
    285.6817807624));
#2038 = CARTESIAN_POINT('',(15.599175182211,132.9437028595,
    287.22275265873));
#2039 = CARTESIAN_POINT('',(16.988562488445,132.98343301368,
    289.06661437892));
#2040 = CARTESIAN_POINT('',(17.979424689254,133.01606757334,
    291.19458874472));
#2041 = CARTESIAN_POINT('',(18.644357054259,133.04173351487,
    293.57962880354));
#2042 = CARTESIAN_POINT('',(19.043798119465,133.03631193635,
    296.20045389296));
#2043 = CARTESIAN_POINT('',(19.243878954027,132.97298907963,
    299.03721900081));
#2044 = CARTESIAN_POINT('',(19.310582789343,132.82147176389,
    302.07302174815));
#2045 = CARTESIAN_POINT('',(19.310585947381,132.55076799826,
    305.29365825421));
#2046 = CARTESIAN_POINT('',(19.310582789343,132.12961764521,
    308.68869872415));
#2047 = CARTESIAN_POINT('',(19.243878954027,131.54783367063,
    312.24417059148));
#2048 = CARTESIAN_POINT('',(19.043798119465,130.7961605602,
    315.93992389336));
#2049 = CARTESIAN_POINT('',(18.644357054259,129.8666087155,
    319.75083902147));
#2050 = CARTESIAN_POINT('',(17.979424689254,128.75117022525,
    323.64713467088));
#2051 = CARTESIAN_POINT('',(16.988562488445,127.44328767692,
    327.59677465125));
#2052 = CARTESIAN_POINT('',(15.599175182211,125.92159690653,
    331.56268356483));
#2053 = CARTESIAN_POINT('',(13.798636244234,124.1538253283,
    335.51965251738));
#2054 = CARTESIAN_POINT('',(11.37270163327,122.10572822558,
    339.40034885414));
#2055 = CARTESIAN_POINT('',(8.892152617059,119.67076965865,
    343.3068115975));
#2056 = CARTESIAN_POINT('',(4.044730602585,117.49217480731,
    346.75922821151));
#2057 = CARTESIAN_POINT('',(5.343593416736,114.0594806579,
    351.50654011519));
#2058 = CARTESIAN_POINT('',(4.995564174605,109.64650077925,
    356.89545392126));
#2059 = CARTESIAN_POINT('',(5.088818328978,104.03527730614,
    362.84741386231));
#2060 = CARTESIAN_POINT('',(5.063830953618,97.159819638391,
    369.10401194712));
#2061 = CARTESIAN_POINT('',(5.070526300683,88.952428243408,
    375.43409383077));
#2062 = CARTESIAN_POINT('',(5.068732287783,79.400775255771,
    381.58622314789));
#2063 = CARTESIAN_POINT('',(5.069212992318,68.544537361893,
    387.31229407684));
#2064 = CARTESIAN_POINT('',(5.06908418708,56.483265320295,
    392.37442648466));
#2065 = CARTESIAN_POINT('',(5.069118703497,43.375536975637,
    396.55772949757));
#2066 = CARTESIAN_POINT('',(5.069109443065,29.434431539015,
    399.68165462914));
#2067 = CARTESIAN_POINT('',(5.069111968377,14.918063895412,
    401.61049022569));
#2068 = CARTESIAN_POINT('',(5.069111407833,5.050434334395,
    402.04458034077));
#2069 = CARTESIAN_POINT('',(5.069111407356,0.12,402.04456809275));
#2070 = CARTESIAN_POINT('',(9.780279355869,130.658262892,274.70390502682
    ));
#2071 = CARTESIAN_POINT('',(9.780279354845,130.65826289331,
    274.70390501622));
#2072 = CARTESIAN_POINT('',(9.780279401629,130.66809307954,
    274.74070495509));
#2073 = CARTESIAN_POINT('',(9.780279197247,130.71033109002,
    274.89965478487));
#2074 = CARTESIAN_POINT('',(9.780279944598,130.77770075861,
    275.15576426347));
#2075 = CARTESIAN_POINT('',(9.780277159577,130.86756302162,
    275.50248726094));
#2076 = CARTESIAN_POINT('',(9.780287552311,130.97707589881,
    275.93330316127));
#2077 = CARTESIAN_POINT('',(9.780248766396,131.10326551558,
    276.44171544572));
#2078 = CARTESIAN_POINT('',(9.78039351732,131.2430907759,277.02118960016
    ));
#2079 = CARTESIAN_POINT('',(9.77985329954,131.39350541991,
    277.66532399154));
#2080 = CARTESIAN_POINT('',(9.781869419737,131.55150530367,
    278.36715883176));
#2081 = CARTESIAN_POINT('',(9.77434515673,131.71420609778,
    279.12171038677));
#2082 = CARTESIAN_POINT('',(9.80242608856,131.8787828799,279.91647747034
    ));
#2083 = CARTESIAN_POINT('',(9.697626624247,132.04290046764,
    280.76684525221));
#2084 = CARTESIAN_POINT('',(10.08874354967,132.20328744355,
    281.58393916859));
#2085 = CARTESIAN_POINT('',(8.629075312289,132.36121293188,
    282.66779234435));
#2086 = CARTESIAN_POINT('',(14.07663133639,132.50217658176,
    282.86681938008));
#2087 = CARTESIAN_POINT('',(16.872757766139,132.32324735353,
    283.84219126456));
#2088 = CARTESIAN_POINT('',(19.60988957484,132.12433379434,
    285.09785122817));
#2089 = CARTESIAN_POINT('',(21.645032549372,131.95521542674,
    286.72278947048));
#2090 = CARTESIAN_POINT('',(23.217052171637,131.83928529025,
    288.65524628707));
#2091 = CARTESIAN_POINT('',(24.33921666301,131.77260613551,
    290.87633596527));
#2092 = CARTESIAN_POINT('',(25.092710523926,131.73402245887,
    293.35840535105));
#2093 = CARTESIAN_POINT('',(25.545537621347,131.69426072415,
    296.07902615435));
#2094 = CARTESIAN_POINT('',(25.772407802422,131.61676416676,
    299.01766132784));
#2095 = CARTESIAN_POINT('',(25.848049605337,131.46201879222,
    302.15695893682));
#2096 = CARTESIAN_POINT('',(25.848053091392,131.18951631404,
    305.48256137984));
#2097 = CARTESIAN_POINT('',(25.848049605337,130.75871984383,
    308.98423788658));
#2098 = CARTESIAN_POINT('',(25.772407802422,130.16720801404,
    312.6448670275));
#2099 = CARTESIAN_POINT('',(25.545537621347,129.41370406937,
    316.44070377662));
#2100 = CARTESIAN_POINT('',(25.092710523926,128.49794393757,
    320.34278206994));
#2101 = CARTESIAN_POINT('',(24.33921666301,127.42022031335,
    324.31737055848));
#2102 = CARTESIAN_POINT('',(23.217052171637,126.17793192522,
    328.3286410042));
#2103 = CARTESIAN_POINT('',(21.645032549372,124.76945947422,
    332.33606991763));
#2104 = CARTESIAN_POINT('',(19.60988957484,123.17659566266,
    336.31332547144));
#2105 = CARTESIAN_POINT('',(16.872757766139,121.39818298812,
    340.18767818246));
#2106 = CARTESIAN_POINT('',(14.07663133639,119.30241939628,
    344.07690419987));
#2107 = CARTESIAN_POINT('',(8.629075312289,116.99245219566,
    347.40907547014));
#2108 = CARTESIAN_POINT('',(10.08874354967,113.48903920521,
    352.22715057007));
#2109 = CARTESIAN_POINT('',(9.697626624246,109.00187412083,
    357.58571451543));
#2110 = CARTESIAN_POINT('',(9.802426088561,103.33682764026,
    363.49087169939));
#2111 = CARTESIAN_POINT('',(9.774345156726,96.428897036356,
    369.66938998671));
#2112 = CARTESIAN_POINT('',(9.781869419752,88.216921176263,
    375.9033716292));
#2113 = CARTESIAN_POINT('',(9.779853299482,78.691895452879,
    381.94827700919));
#2114 = CARTESIAN_POINT('',(9.780393517536,67.895016895306,
    387.56527916207));
#2115 = CARTESIAN_POINT('',(9.78024876559,55.924547202296,
    392.52512969181));
#2116 = CARTESIAN_POINT('',(9.780287555322,42.934987137695,
    396.62091239891));
#2117 = CARTESIAN_POINT('',(9.780277148341,29.13271260835,
    399.67853678206));
#2118 = CARTESIAN_POINT('',(9.780279986533,14.767046889398,
    401.56667324115));
#2119 = CARTESIAN_POINT('',(9.780279356008,5.001057542272,
    401.99192175366));
#2120 = CARTESIAN_POINT('',(9.780279355869,0.12,401.99191060186));
#2121 = CARTESIAN_POINT('',(14.521908296603,130.37294616841,
    273.86263071512));
#2122 = CARTESIAN_POINT('',(14.521908296572,130.3729461694,
    273.86263071952));
#2123 = CARTESIAN_POINT('',(14.521908346566,130.38339675978,
    273.90020321734));
#2124 = CARTESIAN_POINT('',(14.521908121774,130.42830455237,
    274.06249239095));
#2125 = CARTESIAN_POINT('',(14.521908945952,130.49994490938,
    274.32398970698));
#2126 = CARTESIAN_POINT('',(14.521905874032,130.59552891568,
    274.67802087755));
#2127 = CARTESIAN_POINT('',(14.521917337536,130.712052904,
    275.11793996791));
#2128 = CARTESIAN_POINT('',(14.521874555441,130.84638574,275.63712550481
    ));
#2129 = CARTESIAN_POINT('',(14.522034220317,130.99528715247,
    276.22892200059));
#2130 = CARTESIAN_POINT('',(14.521438342907,131.15565598687,
    276.88679215572));
#2131 = CARTESIAN_POINT('',(14.523662187672,131.32389481956,
    277.60369095827));
#2132 = CARTESIAN_POINT('',(14.51536268602,131.49854661716,
    278.37435290901));
#2133 = CARTESIAN_POINT('',(14.546336847864,131.67069438006,
    279.18671708202));
#2134 = CARTESIAN_POINT('',(14.43073970214,131.86000426772,
    280.05390032406));
#2135 = CARTESIAN_POINT('',(14.862154123191,131.9803990725,
    280.89485261397));
#2136 = CARTESIAN_POINT('',(13.252093584713,132.3415337606,
    281.97974775798));
#2137 = CARTESIAN_POINT('',(19.260921317573,131.77739894728,
    282.26776192761));
#2138 = CARTESIAN_POINT('',(22.349709286749,131.31897155378,
    283.31074142209));
#2139 = CARTESIAN_POINT('',(25.374953428963,130.84035115998,
    284.64694075196));
#2140 = CARTESIAN_POINT('',(27.626489867892,130.45837504878,
    286.35677126797));
#2141 = CARTESIAN_POINT('',(29.366673064567,130.18012361945,
    288.37814935805));
#2142 = CARTESIAN_POINT('',(30.60954373213,130.00143142105,
    290.69085713953));
#2143 = CARTESIAN_POINT('',(31.444376613187,129.89384481938,
    293.26673607633));
#2144 = CARTESIAN_POINT('',(31.946204957106,129.81722083653,
    296.08280797745));
#2145 = CARTESIAN_POINT('',(32.197656430917,129.7248644109,
    299.11816284889));
#2146 = CARTESIAN_POINT('',(32.281498392932,129.5672441406,
    302.35523304352));
#2147 = CARTESIAN_POINT('',(32.28150219786,129.29413890085,
    305.77962136748));
#2148 = CARTESIAN_POINT('',(32.281498392932,128.85553708174,
    309.38128887276));
#2149 = CARTESIAN_POINT('',(32.197656430917,128.25722383802,
    313.14001825144));
#2150 = CARTESIAN_POINT('',(31.946204957106,127.50631255636,
    317.02865536472));
#2151 = CARTESIAN_POINT('',(31.444376613187,126.61120554685,
    321.014691071));
#2152 = CARTESIAN_POINT('',(30.60954373213,125.58094387487,
    325.06080386057));
#2153 = CARTESIAN_POINT('',(29.366673064567,124.42226985574,
    329.12791959702));
#2154 = CARTESIAN_POINT('',(27.626489867892,123.13943632846,
    333.17193022342));
#2155 = CARTESIAN_POINT('',(25.374953428963,121.71348025835,
    337.16494932017));
#2156 = CARTESIAN_POINT('',(22.349709286749,120.15787535487,
    341.02767043688));
#2157 = CARTESIAN_POINT('',(19.260921317573,118.27727612929,
    344.89402805879));
#2158 = CARTESIAN_POINT('',(13.252093584713,116.57045636436,
    348.137193983));
#2159 = CARTESIAN_POINT('',(14.862154123191,112.80139931007,
    353.01445156567));
#2160 = CARTESIAN_POINT('',(14.43073970214,108.29568191635,
    358.34304700214));
#2161 = CARTESIAN_POINT('',(14.546336847865,102.56683368643,
    364.19913004962));
#2162 = CARTESIAN_POINT('',(14.515362686015,95.635442051059,
    370.29859206214));
#2163 = CARTESIAN_POINT('',(14.52366218769,87.424019854401,
    376.43571839357));
#2164 = CARTESIAN_POINT('',(14.521438342842,77.932783029694,
    382.37308447304));
#2165 = CARTESIAN_POINT('',(14.522034220559,67.202647941803,
    387.88096649088));
#2166 = CARTESIAN_POINT('',(14.521874554539,55.330890580922,
    392.73864786872));
#2167 = CARTESIAN_POINT('',(14.521917340901,42.467734991444,
    396.74706468904));
#2168 = CARTESIAN_POINT('',(14.521905861472,28.812852056999,
    399.73849783557));
#2169 = CARTESIAN_POINT('',(14.521908992826,14.606766570648,
    401.58596295602));
#2170 = CARTESIAN_POINT('',(14.521908295503,4.948557421889,
    402.00235402289));
#2171 = CARTESIAN_POINT('',(14.521908296603,0.12,402.00234398055));
#2172 = CARTESIAN_POINT('',(19.296563832792,129.57758708924,
    273.13429012947));
#2173 = CARTESIAN_POINT('',(19.296563832014,129.57758708288,
    273.13429010519));
#2174 = CARTESIAN_POINT('',(19.296563887404,129.58863690057,
    273.17259453513));
#2175 = CARTESIAN_POINT('',(19.296563642817,129.63612371746,
    273.33804759463));
#2176 = CARTESIAN_POINT('',(19.296564538081,129.71189065383,
    273.60465067063));
#2177 = CARTESIAN_POINT('',(19.296561201611,129.81300529024,
    273.96560925342));
#2178 = CARTESIAN_POINT('',(19.296573652228,129.93630977513,
    274.41416019804));
#2179 = CARTESIAN_POINT('',(19.296527186229,130.07852157812,
    274.94356522755));
#2180 = CARTESIAN_POINT('',(19.29670059961,130.23621487172,
    275.54705613038));
#2181 = CARTESIAN_POINT('',(19.296053412083,130.40621896858,
    276.21796788898));
#2182 = CARTESIAN_POINT('',(19.298468748809,130.58443380127,
    276.94917918612));
#2183 = CARTESIAN_POINT('',(19.289454589435,130.77052641571,
    277.73514772131));
#2184 = CARTESIAN_POINT('',(19.323095890206,130.95065273524,
    278.56427206279));
#2185 = CARTESIAN_POINT('',(19.197544846496,131.16216353087,
    279.44736609749));
#2186 = CARTESIAN_POINT('',(19.666107720564,131.2523143762,
    280.31137004713));
#2187 = CARTESIAN_POINT('',(17.917407268003,131.77894119171,
    281.3960156525));
#2188 = CARTESIAN_POINT('',(24.443646204179,130.64923474987,
    281.77345033211));
#2189 = CARTESIAN_POINT('',(27.799210729014,129.88090693859,
    282.89178162806));
#2190 = CARTESIAN_POINT('',(31.086483825667,129.1091692095,
    284.31135108911));
#2191 = CARTESIAN_POINT('',(33.53382839575,128.52249192958,
    286.10452780283));
#2192 = CARTESIAN_POINT('',(35.425815268213,128.09663555455,
    288.21176503906));
#2193 = CARTESIAN_POINT('',(36.777408253043,127.82110211322,
    290.61177081391));
#2194 = CARTESIAN_POINT('',(37.685410569669,127.65409634241,
    293.27596133323));
#2195 = CARTESIAN_POINT('',(38.231279895387,127.54666373386,
    296.18160878089));
#2196 = CARTESIAN_POINT('',(38.50481468528,127.44262295861,
    299.30768576449));
#2197 = CARTESIAN_POINT('',(38.596022104011,127.28360717069,
    302.63643959342));
#2198 = CARTESIAN_POINT('',(38.596026217698,127.01081203409,
    306.15331366102));
#2199 = CARTESIAN_POINT('',(38.596022104011,126.56593596909,
    309.84823905876));
#2200 = CARTESIAN_POINT('',(38.50481468528,125.96201216668,
    313.69816354884));
#2201 = CARTESIAN_POINT('',(38.231279895387,125.21362856813,
    317.67287560371));
#2202 = CARTESIAN_POINT('',(37.685410569669,124.33689247217,
    321.73668578668));
#2203 = CARTESIAN_POINT('',(36.777408253043,123.34913781761,
    325.8490412672));
#2204 = CARTESIAN_POINT('',(35.425815268213,122.26479892404,
    329.96759987498));
#2205 = CARTESIAN_POINT('',(33.53382839575,121.09962971334,
    334.04551161815));
#2206 = CARTESIAN_POINT('',(31.086483825666,119.83913680054,
    338.05378793732));
#2207 = CARTESIAN_POINT('',(27.799210729014,118.52477097931,
    341.90702895902));
#2208 = CARTESIAN_POINT('',(24.443646204179,116.89204074528,
    345.75211488117));
#2209 = CARTESIAN_POINT('',(17.917407268003,115.66481270902,
    348.90584697587));
#2210 = CARTESIAN_POINT('',(19.666107720564,111.67953289723,
    353.8337846602));
#2211 = CARTESIAN_POINT('',(19.197544846496,107.16399111992,
    359.12579686799));
#2212 = CARTESIAN_POINT('',(19.323095890207,101.39703131973,
    364.92568866814));
#2213 = CARTESIAN_POINT('',(19.28945458943,94.469589599681,
    370.93938054413));
#2214 = CARTESIAN_POINT('',(19.298468748827,86.29194657382,
    376.97333147335));
#2215 = CARTESIAN_POINT('',(19.296053412014,76.872260119513,
    382.79742365429));
#2216 = CARTESIAN_POINT('',(19.296700599869,66.251147687988,
    388.19112783428));
#2217 = CARTESIAN_POINT('',(19.296527185263,54.524380542201,
    392.94233890648));
#2218 = CARTESIAN_POINT('',(19.296573655831,41.837375082131,
    396.85990531184));
#2219 = CARTESIAN_POINT('',(19.296561188165,28.382438953907,
    399.78254187253));
#2220 = CARTESIAN_POINT('',(19.296564588262,14.390557467956,
    401.58768693488));
#2221 = CARTESIAN_POINT('',(19.296563833115,4.877374823541,
    401.9948269589));
#2222 = CARTESIAN_POINT('',(19.296563832792,0.12,401.99481790603));
#2223 = CARTESIAN_POINT('',(24.106811848127,128.41785706014,
    272.5005403234));
#2224 = CARTESIAN_POINT('',(24.106811847297,128.41785707233,
    272.5005403405));
#2225 = CARTESIAN_POINT('',(24.106811906658,128.42949038613,
    272.53954309194));
#2226 = CARTESIAN_POINT('',(24.106811644513,128.47948861607,
    272.70801502119));
#2227 = CARTESIAN_POINT('',(24.106812604052,128.55927474062,
    272.97949067324));
#2228 = CARTESIAN_POINT('',(24.106809028039,128.66577775149,
    273.34706206215));
#2229 = CARTESIAN_POINT('',(24.106822372551,128.79569085331,
    273.80385573312));
#2230 = CARTESIAN_POINT('',(24.106772570516,128.94558621304,
    274.34302338808));
#2231 = CARTESIAN_POINT('',(24.106958434146,129.11185660064,
    274.95769165378));
#2232 = CARTESIAN_POINT('',(24.106264781661,129.29127369735,
    275.64107249755));
#2233 = CARTESIAN_POINT('',(24.10885352797,129.47921761364,
    276.38598350877));
#2234 = CARTESIAN_POINT('',(24.099192195221,129.67657005502,
    277.18658121889));
#2235 = CARTESIAN_POINT('',(24.135248779907,129.86424698338,
    278.03184651136));
#2236 = CARTESIAN_POINT('',(24.000683773912,130.09847487725,
    278.92986316737));
#2237 = CARTESIAN_POINT('',(24.502887213205,130.15541808802,
    279.81718625401));
#2238 = CARTESIAN_POINT('',(22.628638462028,130.85762282339,
    280.89707199256));
#2239 = CARTESIAN_POINT('',(29.623430027442,129.12380766535,
    281.37718498095));
#2240 = CARTESIAN_POINT('',(33.21691750585,128.07527594093,
    282.56914511233));
#2241 = CARTESIAN_POINT('',(36.737138233557,127.04266173189,
    284.07023420647));
#2242 = CARTESIAN_POINT('',(39.357331410452,126.27960058865,
    285.94296613898));
#2243 = CARTESIAN_POINT('',(41.382871398515,125.72725241733,
    288.12871266147));
#2244 = CARTESIAN_POINT('',(42.829815487568,125.37094980677,
    290.60801517408));
#2245 = CARTESIAN_POINT('',(43.801870823215,125.15824232754,
    293.35476000151));
#2246 = CARTESIAN_POINT('',(44.386245559448,125.02886505469,
    296.34446263303));
#2247 = CARTESIAN_POINT('',(44.679075853792,124.91788617198,
    299.5556368926));
#2248 = CARTESIAN_POINT('',(44.776717162499,124.75933020818,
    302.97019466702));
#2249 = CARTESIAN_POINT('',(44.776721573851,124.48750823258,
    306.57339775489));
#2250 = CARTESIAN_POINT('',(44.776717162499,124.03755223594,
    310.35502903069));
#2251 = CARTESIAN_POINT('',(44.679075853792,123.42823962957,
    314.28939246519));
#2252 = CARTESIAN_POINT('',(44.386245559448,122.68022108993,
    318.34354619046));
#2253 = CARTESIAN_POINT('',(43.801870823215,121.81632283956,
    322.47920045468));
#2254 = CARTESIAN_POINT('',(42.829815487568,120.86156547743,
    326.65333233032));
#2255 = CARTESIAN_POINT('',(41.382871398515,119.83982430393,
    330.82219900164));
#2256 = CARTESIAN_POINT('',(39.357331410452,118.77635119363,
    334.93498997146));
#2257 = CARTESIAN_POINT('',(36.737138233557,117.66014739343,
    338.96017184942));
#2258 = CARTESIAN_POINT('',(33.21691750585,116.56216408704,
    342.80783781891));
#2259 = CARTESIAN_POINT('',(29.623430027442,115.15582078939,
    346.63643185709));
#2260 = CARTESIAN_POINT('',(22.628638462028,114.4423795589,
    349.71324508808));
#2261 = CARTESIAN_POINT('',(24.502887213205,110.24447485294,
    354.68117502035));
#2262 = CARTESIAN_POINT('',(24.000683773912,105.73498383648,
    359.93220802841));
#2263 = CARTESIAN_POINT('',(24.135248779908,99.946766950355,
    365.67010335911));
#2264 = CARTESIAN_POINT('',(24.099192195216,93.044154845807,
    371.59305201393));
#2265 = CARTESIAN_POINT('',(24.108853527989,84.92425288041,
    377.51922406268));
#2266 = CARTESIAN_POINT('',(24.106264781588,75.603170752967,
    383.2260220708));
#2267 = CARTESIAN_POINT('',(24.106958434419,65.120895590641,
    388.50209711154));
#2268 = CARTESIAN_POINT('',(24.106772569496,53.571394376851,
    393.14396800764));
#2269 = CARTESIAN_POINT('',(24.10682237636,41.094927081999,
    396.96838702333));
#2270 = CARTESIAN_POINT('',(24.106809013827,27.876070686407,
    399.8205105517));
#2271 = CARTESIAN_POINT('',(24.106812657092,14.135875148915,
    401.58223583044));
#2272 = CARTESIAN_POINT('',(24.106811850076,4.793318946482,
    401.97985444399));
#2273 = CARTESIAN_POINT('',(24.106811848127,0.12,401.97984626524));
#2274 = CARTESIAN_POINT('',(28.955217179637,126.91128283814,
    271.95578753678));
#2275 = CARTESIAN_POINT('',(28.955217178879,126.91128276908,
    271.95578745125));
#2276 = CARTESIAN_POINT('',(28.955217241582,126.92347992486,
    271.99545177718));
#2277 = CARTESIAN_POINT('',(28.955216963967,126.97590591282,
    272.16678496488));
#2278 = CARTESIAN_POINT('',(28.955217980375,127.05957840727,
    272.44288010128));
#2279 = CARTESIAN_POINT('',(28.955214192358,127.17129352869,
    272.81672296599));
#2280 = CARTESIAN_POINT('',(28.955228328016,127.30760193979,
    273.28133716959));
#2281 = CARTESIAN_POINT('',(28.955175573401,127.46493657626,
    273.82977181563));
#2282 = CARTESIAN_POINT('',(28.955372456203,127.63951749441,
    274.45505593409));
#2283 = CARTESIAN_POINT('',(28.954637679612,127.82805822848,
    275.15028557155));
#2284 = CARTESIAN_POINT('',(28.957379903173,128.02545273366,
    275.90822591682));
#2285 = CARTESIAN_POINT('',(28.94714578552,128.23370263843,
    276.72273470945));
#2286 = CARTESIAN_POINT('',(28.985340032569,128.42886699399,
    277.58340058408));
#2287 = CARTESIAN_POINT('',(28.842797162027,128.68464597573,
    278.49551594502));
#2288 = CARTESIAN_POINT('',(29.374774397145,128.71137026695,
    279.40551228033));
#2289 = CARTESIAN_POINT('',(27.389408327215,129.57669734073,
    280.47922616616));
#2290 = CARTESIAN_POINT('',(34.798895371817,127.28403753326,
    281.06339412894));
#2291 = CARTESIAN_POINT('',(38.59848174969,125.99230640701,
    282.32768508503));
#2292 = CARTESIAN_POINT('',(42.319568711485,124.73628008247,
    283.90304541126));
#2293 = CARTESIAN_POINT('',(45.087274652524,123.83267574326,
    285.84547779997));
#2294 = CARTESIAN_POINT('',(47.226224685444,123.19390828639,
    288.1088276749));
#2295 = CARTESIAN_POINT('',(48.753759854447,122.78810785009,
    290.66676837111));
#2296 = CARTESIAN_POINT('',(49.779803927476,122.54395668654,
    293.48671115347));
#2297 = CARTESIAN_POINT('',(50.39657255296,122.40015202623,
    296.55091806927));
#2298 = CARTESIAN_POINT('',(50.705620377104,122.28547963893,
    299.83891200019));
#2299 = CARTESIAN_POINT('',(50.808667034493,122.12850186732,
    303.33240024569));
#2300 = CARTESIAN_POINT('',(50.808671731451,121.85790660644,
    307.01564042008));
#2301 = CARTESIAN_POINT('',(50.808667034494,121.40358359776,
    310.87734000752));
#2302 = CARTESIAN_POINT('',(50.705620377104,120.78883161054,
    314.89010314953));
#2303 = CARTESIAN_POINT('',(50.39657255296,120.03903531876,
    319.01913733447));
#2304 = CARTESIAN_POINT('',(49.779803927476,119.18172829905,
    323.22374421585));
#2305 = CARTESIAN_POINT('',(48.753759854447,118.24764456009,
    327.45801911782));
#2306 = CARTESIAN_POINT('',(47.226224685444,117.26336966316,
    331.67200755787));
#2307 = CARTESIAN_POINT('',(45.087274652524,116.26955348108,
    335.81715838158));
#2308 = CARTESIAN_POINT('',(42.319568711485,115.26738983309,
    339.86464813612));
#2309 = CARTESIAN_POINT('',(38.59848174969,114.354456822,343.7154082609)
  );
#2310 = CARTESIAN_POINT('',(34.798895371817,113.14600613654,
    347.53382361872));
#2311 = CARTESIAN_POINT('',(27.389408327215,112.90497039629,
    350.54945226083));
#2312 = CARTESIAN_POINT('',(29.374774397145,108.51860081025,
    355.54560847041));
#2313 = CARTESIAN_POINT('',(28.842797162027,104.02555076179,
    360.75142902703));
#2314 = CARTESIAN_POINT('',(28.98534003257,98.234074005328,
    366.42143165028));
#2315 = CARTESIAN_POINT('',(28.947145785515,91.376127531648,
    372.24870594558));
#2316 = CARTESIAN_POINT('',(28.957379903194,83.337015103697,
    378.06255108144));
#2317 = CARTESIAN_POINT('',(28.954637679534,74.140162752662,
    383.64811896951));
#2318 = CARTESIAN_POINT('',(28.955372456495,63.824769309082,
    388.80320646291));
#2319 = CARTESIAN_POINT('',(28.955175572311,52.482679653775,
    393.332959422));
#2320 = CARTESIAN_POINT('',(28.955228332085,40.248709628861,
    397.06201520291));
#2321 = CARTESIAN_POINT('',(28.955214177171,27.299404018463,
    399.84197193414));
#2322 = CARTESIAN_POINT('',(28.955218037054,13.84556810712,
    401.55921678501));
#2323 = CARTESIAN_POINT('',(28.955217180643,4.69733339844,
    401.94705196652));
#2324 = CARTESIAN_POINT('',(28.955217179637,0.12,401.94704467028));
#2325 = CARTESIAN_POINT('',(33.844348570534,125.11128883233,
    271.49007088961));
#2326 = CARTESIAN_POINT('',(33.844348570609,125.11128907988,
    271.49007122657));
#2327 = CARTESIAN_POINT('',(33.844348635051,125.12403157776,
    271.53036253332));
#2328 = CARTESIAN_POINT('',(33.844348344614,125.17880363278,
    271.70440423231));
#2329 = CARTESIAN_POINT('',(33.844349409698,125.26623181338,
    271.98487232203));
#2330 = CARTESIAN_POINT('',(33.844345439798,125.38298491144,
    272.36465342346));
#2331 = CARTESIAN_POINT('',(33.844360254313,125.52547732878,
    272.83667548657));
#2332 = CARTESIAN_POINT('',(33.844304966154,125.69000846297,
    273.39389232418));
#2333 = CARTESIAN_POINT('',(33.844511304278,125.87263484535,
    274.02924281773));
#2334 = CARTESIAN_POINT('',(33.84374123994,126.07000854749,
    274.73571409142));
#2335 = CARTESIAN_POINT('',(33.846615159168,126.27658055996,
    275.50602744287));
#2336 = CARTESIAN_POINT('',(33.835889546592,126.49534127192,
    276.33374432805));
#2337 = CARTESIAN_POINT('',(33.87591807767,126.69801100925,
    277.20908550743));
#2338 = CARTESIAN_POINT('',(33.726529565932,126.97385659701,
    278.13449411065));
#2339 = CARTESIAN_POINT('',(34.284055081807,126.9745168443,
    279.06652642268));
#2340 = CARTESIAN_POINT('',(32.203341530045,127.98612895161,
    280.13270387597));
#2341 = CARTESIAN_POINT('',(39.968670221217,125.19620438611,
    280.82220753412));
#2342 = CARTESIAN_POINT('',(43.939567835897,123.70531666837,
    282.14500569344));
#2343 = CARTESIAN_POINT('',(47.826447507778,122.29015889536,
    283.79380654958));
#2344 = CARTESIAN_POINT('',(50.713961990885,121.30104329525,
    285.80756137969));
#2345 = CARTESIAN_POINT('',(52.944293387891,120.58644612934,
    288.11469378307));
#2346 = CARTESIAN_POINT('',(54.536276239352,120.13774761548,
    290.7169627147));
#2347 = CARTESIAN_POINT('',(55.605300758649,119.89447820028,
    293.61028360442));
#2348 = CARTESIAN_POINT('',(56.24777820333,119.76053858261,
    296.75237985094));
#2349 = CARTESIAN_POINT('',(56.569676643882,119.65640109417,
    300.11804424329));
#2350 = CARTESIAN_POINT('',(56.677003545356,119.50597744903,
    303.68743827944));
#2351 = CARTESIAN_POINT('',(56.677008514862,119.23713043306,
    307.44560083896));
#2352 = CARTESIAN_POINT('',(56.677003545356,118.77921498689,
    311.38192054925));
#2353 = CARTESIAN_POINT('',(56.569676643882,118.15573164471,
    315.46581427733));
#2354 = CARTESIAN_POINT('',(56.24777820333,117.39317023167,
    319.65977747615));
#2355 = CARTESIAN_POINT('',(55.605300758649,116.52350356485,
    323.92260722323));
#2356 = CARTESIAN_POINT('',(54.536276239352,115.58449396097,
    328.20970894407));
#2357 = CARTESIAN_POINT('',(52.944293387891,114.62712977631,
    332.48516443411));
#2358 = CARTESIAN_POINT('',(50.713961990885,113.68705507814,
    336.68147895979));
#2359 = CARTESIAN_POINT('',(47.826447507778,112.75367794258,
    340.75281805799));
#2360 = CARTESIAN_POINT('',(43.939567835897,111.972254559,
    344.61113093534));
#2361 = CARTESIAN_POINT('',(39.968670221217,110.92311596119,
    348.43283676479));
#2362 = CARTESIAN_POINT('',(32.203341530045,111.09961046852,
    351.40559459014));
#2363 = CARTESIAN_POINT('',(34.284055081807,106.5515831699,
    356.41772457369));
#2364 = CARTESIAN_POINT('',(33.726529565932,102.08304748076,
    361.5745804024));
#2365 = CARTESIAN_POINT('',(33.875918077672,96.304588715415,
    367.17113458498));
#2366 = CARTESIAN_POINT('',(33.835889546586,89.508451629518,
    372.89826859751));
#2367 = CARTESIAN_POINT('',(33.846615159191,81.569876814083,
    378.59572289054));
#2368 = CARTESIAN_POINT('',(33.843741239857,72.518850262095,
    384.05661999323));
#2369 = CARTESIAN_POINT('',(33.844511304586,62.393672825618,
    389.0878345209));
#2370 = CARTESIAN_POINT('',(33.844304965003,51.283794722192,
    393.50311812422));
#2371 = CARTESIAN_POINT('',(33.844360258607,39.318388496927,
    397.13495137274));
#2372 = CARTESIAN_POINT('',(33.844345423775,26.665781615514,
    399.84135578037));
#2373 = CARTESIAN_POINT('',(33.844349469498,13.526367914377,
    401.51322553179));
#2374 = CARTESIAN_POINT('',(33.844348570792,4.591657267651,
    401.89105277782));
#2375 = CARTESIAN_POINT('',(33.844348570534,0.12,401.89104619522));
#2376 = CARTESIAN_POINT('',(38.776760185966,123.06499341016,
    271.09525797896));
#2377 = CARTESIAN_POINT('',(38.776760185443,123.06499246884,
    271.09525667119));
#2378 = CARTESIAN_POINT('',(38.776760253186,123.07825647936,
    271.13613223462));
#2379 = CARTESIAN_POINT('',(38.776759951476,123.13528074496,
    271.31271049114));
#2380 = CARTESIAN_POINT('',(38.776761056703,123.22631792988,
    271.59727894921));
#2381 = CARTESIAN_POINT('',(38.776756937506,123.34791538598,
    271.98263277066));
#2382 = CARTESIAN_POINT('',(38.776772309068,123.49635792556,
    272.46161194037));
#2383 = CARTESIAN_POINT('',(38.776714942016,123.66781731041,
    273.02708304792));
#2384 = CARTESIAN_POINT('',(38.77692903866,123.85819661962,
    273.67190188722));
#2385 = CARTESIAN_POINT('',(38.776130019138,124.06408149719,
    274.38895753875));
#2386 = CARTESIAN_POINT('',(38.779112000582,124.27953094529,
    275.17092390378));
#2387 = CARTESIAN_POINT('',(38.767983094328,124.50836549979,
    276.01111599958));
#2388 = CARTESIAN_POINT('',(38.8095167379,124.71858896883,
    276.90023696098));
#2389 = CARTESIAN_POINT('',(38.654511069867,125.01274109694,
    277.83847517218));
#2390 = CARTESIAN_POINT('',(39.233000098427,124.99235522268,
    278.79032782572));
#2391 = CARTESIAN_POINT('',(37.074049652218,126.13002681831,
    279.85318572248));
#2392 = CARTESIAN_POINT('',(45.131362408495,122.91689469035,
    280.62816273163));
#2393 = CARTESIAN_POINT('',(49.235794448599,121.31778308095,
    282.02746514775));
#2394 = CARTESIAN_POINT('',(53.250371522609,119.77224149261,
    283.71181737108));
#2395 = CARTESIAN_POINT('',(56.227592317868,118.72199925304,
    285.74685512057));
#2396 = CARTESIAN_POINT('',(58.525365035029,118.08006839137,
    288.18071015701));
#2397 = CARTESIAN_POINT('',(60.1642485033,117.70470858231,
    290.91479835622));
#2398 = CARTESIAN_POINT('',(61.264286778948,117.43852182869,
    293.84393647389));
#2399 = CARTESIAN_POINT('',(61.925205462607,117.28248328941,
    297.01812284305));
#2400 = CARTESIAN_POINT('',(62.256294098356,117.16492712272,
    300.42822393346));
#2401 = CARTESIAN_POINT('',(62.366678041217,117.01196236527,
    304.05673424188));
#2402 = CARTESIAN_POINT('',(62.366683269325,116.743211535,307.8812979376
    ));
#2403 = CARTESIAN_POINT('',(62.366678041217,116.28051775786,
    311.88354321756));
#2404 = CARTESIAN_POINT('',(62.256294098356,115.65370438534,
    316.03751061154));
#2405 = CARTESIAN_POINT('',(61.925205462607,114.89421332716,
    320.3087946467));
#2406 = CARTESIAN_POINT('',(61.264286778948,114.03057638299,
    324.65133960891));
#2407 = CARTESIAN_POINT('',(60.1642485033,113.09529024489,
    329.00899626046));
#2408 = CARTESIAN_POINT('',(58.525365035029,112.07828609372,
    333.28674610178));
#2409 = CARTESIAN_POINT('',(56.227592317868,111.08449969703,
    337.47949277871));
#2410 = CARTESIAN_POINT('',(53.250371522609,110.18748600414,
    341.59796266471));
#2411 = CARTESIAN_POINT('',(49.235794448599,109.50330238557,
    345.49335227464));
#2412 = CARTESIAN_POINT('',(45.131362408495,108.54295055329,
    349.31489231581));
#2413 = CARTESIAN_POINT('',(37.074049652218,109.06610470259,
    352.27424427569));
#2414 = CARTESIAN_POINT('',(39.233000098427,104.38663476561,
    357.28722701258));
#2415 = CARTESIAN_POINT('',(38.654511069866,99.948333801558,
    362.39239420711));
#2416 = CARTESIAN_POINT('',(38.809516737901,94.197722972155,
    367.91004315724));
#2417 = CARTESIAN_POINT('',(38.767983094322,87.478147159619,
    373.53300405009));
#2418 = CARTESIAN_POINT('',(38.779112000604,79.656976346626,
    379.11039997522));
#2419 = CARTESIAN_POINT('',(38.776130019054,70.769864861342,
    384.4436115359));
#2420 = CARTESIAN_POINT('',(38.776929038972,60.854160469777,
    389.34847293797));
#2421 = CARTESIAN_POINT('',(38.776714940853,49.996683740449,
    393.64730363495));
#2422 = CARTESIAN_POINT('',(38.77677231341,38.320840446063,
    397.18036333996));
#2423 = CARTESIAN_POINT('',(38.776756921301,25.986652202055,
    399.8120622862));
#2424 = CARTESIAN_POINT('',(38.776761117181,13.184052035368,
    401.43780653624));
#2425 = CARTESIAN_POINT('',(38.776760189574,4.478213260814,
    401.8054333262));
#2426 = CARTESIAN_POINT('',(38.776760185966,0.12,401.80542754986));
#2427 = CARTESIAN_POINT('',(43.755060597151,120.8195803776,
    270.75690051166));
#2428 = CARTESIAN_POINT('',(43.755060595051,120.81958386627,
    270.75690541263));
#2429 = CARTESIAN_POINT('',(43.755060666959,120.83336622487,
    270.79835043228));
#2430 = CARTESIAN_POINT('',(43.755060355973,120.89259760665,
    270.97735623158));
#2431 = CARTESIAN_POINT('',(43.755061492056,120.98716185793,
    271.2658353722));
#2432 = CARTESIAN_POINT('',(43.75505725871,121.11348877261,
    271.65649758221));
#2433 = CARTESIAN_POINT('',(43.755073056009,121.26773842322,
    272.14210126986));
#2434 = CARTESIAN_POINT('',(43.755014100159,121.44595779244,
    272.71543175163));
#2435 = CARTESIAN_POINT('',(43.755234126259,121.64390781607,
    273.3692695656));
#2436 = CARTESIAN_POINT('',(43.75441297771,121.8580879077,
    274.09640661004));
#2437 = CARTESIAN_POINT('',(43.757477545807,122.08226130143,
    274.889496032));
#2438 = CARTESIAN_POINT('',(43.746040421967,122.32074134094,
    275.74153638526));
#2439 = CARTESIAN_POINT('',(43.78872434923,122.53909507693,
    276.64400327383));
#2440 = CARTESIAN_POINT('',(43.62942576402,122.84837851604,
    277.59377564382));
#2441 = CARTESIAN_POINT('',(44.223936177595,122.81778946479,
    278.56725479481));
#2442 = CARTESIAN_POINT('',(42.005193108504,124.04007933885,
    279.61693605844));
#2443 = CARTESIAN_POINT('',(50.285654971295,120.55747186777,
    280.51099419832));
#2444 = CARTESIAN_POINT('',(54.48295079393,118.81236429335,
    281.87528598404));
#2445 = CARTESIAN_POINT('',(58.584218859301,117.3396569103,
    283.68563833531));
#2446 = CARTESIAN_POINT('',(61.618756303752,116.38989295477,
    285.88007165739));
#2447 = CARTESIAN_POINT('',(63.958215045992,115.48060109963,
    288.07982400886));
#2448 = CARTESIAN_POINT('',(65.625124139008,114.85994588195,
    290.59341978903));
#2449 = CARTESIAN_POINT('',(66.743304783967,114.48823854941,
    293.44629421223));
#2450 = CARTESIAN_POINT('',(67.41484806054,114.2922962018,
    296.62600396845));
#2451 = CARTESIAN_POINT('',(67.751190014486,114.17750458472,
    300.08842449946));
#2452 = CARTESIAN_POINT('',(67.86331542587,114.04684048033,
    303.79330223466));
#2453 = CARTESIAN_POINT('',(67.863320897343,113.80492439203,
    307.70284912794));
#2454 = CARTESIAN_POINT('',(67.86331542587,113.36136976392,
    311.78638138606));
#2455 = CARTESIAN_POINT('',(67.751190014486,112.75598305494,
    316.02727834538));
#2456 = CARTESIAN_POINT('',(67.41484806054,112.02851326534,
    320.3995534712));
#2457 = CARTESIAN_POINT('',(66.743304783967,111.21906312776,
    324.86858846048));
#2458 = CARTESIAN_POINT('',(65.625124139008,110.36682068969,
    329.39013256691));
#2459 = CARTESIAN_POINT('',(63.958215045993,109.50593755574,
    333.90322200605));
#2460 = CARTESIAN_POINT('',(61.618756303752,108.66321119572,
    338.31385096663));
#2461 = CARTESIAN_POINT('',(58.584218859301,107.69605529562,
    342.42670141508));
#2462 = CARTESIAN_POINT('',(54.48295079393,106.96046760442,
    346.30153757643));
#2463 = CARTESIAN_POINT('',(50.285654971295,106.09199792952,
    350.18967258061));
#2464 = CARTESIAN_POINT('',(42.005193108504,106.83843576916,
    353.13822355942));
#2465 = CARTESIAN_POINT('',(44.223936177596,102.07056248607,
    358.1442808089));
#2466 = CARTESIAN_POINT('',(43.62942576402,97.662979840037,
    363.19328103365));
#2467 = CARTESIAN_POINT('',(43.788724349231,91.954027016815,
    368.62730467446));
#2468 = CARTESIAN_POINT('',(43.746040421961,85.322941064742,
    374.14216605634));
#2469 = CARTESIAN_POINT('',(43.757477545831,77.632997103463,
    379.59613102248));
#2470 = CARTESIAN_POINT('',(43.75441297762,68.924197114208,
    384.79888862341));
#2471 = CARTESIAN_POINT('',(43.755234126593,59.23301843717,
    389.57516125703));
#2472 = CARTESIAN_POINT('',(43.755014098912,48.643431438913,
    393.75577054878));
#2473 = CARTESIAN_POINT('',(43.755073060664,37.273026986042,
    397.18868554848));
#2474 = CARTESIAN_POINT('',(43.755057241336,25.273516995866,
    399.74466115885));
#2475 = CARTESIAN_POINT('',(43.755061556895,12.8244286752,
    401.32361364814));
#2476 = CARTESIAN_POINT('',(43.755060594957,4.358936516556,
    401.68086713134));
#2477 = CARTESIAN_POINT('',(43.755060597151,0.12,401.68086193491));
#2478 = CARTESIAN_POINT('',(48.781655329086,118.44064544706,
    270.48010547208));
#2479 = CARTESIAN_POINT('',(48.78165532884,118.44063239714,
    270.48008709495));
#2480 = CARTESIAN_POINT('',(48.781655399274,118.45485929179,
    270.52198226679));
#2481 = CARTESIAN_POINT('',(48.781655083796,118.51609845548,
    270.70306827162));
#2482 = CARTESIAN_POINT('',(48.781656240057,118.61391023182,
    270.99495386706));
#2483 = CARTESIAN_POINT('',(48.781651930494,118.74461609354,
    271.39027550209));
#2484 = CARTESIAN_POINT('',(48.781668012485,118.90426106161,
    271.88172147402));
#2485 = CARTESIAN_POINT('',(48.781607994083,119.08877803852,
    272.46201003618));
#2486 = CARTESIAN_POINT('',(48.7818319857,119.29379425124,
    273.12385086419));
#2487 = CARTESIAN_POINT('',(48.780996037632,119.51574028923,
    273.85997989616));
#2488 = CARTESIAN_POINT('',(48.784115838287,119.7480671323,
    274.66293340799));
#2489 = CARTESIAN_POINT('',(48.772472583736,119.99568969198,
    275.52580992884));
#2490 = CARTESIAN_POINT('',(48.815925801285,120.2213776073,
    276.43936100316));
#2491 = CARTESIAN_POINT('',(48.653756185639,120.54609172415,
    277.40279874715));
#2492 = CARTESIAN_POINT('',(49.258981430677,120.50155145608,
    278.38342734003));
#2493 = CARTESIAN_POINT('',(47.000250066171,121.81989325718,
    279.4672813051));
#2494 = CARTESIAN_POINT('',(55.429950279155,118.02269339382,
    280.29693087998));
#2495 = CARTESIAN_POINT('',(59.676189681239,116.58682696967,
    281.97593642536));
#2496 = CARTESIAN_POINT('',(63.819818156724,114.85076051962,
    283.56860321297));
#2497 = CARTESIAN_POINT('',(66.876582483616,113.3469186433,
    285.16425179354));
#2498 = CARTESIAN_POINT('',(69.229798009779,112.25894000019,
    287.22654069892));
#2499 = CARTESIAN_POINT('',(70.90424713704,111.55145413462,
    289.7334913192));
#2500 = CARTESIAN_POINT('',(72.026593649768,111.15365646832,
    292.66405968922));
#2501 = CARTESIAN_POINT('',(72.700270991433,110.9654571438,
    295.92797532005));
#2502 = CARTESIAN_POINT('',(73.037589291745,110.88126051632,
    299.48319929413));
#2503 = CARTESIAN_POINT('',(73.15002685169,110.79135321619,
    303.27927965371));
#2504 = CARTESIAN_POINT('',(73.150032551495,110.5901958406,
    307.27618375252));
#2505 = CARTESIAN_POINT('',(73.15002685169,110.17833303285,
    311.44017564984));
#2506 = CARTESIAN_POINT('',(73.037589291745,109.60366415717,
    315.75718705342));
#2507 = CARTESIAN_POINT('',(72.700270991433,108.91340387463,
    320.20478537601));
#2508 = CARTESIAN_POINT('',(72.026593649768,108.15378534841,
    324.7554603374));
#2509 = CARTESIAN_POINT('',(70.90424713704,107.37066467185,
    329.36961879353));
#2510 = CARTESIAN_POINT('',(69.229798009779,106.59674244974,
    334.01142926563));
#2511 = CARTESIAN_POINT('',(66.876582483616,105.86866646496,
    338.60763684854));
#2512 = CARTESIAN_POINT('',(63.819818156724,105.19916112139,
    343.10828001445));
#2513 = CARTESIAN_POINT('',(59.676189681239,104.60421238089,
    347.19019657702));
#2514 = CARTESIAN_POINT('',(55.429950279155,103.53563313276,
    350.96502405902));
#2515 = CARTESIAN_POINT('',(47.000250066171,104.49268345748,
    354.01389976976));
#2516 = CARTESIAN_POINT('',(49.258981430677,99.648496038154,
    358.97641585718));
#2517 = CARTESIAN_POINT('',(48.653756185638,95.278432593971,
    363.97306500552));
#2518 = CARTESIAN_POINT('',(48.815925801287,89.620515643056,
    369.31735376545));
#2519 = CARTESIAN_POINT('',(48.77247258373,83.087474515109,
    374.72159199472));
#2520 = CARTESIAN_POINT('',(48.784115838311,75.538799464664,
    380.04953233414));
#2521 = CARTESIAN_POINT('',(48.780996037542,67.018444056388,
    385.12006273697));
#2522 = CARTESIAN_POINT('',(48.781831986036,57.561879506864,
    389.76642312382));
#2523 = CARTESIAN_POINT('',(48.78160799283,47.250128236155,
    393.8278820105));
#2524 = CARTESIAN_POINT('',(48.781668017162,36.194983722008,
    397.15998288399));
#2525 = CARTESIAN_POINT('',(48.781651913037,24.539956871586,
    399.63974670535));
#2526 = CARTESIAN_POINT('',(48.781656305205,12.454350991309,
    401.17156894584));
#2527 = CARTESIAN_POINT('',(48.78165532884,4.236108904335,
    401.51834910005));
#2528 = CARTESIAN_POINT('',(48.781655329086,0.12,401.51834459827));
#2529 = CARTESIAN_POINT('',(53.85970768559,115.93409678526,
    270.19364904113));
#2530 = CARTESIAN_POINT('',(53.859707686031,115.93414543455,
    270.19371763382));
#2531 = CARTESIAN_POINT('',(53.859707756047,115.94901899465,
    270.23633293358));
#2532 = CARTESIAN_POINT('',(53.859707438331,116.01269483267,
    270.42004070927));
#2533 = CARTESIAN_POINT('',(53.859708604169,116.11429581518,
    270.71600114319));
#2534 = CARTESIAN_POINT('',(53.859704258533,116.25002089668,
    271.11676722055));
#2535 = CARTESIAN_POINT('',(53.859720475242,116.41578774383,
    271.61494919297));
#2536 = CARTESIAN_POINT('',(53.859659954042,116.60739325681,
    272.20318332703));
#2537 = CARTESIAN_POINT('',(53.85988582213,116.82034375131,
    272.87411979512));
#2538 = CARTESIAN_POINT('',(53.859042870978,117.0508840309,
    273.62035141343));
#2539 = CARTESIAN_POINT('',(53.862188807501,117.29252094335,
    274.43457698229));
#2540 = CARTESIAN_POINT('',(53.850448012561,117.54933045353,
    275.30890468872));
#2541 = CARTESIAN_POINT('',(53.894265255797,117.78659676155,
    276.23738134086));
#2542 = CARTESIAN_POINT('',(53.730737077791,118.11530023469,
    277.20649951437));
#2543 = CARTESIAN_POINT('',(54.34103254658,118.10383818502,
    278.23058846185));
#2544 = CARTESIAN_POINT('',(52.063378849432,119.34692501119,
    279.21971263785));
#2545 = CARTESIAN_POINT('',(60.563698169236,115.87850085609,
    280.47267538015));
#2546 = CARTESIAN_POINT('',(64.81303898501,113.87598645871,
    281.54054244586));
#2547 = CARTESIAN_POINT('',(68.952914708407,111.57214876059,
    282.49732168263));
#2548 = CARTESIAN_POINT('',(71.995656155401,109.90479103833,
    284.07111938686));
#2549 = CARTESIAN_POINT('',(74.333863945976,108.68562282216,
    286.18645301633));
#2550 = CARTESIAN_POINT('',(75.99481186488,107.91750435533,
    288.74490758224));
#2551 = CARTESIAN_POINT('',(77.106990597153,107.50084110188,
    291.65788543729));
#2552 = CARTESIAN_POINT('',(77.774103413666,107.34450085067,
    294.98262162696));
#2553 = CARTESIAN_POINT('',(78.108018497826,107.31342427486,
    298.61008355531));
#2554 = CARTESIAN_POINT('',(78.219304919059,107.28580269004,
    302.4908026143));
#2555 = CARTESIAN_POINT('',(78.219310826789,107.14444592711,
    306.57226312422));
#2556 = CARTESIAN_POINT('',(78.219304919059,106.78220055883,
    310.81360263936));
#2557 = CARTESIAN_POINT('',(78.108018497826,106.25299161122,
    315.20716245307));
#2558 = CARTESIAN_POINT('',(77.774103413666,105.60808873553,
    319.73801769865));
#2559 = CARTESIAN_POINT('',(77.106990597153,104.89866965912,
    324.38238261653));
#2560 = CARTESIAN_POINT('',(75.99481186488,104.16969911258,
    329.12397711576));
#2561 = CARTESIAN_POINT('',(74.333863945976,103.47529376974,
    333.88889960199));
#2562 = CARTESIAN_POINT('',(71.995656155401,102.86905803775,
    338.62531092453));
#2563 = CARTESIAN_POINT('',(68.952914708407,102.31782591953,
    343.26604213601));
#2564 = CARTESIAN_POINT('',(64.813038985009,101.99514310511,
    347.71881795624));
#2565 = CARTESIAN_POINT('',(60.563698169236,101.22090799579,
    351.87606845789));
#2566 = CARTESIAN_POINT('',(52.063378849431,101.97403355299,
    354.80376872954));
#2567 = CARTESIAN_POINT('',(54.34103254658,97.170985488138,
    359.77521369169));
#2568 = CARTESIAN_POINT('',(53.730737077791,92.814506398806,
    364.69874097578));
#2569 = CARTESIAN_POINT('',(53.894265255799,87.222545086781,
    369.95249891606));
#2570 = CARTESIAN_POINT('',(53.850448012555,80.792749435865,
    375.24046337944));
#2571 = CARTESIAN_POINT('',(53.862188807524,73.39353098787,380.438630936
    ));
#2572 = CARTESIAN_POINT('',(53.859042870891,65.069103582068,
    385.37333521632));
#2573 = CARTESIAN_POINT('',(53.859885822455,55.854702433819,
    389.88681927505));
#2574 = CARTESIAN_POINT('',(53.859659952833,45.828076792913,
    393.82665610001));
#2575 = CARTESIAN_POINT('',(53.859720479756,35.095306735031,
    397.0559806759));
#2576 = CARTESIAN_POINT('',(53.859704241685,23.79178910575,
    399.4580674916));
#2577 = CARTESIAN_POINT('',(53.859708667047,12.076780229397,
    400.94181958948));
#2578 = CARTESIAN_POINT('',(53.859707691461,4.110728209746,
    401.27789394211));
#2579 = CARTESIAN_POINT('',(53.85970768559,0.12,401.27788992563));
#2580 = CARTESIAN_POINT('',(58.989552901413,113.5418922965,
    270.10706609411));
#2581 = CARTESIAN_POINT('',(58.989552900942,113.54171076863,
    270.10680999636));
#2582 = CARTESIAN_POINT('',(58.989552972175,113.55642240227,
    270.14896391722));
#2583 = CARTESIAN_POINT('',(58.98955265445,113.62070212843,
    270.33252043174));
#2584 = CARTESIAN_POINT('',(58.9895538185,113.72370143069,
    270.62885309131));
#2585 = CARTESIAN_POINT('',(58.989549480023,113.86156401084,
    271.03050325837));
#2586 = CARTESIAN_POINT('',(58.989565669882,114.03014771182,
    271.53007083252));
#2587 = CARTESIAN_POINT('',(58.989505248924,114.22519468797,
    272.12019181549));
#2588 = CARTESIAN_POINT('',(58.989730742898,114.44212824197,
    272.79348685031));
#2589 = CARTESIAN_POINT('',(58.988889187961,114.67720898532,
    273.54263076806));
#2590 = CARTESIAN_POINT('',(58.992029913734,114.92358658893,
    274.35998512254));
#2591 = CARTESIAN_POINT('',(58.980308565579,115.18637007927,
    275.23887803227));
#2592 = CARTESIAN_POINT('',(59.024053232425,115.4266888586,
    276.16875349046));
#2593 = CARTESIAN_POINT('',(58.860795913196,115.77073268519,
    277.15321781827));
#2594 = CARTESIAN_POINT('',(59.470080523264,115.72984509669,
    278.14265033117));
#2595 = CARTESIAN_POINT('',(57.196199402221,117.11138347965,
    279.28568156242));
#2596 = CARTESIAN_POINT('',(65.682439276326,113.15541769531,
    279.99065733744));
#2597 = CARTESIAN_POINT('',(69.882162715969,110.44285262528,
    280.23404320973));
#2598 = CARTESIAN_POINT('',(73.964636653705,107.94179079964,
    281.25457587039));
#2599 = CARTESIAN_POINT('',(76.950197700792,106.06554464615,
    282.76048525037));
#2600 = CARTESIAN_POINT('',(79.238801981949,104.75025981695,
    284.78724638108));
#2601 = CARTESIAN_POINT('',(80.860714684479,104.01933322895,
    287.58988828607));
#2602 = CARTESIAN_POINT('',(81.945243387503,103.71221372067,
    291.08529424019));
#2603 = CARTESIAN_POINT('',(82.595146564766,103.613243273,
    294.69326192992));
#2604 = CARTESIAN_POINT('',(82.920289902029,103.62814434747,
    298.511415105));
#2605 = CARTESIAN_POINT('',(83.028630187747,103.63442476639,
    302.48239593601));
#2606 = CARTESIAN_POINT('',(83.028636298451,103.52156744218,
    306.60583502136));
#2607 = CARTESIAN_POINT('',(83.028630187747,103.17970225786,
    310.87118458709));
#2608 = CARTESIAN_POINT('',(82.920289902029,102.67198606505,
    315.2487866982));
#2609 = CARTESIAN_POINT('',(82.595146564766,102.06417569579,
    319.70893861374));
#2610 = CARTESIAN_POINT('',(81.945243387503,101.41645028124,
    324.2422523373));
#2611 = CARTESIAN_POINT('',(80.860714684479,100.80376553538,
    328.79608744145));
#2612 = CARTESIAN_POINT('',(79.238801981949,100.222755702,
    333.50663762526));
#2613 = CARTESIAN_POINT('',(76.950197700792,99.701873936573,
    338.34052068881));
#2614 = CARTESIAN_POINT('',(73.964636653705,99.241292484097,
    343.22157756559));
#2615 = CARTESIAN_POINT('',(69.882162715969,99.056169768905,
    347.82990927613));
#2616 = CARTESIAN_POINT('',(65.682439276326,98.603227176731,
    352.38880421153));
#2617 = CARTESIAN_POINT('',(57.196199402221,99.585369882628,
    355.7111298557));
#2618 = CARTESIAN_POINT('',(59.470080523264,94.713950196623,
    360.54754018456));
#2619 = CARTESIAN_POINT('',(58.860795913196,90.405978489878,
    365.43396923781));
#2620 = CARTESIAN_POINT('',(59.024053232427,84.874856610077,
    370.58783074399));
#2621 = CARTESIAN_POINT('',(58.980308565572,78.552089029784,
    375.76469819601));
#2622 = CARTESIAN_POINT('',(58.992029913759,71.301434516179,
    380.8362067716));
#2623 = CARTESIAN_POINT('',(58.988889187867,63.170661268244,
    385.63996645143));
#2624 = CARTESIAN_POINT('',(58.989730743248,54.193731010478,
    390.02553770747));
#2625 = CARTESIAN_POINT('',(58.989505247615,44.445477609777,
    393.84859394635));
#2626 = CARTESIAN_POINT('',(58.989565674766,34.026504155928,
    396.97931661514));
#2627 = CARTESIAN_POINT('',(58.989549461795,23.064601957707,
    399.30689075539));
#2628 = CARTESIAN_POINT('',(58.989553886529,11.709612346729,
    400.74449022102));
#2629 = CARTESIAN_POINT('',(58.989552895887,3.988727889722,
    401.07026138448));
#2630 = CARTESIAN_POINT('',(58.989552901413,0.12,401.07025784431));
#2631 = CARTESIAN_POINT('',(64.18208070876,110.6389019961,
    269.37755378208));
#2632 = CARTESIAN_POINT('',(64.182080704141,110.6395794276,
    269.37850957482));
#2633 = CARTESIAN_POINT('',(64.182080780618,110.65712040906,
    269.42443857697));
#2634 = CARTESIAN_POINT('',(64.182080464183,110.72872996484,
    269.61744873231));
#2635 = CARTESIAN_POINT('',(64.182081615207,110.84186882369,
    269.92677462673));
#2636 = CARTESIAN_POINT('',(64.182077327546,110.99238564262,
    270.3447163482));
#2637 = CARTESIAN_POINT('',(64.182093327167,111.17582390784,
    270.86363187704));
#2638 = CARTESIAN_POINT('',(64.182033616342,111.38762057704,
    271.47593987953));
#2639 = CARTESIAN_POINT('',(64.182256460021,111.62282258526,
    272.17395992735));
#2640 = CARTESIAN_POINT('',(64.181424796132,111.87756667971,
    272.95037331317));
#2641 = CARTESIAN_POINT('',(64.18452860801,112.14394533832,
    273.79638375393));
#2642 = CARTESIAN_POINT('',(64.172945024386,112.42952304463,
    274.70848013713));
#2643 = CARTESIAN_POINT('',(64.216175547005,112.68482339157,
    275.66311497021));
#2644 = CARTESIAN_POINT('',(64.054837040153,113.0742407834,
    276.71114247204));
#2645 = CARTESIAN_POINT('',(64.656960544943,112.96524078975,
    277.62532686668));
#2646 = CARTESIAN_POINT('',(62.409805032635,114.70093851194,
    279.21583399492));
#2647 = CARTESIAN_POINT('',(70.796303577077,109.52083261974,
    278.42074191379));
#2648 = CARTESIAN_POINT('',(74.905305274736,106.62041842153,
    278.85466015207));
#2649 = CARTESIAN_POINT('',(78.890664094005,103.76419405117,
    279.53175798202));
#2650 = CARTESIAN_POINT('',(81.790430403642,101.95182009637,
    281.62462104798));
#2651 = CARTESIAN_POINT('',(84.00764938336,100.82556199323,
    284.61931795999));
#2652 = CARTESIAN_POINT('',(85.575193603003,100.18448522651,
    287.9422876657));
#2653 = CARTESIAN_POINT('',(86.62185927514,99.882083461082,
    291.44769329068));
#2654 = CARTESIAN_POINT('',(87.248449201595,99.806972640489,
    295.14443774983));
#2655 = CARTESIAN_POINT('',(87.561771299012,99.833395283415,
    298.94996448426));
#2656 = CARTESIAN_POINT('',(87.666149931971,99.85281696543,
    302.86052285456));
#2657 = CARTESIAN_POINT('',(87.666156178397,99.757440866468,
    306.87658764421));
#2658 = CARTESIAN_POINT('',(87.66614993197,99.441817607152,
    310.99770384267));
#2659 = CARTESIAN_POINT('',(87.561771299013,98.974863573471,
    315.2118636268));
#2660 = CARTESIAN_POINT('',(87.248449201595,98.42101634164,
    319.52356299127));
#2661 = CARTESIAN_POINT('',(86.62185927514,97.831183648843,
    323.96196726138));
#2662 = CARTESIAN_POINT('',(85.575193603003,97.24861275856,328.553415957
    ));
#2663 = CARTESIAN_POINT('',(84.00764938336,96.654941146611,
    333.41001551998));
#2664 = CARTESIAN_POINT('',(81.790430403642,96.206224116817,
    338.20782735135));
#2665 = CARTESIAN_POINT('',(78.890664094005,96.008776504155,
    342.80502096054));
#2666 = CARTESIAN_POINT('',(74.905305274736,95.905128188396,
    347.72447799335));
#2667 = CARTESIAN_POINT('',(70.796303577077,95.548817124799,
    352.4541065541));
#2668 = CARTESIAN_POINT('',(62.409805032635,97.088472798451,
    356.45250812877));
#2669 = CARTESIAN_POINT('',(64.656960544943,92.056674686095,
    361.06960006234));
#2670 = CARTESIAN_POINT('',(64.054837040152,87.821926765908,
    365.92500791642));
#2671 = CARTESIAN_POINT('',(64.216175547007,82.349384103543,
    370.95476550447));
#2672 = CARTESIAN_POINT('',(64.172945024379,76.143101461623,
    376.00005202652));
#2673 = CARTESIAN_POINT('',(64.184528608034,69.05189859698,
    380.92078565031));
#2674 = CARTESIAN_POINT('',(64.181424796044,61.129791894136,
    385.56960419043));
#2675 = CARTESIAN_POINT('',(64.182256460349,52.408517730551,
    389.80412376068));
#2676 = CARTESIAN_POINT('',(64.182033615117,42.959841662588,
    393.48955994381));
#2677 = CARTESIAN_POINT('',(64.18209333174,32.878347998501,
    396.50422130959));
#2678 = CARTESIAN_POINT('',(64.182077310481,22.283625976439,
    398.74414192465));
#2679 = CARTESIAN_POINT('',(64.182081678892,11.315388671068,
    400.12744466887));
#2680 = CARTESIAN_POINT('',(64.182080710635,3.857755135177,
    400.44108170102));
#2681 = CARTESIAN_POINT('',(64.18208070876,0.12,400.44107869709));
#2682 = CARTESIAN_POINT('',(69.442081458827,106.46697750258,
    267.03707768734));
#2683 = CARTESIAN_POINT('',(69.442081455009,106.46444929636,
    267.03351065135));
#2684 = CARTESIAN_POINT('',(69.442081528843,106.48027698893,
    267.07674977229));
#2685 = CARTESIAN_POINT('',(69.442081219499,106.56233336587,
    267.28316069258));
#2686 = CARTESIAN_POINT('',(69.442082346125,106.69767957335,
    267.62177310958));
#2687 = CARTESIAN_POINT('',(69.442078148964,106.88078004587,
    268.08339587076));
#2688 = CARTESIAN_POINT('',(69.44209381098,107.10570495693,
    268.65892945398));
#2689 = CARTESIAN_POINT('',(69.442035360077,107.36638436226,
    269.33935978621));
#2690 = CARTESIAN_POINT('',(69.442253501673,107.65630254428,
    270.11553784703));
#2691 = CARTESIAN_POINT('',(69.441439386193,107.97022813638,
    270.9787840745));
#2692 = CARTESIAN_POINT('',(69.444477706516,108.2982977337,
    271.91844323696));
#2693 = CARTESIAN_POINT('',(69.433138540705,108.6485878847,
    272.93085198582));
#2694 = CARTESIAN_POINT('',(69.475456883625,108.96331851781,
    273.98574676526));
#2695 = CARTESIAN_POINT('',(69.317522677756,109.43198021042,
    275.15153982647));
#2696 = CARTESIAN_POINT('',(69.906941158311,109.3230714803,
    276.12772396525));
#2697 = CARTESIAN_POINT('',(67.707201441962,111.34440735164,
    277.9899338156));
#2698 = CARTESIAN_POINT('',(75.916741826803,105.37046607582,
    276.67728873392));
#2699 = CARTESIAN_POINT('',(79.909631880545,102.1210194054,
    276.84662677383));
#2700 = CARTESIAN_POINT('',(83.775969052429,99.49781646594,
    278.84757712713));
#2701 = CARTESIAN_POINT('',(86.578506918011,97.764740419037,
    281.42037139056));
#2702 = CARTESIAN_POINT('',(88.717322568486,96.701671672387,
    284.66063155253));
#2703 = CARTESIAN_POINT('',(90.226699081716,96.13277296789,
    288.22913003977));
#2704 = CARTESIAN_POINT('',(91.233430360509,95.888780189514,
    291.96694116764));
#2705 = CARTESIAN_POINT('',(91.835659785835,95.838325307142,
    295.75199694239));
#2706 = CARTESIAN_POINT('',(92.136685776823,95.876180042839,
    299.57148026389));
#2707 = CARTESIAN_POINT('',(92.236951595579,95.901736916754,
    303.43090346278));
#2708 = CARTESIAN_POINT('',(92.236957857596,95.814851102063,
    307.35068586481));
#2709 = CARTESIAN_POINT('',(92.236951595579,95.513918029313,
    311.34493095625));
#2710 = CARTESIAN_POINT('',(92.136685776822,95.07432070836,
    315.39942146134));
#2711 = CARTESIAN_POINT('',(91.835659785835,94.567643370952,
    319.51696084863));
#2712 = CARTESIAN_POINT('',(91.233430360509,94.054997918074,
    323.72003070575));
#2713 = CARTESIAN_POINT('',(90.226699081716,93.585831433366,
    328.04687612341));
#2714 = CARTESIAN_POINT('',(88.717322568486,93.174987858346,
    332.56090723688));
#2715 = CARTESIAN_POINT('',(86.578506918011,92.852288902346,
    337.31885045533));
#2716 = CARTESIAN_POINT('',(83.775969052429,92.284374344144,
    342.76438778163));
#2717 = CARTESIAN_POINT('',(79.909631880545,92.498244645546,
    347.3577821464));
#2718 = CARTESIAN_POINT('',(75.916741826803,92.27326144461,
    352.2221083592));
#2719 = CARTESIAN_POINT('',(67.707201441962,94.097460422204,
    356.7601708835));
#2720 = CARTESIAN_POINT('',(69.906941158311,88.961903836607,
    361.19023549227));
#2721 = CARTESIAN_POINT('',(69.317522677756,84.778753270827,
    365.98290756842));
#2722 = CARTESIAN_POINT('',(69.475456883627,79.375296577362,
    370.85868539474));
#2723 = CARTESIAN_POINT('',(69.433138540699,73.299509155031,
    375.73049482854));
#2724 = CARTESIAN_POINT('',(69.44447770654,66.393568065609,
    380.4542425395));
#2725 = CARTESIAN_POINT('',(69.441439386105,58.715683693198,
    384.89961219774));
#2726 = CARTESIAN_POINT('',(69.442253502004,50.29553495728,
    388.93576432406));
#2727 = CARTESIAN_POINT('',(69.442035358842,41.200790081128,
    392.4403353995));
#2728 = CARTESIAN_POINT('',(69.44209381559,31.518702683298,
    395.30241612711));
#2729 = CARTESIAN_POINT('',(69.44207813176,21.358866341843,
    397.42704963635));
#2730 = CARTESIAN_POINT('',(69.442082410332,10.848736189765,
    398.73889414384));
#2731 = CARTESIAN_POINT('',(69.442081456694,3.702772966799,
    399.03654394343));
#2732 = CARTESIAN_POINT('',(69.442081458827,0.12,399.03654157657));
#2733 = CARTESIAN_POINT('',(74.763791005351,100.68814351286,
    263.02069498622));
#2734 = CARTESIAN_POINT('',(74.763791009263,100.69757887228,
    263.03400732481));
#2735 = CARTESIAN_POINT('',(74.763791069695,100.74384947496,
    263.11756574038));
#2736 = CARTESIAN_POINT('',(74.763790774282,100.889363066,
    263.40289055176));
#2737 = CARTESIAN_POINT('',(74.763791865284,101.10403651871,
    263.83767283816));
#2738 = CARTESIAN_POINT('',(74.763787796691,101.38029174554,
    264.4115848887));
#2739 = CARTESIAN_POINT('',(74.763802980061,101.71007411698,
    265.11440743555));
#2740 = CARTESIAN_POINT('',(74.763746315173,102.08516175249,
    265.93601178014));
#2741 = CARTESIAN_POINT('',(74.763957791355,102.49683673916,
    266.86608241379));
#2742 = CARTESIAN_POINT('',(74.763168551514,102.93786991792,
    267.89484440779));
#2743 = CARTESIAN_POINT('',(74.766114034698,103.39580943533,
    269.0100814239));
#2744 = CARTESIAN_POINT('',(74.755121341804,103.87866240078,
    270.20804198484));
#2745 = CARTESIAN_POINT('',(74.796146630195,104.31962263105,
    271.45256069462));
#2746 = CARTESIAN_POINT('',(74.643038169525,104.93314267101,
    272.82749110016));
#2747 = CARTESIAN_POINT('',(75.214446723811,104.88650290361,
    273.96773602285));
#2748 = CARTESIAN_POINT('',(73.081920967337,107.25796614442,
    276.18263302784));
#2749 = CARTESIAN_POINT('',(81.040615438949,100.533008649,
    274.53137479302));
#2750 = CARTESIAN_POINT('',(84.889227362743,97.564685522865,
    276.03353885191));
#2751 = CARTESIAN_POINT('',(88.610971590067,94.898514095941,
    278.1266224852));
#2752 = CARTESIAN_POINT('',(91.300576995787,93.42775456705,
    281.48016620343));
#2753 = CARTESIAN_POINT('',(93.350089817313,92.518165309873,
    285.20758090019));
#2754 = CARTESIAN_POINT('',(94.79433993666,92.041238394663,
    289.10655685748));
#2755 = CARTESIAN_POINT('',(95.756789251116,91.827947924594,
    292.99751638365));
#2756 = CARTESIAN_POINT('',(96.332179259831,91.781739724119,
    296.8340467864));
#2757 = CARTESIAN_POINT('',(96.619700898144,91.808927206455,
    300.61813935232));
#2758 = CARTESIAN_POINT('',(96.715455907974,91.821041209845,
    304.38143585949));
#2759 = CARTESIAN_POINT('',(96.715462090331,91.726147307112,
    308.16148958345));
#2760 = CARTESIAN_POINT('',(96.715455907974,91.427935578356,
    311.98678009423));
#2761 = CARTESIAN_POINT('',(96.619700898144,91.00627384888,
    315.84450561661));
#2762 = CARTESIAN_POINT('',(96.332179259831,90.536491292093,
    319.74258366627));
#2763 = CARTESIAN_POINT('',(95.756789251116,90.084414019681,
    323.70916349031));
#2764 = CARTESIAN_POINT('',(94.79433993666,89.699420845048,
    327.79514141393));
#2765 = CARTESIAN_POINT('',(93.350089817313,89.404493583131,
    332.06433488252));
#2766 = CARTESIAN_POINT('',(91.300576995787,89.19268620845,
    336.61030823177));
#2767 = CARTESIAN_POINT('',(88.610971590067,89.103982320611,
    341.31848003096));
#2768 = CARTESIAN_POINT('',(84.889227362743,88.87871821152,
    346.87966144751));
#2769 = CARTESIAN_POINT('',(81.040615438949,88.586202758544,
    351.92912942518));
#2770 = CARTESIAN_POINT('',(73.081920967337,90.819744592637,
    356.65132717065));
#2771 = CARTESIAN_POINT('',(75.214446723811,85.54823916505,
    360.97818081011));
#2772 = CARTESIAN_POINT('',(74.643038169525,81.432128187539,
    365.66647553683));
#2773 = CARTESIAN_POINT('',(74.796146630196,76.106459076453,
    370.37426417093));
#2774 = CARTESIAN_POINT('',(74.755121341798,70.177934033431,
    375.04700426019));
#2775 = CARTESIAN_POINT('',(74.76611403472,63.478147114853,
    379.5489143792));
#2776 = CARTESIAN_POINT('',(74.763168551429,56.070390085566,
    383.76520314309));
#2777 = CARTESIAN_POINT('',(74.763957791671,47.981701138339,
    387.57868563869));
#2778 = CARTESIAN_POINT('',(74.763746313995,39.275304319784,
    390.88043736725));
#2779 = CARTESIAN_POINT('',(74.763802984455,30.030572766882,
    393.57148610492));
#2780 = CARTESIAN_POINT('',(74.763787780293,20.346484453589,
    395.56681333074));
#2781 = CARTESIAN_POINT('',(74.763791926481,10.33752281885,
    396.79838229471));
#2782 = CARTESIAN_POINT('',(74.763791006087,3.532876333209,
    397.07801015333));
#2783 = CARTESIAN_POINT('',(74.763791005351,0.12,397.07800833871));
#2784 = CARTESIAN_POINT('',(80.14427327114,94.7296167896,260.11537186284
    ));
#2785 = CARTESIAN_POINT('',(80.144273264174,94.694403474929,
    260.06568940495));
#2786 = CARTESIAN_POINT('',(80.144273337871,94.669941369319,
    260.04512315368));
#2787 = CARTESIAN_POINT('',(80.14427304803,94.760673163619,
    260.23266810698));
#2788 = CARTESIAN_POINT('',(80.14427409685,94.966559833923,
    260.62144552138));
#2789 = CARTESIAN_POINT('',(80.14427019141,95.2740442004,261.19487999125
    ));
#2790 = CARTESIAN_POINT('',(80.14428476435,95.668677511568,
    261.93673888847));
#2791 = CARTESIAN_POINT('',(80.144230378029,96.135659317555,
    262.83096513849));
#2792 = CARTESIAN_POINT('',(80.144433350373,96.659680431572,
    263.86131347289));
#2793 = CARTESIAN_POINT('',(80.143675847318,97.22719206328,
    265.01184947696));
#2794 = CARTESIAN_POINT('',(80.146502887196,97.819462929107,
    266.26437068433));
#2795 = CARTESIAN_POINT('',(80.135952230737,98.439859333659,
    267.60746734114));
#2796 = CARTESIAN_POINT('',(80.175327816694,99.013245215749,
    269.00229837209));
#2797 = CARTESIAN_POINT('',(80.028376129327,99.762472710182,
    270.5100602364));
#2798 = CARTESIAN_POINT('',(80.576807292836,99.80417366544,
    271.81615282288));
#2799 = CARTESIAN_POINT('',(78.530034326167,102.39002696153,
    274.00603239101));
#2800 = CARTESIAN_POINT('',(86.168695029334,95.346577831487,
    272.93776646897));
#2801 = CARTESIAN_POINT('',(89.847040414431,92.537083357313,
    274.9539305281));
#2802 = CARTESIAN_POINT('',(93.400708922182,90.323103924529,
    278.26411839399));
#2803 = CARTESIAN_POINT('',(95.963155305117,89.095623480178,
    282.24377815681));
#2804 = CARTESIAN_POINT('',(97.913580302044,88.352379338584,
    286.41031454816));
#2805 = CARTESIAN_POINT('',(99.286522989414,87.950845455362,
    290.50592294886));
#2806 = CARTESIAN_POINT('',(100.20085801388,87.762577090723,
    294.44932120837));
#2807 = CARTESIAN_POINT('',(100.74723648678,87.702446266256,
    298.26076459612));
#2808 = CARTESIAN_POINT('',(101.02019852405,87.700660471032,
    301.95978346872));
#2809 = CARTESIAN_POINT('',(101.11109563917,87.684160620444,
    305.59359124288));
#2810 = CARTESIAN_POINT('',(101.11110165066,87.568839548204,
    309.21059023232));
#2811 = CARTESIAN_POINT('',(101.11109563917,87.263519698963,
    312.84858305598));
#2812 = CARTESIAN_POINT('',(101.02019852405,86.850460901954,
    316.49701234685));
#2813 = CARTESIAN_POINT('',(100.74723648678,86.406608303561,
    320.16596006672));
#2814 = CARTESIAN_POINT('',(100.20085801388,85.995145752403,
    323.88610731571));
#2815 = CARTESIAN_POINT('',(99.286522989414,85.661555478405,
    327.71313205506));
#2816 = CARTESIAN_POINT('',(97.913580302044,85.444222476877,
    331.70544387521));
#2817 = CARTESIAN_POINT('',(95.963155305117,85.373997146067,
    335.94027779573));
#2818 = CARTESIAN_POINT('',(93.400708922182,85.330282571604,
    340.56756116381));
#2819 = CARTESIAN_POINT('',(89.847040414431,85.592841078408,
    345.42815840027));
#2820 = CARTESIAN_POINT('',(86.168695029334,84.998822873314,
    351.04917252025));
#2821 = CARTESIAN_POINT('',(78.530034326167,86.984371052,356.48322911974
    ));
#2822 = CARTESIAN_POINT('',(80.576807292836,81.75813961988,
    360.53383727103));
#2823 = CARTESIAN_POINT('',(80.028376129327,77.672017534634,
    365.12722797511));
#2824 = CARTESIAN_POINT('',(80.175327816695,72.452739284171,
    369.62394805073));
#2825 = CARTESIAN_POINT('',(80.135952230732,66.690060215535,
    374.06660682821));
#2826 = CARTESIAN_POINT('',(80.146502887217,60.225376368583,
    378.31204424569));
#2827 = CARTESIAN_POINT('',(80.14367584724,53.121460195744,382.266777113
    ));
#2828 = CARTESIAN_POINT('',(80.144433350662,45.403869940724,
    385.82723206553));
#2829 = CARTESIAN_POINT('',(80.144230376952,37.130570649983,
    388.89935008509));
#2830 = CARTESIAN_POINT('',(80.14428476837,28.372631866742,
    391.39702393275));
#2831 = CARTESIAN_POINT('',(80.144270176407,19.217763612053,
    393.2461198978));
#2832 = CARTESIAN_POINT('',(80.14427415284,9.766763665474,
    394.38672101801));
#2833 = CARTESIAN_POINT('',(80.144273276995,3.342958319418,
    394.64582510842));
#2834 = CARTESIAN_POINT('',(80.14427327114,0.12,394.64582382508));
#2835 = CARTESIAN_POINT('',(85.579834400177,82.390429484545,
    249.50923140009));
#2836 = CARTESIAN_POINT('',(85.579834398421,82.558662531266,
    249.75617160166));
#2837 = CARTESIAN_POINT('',(85.57983446129,82.931573774992,
    250.29133238332));
#2838 = CARTESIAN_POINT('',(85.579834188913,83.58927204619,
    251.21623196932));
#2839 = CARTESIAN_POINT('',(85.57983518412,84.334117398356,
    252.26166886236));
#2840 = CARTESIAN_POINT('',(85.579831475668,85.154791793152,
    253.42598874531));
#2841 = CARTESIAN_POINT('',(85.579845314267,86.039845984361,
    254.70740694422));
#2842 = CARTESIAN_POINT('',(85.579793668323,86.977896531465,
    256.10397574845));
#2843 = CARTESIAN_POINT('',(85.5799864135,87.95713429081,257.61334366559
    ));
#2844 = CARTESIAN_POINT('',(85.579267078736,88.96743767441,
    259.23332970503));
#2845 = CARTESIAN_POINT('',(85.581951672616,89.992799790599,
    260.95949387859));
#2846 = CARTESIAN_POINT('',(85.571932631862,91.039938441314,
    262.79395813372));
#2847 = CARTESIAN_POINT('',(85.609324200998,92.031902089976,
    264.71228251618));
#2848 = CARTESIAN_POINT('',(85.469776965207,93.205547812833,
    266.78692654317));
#2849 = CARTESIAN_POINT('',(85.990574339234,93.628570740212,
    268.72637472958));
#2850 = CARTESIAN_POINT('',(84.046932078917,96.734486782354,
    271.5950841862));
#2851 = CARTESIAN_POINT('',(91.300703746157,89.66627691739,
    271.39454706778));
#2852 = CARTESIAN_POINT('',(94.783644663576,87.641582288434,
    275.06967925503));
#2853 = CARTESIAN_POINT('',(98.14630160938,85.818135275171,
    279.19297932425));
#2854 = CARTESIAN_POINT('',(100.56729975128,84.896064105083,
    283.64688417705));
#2855 = CARTESIAN_POINT('',(102.40862776429,84.230431538518,
    288.03896229243));
#2856 = CARTESIAN_POINT('',(103.70380468463,83.816901595156,
    292.35223239526));
#2857 = CARTESIAN_POINT('',(104.56596037101,83.563050221343,
    296.46392356834));
#2858 = CARTESIAN_POINT('',(105.08099616581,83.421141982347,
    300.28260088187));
#2859 = CARTESIAN_POINT('',(105.33825884741,83.345775810911,
    303.89361992372));
#2860 = CARTESIAN_POINT('',(105.42392211118,83.270634671261,
    307.36618927959));
#2861 = CARTESIAN_POINT('',(105.42392787022,83.115945710296,
    310.77751675572));
#2862 = CARTESIAN_POINT('',(105.42392211118,82.789880437273,
    314.18622476172));
#2863 = CARTESIAN_POINT('',(105.33825884741,82.382625829546,
    317.5760151461));
#2864 = CARTESIAN_POINT('',(105.08099616581,81.979150443783,
    320.95535885873));
#2865 = CARTESIAN_POINT('',(104.56596037101,81.649857099625,
    324.35957987188));
#2866 = CARTESIAN_POINT('',(103.70380468463,81.44763292746,
    327.83697033431));
#2867 = CARTESIAN_POINT('',(102.40862776429,81.370066683683,
    331.5029488933));
#2868 = CARTESIAN_POINT('',(100.56729975128,81.396924173717,
    335.45093569503));
#2869 = CARTESIAN_POINT('',(98.14630160938,81.46223237202,339.7256788519
    ));
#2870 = CARTESIAN_POINT('',(94.783644663576,81.740899664785,
    344.50808438663));
#2871 = CARTESIAN_POINT('',(91.300703746157,81.644182506027,
    349.43775504845));
#2872 = CARTESIAN_POINT('',(84.046932078917,83.115570591221,
    355.72759958296));
#2873 = CARTESIAN_POINT('',(85.990574339234,78.05303758895,
    359.46720534435));
#2874 = CARTESIAN_POINT('',(85.469776965207,74.006362355058,
    363.99173638655));
#2875 = CARTESIAN_POINT('',(85.609324200999,68.924520627858,
    368.2981010199));
#2876 = CARTESIAN_POINT('',(85.571932631856,63.343679111479,
    372.54141970867));
#2877 = CARTESIAN_POINT('',(85.581951672637,57.123488473295,
    376.56433179783));
#2878 = CARTESIAN_POINT('',(85.579267078656,50.323087975451,
    380.29353625562));
#2879 = CARTESIAN_POINT('',(85.579986413799,42.967227296427,
    383.63631204037));
#2880 = CARTESIAN_POINT('',(85.57979366721,35.10905970785,
    386.51121139325));
#2881 = CARTESIAN_POINT('',(85.579845318423,26.812677777494,
    388.84286412959));
#2882 = CARTESIAN_POINT('',(85.579831460157,18.156384665909,
    390.56631776866));
#2883 = CARTESIAN_POINT('',(85.579835242008,9.229654400283,
    391.62859519293));
#2884 = CARTESIAN_POINT('',(85.579834395917,3.163986120833,
    391.8699496264));
#2885 = CARTESIAN_POINT('',(85.579834400177,0.12,391.86994869431));
#2886 = CARTESIAN_POINT('',(91.066983582669,64.427427160307,
    238.66665018013));
#2887 = CARTESIAN_POINT('',(91.066983585388,65.004204310753,
    239.16356767274));
#2888 = CARTESIAN_POINT('',(91.066983638005,66.169127628307,
    240.18338594673));
#2889 = CARTESIAN_POINT('',(91.066983384918,67.944522367731,
    241.79575832855));
#2890 = CARTESIAN_POINT('',(91.06698431834,69.741465535626,
    243.49527386388));
#2891 = CARTESIAN_POINT('',(91.066980837737,71.553125776522,
    245.28621413253));
#2892 = CARTESIAN_POINT('',(91.066993826727,73.372253069798,
    247.17261683306));
#2893 = CARTESIAN_POINT('',(91.066945351371,75.191306197548,
    249.15825975235));
#2894 = CARTESIAN_POINT('',(91.067126263805,77.001937065158,
    251.24658539718));
#2895 = CARTESIAN_POINT('',(91.066451089425,78.796892772527,
    253.44083380267));
#2896 = CARTESIAN_POINT('',(91.068970874512,80.56291305177,
    255.74338795463));
#2897 = CARTESIAN_POINT('',(91.059566908543,82.307252974416,
    258.15805028447));
#2898 = CARTESIAN_POINT('',(91.09466298733,83.958734338127,
    260.68137542199));
#2899 = CARTESIAN_POINT('',(90.963682638152,85.737082293913,
    263.33484314133));
#2900 = CARTESIAN_POINT('',(91.452507956077,86.774617245619,
    266.04461335305));
#2901 = CARTESIAN_POINT('',(89.628187033555,90.260264727753,
    269.09011421266));
#2902 = CARTESIAN_POINT('',(96.43664540572,84.24196163417,
    271.42971929112));
#2903 = CARTESIAN_POINT('',(99.700250134929,82.916343610334,
    276.01774306976));
#2904 = CARTESIAN_POINT('',(102.84991967672,81.475562295444,
    280.71630674606));
#2905 = CARTESIAN_POINT('',(105.11553037477,80.664559580623,
    285.8992614222));
#2906 = CARTESIAN_POINT('',(106.83788677582,79.987952530841,
    290.82177954644));
#2907 = CARTESIAN_POINT('',(108.04884496912,79.407242127651,
    294.98510062862));
#2908 = CARTESIAN_POINT('',(108.8547239642,78.987599445354,
    298.56814166786));
#2909 = CARTESIAN_POINT('',(109.33605173149,78.759296513727,
    302.04753631867));
#2910 = CARTESIAN_POINT('',(109.57645443558,78.633555811765,
    305.38517616375));
#2911 = CARTESIAN_POINT('',(109.65650039743,78.533861893372,
    308.65772532168));
#2912 = CARTESIAN_POINT('',(109.65650583058,78.369158687795,
    311.89428727305));
#2913 = CARTESIAN_POINT('',(109.65650039743,78.046971100562,
    315.12251021552));
#2914 = CARTESIAN_POINT('',(109.57645443558,77.655851408059,
    318.35188328199));
#2915 = CARTESIAN_POINT('',(109.33605173149,77.27530117404,
    321.60372687115));
#2916 = CARTESIAN_POINT('',(108.8547239642,76.978095461121,
    324.89298643175));
#2917 = CARTESIAN_POINT('',(108.04884496912,76.807162089594,
    328.28639232431));
#2918 = CARTESIAN_POINT('',(106.83788677582,76.842761534651,
    331.68819582765));
#2919 = CARTESIAN_POINT('',(105.11553037477,77.099566124552,
    335.2163822799));
#2920 = CARTESIAN_POINT('',(102.84991967672,77.42860935605,
    339.09002671684));
#2921 = CARTESIAN_POINT('',(99.700250134929,77.820244468503,
    343.49808505297));
#2922 = CARTESIAN_POINT('',(96.436645405721,77.703473918723,
    348.2762849236));
#2923 = CARTESIAN_POINT('',(89.628187033554,79.493505767861,
    354.13787215532));
#2924 = CARTESIAN_POINT('',(91.452507956077,74.436869131369,
    357.91061075748));
#2925 = CARTESIAN_POINT('',(90.963682638152,70.527115419252,
    362.29273003542));
#2926 = CARTESIAN_POINT('',(91.094662987331,65.599623366881,
    366.46259338959));
#2927 = CARTESIAN_POINT('',(91.059566908538,60.225165116436,
    370.53827316037));
#2928 = CARTESIAN_POINT('',(91.068970874531,54.256676178512,
    374.38445568232));
#2929 = CARTESIAN_POINT('',(91.066451089354,47.755672440628,
    377.93428227274));
#2930 = CARTESIAN_POINT('',(91.067126264067,40.744609824008,
    381.10549974848));
#2931 = CARTESIAN_POINT('',(91.066945350392,33.273243429625,
    383.82546008335));
#2932 = CARTESIAN_POINT('',(91.066993830381,25.400229695865,
    386.02699382968));
#2933 = CARTESIAN_POINT('',(91.0669808241,17.196815753572,
    387.65201358202));
#2934 = CARTESIAN_POINT('',(91.066984369236,8.743998166073,
    388.65285594036));
#2935 = CARTESIAN_POINT('',(91.066983586393,3.001945335302,
    388.88023458992));
#2936 = CARTESIAN_POINT('',(91.066983582669,0.12,388.88023386446));
#2937 = CARTESIAN_POINT('',(96.602175602754,42.547340500141,
    231.4720393701));
#2938 = CARTESIAN_POINT('',(96.602175593159,43.726613922482,
    232.05459800628));
#2939 = CARTESIAN_POINT('',(96.602175659636,46.062192776842,
    233.26255379598));
#2940 = CARTESIAN_POINT('',(96.602175418057,49.491137427347,
    235.20352843308));
#2941 = CARTESIAN_POINT('',(96.602176284658,52.839788688119,
    237.27379908635));
#2942 = CARTESIAN_POINT('',(96.602173059833,56.101975692642,
    239.47332675368));
#2943 = CARTESIAN_POINT('',(96.602185092531,59.271229922137,
    241.80176772187));
#2944 = CARTESIAN_POINT('',(96.602140186565,62.340934251587,
    244.25844909727));
#2945 = CARTESIAN_POINT('',(96.602307777732,65.303909089047,
    246.84241663095));
#2946 = CARTESIAN_POINT('',(96.601682319029,68.154073837934,
    249.55222709925));
#2947 = CARTESIAN_POINT('',(96.604016562672,70.880337373539,
    252.38669966551));
#2948 = CARTESIAN_POINT('',(96.595305046805,73.489465310694,
    255.34208617615));
#2949 = CARTESIAN_POINT('',(96.627816866629,75.920782461908,
    258.42259692177));
#2950 = CARTESIAN_POINT('',(96.506481103202,78.364534383584,
    261.60106785788));
#2951 = CARTESIAN_POINT('',(96.959312337086,80.073760917651,
    264.96568249971));
#2952 = CARTESIAN_POINT('',(95.269323164975,83.798454213113,
    268.17230526372));
#2953 = CARTESIAN_POINT('',(101.57644861953,79.237066966263,
    272.48828360764));
#2954 = CARTESIAN_POINT('',(104.59789633123,78.340744245271,
    277.86943344439));
#2955 = CARTESIAN_POINT('',(107.51345194611,77.211152046011,
    283.93532626235));
#2956 = CARTESIAN_POINT('',(109.60997543812,75.971942625422,
    288.23604913619));
#2957 = CARTESIAN_POINT('',(111.2035240184,75.032225320216,
    292.31812377265));
#2958 = CARTESIAN_POINT('',(112.323740158,74.367395249577,
    296.08697652333));
#2959 = CARTESIAN_POINT('',(113.06915910181,73.949056355595,
    299.68270780544));
#2960 = CARTESIAN_POINT('',(113.51434584068,73.705679077832,
    303.04568079831));
#2961 = CARTESIAN_POINT('',(113.73669002615,73.577504828215,
    306.27386890837));
#2962 = CARTESIAN_POINT('',(113.81072201369,73.483023952645,
    309.41385178775));
#2963 = CARTESIAN_POINT('',(113.81072705602,73.333995700407,
    312.51420936137));
#2964 = CARTESIAN_POINT('',(113.81072201369,73.036499793307,
    315.60762731015));
#2965 = CARTESIAN_POINT('',(113.73669002615,72.680899377074,
    318.69746951326));
#2966 = CARTESIAN_POINT('',(113.51434584068,72.350859381325,
    321.79877410211));
#2967 = CARTESIAN_POINT('',(113.06915910181,72.117582837763,
    324.94044339404));
#2968 = CARTESIAN_POINT('',(112.323740158,72.04217479507,328.14895133516
    ));
#2969 = CARTESIAN_POINT('',(111.2035240184,72.14095014772,
    331.50637747958));
#2970 = CARTESIAN_POINT('',(109.60997543812,72.438007990283,
    335.04208189513));
#2971 = CARTESIAN_POINT('',(107.51345194611,72.85622403531,
    338.79103316507));
#2972 = CARTESIAN_POINT('',(104.59789633123,73.598109076361,
    342.73999747754));
#2973 = CARTESIAN_POINT('',(101.57644861953,73.715545803659,
    347.07369160019));
#2974 = CARTESIAN_POINT('',(95.269323164975,75.370839217978,
    352.70193400101));
#2975 = CARTESIAN_POINT('',(96.959312337086,70.492122522195,
    356.39142922454));
#2976 = CARTESIAN_POINT('',(96.506481103201,66.72341306634,
    360.61082085212));
#2977 = CARTESIAN_POINT('',(96.62781686663,61.998474519713,
    364.60950830046));
#2978 = CARTESIAN_POINT('',(96.5953050468,56.865253248472,
    368.49669286076));
#2979 = CARTESIAN_POINT('',(96.604016562689,51.184799533125,
    372.15004023937));
#2980 = CARTESIAN_POINT('',(96.601682318964,45.01664436088,
    375.50998841071));
#2981 = CARTESIAN_POINT('',(96.602307777977,38.381974951585,
    378.50295693319));
#2982 = CARTESIAN_POINT('',(96.60214018565,31.327017925485,
    381.06410081711));
#2983 = CARTESIAN_POINT('',(96.602185095944,23.905472034107,
    383.13341502767));
#2984 = CARTESIAN_POINT('',(96.602173047097,16.182120942627,
    384.6589109029));
#2985 = CARTESIAN_POINT('',(96.60217633219,8.230269154265,385.5977359685
    ));
#2986 = CARTESIAN_POINT('',(96.602175604506,2.830364986235,
    385.81097152923));
#2987 = CARTESIAN_POINT('',(96.602175602754,0.12,385.81097097062));
#2988 = CARTESIAN_POINT('',(102.18187982262,20.444875992033,
    228.90539072442));
#2989 = CARTESIAN_POINT('',(102.18187982277,22.271959563414,
    229.36973170517));
#2990 = CARTESIAN_POINT('',(102.18187987039,25.875778852676,
    230.39213395742));
#2991 = CARTESIAN_POINT('',(102.18187965523,31.114234139315,
    232.19288999814));
#2992 = CARTESIAN_POINT('',(102.18188044445,36.170511722309,
    234.24646244871));
#2993 = CARTESIAN_POINT('',(102.18187750272,41.030947665882,
    236.53822985974));
#2994 = CARTESIAN_POINT('',(102.18188848042,45.683020164297,
    239.05331619089));
#2995 = CARTESIAN_POINT('',(102.18184751135,50.115397364843,
    241.77654479945));
#2996 = CARTESIAN_POINT('',(102.18200040992,54.317536790256,
    244.69260946526));
#2997 = CARTESIAN_POINT('',(102.1814297847,58.28107308029,
    247.78539067826));
#2998 = CARTESIAN_POINT('',(102.183559387,61.994648824703,
    251.04045033607));
#2999 = CARTESIAN_POINT('',(102.17561160303,65.463330120659,
    254.43568279711));
#3000 = CARTESIAN_POINT('',(102.20527313662,68.63637385335,
    257.97621316554));
#3001 = CARTESIAN_POINT('',(102.09457478624,71.677117540368,
    261.56423248253));
#3002 = CARTESIAN_POINT('',(102.50770665416,73.956115673727,
    265.4849453173));
#3003 = CARTESIAN_POINT('',(100.96587753285,77.80922600256,
    268.59325615103));
#3004 = CARTESIAN_POINT('',(106.72006215017,74.512675814334,
    275.08152395194));
#3005 = CARTESIAN_POINT('',(109.47766844648,73.587044786648,
    280.90511413805));
#3006 = CARTESIAN_POINT('',(112.13886258761,71.877659097044,
    285.5374048648));
#3007 = CARTESIAN_POINT('',(114.05286818045,70.723565072643,
    290.06682790725));
#3008 = CARTESIAN_POINT('',(115.50783690357,69.74347939596,
    294.09026062222));
#3009 = CARTESIAN_POINT('',(116.53073759103,69.045166004264,
    297.76009389548));
#3010 = CARTESIAN_POINT('',(117.21144150615,68.581649962285,
    301.13242457157));
#3011 = CARTESIAN_POINT('',(117.61799552561,68.315655730676,
    304.31724011845));
#3012 = CARTESIAN_POINT('',(117.82104930119,68.175080079487,
    307.36893262441));
#3013 = CARTESIAN_POINT('',(117.88865895494,68.079731548046,
    310.34299251134));
#3014 = CARTESIAN_POINT('',(117.88866354997,67.940324925857,
    313.28075745375));
#3015 = CARTESIAN_POINT('',(117.88865895494,67.66369780172,
    316.21169702705));
#3016 = CARTESIAN_POINT('',(117.82104930119,67.33965220223,
    319.1412891737));
#3017 = CARTESIAN_POINT('',(117.61799552561,67.051049516768,
    322.08721480144));
#3018 = CARTESIAN_POINT('',(117.21144150615,66.870656083564,
    325.07544520456));
#3019 = CARTESIAN_POINT('',(116.53073759103,66.856201004865,
    328.14449614408));
#3020 = CARTESIAN_POINT('',(115.50783690357,67.046532557888,
    331.32533391967));
#3021 = CARTESIAN_POINT('',(114.05286818045,67.461121943679,
    334.67602822205));
#3022 = CARTESIAN_POINT('',(112.13886258761,68.037863329186,
    338.23328150794));
#3023 = CARTESIAN_POINT('',(109.47766844648,68.829901508073,
    342.14474217358));
#3024 = CARTESIAN_POINT('',(106.72006215017,69.234848329374,
    346.18559585567));
#3025 = CARTESIAN_POINT('',(100.96587753285,71.141629716214,
    351.22662183727));
#3026 = CARTESIAN_POINT('',(102.50770665416,66.396286454514,
    354.88551519884));
#3027 = CARTESIAN_POINT('',(102.09457478624,62.835240825529,
    358.90366085742));
#3028 = CARTESIAN_POINT('',(102.20527313662,58.343795930033,
    362.73236262732));
#3029 = CARTESIAN_POINT('',(102.17561160303,53.484971848062,
    366.43415653451));
#3030 = CARTESIAN_POINT('',(102.18355938702,48.116657223185,
    369.90690060792));
#3031 = CARTESIAN_POINT('',(102.18142978464,42.298739263807,
    373.09338210052));
#3032 = CARTESIAN_POINT('',(102.18200041015,36.05035175234,
    375.92701042314));
#3033 = CARTESIAN_POINT('',(102.18184751051,29.414813007813,
    378.34831467328));
#3034 = CARTESIAN_POINT('',(102.18188848355,22.44167839226,
    380.30248427951));
#3035 = CARTESIAN_POINT('',(102.18187749104,15.190562061012,
    381.74192490475));
#3036 = CARTESIAN_POINT('',(102.18188048804,7.728693380072,
    382.62732687688));
#3037 = CARTESIAN_POINT('',(102.18187982438,2.662758060216,
    382.82838048764));
#3038 = CARTESIAN_POINT('',(102.18187982262,0.12,382.82838004573));
#3039 = CARTESIAN_POINT('',(107.80256169831,-5.32603415804,
    232.6690688476));
#3040 = CARTESIAN_POINT('',(107.8025616844,-2.79164686653,
    232.54464882841));
#3041 = CARTESIAN_POINT('',(107.80256174761,2.263066354642,
    232.51122640529));
#3042 = CARTESIAN_POINT('',(107.80256154662,9.725185129403,
    233.08651948293));
#3043 = CARTESIAN_POINT('',(107.80256225575,16.994456710704,
    234.25715303778));
#3044 = CARTESIAN_POINT('',(107.80255962024,24.004287423319,
    235.98468925415));
#3045 = CARTESIAN_POINT('',(107.80256945316,30.695492518178,
    238.22340787897));
#3046 = CARTESIAN_POINT('',(107.80253275696,37.01731752835,
    240.92144069364));
#3047 = CARTESIAN_POINT('',(107.80266970883,42.927741545541,
    244.02223779876));
#3048 = CARTESIAN_POINT('',(107.80215859758,48.395258280666,
    247.46514531564));
#3049 = CARTESIAN_POINT('',(107.80406609069,53.393942551053,
    251.18945425773));
#3050 = CARTESIAN_POINT('',(107.7969472295,57.922386470625,
    255.12545109039));
#3051 = CARTESIAN_POINT('',(107.82351518116,61.932420104719,
    259.23375109602));
#3052 = CARTESIAN_POINT('',(107.72436223572,65.593475849291,
    263.36404443864));
#3053 = CARTESIAN_POINT('',(108.09440606583,68.30338309348,
    267.78726772511));
#3054 = CARTESIAN_POINT('',(106.71338369082,72.376753414267,
    271.21386703397));
#3055 = CARTESIAN_POINT('',(111.86742936074,69.275712859998,
    278.19335954555));
#3056 = CARTESIAN_POINT('',(114.34063943171,67.920929741464,
    283.10503299034));
#3057 = CARTESIAN_POINT('',(116.72809558181,66.326980926263,
    287.98619598291));
#3058 = CARTESIAN_POINT('',(118.4464137125,65.051410041129,
    292.15038610325));
#3059 = CARTESIAN_POINT('',(119.75308781389,64.034876853678,
    295.93683254402));
#3060 = CARTESIAN_POINT('',(120.67204414105,63.308377931162,
    299.37575267458));
#3061 = CARTESIAN_POINT('',(121.283702577,62.832876818161,
    302.56282736647));
#3062 = CARTESIAN_POINT('',(121.64907109478,62.557184662024,
    305.55823413217));
#3063 = CARTESIAN_POINT('',(121.83156799474,62.412899736701,
    308.42797508757));
#3064 = CARTESIAN_POINT('',(121.89233485692,62.320561994131,
    311.22291033775));
#3065 = CARTESIAN_POINT('',(121.89233895661,62.193330754735,
    313.98398022405));
#3066 = CARTESIAN_POINT('',(121.89233485692,61.940426328777,
    316.73869680147));
#3067 = CARTESIAN_POINT('',(121.83156799474,61.649493103439,
    319.49305306702));
#3068 = CARTESIAN_POINT('',(121.64907109478,61.401842984168,
    322.26542906903));
#3069 = CARTESIAN_POINT('',(121.283702577,61.268965752456,
    325.08425134118));
#3070 = CARTESIAN_POINT('',(120.67204414105,61.31015554401,
    327.98644003938));
#3071 = CARTESIAN_POINT('',(119.75308781389,61.560931506292,
    331.01847185619));
#3072 = CARTESIAN_POINT('',(118.4464137125,62.048185710647,
    334.22971530455));
#3073 = CARTESIAN_POINT('',(116.72809558181,62.713675485341,
    337.65877805438));
#3074 = CARTESIAN_POINT('',(114.34063943171,63.664428692225,
    341.37682817549));
#3075 = CARTESIAN_POINT('',(111.86742936074,64.196501118328,
    345.30313462376));
#3076 = CARTESIAN_POINT('',(106.71338369082,66.348403507505,
    350.0205755186));
#3077 = CARTESIAN_POINT('',(108.09440606583,61.818745483212,
    353.52256374777));
#3078 = CARTESIAN_POINT('',(107.72436223572,58.523335560531,
    357.33600706403));
#3079 = CARTESIAN_POINT('',(107.82351518116,54.327593908598,
    360.97433176055));
#3080 = CARTESIAN_POINT('',(107.79694722949,49.800425589122,
    364.48825030573));
#3081 = CARTESIAN_POINT('',(107.80406609071,44.797775016002,
    367.78369189934));
#3082 = CARTESIAN_POINT('',(107.80215859753,39.378692518378,
    370.80616255697));
#3083 = CARTESIAN_POINT('',(107.80266970904,33.560153978144,
    373.49308898987));
#3084 = CARTESIAN_POINT('',(107.80253275618,27.382650721998,
    375.78841296216));
#3085 = CARTESIAN_POINT('',(107.80256945609,20.892105578839,
    377.64051882026));
#3086 = CARTESIAN_POINT('',(107.80255960932,14.143806528979,
    379.00456615192));
#3087 = CARTESIAN_POINT('',(107.80256229649,7.200044928504,
    379.8435074633));
#3088 = CARTESIAN_POINT('',(107.80256169521,2.486087937167,
    380.03400119169));
#3089 = CARTESIAN_POINT('',(107.80256169831,0.12,380.03400076105));
#3090 = CARTESIAN_POINT('',(113.46068773248,1.579260640125,
    238.61783784328));
#3091 = CARTESIAN_POINT('',(113.46068773308,3.681839196159,
    238.65117589116));
#3092 = CARTESIAN_POINT('',(113.4606877697,7.865419571518,
    238.88695795462));
#3093 = CARTESIAN_POINT('',(113.4606876013,14.02136100074,
    239.73035014613));
#3094 = CARTESIAN_POINT('',(113.46068821996,20.00667661964,
    241.03952821439));
#3095 = CARTESIAN_POINT('',(113.46068591374,25.774584615664,
    242.78484882214));
#3096 = CARTESIAN_POINT('',(113.46069451994,31.283413016134,
    244.93168849901));
#3097 = CARTESIAN_POINT('',(113.46066240135,36.497285678735,
    247.44119576246));
#3098 = CARTESIAN_POINT('',(113.46078226952,41.386190069389,
    250.27133215173));
#3099 = CARTESIAN_POINT('',(113.4603349154,45.927596892104,
    253.37705974752));
#3100 = CARTESIAN_POINT('',(113.46200446372,50.101535076996,
    256.71381574988));
#3101 = CARTESIAN_POINT('',(113.45577362458,53.909344383401,
    260.22869470232));
#3102 = CARTESIAN_POINT('',(113.47902743282,57.303349005798,
    263.8973644396));
#3103 = CARTESIAN_POINT('',(113.39224303902,60.448318428923,
    267.59005352341));
#3104 = CARTESIAN_POINT('',(113.71612680598,62.744091025524,
    271.57511343631));
#3105 = CARTESIAN_POINT('',(112.50737613194,66.471092845622,
    274.642706009));
#3106 = CARTESIAN_POINT('',(117.01849506115,63.18255838296,
    281.10983511565));
#3107 = CARTESIAN_POINT('',(119.18788551846,61.856891540194,
    285.92879075456));
#3108 = CARTESIAN_POINT('',(121.28310031905,60.192637523979,
    290.40501245575));
#3109 = CARTESIAN_POINT('',(122.79282468198,58.934627116812,
    294.34230687461));
#3110 = CARTESIAN_POINT('',(123.94154851793,57.915567152539,
    297.88575074437));
#3111 = CARTESIAN_POINT('',(124.74987752396,57.185652843473,
    301.09489746009));
#3112 = CARTESIAN_POINT('',(125.28808559031,56.703558909621,
    304.05292753418));
#3113 = CARTESIAN_POINT('',(125.60965537625,56.422879674259,
    306.83174145747));
#3114 = CARTESIAN_POINT('',(125.77029468845,56.276438623218,
    309.49226407188));
#3115 = CARTESIAN_POINT('',(125.82378631319,56.187693553488,
    312.08414156955));
#3116 = CARTESIAN_POINT('',(125.82378987794,56.072911663172,
    314.64549155702));
#3117 = CARTESIAN_POINT('',(125.82378631319,55.844872660043,
    317.20093133272));
#3118 = CARTESIAN_POINT('',(125.77029468845,55.587920511671,
    319.75786765441));
#3119 = CARTESIAN_POINT('',(125.60965537625,55.380452365755,
    322.33653368804));
#3120 = CARTESIAN_POINT('',(125.28808559031,55.291711099154,
    324.96708210865));
#3121 = CARTESIAN_POINT('',(124.74987752396,55.378967479478,
    327.68936664315));
#3122 = CARTESIAN_POINT('',(123.94154851793,55.678268111339,
    330.54768152349));
#3123 = CARTESIAN_POINT('',(122.79282468198,56.215423936776,
    333.59383205783));
#3124 = CARTESIAN_POINT('',(121.28310031905,56.93337297779,
    336.86066195862));
#3125 = CARTESIAN_POINT('',(119.18788551846,57.946113558448,
    340.44170557258));
#3126 = CARTESIAN_POINT('',(117.01849506114,58.598041316725,
    344.21204365617));
#3127 = CARTESIAN_POINT('',(112.50737613194,60.890203020926,
    348.76912084702));
#3128 = CARTESIAN_POINT('',(113.71612680598,56.655208703139,
    352.0313629635));
#3129 = CARTESIAN_POINT('',(113.39224303902,53.659214259968,
    355.62815039732));
#3130 = CARTESIAN_POINT('',(113.47902743282,49.808772999946,
    359.0498699631));
#3131 = CARTESIAN_POINT('',(113.45577362458,45.661941261953,
    362.35794360543));
#3132 = CARTESIAN_POINT('',(113.46200446374,41.07680936506,
    365.46000561926));
#3133 = CARTESIAN_POINT('',(113.46033491535,36.110109701729,
    368.30562879121));
#3134 = CARTESIAN_POINT('',(113.46078226973,30.776694358281,
    370.83552565692));
#3135 = CARTESIAN_POINT('',(113.46066240059,25.113887364103,
    372.99688368435));
#3136 = CARTESIAN_POINT('',(113.46069452279,19.16377467864,
    374.74099262474));
#3137 = CARTESIAN_POINT('',(113.46068590313,12.977111723222,
    376.02555943763));
#3138 = CARTESIAN_POINT('',(113.46068825954,6.611073899108,
    376.81563998114));
#3139 = CARTESIAN_POINT('',(113.46068772223,2.289259208894,
    376.9950418192));
#3140 = CARTESIAN_POINT('',(113.46068773248,0.12,376.99504140339));
#3141 = CARTESIAN_POINT('',(119.15272414737,-0.271008402461,
    244.86313483288));
#3142 = CARTESIAN_POINT('',(119.15272413962,1.673820439462,
    244.85420170694));
#3143 = CARTESIAN_POINT('',(119.15272418279,5.546406610293,
    245.00223043921));
#3144 = CARTESIAN_POINT('',(119.15272403497,11.250617041908,
    245.70509085993));
#3145 = CARTESIAN_POINT('',(119.15272456149,16.800100576031,
    246.86539007102));
#3146 = CARTESIAN_POINT('',(119.15272260324,22.149120168321,
    248.45387878671));
#3147 = CARTESIAN_POINT('',(119.15272990976,27.256965721003,
    250.4361883839));
#3148 = CARTESIAN_POINT('',(119.15270264192,32.088642445046,
    252.77361108774));
#3149 = CARTESIAN_POINT('',(119.1528044067,36.614961534526,
    255.42416229903));
#3150 = CARTESIAN_POINT('',(119.15242461548,40.814092285335,
    258.34282635877));
#3151 = CARTESIAN_POINT('',(119.15384201559,44.666892996533,
    261.48495586037));
#3152 = CARTESIAN_POINT('',(119.14855220634,48.174698798735,
    264.79787433213));
#3153 = CARTESIAN_POINT('',(119.16829404316,51.29257360457,
    268.25635365496));
#3154 = CARTESIAN_POINT('',(119.09461650516,54.17738339883,
    271.73408610416));
#3155 = CARTESIAN_POINT('',(119.36958482036,56.260341374745,
    275.48687432286));
#3156 = CARTESIAN_POINT('',(118.34338909754,59.706169496659,
    278.35242245959));
#3157 = CARTESIAN_POINT('',(122.17320367361,56.500763196409,
    284.47139299224));
#3158 = CARTESIAN_POINT('',(124.02048205927,55.137788828357,
    288.91794276789));
#3159 = CARTESIAN_POINT('',(125.80582474014,53.509606723493,
    293.10483706413));
#3160 = CARTESIAN_POINT('',(127.09431171706,52.259648188371,
    296.72869406982));
#3161 = CARTESIAN_POINT('',(128.07548826929,51.288372924382,
    299.96298272872));
#3162 = CARTESIAN_POINT('',(128.76645255031,50.608429565322,
    302.88122762295));
#3163 = CARTESIAN_POINT('',(129.22673063988,50.166420161929,
    305.57241050472));
#3164 = CARTESIAN_POINT('',(129.50182784352,49.911258426789,
    308.10253300174));
#3165 = CARTESIAN_POINT('',(129.6392745215,49.778995232273,
    310.52823781293));
#3166 = CARTESIAN_POINT('',(129.68504644527,49.699697317436,
    312.89364178729));
#3167 = CARTESIAN_POINT('',(129.68504944395,49.59822209561,
    315.23236777362));
#3168 = CARTESIAN_POINT('',(129.68504644527,49.3965918273,
    317.56570169677));
#3169 = CARTESIAN_POINT('',(129.63927452151,49.170232177209,
    319.90151903391));
#3170 = CARTESIAN_POINT('',(129.50182784351,48.989570524352,
    322.25935606063));
#3171 = CARTESIAN_POINT('',(129.22673063988,48.917938275128,
    324.66829362809));
#3172 = CARTESIAN_POINT('',(128.7664525503,49.010616049301,
    327.16743863511));
#3173 = CARTESIAN_POINT('',(128.07548826929,49.30784363624,
    329.80500621099));
#3174 = CARTESIAN_POINT('',(127.09431171706,49.849074303369,
    332.642240801));
#3175 = CARTESIAN_POINT('',(125.80582474013,50.608435089311,
    335.7412915473));
#3176 = CARTESIAN_POINT('',(124.02048205926,51.662330773773,
    339.1694788541));
#3177 = CARTESIAN_POINT('',(122.17320367362,52.390840762338,
    342.8006602215));
#3178 = CARTESIAN_POINT('',(118.34338909753,54.706730448613,
    347.24458802139));
#3179 = CARTESIAN_POINT('',(119.36958482037,50.836425054997,
    350.21621998086));
#3180 = CARTESIAN_POINT('',(119.09461650516,48.166178158809,
    353.57057682758));
#3181 = CARTESIAN_POINT('',(119.16829404316,44.70564731408,
    356.74285895942));
#3182 = CARTESIAN_POINT('',(119.14855220634,40.985579500177,
    359.8147036709));
#3183 = CARTESIAN_POINT('',(119.15384201559,36.870616485177,
    362.69381516978));
#3184 = CARTESIAN_POINT('',(119.15242461544,32.41382445882,
    365.33518299994));
#3185 = CARTESIAN_POINT('',(119.15280440681,27.627954999315,
    367.68333316376));
#3186 = CARTESIAN_POINT('',(119.15270264149,22.546649363733,
    369.6894003489));
#3187 = CARTESIAN_POINT('',(119.15272991139,17.207619941019,
    371.30816358845));
#3188 = CARTESIAN_POINT('',(119.15272259709,11.656405455453,
    372.50039759409));
#3189 = CARTESIAN_POINT('',(119.15272458442,5.944286739364,
    373.2336818671));
#3190 = CARTESIAN_POINT('',(119.15272416107,2.06642483812,373.4001863794
    ));
#3191 = CARTESIAN_POINT('',(119.15272414737,0.12,373.40018604469));
#3192 = CARTESIAN_POINT('',(124.87513724029,0.224772969719,
    252.44464976592));
#3193 = CARTESIAN_POINT('',(124.87513724225,1.900671131804,
    252.4470432688));
#3194 = CARTESIAN_POINT('',(124.87513726531,5.237024181226,
    252.59951156607));
#3195 = CARTESIAN_POINT('',(124.87513714995,10.149886848312,
    253.25614359123));
#3196 = CARTESIAN_POINT('',(124.87513757684,14.928632230646,
    254.31986849277));
#3197 = CARTESIAN_POINT('',(124.87513598462,19.534473565188,
    255.76469015424));
#3198 = CARTESIAN_POINT('',(124.87514192646,23.932878439252,
    257.56011360615));
#3199 = CARTESIAN_POINT('',(124.87511975136,28.094154092046,
    259.67182737236));
#3200 = CARTESIAN_POINT('',(124.87520251003,31.993496870158,
    262.0626451484));
#3201 = CARTESIAN_POINT('',(124.8748936502,35.612396541698,
    264.69268619667));
#3202 = CARTESIAN_POINT('',(124.87604633091,38.934341158716,
    267.52248966504));
#3203 = CARTESIAN_POINT('',(124.87174446802,41.961154450208,
    270.50515577657));
#3204 = CARTESIAN_POINT('',(124.88779923907,44.651723240172,
    273.61930771244));
#3205 = CARTESIAN_POINT('',(124.82788201773,47.149806377795,
    276.7494798171));
#3206 = CARTESIAN_POINT('',(125.05149613194,48.932474080857,
    280.13560564235));
#3207 = CARTESIAN_POINT('',(124.21695689645,51.986377425682,
    282.69821573602));
#3208 = CARTESIAN_POINT('',(127.33149972424,48.951596602108,
    288.29116265927));
#3209 = CARTESIAN_POINT('',(128.83950464215,47.763834907878,
    292.23758493543));
#3210 = CARTESIAN_POINT('',(130.29821717421,46.353588365298,
    295.93094991549));
#3211 = CARTESIAN_POINT('',(131.35308598708,45.331854707923,
    299.12034909377));
#3212 = CARTESIAN_POINT('',(132.15717699543,44.425383996108,
    302.04122970213));
#3213 = CARTESIAN_POINT('',(132.72398480905,43.738560343606,
    304.68240870268));
#3214 = CARTESIAN_POINT('',(133.10177867203,43.266635283283,
    307.10542488402));
#3215 = CARTESIAN_POINT('',(133.32766886879,42.98356045697,
    309.36887182409));
#3216 = CARTESIAN_POINT('',(133.44055355541,42.835629537055,
    311.529823482));
#3217 = CARTESIAN_POINT('',(133.47814930498,42.755739344857,
    313.63409870053));
#3218 = CARTESIAN_POINT('',(133.47815171486,42.668472713503,
    315.71532880039));
#3219 = CARTESIAN_POINT('',(133.47814930501,42.495080884843,
    317.7917595077));
#3220 = CARTESIAN_POINT('',(133.44055355538,42.312005393109,
    319.87419646959));
#3221 = CARTESIAN_POINT('',(133.32766886881,42.190167444742,
    321.9881026568));
#3222 = CARTESIAN_POINT('',(133.10177867203,42.190390908178,
    324.16960521024));
#3223 = CARTESIAN_POINT('',(132.72398480906,42.358223931839,
    326.46302397229));
#3224 = CARTESIAN_POINT('',(132.15717699544,42.710716128989,
    328.90983583192));
#3225 = CARTESIAN_POINT('',(131.35308598707,43.241595150431,
    331.54391771128));
#3226 = CARTESIAN_POINT('',(130.29821717424,43.842481624684,
    334.32587083722));
#3227 = CARTESIAN_POINT('',(128.83950464219,44.751633655736,
    337.44646201495));
#3228 = CARTESIAN_POINT('',(127.33149972421,45.395787135275,
    340.751539864));
#3229 = CARTESIAN_POINT('',(124.21695689649,47.631892203845,
    345.07213494235));
#3230 = CARTESIAN_POINT('',(125.05149613191,44.207122772045,
    347.67841392207));
#3231 = CARTESIAN_POINT('',(124.82788201772,41.901326652524,
    350.73346197955));
#3232 = CARTESIAN_POINT('',(124.88779923906,38.888102162243,
    353.5964061484));
#3233 = CARTESIAN_POINT('',(124.87174446801,35.654597316922,
    356.37592565364));
#3234 = CARTESIAN_POINT('',(124.87604633095,32.076237582357,
    358.97920527582));
#3235 = CARTESIAN_POINT('',(124.87489365019,28.201005660001,
    361.36803474302));
#3236 = CARTESIAN_POINT('',(124.87520251017,24.039495861284,
    363.49156789982));
#3237 = CARTESIAN_POINT('',(124.87511975092,19.621094073911,
    365.30578574858));
#3238 = CARTESIAN_POINT('',(124.87514192804,14.97856012157,
    366.7697379158));
#3239 = CARTESIAN_POINT('',(124.87513597885,10.151505477444,
    367.84795824716));
#3240 = CARTESIAN_POINT('',(124.87513759848,5.184523769615,
    368.51111940237));
#3241 = CARTESIAN_POINT('',(124.87513724562,1.812518827254,
    368.66170160563));
#3242 = CARTESIAN_POINT('',(124.87513724029,0.12,368.66170125801));
#3243 = CARTESIAN_POINT('',(130.62439328871,9.19165235861E-02,
    260.73596424534));
#3244 = CARTESIAN_POINT('',(130.62439329084,1.497562368747,
    260.73532252022));
#3245 = CARTESIAN_POINT('',(130.62439330729,4.296093417368,
    260.86472888562));
#3246 = CARTESIAN_POINT('',(130.62439321993,8.41739147278,261.4375588575
    ));
#3247 = CARTESIAN_POINT('',(130.62439354459,12.426406102149,
    262.37067653213));
#3248 = CARTESIAN_POINT('',(130.62439233336,16.290440949072,
    263.64106570466));
#3249 = CARTESIAN_POINT('',(130.6243968542,19.980388265071,
    265.22171283708));
#3250 = CARTESIAN_POINT('',(130.62437998196,23.471222069122,
    267.08221654565));
#3251 = CARTESIAN_POINT('',(130.62444294963,26.742046455651,
    269.18961321439));
#3252 = CARTESIAN_POINT('',(130.6242079521,29.777258571041,
    271.50857943337));
#3253 = CARTESIAN_POINT('',(130.62508497435,32.563007417678,
    274.00404311013));
#3254 = CARTESIAN_POINT('',(130.62181188244,35.100669243982,
    276.63478385364));
#3255 = CARTESIAN_POINT('',(130.63402722712,37.356301207247,
    279.38054522712));
#3256 = CARTESIAN_POINT('',(130.58843894038,39.44855153418,
    282.14387446408));
#3257 = CARTESIAN_POINT('',(130.75857674299,40.946212766343,
    285.11920775902));
#3258 = CARTESIAN_POINT('',(130.1236138193,43.488266756692,
    287.41783196456));
#3259 = CARTESIAN_POINT('',(132.49332771132,41.003922228857,
    292.20161973538));
#3260 = CARTESIAN_POINT('',(133.64602879229,39.703778192477,
    295.88413719328));
#3261 = CARTESIAN_POINT('',(134.76222584669,38.171374563974,
    299.29496628682));
#3262 = CARTESIAN_POINT('',(135.57135851631,36.935078293944,
    302.20875242995));
#3263 = CARTESIAN_POINT('',(136.18888444334,35.953886340653,
    304.74115487215));
#3264 = CARTESIAN_POINT('',(136.6246896808,35.248029571967,
    306.9671037689));
#3265 = CARTESIAN_POINT('',(136.91537040501,34.778475615455,
    308.97343457972));
#3266 = CARTESIAN_POINT('',(137.08925858404,34.501156926878,
    310.82981574805));
#3267 = CARTESIAN_POINT('',(137.1761776048,34.358555984873,
    312.59407418569));
#3268 = CARTESIAN_POINT('',(137.20512869501,34.286671487073,
    314.30963782155));
#3269 = CARTESIAN_POINT('',(137.20513050191,34.216740696091,
    316.00667144508));
#3270 = CARTESIAN_POINT('',(137.20512869493,34.077797234182,
    317.69979243037));
#3271 = CARTESIAN_POINT('',(137.17617760492,33.938882651398,
    319.40010835542));
#3272 = CARTESIAN_POINT('',(137.08925858393,33.864856618746,
    321.13376382951));
#3273 = CARTESIAN_POINT('',(136.91537040501,33.914119155678,
    322.93935882756));
#3274 = CARTESIAN_POINT('',(136.62468968075,34.13669188017,
    324.8683054559));
#3275 = CARTESIAN_POINT('',(136.18888444331,34.567523864823,
    326.98250143878));
#3276 = CARTESIAN_POINT('',(135.57135851635,35.233888390407,
    329.35532444072));
#3277 = CARTESIAN_POINT('',(134.7622258466,36.105448427388,
    332.05338469071));
#3278 = CARTESIAN_POINT('',(133.64602879214,37.20297922687,
    335.13337750605));
#3279 = CARTESIAN_POINT('',(132.49332771143,38.026391248237,
    338.43308202347));
#3280 = CARTESIAN_POINT('',(130.12361381913,39.847843825946,
    342.34991924993));
#3281 = CARTESIAN_POINT('',(130.7585767431,36.996453180432,
    344.61569067566));
#3282 = CARTESIAN_POINT('',(130.58843894043,35.064393986429,
    347.31452674649));
#3283 = CARTESIAN_POINT('',(130.63402722716,32.545097126026,
    349.83401813336));
#3284 = CARTESIAN_POINT('',(130.62181188246,29.840378853598,
    352.28273578992));
#3285 = CARTESIAN_POINT('',(130.62508497424,26.847555758099,
    354.5754900286));
#3286 = CARTESIAN_POINT('',(130.62420795198,23.606356179474,
    356.67955070359));
#3287 = CARTESIAN_POINT('',(130.62444294963,20.125749318679,
    358.54988865412));
#3288 = CARTESIAN_POINT('',(130.62437998161,16.430283640565,
    360.14780128086));
#3289 = CARTESIAN_POINT('',(130.62439685569,12.547365868665,
    361.43720453429));
#3290 = CARTESIAN_POINT('',(130.62439232724,8.51012309695,
    362.38686704554));
#3291 = CARTESIAN_POINT('',(130.62439356708,4.355851731287,
    362.97095791034));
#3292 = CARTESIAN_POINT('',(130.62439327967,1.535583992013,
    363.10358573173));
#3293 = CARTESIAN_POINT('',(130.62439328871,0.12,363.10358548069));
#3294 = CARTESIAN_POINT('',(136.39695857445,0.127560935937,
    272.88297683691));
#3295 = CARTESIAN_POINT('',(136.3969585622,1.189380647633,
    272.88314953335));
#3296 = CARTESIAN_POINT('',(136.39695859394,3.303333006046,
    272.98641956784));
#3297 = CARTESIAN_POINT('',(136.39695852675,6.416379016021,
    273.43957944866));
#3298 = CARTESIAN_POINT('',(136.39695874825,9.444555206564,
    274.17647588191));
#3299 = CARTESIAN_POINT('',(136.39695792929,12.36320420439,
    275.17898473986));
#3300 = CARTESIAN_POINT('',(136.39696098145,15.150371775387,
    276.42584009023));
#3301 = CARTESIAN_POINT('',(136.39694959214,17.787191212947,
    277.8931016493));
#3302 = CARTESIAN_POINT('',(136.39699209883,20.257871975012,
    279.55484811415));
#3303 = CARTESIAN_POINT('',(136.39683345804,22.550753999778,
    281.38317310568));
#3304 = CARTESIAN_POINT('',(136.39742551527,24.65497540968,
    283.35084749321));
#3305 = CARTESIAN_POINT('',(136.39521592885,26.573103943352,
    285.42401516809));
#3306 = CARTESIAN_POINT('',(136.40346221985,28.273804281314,
    287.59199067758));
#3307 = CARTESIAN_POINT('',(136.37268664198,29.867935028626,
    289.75843299071));
#3308 = CARTESIAN_POINT('',(136.48754266129,30.950474578789,
    292.14964960954));
#3309 = CARTESIAN_POINT('',(136.05889416195,33.055341439581,
    293.79267860146));
#3310 = CARTESIAN_POINT('',(137.65863214048,30.492507891722,
    298.19675494574));
#3311 = CARTESIAN_POINT('',(138.44113005059,29.311235057897,
    301.13556181824));
#3312 = CARTESIAN_POINT('',(139.19979900949,27.988268843859,
    303.81947224943));
#3313 = CARTESIAN_POINT('',(139.75134036807,26.979559881724,
    306.02895236459));
#3314 = CARTESIAN_POINT('',(140.172880408,26.196004588873,
    307.92214258527));
#3315 = CARTESIAN_POINT('',(140.47078260113,25.642720153822,
    309.56642103525));
#3316 = CARTESIAN_POINT('',(140.66964661692,25.278084168006,
    311.03933800003));
#3317 = CARTESIAN_POINT('',(140.78867718338,25.064000954278,
    312.39736377315));
#3318 = CARTESIAN_POINT('',(140.84819254954,24.9544544813,
    313.68614372309));
#3319 = CARTESIAN_POINT('',(140.86801848425,24.900332085678,
    314.93897180326));
#3320 = CARTESIAN_POINT('',(140.86801968213,24.849611520416,
    316.17853180497));
#3321 = CARTESIAN_POINT('',(140.86801848456,24.748840595236,
    317.41523418948));
#3322 = CARTESIAN_POINT('',(140.84819254907,24.650056542369,
    318.65806286472));
#3323 = CARTESIAN_POINT('',(140.78867718379,24.602371942012,
    319.92793983178));
#3324 = CARTESIAN_POINT('',(140.66964661695,24.650695761826,
    321.25592497271));
#3325 = CARTESIAN_POINT('',(140.47078260131,24.835319155897,
    322.68469177427));
#3326 = CARTESIAN_POINT('',(140.17288040809,25.187298721822,
    324.26706069442));
#3327 = CARTESIAN_POINT('',(139.75134036792,25.738582643482,
    326.07485064972));
#3328 = CARTESIAN_POINT('',(139.19979900985,26.475827783318,
    328.1717061426));
#3329 = CARTESIAN_POINT('',(138.44113005113,27.467152984449,
    330.69096794823));
#3330 = CARTESIAN_POINT('',(137.65863214007,28.282843032234,
    333.4328175546));
#3331 = CARTESIAN_POINT('',(136.05889416258,30.291513029614,
    337.44680406856));
#3332 = CARTESIAN_POINT('',(136.48754266087,27.966394872801,
    338.98605208356));
#3333 = CARTESIAN_POINT('',(136.3726866418,26.550917252552,
    341.18104442528));
#3334 = CARTESIAN_POINT('',(136.40346221971,24.633944682505,
    343.15040470415));
#3335 = CARTESIAN_POINT('',(136.39521592878,22.592177271097,
    345.08650429095));
#3336 = CARTESIAN_POINT('',(136.39742551569,20.328445810172,
    346.89355145444));
#3337 = CARTESIAN_POINT('',(136.39683345836,17.878021832019,
    348.55339444454));
#3338 = CARTESIAN_POINT('',(136.39699209935,15.246284659654,
    350.02846440135));
#3339 = CARTESIAN_POINT('',(136.39694959161,12.452171108921,
    351.28878568006));
#3340 = CARTESIAN_POINT('',(136.39696098285,9.516302841401,
    352.30575056536));
#3341 = CARTESIAN_POINT('',(136.3969579262,6.463754397359,
    353.05476537527));
#3342 = CARTESIAN_POINT('',(136.39695876113,3.322718569235,
    353.51544624454));
#3343 = CARTESIAN_POINT('',(136.39695857286,1.190320100379,
    353.62005205371));
#3344 = CARTESIAN_POINT('',(136.39695857445,0.12,353.62005177779));
#3345 = CARTESIAN_POINT('',(142.18929938169,0.117839732666,
    290.71565610853));
#3346 = CARTESIAN_POINT('',(142.18929937341,0.741612382583,
    290.71560646195));
#3347 = CARTESIAN_POINT('',(142.18929939035,1.983477905492,
    290.77645881634));
#3348 = CARTESIAN_POINT('',(142.18929935575,3.812294729003,
    291.04436222904));
#3349 = CARTESIAN_POINT('',(142.18929946744,5.591265955112,
    291.48029390174));
#3350 = CARTESIAN_POINT('',(142.18929905575,7.305897394508,
    292.07351966774));
#3351 = CARTESIAN_POINT('',(142.18930059901,8.943282424945,
    292.81144564937));
#3352 = CARTESIAN_POINT('',(142.18929483633,10.492335667118,
    293.67988774114));
#3353 = CARTESIAN_POINT('',(142.18931633767,11.943757211012,
    294.66351173224));
#3354 = CARTESIAN_POINT('',(142.18923610748,13.29076177692,
    295.74571815546));
#3355 = CARTESIAN_POINT('',(142.18953552413,14.526710676029,
    296.91064258598));
#3356 = CARTESIAN_POINT('',(142.18841808134,15.654066185175,
    298.13724698128));
#3357 = CARTESIAN_POINT('',(142.19258842627,16.650858216155,
    299.42287975599));
#3358 = CARTESIAN_POINT('',(142.17702449041,17.595509409525,
    300.69675303992));
#3359 = CARTESIAN_POINT('',(142.23510989328,18.200470199115,
    302.14413270112));
#3360 = CARTESIAN_POINT('',(142.01833221754,19.552040685153,
    302.99756517053));
#3361 = CARTESIAN_POINT('',(142.82735751586,17.616460902216,
    306.04902281686));
#3362 = CARTESIAN_POINT('',(143.22588395799,17.023909102493,
    307.64979836622));
#3363 = CARTESIAN_POINT('',(143.61288491229,16.4017441391,
    309.11058507211));
#3364 = CARTESIAN_POINT('',(143.89524259458,16.039238138194,
    310.27399818966));
#3365 = CARTESIAN_POINT('',(144.11143467292,15.698170126422,
    311.34828379062));
#3366 = CARTESIAN_POINT('',(144.26447899419,15.436436111709,
    312.31042278043));
#3367 = CARTESIAN_POINT('',(144.36674807452,15.253815740935,
    313.1880567732));
#3368 = CARTESIAN_POINT('',(144.42800485265,15.143380443625,
    314.00373079078));
#3369 = CARTESIAN_POINT('',(144.45864425534,15.085623013536,
    314.78087649524));
#3370 = CARTESIAN_POINT('',(144.46885252593,15.055629631522,
    315.53764291672));
#3371 = CARTESIAN_POINT('',(144.46885311833,15.025059609679,
    316.2868242602));
#3372 = CARTESIAN_POINT('',(144.46885252478,14.964321099419,
    317.03427850364));
#3373 = CARTESIAN_POINT('',(144.45864425709,14.902178675433,
    317.78555129131));
#3374 = CARTESIAN_POINT('',(144.42800485113,14.865322660433,
    318.55286384488));
#3375 = CARTESIAN_POINT('',(144.36674807443,14.876358182402,
    319.35323058495));
#3376 = CARTESIAN_POINT('',(144.26447899352,14.951787929838,
    320.207934484));
#3377 = CARTESIAN_POINT('',(144.11143467258,15.095359744676,
    321.1355227328));
#3378 = CARTESIAN_POINT('',(143.89524259514,15.303201912168,
    322.15695906575));
#3379 = CARTESIAN_POINT('',(143.61288491095,15.517596765362,
    323.23667407498));
#3380 = CARTESIAN_POINT('',(143.22588395595,15.955420232677,
    324.60155534993));
#3381 = CARTESIAN_POINT('',(142.82735751742,16.344492494453,
    326.09493236061));
#3382 = CARTESIAN_POINT('',(142.0183322152,17.922165348614,
    329.05156885703));
#3383 = CARTESIAN_POINT('',(142.23510989485,16.450082502028,
    329.80693708509));
#3384 = CARTESIAN_POINT('',(142.17702449108,15.64743204343,
    331.14777640353));
#3385 = CARTESIAN_POINT('',(142.19258842681,14.514041674578,
    332.30218934418));
#3386 = CARTESIAN_POINT('',(142.18841808161,13.317077213426,
    333.45108586123));
#3387 = CARTESIAN_POINT('',(142.18953552258,11.987164231479,
    334.51980386836));
#3388 = CARTESIAN_POINT('',(142.18923610621,10.548314774798,
    335.50241492489));
#3389 = CARTESIAN_POINT('',(142.18931633603,9.002803901198,
    336.37539292554));
#3390 = CARTESIAN_POINT('',(142.18929483731,7.36198900402,
    337.12134268723));
#3391 = CARTESIAN_POINT('',(142.18930059758,5.637916444694,
    337.72323944529));
#3392 = CARTESIAN_POINT('',(142.1892990531,3.845328042591,
    338.16655292265));
#3393 = CARTESIAN_POINT('',(142.18929947237,2.00077524107,338.439211157)
  );
#3394 = CARTESIAN_POINT('',(142.18929938231,0.748538396501,
    338.50112322291));
#3395 = CARTESIAN_POINT('',(142.18929938169,0.119999999999,
    338.5011230818));
#3396 = CARTESIAN_POINT('',(146.06168778109,0.119999999821,
    304.36167089889));
#3397 = CARTESIAN_POINT('',(146.06168779475,0.416536034648,
    304.36167136783));
#3398 = CARTESIAN_POINT('',(146.06168778111,1.006906289994,
    304.39022397026));
#3399 = CARTESIAN_POINT('',(146.06168777786,1.87630374027,
    304.51579409778));
#3400 = CARTESIAN_POINT('',(146.06168781413,2.72200337333,
    304.72007684709));
#3401 = CARTESIAN_POINT('',(146.0616876713,3.537115179356,
    304.99804546906));
#3402 = CARTESIAN_POINT('',(146.06168818874,4.315509082246,
    305.34379717516));
#3403 = CARTESIAN_POINT('',(146.06168626467,5.051899720428,
    305.75070180751));
#3404 = CARTESIAN_POINT('',(146.06169345665,5.741928866439,
    306.21152095435));
#3405 = CARTESIAN_POINT('',(146.06166658588,6.382139550119,
    306.71868627356));
#3406 = CARTESIAN_POINT('',(146.06176688295,6.970242836261,
    307.26399161611));
#3407 = CARTESIAN_POINT('',(146.06139257922,7.504173067449,
    307.84047722604));
#3408 = CARTESIAN_POINT('',(146.06278951775,7.985564607872,
    308.43609314099));
#3409 = CARTESIAN_POINT('',(146.05757606502,8.406620525153,
    309.05801800239));
#3410 = CARTESIAN_POINT('',(146.07703292799,8.798873871161,
    309.64249273594));
#3411 = CARTESIAN_POINT('',(146.00441892913,9.050891257471,
    310.39185395019));
#3412 = CARTESIAN_POINT('',(146.27541806543,9.588227280832,
    310.51714996993));
#3413 = CARTESIAN_POINT('',(146.40953867902,9.338925673829,
    311.47577535042));
#3414 = CARTESIAN_POINT('',(146.53991616225,8.951114766058,
    312.36825109832));
#3415 = CARTESIAN_POINT('',(146.63526503378,8.45372981867,
    313.21081055956));
#3416 = CARTESIAN_POINT('',(146.7083562373,8.19038014774,313.81217453005
    ));
#3417 = CARTESIAN_POINT('',(146.76015584794,8.052577762087,
    314.30670786251));
#3418 = CARTESIAN_POINT('',(146.79479304489,7.986070573963,
    314.74244542291));
#3419 = CARTESIAN_POINT('',(146.81554945002,7.955997126403,
    315.1487018636));
#3420 = CARTESIAN_POINT('',(146.82593380471,7.942539024487,
    315.53893936435));
#3421 = CARTESIAN_POINT('',(146.82939395511,7.932791334828,
    315.92097877691));
#3422 = CARTESIAN_POINT('',(146.82939414903,7.916798645597,
    316.29954970203));
#3423 = CARTESIAN_POINT('',(146.8293939576,7.88502468169,316.67724796515
    ));
#3424 = CARTESIAN_POINT('',(146.82593380093,7.846629632378,
    317.0562744406));
#3425 = CARTESIAN_POINT('',(146.81554945329,7.810919570247,
    317.44102315516));
#3426 = CARTESIAN_POINT('',(146.79479304509,7.789806488583,
    317.83950306142));
#3427 = CARTESIAN_POINT('',(146.76015584938,7.801546566798,
    318.26655643173));
#3428 = CARTESIAN_POINT('',(146.70835623804,7.878089541156,
    318.75582559311));
#3429 = CARTESIAN_POINT('',(146.63526503258,8.069100020239,
    319.36309111727));
#3430 = CARTESIAN_POINT('',(146.53991616513,8.471909970202,320.243682683
    ));
#3431 = CARTESIAN_POINT('',(146.40953868341,8.757051569842,
    321.14538824562));
#3432 = CARTESIAN_POINT('',(146.27541806206,8.895890068988,
    322.09557770379));
#3433 = CARTESIAN_POINT('',(146.00441893417,8.299433055616,
    322.01341857624));
#3434 = CARTESIAN_POINT('',(146.07703292459,7.960344332264,
    322.76054380369));
#3435 = CARTESIAN_POINT('',(146.05757606358,7.482048190765,
    323.28342160783));
#3436 = CARTESIAN_POINT('',(146.06278951659,6.969085649384,
    323.85254074136));
#3437 = CARTESIAN_POINT('',(146.06139257863,6.39305092871,
    324.38328033445));
#3438 = CARTESIAN_POINT('',(146.0617668863,5.762607085044,
    324.88604481494));
#3439 = CARTESIAN_POINT('',(146.06166658859,5.07801149941,
    325.34589388581));
#3440 = CARTESIAN_POINT('',(146.0616934603,4.343335788739,
    325.75506486084));
#3441 = CARTESIAN_POINT('',(146.06168626217,3.56317855503,326.10453317)
  );
#3442 = CARTESIAN_POINT('',(146.06168819327,2.743482058221,
    326.38655702589));
#3443 = CARTESIAN_POINT('',(146.06168767155,1.891197720826,
    326.59426375495));
#3444 = CARTESIAN_POINT('',(146.06168782384,1.014210230644,
    326.72201618232));
#3445 = CARTESIAN_POINT('',(146.06168776914,0.418837066717,
    326.75102426879));
#3446 = CARTESIAN_POINT('',(146.06168778109,0.120000000002,
    326.75102419654));
#3447 = CARTESIAN_POINT('',(148.,0.12,311.));
#3448 = CARTESIAN_POINT('',(147.99999999194,0.254049952977,
    310.99999997471));
#3449 = CARTESIAN_POINT('',(148.00000000373,0.520928497812,
    311.01275283619));
#3450 = CARTESIAN_POINT('',(147.99999999899,0.913942063652,
    311.06883749555));
#3451 = CARTESIAN_POINT('',(148.00000000026,1.296242975021,
    311.16007868748));
#3452 = CARTESIAN_POINT('',(147.99999999992,1.664716627803,
    311.28423086528));
#3453 = CARTESIAN_POINT('',(148.00000000001,2.016591585669,
    311.43865802941));
#3454 = CARTESIAN_POINT('',(147.99999999999,2.349479897393,
    311.62039669362));
#3455 = CARTESIAN_POINT('',(148.,2.661406406197,311.82622303752));
#3456 = CARTESIAN_POINT('',(148.,2.950827220052,312.0527224301));
#3457 = CARTESIAN_POINT('',(148.,3.216636855834,312.2963581328));
#3458 = CARTESIAN_POINT('',(148.,3.458166281122,312.55354101246));
#3459 = CARTESIAN_POINT('',(148.,3.675165944788,312.82068407471));
#3460 = CARTESIAN_POINT('',(148.,3.867799523305,313.0942937816));
#3461 = CARTESIAN_POINT('',(148.,4.036557212068,313.37089695489));
#3462 = CARTESIAN_POINT('',(148.,4.182434508847,313.64754824329));
#3463 = CARTESIAN_POINT('',(148.,4.306091650185,313.92013342678));
#3464 = CARTESIAN_POINT('',(148.,4.40944663114,314.18665502895));
#3465 = CARTESIAN_POINT('',(148.,4.494822489477,314.44693131186));
#3466 = CARTESIAN_POINT('',(148.,4.564130880965,314.70078295848));
#3467 = CARTESIAN_POINT('',(148.,4.619078555847,314.94843029538));
#3468 = CARTESIAN_POINT('',(148.,4.661108402689,315.19030930511));
#3469 = CARTESIAN_POINT('',(148.,4.69141733213,315.42705344776));
#3470 = CARTESIAN_POINT('',(148.,4.710956953071,315.65943985115));
#3471 = CARTESIAN_POINT('',(148.,4.720440425609,315.88835243052));
#3472 = CARTESIAN_POINT('',(148.,4.720347856423,316.11474637617));
#3473 = CARTESIAN_POINT('',(148.,4.710931297979,316.33961668418));
#3474 = CARTESIAN_POINT('',(148.,4.692218417926,316.56396852657));
#3475 = CARTESIAN_POINT('',(148.,4.66401473469,316.78878858731));
#3476 = CARTESIAN_POINT('',(148.,4.625904378612,317.01501614139));
#3477 = CARTESIAN_POINT('',(148.,4.577249550252,317.24351281774));
#3478 = CARTESIAN_POINT('',(148.,4.517189205303,317.47502976644));
#3479 = CARTESIAN_POINT('',(148.,4.444637163439,317.71017175072));
#3480 = CARTESIAN_POINT('',(148.,4.358282225613,317.9493548099));
#3481 = CARTESIAN_POINT('',(148.,4.256585250455,318.19276502032));
#3482 = CARTESIAN_POINT('',(148.,4.137798093381,318.44028557095));
#3483 = CARTESIAN_POINT('',(148.,3.999919207871,318.69151033151));
#3484 = CARTESIAN_POINT('',(148.,3.840913546554,318.94539956238));
#3485 = CARTESIAN_POINT('',(148.,3.65798583533,319.2012341572));
#3486 = CARTESIAN_POINT('',(148.,3.449713106833,319.45563577565));
#3487 = CARTESIAN_POINT('',(148.,3.215698802951,319.70423750827));
#3488 = CARTESIAN_POINT('',(148.,2.955870910036,319.94278538732));
#3489 = CARTESIAN_POINT('',(147.99999999999,2.670724221652,
    320.16693904972));
#3490 = CARTESIAN_POINT('',(148.,2.361291770205,320.37243417762));
#3491 = CARTESIAN_POINT('',(147.99999999998,2.029168561764,
    320.55515776908));
#3492 = CARTESIAN_POINT('',(148.00000000005,1.676499244057,
    320.7112523733));
#3493 = CARTESIAN_POINT('',(147.99999999981,1.305952337234,
    320.83721347717));
#3494 = CARTESIAN_POINT('',(148.00000000069,0.920674984937,
    320.92998459206));
#3495 = CARTESIAN_POINT('',(147.99999999741,0.524230251838,
    320.98704378732));
#3496 = CARTESIAN_POINT('',(148.00000000556,0.255090144169,
    321.00000002506));
#3497 = CARTESIAN_POINT('',(148.,0.12,321.));
#3498 = DEFINITIONAL_REPRESENTATION('',(#3499),#3503);
#3499 = LINE('',#3500,#3501);
#3500 = CARTESIAN_POINT('',(0.16625,0.));
#3501 = VECTOR('',#3502,1.);
#3502 = DIRECTION('',(0.,1.));
#3503 = ( GEOMETRIC_REPRESENTATION_CONTEXT(2) 
PARAMETRIC_REPRESENTATION_CONTEXT() REPRESENTATION_CONTEXT('2D SPACE',''
  ) );
#3504 = PCURVE('',#3505,#3552);
#3505 = B_SPLINE_SURFACE_WITH_KNOTS('',3,1,(
    (#3506,#3507)
    ,(#3508,#3509)
    ,(#3510,#3511)
    ,(#3512,#3513)
    ,(#3514,#3515)
    ,(#3516,#3517)
    ,(#3518,#3519)
    ,(#3520,#3521)
    ,(#3522,#3523)
    ,(#3524,#3525)
    ,(#3526,#3527)
    ,(#3528,#3529)
    ,(#3530,#3531)
    ,(#3532,#3533)
    ,(#3534,#3535)
    ,(#3536,#3537)
    ,(#3538,#3539)
    ,(#3540,#3541)
    ,(#3542,#3543)
    ,(#3544,#3545)
    ,(#3546,#3547)
    ,(#3548,#3549)
    ,(#3550,#3551
    )),.UNSPECIFIED.,.F.,.F.,.F.,(4,1,1,1,1,1,1,1,1,1,1,1,1,1,1,1,1,1,1,
    1,4),(2,2),(0.321666666667,0.333333333333,0.354166666667,0.375,
    0.395833333333,0.416666666667,0.4375,0.458333333333,0.479166666667,
    0.5,0.520833333333,0.541666666667,0.5625,0.583333333333,
    0.604166666667,0.625,0.645833333333,0.666666666667,0.6875,
    0.708333333333,0.72),(0.,1.),.UNSPECIFIED.);
#3506 = CARTESIAN_POINT('',(-124.7712617334,99.635263480032,
    304.05740300806));
#3507 = CARTESIAN_POINT('',(-123.1749771852,97.844005239334,
    303.97950655539));
#3508 = CARTESIAN_POINT('',(-125.6265643653,98.850564665656,
    304.57169877926));
#3509 = CARTESIAN_POINT('',(-124.012244765,97.075771372803,
    304.48585161716));
#3510 = CARTESIAN_POINT('',(-127.6797500212,96.844643697509,
    305.86501581059));
#3511 = CARTESIAN_POINT('',(-126.0250383008,95.109547439311,
    305.75858237155));
#3512 = CARTESIAN_POINT('',(-130.9822863673,93.488549034617,
    307.68360655888));
#3513 = CARTESIAN_POINT('',(-129.2639515353,91.816931693858,
    307.54772858365));
#3514 = CARTESIAN_POINT('',(-133.8293764929,90.288238433313,
    309.22945468223));
#3515 = CARTESIAN_POINT('',(-132.0586553833,88.676226259321,
    309.06629723221));
#3516 = CARTESIAN_POINT('',(-136.0184549673,87.685599441871,
    310.38134195263));
#3517 = CARTESIAN_POINT('',(-134.2097637883,86.11945302518,
    310.19591864199));
#3518 = CARTESIAN_POINT('',(-137.5742734482,85.748892217959,
    311.2400625241));
#3519 = CARTESIAN_POINT('',(-135.7463693339,84.206795470748,
    311.03493439802));
#3520 = CARTESIAN_POINT('',(-138.6164081203,84.408395155742,
    311.88054597167));
#3521 = CARTESIAN_POINT('',(-136.7737760693,82.88566597042,
    311.65985350531));
#3522 = CARTESIAN_POINT('',(-139.2416516223,83.570206715644,
    312.38364067775));
#3523 = CARTESIAN_POINT('',(-137.3909772546,82.058954867473,
    312.149647684));
#3524 = CARTESIAN_POINT('',(-139.5546476497,83.119061506528,
    312.80024930938));
#3525 = CARTESIAN_POINT('',(-137.7001927282,81.61416314756,
    312.55456969035));
#3526 = CARTESIAN_POINT('',(-139.6589675905,82.928743585368,
    313.16890006917));
#3527 = CARTESIAN_POINT('',(-137.803773726,81.426508213574,
    312.91241276733));
#3528 = CARTESIAN_POINT('',(-139.658973056,82.867691349708,313.519257546
    ));
#3529 = CARTESIAN_POINT('',(-137.8045308394,81.36635281662,
    313.25228453871));
#3530 = CARTESIAN_POINT('',(-139.6589675905,82.803612897843,
    313.8727145783));
#3531 = CARTESIAN_POINT('',(-137.8052893882,81.303245881061,
    313.59516423665));
#3532 = CARTESIAN_POINT('',(-139.5546476497,82.862446458934,
    314.24371643805));
#3533 = CARTESIAN_POINT('',(-137.7033065827,81.361369465478,
    313.95488943417));
#3534 = CARTESIAN_POINT('',(-139.2416516223,83.167066052485,
    314.65432323614));
#3535 = CARTESIAN_POINT('',(-137.3959077171,81.661757294701,
    314.35272634561));
#3536 = CARTESIAN_POINT('',(-138.6164081203,83.832477454475,
    315.13474718509));
#3537 = CARTESIAN_POINT('',(-136.7809292355,82.318055398847,
    314.81800299371));
#3538 = CARTESIAN_POINT('',(-137.5742734482,84.959847452279,
    315.72281943267));
#3539 = CARTESIAN_POINT('',(-135.7564279431,83.428755448714,
    315.38717271528));
#3540 = CARTESIAN_POINT('',(-136.0184549673,86.622891095833,
    316.46914142088));
#3541 = CARTESIAN_POINT('',(-134.2237286291,85.070797983091,
    316.110560163));
#3542 = CARTESIAN_POINT('',(-133.8293764929,88.870670935004,
    317.43511699731));
#3543 = CARTESIAN_POINT('',(-132.078114063,87.276508250756,
    317.04445445761));
#3544 = CARTESIAN_POINT('',(-130.9822863673,91.607160117726,
    318.69667514065));
#3545 = CARTESIAN_POINT('',(-129.2911007593,89.958083307108,
    318.26476254988));
#3546 = CARTESIAN_POINT('',(-127.6797500212,94.422697220012,
    320.16903620508));
#3547 = CARTESIAN_POINT('',(-126.0608565241,92.716380848237,
    319.69143028824));
#3548 = CARTESIAN_POINT('',(-125.6265643653,96.037147284851,
    321.24725289455));
#3549 = CARTESIAN_POINT('',(-124.0544840777,94.295734399093,
    320.73776292801));
#3550 = CARTESIAN_POINT('',(-124.7712617334,96.66409652683,
    321.6816493789));
#3551 = CARTESIAN_POINT('',(-123.2195963278,94.908425241597,
    321.15928809317));
#3552 = DEFINITIONAL_REPRESENTATION('',(#3553),#3557);
#3553 = LINE('',#3554,#3555);
#3554 = CARTESIAN_POINT('',(0.,0.));
#3555 = VECTOR('',#3556,1.);
#3556 = DIRECTION('',(1.,0.));
#3557 = ( GEOMETRIC_REPRESENTATION_CONTEXT(2) 
PARAMETRIC_REPRESENTATION_CONTEXT() REPRESENTATION_CONTEXT('2D SPACE',''
  ) );
#3558 = ORIENTED_EDGE('',*,*,#3559,.T.);
#3559 = EDGE_CURVE('',#22,#3560,#3562,.T.);
#3560 = VERTEX_POINT('',#3561);
#3561 = CARTESIAN_POINT('',(64.140106805402,113.91155797964,
    280.59704443258));
#3562 = SURFACE_CURVE('',#3563,(#3631,#3638),.PCURVE_S1.);
#3563 = B_SPLINE_CURVE_WITH_KNOTS('',3,(#3564,#3565,#3566,#3567,#3568,
    #3569,#3570,#3571,#3572,#3573,#3574,#3575,#3576,#3577,#3578,#3579,
    #3580,#3581,#3582,#3583,#3584,#3585,#3586,#3587,#3588,#3589,#3590,
    #3591,#3592,#3593,#3594,#3595,#3596,#3597,#3598,#3599,#3600,#3601,
    #3602,#3603,#3604,#3605,#3606,#3607,#3608,#3609,#3610,#3611,#3612,
    #3613,#3614,#3615,#3616,#3617,#3618,#3619,#3620,#3621,#3622,#3623,
    #3624,#3625,#3626,#3627,#3628,#3629,#3630),.UNSPECIFIED.,.F.,.F.,(4,
    1,1,1,1,1,1,1,1,1,1,1,1,1,1,1,1,1,1,1,1,1,1,1,1,1,1,1,1,1,1,1,1,1,1,
    1,1,1,1,1,1,1,1,1,1,1,1,1,1,1,1,1,1,1,1,1,1,1,1,1,1,1,1,1,4),(0.,
    1.5625E-02,3.125E-02,4.6875E-02,6.25E-02,7.8125E-02,9.375E-02,
    0.109375,0.125,0.140625,0.15625,0.171875,0.1875,0.203125,0.21875,
    0.234375,0.25,0.265625,0.28125,0.296875,0.3125,0.328125,0.34375,
    0.359375,0.375,0.390625,0.40625,0.421875,0.4375,0.453125,0.46875,
    0.484375,0.5,0.515625,0.53125,0.546875,0.5625,0.578125,0.59375,
    0.609375,0.625,0.640625,0.65625,0.671875,0.6875,0.703125,0.71875,
    0.734375,0.75,0.765625,0.78125,0.796875,0.8125,0.828125,0.84375,
    0.859375,0.875,0.890625,0.90625,0.921875,0.9375,0.953125,0.96875,
    0.984375,1.),.QUASI_UNIFORM_KNOTS.);
#3564 = CARTESIAN_POINT('',(-170.,4.712909104533,312.27730031291));
#3565 = CARTESIAN_POINT('',(-168.6527755375,10.024848295218,
    311.88377035508));
#3566 = CARTESIAN_POINT('',(-165.9549534562,23.645315220787,
    310.34290690295));
#3567 = CARTESIAN_POINT('',(-161.8898346261,37.705814970612,
    309.36618949357));
#3568 = CARTESIAN_POINT('',(-157.7980645803,48.788511855401,
    309.09305216928));
#3569 = CARTESIAN_POINT('',(-153.6713754599,59.244623818589,
    308.91480789424));
#3570 = CARTESIAN_POINT('',(-149.5015080788,68.292631701465,
    308.83078873763));
#3571 = CARTESIAN_POINT('',(-145.2801709118,76.023391465935,
    308.74920802987));
#3572 = CARTESIAN_POINT('',(-140.9991931169,81.959845732766,
    308.40644344848));
#3573 = CARTESIAN_POINT('',(-136.6499534586,87.307958635446,
    307.3583098078));
#3574 = CARTESIAN_POINT('',(-132.2255115921,92.3390158429,
    306.26429763735));
#3575 = CARTESIAN_POINT('',(-127.7126540037,96.956140087874,
    304.99441506313));
#3576 = CARTESIAN_POINT('',(-123.1215789638,101.17659583214,
    303.53295931481));
#3577 = CARTESIAN_POINT('',(-118.473374426,104.96483592593,
    302.06713871792));
#3578 = CARTESIAN_POINT('',(-113.7657165601,108.34131150182,
    300.71560343359));
#3579 = CARTESIAN_POINT('',(-109.0025547045,111.25214693381,
    299.64586115965));
#3580 = CARTESIAN_POINT('',(-104.186157307,113.77340945838,
    298.91431068476));
#3581 = CARTESIAN_POINT('',(-99.31924320881,116.21962848772,
    298.14209848286));
#3582 = CARTESIAN_POINT('',(-94.40441056856,118.64910757753,
    297.66913382541));
#3583 = CARTESIAN_POINT('',(-89.44428988166,120.98861005746,
    297.52783622391));
#3584 = CARTESIAN_POINT('',(-84.44150297893,123.21656594804,
    297.27110678281));
#3585 = CARTESIAN_POINT('',(-79.39867401284,125.29273996442,
    297.03852246863));
#3586 = CARTESIAN_POINT('',(-74.31842651378,127.18004283454,
    296.76886862002));
#3587 = CARTESIAN_POINT('',(-69.20338417883,128.83835045122,
    296.45011060379));
#3588 = CARTESIAN_POINT('',(-64.0561706604,130.22868475675,
    296.05276746411));
#3589 = CARTESIAN_POINT('',(-58.87940962289,131.30242096634,
    295.55917122771));
#3590 = CARTESIAN_POINT('',(-53.67572472745,132.04032285635,
    294.91737224526));
#3591 = CARTESIAN_POINT('',(-48.44773963613,132.30628105485,
    294.18817315778));
#3592 = CARTESIAN_POINT('',(-43.19807801074,132.41875854805,
    293.40750040075));
#3593 = CARTESIAN_POINT('',(-37.92936351313,132.54780777914,
    292.53872314635));
#3594 = CARTESIAN_POINT('',(-32.64421980516,132.64512682839,
    291.61216159532));
#3595 = CARTESIAN_POINT('',(-27.34527054867,132.72280185673,
    290.64041985704));
#3596 = CARTESIAN_POINT('',(-22.03513940554,132.77681043902,
    289.6412967706));
#3597 = CARTESIAN_POINT('',(-16.7164500376,132.80743453389,
    288.6315548485));
#3598 = CARTESIAN_POINT('',(-11.3918261067,132.81412095316,
    287.62846224687));
#3599 = CARTESIAN_POINT('',(-6.063891274741,132.79564175467,
    286.64937807718));
#3600 = CARTESIAN_POINT('',(-0.735269203396,132.75460693583,
    285.71138636049));
#3601 = CARTESIAN_POINT('',(4.591416444812,132.67926743235,
    284.83268857801));
#3602 = CARTESIAN_POINT('',(9.913542010532,132.61179871394,
    284.02691156581));
#3603 = CARTESIAN_POINT('',(15.228483822573,132.41380094585,
    283.3226854487));
#3604 = CARTESIAN_POINT('',(20.533618253928,131.57849819309,
    282.75293317667));
#3605 = CARTESIAN_POINT('',(25.8263215127,130.32169941277,282.291478431)
  );
#3606 = CARTESIAN_POINT('',(31.103970422369,128.68273748212,
    281.926871537));
#3607 = CARTESIAN_POINT('',(36.36393950979,126.74547926589,
    281.64400525176));
#3608 = CARTESIAN_POINT('',(41.603611872948,124.57931089608,
    281.42740320103));
#3609 = CARTESIAN_POINT('',(46.820338621927,122.26128743823,
    281.2661763303));
#3610 = CARTESIAN_POINT('',(52.01159024729,119.84434735498,
    281.1313788799));
#3611 = CARTESIAN_POINT('',(57.174391705582,117.4557647829,
    281.05932762284));
#3612 = CARTESIAN_POINT('',(62.307430708944,115.03602273524,
    280.93554211107));
#3613 = CARTESIAN_POINT('',(67.403189481148,112.00128535653,
    280.09527010452));
#3614 = CARTESIAN_POINT('',(72.477309443847,108.31200280633,
    278.65109075307));
#3615 = CARTESIAN_POINT('',(77.54839819291,104.02934467261,
    276.82117814001));
#3616 = CARTESIAN_POINT('',(82.611904126323,99.34119040546,
    275.29301502936));
#3617 = CARTESIAN_POINT('',(87.66948113044,94.242780018539,
    273.93352955158));
#3618 = CARTESIAN_POINT('',(92.721120336022,88.925888788746,
    273.13140627577));
#3619 = CARTESIAN_POINT('',(97.767258407844,83.794406455586,
    273.51582884191));
#3620 = CARTESIAN_POINT('',(102.8082126302,78.946647159783,
    274.89688791964));
#3621 = CARTESIAN_POINT('',(107.8443322753,74.163666159181,
    277.60753568763));
#3622 = CARTESIAN_POINT('',(112.87595804421,68.727324563698,
    280.29353900866));
#3623 = CARTESIAN_POINT('',(117.90343293462,62.651909763835,
    283.17706875019));
#3624 = CARTESIAN_POINT('',(122.92709932885,55.951215986192,
    286.37523783752));
#3625 = CARTESIAN_POINT('',(127.94729977409,48.479883783663,
    289.97580304326));
#3626 = CARTESIAN_POINT('',(132.96437677348,40.463222144918,
    293.78583671871));
#3627 = CARTESIAN_POINT('',(137.97867284139,30.011173537748,
    299.44332365931));
#3628 = CARTESIAN_POINT('',(142.99053049135,17.394627216099,
    306.70891609245));
#3629 = CARTESIAN_POINT('',(146.33037164983,9.453543752022,
    310.9623969838));
#3630 = CARTESIAN_POINT('',(148.,4.350718355509,314.03713678787));
#3631 = PCURVE('',#80,#3632);
#3632 = DEFINITIONAL_REPRESENTATION('',(#3633),#3637);
#3633 = LINE('',#3634,#3635);
#3634 = CARTESIAN_POINT('',(0.,0.321666666667));
#3635 = VECTOR('',#3636,1.);
#3636 = DIRECTION('',(1.,0.));
#3637 = ( GEOMETRIC_REPRESENTATION_CONTEXT(2) 
PARAMETRIC_REPRESENTATION_CONTEXT() REPRESENTATION_CONTEXT('2D SPACE',''
  ) );
#3638 = PCURVE('',#3639,#3722);
#3639 = B_SPLINE_SURFACE_WITH_KNOTS('',3,1,(
    (#3640,#3641)
    ,(#3642,#3643)
    ,(#3644,#3645)
    ,(#3646,#3647)
    ,(#3648,#3649)
    ,(#3650,#3651)
    ,(#3652,#3653)
    ,(#3654,#3655)
    ,(#3656,#3657)
    ,(#3658,#3659)
    ,(#3660,#3661)
    ,(#3662,#3663)
    ,(#3664,#3665)
    ,(#3666,#3667)
    ,(#3668,#3669)
    ,(#3670,#3671)
    ,(#3672,#3673)
    ,(#3674,#3675)
    ,(#3676,#3677)
    ,(#3678,#3679)
    ,(#3680,#3681)
    ,(#3682,#3683)
    ,(#3684,#3685)
    ,(#3686,#3687)
    ,(#3688,#3689)
    ,(#3690,#3691)
    ,(#3692,#3693)
    ,(#3694,#3695)
    ,(#3696,#3697)
    ,(#3698,#3699)
    ,(#3700,#3701)
    ,(#3702,#3703)
    ,(#3704,#3705)
    ,(#3706,#3707)
    ,(#3708,#3709)
    ,(#3710,#3711)
    ,(#3712,#3713)
    ,(#3714,#3715)
    ,(#3716,#3717)
    ,(#3718,#3719)
    ,(#3720,#3721
    )),.UNSPECIFIED.,.F.,.F.,.F.,(4,1,1,1,1,1,1,1,1,1,1,1,1,1,1,1,1,1,1,
    1,1,1,1,1,1,1,1,1,1,1,1,1,1,1,1,1,1,1,4),(2,2),(0.16625,0.171875,
    0.1875,0.203125,0.21875,0.234375,0.25,0.265625,0.28125,0.296875,
    0.3125,0.328125,0.34375,0.359375,0.375,0.390625,0.40625,0.421875,
    0.4375,0.453125,0.46875,0.484375,0.5,0.515625,0.53125,0.546875,
    0.5625,0.578125,0.59375,0.609375,0.625,0.640625,0.65625,0.671875,
    0.6875,0.703125,0.71875,0.734375,0.74),(0.,1.),.UNSPECIFIED.);
#3640 = CARTESIAN_POINT('',(-124.7712617334,99.635263480032,
    304.05740300806));
#3641 = CARTESIAN_POINT('',(-123.1749771852,97.844005239334,
    303.97950655539));
#3642 = CARTESIAN_POINT('',(-124.219536933,100.13418053177,
    303.88341072074));
#3643 = CARTESIAN_POINT('',(-122.6354731124,98.331954029402,
    303.80667268519));
#3644 = CARTESIAN_POINT('',(-122.1299619957,101.98475371881,
    303.22025092081));
#3645 = CARTESIAN_POINT('',(-120.5931933689,100.14096394794,
    303.14803981935));
#3646 = CARTESIAN_POINT('',(-118.473374426,104.96483592593,
    302.06713871792));
#3647 = CARTESIAN_POINT('',(-117.0262739713,103.04899923341,
    302.00346111965));
#3648 = CARTESIAN_POINT('',(-113.7657165601,108.34131150182,
    300.71560343359));
#3649 = CARTESIAN_POINT('',(-112.4335469088,106.34135407385,
    300.6633519586));
#3650 = CARTESIAN_POINT('',(-109.0025547045,111.25214693381,
    299.64586115965));
#3651 = CARTESIAN_POINT('',(-107.8492660004,109.14726225788,
    299.60665396551));
#3652 = CARTESIAN_POINT('',(-104.186157307,113.77340945838,
    298.91431068476));
#3653 = CARTESIAN_POINT('',(-103.1080938915,111.62854759662,
    298.89087659378));
#3654 = CARTESIAN_POINT('',(-99.31924320881,116.21962848772,
    298.14209848286));
#3655 = CARTESIAN_POINT('',(-98.2375550634,114.07735974073,
    298.13923903567));
#3656 = CARTESIAN_POINT('',(-94.40441056856,118.64910757753,
    297.66913382541));
#3657 = CARTESIAN_POINT('',(-93.36086641818,116.4875516759,
    297.67851084369));
#3658 = CARTESIAN_POINT('',(-89.44428988166,120.98861005746,
    297.52783622391));
#3659 = CARTESIAN_POINT('',(-88.44014861663,118.80853263104,
    297.54225976257));
#3660 = CARTESIAN_POINT('',(-84.44150297893,123.21656594804,
    297.27110678281));
#3661 = CARTESIAN_POINT('',(-83.49270138231,121.01169110244,
    297.29379072576));
#3662 = CARTESIAN_POINT('',(-79.39867401284,125.29273996442,
    297.03852246863));
#3663 = CARTESIAN_POINT('',(-78.51905672719,123.05928203721,
    297.06935817612));
#3664 = CARTESIAN_POINT('',(-74.31842651378,127.18004283454,
    296.76886862002));
#3665 = CARTESIAN_POINT('',(-73.52436067505,124.91462909825,
    296.80919752143));
#3666 = CARTESIAN_POINT('',(-69.20338417883,128.83835045122,
    296.45011060379));
#3667 = CARTESIAN_POINT('',(-68.51302127934,126.5391897464,
    296.50157067356));
#3668 = CARTESIAN_POINT('',(-64.0561706604,130.22868475675,
    296.05276746411));
#3669 = CARTESIAN_POINT('',(-63.48843198271,127.89601016408,
    296.11770681416));
#3670 = CARTESIAN_POINT('',(-58.87940962289,131.30242096634,
    295.55917122771));
#3671 = CARTESIAN_POINT('',(-58.45835494049,128.9394788039,
    295.64031503808));
#3672 = CARTESIAN_POINT('',(-53.67572472745,132.04032285635,
    294.91737224526));
#3673 = CARTESIAN_POINT('',(-53.41187849549,129.65364287,295.01858386841
    ));
#3674 = CARTESIAN_POINT('',(-48.44773963613,132.30628105485,
    294.18817315778));
#3675 = CARTESIAN_POINT('',(-48.40360918567,129.90850251331,
    294.31145330162));
#3676 = CARTESIAN_POINT('',(-43.19807801074,132.41875854805,
    293.40750040075));
#3677 = CARTESIAN_POINT('',(-43.10392773505,130.02514772933,
    293.5516159114));
#3678 = CARTESIAN_POINT('',(-37.92936351313,132.54780777914,
    292.53872314635));
#3679 = CARTESIAN_POINT('',(-37.85425969185,130.15457684469,
    292.70412299077));
#3680 = CARTESIAN_POINT('',(-32.64421980516,132.64512682839,
    291.61216159532));
#3681 = CARTESIAN_POINT('',(-32.56991357581,130.25353905293,
    291.79882244744));
#3682 = CARTESIAN_POINT('',(-27.34527054867,132.72280185673,
    290.64041985704));
#3683 = CARTESIAN_POINT('',(-27.27716522845,130.33276232786,
    290.84841800655));
#3684 = CARTESIAN_POINT('',(-22.03513940554,132.77681043902,
    289.6412967706));
#3685 = CARTESIAN_POINT('',(-21.9725143266,130.38858361115,
    289.87065455601));
#3686 = CARTESIAN_POINT('',(-16.7164500376,132.80743453389,
    288.6315548485));
#3687 = CARTESIAN_POINT('',(-16.66061240651,130.42118965935,
    288.88228056102));
#3688 = CARTESIAN_POINT('',(-11.3918261067,132.81412095316,
    287.62846224687));
#3689 = CARTESIAN_POINT('',(-11.34328655056,130.43004200334,
    287.90054125927));
#3690 = CARTESIAN_POINT('',(-6.063891274741,132.79564175467,
    286.64937807718));
#3691 = CARTESIAN_POINT('',(-6.025508671208,130.41395524815,
    286.94276499313));
#3692 = CARTESIAN_POINT('',(-0.735269203396,132.75460693583,
    285.71138636049));
#3693 = CARTESIAN_POINT('',(-0.702486472652,130.37537822794,
    286.02604095761));
#3694 = CARTESIAN_POINT('',(4.591416444812,132.67926743235,
    284.83268857801));
#3695 = CARTESIAN_POINT('',(4.59467821906,130.30321057103,
    285.16843432677));
#3696 = CARTESIAN_POINT('',(9.913542010532,132.61179871394,
    284.02691156581));
#3697 = CARTESIAN_POINT('',(9.968543919275,130.23726977433,
    284.38395842236));
#3698 = CARTESIAN_POINT('',(15.228483822573,132.41380094585,
    283.3226854487));
#3699 = CARTESIAN_POINT('',(15.028766762134,130.04701107074,
    283.69985305579));
#3700 = CARTESIAN_POINT('',(20.533618253928,131.57849819309,
    282.75293317667));
#3701 = CARTESIAN_POINT('',(20.10469894372,129.24604944241,
    283.14420046078));
#3702 = CARTESIAN_POINT('',(25.8263215127,130.32169941277,282.291478431)
  );
#3703 = CARTESIAN_POINT('',(25.222489182435,128.03153655939,
    282.69372742431));
#3704 = CARTESIAN_POINT('',(31.103970422369,128.68273748212,
    281.926871537));
#3705 = CARTESIAN_POINT('',(30.359901288505,126.4366117232,
    282.33800167717));
#3706 = CARTESIAN_POINT('',(36.36393950979,126.74547926589,
    281.64400525176));
#3707 = CARTESIAN_POINT('',(35.51537933894,124.53893499444,
    282.06319023278));
#3708 = CARTESIAN_POINT('',(41.603611872948,124.57931089608,
    281.42740320103));
#3709 = CARTESIAN_POINT('',(40.679828829285,122.40528092758,
    281.85461890636));
#3710 = CARTESIAN_POINT('',(46.820338621927,122.26128743823,
    281.2661763303));
#3711 = CARTESIAN_POINT('',(45.85228026322,120.10863316805,
    281.70236991891));
#3712 = CARTESIAN_POINT('',(52.01159024729,119.84434735498,
    281.1313788799));
#3713 = CARTESIAN_POINT('',(51.009861921191,117.70947813815,
    281.57699026926));
#3714 = CARTESIAN_POINT('',(57.174391705582,117.4557647829,
    281.05932762284));
#3715 = CARTESIAN_POINT('',(56.205199712288,115.30802663783,
    281.51844955666));
#3716 = CARTESIAN_POINT('',(61.212382388227,115.55223437207,
    280.96194968691));
#3717 = CARTESIAN_POINT('',(60.182795698906,113.4342235158,
    281.42560242991));
#3718 = CARTESIAN_POINT('',(63.527867817159,114.26570208308,
    280.68496468479));
#3719 = CARTESIAN_POINT('',(62.427075574701,112.18618686324,
    281.15369952885));
#3720 = CARTESIAN_POINT('',(64.140106805402,113.91155797964,
    280.59704443258));
#3721 = CARTESIAN_POINT('',(63.019568657633,111.84297591409,
    281.06743630633));
#3722 = DEFINITIONAL_REPRESENTATION('',(#3723),#3727);
#3723 = LINE('',#3724,#3725);
#3724 = CARTESIAN_POINT('',(0.,0.));
#3725 = VECTOR('',#3726,1.);
#3726 = DIRECTION('',(1.,0.));
#3727 = ( GEOMETRIC_REPRESENTATION_CONTEXT(2) 
PARAMETRIC_REPRESENTATION_CONTEXT() REPRESENTATION_CONTEXT('2D SPACE',''
  ) );
#3728 = ORIENTED_EDGE('',*,*,#3729,.T.);
#3729 = EDGE_CURVE('',#3560,#3730,#3732,.T.);
#3730 = VERTEX_POINT('',#3731);
#3731 = CARTESIAN_POINT('',(64.140106805402,100.59091937826,
    350.10923602007));
#3732 = SURFACE_CURVE('',#3733,(#3785,#3792),.PCURVE_S1.);
#3733 = B_SPLINE_CURVE_WITH_KNOTS('',3,(#3734,#3735,#3736,#3737,#3738,
    #3739,#3740,#3741,#3742,#3743,#3744,#3745,#3746,#3747,#3748,#3749,
    #3750,#3751,#3752,#3753,#3754,#3755,#3756,#3757,#3758,#3759,#3760,
    #3761,#3762,#3763,#3764,#3765,#3766,#3767,#3768,#3769,#3770,#3771,
    #3772,#3773,#3774,#3775,#3776,#3777,#3778,#3779,#3780,#3781,#3782,
    #3783,#3784),.UNSPECIFIED.,.F.,.F.,(4,1,1,1,1,1,1,1,1,1,1,1,1,1,1,1,
    1,1,1,1,1,1,1,1,1,1,1,1,1,1,1,1,1,1,1,1,1,1,1,1,1,1,1,1,1,1,1,1,4),(
    0.,2.083333333333E-02,4.166666666667E-02,6.25E-02,8.333333333333E-02
    ,0.104166666667,0.125,0.145833333333,0.166666666667,0.1875,
    0.208333333333,0.229166666667,0.25,0.270833333333,0.291666666667,
    0.3125,0.333333333333,0.354166666667,0.375,0.395833333333,
    0.416666666667,0.4375,0.458333333333,0.479166666667,0.5,
    0.520833333333,0.541666666667,0.5625,0.583333333333,0.604166666667,
    0.625,0.645833333333,0.666666666667,0.6875,0.708333333333,
    0.729166666667,0.75,0.770833333333,0.791666666667,0.8125,
    0.833333333333,0.854166666667,0.875,0.895833333333,0.916666666667,
    0.9375,0.958333333333,0.979166666667,1.),.QUASI_UNIFORM_KNOTS.);
#3734 = CARTESIAN_POINT('',(55.70920224767,115.07392707199,
    270.16621236723));
#3735 = CARTESIAN_POINT('',(55.709202247688,115.07388857435,
    270.1661580341));
#3736 = CARTESIAN_POINT('',(55.709202318245,115.08869177315,
    270.20858855934));
#3737 = CARTESIAN_POINT('',(55.709202000633,115.15255723618,
    270.39219541311));
#3738 = CARTESIAN_POINT('',(55.709203165244,115.25462512623,
    270.68822621961));
#3739 = CARTESIAN_POINT('',(55.709198824413,115.39107558109,
    271.08923113287));
#3740 = CARTESIAN_POINT('',(55.709215023126,115.55780570211,
    271.58781783468));
#3741 = CARTESIAN_POINT('',(55.709154569103,115.75059428358,
    272.17662437882));
#3742 = CARTESIAN_POINT('',(55.709380186481,115.96491713119,
    272.8482895052));
#3743 = CARTESIAN_POINT('',(55.708538170993,116.19703246105,
    273.59544480422));
#3744 = CARTESIAN_POINT('',(55.711680615568,116.44029504773,
    274.41063945123));
#3745 = CARTESIAN_POINT('',(55.699952852757,116.6992456081,
    275.28653246888));
#3746 = CARTESIAN_POINT('',(55.743721459425,116.93733106326,
    276.21510334931));
#3747 = CARTESIAN_POINT('',(55.580374795562,117.27228653453,
    277.19054337587));
#3748 = CARTESIAN_POINT('',(56.189992844347,117.24719963098,
    278.19842739138));
#3749 = CARTESIAN_POINT('',(53.914867313071,118.55114334216,
    279.25610400806));
#3750 = CARTESIAN_POINT('',(62.405751389389,114.86581096207,
    280.26195131073));
#3751 = CARTESIAN_POINT('',(66.634607003133,112.60547360221,
    281.03157680686));
#3752 = CARTESIAN_POINT('',(70.751165310774,110.24559653978,
    282.03870876097));
#3753 = CARTESIAN_POINT('',(73.771213727892,108.50317761043,
    283.59114731316));
#3754 = CARTESIAN_POINT('',(76.089883367439,107.25315704918,
    285.67662290058));
#3755 = CARTESIAN_POINT('',(77.735543779135,106.50311114364,
    288.3335506427));
#3756 = CARTESIAN_POINT('',(78.836925273473,106.1306788008,
    291.47796662322));
#3757 = CARTESIAN_POINT('',(79.497330066041,105.99584568454,
    294.91287135522));
#3758 = CARTESIAN_POINT('',(79.827829053774,105.98074107606,
    298.61257643737));
#3759 = CARTESIAN_POINT('',(79.937968544952,105.96392267379,
    302.52486368949));
#3760 = CARTESIAN_POINT('',(79.937974525014,105.83137246201,
    306.61841486461));
#3761 = CARTESIAN_POINT('',(79.937968544952,105.47523214567,
    310.86475938327));
#3762 = CARTESIAN_POINT('',(79.827829053774,104.9528632869,
    315.24738592987));
#3763 = CARTESIAN_POINT('',(79.497330066041,104.32108380054,
    319.7454567726));
#3764 = CARTESIAN_POINT('',(78.836925273473,103.63434707607,
    324.34102350133));
#3765 = CARTESIAN_POINT('',(77.735543779135,102.94928409361,
    329.00300601985));
#3766 = CARTESIAN_POINT('',(76.089883367439,102.29620109264,
    333.7421585481));
#3767 = CARTESIAN_POINT('',(73.771213727892,101.71899611898,
    338.51075427773));
#3768 = CARTESIAN_POINT('',(70.751165310774,101.20053262155,
    343.238306084));
#3769 = CARTESIAN_POINT('',(66.634607003133,100.92104993307,
    347.738884985));
#3770 = CARTESIAN_POINT('',(62.405751389389,100.26191055869,
    352.03977171674));
#3771 = CARTESIAN_POINT('',(53.914867313071,101.11895219386,
    355.13426136337));
#3772 = CARTESIAN_POINT('',(56.189992844347,96.285790292944,
    360.05014860536));
#3773 = CARTESIAN_POINT('',(55.580374795562,91.948491866464,
    364.9619416779));
#3774 = CARTESIAN_POINT('',(55.743721459427,86.378191644129,
    370.17913947458));
#3775 = CARTESIAN_POINT('',(55.699952852751,79.987164899277,
    375.42717590677));
#3776 = CARTESIAN_POINT('',(55.711680615592,72.641475129268,
    380.57969474847));
#3777 = CARTESIAN_POINT('',(55.708538170903,64.386780610834,
    385.46728565248));
#3778 = CARTESIAN_POINT('',(55.709380186816,55.257805372379,
    389.93475803402));
#3779 = CARTESIAN_POINT('',(55.709154567853,45.331263568652,
    393.83260332757));
#3780 = CARTESIAN_POINT('',(55.709215027792,34.711269676592,
    397.02647783455));
#3781 = CARTESIAN_POINT('',(55.709198807001,23.530500127666,
    399.40177615554));
#3782 = CARTESIAN_POINT('',(55.709203230226,11.94484391452,
    400.86893375468));
#3783 = CARTESIAN_POINT('',(55.709202248819,4.066886015705,
    401.2013023122));
#3784 = CARTESIAN_POINT('',(55.70920224767,0.12,401.20129846727));
#3785 = PCURVE('',#80,#3786);
#3786 = DEFINITIONAL_REPRESENTATION('',(#3787),#3791);
#3787 = LINE('',#3788,#3789);
#3788 = CARTESIAN_POINT('',(0.74,0.));
#3789 = VECTOR('',#3790,1.);
#3790 = DIRECTION('',(0.,1.));
#3791 = ( GEOMETRIC_REPRESENTATION_CONTEXT(2) 
PARAMETRIC_REPRESENTATION_CONTEXT() REPRESENTATION_CONTEXT('2D SPACE',''
  ) );
#3792 = PCURVE('',#3793,#3840);
#3793 = B_SPLINE_SURFACE_WITH_KNOTS('',3,1,(
    (#3794,#3795)
    ,(#3796,#3797)
    ,(#3798,#3799)
    ,(#3800,#3801)
    ,(#3802,#3803)
    ,(#3804,#3805)
    ,(#3806,#3807)
    ,(#3808,#3809)
    ,(#3810,#3811)
    ,(#3812,#3813)
    ,(#3814,#3815)
    ,(#3816,#3817)
    ,(#3818,#3819)
    ,(#3820,#3821)
    ,(#3822,#3823)
    ,(#3824,#3825)
    ,(#3826,#3827)
    ,(#3828,#3829)
    ,(#3830,#3831)
    ,(#3832,#3833)
    ,(#3834,#3835)
    ,(#3836,#3837)
    ,(#3838,#3839
    )),.UNSPECIFIED.,.F.,.F.,.F.,(4,1,1,1,1,1,1,1,1,1,1,1,1,1,1,1,1,1,1,
    1,4),(2,2),(0.321666666667,0.333333333333,0.354166666667,0.375,
    0.395833333333,0.416666666667,0.4375,0.458333333333,0.479166666667,
    0.5,0.520833333333,0.541666666667,0.5625,0.583333333333,
    0.604166666667,0.625,0.645833333333,0.666666666667,0.6875,
    0.708333333333,0.72),(0.,1.),.UNSPECIFIED.);
#3794 = CARTESIAN_POINT('',(64.140106805402,113.91155797964,
    280.59704443258));
#3795 = CARTESIAN_POINT('',(63.019568657633,111.84297591409,
    281.06743630633));
#3796 = CARTESIAN_POINT('',(65.052210780925,113.44612106882,
    280.75191349668));
#3797 = CARTESIAN_POINT('',(63.901134414517,111.39285322822,
    281.21787492178));
#3798 = CARTESIAN_POINT('',(67.238368888254,112.25935829972,
    281.17928949346));
#3799 = CARTESIAN_POINT('',(66.000269892222,110.25089029844,
    281.63276530625));
#3800 = CARTESIAN_POINT('',(70.751165310774,110.24559653978,
    282.03870876097));
#3801 = CARTESIAN_POINT('',(69.455463459989,108.27413003551,
    282.47754223528));
#3802 = CARTESIAN_POINT('',(73.771213727892,108.50317761043,
    283.59114731316));
#3803 = CARTESIAN_POINT('',(72.407948867194,106.56991964292,
    283.99884265373));
#3804 = CARTESIAN_POINT('',(76.089883367439,107.25315704918,
    285.67662290058));
#3805 = CARTESIAN_POINT('',(74.686815366634,105.34029910253,
    286.0419650563));
#3806 = CARTESIAN_POINT('',(77.735543779135,106.50311114364,
    288.3335506427));
#3807 = CARTESIAN_POINT('',(76.307097403226,104.59892402036,
    288.64236953267));
#3808 = CARTESIAN_POINT('',(78.836925273473,106.1306788008,
    291.47796662322));
#3809 = CARTESIAN_POINT('',(77.395209927792,104.22645785056,
    291.71758005081));
#3810 = CARTESIAN_POINT('',(79.497330066041,105.99584568454,
    294.91287135522));
#3811 = CARTESIAN_POINT('',(78.050712357349,104.08705858628,
    295.07483381406));
#3812 = CARTESIAN_POINT('',(79.827829053774,105.98074107606,
    298.61257643737));
#3813 = CARTESIAN_POINT('',(78.382791838412,104.0653305461,
    298.68914012319));
#3814 = CARTESIAN_POINT('',(79.937968544952,105.96392267379,
    302.52486368949));
#3815 = CARTESIAN_POINT('',(78.499092925293,104.04232083338,
    302.50972083375));
#3816 = CARTESIAN_POINT('',(79.937974525014,105.83137246201,
    306.61841486461));
#3817 = CARTESIAN_POINT('',(78.5081720408,103.90613356101,
    306.50632209949));
#3818 = CARTESIAN_POINT('',(79.937968544952,105.47523214567,
    310.86475938327));
#3819 = CARTESIAN_POINT('',(78.518479559201,103.55083252146,
    310.65151878009));
#3820 = CARTESIAN_POINT('',(79.827829053774,104.9528632869,
    315.24738592987));
#3821 = CARTESIAN_POINT('',(78.42167551795,103.03313508912,
    314.92888719604));
#3822 = CARTESIAN_POINT('',(79.497330066041,104.32108380054,
    319.7454567726));
#3823 = CARTESIAN_POINT('',(78.10930717525,102.40927498546,
    319.31784896337));
#3824 = CARTESIAN_POINT('',(78.836925273473,103.63434707607,
    324.34102350133));
#3825 = CARTESIAN_POINT('',(77.47383821759,101.73305956715,
    323.80069507053));
#3826 = CARTESIAN_POINT('',(77.735543779135,102.94928409361,
    329.00300601985));
#3827 = CARTESIAN_POINT('',(76.406223635044,101.06033232261,
    328.34694959812));
#3828 = CARTESIAN_POINT('',(76.089883367439,102.29620109264,
    333.7421585481));
#3829 = CARTESIAN_POINT('',(74.807273967536,100.42023536571,
    332.96660366383));
#3830 = CARTESIAN_POINT('',(73.771213727892,101.71899611898,
    338.51075427773));
#3831 = CARTESIAN_POINT('',(72.551184754831,99.855467389963,
    337.61241373414));
#3832 = CARTESIAN_POINT('',(70.751165310774,101.20053262155,
    343.238306084));
#3833 = CARTESIAN_POINT('',(69.626219744542,99.344671645875,
    342.21204054681));
#3834 = CARTESIAN_POINT('',(67.238368888254,100.96204072738,
    347.07880007952));
#3835 = CARTESIAN_POINT('',(66.198045616496,99.114765404393,
    345.94487552915));
#3836 = CARTESIAN_POINT('',(65.052210780925,100.66272097757,
    349.33810596419));
#3837 = CARTESIAN_POINT('',(64.126865032111,98.808494203524,
    348.12830308267));
#3838 = CARTESIAN_POINT('',(64.140106805402,100.59091937826,
    350.10923602007));
#3839 = CARTESIAN_POINT('',(63.25628178507,98.735047500137,
    348.87267955056));
#3840 = DEFINITIONAL_REPRESENTATION('',(#3841),#3845);
#3841 = LINE('',#3842,#3843);
#3842 = CARTESIAN_POINT('',(0.,0.));
#3843 = VECTOR('',#3844,1.);
#3844 = DIRECTION('',(1.,0.));
#3845 = ( GEOMETRIC_REPRESENTATION_CONTEXT(2) 
PARAMETRIC_REPRESENTATION_CONTEXT() REPRESENTATION_CONTEXT('2D SPACE',''
  ) );
#3846 = ORIENTED_EDGE('',*,*,#3847,.F.);
#3847 = EDGE_CURVE('',#3848,#3730,#3850,.T.);
#3848 = VERTEX_POINT('',#3849);
#3849 = CARTESIAN_POINT('',(-4.360232833402,121.8205616617,
    339.89886891534));
#3850 = SURFACE_CURVE('',#3851,(#3919,#3926),.PCURVE_S1.);
#3851 = B_SPLINE_CURVE_WITH_KNOTS('',3,(#3852,#3853,#3854,#3855,#3856,
    #3857,#3858,#3859,#3860,#3861,#3862,#3863,#3864,#3865,#3866,#3867,
    #3868,#3869,#3870,#3871,#3872,#3873,#3874,#3875,#3876,#3877,#3878,
    #3879,#3880,#3881,#3882,#3883,#3884,#3885,#3886,#3887,#3888,#3889,
    #3890,#3891,#3892,#3893,#3894,#3895,#3896,#3897,#3898,#3899,#3900,
    #3901,#3902,#3903,#3904,#3905,#3906,#3907,#3908,#3909,#3910,#3911,
    #3912,#3913,#3914,#3915,#3916,#3917,#3918),.UNSPECIFIED.,.F.,.F.,(4,
    1,1,1,1,1,1,1,1,1,1,1,1,1,1,1,1,1,1,1,1,1,1,1,1,1,1,1,1,1,1,1,1,1,1,
    1,1,1,1,1,1,1,1,1,1,1,1,1,1,1,1,1,1,1,1,1,1,1,1,1,1,1,1,1,4),(0.,
    1.5625E-02,3.125E-02,4.6875E-02,6.25E-02,7.8125E-02,9.375E-02,
    0.109375,0.125,0.140625,0.15625,0.171875,0.1875,0.203125,0.21875,
    0.234375,0.25,0.265625,0.28125,0.296875,0.3125,0.328125,0.34375,
    0.359375,0.375,0.390625,0.40625,0.421875,0.4375,0.453125,0.46875,
    0.484375,0.5,0.515625,0.53125,0.546875,0.5625,0.578125,0.59375,
    0.609375,0.625,0.640625,0.65625,0.671875,0.6875,0.703125,0.71875,
    0.734375,0.75,0.765625,0.78125,0.796875,0.8125,0.828125,0.84375,
    0.859375,0.875,0.890625,0.90625,0.921875,0.9375,0.953125,0.96875,
    0.984375,1.),.QUASI_UNIFORM_KNOTS.);
#3852 = CARTESIAN_POINT('',(-170.,4.605011485276,313.11090702727));
#3853 = CARTESIAN_POINT('',(-168.6527755374,9.786990859355,
    313.3626319732));
#3854 = CARTESIAN_POINT('',(-165.9549534562,23.095796515598,
    313.24194855868));
#3855 = CARTESIAN_POINT('',(-161.8898346261,36.823166930238,
    313.95387964017));
#3856 = CARTESIAN_POINT('',(-157.7980645803,47.646147898435,
    315.0819470702));
#3857 = CARTESIAN_POINT('',(-153.6713754599,57.857964150514,
    316.21943604344));
#3858 = CARTESIAN_POINT('',(-149.5015080788,66.687859117755,
    317.35592962472));
#3859 = CARTESIAN_POINT('',(-145.2801709118,74.25735000275,
    318.26809396833));
#3860 = CARTESIAN_POINT('',(-140.9991931169,80.029869097468,
    318.97189331519));
#3861 = CARTESIAN_POINT('',(-136.6499534586,85.089143983403,
    319.82057492869));
#3862 = CARTESIAN_POINT('',(-132.2255115921,89.849310891379,
    320.54441234964));
#3863 = CARTESIAN_POINT('',(-127.7126540037,94.176055332076,
    321.24667610473));
#3864 = CARTESIAN_POINT('',(-123.1215789638,98.098376265556,
    321.92549830798));
#3865 = CARTESIAN_POINT('',(-118.473374426,101.58354649985,
    322.62055614355));
#3866 = CARTESIAN_POINT('',(-113.7657165601,104.65290474708,
    323.36822021029));
#3867 = CARTESIAN_POINT('',(-109.0025547045,107.25731539396,
    324.19264292141));
#3868 = CARTESIAN_POINT('',(-104.186157307,109.47290713969,
    325.10481755189));
#3869 = CARTESIAN_POINT('',(-99.31924320881,111.60644618188,
    326.0494740773));
#3870 = CARTESIAN_POINT('',(-94.40441056856,113.70579673023,
    327.0192273996));
#3871 = CARTESIAN_POINT('',(-89.44428988166,115.69143985377,
    328.0311681014));
#3872 = CARTESIAN_POINT('',(-84.44150297893,117.5560954434,
    329.03443311514));
#3873 = CARTESIAN_POINT('',(-79.39867401284,119.25769669858,
    330.03468109028));
#3874 = CARTESIAN_POINT('',(-74.31842651378,120.76389793788,
    331.01930340645));
#3875 = CARTESIAN_POINT('',(-69.20338417883,122.0388067432,
    331.97925970886));
#3876 = CARTESIAN_POINT('',(-64.0561706604,123.04915235665,
    332.9039026823));
#3877 = CARTESIAN_POINT('',(-58.87940962289,123.75311617642,
    333.7835973584));
#3878 = CARTESIAN_POINT('',(-53.67572472745,124.13971414675,
    334.60503472139));
#3879 = CARTESIAN_POINT('',(-48.44773963613,124.08321775113,
    335.36813080523));
#3880 = CARTESIAN_POINT('',(-43.19807801074,123.87689143201,
    336.05399586789));
#3881 = CARTESIAN_POINT('',(-37.92936351313,123.6823381502,
    336.66607927789));
#3882 = CARTESIAN_POINT('',(-32.64421980516,123.45387695765,
    337.22270195032));
#3883 = CARTESIAN_POINT('',(-27.34527054867,123.20317417012,
    337.73860141893));
#3884 = CARTESIAN_POINT('',(-22.03513940554,122.92661395588,
    338.22992234489));
#3885 = CARTESIAN_POINT('',(-16.7164500376,122.62468197316,
    338.71277832049));
#3886 = CARTESIAN_POINT('',(-11.3918261067,122.29707542988,
    339.20354595617));
#3887 = CARTESIAN_POINT('',(-6.063891274741,121.94289360578,
    339.71865219678));
#3888 = CARTESIAN_POINT('',(-0.735269203396,121.56477922174,
    340.27465154929));
#3889 = CARTESIAN_POINT('',(4.591416444812,121.15217499728,
    340.88764700947));
#3890 = CARTESIAN_POINT('',(9.913542010532,120.74416262198,
    341.57504417717));
#3891 = CARTESIAN_POINT('',(15.228483822573,120.2137802431,
    342.34955129242));
#3892 = CARTESIAN_POINT('',(20.533618253928,119.10521214478,
    343.1746419283));
#3893 = CARTESIAN_POINT('',(25.8263215127,117.61779090156,
    344.03992582913));
#3894 = CARTESIAN_POINT('',(31.103970422369,115.79051473235,
    344.92957558669));
#3895 = CARTESIAN_POINT('',(36.36393950979,113.70184446571,
    345.82976461987));
#3896 = CARTESIAN_POINT('',(41.603611872948,111.41680956599,
    346.72591833525));
#3897 = CARTESIAN_POINT('',(46.820338621927,109.00500573838,
    347.60713056041));
#3898 = CARTESIAN_POINT('',(52.01159024729,106.519505283,348.45158098884
    ));
#3899 = CARTESIAN_POINT('',(57.174391705582,104.05837253892,
    349.27849199652));
#3900 = CARTESIAN_POINT('',(62.307430708944,101.59986543391,
    350.00669445017));
#3901 = CARTESIAN_POINT('',(67.403189481148,98.840723579171,
    350.3459950108));
#3902 = CARTESIAN_POINT('',(72.477309443847,95.757500537951,
    350.34897240287));
#3903 = CARTESIAN_POINT('',(77.54839819291,92.426001699809,
    350.07610181467));
#3904 = CARTESIAN_POINT('',(82.611904126323,88.787890780862,
    349.69051956723));
#3905 = CARTESIAN_POINT('',(87.66948113044,85.323531966793,
    348.58125007744));
#3906 = CARTESIAN_POINT('',(92.721120336022,81.727305992781,
    347.31060211182));
#3907 = CARTESIAN_POINT('',(97.767258407844,77.803445790986,
    346.21084202907));
#3908 = CARTESIAN_POINT('',(102.8082126302,73.700020182779,
    345.21021888866));
#3909 = CARTESIAN_POINT('',(107.8443322753,69.095133759478,
    344.43873164776));
#3910 = CARTESIAN_POINT('',(112.87595804421,64.00385644337,
    343.60167244884));
#3911 = CARTESIAN_POINT('',(117.90343293462,58.354079077281,
    342.57880970525));
#3912 = CARTESIAN_POINT('',(122.92709932885,52.112138303682,
    341.22961094043));
#3913 = CARTESIAN_POINT('',(127.94729977409,45.155192693219,
    339.32964834148));
#3914 = CARTESIAN_POINT('',(132.96437677346,37.689410184893,
    337.00239441905));
#3915 = CARTESIAN_POINT('',(137.97867284144,27.956363588196,
    332.2667984802));
#3916 = CARTESIAN_POINT('',(142.99053049117,16.207398109095,
    325.48249940235));
#3917 = CARTESIAN_POINT('',(146.33037165022,8.811202406024,
    321.64796652935));
#3918 = CARTESIAN_POINT('',(148.,4.059696499219,318.58110201404));
#3919 = PCURVE('',#80,#3920);
#3920 = DEFINITIONAL_REPRESENTATION('',(#3921),#3925);
#3921 = LINE('',#3922,#3923);
#3922 = CARTESIAN_POINT('',(0.,0.72));
#3923 = VECTOR('',#3924,1.);
#3924 = DIRECTION('',(1.,0.));
#3925 = ( GEOMETRIC_REPRESENTATION_CONTEXT(2) 
PARAMETRIC_REPRESENTATION_CONTEXT() REPRESENTATION_CONTEXT('2D SPACE',''
  ) );
#3926 = PCURVE('',#3927,#4010);
#3927 = B_SPLINE_SURFACE_WITH_KNOTS('',3,1,(
    (#3928,#3929)
    ,(#3930,#3931)
    ,(#3932,#3933)
    ,(#3934,#3935)
    ,(#3936,#3937)
    ,(#3938,#3939)
    ,(#3940,#3941)
    ,(#3942,#3943)
    ,(#3944,#3945)
    ,(#3946,#3947)
    ,(#3948,#3949)
    ,(#3950,#3951)
    ,(#3952,#3953)
    ,(#3954,#3955)
    ,(#3956,#3957)
    ,(#3958,#3959)
    ,(#3960,#3961)
    ,(#3962,#3963)
    ,(#3964,#3965)
    ,(#3966,#3967)
    ,(#3968,#3969)
    ,(#3970,#3971)
    ,(#3972,#3973)
    ,(#3974,#3975)
    ,(#3976,#3977)
    ,(#3978,#3979)
    ,(#3980,#3981)
    ,(#3982,#3983)
    ,(#3984,#3985)
    ,(#3986,#3987)
    ,(#3988,#3989)
    ,(#3990,#3991)
    ,(#3992,#3993)
    ,(#3994,#3995)
    ,(#3996,#3997)
    ,(#3998,#3999)
    ,(#4000,#4001)
    ,(#4002,#4003)
    ,(#4004,#4005)
    ,(#4006,#4007)
    ,(#4008,#4009
    )),.UNSPECIFIED.,.F.,.F.,.F.,(4,1,1,1,1,1,1,1,1,1,1,1,1,1,1,1,1,1,1,
    1,1,1,1,1,1,1,1,1,1,1,1,1,1,1,1,1,1,1,4),(2,2),(0.16625,0.171875,
    0.1875,0.203125,0.21875,0.234375,0.25,0.265625,0.28125,0.296875,
    0.3125,0.328125,0.34375,0.359375,0.375,0.390625,0.40625,0.421875,
    0.4375,0.453125,0.46875,0.484375,0.5,0.515625,0.53125,0.546875,
    0.5625,0.578125,0.59375,0.609375,0.625,0.640625,0.65625,0.671875,
    0.6875,0.703125,0.71875,0.734375,0.74),(0.,1.),.UNSPECIFIED.);
#3928 = CARTESIAN_POINT('',(-124.7712617334,96.66409652683,
    321.6816493789));
#3929 = CARTESIAN_POINT('',(-123.2195963278,94.908425241597,
    321.15928809317));
#3930 = CARTESIAN_POINT('',(-124.219536933,97.127176420457,
    321.7636893317));
#3931 = CARTESIAN_POINT('',(-122.6807730564,95.361073708066,
    321.23797545996));
#3932 = CARTESIAN_POINT('',(-122.1299619957,98.841879248873,
    322.0737773129));
#3933 = CARTESIAN_POINT('',(-120.6409582719,97.036458215236,
    321.53523480271));
#3934 = CARTESIAN_POINT('',(-118.473374426,101.58354649985,
    322.62055614355));
#3935 = CARTESIAN_POINT('',(-117.0772735946,99.711639540896,
    322.05865048645));
#3936 = CARTESIAN_POINT('',(-113.7657165601,104.65290474708,
    323.36822021029));
#3937 = CARTESIAN_POINT('',(-112.487033083,102.70624374312,322.775469794
    ));
#3938 = CARTESIAN_POINT('',(-109.0025547045,107.25731539396,
    324.19264292141));
#3939 = CARTESIAN_POINT('',(-107.8946390448,105.22480913252,
    323.55737127113));
#3940 = CARTESIAN_POINT('',(-104.186157307,109.47290713969,
    325.10481755189));
#3941 = CARTESIAN_POINT('',(-103.149944629,107.41258918765,
    324.43788611519));
#3942 = CARTESIAN_POINT('',(-99.31924320881,111.60644618188,
    326.0494740773));
#3943 = CARTESIAN_POINT('',(-98.28297451883,109.55468023761,
    325.359351124));
#3944 = CARTESIAN_POINT('',(-94.40441056856,113.70579673023,
    327.0192273996));
#3945 = CARTESIAN_POINT('',(-93.4075997022,111.64405784966,
    326.29986392539));
#3946 = CARTESIAN_POINT('',(-89.44428988166,115.69143985377,
    328.0311681014));
#3947 = CARTESIAN_POINT('',(-88.48887929132,113.62117205555,
    327.2808185811));
#3948 = CARTESIAN_POINT('',(-84.44150297893,117.5560954434,
    329.03443311514));
#3949 = CARTESIAN_POINT('',(-83.54273794538,115.47253620374,
    328.25101418752));
#3950 = CARTESIAN_POINT('',(-79.39867401284,119.25769669858,
    330.03468109028));
#3951 = CARTESIAN_POINT('',(-78.5697271102,117.1584469977,
    329.21647697545));
#3952 = CARTESIAN_POINT('',(-74.31842651378,120.76389793788,
    331.01930340645));
#3953 = CARTESIAN_POINT('',(-73.57451432782,118.64697162605,
    330.16505528908));
#3954 = CARTESIAN_POINT('',(-69.20338417883,122.0388067432,
    331.97925970886));
#3955 = CARTESIAN_POINT('',(-68.56097636712,119.90357798885,
    331.088446472));
#3956 = CARTESIAN_POINT('',(-64.0561706604,123.04915235665,
    332.9039026823));
#3957 = CARTESIAN_POINT('',(-63.53208809014,120.89657559317,
    331.97699145544));
#3958 = CARTESIAN_POINT('',(-58.87940962289,123.75311617642,
    333.7835973584));
#3959 = CARTESIAN_POINT('',(-58.49437813497,121.58635083151,
    332.82246538227));
#3960 = CARTESIAN_POINT('',(-53.67572472745,124.13971414675,
    334.60503472139));
#3961 = CARTESIAN_POINT('',(-53.43889625601,121.96406920682,
    333.61298257175));
#3962 = CARTESIAN_POINT('',(-48.44773963613,124.08321775113,
    335.36813080523));
#3963 = CARTESIAN_POINT('',(-48.4111535931,121.908254318,334.35140144616
    ));
#3964 = CARTESIAN_POINT('',(-43.19807801074,123.87689143201,
    336.05399586789));
#3965 = CARTESIAN_POINT('',(-43.13944300175,121.71306650566,
    335.01795935639));
#3966 = CARTESIAN_POINT('',(-37.92936351313,123.6823381502,
    336.66607927789));
#3967 = CARTESIAN_POINT('',(-37.9026560655,121.52741341976,
    335.60950176271));
#3968 = CARTESIAN_POINT('',(-32.64421980516,123.45387695765,
    337.22270195032));
#3969 = CARTESIAN_POINT('',(-32.63163768332,121.30891753276,
    336.1461135025));
#3970 = CARTESIAN_POINT('',(-27.34527054867,123.20317417012,
    337.73860141893));
#3971 = CARTESIAN_POINT('',(-27.34795387665,121.06827731184,
    336.64205866469));
#3972 = CARTESIAN_POINT('',(-22.03513940554,122.92661395588,
    338.22992234489));
#3973 = CARTESIAN_POINT('',(-22.04883401955,120.80205777412,
    337.11360687377));
#3974 = CARTESIAN_POINT('',(-16.7164500376,122.62468197316,
    338.71277832049));
#3975 = CARTESIAN_POINT('',(-16.73817876915,120.51062724639,
    337.57683890889));
#3976 = CARTESIAN_POINT('',(-11.3918261067,122.29707542988,
    339.20354595617));
#3977 = CARTESIAN_POINT('',(-11.41758980794,120.19365105125,
    338.048139238));
#3978 = CARTESIAN_POINT('',(-6.063891274741,121.94289360578,
    339.71865219678));
#3979 = CARTESIAN_POINT('',(-6.091246241777,119.85021037336,
    338.54395637735));
#3980 = CARTESIAN_POINT('',(-0.735269203396,121.56477922174,
    340.27465154929));
#3981 = CARTESIAN_POINT('',(-0.755372823084,119.48286220323,
    339.08080116088));
#3982 = CARTESIAN_POINT('',(4.591416444812,121.15217499728,
    340.88764700947));
#3983 = CARTESIAN_POINT('',(4.564504762904,119.08130816228,
    339.67502295399));
#3984 = CARTESIAN_POINT('',(9.913542010532,120.74416262198,
    341.57504417717));
#3985 = CARTESIAN_POINT('',(9.951879823235,118.68367992592,
    340.3432347937));
#3986 = CARTESIAN_POINT('',(15.228483822573,120.2137802431,
    342.34955129242));
#3987 = CARTESIAN_POINT('',(15.089617237582,118.16621575869,
    341.10091316967));
#3988 = CARTESIAN_POINT('',(20.533618253928,119.10521214478,
    343.1746419283));
#3989 = CARTESIAN_POINT('',(20.233741827113,117.07970376283,
    341.91940302898));
#3990 = CARTESIAN_POINT('',(25.8263215127,117.61779090156,
    344.03992582913));
#3991 = CARTESIAN_POINT('',(25.402478412177,115.61651008383,
    342.78271578193));
#3992 = CARTESIAN_POINT('',(31.103970422369,115.79051473235,
    344.92957558669));
#3993 = CARTESIAN_POINT('',(30.5781779691,113.81332025818,
    343.67335297175));
#3994 = CARTESIAN_POINT('',(36.36393950979,113.70184446571,
    345.82976461987));
#3995 = CARTESIAN_POINT('',(35.760141451722,111.74621924806,
    344.57540040252));
#3996 = CARTESIAN_POINT('',(41.603611872948,111.41680956599,
    346.72591833525));
#3997 = CARTESIAN_POINT('',(40.94149237266,109.47943293154,
    345.47318662969));
#3998 = CARTESIAN_POINT('',(46.820338621927,109.00500573838,
    347.60713056041));
#3999 = CARTESIAN_POINT('',(46.123219898771,107.08025051286,
    346.35386905061));
#4000 = CARTESIAN_POINT('',(52.01159024729,106.519505283,348.45158098884
    ));
#4001 = CARTESIAN_POINT('',(51.282190762843,104.60759852782,
    347.19826018304));
#4002 = CARTESIAN_POINT('',(57.174391705582,104.05837253892,
    349.27849199652));
#4003 = CARTESIAN_POINT('',(56.475946184927,102.14017102205,
    348.01408742404));
#4004 = CARTESIAN_POINT('',(61.212382388227,102.12434694965,
    349.8513445934));
#4005 = CARTESIAN_POINT('',(60.436831172446,100.2317327758,
    348.59600775885));
#4006 = CARTESIAN_POINT('',(63.527867817159,100.91714805653,
    350.06157754883));
#4007 = CARTESIAN_POINT('',(62.667420532717,99.053218424498,
    348.8208596159));
#4008 = CARTESIAN_POINT('',(64.140106805402,100.59091937826,
    350.10923602007));
#4009 = CARTESIAN_POINT('',(63.25628178507,98.735047500137,
    348.87267955056));
#4010 = DEFINITIONAL_REPRESENTATION('',(#4011),#4015);
#4011 = LINE('',#4012,#4013);
#4012 = CARTESIAN_POINT('',(0.,0.));
#4013 = VECTOR('',#4014,1.);
#4014 = DIRECTION('',(1.,0.));
#4015 = ( GEOMETRIC_REPRESENTATION_CONTEXT(2) 
PARAMETRIC_REPRESENTATION_CONTEXT() REPRESENTATION_CONTEXT('2D SPACE',''
  ) );
#4016 = ORIENTED_EDGE('',*,*,#4017,.T.);
#4017 = EDGE_CURVE('',#3848,#4018,#4020,.T.);
#4018 = VERTEX_POINT('',#4019);
#4019 = CARTESIAN_POINT('',(-9.499785945854,123.97216704932,
    335.97410064166));
#4020 = SURFACE_CURVE('',#4021,(#4094,#4170),.PCURVE_S1.);
#4021 = B_SPLINE_CURVE_WITH_KNOTS('',8,(#4022,#4023,#4024,#4025,#4026,
    #4027,#4028,#4029,#4030,#4031,#4032,#4033,#4034,#4035,#4036,#4037,
    #4038,#4039,#4040,#4041,#4042,#4043,#4044,#4045,#4046,#4047,#4048,
    #4049,#4050,#4051,#4052,#4053,#4054,#4055,#4056,#4057,#4058,#4059,
    #4060,#4061,#4062,#4063,#4064,#4065,#4066,#4067,#4068,#4069,#4070,
    #4071,#4072,#4073,#4074,#4075,#4076,#4077,#4078,#4079,#4080,#4081,
    #4082,#4083,#4084,#4085,#4086,#4087,#4088,#4089,#4090,#4091,#4092,
    #4093),.UNSPECIFIED.,.F.,.F.,(9,7,7,7,7,7,7,7,7,7,9),(0.,
    0.151348038209,0.19581538966,0.237890679495,0.321433518644,
    0.405050643391,0.566617946219,0.780987716713,0.856985278315,
    0.922662730415,1.),.UNSPECIFIED.);
#4022 = CARTESIAN_POINT('',(-4.360733589808,121.82053084125,
    339.89893401164));
#4023 = CARTESIAN_POINT('',(-3.975951836965,121.84420241373,
    339.84893317406));
#4024 = CARTESIAN_POINT('',(-3.596486354663,121.88668765009,
    339.76585414234));
#4025 = CARTESIAN_POINT('',(-3.226970327906,121.94767797142,
    339.65024066042));
#4026 = CARTESIAN_POINT('',(-2.871692202694,122.02644048523,
    339.50320161182));
#4027 = CARTESIAN_POINT('',(-2.534651030461,122.12190779164,
    339.32626421959));
#4028 = CARTESIAN_POINT('',(-2.21957986065,122.23272398186,
    339.12133371257));
#4029 = CARTESIAN_POINT('',(-1.929919807761,122.35725371892,
    338.8907386134));
#4030 = CARTESIAN_POINT('',(-1.591986855673,122.53360962416,
    338.56289035527));
#4031 = CARTESIAN_POINT('',(-1.517695829341,122.57467881841,
    338.48646391562));
#4032 = CARTESIAN_POINT('',(-1.445929542833,122.61672161746,
    338.40813035161));
#4033 = CARTESIAN_POINT('',(-1.376759634603,122.65968952708,
    338.32796090387));
#4034 = CARTESIAN_POINT('',(-1.310254178915,122.70353281484,
    338.24602918762));
#4035 = CARTESIAN_POINT('',(-1.246477685844,122.74820051012,
    338.16241119259));
#4036 = CARTESIAN_POINT('',(-1.185491101278,122.79364040407,
    338.07718528306));
#4037 = CARTESIAN_POINT('',(-1.072340038028,122.88347465269,
    337.90834587869));
#4038 = CARTESIAN_POINT('',(-1.019877292437,122.92779366593,
    337.82489202312));
#4039 = CARTESIAN_POINT('',(-0.97001207592,122.9727119429,
    337.74013936352));
#4040 = CARTESIAN_POINT('',(-0.922789699269,123.01818491954,
    337.65415837822));
#4041 = CARTESIAN_POINT('',(-0.878252278294,123.06416761417,
    337.56702129156));
#4042 = CARTESIAN_POINT('',(-0.836438733818,123.11061462747,
    337.47880207384));
#4043 = CARTESIAN_POINT('',(-0.797384791684,123.15748014251,
    337.38957644136));
#4044 = CARTESIAN_POINT('',(-0.689123134785,123.29851118104,337.12041489
    ));
#4045 = CARTESIAN_POINT('',(-0.628126263919,123.39377810836,
    336.93773430918));
#4046 = CARTESIAN_POINT('',(-0.578390856794,123.49015423458,
    336.75199239074));
#4047 = CARTESIAN_POINT('',(-0.540114782945,123.58727742777,
    336.56381460072));
#4048 = CARTESIAN_POINT('',(-0.513439843755,123.68478967415,
    336.37383920236));
#4049 = CARTESIAN_POINT('',(-0.498453109925,123.78233832941,
    336.18271716466));
#4050 = CARTESIAN_POINT('',(-0.495185047467,123.87957684326,
    335.99111237142));
#4051 = CARTESIAN_POINT('',(-0.512031303408,124.07283895652,
    335.60812169004));
#4052 = CARTESIAN_POINT('',(-0.532167035601,124.16886850409,
    335.41672205893));
#4053 = CARTESIAN_POINT('',(-0.563983207024,124.26391201496,
    335.22618284496));
#4054 = CARTESIAN_POINT('',(-0.60739025453,124.35764477617,
    335.03717610603));
#4055 = CARTESIAN_POINT('',(-0.662242693543,124.44975845502,
    334.85036692126));
#4056 = CARTESIAN_POINT('',(-0.728341172249,124.53996046186,
    334.66641308652));
#4057 = CARTESIAN_POINT('',(-0.80543136002,124.62797316732,
    334.48596393473));
#4058 = CARTESIAN_POINT('',(-1.062788007089,124.8788539799,
    333.96899565931));
#4059 = CARTESIAN_POINT('',(-1.272325443763,125.03509540899,
    333.64363654159));
#4060 = CARTESIAN_POINT('',(-1.519542947574,125.18028341355,
    333.33837202589));
#4061 = CARTESIAN_POINT('',(-1.801429280195,125.31278016471,
    333.05741396823));
#4062 = CARTESIAN_POINT('',(-2.114465935053,125.4312808872,
    332.80458404307));
#4063 = CARTESIAN_POINT('',(-2.454616740931,125.53466925287,
    332.58321933565));
#4064 = CARTESIAN_POINT('',(-2.817356115296,125.62202446377,
    332.39618314427));
#4065 = CARTESIAN_POINT('',(-3.70183131556,125.78638694798,
    332.04585341346));
#4066 = CARTESIAN_POINT('',(-4.23789982461,125.85088980983,
    331.90985599886));
#4067 = CARTESIAN_POINT('',(-4.793046171979,125.88421655371,
    331.84341354951));
#4068 = CARTESIAN_POINT('',(-5.354612432034,125.88583209364,
    331.84869596439));
#4069 = CARTESIAN_POINT('',(-5.910043391373,125.85567627296,
    331.92596987068));
#4070 = CARTESIAN_POINT('',(-6.446984809816,125.79432470491,
    332.07305791993));
#4071 = CARTESIAN_POINT('',(-6.95327451688,125.70282177228,
    332.28587697681));
#4072 = CARTESIAN_POINT('',(-7.581919519023,125.54143574207,
    332.65286371546));
#4073 = CARTESIAN_POINT('',(-7.741255334931,125.49569568753,
    332.75627863498));
#4074 = CARTESIAN_POINT('',(-7.894917706673,125.4465468239,
    332.86676352011));
#4075 = CARTESIAN_POINT('',(-8.042459479464,125.39409049416,
    332.98399568759));
#4076 = CARTESIAN_POINT('',(-8.183459165924,125.33843904805,
    333.107626738));
#4077 = CARTESIAN_POINT('',(-8.317520397502,125.27971675583,
    333.23728396725));
#4078 = CARTESIAN_POINT('',(-8.444272615482,125.2180601365,
    333.3725700915));
#4079 = CARTESIAN_POINT('',(-8.666300118426,125.09792624233,
    333.63447443966));
#4080 = CARTESIAN_POINT('',(-8.763515551836,125.04015242986,
    333.75977888759));
#4081 = CARTESIAN_POINT('',(-8.854798445183,124.98039200128,
    333.88870211286));
#4082 = CARTESIAN_POINT('',(-8.93994610171,124.91874633267,
    334.02096226816));
#4083 = CARTESIAN_POINT('',(-9.018774155856,124.85532292757,
    334.15626848822));
#4084 = CARTESIAN_POINT('',(-9.091116744589,124.79023590659,
    334.29432120285));
#4085 = CARTESIAN_POINT('',(-9.156826678733,124.72360649707,
    334.43481244987));
#4086 = CARTESIAN_POINT('',(-9.285189843628,124.57544077616,
    334.74535835917));
#4087 = CARTESIAN_POINT('',(-9.345232042756,124.49335523034,
    334.91623934095));
#4088 = CARTESIAN_POINT('',(-9.395691488399,124.4095180357,
    335.08955121475));
#4089 = CARTESIAN_POINT('',(-9.436400323719,124.32415019348,
    335.26477040274));
#4090 = CARTESIAN_POINT('',(-9.467231006974,124.23748309897,
    335.44136876665));
#4091 = CARTESIAN_POINT('',(-9.488095762698,124.14975906604,
    335.61881429383));
#4092 = CARTESIAN_POINT('',(-9.498948035408,124.06123183291,
    335.79657137039));
#4093 = CARTESIAN_POINT('',(-9.499785945854,123.97216704932,
    335.97410064166));
#4094 = PCURVE('',#80,#4095);
#4095 = DEFINITIONAL_REPRESENTATION('',(#4096),#4169);
#4096 = B_SPLINE_CURVE_WITH_KNOTS('',8,(#4097,#4098,#4099,#4100,#4101,
    #4102,#4103,#4104,#4105,#4106,#4107,#4108,#4109,#4110,#4111,#4112,
    #4113,#4114,#4115,#4116,#4117,#4118,#4119,#4120,#4121,#4122,#4123,
    #4124,#4125,#4126,#4127,#4128,#4129,#4130,#4131,#4132,#4133,#4134,
    #4135,#4136,#4137,#4138,#4139,#4140,#4141,#4142,#4143,#4144,#4145,
    #4146,#4147,#4148,#4149,#4150,#4151,#4152,#4153,#4154,#4155,#4156,
    #4157,#4158,#4159,#4160,#4161,#4162,#4163,#4164,#4165,#4166,#4167,
    #4168),.UNSPECIFIED.,.F.,.F.,(9,7,7,7,7,7,7,7,7,7,9),(0.,
    0.151348038209,0.19581538966,0.237890679495,0.321433518644,
    0.405050643391,0.566617946219,0.780987716713,0.856985278315,
    0.922662730415,1.),.UNSPECIFIED.);
#4097 = CARTESIAN_POINT('',(0.536244206825,0.7200006));
#4098 = CARTESIAN_POINT('',(0.537257080225,0.719539658257));
#4099 = CARTESIAN_POINT('',(0.538209875097,0.71891139404));
#4100 = CARTESIAN_POINT('',(0.539090242228,0.718121869964));
#4101 = CARTESIAN_POINT('',(0.539888995068,0.717179820207));
#4102 = CARTESIAN_POINT('',(0.540599353453,0.71609576034));
#4103 = CARTESIAN_POINT('',(0.541215740106,0.71488159942));
#4104 = CARTESIAN_POINT('',(0.541732910755,0.713550722794));
#4105 = CARTESIAN_POINT('',(0.542267626188,0.711697718854));
#4106 = CARTESIAN_POINT('',(0.542380098776,0.711268133553));
#4107 = CARTESIAN_POINT('',(0.542483499826,0.710830127901));
#4108 = CARTESIAN_POINT('',(0.542577716721,0.710384078175));
#4109 = CARTESIAN_POINT('',(0.542662640828,0.709930367185));
#4110 = CARTESIAN_POINT('',(0.542738167491,0.709469384274));
#4111 = CARTESIAN_POINT('',(0.542804196037,0.709001525319));
#4112 = CARTESIAN_POINT('',(0.542914027733,0.708078376228));
#4113 = CARTESIAN_POINT('',(0.542958811878,0.707623757738));
#4114 = CARTESIAN_POINT('',(0.542994989188,0.707163698489));
#4115 = CARTESIAN_POINT('',(0.543022580762,0.706698567196));
#4116 = CARTESIAN_POINT('',(0.543041621822,0.706228740063));
#4117 = CARTESIAN_POINT('',(0.543052161714,0.705754600781));
#4118 = CARTESIAN_POINT('',(0.543054263905,0.70527654053));
#4119 = CARTESIAN_POINT('',(0.543035580538,0.703838748904));
#4120 = CARTESIAN_POINT('',(0.542990185773,0.702868591916));
#4121 = CARTESIAN_POINT('',(0.542912392817,0.701887637373));
#4122 = CARTESIAN_POINT('',(0.542802960169,0.700899074075));
#4123 = CARTESIAN_POINT('',(0.54266279186,0.699906132751));
#4124 = CARTESIAN_POINT('',(0.542492906708,0.698912089699));
#4125 = CARTESIAN_POINT('',(0.542294418636,0.697920270548));
#4126 = CARTESIAN_POINT('',(0.54184243669,0.69594696086));
#4127 = CARTESIAN_POINT('',(0.541588877512,0.69496540771));
#4128 = CARTESIAN_POINT('',(0.541309048248,0.693992786292));
#4129 = CARTESIAN_POINT('',(0.541004210186,0.693032433309));
#4130 = CARTESIAN_POINT('',(0.540675656843,0.692087638892));
#4131 = CARTESIAN_POINT('',(0.540324697506,0.691161648808));
#4132 = CARTESIAN_POINT('',(0.539952655675,0.690257660582));
#4133 = CARTESIAN_POINT('',(0.538803887364,0.687680681163));
#4134 = CARTESIAN_POINT('',(0.537972713992,0.686075545281));
#4135 = CARTESIAN_POINT('',(0.537078502395,0.68458731364));
#4136 = CARTESIAN_POINT('',(0.536127336498,0.683235606921));
#4137 = CARTESIAN_POINT('',(0.53513063061,0.68203958137));
#4138 = CARTESIAN_POINT('',(0.534096958798,0.681015366835));
#4139 = CARTESIAN_POINT('',(0.533037494503,0.680177313983));
#4140 = CARTESIAN_POINT('',(0.530539933452,0.678684750738));
#4141 = CARTESIAN_POINT('',(0.529088137296,0.678177865433));
#4142 = CARTESIAN_POINT('',(0.527638595979,0.678043473049));
#4143 = CARTESIAN_POINT('',(0.52621892893,0.678291790826));
#4144 = CARTESIAN_POINT('',(0.52485685492,0.678922898205));
#4145 = CARTESIAN_POINT('',(0.523579793322,0.679922921381));
#4146 = CARTESIAN_POINT('',(0.522416209328,0.68126628914));
#4147 = CARTESIAN_POINT('',(0.52103069063,0.683489155065));
#4148 = CARTESIAN_POINT('',(0.520685509729,0.684108718588));
#4149 = CARTESIAN_POINT('',(0.5203589488,0.684764295466));
#4150 = CARTESIAN_POINT('',(0.520052062828,0.685453933439));
#4151 = CARTESIAN_POINT('',(0.519765893956,0.686175543566));
#4152 = CARTESIAN_POINT('',(0.519501489434,0.686926916259));
#4153 = CARTESIAN_POINT('',(0.519259834946,0.6877056994));
#4154 = CARTESIAN_POINT('',(0.518853192921,0.689203847236));
#4155 = CARTESIAN_POINT('',(0.518682245224,0.689916941772));
#4156 = CARTESIAN_POINT('',(0.51852937772,0.690646986886));
#4157 = CARTESIAN_POINT('',(0.518395059637,0.691392292976));
#4158 = CARTESIAN_POINT('',(0.518279709929,0.692151120904));
#4159 = CARTESIAN_POINT('',(0.51818369526,0.692921686823));
#4160 = CARTESIAN_POINT('',(0.518107327999,0.693702167008));
#4161 = CARTESIAN_POINT('',(0.517984376319,0.695419228288));
#4162 = CARTESIAN_POINT('',(0.517945483207,0.696358955771));
#4163 = CARTESIAN_POINT('',(0.517934604646,0.69730683991));
#4164 = CARTESIAN_POINT('',(0.517952040936,0.698259824333));
#4165 = CARTESIAN_POINT('',(0.517997976151,0.699214854291));
#4166 = CARTESIAN_POINT('',(0.5180724752,0.700168887285));
#4167 = CARTESIAN_POINT('',(0.518175474707,0.701118901558));
#4168 = CARTESIAN_POINT('',(0.518306767711,0.702061902442));
#4169 = ( GEOMETRIC_REPRESENTATION_CONTEXT(2) 
PARAMETRIC_REPRESENTATION_CONTEXT() REPRESENTATION_CONTEXT('2D SPACE',''
  ) );
#4170 = PCURVE('',#4171,#4176);
#4171 = CYLINDRICAL_SURFACE('',#4172,4.5);
#4172 = AXIS2_PLACEMENT_3D('',#4173,#4174,#4175);
#4173 = CARTESIAN_POINT('',(-5.016798528666,122.14266572684,
    335.07251359285));
#4174 = DIRECTION('',(8.399264332926E-03,0.892790708011,0.450393388104)
  );
#4175 = DIRECTION('',(-0.999955748871,9.407459755837E-03,
    2.17493796078E-20));
#4176 = DEFINITIONAL_REPRESENTATION('',(#4177),#4250);
#4177 = B_SPLINE_CURVE_WITH_KNOTS('',8,(#4178,#4179,#4180,#4181,#4182,
    #4183,#4184,#4185,#4186,#4187,#4188,#4189,#4190,#4191,#4192,#4193,
    #4194,#4195,#4196,#4197,#4198,#4199,#4200,#4201,#4202,#4203,#4204,
    #4205,#4206,#4207,#4208,#4209,#4210,#4211,#4212,#4213,#4214,#4215,
    #4216,#4217,#4218,#4219,#4220,#4221,#4222,#4223,#4224,#4225,#4226,
    #4227,#4228,#4229,#4230,#4231,#4232,#4233,#4234,#4235,#4236,#4237,
    #4238,#4239,#4240,#4241,#4242,#4243,#4244,#4245,#4246,#4247,#4248,
    #4249),.UNSPECIFIED.,.F.,.F.,(9,7,7,7,7,7,7,7,7,7,9),(0.,
    0.151348038209,0.19581538966,0.237890679495,0.321433518644,
    0.405050643391,0.566617946219,0.780987716713,0.856985278315,
    0.922662730415,1.),.UNSPECIFIED.);
#4178 = CARTESIAN_POINT('',(1.717784240394,1.891699275091));
#4179 = CARTESIAN_POINT('',(1.804169543841,1.89354487206));
#4180 = CARTESIAN_POINT('',(1.89058358905,1.897244280617));
#4181 = CARTESIAN_POINT('',(1.976969900674,1.902727987737));
#4182 = CARTESIAN_POINT('',(2.063328646795,1.909805087804));
#4183 = CARTESIAN_POINT('',(2.14967435082,1.918176878215));
#4184 = CARTESIAN_POINT('',(2.236023133487,1.927459563796));
#4185 = CARTESIAN_POINT('',(2.3223817314,1.937212979272));
#4186 = CARTESIAN_POINT('',(2.434074682291,1.949839593206));
#4187 = CARTESIAN_POINT('',(2.459438807745,1.952707815091));
#4188 = CARTESIAN_POINT('',(2.484803040888,1.955565100127));
#4189 = CARTESIAN_POINT('',(2.510167501798,1.958399637733));
#4190 = CARTESIAN_POINT('',(2.535532304595,1.961199611284));
#4191 = CARTESIAN_POINT('',(2.560897557438,1.963953198111));
#4192 = CARTESIAN_POINT('',(2.58626336253,1.966648569498));
#4193 = CARTESIAN_POINT('',(2.635631715301,1.971757986239));
#4194 = CARTESIAN_POINT('',(2.659634166483,1.974179173152));
#4195 = CARTESIAN_POINT('',(2.683637297631,1.976528587078));
#4196 = CARTESIAN_POINT('',(2.707641191248,1.978797804037));
#4197 = CARTESIAN_POINT('',(2.731645884359,1.980978840411));
#4198 = CARTESIAN_POINT('',(2.755651368521,1.983064152949));
#4199 = CARTESIAN_POINT('',(2.779657589815,1.985046638767));
#4200 = CARTESIAN_POINT('',(2.85133140898,1.990638574715));
#4201 = CARTESIAN_POINT('',(2.899003755816,1.993926205314));
#4202 = CARTESIAN_POINT('',(2.946678553702,1.996730724151));
#4203 = CARTESIAN_POINT('',(2.994355103912,1.999008867007));
#4204 = CARTESIAN_POINT('',(3.042033805381,2.000727281036));
#4205 = CARTESIAN_POINT('',(3.089714997192,2.001863589473));
#4206 = CARTESIAN_POINT('',(3.137397782828,2.002407148412));
#4207 = CARTESIAN_POINT('',(3.232802287135,2.002311800585));
#4208 = CARTESIAN_POINT('',(3.280527481562,2.001671834672));
#4209 = CARTESIAN_POINT('',(3.328250969709,2.000440963461));
#4210 = CARTESIAN_POINT('',(3.375971815574,1.998632728918));
#4211 = CARTESIAN_POINT('',(3.423690395892,1.996272623681));
#4212 = CARTESIAN_POINT('',(3.471407224055,1.993397367756));
#4213 = CARTESIAN_POINT('',(3.519121798975,1.990053687661));
#4214 = CARTESIAN_POINT('',(3.659017431557,1.979037046331));
#4215 = CARTESIAN_POINT('',(3.751229744731,1.970228386734));
#4216 = CARTESIAN_POINT('',(3.843408862651,1.96028532346));
#4217 = CARTESIAN_POINT('',(3.935564776789,1.949667902412));
#4218 = CARTESIAN_POINT('',(4.027721396694,1.938962042125));
#4219 = CARTESIAN_POINT('',(4.119901810386,1.928707997203));
#4220 = CARTESIAN_POINT('',(4.21211642398,1.919411309965));
#4221 = CARTESIAN_POINT('',(4.426615673597,1.900937473196));
#4222 = CARTESIAN_POINT('',(4.549147813174,1.892770111458));
#4223 = CARTESIAN_POINT('',(4.671581491892,1.887935857925));
#4224 = CARTESIAN_POINT('',(4.793959771441,1.887040618236));
#4225 = CARTESIAN_POINT('',(4.91633600009,1.890256226773));
#4226 = CARTESIAN_POINT('',(5.038763452229,1.897219688832));
#4227 = CARTESIAN_POINT('',(5.161283701393,1.907126555832));
#4228 = CARTESIAN_POINT('',(5.326934780857,1.923050852719));
#4229 = CARTESIAN_POINT('',(5.370289105838,1.927453649391));
#4230 = CARTESIAN_POINT('',(5.413640984472,1.932045011502));
#4231 = CARTESIAN_POINT('',(5.456990774515,1.936773838487));
#4232 = CARTESIAN_POINT('',(5.500339556059,1.941587058543));
#4233 = CARTESIAN_POINT('',(5.543688444671,1.946431084757));
#4234 = CARTESIAN_POINT('',(5.587037927286,1.95125197841));
#4235 = CARTESIAN_POINT('',(5.667849885299,1.960092673013));
#4236 = CARTESIAN_POINT('',(5.705313577688,1.964132506803));
#4237 = CARTESIAN_POINT('',(5.742777987446,1.968078410541));
#4238 = CARTESIAN_POINT('',(5.780243383475,1.971895652198));
#4239 = CARTESIAN_POINT('',(5.81771029183,1.975550754677));
#4240 = CARTESIAN_POINT('',(5.855179173423,1.979012072489));
#4241 = CARTESIAN_POINT('',(5.892650101723,1.98225036843));
#4242 = CARTESIAN_POINT('',(5.974247300207,1.988759057654));
#4243 = CARTESIAN_POINT('',(6.018375652822,1.991933199132));
#4244 = CARTESIAN_POINT('',(6.062505977379,1.994718830587));
#4245 = CARTESIAN_POINT('',(6.106638091284,1.997078853755));
#4246 = CARTESIAN_POINT('',(6.150772409053,1.998983057489));
#4247 = CARTESIAN_POINT('',(6.194909171998,2.00040889961));
#4248 = CARTESIAN_POINT('',(6.23904764883,2.001342069335));
#4249 = CARTESIAN_POINT('',(6.28318530718,2.001776830272));
#4250 = ( GEOMETRIC_REPRESENTATION_CONTEXT(2) 
PARAMETRIC_REPRESENTATION_CONTEXT() REPRESENTATION_CONTEXT('2D SPACE',''
  ) );
#4251 = ORIENTED_EDGE('',*,*,#4252,.T.);
#4252 = EDGE_CURVE('',#4018,#4253,#4255,.T.);
#4253 = VERTEX_POINT('',#4254);
#4254 = CARTESIAN_POINT('',(-6.690359261026,121.98179645858,
    339.66276673938));
#4255 = SURFACE_CURVE('',#4256,(#4274,#4295),.PCURVE_S1.);
#4256 = B_SPLINE_CURVE_WITH_KNOTS('',6,(#4257,#4258,#4259,#4260,#4261,
    #4262,#4263,#4264,#4265,#4266,#4267,#4268,#4269,#4270,#4271,#4272,
    #4273),.UNSPECIFIED.,.F.,.F.,(7,5,5,7),(0.,0.208364126214,
    0.46264302177,1.),.UNSPECIFIED.);
#4257 = CARTESIAN_POINT('',(-9.499785945854,123.97216704932,
    335.97410064166));
#4258 = CARTESIAN_POINT('',(-9.500570831077,123.88873852443,
    336.14039538385));
#4259 = CARTESIAN_POINT('',(-9.492129306627,123.80481139568,
    336.30648695528));
#4260 = CARTESIAN_POINT('',(-9.474458702151,123.72064148594,
    336.47185556069));
#4261 = CARTESIAN_POINT('',(-9.447604430642,123.63649119601,
    336.63599121856));
#4262 = CARTESIAN_POINT('',(-9.41165965037,123.55262894238,
    336.79839401083));
#4263 = CARTESIAN_POINT('',(-9.311977277289,123.3676723228,
    337.15405172147));
#4264 = CARTESIAN_POINT('',(-9.243859192613,123.26685032282,
    337.34622542958));
#4265 = CARTESIAN_POINT('',(-9.162666374921,123.16735546882,
    337.53419957015));
#4266 = CARTESIAN_POINT('',(-9.068756346006,123.06970918074,
    337.71714283621));
#4267 = CARTESIAN_POINT('',(-8.962577104583,122.97439966243,
    337.89425174011));
#4268 = CARTESIAN_POINT('',(-8.595518513122,122.6864743137,
    338.42513088204));
#4269 = CARTESIAN_POINT('',(-8.29392123622,122.50358046229,
    338.75619896324));
#4270 = CARTESIAN_POINT('',(-7.945112724218,122.33793972575,
    339.05062769376));
#4271 = CARTESIAN_POINT('',(-7.55597281896,122.1935955947,
    339.30272914781));
#4272 = CARTESIAN_POINT('',(-7.134403008188,122.07404284208,
    339.50783954943));
#4273 = CARTESIAN_POINT('',(-6.689894476648,121.98169988892,
    339.66292892945));
#4274 = PCURVE('',#80,#4275);
#4275 = DEFINITIONAL_REPRESENTATION('',(#4276),#4294);
#4276 = B_SPLINE_CURVE_WITH_KNOTS('',6,(#4277,#4278,#4279,#4280,#4281,
    #4282,#4283,#4284,#4285,#4286,#4287,#4288,#4289,#4290,#4291,#4292,
    #4293),.UNSPECIFIED.,.F.,.F.,(7,5,5,7),(0.,0.208364126214,
    0.46264302177,1.),.UNSPECIFIED.);
#4277 = CARTESIAN_POINT('',(0.518306767711,0.702061902442));
#4278 = CARTESIAN_POINT('',(0.51842975214,0.702945227697));
#4279 = CARTESIAN_POINT('',(0.518578808893,0.703822127103));
#4280 = CARTESIAN_POINT('',(0.518753742453,0.704689712616));
#4281 = CARTESIAN_POINT('',(0.518954212018,0.705545201284));
#4282 = CARTESIAN_POINT('',(0.519179724986,0.706385920546));
#4283 = CARTESIAN_POINT('',(0.519734604657,0.708214148055));
#4284 = CARTESIAN_POINT('',(0.52007596433,0.709193226079));
#4285 = CARTESIAN_POINT('',(0.520451991273,0.710141697674));
#4286 = CARTESIAN_POINT('',(0.520863174934,0.711056009463));
#4287 = CARTESIAN_POINT('',(0.521307454909,0.711932095956));
#4288 = CARTESIAN_POINT('',(0.522788537754,0.714529917156));
#4289 = CARTESIAN_POINT('',(0.523934518773,0.716107855856));
#4290 = CARTESIAN_POINT('',(0.525202797306,0.717465937815));
#4291 = CARTESIAN_POINT('',(0.526564561469,0.718578808198));
#4292 = CARTESIAN_POINT('',(0.527981662302,0.719426906975));
#4293 = CARTESIAN_POINT('',(0.529414049235,0.7200006));
#4294 = ( GEOMETRIC_REPRESENTATION_CONTEXT(2) 
PARAMETRIC_REPRESENTATION_CONTEXT() REPRESENTATION_CONTEXT('2D SPACE',''
  ) );
#4295 = PCURVE('',#4171,#4296);
#4296 = DEFINITIONAL_REPRESENTATION('',(#4297),#4315);
#4297 = B_SPLINE_CURVE_WITH_KNOTS('',6,(#4298,#4299,#4300,#4301,#4302,
    #4303,#4304,#4305,#4306,#4307,#4308,#4309,#4310,#4311,#4312,#4313,
    #4314),.UNSPECIFIED.,.F.,.F.,(7,5,5,7),(0.,0.208364126214,
    0.46264302177,1.),.UNSPECIFIED.);
#4298 = CARTESIAN_POINT('',(0.,2.001776830272));
#4299 = CARTESIAN_POINT('',(4.13445087869E-02,2.002184078369));
#4300 = CARTESIAN_POINT('',(8.268992235653E-02,2.002132165861));
#4301 = CARTESIAN_POINT('',(0.124034714485,2.001615399105));
#4302 = CARTESIAN_POINT('',(0.165378708186,2.000637973359));
#4303 = CARTESIAN_POINT('',(0.206721819239,1.999213586127));
#4304 = CARTESIAN_POINT('',(0.298513609283,1.995109174677));
#4305 = CARTESIAN_POINT('',(0.348962764538,1.992222139227));
#4306 = CARTESIAN_POINT('',(0.399407346851,1.988738328071));
#4307 = CARTESIAN_POINT('',(0.449848362737,1.984745841988));
#4308 = CARTESIAN_POINT('',(0.500287023167,1.980314896467));
#4309 = CARTESIAN_POINT('',(0.657303114878,1.965445298061));
#4310 = CARTESIAN_POINT('',(0.763903757663,1.953803437003));
#4311 = CARTESIAN_POINT('',(0.870456171724,1.941459414943));
#4312 = CARTESIAN_POINT('',(0.977015584272,1.929403632942));
#4313 = CARTESIAN_POINT('',(1.083635490176,1.918589291286));
#4314 = CARTESIAN_POINT('',(1.190230212326,1.909731136733));
#4315 = ( GEOMETRIC_REPRESENTATION_CONTEXT(2) 
PARAMETRIC_REPRESENTATION_CONTEXT() REPRESENTATION_CONTEXT('2D SPACE',''
  ) );
#4316 = ORIENTED_EDGE('',*,*,#4317,.F.);
#4317 = EDGE_CURVE('',#24,#4253,#4318,.T.);
#4318 = SURFACE_CURVE('',#4319,(#4387,#4394),.PCURVE_S1.);
#4319 = B_SPLINE_CURVE_WITH_KNOTS('',3,(#4320,#4321,#4322,#4323,#4324,
    #4325,#4326,#4327,#4328,#4329,#4330,#4331,#4332,#4333,#4334,#4335,
    #4336,#4337,#4338,#4339,#4340,#4341,#4342,#4343,#4344,#4345,#4346,
    #4347,#4348,#4349,#4350,#4351,#4352,#4353,#4354,#4355,#4356,#4357,
    #4358,#4359,#4360,#4361,#4362,#4363,#4364,#4365,#4366,#4367,#4368,
    #4369,#4370,#4371,#4372,#4373,#4374,#4375,#4376,#4377,#4378,#4379,
    #4380,#4381,#4382,#4383,#4384,#4385,#4386),.UNSPECIFIED.,.F.,.F.,(4,
    1,1,1,1,1,1,1,1,1,1,1,1,1,1,1,1,1,1,1,1,1,1,1,1,1,1,1,1,1,1,1,1,1,1,
    1,1,1,1,1,1,1,1,1,1,1,1,1,1,1,1,1,1,1,1,1,1,1,1,1,1,1,1,1,4),(0.,
    1.5625E-02,3.125E-02,4.6875E-02,6.25E-02,7.8125E-02,9.375E-02,
    0.109375,0.125,0.140625,0.15625,0.171875,0.1875,0.203125,0.21875,
    0.234375,0.25,0.265625,0.28125,0.296875,0.3125,0.328125,0.34375,
    0.359375,0.375,0.390625,0.40625,0.421875,0.4375,0.453125,0.46875,
    0.484375,0.5,0.515625,0.53125,0.546875,0.5625,0.578125,0.59375,
    0.609375,0.625,0.640625,0.65625,0.671875,0.6875,0.703125,0.71875,
    0.734375,0.75,0.765625,0.78125,0.796875,0.8125,0.828125,0.84375,
    0.859375,0.875,0.890625,0.90625,0.921875,0.9375,0.953125,0.96875,
    0.984375,1.),.QUASI_UNIFORM_KNOTS.);
#4320 = CARTESIAN_POINT('',(-170.,4.605011485276,313.11090702727));
#4321 = CARTESIAN_POINT('',(-168.6527755374,9.786990859355,
    313.3626319732));
#4322 = CARTESIAN_POINT('',(-165.9549534562,23.095796515598,
    313.24194855868));
#4323 = CARTESIAN_POINT('',(-161.8898346261,36.823166930238,
    313.95387964017));
#4324 = CARTESIAN_POINT('',(-157.7980645803,47.646147898435,
    315.0819470702));
#4325 = CARTESIAN_POINT('',(-153.6713754599,57.857964150514,
    316.21943604344));
#4326 = CARTESIAN_POINT('',(-149.5015080788,66.687859117755,
    317.35592962472));
#4327 = CARTESIAN_POINT('',(-145.2801709118,74.25735000275,
    318.26809396833));
#4328 = CARTESIAN_POINT('',(-140.9991931169,80.029869097468,
    318.97189331519));
#4329 = CARTESIAN_POINT('',(-136.6499534586,85.089143983403,
    319.82057492869));
#4330 = CARTESIAN_POINT('',(-132.2255115921,89.849310891379,
    320.54441234964));
#4331 = CARTESIAN_POINT('',(-127.7126540037,94.176055332076,
    321.24667610473));
#4332 = CARTESIAN_POINT('',(-123.1215789638,98.098376265556,
    321.92549830798));
#4333 = CARTESIAN_POINT('',(-118.473374426,101.58354649985,
    322.62055614355));
#4334 = CARTESIAN_POINT('',(-113.7657165601,104.65290474708,
    323.36822021029));
#4335 = CARTESIAN_POINT('',(-109.0025547045,107.25731539396,
    324.19264292141));
#4336 = CARTESIAN_POINT('',(-104.186157307,109.47290713969,
    325.10481755189));
#4337 = CARTESIAN_POINT('',(-99.31924320881,111.60644618188,
    326.0494740773));
#4338 = CARTESIAN_POINT('',(-94.40441056856,113.70579673023,
    327.0192273996));
#4339 = CARTESIAN_POINT('',(-89.44428988166,115.69143985377,
    328.0311681014));
#4340 = CARTESIAN_POINT('',(-84.44150297893,117.5560954434,
    329.03443311514));
#4341 = CARTESIAN_POINT('',(-79.39867401284,119.25769669858,
    330.03468109028));
#4342 = CARTESIAN_POINT('',(-74.31842651378,120.76389793788,
    331.01930340645));
#4343 = CARTESIAN_POINT('',(-69.20338417883,122.0388067432,
    331.97925970886));
#4344 = CARTESIAN_POINT('',(-64.0561706604,123.04915235665,
    332.9039026823));
#4345 = CARTESIAN_POINT('',(-58.87940962289,123.75311617642,
    333.7835973584));
#4346 = CARTESIAN_POINT('',(-53.67572472745,124.13971414675,
    334.60503472139));
#4347 = CARTESIAN_POINT('',(-48.44773963613,124.08321775113,
    335.36813080523));
#4348 = CARTESIAN_POINT('',(-43.19807801074,123.87689143201,
    336.05399586789));
#4349 = CARTESIAN_POINT('',(-37.92936351313,123.6823381502,
    336.66607927789));
#4350 = CARTESIAN_POINT('',(-32.64421980516,123.45387695765,
    337.22270195032));
#4351 = CARTESIAN_POINT('',(-27.34527054867,123.20317417012,
    337.73860141893));
#4352 = CARTESIAN_POINT('',(-22.03513940554,122.92661395588,
    338.22992234489));
#4353 = CARTESIAN_POINT('',(-16.7164500376,122.62468197316,
    338.71277832049));
#4354 = CARTESIAN_POINT('',(-11.3918261067,122.29707542988,
    339.20354595617));
#4355 = CARTESIAN_POINT('',(-6.063891274741,121.94289360578,
    339.71865219678));
#4356 = CARTESIAN_POINT('',(-0.735269203396,121.56477922174,
    340.27465154929));
#4357 = CARTESIAN_POINT('',(4.591416444812,121.15217499728,
    340.88764700947));
#4358 = CARTESIAN_POINT('',(9.913542010532,120.74416262198,
    341.57504417717));
#4359 = CARTESIAN_POINT('',(15.228483822573,120.2137802431,
    342.34955129242));
#4360 = CARTESIAN_POINT('',(20.533618253928,119.10521214478,
    343.1746419283));
#4361 = CARTESIAN_POINT('',(25.8263215127,117.61779090156,
    344.03992582913));
#4362 = CARTESIAN_POINT('',(31.103970422369,115.79051473235,
    344.92957558669));
#4363 = CARTESIAN_POINT('',(36.36393950979,113.70184446571,
    345.82976461987));
#4364 = CARTESIAN_POINT('',(41.603611872948,111.41680956599,
    346.72591833525));
#4365 = CARTESIAN_POINT('',(46.820338621927,109.00500573838,
    347.60713056041));
#4366 = CARTESIAN_POINT('',(52.01159024729,106.519505283,348.45158098884
    ));
#4367 = CARTESIAN_POINT('',(57.174391705582,104.05837253892,
    349.27849199652));
#4368 = CARTESIAN_POINT('',(62.307430708944,101.59986543391,
    350.00669445017));
#4369 = CARTESIAN_POINT('',(67.403189481148,98.840723579171,
    350.3459950108));
#4370 = CARTESIAN_POINT('',(72.477309443847,95.757500537951,
    350.34897240287));
#4371 = CARTESIAN_POINT('',(77.54839819291,92.426001699809,
    350.07610181467));
#4372 = CARTESIAN_POINT('',(82.611904126323,88.787890780862,
    349.69051956723));
#4373 = CARTESIAN_POINT('',(87.66948113044,85.323531966793,
    348.58125007744));
#4374 = CARTESIAN_POINT('',(92.721120336022,81.727305992781,
    347.31060211182));
#4375 = CARTESIAN_POINT('',(97.767258407844,77.803445790986,
    346.21084202907));
#4376 = CARTESIAN_POINT('',(102.8082126302,73.700020182779,
    345.21021888866));
#4377 = CARTESIAN_POINT('',(107.8443322753,69.095133759478,
    344.43873164776));
#4378 = CARTESIAN_POINT('',(112.87595804421,64.00385644337,
    343.60167244884));
#4379 = CARTESIAN_POINT('',(117.90343293462,58.354079077281,
    342.57880970525));
#4380 = CARTESIAN_POINT('',(122.92709932885,52.112138303682,
    341.22961094043));
#4381 = CARTESIAN_POINT('',(127.94729977409,45.155192693219,
    339.32964834148));
#4382 = CARTESIAN_POINT('',(132.96437677346,37.689410184893,
    337.00239441905));
#4383 = CARTESIAN_POINT('',(137.97867284144,27.956363588196,
    332.2667984802));
#4384 = CARTESIAN_POINT('',(142.99053049117,16.207398109095,
    325.48249940235));
#4385 = CARTESIAN_POINT('',(146.33037165022,8.811202406024,
    321.64796652935));
#4386 = CARTESIAN_POINT('',(148.,4.059696499219,318.58110201404));
#4387 = PCURVE('',#80,#4388);
#4388 = DEFINITIONAL_REPRESENTATION('',(#4389),#4393);
#4389 = LINE('',#4390,#4391);
#4390 = CARTESIAN_POINT('',(0.,0.72));
#4391 = VECTOR('',#4392,1.);
#4392 = DIRECTION('',(1.,0.));
#4393 = ( GEOMETRIC_REPRESENTATION_CONTEXT(2) 
PARAMETRIC_REPRESENTATION_CONTEXT() REPRESENTATION_CONTEXT('2D SPACE',''
  ) );
#4394 = PCURVE('',#3927,#4395);
#4395 = DEFINITIONAL_REPRESENTATION('',(#4396),#4400);
#4396 = LINE('',#4397,#4398);
#4397 = CARTESIAN_POINT('',(0.,0.));
#4398 = VECTOR('',#4399,1.);
#4399 = DIRECTION('',(1.,0.));
#4400 = ( GEOMETRIC_REPRESENTATION_CONTEXT(2) 
PARAMETRIC_REPRESENTATION_CONTEXT() REPRESENTATION_CONTEXT('2D SPACE',''
  ) );
#4401 = FACE_BOUND('',#4402,.F.);
#4402 = EDGE_LOOP('',(#4403,#4535));
#4403 = ORIENTED_EDGE('',*,*,#4404,.T.);
#4404 = EDGE_CURVE('',#4405,#4407,#4409,.T.);
#4405 = VERTEX_POINT('',#4406);
#4406 = CARTESIAN_POINT('',(68.536409350991,112.64785771478,
    313.34502911287));
#4407 = VERTEX_POINT('',#4408);
#4408 = CARTESIAN_POINT('',(70.561598151703,111.66714807806,
    311.7462393355));
#4409 = SURFACE_CURVE('',#4410,(#4448,#4489),.PCURVE_S1.);
#4410 = B_SPLINE_CURVE_WITH_KNOTS('',8,(#4411,#4412,#4413,#4414,#4415,
    #4416,#4417,#4418,#4419,#4420,#4421,#4422,#4423,#4424,#4425,#4426,
    #4427,#4428,#4429,#4430,#4431,#4432,#4433,#4434,#4435,#4436,#4437,
    #4438,#4439,#4440,#4441,#4442,#4443,#4444,#4445,#4446,#4447),
  .UNSPECIFIED.,.F.,.F.,(9,7,7,7,7,9),(0.,0.154414801425,0.279182944667,
    0.504415112738,0.740037316286,1.),.UNSPECIFIED.);
#4411 = CARTESIAN_POINT('',(68.536409350991,112.64785771478,
    313.34502911287));
#4412 = CARTESIAN_POINT('',(68.526783838768,112.63184835293,
    313.48772897877));
#4413 = CARTESIAN_POINT('',(68.529075034571,112.60863631187,
    313.63046325756));
#4414 = CARTESIAN_POINT('',(68.543407533138,112.57840575897,
    313.77161741758));
#4415 = CARTESIAN_POINT('',(68.569696997765,112.54145964332,
    313.90963573366));
#4416 = CARTESIAN_POINT('',(68.607683898331,112.4981978942,
    314.04301949187));
#4417 = CARTESIAN_POINT('',(68.656945755586,112.44910745092,
    314.1703336559));
#4418 = CARTESIAN_POINT('',(68.716887891676,112.39476412422,
    314.29022199504));
#4419 = CARTESIAN_POINT('',(68.843131566309,112.28824030276,
    314.49128799488));
#4420 = CARTESIAN_POINT('',(68.906025279783,112.23762922018,
    314.57551021316));
#4421 = CARTESIAN_POINT('',(68.974978770892,112.18436702317,
    314.65344016855));
#4422 = CARTESIAN_POINT('',(69.049526263967,112.12882526899,
    314.72449344755));
#4423 = CARTESIAN_POINT('',(69.129151264121,112.07139309025,
    314.78815838327));
#4424 = CARTESIAN_POINT('',(69.213286557257,112.01247719492,
    314.8439960555));
#4425 = CARTESIAN_POINT('',(69.301314210063,111.95250186628,
    314.89164029065));
#4426 = CARTESIAN_POINT('',(69.557293048574,111.78252630621,
    315.00148477293));
#4427 = CARTESIAN_POINT('',(69.732836629221,111.67094924844,
    315.04454679736));
#4428 = CARTESIAN_POINT('',(69.914901855072,111.55997100224,
    315.05829374684));
#4429 = CARTESIAN_POINT('',(70.099258749741,111.45219979936,
    315.04199123095));
#4430 = CARTESIAN_POINT('',(70.281741817337,111.35005889063,
    314.99586045708));
#4431 = CARTESIAN_POINT('',(70.458250042458,111.25578654602,
    314.92107823044));
#4432 = CARTESIAN_POINT('',(70.624746890199,111.17143605462,
    314.81977695411));
#4433 = CARTESIAN_POINT('',(70.936809217137,111.02296816231,
    314.56455835977));
#4434 = CARTESIAN_POINT('',(71.081581947975,110.95970528911,
    314.40811406715));
#4435 = CARTESIAN_POINT('',(71.207051067662,110.91123958897,
    314.22920982406));
#4436 = CARTESIAN_POINT('',(71.309828037657,110.87892171405,
    314.03226386172));
#4437 = CARTESIAN_POINT('',(71.387261311183,110.8636235286,
    313.82211688884));
#4438 = CARTESIAN_POINT('',(71.437543361988,110.86567235358,
    313.60404323059));
#4439 = CARTESIAN_POINT('',(71.459636989641,110.88490150516,
    313.38367332165));
#4440 = CARTESIAN_POINT('',(71.447479573679,110.95932769283,
    312.92793308728));
#4441 = CARTESIAN_POINT('',(71.407149186584,111.01817455949,
    312.69251188104));
#4442 = CARTESIAN_POINT('',(71.332874386121,111.0956696846,
    312.46897937456));
#4443 = CARTESIAN_POINT('',(71.226735072363,111.18959352824,
    312.26443220782));
#4444 = CARTESIAN_POINT('',(71.091786657725,111.29724527408,
    312.08516576216));
#4445 = CARTESIAN_POINT('',(70.932252058774,111.41534044789,
    311.93645085968));
#4446 = CARTESIAN_POINT('',(70.753279410129,111.54012218817,
    311.82268867362));
#4447 = CARTESIAN_POINT('',(70.561598151703,111.66714807806,
    311.7462393355));
#4448 = PCURVE('',#80,#4449);
#4449 = DEFINITIONAL_REPRESENTATION('',(#4450),#4488);
#4450 = B_SPLINE_CURVE_WITH_KNOTS('',8,(#4451,#4452,#4453,#4454,#4455,
    #4456,#4457,#4458,#4459,#4460,#4461,#4462,#4463,#4464,#4465,#4466,
    #4467,#4468,#4469,#4470,#4471,#4472,#4473,#4474,#4475,#4476,#4477,
    #4478,#4479,#4480,#4481,#4482,#4483,#4484,#4485,#4486,#4487),
  .UNSPECIFIED.,.F.,.F.,(9,7,7,7,7,9),(0.,0.154414801425,0.279182944667,
    0.504415112738,0.740037316286,1.),.UNSPECIFIED.);
#4451 = CARTESIAN_POINT('',(0.705326074375,0.54963907102));
#4452 = CARTESIAN_POINT('',(0.705308530933,0.550340584928));
#4453 = CARTESIAN_POINT('',(0.705326327713,0.551043896165));
#4454 = CARTESIAN_POINT('',(0.70537972554,0.551740937473));
#4455 = CARTESIAN_POINT('',(0.705468362223,0.552423979825));
#4456 = CARTESIAN_POINT('',(0.705591348311,0.553085641284));
#4457 = CARTESIAN_POINT('',(0.705747302839,0.553718919991));
#4458 = CARTESIAN_POINT('',(0.705934329062,0.554317251296));
#4459 = CARTESIAN_POINT('',(0.706324137278,0.555324921478));
#4460 = CARTESIAN_POINT('',(0.706517071949,0.555748638337));
#4461 = CARTESIAN_POINT('',(0.706727430308,0.556142593939));
#4462 = CARTESIAN_POINT('',(0.70695376493,0.556503991195));
#4463 = CARTESIAN_POINT('',(0.707194484866,0.5568303816));
#4464 = CARTESIAN_POINT('',(0.707447855637,0.557119665231));
#4465 = CARTESIAN_POINT('',(0.707711999238,0.557370090753));
#4466 = CARTESIAN_POINT('',(0.708477525574,0.557959645858));
#4467 = CARTESIAN_POINT('',(0.708999597124,0.558207955561));
#4468 = CARTESIAN_POINT('',(0.709538181378,0.558317054486));
#4469 = CARTESIAN_POINT('',(0.710080682264,0.558283065283));
#4470 = CARTESIAN_POINT('',(0.710614835049,0.558106363282));
#4471 = CARTESIAN_POINT('',(0.71112870634,0.557791576501));
#4472 = CARTESIAN_POINT('',(0.71161069408,0.55734758564));
#4473 = CARTESIAN_POINT('',(0.712508604556,0.556201626695));
#4474 = CARTESIAN_POINT('',(0.712921960597,0.555487314268));
#4475 = CARTESIAN_POINT('',(0.713276698305,0.5546594727));
#4476 = CARTESIAN_POINT('',(0.713563361355,0.553737376679));
#4477 = CARTESIAN_POINT('',(0.713774650351,0.552742423707));
#4478 = CARTESIAN_POINT('',(0.713905698961,0.551698504035));
#4479 = CARTESIAN_POINT('',(0.713953860091,0.55063189362));
#4480 = CARTESIAN_POINT('',(0.713883582962,0.548401812604));
#4481 = CARTESIAN_POINT('',(0.713747288285,0.547235544465));
#4482 = CARTESIAN_POINT('',(0.713512127883,0.546112628084));
#4483 = CARTESIAN_POINT('',(0.713184604879,0.545068762191));
#4484 = CARTESIAN_POINT('',(0.7127740245,0.544136986296));
#4485 = CARTESIAN_POINT('',(0.712293114816,0.543346379247));
#4486 = CARTESIAN_POINT('',(0.711757306802,0.54272224604));
#4487 = CARTESIAN_POINT('',(0.711186581884,0.54227990945));
#4488 = ( GEOMETRIC_REPRESENTATION_CONTEXT(2) 
PARAMETRIC_REPRESENTATION_CONTEXT() REPRESENTATION_CONTEXT('2D SPACE',''
  ) );
#4489 = PCURVE('',#4490,#4495);
#4490 = CYLINDRICAL_SURFACE('',#4491,1.7);
#4491 = AXIS2_PLACEMENT_3D('',#4492,#4493,#4494);
#4492 = CARTESIAN_POINT('',(66.933591317164,106.68283005646,
    312.58122492442));
#4493 = DIRECTION('',(0.511068113806,0.850019632574,0.127577456039));
#4494 = DIRECTION('',(-0.857022698811,0.515278656381,-6.218534173414E-18
    ));
#4495 = DEFINITIONAL_REPRESENTATION('',(#4496),#4534);
#4496 = B_SPLINE_CURVE_WITH_KNOTS('',8,(#4497,#4498,#4499,#4500,#4501,
    #4502,#4503,#4504,#4505,#4506,#4507,#4508,#4509,#4510,#4511,#4512,
    #4513,#4514,#4515,#4516,#4517,#4518,#4519,#4520,#4521,#4522,#4523,
    #4524,#4525,#4526,#4527,#4528,#4529,#4530,#4531,#4532,#4533),
  .UNSPECIFIED.,.F.,.F.,(9,7,7,7,7,9),(0.,0.154414801425,0.279182944667,
    0.504415112738,0.740037316286,1.),.UNSPECIFIED.);
#4497 = CARTESIAN_POINT('',(0.,5.986984003013));
#4498 = CARTESIAN_POINT('',(8.465704886979E-02,5.98666172463));
#4499 = CARTESIAN_POINT('',(0.169336049648,5.986311667314));
#4500 = CARTESIAN_POINT('',(0.254005547318,5.985948075497));
#4501 = CARTESIAN_POINT('',(0.338663575412,5.985586884602));
#4502 = CARTESIAN_POINT('',(0.423322839523,5.985244202678));
#4503 = CARTESIAN_POINT('',(0.507995783832,5.984934943756));
#4504 = CARTESIAN_POINT('',(0.592679540637,5.984671612903));
#4505 = CARTESIAN_POINT('',(0.745747569804,5.984294878759));
#4506 = CARTESIAN_POINT('',(0.81415767307,5.984162292805));
#4507 = CARTESIAN_POINT('',(0.882570521766,5.984070415767));
#4508 = CARTESIAN_POINT('',(0.950985804484,5.984022477538));
#4509 = CARTESIAN_POINT('',(1.01940344934,5.984020007254));
#4510 = CARTESIAN_POINT('',(1.087823623968,5.984062833291));
#4511 = CARTESIAN_POINT('',(1.15624673552,5.984149083273));
#4512 = CARTESIAN_POINT('',(1.348197693378,5.984502821938));
#4513 = CARTESIAN_POINT('',(1.471777189015,5.984868602466));
#4514 = CARTESIAN_POINT('',(1.59538882936,5.985336446823));
#4515 = CARTESIAN_POINT('',(1.719011814167,5.985867905466));
#4516 = CARTESIAN_POINT('',(1.842627631176,5.986422158138));
#4517 = CARTESIAN_POINT('',(1.966220056106,5.986956013866));
#4518 = CARTESIAN_POINT('',(2.089775152661,5.987423910963));
#4519 = CARTESIAN_POINT('',(2.342484771134,5.988148253503));
#4520 = CARTESIAN_POINT('',(2.471874865397,5.988403530886));
#4521 = CARTESIAN_POINT('',(2.601147583004,5.988505852399));
#4522 = CARTESIAN_POINT('',(2.730347932397,5.988435191579));
#4523 = CARTESIAN_POINT('',(2.859543638114,5.988195094457));
#4524 = CARTESIAN_POINT('',(2.988805212395,5.987812906224));
#4525 = CARTESIAN_POINT('',(3.118175159674,5.987335178824));
#4526 = CARTESIAN_POINT('',(3.389902321283,5.98624345217));
#4527 = CARTESIAN_POINT('',(3.532727644805,5.985618430689));
#4528 = CARTESIAN_POINT('',(3.675366218547,5.985013617771));
#4529 = CARTESIAN_POINT('',(3.81791208,5.984510702772));
#4530 = CARTESIAN_POINT('',(3.960467631323,5.984178611394));
#4531 = CARTESIAN_POINT('',(4.103132202323,5.984056112142));
#4532 = CARTESIAN_POINT('',(4.245994737542,5.984142336906));
#4533 = CARTESIAN_POINT('',(4.388539231532,5.984401445892));
#4534 = ( GEOMETRIC_REPRESENTATION_CONTEXT(2) 
PARAMETRIC_REPRESENTATION_CONTEXT() REPRESENTATION_CONTEXT('2D SPACE',''
  ) );
#4535 = ORIENTED_EDGE('',*,*,#4536,.T.);
#4536 = EDGE_CURVE('',#4407,#4405,#4537,.T.);
#4537 = SURFACE_CURVE('',#4538,(#4555,#4575),.PCURVE_S1.);
#4538 = B_SPLINE_CURVE_WITH_KNOTS('',8,(#4539,#4540,#4541,#4542,#4543,
    #4544,#4545,#4546,#4547,#4548,#4549,#4550,#4551,#4552,#4553,#4554),
  .UNSPECIFIED.,.F.,.F.,(9,7,9),(0.,0.666107344729,1.),.UNSPECIFIED.);
#4539 = CARTESIAN_POINT('',(70.561598151703,111.66714807806,
    311.7462393355));
#4540 = CARTESIAN_POINT('',(70.349595694625,111.80764069059,
    311.66168517692));
#4541 = CARTESIAN_POINT('',(70.120787105207,111.95171335841,
    311.62227337346));
#4542 = CARTESIAN_POINT('',(69.884228728925,112.09323465727,
    311.63222841548));
#4543 = CARTESIAN_POINT('',(69.648915780891,112.2267012297,
    311.69142598368));
#4544 = CARTESIAN_POINT('',(69.423482730657,112.34705593861,
    311.79802674699));
#4545 = CARTESIAN_POINT('',(69.216043530493,112.44993247139,
    311.94776098463));
#4546 = CARTESIAN_POINT('',(69.034351726532,112.53149299006,
    312.13461138915));
#4547 = CARTESIAN_POINT('',(68.809407707447,112.61855693739,
    312.45650792037));
#4548 = CARTESIAN_POINT('',(68.742169916941,112.64175768743,
    312.57110572627));
#4549 = CARTESIAN_POINT('',(68.68354346507,112.6587990249,
    312.69177094411));
#4550 = CARTESIAN_POINT('',(68.634130885784,112.6694892433,
    312.81738084244));
#4551 = CARTESIAN_POINT('',(68.594413334328,112.67372185014,
    312.94675675088));
#4552 = CARTESIAN_POINT('',(68.564754660699,112.67147120339,
    313.07867410894));
#4553 = CARTESIAN_POINT('',(68.545391495901,112.66279701408,
    313.21186727748));
#4554 = CARTESIAN_POINT('',(68.536409350991,112.64785771478,
    313.34502911287));
#4555 = PCURVE('',#80,#4556);
#4556 = DEFINITIONAL_REPRESENTATION('',(#4557),#4574);
#4557 = B_SPLINE_CURVE_WITH_KNOTS('',8,(#4558,#4559,#4560,#4561,#4562,
    #4563,#4564,#4565,#4566,#4567,#4568,#4569,#4570,#4571,#4572,#4573),
  .UNSPECIFIED.,.F.,.F.,(9,7,9),(0.,0.666107344729,1.),.UNSPECIFIED.);
#4558 = CARTESIAN_POINT('',(0.711186581884,0.54227990945));
#4559 = CARTESIAN_POINT('',(0.710555351237,0.541790678293));
#4560 = CARTESIAN_POINT('',(0.70987765612,0.541520931796));
#4561 = CARTESIAN_POINT('',(0.709180458481,0.541496524182));
#4562 = CARTESIAN_POINT('',(0.708490279919,0.54172123739));
#4563 = CARTESIAN_POINT('',(0.707832477524,0.542188779274));
#4564 = CARTESIAN_POINT('',(0.707230712286,0.542879107015));
#4565 = CARTESIAN_POINT('',(0.706707571405,0.543762292674));
#4566 = CARTESIAN_POINT('',(0.706066513729,0.545305713896));
#4567 = CARTESIAN_POINT('',(0.70587623902,0.545858380457));
#4568 = CARTESIAN_POINT('',(0.705711869029,0.546443080721));
#4569 = CARTESIAN_POINT('',(0.705575124646,0.547054121402));
#4570 = CARTESIAN_POINT('',(0.705467364941,0.547685521056));
#4571 = CARTESIAN_POINT('',(0.70538959727,0.548331085039));
#4572 = CARTESIAN_POINT('',(0.705342445216,0.548984446161));
#4573 = CARTESIAN_POINT('',(0.705326074375,0.54963907102));
#4574 = ( GEOMETRIC_REPRESENTATION_CONTEXT(2) 
PARAMETRIC_REPRESENTATION_CONTEXT() REPRESENTATION_CONTEXT('2D SPACE',''
  ) );
#4575 = PCURVE('',#4490,#4576);
#4576 = DEFINITIONAL_REPRESENTATION('',(#4577),#4594);
#4577 = B_SPLINE_CURVE_WITH_KNOTS('',8,(#4578,#4579,#4580,#4581,#4582,
    #4583,#4584,#4585,#4586,#4587,#4588,#4589,#4590,#4591,#4592,#4593),
  .UNSPECIFIED.,.F.,.F.,(9,7,9),(0.,0.666107344729,1.),.UNSPECIFIED.);
#4578 = CARTESIAN_POINT('',(4.388539231532,5.984401445892));
#4579 = CARTESIAN_POINT('',(4.546195661883,5.984688024467));
#4580 = CARTESIAN_POINT('',(4.704395718738,5.985187788788));
#4581 = CARTESIAN_POINT('',(4.862243155287,5.985856267012));
#4582 = CARTESIAN_POINT('',(5.019939193118,5.986596804517));
#4583 = CARTESIAN_POINT('',(5.177611335567,5.98728888039));
#4584 = CARTESIAN_POINT('',(5.335415070984,5.987823105342));
#4585 = CARTESIAN_POINT('',(5.493524084128,5.988132159182));
#4586 = CARTESIAN_POINT('',(5.730136060528,5.988243248718));
#4587 = CARTESIAN_POINT('',(5.809153879003,5.98822134751));
#4588 = CARTESIAN_POINT('',(5.888163640933,5.988138870275));
#4589 = CARTESIAN_POINT('',(5.967163822131,5.987997563384));
#4590 = CARTESIAN_POINT('',(6.046163516777,5.987802437452));
#4591 = CARTESIAN_POINT('',(6.125171733442,5.987561422091));
#4592 = CARTESIAN_POINT('',(6.204186718537,5.987284740373));
#4593 = CARTESIAN_POINT('',(6.28318530718,5.986984003013));
#4594 = ( GEOMETRIC_REPRESENTATION_CONTEXT(2) 
PARAMETRIC_REPRESENTATION_CONTEXT() REPRESENTATION_CONTEXT('2D SPACE',''
  ) );
#4595 = FACE_BOUND('',#4596,.F.);
#4596 = EDGE_LOOP('',(#4597,#4855));
#4597 = ORIENTED_EDGE('',*,*,#4598,.T.);
#4598 = EDGE_CURVE('',#4599,#4601,#4603,.T.);
#4599 = VERTEX_POINT('',#4600);
#4600 = CARTESIAN_POINT('',(22.593890882799,120.59426031538,
    339.98483196053));
#4601 = VERTEX_POINT('',#4602);
#4602 = CARTESIAN_POINT('',(27.886974201464,121.5824894115,
    336.05119327875));
#4603 = SURFACE_CURVE('',#4604,(#4684,#4767),.PCURVE_S1.);
#4604 = B_SPLINE_CURVE_WITH_KNOTS('',8,(#4605,#4606,#4607,#4608,#4609,
    #4610,#4611,#4612,#4613,#4614,#4615,#4616,#4617,#4618,#4619,#4620,
    #4621,#4622,#4623,#4624,#4625,#4626,#4627,#4628,#4629,#4630,#4631,
    #4632,#4633,#4634,#4635,#4636,#4637,#4638,#4639,#4640,#4641,#4642,
    #4643,#4644,#4645,#4646,#4647,#4648,#4649,#4650,#4651,#4652,#4653,
    #4654,#4655,#4656,#4657,#4658,#4659,#4660,#4661,#4662,#4663,#4664,
    #4665,#4666,#4667,#4668,#4669,#4670,#4671,#4672,#4673,#4674,#4675,
    #4676,#4677,#4678,#4679,#4680,#4681,#4682,#4683),.UNSPECIFIED.,.F.,
  .F.,(9,7,7,7,7,7,7,7,7,7,7,9),(0.,5.369518957266E-02,0.126996523607,
    0.224799447227,0.279643859253,0.339684346452,0.417774104447,
    0.455004112035,0.489812828385,0.612406198669,0.770593081625,1.),
  .UNSPECIFIED.);
#4605 = CARTESIAN_POINT('',(22.593890882799,120.59426031538,
    339.98483196053));
#4606 = CARTESIAN_POINT('',(22.574860352766,120.51083324144,
    340.13845368505));
#4607 = CARTESIAN_POINT('',(22.563487986971,120.42566880213,
    340.2920848759));
#4608 = CARTESIAN_POINT('',(22.559822123067,120.33897614919,
    340.44537161329));
#4609 = CARTESIAN_POINT('',(22.563880910876,120.2509523114,
    340.59795427792));
#4610 = CARTESIAN_POINT('',(22.575665781585,120.16183332056,
    340.74949688278));
#4611 = CARTESIAN_POINT('',(22.595141131569,120.07180462698,
    340.89963594919));
#4612 = CARTESIAN_POINT('',(22.622260201108,119.98111402153,
    341.04804533414));
#4613 = CARTESIAN_POINT('',(22.704276762494,119.76551978301,
    341.3941278914));
#4614 = CARTESIAN_POINT('',(22.765705220166,119.64020697239,
    341.59001744439));
#4615 = CARTESIAN_POINT('',(22.841012421613,119.51455157127,
    341.78114688507));
#4616 = CARTESIAN_POINT('',(22.929902515912,119.38909141483,
    341.96666945557));
#4617 = CARTESIAN_POINT('',(23.032002304992,119.26436886036,
    342.14578074517));
#4618 = CARTESIAN_POINT('',(23.146863719644,119.14092792392,
    342.31771657492));
#4619 = CARTESIAN_POINT('',(23.27396070662,119.01931084259,
    342.48175336214));
#4620 = CARTESIAN_POINT('',(23.597768617731,118.74093469689,
    342.84463158338));
#4621 = CARTESIAN_POINT('',(23.803597000631,118.58597542094,
    343.03683364619));
#4622 = CARTESIAN_POINT('',(24.028704518807,118.43647548139,
    343.21216187195));
#4623 = CARTESIAN_POINT('',(24.271425742693,118.29364216105,
    343.36920215789));
#4624 = CARTESIAN_POINT('',(24.529924121783,118.1585957483,
    343.50674127358));
#4625 = CARTESIAN_POINT('',(24.802205167991,118.03236723603,
    343.62375300373));
#4626 = CARTESIAN_POINT('',(25.086109670441,117.91588874983,
    343.71941073982));
#4627 = CARTESIAN_POINT('',(25.543690360996,117.75058498588,
    343.83446371692));
#4628 = CARTESIAN_POINT('',(25.711027942123,117.69450969714,
    343.86890530004));
#4629 = CARTESIAN_POINT('',(25.880894400236,117.64189188897,
    343.89634822823));
#4630 = CARTESIAN_POINT('',(26.052879137483,117.59285889709,
    343.91671286672));
#4631 = CARTESIAN_POINT('',(26.226566242992,117.54752434314,
    343.92994298772));
#4632 = CARTESIAN_POINT('',(26.401534492875,117.50598813467,
    343.93600577041));
#4633 = CARTESIAN_POINT('',(26.577357350224,117.4683364651,
    343.93489180093));
#4634 = CARTESIAN_POINT('',(26.946546460975,117.39775486023,
    343.9175541892));
#4635 = CARTESIAN_POINT('',(27.140009298544,117.36560926176,
    343.89990732146));
#4636 = CARTESIAN_POINT('',(27.333411283317,117.3382991573,
    343.87369375988));
#4637 = CARTESIAN_POINT('',(27.526179584482,117.31589768554,
    343.83896668838));
#4638 = CARTESIAN_POINT('',(27.717748734919,117.29845698494,
    343.79581318412));
#4639 = CARTESIAN_POINT('',(27.907560631202,117.28600819372,
    343.74435421749));
#4640 = CARTESIAN_POINT('',(28.095064533592,117.27856144987,
    343.68474465211));
#4641 = CARTESIAN_POINT('',(28.519879533823,117.27291214652,
    343.52928863422));
#4642 = CARTESIAN_POINT('',(28.732274253838,117.27846853073,
    343.43633271768));
#4643 = CARTESIAN_POINT('',(28.923875818667,117.28984858872,
    343.34082085978));
#4644 = CARTESIAN_POINT('',(29.09939539744,117.30576885946,
    343.24324177412));
#4645 = CARTESIAN_POINT('',(29.262131036844,117.32547526405,
    343.14367356194));
#4646 = CARTESIAN_POINT('',(29.414152392595,117.34857151707,
    343.04203362107));
#4647 = CARTESIAN_POINT('',(29.556553859994,117.37469406933,
    342.93856550388));
#4648 = CARTESIAN_POINT('',(29.753086946724,117.41699988779,
    342.78426738845));
#4649 = CARTESIAN_POINT('',(29.815508587983,117.43146660569,
    342.73336658572));
#4650 = CARTESIAN_POINT('',(29.876870858433,117.44673540744,
    342.68140417442));
#4651 = CARTESIAN_POINT('',(29.937142621437,117.46279936502,
    342.6284063278));
#4652 = CARTESIAN_POINT('',(29.996293576737,117.479651182,
    342.57440003517));
#4653 = CARTESIAN_POINT('',(30.054294260447,117.49728319353,
    342.51941310192));
#4654 = CARTESIAN_POINT('',(30.111116045061,117.51568736634,
    342.46347414954));
#4655 = CARTESIAN_POINT('',(30.21872924986,117.55277662529,
    342.35344912905));
#4656 = CARTESIAN_POINT('',(30.269673236717,117.5713663266,
    342.29947869806));
#4657 = CARTESIAN_POINT('',(30.319539682891,117.5906167551,
    342.24472582377));
#4658 = CARTESIAN_POINT('',(30.368306094707,117.61051982062,
    342.18921502785));
#4659 = CARTESIAN_POINT('',(30.415950901939,117.63106699042,
    342.13297085242));
#4660 = CARTESIAN_POINT('',(30.462453457808,117.65224928917,
    342.07601786012));
#4661 = CARTESIAN_POINT('',(30.507794038988,117.67405729898,
    342.01838063407));
#4662 = CARTESIAN_POINT('',(30.707480969008,117.77545610899,
    341.75476715522));
#4663 = CARTESIAN_POINT('',(30.848363564996,117.86207396131,
    341.54126725523));
#4664 = CARTESIAN_POINT('',(30.973727687968,117.95589561089,
    341.32073083746));
#4665 = CARTESIAN_POINT('',(31.082842055689,118.05643109889,
    341.0943481086));
#4666 = CARTESIAN_POINT('',(31.175102112972,118.16314672401,
    340.86334693506));
#4667 = CARTESIAN_POINT('',(31.250025089062,118.27546801552,
    340.62899002039));
#4668 = CARTESIAN_POINT('',(31.307256048693,118.39277856835,
    340.39257504728));
#4669 = CARTESIAN_POINT('',(31.397332495279,118.67136651389,
    339.84945056534));
#4670 = CARTESIAN_POINT('',(31.418291299467,118.83557500819,
    339.5421552555));
#4671 = CARTESIAN_POINT('',(31.408966828482,119.00559788914,
    339.23646023873));
#4672 = CARTESIAN_POINT('',(31.369326431424,119.17996957854,
    338.935197157));
#4673 = CARTESIAN_POINT('',(31.299690233161,119.35716154932,
    338.64110321207));
#4674 = CARTESIAN_POINT('',(31.200751241526,119.53568559747,
    338.35687119622));
#4675 = CARTESIAN_POINT('',(31.073542966727,119.71394712315,
    338.08506319662));
#4676 = CARTESIAN_POINT('',(30.696261681267,120.14624893682,
    337.45557433955));
#4677 = CARTESIAN_POINT('',(30.416346049492,120.39862440534,
    337.11380833486));
#4678 = CARTESIAN_POINT('',(30.084306943322,120.64242797035,
    336.81085289807));
#4679 = CARTESIAN_POINT('',(29.706237572901,120.87309852515,
    336.55288233383));
#4680 = CARTESIAN_POINT('',(29.289087829859,121.08629599681,
    336.34492464063));
#4681 = CARTESIAN_POINT('',(28.840775766074,121.27797739348,
    336.19065605831));
#4682 = CARTESIAN_POINT('',(28.37003946678,121.4443852713,336.092583306)
  );
#4683 = CARTESIAN_POINT('',(27.886974201464,121.5824894115,
    336.05119327875));
#4684 = PCURVE('',#80,#4685);
#4685 = DEFINITIONAL_REPRESENTATION('',(#4686),#4766);
#4686 = B_SPLINE_CURVE_WITH_KNOTS('',8,(#4687,#4688,#4689,#4690,#4691,
    #4692,#4693,#4694,#4695,#4696,#4697,#4698,#4699,#4700,#4701,#4702,
    #4703,#4704,#4705,#4706,#4707,#4708,#4709,#4710,#4711,#4712,#4713,
    #4714,#4715,#4716,#4717,#4718,#4719,#4720,#4721,#4722,#4723,#4724,
    #4725,#4726,#4727,#4728,#4729,#4730,#4731,#4732,#4733,#4734,#4735,
    #4736,#4737,#4738,#4739,#4740,#4741,#4742,#4743,#4744,#4745,#4746,
    #4747,#4748,#4749,#4750,#4751,#4752,#4753,#4754,#4755,#4756,#4757,
    #4758,#4759,#4760,#4761,#4762,#4763,#4764,#4765),.UNSPECIFIED.,.F.,
  .F.,(9,7,7,7,7,7,7,7,7,7,7,9),(0.,5.369518957266E-02,0.126996523607,
    0.224799447227,0.279643859253,0.339684346452,0.417774104447,
    0.455004112035,0.489812828385,0.612406198669,0.770593081625,1.),
  .UNSPECIFIED.);
#4687 = CARTESIAN_POINT('',(0.607951653196,0.703096831987));
#4688 = CARTESIAN_POINT('',(0.60820287607,0.703849695392));
#4689 = CARTESIAN_POINT('',(0.608475389764,0.704596582516));
#4690 = CARTESIAN_POINT('',(0.608768459689,0.705335699513));
#4691 = CARTESIAN_POINT('',(0.609081806624,0.706065303024));
#4692 = CARTESIAN_POINT('',(0.609413804463,0.706783661449));
#4693 = CARTESIAN_POINT('',(0.609764834216,0.707489138873));
#4694 = CARTESIAN_POINT('',(0.610132776578,0.708180068869));
#4695 = CARTESIAN_POINT('',(0.611042801725,0.70977610733));
#4696 = CARTESIAN_POINT('',(0.611599409882,0.710667367243));
#4697 = CARTESIAN_POINT('',(0.612186177522,0.711524614847));
#4698 = CARTESIAN_POINT('',(0.612801414377,0.712344073572));
#4699 = CARTESIAN_POINT('',(0.613442869573,0.713122212576));
#4700 = CARTESIAN_POINT('',(0.614107719141,0.713855736488));
#4701 = CARTESIAN_POINT('',(0.614792601162,0.714541594734));
#4702 = CARTESIAN_POINT('',(0.616429143581,0.716024819239));
#4703 = CARTESIAN_POINT('',(0.617393694021,0.716783050022));
#4704 = CARTESIAN_POINT('',(0.618378223263,0.7174449221));
#4705 = CARTESIAN_POINT('',(0.619372457058,0.718004954698));
#4706 = CARTESIAN_POINT('',(0.620365592379,0.718458786961));
#4707 = CARTESIAN_POINT('',(0.621346877164,0.718803128341));
#4708 = CARTESIAN_POINT('',(0.622306150934,0.719035839372));
#4709 = CARTESIAN_POINT('',(0.623754845272,0.719223604758));
#4710 = CARTESIAN_POINT('',(0.624265626613,0.719255723556));
#4711 = CARTESIAN_POINT('',(0.624765104927,0.71925235985));
#4712 = CARTESIAN_POINT('',(0.625251838147,0.719213494797));
#4713 = CARTESIAN_POINT('',(0.625724527483,0.719139230098));
#4714 = CARTESIAN_POINT('',(0.626182017426,0.719029787998));
#4715 = CARTESIAN_POINT('',(0.626623295746,0.718885511283));
#4716 = CARTESIAN_POINT('',(0.62751188062,0.718511289796));
#4717 = CARTESIAN_POINT('',(0.627955776512,0.718274499809));
#4718 = CARTESIAN_POINT('',(0.628378077499,0.717997120762));
#4719 = CARTESIAN_POINT('',(0.628777822099,0.717679930115));
#4720 = CARTESIAN_POINT('',(0.629154191019,0.71732385535));
#4721 = CARTESIAN_POINT('',(0.629506507149,0.716929973972));
#4722 = CARTESIAN_POINT('',(0.629834235566,0.716499513509));
#4723 = CARTESIAN_POINT('',(0.630530743084,0.715428202976));
#4724 = CARTESIAN_POINT('',(0.630844554977,0.714820866035));
#4725 = CARTESIAN_POINT('',(0.631102252169,0.714218212048));
#4726 = CARTESIAN_POINT('',(0.631316631017,0.713618767102));
#4727 = CARTESIAN_POINT('',(0.631496049579,0.713020260721));
#4728 = CARTESIAN_POINT('',(0.631645362954,0.712420629713));
#4729 = CARTESIAN_POINT('',(0.631767694862,0.711820120636));
#4730 = CARTESIAN_POINT('',(0.631911987975,0.710937256147));
#4731 = CARTESIAN_POINT('',(0.631953776095,0.710647939781));
#4732 = CARTESIAN_POINT('',(0.631990734506,0.710354474022));
#4733 = CARTESIAN_POINT('',(0.632022828462,0.710057003083));
#4734 = CARTESIAN_POINT('',(0.632050022496,0.709755673728));
#4735 = CARTESIAN_POINT('',(0.632072280417,0.70945063527));
#4736 = CARTESIAN_POINT('',(0.632089565309,0.709142039573));
#4737 = CARTESIAN_POINT('',(0.632113315497,0.708538333659));
#4738 = CARTESIAN_POINT('',(0.632120392578,0.708243647453));
#4739 = CARTESIAN_POINT('',(0.632123062151,0.707946112958));
#4740 = CARTESIAN_POINT('',(0.632121326604,0.707645860603));
#4741 = CARTESIAN_POINT('',(0.632115199349,0.707343020712));
#4742 = CARTESIAN_POINT('',(0.632104704815,0.707037723507));
#4743 = CARTESIAN_POINT('',(0.632089878451,0.706730099106));
#4744 = CARTESIAN_POINT('',(0.632003456841,0.705329111974));
#4745 = CARTESIAN_POINT('',(0.631882880688,0.704210676939));
#4746 = CARTESIAN_POINT('',(0.631710477038,0.703070987206));
#4747 = CARTESIAN_POINT('',(0.631488220704,0.701916140842));
#4748 = CARTESIAN_POINT('',(0.63121847176,0.70075230873));
#4749 = CARTESIAN_POINT('',(0.630903861409,0.699585729557));
#4750 = CARTESIAN_POINT('',(0.630547214469,0.698422710237));
#4751 = CARTESIAN_POINT('',(0.629640914058,0.695781770845));
#4752 = CARTESIAN_POINT('',(0.629065093138,0.694309945988));
#4753 = CARTESIAN_POINT('',(0.628430580169,0.692868096916));
#4754 = CARTESIAN_POINT('',(0.627743469109,0.691469391383));
#4755 = CARTESIAN_POINT('',(0.627011109528,0.690126472784));
#4756 = CARTESIAN_POINT('',(0.626237980904,0.688851249714));
#4757 = CARTESIAN_POINT('',(0.625431412831,0.687655139337));
#4758 = CARTESIAN_POINT('',(0.62338484514,0.684943752838));
#4759 = CARTESIAN_POINT('',(0.622111639846,0.68352501176));
#4760 = CARTESIAN_POINT('',(0.620793893658,0.682326514847));
#4761 = CARTESIAN_POINT('',(0.619448678991,0.681373095236));
#4762 = CARTESIAN_POINT('',(0.618094105274,0.68068408476));
#4763 = CARTESIAN_POINT('',(0.616749809427,0.680272105946));
#4764 = CARTESIAN_POINT('',(0.615437517188,0.680143843946));
#4765 = CARTESIAN_POINT('',(0.614181337636,0.680295352027));
#4766 = ( GEOMETRIC_REPRESENTATION_CONTEXT(2) 
PARAMETRIC_REPRESENTATION_CONTEXT() REPRESENTATION_CONTEXT('2D SPACE',''
  ) );
#4767 = PCURVE('',#4768,#4773);
#4768 = CYLINDRICAL_SURFACE('',#4769,4.5);
#4769 = AXIS2_PLACEMENT_3D('',#4770,#4771,#4772);
#4770 = CARTESIAN_POINT('',(26.609862733381,117.96561271596,
    339.07058782694));
#4771 = DIRECTION('',(0.195068633319,0.855152497979,0.480273290425));
#4772 = DIRECTION('',(-0.974956185526,0.222397024047,-1.3242627029E-17)
  );
#4773 = DEFINITIONAL_REPRESENTATION('',(#4774),#4854);
#4774 = B_SPLINE_CURVE_WITH_KNOTS('',8,(#4775,#4776,#4777,#4778,#4779,
    #4780,#4781,#4782,#4783,#4784,#4785,#4786,#4787,#4788,#4789,#4790,
    #4791,#4792,#4793,#4794,#4795,#4796,#4797,#4798,#4799,#4800,#4801,
    #4802,#4803,#4804,#4805,#4806,#4807,#4808,#4809,#4810,#4811,#4812,
    #4813,#4814,#4815,#4816,#4817,#4818,#4819,#4820,#4821,#4822,#4823,
    #4824,#4825,#4826,#4827,#4828,#4829,#4830,#4831,#4832,#4833,#4834,
    #4835,#4836,#4837,#4838,#4839,#4840,#4841,#4842,#4843,#4844,#4845,
    #4846,#4847,#4848,#4849,#4850,#4851,#4852,#4853),.UNSPECIFIED.,.F.,
  .F.,(9,7,7,7,7,7,7,7,7,7,7,9),(0.,5.369518957266E-02,0.126996523607,
    0.224799447227,0.279643859253,0.339684346452,0.417774104447,
    0.455004112035,0.489812828385,0.612406198669,0.770593081625,1.),
  .UNSPECIFIED.);
#4775 = CARTESIAN_POINT('',(0.,1.903591458897));
#4776 = CARTESIAN_POINT('',(3.907589770501E-02,1.902316739847));
#4777 = CARTESIAN_POINT('',(7.815264812519E-02,1.901054722523));
#4778 = CARTESIAN_POINT('',(0.117229276591,1.899823714484));
#4779 = CARTESIAN_POINT('',(0.156305689372,1.898623030314));
#4780 = CARTESIAN_POINT('',(0.195382268951,1.897493426776));
#4781 = CARTESIAN_POINT('',(0.234459311447,1.896411977923));
#4782 = CARTESIAN_POINT('',(0.273536902141,1.895424823604));
#4783 = CARTESIAN_POINT('',(0.365960001588,1.893271939058));
#4784 = CARTESIAN_POINT('',(0.419309074754,1.892173661485));
#4785 = CARTESIAN_POINT('',(0.472657183062,1.891203569565));
#4786 = CARTESIAN_POINT('',(0.526004021063,1.890357207982));
#4787 = CARTESIAN_POINT('',(0.579351229611,1.889639238703));
#4788 = CARTESIAN_POINT('',(0.632700444519,1.889060459423));
#4789 = CARTESIAN_POINT('',(0.68605133813,1.888634431629));
#4790 = CARTESIAN_POINT('',(0.810580094268,1.888025859271));
#4791 = CARTESIAN_POINT('',(0.88177438049,1.887972225837));
#4792 = CARTESIAN_POINT('',(0.952963901693,1.888243858904));
#4793 = CARTESIAN_POINT('',(1.024146652456,1.888869140496));
#4794 = CARTESIAN_POINT('',(1.095329003989,1.889865152466));
#4795 = CARTESIAN_POINT('',(1.16651751704,1.891231625106));
#4796 = CARTESIAN_POINT('',(1.23771079645,1.89294747562));
#4797 = CARTESIAN_POINT('',(1.348806939054,1.896104060783));
#4798 = CARTESIAN_POINT('',(1.388722342591,1.897334823247));
#4799 = CARTESIAN_POINT('',(1.428637403122,1.8986542964));
#4800 = CARTESIAN_POINT('',(1.468552080858,1.900053030495));
#4801 = CARTESIAN_POINT('',(1.50846649106,1.901520053485));
#4802 = CARTESIAN_POINT('',(1.548380904032,1.903042871017));
#4803 = CARTESIAN_POINT('',(1.588295745127,1.904607466441));
#4804 = CARTESIAN_POINT('',(1.671909156071,1.907939854162));
#4805 = CARTESIAN_POINT('',(1.715609372367,1.909713677413));
#4806 = CARTESIAN_POINT('',(1.759310392526,1.911496360739));
#4807 = CARTESIAN_POINT('',(1.803010935799,1.913264250364));
#4808 = CARTESIAN_POINT('',(1.846710291791,1.914993448555));
#4809 = CARTESIAN_POINT('',(1.890408320464,1.916659813618));
#4810 = CARTESIAN_POINT('',(1.934105452136,1.918238959898));
#4811 = CARTESIAN_POINT('',(2.03463611259,1.921614652303));
#4812 = CARTESIAN_POINT('',(2.086038752833,1.923153511996));
#4813 = CARTESIAN_POINT('',(2.133560559807,1.924388858136));
#4814 = CARTESIAN_POINT('',(2.178210997362,1.925376853233));
#4815 = CARTESIAN_POINT('',(2.220740238475,1.92615350023));
#4816 = CARTESIAN_POINT('',(2.261631543338,1.926743967953));
#4817 = CARTESIAN_POINT('',(2.301141073721,1.927167820307));
#4818 = CARTESIAN_POINT('',(2.357457102926,1.927577923667));
#4819 = CARTESIAN_POINT('',(2.375638264619,1.92767938185));
#4820 = CARTESIAN_POINT('',(2.393819428849,1.927750231792));
#4821 = CARTESIAN_POINT('',(2.412000589043,1.927791045502));
#4822 = CARTESIAN_POINT('',(2.430181739143,1.927802635034));
#4823 = CARTESIAN_POINT('',(2.448362873606,1.927786052479));
#4824 = CARTESIAN_POINT('',(2.466543987406,1.927742589976));
#4825 = CARTESIAN_POINT('',(2.501723739146,1.927609444576));
#4826 = CARTESIAN_POINT('',(2.518722582824,1.927523491502));
#4827 = CARTESIAN_POINT('',(2.53572138523,1.927416579931));
#4828 = CARTESIAN_POINT('',(2.55272002436,1.927289180822));
#4829 = CARTESIAN_POINT('',(2.569718478037,1.927141576635));
#4830 = CARTESIAN_POINT('',(2.586716823913,1.926973861336));
#4831 = CARTESIAN_POINT('',(2.60371523947,1.926785940397));
#4832 = CARTESIAN_POINT('',(2.680582213477,1.925843529707));
#4833 = CARTESIAN_POINT('',(2.740455265346,1.924858478474));
#4834 = CARTESIAN_POINT('',(2.800325536369,1.923627153594));
#4835 = CARTESIAN_POINT('',(2.860192372341,1.92215953979));
#4836 = CARTESIAN_POINT('',(2.920058613625,1.920471022764));
#4837 = CARTESIAN_POINT('',(2.97992713432,1.918582611779));
#4838 = CARTESIAN_POINT('',(3.039797393064,1.916521192112));
#4839 = CARTESIAN_POINT('',(3.176907566229,1.911479276926));
#4840 = CARTESIAN_POINT('',(3.254170290304,1.908405256716));
#4841 = CARTESIAN_POINT('',(3.331423010135,1.905164684693));
#4842 = CARTESIAN_POINT('',(3.408667270272,1.901857860837));
#4843 = CARTESIAN_POINT('',(3.485911882116,1.898554712616));
#4844 = CARTESIAN_POINT('',(3.5631658462,1.895411058963));
#4845 = CARTESIAN_POINT('',(3.640430315751,1.892495381304));
#4846 = CARTESIAN_POINT('',(3.82970356252,1.886256927735));
#4847 = CARTESIAN_POINT('',(3.941848733886,1.883332596711));
#4848 = CARTESIAN_POINT('',(4.053929422817,1.881550005213));
#4849 = CARTESIAN_POINT('',(4.165972131163,1.881162659256));
#4850 = CARTESIAN_POINT('',(4.278018239123,1.882229653854));
#4851 = CARTESIAN_POINT('',(4.39010886016,1.884603777811));
#4852 = CARTESIAN_POINT('',(4.502264979808,1.887980280205));
#4853 = CARTESIAN_POINT('',(4.6142883488,1.89197097499));
#4854 = ( GEOMETRIC_REPRESENTATION_CONTEXT(2) 
PARAMETRIC_REPRESENTATION_CONTEXT() REPRESENTATION_CONTEXT('2D SPACE',''
  ) );
#4855 = ORIENTED_EDGE('',*,*,#4856,.T.);
#4856 = EDGE_CURVE('',#4601,#4599,#4857,.T.);
#4857 = SURFACE_CURVE('',#4858,(#4882,#4909),.PCURVE_S1.);
#4858 = B_SPLINE_CURVE_WITH_KNOTS('',8,(#4859,#4860,#4861,#4862,#4863,
    #4864,#4865,#4866,#4867,#4868,#4869,#4870,#4871,#4872,#4873,#4874,
    #4875,#4876,#4877,#4878,#4879,#4880,#4881),.UNSPECIFIED.,.F.,.F.,(9,
    7,7,9),(0.,0.503083582339,0.723989154904,1.),.UNSPECIFIED.);
#4859 = CARTESIAN_POINT('',(27.886974201464,121.5824894115,
    336.05119327875));
#4860 = CARTESIAN_POINT('',(27.434496424684,121.71184885588,
    336.01242405054));
#4861 = CARTESIAN_POINT('',(26.970297051855,121.81663550264,
    336.02330975303));
#4862 = CARTESIAN_POINT('',(26.502501052303,121.89420408089,
    336.08458237268));
#4863 = CARTESIAN_POINT('',(26.038945925654,121.94285936674,
    336.19538029477));
#4864 = CARTESIAN_POINT('',(25.587225456789,121.9614171538,
    336.3538338258));
#4865 = CARTESIAN_POINT('',(25.154701711641,121.94952995277,
    336.55712425567));
#4866 = CARTESIAN_POINT('',(24.748457961024,121.9074138645,
    336.80147502098));
#4867 = CARTESIAN_POINT('',(24.211164413029,121.8051606352,
    337.2047920058));
#4868 = CARTESIAN_POINT('',(24.053508634184,121.76837135225,
    337.33481948724));
#4869 = CARTESIAN_POINT('',(23.902676375831,121.72609319391,
    337.47140926256));
#4870 = CARTESIAN_POINT('',(23.759169958138,121.67845597199,
    337.6141315441));
#4871 = CARTESIAN_POINT('',(23.623457721491,121.62561659276,
    337.76253293881));
#4872 = CARTESIAN_POINT('',(23.495974635104,121.56775790451,
    337.91613715091));
#4873 = CARTESIAN_POINT('',(23.377121007694,121.50508849067,
    338.07444419897));
#4874 = CARTESIAN_POINT('',(23.129992402068,121.35382392549,
    338.43994399445));
#4875 = CARTESIAN_POINT('',(23.006747542931,121.26265173804,
    338.64950353329));
#4876 = CARTESIAN_POINT('',(22.898242350245,121.16478577769,
    338.86457552765));
#4877 = CARTESIAN_POINT('',(22.805073354416,121.06073521232,
    339.08410339115));
#4878 = CARTESIAN_POINT('',(22.727728167423,120.95105082034,
    339.30700724214));
#4879 = CARTESIAN_POINT('',(22.666588994614,120.83632046597,
    339.53218461336));
#4880 = CARTESIAN_POINT('',(22.621927479679,120.71716867563,
    339.75850981633));
#4881 = CARTESIAN_POINT('',(22.593890882799,120.59426031538,
    339.98483196053));
#4882 = PCURVE('',#80,#4883);
#4883 = DEFINITIONAL_REPRESENTATION('',(#4884),#4908);
#4884 = B_SPLINE_CURVE_WITH_KNOTS('',8,(#4885,#4886,#4887,#4888,#4889,
    #4890,#4891,#4892,#4893,#4894,#4895,#4896,#4897,#4898,#4899,#4900,
    #4901,#4902,#4903,#4904,#4905,#4906,#4907),.UNSPECIFIED.,.F.,.F.,(9,
    7,7,9),(0.,0.503083582339,0.723989154904,1.),.UNSPECIFIED.);
#4885 = CARTESIAN_POINT('',(0.614181337636,0.680295352027));
#4886 = CARTESIAN_POINT('',(0.613004698842,0.680437266681));
#4887 = CARTESIAN_POINT('',(0.61187492638,0.680824928427));
#4888 = CARTESIAN_POINT('',(0.610812015171,0.681456816009));
#4889 = CARTESIAN_POINT('',(0.609834017094,0.682323961304));
#4890 = CARTESIAN_POINT('',(0.608959578335,0.683412710452));
#4891 = CARTESIAN_POINT('',(0.608205651983,0.684704613276));
#4892 = CARTESIAN_POINT('',(0.607589962719,0.68617672183));
#4893 = CARTESIAN_POINT('',(0.606922840839,0.688511921449));
#4894 = CARTESIAN_POINT('',(0.606748515512,0.689253722239));
#4895 = CARTESIAN_POINT('',(0.606604455769,0.690022447684));
#4896 = CARTESIAN_POINT('',(0.606491533766,0.690815630549));
#4897 = CARTESIAN_POINT('',(0.606410454277,0.691630699463));
#4898 = CARTESIAN_POINT('',(0.606361747875,0.692464983572));
#4899 = CARTESIAN_POINT('',(0.60634575998,0.693315712327));
#4900 = CARTESIAN_POINT('',(0.606383721288,0.695259909122));
#4901 = CARTESIAN_POINT('',(0.606456113596,0.696361113622));
#4902 = CARTESIAN_POINT('',(0.60658011523,0.697477981881));
#4903 = CARTESIAN_POINT('',(0.606755533444,0.698604819669));
#4904 = CARTESIAN_POINT('',(0.606981714819,0.699735892971));
#4905 = CARTESIAN_POINT('',(0.607257563176,0.700865439765));
#4906 = CARTESIAN_POINT('',(0.607581540834,0.701987681176));
#4907 = CARTESIAN_POINT('',(0.607951653196,0.703096831987));
#4908 = ( GEOMETRIC_REPRESENTATION_CONTEXT(2) 
PARAMETRIC_REPRESENTATION_CONTEXT() REPRESENTATION_CONTEXT('2D SPACE',''
  ) );
#4909 = PCURVE('',#4768,#4910);
#4910 = DEFINITIONAL_REPRESENTATION('',(#4911),#4935);
#4911 = B_SPLINE_CURVE_WITH_KNOTS('',8,(#4912,#4913,#4914,#4915,#4916,
    #4917,#4918,#4919,#4920,#4921,#4922,#4923,#4924,#4925,#4926,#4927,
    #4928,#4929,#4930,#4931,#4932,#4933,#4934),.UNSPECIFIED.,.F.,.F.,(9,
    7,7,9),(0.,0.503083582339,0.723989154904,1.),.UNSPECIFIED.);
#4912 = CARTESIAN_POINT('',(4.6142883488,1.89197097499));
#4913 = CARTESIAN_POINT('',(4.71921844539,1.895708980666));
#4914 = CARTESIAN_POINT('',(4.824241539809,1.899994918305));
#4915 = CARTESIAN_POINT('',(4.929215215735,1.904503158107));
#4916 = CARTESIAN_POINT('',(5.034152823007,1.90889906493));
#4917 = CARTESIAN_POINT('',(5.139086304364,1.912753307122));
#4918 = CARTESIAN_POINT('',(5.244049694105,1.915851085282));
#4919 = CARTESIAN_POINT('',(5.349060713953,1.917945140038));
#4920 = CARTESIAN_POINT('',(5.500074173254,1.919396292866));
#4921 = CARTESIAN_POINT('',(5.546153352973,1.919630874696));
#4922 = CARTESIAN_POINT('',(5.592231883217,1.919654380313));
#4923 = CARTESIAN_POINT('',(5.638309504522,1.919469389996));
#4924 = CARTESIAN_POINT('',(5.684386927485,1.919083688469));
#4925 = CARTESIAN_POINT('',(5.730464881341,1.918509735615));
#4926 = CARTESIAN_POINT('',(5.776543166551,1.917763862029));
#4927 = CARTESIAN_POINT('',(5.880190129154,1.915742341334));
#4928 = CARTESIAN_POINT('',(5.937764275039,1.914380860508));
#4929 = CARTESIAN_POINT('',(5.995336037366,1.912817914811));
#4930 = CARTESIAN_POINT('',(6.052905016044,1.911097834582));
#4931 = CARTESIAN_POINT('',(6.110473666931,1.909268098835));
#4932 = CARTESIAN_POINT('',(6.168044454218,1.907376491823));
#4933 = CARTESIAN_POINT('',(6.225617010879,1.90546942993));
#4934 = CARTESIAN_POINT('',(6.28318530718,1.903591458897));
#4935 = ( GEOMETRIC_REPRESENTATION_CONTEXT(2) 
PARAMETRIC_REPRESENTATION_CONTEXT() REPRESENTATION_CONTEXT('2D SPACE',''
  ) );
#4936 = ADVANCED_FACE('',(#4937),#3505,.F.);
#4937 = FACE_BOUND('',#4938,.F.);
#4938 = EDGE_LOOP('',(#4939,#4940,#4962,#8451));
#4939 = ORIENTED_EDGE('',*,*,#21,.T.);
#4940 = ORIENTED_EDGE('',*,*,#4941,.T.);
#4941 = EDGE_CURVE('',#24,#4942,#4944,.T.);
#4942 = VERTEX_POINT('',#4943);
#4943 = CARTESIAN_POINT('',(-123.2195963278,94.908425241597,
    321.15928809317));
#4944 = SURFACE_CURVE('',#4945,(#4948,#4955),.PCURVE_S1.);
#4945 = B_SPLINE_CURVE_WITH_KNOTS('',1,(#4946,#4947),.UNSPECIFIED.,.F.,
  .F.,(2,2),(0.,1.),.PIECEWISE_BEZIER_KNOTS.);
#4946 = CARTESIAN_POINT('',(-124.7712617334,96.66409652683,
    321.6816493789));
#4947 = CARTESIAN_POINT('',(-123.2195963278,94.908425241597,
    321.15928809317));
#4948 = PCURVE('',#3505,#4949);
#4949 = DEFINITIONAL_REPRESENTATION('',(#4950),#4954);
#4950 = LINE('',#4951,#4952);
#4951 = CARTESIAN_POINT('',(0.72,0.));
#4952 = VECTOR('',#4953,1.);
#4953 = DIRECTION('',(0.,1.));
#4954 = ( GEOMETRIC_REPRESENTATION_CONTEXT(2) 
PARAMETRIC_REPRESENTATION_CONTEXT() REPRESENTATION_CONTEXT('2D SPACE',''
  ) );
#4955 = PCURVE('',#3927,#4956);
#4956 = DEFINITIONAL_REPRESENTATION('',(#4957),#4961);
#4957 = LINE('',#4958,#4959);
#4958 = CARTESIAN_POINT('',(0.16625,0.));
#4959 = VECTOR('',#4960,1.);
#4960 = DIRECTION('',(0.,1.));
#4961 = ( GEOMETRIC_REPRESENTATION_CONTEXT(2) 
PARAMETRIC_REPRESENTATION_CONTEXT() REPRESENTATION_CONTEXT('2D SPACE',''
  ) );
#4962 = ORIENTED_EDGE('',*,*,#4963,.F.);
#4963 = EDGE_CURVE('',#4964,#4942,#4966,.T.);
#4964 = VERTEX_POINT('',#4965);
#4965 = CARTESIAN_POINT('',(-123.1749771852,97.844005239334,
    303.97950655539));
#4966 = SURFACE_CURVE('',#4967,(#5019,#5026),.PCURVE_S1.);
#4967 = B_SPLINE_CURVE_WITH_KNOTS('',3,(#4968,#4969,#4970,#4971,#4972,
    #4973,#4974,#4975,#4976,#4977,#4978,#4979,#4980,#4981,#4982,#4983,
    #4984,#4985,#4986,#4987,#4988,#4989,#4990,#4991,#4992,#4993,#4994,
    #4995,#4996,#4997,#4998,#4999,#5000,#5001,#5002,#5003,#5004,#5005,
    #5006,#5007,#5008,#5009,#5010,#5011,#5012,#5013,#5014,#5015,#5016,
    #5017,#5018),.UNSPECIFIED.,.F.,.F.,(4,1,1,1,1,1,1,1,1,1,1,1,1,1,1,1,
    1,1,1,1,1,1,1,1,1,1,1,1,1,1,1,1,1,1,1,1,1,1,1,1,1,1,1,1,1,1,1,1,4),(
    0.,2.083333333333E-02,4.166666666667E-02,6.25E-02,8.333333333333E-02
    ,0.104166666667,0.125,0.145833333333,0.166666666667,0.1875,
    0.208333333333,0.229166666667,0.25,0.270833333333,0.291666666667,
    0.3125,0.333333333333,0.354166666667,0.375,0.395833333333,
    0.416666666667,0.4375,0.458333333333,0.479166666667,0.5,
    0.520833333333,0.541666666667,0.5625,0.583333333333,0.604166666667,
    0.625,0.645833333333,0.666666666667,0.6875,0.708333333333,
    0.729166666667,0.75,0.770833333333,0.791666666667,0.8125,
    0.833333333333,0.854166666667,0.875,0.895833333333,0.916666666667,
    0.9375,0.958333333333,0.979166666667,1.),.QUASI_UNIFORM_KNOTS.);
#4968 = CARTESIAN_POINT('',(-115.3703432722,98.626527212512,
    269.74429290648));
#4969 = CARTESIAN_POINT('',(-115.3734091751,98.938637838075,
    270.54794389499));
#4970 = CARTESIAN_POINT('',(-115.3795166049,99.534099094705,
    272.15532666378));
#4971 = CARTESIAN_POINT('',(-115.3885586595,100.34049861839,
    274.55776466268));
#4972 = CARTESIAN_POINT('',(-115.3974389143,101.06047855337,
    276.94261957937));
#4973 = CARTESIAN_POINT('',(-115.4061081649,101.69527514865,
    279.30092876528));
#4974 = CARTESIAN_POINT('',(-115.4145495658,102.2469217107,
    281.62377317704));
#4975 = CARTESIAN_POINT('',(-115.4226369233,102.71831355188,
    283.90227667709));
#4976 = CARTESIAN_POINT('',(-115.4306661901,103.11274930432,
    286.12780635244));
#4977 = CARTESIAN_POINT('',(-115.4373741977,103.43539856399,
    288.29139575034));
#4978 = CARTESIAN_POINT('',(-115.4473346914,103.68755474932,
    290.38604316388));
#4979 = CARTESIAN_POINT('',(-115.443357306,103.88778893025,
    292.39825567731));
#4980 = CARTESIAN_POINT('',(-115.4894966761,103.99268200495,
    294.33970445314));
#4981 = CARTESIAN_POINT('',(-115.3466170653,104.1923084366,
    296.12915772338));
#4982 = CARTESIAN_POINT('',(-115.9071237139,103.80710034422,
    298.03315805915));
#4983 = CARTESIAN_POINT('',(-113.8404708595,105.40440395564,
    299.02140866482));
#4984 = CARTESIAN_POINT('',(-121.5763956253,99.434853431106,
    302.90454096219));
#4985 = CARTESIAN_POINT('',(-125.4683500886,95.675465770561,
    305.45107286634));
#4986 = CARTESIAN_POINT('',(-129.2639515353,91.816931693858,
    307.54772858365));
#4987 = CARTESIAN_POINT('',(-132.0586553833,88.676226259321,
    309.06629723221));
#4988 = CARTESIAN_POINT('',(-134.2097637883,86.11945302518,
    310.19591864199));
#4989 = CARTESIAN_POINT('',(-135.7463693339,84.206795470748,
    311.03493439802));
#4990 = CARTESIAN_POINT('',(-136.7737760693,82.88566597042,
    311.65985350531));
#4991 = CARTESIAN_POINT('',(-137.3909772546,82.058954867473,
    312.149647684));
#4992 = CARTESIAN_POINT('',(-137.7001927282,81.61416314756,
    312.55456969035));
#4993 = CARTESIAN_POINT('',(-137.803773726,81.426508213574,
    312.91241276733));
#4994 = CARTESIAN_POINT('',(-137.8045308394,81.36635281662,
    313.25228453871));
#4995 = CARTESIAN_POINT('',(-137.8052893882,81.303245881061,
    313.59516423665));
#4996 = CARTESIAN_POINT('',(-137.7033065827,81.361369465478,
    313.95488943417));
#4997 = CARTESIAN_POINT('',(-137.3959077171,81.661757294701,
    314.35272634561));
#4998 = CARTESIAN_POINT('',(-136.7809292355,82.318055398847,
    314.81800299371));
#4999 = CARTESIAN_POINT('',(-135.7564279431,83.428755448714,
    315.38717271528));
#5000 = CARTESIAN_POINT('',(-134.2237286291,85.070797983091,
    316.110560163));
#5001 = CARTESIAN_POINT('',(-132.078114063,87.276508250756,
    317.04445445761));
#5002 = CARTESIAN_POINT('',(-129.2911007593,89.958083307108,
    318.26476254988));
#5003 = CARTESIAN_POINT('',(-125.5056582962,93.190463238119,
    319.93663880577));
#5004 = CARTESIAN_POINT('',(-121.6266695668,96.172636035822,
    322.04479954567));
#5005 = CARTESIAN_POINT('',(-113.9040616086,100.91424456279,
    325.37899425082));
#5006 = CARTESIAN_POINT('',(-115.9794077846,98.427754116013,
    327.94665827707));
#5007 = CARTESIAN_POINT('',(-115.4319654291,96.835894853192,
    332.83935532809));
#5008 = CARTESIAN_POINT('',(-115.5878255431,93.697327951145,
    338.88516383732));
#5009 = CARTESIAN_POINT('',(-115.5536021974,89.361595550728,
    345.99373923353));
#5010 = CARTESIAN_POINT('',(-115.5668436389,83.448188351083,
    353.72075729772));
#5011 = CARTESIAN_POINT('',(-115.5628511023,75.843505392321,
    361.65878514368));
#5012 = CARTESIAN_POINT('',(-115.5589939813,66.4796386895,369.3512691414
    ));
#5013 = CARTESIAN_POINT('',(-115.5517285977,55.4271304937,
    376.34709875013));
#5014 = CARTESIAN_POINT('',(-115.5438767263,42.886172914895,
    382.22759208252));
#5015 = CARTESIAN_POINT('',(-115.5368119608,29.184163399169,
    386.64557301186));
#5016 = CARTESIAN_POINT('',(-115.5320442126,14.749718897217,
    389.3584532901));
#5017 = CARTESIAN_POINT('',(-115.5309416191,4.96693031863,
    389.95528986579));
#5018 = CARTESIAN_POINT('',(-115.5309446184,0.12,389.95520361635));
#5019 = PCURVE('',#3505,#5020);
#5020 = DEFINITIONAL_REPRESENTATION('',(#5021),#5025);
#5021 = LINE('',#5022,#5023);
#5022 = CARTESIAN_POINT('',(0.,1.));
#5023 = VECTOR('',#5024,1.);
#5024 = DIRECTION('',(1.,0.));
#5025 = ( GEOMETRIC_REPRESENTATION_CONTEXT(2) 
PARAMETRIC_REPRESENTATION_CONTEXT() REPRESENTATION_CONTEXT('2D SPACE',''
  ) );
#5026 = PCURVE('',#5027,#8445);
#5027 = B_SPLINE_SURFACE_WITH_KNOTS('',3,3,(
    (#5028,#5029,#5030,#5031,#5032,#5033,#5034,#5035,#5036,#5037,#5038
      ,#5039,#5040,#5041,#5042,#5043,#5044,#5045,#5046,#5047,#5048,#5049
      ,#5050,#5051,#5052,#5053,#5054,#5055,#5056,#5057,#5058,#5059,#5060
      ,#5061,#5062,#5063,#5064,#5065,#5066,#5067,#5068,#5069,#5070,#5071
      ,#5072,#5073,#5074,#5075,#5076,#5077,#5078)
    ,(#5079,#5080,#5081,#5082,#5083,#5084,#5085,#5086,#5087,#5088,#5089
      ,#5090,#5091,#5092,#5093,#5094,#5095,#5096,#5097,#5098,#5099,#5100
      ,#5101,#5102,#5103,#5104,#5105,#5106,#5107,#5108,#5109,#5110,#5111
      ,#5112,#5113,#5114,#5115,#5116,#5117,#5118,#5119,#5120,#5121,#5122
      ,#5123,#5124,#5125,#5126,#5127,#5128,#5129)
    ,(#5130,#5131,#5132,#5133,#5134,#5135,#5136,#5137,#5138,#5139,#5140
      ,#5141,#5142,#5143,#5144,#5145,#5146,#5147,#5148,#5149,#5150,#5151
      ,#5152,#5153,#5154,#5155,#5156,#5157,#5158,#5159,#5160,#5161,#5162
      ,#5163,#5164,#5165,#5166,#5167,#5168,#5169,#5170,#5171,#5172,#5173
      ,#5174,#5175,#5176,#5177,#5178,#5179,#5180)
    ,(#5181,#5182,#5183,#5184,#5185,#5186,#5187,#5188,#5189,#5190,#5191
      ,#5192,#5193,#5194,#5195,#5196,#5197,#5198,#5199,#5200,#5201,#5202
      ,#5203,#5204,#5205,#5206,#5207,#5208,#5209,#5210,#5211,#5212,#5213
      ,#5214,#5215,#5216,#5217,#5218,#5219,#5220,#5221,#5222,#5223,#5224
      ,#5225,#5226,#5227,#5228,#5229,#5230,#5231)
    ,(#5232,#5233,#5234,#5235,#5236,#5237,#5238,#5239,#5240,#5241,#5242
      ,#5243,#5244,#5245,#5246,#5247,#5248,#5249,#5250,#5251,#5252,#5253
      ,#5254,#5255,#5256,#5257,#5258,#5259,#5260,#5261,#5262,#5263,#5264
      ,#5265,#5266,#5267,#5268,#5269,#5270,#5271,#5272,#5273,#5274,#5275
      ,#5276,#5277,#5278,#5279,#5280,#5281,#5282)
    ,(#5283,#5284,#5285,#5286,#5287,#5288,#5289,#5290,#5291,#5292,#5293
      ,#5294,#5295,#5296,#5297,#5298,#5299,#5300,#5301,#5302,#5303,#5304
      ,#5305,#5306,#5307,#5308,#5309,#5310,#5311,#5312,#5313,#5314,#5315
      ,#5316,#5317,#5318,#5319,#5320,#5321,#5322,#5323,#5324,#5325,#5326
      ,#5327,#5328,#5329,#5330,#5331,#5332,#5333)
    ,(#5334,#5335,#5336,#5337,#5338,#5339,#5340,#5341,#5342,#5343,#5344
      ,#5345,#5346,#5347,#5348,#5349,#5350,#5351,#5352,#5353,#5354,#5355
      ,#5356,#5357,#5358,#5359,#5360,#5361,#5362,#5363,#5364,#5365,#5366
      ,#5367,#5368,#5369,#5370,#5371,#5372,#5373,#5374,#5375,#5376,#5377
      ,#5378,#5379,#5380,#5381,#5382,#5383,#5384)
    ,(#5385,#5386,#5387,#5388,#5389,#5390,#5391,#5392,#5393,#5394,#5395
      ,#5396,#5397,#5398,#5399,#5400,#5401,#5402,#5403,#5404,#5405,#5406
      ,#5407,#5408,#5409,#5410,#5411,#5412,#5413,#5414,#5415,#5416,#5417
      ,#5418,#5419,#5420,#5421,#5422,#5423,#5424,#5425,#5426,#5427,#5428
      ,#5429,#5430,#5431,#5432,#5433,#5434,#5435)
    ,(#5436,#5437,#5438,#5439,#5440,#5441,#5442,#5443,#5444,#5445,#5446
      ,#5447,#5448,#5449,#5450,#5451,#5452,#5453,#5454,#5455,#5456,#5457
      ,#5458,#5459,#5460,#5461,#5462,#5463,#5464,#5465,#5466,#5467,#5468
      ,#5469,#5470,#5471,#5472,#5473,#5474,#5475,#5476,#5477,#5478,#5479
      ,#5480,#5481,#5482,#5483,#5484,#5485,#5486)
    ,(#5487,#5488,#5489,#5490,#5491,#5492,#5493,#5494,#5495,#5496,#5497
      ,#5498,#5499,#5500,#5501,#5502,#5503,#5504,#5505,#5506,#5507,#5508
      ,#5509,#5510,#5511,#5512,#5513,#5514,#5515,#5516,#5517,#5518,#5519
      ,#5520,#5521,#5522,#5523,#5524,#5525,#5526,#5527,#5528,#5529,#5530
      ,#5531,#5532,#5533,#5534,#5535,#5536,#5537)
    ,(#5538,#5539,#5540,#5541,#5542,#5543,#5544,#5545,#5546,#5547,#5548
      ,#5549,#5550,#5551,#5552,#5553,#5554,#5555,#5556,#5557,#5558,#5559
      ,#5560,#5561,#5562,#5563,#5564,#5565,#5566,#5567,#5568,#5569,#5570
      ,#5571,#5572,#5573,#5574,#5575,#5576,#5577,#5578,#5579,#5580,#5581
      ,#5582,#5583,#5584,#5585,#5586,#5587,#5588)
    ,(#5589,#5590,#5591,#5592,#5593,#5594,#5595,#5596,#5597,#5598,#5599
      ,#5600,#5601,#5602,#5603,#5604,#5605,#5606,#5607,#5608,#5609,#5610
      ,#5611,#5612,#5613,#5614,#5615,#5616,#5617,#5618,#5619,#5620,#5621
      ,#5622,#5623,#5624,#5625,#5626,#5627,#5628,#5629,#5630,#5631,#5632
      ,#5633,#5634,#5635,#5636,#5637,#5638,#5639)
    ,(#5640,#5641,#5642,#5643,#5644,#5645,#5646,#5647,#5648,#5649,#5650
      ,#5651,#5652,#5653,#5654,#5655,#5656,#5657,#5658,#5659,#5660,#5661
      ,#5662,#5663,#5664,#5665,#5666,#5667,#5668,#5669,#5670,#5671,#5672
      ,#5673,#5674,#5675,#5676,#5677,#5678,#5679,#5680,#5681,#5682,#5683
      ,#5684,#5685,#5686,#5687,#5688,#5689,#5690)
    ,(#5691,#5692,#5693,#5694,#5695,#5696,#5697,#5698,#5699,#5700,#5701
      ,#5702,#5703,#5704,#5705,#5706,#5707,#5708,#5709,#5710,#5711,#5712
      ,#5713,#5714,#5715,#5716,#5717,#5718,#5719,#5720,#5721,#5722,#5723
      ,#5724,#5725,#5726,#5727,#5728,#5729,#5730,#5731,#5732,#5733,#5734
      ,#5735,#5736,#5737,#5738,#5739,#5740,#5741)
    ,(#5742,#5743,#5744,#5745,#5746,#5747,#5748,#5749,#5750,#5751,#5752
      ,#5753,#5754,#5755,#5756,#5757,#5758,#5759,#5760,#5761,#5762,#5763
      ,#5764,#5765,#5766,#5767,#5768,#5769,#5770,#5771,#5772,#5773,#5774
      ,#5775,#5776,#5777,#5778,#5779,#5780,#5781,#5782,#5783,#5784,#5785
      ,#5786,#5787,#5788,#5789,#5790,#5791,#5792)
    ,(#5793,#5794,#5795,#5796,#5797,#5798,#5799,#5800,#5801,#5802,#5803
      ,#5804,#5805,#5806,#5807,#5808,#5809,#5810,#5811,#5812,#5813,#5814
      ,#5815,#5816,#5817,#5818,#5819,#5820,#5821,#5822,#5823,#5824,#5825
      ,#5826,#5827,#5828,#5829,#5830,#5831,#5832,#5833,#5834,#5835,#5836
      ,#5837,#5838,#5839,#5840,#5841,#5842,#5843)
    ,(#5844,#5845,#5846,#5847,#5848,#5849,#5850,#5851,#5852,#5853,#5854
      ,#5855,#5856,#5857,#5858,#5859,#5860,#5861,#5862,#5863,#5864,#5865
      ,#5866,#5867,#5868,#5869,#5870,#5871,#5872,#5873,#5874,#5875,#5876
      ,#5877,#5878,#5879,#5880,#5881,#5882,#5883,#5884,#5885,#5886,#5887
      ,#5888,#5889,#5890,#5891,#5892,#5893,#5894)
    ,(#5895,#5896,#5897,#5898,#5899,#5900,#5901,#5902,#5903,#5904,#5905
      ,#5906,#5907,#5908,#5909,#5910,#5911,#5912,#5913,#5914,#5915,#5916
      ,#5917,#5918,#5919,#5920,#5921,#5922,#5923,#5924,#5925,#5926,#5927
      ,#5928,#5929,#5930,#5931,#5932,#5933,#5934,#5935,#5936,#5937,#5938
      ,#5939,#5940,#5941,#5942,#5943,#5944,#5945)
    ,(#5946,#5947,#5948,#5949,#5950,#5951,#5952,#5953,#5954,#5955,#5956
      ,#5957,#5958,#5959,#5960,#5961,#5962,#5963,#5964,#5965,#5966,#5967
      ,#5968,#5969,#5970,#5971,#5972,#5973,#5974,#5975,#5976,#5977,#5978
      ,#5979,#5980,#5981,#5982,#5983,#5984,#5985,#5986,#5987,#5988,#5989
      ,#5990,#5991,#5992,#5993,#5994,#5995,#5996)
    ,(#5997,#5998,#5999,#6000,#6001,#6002,#6003,#6004,#6005,#6006,#6007
      ,#6008,#6009,#6010,#6011,#6012,#6013,#6014,#6015,#6016,#6017,#6018
      ,#6019,#6020,#6021,#6022,#6023,#6024,#6025,#6026,#6027,#6028,#6029
      ,#6030,#6031,#6032,#6033,#6034,#6035,#6036,#6037,#6038,#6039,#6040
      ,#6041,#6042,#6043,#6044,#6045,#6046,#6047)
    ,(#6048,#6049,#6050,#6051,#6052,#6053,#6054,#6055,#6056,#6057,#6058
      ,#6059,#6060,#6061,#6062,#6063,#6064,#6065,#6066,#6067,#6068,#6069
      ,#6070,#6071,#6072,#6073,#6074,#6075,#6076,#6077,#6078,#6079,#6080
      ,#6081,#6082,#6083,#6084,#6085,#6086,#6087,#6088,#6089,#6090,#6091
      ,#6092,#6093,#6094,#6095,#6096,#6097,#6098)
    ,(#6099,#6100,#6101,#6102,#6103,#6104,#6105,#6106,#6107,#6108,#6109
      ,#6110,#6111,#6112,#6113,#6114,#6115,#6116,#6117,#6118,#6119,#6120
      ,#6121,#6122,#6123,#6124,#6125,#6126,#6127,#6128,#6129,#6130,#6131
      ,#6132,#6133,#6134,#6135,#6136,#6137,#6138,#6139,#6140,#6141,#6142
      ,#6143,#6144,#6145,#6146,#6147,#6148,#6149)
    ,(#6150,#6151,#6152,#6153,#6154,#6155,#6156,#6157,#6158,#6159,#6160
      ,#6161,#6162,#6163,#6164,#6165,#6166,#6167,#6168,#6169,#6170,#6171
      ,#6172,#6173,#6174,#6175,#6176,#6177,#6178,#6179,#6180,#6181,#6182
      ,#6183,#6184,#6185,#6186,#6187,#6188,#6189,#6190,#6191,#6192,#6193
      ,#6194,#6195,#6196,#6197,#6198,#6199,#6200)
    ,(#6201,#6202,#6203,#6204,#6205,#6206,#6207,#6208,#6209,#6210,#6211
      ,#6212,#6213,#6214,#6215,#6216,#6217,#6218,#6219,#6220,#6221,#6222
      ,#6223,#6224,#6225,#6226,#6227,#6228,#6229,#6230,#6231,#6232,#6233
      ,#6234,#6235,#6236,#6237,#6238,#6239,#6240,#6241,#6242,#6243,#6244
      ,#6245,#6246,#6247,#6248,#6249,#6250,#6251)
    ,(#6252,#6253,#6254,#6255,#6256,#6257,#6258,#6259,#6260,#6261,#6262
      ,#6263,#6264,#6265,#6266,#6267,#6268,#6269,#6270,#6271,#6272,#6273
      ,#6274,#6275,#6276,#6277,#6278,#6279,#6280,#6281,#6282,#6283,#6284
      ,#6285,#6286,#6287,#6288,#6289,#6290,#6291,#6292,#6293,#6294,#6295
      ,#6296,#6297,#6298,#6299,#6300,#6301,#6302)
    ,(#6303,#6304,#6305,#6306,#6307,#6308,#6309,#6310,#6311,#6312,#6313
      ,#6314,#6315,#6316,#6317,#6318,#6319,#6320,#6321,#6322,#6323,#6324
      ,#6325,#6326,#6327,#6328,#6329,#6330,#6331,#6332,#6333,#6334,#6335
      ,#6336,#6337,#6338,#6339,#6340,#6341,#6342,#6343,#6344,#6345,#6346
      ,#6347,#6348,#6349,#6350,#6351,#6352,#6353)
    ,(#6354,#6355,#6356,#6357,#6358,#6359,#6360,#6361,#6362,#6363,#6364
      ,#6365,#6366,#6367,#6368,#6369,#6370,#6371,#6372,#6373,#6374,#6375
      ,#6376,#6377,#6378,#6379,#6380,#6381,#6382,#6383,#6384,#6385,#6386
      ,#6387,#6388,#6389,#6390,#6391,#6392,#6393,#6394,#6395,#6396,#6397
      ,#6398,#6399,#6400,#6401,#6402,#6403,#6404)
    ,(#6405,#6406,#6407,#6408,#6409,#6410,#6411,#6412,#6413,#6414,#6415
      ,#6416,#6417,#6418,#6419,#6420,#6421,#6422,#6423,#6424,#6425,#6426
      ,#6427,#6428,#6429,#6430,#6431,#6432,#6433,#6434,#6435,#6436,#6437
      ,#6438,#6439,#6440,#6441,#6442,#6443,#6444,#6445,#6446,#6447,#6448
      ,#6449,#6450,#6451,#6452,#6453,#6454,#6455)
    ,(#6456,#6457,#6458,#6459,#6460,#6461,#6462,#6463,#6464,#6465,#6466
      ,#6467,#6468,#6469,#6470,#6471,#6472,#6473,#6474,#6475,#6476,#6477
      ,#6478,#6479,#6480,#6481,#6482,#6483,#6484,#6485,#6486,#6487,#6488
      ,#6489,#6490,#6491,#6492,#6493,#6494,#6495,#6496,#6497,#6498,#6499
      ,#6500,#6501,#6502,#6503,#6504,#6505,#6506)
    ,(#6507,#6508,#6509,#6510,#6511,#6512,#6513,#6514,#6515,#6516,#6517
      ,#6518,#6519,#6520,#6521,#6522,#6523,#6524,#6525,#6526,#6527,#6528
      ,#6529,#6530,#6531,#6532,#6533,#6534,#6535,#6536,#6537,#6538,#6539
      ,#6540,#6541,#6542,#6543,#6544,#6545,#6546,#6547,#6548,#6549,#6550
      ,#6551,#6552,#6553,#6554,#6555,#6556,#6557)
    ,(#6558,#6559,#6560,#6561,#6562,#6563,#6564,#6565,#6566,#6567,#6568
      ,#6569,#6570,#6571,#6572,#6573,#6574,#6575,#6576,#6577,#6578,#6579
      ,#6580,#6581,#6582,#6583,#6584,#6585,#6586,#6587,#6588,#6589,#6590
      ,#6591,#6592,#6593,#6594,#6595,#6596,#6597,#6598,#6599,#6600,#6601
      ,#6602,#6603,#6604,#6605,#6606,#6607,#6608)
    ,(#6609,#6610,#6611,#6612,#6613,#6614,#6615,#6616,#6617,#6618,#6619
      ,#6620,#6621,#6622,#6623,#6624,#6625,#6626,#6627,#6628,#6629,#6630
      ,#6631,#6632,#6633,#6634,#6635,#6636,#6637,#6638,#6639,#6640,#6641
      ,#6642,#6643,#6644,#6645,#6646,#6647,#6648,#6649,#6650,#6651,#6652
      ,#6653,#6654,#6655,#6656,#6657,#6658,#6659)
    ,(#6660,#6661,#6662,#6663,#6664,#6665,#6666,#6667,#6668,#6669,#6670
      ,#6671,#6672,#6673,#6674,#6675,#6676,#6677,#6678,#6679,#6680,#6681
      ,#6682,#6683,#6684,#6685,#6686,#6687,#6688,#6689,#6690,#6691,#6692
      ,#6693,#6694,#6695,#6696,#6697,#6698,#6699,#6700,#6701,#6702,#6703
      ,#6704,#6705,#6706,#6707,#6708,#6709,#6710)
    ,(#6711,#6712,#6713,#6714,#6715,#6716,#6717,#6718,#6719,#6720,#6721
      ,#6722,#6723,#6724,#6725,#6726,#6727,#6728,#6729,#6730,#6731,#6732
      ,#6733,#6734,#6735,#6736,#6737,#6738,#6739,#6740,#6741,#6742,#6743
      ,#6744,#6745,#6746,#6747,#6748,#6749,#6750,#6751,#6752,#6753,#6754
      ,#6755,#6756,#6757,#6758,#6759,#6760,#6761)
    ,(#6762,#6763,#6764,#6765,#6766,#6767,#6768,#6769,#6770,#6771,#6772
      ,#6773,#6774,#6775,#6776,#6777,#6778,#6779,#6780,#6781,#6782,#6783
      ,#6784,#6785,#6786,#6787,#6788,#6789,#6790,#6791,#6792,#6793,#6794
      ,#6795,#6796,#6797,#6798,#6799,#6800,#6801,#6802,#6803,#6804,#6805
      ,#6806,#6807,#6808,#6809,#6810,#6811,#6812)
    ,(#6813,#6814,#6815,#6816,#6817,#6818,#6819,#6820,#6821,#6822,#6823
      ,#6824,#6825,#6826,#6827,#6828,#6829,#6830,#6831,#6832,#6833,#6834
      ,#6835,#6836,#6837,#6838,#6839,#6840,#6841,#6842,#6843,#6844,#6845
      ,#6846,#6847,#6848,#6849,#6850,#6851,#6852,#6853,#6854,#6855,#6856
      ,#6857,#6858,#6859,#6860,#6861,#6862,#6863)
    ,(#6864,#6865,#6866,#6867,#6868,#6869,#6870,#6871,#6872,#6873,#6874
      ,#6875,#6876,#6877,#6878,#6879,#6880,#6881,#6882,#6883,#6884,#6885
      ,#6886,#6887,#6888,#6889,#6890,#6891,#6892,#6893,#6894,#6895,#6896
      ,#6897,#6898,#6899,#6900,#6901,#6902,#6903,#6904,#6905,#6906,#6907
      ,#6908,#6909,#6910,#6911,#6912,#6913,#6914)
    ,(#6915,#6916,#6917,#6918,#6919,#6920,#6921,#6922,#6923,#6924,#6925
      ,#6926,#6927,#6928,#6929,#6930,#6931,#6932,#6933,#6934,#6935,#6936
      ,#6937,#6938,#6939,#6940,#6941,#6942,#6943,#6944,#6945,#6946,#6947
      ,#6948,#6949,#6950,#6951,#6952,#6953,#6954,#6955,#6956,#6957,#6958
      ,#6959,#6960,#6961,#6962,#6963,#6964,#6965)
    ,(#6966,#6967,#6968,#6969,#6970,#6971,#6972,#6973,#6974,#6975,#6976
      ,#6977,#6978,#6979,#6980,#6981,#6982,#6983,#6984,#6985,#6986,#6987
      ,#6988,#6989,#6990,#6991,#6992,#6993,#6994,#6995,#6996,#6997,#6998
      ,#6999,#7000,#7001,#7002,#7003,#7004,#7005,#7006,#7007,#7008,#7009
      ,#7010,#7011,#7012,#7013,#7014,#7015,#7016)
    ,(#7017,#7018,#7019,#7020,#7021,#7022,#7023,#7024,#7025,#7026,#7027
      ,#7028,#7029,#7030,#7031,#7032,#7033,#7034,#7035,#7036,#7037,#7038
      ,#7039,#7040,#7041,#7042,#7043,#7044,#7045,#7046,#7047,#7048,#7049
      ,#7050,#7051,#7052,#7053,#7054,#7055,#7056,#7057,#7058,#7059,#7060
      ,#7061,#7062,#7063,#7064,#7065,#7066,#7067)
    ,(#7068,#7069,#7070,#7071,#7072,#7073,#7074,#7075,#7076,#7077,#7078
      ,#7079,#7080,#7081,#7082,#7083,#7084,#7085,#7086,#7087,#7088,#7089
      ,#7090,#7091,#7092,#7093,#7094,#7095,#7096,#7097,#7098,#7099,#7100
      ,#7101,#7102,#7103,#7104,#7105,#7106,#7107,#7108,#7109,#7110,#7111
      ,#7112,#7113,#7114,#7115,#7116,#7117,#7118)
    ,(#7119,#7120,#7121,#7122,#7123,#7124,#7125,#7126,#7127,#7128,#7129
      ,#7130,#7131,#7132,#7133,#7134,#7135,#7136,#7137,#7138,#7139,#7140
      ,#7141,#7142,#7143,#7144,#7145,#7146,#7147,#7148,#7149,#7150,#7151
      ,#7152,#7153,#7154,#7155,#7156,#7157,#7158,#7159,#7160,#7161,#7162
      ,#7163,#7164,#7165,#7166,#7167,#7168,#7169)
    ,(#7170,#7171,#7172,#7173,#7174,#7175,#7176,#7177,#7178,#7179,#7180
      ,#7181,#7182,#7183,#7184,#7185,#7186,#7187,#7188,#7189,#7190,#7191
      ,#7192,#7193,#7194,#7195,#7196,#7197,#7198,#7199,#7200,#7201,#7202
      ,#7203,#7204,#7205,#7206,#7207,#7208,#7209,#7210,#7211,#7212,#7213
      ,#7214,#7215,#7216,#7217,#7218,#7219,#7220)
    ,(#7221,#7222,#7223,#7224,#7225,#7226,#7227,#7228,#7229,#7230,#7231
      ,#7232,#7233,#7234,#7235,#7236,#7237,#7238,#7239,#7240,#7241,#7242
      ,#7243,#7244,#7245,#7246,#7247,#7248,#7249,#7250,#7251,#7252,#7253
      ,#7254,#7255,#7256,#7257,#7258,#7259,#7260,#7261,#7262,#7263,#7264
      ,#7265,#7266,#7267,#7268,#7269,#7270,#7271)
    ,(#7272,#7273,#7274,#7275,#7276,#7277,#7278,#7279,#7280,#7281,#7282
      ,#7283,#7284,#7285,#7286,#7287,#7288,#7289,#7290,#7291,#7292,#7293
      ,#7294,#7295,#7296,#7297,#7298,#7299,#7300,#7301,#7302,#7303,#7304
      ,#7305,#7306,#7307,#7308,#7309,#7310,#7311,#7312,#7313,#7314,#7315
      ,#7316,#7317,#7318,#7319,#7320,#7321,#7322)
    ,(#7323,#7324,#7325,#7326,#7327,#7328,#7329,#7330,#7331,#7332,#7333
      ,#7334,#7335,#7336,#7337,#7338,#7339,#7340,#7341,#7342,#7343,#7344
      ,#7345,#7346,#7347,#7348,#7349,#7350,#7351,#7352,#7353,#7354,#7355
      ,#7356,#7357,#7358,#7359,#7360,#7361,#7362,#7363,#7364,#7365,#7366
      ,#7367,#7368,#7369,#7370,#7371,#7372,#7373)
    ,(#7374,#7375,#7376,#7377,#7378,#7379,#7380,#7381,#7382,#7383,#7384
      ,#7385,#7386,#7387,#7388,#7389,#7390,#7391,#7392,#7393,#7394,#7395
      ,#7396,#7397,#7398,#7399,#7400,#7401,#7402,#7403,#7404,#7405,#7406
      ,#7407,#7408,#7409,#7410,#7411,#7412,#7413,#7414,#7415,#7416,#7417
      ,#7418,#7419,#7420,#7421,#7422,#7423,#7424)
    ,(#7425,#7426,#7427,#7428,#7429,#7430,#7431,#7432,#7433,#7434,#7435
      ,#7436,#7437,#7438,#7439,#7440,#7441,#7442,#7443,#7444,#7445,#7446
      ,#7447,#7448,#7449,#7450,#7451,#7452,#7453,#7454,#7455,#7456,#7457
      ,#7458,#7459,#7460,#7461,#7462,#7463,#7464,#7465,#7466,#7467,#7468
      ,#7469,#7470,#7471,#7472,#7473,#7474,#7475)
    ,(#7476,#7477,#7478,#7479,#7480,#7481,#7482,#7483,#7484,#7485,#7486
      ,#7487,#7488,#7489,#7490,#7491,#7492,#7493,#7494,#7495,#7496,#7497
      ,#7498,#7499,#7500,#7501,#7502,#7503,#7504,#7505,#7506,#7507,#7508
      ,#7509,#7510,#7511,#7512,#7513,#7514,#7515,#7516,#7517,#7518,#7519
      ,#7520,#7521,#7522,#7523,#7524,#7525,#7526)
    ,(#7527,#7528,#7529,#7530,#7531,#7532,#7533,#7534,#7535,#7536,#7537
      ,#7538,#7539,#7540,#7541,#7542,#7543,#7544,#7545,#7546,#7547,#7548
      ,#7549,#7550,#7551,#7552,#7553,#7554,#7555,#7556,#7557,#7558,#7559
      ,#7560,#7561,#7562,#7563,#7564,#7565,#7566,#7567,#7568,#7569,#7570
      ,#7571,#7572,#7573,#7574,#7575,#7576,#7577)
    ,(#7578,#7579,#7580,#7581,#7582,#7583,#7584,#7585,#7586,#7587,#7588
      ,#7589,#7590,#7591,#7592,#7593,#7594,#7595,#7596,#7597,#7598,#7599
      ,#7600,#7601,#7602,#7603,#7604,#7605,#7606,#7607,#7608,#7609,#7610
      ,#7611,#7612,#7613,#7614,#7615,#7616,#7617,#7618,#7619,#7620,#7621
      ,#7622,#7623,#7624,#7625,#7626,#7627,#7628)
    ,(#7629,#7630,#7631,#7632,#7633,#7634,#7635,#7636,#7637,#7638,#7639
      ,#7640,#7641,#7642,#7643,#7644,#7645,#7646,#7647,#7648,#7649,#7650
      ,#7651,#7652,#7653,#7654,#7655,#7656,#7657,#7658,#7659,#7660,#7661
      ,#7662,#7663,#7664,#7665,#7666,#7667,#7668,#7669,#7670,#7671,#7672
      ,#7673,#7674,#7675,#7676,#7677,#7678,#7679)
    ,(#7680,#7681,#7682,#7683,#7684,#7685,#7686,#7687,#7688,#7689,#7690
      ,#7691,#7692,#7693,#7694,#7695,#7696,#7697,#7698,#7699,#7700,#7701
      ,#7702,#7703,#7704,#7705,#7706,#7707,#7708,#7709,#7710,#7711,#7712
      ,#7713,#7714,#7715,#7716,#7717,#7718,#7719,#7720,#7721,#7722,#7723
      ,#7724,#7725,#7726,#7727,#7728,#7729,#7730)
    ,(#7731,#7732,#7733,#7734,#7735,#7736,#7737,#7738,#7739,#7740,#7741
      ,#7742,#7743,#7744,#7745,#7746,#7747,#7748,#7749,#7750,#7751,#7752
      ,#7753,#7754,#7755,#7756,#7757,#7758,#7759,#7760,#7761,#7762,#7763
      ,#7764,#7765,#7766,#7767,#7768,#7769,#7770,#7771,#7772,#7773,#7774
      ,#7775,#7776,#7777,#7778,#7779,#7780,#7781)
    ,(#7782,#7783,#7784,#7785,#7786,#7787,#7788,#7789,#7790,#7791,#7792
      ,#7793,#7794,#7795,#7796,#7797,#7798,#7799,#7800,#7801,#7802,#7803
      ,#7804,#7805,#7806,#7807,#7808,#7809,#7810,#7811,#7812,#7813,#7814
      ,#7815,#7816,#7817,#7818,#7819,#7820,#7821,#7822,#7823,#7824,#7825
      ,#7826,#7827,#7828,#7829,#7830,#7831,#7832)
    ,(#7833,#7834,#7835,#7836,#7837,#7838,#7839,#7840,#7841,#7842,#7843
      ,#7844,#7845,#7846,#7847,#7848,#7849,#7850,#7851,#7852,#7853,#7854
      ,#7855,#7856,#7857,#7858,#7859,#7860,#7861,#7862,#7863,#7864,#7865
      ,#7866,#7867,#7868,#7869,#7870,#7871,#7872,#7873,#7874,#7875,#7876
      ,#7877,#7878,#7879,#7880,#7881,#7882,#7883)
    ,(#7884,#7885,#7886,#7887,#7888,#7889,#7890,#7891,#7892,#7893,#7894
      ,#7895,#7896,#7897,#7898,#7899,#7900,#7901,#7902,#7903,#7904,#7905
      ,#7906,#7907,#7908,#7909,#7910,#7911,#7912,#7913,#7914,#7915,#7916
      ,#7917,#7918,#7919,#7920,#7921,#7922,#7923,#7924,#7925,#7926,#7927
      ,#7928,#7929,#7930,#7931,#7932,#7933,#7934)
    ,(#7935,#7936,#7937,#7938,#7939,#7940,#7941,#7942,#7943,#7944,#7945
      ,#7946,#7947,#7948,#7949,#7950,#7951,#7952,#7953,#7954,#7955,#7956
      ,#7957,#7958,#7959,#7960,#7961,#7962,#7963,#7964,#7965,#7966,#7967
      ,#7968,#7969,#7970,#7971,#7972,#7973,#7974,#7975,#7976,#7977,#7978
      ,#7979,#7980,#7981,#7982,#7983,#7984,#7985)
    ,(#7986,#7987,#7988,#7989,#7990,#7991,#7992,#7993,#7994,#7995,#7996
      ,#7997,#7998,#7999,#8000,#8001,#8002,#8003,#8004,#8005,#8006,#8007
      ,#8008,#8009,#8010,#8011,#8012,#8013,#8014,#8015,#8016,#8017,#8018
      ,#8019,#8020,#8021,#8022,#8023,#8024,#8025,#8026,#8027,#8028,#8029
      ,#8030,#8031,#8032,#8033,#8034,#8035,#8036)
    ,(#8037,#8038,#8039,#8040,#8041,#8042,#8043,#8044,#8045,#8046,#8047
      ,#8048,#8049,#8050,#8051,#8052,#8053,#8054,#8055,#8056,#8057,#8058
      ,#8059,#8060,#8061,#8062,#8063,#8064,#8065,#8066,#8067,#8068,#8069
      ,#8070,#8071,#8072,#8073,#8074,#8075,#8076,#8077,#8078,#8079,#8080
      ,#8081,#8082,#8083,#8084,#8085,#8086,#8087)
    ,(#8088,#8089,#8090,#8091,#8092,#8093,#8094,#8095,#8096,#8097,#8098
      ,#8099,#8100,#8101,#8102,#8103,#8104,#8105,#8106,#8107,#8108,#8109
      ,#8110,#8111,#8112,#8113,#8114,#8115,#8116,#8117,#8118,#8119,#8120
      ,#8121,#8122,#8123,#8124,#8125,#8126,#8127,#8128,#8129,#8130,#8131
      ,#8132,#8133,#8134,#8135,#8136,#8137,#8138)
    ,(#8139,#8140,#8141,#8142,#8143,#8144,#8145,#8146,#8147,#8148,#8149
      ,#8150,#8151,#8152,#8153,#8154,#8155,#8156,#8157,#8158,#8159,#8160
      ,#8161,#8162,#8163,#8164,#8165,#8166,#8167,#8168,#8169,#8170,#8171
      ,#8172,#8173,#8174,#8175,#8176,#8177,#8178,#8179,#8180,#8181,#8182
      ,#8183,#8184,#8185,#8186,#8187,#8188,#8189)
    ,(#8190,#8191,#8192,#8193,#8194,#8195,#8196,#8197,#8198,#8199,#8200
      ,#8201,#8202,#8203,#8204,#8205,#8206,#8207,#8208,#8209,#8210,#8211
      ,#8212,#8213,#8214,#8215,#8216,#8217,#8218,#8219,#8220,#8221,#8222
      ,#8223,#8224,#8225,#8226,#8227,#8228,#8229,#8230,#8231,#8232,#8233
      ,#8234,#8235,#8236,#8237,#8238,#8239,#8240)
    ,(#8241,#8242,#8243,#8244,#8245,#8246,#8247,#8248,#8249,#8250,#8251
      ,#8252,#8253,#8254,#8255,#8256,#8257,#8258,#8259,#8260,#8261,#8262
      ,#8263,#8264,#8265,#8266,#8267,#8268,#8269,#8270,#8271,#8272,#8273
      ,#8274,#8275,#8276,#8277,#8278,#8279,#8280,#8281,#8282,#8283,#8284
      ,#8285,#8286,#8287,#8288,#8289,#8290,#8291)
    ,(#8292,#8293,#8294,#8295,#8296,#8297,#8298,#8299,#8300,#8301,#8302
      ,#8303,#8304,#8305,#8306,#8307,#8308,#8309,#8310,#8311,#8312,#8313
      ,#8314,#8315,#8316,#8317,#8318,#8319,#8320,#8321,#8322,#8323,#8324
      ,#8325,#8326,#8327,#8328,#8329,#8330,#8331,#8332,#8333,#8334,#8335
      ,#8336,#8337,#8338,#8339,#8340,#8341,#8342)
    ,(#8343,#8344,#8345,#8346,#8347,#8348,#8349,#8350,#8351,#8352,#8353
      ,#8354,#8355,#8356,#8357,#8358,#8359,#8360,#8361,#8362,#8363,#8364
      ,#8365,#8366,#8367,#8368,#8369,#8370,#8371,#8372,#8373,#8374,#8375
      ,#8376,#8377,#8378,#8379,#8380,#8381,#8382,#8383,#8384,#8385,#8386
      ,#8387,#8388,#8389,#8390,#8391,#8392,#8393)
    ,(#8394,#8395,#8396,#8397,#8398,#8399,#8400,#8401,#8402,#8403,#8404
      ,#8405,#8406,#8407,#8408,#8409,#8410,#8411,#8412,#8413,#8414,#8415
      ,#8416,#8417,#8418,#8419,#8420,#8421,#8422,#8423,#8424,#8425,#8426
      ,#8427,#8428,#8429,#8430,#8431,#8432,#8433,#8434,#8435,#8436,#8437
      ,#8438,#8439,#8440,#8441,#8442,#8443,#8444
  )),.UNSPECIFIED.,.F.,.F.,.F.,(4,1,1,1,1,1,1,1,1,1,1,1,1,1,1,1,1,1,1,1,
    1,1,1,1,1,1,1,1,1,1,1,1,1,1,1,1,1,1,1,1,1,1,1,1,1,1,1,1,1,1,1,1,1,1,
    1,1,1,1,1,1,1,1,1,1,4),(4,1,1,1,1,1,1,1,1,1,1,1,1,1,1,1,1,1,1,1,1,1,
    1,1,1,1,1,1,1,1,1,1,1,1,1,1,1,1,1,1,1,1,1,1,1,1,1,1,4),(0.,
    1.5625E-02,3.125E-02,4.6875E-02,6.25E-02,7.8125E-02,9.375E-02,
    0.109375,0.125,0.140625,0.15625,0.171875,0.1875,0.203125,0.21875,
    0.234375,0.25,0.265625,0.28125,0.296875,0.3125,0.328125,0.34375,
    0.359375,0.375,0.390625,0.40625,0.421875,0.4375,0.453125,0.46875,
    0.484375,0.5,0.515625,0.53125,0.546875,0.5625,0.578125,0.59375,
    0.609375,0.625,0.640625,0.65625,0.671875,0.6875,0.703125,0.71875,
    0.734375,0.75,0.765625,0.78125,0.796875,0.8125,0.828125,0.84375,
    0.859375,0.875,0.890625,0.90625,0.921875,0.9375,0.953125,0.96875,
    0.984375,1.),(0.,2.083333333333E-02,4.166666666667E-02,6.25E-02,
    8.333333333333E-02,0.104166666667,0.125,0.145833333333,
    0.166666666667,0.1875,0.208333333333,0.229166666667,0.25,
    0.270833333333,0.291666666667,0.3125,0.333333333333,0.354166666667,
    0.375,0.395833333333,0.416666666667,0.4375,0.458333333333,
    0.479166666667,0.5,0.520833333333,0.541666666667,0.5625,
    0.583333333333,0.604166666667,0.625,0.645833333333,0.666666666667,
    0.6875,0.708333333333,0.729166666667,0.75,0.770833333333,
    0.791666666667,0.8125,0.833333333333,0.854166666667,0.875,
    0.895833333333,0.916666666667,0.9375,0.958333333333,0.979166666667,
    1.),.QUASI_UNIFORM_KNOTS.);
#5028 = CARTESIAN_POINT('',(-167.6859361179,0.12,307.63648122493));
#5029 = CARTESIAN_POINT('',(-167.685924922,0.321815874681,
    307.63641264386));
#5030 = CARTESIAN_POINT('',(-167.6849982985,0.728013333612,
    307.66720475231));
#5031 = CARTESIAN_POINT('',(-167.6810951038,1.329905759752,
    307.80791573634));
#5032 = CARTESIAN_POINT('',(-167.6757408485,1.907314184761,
    308.04313004763));
#5033 = CARTESIAN_POINT('',(-167.6700751486,2.441554715776,
    308.36687221471));
#5034 = CARTESIAN_POINT('',(-167.6649520308,2.915073431638,
    308.76592192498));
#5035 = CARTESIAN_POINT('',(-167.6608176003,3.314600311271,
    309.22039863014));
#5036 = CARTESIAN_POINT('',(-167.6578060006,3.633248245537,
    309.70620986496));
#5037 = CARTESIAN_POINT('',(-167.6558660034,3.871102705958,
    310.19794821485));
#5038 = CARTESIAN_POINT('',(-167.6548527879,4.034575836062,
    310.67145028879));
#5039 = CARTESIAN_POINT('',(-167.6545755636,4.134986306119,
    311.10541374222));
#5040 = CARTESIAN_POINT('',(-167.6548200364,4.186724074691,
    311.48269201629));
#5041 = CARTESIAN_POINT('',(-167.655353564,4.20541139773,311.78868123836
    ));
#5042 = CARTESIAN_POINT('',(-167.6559596489,4.205755041615,
    312.01685562632));
#5043 = CARTESIAN_POINT('',(-167.6563799157,4.200958910716,
    312.14473887128));
#5044 = CARTESIAN_POINT('',(-167.656642399,4.196982457217,
    312.21844039401));
#5045 = CARTESIAN_POINT('',(-167.6569253448,4.191839571503,
    312.29242240764));
#5046 = CARTESIAN_POINT('',(-167.6571756645,4.186626927509,
    312.35350791875));
#5047 = CARTESIAN_POINT('',(-167.6574048074,4.18144623596,
    312.40664932131));
#5048 = CARTESIAN_POINT('',(-167.657609116,4.176525941907,
    312.45193964234));
#5049 = CARTESIAN_POINT('',(-167.65779082,4.171946469806,312.49076839835
    ));
#5050 = CARTESIAN_POINT('',(-167.6579520898,4.167736281107,
    312.52417035919));
#5051 = CARTESIAN_POINT('',(-167.658096344,4.163865169948,
    312.55326761192));
#5052 = CARTESIAN_POINT('',(-167.6582276541,4.160261688555,
    312.57915151184));
#5053 = CARTESIAN_POINT('',(-167.6583507061,4.156820718577,
    312.60291502976));
#5054 = CARTESIAN_POINT('',(-167.6584706652,4.153410310851,
    312.62564478778));
#5055 = CARTESIAN_POINT('',(-167.6585931215,4.149875390812,
    312.64842355455));
#5056 = CARTESIAN_POINT('',(-167.658724075,4.146038923897,
    312.67232967064));
#5057 = CARTESIAN_POINT('',(-167.6588699643,4.14170066885,
    312.69843586008));
#5058 = CARTESIAN_POINT('',(-167.6590377709,4.136632519464,
    312.7278103704));
#5059 = CARTESIAN_POINT('',(-167.6592350864,4.130574431904,
    312.76150544516));
#5060 = CARTESIAN_POINT('',(-167.659470575,4.12321612185,312.80058925829
    ));
#5061 = CARTESIAN_POINT('',(-167.6597532367,4.114220052098,
    312.84601060138));
#5062 = CARTESIAN_POINT('',(-167.6600964526,4.103078828933,
    312.89908143674));
#5063 = CARTESIAN_POINT('',(-167.6605045217,4.089579596618,
    312.95964544617));
#5064 = CARTESIAN_POINT('',(-167.6610249419,4.071992830177,
    313.03287215974));
#5065 = CARTESIAN_POINT('',(-167.6615557951,4.053744637038,
    313.10384664874));
#5066 = CARTESIAN_POINT('',(-167.6625676721,4.018420632509,
    313.23233085363));
#5067 = CARTESIAN_POINT('',(-167.6646441471,3.943920057317,
    313.46382205177));
#5068 = CARTESIAN_POINT('',(-167.6679352688,3.823798134844,
    313.76599319942));
#5069 = CARTESIAN_POINT('',(-167.6728731663,3.645142653002,
    314.12289930748));
#5070 = CARTESIAN_POINT('',(-167.6799791176,3.398048073993,
    314.50940826652));
#5071 = CARTESIAN_POINT('',(-167.6898904929,3.076592361682,
    314.89869935532));
#5072 = CARTESIAN_POINT('',(-167.7032313245,2.681744692661,
    315.26239361254));
#5073 = CARTESIAN_POINT('',(-167.7202793888,2.222759909915,
    315.57451776614));
#5074 = CARTESIAN_POINT('',(-167.7402787363,1.71682723448,
    315.81609643315));
#5075 = CARTESIAN_POINT('',(-167.7604787059,1.185589897842,
    315.97974181285));
#5076 = CARTESIAN_POINT('',(-167.776039352,0.648652162864,
    316.06993082332));
#5077 = CARTESIAN_POINT('',(-167.7797511485,0.294947663088,
    316.08872823888));
#5078 = CARTESIAN_POINT('',(-167.7798298795,0.12,316.08849320566));
#5079 = CARTESIAN_POINT('',(-165.9488617886,-12.50963169343,
    298.77065153569));
#5080 = CARTESIAN_POINT('',(-165.9482048067,-11.31150911085,
    298.40124223451));
#5081 = CARTESIAN_POINT('',(-165.9464500902,-8.842965358065,
    297.83838656172));
#5082 = CARTESIAN_POINT('',(-165.9426647746,-5.088851969097,
    297.54984657912));
#5083 = CARTESIAN_POINT('',(-165.9383187542,-1.45155440288,
    297.80532777273));
#5084 = CARTESIAN_POINT('',(-165.9341134396,1.915728630748,
    298.55425510747));
#5085 = CARTESIAN_POINT('',(-165.9306230721,4.889120192442,
    299.71330941286));
#5086 = CARTESIAN_POINT('',(-165.9281461773,7.384899122436,
    301.17571611891));
#5087 = CARTESIAN_POINT('',(-165.9267405588,9.364596592034,
    302.82272788741));
#5088 = CARTESIAN_POINT('',(-165.9262544018,10.835214211362,
    304.53506663809));
#5089 = CARTESIAN_POINT('',(-165.9266879014,11.84049538949,
    306.20329022595));
#5090 = CARTESIAN_POINT('',(-165.9272269303,12.461906479465,
    307.73243740448));
#5091 = CARTESIAN_POINT('',(-165.9299619997,12.766966731353,
    309.05222217741));
#5092 = CARTESIAN_POINT('',(-165.925970037,12.946157090895,
    310.08872244546));
#5093 = CARTESIAN_POINT('',(-165.9472538498,12.745141635711,
    310.86380510611));
#5094 = CARTESIAN_POINT('',(-165.8730033239,13.529961141436,
    311.10604010307));
#5095 = CARTESIAN_POINT('',(-166.1528197516,10.529714788791,
    311.67823659667));
#5096 = CARTESIAN_POINT('',(-166.3872127075,8.514314808198,
    312.11869212973));
#5097 = CARTESIAN_POINT('',(-166.6075700478,7.699165225073,
    312.20139361403));
#5098 = CARTESIAN_POINT('',(-166.7464927571,7.64398774548,
    312.19707676264));
#5099 = CARTESIAN_POINT('',(-166.862795706,7.802073768314,
    312.15146008805));
#5100 = CARTESIAN_POINT('',(-166.897029777,8.13848057569,312.13801190991
    ));
#5101 = CARTESIAN_POINT('',(-166.9131854406,8.167012620374,
    312.18871814289));
#5102 = CARTESIAN_POINT('',(-166.928287654,8.130349394028,
    312.23752151915));
#5103 = CARTESIAN_POINT('',(-166.9356176032,8.092298116567,
    312.28266082499));
#5104 = CARTESIAN_POINT('',(-166.938405959,8.073950994229,
    312.32080010471));
#5105 = CARTESIAN_POINT('',(-166.9385616904,8.067729382169,
    312.35548949148));
#5106 = CARTESIAN_POINT('',(-166.9387722546,8.061348367011,
    312.39018619295));
#5107 = CARTESIAN_POINT('',(-166.9363717181,8.066484942982,
    312.42480794075));
#5108 = CARTESIAN_POINT('',(-166.929491603,8.09011638512,312.45932831512
    ));
#5109 = CARTESIAN_POINT('',(-166.9149341497,8.110760419381,
    312.50031947634));
#5110 = CARTESIAN_POINT('',(-166.8995105246,8.065076881301,
    312.55036006897));
#5111 = CARTESIAN_POINT('',(-166.8659140312,7.713753087772,
    312.67018900534));
#5112 = CARTESIAN_POINT('',(-166.7498739483,7.534316420888,
    312.85618320984));
#5113 = CARTESIAN_POINT('',(-166.6109702378,7.560434307148,
    313.04854657233));
#5114 = CARTESIAN_POINT('',(-166.3900846411,8.328228432328,
    313.22097587321));
#5115 = CARTESIAN_POINT('',(-166.1560427443,10.225051989233,
    313.32912118957));
#5116 = CARTESIAN_POINT('',(-165.8797719033,13.126606812217,
    313.16438352553));
#5117 = CARTESIAN_POINT('',(-165.9552799947,12.238813022206,
    313.53041207679));
#5118 = CARTESIAN_POINT('',(-165.9381409969,12.241598624532,
    314.02291791897));
#5119 = CARTESIAN_POINT('',(-165.9479428246,11.843703874287,
    314.70694165011));
#5120 = CARTESIAN_POINT('',(-165.9534019713,11.346111323316,
    315.51311524083));
#5121 = CARTESIAN_POINT('',(-165.963841393,10.625221772379,
    316.39908586577));
#5122 = CARTESIAN_POINT('',(-165.9776753482,9.682337800841,
    317.30779268355));
#5123 = CARTESIAN_POINT('',(-165.9957896983,8.50386357134,318.1824811462
    ));
#5124 = CARTESIAN_POINT('',(-166.0173312915,7.103437327533,
    318.96843025891));
#5125 = CARTESIAN_POINT('',(-166.0402423613,5.511676744851,
    319.61897748359));
#5126 = CARTESIAN_POINT('',(-166.0609945936,3.77612033971,
    320.09957319338));
#5127 = CARTESIAN_POINT('',(-166.0755078828,1.955317677468,
    320.39001210974));
#5128 = CARTESIAN_POINT('',(-166.0788608797,0.727109260147,
    320.45307408006));
#5129 = CARTESIAN_POINT('',(-166.0788854513,0.120000000001,
    320.45302803033));
#5130 = CARTESIAN_POINT('',(-162.6562062516,5.917255090152,
    290.29276335815));
#5131 = CARTESIAN_POINT('',(-162.6565074901,7.063852406379,
    290.46227118739));
#5132 = CARTESIAN_POINT('',(-162.6563147138,9.345209109973,
    290.91452855775));
#5133 = CARTESIAN_POINT('',(-162.6536952524,12.628377678412,
    291.92195755707));
#5134 = CARTESIAN_POINT('',(-162.649083409,15.676535327115,
    293.22759023646));
#5135 = CARTESIAN_POINT('',(-162.643087958,18.409175553054,
    294.78284195845));
#5136 = CARTESIAN_POINT('',(-162.636490504,20.76741311388,
    296.52544465762));
#5137 = CARTESIAN_POINT('',(-162.6300851894,22.717930211324,
    298.38434610437));
#5138 = CARTESIAN_POINT('',(-162.6246006234,24.253932418743,
    300.28491407028));
#5139 = CARTESIAN_POINT('',(-162.620322549,25.394897977211,
    302.15362321359));
#5140 = CARTESIAN_POINT('',(-162.6180466455,26.179258727029,
    303.92258773247));
#5141 = CARTESIAN_POINT('',(-162.6153800541,26.673503612799,
    305.53045764952));
#5142 = CARTESIAN_POINT('',(-162.6206777642,26.912367727691,
    306.93108024989));
#5143 = CARTESIAN_POINT('',(-162.6013162097,27.091233625499,
    308.06631394087));
#5144 = CARTESIAN_POINT('',(-162.6770758864,26.815017581191,
    308.96549965427));
#5145 = CARTESIAN_POINT('',(-162.3987883102,27.868339595152,
    309.36605498447));
#5146 = CARTESIAN_POINT('',(-163.4408441599,23.845261508835,
    310.11726478441));
#5147 = CARTESIAN_POINT('',(-163.9172100471,21.894738476981,
    310.54676142504));
#5148 = CARTESIAN_POINT('',(-164.385156245,19.609580948718,
    311.00171200432));
#5149 = CARTESIAN_POINT('',(-164.7329735947,17.729858820523,
    311.35583409719));
#5150 = CARTESIAN_POINT('',(-164.9947527907,16.218218786893,
    311.63900825583));
#5151 = CARTESIAN_POINT('',(-165.200429511,15.055012287821,
    311.84043483959));
#5152 = CARTESIAN_POINT('',(-165.3407323563,14.361819813212,
    311.96599357641));
#5153 = CARTESIAN_POINT('',(-165.4224636013,13.966253179921,
    312.05802558812));
#5154 = CARTESIAN_POINT('',(-165.4635474128,13.771186198154,
    312.12848251582));
#5155 = CARTESIAN_POINT('',(-165.4772445518,13.700416077893,
    312.18784102586));
#5156 = CARTESIAN_POINT('',(-165.4774219101,13.690407377969,
    312.24227615889));
#5157 = CARTESIAN_POINT('',(-165.4775788862,13.679992681244,
    312.29686737863));
#5158 = CARTESIAN_POINT('',(-165.4642310995,13.729216000897,
    312.35237534343));
#5159 = CARTESIAN_POINT('',(-165.4235209376,13.900012340621,
    312.41061354234));
#5160 = CARTESIAN_POINT('',(-165.342202944,14.266351098424,
    312.4717328776));
#5161 = CARTESIAN_POINT('',(-165.2023458773,14.921924906344,
    312.53928897597));
#5162 = CARTESIAN_POINT('',(-164.9973068248,16.033387367763,
    312.59390779153));
#5163 = CARTESIAN_POINT('',(-164.7365180293,17.476620632181,
    312.64722275907));
#5164 = CARTESIAN_POINT('',(-164.3900475025,19.264603294875,
    312.73784997391));
#5165 = CARTESIAN_POINT('',(-163.9239810551,21.423736152745,
    312.89841150548));
#5166 = CARTESIAN_POINT('',(-163.4497519409,23.235185531265,
    313.16085283058));
#5167 = CARTESIAN_POINT('',(-162.4094629126,27.003399755757,
    313.67213355316));
#5168 = CARTESIAN_POINT('',(-162.6905236495,25.758259823141,
    314.17744966269));
#5169 = CARTESIAN_POINT('',(-162.6198437076,25.599274289589,
    315.19959139307));
#5170 = CARTESIAN_POINT('',(-162.6461461314,24.8154696338,
    316.51883674859));
#5171 = CARTESIAN_POINT('',(-162.6496959709,23.772669850908,
    318.09944683307));
#5172 = CARTESIAN_POINT('',(-162.6629650036,22.282983793005,
    319.84021638946));
#5173 = CARTESIAN_POINT('',(-162.6772830006,20.327091578663,
    321.64278396749));
#5174 = CARTESIAN_POINT('',(-162.6943732389,17.875490062611,
    323.39822035883));
#5175 = CARTESIAN_POINT('',(-162.7123438209,14.94688887973,
    324.99877776641));
#5176 = CARTESIAN_POINT('',(-162.7294631463,11.59731472353,
    326.34517708833));
#5177 = CARTESIAN_POINT('',(-162.7435132904,7.921248124329,
    327.35587040906));
#5178 = CARTESIAN_POINT('',(-162.7526161972,4.043005048238,
    327.97490526287));
#5179 = CARTESIAN_POINT('',(-162.7546612901,1.418010019164,
    328.11028016539));
#5180 = CARTESIAN_POINT('',(-162.7546593437,0.12,328.11027126953));
#5181 = CARTESIAN_POINT('',(-157.6871690142,-1.225945275385,
    276.31824941589));
#5182 = CARTESIAN_POINT('',(-157.6870993196,1.03346490299,
    276.27898659139));
#5183 = CARTESIAN_POINT('',(-157.6860286149,5.586733079601,
    276.46065429308));
#5184 = CARTESIAN_POINT('',(-157.6816853425,12.275542692227,
    277.51875715883));
#5185 = CARTESIAN_POINT('',(-157.6749569587,18.5865016741,
    279.31468539234));
#5186 = CARTESIAN_POINT('',(-157.6664791369,24.31360169192,
    281.75181469277));
#5187 = CARTESIAN_POINT('',(-157.6571188236,29.299046731241,
    284.69458592067));
#5188 = CARTESIAN_POINT('',(-157.6478309409,33.445373158144,
    287.98157555168));
#5189 = CARTESIAN_POINT('',(-157.63964475,36.719715490184,
    291.44007317847));
#5190 = CARTESIAN_POINT('',(-157.6329739447,39.15269705496,
    294.89972376792));
#5191 = CARTESIAN_POINT('',(-157.6294134183,40.824097293023,
    298.2041299132));
#5192 = CARTESIAN_POINT('',(-157.624450189,41.869961637944,
    301.21651796136));
#5193 = CARTESIAN_POINT('',(-157.6344847286,42.390282452013,
    303.82899691131));
#5194 = CARTESIAN_POINT('',(-157.5962665222,42.717453082804,
    305.93843431695));
#5195 = CARTESIAN_POINT('',(-157.7428257968,42.335670830485,
    307.5287058445));
#5196 = CARTESIAN_POINT('',(-157.201212939,43.837277431029,
    308.34187991864));
#5197 = CARTESIAN_POINT('',(-159.2264688181,38.084696389986,
    309.0752671309));
#5198 = CARTESIAN_POINT('',(-160.1930748607,35.255016837671,
    309.61524128507));
#5199 = CARTESIAN_POINT('',(-161.1179230551,32.116301294852,
    310.12185441402));
#5200 = CARTESIAN_POINT('',(-161.7957554626,29.589985319489,
    310.53362603722));
#5201 = CARTESIAN_POINT('',(-162.3125477459,27.562102648061,
    310.8608744061));
#5202 = CARTESIAN_POINT('',(-162.6773478708,26.074992515659,
    311.11308666595));
#5203 = CARTESIAN_POINT('',(-162.9205731725,25.056240102292,
    311.30622209001));
#5204 = CARTESIAN_POINT('',(-163.0662205848,24.432357627305,
    311.45438406413));
#5205 = CARTESIAN_POINT('',(-163.1391146848,24.11033601739,
    311.57124738861));
#5206 = CARTESIAN_POINT('',(-163.1635403414,23.991574839429,
    311.66879137365));
#5207 = CARTESIAN_POINT('',(-163.1637594561,23.974316983045,
    311.75758967161));
#5208 = CARTESIAN_POINT('',(-163.1639810427,23.956394931006,
    311.84659810527));
#5209 = CARTESIAN_POINT('',(-163.1400188464,24.038065157171,
    311.93639394815));
#5210 = CARTESIAN_POINT('',(-163.0676393598,24.318453223187,
    312.02937164325));
#5211 = CARTESIAN_POINT('',(-162.9225921413,24.892721686872,
    312.13037401882));
#5212 = CARTESIAN_POINT('',(-162.6800986393,25.849321403255,
    312.24802969508));
#5213 = CARTESIAN_POINT('',(-162.3162150147,27.255832745163,
    312.39728254445));
#5214 = CARTESIAN_POINT('',(-161.800614925,29.176872988978,
    312.6013958834));
#5215 = CARTESIAN_POINT('',(-161.1243144905,31.561623889585,
    312.89454940925));
#5216 = CARTESIAN_POINT('',(-160.2016004615,34.513197705473,
    313.33349214469));
#5217 = CARTESIAN_POINT('',(-159.2368682136,37.111956283875,
    313.98234265717));
#5218 = CARTESIAN_POINT('',(-157.2133804264,42.519698814349,
    315.04976688711));
#5219 = CARTESIAN_POINT('',(-157.7583193321,40.706489672189,
    315.77774758589));
#5220 = CARTESIAN_POINT('',(-157.61780694,40.426045150508,
    317.41893204311));
#5221 = CARTESIAN_POINT('',(-157.6641522574,39.210919250421,
    319.51261335832));
#5222 = CARTESIAN_POINT('',(-157.664014335,37.574258606761,
    322.03373494313));
#5223 = CARTESIAN_POINT('',(-157.679992335,35.234046477953,
    324.8146366025));
#5224 = CARTESIAN_POINT('',(-157.6948295835,32.152487055669,
    327.70156272337));
#5225 = CARTESIAN_POINT('',(-157.7119950284,28.281339335298,
    330.51967260049));
#5226 = CARTESIAN_POINT('',(-157.7288213211,23.647640326194,
    333.09490868603));
#5227 = CARTESIAN_POINT('',(-157.7439844497,18.339306719783,
    335.2650787438));
#5228 = CARTESIAN_POINT('',(-157.7558743648,12.506863383112,
    336.89604052653));
#5229 = CARTESIAN_POINT('',(-157.7633664799,6.349587143443,
    337.89548157606));
#5230 = CARTESIAN_POINT('',(-157.7650293132,2.181120168341,
    338.11408865499));
#5231 = CARTESIAN_POINT('',(-157.7650273858,0.12,338.11404833815));
#5232 = CARTESIAN_POINT('',(-152.6822310126,-0.29347398861,
    265.86677662815));
#5233 = CARTESIAN_POINT('',(-152.6822126365,2.598440222054,
    265.85415614853));
#5234 = CARTESIAN_POINT('',(-152.681034863,8.420653510102,
    266.16128724161));
#5235 = CARTESIAN_POINT('',(-152.6759058169,16.960546449994,
    267.62302723541));
#5236 = CARTESIAN_POINT('',(-152.6678198931,25.008893374417,
    270.02290387033));
#5237 = CARTESIAN_POINT('',(-152.6575299032,32.306900021853,
    273.23637429465));
#5238 = CARTESIAN_POINT('',(-152.6460809927,38.656845359213,
    277.08984651752));
#5239 = CARTESIAN_POINT('',(-152.6346266284,43.937130620048,
    281.37717408761));
#5240 = CARTESIAN_POINT('',(-152.6244418743,48.107485935176,
    285.87797803954));
#5241 = CARTESIAN_POINT('',(-152.6159463676,51.20763943783,
    290.37480820669));
#5242 = CARTESIAN_POINT('',(-152.6113911382,53.338947194688,
    294.66766981598));
#5243 = CARTESIAN_POINT('',(-152.6041426529,54.674830345876,
    298.58151186222));
#5244 = CARTESIAN_POINT('',(-152.6185009381,55.339370627115,
    301.97688462436));
#5245 = CARTESIAN_POINT('',(-152.5614743123,55.764797233905,
    304.72379464915));
#5246 = CARTESIAN_POINT('',(-152.7767138813,55.25808360846,
    306.78992978381));
#5247 = CARTESIAN_POINT('',(-151.9780513194,57.253704136243,
    307.88409205951));
#5248 = CARTESIAN_POINT('',(-154.9623817803,49.617772547084,
    308.74894486995));
#5249 = CARTESIAN_POINT('',(-156.4028625303,45.580943824373,
    309.40681537646));
#5250 = CARTESIAN_POINT('',(-157.7931301538,41.739431691912,
    309.88678820694));
#5251 = CARTESIAN_POINT('',(-158.7904763849,38.924619580265,
    310.25139835466));
#5252 = CARTESIAN_POINT('',(-159.5530474467,36.758437024549,
    310.52869804603));
#5253 = CARTESIAN_POINT('',(-160.0709549104,35.261250676582,
    310.75681217573));
#5254 = CARTESIAN_POINT('',(-160.4130834802,34.160676379429,
    310.96211174456));
#5255 = CARTESIAN_POINT('',(-160.6196422042,33.466180293602,
    311.13143575006));
#5256 = CARTESIAN_POINT('',(-160.7228194206,33.09955420973,
    311.27557751084));
#5257 = CARTESIAN_POINT('',(-160.7574422959,32.961282028903,
    311.40294337782));
#5258 = CARTESIAN_POINT('',(-160.7577063777,32.937826426552,
    311.52299811521));
#5259 = CARTESIAN_POINT('',(-160.757991886,32.913488055963,
    311.64331598287));
#5260 = CARTESIAN_POINT('',(-160.7239472414,33.001431579183,
    311.76903864932));
#5261 = CARTESIAN_POINT('',(-160.6214157045,33.311881452981,
    311.9074932184));
#5262 = CARTESIAN_POINT('',(-160.4156093897,33.940253819534,
    312.07142452663));
#5263 = CARTESIAN_POINT('',(-160.0744084031,34.959731024837,
    312.27684874206));
#5264 = CARTESIAN_POINT('',(-159.557535092,36.355532382611,
    312.56879659409));
#5265 = CARTESIAN_POINT('',(-158.7960540517,38.387601966201,
    312.97981236811));
#5266 = CARTESIAN_POINT('',(-157.7999723187,41.026201798803,
    313.5245098685));
#5267 = CARTESIAN_POINT('',(-156.4111283817,44.628602307906,
    314.28365553114));
#5268 = CARTESIAN_POINT('',(-154.9725172074,48.356473785272,
    315.21654056285));
#5269 = CARTESIAN_POINT('',(-151.9905720927,55.535024213424,
    316.76123255733));
#5270 = CARTESIAN_POINT('',(-152.7924440755,53.1360577331,
    317.68764577943));
#5271 = CARTESIAN_POINT('',(-152.5833367086,52.778626601423,
    319.8654897774));
#5272 = CARTESIAN_POINT('',(-152.6484896894,51.189972495431,
    322.62882826037));
#5273 = CARTESIAN_POINT('',(-152.6439483544,49.053449202737,
    325.96014559665));
#5274 = CARTESIAN_POINT('',(-152.6619508683,45.996904799854,
    329.63388658008));
#5275 = CARTESIAN_POINT('',(-152.6772624895,41.971741909674,
    333.44798244001));
#5276 = CARTESIAN_POINT('',(-152.6954225655,36.91460101251,
    337.17104526742));
#5277 = CARTESIAN_POINT('',(-152.7131183486,30.86087727905,
    340.57314104505));
#5278 = CARTESIAN_POINT('',(-152.7290900184,23.925452331761,
    343.44002004687));
#5279 = CARTESIAN_POINT('',(-152.7415980455,16.304998567476,
    345.5945779768));
#5280 = CARTESIAN_POINT('',(-152.7494689322,8.259864708977,
    346.91491544258));
#5281 = CARTESIAN_POINT('',(-152.7512135856,2.813163945751,
    347.20371909493));
#5282 = CARTESIAN_POINT('',(-152.7512113841,0.12,347.20366962547));
#5283 = CARTESIAN_POINT('',(-147.706271064,3.119841229827,
    257.05914711372));
#5284 = CARTESIAN_POINT('',(-147.7064192058,6.446897465184,
    257.14867247387));
#5285 = CARTESIAN_POINT('',(-147.7056417504,13.128607514501,
    257.70498642253));
#5286 = CARTESIAN_POINT('',(-147.7012554999,22.890005315506,
    259.66813890888));
#5287 = CARTESIAN_POINT('',(-147.6939067066,32.060260440242,
    262.68248910505));
#5288 = CARTESIAN_POINT('',(-147.6841629131,40.354903784105,
    266.60237781665));
#5289 = CARTESIAN_POINT('',(-147.6729314409,47.558527660743,
    271.22827502985));
#5290 = CARTESIAN_POINT('',(-147.6613240451,53.540894406263,
    276.32530968877));
#5291 = CARTESIAN_POINT('',(-147.6507472909,58.262189324498,
    281.64366833888));
#5292 = CARTESIAN_POINT('',(-147.6416447384,61.77110555626,
    286.93754003239));
#5293 = CARTESIAN_POINT('',(-147.6369778706,64.184395527517,
    291.98096142613));
#5294 = CARTESIAN_POINT('',(-147.6281901272,65.697951070517,
    296.57598111698));
#5295 = CARTESIAN_POINT('',(-147.6471621537,66.454118180426,
    300.56384074877));
#5296 = CARTESIAN_POINT('',(-147.5726406796,66.931451882561,
    303.7976064754));
#5297 = CARTESIAN_POINT('',(-147.8535170084,66.380631625234,
    306.23371267808));
#5298 = CARTESIAN_POINT('',(-146.8105273223,68.554581596594,
    307.56017106391));
#5299 = CARTESIAN_POINT('',(-150.7073166493,60.220768885266,
    308.54225102347));
#5300 = CARTESIAN_POINT('',(-152.5631019248,55.61590381405,
    309.25153275296));
#5301 = CARTESIAN_POINT('',(-154.3594934827,51.045011019806,
    309.81057652658));
#5302 = CARTESIAN_POINT('',(-155.6465267646,47.559155362345,
    310.23419316127));
#5303 = CARTESIAN_POINT('',(-156.622799365,44.840029564025,
    310.56810794774));
#5304 = CARTESIAN_POINT('',(-157.3129561715,42.86644496123,
    310.8309993147));
#5305 = CARTESIAN_POINT('',(-157.7724682316,41.553840456835,
    311.04080052642));
#5306 = CARTESIAN_POINT('',(-158.0462288004,40.759985668422,
    311.21998577539));
#5307 = CARTESIAN_POINT('',(-158.1830674008,40.350619827788,
    311.38048079687));
#5308 = CARTESIAN_POINT('',(-158.2287821555,40.195850805774,
    311.53140678178));
#5309 = CARTESIAN_POINT('',(-158.2290679106,40.167521710432,
    311.67889670349));
#5310 = CARTESIAN_POINT('',(-158.2293481377,40.138080813988,
    311.82675475841));
#5311 = CARTESIAN_POINT('',(-158.1842258268,40.232031297558,
    311.98674327418));
#5312 = CARTESIAN_POINT('',(-158.048030315,40.573573897872,
    312.1731891364));
#5313 = CARTESIAN_POINT('',(-157.7749883181,41.287596350082,
    312.40296603675));
#5314 = CARTESIAN_POINT('',(-157.3162889782,42.50174213432,
    312.6985925645));
#5315 = CARTESIAN_POINT('',(-156.6270989017,44.349425162924,
    313.08268803698));
#5316 = CARTESIAN_POINT('',(-155.652009213,46.904384260173,
    313.59685450382));
#5317 = CARTESIAN_POINT('',(-154.366434928,50.175253803586,
    314.28615870267));
#5318 = CARTESIAN_POINT('',(-152.5718193682,54.454310792058,
    315.25296177453));
#5319 = CARTESIAN_POINT('',(-150.7183603876,58.698176031727,
    316.42794911457));
#5320 = CARTESIAN_POINT('',(-146.8251368015,66.493986872039,
    318.34664525721));
#5321 = CARTESIAN_POINT('',(-147.8715370201,63.83429776254,
    319.46080848268));
#5322 = CARTESIAN_POINT('',(-147.5975568556,63.346796106235,
    322.10815735438));
#5323 = CARTESIAN_POINT('',(-147.6809866407,61.456580315721,
    325.46267166741));
#5324 = CARTESIAN_POINT('',(-147.6725653587,58.889128690846,
    329.50860343334));
#5325 = CARTESIAN_POINT('',(-147.6925295513,55.222778980431,
    333.97147957858));
#5326 = CARTESIAN_POINT('',(-147.7078584462,50.391766350916,
    338.6067321457));
#5327 = CARTESIAN_POINT('',(-147.7259264641,44.321046429471,
    343.13326941954));
#5328 = CARTESIAN_POINT('',(-147.742842278,37.051873671905,
    347.27130435162));
#5329 = CARTESIAN_POINT('',(-147.7576650506,28.721874525169,
    350.75961197107));
#5330 = CARTESIAN_POINT('',(-147.7689564889,19.567189012559,
    353.38193354562));
#5331 = CARTESIAN_POINT('',(-147.775928867,9.900911856382,
    354.98922508804));
#5332 = CARTESIAN_POINT('',(-147.7774593953,3.356144546373,
    355.34084128393));
#5333 = CARTESIAN_POINT('',(-147.7774572934,0.12,355.34077712642));
#5334 = CARTESIAN_POINT('',(-142.7542539041,-11.46589093069,
    246.62463792503));
#5335 = CARTESIAN_POINT('',(-142.7536820115,-7.057019694405,
    246.27887856384));
#5336 = CARTESIAN_POINT('',(-142.7524097117,1.870956224455,
    246.1396668474));
#5337 = CARTESIAN_POINT('',(-142.7500546614,15.084778796329,
    247.61695398551));
#5338 = CARTESIAN_POINT('',(-142.7471226805,27.622013103407,
    250.69273697148));
#5339 = CARTESIAN_POINT('',(-142.7434717611,39.044725551456,
    255.17027657229));
#5340 = CARTESIAN_POINT('',(-142.7391398905,49.013957496259,
    260.76533848688));
#5341 = CARTESIAN_POINT('',(-142.7344018831,57.316605980219,
    267.13531873685));
#5342 = CARTESIAN_POINT('',(-142.7301182164,63.875527789719,
    273.91217102858));
#5343 = CARTESIAN_POINT('',(-142.7263726126,68.746207259434,
    280.73346305494));
#5344 = CARTESIAN_POINT('',(-142.726607023,72.089794239207,
    287.26806325268));
#5345 = CARTESIAN_POINT('',(-142.7206761962,74.173041639635,
    293.22950674545));
#5346 = CARTESIAN_POINT('',(-142.7468491099,75.227182186563,
    298.39106863703));
#5347 = CARTESIAN_POINT('',(-142.6601836894,75.814228070913,
    302.54856410698));
#5348 = CARTESIAN_POINT('',(-142.9977627233,75.297231607322,
    305.63880984834));
#5349 = CARTESIAN_POINT('',(-141.7508230247,77.39327051667,
    307.24848682378));
#5350 = CARTESIAN_POINT('',(-146.4123859436,69.30149638209,
    308.3821303169));
#5351 = CARTESIAN_POINT('',(-148.696268858,64.386636225833,
    309.24977639088));
#5352 = CARTESIAN_POINT('',(-150.8586210502,59.565562929515,
    309.83040302888));
#5353 = CARTESIAN_POINT('',(-152.4234282326,55.769985945944,
    310.29291903273));
#5354 = CARTESIAN_POINT('',(-153.6071696789,52.797818681502,
    310.64442865305));
#5355 = CARTESIAN_POINT('',(-154.4366663962,50.638334374711,
    310.9288779115));
#5356 = CARTESIAN_POINT('',(-154.9877446132,49.161789189811,
    311.16761899067));
#5357 = CARTESIAN_POINT('',(-155.3168238136,48.255915832587,
    311.37539120166));
#5358 = CARTESIAN_POINT('',(-155.4812212896,47.784651016626,
    311.56433620416));
#5359 = CARTESIAN_POINT('',(-155.5361409272,47.605498787919,
    311.74343090721));
#5360 = CARTESIAN_POINT('',(-155.5364269172,47.57200869023,
    311.91911160177));
#5361 = CARTESIAN_POINT('',(-155.536713456,47.537204664975,
    312.09522097204));
#5362 = CARTESIAN_POINT('',(-155.4823942873,47.644469960672,
    312.286382915));
#5363 = CARTESIAN_POINT('',(-155.3186557495,48.035641380929,
    312.51012617497));
#5364 = CARTESIAN_POINT('',(-154.9903260356,48.847428683761,
    312.78777220509));
#5365 = CARTESIAN_POINT('',(-154.4401301675,50.208534485644,
    313.14611297352));
#5366 = CARTESIAN_POINT('',(-153.6116782951,52.221678143319,
    313.62128196179));
#5367 = CARTESIAN_POINT('',(-152.4292431459,55.004562577993,
    314.256560837));
#5368 = CARTESIAN_POINT('',(-150.8659132071,58.549389109333,
    315.10881109909));
#5369 = CARTESIAN_POINT('',(-148.7061604995,63.053527903069,
    316.20918485772));
#5370 = CARTESIAN_POINT('',(-146.4244163361,67.529382828192,
    317.66198591896));
#5371 = CARTESIAN_POINT('',(-141.7708190335,75.096296406234,
    319.5175402964));
#5372 = CARTESIAN_POINT('',(-143.0215785327,72.427452601456,
    320.89066840297));
#5373 = CARTESIAN_POINT('',(-142.6938810516,71.790773901657,
    323.91503961398));
#5374 = CARTESIAN_POINT('',(-142.7929002451,69.682124816634,
    327.78958631693));
#5375 = CARTESIAN_POINT('',(-142.7812531484,66.776182457752,
    332.45673043046));
#5376 = CARTESIAN_POINT('',(-142.802278314,62.632850041622,
    337.61162044312));
#5377 = CARTESIAN_POINT('',(-142.8162684243,57.164924871968,
    342.96952643095));
#5378 = CARTESIAN_POINT('',(-142.8321255524,50.28791043418,
    348.20621437611));
#5379 = CARTESIAN_POINT('',(-142.8457174442,42.046085777486,
    352.99687090863));
#5380 = CARTESIAN_POINT('',(-142.8568056083,32.595044637902,
    357.03766777374));
#5381 = CARTESIAN_POINT('',(-142.8646965253,22.203136130351,
    360.07654107323));
#5382 = CARTESIAN_POINT('',(-142.8693387547,11.227182242335,
    361.93955340738));
#5383 = CARTESIAN_POINT('',(-142.8703288508,3.794866904149,
    362.34712724688));
#5384 = CARTESIAN_POINT('',(-142.8703289315,0.12,362.3470471593));
#5385 = CARTESIAN_POINT('',(-137.7651029978,44.916058557909,
    247.67796669391));
#5386 = CARTESIAN_POINT('',(-137.7672154781,47.296145597665,
    249.02803690692));
#5387 = CARTESIAN_POINT('',(-137.7720251615,51.868970562566,
    251.90263130304));
#5388 = CARTESIAN_POINT('',(-137.7808891112,58.060649805067,
    256.64073700478));
#5389 = CARTESIAN_POINT('',(-137.7912588187,63.51357366061,
    261.69409745209));
#5390 = CARTESIAN_POINT('',(-137.8029532666,68.190889762879,
    266.94458156843));
#5391 = CARTESIAN_POINT('',(-137.8157499958,72.087936395149,
    272.27225240713));
#5392 = CARTESIAN_POINT('',(-137.8292490567,75.228961512883,
    277.55969905748));
#5393 = CARTESIAN_POINT('',(-137.8432252116,77.662456377033,
    282.69514148565));
#5394 = CARTESIAN_POINT('',(-137.8562543207,79.45834773892,
    287.57393555341));
#5395 = CARTESIAN_POINT('',(-137.8710039699,80.697084577929,
    292.10051373161));
#5396 = CARTESIAN_POINT('',(-137.8748736177,81.488885923274,
    296.18435378329));
#5397 = CARTESIAN_POINT('',(-137.9126827709,81.880294786215,
    299.75526829468));
#5398 = CARTESIAN_POINT('',(-137.8156590361,82.18032262033,
    302.70449904189));
#5399 = CARTESIAN_POINT('',(-138.2128584035,81.718685317584,
    305.10087493258));
#5400 = CARTESIAN_POINT('',(-136.7562723053,83.452961262671,
    306.37854339229));
#5401 = CARTESIAN_POINT('',(-142.2086151562,76.744536358356,
    308.36102377161));
#5402 = CARTESIAN_POINT('',(-144.7367808356,72.101952395201,
    309.11061091627));
#5403 = CARTESIAN_POINT('',(-147.2961115409,67.224308093263,
    309.92572605579));
#5404 = CARTESIAN_POINT('',(-149.0940025414,63.371871247625,
    310.4038571255));
#5405 = CARTESIAN_POINT('',(-150.4705113293,60.257327085203,
    310.80417219109));
#5406 = CARTESIAN_POINT('',(-151.4372444301,57.964673774046,
    311.1166573528));
#5407 = CARTESIAN_POINT('',(-152.079958675,56.394344363283,
    311.37956102883));
#5408 = CARTESIAN_POINT('',(-152.4635812998,55.428445822186,
    311.61128430659));
#5409 = CARTESIAN_POINT('',(-152.6552402153,54.924352297682,
    311.82560769494));
#5410 = CARTESIAN_POINT('',(-152.7192363408,54.730980213969,
    312.03122320228));
#5411 = CARTESIAN_POINT('',(-152.7195362273,54.692573041884,
    312.23429072529));
#5412 = CARTESIAN_POINT('',(-152.7198339065,54.652650253182,
    312.43785571767));
#5413 = CARTESIAN_POINT('',(-152.6564648445,54.763599182434,
    312.66007834089));
#5414 = CARTESIAN_POINT('',(-152.4654952447,55.175961773297,
    312.92218013007));
#5415 = CARTESIAN_POINT('',(-152.0826616851,56.034437473816,
    313.24914940827));
#5416 = CARTESIAN_POINT('',(-151.4408805394,57.473343928545,
    313.67164953616));
#5417 = CARTESIAN_POINT('',(-150.4752938294,59.600792041722,
    314.22395661712));
#5418 = CARTESIAN_POINT('',(-149.1002353652,62.500952605836,
    314.9557947217));
#5419 = CARTESIAN_POINT('',(-147.3046117407,66.08981526185,
    315.87112413685));
#5420 = CARTESIAN_POINT('',(-144.7478056657,70.57442574856,
    317.1881842728));
#5421 = CARTESIAN_POINT('',(-142.2248868998,74.857421294061,
    318.4136751825));
#5422 = CARTESIAN_POINT('',(-136.7897786615,80.861951707485,
    320.46050178139));
#5423 = CARTESIAN_POINT('',(-138.2504968077,78.542671456081,
    322.01094536313));
#5424 = CARTESIAN_POINT('',(-137.866646142,77.680695034753,
    325.37264316884));
#5425 = CARTESIAN_POINT('',(-137.9790548153,75.423033355358,
    329.67442492489));
#5426 = CARTESIAN_POINT('',(-137.9589966055,72.2516329294,
    334.85008956851));
#5427 = CARTESIAN_POINT('',(-137.9732668668,67.75961889674,
    340.56497045857));
#5428 = CARTESIAN_POINT('',(-137.9757146957,61.835465007846,
    346.50502205183));
#5429 = CARTESIAN_POINT('',(-137.9779145087,54.392198141562,
    352.31198303451));
#5430 = CARTESIAN_POINT('',(-137.9769109759,45.475319612027,
    357.62590629349));
#5431 = CARTESIAN_POINT('',(-137.9744930678,35.252132234026,
    362.1094494859));
#5432 = CARTESIAN_POINT('',(-137.9716322147,24.011461319153,
    365.48232728136));
#5433 = CARTESIAN_POINT('',(-137.9694846476,12.138030391365,
    367.55077865868));
#5434 = CARTESIAN_POINT('',(-137.9689637986,4.096565118357,
    368.00351190748));
#5435 = CARTESIAN_POINT('',(-137.9689681508,0.12,368.00341768581));
#5436 = CARTESIAN_POINT('',(-132.7906937073,58.748617342004,
    251.00053701058));
#5437 = CARTESIAN_POINT('',(-132.7949101824,60.510987285263,
    252.26811835265));
#5438 = CARTESIAN_POINT('',(-132.80382043,63.920962292199,
    254.92505345111));
#5439 = CARTESIAN_POINT('',(-132.8184844879,68.611253689463,
    259.21934991466));
#5440 = CARTESIAN_POINT('',(-132.8342308627,72.812392654916,
    263.75264665301));
#5441 = CARTESIAN_POINT('',(-132.8507432334,76.479278789417,
    268.44428458161));
#5442 = CARTESIAN_POINT('',(-132.867651197,79.588225568658,
    273.20620977503));
#5443 = CARTESIAN_POINT('',(-132.8844441166,82.137923387591,
    277.94658767229));
#5444 = CARTESIAN_POINT('',(-132.9009405039,84.148285139717,
    282.5735213028));
#5445 = CARTESIAN_POINT('',(-132.9157250962,85.660378870271,
    286.9977030398));
#5446 = CARTESIAN_POINT('',(-132.9321575597,86.726022603934,
    291.13672851877));
#5447 = CARTESIAN_POINT('',(-132.9360712136,87.430707206843,
    294.90960846302));
#5448 = CARTESIAN_POINT('',(-132.979067706,87.788316795751,
    298.26352938762));
#5449 = CARTESIAN_POINT('',(-132.867678893,88.111929447056,
    301.07582484945));
#5450 = CARTESIAN_POINT('',(-133.3234143212,87.606621602507,
    303.5176635541));
#5451 = CARTESIAN_POINT('',(-131.6533409335,89.597264771633,
    304.69135939746));
#5452 = CARTESIAN_POINT('',(-137.9075827838,81.993797902422,
    307.70838903906));
#5453 = CARTESIAN_POINT('',(-140.8905517495,78.276067015842,
    309.17852815317));
#5454 = CARTESIAN_POINT('',(-143.5958195838,74.057534767933,
    309.8435395985));
#5455 = CARTESIAN_POINT('',(-145.6717627079,70.204687178105,
    310.53184964007));
#5456 = CARTESIAN_POINT('',(-147.2228780514,67.157594192183,
    310.97076238406));
#5457 = CARTESIAN_POINT('',(-148.3122337723,64.866329846247,
    311.32688227973));
#5458 = CARTESIAN_POINT('',(-149.0384447503,63.273973891463,
    311.62448208329));
#5459 = CARTESIAN_POINT('',(-149.4722302189,62.285284250407,
    311.88613567253));
#5460 = CARTESIAN_POINT('',(-149.6890975578,61.765543748851,
    312.12763697963));
#5461 = CARTESIAN_POINT('',(-149.7615074518,61.563540196765,
    312.3603479854));
#5462 = CARTESIAN_POINT('',(-149.7618293693,61.520390375125,
    312.59027325625));
#5463 = CARTESIAN_POINT('',(-149.7621464077,61.475530307901,
    312.82076755666));
#5464 = CARTESIAN_POINT('',(-149.6904081889,61.584960138587,
    313.07234484051));
#5465 = CARTESIAN_POINT('',(-149.4742859918,62.001931630807,
    313.36877254469));
#5466 = CARTESIAN_POINT('',(-149.0413692227,62.87071806611,
    313.73617464257));
#5467 = CARTESIAN_POINT('',(-148.3162344602,64.317517125345,
    314.20536879981));
#5468 = CARTESIAN_POINT('',(-147.2282598654,66.426923790967,
    314.81296304222));
#5469 = CARTESIAN_POINT('',(-145.6791833246,69.244788568007,
    315.59334072587));
#5470 = CARTESIAN_POINT('',(-143.6050644169,72.77771880766,
    316.65261203728));
#5471 = CARTESIAN_POINT('',(-140.9072831789,76.698673095636,
    317.63279107082));
#5472 = CARTESIAN_POINT('',(-137.9335043618,79.868113299138,
    319.18425527771));
#5473 = CARTESIAN_POINT('',(-131.6942591774,86.547955294739,
    321.7439708717));
#5474 = CARTESIAN_POINT('',(-133.3703360011,83.929725947185,
    323.48342090684));
#5475 = CARTESIAN_POINT('',(-132.9277137615,82.959929826994,
    327.24233786676));
#5476 = CARTESIAN_POINT('',(-133.0530941501,80.462825315717,
    331.98398256559));
#5477 = CARTESIAN_POINT('',(-133.0244308369,76.998391291363,
    337.65981249705));
#5478 = CARTESIAN_POINT('',(-133.0333234343,72.133298831231,
    343.90036430195));
#5479 = CARTESIAN_POINT('',(-133.0274148335,65.761176654259,
    350.36834886745));
#5480 = CARTESIAN_POINT('',(-133.0209511478,57.795824893785,
    356.67801970506));
#5481 = CARTESIAN_POINT('',(-133.0115263257,48.288985433135,
    362.44368548064));
#5482 = CARTESIAN_POINT('',(-133.0019410969,37.416970953167,
    367.30437647453));
#5483 = CARTESIAN_POINT('',(-132.9937214157,25.480812483327,
    370.9602128027));
#5484 = CARTESIAN_POINT('',(-132.9883274894,12.880007242972,
    373.20320187093));
#5485 = CARTESIAN_POINT('',(-132.9870998896,4.343566516572,
    373.6948578792));
#5486 = CARTESIAN_POINT('',(-132.9871044467,0.12,373.69476173261));
#5487 = CARTESIAN_POINT('',(-127.9214637895,77.943127536841,
    258.34340473218));
#5488 = CARTESIAN_POINT('',(-127.9268278044,78.902173033347,
    259.59711625582));
#5489 = CARTESIAN_POINT('',(-127.9378516967,80.730935342381,
    262.1425318135));
#5490 = CARTESIAN_POINT('',(-127.9550483887,83.188414748209,
    266.03422514379));
#5491 = CARTESIAN_POINT('',(-127.972638642,85.350691277717,
    269.9576253982));
#5492 = CARTESIAN_POINT('',(-127.9903166435,87.215938675675,
    273.87032858495));
#5493 = CARTESIAN_POINT('',(-128.0077859338,88.789404436934,
    277.73008046867));
#5494 = CARTESIAN_POINT('',(-128.0246506731,90.082829788757,
    281.49527148372));
#5495 = CARTESIAN_POINT('',(-128.0408998857,91.113198864009,
    285.1254498887));
#5496 = CARTESIAN_POINT('',(-128.0551817488,91.903799216635,
    288.58105139908));
#5497 = CARTESIAN_POINT('',(-128.0713234743,92.476580728599,
    291.82551255971));
#5498 = CARTESIAN_POINT('',(-128.0740669326,92.876901861777,
    294.81810006454));
#5499 = CARTESIAN_POINT('',(-128.1196668014,93.077200343274,
    297.54111176366));
#5500 = CARTESIAN_POINT('',(-127.9977773626,93.332164741496,
    299.8985497498));
#5501 = CARTESIAN_POINT('',(-128.4932720087,92.84839985683,
    302.09417373073));
#5502 = CARTESIAN_POINT('',(-126.6770032474,94.743952009564,
    303.22012647548));
#5503 = CARTESIAN_POINT('',(-133.480844474,87.533236705321,
    306.52338720093));
#5504 = CARTESIAN_POINT('',(-136.7528412453,83.304438395226,
    308.31078964289));
#5505 = CARTESIAN_POINT('',(-140.0070679436,79.213498383911,
    309.94380389411));
#5506 = CARTESIAN_POINT('',(-142.1385955071,76.272538201343,
    310.50308437791));
#5507 = CARTESIAN_POINT('',(-143.836319198,73.37937868651,
    311.08884334848));
#5508 = CARTESIAN_POINT('',(-145.058232928,71.158113796692,
    311.51455686762));
#5509 = CARTESIAN_POINT('',(-145.8665987171,69.607987785483,
    311.85239110363));
#5510 = CARTESIAN_POINT('',(-146.3516040126,68.637728572707,
    312.14915346507));
#5511 = CARTESIAN_POINT('',(-146.5937687739,68.124002928209,
    312.42275815001));
#5512 = CARTESIAN_POINT('',(-146.674732379,67.92107581595,
    312.68235443655));
#5513 = CARTESIAN_POINT('',(-146.6750869461,67.873568840297,
    312.93791165102));
#5514 = CARTESIAN_POINT('',(-146.6754622869,67.824163954708,
    313.19407748756));
#5515 = CARTESIAN_POINT('',(-146.5952667992,67.925168464281,
    313.47263580054));
#5516 = CARTESIAN_POINT('',(-146.3539620164,68.325742795805,
    313.79748925331));
#5517 = CARTESIAN_POINT('',(-145.8699688766,69.164078640655,
    314.19985903293));
#5518 = CARTESIAN_POINT('',(-145.0628790186,70.555351713335,
    314.70742006874));
#5519 = CARTESIAN_POINT('',(-143.8425888465,72.576406674721,
    315.3556558724));
#5520 = CARTESIAN_POINT('',(-142.1474204363,75.223413742187,
    316.13366727871));
#5521 = CARTESIAN_POINT('',(-140.0229457367,77.91394262878,
    316.9105198317));
#5522 = CARTESIAN_POINT('',(-136.7752376634,81.463429769372,
    318.40151982841));
#5523 = CARTESIAN_POINT('',(-133.5128359825,85.09314886787,
    320.07447388949));
#5524 = CARTESIAN_POINT('',(-126.7270413344,91.308168756604,
    322.74169543591));
#5525 = CARTESIAN_POINT('',(-128.549535005,88.712669689406,
    324.74725884728));
#5526 = CARTESIAN_POINT('',(-128.0669369526,87.573552818593,
    328.85151624247));
#5527 = CARTESIAN_POINT('',(-128.2009496299,84.888444267623,
    334.0163974833));
#5528 = CARTESIAN_POINT('',(-128.1660410249,81.163317960488,
    340.16746348194));
#5529 = CARTESIAN_POINT('',(-128.1706531475,75.974027889148,
    346.91260758169));
#5530 = CARTESIAN_POINT('',(-128.1582322645,69.209585254314,
    353.88853886464));
#5531 = CARTESIAN_POINT('',(-128.1448978147,60.786569651685,
    360.68325377838));
#5532 = CARTESIAN_POINT('',(-128.1287086987,50.761495814221,
    366.88542471978));
#5533 = CARTESIAN_POINT('',(-128.1132704033,39.318918727347,
    372.11079035336));
#5534 = CARTESIAN_POINT('',(-128.1006075994,26.770972274046,
    376.04012523099));
#5535 = CARTESIAN_POINT('',(-128.0924884581,13.530784898976,
    378.45155330363));
#5536 = CARTESIAN_POINT('',(-128.0906624405,4.560015350573,
    378.98063672992));
#5537 = CARTESIAN_POINT('',(-128.0906673558,0.12,378.98053829529));
#5538 = CARTESIAN_POINT('',(-123.1155777345,87.9341269511,
    264.12551915385));
#5539 = CARTESIAN_POINT('',(-123.1207301309,88.533334728367,
    265.17529274792));
#5540 = CARTESIAN_POINT('',(-123.1311083851,89.677480361617,
    267.29007507126));
#5541 = CARTESIAN_POINT('',(-123.1467273955,91.222959537924,
    270.48569269878));
#5542 = CARTESIAN_POINT('',(-123.1622245348,92.593028141249,
    273.68149817712));
#5543 = CARTESIAN_POINT('',(-123.1774178739,93.786388459862,
    276.85352695289));
#5544 = CARTESIAN_POINT('',(-123.1921595062,94.805096378106,
    279.97742887203));
#5545 = CARTESIAN_POINT('',(-123.2062081488,95.654612043001,
    283.02874462953));
#5546 = CARTESIAN_POINT('',(-123.219734288,96.343147414308,
    285.98337327769));
#5547 = CARTESIAN_POINT('',(-123.2314601494,96.88315395344,
    288.81724337437));
#5548 = CARTESIAN_POINT('',(-123.2456187095,97.284357788897,
    291.50877441404));
#5549 = CARTESIAN_POINT('',(-123.2459902823,97.577927409644,
    294.03065741046));
#5550 = CARTESIAN_POINT('',(-123.2927993772,97.724122188957,
    296.38117396367));
#5551 = CARTESIAN_POINT('',(-123.1610854816,97.954553363504,
    298.46761511731));
#5552 = CARTESIAN_POINT('',(-123.6903123289,97.492279426638,
    300.541347069));
#5553 = CARTESIAN_POINT('',(-121.7475433918,99.325782335111,
    301.57381693589));
#5554 = CARTESIAN_POINT('',(-129.0251071756,92.389447926586,
    305.31684110765));
#5555 = CARTESIAN_POINT('',(-132.5793083667,88.344937636704,
    307.38844849202));
#5556 = CARTESIAN_POINT('',(-135.9951441061,84.238252953635,
    309.04175914272));
#5557 = CARTESIAN_POINT('',(-138.5281477162,80.928616554161,
    310.29168921007));
#5558 = CARTESIAN_POINT('',(-140.4504512178,78.478825483806,
    311.13977413026));
#5559 = CARTESIAN_POINT('',(-141.6941256318,76.697743503711,
    311.57217002262));
#5560 = CARTESIAN_POINT('',(-142.5674186348,75.293987623666,
    312.02058692556));
#5561 = CARTESIAN_POINT('',(-143.083924298,74.404758392258,
    312.36280754088));
#5562 = CARTESIAN_POINT('',(-143.3450235874,73.92001907039,
    312.66665241593));
#5563 = CARTESIAN_POINT('',(-143.4319136869,73.723550921505,
    312.95536889064));
#5564 = CARTESIAN_POINT('',(-143.4324062961,73.671712557199,
    313.23665706645));
#5565 = CARTESIAN_POINT('',(-143.4327642502,73.618027022303,
    313.51860912815));
#5566 = CARTESIAN_POINT('',(-143.3467792893,73.703754429326,
    313.82110662699));
#5567 = CARTESIAN_POINT('',(-143.086709549,74.066302884561,
    314.17021091869));
#5568 = CARTESIAN_POINT('',(-142.5715633562,74.816624359429,
    314.57334014344));
#5569 = CARTESIAN_POINT('',(-141.7000703581,76.048621488931,
    315.06658045184));
#5570 = CARTESIAN_POINT('',(-140.4599964445,77.64694250594,
    315.6188965614));
#5571 = CARTESIAN_POINT('',(-138.5419141873,79.797853062746,
    316.44489148662));
#5572 = CARTESIAN_POINT('',(-136.0141417816,82.693481748867,
    317.58052679224));
#5573 = CARTESIAN_POINT('',(-132.6073545828,86.27850174787,
    319.00064830022));
#5574 = CARTESIAN_POINT('',(-129.064431589,89.648374151672,
    320.8352918978));
#5575 = CARTESIAN_POINT('',(-121.8048436908,95.482937737199,
    323.75135855938));
#5576 = CARTESIAN_POINT('',(-123.7544212849,92.882616451908,
    325.98651471151));
#5577 = CARTESIAN_POINT('',(-123.2375622298,91.580980352731,
    330.42520426161));
#5578 = CARTESIAN_POINT('',(-123.3799592947,88.711946982464,
    335.97577585382));
#5579 = CARTESIAN_POINT('',(-123.3412480683,84.740614818901,
    342.55464336414));
#5580 = CARTESIAN_POINT('',(-123.344528599,79.252225735386,
    349.74608834423));
#5581 = CARTESIAN_POINT('',(-123.3294436577,72.134708997896,
    357.16563293121));
#5582 = CARTESIAN_POINT('',(-123.3133887846,63.309146535027,
    364.37936889293));
#5583 = CARTESIAN_POINT('',(-123.2944194951,52.837336035242,
    370.95557560031));
#5584 = CARTESIAN_POINT('',(-123.2765028889,40.910683954082,
    376.49178007065));
#5585 = CARTESIAN_POINT('',(-123.2618933882,27.849232456538,
    380.65372779509));
#5586 = CARTESIAN_POINT('',(-123.2525470506,14.075098189736,
    383.20856576466));
#5587 = CARTESIAN_POINT('',(-123.2504460178,4.741407533016,
    383.76968656477));
#5588 = CARTESIAN_POINT('',(-123.2504511461,0.12,383.76959023854));
#5589 = CARTESIAN_POINT('',(-118.3604041169,94.774280447704,
    266.7138381441));
#5590 = CARTESIAN_POINT('',(-118.3647029442,95.192501563305,
    267.64223261341));
#5591 = CARTESIAN_POINT('',(-118.3732798418,95.989516672046,
    269.50267500396));
#5592 = CARTESIAN_POINT('',(-118.3859910291,97.065000712708,
    272.29013147657));
#5593 = CARTESIAN_POINT('',(-118.3984601822,98.020331054743,
    275.0600743544));
#5594 = CARTESIAN_POINT('',(-118.410595166,98.856967405099,
    277.79817013222));
#5595 = CARTESIAN_POINT('',(-118.4223387433,99.57782298325,
    280.49016255097));
#5596 = CARTESIAN_POINT('',(-118.4335300525,100.1872795132,
    283.1219023783));
#5597 = CARTESIAN_POINT('',(-118.4444280642,100.69064075768,
    285.67958893943));
#5598 = CARTESIAN_POINT('',(-118.4537634612,101.09564833987,
    288.14915388908));
#5599 = CARTESIAN_POINT('',(-118.4660136559,101.40627373409,
    290.51879276173));
#5600 = CARTESIAN_POINT('',(-118.4642555218,101.64530596784,
    292.76970561965));
#5601 = CARTESIAN_POINT('',(-118.5114820964,101.76943213394,
    294.91080509016));
#5602 = CARTESIAN_POINT('',(-118.3724827285,101.98548800611,
    296.8492983361));
#5603 = CARTESIAN_POINT('',(-118.9250022112,101.56946040752,
    298.87375212343));
#5604 = CARTESIAN_POINT('',(-116.8932178023,103.27323221129,
    299.85128768612));
#5605 = CARTESIAN_POINT('',(-124.5026638619,96.877526941004,
    303.95569890179));
#5606 = CARTESIAN_POINT('',(-128.2813383269,92.956258081163,
    306.25557944147));
#5607 = CARTESIAN_POINT('',(-131.9634511318,88.966300544135,
    308.23712737573));
#5608 = CARTESIAN_POINT('',(-134.6453267707,85.774364938166,
    309.59420363052));
#5609 = CARTESIAN_POINT('',(-136.705484966,83.155911041538,
    310.60280819384));
#5610 = CARTESIAN_POINT('',(-138.1968432337,81.205968843024,
    311.37824818498));
#5611 = CARTESIAN_POINT('',(-139.1828192486,79.903236226016,
    311.92612090684));
#5612 = CARTESIAN_POINT('',(-139.7756421916,79.095711254588,
    312.35911835236));
#5613 = CARTESIAN_POINT('',(-140.0718314376,78.666419221383,
    312.71691135655));
#5614 = CARTESIAN_POINT('',(-140.1710446805,78.487882582721,
    313.03272752851));
#5615 = CARTESIAN_POINT('',(-140.1716781835,78.433561402077,
    313.33298577198));
#5616 = CARTESIAN_POINT('',(-140.1723415521,78.376825392376,
    313.63524829603));
#5617 = CARTESIAN_POINT('',(-140.0744988265,78.438344046117,
    313.95454306864));
#5618 = CARTESIAN_POINT('',(-139.7798792989,78.73636529141,
    314.31210712832));
#5619 = CARTESIAN_POINT('',(-139.188977685,79.387065813201,
    314.74096476438));
#5620 = CARTESIAN_POINT('',(-138.2055494462,80.495049047423,
    315.27490105355));
#5621 = CARTESIAN_POINT('',(-136.7174339219,82.185138835898,
    315.97515995095));
#5622 = CARTESIAN_POINT('',(-134.6621715581,84.4766945534,
    316.85869329073));
#5623 = CARTESIAN_POINT('',(-131.9874490576,87.242984157669,
    317.99821905698));
#5624 = CARTESIAN_POINT('',(-128.315192386,90.636887527447,
    319.5868692059));
#5625 = CARTESIAN_POINT('',(-124.5486468537,93.821242226386,
    321.57870146821));
#5626 = CARTESIAN_POINT('',(-116.9563861435,99.031180205213,
    324.7352139027));
#5627 = CARTESIAN_POINT('',(-118.9957119187,96.487677849221,
    327.19430317082));
#5628 = CARTESIAN_POINT('',(-118.455752602,95.008888107603,
    331.93297928803));
#5629 = CARTESIAN_POINT('',(-118.6058092261,91.969086026324,
    337.81797931754));
#5630 = CARTESIAN_POINT('',(-118.5672165757,87.767107373755,
    344.75760056427));
#5631 = CARTESIAN_POINT('',(-118.5733810495,82.007187002382,
    352.31735699642));
#5632 = CARTESIAN_POINT('',(-118.5609978826,74.576183911314,
    360.096375879));
#5633 = CARTESIAN_POINT('',(-118.5478584785,65.401503164631,
    367.64453781873));
#5634 = CARTESIAN_POINT('',(-118.5314540628,54.550269281903,
    374.51573492032));
#5635 = CARTESIAN_POINT('',(-118.5155523932,42.21955568744,
    380.29513505956));
#5636 = CARTESIAN_POINT('',(-118.5023075716,28.73460472906,
    384.63843603691));
#5637 = CARTESIAN_POINT('',(-118.4937183048,14.522586625067,
    387.30525050993));
#5638 = CARTESIAN_POINT('',(-118.4917716516,4.890910169162,
    387.89159859247));
#5639 = CARTESIAN_POINT('',(-118.4917766205,0.12,387.89150791851));
#5640 = CARTESIAN_POINT('',(-113.6844485198,100.88610423011,
    271.38772137613));
#5641 = CARTESIAN_POINT('',(-113.686843404,101.13478342053,
    272.12309270644));
#5642 = CARTESIAN_POINT('',(-113.6915997974,101.60968779624,
    273.59136983818));
#5643 = CARTESIAN_POINT('',(-113.6986182285,102.25506506846,
    275.78072386501));
#5644 = CARTESIAN_POINT('',(-113.7055074209,102.8342424737,
    277.95133801055));
#5645 = CARTESIAN_POINT('',(-113.7122464755,103.34840206664,
    280.09753365545));
#5646 = CARTESIAN_POINT('',(-113.7188452338,103.79909622917,
    282.21366031659));
#5647 = CARTESIAN_POINT('',(-113.7252005247,104.1883451877,
    284.29407273305));
#5648 = CARTESIAN_POINT('',(-113.7316324588,104.51823297371,
    286.33330473677));
#5649 = CARTESIAN_POINT('',(-113.736882922,104.7923547193,288.3255086966
    ));
#5650 = CARTESIAN_POINT('',(-113.7455852053,105.01033393813,
    290.26663061146));
#5651 = CARTESIAN_POINT('',(-113.7403868606,105.18818460987,
    292.14636555759));
#5652 = CARTESIAN_POINT('',(-113.7859886515,105.28220515548,
    293.9782400975));
#5653 = CARTESIAN_POINT('',(-113.6408662582,105.47288724759,
    295.6873886118));
#5654 = CARTESIAN_POINT('',(-114.206345313,105.10522597516,
    297.52940962838));
#5655 = CARTESIAN_POINT('',(-112.1185806641,106.64340582647,
    298.52719288638));
#5656 = CARTESIAN_POINT('',(-119.9315654819,100.91157950696,
    302.30477070579));
#5657 = CARTESIAN_POINT('',(-123.8930411295,97.234842354892,
    305.01552615394));
#5658 = CARTESIAN_POINT('',(-127.7566028534,93.443855550013,
    307.17379190577));
#5659 = CARTESIAN_POINT('',(-130.6191128994,90.324440025677,
    308.78575434663));
#5660 = CARTESIAN_POINT('',(-132.8246290956,87.797878915134,
    309.98389085354));
#5661 = CARTESIAN_POINT('',(-134.3879690511,85.90276483104,
    310.85713981791));
#5662 = CARTESIAN_POINT('',(-135.4400047525,84.567068088932,
    311.52514910292));
#5663 = CARTESIAN_POINT('',(-136.07166692,83.726764440261,
    312.04629467517));
#5664 = CARTESIAN_POINT('',(-136.3886128483,83.271718381743,
    312.47711485226));
#5665 = CARTESIAN_POINT('',(-136.4947796621,83.078435487692,
    312.85800282035));
#5666 = CARTESIAN_POINT('',(-136.4956031407,83.015046000861,
    313.21949441738));
#5667 = CARTESIAN_POINT('',(-136.4964107207,82.948428140328,
    313.58446809539));
#5668 = CARTESIAN_POINT('',(-136.3919625248,83.005259626127,
    313.96612407411));
#5669 = CARTESIAN_POINT('',(-136.0769643276,83.308637415914,
    314.38577223864));
#5670 = CARTESIAN_POINT('',(-135.4476876271,83.971042837702,
    314.87045261432));
#5671 = CARTESIAN_POINT('',(-134.3987524657,85.087636516022,
    315.4581247343));
#5672 = CARTESIAN_POINT('',(-132.8396995514,86.706567021551,
    316.19230485712));
#5673 = CARTESIAN_POINT('',(-130.6400184783,88.868493856589,
    317.15280962553));
#5674 = CARTESIAN_POINT('',(-127.7855303144,91.50953826808,
    318.41785959506));
#5675 = CARTESIAN_POINT('',(-123.9322840678,94.657258044411,
    320.13509829407));
#5676 = CARTESIAN_POINT('',(-119.9845060771,97.533417551668,
    322.30423313851));
#5677 = CARTESIAN_POINT('',(-112.1826922665,102.01307707761,
    325.73960930291));
#5678 = CARTESIAN_POINT('',(-114.2797993819,99.558058209248,
    328.37158562083));
#5679 = CARTESIAN_POINT('',(-113.7275817447,97.902148160599,
    333.35598928501));
#5680 = CARTESIAN_POINT('',(-113.8865657511,94.707001529006,
    339.49883129332));
#5681 = CARTESIAN_POINT('',(-113.8543799195,90.294491765656,
    346.7101792355));
#5682 = CARTESIAN_POINT('',(-113.8710686441,84.292552786942,
    354.53975995595));
#5683 = CARTESIAN_POINT('',(-113.8711071841,76.587270361312,
    362.57599165892));
#5684 = CARTESIAN_POINT('',(-113.8716746228,67.113338377938,
    370.35821389419));
#5685 = CARTESIAN_POINT('',(-113.8687049674,55.943230827173,
    377.43200720114));
#5686 = CARTESIAN_POINT('',(-113.8645767424,43.278948890501,
    383.37604627023));
#5687 = CARTESIAN_POINT('',(-113.8603235352,29.449215108991,
    387.84111214539));
#5688 = CARTESIAN_POINT('',(-113.8572699825,14.88363729399,
    390.58305275753));
#5689 = CARTESIAN_POINT('',(-113.8565432594,5.01173264096,
    391.18648520492));
#5690 = CARTESIAN_POINT('',(-113.8565450711,0.12,391.18640178084));
#5691 = CARTESIAN_POINT('',(-109.052775565,105.7698175676,
    276.58693754755));
#5692 = CARTESIAN_POINT('',(-109.0531238404,105.90176583305,
    277.11437253097));
#5693 = CARTESIAN_POINT('',(-109.0538618797,106.1553238602,
    278.1675475513));
#5694 = CARTESIAN_POINT('',(-109.0550934121,106.50503138077,
    279.74149738363));
#5695 = CARTESIAN_POINT('',(-109.0564511849,106.82449794991,
    281.30892156409));
#5696 = CARTESIAN_POINT('',(-109.0579279414,107.11412077321,
    282.86911869366));
#5697 = CARTESIAN_POINT('',(-109.0595466974,107.37428071585,
    284.42140691957));
#5698 = CARTESIAN_POINT('',(-109.0612144294,107.60543585379,
    285.96508806729));
#5699 = CARTESIAN_POINT('',(-109.0632680989,107.80777616827,
    287.49957351989));
#5700 = CARTESIAN_POINT('',(-109.064436936,107.98252062091,
    289.02390602181));
#5701 = CARTESIAN_POINT('',(-109.0694473718,108.12708939877,
    290.53853677202));
#5702 = CARTESIAN_POINT('',(-109.0606411379,108.25313836,292.03868777064
    ));
#5703 = CARTESIAN_POINT('',(-109.1038980299,108.31927347287,
    293.53912134757));
#5704 = CARTESIAN_POINT('',(-108.9533267627,108.48218545811,
    294.98169965674));
#5705 = CARTESIAN_POINT('',(-109.5265786902,108.15942460985,
    296.58038088832));
#5706 = CARTESIAN_POINT('',(-107.3989019057,109.52719480215,
    297.5336818326));
#5707 = CARTESIAN_POINT('',(-115.3516109404,104.46643035675,
    300.82984077872));
#5708 = CARTESIAN_POINT('',(-119.4183262083,101.13579702066,
    303.5456982429));
#5709 = CARTESIAN_POINT('',(-123.4180401581,97.622577310787,
    305.95361718772));
#5710 = CARTESIAN_POINT('',(-126.391952532,94.693982750077,
    307.75675446037));
#5711 = CARTESIAN_POINT('',(-128.6939088066,92.278613718013,
    309.13276831449));
#5712 = CARTESIAN_POINT('',(-130.3417104112,90.44874760257,
    310.16985798328));
#5713 = CARTESIAN_POINT('',(-131.4487064983,89.16573529509,
    310.95796198128));
#5714 = CARTESIAN_POINT('',(-132.114917912,88.354049176694,
    311.57646526429));
#5715 = CARTESIAN_POINT('',(-132.4492652608,87.910197737338,
    312.0858802304));
#5716 = CARTESIAN_POINT('',(-132.5614523415,87.715292911094,
    312.53380115616));
#5717 = CARTESIAN_POINT('',(-132.5625034326,87.643309096169,
    312.95871289685));
#5718 = CARTESIAN_POINT('',(-132.5635499461,87.566959976583,
    313.38988423048));
#5719 = CARTESIAN_POINT('',(-132.4535623946,87.6065825883,
    313.83767677244));
#5720 = CARTESIAN_POINT('',(-132.1216832058,87.878580915938,
    314.3222023572));
#5721 = CARTESIAN_POINT('',(-131.458437812,88.489537624221,
    314.87319844989));
#5722 = CARTESIAN_POINT('',(-130.3552189536,89.527190886624,
    315.5315688979));
#5723 = CARTESIAN_POINT('',(-128.7123878625,91.046617738295,
    316.35244118993));
#5724 = CARTESIAN_POINT('',(-126.4170870386,93.061032830311,
    317.41161834649));
#5725 = CARTESIAN_POINT('',(-123.4518272439,95.471787677513,
    318.79077158891));
#5726 = CARTESIAN_POINT('',(-119.4631531168,98.292351457884,
    320.664980393));
#5727 = CARTESIAN_POINT('',(-115.4077499449,100.76915125879,
    323.07317973395));
#5728 = CARTESIAN_POINT('',(-107.4606841207,104.51556406678,
    326.76248857087));
#5729 = CARTESIAN_POINT('',(-109.599297184,102.15214728174,
    329.52899089584));
#5730 = CARTESIAN_POINT('',(-109.04118367,100.32569078047,
    334.69451384337));
#5731 = CARTESIAN_POINT('',(-109.2109285543,96.987462015221,
    341.01246047069));
#5732 = CARTESIAN_POINT('',(-109.1901859319,92.383412516922,
    348.39806208557));
#5733 = CARTESIAN_POINT('',(-109.2238542024,86.166362046559,
    356.39080641283));
#5734 = CARTESIAN_POINT('',(-109.2446721986,78.222369270868,
    364.57411170489));
#5735 = CARTESIAN_POINT('',(-109.2686966187,68.493750927803,
    372.48290932038));
#5736 = CARTESIAN_POINT('',(-109.2896047149,57.058190726968,
    379.6606368664));
#5737 = CARTESIAN_POINT('',(-109.3072958224,44.121946277833,
    385.68543276818));
#5738 = CARTESIAN_POINT('',(-109.3204139538,30.015873327442,
    390.20849194478));
#5739 = CARTESIAN_POINT('',(-109.328423679,15.169889015249,
    392.98599932298));
#5740 = CARTESIAN_POINT('',(-109.3301761652,5.10776227695,
    393.59776870579));
#5741 = CARTESIAN_POINT('',(-109.3301765186,0.12,393.59768731708));
#5742 = CARTESIAN_POINT('',(-104.4997311822,109.55726494101,
    282.35827501243));
#5743 = CARTESIAN_POINT('',(-104.4987237565,109.61059941121,
    282.67416252436));
#5744 = CARTESIAN_POINT('',(-104.4967443351,109.71545300798,
    283.31070250585));
#5745 = CARTESIAN_POINT('',(-104.493886715,109.86664542461,
    284.28071799849));
#5746 = CARTESIAN_POINT('',(-104.4911486015,110.01108391776,
    285.26683379307));
#5747 = CARTESIAN_POINT('',(-104.4885301527,110.14808236615,
    286.26992785251));
#5748 = CARTESIAN_POINT('',(-104.486062737,110.27691180161,
    287.29086630158));
#5749 = CARTESIAN_POINT('',(-104.4836634175,110.39687508953,
    288.33048485832));
#5750 = CARTESIAN_POINT('',(-104.4816780406,110.50701719925,
    289.38965842031));
#5751 = CARTESIAN_POINT('',(-104.4788544729,110.60719394457,
    290.46904111948));
#5752 = CARTESIAN_POINT('',(-104.4799066378,110.6940693593,
    291.57003544485));
#5753 = CARTESIAN_POINT('',(-104.4672851984,110.77603834279,
    292.69117328665));
#5754 = CARTESIAN_POINT('',(-104.5065308627,110.8175182415,
    293.84161856452));
#5755 = CARTESIAN_POINT('',(-104.3530905767,110.94683851849,
    294.99076978823));
#5756 = CARTESIAN_POINT('',(-104.919699566,110.68036863904,
    296.25633951537));
#5757 = CARTESIAN_POINT('',(-102.800037116,111.81809477455,
    297.20242462335));
#5758 = CARTESIAN_POINT('',(-110.7067215444,107.63716290796,
    299.45913492747));
#5759 = CARTESIAN_POINT('',(-114.8833461122,104.61851218189,
    302.1764351187));
#5760 = CARTESIAN_POINT('',(-118.9393085835,101.4856351621,
    304.55027560296));
#5761 = CARTESIAN_POINT('',(-121.9938561768,98.789333766313,
    306.53180594178));
#5762 = CARTESIAN_POINT('',(-124.3603236048,96.554184442238,
    308.06781088758));
#5763 = CARTESIAN_POINT('',(-126.0565513444,94.843534753435,
    309.2503421978));
#5764 = CARTESIAN_POINT('',(-127.1990505257,93.630696815507,
    310.16523636525));
#5765 = CARTESIAN_POINT('',(-127.8873630198,92.856079195518,
    310.88906118778));
#5766 = CARTESIAN_POINT('',(-128.2331751767,92.425873639063,
    311.4876926495));
#5767 = CARTESIAN_POINT('',(-128.3493833109,92.229248656661,
    312.01628478829));
#5768 = CARTESIAN_POINT('',(-128.3507045208,92.147186613077,
    312.52023794039));
#5769 = CARTESIAN_POINT('',(-128.3520205901,92.059157907628,
    313.03489621477));
#5770 = CARTESIAN_POINT('',(-128.2385622374,92.078316768689,
    313.56755045065));
#5771 = CARTESIAN_POINT('',(-127.895795026,92.313402711676,
    314.13734674719));
#5772 = CARTESIAN_POINT('',(-127.2110752472,92.862117189707,
    314.77474368789));
#5773 = CARTESIAN_POINT('',(-126.0730219353,93.801632616957,
    315.5240917766));
#5774 = CARTESIAN_POINT('',(-124.3825024061,95.171353821223,
    316.44529895461));
#5775 = CARTESIAN_POINT('',(-122.0231659851,96.972260020859,
    317.61826096141));
#5776 = CARTESIAN_POINT('',(-118.9782071458,99.110598175445,
    319.15269268478));
#5777 = CARTESIAN_POINT('',(-114.929738064,101.50884744087,
    321.24793326905));
#5778 = CARTESIAN_POINT('',(-110.7671171517,103.61666019231,
    323.89551835677));
#5779 = CARTESIAN_POINT('',(-102.8457287518,106.44688726056,
    327.80883288123));
#5780 = CARTESIAN_POINT('',(-104.9839814459,104.22843501193,
    330.64439247026));
#5781 = CARTESIAN_POINT('',(-104.4390616617,102.22718025152,
    335.89454696731));
#5782 = CARTESIAN_POINT('',(-104.6280033119,98.764434346201,
    342.26556523667));
#5783 = CARTESIAN_POINT('',(-104.6374162421,93.990686872078,
    349.68446541128));
#5784 = CARTESIAN_POINT('',(-104.7127096801,87.590948424325,
    357.68845786459));
#5785 = CARTESIAN_POINT('',(-104.7862358198,79.450898415912,
    365.86516226227));
#5786 = CARTESIAN_POINT('',(-104.8710510053,69.520997778817,
    373.75491950942));
#5787 = CARTESIAN_POINT('',(-104.9555330772,57.882686372052,
    380.90824394839));
#5788 = CARTESIAN_POINT('',(-105.0326643553,44.743888591352,
    386.90994772808));
#5789 = CARTESIAN_POINT('',(-105.093957334,30.434539008848,
    391.41595030113));
#5790 = CARTESIAN_POINT('',(-105.1330124157,15.382362876295,
    394.18436157165));
#5791 = CARTESIAN_POINT('',(-105.1417865157,5.179335957567,
    394.79475015031));
#5792 = CARTESIAN_POINT('',(-105.1417754103,0.12,394.79469074968));
#5793 = CARTESIAN_POINT('',(-99.69344733595,112.86687839391,
    288.63147626107));
#5794 = CARTESIAN_POINT('',(-99.69347623246,112.87369345654,
    288.72507368452));
#5795 = CARTESIAN_POINT('',(-99.69350121888,112.88989290233,
    288.93160014645));
#5796 = CARTESIAN_POINT('',(-99.69345355362,112.92062289075,
    289.29701833691));
#5797 = CARTESIAN_POINT('',(-99.69333651946,112.95649675414,
    289.71569800208));
#5798 = CARTESIAN_POINT('',(-99.69315721097,112.99623045674,
    290.18526740241));
#5799 = CARTESIAN_POINT('',(-99.69295483963,113.03853038758,
    290.70335124097));
#5800 = CARTESIAN_POINT('',(-99.69264829153,113.0821763127,
    291.26755492047));
#5801 = CARTESIAN_POINT('',(-99.69260462973,113.12575013017,
    291.87551329599));
#5802 = CARTESIAN_POINT('',(-99.69151702378,113.16868839655,
    292.52470043635));
#5803 = CARTESIAN_POINT('',(-99.69432399426,113.20739637654,
    293.21313303165));
#5804 = CARTESIAN_POINT('',(-99.68265394003,113.24979456013,
    293.93674051926));
#5805 = CARTESIAN_POINT('',(-99.72512718835,113.26107597841,
    294.6991771479));
#5806 = CARTESIAN_POINT('',(-99.56570263678,113.36618988094,
    295.4752021568));
#5807 = CARTESIAN_POINT('',(-100.1599884722,113.09421102853,
    296.34734824512));
#5808 = CARTESIAN_POINT('',(-97.94165196176,114.19844188796,
    296.99587153701));
#5809 = CARTESIAN_POINT('',(-106.2204688584,110.13169922355,
    298.60229011607));
#5810 = CARTESIAN_POINT('',(-110.2024017568,107.79554639061,
    300.83915541817));
#5811 = CARTESIAN_POINT('',(-114.361381754,104.95345841808,
    303.19508260225));
#5812 = CARTESIAN_POINT('',(-117.4257769913,102.58565196426,
    305.18019728205));
#5813 = CARTESIAN_POINT('',(-119.8264461935,100.56159366972,
    306.82952869705));
#5814 = CARTESIAN_POINT('',(-121.549841688,99.002739920008,
    308.12898611197));
#5815 = CARTESIAN_POINT('',(-122.7125138159,97.888205889562,
    309.15488313202));
#5816 = CARTESIAN_POINT('',(-123.4136374351,97.169409906674,
    309.98041919609));
#5817 = CARTESIAN_POINT('',(-123.7661996162,96.762458296571,
    310.67494342367));
#5818 = CARTESIAN_POINT('',(-123.8848790802,96.567028984259,
    311.29593553277));
#5819 = CARTESIAN_POINT('',(-123.8865066929,96.474083715552,
    311.89425522573));
#5820 = CARTESIAN_POINT('',(-123.8881357999,96.373014871973,
    312.50975108683));
#5821 = CARTESIAN_POINT('',(-123.7728284988,96.366750686902,
    313.14693532071));
#5822 = CARTESIAN_POINT('',(-123.4239448048,96.553643383998,
    313.82385421762));
#5823 = CARTESIAN_POINT('',(-122.72704096,97.020655125562,314.57202326)
  );
#5824 = CARTESIAN_POINT('',(-121.569445041,97.834608171708,
    315.43850320368));
#5825 = CARTESIAN_POINT('',(-119.8521688115,99.022773101954,
    316.49201223022));
#5826 = CARTESIAN_POINT('',(-117.4591547696,100.57747757187,
    317.8319084989));
#5827 = CARTESIAN_POINT('',(-114.4007592497,102.35247594348,
    319.57466520952));
#5828 = CARTESIAN_POINT('',(-110.2552983878,104.40989031864,
    321.8996196566));
#5829 = CARTESIAN_POINT('',(-106.2587433641,105.81889832399,
    324.78151554278));
#5830 = CARTESIAN_POINT('',(-98.00166781043,108.42642943397,
    328.89278124749));
#5831 = CARTESIAN_POINT('',(-100.2294085238,106.16821125738,
    331.77897327609));
#5832 = CARTESIAN_POINT('',(-99.65873454017,104.04655943515,
    337.08367187803));
#5833 = CARTESIAN_POINT('',(-99.85064269492,100.45466867551,
    343.47447358989));
#5834 = CARTESIAN_POINT('',(-99.85226414295,95.527667919775,
    350.89180794862));
#5835 = CARTESIAN_POINT('',(-99.91888013472,88.959956034964,
    358.87394715806));
#5836 = CARTESIAN_POINT('',(-99.97999122671,80.640200005796,
    367.01452246253));
#5837 = CARTESIAN_POINT('',(-100.0499904607,70.522919478562,
    374.85983517587));
#5838 = CARTESIAN_POINT('',(-100.1183774843,58.692129936592,
    381.96700412796));
#5839 = CARTESIAN_POINT('',(-100.1800737682,45.35724769723,
    387.92708996613));
#5840 = CARTESIAN_POINT('',(-100.2286317985,30.848429362441,
    392.40120684004));
#5841 = CARTESIAN_POINT('',(-100.2594017122,15.59260393687,
    395.15069728197));
#5842 = CARTESIAN_POINT('',(-100.266300223,5.250132528038,
    395.75745707056));
#5843 = CARTESIAN_POINT('',(-100.2662922924,0.12,395.75739437473));
#5844 = CARTESIAN_POINT('',(-95.01434707793,115.43215965595,
    291.65768953301));
#5845 = CARTESIAN_POINT('',(-95.01433932708,115.43033356456,
    291.63261016773));
#5846 = CARTESIAN_POINT('',(-95.01429231632,115.42920837777,
    291.61558386109));
#5847 = CARTESIAN_POINT('',(-95.0141334102,115.43457940032,
    291.68186266662));
#5848 = CARTESIAN_POINT('',(-95.01389790153,115.4461985741,
    291.83239846618));
#5849 = CARTESIAN_POINT('',(-95.01359141932,115.46305286553,
    292.05964067518));
#5850 = CARTESIAN_POINT('',(-95.01325217162,115.48397687507,
    292.35604824872));
#5851 = CARTESIAN_POINT('',(-95.01280321976,115.50779122818,
    292.71406890125));
#5852 = CARTESIAN_POINT('',(-95.01260047454,115.53308495812,
    293.12619345673));
#5853 = CARTESIAN_POINT('',(-95.01138467602,115.55929511443,
    293.58473365477));
#5854 = CARTESIAN_POINT('',(-95.01392212107,115.58291512766,
    294.08263657356));
#5855 = CARTESIAN_POINT('',(-95.00248681972,115.61185260099,
    294.61043537864));
#5856 = CARTESIAN_POINT('',(-95.04328859499,115.61202229564,
    295.16762459678));
#5857 = CARTESIAN_POINT('',(-94.88927639096,115.70681051338,
    295.7202071918));
#5858 = CARTESIAN_POINT('',(-95.46249522117,115.43278020732,
    296.35913556562));
#5859 = CARTESIAN_POINT('',(-93.3218537681,116.51750318685,
    296.70900984872));
#5860 = CARTESIAN_POINT('',(-101.3096961622,112.51260451494,
    298.13485679663));
#5861 = CARTESIAN_POINT('',(-105.6523618874,110.38252548277,
    299.82563984778));
#5862 = CARTESIAN_POINT('',(-109.5947201285,108.13292646019,
    301.82075832774));
#5863 = CARTESIAN_POINT('',(-112.712337665,106.00883875162,
    303.85350702311));
#5864 = CARTESIAN_POINT('',(-115.1117600098,104.24584604895,
    305.50697315324));
#5865 = CARTESIAN_POINT('',(-116.8378831634,102.86552652417,
    306.88630027469));
#5866 = CARTESIAN_POINT('',(-118.0038145309,101.86857336702,
    308.00417982648));
#5867 = CARTESIAN_POINT('',(-118.7075796254,101.21646331394,
    308.9302113572));
#5868 = CARTESIAN_POINT('',(-119.061747991,100.83855986688,
    309.72356619467));
#5869 = CARTESIAN_POINT('',(-119.1811777385,100.64618018584,
    310.44574623515));
#5870 = CARTESIAN_POINT('',(-119.1830975443,100.54219118164,
    311.14983774112));
#5871 = CARTESIAN_POINT('',(-119.1850311335,100.42765337454,
    311.87801561945));
#5872 = CARTESIAN_POINT('',(-119.0695639845,100.39344791423,
    312.63420189415));
#5873 = CARTESIAN_POINT('',(-118.7196264861,100.52564648468,
    313.4372191672));
#5874 = CARTESIAN_POINT('',(-118.0205516203,100.89893273207,
    314.32112948244));
#5875 = CARTESIAN_POINT('',(-116.8599227134,101.5661329344,
    315.34120385914));
#5876 = CARTESIAN_POINT('',(-115.1397851001,102.5446793922,
    316.56976430032));
#5877 = CARTESIAN_POINT('',(-112.7464310529,103.80621904344,
    318.11464840049));
#5878 = CARTESIAN_POINT('',(-109.6393825191,105.29772207154,
    320.06858809003));
#5879 = CARTESIAN_POINT('',(-105.6850226429,106.74665792555,
    322.64470563444));
#5880 = CARTESIAN_POINT('',(-101.3583426902,107.87375346496,
    325.77956744364));
#5881 = CARTESIAN_POINT('',(-93.38104019063,110.34447490137,
    329.93000376835));
#5882 = CARTESIAN_POINT('',(-95.53511251467,108.02184686109,
    332.90694746373));
#5883 = CARTESIAN_POINT('',(-94.98613545972,105.78547844339,
    338.25418427984));
#5884 = CARTESIAN_POINT('',(-95.17499127508,102.06285273213,
    344.66750805858));
#5885 = CARTESIAN_POINT('',(-95.18105568003,96.984079567372,
    352.08235806511));
#5886 = CARTESIAN_POINT('',(-95.25089819293,90.250682250312,
    360.0425389421));
#5887 = CARTESIAN_POINT('',(-95.31613083962,81.755636898213,
    368.14624055906));
#5888 = CARTESIAN_POINT('',(-95.39022993878,71.457869679078,
    375.94618657927));
#5889 = CARTESIAN_POINT('',(-95.46252332073,59.444252228105,
    383.0063095568));
#5890 = CARTESIAN_POINT('',(-95.52757130318,45.925455049424,
    388.92420683291));
#5891 = CARTESIAN_POINT('',(-95.57868732796,31.231268820417,
    393.36621722707));
#5892 = CARTESIAN_POINT('',(-95.61104910513,15.787084376381,
    396.09675447831));
#5893 = CARTESIAN_POINT('',(-95.61830598715,5.31569537068,
    396.69986074961));
#5894 = CARTESIAN_POINT('',(-95.61829777639,0.12,396.6998008938));
#5895 = CARTESIAN_POINT('',(-90.3562211405,117.59627743069,
    290.80036508826));
#5896 = CARTESIAN_POINT('',(-90.35622321666,117.59676672911,
    290.80708507246));
#5897 = CARTESIAN_POINT('',(-90.35619447191,117.60017717654,
    290.84819326194));
#5898 = CARTESIAN_POINT('',(-90.3560606484,117.61192034066,
    290.98727449797));
#5899 = CARTESIAN_POINT('',(-90.35584848718,117.62943259655,
    291.1982000441));
#5900 = CARTESIAN_POINT('',(-90.35556366196,117.65172210322,
    291.4754019542));
#5901 = CARTESIAN_POINT('',(-90.35524332724,117.67769061756,
    291.81331522491));
#5902 = CARTESIAN_POINT('',(-90.35481149693,117.70624445207,
    292.20637371502));
#5903 = CARTESIAN_POINT('',(-90.35461659834,117.73607721804,
    292.64900854685));
#5904 = CARTESIAN_POINT('',(-90.35342335863,117.76665921229,
    293.13563978396));
#5905 = CARTESIAN_POINT('',(-90.35590542085,117.79470620328,
    293.66069616293));
#5906 = CARTESIAN_POINT('',(-90.34468094328,117.82750174158,
    294.21853344728));
#5907 = CARTESIAN_POINT('',(-90.38467577156,117.83330370495,
    294.8037345633));
#5908 = CARTESIAN_POINT('',(-90.23363357376,117.92653804773,
    295.40998828447));
#5909 = CARTESIAN_POINT('',(-90.79571079227,117.67673708264,
    296.03427600711));
#5910 = CARTESIAN_POINT('',(-88.69658561015,118.68768992302,
    296.66125127286));
#5911 = CARTESIAN_POINT('',(-96.52942629236,114.97197715698,
    297.32154332351));
#5912 = CARTESIAN_POINT('',(-100.6546461988,112.8337644793,
    299.10566611724));
#5913 = CARTESIAN_POINT('',(-104.8891542736,110.69722718766,
    300.87484992852));
#5914 = CARTESIAN_POINT('',(-107.8446778063,109.11220173723,
    302.42328214964));
#5915 = CARTESIAN_POINT('',(-110.2009296024,107.59200783505,
    304.14957542405));
#5916 = CARTESIAN_POINT('',(-111.9227695624,106.38931261768,
    305.57222138887));
#5917 = CARTESIAN_POINT('',(-113.0808819047,105.51439813215,
    306.780213888));
#5918 = CARTESIAN_POINT('',(-113.7819723273,104.93461332131,
    307.79171883886));
#5919 = CARTESIAN_POINT('',(-114.1346408733,104.5891888606,
    308.68514327461));
#5920 = CARTESIAN_POINT('',(-114.2537788479,104.40113465647,
    309.51680892614));
#5921 = CARTESIAN_POINT('',(-114.2558737554,104.28579187355,
    310.34048450441));
#5922 = CARTESIAN_POINT('',(-114.2580369018,104.15666445339,
    311.19796766147));
#5923 = CARTESIAN_POINT('',(-114.1432580068,104.09185822792,
    312.09309487165));
#5924 = CARTESIAN_POINT('',(-113.7951743585,104.1646785234,
    313.04584413279));
#5925 = CARTESIAN_POINT('',(-113.0990907298,104.4377420024,
    314.09300872093));
#5926 = CARTESIAN_POINT('',(-111.9462964549,104.95479727702,
    315.28514971248));
#5927 = CARTESIAN_POINT('',(-110.2306681984,105.7258722832,
    316.71040281577));
#5928 = CARTESIAN_POINT('',(-107.878238476,106.71667962397,
    318.46001729564));
#5929 = CARTESIAN_POINT('',(-104.9136089259,107.64987488157,
    320.72458893425));
#5930 = CARTESIAN_POINT('',(-100.6961485901,108.92185432488,
    323.52251098568));
#5931 = CARTESIAN_POINT('',(-96.57779680704,110.00373929015,
    326.73886116978));
#5932 = CARTESIAN_POINT('',(-88.75918480014,112.09928474824,
    330.97141050014));
#5933 = CARTESIAN_POINT('',(-90.87140090481,109.77549715902,
    334.02001495437));
#5934 = CARTESIAN_POINT('',(-90.3342745786,107.40873702695,
    339.40542607393));
#5935 = CARTESIAN_POINT('',(-90.5203832057,103.56320678238,
    345.83166888259));
#5936 = CARTESIAN_POINT('',(-90.52715135901,98.336861614357,
    353.23522922779));
#5937 = CARTESIAN_POINT('',(-90.59603869995,91.445706088557,
    361.16449660123));
#5938 = CARTESIAN_POINT('',(-90.65982359117,82.784915300599,
    369.22301490192));
#5939 = CARTESIAN_POINT('',(-90.73164637466,72.318100698937,
    376.9700711682));
#5940 = CARTESIAN_POINT('',(-90.80115747812,60.134588370701,
    383.97657825435));
#5941 = CARTESIAN_POINT('',(-90.86330954307,46.446106157421,
    389.84679153476));
#5942 = CARTESIAN_POINT('',(-90.91192360239,31.581826234034,
    394.25247170081));
#5943 = CARTESIAN_POINT('',(-90.94261955199,15.965289276976,
    396.96135478552));
#5944 = CARTESIAN_POINT('',(-90.94949806384,5.375853827228,
    397.56018261165));
#5945 = CARTESIAN_POINT('',(-90.94949092466,0.12,397.5601236507));
#5946 = CARTESIAN_POINT('',(-85.73933418069,119.71753376314,
    290.98962501837));
#5947 = CARTESIAN_POINT('',(-85.73933361828,119.71740264595,
    290.98782438929));
#5948 = CARTESIAN_POINT('',(-85.73929971751,119.71950690267,
    291.01177603767));
#5949 = CARTESIAN_POINT('',(-85.73915766201,119.72918208437,
    291.12476441557));
#5950 = CARTESIAN_POINT('',(-85.73893601242,119.74459904852,
    291.30922761383));
#5951 = CARTESIAN_POINT('',(-85.73864001468,119.76484086671,
    291.55958638365));
#5952 = CARTESIAN_POINT('',(-85.73830531768,119.7888793367,291.87026729)
  );
#5953 = CARTESIAN_POINT('',(-85.73785877411,119.8156804165,
    292.2356893992));
#5954 = CARTESIAN_POINT('',(-85.73763572999,119.84400776576,
    292.65029777807));
#5955 = CARTESIAN_POINT('',(-85.73644756217,119.8733346627,
    293.10842463064));
#5956 = CARTESIAN_POINT('',(-85.73879196906,119.90060196618,
    293.6047964241));
#5957 = CARTESIAN_POINT('',(-85.72794223315,119.9324611935,
    294.1326332435));
#5958 = CARTESIAN_POINT('',(-85.76637807733,119.93970874489,
    294.6907372824));
#5959 = CARTESIAN_POINT('',(-85.62097141032,120.02744803558,
    295.25703659129));
#5960 = CARTESIAN_POINT('',(-86.16181116154,119.80012639671,
    295.88732248188));
#5961 = CARTESIAN_POINT('',(-84.14171711246,120.73132246478,
    296.34676049616));
#5962 = CARTESIAN_POINT('',(-91.67935889964,117.31963424243,
    297.4851163891));
#5963 = CARTESIAN_POINT('',(-95.73510941147,115.33422998867,
    297.9311997636));
#5964 = CARTESIAN_POINT('',(-99.71267127496,113.33114102078,
    299.60146548993));
#5965 = CARTESIAN_POINT('',(-102.8017353682,111.68607190772,
    301.67803553824));
#5966 = CARTESIAN_POINT('',(-105.2293355865,110.43628019392,
    302.92854110756));
#5967 = CARTESIAN_POINT('',(-106.8517132827,109.51542428023,
    304.25815197325));
#5968 = CARTESIAN_POINT('',(-107.9832590909,108.79424192605,
    305.42826957265));
#5969 = CARTESIAN_POINT('',(-108.6591131334,108.30597556199,
    306.52464855694));
#5970 = CARTESIAN_POINT('',(-109.0015643896,108.00037452309,
    307.52173826007));
#5971 = CARTESIAN_POINT('',(-109.1168187411,107.82022238147,
    308.47660792904));
#5972 = CARTESIAN_POINT('',(-109.118968796,107.69445893643,
    309.43866318354));
#5973 = CARTESIAN_POINT('',(-109.1211118264,107.55056206306,
    310.44873480042));
#5974 = CARTESIAN_POINT('',(-109.0101564641,107.45239170662,
    311.50889063146));
#5975 = CARTESIAN_POINT('',(-108.6719976611,107.45955683806,
    312.63995257527));
#5976 = CARTESIAN_POINT('',(-107.9997647226,107.61601662493,
    313.88178516355));
#5977 = CARTESIAN_POINT('',(-106.87189744,107.95127395081,
    315.31908578934));
#5978 = CARTESIAN_POINT('',(-105.2466997037,108.41893555702,
    317.00536240681));
#5979 = CARTESIAN_POINT('',(-102.8261412475,109.09936905904,
    319.08256273412));
#5980 = CARTESIAN_POINT('',(-99.74732271376,110.05539680749,
    321.41075212853));
#5981 = CARTESIAN_POINT('',(-95.77538836327,111.15693853394,
    324.36658208503));
#5982 = CARTESIAN_POINT('',(-91.73095964084,111.98599424116,
    327.76510518558));
#5983 = CARTESIAN_POINT('',(-84.20577689575,113.7278378897,
    331.97758061128));
#5984 = CARTESIAN_POINT('',(-86.23997920056,111.39647817224,
    335.12010409683));
#5985 = CARTESIAN_POINT('',(-85.72433270448,108.9023137872,
    340.53131842887));
#5986 = CARTESIAN_POINT('',(-85.90508333472,104.93667749079,
    346.96644687942));
#5987 = CARTESIAN_POINT('',(-85.91329288822,99.568290666671,
    354.35188353914));
#5988 = CARTESIAN_POINT('',(-85.98117561278,92.527122861644,
    362.24395612421));
#5989 = CARTESIAN_POINT('',(-86.04381822381,83.710843815479,
    370.25100567957));
#5990 = CARTESIAN_POINT('',(-86.11373125695,73.087696387296,
    377.93934661919));
#5991 = CARTESIAN_POINT('',(-86.1809402142,60.749339893386,
    384.88704564805));
#5992 = CARTESIAN_POINT('',(-86.24070342264,46.908268125051,
    390.70525190218));
#5993 = CARTESIAN_POINT('',(-86.28726573997,31.892594143262,
    395.0713387143));
#5994 = CARTESIAN_POINT('',(-86.31660087602,16.12343807343,
    397.75652462612));
#5995 = CARTESIAN_POINT('',(-86.32317075302,5.429362383368,
    398.35060308402));
#5996 = CARTESIAN_POINT('',(-86.32316464741,0.12,398.35054541948));
#5997 = CARTESIAN_POINT('',(-81.15583979502,121.66984412526,
    290.8771125667));
#5998 = CARTESIAN_POINT('',(-81.15583994499,121.66987925665,
    290.87759502859));
#5999 = CARTESIAN_POINT('',(-81.15580774229,121.67226807148,
    290.90478187302));
#6000 = CARTESIAN_POINT('',(-81.15566897364,121.68224159457,
    291.01907807839));
#6001 = CARTESIAN_POINT('',(-81.15545080841,121.69786190682,
    291.20175093214));
#6002 = CARTESIAN_POINT('',(-81.15515818104,121.71825728678,
    291.44766753831));
#6003 = CARTESIAN_POINT('',(-81.15482501072,121.74245292723,
    291.75169970325));
#6004 = CARTESIAN_POINT('',(-81.15438130519,121.76946470583,
    292.10871505525));
#6005 = CARTESIAN_POINT('',(-81.15414724705,121.79812408484,
    292.5135957206));
#6006 = CARTESIAN_POINT('',(-81.15298756077,121.82789082745,
    292.96115611616));
#6007 = CARTESIAN_POINT('',(-81.15519796777,121.85596434977,
    293.44643952572));
#6008 = CARTESIAN_POINT('',(-81.14480320099,121.88819376194,
    293.96360365461));
#6009 = CARTESIAN_POINT('',(-81.1814768867,121.89847555366,
    294.51007493348));
#6010 = CARTESIAN_POINT('',(-81.04256259278,121.98038301287,
    295.07104232463));
#6011 = CARTESIAN_POINT('',(-81.55906854193,121.78136201388,
    295.67732771403));
#6012 = CARTESIAN_POINT('',(-79.62966669974,122.61441047795,
    296.18941353011));
#6013 = CARTESIAN_POINT('',(-86.82870090354,119.57723759137,
    297.10346755037));
#6014 = CARTESIAN_POINT('',(-90.71229129082,117.75049354119,
    298.10164686942));
#6015 = CARTESIAN_POINT('',(-94.57536887528,115.8979683581,
    298.89774742291));
#6016 = CARTESIAN_POINT('',(-97.50638110728,114.4501591663,
    299.38549373003));
#6017 = CARTESIAN_POINT('',(-99.79916026406,113.21877530693,
    301.59927066511));
#6018 = CARTESIAN_POINT('',(-101.4919787924,112.27992015012,
    303.07413020205));
#6019 = CARTESIAN_POINT('',(-102.6287396118,111.61575832183,
    304.49560820701));
#6020 = CARTESIAN_POINT('',(-103.318024294,111.17800458402,
    305.59567308582));
#6021 = CARTESIAN_POINT('',(-103.6642320092,110.90264188311,
    306.66451765329));
#6022 = CARTESIAN_POINT('',(-103.7806136058,110.72842145836,
    307.72413901776));
#6023 = CARTESIAN_POINT('',(-103.7817930169,110.59348432944,
    308.81982656223));
#6024 = CARTESIAN_POINT('',(-103.7832570153,110.43508635281,
    309.97881325036));
#6025 = CARTESIAN_POINT('',(-103.6696312471,110.30665408922,
    311.20805353765));
#6026 = CARTESIAN_POINT('',(-103.3264255985,110.25850645985,
    312.52914427765));
#6027 = CARTESIAN_POINT('',(-102.6407382739,110.33604864775,
    313.97915439953));
#6028 = CARTESIAN_POINT('',(-101.5080473934,110.59449540887,
    315.52805006355));
#6029 = CARTESIAN_POINT('',(-99.82185588944,111.04872632064,
    317.35725686722));
#6030 = CARTESIAN_POINT('',(-97.5338239632,111.71390925685,
    319.41721571934));
#6031 = CARTESIAN_POINT('',(-94.60889557722,112.39068326061,
    322.23828577872));
#6032 = CARTESIAN_POINT('',(-90.75513503135,113.25540754003,
    325.34445841195));
#6033 = CARTESIAN_POINT('',(-86.88194837366,113.87882750656,
    328.75215334281));
#6034 = CARTESIAN_POINT('',(-79.69486960784,115.18812616398,
    332.9719677378));
#6035 = CARTESIAN_POINT('',(-81.63879867578,112.86985387899,
    336.19641682715));
#6036 = CARTESIAN_POINT('',(-81.14740457226,110.24455355648,
    341.63031190639));
#6037 = CARTESIAN_POINT('',(-81.32126339632,106.16432325071,
    348.06755883423));
#6038 = CARTESIAN_POINT('',(-81.33021587624,100.66002641883,
    355.42827543586));
#6039 = CARTESIAN_POINT('',(-81.39585207764,93.478189833167,
    363.27616237302));
#6040 = CARTESIAN_POINT('',(-81.45599263291,84.518424437193,
    371.22492796449));
#6041 = CARTESIAN_POINT('',(-81.52252038408,73.753736330376,
    378.84813434135));
#6042 = CARTESIAN_POINT('',(-81.58599408035,61.277893355384,
    385.73128431436));
#6043 = CARTESIAN_POINT('',(-81.64210538004,47.303835391864,
    391.49266893318));
#6044 = CARTESIAN_POINT('',(-81.68563886023,32.158121307753,
    395.81551157217));
#6045 = CARTESIAN_POINT('',(-81.71300134966,16.258815596614,
    398.4747135395));
#6046 = CARTESIAN_POINT('',(-81.71912548809,5.475326601552,
    399.0635209799));
#6047 = CARTESIAN_POINT('',(-81.71912058492,0.12,399.06346480872));
#6048 = CARTESIAN_POINT('',(-76.60564076198,123.457520196,
    290.79618663646));
#6049 = CARTESIAN_POINT('',(-76.60564071866,123.45751078349,
    290.79605738492));
#6050 = CARTESIAN_POINT('',(-76.60560891132,123.45979270913,
    290.82126082984));
#6051 = CARTESIAN_POINT('',(-76.60547262657,123.46957574529,
    290.93054798771));
#6052 = CARTESIAN_POINT('',(-76.60525818393,123.48500695138,
    291.10642277185));
#6053 = CARTESIAN_POINT('',(-76.60497016912,123.50525068172,
    291.34399716574));
#6054 = CARTESIAN_POINT('',(-76.60464052769,123.5293720573,
    291.63838813743));
#6055 = CARTESIAN_POINT('',(-76.6042031445,123.55642069723,
    291.98470786946));
#6056 = CARTESIAN_POINT('',(-76.60396019402,123.58528161628,
    292.37808691143));
#6057 = CARTESIAN_POINT('',(-76.60284018999,123.61538082365,
    292.81357594037));
#6058 = CARTESIAN_POINT('',(-76.60489763575,123.64418766236,
    293.28650265641));
#6059 = CARTESIAN_POINT('',(-76.59505474053,123.67665821604,
    293.79113241473));
#6060 = CARTESIAN_POINT('',(-76.62963343944,123.69010042969,
    294.32566187605));
#6061 = CARTESIAN_POINT('',(-76.49848430271,123.7653940032,
    294.87357999589));
#6062 = CARTESIAN_POINT('',(-76.9859377568,123.59735213118,
    295.47322969505));
#6063 = CARTESIAN_POINT('',(-75.16486934432,124.32214368139,
    295.95820230043));
#6064 = CARTESIAN_POINT('',(-81.95948669601,121.69731431019,
    296.92620273005));
#6065 = CARTESIAN_POINT('',(-85.65134601051,120.0736759611,
    297.76598064617));
#6066 = CARTESIAN_POINT('',(-89.31589365849,118.41295121712,
    298.73526880644));
#6067 = CARTESIAN_POINT('',(-92.1246745639,117.06244291003,
    299.8054508136));
#6068 = CARTESIAN_POINT('',(-94.32820130187,115.98783267414,
    300.43021538448));
#6069 = CARTESIAN_POINT('',(-95.91380361119,115.18195085404,
    301.31007880556));
#6070 = CARTESIAN_POINT('',(-96.99012142641,114.61346645066,
    302.12817005502));
#6071 = CARTESIAN_POINT('',(-97.64067356111,114.20775554583,
    303.52192917712));
#6072 = CARTESIAN_POINT('',(-97.96827882851,113.94822243225,
    304.79598291523));
#6073 = CARTESIAN_POINT('',(-98.07842801177,113.7811418377,
    306.0603519907));
#6074 = CARTESIAN_POINT('',(-98.07980668642,113.64525605532,
    307.36861618104));
#6075 = CARTESIAN_POINT('',(-98.08150527833,113.47664015351,
    308.77302671473));
#6076 = CARTESIAN_POINT('',(-97.97452802532,113.32884899188,
    310.25024871268));
#6077 = CARTESIAN_POINT('',(-97.6502784708,113.25141684237,
    311.80545704253));
#6078 = CARTESIAN_POINT('',(-97.00326451536,113.28798743383,
    313.47186374999));
#6079 = CARTESIAN_POINT('',(-95.93118552273,113.40967283288,
    315.57103984865));
#6080 = CARTESIAN_POINT('',(-94.35002955498,113.68366724824,
    317.82186020403));
#6081 = CARTESIAN_POINT('',(-92.15271022602,114.09479971439,
    320.37682034055));
#6082 = CARTESIAN_POINT('',(-89.35142716543,114.63676351923,
    323.12317820803));
#6083 = CARTESIAN_POINT('',(-85.69537408308,115.26248259317,
    326.28651200517));
#6084 = CARTESIAN_POINT('',(-82.01420523806,115.61833802933,
    329.74915985802));
#6085 = CARTESIAN_POINT('',(-75.22995896388,116.47321099255,
    333.93508770819));
#6086 = CARTESIAN_POINT('',(-77.06594420274,114.17350632137,
    337.24889362224));
#6087 = CARTESIAN_POINT('',(-76.60300631848,111.41774765466,
    342.69802165906));
#6088 = CARTESIAN_POINT('',(-76.76808945742,107.22786211069,
    349.13249082917));
#6089 = CARTESIAN_POINT('',(-76.77730572514,101.59485035846,
    356.46191588553));
#6090 = CARTESIAN_POINT('',(-76.83964997763,94.282671685303,
    364.25894975021));
#6091 = CARTESIAN_POINT('',(-76.89628204352,85.192848567541,
    372.14267602173));
#6092 = CARTESIAN_POINT('',(-76.95840049983,74.303188903512,
    379.69431813742));
#6093 = CARTESIAN_POINT('',(-77.01722175855,61.709374476469,
    386.50710933274));
#6094 = CARTESIAN_POINT('',(-77.06892580668,47.624412789067,
    392.20679053896));
#6095 = CARTESIAN_POINT('',(-77.10887800372,32.372728129071,
    396.48269740981));
#6096 = CARTESIAN_POINT('',(-77.13393400907,16.368584119446,
    399.11361800647));
#6097 = CARTESIAN_POINT('',(-77.13953861733,5.512811680727,
    399.6966355453));
#6098 = CARTESIAN_POINT('',(-77.13953488699,0.12,399.69658107673));
#6099 = CARTESIAN_POINT('',(-72.08657856157,125.05036900661,
    290.62902129112));
#6100 = CARTESIAN_POINT('',(-72.08657857087,125.0503715276,
    290.62905590047));
#6101 = CARTESIAN_POINT('',(-72.08654804583,125.05269569544,
    290.65394647418));
#6102 = CARTESIAN_POINT('',(-72.08641684209,125.062605534,
    290.76106058997));
#6103 = CARTESIAN_POINT('',(-72.08620992461,125.07824266813,
    290.93327731559));
#6104 = CARTESIAN_POINT('',(-72.08593153575,125.09879116948,
    291.16592696778));
#6105 = CARTESIAN_POINT('',(-72.08561142339,125.12333976175,
    291.4543450331));
#6106 = CARTESIAN_POINT('',(-72.08518787986,125.15095536454,
    291.79386217963));
#6107 = CARTESIAN_POINT('',(-72.0849427265,125.18056223671,
    292.17982859309));
#6108 = CARTESIAN_POINT('',(-72.08387659018,125.21153358575,
    292.60751190821));
#6109 = CARTESIAN_POINT('',(-72.0857712113,125.24161188013,
    293.0724686839));
#6110 = CARTESIAN_POINT('',(-72.07656347714,125.27478607064,
    293.56915073002));
#6111 = CARTESIAN_POINT('',(-72.10878566629,125.29199665636,
    294.09610131789));
#6112 = CARTESIAN_POINT('',(-71.98642926822,125.36055662354,
    294.63655990278));
#6113 = CARTESIAN_POINT('',(-72.44104843843,125.2258651701,295.230845749
    ));
#6114 = CARTESIAN_POINT('',(-70.74248148651,125.83521848785,
    295.70622008882));
#6115 = CARTESIAN_POINT('',(-77.07986075062,123.65092354826,
    296.68505762473));
#6116 = CARTESIAN_POINT('',(-80.54255085862,122.25532778767,
    297.56369358067));
#6117 = CARTESIAN_POINT('',(-83.9878126369,120.81295735858,
    298.48695511543));
#6118 = CARTESIAN_POINT('',(-86.63020071154,119.63066061469,
    299.40573908767));
#6119 = CARTESIAN_POINT('',(-88.70511560123,118.65876370277,
    300.48324984386));
#6120 = CARTESIAN_POINT('',(-90.21139875183,117.91874073441,
    301.53502755161));
#6121 = CARTESIAN_POINT('',(-91.23174537887,117.38314765032,
    302.6601784559));
#6122 = CARTESIAN_POINT('',(-91.8492050935,117.02615629708,
    303.70477702324));
#6123 = CARTESIAN_POINT('',(-92.15997290663,116.79233764892,
    304.87369429179));
#6124 = CARTESIAN_POINT('',(-92.26448226497,116.62970175001,
    306.15414938253));
#6125 = CARTESIAN_POINT('',(-92.2657904837,116.48452802969,
    307.54448958136));
#6126 = CARTESIAN_POINT('',(-92.26747298455,116.30289204859,
    309.03588307067));
#6127 = CARTESIAN_POINT('',(-92.16608446237,116.12596027143,
    310.64733327682));
#6128 = CARTESIAN_POINT('',(-91.85870928962,115.99213119936,
    312.39994935095));
#6129 = CARTESIAN_POINT('',(-91.24509810866,115.93419814052,
    314.3163885129));
#6130 = CARTESIAN_POINT('',(-90.22912846682,115.99282392257,
    316.35155459532));
#6131 = CARTESIAN_POINT('',(-88.72813862595,116.16263413439,
    318.62872750504));
#6132 = CARTESIAN_POINT('',(-86.65928642373,116.44023612967,
    321.16262200927));
#6133 = CARTESIAN_POINT('',(-84.02420747043,116.76006498851,
    324.02652324576));
#6134 = CARTESIAN_POINT('',(-80.58751739071,117.1132803452,
    327.23848674615));
#6135 = CARTESIAN_POINT('',(-77.13507174144,117.18496295729,
    330.72969149932));
#6136 = CARTESIAN_POINT('',(-70.80599651946,117.56486591215,
    334.86836868244));
#6137 = CARTESIAN_POINT('',(-72.51958131462,115.28892218036,
    338.27237845485));
#6138 = CARTESIAN_POINT('',(-72.08829227074,112.40380739865,
    343.73170189175));
#6139 = CARTESIAN_POINT('',(-72.24279664811,108.10973228297,
    350.15827055655));
#6140 = CARTESIAN_POINT('',(-72.25155720685,102.35602841822,
    357.45009737908));
#6141 = CARTESIAN_POINT('',(-72.30939926614,94.924953565325,
    365.18955089144));
#6142 = CARTESIAN_POINT('',(-72.36134041306,85.719952784876,
    373.00135594426));
#6143 = CARTESIAN_POINT('',(-72.41787675007,74.723679627649,
    380.47479747604));
#6144 = CARTESIAN_POINT('',(-72.47100425266,62.033515483487,
    387.21119960356));
#6145 = CARTESIAN_POINT('',(-72.51744897655,47.862106161389,
    392.84409939627));
#6146 = CARTESIAN_POINT('',(-72.55319753655,32.531086476601,
    397.06923597897));
#6147 = CARTESIAN_POINT('',(-72.57557079363,16.450083994247,
    399.66949901056));
#6148 = CARTESIAN_POINT('',(-72.58057275776,5.540941119473,
    400.24619413857));
#6149 = CARTESIAN_POINT('',(-72.58057010642,0.12,400.24614180678));
#6150 = CARTESIAN_POINT('',(-67.59751142517,126.42749090092,
    290.37831524291));
#6151 = CARTESIAN_POINT('',(-67.59751142035,126.42749021906,
    290.37830599656));
#6152 = CARTESIAN_POINT('',(-67.59748261759,126.42987127824,
    290.40273499421));
#6153 = CARTESIAN_POINT('',(-67.59735875589,126.4400541959,
    290.50817908264));
#6154 = CARTESIAN_POINT('',(-67.59716313504,126.45615388459,
    290.67789097507));
#6155 = CARTESIAN_POINT('',(-67.59689960077,126.47735772072,
    290.90734418407));
#6156 = CARTESIAN_POINT('',(-67.59659545453,126.50276018509,
    291.19201765244));
#6157 = CARTESIAN_POINT('',(-67.59619385711,126.53142688454,
    291.5273850684));
#6158 = CARTESIAN_POINT('',(-67.59595404467,126.5623034922,
    291.90894239994));
#6159 = CARTESIAN_POINT('',(-67.59495652698,126.5946911765,
    292.33209395293));
#6160 = CARTESIAN_POINT('',(-67.59668066773,126.62659621889,
    292.79256822662));
#6161 = CARTESIAN_POINT('',(-67.58818787661,126.66100147196,
    293.28485852808));
#6162 = CARTESIAN_POINT('',(-67.61781009438,126.68256135097,
    293.8080374363));
#6163 = CARTESIAN_POINT('',(-67.50521161727,126.74466591508,
    294.34405386692));
#6164 = CARTESIAN_POINT('',(-67.92345239639,126.64459008595,
    294.93872859796));
#6165 = CARTESIAN_POINT('',(-66.36067222596,127.13591821185,
    295.39947591231));
#6166 = CARTESIAN_POINT('',(-72.19129003228,125.40376704719,
    296.42342463168));
#6167 = CARTESIAN_POINT('',(-75.39606782591,124.25498647984,
    297.30724535631));
#6168 = CARTESIAN_POINT('',(-78.58851937419,123.05342362219,
    298.26102456395));
#6169 = CARTESIAN_POINT('',(-81.04506442269,122.04877031231,
    299.24158036085));
#6170 = CARTESIAN_POINT('',(-82.97692368955,121.21935533525,
    300.22969879422));
#6171 = CARTESIAN_POINT('',(-84.37803115061,120.58120192806,
    301.28081059381));
#6172 = CARTESIAN_POINT('',(-85.32858223812,120.11495773295,
    302.38376091494));
#6173 = CARTESIAN_POINT('',(-85.90397912178,119.78910943957,
    303.59607499235));
#6174 = CARTESIAN_POINT('',(-86.19373812169,119.56621012055,
    304.87989332116));
#6175 = CARTESIAN_POINT('',(-86.29124428164,119.40101027578,
    306.25343884615));
#6176 = CARTESIAN_POINT('',(-86.29258259627,119.24485153129,
    307.72800772707));
#6177 = CARTESIAN_POINT('',(-86.29432722012,119.04811594332,
    309.30975756769));
#6178 = CARTESIAN_POINT('',(-86.20003900147,118.84678982498,
    311.00552010276));
#6179 = CARTESIAN_POINT('',(-85.91377140242,118.67374819143,
    312.83040667416));
#6180 = CARTESIAN_POINT('',(-85.34227922912,118.55618284586,
    314.80715076849));
#6181 = CARTESIAN_POINT('',(-84.39623224973,118.50748429745,
    316.98482221487));
#6182 = CARTESIAN_POINT('',(-83.00035708485,118.53361811526,
    319.372963515));
#6183 = CARTESIAN_POINT('',(-81.07469990404,118.61908750031,
    322.01594812497));
#6184 = CARTESIAN_POINT('',(-78.6254586411,118.71240363169,
    324.93092916622));
#6185 = CARTESIAN_POINT('',(-75.44103652216,118.77554086817,
    328.17808907852));
#6186 = CARTESIAN_POINT('',(-72.24568757312,118.54648503908,
    331.68997832576));
#6187 = CARTESIAN_POINT('',(-66.42056738374,118.44897933699,
    335.76729833634));
#6188 = CARTESIAN_POINT('',(-67.99812512728,116.19718862037,
    339.26343870721));
#6189 = CARTESIAN_POINT('',(-67.60130139688,113.18542317371,
    344.72829191594));
#6190 = CARTESIAN_POINT('',(-67.74335570331,108.7927957228,
    351.14217973267));
#6191 = CARTESIAN_POINT('',(-67.75079828978,102.9272987509,
    358.39023811968));
#6192 = CARTESIAN_POINT('',(-67.80283806469,95.389827865983,
    366.06538179041));
#6193 = CARTESIAN_POINT('',(-67.84885299898,86.085942477499,
    373.79826565094));
#6194 = CARTESIAN_POINT('',(-67.89862722369,75.00315284902,
    381.18668871429));
#6195 = CARTESIAN_POINT('',(-67.94504550562,62.240313811698,
    387.84047588301));
#6196 = CARTESIAN_POINT('',(-67.98542133218,48.00922510704,
    393.40134687209));
#6197 = CARTESIAN_POINT('',(-68.01638606375,32.628004149787,
    397.57175869683));
#6198 = CARTESIAN_POINT('',(-68.03572961534,16.500720898183,
    400.13892383317));
#6199 = CARTESIAN_POINT('',(-68.04005259709,5.558859063351,
    400.70875375802));
#6200 = CARTESIAN_POINT('',(-68.0400508554,0.12,400.70870393584));
#6201 = CARTESIAN_POINT('',(-63.13533349013,127.56573799968,
    290.01361880773));
#6202 = CARTESIAN_POINT('',(-63.13533348847,127.56573818747,
    290.01362128272));
#6203 = CARTESIAN_POINT('',(-63.13530723878,127.56823931295,
    290.03795776431));
#6204 = CARTESIAN_POINT('',(-63.13519424024,127.57894155572,
    290.14299193249));
#6205 = CARTESIAN_POINT('',(-63.13501557173,127.59588452169,
    290.31210062496));
#6206 = CARTESIAN_POINT('',(-63.13477457343,127.61823980311,
    290.54083525042));
#6207 = CARTESIAN_POINT('',(-63.13449581774,127.64508715059,
    290.8247531615));
#6208 = CARTESIAN_POINT('',(-63.13412764156,127.6754698699,
    291.15940594742));
#6209 = CARTESIAN_POINT('',(-63.13390474646,127.70833379437,
    291.54037035972));
#6210 = CARTESIAN_POINT('',(-63.13299394731,127.7428887649,
    291.9631215747));
#6211 = CARTESIAN_POINT('',(-63.13454736302,127.77738202456,
    292.42349653905));
#6212 = CARTESIAN_POINT('',(-63.12684279219,127.81378699173,
    292.91595706697));
#6213 = CARTESIAN_POINT('',(-63.15366800858,127.84040415054,
    293.44006648318));
#6214 = CARTESIAN_POINT('',(-63.05164229534,127.8968836219,
    293.9763150492));
#6215 = CARTESIAN_POINT('',(-63.43054520849,127.83163439138,
    294.57633939674));
#6216 = CARTESIAN_POINT('',(-62.01467929204,128.20725068207,
    295.02621970012));
#6217 = CARTESIAN_POINT('',(-67.29708986721,126.92146849554,
    296.10307421289));
#6218 = CARTESIAN_POINT('',(-70.21790767819,126.02832844202,
    297.01740080615));
#6219 = CARTESIAN_POINT('',(-73.13124669784,125.0795794197,
    297.99863034957));
#6220 = CARTESIAN_POINT('',(-75.37908645485,124.26981925694,
    298.99922385441));
#6221 = CARTESIAN_POINT('',(-77.14922667301,123.59036054106,
    300.05595492281));
#6222 = CARTESIAN_POINT('',(-78.43549078468,123.05924504505,
    301.16242888659));
#6223 = CARTESIAN_POINT('',(-79.3085910363,122.66330272508,
    302.33851271177));
#6224 = CARTESIAN_POINT('',(-79.8374130689,122.37999363418,
    303.58491467308));
#6225 = CARTESIAN_POINT('',(-80.10378837461,122.17523074887,
    304.92780964438));
#6226 = CARTESIAN_POINT('',(-80.19347939181,122.01008953053,
    306.37573031158));
#6227 = CARTESIAN_POINT('',(-80.1948028715,121.84270304803,
    307.9351675399));
#6228 = CARTESIAN_POINT('',(-80.19656401574,121.6303684282,
    309.60739313943));
#6229 = CARTESIAN_POINT('',(-80.11010219368,121.40080515915,
    311.40110172469));
#6230 = CARTESIAN_POINT('',(-79.84724451822,121.17880434596,
    313.33071857688));
#6231 = CARTESIAN_POINT('',(-79.32237600792,120.98371886832,
    315.41568460574));
#6232 = CARTESIAN_POINT('',(-78.45379976063,120.82721371571,
    317.67535080337));
#6233 = CARTESIAN_POINT('',(-77.17278451334,120.70436749191,
    320.14417892685));
#6234 = CARTESIAN_POINT('',(-75.40865448449,120.59521844615,
    322.85147754249));
#6235 = CARTESIAN_POINT('',(-73.16769824316,120.44475616734,
    325.82383423785));
#6236 = CARTESIAN_POINT('',(-70.26144820299,120.20799511434,
    329.09742438972));
#6237 = CARTESIAN_POINT('',(-67.3487845378,119.67334844747,
    332.62118048323));
#6238 = CARTESIAN_POINT('',(-62.06882653764,119.11185420354,
    336.62895787285));
#6239 = CARTESIAN_POINT('',(-63.49869582705,116.88038302228,
    340.21839862297));
#6240 = CARTESIAN_POINT('',(-63.13856162489,113.74608512502,
    345.68492163501));
#6241 = CARTESIAN_POINT('',(-63.26640167347,109.26072493717,
    352.08150915317));
#6242 = CARTESIAN_POINT('',(-63.27161578723,103.29316532014,
    359.27974645077));
#6243 = CARTESIAN_POINT('',(-63.31659306508,95.662819207692,
    366.88379193076));
#6244 = CARTESIAN_POINT('',(-63.35551316724,86.277707652148,
    374.53060378881));
#6245 = CARTESIAN_POINT('',(-63.39744549713,75.130172406546,
    381.82698698039));
#6246 = CARTESIAN_POINT('',(-63.43625088717,62.320296425177,
    388.39172752293));
#6247 = CARTESIAN_POINT('',(-63.46985401716,48.058494058279,
    393.875148222));
#6248 = CARTESIAN_POINT('',(-63.49553896566,32.658570076047,
    397.9867577608));
#6249 = CARTESIAN_POINT('',(-63.51155893622,16.51803888353,
    400.51831736001));
#6250 = CARTESIAN_POINT('',(-63.51513842285,5.565754289711,
    401.08072792216));
#6251 = CARTESIAN_POINT('',(-63.51513737569,0.12,401.08068078372));
#6252 = CARTESIAN_POINT('',(-58.70309830602,128.4405217551,
    289.51454752578));
#6253 = CARTESIAN_POINT('',(-58.70309830698,128.44052170005,
    289.51454683889));
#6254 = CARTESIAN_POINT('',(-58.70307580193,128.44320836158,
    289.53905237499));
#6255 = CARTESIAN_POINT('',(-58.70297887649,128.45471502153,
    289.64487104459));
#6256 = CARTESIAN_POINT('',(-58.70282551911,128.47295386664,
    289.81530081608));
#6257 = CARTESIAN_POINT('',(-58.70261832079,128.49705865785,
    290.04589923177));
#6258 = CARTESIAN_POINT('',(-58.70237868821,128.52607065702,
    290.33223037507));
#6259 = CARTESIAN_POINT('',(-58.70206028418,128.55898653596,
    290.66985218165));
#6260 = CARTESIAN_POINT('',(-58.70187114997,128.59472688321,
    291.05435030668));
#6261 = CARTESIAN_POINT('',(-58.70107070534,128.63238912877,
    291.48119977821));
#6262 = CARTESIAN_POINT('',(-58.70245863829,128.67042771193,
    291.94627106026));
#6263 = CARTESIAN_POINT('',(-58.69562143885,128.70982639753,
    292.44393316796));
#6264 = CARTESIAN_POINT('',(-58.7194565474,128.74236029794,
    292.97412686406));
#6265 = CARTESIAN_POINT('',(-58.62882848169,128.79449244973,
    293.51596326826));
#6266 = CARTESIAN_POINT('',(-58.96541951743,128.76362795953,
    294.12625349883));
#6267 = CARTESIAN_POINT('',(-57.70767026087,129.02928876904,
    294.57179140854));
#6268 = CARTESIAN_POINT('',(-62.40016618741,128.17223377475,
    295.70169532952));
#6269 = CARTESIAN_POINT('',(-65.01190119773,127.53180468146,
    296.6565681111));
#6270 = CARTESIAN_POINT('',(-67.62397962431,126.83676636616,
    297.68120790343));
#6271 = CARTESIAN_POINT('',(-69.64490346535,126.22635683991,
    298.72781774646));
#6272 = CARTESIAN_POINT('',(-71.23899085013,125.70480334954,
    299.82335192937));
#6273 = CARTESIAN_POINT('',(-72.39865589772,125.2884069847,
    300.98039702726));
#6274 = CARTESIAN_POINT('',(-73.18653439187,124.96949882884,
    302.21187677618));
#6275 = CARTESIAN_POINT('',(-73.66399546579,124.7302636658,
    303.53382376284));
#6276 = CARTESIAN_POINT('',(-73.90458729264,124.54408847143,
    304.95466575981));
#6277 = CARTESIAN_POINT('',(-73.98564385462,124.37900748117,
    306.48464021472));
#6278 = CARTESIAN_POINT('',(-73.98692482987,124.20014116125,
    308.1306971953));
#6279 = CARTESIAN_POINT('',(-73.9886595499,123.97167506463,
    309.89504202494));
#6280 = CARTESIAN_POINT('',(-73.91076546633,123.71314901529,
    311.78397193341));
#6281 = CARTESIAN_POINT('',(-73.67362220623,123.44131680744,
    313.80933421175));
#6282 = CARTESIAN_POINT('',(-73.20002660072,123.16787402602,
    315.9877855985));
#6283 = CARTESIAN_POINT('',(-72.4165454591,122.89592173542,
    318.34190439444));
#6284 = CARTESIAN_POINT('',(-71.26189136319,122.61621717913,
    320.8939139821));
#6285 = CARTESIAN_POINT('',(-69.67341475661,122.30385386332,
    323.6703281427));
#6286 = CARTESIAN_POINT('',(-67.65862838895,121.90710408986,
    326.69021758612));
#6287 = CARTESIAN_POINT('',(-65.05245724066,121.3726304982,
    329.98435958828));
#6288 = CARTESIAN_POINT('',(-62.44667228294,120.53887711938,
    333.51551788341));
#6289 = CARTESIAN_POINT('',(-57.75218047364,119.53757506638,
    337.45045109319));
#6290 = CARTESIAN_POINT('',(-59.02262540213,117.31981575015,
    341.13371567591));
#6291 = CARTESIAN_POINT('',(-58.70101946417,114.06822268452,
    346.59868132648));
#6292 = CARTESIAN_POINT('',(-58.81251123247,109.49632341198,
    352.97343657435));
#6293 = CARTESIAN_POINT('',(-58.81417390685,103.43734368567,
    360.11584312005));
#6294 = CARTESIAN_POINT('',(-58.85042037343,95.72878786974,
    367.64189735194));
#6295 = CARTESIAN_POINT('',(-58.8806878214,86.281589790878,
    375.19531075852));
#6296 = CARTESIAN_POINT('',(-58.91334421922,75.092863715446,
    382.39242275861));
#6297 = CARTESIAN_POINT('',(-58.94332380389,62.263648147037,
    388.86148296865));
#6298 = CARTESIAN_POINT('',(-58.96919574019,48.002379478768,
    394.2618640566));
#6299 = CARTESIAN_POINT('',(-58.98891422682,32.617693283056,
    398.31047428457));
#6300 = CARTESIAN_POINT('',(-59.00119852271,16.499483435564,
    400.80385325263));
#6301 = CARTESIAN_POINT('',(-59.00394333723,5.560780339043,
    401.35827723259));
#6302 = CARTESIAN_POINT('',(-59.00394278063,0.12,401.35823305745));
#6303 = CARTESIAN_POINT('',(-54.27948779663,129.03213545007,
    288.85181053668));
#6304 = CARTESIAN_POINT('',(-54.27948779738,129.03213546905,
    288.85181073439));
#6305 = CARTESIAN_POINT('',(-54.27947077502,129.03509484228,
    288.87682387643));
#6306 = CARTESIAN_POINT('',(-54.27939741949,129.04777658767,
    288.98484740289));
#6307 = CARTESIAN_POINT('',(-54.2792814757,129.06789750394,
    289.15885200001));
#6308 = CARTESIAN_POINT('',(-54.27912448896,129.09452627171,
    289.39432276774));
#6309 = CARTESIAN_POINT('',(-54.2789443519,129.12663615895,
    289.68675211942));
#6310 = CARTESIAN_POINT('',(-54.27869987782,129.16314742868,
    290.03162591943));
#6311 = CARTESIAN_POINT('',(-54.27857158393,129.20292253037,
    290.42446062068));
#6312 = CARTESIAN_POINT('',(-54.27791316221,129.24492507612,
    290.86065145138));
#6313 = CARTESIAN_POINT('',(-54.27916405229,129.28775588809,
    291.33602767566));
#6314 = CARTESIAN_POINT('',(-54.27324697919,129.33150200008,
    291.84477116942));
#6315 = CARTESIAN_POINT('',(-54.29406459025,129.37094180137,
    292.38717755877));
#6316 = CARTESIAN_POINT('',(-54.21511479119,129.42099766981,
    292.94068678963));
#6317 = CARTESIAN_POINT('',(-54.50853224903,129.42182748455,
    293.56799638354));
#6318 = CARTESIAN_POINT('',(-53.41230659276,129.59309806308,
    294.01357735885));
#6319 = CARTESIAN_POINT('',(-57.50236772264,129.11187689939,
    295.20949941894));
#6320 = CARTESIAN_POINT('',(-59.79485027794,128.71606866136,
    296.19961620199));
#6321 = CARTESIAN_POINT('',(-62.08091050121,128.26796538051,
    297.27341192854));
#6322 = CARTESIAN_POINT('',(-63.85802947691,127.85541724643,
    298.3706685006));
#6323 = CARTESIAN_POINT('',(-65.26160008005,127.49153400007,
    299.52538092261));
#6324 = CARTESIAN_POINT('',(-66.2844770289,127.19070673659,
    300.74486862988));
#6325 = CARTESIAN_POINT('',(-66.98001569645,126.94981012532,
    302.04505716232));
#6326 = CARTESIAN_POINT('',(-67.40179674077,126.75641755864,
    303.43806474417));
#6327 = CARTESIAN_POINT('',(-67.61440441899,126.59013843314,
    304.93680966405));
#6328 = CARTESIAN_POINT('',(-67.68606773287,126.42587343428,
    306.55060711736));
#6329 = CARTESIAN_POINT('',(-67.68725806099,126.23584252991,
    308.28591305124));
#6330 = CARTESIAN_POINT('',(-67.68889680922,125.991290497,
    310.14474582538));
#6331 = CARTESIAN_POINT('',(-67.62020207546,125.70332159701,
    312.1317526761));
#6332 = CARTESIAN_POINT('',(-67.41082108544,125.38049415455,
    314.25636260627));
#6333 = CARTESIAN_POINT('',(-66.99262099551,125.02682006008,
    316.53205412092));
#6334 = CARTESIAN_POINT('',(-66.30106694595,124.63900467364,
    318.97571306336));
#6335 = CARTESIAN_POINT('',(-65.28258751284,124.20245325331,
    321.60740478709));
#6336 = CARTESIAN_POINT('',(-63.8836246052,123.68889162136,
    324.44803316002));
#6337 = CARTESIAN_POINT('',(-62.11127877265,123.04925944826,
    327.51463692853));
#6338 = CARTESIAN_POINT('',(-59.82850180977,122.22668821916,
    330.82827008814));
#6339 = CARTESIAN_POINT('',(-57.54058960116,121.10448419395,
    334.36674797648));
#6340 = CARTESIAN_POINT('',(-53.44806057437,119.72094360984,
    338.22827664913));
#6341 = CARTESIAN_POINT('',(-54.55438820803,117.50121240125,
    342.00598671825));
#6342 = CARTESIAN_POINT('',(-54.27224062441,114.1400586608,
    347.46673536542));
#6343 = CARTESIAN_POINT('',(-54.36678618825,109.48744087101,
    353.81532943981));
#6344 = CARTESIAN_POINT('',(-54.36474278748,103.34835412517,
    360.89597640981));
#6345 = CARTESIAN_POINT('',(-54.39208064439,95.576958067401,
    368.3370826621));
#6346 = CARTESIAN_POINT('',(-54.41366532572,86.087838791459,
    375.78962971555));
#6347 = CARTESIAN_POINT('',(-54.4371283827,74.882734739382,
    382.88006657765));
#6348 = CARTESIAN_POINT('',(-54.45845698336,62.063351593835,
    389.24664984581));
#6349 = CARTESIAN_POINT('',(-54.47681023443,47.835501907124,
    394.55827228134));
#6350 = CARTESIAN_POINT('',(-54.49075702495,32.501745000091,
    398.53959906107));
#6351 = CARTESIAN_POINT('',(-54.49943722412,16.443237505736,
    400.99217662868));
#6352 = CARTESIAN_POINT('',(-54.50137711766,5.543335615081,
    401.53803941547));
#6353 = CARTESIAN_POINT('',(-54.50137685569,0.12,401.53799832732));
#6354 = CARTESIAN_POINT('',(-49.93149683052,129.29708211844,
    288.02010344905));
#6355 = CARTESIAN_POINT('',(-49.9314968271,129.29708211213,
    288.02010338573));
#6356 = CARTESIAN_POINT('',(-49.93148804035,129.30041690651,
    288.04595895707));
#6357 = CARTESIAN_POINT('',(-49.93145001383,129.31471257196,
    288.1576196841));
#6358 = CARTESIAN_POINT('',(-49.93139003207,129.33741092099,
    288.33748220154));
#6359 = CARTESIAN_POINT('',(-49.93130766457,129.36748385252,
    288.58088002943));
#6360 = CARTESIAN_POINT('',(-49.9312158775,129.40380271193,
    288.88315480031));
#6361 = CARTESIAN_POINT('',(-49.93107847929,129.4451762394,
    289.23964253016));
#6362 = CARTESIAN_POINT('',(-49.93104324828,129.49037328243,
    289.64570794434));
#6363 = CARTESIAN_POINT('',(-49.93057163173,129.53818911706,
    290.09660128188));
#6364 = CARTESIAN_POINT('',(-49.93168650317,129.58733649531,
    290.58797969968));
#6365 = CARTESIAN_POINT('',(-49.92685113945,129.63697814132,
    291.1139507959));
#6366 = CARTESIAN_POINT('',(-49.94420528557,129.6848526958,
    291.67436631466));
#6367 = CARTESIAN_POINT('',(-49.87874167317,129.73436936946,
    292.24759637331));
#6368 = CARTESIAN_POINT('',(-50.12236366213,129.76821822435,
    292.89213475865));
#6369 = CARTESIAN_POINT('',(-49.21247796243,129.84693309282,
    293.36740261861));
#6370 = CARTESIAN_POINT('',(-52.60756593921,129.7411121145,
    294.54893044617));
#6371 = CARTESIAN_POINT('',(-54.53210478856,129.54935487574,
    295.62173177238));
#6372 = CARTESIAN_POINT('',(-56.49590841714,129.31669119441,
    296.75110646384));
#6373 = CARTESIAN_POINT('',(-58.01988221952,129.08338618093,
    297.90911232619));
#6374 = CARTESIAN_POINT('',(-59.22844319306,128.8665781442,
    299.12408722914));
#6375 = CARTESIAN_POINT('',(-60.11018379619,128.67619990869,
    300.41039733027));
#6376 = CARTESIAN_POINT('',(-60.71055165227,128.51134835162,
    301.78296650185));
#6377 = CARTESIAN_POINT('',(-61.07482411369,128.36331567423,
    303.25480995911));
#6378 = CARTESIAN_POINT('',(-61.25849259197,128.21736107257,
    304.83725165067));
#6379 = CARTESIAN_POINT('',(-61.32037570629,128.05477555299,
    306.53948349978));
#6380 = CARTESIAN_POINT('',(-61.32135990556,127.85451953398,
    308.36789198563));
#6381 = CARTESIAN_POINT('',(-61.32274007056,127.59455237376,
    310.32480477739));
#6382 = CARTESIAN_POINT('',(-61.26334434958,127.27783002085,
    312.41287866324));
#6383 = CARTESIAN_POINT('',(-61.08239393829,126.9050689231,
    314.63894825168));
#6384 = CARTESIAN_POINT('',(-60.72115160894,126.47314242638,
    317.01333940868));
#6385 = CARTESIAN_POINT('',(-60.1241745691,125.97277135415,
    319.54963600026));
#6386 = CARTESIAN_POINT('',(-59.24612385426,125.38587835387,
    322.26323582871));
#6387 = CARTESIAN_POINT('',(-58.04150117619,124.68303886971,
    325.17028554317));
#6388 = CARTESIAN_POINT('',(-56.52096809474,123.82126189766,
    328.2836199578));
#6389 = CARTESIAN_POINT('',(-54.56095362644,122.74437027493,
    331.61696173208));
#6390 = CARTESIAN_POINT('',(-52.6340913785,121.3790116498,335.1626404946
    ));
#6391 = CARTESIAN_POINT('',(-49.22153814408,119.61717061348,
    338.96203578601));
#6392 = CARTESIAN_POINT('',(-50.13970462696,117.39513813236,
    342.83123021001));
#6393 = CARTESIAN_POINT('',(-49.8991680482,113.92946336616,
    348.28563471456));
#6394 = CARTESIAN_POINT('',(-49.97084991203,109.20457867909,
    354.60315990916));
#6395 = CARTESIAN_POINT('',(-49.96049654691,102.99841972388,
    361.61584100045));
#6396 = CARTESIAN_POINT('',(-49.97342414639,95.182037386848,
    368.96470450312));
#6397 = CARTESIAN_POINT('',(-49.98089202118,85.673937332529,
    376.3086312049));
#6398 = CARTESIAN_POINT('',(-49.98993348232,74.480416713534,
    383.28473361403));
#6399 = CARTESIAN_POINT('',(-49.99792932871,61.703483933638,
    389.54182592673));
#6400 = CARTESIAN_POINT('',(-50.0048658449,47.545645633652,
    394.75878799826));
#6401 = CARTESIAN_POINT('',(-50.01012592436,32.302430515028,
    398.66840221415));
#6402 = CARTESIAN_POINT('',(-50.0134057756,16.345093861667,
    401.07745867785));
#6403 = CARTESIAN_POINT('',(-50.01413933428,5.512012386288,
    401.61416000834));
#6404 = CARTESIAN_POINT('',(-50.01413925741,0.12,401.61412205168));
#6405 = CARTESIAN_POINT('',(-45.39262930568,129.30817380151,
    287.1975070087));
#6406 = CARTESIAN_POINT('',(-45.39262930696,129.30817379312,
    287.19750702656));
#6407 = CARTESIAN_POINT('',(-45.39263209903,129.31187960186,
    287.22412257184));
#6408 = CARTESIAN_POINT('',(-45.39264413323,129.32777093132,
    287.33906686692));
#6409 = CARTESIAN_POINT('',(-45.39266466214,129.35301915123,
    287.52422235802));
#6410 = CARTESIAN_POINT('',(-45.39269150798,129.38650257048,
    287.77478997613));
#6411 = CARTESIAN_POINT('',(-45.3927340815,129.42699302167,
    288.08597942892));
#6412 = CARTESIAN_POINT('',(-45.39275932577,129.47319451768,
    288.45299625966));
#6413 = CARTESIAN_POINT('',(-45.39289316026,129.52377340279,
    288.87107112068));
#6414 = CARTESIAN_POINT('',(-45.39266842141,129.57740623178,
    289.33533339656));
#6415 = CARTESIAN_POINT('',(-45.39383134351,129.63274819835,
    289.84126808608));
#6416 = CARTESIAN_POINT('',(-45.38986740764,129.68868463765,
    290.38299864023));
#6417 = CARTESIAN_POINT('',(-45.40509120439,129.74351269232,
    290.95968634384));
#6418 = CARTESIAN_POINT('',(-45.34876089976,129.79810223911,
    291.55164131244));
#6419 = CARTESIAN_POINT('',(-45.55953030184,129.8441925546,
    292.20947420164));
#6420 = CARTESIAN_POINT('',(-44.77352594885,129.90814964742,
    292.72137700793));
#6421 = CARTESIAN_POINT('',(-47.70758653983,129.88772799663,
    293.85485007408));
#6422 = CARTESIAN_POINT('',(-49.37720947051,129.93243222301,
    294.89506610118));
#6423 = CARTESIAN_POINT('',(-50.93398048291,129.92067979536,
    296.05063808544));
#6424 = CARTESIAN_POINT('',(-52.18233941069,129.8663869383,
    297.26545261772));
#6425 = CARTESIAN_POINT('',(-53.16627945596,129.79045573107,
    298.55640714978));
#6426 = CARTESIAN_POINT('',(-53.88833652813,129.70337992489,
    299.92250452206));
#6427 = CARTESIAN_POINT('',(-54.38020559338,129.60876616177,
    301.37823460564));
#6428 = CARTESIAN_POINT('',(-54.67913075035,129.50283371989,
    302.93680503057));
#6429 = CARTESIAN_POINT('',(-54.82991582669,129.37637425586,
    304.60988591343));
#6430 = CARTESIAN_POINT('',(-54.88074790324,129.21639357128,
    306.40673981708));
#6431 = CARTESIAN_POINT('',(-54.88155444186,129.00761108725,
    308.33394537056));
#6432 = CARTESIAN_POINT('',(-54.8826765797,128.73362500195,
    310.39433878466));
#6433 = CARTESIAN_POINT('',(-54.83384631928,128.39024607265,
    312.58848594211));
#6434 = CARTESIAN_POINT('',(-54.68512963468,127.97132087648,
    314.92056121215));
#6435 = CARTESIAN_POINT('',(-54.3882642886,127.46730636317,
    317.39771086317));
#6436 = CARTESIAN_POINT('',(-53.89820971079,126.86324557099,
    320.02979892827));
#6437 = CARTESIAN_POINT('',(-53.17753091488,126.13660427526,
    322.82844381517));
#6438 = CARTESIAN_POINT('',(-52.19344680255,125.25483648678,
    325.80621726171));
#6439 = CARTESIAN_POINT('',(-50.94476405893,124.17413579361,
    328.97687838908));
#6440 = CARTESIAN_POINT('',(-49.37868766874,122.83940043994,
    332.34466805927));
#6441 = CARTESIAN_POINT('',(-47.7186704531,121.19625009419,
    335.91477714479));
#6442 = CARTESIAN_POINT('',(-44.80851455987,119.32749645926,
    339.64204398903));
#6443 = CARTESIAN_POINT('',(-45.59350564953,117.03462639932,
    343.59812417773));
#6444 = CARTESIAN_POINT('',(-45.39038863764,113.49013949608,
    349.0400675441));
#6445 = CARTESIAN_POINT('',(-45.45389482573,108.69717704631,
    355.32080390008));
#6446 = CARTESIAN_POINT('',(-45.44753093866,102.43806607486,
    362.2598055492));
#6447 = CARTESIAN_POINT('',(-45.46100250407,94.592588856378,
    369.51100982208));
#6448 = CARTESIAN_POINT('',(-45.46966685671,85.085420212418,
    376.741341455));
#6449 = CARTESIAN_POINT('',(-45.47942694706,73.926648066945,
    383.59874685465));
#6450 = CARTESIAN_POINT('',(-45.48797908012,61.218408742373,
    389.74270022127));
#6451 = CARTESIAN_POINT('',(-45.49526758827,47.159400540102,
    394.86211090789));
#6452 = CARTESIAN_POINT('',(-45.50074173227,32.037595761381,
    398.69788389088));
#6453 = CARTESIAN_POINT('',(-45.50413185977,16.213759083183,
    401.06206946707));
#6454 = CARTESIAN_POINT('',(-45.50488812556,5.469608535989,
    401.58927743239));
#6455 = CARTESIAN_POINT('',(-45.50488809789,0.12,401.58924238891));
#6456 = CARTESIAN_POINT('',(-40.84698332134,129.35275862243,
    286.2957939312));
#6457 = CARTESIAN_POINT('',(-40.84698331633,129.35275862518,
    286.29579389525));
#6458 = CARTESIAN_POINT('',(-40.84699575822,129.35685747184,
    286.3231875714));
#6459 = CARTESIAN_POINT('',(-40.84704948828,129.37443926597,
    286.44149301674));
#6460 = CARTESIAN_POINT('',(-40.84713706797,129.4023887473,
    286.63206563399));
#6461 = CARTESIAN_POINT('',(-40.84725523279,129.43948514556,
    286.88996986825));
#6462 = CARTESIAN_POINT('',(-40.84740938188,129.48439469662,
    287.21027975732));
#6463 = CARTESIAN_POINT('',(-40.84757342778,129.53571131056,
    287.58806668715));
#6464 = CARTESIAN_POINT('',(-40.8478392903,129.59198998084,
    288.01842344262));
#6465 = CARTESIAN_POINT('',(-40.84785870416,129.65179233213,
    288.4963551823));
#6466 = CARTESIAN_POINT('',(-40.84892615689,129.7136727998,
    289.0171696256));
#6467 = CARTESIAN_POINT('',(-40.84620502136,129.77637212344,
    289.57500718184));
#6468 = CARTESIAN_POINT('',(-40.8577398095,129.83822294421,
    290.16831612739));
#6469 = CARTESIAN_POINT('',(-40.81618077725,129.89948164244,
    290.77941180685));
#6470 = CARTESIAN_POINT('',(-40.97287303451,129.95372503004,
    291.45075881654));
#6471 = CARTESIAN_POINT('',(-40.3897753159,130.02004323277,
    292.0002811863));
#6472 = CARTESIAN_POINT('',(-42.56769563582,130.02296472524,
    293.08384123767));
#6473 = CARTESIAN_POINT('',(-43.84483699588,130.02770162546,
    294.14494767555));
#6474 = CARTESIAN_POINT('',(-45.16812085475,130.03565266586,
    295.31488042088));
#6475 = CARTESIAN_POINT('',(-46.20617257709,130.04793375045,
    296.55647597688));
#6476 = CARTESIAN_POINT('',(-47.03505583266,130.05290726354,
    297.88582723797));
#6477 = CARTESIAN_POINT('',(-47.64283264278,130.04283993517,
    299.31015696068));
#6478 = CARTESIAN_POINT('',(-48.05786701227,130.00935242525,
    300.83935588883));
#6479 = CARTESIAN_POINT('',(-48.31002577827,129.94431906823,
    302.48266647094));
#6480 = CARTESIAN_POINT('',(-48.43705512618,129.83911576205,
    304.24898495305));
#6481 = CARTESIAN_POINT('',(-48.47950646832,129.68438408886,
    306.14554890261));
#6482 = CARTESIAN_POINT('',(-48.47955227756,129.46983620066,
    308.177496661));
#6483 = CARTESIAN_POINT('',(-48.47965205533,129.18435180752,
    310.34691296592));
#6484 = CARTESIAN_POINT('',(-48.43740743848,128.8168411983,
    312.65337823115));
#6485 = CARTESIAN_POINT('',(-48.31082952233,128.3548002901,
    315.09915391108));
#6486 = CARTESIAN_POINT('',(-48.0596474313,127.78397156682,
    317.68865112535));
#6487 = CARTESIAN_POINT('',(-47.64650878737,127.08807594759,
    320.42806071692));
#6488 = CARTESIAN_POINT('',(-47.04195997706,126.24843547964,
    323.3247001316));
#6489 = CARTESIAN_POINT('',(-46.21831550161,125.24448729146,
    326.38492949141));
#6490 = CARTESIAN_POINT('',(-45.18737705068,124.05203019267,
    329.61456181437));
#6491 = CARTESIAN_POINT('',(-43.8759290499,122.65071090016,
    333.00947772424));
#6492 = CARTESIAN_POINT('',(-42.6067134973,120.99624340938,
    336.58645016844));
#6493 = CARTESIAN_POINT('',(-40.43809492305,119.08387560282,
    340.25882437873));
#6494 = CARTESIAN_POINT('',(-41.02586180921,116.70155683709,
    344.29559204247));
#6495 = CARTESIAN_POINT('',(-40.87731948451,113.0820357039,
    349.72610592834));
#6496 = CARTESIAN_POINT('',(-40.92804111756,108.21909707324,
    355.97009450667));
#6497 = CARTESIAN_POINT('',(-40.92690894387,101.90668660349,
    362.83663263214));
#6498 = CARTESIAN_POINT('',(-40.94063456499,94.030999051358,
    369.99188465933));
#6499 = CARTESIAN_POINT('',(-40.95065709095,84.523116699758,
    377.11081208654));
#6500 = CARTESIAN_POINT('',(-40.96121234859,73.396555207538,
    383.85192304514));
#6501 = CARTESIAN_POINT('',(-40.97044216136,60.753527697496,
    389.88509630904));
#6502 = CARTESIAN_POINT('',(-40.9781949378,46.788976741845,
    394.90900616734));
#6503 = CARTESIAN_POINT('',(-40.98398007824,31.783529293636,
    398.67247143041));
#6504 = CARTESIAN_POINT('',(-40.9875450678,16.087775672304,
    400.99268422195));
#6505 = CARTESIAN_POINT('',(-40.98833943615,5.428948726831,
    401.51057308911));
#6506 = CARTESIAN_POINT('',(-40.98833945037,0.12,401.51054076241));
#6507 = CARTESIAN_POINT('',(-36.30147433156,129.36344057687,
    285.34915095496));
#6508 = CARTESIAN_POINT('',(-36.30147433202,129.36344056242,
    285.34915096278));
#6509 = CARTESIAN_POINT('',(-36.30149537282,129.36794766288,
    285.3773142719));
#6510 = CARTESIAN_POINT('',(-36.30158633124,129.38728529825,
    285.49894494716));
#6511 = CARTESIAN_POINT('',(-36.30173374625,129.41804095708,
    285.69487737457));
#6512 = CARTESIAN_POINT('',(-36.30193339294,129.45889143961,
    285.96004179266));
#6513 = CARTESIAN_POINT('',(-36.30218699432,129.50839395499,
    286.28937871855));
#6514 = CARTESIAN_POINT('',(-36.30247491313,129.56502864918,
    286.677828055));
#6515 = CARTESIAN_POINT('',(-36.30285773732,129.62723589103,
    287.12034570343));
#6516 = CARTESIAN_POINT('',(-36.30309686234,129.69345741621,
    287.61181988688));
#6517 = CARTESIAN_POINT('',(-36.30407022373,129.76214816411,
    288.14736468465));
#6518 = CARTESIAN_POINT('',(-36.30248846447,129.83188242915,
    288.72120912579));
#6519 = CARTESIAN_POINT('',(-36.31061424557,129.90109302067,
    289.33083129069));
#6520 = CARTESIAN_POINT('',(-36.2826685829,129.96916500897,
    289.96152141926));
#6521 = CARTESIAN_POINT('',(-36.3894859705,130.03245899723,
    290.64398854748));
#6522 = CARTESIAN_POINT('',(-35.99348736658,130.09924250256,
    291.2393683962));
#6523 = CARTESIAN_POINT('',(-37.47413297805,130.13404007934,
    292.24158676866));
#6524 = CARTESIAN_POINT('',(-38.37624496054,130.1802847977,
    293.28584380498));
#6525 = CARTESIAN_POINT('',(-39.28756537194,130.21624864657,
    294.45918722799));
#6526 = CARTESIAN_POINT('',(-40.02242712604,130.24179747457,
    295.73257809531));
#6527 = CARTESIAN_POINT('',(-40.61261048187,130.25341052011,
    297.11359452828));
#6528 = CARTESIAN_POINT('',(-41.04947775637,130.24682522602,
    298.60419235168));
#6529 = CARTESIAN_POINT('',(-41.34948123149,130.21598127569,
    300.2112273309));
#6530 = CARTESIAN_POINT('',(-41.53293642556,130.15316787065,
    301.94167643969));
#6531 = CARTESIAN_POINT('',(-41.62629783894,130.04905210651,
    303.80235676394));
#6532 = CARTESIAN_POINT('',(-41.65865688169,129.89287143798,
    305.7989156005));
#6533 = CARTESIAN_POINT('',(-41.66048066056,129.6726483292,
    307.93538103396));
#6534 = CARTESIAN_POINT('',(-41.66252817661,129.37549099358,
    310.21337881055));
#6535 = CARTESIAN_POINT('',(-41.63408525951,128.99040497921,
    312.63106330604));
#6536 = CARTESIAN_POINT('',(-41.54476166025,128.5050566727,
    315.18843824347));
#6537 = CARTESIAN_POINT('',(-41.36556572245,127.90531395639,
    317.88697502203));
#6538 = CARTESIAN_POINT('',(-41.0701529189,127.17475240928,
    320.7293305348));
#6539 = CARTESIAN_POINT('',(-40.63832599273,126.29401321628,
    323.71899042453));
#6540 = CARTESIAN_POINT('',(-40.05368087707,125.241011309,
    326.85835506704));
#6541 = CARTESIAN_POINT('',(-39.32501442779,123.988862617,
    330.15137716103));
#6542 = CARTESIAN_POINT('',(-38.42001443298,122.51426833316,
    333.58728378128));
#6543 = CARTESIAN_POINT('',(-37.52599515399,120.7703184019,
    337.1924627307));
#6544 = CARTESIAN_POINT('',(-36.05582786595,118.80706658516,
    340.82888783319));
#6545 = CARTESIAN_POINT('',(-36.45753618151,116.33713219176,
    344.93837512304));
#6546 = CARTESIAN_POINT('',(-36.36006101727,112.64305503585,
    350.35742102129));
#6547 = CARTESIAN_POINT('',(-36.39832222609,107.71208432074,
    356.56323835726));
#6548 = CARTESIAN_POINT('',(-36.40166164409,101.34888249432,
    363.35700146574));
#6549 = CARTESIAN_POINT('',(-36.41515807867,93.446049840787,
    370.41638843391));
#6550 = CARTESIAN_POINT('',(-36.42600811001,83.940790136976,
    377.42448037793));
#6551 = CARTESIAN_POINT('',(-36.43690042296,72.849858044521,
    384.05014985817));
#6552 = CARTESIAN_POINT('',(-36.44641434369,60.275403831483,
    389.97350898046));
#6553 = CARTESIAN_POINT('',(-36.45432017585,46.408570361876,
    394.90280674695));
#6554 = CARTESIAN_POINT('',(-36.46019166303,31.522685111657,
    398.59462703228));
#6555 = CARTESIAN_POINT('',(-36.46379661865,15.958277756749,
    400.87122744327));
#6556 = CARTESIAN_POINT('',(-36.46459933567,5.387082714551,
    401.37985042317));
#6557 = CARTESIAN_POINT('',(-36.46459937816,0.12,401.37982075753));
#6558 = CARTESIAN_POINT('',(-31.75120665437,129.35790555124,
    284.36093773987));
#6559 = CARTESIAN_POINT('',(-31.75120665381,129.35790555475,
    284.36093772862));
#6560 = CARTESIAN_POINT('',(-31.751234837,129.36283809406,
    284.38986981975));
#6561 = CARTESIAN_POINT('',(-31.75135669136,129.38400581745,
    284.51482172497));
#6562 = CARTESIAN_POINT('',(-31.75155374315,129.41768654707,
    284.71610782736));
#6563 = CARTESIAN_POINT('',(-31.75182109191,129.46245072931,
    284.9885246435));
#6564 = CARTESIAN_POINT('',(-31.75215695578,129.5167423477,
    285.32687974849));
#6565 = CARTESIAN_POINT('',(-31.75254876951,129.57892358954,
    285.72598241687));
#6566 = CARTESIAN_POINT('',(-31.75302472248,129.64731546705,
    286.18065161983));
#6567 = CARTESIAN_POINT('',(-31.75346110843,129.72023681772,
    286.6856619969));
#6568 = CARTESIAN_POINT('',(-31.75430102177,129.79603364365,
    287.23592450974));
#6569 = CARTESIAN_POINT('',(-31.75387189079,129.873128598,287.825794936)
  );
#6570 = CARTESIAN_POINT('',(-31.75839635246,129.94997944478,
    288.45164123321));
#6571 = CARTESIAN_POINT('',(-31.74463096101,130.02536135266,
    289.10225264984));
#6572 = CARTESIAN_POINT('',(-31.79930025718,130.09742469057,
    289.79462800706));
#6573 = CARTESIAN_POINT('',(-31.59872159938,130.167306703,
    290.44041037278));
#6574 = CARTESIAN_POINT('',(-32.35087162494,130.2257317781,
    291.34436146357));
#6575 = CARTESIAN_POINT('',(-32.86381335378,130.28874930176,
    292.36490856885));
#6576 = CARTESIAN_POINT('',(-33.40134121756,130.34790317808,
    293.52686039341));
#6577 = CARTESIAN_POINT('',(-33.85010686069,130.39951668941,
    294.81608516151));
#6578 = CARTESIAN_POINT('',(-34.21770558718,130.43699413001,
    296.23364675821));
#6579 = CARTESIAN_POINT('',(-34.49412082347,130.45361426228,
    297.7803024464));
#6580 = CARTESIAN_POINT('',(-34.68602614803,130.44157404409,
    299.45925242405));
#6581 = CARTESIAN_POINT('',(-34.80455983405,130.39207511515,
    301.27430396276));
#6582 = CARTESIAN_POINT('',(-34.86574058961,130.29520442637,
    303.22933165765));
#6583 = CARTESIAN_POINT('',(-34.88792001296,130.13995528825,
    305.32749625273));
#6584 = CARTESIAN_POINT('',(-34.8905982149,129.91429076505,
    307.57081643262));
#6585 = CARTESIAN_POINT('',(-34.89353210076,129.60530301066,
    309.95959409184));
#6586 = CARTESIAN_POINT('',(-34.8769935733,129.20028123775,
    312.49126424538));
#6587 = CARTESIAN_POINT('',(-34.82153597891,128.68541007669,
    315.16420319493));
#6588 = CARTESIAN_POINT('',(-34.7088786319,128.04553040351,
    317.97746264983));
#6589 = CARTESIAN_POINT('',(-34.52308769051,127.26396460676,
    320.93048046555));
#6590 = CARTESIAN_POINT('',(-34.25310864494,126.32215516743,
    324.02295256637));
#6591 = CARTESIAN_POINT('',(-33.89235815942,125.20044802024,
    327.25272545387));
#6592 = CARTESIAN_POINT('',(-33.45085542787,123.87550913176,
    330.61981295234));
#6593 = CARTESIAN_POINT('',(-32.92118921804,122.33174637764,
    334.10646004328));
#6594 = CARTESIAN_POINT('',(-32.41600440069,120.52221656837,
    337.74615596936));
#6595 = CARTESIAN_POINT('',(-31.67181149205,118.51729562552,
    341.36025702762));
#6596 = CARTESIAN_POINT('',(-31.87980287548,115.9567839201,
    345.5363160752));
#6597 = CARTESIAN_POINT('',(-31.8350707112,112.18934871787,
    350.94378675243));
#6598 = CARTESIAN_POINT('',(-31.85998616209,107.19130607187,
    357.11046607825));
#6599 = CARTESIAN_POINT('',(-31.86757239628,100.77903399248,
    363.83146956202));
#6600 = CARTESIAN_POINT('',(-31.88044439589,92.850997007641,
    370.79543904222));
#6601 = CARTESIAN_POINT('',(-31.89180545976,83.350364690251,
    377.69359917632));
#6602 = CARTESIAN_POINT('',(-31.90274922462,72.296909293521,
    384.20498939303));
#6603 = CARTESIAN_POINT('',(-31.91231636693,59.792605784065,
    390.01976928458));
#6604 = CARTESIAN_POINT('',(-31.92019719443,46.024779761941,
    394.855564303));
#6605 = CARTESIAN_POINT('',(-31.92603043658,31.259544644316,
    398.47656757003));
#6606 = CARTESIAN_POINT('',(-31.92960201822,15.827529535449,
    400.71001970969));
#6607 = CARTESIAN_POINT('',(-31.93039711658,5.344764289324,
    401.20945484472));
#6608 = CARTESIAN_POINT('',(-31.9303971804,0.12,401.20942749857));
#6609 = CARTESIAN_POINT('',(-27.19444902637,129.3309917707,
    283.3427302631));
#6610 = CARTESIAN_POINT('',(-27.19444902641,129.33099176517,
    283.34273026706));
#6611 = CARTESIAN_POINT('',(-27.19448281043,129.3363667174,
    283.37242851134));
#6612 = CARTESIAN_POINT('',(-27.19462891215,129.35943745223,
    283.50069064426));
#6613 = CARTESIAN_POINT('',(-27.19486488222,129.39616014025,
    283.70731303177));
#6614 = CARTESIAN_POINT('',(-27.19518541532,129.44499500642,
    283.98695944094));
#6615 = CARTESIAN_POINT('',(-27.19558548849,129.50426876853,
    284.33430548114));
#6616 = CARTESIAN_POINT('',(-27.19605988049,129.57222154598,
    284.74403102892));
#6617 = CARTESIAN_POINT('',(-27.19660461966,129.64705057394,
    285.2108186471));
#6618 = CARTESIAN_POINT('',(-27.19721126189,129.72694826725,
    285.72933256681));
#6619 = CARTESIAN_POINT('',(-27.19788795512,129.81014479391,
    286.2942737644));
#6620 = CARTESIAN_POINT('',(-27.19858056434,129.89491705724,
    286.90015509525));
#6621 = CARTESIAN_POINT('',(-27.19946680638,129.97970635404,
    287.54212550519));
#6622 = CARTESIAN_POINT('',(-27.19985832402,130.06281371064,
    288.21288344224));
#6623 = CARTESIAN_POINT('',(-27.20229803325,130.14365455195,
    288.91418991671));
#6624 = CARTESIAN_POINT('',(-27.19726847924,130.21817697849,
    289.61389906972));
#6625 = CARTESIAN_POINT('',(-27.22026092535,130.29604477483,
    290.40632397733));
#6626 = CARTESIAN_POINT('',(-27.34217787706,130.37922043899,
    291.39313920838));
#6627 = CARTESIAN_POINT('',(-27.48983135331,130.45992402266,
    292.53531124706));
#6628 = CARTESIAN_POINT('',(-27.64314147641,130.53241807791,
    293.83454604718));
#6629 = CARTESIAN_POINT('',(-27.77991304335,130.58972128117,
    295.2848252582));
#6630 = CARTESIAN_POINT('',(-27.89012367087,130.62412731579,
    296.88494064951));
#6631 = CARTESIAN_POINT('',(-27.96996571579,130.62693160553,
    298.63445133651));
#6632 = CARTESIAN_POINT('',(-28.02116343843,130.58842777108,
    300.53389841271));
#6633 = CARTESIAN_POINT('',(-28.04891285178,130.49786067505,
    302.583939355));
#6634 = CARTESIAN_POINT('',(-28.06044967509,130.34346738507,
    304.78490830416));
#6635 = CARTESIAN_POINT('',(-28.06391622704,130.1125427961,
    307.13645508549));
#6636 = CARTESIAN_POINT('',(-28.06768150119,129.79154771454,
    309.6372095495));
#6637 = CARTESIAN_POINT('',(-28.06339036517,129.36662260971,
    312.28408465556));
#6638 = CARTESIAN_POINT('',(-28.04291747661,128.82302851433,
    315.07400958388));
#6639 = CARTESIAN_POINT('',(-27.99904466041,128.14505063731,
    318.00377848183));
#6640 = CARTESIAN_POINT('',(-27.92659067105,127.31600760872,
    321.06975708447));
#6641 = CARTESIAN_POINT('',(-27.82383993858,126.31800569391,
    324.26795718858));
#6642 = CARTESIAN_POINT('',(-27.69458547828,125.13309982767,
    327.59186221287));
#6643 = CARTESIAN_POINT('',(-27.54884877637,123.74007367076,
    331.03783436458));
#6644 = CARTESIAN_POINT('',(-27.40869527942,122.12868834232,
    334.58143323186));
#6645 = CARTESIAN_POINT('',(-27.29442771467,120.25041053307,
    338.26179000644));
#6646 = CARTESIAN_POINT('',(-27.2785881613,118.20860676538,
    341.86302101102));
#6647 = CARTESIAN_POINT('',(-27.29190407412,115.55588021363,346.10055275
    ));
#6648 = CARTESIAN_POINT('',(-27.29976244328,111.71610582992,
    351.49594974632));
#6649 = CARTESIAN_POINT('',(-27.31090681061,106.65222137032,
    357.62248125201));
#6650 = CARTESIAN_POINT('',(-27.3223638527,100.19280987895,
    364.27057087721));
#6651 = CARTESIAN_POINT('',(-27.33422954034,92.241811373413,
    371.13940819034));
#6652 = CARTESIAN_POINT('',(-27.34575466577,82.748179207421,
    377.92835960127));
#6653 = CARTESIAN_POINT('',(-27.35644588352,71.734498336589,
    384.32645429647));
#6654 = CARTESIAN_POINT('',(-27.3658149014,59.302453183855,
    390.03372371017));
#6655 = CARTESIAN_POINT('',(-27.37347532391,45.635527705315,
    394.77698447658));
#6656 = CARTESIAN_POINT('',(-27.37913178248,30.99269204899,
    398.32789299972));
#6657 = CARTESIAN_POINT('',(-27.38258763228,15.69481526909,
    400.51859708615));
#6658 = CARTESIAN_POINT('',(-27.38335702259,5.301755500345,
    401.00890839075));
#6659 = CARTESIAN_POINT('',(-27.38335709388,0.12,401.00888325213));
#6660 = CARTESIAN_POINT('',(-22.62863548012,129.28360546014,
    282.30393453948));
#6661 = CARTESIAN_POINT('',(-22.62863547909,129.28360545275,
    282.30393451401));
#6662 = CARTESIAN_POINT('',(-22.62867315782,129.28944009927,
    282.33439717529));
#6663 = CARTESIAN_POINT('',(-22.62883612475,129.31448832523,
    282.46596184849));
#6664 = CARTESIAN_POINT('',(-22.62909911497,129.35437230533,
    282.67790854501));
#6665 = CARTESIAN_POINT('',(-22.62945671625,129.40743811727,
    282.96476903309));
#6666 = CARTESIAN_POINT('',(-22.62990095233,129.471891062,
    283.32108783507));
#6667 = CARTESIAN_POINT('',(-22.6304342667,129.54584499931,
    283.74141643973));
#6668 = CARTESIAN_POINT('',(-22.63102071578,129.62736880015,
    284.22030168467));
#6669 = CARTESIAN_POINT('',(-22.63176779725,129.71452506203,
    284.75229932963));
#6670 = CARTESIAN_POINT('',(-22.6322475648,129.80542024761,
    285.33189746903));
#6671 = CARTESIAN_POINT('',(-22.63402999976,129.89819455583,
    285.95378088234));
#6672 = CARTESIAN_POINT('',(-22.63122810871,129.99121915513,
    286.61182771327));
#6673 = CARTESIAN_POINT('',(-22.64578390094,130.08250192003,
    287.30284199716));
#6674 = CARTESIAN_POINT('',(-22.59577916242,130.17202939734,
    288.01261652404));
#6675 = CARTESIAN_POINT('',(-22.78690620628,130.25313284049,
    288.76794432456));
#6676 = CARTESIAN_POINT('',(-22.07827396287,130.34479909418,
    289.44251072635));
#6677 = CARTESIAN_POINT('',(-21.80777455634,130.44380603122,
    290.39184357626));
#6678 = CARTESIAN_POINT('',(-21.5680025087,130.54327839082,
    291.50988028679));
#6679 = CARTESIAN_POINT('',(-21.42666937045,130.635968873,
    292.81545275662));
#6680 = CARTESIAN_POINT('',(-21.33339025596,130.71353335904,
    294.29558802851));
#6681 = CARTESIAN_POINT('',(-21.2776338212,130.7668047513,
    295.94748657399));
#6682 = CARTESIAN_POINT('',(-21.24542449752,130.78575245093,
    297.76695245304));
#6683 = CARTESIAN_POINT('',(-21.22915981561,130.7594363681,
    299.75106620087));
#6684 = CARTESIAN_POINT('',(-21.22324042984,130.67608523975,
    301.89702028643));
#6685 = CARTESIAN_POINT('',(-21.22382058884,130.52310116619,
    304.20205030823));
#6686 = CARTESIAN_POINT('',(-21.22770993513,130.28709348776,
    306.66316254222));
#6687 = CARTESIAN_POINT('',(-21.23190947393,129.95390448164,
    309.2770538603));
#6688 = CARTESIAN_POINT('',(-21.23942009567,129.50847299212,
    312.04022924326));
#6689 = CARTESIAN_POINT('',(-21.25342997544,128.93512078363,
    314.94826595855));
#6690 = CARTESIAN_POINT('',(-21.27777842418,128.21763646296,
    317.99578004871));
#6691 = CARTESIAN_POINT('',(-21.31805137919,127.33950893868,
    321.17612559628));
#6692 = CARTESIAN_POINT('',(-21.38183531802,126.28385414083,
    324.48166468124));
#6693 = CARTESIAN_POINT('',(-21.48309097906,125.03490116615,
    327.90152561032));
#6694 = CARTESIAN_POINT('',(-21.6323181258,123.57411397183,
    331.42826776625));
#6695 = CARTESIAN_POINT('',(-21.87982966033,121.89762243307,
    335.03098755235));
#6696 = CARTESIAN_POINT('',(-22.15799209142,119.9548027191,
    338.75368935934));
#6697 = CARTESIAN_POINT('',(-22.87341206694,117.88200159412,
    342.34666100846));
#6698 = CARTESIAN_POINT('',(-22.69095157447,115.1351310869,
    346.64191362771));
#6699 = CARTESIAN_POINT('',(-22.75129921126,111.22409798762,
    352.02440650214));
#6700 = CARTESIAN_POINT('',(-22.74825860551,106.09554450463,
    358.10987953428));
#6701 = CARTESIAN_POINT('',(-22.76324151451,99.590874853303,
    364.6848669261));
#6702 = CARTESIAN_POINT('',(-22.77374999961,91.619085566238,
    371.45884255367));
#6703 = CARTESIAN_POINT('',(-22.78512453869,82.134745718644,
    378.13927453212));
#6704 = CARTESIAN_POINT('',(-22.7952891164,71.163050826865,
    384.42501941373));
#6705 = CARTESIAN_POINT('',(-22.80423460511,58.805284391328,
    390.02580706249));
#6706 = CARTESIAN_POINT('',(-22.81149993927,45.2410665698,
    394.67746638277));
#6707 = CARTESIAN_POINT('',(-22.81685597414,30.722295449566,
    398.1589756026));
#6708 = CARTESIAN_POINT('',(-22.82012259977,15.5602194652,400.3073165424
    ));
#6709 = CARTESIAN_POINT('',(-22.82085008752,5.258084628266,
    400.78856529655));
#6710 = CARTESIAN_POINT('',(-22.82085016385,0.12,400.78854225904));
#6711 = CARTESIAN_POINT('',(-18.05139052218,129.21498230625,
    281.25464412696));
#6712 = CARTESIAN_POINT('',(-18.05139052163,129.21498231002,
    281.25464414216));
#6713 = CARTESIAN_POINT('',(-18.05143023361,129.22129412744,
    281.28586943567));
#6714 = CARTESIAN_POINT('',(-18.05160203344,129.24839520718,
    281.42072954984));
#6715 = CARTESIAN_POINT('',(-18.05187909312,129.29156122713,
    281.63798942675));
#6716 = CARTESIAN_POINT('',(-18.05225621198,129.34902015721,
    281.93204969683));
#6717 = CARTESIAN_POINT('',(-18.05272279117,129.41885168839,
    282.29732467655));
#6718 = CARTESIAN_POINT('',(-18.05328920143,129.49903918418,
    282.72823842818));
#6719 = CARTESIAN_POINT('',(-18.05388803746,129.58751852956,
    283.21920302808));
#6720 = CARTESIAN_POINT('',(-18.05474232266,129.68221902851,
    283.76466671934));
#6721 = CARTESIAN_POINT('',(-18.05499106157,129.78111565566,
    284.35890555192));
#6722 = CARTESIAN_POINT('',(-18.05781848978,129.88222039897,
    284.99677719179));
#6723 = CARTESIAN_POINT('',(-18.05131122606,129.98378247302,
    285.67088903895));
#6724 = CARTESIAN_POINT('',(-18.07990015981,130.08369051315,
    286.3821536098));
#6725 = CARTESIAN_POINT('',(-17.97773553736,130.1818344421,
    287.10038717494));
#6726 = CARTESIAN_POINT('',(-18.36374456022,130.27140300305,
    287.91135446913));
#6727 = CARTESIAN_POINT('',(-16.92802577968,130.37145513665,
    288.46799176623));
#6728 = CARTESIAN_POINT('',(-16.26759837027,130.48357259459,
    289.38003122403));
#6729 = CARTESIAN_POINT('',(-15.6411509619,130.59919051306,
    290.47443232567));
#6730 = CARTESIAN_POINT('',(-15.20609363988,130.71030280174,
    291.78711641442));
#6731 = CARTESIAN_POINT('',(-14.88317255091,130.80702045428,
    293.29811128872));
#6732 = CARTESIAN_POINT('',(-14.66217559443,130.87866833275,
    295.00293553555));
#6733 = CARTESIAN_POINT('',(-14.5184321186,130.91361667899,
    296.89360628789));
#6734 = CARTESIAN_POINT('',(-14.43484402557,130.89968163039,
    298.96368196593));
#6735 = CARTESIAN_POINT('',(-14.39516349642,130.82390599817,
    301.20682473028));
#6736 = CARTESIAN_POINT('',(-14.38452293328,130.67267881147,
    303.61710716017));
#6737 = CARTESIAN_POINT('',(-14.3884788762,130.43174301163,
    306.18883487625));
#6738 = CARTESIAN_POINT('',(-14.39273265977,130.0861604051,
    308.91672404475));
#6739 = CARTESIAN_POINT('',(-14.41157847125,129.61979862246,
    311.79677899122));
#6740 = CARTESIAN_POINT('',(-14.45945661683,129.01619377439,
    314.82312870711));
#6741 = CARTESIAN_POINT('',(-14.55123143505,128.25879960714,
    317.98812673259));
#6742 = CARTESIAN_POINT('',(-14.70315168127,127.33144579095,
    321.28206224793));
#6743 = CARTESIAN_POINT('',(-14.93230653837,126.2182943432,
    324.69364407883));
#6744 = CARTESIAN_POINT('',(-15.26330704256,124.90606432807,
    328.20772961972));
#6745 = CARTESIAN_POINT('',(-15.70640059869,123.37899307195,
    331.81324741565));
#6746 = CARTESIAN_POINT('',(-16.34073504722,121.6398028608,335.473175309
    ));
#6747 = CARTESIAN_POINT('',(-17.00909951692,119.63505091274,
    339.23644506061));
#6748 = CARTESIAN_POINT('',(-18.45221628762,117.53654025272,
    342.82087097736));
#6749 = CARTESIAN_POINT('',(-18.07460371003,114.69379983622,
    347.17141734556));
#6750 = CARTESIAN_POINT('',(-18.18688021838,110.71257538093,
    352.5398105833));
#6751 = CARTESIAN_POINT('',(-18.16937613328,105.52056701179,
    358.58338186569));
#6752 = CARTESIAN_POINT('',(-18.18752252531,98.972546568224,
    365.08501170034));
#6753 = CARTESIAN_POINT('',(-18.19634985417,90.982172597762,
    371.764349114));
#6754 = CARTESIAN_POINT('',(-18.20727477954,81.509462290165,
    378.33688640729));
#6755 = CARTESIAN_POINT('',(-18.21665558833,70.582025867644,
    384.5111609443));
#6756 = CARTESIAN_POINT('',(-18.2249655721,58.300637965823,
    390.00643082533));
#6757 = CARTESIAN_POINT('',(-18.23167158899,44.841032791072,
    394.56736552399));
#6758 = CARTESIAN_POINT('',(-18.23661070594,30.448104495145,
    397.98012885514));
#6759 = CARTESIAN_POINT('',(-18.23961868968,15.423615030624,
    400.08646667167));
#6760 = CARTESIAN_POINT('',(-18.2402889315,5.21370949822,400.55870929915
    ));
#6761 = CARTESIAN_POINT('',(-18.24028900249,0.12,400.55868819313));
#6762 = CARTESIAN_POINT('',(-13.4604317544,129.12472123148,
    280.20495476098));
#6763 = CARTESIAN_POINT('',(-13.46043175445,129.12472123513,
    280.20495472353));
#6764 = CARTESIAN_POINT('',(-13.4604715009,129.13152799783,
    280.23694138621));
#6765 = CARTESIAN_POINT('',(-13.46064349666,129.16075840966,
    280.37509097118));
#6766 = CARTESIAN_POINT('',(-13.46092069912,129.20732903364,
    280.5976549169));
#6767 = CARTESIAN_POINT('',(-13.46129845242,129.26934569192,
    280.89890338801));
#6768 = CARTESIAN_POINT('',(-13.46176389697,129.3447582171,
    281.2731214138));
#6769 = CARTESIAN_POINT('',(-13.4623355635,129.43141518269,
    281.7146064845));
#6770 = CARTESIAN_POINT('',(-13.46291528829,129.52711477954,
    282.21763714041));
#6771 = CARTESIAN_POINT('',(-13.46384056457,129.6296495649,
    282.7765540008));
#6772 = CARTESIAN_POINT('',(-13.4638228632,129.73685485049,
    283.38542576412));
#6773 = CARTESIAN_POINT('',(-13.46764167744,129.84662406293,
    284.03926943759));
#6774 = CARTESIAN_POINT('',(-13.4574297412,129.95702801501,
    284.72947573806));
#6775 = CARTESIAN_POINT('',(-13.49983786983,130.0660269638,
    285.4608668511));
#6776 = CARTESIAN_POINT('',(-13.34609017909,130.17268291448,
    286.18802680714));
#6777 = CARTESIAN_POINT('',(-13.92459821066,130.27275331433,
    287.05291596946));
#6778 = CARTESIAN_POINT('',(-11.77044909533,130.37523392549,
    287.4980829102));
#6779 = CARTESIAN_POINT('',(-10.72461159702,130.49824610869,
    288.37753107866));
#6780 = CARTESIAN_POINT('',(-9.718669782934,130.62701795176,
    289.45349734427));
#6781 = CARTESIAN_POINT('',(-8.994546325672,130.75383846168,
    290.77799687023));
#6782 = CARTESIAN_POINT('',(-8.446194093253,130.8675869817,
    292.32402069254));
#6783 = CARTESIAN_POINT('',(-8.060977640741,130.95630077329,
    294.08526088808));
#6784 = CARTESIAN_POINT('',(-7.805737009377,131.00714250304,
    296.04991461472));
#6785 = CARTESIAN_POINT('',(-7.65483928272,131.00591139111,
    298.20808606598));
#6786 = CARTESIAN_POINT('',(-7.581176361503,130.938174513,
    300.54999185582));
#6787 = CARTESIAN_POINT('',(-7.558978174321,130.78907444639,
    303.06665173202));
#6788 = CARTESIAN_POINT('',(-7.562583350531,130.54334877442,
    305.74979368854));
#6789 = CARTESIAN_POINT('',(-7.566450432413,130.18516921111,
    308.59228215082));
#6790 = CARTESIAN_POINT('',(-7.59611531982,129.69742055968,
    311.58935868495));
#6791 = CARTESIAN_POINT('',(-7.67724578362,129.06297582255,
    314.73344865434));
#6792 = CARTESIAN_POINT('',(-7.835629981331,128.26517880312,
    318.01441938557));
#6793 = CARTESIAN_POINT('',(-8.098386771236,127.28849246947,
    321.41933655914));
#6794 = CARTESIAN_POINT('',(-8.491203111974,126.11889853338,
    324.93320625799));
#6795 = CARTESIAN_POINT('',(-9.047468281836,124.74523487749,
    328.53670553059));
#6796 = CARTESIAN_POINT('',(-9.779703665981,123.15432566254,
    332.21540412218));
#6797 = CARTESIAN_POINT('',(-10.79418755905,121.35517617641,
    335.92653529741));
#6798 = CARTESIAN_POINT('',(-11.84844609216,119.29058662745,
    339.72480143067));
#6799 = CARTESIAN_POINT('',(-14.01146840063,117.17179575216,
    343.2954512392));
#6800 = CARTESIAN_POINT('',(-13.44044825887,114.23145968398,
    347.70020611493));
#6801 = CARTESIAN_POINT('',(-13.60378984302,110.1811452599,
    353.05294308531));
#6802 = CARTESIAN_POINT('',(-13.57162947696,104.92691402101,
    359.05384801141));
#6803 = CARTESIAN_POINT('',(-13.59256358443,98.337466527942,
    365.48181075157));
#6804 = CARTESIAN_POINT('',(-13.59940152876,90.330729096415,
    372.06670144838));
#6805 = CARTESIAN_POINT('',(-13.60958600277,80.872005048962,
    378.53192027936));
#6806 = CARTESIAN_POINT('',(-13.61793473873,69.991127631056,
    384.59555369865));
#6807 = CARTESIAN_POINT('',(-13.62540361941,57.788257701878,
    389.98621986982));
#6808 = CARTESIAN_POINT('',(-13.63139061503,44.435222051937,
    394.45726329093));
#6809 = CARTESIAN_POINT('',(-13.63579904888,30.169977278914,
    397.80190146654));
#6810 = CARTESIAN_POINT('',(-13.63848033744,15.284929622248,
    399.86657707605));
#6811 = CARTESIAN_POINT('',(-13.63907820824,5.168605870753,
    400.32986618825));
#6812 = CARTESIAN_POINT('',(-13.639078273,0.12,400.32984691018));
#6813 = CARTESIAN_POINT('',(-8.852938332011,129.01238389997,
    279.16521063202));
#6814 = CARTESIAN_POINT('',(-8.852938331732,129.01238389469,
    279.16521064531));
#6815 = CARTESIAN_POINT('',(-8.852975899428,129.01970364121,
    279.19795735859));
#6816 = CARTESIAN_POINT('',(-8.853138520427,129.05114101931,
    279.33939156989));
#6817 = CARTESIAN_POINT('',(-8.853400437867,129.10124066469,
    279.56725208964));
#6818 = CARTESIAN_POINT('',(-8.853757906785,129.16798215617,
    279.8756794528));
#6819 = CARTESIAN_POINT('',(-8.854196229789,129.24918116406,
    280.25883027813));
#6820 = CARTESIAN_POINT('',(-8.85474229185,129.34254710159,
    280.71087627101));
#6821 = CARTESIAN_POINT('',(-8.855268206896,129.44573575223,
    281.22596391883));
#6822 = CARTESIAN_POINT('',(-8.856223831879,129.55639919376,
    281.79832509666));
#6823 = CARTESIAN_POINT('',(-8.855902731855,129.6722256396,
    282.42182958386));
#6824 = CARTESIAN_POINT('',(-8.860645508524,129.79099653781,
    283.09162616602));
#6825 = CARTESIAN_POINT('',(-8.846760260736,129.91055899017,
    283.79799516966));
#6826 = CARTESIAN_POINT('',(-8.90263719187,130.02909386115,
    284.54927459408));
#6827 = CARTESIAN_POINT('',(-8.698369536945,130.14425992625,
    285.28628828088));
#6828 = CARTESIAN_POINT('',(-9.465155103471,130.25651213043,
    286.20169988918));
#6829 = CARTESIAN_POINT('',(-6.608069077031,130.35682112897,
    286.54816864182));
#6830 = CARTESIAN_POINT('',(-5.187338956119,130.48446288984,
    287.40426704312));
#6831 = CARTESIAN_POINT('',(-3.803212018491,130.624200772,
    288.47142864905));
#6832 = CARTESIAN_POINT('',(-2.793946056407,130.76835093705,
    289.81602510243));
#6833 = CARTESIAN_POINT('',(-2.020877841936,130.90210492061,
    291.4041664574));
#6834 = CARTESIAN_POINT('',(-1.479036392956,131.01096313986,
    293.2275014735));
#6835 = CARTESIAN_POINT('',(-1.119273357761,131.07848003219,
    295.27051078866));
#6836 = CARTESIAN_POINT('',(-0.904547481683,131.09041440976,
    297.519832443));
#6837 = CARTESIAN_POINT('',(-0.798526832722,131.0310494361,
    299.96244925607));
#6838 = CARTESIAN_POINT('',(-0.764964629131,130.88436876996,
    302.58660303091));
#6839 = CARTESIAN_POINT('',(-0.767729072993,130.63395855236,
    305.38175929312));
#6840 = CARTESIAN_POINT('',(-0.770678497087,130.26295311909,
    308.33924914907));
#6841 = CARTESIAN_POINT('',(-0.809964461106,129.75338687844,
    311.45310923993));
#6842 = CARTESIAN_POINT('',(-0.921800277849,129.08760529617,
    314.71363899209));
#6843 = CARTESIAN_POINT('',(-1.142562173707,128.24875509669,
    318.10785297444));
#6844 = CARTESIAN_POINT('',(-1.508824027969,127.22175051896,
    321.61932995357));
#6845 = CARTESIAN_POINT('',(-2.057757659015,125.9924864128,
    325.22927187089));
#6846 = CARTESIAN_POINT('',(-2.838026745429,124.55432667739,
    328.91427029554));
#6847 = CARTESIAN_POINT('',(-3.855254778303,122.897915525,
    332.65700177973));
#6848 = CARTESIAN_POINT('',(-5.247662858921,121.04081883628,
    336.40946370055));
#6849 = CARTESIAN_POINT('',(-6.677910884796,118.92223537391,
    340.2337465668));
#6850 = CARTESIAN_POINT('',(-9.54677254666,116.78693444481,
    343.78042166822));
#6851 = CARTESIAN_POINT('',(-8.785786289938,113.74776374359,
    348.23964417474));
#6852 = CARTESIAN_POINT('',(-8.998905337418,109.62936967861,
    353.57480520524));
#6853 = CARTESIAN_POINT('',(-8.952052849757,104.31420508585,
    359.53235973242));
#6854 = CARTESIAN_POINT('',(-8.97540907228,97.68526633244,
    365.88629486999));
#6855 = CARTESIAN_POINT('',(-8.98000354843,89.664408732716,
    372.37690317026));
#6856 = CARTESIAN_POINT('',(-8.989199596063,80.222050002218,
    378.73533691359));
#6857 = CARTESIAN_POINT('',(-8.996310668241,69.390062631533,
    384.68911420433));
#6858 = CARTESIAN_POINT('',(-9.002769463578,57.267890689834,
    389.97604650132));
#6859 = CARTESIAN_POINT('',(-9.007907645779,44.023433195899,
    394.35799337889));
#6860 = CARTESIAN_POINT('',(-9.011693499519,29.887774153841,
    397.63509809761));
#6861 = CARTESIAN_POINT('',(-9.013993305243,15.144091748239,
    399.65843533518));
#6862 = CARTESIAN_POINT('',(-9.014506611786,5.12274999772,
    400.11282041882));
#6863 = CARTESIAN_POINT('',(-9.014506666605,0.12,400.11280275275));
#6864 = CARTESIAN_POINT('',(-4.228178455461,128.87705983199,
    278.1460722573));
#6865 = CARTESIAN_POINT('',(-4.228178455534,128.87705983123,
    278.14607223693));
#6866 = CARTESIAN_POINT('',(-4.228211692594,128.88491082006,
    278.17957817261));
#6867 = CARTESIAN_POINT('',(-4.228355637901,128.91863390092,
    278.32429299142));
#6868 = CARTESIAN_POINT('',(-4.228587255315,128.97238873017,
    278.55744414949));
#6869 = CARTESIAN_POINT('',(-4.228904042317,129.04402452069,
    278.87304319238));
#6870 = CARTESIAN_POINT('',(-4.229289839314,129.13121840148,
    279.26511926505));
#6871 = CARTESIAN_POINT('',(-4.229780046056,129.23153625767,
    279.72771898513));
#6872 = CARTESIAN_POINT('',(-4.230217990131,129.34248648178,
    280.25485854393));
#6873 = CARTESIAN_POINT('',(-4.231163924276,129.46157767299,
    280.84065892576));
#6874 = CARTESIAN_POINT('',(-4.230502384638,129.5863404944,
    281.47880322484));
#6875 = CARTESIAN_POINT('',(-4.236103506864,129.71446197323,
    282.16453021445));
#6876 = CARTESIAN_POINT('',(-4.218570182107,129.84347894688,
    282.88716915754));
#6877 = CARTESIAN_POINT('',(-4.287587928987,129.97209551434,
    283.65798199315));
#6878 = CARTESIAN_POINT('',(-4.033778096106,130.09541823105,
    284.40624331381));
#6879 = CARTESIAN_POINT('',(-4.984935061033,130.22286905609,
    285.3670700108));
#6880 = CARTESIAN_POINT('',(-1.439224147303,130.3114420591,
    285.63402210271));
#6881 = CARTESIAN_POINT('',(0.353934446974,130.45309506733,
    286.47916730396));
#6882 = CARTESIAN_POINT('',(2.079751605621,130.59863816192,
    287.55193549766));
#6883 = CARTESIAN_POINT('',(3.356726242769,130.74513347188,
    288.92949034571));
#6884 = CARTESIAN_POINT('',(4.332278977482,130.8822150859,
    290.57058424303));
#6885 = CARTESIAN_POINT('',(5.04150008568,130.99723497297,
    292.46426895845));
#6886 = CARTESIAN_POINT('',(5.520553195124,131.07827516708,
    294.59111524919));
#6887 = CARTESIAN_POINT('',(5.806126795773,131.10282785899,
    296.93504535147));
#6888 = CARTESIAN_POINT('',(5.94864298604,131.05230563898,
    299.48024818527));
#6889 = CARTESIAN_POINT('',(5.995115429169,130.90841379215,
    302.21265987508));
#6890 = CARTESIAN_POINT('',(5.993615144148,130.65344296053,
    305.11993157848));
#6891 = CARTESIAN_POINT('',(5.991984283564,130.26945432911,
    308.19230210585));
#6892 = CARTESIAN_POINT('',(5.942370670262,129.73767650817,
    311.42204687163));
#6893 = CARTESIAN_POINT('',(5.796670372834,129.04008375447,
    314.79680937174));
#6894 = CARTESIAN_POINT('',(5.507787596022,128.16074621642,
    318.30028329766));
#6895 = CARTESIAN_POINT('',(5.025429527034,127.08660889626,
    321.91221439823));
#6896 = CARTESIAN_POINT('',(4.31251268775,125.81149055031,
    325.60987951556));
#6897 = CARTESIAN_POINT('',(3.33008551968,124.32512142409,
    329.36591913879));
#6898 = CARTESIAN_POINT('',(2.044938422088,122.6176284253,
    333.16053175995));
#6899 = CARTESIAN_POINT('',(0.306708238181,120.70726195649,
    336.94066067553));
#6900 = CARTESIAN_POINT('',(-1.496381619671,118.52573640468,
    340.77810110648));
#6901 = CARTESIAN_POINT('',(-5.056597472544,116.38193947589,
    344.286192503));
#6902 = CARTESIAN_POINT('',(-4.109106927401,113.24161711642,
    348.80132829356));
#6903 = CARTESIAN_POINT('',(-4.370608799046,109.05650438922,
    354.11666604531));
#6904 = CARTESIAN_POINT('',(-4.308946021431,103.68166335076,
    360.03025183321));
#6905 = CARTESIAN_POINT('',(-4.334261674899,97.015239412983,
    366.30974807251));
#6906 = CARTESIAN_POINT('',(-4.336260004405,88.982551128967,
    372.70620882699));
#6907 = CARTESIAN_POINT('',(-4.344120083535,79.558997593619,
    378.95834779193));
#6908 = CARTESIAN_POINT('',(-4.349692463377,68.778301131474,
    384.80301007122));
#6909 = CARTESIAN_POINT('',(-4.35488542704,56.739090906008,
    389.98703505763));
#6910 = CARTESIAN_POINT('',(-4.358971664012,43.605317481995,
    394.28064261422));
#6911 = CARTESIAN_POINT('',(-4.36198728118,29.601255544013,
    397.4907773981));
#6912 = CARTESIAN_POINT('',(-4.363815919278,15.000979387519,
    399.47308373694));
#6913 = CARTESIAN_POINT('',(-4.364224523029,5.076101041892,
    399.91861074376));
#6914 = CARTESIAN_POINT('',(-4.364224566333,0.12,399.91859469433));
#6915 = CARTESIAN_POINT('',(0.422365409368,128.71950428299,
    277.15837298587));
#6916 = CARTESIAN_POINT('',(0.42236540946,128.71950428122,
    277.15837300393));
#6917 = CARTESIAN_POINT('',(0.422339648284,128.72790514974,
    277.19263738782));
#6918 = CARTESIAN_POINT('',(0.422227962788,128.76399417111,
    277.34063011714));
#6919 = CARTESIAN_POINT('',(0.422048499541,128.82153277939,
    277.57906795493));
#6920 = CARTESIAN_POINT('',(0.421801962177,128.8982355885,277.901834216)
  );
#6921 = CARTESIAN_POINT('',(0.421505243924,128.9916367894,
    278.30283146395));
#6922 = CARTESIAN_POINT('',(0.421114313821,129.09915406983,
    278.7759818619));
#6923 = CARTESIAN_POINT('',(0.420812206654,129.21814417232,
    279.31517325771));
#6924 = CARTESIAN_POINT('',(0.419934442086,129.34596611081,
    279.91441278035));
#6925 = CARTESIAN_POINT('',(0.42097959977,129.47999373288,
    280.56721204364));
#6926 = CARTESIAN_POINT('',(0.414641816131,129.61779504205,
    281.26884682965));
#6927 = CARTESIAN_POINT('',(0.435670411914,129.75666699529,
    282.00789629679));
#6928 = CARTESIAN_POINT('',(0.354399047336,129.89555345364,
    282.79779892543));
#6929 = CARTESIAN_POINT('',(0.654769607678,130.02804672542,
    283.55907124164));
#6930 = CARTESIAN_POINT('',(-0.469292389351,130.16864306683,
    284.55886759226));
#6931 = CARTESIAN_POINT('',(3.722596767458,130.2548699969,
    284.77052123469));
#6932 = CARTESIAN_POINT('',(5.841563489761,130.36172683338,
    285.62437699961));
#6933 = CARTESIAN_POINT('',(7.989349109879,130.51927927958,
    286.71910388049));
#6934 = CARTESIAN_POINT('',(9.555617076747,130.71533997348,
    288.14169189492));
#6935 = CARTESIAN_POINT('',(10.782669867037,130.91254082992,
    289.8457003109));
#6936 = CARTESIAN_POINT('',(11.594964682568,131.08341645937,
    291.81789552907));
#6937 = CARTESIAN_POINT('',(12.122506583125,131.18940584826,
    294.03609504437));
#6938 = CARTESIAN_POINT('',(12.444149295845,131.22962318722,
    296.47985350364));
#6939 = CARTESIAN_POINT('',(12.604579295681,131.1877073716,
    299.13080268553));
#6940 = CARTESIAN_POINT('',(12.658742545485,131.04651610997,
    301.97304465039));
#6941 = CARTESIAN_POINT('',(12.659378030418,130.78693409101,
    304.99313085212));
#6942 = CARTESIAN_POINT('',(12.660154501779,130.38953533744,
    308.18093009151));
#6943 = CARTESIAN_POINT('',(12.607279731568,129.83512655072,
    311.52613808725));
#6944 = CARTESIAN_POINT('',(12.44743198978,129.1053946803,
    315.01297848235));
#6945 = CARTESIAN_POINT('',(12.124841942062,128.18193493611,
    318.62118192435));
#6946 = CARTESIAN_POINT('',(11.59283125603,127.04868950913,
    322.3262014667));
#6947 = CARTESIAN_POINT('',(10.772332358203,125.67833006602,
    326.10113126657));
#6948 = CARTESIAN_POINT('',(9.541899902402,124.08812095204,
    329.91463439735));
#6949 = CARTESIAN_POINT('',(7.969062164465,122.28402531609,
    333.74553267961));
#6950 = CARTESIAN_POINT('',(5.820019504945,120.3147927611,
    337.53711895576));
#6951 = CARTESIAN_POINT('',(3.686435611037,118.11606245717,
    341.37390670696));
#6952 = CARTESIAN_POINT('',(-0.528754789148,115.95363729918,
    344.82329640161));
#6953 = CARTESIAN_POINT('',(0.595601363185,112.71472791232,
    349.39729255428));
#6954 = CARTESIAN_POINT('',(0.288375076719,108.46295472741,
    354.69017602983));
#6955 = CARTESIAN_POINT('',(0.364166415797,103.0300277522,
    360.55929052215));
#6956 = CARTESIAN_POINT('',(0.337054088595,96.327996428729,366.763912409
    ));
#6957 = CARTESIAN_POINT('',(0.337539824588,88.285739756486,
    373.06636667626));
#6958 = CARTESIAN_POINT('',(0.330937472076,78.883357763544,
    379.21269164963));
#6959 = CARTESIAN_POINT('',(0.326790567358,68.156277669351,
    384.94896809208));
#6960 = CARTESIAN_POINT('',(0.322750413241,56.202208882083,
    390.0308970166));
#6961 = CARTESIAN_POINT('',(0.31961104915,43.181138874977,
    394.23690775716));
#6962 = CARTESIAN_POINT('',(0.317281986137,29.310597383976,
    397.38062470127));
#6963 = CARTESIAN_POINT('',(0.315870828506,14.855680145474,
    399.32220111407));
#6964 = CARTESIAN_POINT('',(0.315554747349,5.028687940735,
    399.75891519782));
#6965 = CARTESIAN_POINT('',(0.315554717468,0.12,399.75890062682));
#6966 = CARTESIAN_POINT('',(5.078121728818,128.53402048081,
    276.21400739373));
#6967 = CARTESIAN_POINT('',(5.07812172845,128.53402047754,
    276.21400738474));
#6968 = CARTESIAN_POINT('',(5.078103646238,128.54298984618,
    276.24902962792));
#6969 = CARTESIAN_POINT('',(5.07802515582,128.58152501378,
    276.40029742439));
#6970 = CARTESIAN_POINT('',(5.077899564807,128.64297593703,
    276.64401792637));
#6971 = CARTESIAN_POINT('',(5.077725973267,128.72491847652,
    276.97394687457));
#6972 = CARTESIAN_POINT('',(5.077522419866,128.82473929266,
    277.38386124698));
#6973 = CARTESIAN_POINT('',(5.077236132272,128.93970402683,
    277.86755932474));
#6974 = CARTESIAN_POINT('',(5.077078529283,129.06701054954,
    278.41880297726));
#6975 = CARTESIAN_POINT('',(5.076275061869,129.20387333548,
    279.03148120246));
#6976 = CARTESIAN_POINT('',(5.077730936059,129.3474686164,
    279.69895443718));
#6977 = CARTESIAN_POINT('',(5.070618457181,129.49537585403,
    280.4164636517));
#6978 = CARTESIAN_POINT('',(5.095361993341,129.64414378214,
    281.1721093334));
#6979 = CARTESIAN_POINT('',(5.001110826477,129.79483242838,
    281.98049621048));
#6980 = CARTESIAN_POINT('',(5.350862819435,129.93249707633,
    282.75715514066));
#6981 = CARTESIAN_POINT('',(4.043496917122,130.10289869389,
    283.78720023671));
#6982 = CARTESIAN_POINT('',(8.920519481563,130.12633649185,283.97627687)
  );
#6983 = CARTESIAN_POINT('',(11.468443416825,130.36743217271,
    284.84862536334));
#6984 = CARTESIAN_POINT('',(13.671870991786,130.50149942855,
    285.99210248163));
#6985 = CARTESIAN_POINT('',(15.379658595369,130.56223238517,
    287.48902939306));
#6986 = CARTESIAN_POINT('',(16.67923656289,130.60362015076,
    289.28037494315));
#6987 = CARTESIAN_POINT('',(17.629344360949,130.63752135659,
    291.34795801747));
#6988 = CARTESIAN_POINT('',(18.272242790383,130.66377577904,
    293.66542471548));
#6989 = CARTESIAN_POINT('',(18.659077883418,130.65912484827,
    296.21197523217));
#6990 = CARTESIAN_POINT('',(18.854949919004,130.59765764137,
    298.96827386445));
#6991 = CARTESIAN_POINT('',(18.92293734775,130.45010448697,
    301.9179327688));
#6992 = CARTESIAN_POINT('',(18.927501082606,130.18649274051,
    305.0472938535));
#6993 = CARTESIAN_POINT('',(18.933064293237,129.77653392374,
    308.34649251287));
#6994 = CARTESIAN_POINT('',(18.875285794943,129.21016312532,
    311.80204074931));
#6995 = CARTESIAN_POINT('',(18.689481124919,128.47826817234,
    315.39441392847));
#6996 = CARTESIAN_POINT('',(18.312019297005,127.57301532126,
    319.09925273764));
#6997 = CARTESIAN_POINT('',(17.676851985565,126.48660182773,
    322.88771735479));
#6998 = CARTESIAN_POINT('',(16.731186690218,125.21263367787,
    326.72882885193));
#6999 = CARTESIAN_POINT('',(15.425860662975,123.7303462597,
    330.58714698379));
#7000 = CARTESIAN_POINT('',(13.705758201201,122.00808195393,
    334.43906933024));
#7001 = CARTESIAN_POINT('',(11.454367942398,120.01193899119,
    338.22086957942));
#7002 = CARTESIAN_POINT('',(8.901251112482,117.63664483286,
    342.0331126587));
#7003 = CARTESIAN_POINT('',(4.00920223637,115.51036896341,
    345.40383160156));
#7004 = CARTESIAN_POINT('',(5.317587234585,112.15824174637,
    350.03953293682));
#7005 = CARTESIAN_POINT('',(4.96424306052,107.84472333093,
    355.30727304253));
#7006 = CARTESIAN_POINT('',(5.05597778405,102.35430582102,
    361.13132481633));
#7007 = CARTESIAN_POINT('',(5.028418300347,95.619181656024,
    367.26054160523));
#7008 = CARTESIAN_POINT('',(5.032919419886,87.569889632107,
    373.46902711187));
#7009 = CARTESIAN_POINT('',(5.029036986305,78.191491560167,
    379.5099139133));
#7010 = CARTESIAN_POINT('',(5.027695197227,67.520832261789,
    385.13843242964));
#7011 = CARTESIAN_POINT('',(5.026030108819,55.654632735981,
    390.11898520013));
#7012 = CARTESIAN_POINT('',(5.024851202976,42.748885802402,
    394.23806588098));
#7013 = CARTESIAN_POINT('',(5.023967060156,29.014432922818,
    397.31586136151));
#7014 = CARTESIAN_POINT('',(5.023442688063,14.707502501217,
    399.21697556974));
#7015 = CARTESIAN_POINT('',(5.023325099572,4.980280071838,399.6449149211
    ));
#7016 = CARTESIAN_POINT('',(5.023325081493,0.12,399.64490166115));
#7017 = CARTESIAN_POINT('',(9.827051859495,128.3387927922,
    275.32291287775));
#7018 = CARTESIAN_POINT('',(9.827051859647,128.3387927902,
    275.32291288347));
#7019 = CARTESIAN_POINT('',(9.827053424429,128.34835060037,
    275.35869331519));
#7020 = CARTESIAN_POINT('',(9.827059651876,128.38941781692,
    275.51323805708));
#7021 = CARTESIAN_POINT('',(9.827070265969,128.45491874245,
    275.76224470262));
#7022 = CARTESIAN_POINT('',(9.827080076909,128.54228581216,
    276.09934199767));
#7023 = CARTESIAN_POINT('',(9.827104191471,128.64875393436,
    276.51818210607));
#7024 = CARTESIAN_POINT('',(9.827081358803,128.77142980388,
    277.01243988627));
#7025 = CARTESIAN_POINT('',(9.82723487354,128.90735486675,
    277.57575319547));
#7026 = CARTESIAN_POINT('',(9.826725877461,129.05356627359,
    278.20188926362));
#7027 = CARTESIAN_POINT('',(9.82867949252,129.20714128732,
    278.88407443061));
#7028 = CARTESIAN_POINT('',(9.821427213836,129.36527917635,
    279.61745422011));
#7029 = CARTESIAN_POINT('',(9.848511415898,129.52521908134,
    280.38987928767));
#7030 = CARTESIAN_POINT('',(9.747425129986,129.68474581701,
    281.21626842458));
#7031 = CARTESIAN_POINT('',(10.124648606669,129.84047711253,
    282.01034828313));
#7032 = CARTESIAN_POINT('',(8.716763448559,129.99440606931,
    283.06331957558));
#7033 = CARTESIAN_POINT('',(13.970959657031,130.12960991668,
    283.2574503794));
#7034 = CARTESIAN_POINT('',(16.550268360397,129.96265504728,
    284.20404555298));
#7035 = CARTESIAN_POINT('',(19.214342956733,129.77494140585,
    285.42369690315));
#7036 = CARTESIAN_POINT('',(21.174272834915,129.61468168245,
    287.00300198541));
#7037 = CARTESIAN_POINT('',(22.701168854109,129.50449000857,
    288.88189339173));
#7038 = CARTESIAN_POINT('',(23.787729969622,129.44095145579,
    291.04178301453));
#7039 = CARTESIAN_POINT('',(24.518703115338,129.40382220565,
    293.45555378752));
#7040 = CARTESIAN_POINT('',(24.960402430778,129.3648492301,
    296.1012074729));
#7041 = CARTESIAN_POINT('',(25.184423496811,129.28864551827,
    298.95866322672));
#7042 = CARTESIAN_POINT('',(25.26321032156,129.13688953389,
    302.01105216473));
#7043 = CARTESIAN_POINT('',(25.270069575575,128.87025394058,
    305.2445472462));
#7044 = CARTESIAN_POINT('',(25.278483007422,128.44931823326,
    308.64949347626));
#7045 = CARTESIAN_POINT('',(25.215164668111,127.87165895876,
    312.20921745984));
#7046 = CARTESIAN_POINT('',(25.006732192219,127.13604622852,
    315.90053332074));
#7047 = CARTESIAN_POINT('',(24.580369069258,126.24231179404,
    319.69515343177));
#7048 = CARTESIAN_POINT('',(23.863669918565,125.19088688048,
    323.56017334147));
#7049 = CARTESIAN_POINT('',(22.788932905199,123.9794095358,
    327.46076402474));
#7050 = CARTESIAN_POINT('',(21.2703285795,122.60640023299,331.3576853922
    ));
#7051 = CARTESIAN_POINT('',(19.309787262653,121.05406726034,
    335.22582259625));
#7052 = CARTESIAN_POINT('',(16.637593121416,119.3209106567,
    338.99540636751));
#7053 = CARTESIAN_POINT('',(14.013654760449,117.27790079213,
    342.78266269735));
#7054 = CARTESIAN_POINT('',(8.681916252901,115.02271377434,
    346.03667675682));
#7055 = CARTESIAN_POINT('',(10.107669596315,111.60120873434,
    350.74202569454));
#7056 = CARTESIAN_POINT('',(9.722173318546,107.21456479767,
    355.98087581308));
#7057 = CARTESIAN_POINT('',(9.821512800941,101.67075768974,
    361.75990722288));
#7058 = CARTESIAN_POINT('',(9.79059036564,94.902990953031,
    367.81339548914));
#7059 = CARTESIAN_POINT('',(9.794391582147,86.84834055732,
    373.92827865524));
#7060 = CARTESIAN_POINT('',(9.788902871604,77.495269285744,
    379.86438555043));
#7061 = CARTESIAN_POINT('',(9.786121293592,66.882250419801,
    385.38603644258));
#7062 = CARTESIAN_POINT('',(9.783030751966,55.104838858825,
    390.26615402013));
#7063 = CARTESIAN_POINT('',(9.780619716622,42.315066809966,
    394.29914772085));
#7064 = CARTESIAN_POINT('',(9.778775022955,28.717172025088,
    397.31164578317));
#7065 = CARTESIAN_POINT('',(9.777642678369,14.558671491502,
    399.17264331118));
#7066 = CARTESIAN_POINT('',(9.777386092337,4.931618277018,
    399.59186366383));
#7067 = CARTESIAN_POINT('',(9.777386092197,0.12,399.59185162594));
#7068 = CARTESIAN_POINT('',(14.352035558375,128.06267304236,
    274.50465734682));
#7069 = CARTESIAN_POINT('',(14.352035556714,128.06267303776,
    274.50465733162));
#7070 = CARTESIAN_POINT('',(14.352025604763,128.07283554623,
    274.54119337549));
#7071 = CARTESIAN_POINT('',(14.351982720564,128.11650486923,
    274.69900383244));
#7072 = CARTESIAN_POINT('',(14.351916407736,128.18616801127,
    274.95327915305));
#7073 = CARTESIAN_POINT('',(14.3518258889,128.27911105877,
    275.29752219091));
#7074 = CARTESIAN_POINT('',(14.351733166549,128.3924110449,
    275.72526190393));
#7075 = CARTESIAN_POINT('',(14.351577552359,128.52302086623,
    276.23005026913));
#7076 = CARTESIAN_POINT('',(14.351608470013,128.66778813889,
    276.80540593836));
#7077 = CARTESIAN_POINT('',(14.350918787524,128.82369381105,
    277.44496329679));
#7078 = CARTESIAN_POINT('',(14.352917818122,128.98724556736,
    278.14186254207));
#7079 = CARTESIAN_POINT('',(14.344905172812,129.15700032484,
    278.89098092382));
#7080 = CARTESIAN_POINT('',(14.374301591393,129.32438367568,
    279.68056974343));
#7081 = CARTESIAN_POINT('',(14.264151062696,129.50816049653,
    280.52343890255));
#7082 = CARTESIAN_POINT('',(14.674880867481,129.62597181095,
    281.34055717181));
#7083 = CARTESIAN_POINT('',(13.141758704547,129.97392306697,
    282.39545327401));
#7084 = CARTESIAN_POINT('',(18.863303630736,129.43686776172,
    282.67300849212));
#7085 = CARTESIAN_POINT('',(21.868280534881,128.99740441277,
    283.68575949182));
#7086 = CARTESIAN_POINT('',(24.782931329922,128.53604277717,
    284.98467961215));
#7087 = CARTESIAN_POINT('',(26.970298688852,128.1659539015,
    286.64808333457));
#7088 = CARTESIAN_POINT('',(28.662899910933,127.89509142558,
    288.61534441406));
#7089 = CARTESIAN_POINT('',(29.877135826089,127.72003931957,
    290.86647651584));
#7090 = CARTESIAN_POINT('',(30.69544434086,127.61370071976,
    293.37375738253));
#7091 = CARTESIAN_POINT('',(31.189889469627,127.53726811678,
    296.11458721027));
#7092 = CARTESIAN_POINT('',(31.441011393239,127.44533914335,
    299.06848336195));
#7093 = CARTESIAN_POINT('',(31.52975419134,127.2896382386,
    302.21834125337));
#7094 = CARTESIAN_POINT('',(31.538234440037,127.02115534349,
    305.55027967815));
#7095 = CARTESIAN_POINT('',(31.548692341359,126.59102163562,
    309.05482956668));
#7096 = CARTESIAN_POINT('',(31.479196993395,126.00499343019,
    312.71219253793));
#7097 = CARTESIAN_POINT('',(31.247743838385,125.27021186823,
    316.49572703954));
#7098 = CARTESIAN_POINT('',(30.773276900342,124.3951467821,
    320.37353533748));
#7099 = CARTESIAN_POINT('',(29.974764238014,123.38894095122,
    324.30903290962));
#7100 = CARTESIAN_POINT('',(28.779217374099,122.25845727458,
    328.26399884357));
#7101 = CARTESIAN_POINT('',(27.101697750911,121.00801596391,
    332.19544768429));
#7102 = CARTESIAN_POINT('',(24.924441599131,119.61917182629,
    336.07667296749));
#7103 = CARTESIAN_POINT('',(22.00341873914,118.10492102697,
    339.83105490514));
#7104 = CARTESIAN_POINT('',(18.991734054452,116.27335345461,
    343.59177830463));
#7105 = CARTESIAN_POINT('',(13.183732435458,114.61143881985,
    346.74616702879));
#7106 = CARTESIAN_POINT('',(14.750032750526,110.9286171866,
    351.51339827271));
#7107 = CARTESIAN_POINT('',(14.342501121728,106.52332764596,
    356.72266675563));
#7108 = CARTESIAN_POINT('',(14.4656309246,100.91611434279,
    362.45457313993));
#7109 = CARTESIAN_POINT('',(14.447869760164,94.124423969814,
    368.43113737753));
#7110 = CARTESIAN_POINT('',(14.468554870423,86.069399359507,
    374.45152142072));
#7111 = CARTESIAN_POINT('',(14.478936950162,76.748706983581,
    380.28237525046));
#7112 = CARTESIAN_POINT('',(14.491342411727,66.200668118773,
    385.6969836819));
#7113 = CARTESIAN_POINT('',(14.501746899463,54.519953353731,
    390.47669034579));
#7114 = CARTESIAN_POINT('',(14.510570607992,41.854419748826,
    394.42369941455));
#7115 = CARTESIAN_POINT('',(14.517145441092,28.401684411886,
    397.37098502695));
#7116 = CARTESIAN_POINT('',(14.52122637445,14.400536083009,
    399.19188559309));
#7117 = CARTESIAN_POINT('',(14.522145510118,4.879819992291,
    399.60237049638));
#7118 = CARTESIAN_POINT('',(14.522145511279,0.12,399.60235961283));
#7119 = CARTESIAN_POINT('',(18.922077028142,127.29739396596,
    273.79152465295));
#7120 = CARTESIAN_POINT('',(18.922077027847,127.2973939654,
    273.79152465413));
#7121 = CARTESIAN_POINT('',(18.922051679492,127.308146841,
    273.82878691212));
#7122 = CARTESIAN_POINT('',(18.921942919649,127.35435697301,
    273.98973679784));
#7123 = CARTESIAN_POINT('',(18.921772620166,127.4280850431,
    274.24907820627));
#7124 = CARTESIAN_POINT('',(18.921544942408,127.5264751162,
    274.60019453791));
#7125 = CARTESIAN_POINT('',(18.921289680224,127.64645154564,
    275.03649816707));
#7126 = CARTESIAN_POINT('',(18.920946126539,127.78481708356,
    275.5514248959));
#7127 = CARTESIAN_POINT('',(18.920794728883,127.93823592132,
    276.13838108381));
#7128 = CARTESIAN_POINT('',(18.919844541714,128.10361829002,
    276.79087440867));
#7129 = CARTESIAN_POINT('',(18.921849834074,128.27698043931,
    277.50196756116));
#7130 = CARTESIAN_POINT('',(18.912854399212,128.45796838463,
    278.26626807564));
#7131 = CARTESIAN_POINT('',(18.944996016667,128.63321814635,
    279.07246301806));
#7132 = CARTESIAN_POINT('',(18.823742720151,128.83867313285,
    279.93115080007));
#7133 = CARTESIAN_POINT('',(19.27514181459,128.92720313629,
    280.77095224608));
#7134 = CARTESIAN_POINT('',(17.589586227071,129.43602611065,
    281.82621967828));
#7135 = CARTESIAN_POINT('',(23.879498924025,128.34958321098,
    282.19008604188));
#7136 = CARTESIAN_POINT('',(27.1352020301,127.60426865997,283.277117511)
  );
#7137 = CARTESIAN_POINT('',(30.340908680639,126.85241425491,
    284.65863917681));
#7138 = CARTESIAN_POINT('',(32.736816377138,126.27728376099,
    286.40514586494));
#7139 = CARTESIAN_POINT('',(34.594342947928,125.85763839649,
    288.45811621267));
#7140 = CARTESIAN_POINT('',(35.923995081019,125.58455096092,
    290.79638234326));
#7141 = CARTESIAN_POINT('',(36.819749684941,125.417648979,
    293.39181036061));
#7142 = CARTESIAN_POINT('',(37.361111410875,125.30931508541,
    296.22203201375));
#7143 = CARTESIAN_POINT('',(37.636059132036,125.20469390975,
    299.26644582102));
#7144 = CARTESIAN_POINT('',(37.733278692032,125.0466118215,
    302.50776650558));
#7145 = CARTESIAN_POINT('',(37.742689012269,124.77740061299,
    305.93195171319));
#7146 = CARTESIAN_POINT('',(37.754343702098,124.33982711938,
    309.5294922973));
#7147 = CARTESIAN_POINT('',(37.678575888277,123.74695726065,
    313.27774407013));
#7148 = CARTESIAN_POINT('',(37.425718959049,123.01345159405,
    317.14699406729));
#7149 = CARTESIAN_POINT('',(36.907175586165,122.15550853366,
    321.10214260965));
#7150 = CARTESIAN_POINT('',(36.034762451988,121.19051133367,
    325.10331752165));
#7151 = CARTESIAN_POINT('',(34.728413083572,120.13301144256,
    329.10896767546));
#7152 = CARTESIAN_POINT('',(32.892596271942,118.99889301712,
    333.07330521079));
#7153 = CARTESIAN_POINT('',(30.514994357326,117.77369309314,
    336.96822729831));
#7154 = CARTESIAN_POINT('',(27.31697334369,116.49780527112,
    340.7103597074));
#7155 = CARTESIAN_POINT('',(24.061578275985,114.91108557849,
    344.44656317696));
#7156 = CARTESIAN_POINT('',(17.708772891624,113.72344652525,
    347.50513955245));
#7157 = CARTESIAN_POINT('',(19.433230643218,109.82553496288,
    352.32414660252));
#7158 = CARTESIAN_POINT('',(18.997796313157,105.40911841881,
    357.49685713016));
#7159 = CARTESIAN_POINT('',(19.14479958944,99.762551510027,
    363.17351723179));
#7160 = CARTESIAN_POINT('',(19.138424346187,92.973109441448,
    369.06538013929));
#7161 = CARTESIAN_POINT('',(19.174548514159,84.950004709489,
    374.9837922011));
#7162 = CARTESIAN_POINT('',(19.199209991472,75.698912842125,
    380.70256731561));
#7163 = CARTESIAN_POINT('',(19.225305711406,65.257949244765,
    386.00413039479));
#7164 = CARTESIAN_POINT('',(19.247847421357,53.720321669594,
    390.6783832488));
#7165 = CARTESIAN_POINT('',(19.266773085147,41.229099115165,
    394.53539596118));
#7166 = CARTESIAN_POINT('',(19.280917893286,27.974541907646,
    397.41452966575));
#7167 = CARTESIAN_POINT('',(19.289689718137,14.185906547225,
    399.19350643488));
#7168 = CARTESIAN_POINT('',(19.291668864748,4.809151518498,
    399.59482588915));
#7169 = CARTESIAN_POINT('',(19.291668849614,0.12,399.59481597702));
#7170 = CARTESIAN_POINT('',(23.563728006551,126.17575536182,
    273.16873119622));
#7171 = CARTESIAN_POINT('',(23.563728004208,126.17575537168,
    273.1687312133));
#7172 = CARTESIAN_POINT('',(23.563689391682,126.18708678101,
    273.2066916305));
#7173 = CARTESIAN_POINT('',(23.563523815438,126.23578673378,
    273.37065951635));
#7174 = CARTESIAN_POINT('',(23.563263703166,126.31349887808,
    273.63487212264));
#7175 = CARTESIAN_POINT('',(23.562917299303,126.41722911912,
    273.99259937354));
#7176 = CARTESIAN_POINT('',(23.562520911692,126.54375322595,
    274.43714333752));
#7177 = CARTESIAN_POINT('',(23.562013551294,126.68972877171,
    274.96182980433));
#7178 = CARTESIAN_POINT('',(23.561702257228,126.85163916633,
    275.55995981808));
#7179 = CARTESIAN_POINT('',(23.560523197645,127.02633554852,
    276.22491835335));
#7180 = CARTESIAN_POINT('',(23.562529170697,127.20932057104,
    276.94970540876));
#7181 = CARTESIAN_POINT('',(23.552675901099,127.40143250796,
    277.72863269808));
#7182 = CARTESIAN_POINT('',(23.587186919311,127.58415205204,
    278.55094884199));
#7183 = CARTESIAN_POINT('',(23.456305482003,127.81198383317,
    279.42459865271));
#7184 = CARTESIAN_POINT('',(23.942919922103,127.86788194398,
    280.28753116363));
#7185 = CARTESIAN_POINT('',(22.125308432851,128.54938995897,
    281.33869171705));
#7186 = CARTESIAN_POINT('',(28.907532900659,126.86884379682,
    281.80274136376));
#7187 = CARTESIAN_POINT('',(32.427530437153,125.84260412569,
    282.96315609714));
#7188 = CARTESIAN_POINT('',(35.880802714201,124.82779384664,
    284.42614095283));
#7189 = CARTESIAN_POINT('',(38.461697169508,124.07380722288,
    286.25219204249));
#7190 = CARTESIAN_POINT('',(40.460912198618,123.52540817576,
    288.38366449474));
#7191 = CARTESIAN_POINT('',(41.894811996997,123.16836120251,
    290.80125203513));
#7192 = CARTESIAN_POINT('',(42.861090120744,122.95309397419,
    293.47900373702));
#7193 = CARTESIAN_POINT('',(43.444820295515,122.82096652089,
    296.39289161635));
#7194 = CARTESIAN_POINT('',(43.7411792737,122.70814329255,
    299.52193578966));
#7195 = CARTESIAN_POINT('',(43.845800850931,122.5496546973,
    302.84856884795));
#7196 = CARTESIAN_POINT('',(43.855707271985,122.28070881121,
    306.35859042232));
#7197 = CARTESIAN_POINT('',(43.868023847033,121.83728506374,
    310.04233082454));
#7198 = CARTESIAN_POINT('',(43.786064702253,121.2383960304,
    313.87452936944));
#7199 = CARTESIAN_POINT('',(43.51316492863,120.50493653814,
    317.82279677069));
#7200 = CARTESIAN_POINT('',(42.953935560608,119.65991088684,
    321.84948609419));
#7201 = CARTESIAN_POINT('',(42.013217008014,118.72848391325,
    325.91231899879));
#7202 = CARTESIAN_POINT('',(40.605670859669,117.73427800504,
    329.96825603837));
#7203 = CARTESIAN_POINT('',(38.632609698447,116.70150069925,
    333.9669545194));
#7204 = CARTESIAN_POINT('',(36.076597508561,115.62014631807,
    337.87800496278));
#7205 = CARTESIAN_POINT('',(32.639761603971,114.56016245225,
    341.61334940727));
#7206 = CARTESIAN_POINT('',(29.133651257704,113.19840751615,
    345.33113843423));
#7207 = CARTESIAN_POINT('',(22.307399399681,112.5208128374,
    348.30722794051));
#7208 = CARTESIAN_POINT('',(24.168784281133,108.4101104105,
    353.16690416983));
#7209 = CARTESIAN_POINT('',(23.708485974589,103.99791316597,
    358.29840901804));
#7210 = CARTESIAN_POINT('',(23.875461544458,98.32818463306,
    363.91356993408));
#7211 = CARTESIAN_POINT('',(23.878126562243,91.561382182265,
    369.71524803577));
#7212 = CARTESIAN_POINT('',(23.92677851516,83.593810121617,
    375.52652964378));
#7213 = CARTESIAN_POINT('',(23.962976521478,74.439194961745,
    381.12866168196));
#7214 = CARTESIAN_POINT('',(24.000156018628,64.135103230785,
    386.31323495067));
#7215 = CARTESIAN_POINT('',(24.032528072682,52.772959544299,
    390.87875159857));
#7216 = CARTESIAN_POINT('',(24.059642599801,40.490665134487,
    394.64315347779));
#7217 = CARTESIAN_POINT('',(24.079928431991,27.470723806925,
    397.45219865741));
#7218 = CARTESIAN_POINT('',(24.092509824969,13.932433955026,
    399.18802435851));
#7219 = CARTESIAN_POINT('',(24.095351582852,4.725486969828,
    399.57988022675));
#7220 = CARTESIAN_POINT('',(24.095351523761,0.12,399.57987129443));
#7221 = CARTESIAN_POINT('',(28.273296745946,124.71050676413,
    272.6319730746));
#7222 = CARTESIAN_POINT('',(28.273296744817,124.71050669147,
    272.63197297289));
#7223 = CARTESIAN_POINT('',(28.273246378068,124.72239962466,
    272.67059816776));
#7224 = CARTESIAN_POINT('',(28.273030417767,124.77351714391,
    272.83744105313));
#7225 = CARTESIAN_POINT('',(28.272690487556,124.85509877567,
    273.1062954461));
#7226 = CARTESIAN_POINT('',(28.27223821559,124.96401735534,
    273.47032463596));
#7227 = CARTESIAN_POINT('',(28.271715448488,125.09690575952,
    273.9227274028));
#7228 = CARTESIAN_POINT('',(28.271060453401,125.25028183366,
    274.45672659767));
#7229 = CARTESIAN_POINT('',(28.270604151311,125.42045578976,
    275.06552523898));
#7230 = CARTESIAN_POINT('',(28.269215322503,125.60421975009,
    275.74239215284));
#7231 = CARTESIAN_POINT('',(28.271220126195,125.79659062557,
    276.48027372053));
#7232 = CARTESIAN_POINT('',(28.260575604299,125.99952227152,
    277.27318501907));
#7233 = CARTESIAN_POINT('',(28.297253138616,126.18965209605,
    278.11097161273));
#7234 = CARTESIAN_POINT('',(28.15752831656,126.43890540457,
    278.99882409514));
#7235 = CARTESIAN_POINT('',(28.676435427511,126.4645989267,
    279.8844256506));
#7236 = CARTESIAN_POINT('',(26.737657265726,127.30865408132,
    280.92982894811));
#7237 = CARTESIAN_POINT('',(33.971509339065,125.07083584384,
    281.49679595074));
#7238 = CARTESIAN_POINT('',(37.714870264771,123.79680266704,
    282.72992493234));
#7239 = CARTESIAN_POINT('',(41.384663956831,122.55548001288,
    284.26729507114));
#7240 = CARTESIAN_POINT('',(44.130229359733,121.65452103859,
    286.16372351364));
#7241 = CARTESIAN_POINT('',(46.258037565227,121.01331821706,
    288.37290274517));
#7242 = CARTESIAN_POINT('',(47.774181142963,120.60588353402,
    290.8683680846));
#7243 = CARTESIAN_POINT('',(48.794240177109,120.35910684717,
    293.61874666787));
#7244 = CARTESIAN_POINT('',(49.410681978795,120.21214290482,
    296.60659380307));
#7245 = CARTESIAN_POINT('',(49.723402417169,120.09522935408,
    299.8118793569));
#7246 = CARTESIAN_POINT('',(49.833589359618,119.93787614648,
    303.21683312554));
#7247 = CARTESIAN_POINT('',(49.84365671462,119.66970927643,
    306.80626801981));
#7248 = CARTESIAN_POINT('',(49.856179602107,119.22147453006,
    310.56945728892));
#7249 = CARTESIAN_POINT('',(49.769042584138,118.61669538002,
    314.47943476173));
#7250 = CARTESIAN_POINT('',(49.480268215067,117.88094272411,
    318.50194110226));
#7251 = CARTESIAN_POINT('',(48.889064658372,117.04193630568,
    322.59691669435));
#7252 = CARTESIAN_POINT('',(47.895832505414,116.13017579806,
    326.71906375078));
#7253 = CARTESIAN_POINT('',(46.408283270334,115.17292580609,
    330.81933975939));
#7254 = CARTESIAN_POINT('',(44.309650576368,114.21328306032,
    334.85130850494));
#7255 = CARTESIAN_POINT('',(41.593297405164,113.24870755663,
    338.78556652932));
#7256 = CARTESIAN_POINT('',(37.948102952907,112.37370815129,
    342.52314813157));
#7257 = CARTESIAN_POINT('',(34.227795634536,111.21049283597,
    346.2302506018));
#7258 = CARTESIAN_POINT('',(26.970578222576,111.0040321679,
    349.14155804236));
#7259 = CARTESIAN_POINT('',(28.955632345197,106.70353553929,
    354.02951584721));
#7260 = CARTESIAN_POINT('',(28.471706169455,102.30577911005,
    359.11554144018));
#7261 = CARTESIAN_POINT('',(28.65565450158,96.63050427102,
    364.66300298813));
#7262 = CARTESIAN_POINT('',(28.665257117255,89.905937380858,
    370.36924242011));
#7263 = CARTESIAN_POINT('',(28.723987444911,82.016778651681,
    376.06846726568));
#7264 = CARTESIAN_POINT('',(28.769398247667,72.984204807744,
    381.54963130523));
#7265 = CARTESIAN_POINT('',(28.815473595444,62.845070844416,
    386.6134808158));
#7266 = CARTESIAN_POINT('',(28.855747503966,51.688694915548,
    391.06714762421));
#7267 = CARTESIAN_POINT('',(28.889459234057,39.647508058465,
    394.73644570341));
#7268 = CARTESIAN_POINT('',(28.914701299079,26.895937244462,
    397.47354359476));
#7269 = CARTESIAN_POINT('',(28.930363221476,13.642992085975,
    399.16503223606));
#7270 = CARTESIAN_POINT('',(28.933904398974,4.629778240618,
    399.54713488972));
#7271 = CARTESIAN_POINT('',(28.933904273169,0.12,399.5471267297));
#7272 = CARTESIAN_POINT('',(33.052858081677,122.95011136836,
    272.17293761548));
#7273 = CARTESIAN_POINT('',(33.052858082247,122.95011160976,
    272.17293795702));
#7274 = CARTESIAN_POINT('',(33.052798079383,122.96254854998,
    272.21219420705));
#7275 = CARTESIAN_POINT('',(33.052540781605,123.01600629367,
    272.38176353115));
#7276 = CARTESIAN_POINT('',(33.052135256507,123.10133376199,
    272.65501996409));
#7277 = CARTESIAN_POINT('',(33.051595741853,123.21527612012,
    273.02502720143));
#7278 = CARTESIAN_POINT('',(33.050968514508,123.35432945764,
    273.48488794292));
#7279 = CARTESIAN_POINT('',(33.050190756518,123.51487751871,
    274.02772935523));
#7280 = CARTESIAN_POINT('',(33.049613745398,123.69306603979,
    274.6466638925));
#7281 = CARTESIAN_POINT('',(33.048047056329,123.88562581677,
    275.33485100571));
#7282 = CARTESIAN_POINT('',(33.05005466064,124.0871266915,
    276.08519262652));
#7283 = CARTESIAN_POINT('',(33.038722671171,124.3005229936,
    276.89140702533));
#7284 = CARTESIAN_POINT('',(33.077288837397,124.49806625766,
    277.74397079202));
#7285 = CARTESIAN_POINT('',(32.929853630329,124.76742132218,
    278.64522579663));
#7286 = CARTESIAN_POINT('',(33.476903466948,124.766565298,
    279.55297387985));
#7287 = CARTESIAN_POINT('',(31.432504056406,125.75831493416,
    280.59097087674));
#7288 = CARTESIAN_POINT('',(39.06000141706,123.01752026568,
    281.26334986227));
#7289 = CARTESIAN_POINT('',(42.989496603281,121.53993929513,
    282.55558337706));
#7290 = CARTESIAN_POINT('',(46.854725396661,120.1273611056,
    284.16784662128));
#7291 = CARTESIAN_POINT('',(49.719194907419,119.14116690195,
    286.13454636368));
#7292 = CARTESIAN_POINT('',(51.931543137221,118.42751882523,
    288.38723154552));
#7293 = CARTESIAN_POINT('',(53.541301242114,117.96418153861,
    290.92853531834));
#7294 = CARTESIAN_POINT('',(54.628977818757,117.70654675412,
    293.75181681588));
#7295 = CARTESIAN_POINT('',(55.284430859492,117.56290955456,
    296.8160617432));
#7296 = CARTESIAN_POINT('',(55.616865969777,117.45311587121,
    300.09712227169));
#7297 = CARTESIAN_POINT('',(55.733474373367,117.30128224264,
    303.57600269511));
#7298 = CARTESIAN_POINT('',(55.74349761228,117.03501112852,
    307.23843234488));
#7299 = CARTESIAN_POINT('',(55.756054114039,116.58347604919,
    311.07431394434));
#7300 = CARTESIAN_POINT('',(55.662508853042,115.97139696142,
    315.0537222488));
#7301 = CARTESIAN_POINT('',(55.354092394175,115.22640582716,
    319.14011318009));
#7302 = CARTESIAN_POINT('',(54.72401822541,114.38106430803,
    323.29334473903));
#7303 = CARTESIAN_POINT('',(53.663260890979,113.47433375152,
    327.47028173375));
#7304 = CARTESIAN_POINT('',(52.081788651073,112.55395248482,
    331.63525670832));
#7305 = CARTESIAN_POINT('',(49.900891011019,111.64403200007,
    335.71637196746));
#7306 = CARTESIAN_POINT('',(47.070359034724,110.74653989828,
    339.67278750945));
#7307 = CARTESIAN_POINT('',(43.234746949425,110.0096459807,
    343.42084607444));
#7308 = CARTESIAN_POINT('',(39.336410726662,109.00602866114,
    347.13076279544));
#7309 = CARTESIAN_POINT('',(31.703934908515,109.21868130025,
    349.99777353851));
#7310 = CARTESIAN_POINT('',(33.795825568648,104.75436864617,
    354.90121873878));
#7311 = CARTESIAN_POINT('',(33.290458950041,100.37932195418,
    359.93814586722));
#7312 = CARTESIAN_POINT('',(33.488130224446,94.714727881581,
    365.41225202067));
#7313 = CARTESIAN_POINT('',(33.502639746037,88.049577729338,
    371.01849591252));
#7314 = CARTESIAN_POINT('',(33.568978265205,80.258616102434,
    376.60145389858));
#7315 = CARTESIAN_POINT('',(33.621274082117,71.369743817689,
    381.95802991129));
#7316 = CARTESIAN_POINT('',(33.674042933944,61.418997148429,
    386.89806377283));
#7317 = CARTESIAN_POINT('',(33.720276662772,50.493325411461,
    391.23731435291));
#7318 = CARTESIAN_POINT('',(33.758981735082,38.719493990351,
    394.80944763417));
#7319 = CARTESIAN_POINT('',(33.787986067186,26.263665516907,
    397.47304759886));
#7320 = CARTESIAN_POINT('',(33.805993343075,13.324384182706,
    399.11919648489));
#7321 = CARTESIAN_POINT('',(33.810068964822,4.52428832083,
    399.49129608187));
#7322 = CARTESIAN_POINT('',(33.810068759874,0.12,399.4912887338));
#7323 = CARTESIAN_POINT('',(37.902814808797,120.93829675979,
    271.78477793453));
#7324 = CARTESIAN_POINT('',(37.902814809364,120.9382958473,
    271.78477662895));
#7325 = CARTESIAN_POINT('',(37.902747060729,120.95125281886,
    271.8246206398));
#7326 = CARTESIAN_POINT('',(37.902456493137,121.00695620213,
    271.99674128635));
#7327 = CARTESIAN_POINT('',(37.901998079446,121.0958816954,
    272.27412208291));
#7328 = CARTESIAN_POINT('',(37.90138802068,121.21465286666,
    272.64973491634));
#7329 = CARTESIAN_POINT('',(37.900676020753,121.35963589376,
    273.11659427522));
#7330 = CARTESIAN_POINT('',(37.899798121129,121.52708657608,
    273.66773985503));
#7331 = CARTESIAN_POINT('',(37.899122100402,121.7129964165,
    274.29620080942));
#7332 = CARTESIAN_POINT('',(37.897408514634,121.91403044911,
    274.99503812934));
#7333 = CARTESIAN_POINT('',(37.899416902106,122.12436160624,
    275.75710647101));
#7334 = CARTESIAN_POINT('',(37.887515955713,122.34779023861,
    276.5758754491));
#7335 = CARTESIAN_POINT('',(37.927632915047,122.55278971266,
    277.44231011153));
#7336 = CARTESIAN_POINT('',(37.773842368572,122.84052569517,
    278.3564721998));
#7337 = CARTESIAN_POINT('',(38.344058465427,122.81801746948,
    279.28419599204));
#7338 = CARTESIAN_POINT('',(36.212674370642,123.93771984338,
    280.31876136893));
#7339 = CARTESIAN_POINT('',(44.164309658272,120.76624249713,
    281.07751874255));
#7340 = CARTESIAN_POINT('',(48.261222871583,119.16494074219,
    282.44806030093));
#7341 = CARTESIAN_POINT('',(52.228107186868,117.63445864695,
    284.09375039262));
#7342 = CARTESIAN_POINT('',(55.249596900922,116.55726530096,
    286.08743291313));
#7343 = CARTESIAN_POINT('',(57.604894417207,115.87985178492,
    288.46754608595));
#7344 = CARTESIAN_POINT('',(59.189068479595,115.52013726242,
    291.13263629489));
#7345 = CARTESIAN_POINT('',(60.240484568998,115.27045222298,
    293.9893600375));
#7346 = CARTESIAN_POINT('',(60.879517885339,115.12086407582,
    297.08585343085));
#7347 = CARTESIAN_POINT('',(61.20270559097,115.00595622079,
    300.41227648398));
#7348 = CARTESIAN_POINT('',(61.31639259514,114.85377689356,
    303.95121065174));
#7349 = CARTESIAN_POINT('',(61.325969997011,114.58704628304,
    307.68077931939));
#7350 = CARTESIAN_POINT('',(61.337663249803,114.13022202778,
    311.58339264536));
#7351 = CARTESIAN_POINT('',(61.245641410345,113.51169592475,
    315.63320904278));
#7352 = CARTESIAN_POINT('',(60.945092727746,112.76129057482,
    319.7956965927));
#7353 = CARTESIAN_POINT('',(60.330531350729,111.90708636529,
    324.02487612539));
#7354 = CARTESIAN_POINT('',(59.306859176342,110.9774596087,
    328.2634233254));
#7355 = CARTESIAN_POINT('',(57.755997715101,109.97329823901,
    332.41936409905));
#7356 = CARTESIAN_POINT('',(55.432109689552,109.0392710277,
    336.50738449951));
#7357 = CARTESIAN_POINT('',(52.441709116956,108.19926883557,
    340.52172160888));
#7358 = CARTESIAN_POINT('',(48.512743066356,107.54853091197,
    344.30009247583));
#7359 = CARTESIAN_POINT('',(44.451819112174,106.64212131985,
    348.01420776506));
#7360 = CARTESIAN_POINT('',(36.512012724741,107.20273620321,
    350.86681626662));
#7361 = CARTESIAN_POINT('',(38.690781756392,102.605146734,
    355.77064065899));
#7362 = CARTESIAN_POINT('',(38.167189332639,98.258737718923,
    360.75586080481));
#7363 = CARTESIAN_POINT('',(38.375269235068,92.619904995271,
    366.15123062637));
#7364 = CARTESIAN_POINT('',(38.392885332804,86.029145553816,
    371.65350861512));
#7365 = CARTESIAN_POINT('',(38.464500676319,78.353442618896,
    377.11655689999));
#7366 = CARTESIAN_POINT('',(38.521495168564,69.626526772962,
    382.34550806855));
#7367 = CARTESIAN_POINT('',(38.578869950022,59.88357311597,
    387.15917416635));
#7368 = CARTESIAN_POINT('',(38.629216761928,49.208943917215,
    391.38191332418));
#7369 = CARTESIAN_POINT('',(38.671385595849,37.72363105374,
    394.85520066777));
#7370 = CARTESIAN_POINT('',(38.703011773779,25.585452750023,
    397.44402847314));
#7371 = CARTESIAN_POINT('',(38.722661192487,12.982437429642,
    399.04400162293));
#7372 = CARTESIAN_POINT('',(38.727113085199,4.410956296733,
    399.40588540345));
#7373 = CARTESIAN_POINT('',(38.727112794068,0.12,399.40587878598));
#7374 = CARTESIAN_POINT('',(42.821467782745,118.72116651832,
    271.45384778742));
#7375 = CARTESIAN_POINT('',(42.821467783346,118.72116992818,
    271.45385261103));
#7376 = CARTESIAN_POINT('',(42.821394618795,118.73464223381,
    271.49426747225));
#7377 = CARTESIAN_POINT('',(42.821080766694,118.79254007202,
    271.66882279152));
#7378 = CARTESIAN_POINT('',(42.820585288822,118.88497224747,
    271.95012612806));
#7379 = CARTESIAN_POINT('',(42.819925637222,119.00844505735,
    272.33106390772));
#7380 = CARTESIAN_POINT('',(42.819153978931,119.1592000843,
    272.80456901378));
#7381 = CARTESIAN_POINT('',(42.818204836376,119.33336876459,
    273.36359983591));
#7382 = CARTESIAN_POINT('',(42.817459691498,119.52679956623,
    274.00111036663));
#7383 = CARTESIAN_POINT('',(42.815636188305,119.73607506147,
    274.71006395945));
#7384 = CARTESIAN_POINT('',(42.817662284906,119.95505862456,
    275.48329595049));
#7385 = CARTESIAN_POINT('',(42.805286288556,120.1880950571,
    276.3139536142));
#7386 = CARTESIAN_POINT('',(42.846758676417,120.40102839428,
    277.1937955443));
#7387 = CARTESIAN_POINT('',(42.687491159286,120.70425949336,
    278.11949414586));
#7388 = CARTESIAN_POINT('',(43.277735269946,120.66978943205,
    279.06908433588));
#7389 = CARTESIAN_POINT('',(41.071205915086,121.88024151263,
    280.08984178178));
#7390 = CARTESIAN_POINT('',(49.302905883352,118.4159440438,
    280.97031320543));
#7391 = CARTESIAN_POINT('',(53.450933803663,116.68890214476,
    282.30442913178));
#7392 = CARTESIAN_POINT('',(57.694057842785,115.14388158139,
    284.08850167458));
#7393 = CARTESIAN_POINT('',(60.56592278736,114.25674585599,
    286.22083935276));
#7394 = CARTESIAN_POINT('',(62.812314966017,113.3872003538,
    288.36723112705));
#7395 = CARTESIAN_POINT('',(64.437595913304,112.78288371873,
    290.82267480568));
#7396 = CARTESIAN_POINT('',(65.537304365745,112.41640079391,
    293.60953117775));
#7397 = CARTESIAN_POINT('',(66.199510942459,112.22164507219,
    296.71466316745));
#7398 = CARTESIAN_POINT('',(66.535488608702,112.1053252641,
    300.09493662374));
#7399 = CARTESIAN_POINT('',(66.653062470459,111.97308636489,
    303.71101874151));
#7400 = CARTESIAN_POINT('',(66.662327505678,111.73161716389,
    307.52619233752));
#7401 = CARTESIAN_POINT('',(66.673162179459,111.292525111,
    311.51083413943));
#7402 = CARTESIAN_POINT('',(66.57592737388,110.69483523906,
    315.64835243879));
#7403 = CARTESIAN_POINT('',(66.260829829724,109.97764959965,
    319.9129299965));
#7404 = CARTESIAN_POINT('',(65.620523396203,109.18000887593,
    324.27005879097));
#7405 = CARTESIAN_POINT('',(64.544254164959,108.34114906773,
    328.67606986709));
#7406 = CARTESIAN_POINT('',(62.945772631013,107.49033335154,
    333.06870235039));
#7407 = CARTESIAN_POINT('',(60.732516487581,106.64515924028,
    337.35042303001));
#7408 = CARTESIAN_POINT('',(57.913478383327,105.66782875937,341.32232761
    ));
#7409 = CARTESIAN_POINT('',(53.698405660854,105.02831351665,
    345.11384238751));
#7410 = CARTESIAN_POINT('',(49.595398300931,104.19686774023,
    348.88480267325));
#7411 = CARTESIAN_POINT('',(41.388375164723,104.99236533107,
    351.73233415351));
#7412 = CARTESIAN_POINT('',(43.641516055966,100.30220728461,
    356.62718251675));
#7413 = CARTESIAN_POINT('',(43.100925149509,95.986008896454,
    361.5568853621));
#7414 = CARTESIAN_POINT('',(43.316637596606,90.386909110005,
    366.86887935363));
#7415 = CARTESIAN_POINT('',(43.335406241995,83.882825169086,
    372.26349492785));
#7416 = CARTESIAN_POINT('',(43.409976783456,76.336426258717,
    377.60341086715));
#7417 = CARTESIAN_POINT('',(43.469427138016,67.786033700483,
    382.70206917112));
#7418 = CARTESIAN_POINT('',(43.529264608239,58.266036998884,
    387.38715615593));
#7419 = CARTESIAN_POINT('',(43.581814310676,47.858021603897,
    391.49157306006));
#7420 = CARTESIAN_POINT('',(43.625858825215,36.677181387505,
    394.86455591737));
#7421 = CARTESIAN_POINT('',(43.658918703478,24.873004139916,
    397.37749467124));
#7422 = CARTESIAN_POINT('',(43.67947565662,12.623062654499,
    398.93054952313));
#7423 = CARTESIAN_POINT('',(43.684137953165,4.291751579589,
    399.2820251403));
#7424 = CARTESIAN_POINT('',(43.684137606713,0.12,399.28201931556));
#7425 = CARTESIAN_POINT('',(47.818034184296,116.35914229684,
    271.18690371955));
#7426 = CARTESIAN_POINT('',(47.818034183276,116.35912953736,
    271.18688569182));
#7427 = CARTESIAN_POINT('',(47.817956077734,116.37304235191,
    271.22774962583));
#7428 = CARTESIAN_POINT('',(47.817620940189,116.43292884518,
    271.40437751059));
#7429 = CARTESIAN_POINT('',(47.817091438139,116.52857711602,
    271.68907427451));
#7430 = CARTESIAN_POINT('',(47.816386121433,116.65638604146,
    272.07465352714));
#7431 = CARTESIAN_POINT('',(47.815558822971,116.81248307837,
    272.55397859217));
#7432 = CARTESIAN_POINT('',(47.814543959957,116.99288629286,
    273.11994132776));
#7433 = CARTESIAN_POINT('',(47.813729750372,117.19331192862,
    273.76542545393));
#7434 = CARTESIAN_POINT('',(47.811815176084,117.41027221663,
    274.48333871841));
#7435 = CARTESIAN_POINT('',(47.813804359167,117.63732783021,
    275.2664007192));
#7436 = CARTESIAN_POINT('',(47.801167825073,117.87939322536,
    276.10785678183));
#7437 = CARTESIAN_POINT('',(47.843199078845,118.09963771644,
    276.99875072676));
#7438 = CARTESIAN_POINT('',(47.681423317494,118.41791256024,
    277.93805534306));
#7439 = CARTESIAN_POINT('',(48.280602573418,118.37043976971,
    278.89483240164));
#7440 = CARTESIAN_POINT('',(46.04030330954,119.67288896738,
    279.94943543495));
#7441 = CARTESIAN_POINT('',(54.397618119221,115.90860064952,
    280.7665294287));
#7442 = CARTESIAN_POINT('',(58.786875392419,114.39698422506,
    282.42342489653));
#7443 = CARTESIAN_POINT('',(62.644398413727,112.78696978236,
    283.96098054711));
#7444 = CARTESIAN_POINT('',(65.665166145147,111.30469258205,
    285.52501245673));
#7445 = CARTESIAN_POINT('',(67.966322061334,110.24121231614,
    287.54156816478));
#7446 = CARTESIAN_POINT('',(69.609095102222,109.54645326098,
    289.99297093589));
#7447 = CARTESIAN_POINT('',(70.710366534055,109.15452535716,
    292.85724343898));
#7448 = CARTESIAN_POINT('',(71.375470255026,108.966057991,
    296.04618051546));
#7449 = CARTESIAN_POINT('',(71.712293563276,108.87887679787,
    299.51846724524));
#7450 = CARTESIAN_POINT('',(71.830227449367,108.78569287924,
    303.22492079991));
#7451 = CARTESIAN_POINT('',(71.839319542648,108.58335942216,
    307.12665489045));
#7452 = CARTESIAN_POINT('',(71.849778152519,108.17452556938,
    311.19108094907));
#7453 = CARTESIAN_POINT('',(71.751550891427,107.60624982814,
    315.40412104657));
#7454 = CARTESIAN_POINT('',(71.434799156049,106.9249158422,
    319.74344862611));
#7455 = CARTESIAN_POINT('',(70.790368567915,106.17603915681,
    324.18179680471));
#7456 = CARTESIAN_POINT('',(69.710995193726,105.40395538793,
    328.67959564505));
#7457 = CARTESIAN_POINT('',(68.091691440356,104.64199492615,
    333.20178397781));
#7458 = CARTESIAN_POINT('',(65.81862031042,103.92429125699,
    337.67380346548));
#7459 = CARTESIAN_POINT('',(62.826268521757,103.27258801918,
    342.05352322696));
#7460 = CARTESIAN_POINT('',(59.037461560166,102.62882568057,
    345.97008221082));
#7461 = CARTESIAN_POINT('',(54.684754165089,101.66209332494,
    349.66526910955));
#7462 = CARTESIAN_POINT('',(46.369081496649,102.65306779405,
    352.60346723308));
#7463 = CARTESIAN_POINT('',(48.652782080381,97.890385988348,
    357.45703104484));
#7464 = CARTESIAN_POINT('',(48.105324560165,93.609926508913,
    362.33412330648));
#7465 = CARTESIAN_POINT('',(48.324085063581,88.06114496875,
    367.55718332607));
#7466 = CARTESIAN_POINT('',(48.343149426233,81.653783978596,
    372.84181966455));
#7467 = CARTESIAN_POINT('',(48.418678049863,74.247319250032,
    378.05632284269));
#7468 = CARTESIAN_POINT('',(48.478849785729,65.884024946653,
    383.0231740545));
#7469 = CARTESIAN_POINT('',(48.53941644509,56.597433302684,
    387.57857161899));
#7470 = CARTESIAN_POINT('',(48.592624325271,46.466257030166,
    391.5638831291));
#7471 = CARTESIAN_POINT('',(48.637247059515,35.599938516763,
    394.83597666089));
#7472 = CARTESIAN_POINT('',(48.67076532166,24.139765653375,
    397.27257622253));
#7473 = CARTESIAN_POINT('',(48.691624017516,12.253053974554,
    398.77838634796));
#7474 = CARTESIAN_POINT('',(48.696359518268,4.168936357928,
    399.11935552645));
#7475 = CARTESIAN_POINT('',(48.696359130222,0.12,399.11935039416));
#7476 = CARTESIAN_POINT('',(52.863263157874,113.87194460475,
    270.91034124011));
#7477 = CARTESIAN_POINT('',(52.863263151425,113.87199222495,
    270.91040844033));
#7478 = CARTESIAN_POINT('',(52.863187565129,113.88654053491,
    270.95198701446));
#7479 = CARTESIAN_POINT('',(52.862863205607,113.94882247543,
    271.13122316902));
#7480 = CARTESIAN_POINT('',(52.862350968372,114.0481961729,
    271.41997623444));
#7481 = CARTESIAN_POINT('',(52.861668485727,114.18093991297,
    271.81097667713));
#7482 = CARTESIAN_POINT('',(52.86086976694,114.34305541224,
    272.29701007739));
#7483 = CARTESIAN_POINT('',(52.859885107957,114.53042794707,
    272.87088645951));
#7484 = CARTESIAN_POINT('',(52.859114487463,114.73865018644,
    273.52543071279));
#7485 = CARTESIAN_POINT('',(52.85720930738,114.96406788703,
    274.25340614522));
#7486 = CARTESIAN_POINT('',(52.85934757592,115.20023482606,
    275.04770097394));
#7487 = CARTESIAN_POINT('',(52.846347253953,115.45146991891,
    275.90054861789));
#7488 = CARTESIAN_POINT('',(52.88993377076,115.68255759511,
    276.80636985014));
#7489 = CARTESIAN_POINT('',(52.722552965506,116.00673410301,
    277.75111431144));
#7490 = CARTESIAN_POINT('',(53.34284843638,115.98434763076,
    278.75200325818));
#7491 = CARTESIAN_POINT('',(51.023936136379,117.2404974534,
    279.70918789974));
#7492 = CARTESIAN_POINT('',(59.674825908312,113.69604266011,
    280.95936286128));
#7493 = CARTESIAN_POINT('',(63.589342655223,111.84725128342,
    281.97951707342));
#7494 = CARTESIAN_POINT('',(67.706925767586,109.56655657796,
    282.92398013083));
#7495 = CARTESIAN_POINT('',(70.664438753137,107.94424141857,
    284.46366722097));
#7496 = CARTESIAN_POINT('',(72.961108345086,106.74632357985,
    286.53537409976));
#7497 = CARTESIAN_POINT('',(74.593875009898,105.98916062753,
    289.03893103119));
#7498 = CARTESIAN_POINT('',(75.691704967694,105.57453277728,
    291.88773553449));
#7499 = CARTESIAN_POINT('',(76.35311188821,105.4148665629,
    295.13723500252));
#7500 = CARTESIAN_POINT('',(76.688225505522,105.3780048564,
    298.68096190865));
#7501 = CARTESIAN_POINT('',(76.805513685892,105.34474191866,
    302.4707687608));
#7502 = CARTESIAN_POINT('',(76.814560908099,105.20016866183,
    306.45566535919));
#7503 = CARTESIAN_POINT('',(76.824840880525,104.83912922485,
    310.59611836472));
#7504 = CARTESIAN_POINT('',(76.7269967692,104.31488364759,314.8843383882
    ));
#7505 = CARTESIAN_POINT('',(76.411556565626,103.6781510972,
    319.30549142185));
#7506 = CARTESIAN_POINT('',(75.770214563604,102.97942716769,
    323.83609675673));
#7507 = CARTESIAN_POINT('',(74.692944924338,102.26309854065,
    328.46009451894));
#7508 = CARTESIAN_POINT('',(73.082021429098,101.58114564036,
    333.10441113032));
#7509 = CARTESIAN_POINT('',(70.808488459251,100.98645116773,
    337.71824396219));
#7510 = CARTESIAN_POINT('',(67.882037408569,100.43756827424,
    342.22864487486));
#7511 = CARTESIAN_POINT('',(63.791240224244,100.13816230609,
    346.56365572611));
#7512 = CARTESIAN_POINT('',(59.962793938287,99.306364230212,
    350.54209640796));
#7513 = CARTESIAN_POINT('',(51.348946101778,100.16211279578,
    353.40320726167));
#7514 = CARTESIAN_POINT('',(53.711328372984,95.422073921872,
    358.25410829338));
#7515 = CARTESIAN_POINT('',(53.140966518759,91.159497234384,
    363.0621139261));
#7516 = CARTESIAN_POINT('',(53.363494329575,85.674312155838,
    368.1948701348));
#7517 = CARTESIAN_POINT('',(53.378739800244,79.369144457359,
    373.36454709346));
#7518 = CARTESIAN_POINT('',(53.452198554896,72.110387472505,
    378.45010824949));
#7519 = CARTESIAN_POINT('',(53.509737210945,63.941287676235,
    383.28172761162));
#7520 = CARTESIAN_POINT('',(53.567927487852,54.895142793086,
    387.70447127059));
#7521 = CARTESIAN_POINT('',(53.618983646225,45.047566485454,
    391.56808221266));
#7522 = CARTESIAN_POINT('',(53.661843733208,34.502365768567,
    394.73711802011));
#7523 = CARTESIAN_POINT('',(53.694058137467,23.392747895701,
    397.09569331943));
#7524 = CARTESIAN_POINT('',(53.714123814388,11.875952168767,
    398.55315254695));
#7525 = CARTESIAN_POINT('',(53.718683729787,4.043701623422,
    398.88334122661));
#7526 = CARTESIAN_POINT('',(53.718683359433,0.12,398.88333672512));
#7527 = CARTESIAN_POINT('',(58.075197302063,111.44701239925,
    270.84580220885));
#7528 = CARTESIAN_POINT('',(58.075197305391,111.4468346463,
    270.84555131613));
#7529 = CARTESIAN_POINT('',(58.075106496144,111.46122238303,
    270.88666207687));
#7530 = CARTESIAN_POINT('',(58.074716592288,111.52408754952,
    271.06568169283));
#7531 = CARTESIAN_POINT('',(58.074099042329,111.62481807936,
    271.354689451));
#7532 = CARTESIAN_POINT('',(58.073275230512,111.75963907239,
    271.74640753972));
#7533 = CARTESIAN_POINT('',(58.072300904032,111.92449563872,
    272.23361439138));
#7534 = CARTESIAN_POINT('',(58.071116229992,112.11521798196,
    272.80912349401));
#7535 = CARTESIAN_POINT('',(58.070101183255,112.32732925902,
    273.46573198422));
#7536 = CARTESIAN_POINT('',(58.067998943603,112.55715314743,
    274.1962943086));
#7537 = CARTESIAN_POINT('',(58.06966224209,112.79804007853,
    274.9933432332));
#7538 = CARTESIAN_POINT('',(58.057140187577,113.05478002289,
    275.8504160051));
#7539 = CARTESIAN_POINT('',(58.097580495854,113.2901115769,
    276.75703354597));
#7540 = CARTESIAN_POINT('',(57.94052990247,113.62462037192,
    277.71738397016));
#7541 = CARTESIAN_POINT('',(58.520826727086,113.59094458495,
    278.68055730622));
#7542 = CARTESIAN_POINT('',(56.34972696228,114.91732280181,
    279.80089192686));
#7543 = CARTESIAN_POINT('',(64.447504460413,111.13942467889,
    280.46634255902));
#7544 = CARTESIAN_POINT('',(68.61267978543,108.46521441685,
    280.71434435959));
#7545 = CARTESIAN_POINT('',(72.586915714363,106.02727778827,
    281.71476487639));
#7546 = CARTESIAN_POINT('',(75.526365796021,104.18152036191,
    283.19401782397));
#7547 = CARTESIAN_POINT('',(77.778800252359,102.88518735923,
    285.18099397952));
#7548 = CARTESIAN_POINT('',(79.379902076316,102.15936904758,
    287.92492050108));
#7549 = CARTESIAN_POINT('',(80.453491757269,101.8486873627,
    291.34367639179));
#7550 = CARTESIAN_POINT('',(81.099994459547,101.7429715489,
    294.87032375195));
#7551 = CARTESIAN_POINT('',(81.427470955918,101.74968750428,
    298.60045436666));
#7552 = CARTESIAN_POINT('',(81.542268496761,101.74869432422,
    302.4783584916));
#7553 = CARTESIAN_POINT('',(81.551394664654,101.63134756607,
    306.50406860139));
#7554 = CARTESIAN_POINT('',(81.561728802821,101.28957921992,
    310.6676739082));
#7555 = CARTESIAN_POINT('',(81.466487114472,100.78595127916,
    314.93993197372));
#7556 = CARTESIAN_POINT('',(81.158740341069,100.18561241235,
    319.29167021653));
#7557 = CARTESIAN_POINT('',(80.532155071685,99.548144872715,
    323.71366268409));
#7558 = CARTESIAN_POINT('',(79.478816888296,98.947492499801,
    328.15451627091));
#7559 = CARTESIAN_POINT('',(77.898067314097,98.380288078639,
    332.74722373582));
#7560 = CARTESIAN_POINT('',(75.667323342812,97.873282323189,
    337.45813881898));
#7561 = CARTESIAN_POINT('',(72.750323590199,97.426792117113,
    342.21373183423));
#7562 = CARTESIAN_POINT('',(68.810766267348,97.239245611046,
    346.68824015657));
#7563 = CARTESIAN_POINT('',(64.671189622572,96.806351444726,
    351.12656397417));
#7564 = CARTESIAN_POINT('',(56.694543567396,97.721329783665,
    354.26414038969));
#7565 = CARTESIAN_POINT('',(58.887312275259,92.961329983184,
    359.01122782841));
#7566 = CARTESIAN_POINT('',(58.363273723974,88.737031893374,
    363.77425326949));
#7567 = CARTESIAN_POINT('',(58.573999548297,83.317919865954,
    368.81042498197));
#7568 = CARTESIAN_POINT('',(58.592754845242,77.120567148329,
    373.86980615362));
#7569 = CARTESIAN_POINT('',(58.665384360544,70.012030203742,
    378.83044182806));
#7570 = CARTESIAN_POINT('',(58.723069331698,62.037704797683,
    383.53265043258));
#7571 = CARTESIAN_POINT('',(58.781021466585,53.230043083162,
    387.82894734642));
#7572 = CARTESIAN_POINT('',(58.831886966792,43.661699691183,
    391.57701724479));
#7573 = CARTESIAN_POINT('',(58.874547979403,33.431092549997,
    394.64843137738));
#7574 = CARTESIAN_POINT('',(58.906614058874,22.663869685105,
    396.93318821228));
#7575 = CARTESIAN_POINT('',(58.926591264571,11.507900746612,
    398.34490270421));
#7576 = CARTESIAN_POINT('',(58.931134275255,3.921396794025,
    398.66487502785));
#7577 = CARTESIAN_POINT('',(58.931133922772,0.12,398.66487115217));
#7578 = CARTESIAN_POINT('',(63.026221821051,108.66173481699,
    270.10813533183));
#7579 = CARTESIAN_POINT('',(63.026221817578,108.66239821788,
    270.10907166139));
#7580 = CARTESIAN_POINT('',(63.026194126323,108.67955172293,
    270.15393556809));
#7581 = CARTESIAN_POINT('',(63.026076019585,108.74957272425,
    270.34245332568));
#7582 = CARTESIAN_POINT('',(63.025893639431,108.86019591218,
    270.64457112204));
#7583 = CARTESIAN_POINT('',(63.025653271252,109.00735706366,
    271.05276425866));
#7584 = CARTESIAN_POINT('',(63.025395050124,109.18669251784,
    271.55956360412));
#7585 = CARTESIAN_POINT('',(63.02504140041,109.39373373973,
    272.15755859482));
#7586 = CARTESIAN_POINT('',(63.024959774341,109.62363098567,
    272.83924181216));
#7587 = CARTESIAN_POINT('',(63.023859864216,109.87259901706,
    273.59745832568));
#7588 = CARTESIAN_POINT('',(63.026638832598,110.13290348188,
    274.42361347216));
#7589 = CARTESIAN_POINT('',(63.015100185072,110.41192125557,
    275.31426362953));
#7590 = CARTESIAN_POINT('',(63.057230232112,110.66132325212,
    276.24643960877));
#7591 = CARTESIAN_POINT('',(62.899370729828,111.04165229481,
    277.26968032208));
#7592 = CARTESIAN_POINT('',(63.488249404105,110.93515678946,
    278.16251643909));
#7593 = CARTESIAN_POINT('',(61.290682968516,112.63016400288,
    279.71446682907));
#7594 = CARTESIAN_POINT('',(69.492732514421,107.57099617535,
    278.94155560048));
#7595 = CARTESIAN_POINT('',(73.509283879555,104.73490987077,
    279.37149491204));
#7596 = CARTESIAN_POINT('',(77.430446372389,101.92797737227,
    280.04307240209));
#7597 = CARTESIAN_POINT('',(80.287610987222,100.1401527735,
    282.09800054617));
#7598 = CARTESIAN_POINT('',(82.477575788874,99.022271157048,
    285.03292567716));
#7599 = CARTESIAN_POINT('',(84.029135618312,98.380249053534,
    288.28615631782));
#7600 = CARTESIAN_POINT('',(85.067911461982,98.071636973125,
    291.71495516856));
#7601 = CARTESIAN_POINT('',(85.693168274346,97.987209321908,
    295.32820118367));
#7602 = CARTESIAN_POINT('',(86.00968983322,98.004100529563,
    299.04556299535));
#7603 = CARTESIAN_POINT('',(86.120729132691,98.015342723317,
    302.86387570464));
#7604 = CARTESIAN_POINT('',(86.129685174313,97.91473927459,
    306.78405919443));
#7605 = CARTESIAN_POINT('',(86.139800199094,97.598287262905,
    310.80607594966));
#7606 = CARTESIAN_POINT('',(86.047962924152,97.134400506388,
    314.91792079706));
#7607 = CARTESIAN_POINT('',(85.750918405192,96.587086340922,
    319.12383549252));
#7608 = CARTESIAN_POINT('',(85.145626842806,96.007156785332,
    323.4523320887));
#7609 = CARTESIAN_POINT('',(84.127288135258,95.43729610782,
    327.92918690611));
#7610 = CARTESIAN_POINT('',(82.597164706288,94.859922091386,
    332.66414466065));
#7611 = CARTESIAN_POINT('',(80.428507533633,94.427967963001,
    337.34122111756));
#7612 = CARTESIAN_POINT('',(77.591674967859,94.243909866323,
    341.82164657247));
#7613 = CARTESIAN_POINT('',(73.694992454765,94.151907234912,
    346.6123187275));
#7614 = CARTESIAN_POINT('',(69.707435834845,93.802046740785,
    351.2120075414));
#7615 = CARTESIAN_POINT('',(61.570907662481,95.30989518972,
    355.0602786367));
#7616 = CARTESIAN_POINT('',(63.791000919651,90.375754421935,
    359.58230578773));
#7617 = CARTESIAN_POINT('',(63.241198218442,86.22250094125,
    364.31988213168));
#7618 = CARTESIAN_POINT('',(63.43782980902,80.855113041791,
    369.23431411555));
#7619 = CARTESIAN_POINT('',(63.437430934227,74.767228384311,
    374.16451790688));
#7620 = CARTESIAN_POINT('',(63.491189803135,67.810088138977,
    378.97543697135));
#7621 = CARTESIAN_POINT('',(63.529898864288,60.036059477567,
    383.52250382392));
#7622 = CARTESIAN_POINT('',(63.570007555198,51.475748494636,
    387.66628376465));
#7623 = CARTESIAN_POINT('',(63.604947730995,42.199190168231,
    391.27434036498));
#7624 = CARTESIAN_POINT('',(63.634395041893,32.299075106085,
    394.22687985269));
#7625 = CARTESIAN_POINT('',(63.656569332902,21.892953332945,
    396.42135707962));
#7626 = CARTESIAN_POINT('',(63.67042349393,11.118453143542,
    397.77690949053));
#7627 = CARTESIAN_POINT('',(63.67357985198,3.79200629961,398.08429214718
    ));
#7628 = CARTESIAN_POINT('',(63.673579682244,0.12,398.0842890638));
#7629 = CARTESIAN_POINT('',(68.167139172166,104.58705738203,
    267.81784314609));
#7630 = CARTESIAN_POINT('',(68.167139177794,104.58458151786,
    267.81434866327));
#7631 = CARTESIAN_POINT('',(68.167129597104,104.60004947394,
    267.85659859541));
#7632 = CARTESIAN_POINT('',(68.167089516459,104.68026813934,
    268.05833658407));
#7633 = CARTESIAN_POINT('',(68.167032545968,104.81258552939,
    268.38929313415));
#7634 = CARTESIAN_POINT('',(68.166961639116,104.99158199898,
    268.84047738186));
#7635 = CARTESIAN_POINT('',(68.16691284119,105.21145079152,
    269.40298650971));
#7636 = CARTESIAN_POINT('',(68.166807025572,105.46624722058,
    270.0680001393));
#7637 = CARTESIAN_POINT('',(68.167000268772,105.74959085346,
    270.82656605819));
#7638 = CARTESIAN_POINT('',(68.16622714787,106.05635649694,
    271.67018938013));
#7639 = CARTESIAN_POINT('',(68.169273913176,106.37689469966,
    272.58845103114));
#7640 = CARTESIAN_POINT('',(68.15833941044,106.71908434275,
    273.57774368345));
#7641 = CARTESIAN_POINT('',(68.199915291234,107.02646662263,
    274.6085488896));
#7642 = CARTESIAN_POINT('',(68.045901488607,107.48416015957,
    275.74747291439));
#7643 = CARTESIAN_POINT('',(68.622261531527,107.37750788891,
    276.70174679772));
#7644 = CARTESIAN_POINT('',(66.473283458776,109.35195180986,
    278.51914909292));
#7645 = CARTESIAN_POINT('',(74.495878755977,103.51519878166,
    277.24380899942));
#7646 = CARTESIAN_POINT('',(78.43162238235,100.31868564031,
    277.42111360649));
#7647 = CARTESIAN_POINT('',(82.24112274564,97.732615590245,
    279.38981318518));
#7648 = CARTESIAN_POINT('',(85.011979988068,96.014612569367,
    281.9164091379));
#7649 = CARTESIAN_POINT('',(87.130381260602,94.9527596127,
    285.09271133701));
#7650 = CARTESIAN_POINT('',(88.62818150418,94.377442972684,
    288.58612424835));
#7651 = CARTESIAN_POINT('',(89.629783701471,94.123263500205,
    292.24157796845));
#7652 = CARTESIAN_POINT('',(90.230858738519,94.062597517445,
    295.94020589843));
#7653 = CARTESIAN_POINT('',(90.535406914658,94.090056026027,
    299.67033245888));
#7654 = CARTESIAN_POINT('',(90.64230307097,94.106948092416,
    303.43775900924));
#7655 = CARTESIAN_POINT('',(90.651184274007,94.014298437095,
    307.26291733813));
#7656 = CARTESIAN_POINT('',(90.661251720639,93.711839648532,
    311.15997070553));
#7657 = CARTESIAN_POINT('',(90.57343439476,93.27433855812,
    315.11472285281));
#7658 = CARTESIAN_POINT('',(90.288240450865,92.773029270941,
    319.1297676786));
#7659 = CARTESIAN_POINT('',(89.70680294599,92.268416068048,
    323.22693730638));
#7660 = CARTESIAN_POINT('',(88.725426330229,91.81128727315,
    327.4442134007));
#7661 = CARTESIAN_POINT('',(87.248342212659,91.415870388571,
    331.84382952394));
#7662 = CARTESIAN_POINT('',(85.151329744399,91.111534366752,
    336.4816697195));
#7663 = CARTESIAN_POINT('',(82.403536270933,90.569612255364,
    341.79139892874));
#7664 = CARTESIAN_POINT('',(78.615290443631,90.795167446465,
    346.26735833275));
#7665 = CARTESIAN_POINT('',(74.699178804923,90.589184350077,
    351.01013699196));
#7666 = CARTESIAN_POINT('',(66.726913219602,92.377442504465,
    355.39677586188));
#7667 = CARTESIAN_POINT('',(68.896341576496,87.340464281017,
    359.7347929244));
#7668 = CARTESIAN_POINT('',(68.351976008577,83.237268678031,
    364.41310982676));
#7669 = CARTESIAN_POINT('',(68.537655998808,77.936842423267,
    369.17808206274));
#7670 = CARTESIAN_POINT('',(68.529582207746,71.976155904975,
    373.93973539451));
#7671 = CARTESIAN_POINT('',(68.574031928135,65.199957680115,
    378.55869226817));
#7672 = CARTESIAN_POINT('',(68.60357958656,57.664849664194,
    382.90707390395));
#7673 = CARTESIAN_POINT('',(68.634745533624,49.399531840871,
    386.85672395715));
#7674 = CARTESIAN_POINT('',(68.661534261101,40.470121563441,
    390.28744161771));
#7675 = CARTESIAN_POINT('',(68.684055424392,30.962175549895,
    393.0901214133));
#7676 = CARTESIAN_POINT('',(68.700946570677,20.983431108037,
    395.17120849738));
#7677 = CARTESIAN_POINT('',(68.711484576192,10.659411599163,
    396.45640533784));
#7678 = CARTESIAN_POINT('',(68.71388478552,3.639550436368,
    396.74803749082));
#7679 = CARTESIAN_POINT('',(68.713884692345,0.12,396.74803501189));
#7680 = CARTESIAN_POINT('',(73.366474963058,98.937850124299,
    263.8887319341));
#7681 = CARTESIAN_POINT('',(73.366474936655,98.947090159028,
    263.90177343073));
#7682 = CARTESIAN_POINT('',(73.366481627829,98.992368736879,
    263.98355163339));
#7683 = CARTESIAN_POINT('',(73.36651255117,99.134719065798,
    264.26272241434));
#7684 = CARTESIAN_POINT('',(73.366570668739,99.344697486557,
    264.68808829398));
#7685 = CARTESIAN_POINT('',(73.366656667194,99.614880188148,
    265.249535275));
#7686 = CARTESIAN_POINT('',(73.366803536894,99.937375303387,
    265.93705324882));
#7687 = CARTESIAN_POINT('',(73.366932065006,100.30412681901,
    266.74071907553));
#7688 = CARTESIAN_POINT('',(73.367387165176,100.7065926995,
    267.65042737327));
#7689 = CARTESIAN_POINT('',(73.366933530141,101.13769175068,
    268.65659802878));
#7690 = CARTESIAN_POINT('',(73.370233344742,101.5852223753,
    269.74727784475));
#7691 = CARTESIAN_POINT('',(73.359936594188,102.05704774334,
    270.9187428483));
#7692 = CARTESIAN_POINT('',(73.400839079719,102.4876666103,
    272.13576076202));
#7693 = CARTESIAN_POINT('',(73.251157163302,103.08739776842,
    273.47977014624));
#7694 = CARTESIAN_POINT('',(73.813268062241,103.03964553577,
    274.59578993806));
#7695 = CARTESIAN_POINT('',(71.719471420815,105.36314658036,
    276.75654565845));
#7696 = CARTESIAN_POINT('',(79.538200472423,98.766126906585,
    275.15904977663));
#7697 = CARTESIAN_POINT('',(83.337723118668,95.837011585274,
    276.64263389866));
#7698 = CARTESIAN_POINT('',(87.018222391014,93.197911855281,
    278.70557060735));
#7699 = CARTESIAN_POINT('',(89.684029853669,91.729669203113,
    281.99683225076));
#7700 = CARTESIAN_POINT('',(91.714782134065,90.816819742216,
    285.64836934128));
#7701 = CARTESIAN_POINT('',(93.149056713785,90.330048122234,
    289.46385455135));
#7702 = CARTESIAN_POINT('',(94.106908953022,90.105372937516,
    293.26798055077));
#7703 = CARTESIAN_POINT('',(94.686304690895,90.043716338188,
    297.01642499839));
#7704 = CARTESIAN_POINT('',(94.978632377294,90.059264667443,
    300.71083928513));
#7705 = CARTESIAN_POINT('',(95.081577073769,90.062181745457,
    304.38321808507));
#7706 = CARTESIAN_POINT('',(95.090283749694,89.961546259835,
    308.07072084433));
#7707 = CARTESIAN_POINT('',(95.100308387029,89.661479049103,
    311.80154618123));
#7708 = CARTESIAN_POINT('',(95.016278253636,89.241829288189,
    315.56294647936));
#7709 = CARTESIAN_POINT('',(94.743191911417,88.777444105969,
    319.36246718081));
#7710 = CARTESIAN_POINT('',(94.183936737755,88.335554329583,
    323.22812949539));
#7711 = CARTESIAN_POINT('',(93.246476666849,87.960367963508,
    327.2083058657));
#7712 = CARTESIAN_POINT('',(91.833141199998,87.678849368239,
    331.36662411317));
#7713 = CARTESIAN_POINT('',(89.823431687097,87.48397794081,
    335.79494591787));
#7714 = CARTESIAN_POINT('',(87.178442669158,87.417518478923,
    340.38441777411));
#7715 = CARTESIAN_POINT('',(83.52174786708,87.220663873638,
    345.80755439149));
#7716 = CARTESIAN_POINT('',(79.74144812011,86.955527684184,
    350.73462729277));
#7717 = CARTESIAN_POINT('',(71.952387571821,89.165324812104,
    355.32247603229));
#7718 = CARTESIAN_POINT('',(74.06772684814,83.988970520296,
    359.55479119632));
#7719 = CARTESIAN_POINT('',(73.531721633662,79.952420139722,
    364.13322193974));
#7720 = CARTESIAN_POINT('',(73.708015359328,74.7272839025,
    368.73412187863));
#7721 = CARTESIAN_POINT('',(73.694498735436,68.910549467326,
    373.30160190121));
#7722 = CARTESIAN_POINT('',(73.731921467641,62.33602313903,
    377.70370947555));
#7723 = CARTESIAN_POINT('',(73.754695560535,55.06555102025,
    381.82789128106));
#7724 = CARTESIAN_POINT('',(73.779256488665,47.125288810592,
    385.55932535567));
#7725 = CARTESIAN_POINT('',(73.800060930871,38.577079062732,
    388.79104601303));
#7726 = CARTESIAN_POINT('',(73.817515930892,29.498778206167,
    391.42574048631));
#7727 = CARTESIAN_POINT('',(73.830554722028,19.987691113711,
    393.37971530649));
#7728 = CARTESIAN_POINT('',(73.838678954468,10.156539991023,
    394.58594862478));
#7729 = CARTESIAN_POINT('',(73.840529059095,3.472424731448,
    394.85984634566));
#7730 = CARTESIAN_POINT('',(73.840529017405,0.12,394.85984449444));
#7731 = CARTESIAN_POINT('',(78.652302859784,93.095073078895,
    261.05434444919));
#7732 = CARTESIAN_POINT('',(78.652302963643,93.060588724759,
    261.00567280499));
#7733 = CARTESIAN_POINT('',(78.652315565947,93.036601923214,
    260.98547125283));
#7734 = CARTESIAN_POINT('',(78.652369398956,93.125324165638,
    261.16897051295));
#7735 = CARTESIAN_POINT('',(78.652463227497,93.326731096515,
    261.54945999389));
#7736 = CARTESIAN_POINT('',(78.652597932772,93.627537468895,
    262.11069532868));
#7737 = CARTESIAN_POINT('',(78.652806271642,94.013580594248,
    262.83676304195));
#7738 = CARTESIAN_POINT('',(78.653013359559,94.470352201965,
    263.71191852752));
#7739 = CARTESIAN_POINT('',(78.65355258266,94.982845036795,
    264.72023382959));
#7740 = CARTESIAN_POINT('',(78.653235768198,95.5377841358,
    265.84608111506));
#7741 = CARTESIAN_POINT('',(78.656551098558,96.116802423034,
    267.0716357085));
#7742 = CARTESIAN_POINT('',(78.646795900639,96.72325712719,
    268.38565094592));
#7743 = CARTESIAN_POINT('',(78.686342286709,97.283340072886,
    269.75031699301));
#7744 = CARTESIAN_POINT('',(78.542436674285,98.016166799041,
    271.22470009621));
#7745 = CARTESIAN_POINT('',(79.083731222753,98.053441597948,
    272.5039546645));
#7746 = CARTESIAN_POINT('',(77.068354175602,100.59161276792,
    274.63902652686));
#7747 = CARTESIAN_POINT('',(84.595093307354,93.664250408753,
    273.61876093054));
#7748 = CARTESIAN_POINT('',(88.241344957999,90.877628805095,
    275.61038719973));
#7749 = CARTESIAN_POINT('',(91.758540079982,88.677598966657,
    278.86312694253));
#7750 = CARTESIAN_POINT('',(94.300711479953,87.444729413019,
    282.76594421812));
#7751 = CARTESIAN_POINT('',(96.249309945169,86.678719650058,
    286.84900776776));
#7752 = CARTESIAN_POINT('',(97.62003917091,86.258155118425,
    290.85547777658));
#7753 = CARTESIAN_POINT('',(98.535842603271,86.052012039599,
    294.7087728178));
#7754 = CARTESIAN_POINT('',(99.071149531385,85.99129867741,
    298.42862530314));
#7755 = CARTESIAN_POINT('',(99.345781856694,85.981474599272,
    302.03855088439));
#7756 = CARTESIAN_POINT('',(99.441935700815,85.958101574739,
    305.58332202705));
#7757 = CARTESIAN_POINT('',(99.450885000782,85.83703751729,
    309.11059383889));
#7758 = CARTESIAN_POINT('',(99.461048432536,85.52964998058,
    312.65749013765));
#7759 = CARTESIAN_POINT('',(99.384060947223,85.116137567646,
    316.21308073812));
#7760 = CARTESIAN_POINT('',(99.128841034006,84.673744583644,
    319.78698268981));
#7761 = CARTESIAN_POINT('',(98.611716395515,84.259977954826,
    323.40699687158));
#7762 = CARTESIAN_POINT('',(97.715846197895,83.940562406271,
    327.13336803359));
#7763 = CARTESIAN_POINT('',(96.365854756789,83.741149353755,
    331.02085246003));
#7764 = CARTESIAN_POINT('',(94.440582225958,83.695519522426,
    335.1469724968));
#7765 = CARTESIAN_POINT('',(91.921262647401,83.67400854252,
    339.65381132512));
#7766 = CARTESIAN_POINT('',(88.423968870404,83.959731533856,
    344.39106542238));
#7767 = CARTESIAN_POINT('',(84.800227488791,83.4086759537,
    349.87808349548));
#7768 = CARTESIAN_POINT('',(77.29468577871,85.391882525751,
    355.17584252667));
#7769 = CARTESIAN_POINT('',(79.332136936505,80.255376278064,
    359.13361953475));
#7770 = CARTESIAN_POINT('',(78.814452502717,76.249488456769,
    363.61967285633));
#7771 = CARTESIAN_POINT('',(78.982724594032,71.12855995129,
    368.01319777943));
#7772 = CARTESIAN_POINT('',(78.967787390022,65.474944415408,
    372.35492822067));
#7773 = CARTESIAN_POINT('',(79.001708832095,59.131604355769,
    376.50523720402));
#7774 = CARTESIAN_POINT('',(79.021406844359,52.160079947785,
    380.37254265118));
#7775 = CARTESIAN_POINT('',(79.042849282701,44.585092875244,
    383.85535067892));
#7776 = CARTESIAN_POINT('',(79.060832470171,36.463369458436,
    386.8613215854));
#7777 = CARTESIAN_POINT('',(79.075881614008,27.864616535829,
    389.30582314848));
#7778 = CARTESIAN_POINT('',(79.087086389725,18.875043947179,
    391.11591548348));
#7779 = CARTESIAN_POINT('',(79.09405908848,9.593865393979,
    392.23261434223));
#7780 = CARTESIAN_POINT('',(79.095646820138,3.285194025606,
    392.48630735827));
#7781 = CARTESIAN_POINT('',(79.09564679132,0.12,392.48630601407));
#7782 = CARTESIAN_POINT('',(84.012208007075,80.987152481803,
    250.68484962844));
#7783 = CARTESIAN_POINT('',(84.012213794956,81.15188493258,
    250.92672332198));
#7784 = CARTESIAN_POINT('',(84.01221019939,81.517079684407,
    251.45092276958));
#7785 = CARTESIAN_POINT('',(84.012175032436,82.161236881106,
    252.35689357388));
#7786 = CARTESIAN_POINT('',(84.012129125638,82.890757640683,
    253.38091139291));
#7787 = CARTESIAN_POINT('',(84.012085323681,83.694509835574,
    254.52131828519));
#7788 = CARTESIAN_POINT('',(84.012085734804,84.561233728771,
    255.77632792272));
#7789 = CARTESIAN_POINT('',(84.012069652635,85.479736653158,
    257.1439928746));
#7790 = CARTESIAN_POINT('',(84.01236610362,86.438409058604,
    258.6219715059));
#7791 = CARTESIAN_POINT('',(84.011855002892,87.427307808583,
    260.2080811343));
#7792 = CARTESIAN_POINT('',(84.014828934481,88.430692680798,
    261.8979547233));
#7793 = CARTESIAN_POINT('',(84.005383561416,89.455224967217,
    263.69354745256));
#7794 = CARTESIAN_POINT('',(84.042992628549,90.425104588318,
    265.57119333623));
#7795 = CARTESIAN_POINT('',(83.905815663853,91.573828409655,
    267.60066812548));
#7796 = CARTESIAN_POINT('',(84.421889937063,91.982559072498,
    269.50073682569));
#7797 = CARTESIAN_POINT('',(82.501052283588,95.035460083612,
    272.29781963738));
#7798 = CARTESIAN_POINT('',(89.676056776196,88.060579747596,
    272.13576578291));
#7799 = CARTESIAN_POINT('',(93.123207490916,86.046052674459,
    275.74646322545));
#7800 = CARTESIAN_POINT('',(96.478361884307,84.202793607653,
    279.80233484039));
#7801 = CARTESIAN_POINT('',(98.892609945459,83.255612189465,
    284.16766915624));
#7802 = CARTESIAN_POINT('',(100.68565492355,82.609917954868,
    288.45496225372));
#7803 = CARTESIAN_POINT('',(101.95930488516,82.197156123946,
    292.6700216571));
#7804 = CARTESIAN_POINT('',(102.80660735523,81.943365502167,
    296.6869288504));
#7805 = CARTESIAN_POINT('',(103.32027815566,81.793575475056,
    300.41759687008));
#7806 = CARTESIAN_POINT('',(103.57968424419,81.711143068856,
    303.9436662111));
#7807 = CARTESIAN_POINT('',(103.67192147425,81.6285890598,
    307.33319472017));
#7808 = CARTESIAN_POINT('',(103.68106046462,81.467959978985,
    310.66162950734));
#7809 = CARTESIAN_POINT('',(103.69173470326,81.138673476729,
    313.98652419319));
#7810 = CARTESIAN_POINT('',(103.61954298854,80.729764781837,
    317.29138605371));
#7811 = CARTESIAN_POINT('',(103.38057446785,80.324641787999,
    320.58362036679));
#7812 = CARTESIAN_POINT('',(102.88839380418,79.994547734418,
    323.89743400656));
#7813 = CARTESIAN_POINT('',(102.06238075613,79.786347887898,
    327.27732897041));
#7814 = CARTESIAN_POINT('',(100.81060776296,79.705218069456,
    330.83765394906));
#7815 = CARTESIAN_POINT('',(99.032451906404,79.724953610143,
    334.6660952288));
#7816 = CARTESIAN_POINT('',(96.637721097565,79.822865450447,
    338.8302468467));
#7817 = CARTESIAN_POINT('',(93.310670020612,80.138269270216,
    343.49447032981));
#7818 = CARTESIAN_POINT('',(89.882641520259,80.074441449392,
    348.29941854852));
#7819 = CARTESIAN_POINT('',(82.727245467162,81.572770208272,
    354.44381161435));
#7820 = CARTESIAN_POINT('',(84.671236401603,76.591710247575,
    358.09213871799));
#7821 = CARTESIAN_POINT('',(84.178703973843,72.626285550345,
    362.50938591313));
#7822 = CARTESIAN_POINT('',(84.340118855978,67.640473540644,
    366.71406843108));
#7823 = CARTESIAN_POINT('',(84.326709018146,62.16638834288,
    370.85832454198));
#7824 = CARTESIAN_POINT('',(84.359763544855,56.064362443329,
    374.78832163703));
#7825 = CARTESIAN_POINT('',(84.379140472672,49.392592934446,
    378.43238594996));
#7826 = CARTESIAN_POINT('',(84.400075406395,42.175002700743,
    381.69971162479));
#7827 = CARTESIAN_POINT('',(84.417615786253,34.463616395201,
    384.51042089086));
#7828 = CARTESIAN_POINT('',(84.432269640509,26.321262027192,
    386.79051157151));
#7829 = CARTESIAN_POINT('',(84.443173017345,17.824849508592,
    388.47615079064));
#7830 = CARTESIAN_POINT('',(84.449956614367,9.062372144707,
    389.51525031942));
#7831 = CARTESIAN_POINT('',(84.45150201962,3.108089301592,
    389.75135407341));
#7832 = CARTESIAN_POINT('',(84.45150200044,0.12,389.75135311109));
#7833 = CARTESIAN_POINT('',(89.456001154007,63.330872040762,
    240.08725038833));
#7834 = CARTESIAN_POINT('',(89.455493276056,63.896923089619,
    240.57442308182));
#7835 = CARTESIAN_POINT('',(89.454473974039,65.040118219353,
    241.57418618362));
#7836 = CARTESIAN_POINT('',(89.452949704777,66.782168619773,
    243.15466520978));
#7837 = CARTESIAN_POINT('',(89.451448218038,68.545098126689,
    244.82036055656));
#7838 = CARTESIAN_POINT('',(89.449981487732,70.322166206538,
    246.57543612562));
#7839 = CARTESIAN_POINT('',(89.448589298027,72.106223199644,
    248.42381146521));
#7840 = CARTESIAN_POINT('',(89.447215851274,73.889836934007,
    250.36914587713));
#7841 = CARTESIAN_POINT('',(89.446173445255,75.664784382433,
    252.41476767361));
#7842 = CARTESIAN_POINT('',(89.444415176088,77.423929634012,
    254.56379538297));
#7843 = CARTESIAN_POINT('',(89.445983943325,79.154213778566,
    256.81853252821));
#7844 = CARTESIAN_POINT('',(89.435946371829,80.862834414303,
    259.18256606981));
#7845 = CARTESIAN_POINT('',(89.470209782349,82.479579205077,
    261.65276974476));
#7846 = CARTESIAN_POINT('',(89.340321092615,84.221378460121,
    264.24898033899));
#7847 = CARTESIAN_POINT('',(89.82445411215,85.231852366291,
    266.90307638921));
#7848 = CARTESIAN_POINT('',(88.018660650409,88.658684940904,
    269.87277595638));
#7849 = CARTESIAN_POINT('',(94.760877427323,82.704720055291,
    272.19715981617));
#7850 = CARTESIAN_POINT('',(98.045915990646,81.323329420687,
    276.71958953025));
#7851 = CARTESIAN_POINT('',(101.1173501651,79.918910026194,
    281.30416685133));
#7852 = CARTESIAN_POINT('',(103.33946352951,79.11714647364,
    286.37025344987));
#7853 = CARTESIAN_POINT('',(105.03909013329,78.438553329519,
    291.18443208048));
#7854 = CARTESIAN_POINT('',(106.23412099072,77.858185630743,
    295.25560190383));
#7855 = CARTESIAN_POINT('',(107.03189002494,77.436571636919,
    298.75899726904));
#7856 = CARTESIAN_POINT('',(107.5099080736,77.204408384248,
    302.15967139735));
#7857 = CARTESIAN_POINT('',(107.75252694431,77.072465293565,
    305.42058091226));
#7858 = CARTESIAN_POINT('',(107.83851607504,76.965963495494,
    308.61647333614));
#7859 = CARTESIAN_POINT('',(107.84712892214,76.795216941062,
    311.77591743245));
#7860 = CARTESIAN_POINT('',(107.8571079953,76.469337083158,
    314.92620150786));
#7861 = CARTESIAN_POINT('',(107.78995413819,76.075431089629,
    318.07589832311));
#7862 = CARTESIAN_POINT('',(107.56684570365,75.691936642902,
    321.24498178663));
#7863 = CARTESIAN_POINT('',(107.10940234579,75.390316614697,
    324.44694180115));
#7864 = CARTESIAN_POINT('',(106.33419682186,75.214807070438,
    327.74631403345));
#7865 = CARTESIAN_POINT('',(105.16359320181,75.244041951777,
    331.04862378013));
#7866 = CARTESIAN_POINT('',(103.49016120011,75.496133707489,
    334.4698881002));
#7867 = CARTESIAN_POINT('',(101.29420166199,75.818090817195,
    338.22009980958));
#7868 = CARTESIAN_POINT('',(98.225431730527,76.213893783506,
    342.49230782083));
#7869 = CARTESIAN_POINT('',(94.97173081417,76.16054263696,
    347.16271091964));
#7870 = CARTESIAN_POINT('',(88.248341951966,77.977997127636,
    352.8856438784));
#7871 = CARTESIAN_POINT('',(90.079565752443,73.000813638763,
    356.5620053182));
#7872 = CARTESIAN_POINT('',(89.62039415255,69.170611483794,
    360.8356650702));
#7873 = CARTESIAN_POINT('',(89.776143667534,64.337051566208,
    364.90217920027));
#7874 = CARTESIAN_POINT('',(89.767606437967,59.067101172465,
    368.87767033014));
#7875 = CARTESIAN_POINT('',(89.802722182902,53.214379065215,
    372.62995725362));
#7876 = CARTESIAN_POINT('',(89.824837394084,46.839531524946,
    376.09382966743));
#7877 = CARTESIAN_POINT('',(89.848147984273,39.964237803137,
    379.1888920901));
#7878 = CARTESIAN_POINT('',(89.867864152496,32.637169537895,
    381.8440589285));
#7879 = CARTESIAN_POINT('',(89.884331150736,24.915748648928,
    383.99353035377));
#7880 = CARTESIAN_POINT('',(89.896614910987,16.869843895136,
    385.5803530633));
#7881 = CARTESIAN_POINT('',(89.904265725578,8.578970727451,
    386.55777200761));
#7882 = CARTESIAN_POINT('',(89.9060108288,2.946797258749,386.77984138105
    ));
#7883 = CARTESIAN_POINT('',(89.906010799294,0.12,386.77984064299));
#7884 = CARTESIAN_POINT('',(94.987705392397,41.798325160832,
    233.09620560654));
#7885 = CARTESIAN_POINT('',(94.986395759699,42.956619162683,
    233.6670814421));
#7886 = CARTESIAN_POINT('',(94.983746719267,45.250460525355,
    234.85075576205));
#7887 = CARTESIAN_POINT('',(94.979692440984,48.617559007857,
    236.75248858413));
#7888 = CARTESIAN_POINT('',(94.975579212592,51.905228873822,
    238.78063640743));
#7889 = CARTESIAN_POINT('',(94.971433134458,55.107410237689,
    240.93510879095));
#7890 = CARTESIAN_POINT('',(94.967314304132,58.217750320273,
    243.21551967378));
#7891 = CARTESIAN_POINT('',(94.963199312158,61.229750844391,
    245.62116081862));
#7892 = CARTESIAN_POINT('',(94.959411561419,64.136356183282,
    248.15105050698));
#7893 = CARTESIAN_POINT('',(94.955007257669,66.931606706086,
    250.80371545039));
#7894 = CARTESIAN_POINT('',(94.95379237896,69.604562250863,
    253.57797495683));
#7895 = CARTESIAN_POINT('',(94.941862546273,72.162051665939,
    256.46998469692));
#7896 = CARTESIAN_POINT('',(94.971423064449,74.543821774367,
    259.4842336289));
#7897 = CARTESIAN_POINT('',(94.847967782645,76.939240246023,
    262.59245520091));
#7898 = CARTESIAN_POINT('',(95.297744155609,78.605366554325,
    265.8869084902));
#7899 = CARTESIAN_POINT('',(93.610715423246,82.277986664559,
    269.00824053545));
#7900 = CARTESIAN_POINT('',(99.901248000575,77.709422519982,
    273.28062584873));
#7901 = CARTESIAN_POINT('',(102.82517627634,76.85437171639,
    278.52119365652));
#7902 = CARTESIAN_POINT('',(105.70490525309,75.720025135009,
    284.45885021505));
#7903 = CARTESIAN_POINT('',(107.76809958763,74.492493645719,
    288.66573871878));
#7904 = CARTESIAN_POINT('',(109.33762903297,73.559931199932,
    292.65979225495));
#7905 = CARTESIAN_POINT('',(110.44282937572,72.897683621671,
    296.34734561058));
#7906 = CARTESIAN_POINT('',(111.18022454956,72.477878431766,
    299.86493836964));
#7907 = CARTESIAN_POINT('',(111.62327936915,72.230050577287,
    303.15394175575));
#7908 = CARTESIAN_POINT('',(111.84768892859,72.095715869393,
    306.3098590474));
#7909 = CARTESIAN_POINT('',(111.92708216267,71.994403512914,
    309.37822397146));
#7910 = CARTESIAN_POINT('',(111.9347183889,71.839176694821,
    312.40661394663));
#7911 = CARTESIAN_POINT('',(111.94361742811,71.537504551275,
    315.42721408201));
#7912 = CARTESIAN_POINT('',(111.88101306648,71.178436280966,
    318.44264377307));
#7913 = CARTESIAN_POINT('',(111.67408344478,70.844392994732,
    321.4667374056));
#7914 = CARTESIAN_POINT('',(111.24984257487,70.605682714136,
    324.52672703177));
#7915 = CARTESIAN_POINT('',(110.53327321056,70.522288324734,
    327.64718493306));
#7916 = CARTESIAN_POINT('',(109.45185079076,70.610964490203,
    330.90692823448));
#7917 = CARTESIAN_POINT('',(107.90975670171,70.896335807299,
    334.33350363248));
#7918 = CARTESIAN_POINT('',(105.87685425965,71.305759068706,
    337.96124554803));
#7919 = CARTESIAN_POINT('',(103.03390186905,72.045519003495,
    341.78207733025));
#7920 = CARTESIAN_POINT('',(100.11736143969,72.162522364879,
    345.96499853584));
#7921 = CARTESIAN_POINT('',(93.840523532824,73.881371570435,
    351.47519297155));
#7922 = CARTESIAN_POINT('',(95.556038826518,69.069942986566,
    355.0594358199));
#7923 = CARTESIAN_POINT('',(95.132165812111,65.381387778686,
    359.16969870195));
#7924 = CARTESIAN_POINT('',(95.283056853693,60.7474797374,
    363.06235879757));
#7925 = CARTESIAN_POINT('',(95.280647766915,55.716825301766,
    366.84733006722));
#7926 = CARTESIAN_POINT('',(95.319060312257,50.15006907758,
    370.40466785803));
#7927 = CARTESIAN_POINT('',(95.345195484768,44.106261153419,
    373.67667148408));
#7928 = CARTESIAN_POINT('',(95.372120308073,37.605782205092,
    376.59161150361));
#7929 = CARTESIAN_POINT('',(95.395152173672,30.693825890981,
    379.08628331923));
#7930 = CARTESIAN_POINT('',(95.414406638685,23.422848695739,
    381.10212019387));
#7931 = CARTESIAN_POINT('',(95.428819971933,15.856226525257,
    382.58833992149));
#7932 = CARTESIAN_POINT('',(95.437811809115,8.06572514652,
    383.50306042834));
#7933 = CARTESIAN_POINT('',(95.439865532263,2.775376393482,
    383.71082922823));
#7934 = CARTESIAN_POINT('',(95.439865485338,0.12,383.7108287047));
#7935 = CARTESIAN_POINT('',(100.59865759732,20.053806076062,
    230.68832154377));
#7936 = CARTESIAN_POINT('',(100.5960187594,21.847202144261,
    231.14147672082));
#7937 = CARTESIAN_POINT('',(100.59042489617,25.384615902554,
    232.13949895298));
#7938 = CARTESIAN_POINT('',(100.58130728625,30.52654222217,
    233.89799476072));
#7939 = CARTESIAN_POINT('',(100.57166502139,35.489521073519,
    235.90392806582));
#7940 = CARTESIAN_POINT('',(100.56167377442,40.260028606852,
    238.14296785674));
#7941 = CARTESIAN_POINT('',(100.55151465996,44.82567939535,
    240.60051313561));
#7942 = CARTESIAN_POINT('',(100.54127562906,49.175276621854,243.26165498
    ));
#7943 = CARTESIAN_POINT('',(100.53134407414,53.298419728207,
    246.11135094386));
#7944 = CARTESIAN_POINT('',(100.52096498213,57.186865223349,
    249.13376405095));
#7945 = CARTESIAN_POINT('',(100.51363922214,60.829449397305,
    252.31470489404));
#7946 = CARTESIAN_POINT('',(100.49698553015,64.231142234915,
    255.63250366685));
#7947 = CARTESIAN_POINT('',(100.51789632782,67.342139225607,
    259.09209780645));
#7948 = CARTESIAN_POINT('',(100.40204452506,70.322780766957,
    262.59789471663));
#7949 = CARTESIAN_POINT('',(100.80068530306,72.555213220713,
    266.42841146527));
#7950 = CARTESIAN_POINT('',(99.283923023171,76.332319935852,
    269.46514502657));
#7951 = CARTESIAN_POINT('',(104.92082174161,73.09086526534,
    275.80287134569));
#7952 = CARTESIAN_POINT('',(107.64246444387,72.157965583227,
    281.50228793734));
#7953 = CARTESIAN_POINT('',(110.25818683004,70.468810291582,
    286.03381520389));
#7954 = CARTESIAN_POINT('',(112.14389913749,69.322650972187,
    290.4671089075));
#7955 = CARTESIAN_POINT('',(113.57927209412,68.348343563194,
    294.40607370794));
#7956 = CARTESIAN_POINT('',(114.59009019949,67.651765383747,
    297.99891888053));
#7957 = CARTESIAN_POINT('',(115.26444168341,67.186897394298,
    301.29994955099));
#7958 = CARTESIAN_POINT('',(115.66917903564,66.916961281303,
    304.41641570444));
#7959 = CARTESIAN_POINT('',(115.87407609722,66.770710626909,
    307.4014339048));
#7960 = CARTESIAN_POINT('',(115.94628171804,66.669021024595,
    310.30927824055));
#7961 = CARTESIAN_POINT('',(115.95281183599,66.523782180031,
    313.18048106092));
#7962 = CARTESIAN_POINT('',(115.96040007103,66.24312309894,316.044066179
    ));
#7963 = CARTESIAN_POINT('',(115.90254001201,65.915597265128,
    318.90476555229));
#7964 = CARTESIAN_POINT('',(115.71264165749,65.622895769981,
    321.77907919509));
#7965 = CARTESIAN_POINT('',(115.32416043966,65.43669875911,
    324.69142438688));
#7966 = CARTESIAN_POINT('',(114.66816727806,65.413980330432,
    327.67827053275));
#7967 = CARTESIAN_POINT('',(113.67885942218,65.592987275408,
    330.76845623729));
#7968 = CARTESIAN_POINT('',(112.26925571178,65.993243979808,
    334.01700485692));
#7969 = CARTESIAN_POINT('',(110.41517864334,66.55418409065,
    337.45825592486));
#7970 = CARTESIAN_POINT('',(107.83367814628,67.332104713216,
    341.23549578338));
#7971 = CARTESIAN_POINT('',(105.15904070468,67.737584325209,
    345.13628603313));
#7972 = CARTESIAN_POINT('',(99.532887982681,69.647722087545,
    350.00809173635));
#7973 = CARTESIAN_POINT('',(101.08437360718,64.97925495742,
    353.56935955642));
#7974 = CARTESIAN_POINT('',(100.71605934372,61.489576377298,
    357.46944488662));
#7975 = CARTESIAN_POINT('',(100.86482863524,57.085956749791,
    361.18687721982));
#7976 = CARTESIAN_POINT('',(100.87667173055,52.325978384541,
    364.77964629263));
#7977 = CARTESIAN_POINT('',(100.92550885813,47.069030378785,
    368.14967440303));
#7978 = CARTESIAN_POINT('',(100.96318104073,41.374198823491,
    371.24150042294));
#7979 = CARTESIAN_POINT('',(101.00086405059,35.259983423103,
    373.9907915662));
#7980 = CARTESIAN_POINT('',(101.03375370227,28.768597777563,
    376.33998650595));
#7981 = CARTESIAN_POINT('',(101.06135403569,21.948241842584,
    378.23598701892));
#7982 = CARTESIAN_POINT('',(101.08215652935,14.856928774626,
    379.63262329926));
#7983 = CARTESIAN_POINT('',(101.09517836658,7.560106433838,
    380.4917234795));
#7984 = CARTESIAN_POINT('',(101.09815930564,2.606417970248,
    380.68680832434));
#7985 = CARTESIAN_POINT('',(101.09815921228,0.12,380.68680793749));
#7986 = CARTESIAN_POINT('',(106.16004100475,-5.221247288914,
    234.42587152673));
#7987 = CARTESIAN_POINT('',(106.16074809592,-2.737005578548,
    234.30444880082));
#7988 = CARTESIAN_POINT('',(106.16067257951,2.21769664374,
    234.27140082766));
#7989 = CARTESIAN_POINT('',(106.15628412973,9.532511264222,
    234.83099171772));
#7990 = CARTESIAN_POINT('',(106.14804669241,16.658914418655,
    235.97060069086));
#7991 = CARTESIAN_POINT('',(106.1365635341,23.531827116087,
    237.65302876967));
#7992 = CARTESIAN_POINT('',(106.12258138693,30.093328559709,
    239.83403179801));
#7993 = CARTESIAN_POINT('',(106.10683475493,36.293648577638,
    242.46338840256));
#7994 = CARTESIAN_POINT('',(106.09033609096,42.091465699458,
    245.48629159584));
#7995 = CARTESIAN_POINT('',(106.07302405813,47.455676772784,
    248.84387202445));
#7996 = CARTESIAN_POINT('',(106.05858472485,52.360553748747,
    252.47713204385));
#7997 = CARTESIAN_POINT('',(106.03629356673,56.804458535591,
    256.3181459115));
#7998 = CARTESIAN_POINT('',(106.04867854412,60.739555657436,
    260.32861406452));
#7999 = CARTESIAN_POINT('',(105.93895085947,64.332669029089,
    264.36136487284));
#8000 = CARTESIAN_POINT('',(106.29360463477,66.98936844563,
    268.68215987514));
#8001 = CARTESIAN_POINT('',(104.9246182103,70.992938066456,
    272.02662529375));
#8002 = CARTESIAN_POINT('',(109.998109123,67.919697701477,
    278.85553147808));
#8003 = CARTESIAN_POINT('',(112.42899367184,66.577430939682,
    283.66047690256));
#8004 = CARTESIAN_POINT('',(114.78221684991,64.994953990796,
    288.43989575087));
#8005 = CARTESIAN_POINT('',(116.47780675984,63.727159681409,
    292.51882789053));
#8006 = CARTESIAN_POINT('',(117.76921227451,62.714150608379,
    296.22830377923));
#8007 = CARTESIAN_POINT('',(118.67864705551,61.988415214711,
    299.59682341987));
#8008 = CARTESIAN_POINT('',(119.28541157985,61.510912955888,
    302.71784053548));
#8009 = CARTESIAN_POINT('',(119.64957321896,61.231169472083,
    305.65010430108));
#8010 = CARTESIAN_POINT('',(119.8337428359,61.081517581467,
    308.45820277413));
#8011 = CARTESIAN_POINT('',(119.89838249833,60.983367492611,
    311.19197490594));
#8012 = CARTESIAN_POINT('',(119.90380256842,60.850864575149,
    313.89159424609));
#8013 = CARTESIAN_POINT('',(119.91007723292,60.594328128209,
    316.58414411625));
#8014 = CARTESIAN_POINT('',(119.85732199672,60.300325094925,
    319.27494301272));
#8015 = CARTESIAN_POINT('',(119.68558935153,60.049127041596,
    321.9813102063));
#8016 = CARTESIAN_POINT('',(119.33495347971,59.911257667275,
    324.73023993916));
#8017 = CARTESIAN_POINT('',(118.74353658006,59.945172485273,
    327.55682246988));
#8018 = CARTESIAN_POINT('',(117.85228843049,60.18569780211,
    330.50515469402));
#8019 = CARTESIAN_POINT('',(116.5831430539,60.659998011984,
    333.6220119788));
#8020 = CARTESIAN_POINT('',(114.91554044246,61.308960658354,
    336.94281259868));
#8021 = CARTESIAN_POINT('',(112.59861750249,62.240387840371,
    340.53395121666));
#8022 = CARTESIAN_POINT('',(110.20899662435,62.759968076291,
    344.31966998139));
#8023 = CARTESIAN_POINT('',(105.18929369887,64.897458045152,
    348.85894605505));
#8024 = CARTESIAN_POINT('',(106.58496641618,60.437403536595,
    352.26381217254));
#8025 = CARTESIAN_POINT('',(106.26663959714,57.203272987995,
    355.95524321309));
#8026 = CARTESIAN_POINT('',(106.41185696549,53.08655452848,
    359.47763401478));
#8027 = CARTESIAN_POINT('',(106.43601542204,48.650173051613,
    362.87635285886));
#8028 = CARTESIAN_POINT('',(106.49418218791,43.752233251658,
    366.06199878434));
#8029 = CARTESIAN_POINT('',(106.54280256298,38.451212886996,
    368.98221443032));
#8030 = CARTESIAN_POINT('',(106.5911871729,32.763632905313,
    371.57722541176));
#8031 = CARTESIAN_POINT('',(106.63425562354,26.728875621052,
    373.79340586083));
#8032 = CARTESIAN_POINT('',(106.67073378923,20.391354756082,
    375.58133279996));
#8033 = CARTESIAN_POINT('',(106.69848061155,13.804469426743,
    376.89798225207));
#8034 = CARTESIAN_POINT('',(106.7159451225,7.028342281854,
    377.70773450873));
#8035 = CARTESIAN_POINT('',(106.7199555481,2.428706631043,
    377.89159696808));
#8036 = CARTESIAN_POINT('',(106.71995527669,0.12,377.89159679873));
#8037 = CARTESIAN_POINT('',(111.721587883,1.551183079596,240.27193666698
    ));
#8038 = CARTESIAN_POINT('',(111.72139840591,3.609523276347,
    240.30447164045));
#8039 = CARTESIAN_POINT('',(111.71979812361,7.705079203249,
    240.53379171577));
#8040 = CARTESIAN_POINT('',(111.71395511789,13.732060316884,
    241.35352503462));
#8041 = CARTESIAN_POINT('',(111.70508343622,19.593047771919,
    242.6260297921));
#8042 = CARTESIAN_POINT('',(111.69373551079,25.242581527526,
    244.32290073159));
#8043 = CARTESIAN_POINT('',(111.68056842476,30.640035096747,
    246.41096192923));
#8044 = CARTESIAN_POINT('',(111.66620502788,35.750279062508,
    248.85293592511));
#8045 = CARTESIAN_POINT('',(111.6514887181,40.543755876365,
    251.60839854363));
#8046 = CARTESIAN_POINT('',(111.63630457063,44.998104210565,
    254.63390570832));
#8047 = CARTESIAN_POINT('',(111.62380618565,49.093337475432,
    257.8863593246));
#8048 = CARTESIAN_POINT('',(111.60453075528,52.830397352801,
    261.31433236242));
#8049 = CARTESIAN_POINT('',(111.61563106489,56.161794428043,
    264.89427436488));
#8050 = CARTESIAN_POINT('',(111.5198148187,59.249692436748,
    268.4990589189));
#8051 = CARTESIAN_POINT('',(111.83038366271,61.501350632636,
    272.3919762019));
#8052 = CARTESIAN_POINT('',(110.632194156,65.166987907586,
    275.38617852037));
#8053 = CARTESIAN_POINT('',(115.07284407412,61.909999014607,
    281.71634450786));
#8054 = CARTESIAN_POINT('',(117.21264404847,60.588574804735,
    286.43624895018));
#8055 = CARTESIAN_POINT('',(119.28058976766,58.934136712519,
    290.82234031269));
#8056 = CARTESIAN_POINT('',(120.7719480509,57.682430433044,
    294.68066220083));
#8057 = CARTESIAN_POINT('',(121.90607819395,56.670745026011,
    298.15252571905));
#8058 = CARTESIAN_POINT('',(122.70616115378,55.942667773586,
    301.29699546831));
#8059 = CARTESIAN_POINT('',(123.23995485601,55.459804176367,
    304.1945659544));
#8060 = CARTESIAN_POINT('',(123.56033403432,55.176021157967,
    306.91562682693));
#8061 = CARTESIAN_POINT('',(123.72220507797,55.025122758153,
    309.51981526226));
#8062 = CARTESIAN_POINT('',(123.77875219822,54.931422242688,
    312.05583009142));
#8063 = CARTESIAN_POINT('',(123.78304841945,54.812169574624,
    314.5610947474));
#8064 = CARTESIAN_POINT('',(123.78797380431,54.581214140581,
    317.05983979591));
#8065 = CARTESIAN_POINT('',(123.74079562941,54.321840706508,
    319.55885521865));
#8066 = CARTESIAN_POINT('',(123.58874079544,54.11138116143,
    322.07739036351));
#8067 = CARTESIAN_POINT('',(123.27906484636,54.0180773326,
    324.64428673173));
#8068 = CARTESIAN_POINT('',(122.75754048137,54.097999636927,
    327.29754747478));
#8069 = CARTESIAN_POINT('',(121.9721115515,54.386727253793,
    330.07944926493));
#8070 = CARTESIAN_POINT('',(120.85676595667,54.906711323955,
    333.0376849275));
#8071 = CARTESIAN_POINT('',(119.38885250139,55.608179027016,
    336.20504141447));
#8072 = CARTESIAN_POINT('',(117.35192285171,56.602147325655,
    339.66878827304));
#8073 = CARTESIAN_POINT('',(115.24988661893,57.24081255495,
    343.30972972163));
#8074 = CARTESIAN_POINT('',(110.86862372956,59.503679066891,
    347.68789384916));
#8075 = CARTESIAN_POINT('',(112.08951443522,55.332578628103,
    350.85801298034));
#8076 = CARTESIAN_POINT('',(111.81460838465,52.388939877259,
    354.33469357644));
#8077 = CARTESIAN_POINT('',(111.94530718217,48.609043142865,
    357.64141469773));
#8078 = CARTESIAN_POINT('',(111.9712140746,44.544419026012,
    360.83357380273));
#8079 = CARTESIAN_POINT('',(112.02767369152,40.055956470527,
    363.82372407029));
#8080 = CARTESIAN_POINT('',(112.07648094282,35.200134052646,
    366.56377572216));
#8081 = CARTESIAN_POINT('',(112.12544891278,29.991678196337,
    368.99764466938));
#8082 = CARTESIAN_POINT('',(112.16969462769,24.466984878704,
    371.07544507899));
#8083 = CARTESIAN_POINT('',(112.20756797494,18.666655165179,
    372.75119941091));
#8084 = CARTESIAN_POINT('',(112.23663796435,12.63940529448,
    373.98494218164));
#8085 = CARTESIAN_POINT('',(112.25504612152,6.439934918694,
    374.74358001277));
#8086 = CARTESIAN_POINT('',(112.25928684762,2.232065919611,
    374.91582134467));
#8087 = CARTESIAN_POINT('',(112.25928652462,0.12,374.91582157954));
#8088 = CARTESIAN_POINT('',(117.30548792884,-0.263485029469,
    246.40143615761));
#8089 = CARTESIAN_POINT('',(117.3055386705,1.637635462774,
    246.39271828289));
#8090 = CARTESIAN_POINT('',(117.30457577673,5.423192859648,
    246.53615413933));
#8091 = CARTESIAN_POINT('',(117.30012167856,10.999985381289,
    247.21769670078));
#8092 = CARTESIAN_POINT('',(117.29302169809,16.426937380098,
    248.34331432812));
#8093 = CARTESIAN_POINT('',(117.28376814765,21.659779839458,
    249.88515970684));
#8094 = CARTESIAN_POINT('',(117.27294610514,26.658927717343,
    251.81049855872));
#8095 = CARTESIAN_POINT('',(117.26110926855,31.390147846673,
    254.0823805368));
#8096 = CARTESIAN_POINT('',(117.24899220375,35.824666898457,
    256.66059493336));
#8097 = CARTESIAN_POINT('',(117.23650707018,39.940743819517,
    259.50184193184));
#8098 = CARTESIAN_POINT('',(117.22633417165,43.719117980622,
    262.56302178182));
#8099 = CARTESIAN_POINT('',(117.21042989396,47.160620932891,
    265.79296863141));
#8100 = CARTESIAN_POINT('',(117.22034295418,50.220374185979,
    269.16727227841));
#8101 = CARTESIAN_POINT('',(117.13943722973,53.052613810063,
    272.56213469356));
#8102 = CARTESIAN_POINT('',(117.40371922924,55.095608635021,
    276.22868207978));
#8103 = CARTESIAN_POINT('',(116.38636266908,58.484847203729,
    279.02596922664));
#8104 = CARTESIAN_POINT('',(120.15884859587,55.312433105718,
    285.01819862419));
#8105 = CARTESIAN_POINT('',(121.98156950436,53.956370922104,
    289.3759352049));
#8106 = CARTESIAN_POINT('',(123.74479313554,52.338506383497,
    293.48079443443));
#8107 = CARTESIAN_POINT('',(125.02224320665,51.088490259156,
    297.03579072619));
#8108 = CARTESIAN_POINT('',(126.00305514334,50.102149408324,
    300.20962382568));
#8109 = CARTESIAN_POINT('',(126.69152087541,49.415120074865,
    303.06930994448));
#8110 = CARTESIAN_POINT('',(127.15135417848,48.965854968815,
    305.70491121344));
#8111 = CARTESIAN_POINT('',(127.42707785412,48.704551433787,
    308.18118038058));
#8112 = CARTESIAN_POINT('',(127.5663728173,48.566637894765,
    310.55410415999));
#8113 = CARTESIAN_POINT('',(127.61495911008,48.482440278908,
    312.86709514261));
#8114 = CARTESIAN_POINT('',(127.61855125088,48.377067583819,
    315.15324049137));
#8115 = CARTESIAN_POINT('',(127.62267062756,48.172948642283,
    317.43345013051));
#8116 = CARTESIAN_POINT('',(127.58190558789,47.945119863789,
    319.7150857278));
#8117 = CARTESIAN_POINT('',(127.45072999763,47.763726233068,
    322.01698321813));
#8118 = CARTESIAN_POINT('',(127.18371628183,47.691756816705,
    324.36727287885));
#8119 = CARTESIAN_POINT('',(126.73345120588,47.78511477112,
    326.80424482716));
#8120 = CARTESIAN_POINT('',(126.05610296504,48.082514187393,
    329.37420691643));
#8121 = CARTESIAN_POINT('',(125.08715415341,48.632699006268,
    332.140667739));
#8122 = CARTESIAN_POINT('',(123.82622925292,49.384085964458,
    335.15443277882));
#8123 = CARTESIAN_POINT('',(122.08778308479,50.417423741788,
    338.47662408001));
#8124 = CARTESIAN_POINT('',(120.2941700985,51.129485745738,
    341.99032875436));
#8125 = CARTESIAN_POINT('',(116.5783340517,53.400679703763,
    346.26079538705));
#8126 = CARTESIAN_POINT('',(117.61204499474,49.590678225658,
    349.14818505315));
#8127 = CARTESIAN_POINT('',(117.37768429226,46.964887947075,
    352.38875326809));
#8128 = CARTESIAN_POINT('',(117.48738257347,43.567148620017,
    355.45146504123));
#8129 = CARTESIAN_POINT('',(117.50853498137,39.920737965797,
    358.41140392268));
#8130 = CARTESIAN_POINT('',(117.55599054971,35.893712556655,
    361.18109546946));
#8131 = CARTESIAN_POINT('',(117.59742297537,31.539169098432,
    363.71782728648));
#8132 = CARTESIAN_POINT('',(117.63945371248,26.870135701892,
    365.96949619522));
#8133 = CARTESIAN_POINT('',(117.67785354359,21.919643130848,
    367.89051062934));
#8134 = CARTESIAN_POINT('',(117.71104706554,16.724115776947,
    369.43887836567));
#8135 = CARTESIAN_POINT('',(117.73673638454,11.327064168152,
    370.57826548653));
#8136 = CARTESIAN_POINT('',(117.75310024399,5.777101257037,
    371.27863025968));
#8137 = CARTESIAN_POINT('',(117.75688155344,2.010551764197,
    371.43761085858));
#8138 = CARTESIAN_POINT('',(117.75688144783,0.12,371.43761122821));
#8139 = CARTESIAN_POINT('',(122.90597455133,0.222757038282,253.81405462)
  );
#8140 = CARTESIAN_POINT('',(122.90596092781,1.858558404207,
    253.81639046347));
#8141 = CARTESIAN_POINT('',(122.90524446717,5.115089232682,
    253.96423765895));
#8142 = CARTESIAN_POINT('',(122.90222664788,9.911183141042,
    254.60101321907));
#8143 = CARTESIAN_POINT('',(122.89751083307,14.577778058012,
    255.63295182506));
#8144 = CARTESIAN_POINT('',(122.89142599457,19.077451142614,
    257.03536565881));
#8145 = CARTESIAN_POINT('',(122.88436288766,23.376697670421,
    258.77927567476));
#8146 = CARTESIAN_POINT('',(122.87668001714,27.446502022394,
    260.83198531431));
#8147 = CARTESIAN_POINT('',(122.86888502401,31.262406787648,
    263.15792180962));
#8148 = CARTESIAN_POINT('',(122.86081813477,34.805953825571,
    265.71874270167));
#8149 = CARTESIAN_POINT('',(122.85460090499,38.060462368645,
    268.47637348998));
#8150 = CARTESIAN_POINT('',(122.84357500045,41.027359862746,
    271.38519578097));
#8151 = CARTESIAN_POINT('',(122.85356345649,43.665215267651,
    274.42470584166));
#8152 = CARTESIAN_POINT('',(122.78888883635,46.116670637624,
    277.48100177768));
#8153 = CARTESIAN_POINT('',(123.00706568563,47.860381123028,
    280.79220935064));
#8154 = CARTESIAN_POINT('',(122.17405192611,50.874398467738,
    283.28892699739));
#8155 = CARTESIAN_POINT('',(125.26859460542,47.828240183781,
    288.79015981013));
#8156 = CARTESIAN_POINT('',(126.76650483177,46.626221419006,
    292.66197833664));
#8157 = CARTESIAN_POINT('',(128.21744222657,45.20471735036,
    296.28576896084));
#8158 = CARTESIAN_POINT('',(129.25522233172,44.194171715265,
    299.40571635773));
#8159 = CARTESIAN_POINT('',(130.02057390155,43.347219525116,
    302.25573780094));
#8160 = CARTESIAN_POINT('',(130.57261477698,42.68116551756,
    304.84260941327));
#8161 = CARTESIAN_POINT('',(130.94015149567,42.223825306514,
    307.21614507693));
#8162 = CARTESIAN_POINT('',(131.16158414544,41.946147058607,
    309.43404636619));
#8163 = CARTESIAN_POINT('',(131.27309442082,41.799145887641,
    311.55112551607));
#8164 = CARTESIAN_POINT('',(131.31148564727,41.717492526084,
    313.61220526007));
#8165 = CARTESIAN_POINT('',(131.31335755776,41.627996736534,
    315.65017931785));
#8166 = CARTESIAN_POINT('',(131.31530986366,41.453989388916,
    317.68304028065));
#8167 = CARTESIAN_POINT('',(131.28081382682,41.269825607873,
    319.72103920236));
#8168 = CARTESIAN_POINT('',(131.17353157814,41.144010754065,
    321.78849636522));
#8169 = CARTESIAN_POINT('',(130.95699914678,41.135331109137,
    323.92010954989));
#8170 = CARTESIAN_POINT('',(130.59611966443,41.283781083379,
    326.1567036736));
#8171 = CARTESIAN_POINT('',(130.05268958498,41.6093644838,
    328.53883041045));
#8172 = CARTESIAN_POINT('',(129.30536648894,42.067870273441,
    331.08064687438));
#8173 = CARTESIAN_POINT('',(128.28461307113,42.647812713873,
    333.77528764119));
#8174 = CARTESIAN_POINT('',(126.85022304948,43.561186152025,
    336.80883567605));
#8175 = CARTESIAN_POINT('',(125.37240895865,44.212653203693,
    340.0184183474));
#8176 = CARTESIAN_POINT('',(122.30954299636,46.452984855558,
    344.21658507367));
#8177 = CARTESIAN_POINT('',(123.15623329707,43.070737166117,
    346.74088532144));
#8178 = CARTESIAN_POINT('',(122.95844904031,40.808077072692,
    349.69781061757));
#8179 = CARTESIAN_POINT('',(123.04344793952,37.850339949802,
    352.4632051385));
#8180 = CARTESIAN_POINT('',(123.05519472114,34.683121804533,
    355.14330828854));
#8181 = CARTESIAN_POINT('',(123.0884048966,31.183673357201,
    357.6485364677));
#8182 = CARTESIAN_POINT('',(123.11668267372,27.400542031346,
    359.94293344942));
#8183 = CARTESIAN_POINT('',(123.14573426186,23.344675582603,
    361.97864558646));
#8184 = CARTESIAN_POINT('',(123.17234746764,19.045132506164,
    363.71477664272));
#8185 = CARTESIAN_POINT('',(123.19548139295,14.533641880988,
    365.11356208153));
#8186 = CARTESIAN_POINT('',(123.21346213076,9.848013427986,
    366.14251085825));
#8187 = CARTESIAN_POINT('',(123.22495588083,5.030314826077,
    366.77481655066));
#8188 = CARTESIAN_POINT('',(123.22761623407,1.760981590953,
    366.9183270578));
#8189 = CARTESIAN_POINT('',(123.22761643105,0.12,366.91832705273));
#8190 = CARTESIAN_POINT('',(128.5967352371,9.245687634258E-02,
    262.04237427774));
#8191 = CARTESIAN_POINT('',(128.5967388604,1.457652121446,
    262.04174796696));
#8192 = CARTESIAN_POINT('',(128.59626769635,4.175653295615,
    262.16655722963));
#8193 = CARTESIAN_POINT('',(128.59420880442,8.179396275583,
    262.71924884507));
#8194 = CARTESIAN_POINT('',(128.59096129214,12.075978203325,
    263.62009867973));
#8195 = CARTESIAN_POINT('',(128.58674505589,15.834222164903,
    264.84756067647));
#8196 = CARTESIAN_POINT('',(128.58182398272,19.426123084969,
    266.37631436303));
#8197 = CARTESIAN_POINT('',(128.57644007077,22.827328542035,
    268.17774035889));
#8198 = CARTESIAN_POINT('',(128.57094995598,26.017228997344,
    270.22062294652));
#8199 = CARTESIAN_POINT('',(128.56522380647,28.980145518144,
    272.47128118979));
#8200 = CARTESIAN_POINT('',(128.56082136378,31.701995819595,
    274.89605055315));
#8201 = CARTESIAN_POINT('',(128.55282948067,34.183351518585,
    277.45511947074));
#8202 = CARTESIAN_POINT('',(128.56030600276,36.390809442491,
    280.12864909671));
#8203 = CARTESIAN_POINT('',(128.5126605833,38.438065825214,
    282.82231617758));
#8204 = CARTESIAN_POINT('',(128.67369789214,39.909245219032,
    285.72265403229));
#8205 = CARTESIAN_POINT('',(128.05908431775,42.382948585119,
    287.97343161518));
#8206 = CARTESIAN_POINT('',(130.34246286432,40.010693307052,
    292.61764025291));
#8207 = CARTESIAN_POINT('',(131.46174163153,38.759038050785,
    296.22054060507));
#8208 = CARTESIAN_POINT('',(132.55418315348,37.260545436148,
    299.56545217856));
#8209 = CARTESIAN_POINT('',(133.35254332009,36.03845188185,
    302.42796870976));
#8210 = CARTESIAN_POINT('',(133.96919313427,35.053538234702,
    304.91692371093));
#8211 = CARTESIAN_POINT('',(134.40294112591,34.346714064764,
    307.10115182023));
#8212 = CARTESIAN_POINT('',(134.69315532709,33.874152357288,
    309.06794085104));
#8213 = CARTESIAN_POINT('',(134.86715913861,33.593738880669,
    310.88592969473));
#8214 = CARTESIAN_POINT('',(134.95478295553,33.448053822194,
    312.61251667168));
#8215 = CARTESIAN_POINT('',(134.98477336868,33.373687487164,
    314.29070013675));
#8216 = CARTESIAN_POINT('',(134.98596766655,33.302370169885,
    315.95034647157));
#8217 = CARTESIAN_POINT('',(134.98710101929,33.163719294174,
    317.60588194251));
#8218 = CARTESIAN_POINT('',(134.959455832,33.02622448412,319.26813738941
    ));
#8219 = CARTESIAN_POINT('',(134.87422763183,32.954263348996,
    320.96286706019));
#8220 = CARTESIAN_POINT('',(134.70273965524,33.005620593608,
    322.72809905637));
#8221 = CARTESIAN_POINT('',(134.41516903738,33.230243757463,
    324.61472803945));
#8222 = CARTESIAN_POINT('',(133.98448578678,33.660906733696,
    326.68312801623));
#8223 = CARTESIAN_POINT('',(133.37049592422,34.330338195512,
    329.00785434709));
#8224 = CARTESIAN_POINT('',(132.5772882757,35.184936441217,
    331.64525362611));
#8225 = CARTESIAN_POINT('',(131.49643178775,36.241615174469,
    334.6417204603));
#8226 = CARTESIAN_POINT('',(130.39303463223,37.006429666385,
    337.83703135702));
#8227 = CARTESIAN_POINT('',(128.16544093148,38.685848567843,
    341.5523208394));
#8228 = CARTESIAN_POINT('',(128.78089785081,35.912178824994,
    343.76607016291));
#8229 = CARTESIAN_POINT('',(128.63664403482,34.009109771633,
    346.36728981448));
#8230 = CARTESIAN_POINT('',(128.69788965511,31.543702145362,
    348.79713317053));
#8231 = CARTESIAN_POINT('',(128.705708913,28.899750029556,
    351.15157472993));
#8232 = CARTESIAN_POINT('',(128.72899424664,25.980995816493,
    353.35111162619));
#8233 = CARTESIAN_POINT('',(128.74858298734,22.826757781867,
    355.36440173711));
#8234 = CARTESIAN_POINT('',(128.76868015136,19.446926758565,
    357.14953710592));
#8235 = CARTESIAN_POINT('',(128.78702330857,15.865882733376,
    358.67094456876));
#8236 = CARTESIAN_POINT('',(128.80293909908,12.110208475605,
    359.8959250031));
#8237 = CARTESIAN_POINT('',(128.81529260175,8.211287780035,
    360.79650212069));
#8238 = CARTESIAN_POINT('',(128.82318393277,4.203798748727,
    361.34967964465));
#8239 = CARTESIAN_POINT('',(128.82500979035,1.484766238664,
    361.47520194727));
#8240 = CARTESIAN_POINT('',(128.82500998448,0.12,361.47520147387));
#8241 = CARTESIAN_POINT('',(134.13640077305,0.127415456348,
    273.70923196295));
#8242 = CARTESIAN_POINT('',(134.13639979079,1.16256105134,
    273.70940045513));
#8243 = CARTESIAN_POINT('',(134.13658683762,3.223408652639,
    273.81049327389));
#8244 = CARTESIAN_POINT('',(134.13740727953,6.258309524995,
    274.25411234321));
#8245 = CARTESIAN_POINT('',(134.13871989503,9.210576516734,
    274.9755266231));
#8246 = CARTESIAN_POINT('',(134.14045948143,12.056198806078,
    275.95703423657));
#8247 = CARTESIAN_POINT('',(134.14255684712,14.773777962984,
    277.17786403465));
#8248 = CARTESIAN_POINT('',(134.14491581006,17.344902295456,
    278.61462641172));
#8249 = CARTESIAN_POINT('',(134.14752666146,19.754135026071,
    280.24198671068));
#8250 = CARTESIAN_POINT('',(134.15006581537,21.990056543559,
    282.0326499609));
#8251 = CARTESIAN_POINT('',(134.15340779316,24.041984653253,
    283.95998501207));
#8252 = CARTESIAN_POINT('',(134.15399329871,25.9124361926,
    285.99079051812));
#8253 = CARTESIAN_POINT('',(134.16485383908,27.570466964472,
    288.11477100016));
#8254 = CARTESIAN_POINT('',(134.13714732944,29.125306743644,
    290.23686263054));
#8255 = CARTESIAN_POINT('',(134.25298898363,30.177525400955,
    292.58120505109));
#8256 = CARTESIAN_POINT('',(133.832587003,32.239419365253,
    294.18537025327));
#8257 = CARTESIAN_POINT('',(135.41286284946,29.700683146079,
    298.52155706488));
#8258 = CARTESIAN_POINT('',(136.1901856918,28.517239192726,
    301.41310934397));
#8259 = CARTESIAN_POINT('',(136.94365405269,27.194680700141,
    304.0521908319));
#8260 = CARTESIAN_POINT('',(137.49441514703,26.179711728115,
    306.22243882081));
#8261 = CARTESIAN_POINT('',(137.9198413816,25.382060504066,308.079652097
    ));
#8262 = CARTESIAN_POINT('',(138.21911176842,24.820244609289,
    309.68780455902));
#8263 = CARTESIAN_POINT('',(138.41944197905,24.448191544126,
    311.12545240507));
#8264 = CARTESIAN_POINT('',(138.53963254859,24.228565391518,
    312.44867951883));
#8265 = CARTESIAN_POINT('',(138.60023361071,24.114948777251,
    313.70303817216));
#8266 = CARTESIAN_POINT('',(138.62105293283,24.058281183914,
    314.92162628781));
#8267 = CARTESIAN_POINT('',(138.62196929127,24.006564337377,
    316.12695877569));
#8268 = CARTESIAN_POINT('',(138.62279713484,23.906446109657,
    317.3292847282));
#8269 = CARTESIAN_POINT('',(138.6037282031,23.809902344107,
    318.53741142194));
#8270 = CARTESIAN_POINT('',(138.54488083824,23.766068549201,
    319.77208076259));
#8271 = CARTESIAN_POINT('',(138.42645102332,23.819845846104,
    321.06412959758));
#8272 = CARTESIAN_POINT('',(138.22780612987,24.012041661611,
    322.45619507226));
#8273 = CARTESIAN_POINT('',(137.93022572433,24.372937696523,
    324.00054639329));
#8274 = CARTESIAN_POINT('',(137.50555132377,24.939687174935,
    325.77092148057));
#8275 = CARTESIAN_POINT('',(136.95636002549,25.684037123932,
    327.82508974284));
#8276 = CARTESIAN_POINT('',(136.20603067353,26.674915869347,
    330.2932618735));
#8277 = CARTESIAN_POINT('',(135.43194885842,27.493159774378,
    332.98079849628));
#8278 = CARTESIAN_POINT('',(133.86069184173,29.474133326913,
    336.90951708184));
#8279 = CARTESIAN_POINT('',(134.28177556782,27.197506147863,
    338.40794311804));
#8280 = CARTESIAN_POINT('',(134.16873499631,25.817462411673,
    340.54917113251));
#8281 = CARTESIAN_POINT('',(134.19850731942,23.947305957482,
    342.46821822405));
#8282 = CARTESIAN_POINT('',(134.18969878104,21.957592212329,
    344.35419912439));
#8283 = CARTESIAN_POINT('',(134.19092957237,19.753038969489,
    346.11343974353));
#8284 = CARTESIAN_POINT('',(134.18921870187,17.36844750055,
    347.72855378826));
#8285 = CARTESIAN_POINT('',(134.18812567733,14.80911432763,
    349.1631537419));
#8286 = CARTESIAN_POINT('',(134.18681183897,12.093513709699,
    350.38834204474));
#8287 = CARTESIAN_POINT('',(134.18564372041,9.241611244588,
    351.37656751789));
#8288 = CARTESIAN_POINT('',(134.18467721294,6.277579838526,
    352.10418514252));
#8289 = CARTESIAN_POINT('',(134.18404269233,3.228498485134,
    352.55160590859));
#8290 = CARTESIAN_POINT('',(134.18389312651,1.158832180509,
    352.65318898776));
#8291 = CARTESIAN_POINT('',(134.1838931073,0.12,352.65318874385));
#8292 = CARTESIAN_POINT('',(139.79220703358,0.117881298266,
    291.2032849404));
#8293 = CARTESIAN_POINT('',(139.79220734665,0.725608115632,
    291.20323669766));
#8294 = CARTESIAN_POINT('',(139.79265999812,1.935525890874,
    291.26362642944));
#8295 = CARTESIAN_POINT('',(139.79462847869,3.71665482311,
    291.52939329175));
#8296 = CARTESIAN_POINT('',(139.79776625911,5.448047324704,
    291.96155116512));
#8297 = CARTESIAN_POINT('',(139.80191034455,7.115208450301,
    292.54907786433));
#8298 = CARTESIAN_POINT('',(139.80687351772,8.705369736171,
    293.27906078527));
#8299 = CARTESIAN_POINT('',(139.81244221153,10.207717844847,
    294.13702418404));
#8300 = CARTESIAN_POINT('',(139.81844958714,11.613325292507,
    295.1074225242));
#8301 = CARTESIAN_POINT('',(139.82456270901,12.915864464835,
    296.17354511256));
#8302 = CARTESIAN_POINT('',(139.83112312143,14.109109675244,
    297.31957573496));
#8303 = CARTESIAN_POINT('',(139.83604521912,15.196175989104,
    298.52451719833));
#8304 = CARTESIAN_POINT('',(139.84641098165,16.154744603777,
    299.78635456542));
#8305 = CARTESIAN_POINT('',(139.83520919159,17.066372440357,
    301.03321791722));
#8306 = CARTESIAN_POINT('',(139.9027879723,17.633285308304,
    302.45610922939));
#8307 = CARTESIAN_POINT('',(139.67430226396,18.980993991242,
    303.26815855469));
#8308 = CARTESIAN_POINT('',(140.54846106813,16.930007819327,
    306.33597489364));
#8309 = CARTESIAN_POINT('',(140.97324238945,16.266949839308,
    307.91729889891));
#8310 = CARTESIAN_POINT('',(141.37866050305,15.592863326159,
    309.35014499638));
#8311 = CARTESIAN_POINT('',(141.66187047279,15.211058190656,
    310.47412347291));
#8312 = CARTESIAN_POINT('',(141.85602196007,14.899381779017,
    311.50186828568));
#8313 = CARTESIAN_POINT('',(142.0031451172,14.641646169371,
    312.42717432624));
#8314 = CARTESIAN_POINT('',(142.10071450855,14.462785006868,
    313.26964625132));
#8315 = CARTESIAN_POINT('',(142.16021890312,14.352213788307,
    314.05207816498));
#8316 = CARTESIAN_POINT('',(142.19031291565,14.293367724279,
    314.79672476255));
#8317 = CARTESIAN_POINT('',(142.20082561485,14.261965907632,
    315.52135937716));
#8318 = CARTESIAN_POINT('',(142.20143814496,14.230711132584,
    316.2384358076));
#8319 = CARTESIAN_POINT('',(142.20190827749,14.170920198126,
    316.95367580877));
#8320 = CARTESIAN_POINT('',(142.19249485054,14.110466105978,
    317.67237703164));
#8321 = CARTESIAN_POINT('',(142.16362706398,14.074924231054,
    318.40625111206));
#8322 = CARTESIAN_POINT('',(142.10558808619,14.086188922919,
    319.17179879977));
#8323 = CARTESIAN_POINT('',(142.01034606847,14.157346520211,
    319.98843588206));
#8324 = CARTESIAN_POINT('',(141.86619072726,14.296057537872,
    320.87539648426));
#8325 = CARTESIAN_POINT('',(141.68101159497,14.469359320954,
    321.8398759904));
#8326 = CARTESIAN_POINT('',(141.40340472272,14.702292095141,
    322.87617446867));
#8327 = CARTESIAN_POINT('',(140.99668933415,15.197160163243,
    324.21651399811));
#8328 = CARTESIAN_POINT('',(140.56818692446,15.665609427638,
    325.69820495258));
#8329 = CARTESIAN_POINT('',(139.6592670936,17.384005532437,
    328.70338864841));
#8330 = CARTESIAN_POINT('',(139.89439019766,15.914882687853,
    329.41050252774));
#8331 = CARTESIAN_POINT('',(139.82177651878,15.157312060465,
    330.73090470156));
#8332 = CARTESIAN_POINT('',(139.83050136906,14.062640223467,
    331.86012575855));
#8333 = CARTESIAN_POINT('',(139.8164713626,12.91053534754,
    332.98851257948));
#8334 = CARTESIAN_POINT('',(139.80784051824,11.627597241404,
    334.03940736652));
#8335 = CARTESIAN_POINT('',(139.79744180807,10.238101230182,
    335.00771063852));
#8336 = CARTESIAN_POINT('',(139.7876879322,8.743373622771,
    335.86968956173));
#8337 = CARTESIAN_POINT('',(139.77852493601,7.154186135015,
    336.60773089412));
#8338 = CARTESIAN_POINT('',(139.77062513965,5.48205044115,
    337.20434812995));
#8339 = CARTESIAN_POINT('',(139.7644756709,3.741404500674,
    337.64446033779));
#8340 = CARTESIAN_POINT('',(139.76055104798,1.948731822841,
    337.91545881138));
#8341 = CARTESIAN_POINT('',(139.75964256916,0.731147322488,
    337.97703094934));
#8342 = CARTESIAN_POINT('',(139.75964246619,0.120000000001,
    337.97703101263));
#8343 = CARTESIAN_POINT('',(143.98098355719,0.119999999815,
    305.4783866108));
#8344 = CARTESIAN_POINT('',(143.98098347155,0.3808607393,305.47838664179
    ));
#8345 = CARTESIAN_POINT('',(143.98041822569,0.9002099969,305.50263758055
    ));
#8346 = CARTESIAN_POINT('',(143.97797346224,1.666201562318,
    305.60948909991));
#8347 = CARTESIAN_POINT('',(143.97412470278,2.413491759116,
    305.78393674854));
#8348 = CARTESIAN_POINT('',(143.96913411604,3.136657250432,
    306.02247667148));
#8349 = CARTESIAN_POINT('',(143.96330434976,3.830577353804,
    306.32094171528));
#8350 = CARTESIAN_POINT('',(143.95694821645,4.490514342744,
    306.67449904692));
#8351 = CARTESIAN_POINT('',(143.95037189725,5.11226045246,
    307.07762792245));
#8352 = CARTESIAN_POINT('',(143.94382412404,5.692134771932,
    307.5243332588));
#8353 = CARTESIAN_POINT('',(143.93760661175,6.227548930343,
    308.00767941696));
#8354 = CARTESIAN_POINT('',(143.93160987652,6.715376324611,
    308.52204453219));
#8355 = CARTESIAN_POINT('',(143.92703013496,7.15838617861,
    309.05535047355));
#8356 = CARTESIAN_POINT('',(143.91996295035,7.541414451238,
    309.61878209247));
#8357 = CARTESIAN_POINT('',(143.92533281131,7.920306952456,
    310.13660416388));
#8358 = CARTESIAN_POINT('',(143.88761306869,8.089832806526,
    310.85806298973));
#8359 = CARTESIAN_POINT('',(144.01405752893,8.822768709217,
    310.82076105606));
#8360 = CARTESIAN_POINT('',(144.09228722726,8.675057503652,
    311.70207504965));
#8361 = CARTESIAN_POINT('',(144.18471928741,8.355210872336,
    312.53947886266));
#8362 = CARTESIAN_POINT('',(144.28133423238,7.860248412681,
    313.35562485372));
#8363 = CARTESIAN_POINT('',(144.40637259829,7.498018494702,
    313.94894582093));
#8364 = CARTESIAN_POINT('',(144.47450261028,7.323257429738,
    314.41626803501));
#8365 = CARTESIAN_POINT('',(144.52268669408,7.225796032693,
    314.82296210267));
#8366 = CARTESIAN_POINT('',(144.55034075887,7.178574939961,
    315.19737134724));
#8367 = CARTESIAN_POINT('',(144.56477258224,7.15510227373,
    315.55511695033));
#8368 = CARTESIAN_POINT('',(144.57017445609,7.141010988894,
    315.90439424757));
#8369 = CARTESIAN_POINT('',(144.57116002848,7.124094814918,
    316.25022060231));
#8370 = CARTESIAN_POINT('',(144.5721246003,7.092988488315,
    316.59503441761));
#8371 = CARTESIAN_POINT('',(144.56864913411,7.058758414776,
    316.94110882624));
#8372 = CARTESIAN_POINT('',(144.5558924473,7.033234547884,
    317.29347532067));
#8373 = CARTESIAN_POINT('',(144.52943292015,7.03008442757,
    317.66078964908));
#8374 = CARTESIAN_POINT('',(144.48060953747,7.075416859361,
    318.06153489189));
#8375 = CARTESIAN_POINT('',(144.41052315117,7.19295929375,
    318.52735830767));
#8376 = CARTESIAN_POINT('',(144.27040811089,7.497153416213,
    319.14396042134));
#8377 = CARTESIAN_POINT('',(144.16636124013,7.903122445932,
    320.00018674888));
#8378 = CARTESIAN_POINT('',(144.08217242976,8.114012427654,
    320.83124348838));
#8379 = CARTESIAN_POINT('',(144.01807347503,8.1380043436,321.67736494531
    ));
#8380 = CARTESIAN_POINT('',(143.97698392205,7.297460484015,
    321.34923488604));
#8381 = CARTESIAN_POINT('',(144.00467601312,7.055418302461,
    322.07484094363));
#8382 = CARTESIAN_POINT('',(144.01609135047,6.590936781359,
    322.51085490637));
#8383 = CARTESIAN_POINT('',(144.03393633036,6.12377528937,
    323.00630611178));
#8384 = CARTESIAN_POINT('',(144.05188455856,5.59625135277,
    323.45684295676));
#8385 = CARTESIAN_POINT('',(144.0711889129,5.026451277597,
    323.87999850833));
#8386 = CARTESIAN_POINT('',(144.0908361475,4.413508051158,
    324.26137199377));
#8387 = CARTESIAN_POINT('',(144.11017014432,3.762803446137,
    324.59612985284));
#8388 = CARTESIAN_POINT('',(144.12820954018,3.078950533912,
    324.87809511989));
#8389 = CARTESIAN_POINT('',(144.14389653753,2.367359428669,
    325.10276115823));
#8390 = CARTESIAN_POINT('',(144.15614683886,1.633507959635,
    325.26643924559));
#8391 = CARTESIAN_POINT('',(144.16399284863,0.882903162787,
    325.36631367146));
#8392 = CARTESIAN_POINT('',(144.16581157012,0.374951917457,
    325.38889643532));
#8393 = CARTESIAN_POINT('',(144.16581181711,0.119999999998,
    325.3888959045));
#8394 = CARTESIAN_POINT('',(145.69274708816,0.12,311.66074503467));
#8395 = CARTESIAN_POINT('',(145.69274708696,0.23312064786,311.6607450222
    ));
#8396 = CARTESIAN_POINT('',(145.69287988476,0.458331000111,
    311.67197074669));
#8397 = CARTESIAN_POINT('',(145.69346203516,0.789851919911,
    311.72132793489));
#8398 = CARTESIAN_POINT('',(145.6944031124,1.112086547594,
    311.80158814751));
#8399 = CARTESIAN_POINT('',(145.6956714902,1.422312174931,
    311.91072646985));
#8400 = CARTESIAN_POINT('',(145.69722910062,1.718120948424,
    312.04636346434));
#8401 = CARTESIAN_POINT('',(145.69903275253,1.997456300376,
    312.2058264895));
#8402 = CARTESIAN_POINT('',(145.70103558317,2.258638081498,
    312.38621469002));
#8403 = CARTESIAN_POINT('',(145.70318860667,2.500376723871,
    312.58446563813));
#8404 = CARTESIAN_POINT('',(145.70544230021,2.721776297175,
    312.7974204463));
#8405 = CARTESIAN_POINT('',(145.70774819274,2.922328652163,
    313.02188863749));
#8406 = CARTESIAN_POINT('',(145.71006028108,3.101894291413,
    313.25469856438));
#8407 = CARTESIAN_POINT('',(145.71233659081,3.260691350089,
    313.49277833784));
#8408 = CARTESIAN_POINT('',(145.71453936518,3.39921900174,313.733093006)
  );
#8409 = CARTESIAN_POINT('',(145.71663924746,3.518396954549,
    313.97308355263));
#8410 = CARTESIAN_POINT('',(145.71860320793,3.618876686846,
    314.20919534198));
#8411 = CARTESIAN_POINT('',(145.7204191971,3.702335892192,
    314.43972486295));
#8412 = CARTESIAN_POINT('',(145.72208972082,3.770762291396,
    314.6645436914));
#8413 = CARTESIAN_POINT('',(145.723617864,3.825791388494,314.8835248487)
  );
#8414 = CARTESIAN_POINT('',(145.72500954482,3.868876108484,
    315.09688514717));
#8415 = CARTESIAN_POINT('',(145.72627166988,3.901240838905,
    315.30502461318));
#8416 = CARTESIAN_POINT('',(145.72741161697,3.923897930728,
    315.50851006173));
#8417 = CARTESIAN_POINT('',(145.72843656355,3.93765011469,
    315.70802817406));
#8418 = CARTESIAN_POINT('',(145.72935302767,3.943097790984,
    315.90435351892));
#8419 = CARTESIAN_POINT('',(145.73016649374,3.940644968691,
    316.0983179609));
#8420 = CARTESIAN_POINT('',(145.73088113198,3.930504720273,
    316.2907837225));
#8421 = CARTESIAN_POINT('',(145.73149958909,3.912703407047,
    316.48261815953));
#8422 = CARTESIAN_POINT('',(145.73202284315,3.887083611876,
    316.67466947965));
#8423 = CARTESIAN_POINT('',(145.73245011919,3.853305768282,
    316.86774234671));
#8424 = CARTESIAN_POINT('',(145.73277886952,3.810848644748,
    317.06257246722));
#8425 = CARTESIAN_POINT('',(145.73300483052,3.759009131663,
    317.25979907847));
#8426 = CARTESIAN_POINT('',(145.73312217367,3.696901489076,
    317.45993494414));
#8427 = CARTESIAN_POINT('',(145.73312378446,3.623458186723,
    317.6633310345));
#8428 = CARTESIAN_POINT('',(145.7330016805,3.537428089471,
    317.87014228362));
#8429 = CARTESIAN_POINT('',(145.73274770002,3.437392674412,
    318.0802666825));
#8430 = CARTESIAN_POINT('',(145.73235417208,3.321729213884,
    318.29335777948));
#8431 = CARTESIAN_POINT('',(145.73181586074,3.188793775943,
    318.50853434814));
#8432 = CARTESIAN_POINT('',(145.73112856118,3.036315076209,
    318.72518967649));
#8433 = CARTESIAN_POINT('',(145.73029892023,2.863170306184,
    318.94046974334));
#8434 = CARTESIAN_POINT('',(145.72934597972,2.669079970699,
    319.15069380151));
#8435 = CARTESIAN_POINT('',(145.72829828586,2.454019812946,
    319.3522857021));
#8436 = CARTESIAN_POINT('',(145.72719394402,2.218420029668,
    319.54160324061));
#8437 = CARTESIAN_POINT('',(145.7260788518,1.963139666949,
    319.71507335579));
#8438 = CARTESIAN_POINT('',(145.725004407,1.689485566637,319.86925329597
    ));
#8439 = CARTESIAN_POINT('',(145.72402446983,1.399202260768,
    320.00091629818));
#8440 = CARTESIAN_POINT('',(145.72319186976,1.094451604724,
    320.10713164894));
#8441 = CARTESIAN_POINT('',(145.72255469446,0.777776975741,
    320.18534311175));
#8442 = CARTESIAN_POINT('',(145.72215267806,0.452053567637,
    320.2334404753));
#8443 = CARTESIAN_POINT('',(145.7220602089,0.23096930912,320.24436100306
    ));
#8444 = CARTESIAN_POINT('',(145.72206021375,0.12,320.24436097888));
#8445 = DEFINITIONAL_REPRESENTATION('',(#8446),#8450);
#8446 = LINE('',#8447,#8448);
#8447 = CARTESIAN_POINT('',(0.16625,0.));
#8448 = VECTOR('',#8449,1.);
#8449 = DIRECTION('',(0.,1.));
#8450 = ( GEOMETRIC_REPRESENTATION_CONTEXT(2) 
PARAMETRIC_REPRESENTATION_CONTEXT() REPRESENTATION_CONTEXT('2D SPACE',''
  ) );
#8451 = ORIENTED_EDGE('',*,*,#8452,.F.);
#8452 = EDGE_CURVE('',#22,#4964,#8453,.T.);
#8453 = SURFACE_CURVE('',#8454,(#8457,#8464),.PCURVE_S1.);
#8454 = B_SPLINE_CURVE_WITH_KNOTS('',1,(#8455,#8456),.UNSPECIFIED.,.F.,
  .F.,(2,2),(0.,1.),.PIECEWISE_BEZIER_KNOTS.);
#8455 = CARTESIAN_POINT('',(-124.7712617334,99.635263480032,
    304.05740300806));
#8456 = CARTESIAN_POINT('',(-123.1749771852,97.844005239334,
    303.97950655539));
#8457 = PCURVE('',#3505,#8458);
#8458 = DEFINITIONAL_REPRESENTATION('',(#8459),#8463);
#8459 = LINE('',#8460,#8461);
#8460 = CARTESIAN_POINT('',(0.321666666667,0.));
#8461 = VECTOR('',#8462,1.);
#8462 = DIRECTION('',(0.,1.));
#8463 = ( GEOMETRIC_REPRESENTATION_CONTEXT(2) 
PARAMETRIC_REPRESENTATION_CONTEXT() REPRESENTATION_CONTEXT('2D SPACE',''
  ) );
#8464 = PCURVE('',#3639,#8465);
#8465 = DEFINITIONAL_REPRESENTATION('',(#8466),#8470);
#8466 = LINE('',#8467,#8468);
#8467 = CARTESIAN_POINT('',(0.16625,0.));
#8468 = VECTOR('',#8469,1.);
#8469 = DIRECTION('',(0.,1.));
#8470 = ( GEOMETRIC_REPRESENTATION_CONTEXT(2) 
PARAMETRIC_REPRESENTATION_CONTEXT() REPRESENTATION_CONTEXT('2D SPACE',''
  ) );
#8471 = ADVANCED_FACE('',(#8472),#3639,.T.);
#8472 = FACE_BOUND('',#8473,.T.);
#8473 = EDGE_LOOP('',(#8474,#8475,#8497,#8582));
#8474 = ORIENTED_EDGE('',*,*,#3559,.T.);
#8475 = ORIENTED_EDGE('',*,*,#8476,.T.);
#8476 = EDGE_CURVE('',#3560,#8477,#8479,.T.);
#8477 = VERTEX_POINT('',#8478);
#8478 = CARTESIAN_POINT('',(63.019568657633,111.84297591409,
    281.06743630633));
#8479 = SURFACE_CURVE('',#8480,(#8483,#8490),.PCURVE_S1.);
#8480 = B_SPLINE_CURVE_WITH_KNOTS('',1,(#8481,#8482),.UNSPECIFIED.,.F.,
  .F.,(2,2),(0.,1.),.PIECEWISE_BEZIER_KNOTS.);
#8481 = CARTESIAN_POINT('',(64.140106805402,113.91155797964,
    280.59704443258));
#8482 = CARTESIAN_POINT('',(63.019568657633,111.84297591409,
    281.06743630633));
#8483 = PCURVE('',#3639,#8484);
#8484 = DEFINITIONAL_REPRESENTATION('',(#8485),#8489);
#8485 = LINE('',#8486,#8487);
#8486 = CARTESIAN_POINT('',(0.74,0.));
#8487 = VECTOR('',#8488,1.);
#8488 = DIRECTION('',(0.,1.));
#8489 = ( GEOMETRIC_REPRESENTATION_CONTEXT(2) 
PARAMETRIC_REPRESENTATION_CONTEXT() REPRESENTATION_CONTEXT('2D SPACE',''
  ) );
#8490 = PCURVE('',#3793,#8491);
#8491 = DEFINITIONAL_REPRESENTATION('',(#8492),#8496);
#8492 = LINE('',#8493,#8494);
#8493 = CARTESIAN_POINT('',(0.321666666667,0.));
#8494 = VECTOR('',#8495,1.);
#8495 = DIRECTION('',(0.,1.));
#8496 = ( GEOMETRIC_REPRESENTATION_CONTEXT(2) 
PARAMETRIC_REPRESENTATION_CONTEXT() REPRESENTATION_CONTEXT('2D SPACE',''
  ) );
#8497 = ORIENTED_EDGE('',*,*,#8498,.F.);
#8498 = EDGE_CURVE('',#4964,#8477,#8499,.T.);
#8499 = SURFACE_CURVE('',#8500,(#8568,#8575),.PCURVE_S1.);
#8500 = B_SPLINE_CURVE_WITH_KNOTS('',3,(#8501,#8502,#8503,#8504,#8505,
    #8506,#8507,#8508,#8509,#8510,#8511,#8512,#8513,#8514,#8515,#8516,
    #8517,#8518,#8519,#8520,#8521,#8522,#8523,#8524,#8525,#8526,#8527,
    #8528,#8529,#8530,#8531,#8532,#8533,#8534,#8535,#8536,#8537,#8538,
    #8539,#8540,#8541,#8542,#8543,#8544,#8545,#8546,#8547,#8548,#8549,
    #8550,#8551,#8552,#8553,#8554,#8555,#8556,#8557,#8558,#8559,#8560,
    #8561,#8562,#8563,#8564,#8565,#8566,#8567),.UNSPECIFIED.,.F.,.F.,(4,
    1,1,1,1,1,1,1,1,1,1,1,1,1,1,1,1,1,1,1,1,1,1,1,1,1,1,1,1,1,1,1,1,1,1,
    1,1,1,1,1,1,1,1,1,1,1,1,1,1,1,1,1,1,1,1,1,1,1,1,1,1,1,1,1,4),(0.,
    1.5625E-02,3.125E-02,4.6875E-02,6.25E-02,7.8125E-02,9.375E-02,
    0.109375,0.125,0.140625,0.15625,0.171875,0.1875,0.203125,0.21875,
    0.234375,0.25,0.265625,0.28125,0.296875,0.3125,0.328125,0.34375,
    0.359375,0.375,0.390625,0.40625,0.421875,0.4375,0.453125,0.46875,
    0.484375,0.5,0.515625,0.53125,0.546875,0.5625,0.578125,0.59375,
    0.609375,0.625,0.640625,0.65625,0.671875,0.6875,0.703125,0.71875,
    0.734375,0.75,0.765625,0.78125,0.796875,0.8125,0.828125,0.84375,
    0.859375,0.875,0.890625,0.90625,0.921875,0.9375,0.953125,0.96875,
    0.984375,1.),.QUASI_UNIFORM_KNOTS.);
#8501 = CARTESIAN_POINT('',(-167.6567670309,4.194684456428,
    312.25081759384));
#8502 = CARTESIAN_POINT('',(-166.2544238692,9.688804949052,
    311.86310190765));
#8503 = CARTESIAN_POINT('',(-163.633768245,23.04294276207,
    310.29718835464));
#8504 = CARTESIAN_POINT('',(-159.6201966518,36.920801277972,
    309.30672104987));
#8505 = CARTESIAN_POINT('',(-155.550292966,47.949684225328,
    309.02982398616));
#8506 = CARTESIAN_POINT('',(-151.4632801102,58.304254381132,
    308.84421738378));
#8507 = CARTESIAN_POINT('',(-147.3459759052,67.233275590853,
    308.75203411172));
#8508 = CARTESIAN_POINT('',(-143.235861799,74.758927971705,308.655686475
    ));
#8509 = CARTESIAN_POINT('',(-139.1203985367,80.464619170187,
    308.2985431289));
#8510 = CARTESIAN_POINT('',(-134.8168960331,85.761801391574,
    307.2632842134));
#8511 = CARTESIAN_POINT('',(-130.4780109384,90.693622452523,
    306.17348840352));
#8512 = CARTESIAN_POINT('',(-126.0517855777,95.223618550737,
    304.91030945528));
#8513 = CARTESIAN_POINT('',(-121.5604935445,99.352344209517,
    303.458434043));
#8514 = CARTESIAN_POINT('',(-117.0262739713,103.04899923341,
    302.00346111965));
#8515 = CARTESIAN_POINT('',(-112.4335469088,106.34135407385,
    300.6633519586));
#8516 = CARTESIAN_POINT('',(-107.8492660004,109.14726225788,
    299.60665396551));
#8517 = CARTESIAN_POINT('',(-103.1080938915,111.62854759662,
    298.89087659378));
#8518 = CARTESIAN_POINT('',(-98.2375550634,114.07735974073,
    298.13923903567));
#8519 = CARTESIAN_POINT('',(-93.36086641818,116.4875516759,
    297.67851084369));
#8520 = CARTESIAN_POINT('',(-88.44014861663,118.80853263104,
    297.54225976257));
#8521 = CARTESIAN_POINT('',(-83.49270138231,121.01169110244,
    297.29379072576));
#8522 = CARTESIAN_POINT('',(-78.51905672719,123.05928203721,
    297.06935817612));
#8523 = CARTESIAN_POINT('',(-73.52436067505,124.91462909825,
    296.80919752143));
#8524 = CARTESIAN_POINT('',(-68.51302127934,126.5391897464,
    296.50157067356));
#8525 = CARTESIAN_POINT('',(-63.48843198271,127.89601016408,
    296.11770681416));
#8526 = CARTESIAN_POINT('',(-58.45835494049,128.9394788039,
    295.64031503808));
#8527 = CARTESIAN_POINT('',(-53.41187849549,129.65364287,295.01858386841
    ));
#8528 = CARTESIAN_POINT('',(-48.40360918567,129.90850251331,
    294.31145330162));
#8529 = CARTESIAN_POINT('',(-43.10392773505,130.02514772933,
    293.5516159114));
#8530 = CARTESIAN_POINT('',(-37.85425969185,130.15457684469,
    292.70412299077));
#8531 = CARTESIAN_POINT('',(-32.56991357581,130.25353905293,
    291.79882244744));
#8532 = CARTESIAN_POINT('',(-27.27716522845,130.33276232786,
    290.84841800655));
#8533 = CARTESIAN_POINT('',(-21.9725143266,130.38858361115,
    289.87065455601));
#8534 = CARTESIAN_POINT('',(-16.66061240651,130.42118965935,
    288.88228056102));
#8535 = CARTESIAN_POINT('',(-11.34328655056,130.43004200334,
    287.90054125927));
#8536 = CARTESIAN_POINT('',(-6.025508671208,130.41395524815,
    286.94276499313));
#8537 = CARTESIAN_POINT('',(-0.702486472652,130.37537822794,
    286.02604095761));
#8538 = CARTESIAN_POINT('',(4.59467821906,130.30321057103,
    285.16843432677));
#8539 = CARTESIAN_POINT('',(9.968543919275,130.23726977433,
    284.38395842236));
#8540 = CARTESIAN_POINT('',(15.028766762134,130.04701107074,
    283.69985305579));
#8541 = CARTESIAN_POINT('',(20.10469894372,129.24604944241,
    283.14420046078));
#8542 = CARTESIAN_POINT('',(25.222489182435,128.03153655939,
    282.69372742431));
#8543 = CARTESIAN_POINT('',(30.359901288505,126.4366117232,
    282.33800167717));
#8544 = CARTESIAN_POINT('',(35.51537933894,124.53893499444,
    282.06319023278));
#8545 = CARTESIAN_POINT('',(40.679828829285,122.40528092758,
    281.85461890636));
#8546 = CARTESIAN_POINT('',(45.85228026322,120.10863316805,
    281.70236991891));
#8547 = CARTESIAN_POINT('',(51.009861921191,117.70947813815,
    281.57699026926));
#8548 = CARTESIAN_POINT('',(56.205199712288,115.30802663783,
    281.51844955666));
#8549 = CARTESIAN_POINT('',(61.261465796972,112.9260735166,
    281.40042354808));
#8550 = CARTESIAN_POINT('',(66.162366129295,109.99843082702,
    280.57392724159));
#8551 = CARTESIAN_POINT('',(71.136154106045,106.38860022176,
    279.16936614874));
#8552 = CARTESIAN_POINT('',(76.106194210057,102.19467772484,
    277.38977400003));
#8553 = CARTESIAN_POINT('',(81.090661130243,97.588790728357,
    275.91023320977));
#8554 = CARTESIAN_POINT('',(86.084032493501,92.567661663385,
    274.60113700432));
#8555 = CARTESIAN_POINT('',(91.08238519339,87.321805617493,
    273.84121885904));
#8556 = CARTESIAN_POINT('',(96.102072480949,82.230417429029,
    274.25224655745));
#8557 = CARTESIAN_POINT('',(101.08861066622,77.437926970961,
    275.62471054168));
#8558 = CARTESIAN_POINT('',(106.03151314448,72.73722245771,
    278.27535083179));
#8559 = CARTESIAN_POINT('',(110.98924841359,67.376354425574,
    280.9101050734));
#8560 = CARTESIAN_POINT('',(115.94599158007,61.380497141069,
    283.741231925));
#8561 = CARTESIAN_POINT('',(120.90293277068,54.76521225926,
    286.88417202057));
#8562 = CARTESIAN_POINT('',(125.88027584859,47.350212555559,
    290.44254675711));
#8563 = CARTESIAN_POINT('',(130.8004920801,39.48925977761,
    294.16877525586));
#8564 = CARTESIAN_POINT('',(135.73104433094,29.217661252211,
    299.74797216603));
#8565 = CARTESIAN_POINT('',(140.72193696426,16.678729465249,
    306.986140826));
#8566 = CARTESIAN_POINT('',(144.04726901792,8.72955596099,
    311.23480308155));
#8567 = CARTESIAN_POINT('',(145.71939584692,3.654887131962,
    314.31038386533));
#8568 = PCURVE('',#3639,#8569);
#8569 = DEFINITIONAL_REPRESENTATION('',(#8570),#8574);
#8570 = LINE('',#8571,#8572);
#8571 = CARTESIAN_POINT('',(0.,1.));
#8572 = VECTOR('',#8573,1.);
#8573 = DIRECTION('',(1.,0.));
#8574 = ( GEOMETRIC_REPRESENTATION_CONTEXT(2) 
PARAMETRIC_REPRESENTATION_CONTEXT() REPRESENTATION_CONTEXT('2D SPACE',''
  ) );
#8575 = PCURVE('',#5027,#8576);
#8576 = DEFINITIONAL_REPRESENTATION('',(#8577),#8581);
#8577 = LINE('',#8578,#8579);
#8578 = CARTESIAN_POINT('',(0.,0.321666666667));
#8579 = VECTOR('',#8580,1.);
#8580 = DIRECTION('',(1.,0.));
#8581 = ( GEOMETRIC_REPRESENTATION_CONTEXT(2) 
PARAMETRIC_REPRESENTATION_CONTEXT() REPRESENTATION_CONTEXT('2D SPACE',''
  ) );
#8582 = ORIENTED_EDGE('',*,*,#8452,.F.);
#8583 = ADVANCED_FACE('',(#8584),#3927,.F.);
#8584 = FACE_BOUND('',#8585,.F.);
#8585 = EDGE_LOOP('',(#8586,#8587,#8588,#8623,#8684,#8717,#8718,#8740));
#8586 = ORIENTED_EDGE('',*,*,#4941,.F.);
#8587 = ORIENTED_EDGE('',*,*,#4317,.T.);
#8588 = ORIENTED_EDGE('',*,*,#8589,.T.);
#8589 = EDGE_CURVE('',#4253,#8590,#8592,.T.);
#8590 = VERTEX_POINT('',#8591);
#8591 = CARTESIAN_POINT('',(-6.958768604497,120.3288511925,
    338.7041563423));
#8592 = SURFACE_CURVE('',#8593,(#8601,#8612),.PCURVE_S1.);
#8593 = B_SPLINE_CURVE_WITH_KNOTS('',6,(#8594,#8595,#8596,#8597,#8598,
    #8599,#8600),.UNSPECIFIED.,.F.,.F.,(7,7),(0.,1.),
  .PIECEWISE_BEZIER_KNOTS.);
#8594 = CARTESIAN_POINT('',(-6.690359261026,121.98179645858,
    339.66276673938));
#8595 = CARTESIAN_POINT('',(-6.740870851605,121.70708897802,
    339.50247364441));
#8596 = CARTESIAN_POINT('',(-6.788494819632,121.43197939281,
    339.34243028469));
#8597 = CARTESIAN_POINT('',(-6.83380079293,121.15655536525,
    339.18259779866));
#8598 = CARTESIAN_POINT('',(-6.877118670064,120.8808690878,
    339.02295377662));
#8599 = CARTESIAN_POINT('',(-6.918709441992,120.60495910999,
    338.86347880093));
#8600 = CARTESIAN_POINT('',(-6.958768679938,120.32885067252,
    338.70415604225));
#8601 = PCURVE('',#3927,#8602);
#8602 = DEFINITIONAL_REPRESENTATION('',(#8603),#8611);
#8603 = B_SPLINE_CURVE_WITH_KNOTS('',6,(#8604,#8605,#8606,#8607,#8608,
    #8609,#8610),.UNSPECIFIED.,.F.,.F.,(7,7),(0.,1.),
  .PIECEWISE_BEZIER_KNOTS.);
#8604 = CARTESIAN_POINT('',(0.529412551484,0.));
#8605 = CARTESIAN_POINT('',(0.529274604898,0.132723278583));
#8606 = CARTESIAN_POINT('',(0.529145147455,0.265528801771));
#8607 = CARTESIAN_POINT('',(0.529022504263,0.398395197141));
#8608 = CARTESIAN_POINT('',(0.528905704573,0.531309551339));
#8609 = CARTESIAN_POINT('',(0.528793981362,0.664262987593));
#8610 = CARTESIAN_POINT('',(0.528686759193,0.797250644739));
#8611 = ( GEOMETRIC_REPRESENTATION_CONTEXT(2) 
PARAMETRIC_REPRESENTATION_CONTEXT() REPRESENTATION_CONTEXT('2D SPACE',''
  ) );
#8612 = PCURVE('',#4171,#8613);
#8613 = DEFINITIONAL_REPRESENTATION('',(#8614),#8622);
#8614 = B_SPLINE_CURVE_WITH_KNOTS('',6,(#8615,#8616,#8617,#8618,#8619,
    #8620,#8621),.UNSPECIFIED.,.F.,.F.,(7,7),(0.,1.),
  .PIECEWISE_BEZIER_KNOTS.);
#8615 = CARTESIAN_POINT('',(1.190118752866,1.909740400043));
#8616 = CARTESIAN_POINT('',(1.178647552766,1.59186490365));
#8617 = CARTESIAN_POINT('',(1.167805213358,1.273767144961));
#8618 = CARTESIAN_POINT('',(1.157465425233,0.955503100635));
#8619 = CARTESIAN_POINT('',(1.147555244117,0.637106503527));
#8620 = CARTESIAN_POINT('',(1.138017003888,0.318600832585));
#8621 = CARTESIAN_POINT('',(1.128807560607,-6.E-07));
#8622 = ( GEOMETRIC_REPRESENTATION_CONTEXT(2) 
PARAMETRIC_REPRESENTATION_CONTEXT() REPRESENTATION_CONTEXT('2D SPACE',''
  ) );
#8623 = ORIENTED_EDGE('',*,*,#8624,.T.);
#8624 = EDGE_CURVE('',#8590,#8625,#8627,.T.);
#8625 = VERTEX_POINT('',#8626);
#8626 = CARTESIAN_POINT('',(-4.078987791977,120.15329723862,
    338.99844329679));
#8627 = SURFACE_CURVE('',#8628,(#8643,#8661),.PCURVE_S1.);
#8628 = B_SPLINE_CURVE_WITH_KNOTS('',7,(#8629,#8630,#8631,#8632,#8633,
    #8634,#8635,#8636,#8637,#8638,#8639,#8640,#8641,#8642),
  .UNSPECIFIED.,.F.,.F.,(8,6,8),(0.,0.493045165586,1.),.UNSPECIFIED.);
#8629 = CARTESIAN_POINT('',(-9.532633550101,120.48066652141,
    338.4512202514));
#8630 = CARTESIAN_POINT('',(-9.086846930526,120.45474583118,
    338.4942880944));
#8631 = CARTESIAN_POINT('',(-8.641095687804,120.42868404647,
    338.53763628118));
#8632 = CARTESIAN_POINT('',(-8.195381456262,120.40247566402,
    338.58127575102));
#8633 = CARTESIAN_POINT('',(-7.749705901854,120.3761152187,
    338.62521736823));
#8634 = CARTESIAN_POINT('',(-7.304070722229,120.34959728445,
    338.66947192025));
#8635 = CARTESIAN_POINT('',(-6.858477646813,120.32291647522,
    338.71405011581));
#8636 = CARTESIAN_POINT('',(-5.954809502316,120.26846095841,
    338.80514210978));
#8637 = CARTESIAN_POINT('',(-5.496736916101,120.24067669733,
    338.85167489188));
#8638 = CARTESIAN_POINT('',(-5.038712303549,120.2127100042,
    338.8985701939));
#8639 = CARTESIAN_POINT('',(-4.580740434262,120.18454447054,
    338.94586063048));
#8640 = CARTESIAN_POINT('',(-4.122823034786,120.15617580403,
    338.99355474222));
#8641 = CARTESIAN_POINT('',(-3.664964181442,120.12759094182,
    339.04167849893));
#8642 = CARTESIAN_POINT('',(-3.207166992905,120.09878100032,
    339.09024956825));
#8643 = PCURVE('',#3927,#8644);
#8644 = DEFINITIONAL_REPRESENTATION('',(#8645),#8660);
#8645 = B_SPLINE_CURVE_WITH_KNOTS('',7,(#8646,#8647,#8648,#8649,#8650,
    #8651,#8652,#8653,#8654,#8655,#8656,#8657,#8658,#8659),
  .UNSPECIFIED.,.F.,.F.,(8,6,8),(0.,0.493045165586,1.),.UNSPECIFIED.);
#8646 = CARTESIAN_POINT('',(0.521138647852,0.804928804169));
#8647 = CARTESIAN_POINT('',(0.522446355893,0.803662479256));
#8648 = CARTESIAN_POINT('',(0.523753809377,0.802365321671));
#8649 = CARTESIAN_POINT('',(0.525060996161,0.801041016845));
#8650 = CARTESIAN_POINT('',(0.526367905554,0.799693502095));
#8651 = CARTESIAN_POINT('',(0.527674527515,0.798326809744));
#8652 = CARTESIAN_POINT('',(0.528980851853,0.79694491025));
#8653 = CARTESIAN_POINT('',(0.531629727979,0.794118891419));
#8654 = CARTESIAN_POINT('',(0.532972261144,0.792674265531));
#8655 = CARTESIAN_POINT('',(0.534314437027,0.79122336407));
#8656 = CARTESIAN_POINT('',(0.535656419165,0.789756895428));
#8657 = CARTESIAN_POINT('',(0.536998168879,0.788281043702));
#8658 = CARTESIAN_POINT('',(0.538339791449,0.786790834213));
#8659 = CARTESIAN_POINT('',(0.539681321227,0.785286659428));
#8660 = ( GEOMETRIC_REPRESENTATION_CONTEXT(2) 
PARAMETRIC_REPRESENTATION_CONTEXT() REPRESENTATION_CONTEXT('2D SPACE',''
  ) );
#8661 = PCURVE('',#8662,#8667);
#8662 = PLANE('',#8663);
#8663 = AXIS2_PLACEMENT_3D('',#8664,#8665,#8666);
#8664 = CARTESIAN_POINT('',(-5.016798528666,122.14266572684,
    335.07251359285));
#8665 = DIRECTION('',(8.399264332926E-03,0.892790708011,0.450393388104)
  );
#8666 = DIRECTION('',(-0.999955748871,9.407459755837E-03,
    2.17493796078E-20));
#8667 = DEFINITIONAL_REPRESENTATION('',(#8668),#8683);
#8668 = B_SPLINE_CURVE_WITH_KNOTS('',7,(#8669,#8670,#8671,#8672,#8673,
    #8674,#8675,#8676,#8677,#8678,#8679,#8680,#8681,#8682),
  .UNSPECIFIED.,.F.,.F.,(8,6,8),(0.,0.493045165586,1.),.UNSPECIFIED.);
#8669 = CARTESIAN_POINT('',(4.5,3.78426558056));
#8670 = CARTESIAN_POINT('',(4.053989259136,3.832503019425));
#8671 = CARTESIAN_POINT('',(3.608012566218,3.881054452789));
#8672 = CARTESIAN_POINT('',(3.162071503731,3.929932133029));
#8673 = CARTESIAN_POINT('',(2.71616768614,3.979148228525));
#8674 = CARTESIAN_POINT('',(2.270302759976,4.028714821579));
#8675 = CARTESIAN_POINT('',(1.824478403917,4.078643906329));
#8676 = CARTESIAN_POINT('',(0.920337959673,4.180670016401));
#8677 = CARTESIAN_POINT('',(0.462024264368,4.232788304101));
#8678 = CARTESIAN_POINT('',(3.756824382464E-03,4.285312626354));
#8679 = CARTESIAN_POINT('',(-0.454459745257,4.338279512657));
#8680 = CARTESIAN_POINT('',(-0.912623758459,4.391698528771));
#8681 = CARTESIAN_POINT('',(-1.370731261973,4.445598761763));
#8682 = CARTESIAN_POINT('',(-1.828779220834,4.5));
#8683 = ( GEOMETRIC_REPRESENTATION_CONTEXT(2) 
PARAMETRIC_REPRESENTATION_CONTEXT() REPRESENTATION_CONTEXT('2D SPACE',''
  ) );
#8684 = ORIENTED_EDGE('',*,*,#8685,.F.);
#8685 = EDGE_CURVE('',#3848,#8625,#8686,.T.);
#8686 = SURFACE_CURVE('',#8687,(#8695,#8706),.PCURVE_S1.);
#8687 = B_SPLINE_CURVE_WITH_KNOTS('',6,(#8688,#8689,#8690,#8691,#8692,
    #8693,#8694),.UNSPECIFIED.,.F.,.F.,(7,7),(0.,1.),
  .PIECEWISE_BEZIER_KNOTS.);
#8688 = CARTESIAN_POINT('',(-4.360232833402,121.8205616617,
    339.89886891534));
#8689 = CARTESIAN_POINT('',(-4.30764039682,121.54263302747,
    339.74976043287));
#8690 = CARTESIAN_POINT('',(-4.257889225936,121.26471270661,
    339.60017392481));
#8691 = CARTESIAN_POINT('',(-4.210434275915,120.98681308628,
    339.4502006729));
#8692 = CARTESIAN_POINT('',(-4.16495674009,120.70894222115,
    339.29989525286));
#8693 = CARTESIAN_POINT('',(-4.121204467101,120.43110374406,
    339.149299478));
#8694 = CARTESIAN_POINT('',(-4.078987711721,120.1532967105,338.99844301)
  );
#8695 = PCURVE('',#3927,#8696);
#8696 = DEFINITIONAL_REPRESENTATION('',(#8697),#8705);
#8697 = B_SPLINE_CURVE_WITH_KNOTS('',6,(#8698,#8699,#8700,#8701,#8702,
    #8703,#8704),.UNSPECIFIED.,.F.,.F.,(7,7),(0.,1.),
  .PIECEWISE_BEZIER_KNOTS.);
#8698 = CARTESIAN_POINT('',(0.536245524948,0.));
#8699 = CARTESIAN_POINT('',(0.536409227914,0.131151477755));
#8700 = CARTESIAN_POINT('',(0.536564563541,0.262410212097));
#8701 = CARTESIAN_POINT('',(0.53671313191,0.393750647515));
#8702 = CARTESIAN_POINT('',(0.53685586971,0.525157300533));
#8703 = CARTESIAN_POINT('',(0.536993517493,0.656619196075));
#8704 = CARTESIAN_POINT('',(0.537126633331,0.788129778872));
#8705 = ( GEOMETRIC_REPRESENTATION_CONTEXT(2) 
PARAMETRIC_REPRESENTATION_CONTEXT() REPRESENTATION_CONTEXT('2D SPACE',''
  ) );
#8706 = PCURVE('',#4171,#8707);
#8707 = DEFINITIONAL_REPRESENTATION('',(#8708),#8716);
#8708 = B_SPLINE_CURVE_WITH_KNOTS('',6,(#8709,#8710,#8711,#8712,#8713,
    #8714,#8715),.UNSPECIFIED.,.F.,.F.,(7,7),(0.,1.),
  .PIECEWISE_BEZIER_KNOTS.);
#8709 = CARTESIAN_POINT('',(1.717896663455,1.89170167835));
#8710 = CARTESIAN_POINT('',(1.730298311995,1.576853839379));
#8711 = CARTESIAN_POINT('',(1.742089031477,1.261774258403));
#8712 = CARTESIAN_POINT('',(1.753389618529,0.946519685232));
#8713 = CARTESIAN_POINT('',(1.764270533423,0.631124569281));
#8714 = CARTESIAN_POINT('',(1.774787468547,0.315613104236));
#8715 = CARTESIAN_POINT('',(1.78498227712,-6.E-07));
#8716 = ( GEOMETRIC_REPRESENTATION_CONTEXT(2) 
PARAMETRIC_REPRESENTATION_CONTEXT() REPRESENTATION_CONTEXT('2D SPACE',''
  ) );
#8717 = ORIENTED_EDGE('',*,*,#3847,.T.);
#8718 = ORIENTED_EDGE('',*,*,#8719,.T.);
#8719 = EDGE_CURVE('',#3730,#8720,#8722,.T.);
#8720 = VERTEX_POINT('',#8721);
#8721 = CARTESIAN_POINT('',(63.25628178507,98.735047500137,
    348.87267955056));
#8722 = SURFACE_CURVE('',#8723,(#8726,#8733),.PCURVE_S1.);
#8723 = B_SPLINE_CURVE_WITH_KNOTS('',1,(#8724,#8725),.UNSPECIFIED.,.F.,
  .F.,(2,2),(0.,1.),.PIECEWISE_BEZIER_KNOTS.);
#8724 = CARTESIAN_POINT('',(64.140106805402,100.59091937826,
    350.10923602007));
#8725 = CARTESIAN_POINT('',(63.25628178507,98.735047500137,
    348.87267955056));
#8726 = PCURVE('',#3927,#8727);
#8727 = DEFINITIONAL_REPRESENTATION('',(#8728),#8732);
#8728 = LINE('',#8729,#8730);
#8729 = CARTESIAN_POINT('',(0.74,0.));
#8730 = VECTOR('',#8731,1.);
#8731 = DIRECTION('',(0.,1.));
#8732 = ( GEOMETRIC_REPRESENTATION_CONTEXT(2) 
PARAMETRIC_REPRESENTATION_CONTEXT() REPRESENTATION_CONTEXT('2D SPACE',''
  ) );
#8733 = PCURVE('',#3793,#8734);
#8734 = DEFINITIONAL_REPRESENTATION('',(#8735),#8739);
#8735 = LINE('',#8736,#8737);
#8736 = CARTESIAN_POINT('',(0.72,0.));
#8737 = VECTOR('',#8738,1.);
#8738 = DIRECTION('',(0.,1.));
#8739 = ( GEOMETRIC_REPRESENTATION_CONTEXT(2) 
PARAMETRIC_REPRESENTATION_CONTEXT() REPRESENTATION_CONTEXT('2D SPACE',''
  ) );
#8740 = ORIENTED_EDGE('',*,*,#8741,.F.);
#8741 = EDGE_CURVE('',#4942,#8720,#8742,.T.);
#8742 = SURFACE_CURVE('',#8743,(#8811,#8818),.PCURVE_S1.);
#8743 = B_SPLINE_CURVE_WITH_KNOTS('',3,(#8744,#8745,#8746,#8747,#8748,
    #8749,#8750,#8751,#8752,#8753,#8754,#8755,#8756,#8757,#8758,#8759,
    #8760,#8761,#8762,#8763,#8764,#8765,#8766,#8767,#8768,#8769,#8770,
    #8771,#8772,#8773,#8774,#8775,#8776,#8777,#8778,#8779,#8780,#8781,
    #8782,#8783,#8784,#8785,#8786,#8787,#8788,#8789,#8790,#8791,#8792,
    #8793,#8794,#8795,#8796,#8797,#8798,#8799,#8800,#8801,#8802,#8803,
    #8804,#8805,#8806,#8807,#8808,#8809,#8810),.UNSPECIFIED.,.F.,.F.,(4,
    1,1,1,1,1,1,1,1,1,1,1,1,1,1,1,1,1,1,1,1,1,1,1,1,1,1,1,1,1,1,1,1,1,1,
    1,1,1,1,1,1,1,1,1,1,1,1,1,1,1,1,1,1,1,1,1,1,1,1,1,1,1,1,1,4),(0.,
    1.5625E-02,3.125E-02,4.6875E-02,6.25E-02,7.8125E-02,9.375E-02,
    0.109375,0.125,0.140625,0.15625,0.171875,0.1875,0.203125,0.21875,
    0.234375,0.25,0.265625,0.28125,0.296875,0.3125,0.328125,0.34375,
    0.359375,0.375,0.390625,0.40625,0.421875,0.4375,0.453125,0.46875,
    0.484375,0.5,0.515625,0.53125,0.546875,0.5625,0.578125,0.59375,
    0.609375,0.625,0.640625,0.65625,0.671875,0.6875,0.703125,0.71875,
    0.734375,0.75,0.765625,0.78125,0.796875,0.8125,0.828125,0.84375,
    0.859375,0.875,0.890625,0.90625,0.921875,0.9375,0.953125,0.96875,
    0.984375,1.),.QUASI_UNIFORM_KNOTS.);
#8744 = CARTESIAN_POINT('',(-167.6607978575,4.079653615808,
    313.00076626129));
#8745 = CARTESIAN_POINT('',(-166.2575983815,9.435886645718,
    313.2726374863));
#8746 = CARTESIAN_POINT('',(-163.6417286667,22.490484828997,
    313.0541084322));
#8747 = CARTESIAN_POINT('',(-159.6297647872,36.045710561468,
    313.71207993602));
#8748 = CARTESIAN_POINT('',(-155.5596272065,46.818990760828,
    314.82644496656));
#8749 = CARTESIAN_POINT('',(-151.4733443693,56.934338777051,
    315.93567820725));
#8750 = CARTESIAN_POINT('',(-147.3572292544,65.650078331692,
    317.03954530097));
#8751 = CARTESIAN_POINT('',(-143.2502144218,73.020429037409,
    317.89719909147));
#8752 = CARTESIAN_POINT('',(-139.1424705881,78.565637233822,
    318.53923259865));
#8753 = CARTESIAN_POINT('',(-134.8449567488,83.572881574978,
    319.37005891157));
#8754 = CARTESIAN_POINT('',(-130.512600637,88.234715639635,
    320.06558635528));
#8755 = CARTESIAN_POINT('',(-126.0926121048,92.476438598737,
    320.74210879584));
#8756 = CARTESIAN_POINT('',(-121.6073812352,96.310985313362,
    321.39329156644));
#8757 = CARTESIAN_POINT('',(-117.0772735946,99.711639540896,
    322.05865048645));
#8758 = CARTESIAN_POINT('',(-112.487033083,102.70624374312,322.775469794
    ));
#8759 = CARTESIAN_POINT('',(-107.8946390448,105.22480913252,
    323.55737127113));
#8760 = CARTESIAN_POINT('',(-103.149944629,107.41258918765,
    324.43788611519));
#8761 = CARTESIAN_POINT('',(-98.28297451883,109.55468023761,
    325.359351124));
#8762 = CARTESIAN_POINT('',(-93.4075997022,111.64405784966,
    326.29986392539));
#8763 = CARTESIAN_POINT('',(-88.48887929132,113.62117205555,
    327.2808185811));
#8764 = CARTESIAN_POINT('',(-83.54273794538,115.47253620374,
    328.25101418752));
#8765 = CARTESIAN_POINT('',(-78.5697271102,117.1584469977,
    329.21647697545));
#8766 = CARTESIAN_POINT('',(-73.57451432782,118.64697162605,
    330.16505528908));
#8767 = CARTESIAN_POINT('',(-68.56097636712,119.90357798885,
    331.088446472));
#8768 = CARTESIAN_POINT('',(-63.53208809014,120.89657559317,
    331.97699145544));
#8769 = CARTESIAN_POINT('',(-58.49437813497,121.58635083151,
    332.82246538227));
#8770 = CARTESIAN_POINT('',(-53.43889625601,121.96406920682,
    333.61298257175));
#8771 = CARTESIAN_POINT('',(-48.4111535931,121.908254318,334.35140144616
    ));
#8772 = CARTESIAN_POINT('',(-43.13944300175,121.71306650566,
    335.01795935639));
#8773 = CARTESIAN_POINT('',(-37.9026560655,121.52741341976,
    335.60950176271));
#8774 = CARTESIAN_POINT('',(-32.63163768332,121.30891753276,
    336.1461135025));
#8775 = CARTESIAN_POINT('',(-27.34795387665,121.06827731184,
    336.64205866469));
#8776 = CARTESIAN_POINT('',(-22.04883401955,120.80205777412,
    337.11360687377));
#8777 = CARTESIAN_POINT('',(-16.73817876915,120.51062724639,
    337.57683890889));
#8778 = CARTESIAN_POINT('',(-11.41758980794,120.19365105125,
    338.048139238));
#8779 = CARTESIAN_POINT('',(-6.091246241777,119.85021037336,
    338.54395637735));
#8780 = CARTESIAN_POINT('',(-0.755372823084,119.48286220323,
    339.08080116088));
#8781 = CARTESIAN_POINT('',(4.564504762904,119.08130816228,
    339.67502295399));
#8782 = CARTESIAN_POINT('',(9.951879823235,118.68367992592,
    340.3432347937));
#8783 = CARTESIAN_POINT('',(15.089617237582,118.16621575869,
    341.10091316967));
#8784 = CARTESIAN_POINT('',(20.233741827113,117.07970376283,
    341.91940302898));
#8785 = CARTESIAN_POINT('',(25.402478412177,115.61651008383,
    342.78271578193));
#8786 = CARTESIAN_POINT('',(30.5781779691,113.81332025818,
    343.67335297175));
#8787 = CARTESIAN_POINT('',(35.760141451722,111.74621924806,
    344.57540040252));
#8788 = CARTESIAN_POINT('',(40.94149237266,109.47943293154,
    345.47318662969));
#8789 = CARTESIAN_POINT('',(46.123219898771,107.08025051286,
    346.35386905061));
#8790 = CARTESIAN_POINT('',(51.282190762843,104.60759852782,
    347.19826018304));
#8791 = CARTESIAN_POINT('',(56.475946184927,102.14017102205,
    348.01408742404));
#8792 = CARTESIAN_POINT('',(61.510969474146,99.714190200546,
    348.75381666321));
#8793 = CARTESIAN_POINT('',(66.377455141691,97.032792925039,
    349.13511576166));
#8794 = CARTESIAN_POINT('',(71.339232946265,94.006698366462,
    349.16343951345));
#8795 = CARTESIAN_POINT('',(76.301731650493,90.73206033149,
    348.91667852961));
#8796 = CARTESIAN_POINT('',(81.285691392025,87.143657839377,
    348.54974356921));
#8797 = CARTESIAN_POINT('',(86.279260770161,83.71343654835,
    347.46890070642));
#8798 = CARTESIAN_POINT('',(91.280442886918,80.142864894192,
    346.22644390598));
#8799 = CARTESIAN_POINT('',(96.299178237482,76.23239758458,
    345.14419371187));
#8800 = CARTESIAN_POINT('',(101.30124080772,72.149084363174,
    344.16850231222));
#8801 = CARTESIAN_POINT('',(106.24816999816,67.597925967713,
    343.45011338431));
#8802 = CARTESIAN_POINT('',(111.18241694573,62.572860783387,
    342.67877236418));
#8803 = CARTESIAN_POINT('',(116.10714677674,57.002294786693,
    341.73180919124));
#8804 = CARTESIAN_POINT('',(121.02631440327,50.857251957628,
    340.46916759485));
#8805 = CARTESIAN_POINT('',(125.97563724105,43.968794336293,
    338.63763639065));
#8806 = CARTESIAN_POINT('',(130.84530487987,36.692537457351,
    336.44913704445));
#8807 = CARTESIAN_POINT('',(135.74887484873,27.16471382342,
    331.83772534167));
#8808 = CARTESIAN_POINT('',(140.74235716948,15.495701785462,
    325.09285936279));
#8809 = CARTESIAN_POINT('',(144.04723570734,8.099490060652,
    321.27091582403));
#8810 = CARTESIAN_POINT('',(145.73252110546,3.371893720682,
    318.19970085638));
#8811 = PCURVE('',#3927,#8812);
#8812 = DEFINITIONAL_REPRESENTATION('',(#8813),#8817);
#8813 = LINE('',#8814,#8815);
#8814 = CARTESIAN_POINT('',(0.,1.));
#8815 = VECTOR('',#8816,1.);
#8816 = DIRECTION('',(1.,0.));
#8817 = ( GEOMETRIC_REPRESENTATION_CONTEXT(2) 
PARAMETRIC_REPRESENTATION_CONTEXT() REPRESENTATION_CONTEXT('2D SPACE',''
  ) );
#8818 = PCURVE('',#5027,#8819);
#8819 = DEFINITIONAL_REPRESENTATION('',(#8820),#8824);
#8820 = LINE('',#8821,#8822);
#8821 = CARTESIAN_POINT('',(0.,0.72));
#8822 = VECTOR('',#8823,1.);
#8823 = DIRECTION('',(1.,0.));
#8824 = ( GEOMETRIC_REPRESENTATION_CONTEXT(2) 
PARAMETRIC_REPRESENTATION_CONTEXT() REPRESENTATION_CONTEXT('2D SPACE',''
  ) );
#8825 = ADVANCED_FACE('',(#8826),#3793,.T.);
#8826 = FACE_BOUND('',#8827,.T.);
#8827 = EDGE_LOOP('',(#8828,#8829,#8830,#8899));
#8828 = ORIENTED_EDGE('',*,*,#3729,.T.);
#8829 = ORIENTED_EDGE('',*,*,#8719,.T.);
#8830 = ORIENTED_EDGE('',*,*,#8831,.F.);
#8831 = EDGE_CURVE('',#8477,#8720,#8832,.T.);
#8832 = SURFACE_CURVE('',#8833,(#8885,#8892),.PCURVE_S1.);
#8833 = B_SPLINE_CURVE_WITH_KNOTS('',3,(#8834,#8835,#8836,#8837,#8838,
    #8839,#8840,#8841,#8842,#8843,#8844,#8845,#8846,#8847,#8848,#8849,
    #8850,#8851,#8852,#8853,#8854,#8855,#8856,#8857,#8858,#8859,#8860,
    #8861,#8862,#8863,#8864,#8865,#8866,#8867,#8868,#8869,#8870,#8871,
    #8872,#8873,#8874,#8875,#8876,#8877,#8878,#8879,#8880,#8881,#8882,
    #8883,#8884),.UNSPECIFIED.,.F.,.F.,(4,1,1,1,1,1,1,1,1,1,1,1,1,1,1,1,
    1,1,1,1,1,1,1,1,1,1,1,1,1,1,1,1,1,1,1,1,1,1,1,1,1,1,1,1,1,1,1,1,4),(
    0.,2.083333333333E-02,4.166666666667E-02,6.25E-02,8.333333333333E-02
    ,0.104166666667,0.125,0.145833333333,0.166666666667,0.1875,
    0.208333333333,0.229166666667,0.25,0.270833333333,0.291666666667,
    0.3125,0.333333333333,0.354166666667,0.375,0.395833333333,
    0.416666666667,0.4375,0.458333333333,0.479166666667,0.5,
    0.520833333333,0.541666666667,0.5625,0.583333333333,0.604166666667,
    0.625,0.645833333333,0.666666666667,0.6875,0.708333333333,
    0.729166666667,0.75,0.770833333333,0.791666666667,0.8125,
    0.833333333333,0.854166666667,0.875,0.895833333333,0.916666666667,
    0.9375,0.958333333333,0.979166666667,1.),.QUASI_UNIFORM_KNOTS.);
#8834 = CARTESIAN_POINT('',(54.744814076577,112.99888738574,
    270.89113639253));
#8835 = CARTESIAN_POINT('',(54.744814074184,112.99884968019,
    270.89108316326));
#8836 = CARTESIAN_POINT('',(54.744732841636,113.01332815825,
    270.93247448457));
#8837 = CARTESIAN_POINT('',(54.744384174746,113.07579199157,
    271.11158480882));
#8838 = CARTESIAN_POINT('',(54.743832872228,113.17561703781,
    271.40036343198));
#8839 = CARTESIAN_POINT('',(54.743097974514,113.30906354452,
    271.79153925582));
#8840 = CARTESIAN_POINT('',(54.742234049835,113.47211390964,
    272.2778965023));
#8841 = CARTESIAN_POINT('',(54.741175344368,113.6606350841,
    272.85224840019));
#8842 = CARTESIAN_POINT('',(54.740313305783,113.87019471542,
    273.50740905322));
#8843 = CARTESIAN_POINT('',(54.738337490602,114.09713624525,
    274.23618409027));
#8844 = CARTESIAN_POINT('',(54.740289873338,114.33492480923,
    275.03130486618));
#8845 = CARTESIAN_POINT('',(54.727502445577,114.58811195572,
    275.88558869222));
#8846 = CARTESIAN_POINT('',(54.769788521213,114.82051551117,
    276.79127175402));
#8847 = CARTESIAN_POINT('',(54.606736196377,115.14888117368,
    277.74244620935));
#8848 = CARTESIAN_POINT('',(55.210339767505,115.12036281206,
    278.72592877264));
#8849 = CARTESIAN_POINT('',(52.95317746923,116.40920639563,
    279.75531940249));
#8850 = CARTESIAN_POINT('',(61.373066313278,112.75276013783,
    280.74388712803));
#8851 = CARTESIAN_POINT('',(65.406408497762,110.59064596863,
    281.48756927157));
#8852 = CARTESIAN_POINT('',(69.455463459989,108.27413003551,
    282.47754223528));
#8853 = CARTESIAN_POINT('',(72.407948867194,106.56991964292,
    283.99884265373));
#8854 = CARTESIAN_POINT('',(74.686815366634,105.34029910253,
    286.0419650563));
#8855 = CARTESIAN_POINT('',(76.307097403226,104.59892402036,
    288.64236953267));
#8856 = CARTESIAN_POINT('',(77.395209927792,104.22645785056,
    291.71758005081));
#8857 = CARTESIAN_POINT('',(78.050712357349,104.08705858628,
    295.07483381406));
#8858 = CARTESIAN_POINT('',(78.382791838412,104.0653305461,
    298.68914012319));
#8859 = CARTESIAN_POINT('',(78.499092925293,104.04232083338,
    302.50972083375));
#8860 = CARTESIAN_POINT('',(78.5081720408,103.90613356101,
    306.50632209949));
#8861 = CARTESIAN_POINT('',(78.518479559201,103.55083252146,
    310.65151878009));
#8862 = CARTESIAN_POINT('',(78.42167551795,103.03313508912,
    314.92888719604));
#8863 = CARTESIAN_POINT('',(78.10930717525,102.40927498546,
    319.31784896337));
#8864 = CARTESIAN_POINT('',(77.47383821759,101.73305956715,
    323.80069507053));
#8865 = CARTESIAN_POINT('',(76.406223635044,101.06033232261,
    328.34694959812));
#8866 = CARTESIAN_POINT('',(74.807273967536,100.42023536571,
    332.96660366383));
#8867 = CARTESIAN_POINT('',(72.551184754831,99.855467389963,
    337.61241373414));
#8868 = CARTESIAN_POINT('',(69.626219744542,99.344671645875,
    342.21204054681));
#8869 = CARTESIAN_POINT('',(65.608828188238,99.075250269139,
    346.58645654174));
#8870 = CARTESIAN_POINT('',(61.635477620328,98.396134402841,
    350.73585092958));
#8871 = CARTESIAN_POINT('',(53.285691543208,99.285851172244,
    353.71531291007));
#8872 = CARTESIAN_POINT('',(55.577696137336,94.535566069795,
    358.52347888756));
#8873 = CARTESIAN_POINT('',(55.026474721746,90.287915572326,
    363.31649675139));
#8874 = CARTESIAN_POINT('',(55.24405576008,84.826513418806,
    368.41401252704));
#8875 = CARTESIAN_POINT('',(55.260708729547,78.560417583127,
    373.54403993459));
#8876 = CARTESIAN_POINT('',(55.333782871987,71.355858726381,
    378.58461062676));
#8877 = CARTESIAN_POINT('',(55.391346940668,63.256945987894,
    383.36969635933));
#8878 = CARTESIAN_POINT('',(55.44940800877,54.296638208969,
    387.74698766294));
#8879 = CARTESIAN_POINT('',(55.500358857617,44.549492557197,
    391.56908264675));
#8880 = CARTESIAN_POINT('',(55.543114389625,34.117384106768,
    394.70304689279));
#8881 = CARTESIAN_POINT('',(55.575250117799,23.130817380202,
    397.03510329717));
#8882 = CARTESIAN_POINT('',(55.595267802395,11.743682697383,
    398.47612727957));
#8883 = CARTESIAN_POINT('',(55.5998179138,3.999744796216,398.80264426397
    ));
#8884 = CARTESIAN_POINT('',(55.599817551169,0.12,398.80263998885));
#8885 = PCURVE('',#3793,#8886);
#8886 = DEFINITIONAL_REPRESENTATION('',(#8887),#8891);
#8887 = LINE('',#8888,#8889);
#8888 = CARTESIAN_POINT('',(0.,1.));
#8889 = VECTOR('',#8890,1.);
#8890 = DIRECTION('',(1.,0.));
#8891 = ( GEOMETRIC_REPRESENTATION_CONTEXT(2) 
PARAMETRIC_REPRESENTATION_CONTEXT() REPRESENTATION_CONTEXT('2D SPACE',''
  ) );
#8892 = PCURVE('',#5027,#8893);
#8893 = DEFINITIONAL_REPRESENTATION('',(#8894),#8898);
#8894 = LINE('',#8895,#8896);
#8895 = CARTESIAN_POINT('',(0.74,0.));
#8896 = VECTOR('',#8897,1.);
#8897 = DIRECTION('',(0.,1.));
#8898 = ( GEOMETRIC_REPRESENTATION_CONTEXT(2) 
PARAMETRIC_REPRESENTATION_CONTEXT() REPRESENTATION_CONTEXT('2D SPACE',''
  ) );
#8899 = ORIENTED_EDGE('',*,*,#8476,.F.);
#8900 = ADVANCED_FACE('',(#8901),#4171,.T.);
#8901 = FACE_BOUND('',#8902,.T.);
#8902 = EDGE_LOOP('',(#8903,#8904,#8927,#8956,#8988,#9021,#9053,#9075,
    #9076,#9077,#9078,#9100));
#8903 = ORIENTED_EDGE('',*,*,#4017,.T.);
#8904 = ORIENTED_EDGE('',*,*,#8905,.T.);
#8905 = EDGE_CURVE('',#4018,#8906,#8908,.T.);
#8906 = VERTEX_POINT('',#8907);
#8907 = CARTESIAN_POINT('',(-9.46620381259,127.5417435438,
    337.77487392147));
#8908 = SEAM_CURVE('',#8909,(#8913,#8920),.PCURVE_S1.);
#8909 = LINE('',#8910,#8911);
#8910 = CARTESIAN_POINT('',(-9.516599398587,122.18499929574,
    335.07251359285));
#8911 = VECTOR('',#8912,1.);
#8912 = DIRECTION('',(8.399264332926E-03,0.892790708011,0.450393388104)
  );
#8913 = PCURVE('',#4171,#8914);
#8914 = DEFINITIONAL_REPRESENTATION('',(#8915),#8919);
#8915 = LINE('',#8916,#8917);
#8916 = CARTESIAN_POINT('',(0.,-0.));
#8917 = VECTOR('',#8918,1.);
#8918 = DIRECTION('',(0.,1.));
#8919 = ( GEOMETRIC_REPRESENTATION_CONTEXT(2) 
PARAMETRIC_REPRESENTATION_CONTEXT() REPRESENTATION_CONTEXT('2D SPACE',''
  ) );
#8920 = PCURVE('',#4171,#8921);
#8921 = DEFINITIONAL_REPRESENTATION('',(#8922),#8926);
#8922 = LINE('',#8923,#8924);
#8923 = CARTESIAN_POINT('',(6.28318530718,-0.));
#8924 = VECTOR('',#8925,1.);
#8925 = DIRECTION('',(0.,1.));
#8926 = ( GEOMETRIC_REPRESENTATION_CONTEXT(2) 
PARAMETRIC_REPRESENTATION_CONTEXT() REPRESENTATION_CONTEXT('2D SPACE',''
  ) );
#8927 = ORIENTED_EDGE('',*,*,#8928,.F.);
#8928 = EDGE_CURVE('',#8929,#8906,#8931,.T.);
#8929 = VERTEX_POINT('',#8930);
#8930 = CARTESIAN_POINT('',(-3.,125.66159111682,341.38121296709));
#8931 = SURFACE_CURVE('',#8932,(#8937,#8944),.PCURVE_S1.);
#8932 = CIRCLE('',#8933,4.5);
#8933 = AXIS2_PLACEMENT_3D('',#8934,#8935,#8936);
#8934 = CARTESIAN_POINT('',(-4.966402942668,127.4994099749,
    337.77487392147));
#8935 = DIRECTION('',(8.399264332926E-03,0.892790708011,0.450393388104)
  );
#8936 = DIRECTION('',(-0.999955748871,9.407459755837E-03,
    2.17493796078E-20));
#8937 = PCURVE('',#4171,#8938);
#8938 = DEFINITIONAL_REPRESENTATION('',(#8939),#8943);
#8939 = LINE('',#8940,#8941);
#8940 = CARTESIAN_POINT('',(0.,6.));
#8941 = VECTOR('',#8942,1.);
#8942 = DIRECTION('',(1.,0.));
#8943 = ( GEOMETRIC_REPRESENTATION_CONTEXT(2) 
PARAMETRIC_REPRESENTATION_CONTEXT() REPRESENTATION_CONTEXT('2D SPACE',''
  ) );
#8944 = PCURVE('',#8945,#8950);
#8945 = PLANE('',#8946);
#8946 = AXIS2_PLACEMENT_3D('',#8947,#8948,#8949);
#8947 = CARTESIAN_POINT('',(-4.966402942668,127.4994099749,
    337.77487392147));
#8948 = DIRECTION('',(8.399264332926E-03,0.892790708011,0.450393388104)
  );
#8949 = DIRECTION('',(-0.999955748871,9.407459755837E-03,
    2.17493796078E-20));
#8950 = DEFINITIONAL_REPRESENTATION('',(#8951),#8955);
#8951 = CIRCLE('',#8952,4.5);
#8952 = AXIS2_PLACEMENT_2D('',#8953,#8954);
#8953 = CARTESIAN_POINT('',(0.,0.));
#8954 = DIRECTION('',(1.,0.));
#8955 = ( GEOMETRIC_REPRESENTATION_CONTEXT(2) 
PARAMETRIC_REPRESENTATION_CONTEXT() REPRESENTATION_CONTEXT('2D SPACE',''
  ) );
#8956 = ORIENTED_EDGE('',*,*,#8957,.F.);
#8957 = EDGE_CURVE('',#8958,#8929,#8960,.T.);
#8958 = VERTEX_POINT('',#8959);
#8959 = CARTESIAN_POINT('',(-3.,123.76867614619,340.4165138621));
#8960 = SURFACE_CURVE('',#8961,(#8966,#8976),.PCURVE_S1.);
#8961 = ELLIPSE('',#8962,535.76120736665,4.5);
#8962 = AXIS2_PLACEMENT_3D('',#8963,#8964,#8965);
#8963 = CARTESIAN_POINT('',(-3.,336.51608165387,443.21921388037));
#8964 = DIRECTION('',(-1.,0.,0.));
#8965 = DIRECTION('',(0.,0.892822201817,0.45040927604));
#8966 = PCURVE('',#4171,#8967);
#8967 = DEFINITIONAL_REPRESENTATION('',(#8968),#8975);
#8968 = B_SPLINE_CURVE_WITH_KNOTS('',5,(#8969,#8970,#8971,#8972,#8973,
    #8974),.UNSPECIFIED.,.F.,.F.,(6,6),(4.247645770968,4.260135191553),
  .PIECEWISE_BEZIER_KNOTS.);
#8969 = CARTESIAN_POINT('',(2.039776756029,-5.999976906423E-07));
#8970 = CARTESIAN_POINT('',(2.037278871912,1.196285323097));
#8971 = CARTESIAN_POINT('',(2.034780987795,2.39444397915));
#8972 = CARTESIAN_POINT('',(2.032283103678,3.594459817877));
#8973 = CARTESIAN_POINT('',(2.029785219561,4.796317240309));
#8974 = CARTESIAN_POINT('',(2.027287335444,6.000000600002));
#8975 = ( GEOMETRIC_REPRESENTATION_CONTEXT(2) 
PARAMETRIC_REPRESENTATION_CONTEXT() REPRESENTATION_CONTEXT('2D SPACE',''
  ) );
#8976 = PCURVE('',#8977,#8982);
#8977 = PLANE('',#8978);
#8978 = AXIS2_PLACEMENT_3D('',#8979,#8980,#8981);
#8979 = CARTESIAN_POINT('',(-3.,118.00437663793,354.24817237221));
#8980 = DIRECTION('',(-1.,0.,-0.));
#8981 = DIRECTION('',(0.,-1.,0.));
#8982 = DEFINITIONAL_REPRESENTATION('',(#8983),#8987);
#8983 = ELLIPSE('',#8984,535.76120736665,4.5);
#8984 = AXIS2_PLACEMENT_2D('',#8985,#8986);
#8985 = CARTESIAN_POINT('',(-218.5117050159,88.971041508164));
#8986 = DIRECTION('',(-0.892822201817,0.45040927604));
#8987 = ( GEOMETRIC_REPRESENTATION_CONTEXT(2) 
PARAMETRIC_REPRESENTATION_CONTEXT() REPRESENTATION_CONTEXT('2D SPACE',''
  ) );
#8988 = ORIENTED_EDGE('',*,*,#8989,.T.);
#8989 = EDGE_CURVE('',#8958,#8990,#8992,.T.);
#8990 = VERTEX_POINT('',#8991);
#8991 = CARTESIAN_POINT('',(-7.,123.77613367614,340.40292242339));
#8992 = SURFACE_CURVE('',#8993,(#8998,#9009),.PCURVE_S1.);
#8993 = ELLIPSE('',#8994,4.502856231266,4.5);
#8994 = AXIS2_PLACEMENT_3D('',#8995,#8996,#8997);
#8995 = CARTESIAN_POINT('',(-4.983212133081,125.71269528009,
    336.8735154309));
#8996 = DIRECTION('',(-5.664990778517E-18,-0.876699244973,
    -0.481038910966));
#8997 = DIRECTION('',(0.235853588346,0.467468130272,-0.851966332694));
#8998 = PCURVE('',#4171,#8999);
#8999 = DEFINITIONAL_REPRESENTATION('',(#9000),#9008);
#9000 = B_SPLINE_CURVE_WITH_KNOTS('',6,(#9001,#9002,#9003,#9004,#9005,
    #9006,#9007),.UNSPECIFIED.,.F.,.F.,(7,7),(2.345240274368,
    3.470280491747),.PIECEWISE_BEZIER_KNOTS.);
#9001 = CARTESIAN_POINT('',(2.133434473008,3.886590261752));
#9002 = CARTESIAN_POINT('',(1.945927770111,3.865097399258));
#9003 = CARTESIAN_POINT('',(1.758421067215,3.848335913712));
#9004 = CARTESIAN_POINT('',(1.570914364318,3.837665084109));
#9005 = CARTESIAN_POINT('',(1.383407661422,3.83394977379));
#9006 = CARTESIAN_POINT('',(1.195900958525,3.837252474268));
#9007 = CARTESIAN_POINT('',(1.008394255629,3.846958446269));
#9008 = ( GEOMETRIC_REPRESENTATION_CONTEXT(2) 
PARAMETRIC_REPRESENTATION_CONTEXT() REPRESENTATION_CONTEXT('2D SPACE',''
  ) );
#9009 = PCURVE('',#9010,#9015);
#9010 = PLANE('',#9011);
#9011 = AXIS2_PLACEMENT_3D('',#9012,#9013,#9014);
#9012 = CARTESIAN_POINT('',(-7.,125.74626495503,336.81233429149));
#9013 = DIRECTION('',(0.,-0.876699244973,-0.481038910966));
#9014 = DIRECTION('',(0.,-0.481038910966,0.876699244973));
#9015 = DEFINITIONAL_REPRESENTATION('',(#9016),#9020);
#9016 = ELLIPSE('',#9017,4.502856231266,4.5);
#9017 = AXIS2_PLACEMENT_2D('',#9018,#9019);
#9018 = CARTESIAN_POINT('',(6.978577860062E-02,-2.016787866919));
#9019 = DIRECTION('',(-0.971788600913,-0.235853588346));
#9020 = ( GEOMETRIC_REPRESENTATION_CONTEXT(2) 
PARAMETRIC_REPRESENTATION_CONTEXT() REPRESENTATION_CONTEXT('2D SPACE',''
  ) );
#9021 = ORIENTED_EDGE('',*,*,#9022,.T.);
#9022 = EDGE_CURVE('',#8990,#9023,#9025,.T.);
#9023 = VERTEX_POINT('',#9024);
#9024 = CARTESIAN_POINT('',(-7.,125.7066057853,341.3665777158));
#9025 = SURFACE_CURVE('',#9026,(#9031,#9041),.PCURVE_S1.);
#9026 = ELLIPSE('',#9027,535.76120736665,4.5);
#9027 = AXIS2_PLACEMENT_3D('',#9028,#9029,#9030);
#9028 = CARTESIAN_POINT('',(-7.,-88.65958736815,228.72738685775));
#9029 = DIRECTION('',(-1.,0.,0.));
#9030 = DIRECTION('',(0.,0.892822201817,0.45040927604));
#9031 = PCURVE('',#4171,#9032);
#9032 = DEFINITIONAL_REPRESENTATION('',(#9033),#9040);
#9033 = B_SPLINE_CURVE_WITH_KNOTS('',5,(#9034,#9035,#9036,#9037,#9038,
    #9039),.UNSPECIFIED.,.F.,.F.,(6,6),(5.168797374803,5.181312648388),
  .PIECEWISE_BEZIER_KNOTS.);
#9034 = CARTESIAN_POINT('',(1.118625152193,-5.999990548844E-07));
#9035 = CARTESIAN_POINT('',(1.116122097476,1.203729350555));
#9036 = CARTESIAN_POINT('',(1.113619042759,2.405610133466));
#9037 = CARTESIAN_POINT('',(1.111115988042,3.60562603684));
#9038 = CARTESIAN_POINT('',(1.108612933325,4.803761397057));
#9039 = CARTESIAN_POINT('',(1.106109878608,6.0000006));
#9040 = ( GEOMETRIC_REPRESENTATION_CONTEXT(2) 
PARAMETRIC_REPRESENTATION_CONTEXT() REPRESENTATION_CONTEXT('2D SPACE',''
  ) );
#9041 = PCURVE('',#9042,#9047);
#9042 = PLANE('',#9043);
#9043 = AXIS2_PLACEMENT_3D('',#9044,#9045,#9046);
#9044 = CARTESIAN_POINT('',(-7.,118.00437663793,354.24817237221));
#9045 = DIRECTION('',(-1.,0.,-0.));
#9046 = DIRECTION('',(0.,-1.,0.));
#9047 = DEFINITIONAL_REPRESENTATION('',(#9048),#9052);
#9048 = ELLIPSE('',#9049,535.76120736665,4.5);
#9049 = AXIS2_PLACEMENT_2D('',#9050,#9051);
#9050 = CARTESIAN_POINT('',(206.66396400608,-125.5207855144));
#9051 = DIRECTION('',(-0.892822201817,0.45040927604));
#9052 = ( GEOMETRIC_REPRESENTATION_CONTEXT(2) 
PARAMETRIC_REPRESENTATION_CONTEXT() REPRESENTATION_CONTEXT('2D SPACE',''
  ) );
#9053 = ORIENTED_EDGE('',*,*,#9054,.F.);
#9054 = EDGE_CURVE('',#8906,#9023,#9055,.T.);
#9055 = SURFACE_CURVE('',#9056,(#9061,#9068),.PCURVE_S1.);
#9056 = CIRCLE('',#9057,4.5);
#9057 = AXIS2_PLACEMENT_3D('',#9058,#9059,#9060);
#9058 = CARTESIAN_POINT('',(-4.966402942668,127.4994099749,
    337.77487392147));
#9059 = DIRECTION('',(8.399264332926E-03,0.892790708011,0.450393388104)
  );
#9060 = DIRECTION('',(-0.999955748871,9.407459755837E-03,
    2.17493796078E-20));
#9061 = PCURVE('',#4171,#9062);
#9062 = DEFINITIONAL_REPRESENTATION('',(#9063),#9067);
#9063 = LINE('',#9064,#9065);
#9064 = CARTESIAN_POINT('',(0.,6.));
#9065 = VECTOR('',#9066,1.);
#9066 = DIRECTION('',(1.,0.));
#9067 = ( GEOMETRIC_REPRESENTATION_CONTEXT(2) 
PARAMETRIC_REPRESENTATION_CONTEXT() REPRESENTATION_CONTEXT('2D SPACE',''
  ) );
#9068 = PCURVE('',#8945,#9069);
#9069 = DEFINITIONAL_REPRESENTATION('',(#9070),#9074);
#9070 = CIRCLE('',#9071,4.5);
#9071 = AXIS2_PLACEMENT_2D('',#9072,#9073);
#9072 = CARTESIAN_POINT('',(0.,0.));
#9073 = DIRECTION('',(1.,0.));
#9074 = ( GEOMETRIC_REPRESENTATION_CONTEXT(2) 
PARAMETRIC_REPRESENTATION_CONTEXT() REPRESENTATION_CONTEXT('2D SPACE',''
  ) );
#9075 = ORIENTED_EDGE('',*,*,#8905,.F.);
#9076 = ORIENTED_EDGE('',*,*,#4252,.T.);
#9077 = ORIENTED_EDGE('',*,*,#8589,.T.);
#9078 = ORIENTED_EDGE('',*,*,#9079,.T.);
#9079 = EDGE_CURVE('',#8590,#8625,#9080,.T.);
#9080 = SURFACE_CURVE('',#9081,(#9086,#9093),.PCURVE_S1.);
#9081 = CIRCLE('',#9082,4.5);
#9082 = AXIS2_PLACEMENT_3D('',#9083,#9084,#9085);
#9083 = CARTESIAN_POINT('',(-5.016798528666,122.14266572684,
    335.07251359285));
#9084 = DIRECTION('',(8.399264332926E-03,0.892790708011,0.450393388104)
  );
#9085 = DIRECTION('',(-0.999955748871,9.407459755837E-03,
    2.17493796078E-20));
#9086 = PCURVE('',#4171,#9087);
#9087 = DEFINITIONAL_REPRESENTATION('',(#9088),#9092);
#9088 = LINE('',#9089,#9090);
#9089 = CARTESIAN_POINT('',(0.,0.));
#9090 = VECTOR('',#9091,1.);
#9091 = DIRECTION('',(1.,0.));
#9092 = ( GEOMETRIC_REPRESENTATION_CONTEXT(2) 
PARAMETRIC_REPRESENTATION_CONTEXT() REPRESENTATION_CONTEXT('2D SPACE',''
  ) );
#9093 = PCURVE('',#8662,#9094);
#9094 = DEFINITIONAL_REPRESENTATION('',(#9095),#9099);
#9095 = CIRCLE('',#9096,4.5);
#9096 = AXIS2_PLACEMENT_2D('',#9097,#9098);
#9097 = CARTESIAN_POINT('',(0.,0.));
#9098 = DIRECTION('',(1.,0.));
#9099 = ( GEOMETRIC_REPRESENTATION_CONTEXT(2) 
PARAMETRIC_REPRESENTATION_CONTEXT() REPRESENTATION_CONTEXT('2D SPACE',''
  ) );
#9100 = ORIENTED_EDGE('',*,*,#8685,.F.);
#9101 = ADVANCED_FACE('',(#9102),#4490,.F.);
#9102 = FACE_BOUND('',#9103,.F.);
#9103 = EDGE_LOOP('',(#9104,#9105,#9128,#9274,#9328,#9329));
#9104 = ORIENTED_EDGE('',*,*,#4404,.F.);
#9105 = ORIENTED_EDGE('',*,*,#9106,.F.);
#9106 = EDGE_CURVE('',#9107,#4405,#9109,.T.);
#9107 = VERTEX_POINT('',#9108);
#9108 = CARTESIAN_POINT('',(67.309654568994,110.60749240753,
    313.03879546212));
#9109 = SEAM_CURVE('',#9110,(#9114,#9121),.PCURVE_S1.);
#9110 = LINE('',#9111,#9112);
#9111 = CARTESIAN_POINT('',(65.476652729185,107.55880377231,
    312.58122492442));
#9112 = VECTOR('',#9113,1.);
#9113 = DIRECTION('',(0.511068113806,0.850019632574,0.127577456039));
#9114 = PCURVE('',#4490,#9115);
#9115 = DEFINITIONAL_REPRESENTATION('',(#9116),#9120);
#9116 = LINE('',#9117,#9118);
#9117 = CARTESIAN_POINT('',(6.28318530718,-0.));
#9118 = VECTOR('',#9119,1.);
#9119 = DIRECTION('',(0.,1.));
#9120 = ( GEOMETRIC_REPRESENTATION_CONTEXT(2) 
PARAMETRIC_REPRESENTATION_CONTEXT() REPRESENTATION_CONTEXT('2D SPACE',''
  ) );
#9121 = PCURVE('',#4490,#9122);
#9122 = DEFINITIONAL_REPRESENTATION('',(#9123),#9127);
#9123 = LINE('',#9124,#9125);
#9124 = CARTESIAN_POINT('',(0.,-0.));
#9125 = VECTOR('',#9126,1.);
#9126 = DIRECTION('',(0.,1.));
#9127 = ( GEOMETRIC_REPRESENTATION_CONTEXT(2) 
PARAMETRIC_REPRESENTATION_CONTEXT() REPRESENTATION_CONTEXT('2D SPACE',''
  ) );
#9128 = ORIENTED_EDGE('',*,*,#9129,.T.);
#9129 = EDGE_CURVE('',#9107,#9130,#9132,.T.);
#9130 = VERTEX_POINT('',#9131);
#9131 = CARTESIAN_POINT('',(68.890305288652,109.90806620031,
    311.35251859895));
#9132 = SURFACE_CURVE('',#9133,(#9178,#9226),.PCURVE_S1.);
#9133 = B_SPLINE_CURVE_WITH_KNOTS('',8,(#9134,#9135,#9136,#9137,#9138,
    #9139,#9140,#9141,#9142,#9143,#9144,#9145,#9146,#9147,#9148,#9149,
    #9150,#9151,#9152,#9153,#9154,#9155,#9156,#9157,#9158,#9159,#9160,
    #9161,#9162,#9163,#9164,#9165,#9166,#9167,#9168,#9169,#9170,#9171,
    #9172,#9173,#9174,#9175,#9176,#9177),.UNSPECIFIED.,.F.,.F.,(9,7,7,7,
    7,7,9),(0.,0.132036064046,0.235752171705,0.435621368772,
    0.585683155838,0.749535750497,1.),.UNSPECIFIED.);
#9134 = CARTESIAN_POINT('',(67.309654568994,110.60749240753,
    313.03879546212));
#9135 = CARTESIAN_POINT('',(67.3008257219,110.59280807649,
    313.16957684884));
#9136 = CARTESIAN_POINT('',(67.302005863331,110.57207306636,
    313.30037830617));
#9137 = CARTESIAN_POINT('',(67.313288537122,110.54542981056,
    313.4299659125));
#9138 = CARTESIAN_POINT('',(67.334623313751,110.51310332669,
    313.55714232412));
#9139 = CARTESIAN_POINT('',(67.365835510339,110.47538818109,
    313.6807467658));
#9140 = CARTESIAN_POINT('',(67.406633016546,110.43264258034,
    313.79965975212));
#9141 = CARTESIAN_POINT('',(67.45660022634,110.38528958945,
    313.91281253923));
#9142 = CARTESIAN_POINT('',(67.561193551237,110.29339972305,
    314.10277111843));
#9143 = CARTESIAN_POINT('',(67.612534461219,110.25042632582,
    314.18218815161));
#9144 = CARTESIAN_POINT('',(67.668935503732,110.2051429854,
    314.25696941887));
#9145 = CARTESIAN_POINT('',(67.730095183328,110.15780082751,
    314.32667483566));
#9146 = CARTESIAN_POINT('',(67.795676810993,110.10866440347,
    314.3909072209));
#9147 = CARTESIAN_POINT('',(67.865308504146,110.05801169021,
    314.44931229694));
#9148 = CARTESIAN_POINT('',(67.938583186643,110.00613409025,
    314.50157868962));
#9149 = CARTESIAN_POINT('',(68.162432777443,109.85159114001,
    314.63581233213));
#9150 = CARTESIAN_POINT('',(68.321985933161,109.74624926913,
    314.70046576763));
#9151 = CARTESIAN_POINT('',(68.490235132401,109.6396759925,
    314.73943546205));
#9152 = CARTESIAN_POINT('',(68.663663028413,109.5341306865,
    314.75155351745));
#9153 = CARTESIAN_POINT('',(68.838717851221,109.43176693048,
    314.73644691055));
#9154 = CARTESIAN_POINT('',(69.011813407617,109.33463250669,
    314.69453749278));
#9155 = CARTESIAN_POINT('',(69.179329081171,109.24466940033,
    314.62704199025));
#9156 = CARTESIAN_POINT('',(69.456447015287,109.10293233691,
    314.46759666065));
#9157 = CARTESIAN_POINT('',(69.57021014155,109.04716043745,
    314.38588708542));
#9158 = CARTESIAN_POINT('',(69.677427603628,108.99713901011,
    314.29167658178));
#9159 = CARTESIAN_POINT('',(69.77678368639,108.95348604153,
    314.18601256325));
#9160 = CARTESIAN_POINT('',(69.867098200483,108.91671653991,
    314.0701163139));
#9161 = CARTESIAN_POINT('',(69.947326140827,108.88724683015,
    313.94536287237));
#9162 = CARTESIAN_POINT('',(70.016577370094,108.86538320005,
    313.81328103928));
#9163 = CARTESIAN_POINT('',(70.137026840032,108.83591186845,
    313.52521053557));
#9164 = CARTESIAN_POINT('',(70.18603045478,108.82978689075,
    313.36802224802));
#9165 = CARTESIAN_POINT('',(70.220217384098,108.83316624116,
    313.20622789535));
#9166 = CARTESIAN_POINT('',(70.239007007624,108.84607407399,
    313.04210409476));
#9167 = CARTESIAN_POINT('',(70.242118112659,108.86835949952,
    312.87794067053));
#9168 = CARTESIAN_POINT('',(70.229544530218,108.89971070383,
    312.71602799617));
#9169 = CARTESIAN_POINT('',(70.201578130941,108.939639877,
    312.55864444692));
#9170 = CARTESIAN_POINT('',(70.093614748642,109.06051389393,
    312.17775744436));
#9171 = CARTESIAN_POINT('',(69.993743275255,109.15219040858,
    311.96262389345));
#9172 = CARTESIAN_POINT('',(69.86143989669,109.2599769342,
    311.77120013421));
#9173 = CARTESIAN_POINT('',(69.700876562017,109.38046479422,
    311.61004643533));
#9174 = CARTESIAN_POINT('',(69.517036727161,109.509889269,
    311.48455081016));
#9175 = CARTESIAN_POINT('',(69.315931155128,109.64404480514,
    311.39855180487));
#9176 = CARTESIAN_POINT('',(69.104349438408,109.77839236957,
    311.35464472214));
#9177 = CARTESIAN_POINT('',(68.890305288652,109.90806620031,
    311.35251859895));
#9178 = PCURVE('',#4490,#9179);
#9179 = DEFINITIONAL_REPRESENTATION('',(#9180),#9225);
#9180 = B_SPLINE_CURVE_WITH_KNOTS('',8,(#9181,#9182,#9183,#9184,#9185,
    #9186,#9187,#9188,#9189,#9190,#9191,#9192,#9193,#9194,#9195,#9196,
    #9197,#9198,#9199,#9200,#9201,#9202,#9203,#9204,#9205,#9206,#9207,
    #9208,#9209,#9210,#9211,#9212,#9213,#9214,#9215,#9216,#9217,#9218,
    #9219,#9220,#9221,#9222,#9223,#9224),.UNSPECIFIED.,.F.,.F.,(9,7,7,7,
    7,7,9),(0.,0.132036064046,0.235752171705,0.435621368772,
    0.585683155838,0.749535750497,1.),.UNSPECIFIED.);
#9181 = CARTESIAN_POINT('',(0.,3.586609671574));
#9182 = CARTESIAN_POINT('',(7.758744041438E-02,3.586300316288));
#9183 = CARTESIAN_POINT('',(0.155188404028,3.58596560042));
#9184 = CARTESIAN_POINT('',(0.232783346568,3.585616981879));
#9185 = CARTESIAN_POINT('',(0.31037142144,3.585267203046));
#9186 = CARTESIAN_POINT('',(0.387960973752,3.58492928751));
#9187 = CARTESIAN_POINT('',(0.465559889175,3.584615608493));
#9188 = CARTESIAN_POINT('',(0.543165797622,3.584337028956));
#9189 = CARTESIAN_POINT('',(0.681704384849,3.583917584046));
#9190 = CARTESIAN_POINT('',(0.742654616545,3.583759877806));
#9191 = CARTESIAN_POINT('',(0.803606532867,3.583633327668));
#9192 = CARTESIAN_POINT('',(0.864559920054,3.583541165851));
#9193 = CARTESIAN_POINT('',(0.925514644559,3.583485523801));
#9194 = CARTESIAN_POINT('',(0.986470653055,3.58346743219));
#9195 = CARTESIAN_POINT('',(1.047427972433,3.583486820913));
#9196 = CARTESIAN_POINT('',(1.225859050082,3.583649853911));
#9197 = CARTESIAN_POINT('',(1.343413098426,3.583898046699));
#9198 = CARTESIAN_POINT('',(1.461005629137,3.584267124635));
#9199 = CARTESIAN_POINT('',(1.578603803714,3.584731000791));
#9200 = CARTESIAN_POINT('',(1.696185170841,3.585257474134));
#9201 = CARTESIAN_POINT('',(1.813737666391,3.585808229526));
#9202 = CARTESIAN_POINT('',(1.931259613426,3.58633883772));
#9203 = CARTESIAN_POINT('',(2.136978800282,3.587144061515));
#9204 = CARTESIAN_POINT('',(2.22521380588,3.587453258643));
#9205 = CARTESIAN_POINT('',(2.313428631107,3.587710353082));
#9206 = CARTESIAN_POINT('',(2.401623351622,3.587901851902));
#9207 = CARTESIAN_POINT('',(2.489815318397,3.58801817336));
#9208 = CARTESIAN_POINT('',(2.57802089574,3.588054556936));
#9209 = CARTESIAN_POINT('',(2.666237845565,3.588011472978));
#9210 = CARTESIAN_POINT('',(2.850723654378,3.587766843908));
#9211 = CARTESIAN_POINT('',(2.947062191238,3.587550995726));
#9212 = CARTESIAN_POINT('',(3.043377293715,3.58725404749));
#9213 = CARTESIAN_POINT('',(3.1396720642,3.586890239314));
#9214 = CARTESIAN_POINT('',(3.235966236608,3.586479723071));
#9215 = CARTESIAN_POINT('',(3.332279709118,3.586046498089));
#9216 = CARTESIAN_POINT('',(3.428616242784,3.585615751433));
#9217 = CARTESIAN_POINT('',(3.672106208425,3.584591801907));
#9218 = CARTESIAN_POINT('',(3.819620712934,3.58403132255));
#9219 = CARTESIAN_POINT('',(3.966913893537,3.58361459109));
#9220 = CARTESIAN_POINT('',(4.114115150677,3.583413258067));
#9221 = CARTESIAN_POINT('',(4.261342829999,3.583461512316));
#9222 = CARTESIAN_POINT('',(4.408707630524,3.583746172162));
#9223 = CARTESIAN_POINT('',(4.556317332045,3.584210016722));
#9224 = CARTESIAN_POINT('',(4.703534192947,3.584772933402));
#9225 = ( GEOMETRIC_REPRESENTATION_CONTEXT(2) 
PARAMETRIC_REPRESENTATION_CONTEXT() REPRESENTATION_CONTEXT('2D SPACE',''
  ) );
#9226 = PCURVE('',#5027,#9227);
#9227 = DEFINITIONAL_REPRESENTATION('',(#9228),#9273);
#9228 = B_SPLINE_CURVE_WITH_KNOTS('',8,(#9229,#9230,#9231,#9232,#9233,
    #9234,#9235,#9236,#9237,#9238,#9239,#9240,#9241,#9242,#9243,#9244,
    #9245,#9246,#9247,#9248,#9249,#9250,#9251,#9252,#9253,#9254,#9255,
    #9256,#9257,#9258,#9259,#9260,#9261,#9262,#9263,#9264,#9265,#9266,
    #9267,#9268,#9269,#9270,#9271,#9272),.UNSPECIFIED.,.F.,.F.,(9,7,7,7,
    7,7,9),(0.,0.132036064046,0.235752171705,0.435621368772,
    0.585683155838,0.749535750497,1.),.UNSPECIFIED.);
#9229 = CARTESIAN_POINT('',(0.705229293712,0.549659342043));
#9230 = CARTESIAN_POINT('',(0.705211662296,0.550318421322));
#9231 = CARTESIAN_POINT('',(0.70522444345,0.550978776035));
#9232 = CARTESIAN_POINT('',(0.705267849308,0.551634080096));
#9233 = CARTESIAN_POINT('',(0.705341648675,0.5522782322));
#9234 = CARTESIAN_POINT('',(0.705445223893,0.552905367451));
#9235 = CARTESIAN_POINT('',(0.705577591219,0.55350988204));
#9236 = CARTESIAN_POINT('',(0.705737384756,0.554086470955));
#9237 = CARTESIAN_POINT('',(0.706068453146,0.555057268528));
#9238 = CARTESIAN_POINT('',(0.706229955961,0.555464170008));
#9239 = CARTESIAN_POINT('',(0.706406449665,0.555848512273));
#9240 = CARTESIAN_POINT('',(0.706596967991,0.556208139768));
#9241 = CARTESIAN_POINT('',(0.706800441087,0.556541112285));
#9242 = CARTESIAN_POINT('',(0.707015695516,0.556845704965));
#9243 = CARTESIAN_POINT('',(0.70724145426,0.557120408299));
#9244 = CARTESIAN_POINT('',(0.707928973908,0.557833210221));
#9245 = CARTESIAN_POINT('',(0.708416394761,0.558186987916));
#9246 = CARTESIAN_POINT('',(0.708927758663,0.558415847195));
#9247 = CARTESIAN_POINT('',(0.709452253595,0.558514001285));
#9248 = CARTESIAN_POINT('',(0.709979096136,0.558479290653));
#9249 = CARTESIAN_POINT('',(0.710497531457,0.558313183012));
#9250 = CARTESIAN_POINT('',(0.710996833326,0.558020773318));
#9251 = CARTESIAN_POINT('',(0.711818782752,0.557302963625));
#9252 = CARTESIAN_POINT('',(0.71215483459,0.556928642587));
#9253 = CARTESIAN_POINT('',(0.712470147676,0.556491408616));
#9254 = CARTESIAN_POINT('',(0.712760907943,0.555995844224));
#9255 = CARTESIAN_POINT('',(0.713023723352,0.555447347414));
#9256 = CARTESIAN_POINT('',(0.713255612182,0.554852066071));
#9257 = CARTESIAN_POINT('',(0.713454055461,0.554216945813));
#9258 = CARTESIAN_POINT('',(0.713795156785,0.552821533887));
#9259 = CARTESIAN_POINT('',(0.713931151882,0.552054530867));
#9260 = CARTESIAN_POINT('',(0.714022441463,0.551259170472));
#9261 = CARTESIAN_POINT('',(0.714067457007,0.550446185952));
#9262 = CARTESIAN_POINT('',(0.714065502323,0.549626582778));
#9263 = CARTESIAN_POINT('',(0.714016684515,0.54881162009));
#9264 = CARTESIAN_POINT('',(0.713921991505,0.548012782415));
#9265 = CARTESIAN_POINT('',(0.713571840957,0.546062718024));
#9266 = CARTESIAN_POINT('',(0.71325726073,0.544945075066));
#9267 = CARTESIAN_POINT('',(0.71284671362,0.543932920638));
#9268 = CARTESIAN_POINT('',(0.712352974181,0.543062031632));
#9269 = CARTESIAN_POINT('',(0.711791234244,0.542363337275));
#9270 = CARTESIAN_POINT('',(0.71117974839,0.541860478032));
#9271 = CARTESIAN_POINT('',(0.710539075949,0.54157052119));
#9272 = CARTESIAN_POINT('',(0.70989334776,0.541495146226));
#9273 = ( GEOMETRIC_REPRESENTATION_CONTEXT(2) 
PARAMETRIC_REPRESENTATION_CONTEXT() REPRESENTATION_CONTEXT('2D SPACE',''
  ) );
#9274 = ORIENTED_EDGE('',*,*,#9275,.T.);
#9275 = EDGE_CURVE('',#9130,#9107,#9276,.T.);
#9276 = SURFACE_CURVE('',#9277,(#9292,#9310),.PCURVE_S1.);
#9277 = B_SPLINE_CURVE_WITH_KNOTS('',7,(#9278,#9279,#9280,#9281,#9282,
    #9283,#9284,#9285,#9286,#9287,#9288,#9289,#9290,#9291),
  .UNSPECIFIED.,.F.,.F.,(8,6,8),(0.,0.572034694528,1.),.UNSPECIFIED.);
#9278 = CARTESIAN_POINT('',(68.890305288652,109.90806620031,
    311.35251859895));
#9279 = CARTESIAN_POINT('',(68.702562736239,110.02180580025,
    311.3506537323));
#9280 = CARTESIAN_POINT('',(68.51237435555,110.13218493063,
    311.38159722897));
#9281 = CARTESIAN_POINT('',(68.325041587505,110.23593824719,
    311.44542947293));
#9282 = CARTESIAN_POINT('',(68.145627213413,110.33015994181,
    311.54069058434));
#9283 = CARTESIAN_POINT('',(67.978873849932,110.41229580366,
    311.66489341661));
#9284 = CARTESIAN_POINT('',(67.82925429335,110.48014776117,
    311.81442778743));
#9285 = CARTESIAN_POINT('',(67.604094683341,110.57122830945,
    312.11120547229));
#9286 = CARTESIAN_POINT('',(67.519258067209,110.6014441367,
    312.24971152707));
#9287 = CARTESIAN_POINT('',(67.447476695061,110.62226838892,
    312.39771682709));
#9288 = CARTESIAN_POINT('',(67.389916518681,110.63333366864,
    312.55302325134));
#9289 = CARTESIAN_POINT('',(67.347449014419,110.63448154543,
    312.71329214249));
#9290 = CARTESIAN_POINT('',(67.320639747498,110.62576319598,
    312.87607241769));
#9291 = CARTESIAN_POINT('',(67.309654568994,110.60749240753,
    313.03879546212));
#9292 = PCURVE('',#4490,#9293);
#9293 = DEFINITIONAL_REPRESENTATION('',(#9294),#9309);
#9294 = B_SPLINE_CURVE_WITH_KNOTS('',7,(#9295,#9296,#9297,#9298,#9299,
    #9300,#9301,#9302,#9303,#9304,#9305,#9306,#9307,#9308),
  .UNSPECIFIED.,.F.,.F.,(8,6,8),(0.,0.572034694528,1.),.UNSPECIFIED.);
#9295 = CARTESIAN_POINT('',(4.703534192947,3.584772933402));
#9296 = CARTESIAN_POINT('',(4.832661147621,3.585266679268));
#9297 = CARTESIAN_POINT('',(4.961830417783,3.58583958272));
#9298 = CARTESIAN_POINT('',(5.090895279749,3.586435689621));
#9299 = CARTESIAN_POINT('',(5.219957993494,3.586986184351));
#9300 = CARTESIAN_POINT('',(5.349073394463,3.587426433891));
#9301 = CARTESIAN_POINT('',(5.478297230152,3.587713359939));
#9302 = CARTESIAN_POINT('',(5.703883330438,3.58792385897));
#9303 = CARTESIAN_POINT('',(5.80045427468,3.58792086607));
#9304 = CARTESIAN_POINT('',(5.897001958466,3.587818858481));
#9305 = CARTESIAN_POINT('',(5.993534781645,3.587620991224));
#9306 = CARTESIAN_POINT('',(6.090080821413,3.587339619139));
#9307 = CARTESIAN_POINT('',(6.186648140608,3.586994582876));
#9308 = CARTESIAN_POINT('',(6.28318530718,3.586609671574));
#9309 = ( GEOMETRIC_REPRESENTATION_CONTEXT(2) 
PARAMETRIC_REPRESENTATION_CONTEXT() REPRESENTATION_CONTEXT('2D SPACE',''
  ) );
#9310 = PCURVE('',#5027,#9311);
#9311 = DEFINITIONAL_REPRESENTATION('',(#9312),#9327);
#9312 = B_SPLINE_CURVE_WITH_KNOTS('',7,(#9313,#9314,#9315,#9316,#9317,
    #9318,#9319,#9320,#9321,#9322,#9323,#9324,#9325,#9326),
  .UNSPECIFIED.,.F.,.F.,(8,6,8),(0.,0.572034694528,1.),.UNSPECIFIED.);
#9313 = CARTESIAN_POINT('',(0.70989334776,0.541495146226));
#9314 = CARTESIAN_POINT('',(0.709326966205,0.541429033285));
#9315 = CARTESIAN_POINT('',(0.708755069686,0.541531265824));
#9316 = CARTESIAN_POINT('',(0.708193636081,0.541804484617));
#9317 = CARTESIAN_POINT('',(0.707657866219,0.542242793458));
#9318 = CARTESIAN_POINT('',(0.707161967329,0.542834152727));
#9319 = CARTESIAN_POINT('',(0.706719334172,0.543560119975));
#9320 = CARTESIAN_POINT('',(0.706057809298,0.545018486916));
#9321 = CARTESIAN_POINT('',(0.705810262563,0.545704057143));
#9322 = CARTESIAN_POINT('',(0.705602835993,0.546440743677));
#9323 = CARTESIAN_POINT('',(0.705438980075,0.547217061394));
#9324 = CARTESIAN_POINT('',(0.705321244595,0.548020807834));
#9325 = CARTESIAN_POINT('',(0.705251231373,0.548839291197));
#9326 = CARTESIAN_POINT('',(0.705229293712,0.549659342043));
#9327 = ( GEOMETRIC_REPRESENTATION_CONTEXT(2) 
PARAMETRIC_REPRESENTATION_CONTEXT() REPRESENTATION_CONTEXT('2D SPACE',''
  ) );
#9328 = ORIENTED_EDGE('',*,*,#9106,.T.);
#9329 = ORIENTED_EDGE('',*,*,#4536,.F.);
#9330 = ADVANCED_FACE('',(#9331),#4768,.T.);
#9331 = FACE_BOUND('',#9332,.T.);
#9332 = EDGE_LOOP('',(#9333,#9334,#9357,#9386,#9418,#9452,#9484,#9506,
    #9507));
#9333 = ORIENTED_EDGE('',*,*,#4856,.T.);
#9334 = ORIENTED_EDGE('',*,*,#9335,.T.);
#9335 = EDGE_CURVE('',#4599,#9336,#9338,.T.);
#9336 = VERTEX_POINT('',#9337);
#9337 = CARTESIAN_POINT('',(23.392971698428,124.09731431205,
    341.95222756949));
#9338 = SEAM_CURVE('',#9339,(#9343,#9350),.PCURVE_S1.);
#9339 = LINE('',#9340,#9341);
#9340 = CARTESIAN_POINT('',(22.222559898514,118.96639932417,
    339.07058782694));
#9341 = VECTOR('',#9342,1.);
#9342 = DIRECTION('',(0.195068633319,0.855152497979,0.480273290425));
#9343 = PCURVE('',#4768,#9344);
#9344 = DEFINITIONAL_REPRESENTATION('',(#9345),#9349);
#9345 = LINE('',#9346,#9347);
#9346 = CARTESIAN_POINT('',(0.,-0.));
#9347 = VECTOR('',#9348,1.);
#9348 = DIRECTION('',(0.,1.));
#9349 = ( GEOMETRIC_REPRESENTATION_CONTEXT(2) 
PARAMETRIC_REPRESENTATION_CONTEXT() REPRESENTATION_CONTEXT('2D SPACE',''
  ) );
#9350 = PCURVE('',#4768,#9351);
#9351 = DEFINITIONAL_REPRESENTATION('',(#9352),#9356);
#9352 = LINE('',#9353,#9354);
#9353 = CARTESIAN_POINT('',(6.28318530718,-0.));
#9354 = VECTOR('',#9355,1.);
#9355 = DIRECTION('',(0.,1.));
#9356 = ( GEOMETRIC_REPRESENTATION_CONTEXT(2) 
PARAMETRIC_REPRESENTATION_CONTEXT() REPRESENTATION_CONTEXT('2D SPACE',''
  ) );
#9357 = ORIENTED_EDGE('',*,*,#9358,.F.);
#9358 = EDGE_CURVE('',#9359,#9336,#9361,.T.);
#9359 = VERTEX_POINT('',#9360);
#9360 = CARTESIAN_POINT('',(29.,120.76727037351,345.60419006588));
#9361 = SURFACE_CURVE('',#9362,(#9367,#9374),.PCURVE_S1.);
#9362 = CIRCLE('',#9363,4.5);
#9363 = AXIS2_PLACEMENT_3D('',#9364,#9365,#9366);
#9364 = CARTESIAN_POINT('',(27.780274533294,123.09652770384,
    341.95222756949));
#9365 = DIRECTION('',(0.195068633319,0.855152497979,0.480273290425));
#9366 = DIRECTION('',(-0.974956185526,0.222397024047,-1.3242627029E-17)
  );
#9367 = PCURVE('',#4768,#9368);
#9368 = DEFINITIONAL_REPRESENTATION('',(#9369),#9373);
#9369 = LINE('',#9370,#9371);
#9370 = CARTESIAN_POINT('',(0.,6.));
#9371 = VECTOR('',#9372,1.);
#9372 = DIRECTION('',(1.,0.));
#9373 = ( GEOMETRIC_REPRESENTATION_CONTEXT(2) 
PARAMETRIC_REPRESENTATION_CONTEXT() REPRESENTATION_CONTEXT('2D SPACE',''
  ) );
#9374 = PCURVE('',#9375,#9380);
#9375 = PLANE('',#9376);
#9376 = AXIS2_PLACEMENT_3D('',#9377,#9378,#9379);
#9377 = CARTESIAN_POINT('',(27.780274533294,123.09652770384,
    341.95222756949));
#9378 = DIRECTION('',(0.195068633319,0.855152497979,0.480273290425));
#9379 = DIRECTION('',(-0.974956185526,0.222397024047,-1.3242627029E-17)
  );
#9380 = DEFINITIONAL_REPRESENTATION('',(#9381),#9385);
#9381 = CIRCLE('',#9382,4.5);
#9382 = AXIS2_PLACEMENT_2D('',#9383,#9384);
#9383 = CARTESIAN_POINT('',(0.,0.));
#9384 = DIRECTION('',(1.,0.));
#9385 = ( GEOMETRIC_REPRESENTATION_CONTEXT(2) 
PARAMETRIC_REPRESENTATION_CONTEXT() REPRESENTATION_CONTEXT('2D SPACE',''
  ) );
#9386 = ORIENTED_EDGE('',*,*,#9387,.F.);
#9387 = EDGE_CURVE('',#9388,#9359,#9390,.T.);
#9388 = VERTEX_POINT('',#9389);
#9389 = CARTESIAN_POINT('',(29.,119.16383557506,344.56037746385));
#9390 = SURFACE_CURVE('',#9391,(#9396,#9406),.PCURVE_S1.);
#9391 = ELLIPSE('',#9392,23.068803648418,4.5);
#9392 = AXIS2_PLACEMENT_3D('',#9393,#9394,#9395);
#9393 = CARTESIAN_POINT('',(29.,128.44362662976,344.95528117859));
#9394 = DIRECTION('',(-1.,0.,0.));
#9395 = DIRECTION('',(0.,0.871902090871,0.489680246624));
#9396 = PCURVE('',#4768,#9397);
#9397 = DEFINITIONAL_REPRESENTATION('',(#9398),#9405);
#9398 = B_SPLINE_CURVE_WITH_KNOTS('',5,(#9399,#9400,#9401,#9402,#9403,
    #9404),.UNSPECIFIED.,.F.,.F.,(6,6),(4.236192670629,4.432385444112),
  .PIECEWISE_BEZIER_KNOTS.);
#9399 = CARTESIAN_POINT('',(2.156112488174,1.881162059256));
#9400 = CARTESIAN_POINT('',(2.116873933477,2.670187631126));
#9401 = CARTESIAN_POINT('',(2.077635378781,3.479174240452));
#9402 = CARTESIAN_POINT('',(2.038396824084,4.305591081225));
#9403 = CARTESIAN_POINT('',(1.999158269387,5.146778839071));
#9404 = CARTESIAN_POINT('',(1.959919714691,6.0000006));
#9405 = ( GEOMETRIC_REPRESENTATION_CONTEXT(2) 
PARAMETRIC_REPRESENTATION_CONTEXT() REPRESENTATION_CONTEXT('2D SPACE',''
  ) );
#9406 = PCURVE('',#9407,#9412);
#9407 = PLANE('',#9408);
#9408 = AXIS2_PLACEMENT_3D('',#9409,#9410,#9411);
#9409 = CARTESIAN_POINT('',(29.,114.95917129803,356.00150051676));
#9410 = DIRECTION('',(-1.,0.,-0.));
#9411 = DIRECTION('',(0.,-1.,0.));
#9412 = DEFINITIONAL_REPRESENTATION('',(#9413),#9417);
#9413 = ELLIPSE('',#9414,23.068803648418,4.5);
#9414 = AXIS2_PLACEMENT_2D('',#9415,#9416);
#9415 = CARTESIAN_POINT('',(-13.48445533172,-11.04621933816));
#9416 = DIRECTION('',(-0.871902090871,0.489680246624));
#9417 = ( GEOMETRIC_REPRESENTATION_CONTEXT(2) 
PARAMETRIC_REPRESENTATION_CONTEXT() REPRESENTATION_CONTEXT('2D SPACE',''
  ) );
#9418 = ORIENTED_EDGE('',*,*,#9419,.T.);
#9419 = EDGE_CURVE('',#9388,#9420,#9422,.T.);
#9420 = VERTEX_POINT('',#9421);
#9421 = CARTESIAN_POINT('',(25.,119.33972534826,344.27190234969));
#9422 = SURFACE_CURVE('',#9423,(#9428,#9440),.PCURVE_S1.);
#9423 = ELLIPSE('',#9424,4.591084203909,4.5);
#9424 = AXIS2_PLACEMENT_3D('',#9425,#9426,#9427);
#9425 = CARTESIAN_POINT('',(27.382240538584,121.35160460131,
    340.97223866462));
#9426 = DIRECTION('',(3.167045535153E-18,-0.853808919097,-0.520586524672
    ));
#9427 = DIRECTION('',(0.984177259065,9.224100261553E-02,-0.151283575366)
  );
#9428 = PCURVE('',#4768,#9429);
#9429 = DEFINITIONAL_REPRESENTATION('',(#9430),#9439);
#9430 = B_SPLINE_CURVE_WITH_KNOTS('',7,(#9431,#9432,#9433,#9434,#9435,
    #9436,#9437,#9438),.UNSPECIFIED.,.F.,.F.,(8,8),(1.290123062604,
    2.396966341774),.PIECEWISE_BEZIER_KNOTS.);
#9431 = CARTESIAN_POINT('',(2.142244033867,4.211583624402));
#9432 = CARTESIAN_POINT('',(1.984123565414,4.07332834618));
#9433 = CARTESIAN_POINT('',(1.826003096961,3.927720565068));
#9434 = CARTESIAN_POINT('',(1.667882628509,3.78040604099));
#9435 = CARTESIAN_POINT('',(1.509762160056,3.637481513521));
#9436 = CARTESIAN_POINT('',(1.351641691603,3.504916281455));
#9437 = CARTESIAN_POINT('',(1.19352122315,3.387887111472));
#9438 = CARTESIAN_POINT('',(1.035400754697,3.290376231974));
#9439 = ( GEOMETRIC_REPRESENTATION_CONTEXT(2) 
PARAMETRIC_REPRESENTATION_CONTEXT() REPRESENTATION_CONTEXT('2D SPACE',''
  ) );
#9440 = PCURVE('',#9441,#9446);
#9441 = PLANE('',#9442);
#9442 = AXIS2_PLACEMENT_3D('',#9443,#9444,#9445);
#9443 = CARTESIAN_POINT('',(25.,121.3891926146,340.91059092792));
#9444 = DIRECTION('',(0.,-0.853808919097,-0.520586524672));
#9445 = DIRECTION('',(0.,-0.520586524672,0.853808919097));
#9446 = DEFINITIONAL_REPRESENTATION('',(#9447),#9451);
#9447 = ELLIPSE('',#9448,4.591084203909,4.5);
#9448 = AXIS2_PLACEMENT_2D('',#9449,#9450);
#9449 = CARTESIAN_POINT('',(7.220320064377E-02,-2.382240538584));
#9450 = DIRECTION('',(-0.177186688944,-0.984177259065));
#9451 = ( GEOMETRIC_REPRESENTATION_CONTEXT(2) 
PARAMETRIC_REPRESENTATION_CONTEXT() REPRESENTATION_CONTEXT('2D SPACE',''
  ) );
#9452 = ORIENTED_EDGE('',*,*,#9453,.T.);
#9453 = EDGE_CURVE('',#9420,#9454,#9456,.T.);
#9454 = VERTEX_POINT('',#9455);
#9455 = CARTESIAN_POINT('',(25.,121.86727911585,345.27021211262));
#9456 = SURFACE_CURVE('',#9457,(#9462,#9472),.PCURVE_S1.);
#9457 = ELLIPSE('',#9458,23.068803648418,4.5);
#9458 = AXIS2_PLACEMENT_3D('',#9459,#9460,#9461);
#9459 = CARTESIAN_POINT('',(25.,110.90820879392,335.1069876369));
#9460 = DIRECTION('',(-1.,0.,0.));
#9461 = DIRECTION('',(0.,0.871902090871,0.489680246624));
#9462 = PCURVE('',#4768,#9463);
#9463 = DEFINITIONAL_REPRESENTATION('',(#9464),#9471);
#9464 = B_SPLINE_CURVE_WITH_KNOTS('',5,(#9465,#9466,#9467,#9468,#9469,
    #9470),.UNSPECIFIED.,.F.,.F.,(6,6),(5.176801113887,5.393865215172),
  .PIECEWISE_BEZIER_KNOTS.);
#9465 = CARTESIAN_POINT('',(1.215504044916,1.881162059256));
#9466 = CARTESIAN_POINT('',(1.172091224659,2.759370774382));
#9467 = CARTESIAN_POINT('',(1.128678404402,3.61370551856));
#9468 = CARTESIAN_POINT('',(1.085265584145,4.440717842556));
#9469 = CARTESIAN_POINT('',(1.041852763888,5.237147870786));
#9470 = CARTESIAN_POINT('',(0.998439943631,6.0000006));
#9471 = ( GEOMETRIC_REPRESENTATION_CONTEXT(2) 
PARAMETRIC_REPRESENTATION_CONTEXT() REPRESENTATION_CONTEXT('2D SPACE',''
  ) );
#9472 = PCURVE('',#9473,#9478);
#9473 = PLANE('',#9474);
#9474 = AXIS2_PLACEMENT_3D('',#9475,#9476,#9477);
#9475 = CARTESIAN_POINT('',(25.,114.95917129803,356.00150051676));
#9476 = DIRECTION('',(-1.,0.,-0.));
#9477 = DIRECTION('',(0.,-1.,0.));
#9478 = DEFINITIONAL_REPRESENTATION('',(#9479),#9483);
#9479 = ELLIPSE('',#9480,23.068803648418,4.5);
#9480 = AXIS2_PLACEMENT_2D('',#9481,#9482);
#9481 = CARTESIAN_POINT('',(4.050962504114,-20.89451287986));
#9482 = DIRECTION('',(-0.871902090871,0.489680246624));
#9483 = ( GEOMETRIC_REPRESENTATION_CONTEXT(2) 
PARAMETRIC_REPRESENTATION_CONTEXT() REPRESENTATION_CONTEXT('2D SPACE',''
  ) );
#9484 = ORIENTED_EDGE('',*,*,#9485,.F.);
#9485 = EDGE_CURVE('',#9336,#9454,#9486,.T.);
#9486 = SURFACE_CURVE('',#9487,(#9492,#9499),.PCURVE_S1.);
#9487 = CIRCLE('',#9488,4.5);
#9488 = AXIS2_PLACEMENT_3D('',#9489,#9490,#9491);
#9489 = CARTESIAN_POINT('',(27.780274533294,123.09652770384,
    341.95222756949));
#9490 = DIRECTION('',(0.195068633319,0.855152497979,0.480273290425));
#9491 = DIRECTION('',(-0.974956185526,0.222397024047,-1.3242627029E-17)
  );
#9492 = PCURVE('',#4768,#9493);
#9493 = DEFINITIONAL_REPRESENTATION('',(#9494),#9498);
#9494 = LINE('',#9495,#9496);
#9495 = CARTESIAN_POINT('',(0.,6.));
#9496 = VECTOR('',#9497,1.);
#9497 = DIRECTION('',(1.,0.));
#9498 = ( GEOMETRIC_REPRESENTATION_CONTEXT(2) 
PARAMETRIC_REPRESENTATION_CONTEXT() REPRESENTATION_CONTEXT('2D SPACE',''
  ) );
#9499 = PCURVE('',#9375,#9500);
#9500 = DEFINITIONAL_REPRESENTATION('',(#9501),#9505);
#9501 = CIRCLE('',#9502,4.5);
#9502 = AXIS2_PLACEMENT_2D('',#9503,#9504);
#9503 = CARTESIAN_POINT('',(0.,0.));
#9504 = DIRECTION('',(1.,0.));
#9505 = ( GEOMETRIC_REPRESENTATION_CONTEXT(2) 
PARAMETRIC_REPRESENTATION_CONTEXT() REPRESENTATION_CONTEXT('2D SPACE',''
  ) );
#9506 = ORIENTED_EDGE('',*,*,#9335,.F.);
#9507 = ORIENTED_EDGE('',*,*,#4598,.T.);
#9508 = ADVANCED_FACE('',(#9509,#9515),#5027,.T.);
#9509 = FACE_BOUND('',#9510,.T.);
#9510 = EDGE_LOOP('',(#9511,#9512,#9513,#9514));
#9511 = ORIENTED_EDGE('',*,*,#4963,.F.);
#9512 = ORIENTED_EDGE('',*,*,#8498,.T.);
#9513 = ORIENTED_EDGE('',*,*,#8831,.T.);
#9514 = ORIENTED_EDGE('',*,*,#8741,.F.);
#9515 = FACE_BOUND('',#9516,.T.);
#9516 = EDGE_LOOP('',(#9517,#9518));
#9517 = ORIENTED_EDGE('',*,*,#9129,.T.);
#9518 = ORIENTED_EDGE('',*,*,#9275,.T.);
#9519 = ADVANCED_FACE('',(#9520),#8662,.F.);
#9520 = FACE_BOUND('',#9521,.F.);
#9521 = EDGE_LOOP('',(#9522,#9523));
#9522 = ORIENTED_EDGE('',*,*,#8624,.F.);
#9523 = ORIENTED_EDGE('',*,*,#9079,.T.);
#9524 = ADVANCED_FACE('',(#9525),#8945,.T.);
#9525 = FACE_BOUND('',#9526,.T.);
#9526 = EDGE_LOOP('',(#9527,#9528,#9529,#9550,#9576));
#9527 = ORIENTED_EDGE('',*,*,#8928,.T.);
#9528 = ORIENTED_EDGE('',*,*,#9054,.T.);
#9529 = ORIENTED_EDGE('',*,*,#9530,.F.);
#9530 = EDGE_CURVE('',#9531,#9023,#9533,.T.);
#9531 = VERTEX_POINT('',#9532);
#9532 = CARTESIAN_POINT('',(-7.,127.51439210432,337.78309964903));
#9533 = SURFACE_CURVE('',#9534,(#9538,#9544),.PCURVE_S1.);
#9534 = LINE('',#9535,#9536);
#9535 = CARTESIAN_POINT('',(-7.,123.23929065357,346.25740444978));
#9536 = VECTOR('',#9537,1.);
#9537 = DIRECTION('',(-0.,-0.45040927604,0.892822201817));
#9538 = PCURVE('',#8945,#9539);
#9539 = DEFINITIONAL_REPRESENTATION('',(#9540),#9543);
#9540 = B_SPLINE_CURVE_WITH_KNOTS('',1,(#9541,#9542),.UNSPECIFIED.,.F.,
  .F.,(2,2),(-10.57889257129,-5.000765599038),.PIECEWISE_BEZIER_KNOTS.);
#9541 = CARTESIAN_POINT('',(2.038255126412,-1.078076897398));
#9542 = CARTESIAN_POINT('',(2.014619446988,4.5));
#9543 = ( GEOMETRIC_REPRESENTATION_CONTEXT(2) 
PARAMETRIC_REPRESENTATION_CONTEXT() REPRESENTATION_CONTEXT('2D SPACE',''
  ) );
#9544 = PCURVE('',#9042,#9545);
#9545 = DEFINITIONAL_REPRESENTATION('',(#9546),#9549);
#9546 = B_SPLINE_CURVE_WITH_KNOTS('',1,(#9547,#9548),.UNSPECIFIED.,.F.,
  .F.,(2,2),(-10.57889257129,-5.000765599038),.PIECEWISE_BEZIER_KNOTS.);
#9547 = CARTESIAN_POINT('',(-9.999745359984,-17.43583808071));
#9548 = CARTESIAN_POINT('',(-7.48730522875,-12.45556247533));
#9549 = ( GEOMETRIC_REPRESENTATION_CONTEXT(2) 
PARAMETRIC_REPRESENTATION_CONTEXT() REPRESENTATION_CONTEXT('2D SPACE',''
  ) );
#9550 = ORIENTED_EDGE('',*,*,#9551,.F.);
#9551 = EDGE_CURVE('',#9552,#9531,#9554,.T.);
#9552 = VERTEX_POINT('',#9553);
#9553 = CARTESIAN_POINT('',(-3.,127.48492288501,337.76691998841));
#9554 = SURFACE_CURVE('',#9555,(#9559,#9565),.PCURVE_S1.);
#9555 = LINE('',#9556,#9557);
#9556 = CARTESIAN_POINT('',(-5.991533730065,127.5069624259,
    337.77902048853));
#9557 = VECTOR('',#9558,1.);
#9558 = DIRECTION('',(-0.999964682612,7.367044631663E-03,
    4.04477229975E-03));
#9559 = PCURVE('',#8945,#9560);
#9560 = DEFINITIONAL_REPRESENTATION('',(#9561),#9564);
#9561 = B_SPLINE_CURVE_WITH_KNOTS('',1,(#9562,#9563),.UNSPECIFIED.,.F.,
  .F.,(2,2),(-2.991639386955,1.008501887588),.PIECEWISE_BEZIER_KNOTS.);
#9562 = CARTESIAN_POINT('',(-1.966452213834,-8.908673693523E-03));
#9563 = CARTESIAN_POINT('',(2.033648012146,9.213092705858E-03));
#9564 = ( GEOMETRIC_REPRESENTATION_CONTEXT(2) 
PARAMETRIC_REPRESENTATION_CONTEXT() REPRESENTATION_CONTEXT('2D SPACE',''
  ) );
#9565 = PCURVE('',#9566,#9571);
#9566 = PLANE('',#9567);
#9567 = AXIS2_PLACEMENT_3D('',#9568,#9569,#9570);
#9568 = CARTESIAN_POINT('',(-7.,129.25255499478,338.73741355146));
#9569 = DIRECTION('',(0.,0.481269814992,-0.876572509937));
#9570 = DIRECTION('',(0.,-0.876572509937,-0.481269814992));
#9571 = DEFINITIONAL_REPRESENTATION('',(#9572),#9575);
#9572 = B_SPLINE_CURVE_WITH_KNOTS('',1,(#9573,#9574),.UNSPECIFIED.,.F.,
  .F.,(2,2),(-2.991639386955,1.008501887588),.PIECEWISE_BEZIER_KNOTS.);
#9573 = CARTESIAN_POINT('',(2.01652697264,-4.));
#9574 = CARTESIAN_POINT('',(1.982908282836,1.963059525343E-16));
#9575 = ( GEOMETRIC_REPRESENTATION_CONTEXT(2) 
PARAMETRIC_REPRESENTATION_CONTEXT() REPRESENTATION_CONTEXT('2D SPACE',''
  ) );
#9576 = ORIENTED_EDGE('',*,*,#9577,.T.);
#9577 = EDGE_CURVE('',#9552,#8929,#9578,.T.);
#9578 = SURFACE_CURVE('',#9579,(#9583,#9589),.PCURVE_S1.);
#9579 = LINE('',#9580,#9581);
#9580 = CARTESIAN_POINT('',(-3.,123.20929339673,346.2422714897));
#9581 = VECTOR('',#9582,1.);
#9582 = DIRECTION('',(-0.,-0.45040927604,0.892822201817));
#9583 = PCURVE('',#8945,#9584);
#9584 = DEFINITIONAL_REPRESENTATION('',(#9585),#9588);
#9585 = B_SPLINE_CURVE_WITH_KNOTS('',1,(#9586,#9587),.UNSPECIFIED.,.F.,
  .F.,(2,2),(-10.5619429927,-4.983816020448),.PIECEWISE_BEZIER_KNOTS.);
#9586 = CARTESIAN_POINT('',(-1.961921885936,-1.078076897398));
#9587 = CARTESIAN_POINT('',(-1.985557565359,4.5));
#9588 = ( GEOMETRIC_REPRESENTATION_CONTEXT(2) 
PARAMETRIC_REPRESENTATION_CONTEXT() REPRESENTATION_CONTEXT('2D SPACE',''
  ) );
#9589 = PCURVE('',#8977,#9590);
#9590 = DEFINITIONAL_REPRESENTATION('',(#9591),#9594);
#9591 = B_SPLINE_CURVE_WITH_KNOTS('',1,(#9592,#9593),.UNSPECIFIED.,.F.,
  .F.,(2,2),(-10.5619429927,-4.983816020448),.PIECEWISE_BEZIER_KNOTS.);
#9592 = CARTESIAN_POINT('',(-9.962113855724,-17.43583808071));
#9593 = CARTESIAN_POINT('',(-7.44967372449,-12.45556247533));
#9594 = ( GEOMETRIC_REPRESENTATION_CONTEXT(2) 
PARAMETRIC_REPRESENTATION_CONTEXT() REPRESENTATION_CONTEXT('2D SPACE',''
  ) );
#9595 = ADVANCED_FACE('',(#9596),#9042,.T.);
#9596 = FACE_BOUND('',#9597,.T.);
#9597 = EDGE_LOOP('',(#9598,#9599,#9622,#9650,#9678,#9715,#9743,#9771,
    #9799,#9820));
#9598 = ORIENTED_EDGE('',*,*,#9022,.F.);
#9599 = ORIENTED_EDGE('',*,*,#9600,.T.);
#9600 = EDGE_CURVE('',#8990,#9601,#9603,.T.);
#9601 = VERTEX_POINT('',#9602);
#9602 = CARTESIAN_POINT('',(-7.,122.47541439873,342.77349906997));
#9603 = SURFACE_CURVE('',#9604,(#9608,#9615),.PCURVE_S1.);
#9604 = LINE('',#9605,#9606);
#9605 = CARTESIAN_POINT('',(-7.,125.74626495503,336.81233429149));
#9606 = VECTOR('',#9607,1.);
#9607 = DIRECTION('',(0.,-0.481038910966,0.876699244973));
#9608 = PCURVE('',#9042,#9609);
#9609 = DEFINITIONAL_REPRESENTATION('',(#9610),#9614);
#9610 = LINE('',#9611,#9612);
#9611 = CARTESIAN_POINT('',(-7.741888317101,-17.43583808071));
#9612 = VECTOR('',#9613,1.);
#9613 = DIRECTION('',(0.481038910966,0.876699244973));
#9614 = ( GEOMETRIC_REPRESENTATION_CONTEXT(2) 
PARAMETRIC_REPRESENTATION_CONTEXT() REPRESENTATION_CONTEXT('2D SPACE',''
  ) );
#9615 = PCURVE('',#9010,#9616);
#9616 = DEFINITIONAL_REPRESENTATION('',(#9617),#9621);
#9617 = LINE('',#9618,#9619);
#9618 = CARTESIAN_POINT('',(0.,0.));
#9619 = VECTOR('',#9620,1.);
#9620 = DIRECTION('',(1.,0.));
#9621 = ( GEOMETRIC_REPRESENTATION_CONTEXT(2) 
PARAMETRIC_REPRESENTATION_CONTEXT() REPRESENTATION_CONTEXT('2D SPACE',''
  ) );
#9622 = ORIENTED_EDGE('',*,*,#9623,.T.);
#9623 = EDGE_CURVE('',#9601,#9624,#9626,.T.);
#9624 = VERTEX_POINT('',#9625);
#9625 = CARTESIAN_POINT('',(-7.,116.70962613918,351.44855209199));
#9626 = SURFACE_CURVE('',#9627,(#9631,#9638),.PCURVE_S1.);
#9627 = LINE('',#9628,#9629);
#9628 = CARTESIAN_POINT('',(-7.,122.47541439873,342.77349906997));
#9629 = VECTOR('',#9630,1.);
#9630 = DIRECTION('',(0.,-0.553531194624,0.832828443665));
#9631 = PCURVE('',#9042,#9632);
#9632 = DEFINITIONAL_REPRESENTATION('',(#9633),#9637);
#9633 = LINE('',#9634,#9635);
#9634 = CARTESIAN_POINT('',(-4.471037760806,-11.47467330224));
#9635 = VECTOR('',#9636,1.);
#9636 = DIRECTION('',(0.553531194624,0.832828443665));
#9637 = ( GEOMETRIC_REPRESENTATION_CONTEXT(2) 
PARAMETRIC_REPRESENTATION_CONTEXT() REPRESENTATION_CONTEXT('2D SPACE',''
  ) );
#9638 = PCURVE('',#9639,#9644);
#9639 = PLANE('',#9640);
#9640 = AXIS2_PLACEMENT_3D('',#9641,#9642,#9643);
#9641 = CARTESIAN_POINT('',(-7.,122.47541439873,342.77349906997));
#9642 = DIRECTION('',(0.,-0.832828443665,-0.553531194624));
#9643 = DIRECTION('',(0.,-0.553531194624,0.832828443665));
#9644 = DEFINITIONAL_REPRESENTATION('',(#9645),#9649);
#9645 = LINE('',#9646,#9647);
#9646 = CARTESIAN_POINT('',(0.,0.));
#9647 = VECTOR('',#9648,1.);
#9648 = DIRECTION('',(1.,0.));
#9649 = ( GEOMETRIC_REPRESENTATION_CONTEXT(2) 
PARAMETRIC_REPRESENTATION_CONTEXT() REPRESENTATION_CONTEXT('2D SPACE',''
  ) );
#9650 = ORIENTED_EDGE('',*,*,#9651,.T.);
#9651 = EDGE_CURVE('',#9624,#9652,#9654,.T.);
#9652 = VERTEX_POINT('',#9653);
#9653 = CARTESIAN_POINT('',(-7.,109.29679991862,366.00881679275));
#9654 = SURFACE_CURVE('',#9655,(#9659,#9666),.PCURVE_S1.);
#9655 = LINE('',#9656,#9657);
#9656 = CARTESIAN_POINT('',(-7.,116.70962613918,351.44855209199));
#9657 = VECTOR('',#9658,1.);
#9658 = DIRECTION('',(0.,-0.45369897529,0.891155003252));
#9659 = PCURVE('',#9042,#9660);
#9660 = DEFINITIONAL_REPRESENTATION('',(#9661),#9665);
#9661 = LINE('',#9662,#9663);
#9662 = CARTESIAN_POINT('',(1.294750498749,-2.799620280216));
#9663 = VECTOR('',#9664,1.);
#9664 = DIRECTION('',(0.45369897529,0.891155003252));
#9665 = ( GEOMETRIC_REPRESENTATION_CONTEXT(2) 
PARAMETRIC_REPRESENTATION_CONTEXT() REPRESENTATION_CONTEXT('2D SPACE',''
  ) );
#9666 = PCURVE('',#9667,#9672);
#9667 = PLANE('',#9668);
#9668 = AXIS2_PLACEMENT_3D('',#9669,#9670,#9671);
#9669 = CARTESIAN_POINT('',(-7.,116.70962613918,351.44855209199));
#9670 = DIRECTION('',(0.,-0.891155003252,-0.45369897529));
#9671 = DIRECTION('',(0.,-0.45369897529,0.891155003252));
#9672 = DEFINITIONAL_REPRESENTATION('',(#9673),#9677);
#9673 = LINE('',#9674,#9675);
#9674 = CARTESIAN_POINT('',(0.,0.));
#9675 = VECTOR('',#9676,1.);
#9676 = DIRECTION('',(1.,0.));
#9677 = ( GEOMETRIC_REPRESENTATION_CONTEXT(2) 
PARAMETRIC_REPRESENTATION_CONTEXT() REPRESENTATION_CONTEXT('2D SPACE',''
  ) );
#9678 = ORIENTED_EDGE('',*,*,#9679,.T.);
#9679 = EDGE_CURVE('',#9652,#9680,#9682,.T.);
#9680 = VERTEX_POINT('',#9681);
#9681 = CARTESIAN_POINT('',(-7.,112.86039280895,367.82236450162));
#9682 = SURFACE_CURVE('',#9683,(#9688,#9699),.PCURVE_S1.);
#9683 = CIRCLE('',#9684,5.);
#9684 = AXIS2_PLACEMENT_3D('',#9685,#9686,#9687);
#9685 = CARTESIAN_POINT('',(-7.,109.,371.));
#9686 = DIRECTION('',(1.,-0.,2.22044604925E-16));
#9687 = DIRECTION('',(2.22044604925E-16,0.,-1.));
#9688 = PCURVE('',#9042,#9689);
#9689 = DEFINITIONAL_REPRESENTATION('',(#9690),#9698);
#9690 = ( BOUNDED_CURVE() B_SPLINE_CURVE(2,(#9691,#9692,#9693,#9694,
#9695,#9696,#9697),.UNSPECIFIED.,.T.,.F.) B_SPLINE_CURVE_WITH_KNOTS((1,2
    ,2,2,2,1),(-2.094395102393,0.,2.094395102393,4.188790204786,
6.28318530718,8.377580409573),.UNSPECIFIED.) CURVE() 
GEOMETRIC_REPRESENTATION_ITEM() RATIONAL_B_SPLINE_CURVE((1.,0.5,1.,0.5,
1.,0.5,1.)) REPRESENTATION_ITEM('') );
#9691 = CARTESIAN_POINT('',(9.004376637932,11.75182762779));
#9692 = CARTESIAN_POINT('',(0.344122600088,11.75182762779));
#9693 = CARTESIAN_POINT('',(4.67424961901,19.25182762779));
#9694 = CARTESIAN_POINT('',(9.004376637932,26.75182762779));
#9695 = CARTESIAN_POINT('',(13.334503656854,19.25182762779));
#9696 = CARTESIAN_POINT('',(17.664630675776,11.75182762779));
#9697 = CARTESIAN_POINT('',(9.004376637932,11.75182762779));
#9698 = ( GEOMETRIC_REPRESENTATION_CONTEXT(2) 
PARAMETRIC_REPRESENTATION_CONTEXT() REPRESENTATION_CONTEXT('2D SPACE',''
  ) );
#9699 = PCURVE('',#9700,#9705);
#9700 = PLANE('',#9701);
#9701 = AXIS2_PLACEMENT_3D('',#9702,#9703,#9704);
#9702 = CARTESIAN_POINT('',(-7.,118.00437663793,354.24817237221));
#9703 = DIRECTION('',(-1.,0.,-0.));
#9704 = DIRECTION('',(0.,-1.,0.));
#9705 = DEFINITIONAL_REPRESENTATION('',(#9706),#9714);
#9706 = ( BOUNDED_CURVE() B_SPLINE_CURVE(2,(#9707,#9708,#9709,#9710,
#9711,#9712,#9713),.UNSPECIFIED.,.T.,.F.) B_SPLINE_CURVE_WITH_KNOTS((1,2
    ,2,2,2,1),(-2.094395102393,0.,2.094395102393,4.188790204786,
6.28318530718,8.377580409573),.UNSPECIFIED.) CURVE() 
GEOMETRIC_REPRESENTATION_ITEM() RATIONAL_B_SPLINE_CURVE((1.,0.5,1.,0.5,
1.,0.5,1.)) REPRESENTATION_ITEM('') );
#9707 = CARTESIAN_POINT('',(9.004376637932,11.75182762779));
#9708 = CARTESIAN_POINT('',(0.344122600088,11.75182762779));
#9709 = CARTESIAN_POINT('',(4.67424961901,19.25182762779));
#9710 = CARTESIAN_POINT('',(9.004376637932,26.75182762779));
#9711 = CARTESIAN_POINT('',(13.334503656854,19.25182762779));
#9712 = CARTESIAN_POINT('',(17.664630675776,11.75182762779));
#9713 = CARTESIAN_POINT('',(9.004376637932,11.75182762779));
#9714 = ( GEOMETRIC_REPRESENTATION_CONTEXT(2) 
PARAMETRIC_REPRESENTATION_CONTEXT() REPRESENTATION_CONTEXT('2D SPACE',''
  ) );
#9715 = ORIENTED_EDGE('',*,*,#9716,.T.);
#9716 = EDGE_CURVE('',#9680,#9717,#9719,.T.);
#9717 = VERTEX_POINT('',#9718);
#9718 = CARTESIAN_POINT('',(-7.,120.16337918234,353.46637019995));
#9719 = SURFACE_CURVE('',#9720,(#9724,#9731),.PCURVE_S1.);
#9720 = LINE('',#9721,#9722);
#9721 = CARTESIAN_POINT('',(-7.,110.78245583969,371.90711144824));
#9722 = VECTOR('',#9723,1.);
#9723 = DIRECTION('',(0.,0.453410855641,-0.891301630194));
#9724 = PCURVE('',#9042,#9725);
#9725 = DEFINITIONAL_REPRESENTATION('',(#9726),#9730);
#9726 = LINE('',#9727,#9728);
#9727 = CARTESIAN_POINT('',(7.221920798236,17.658939076034));
#9728 = VECTOR('',#9729,1.);
#9729 = DIRECTION('',(-0.453410855641,-0.891301630194));
#9730 = ( GEOMETRIC_REPRESENTATION_CONTEXT(2) 
PARAMETRIC_REPRESENTATION_CONTEXT() REPRESENTATION_CONTEXT('2D SPACE',''
  ) );
#9731 = PCURVE('',#9732,#9737);
#9732 = PLANE('',#9733);
#9733 = AXIS2_PLACEMENT_3D('',#9734,#9735,#9736);
#9734 = CARTESIAN_POINT('',(-7.,110.78245583969,371.90711144824));
#9735 = DIRECTION('',(-0.,0.891301630194,0.453410855641));
#9736 = DIRECTION('',(0.,0.453410855641,-0.891301630194));
#9737 = DEFINITIONAL_REPRESENTATION('',(#9738),#9742);
#9738 = LINE('',#9739,#9740);
#9739 = CARTESIAN_POINT('',(0.,0.));
#9740 = VECTOR('',#9741,1.);
#9741 = DIRECTION('',(1.,0.));
#9742 = ( GEOMETRIC_REPRESENTATION_CONTEXT(2) 
PARAMETRIC_REPRESENTATION_CONTEXT() REPRESENTATION_CONTEXT('2D SPACE',''
  ) );
#9743 = ORIENTED_EDGE('',*,*,#9744,.T.);
#9744 = EDGE_CURVE('',#9717,#9745,#9747,.T.);
#9745 = VERTEX_POINT('',#9746);
#9746 = CARTESIAN_POINT('',(-7.,125.8971133284,344.84520764858));
#9747 = SURFACE_CURVE('',#9748,(#9752,#9759),.PCURVE_S1.);
#9748 = LINE('',#9749,#9750);
#9749 = CARTESIAN_POINT('',(-7.,120.16337918234,353.46637019995));
#9750 = VECTOR('',#9751,1.);
#9751 = DIRECTION('',(0.,0.55378329851,-0.832660830285));
#9752 = PCURVE('',#9042,#9753);
#9753 = DEFINITIONAL_REPRESENTATION('',(#9754),#9758);
#9754 = LINE('',#9755,#9756);
#9755 = CARTESIAN_POINT('',(-2.159002544417,-0.781802172254));
#9756 = VECTOR('',#9757,1.);
#9757 = DIRECTION('',(-0.55378329851,-0.832660830285));
#9758 = ( GEOMETRIC_REPRESENTATION_CONTEXT(2) 
PARAMETRIC_REPRESENTATION_CONTEXT() REPRESENTATION_CONTEXT('2D SPACE',''
  ) );
#9759 = PCURVE('',#9760,#9765);
#9760 = PLANE('',#9761);
#9761 = AXIS2_PLACEMENT_3D('',#9762,#9763,#9764);
#9762 = CARTESIAN_POINT('',(-7.,120.16337918234,353.46637019995));
#9763 = DIRECTION('',(-0.,0.832660830285,0.55378329851));
#9764 = DIRECTION('',(0.,0.55378329851,-0.832660830285));
#9765 = DEFINITIONAL_REPRESENTATION('',(#9766),#9770);
#9766 = LINE('',#9767,#9768);
#9767 = CARTESIAN_POINT('',(0.,0.));
#9768 = VECTOR('',#9769,1.);
#9769 = DIRECTION('',(1.,0.));
#9770 = ( GEOMETRIC_REPRESENTATION_CONTEXT(2) 
PARAMETRIC_REPRESENTATION_CONTEXT() REPRESENTATION_CONTEXT('2D SPACE',''
  ) );
#9771 = ORIENTED_EDGE('',*,*,#9772,.T.);
#9772 = EDGE_CURVE('',#9745,#9773,#9775,.T.);
#9773 = VERTEX_POINT('',#9774);
#9774 = CARTESIAN_POINT('',(-7.,129.25255499478,338.73741355146));
#9775 = SURFACE_CURVE('',#9776,(#9780,#9787),.PCURVE_S1.);
#9776 = LINE('',#9777,#9778);
#9777 = CARTESIAN_POINT('',(-7.,125.8971133284,344.84520764858));
#9778 = VECTOR('',#9779,1.);
#9779 = DIRECTION('',(0.,0.481495079161,-0.876448794137));
#9780 = PCURVE('',#9042,#9781);
#9781 = DEFINITIONAL_REPRESENTATION('',(#9782),#9786);
#9782 = LINE('',#9783,#9784);
#9783 = CARTESIAN_POINT('',(-7.892736690477,-9.40296472363));
#9784 = VECTOR('',#9785,1.);
#9785 = DIRECTION('',(-0.481495079161,-0.876448794137));
#9786 = ( GEOMETRIC_REPRESENTATION_CONTEXT(2) 
PARAMETRIC_REPRESENTATION_CONTEXT() REPRESENTATION_CONTEXT('2D SPACE',''
  ) );
#9787 = PCURVE('',#9788,#9793);
#9788 = PLANE('',#9789);
#9789 = AXIS2_PLACEMENT_3D('',#9790,#9791,#9792);
#9790 = CARTESIAN_POINT('',(-7.,125.8971133284,344.84520764858));
#9791 = DIRECTION('',(-0.,0.876448794137,0.481495079161));
#9792 = DIRECTION('',(0.,0.481495079161,-0.876448794137));
#9793 = DEFINITIONAL_REPRESENTATION('',(#9794),#9798);
#9794 = LINE('',#9795,#9796);
#9795 = CARTESIAN_POINT('',(0.,0.));
#9796 = VECTOR('',#9797,1.);
#9797 = DIRECTION('',(1.,0.));
#9798 = ( GEOMETRIC_REPRESENTATION_CONTEXT(2) 
PARAMETRIC_REPRESENTATION_CONTEXT() REPRESENTATION_CONTEXT('2D SPACE',''
  ) );
#9799 = ORIENTED_EDGE('',*,*,#9800,.T.);
#9800 = EDGE_CURVE('',#9773,#9531,#9801,.T.);
#9801 = SURFACE_CURVE('',#9802,(#9806,#9813),.PCURVE_S1.);
#9802 = LINE('',#9803,#9804);
#9803 = CARTESIAN_POINT('',(-7.,129.25255499478,338.73741355146));
#9804 = VECTOR('',#9805,1.);
#9805 = DIRECTION('',(0.,-0.876572509937,-0.481269814992));
#9806 = PCURVE('',#9042,#9807);
#9807 = DEFINITIONAL_REPRESENTATION('',(#9808),#9812);
#9808 = LINE('',#9809,#9810);
#9809 = CARTESIAN_POINT('',(-11.24817835685,-15.51075882074));
#9810 = VECTOR('',#9811,1.);
#9811 = DIRECTION('',(0.876572509937,-0.481269814992));
#9812 = ( GEOMETRIC_REPRESENTATION_CONTEXT(2) 
PARAMETRIC_REPRESENTATION_CONTEXT() REPRESENTATION_CONTEXT('2D SPACE',''
  ) );
#9813 = PCURVE('',#9566,#9814);
#9814 = DEFINITIONAL_REPRESENTATION('',(#9815),#9819);
#9815 = LINE('',#9816,#9817);
#9816 = CARTESIAN_POINT('',(0.,0.));
#9817 = VECTOR('',#9818,1.);
#9818 = DIRECTION('',(1.,0.));
#9819 = ( GEOMETRIC_REPRESENTATION_CONTEXT(2) 
PARAMETRIC_REPRESENTATION_CONTEXT() REPRESENTATION_CONTEXT('2D SPACE',''
  ) );
#9820 = ORIENTED_EDGE('',*,*,#9530,.T.);
#9821 = ADVANCED_FACE('',(#9822),#9010,.T.);
#9822 = FACE_BOUND('',#9823,.T.);
#9823 = EDGE_LOOP('',(#9824,#9825,#9826,#9849));
#9824 = ORIENTED_EDGE('',*,*,#9600,.F.);
#9825 = ORIENTED_EDGE('',*,*,#8989,.F.);
#9826 = ORIENTED_EDGE('',*,*,#9827,.T.);
#9827 = EDGE_CURVE('',#8958,#9828,#9830,.T.);
#9828 = VERTEX_POINT('',#9829);
#9829 = CARTESIAN_POINT('',(-3.,122.47541439873,342.77349906997));
#9830 = SURFACE_CURVE('',#9831,(#9835,#9842),.PCURVE_S1.);
#9831 = LINE('',#9832,#9833);
#9832 = CARTESIAN_POINT('',(-3.,125.74626495503,336.81233429149));
#9833 = VECTOR('',#9834,1.);
#9834 = DIRECTION('',(0.,-0.481038910966,0.876699244973));
#9835 = PCURVE('',#9010,#9836);
#9836 = DEFINITIONAL_REPRESENTATION('',(#9837),#9841);
#9837 = LINE('',#9838,#9839);
#9838 = CARTESIAN_POINT('',(0.,-4.));
#9839 = VECTOR('',#9840,1.);
#9840 = DIRECTION('',(1.,0.));
#9841 = ( GEOMETRIC_REPRESENTATION_CONTEXT(2) 
PARAMETRIC_REPRESENTATION_CONTEXT() REPRESENTATION_CONTEXT('2D SPACE',''
  ) );
#9842 = PCURVE('',#8977,#9843);
#9843 = DEFINITIONAL_REPRESENTATION('',(#9844),#9848);
#9844 = LINE('',#9845,#9846);
#9845 = CARTESIAN_POINT('',(-7.741888317101,-17.43583808071));
#9846 = VECTOR('',#9847,1.);
#9847 = DIRECTION('',(0.481038910966,0.876699244973));
#9848 = ( GEOMETRIC_REPRESENTATION_CONTEXT(2) 
PARAMETRIC_REPRESENTATION_CONTEXT() REPRESENTATION_CONTEXT('2D SPACE',''
  ) );
#9849 = ORIENTED_EDGE('',*,*,#9850,.F.);
#9850 = EDGE_CURVE('',#9601,#9828,#9851,.T.);
#9851 = SURFACE_CURVE('',#9852,(#9856,#9863),.PCURVE_S1.);
#9852 = LINE('',#9853,#9854);
#9853 = CARTESIAN_POINT('',(-7.,122.47541439873,342.77349906997));
#9854 = VECTOR('',#9855,1.);
#9855 = DIRECTION('',(1.,0.,0.));
#9856 = PCURVE('',#9010,#9857);
#9857 = DEFINITIONAL_REPRESENTATION('',(#9858),#9862);
#9858 = LINE('',#9859,#9860);
#9859 = CARTESIAN_POINT('',(6.799555049983,0.));
#9860 = VECTOR('',#9861,1.);
#9861 = DIRECTION('',(0.,-1.));
#9862 = ( GEOMETRIC_REPRESENTATION_CONTEXT(2) 
PARAMETRIC_REPRESENTATION_CONTEXT() REPRESENTATION_CONTEXT('2D SPACE',''
  ) );
#9863 = PCURVE('',#9639,#9864);
#9864 = DEFINITIONAL_REPRESENTATION('',(#9865),#9869);
#9865 = LINE('',#9866,#9867);
#9866 = CARTESIAN_POINT('',(0.,0.));
#9867 = VECTOR('',#9868,1.);
#9868 = DIRECTION('',(0.,-1.));
#9869 = ( GEOMETRIC_REPRESENTATION_CONTEXT(2) 
PARAMETRIC_REPRESENTATION_CONTEXT() REPRESENTATION_CONTEXT('2D SPACE',''
  ) );
#9870 = ADVANCED_FACE('',(#9871),#8977,.F.);
#9871 = FACE_BOUND('',#9872,.F.);
#9872 = EDGE_LOOP('',(#9873,#9874,#9875,#9898,#9921,#9958,#9981,#10004,
    #10027,#10048));
#9873 = ORIENTED_EDGE('',*,*,#8957,.F.);
#9874 = ORIENTED_EDGE('',*,*,#9827,.T.);
#9875 = ORIENTED_EDGE('',*,*,#9876,.T.);
#9876 = EDGE_CURVE('',#9828,#9877,#9879,.T.);
#9877 = VERTEX_POINT('',#9878);
#9878 = CARTESIAN_POINT('',(-3.,116.70962613918,351.44855209199));
#9879 = SURFACE_CURVE('',#9880,(#9884,#9891),.PCURVE_S1.);
#9880 = LINE('',#9881,#9882);
#9881 = CARTESIAN_POINT('',(-3.,122.47541439873,342.77349906997));
#9882 = VECTOR('',#9883,1.);
#9883 = DIRECTION('',(0.,-0.553531194624,0.832828443665));
#9884 = PCURVE('',#8977,#9885);
#9885 = DEFINITIONAL_REPRESENTATION('',(#9886),#9890);
#9886 = LINE('',#9887,#9888);
#9887 = CARTESIAN_POINT('',(-4.471037760806,-11.47467330224));
#9888 = VECTOR('',#9889,1.);
#9889 = DIRECTION('',(0.553531194624,0.832828443665));
#9890 = ( GEOMETRIC_REPRESENTATION_CONTEXT(2) 
PARAMETRIC_REPRESENTATION_CONTEXT() REPRESENTATION_CONTEXT('2D SPACE',''
  ) );
#9891 = PCURVE('',#9639,#9892);
#9892 = DEFINITIONAL_REPRESENTATION('',(#9893),#9897);
#9893 = LINE('',#9894,#9895);
#9894 = CARTESIAN_POINT('',(0.,-4.));
#9895 = VECTOR('',#9896,1.);
#9896 = DIRECTION('',(1.,0.));
#9897 = ( GEOMETRIC_REPRESENTATION_CONTEXT(2) 
PARAMETRIC_REPRESENTATION_CONTEXT() REPRESENTATION_CONTEXT('2D SPACE',''
  ) );
#9898 = ORIENTED_EDGE('',*,*,#9899,.T.);
#9899 = EDGE_CURVE('',#9877,#9900,#9902,.T.);
#9900 = VERTEX_POINT('',#9901);
#9901 = CARTESIAN_POINT('',(-3.,109.29679991862,366.00881679275));
#9902 = SURFACE_CURVE('',#9903,(#9907,#9914),.PCURVE_S1.);
#9903 = LINE('',#9904,#9905);
#9904 = CARTESIAN_POINT('',(-3.,116.70962613918,351.44855209199));
#9905 = VECTOR('',#9906,1.);
#9906 = DIRECTION('',(0.,-0.45369897529,0.891155003252));
#9907 = PCURVE('',#8977,#9908);
#9908 = DEFINITIONAL_REPRESENTATION('',(#9909),#9913);
#9909 = LINE('',#9910,#9911);
#9910 = CARTESIAN_POINT('',(1.294750498749,-2.799620280216));
#9911 = VECTOR('',#9912,1.);
#9912 = DIRECTION('',(0.45369897529,0.891155003252));
#9913 = ( GEOMETRIC_REPRESENTATION_CONTEXT(2) 
PARAMETRIC_REPRESENTATION_CONTEXT() REPRESENTATION_CONTEXT('2D SPACE',''
  ) );
#9914 = PCURVE('',#9667,#9915);
#9915 = DEFINITIONAL_REPRESENTATION('',(#9916),#9920);
#9916 = LINE('',#9917,#9918);
#9917 = CARTESIAN_POINT('',(0.,-4.));
#9918 = VECTOR('',#9919,1.);
#9919 = DIRECTION('',(1.,0.));
#9920 = ( GEOMETRIC_REPRESENTATION_CONTEXT(2) 
PARAMETRIC_REPRESENTATION_CONTEXT() REPRESENTATION_CONTEXT('2D SPACE',''
  ) );
#9921 = ORIENTED_EDGE('',*,*,#9922,.T.);
#9922 = EDGE_CURVE('',#9900,#9923,#9925,.T.);
#9923 = VERTEX_POINT('',#9924);
#9924 = CARTESIAN_POINT('',(-3.,112.86039280895,367.82236450162));
#9925 = SURFACE_CURVE('',#9926,(#9931,#9942),.PCURVE_S1.);
#9926 = CIRCLE('',#9927,5.);
#9927 = AXIS2_PLACEMENT_3D('',#9928,#9929,#9930);
#9928 = CARTESIAN_POINT('',(-3.,109.,371.));
#9929 = DIRECTION('',(1.,-0.,2.22044604925E-16));
#9930 = DIRECTION('',(2.22044604925E-16,0.,-1.));
#9931 = PCURVE('',#8977,#9932);
#9932 = DEFINITIONAL_REPRESENTATION('',(#9933),#9941);
#9933 = ( BOUNDED_CURVE() B_SPLINE_CURVE(2,(#9934,#9935,#9936,#9937,
#9938,#9939,#9940),.UNSPECIFIED.,.T.,.F.) B_SPLINE_CURVE_WITH_KNOTS((1,2
    ,2,2,2,1),(-2.094395102393,0.,2.094395102393,4.188790204786,
6.28318530718,8.377580409573),.UNSPECIFIED.) CURVE() 
GEOMETRIC_REPRESENTATION_ITEM() RATIONAL_B_SPLINE_CURVE((1.,0.5,1.,0.5,
1.,0.5,1.)) REPRESENTATION_ITEM('') );
#9934 = CARTESIAN_POINT('',(9.004376637932,11.75182762779));
#9935 = CARTESIAN_POINT('',(0.344122600088,11.75182762779));
#9936 = CARTESIAN_POINT('',(4.67424961901,19.25182762779));
#9937 = CARTESIAN_POINT('',(9.004376637932,26.75182762779));
#9938 = CARTESIAN_POINT('',(13.334503656854,19.25182762779));
#9939 = CARTESIAN_POINT('',(17.664630675776,11.75182762779));
#9940 = CARTESIAN_POINT('',(9.004376637932,11.75182762779));
#9941 = ( GEOMETRIC_REPRESENTATION_CONTEXT(2) 
PARAMETRIC_REPRESENTATION_CONTEXT() REPRESENTATION_CONTEXT('2D SPACE',''
  ) );
#9942 = PCURVE('',#9943,#9948);
#9943 = PLANE('',#9944);
#9944 = AXIS2_PLACEMENT_3D('',#9945,#9946,#9947);
#9945 = CARTESIAN_POINT('',(-3.,118.00437663793,354.24817237221));
#9946 = DIRECTION('',(-1.,0.,-0.));
#9947 = DIRECTION('',(0.,-1.,0.));
#9948 = DEFINITIONAL_REPRESENTATION('',(#9949),#9957);
#9949 = ( BOUNDED_CURVE() B_SPLINE_CURVE(2,(#9950,#9951,#9952,#9953,
#9954,#9955,#9956),.UNSPECIFIED.,.T.,.F.) B_SPLINE_CURVE_WITH_KNOTS((1,2
    ,2,2,2,1),(-2.094395102393,0.,2.094395102393,4.188790204786,
6.28318530718,8.377580409573),.UNSPECIFIED.) CURVE() 
GEOMETRIC_REPRESENTATION_ITEM() RATIONAL_B_SPLINE_CURVE((1.,0.5,1.,0.5,
1.,0.5,1.)) REPRESENTATION_ITEM('') );
#9950 = CARTESIAN_POINT('',(9.004376637932,11.75182762779));
#9951 = CARTESIAN_POINT('',(0.344122600088,11.75182762779));
#9952 = CARTESIAN_POINT('',(4.67424961901,19.25182762779));
#9953 = CARTESIAN_POINT('',(9.004376637932,26.75182762779));
#9954 = CARTESIAN_POINT('',(13.334503656854,19.25182762779));
#9955 = CARTESIAN_POINT('',(17.664630675776,11.75182762779));
#9956 = CARTESIAN_POINT('',(9.004376637932,11.75182762779));
#9957 = ( GEOMETRIC_REPRESENTATION_CONTEXT(2) 
PARAMETRIC_REPRESENTATION_CONTEXT() REPRESENTATION_CONTEXT('2D SPACE',''
  ) );
#9958 = ORIENTED_EDGE('',*,*,#9959,.T.);
#9959 = EDGE_CURVE('',#9923,#9960,#9962,.T.);
#9960 = VERTEX_POINT('',#9961);
#9961 = CARTESIAN_POINT('',(-3.,120.16337918234,353.46637019995));
#9962 = SURFACE_CURVE('',#9963,(#9967,#9974),.PCURVE_S1.);
#9963 = LINE('',#9964,#9965);
#9964 = CARTESIAN_POINT('',(-3.,110.78245583969,371.90711144824));
#9965 = VECTOR('',#9966,1.);
#9966 = DIRECTION('',(0.,0.453410855641,-0.891301630194));
#9967 = PCURVE('',#8977,#9968);
#9968 = DEFINITIONAL_REPRESENTATION('',(#9969),#9973);
#9969 = LINE('',#9970,#9971);
#9970 = CARTESIAN_POINT('',(7.221920798236,17.658939076034));
#9971 = VECTOR('',#9972,1.);
#9972 = DIRECTION('',(-0.453410855641,-0.891301630194));
#9973 = ( GEOMETRIC_REPRESENTATION_CONTEXT(2) 
PARAMETRIC_REPRESENTATION_CONTEXT() REPRESENTATION_CONTEXT('2D SPACE',''
  ) );
#9974 = PCURVE('',#9732,#9975);
#9975 = DEFINITIONAL_REPRESENTATION('',(#9976),#9980);
#9976 = LINE('',#9977,#9978);
#9977 = CARTESIAN_POINT('',(0.,-4.));
#9978 = VECTOR('',#9979,1.);
#9979 = DIRECTION('',(1.,0.));
#9980 = ( GEOMETRIC_REPRESENTATION_CONTEXT(2) 
PARAMETRIC_REPRESENTATION_CONTEXT() REPRESENTATION_CONTEXT('2D SPACE',''
  ) );
#9981 = ORIENTED_EDGE('',*,*,#9982,.T.);
#9982 = EDGE_CURVE('',#9960,#9983,#9985,.T.);
#9983 = VERTEX_POINT('',#9984);
#9984 = CARTESIAN_POINT('',(-3.,125.8971133284,344.84520764858));
#9985 = SURFACE_CURVE('',#9986,(#9990,#9997),.PCURVE_S1.);
#9986 = LINE('',#9987,#9988);
#9987 = CARTESIAN_POINT('',(-3.,120.16337918234,353.46637019995));
#9988 = VECTOR('',#9989,1.);
#9989 = DIRECTION('',(0.,0.55378329851,-0.832660830285));
#9990 = PCURVE('',#8977,#9991);
#9991 = DEFINITIONAL_REPRESENTATION('',(#9992),#9996);
#9992 = LINE('',#9993,#9994);
#9993 = CARTESIAN_POINT('',(-2.159002544417,-0.781802172254));
#9994 = VECTOR('',#9995,1.);
#9995 = DIRECTION('',(-0.55378329851,-0.832660830285));
#9996 = ( GEOMETRIC_REPRESENTATION_CONTEXT(2) 
PARAMETRIC_REPRESENTATION_CONTEXT() REPRESENTATION_CONTEXT('2D SPACE',''
  ) );
#9997 = PCURVE('',#9760,#9998);
#9998 = DEFINITIONAL_REPRESENTATION('',(#9999),#10003);
#9999 = LINE('',#10000,#10001);
#10000 = CARTESIAN_POINT('',(0.,-4.));
#10001 = VECTOR('',#10002,1.);
#10002 = DIRECTION('',(1.,0.));
#10003 = ( GEOMETRIC_REPRESENTATION_CONTEXT(2) 
PARAMETRIC_REPRESENTATION_CONTEXT() REPRESENTATION_CONTEXT('2D SPACE',''
  ) );
#10004 = ORIENTED_EDGE('',*,*,#10005,.T.);
#10005 = EDGE_CURVE('',#9983,#10006,#10008,.T.);
#10006 = VERTEX_POINT('',#10007);
#10007 = CARTESIAN_POINT('',(-3.,129.25255499478,338.73741355146));
#10008 = SURFACE_CURVE('',#10009,(#10013,#10020),.PCURVE_S1.);
#10009 = LINE('',#10010,#10011);
#10010 = CARTESIAN_POINT('',(-3.,125.8971133284,344.84520764858));
#10011 = VECTOR('',#10012,1.);
#10012 = DIRECTION('',(0.,0.481495079161,-0.876448794137));
#10013 = PCURVE('',#8977,#10014);
#10014 = DEFINITIONAL_REPRESENTATION('',(#10015),#10019);
#10015 = LINE('',#10016,#10017);
#10016 = CARTESIAN_POINT('',(-7.892736690477,-9.40296472363));
#10017 = VECTOR('',#10018,1.);
#10018 = DIRECTION('',(-0.481495079161,-0.876448794137));
#10019 = ( GEOMETRIC_REPRESENTATION_CONTEXT(2) 
PARAMETRIC_REPRESENTATION_CONTEXT() REPRESENTATION_CONTEXT('2D SPACE',''
  ) );
#10020 = PCURVE('',#9788,#10021);
#10021 = DEFINITIONAL_REPRESENTATION('',(#10022),#10026);
#10022 = LINE('',#10023,#10024);
#10023 = CARTESIAN_POINT('',(0.,-4.));
#10024 = VECTOR('',#10025,1.);
#10025 = DIRECTION('',(1.,0.));
#10026 = ( GEOMETRIC_REPRESENTATION_CONTEXT(2) 
PARAMETRIC_REPRESENTATION_CONTEXT() REPRESENTATION_CONTEXT('2D SPACE',''
  ) );
#10027 = ORIENTED_EDGE('',*,*,#10028,.T.);
#10028 = EDGE_CURVE('',#10006,#9552,#10029,.T.);
#10029 = SURFACE_CURVE('',#10030,(#10034,#10041),.PCURVE_S1.);
#10030 = LINE('',#10031,#10032);
#10031 = CARTESIAN_POINT('',(-3.,129.25255499478,338.73741355146));
#10032 = VECTOR('',#10033,1.);
#10033 = DIRECTION('',(0.,-0.876572509937,-0.481269814992));
#10034 = PCURVE('',#8977,#10035);
#10035 = DEFINITIONAL_REPRESENTATION('',(#10036),#10040);
#10036 = LINE('',#10037,#10038);
#10037 = CARTESIAN_POINT('',(-11.24817835685,-15.51075882074));
#10038 = VECTOR('',#10039,1.);
#10039 = DIRECTION('',(0.876572509937,-0.481269814992));
#10040 = ( GEOMETRIC_REPRESENTATION_CONTEXT(2) 
PARAMETRIC_REPRESENTATION_CONTEXT() REPRESENTATION_CONTEXT('2D SPACE',''
  ) );
#10041 = PCURVE('',#9566,#10042);
#10042 = DEFINITIONAL_REPRESENTATION('',(#10043),#10047);
#10043 = LINE('',#10044,#10045);
#10044 = CARTESIAN_POINT('',(0.,-4.));
#10045 = VECTOR('',#10046,1.);
#10046 = DIRECTION('',(1.,0.));
#10047 = ( GEOMETRIC_REPRESENTATION_CONTEXT(2) 
PARAMETRIC_REPRESENTATION_CONTEXT() REPRESENTATION_CONTEXT('2D SPACE',''
  ) );
#10048 = ORIENTED_EDGE('',*,*,#9577,.T.);
#10049 = ADVANCED_FACE('',(#10050),#9375,.T.);
#10050 = FACE_BOUND('',#10051,.T.);
#10051 = EDGE_LOOP('',(#10052,#10053,#10054,#10075,#10101));
#10052 = ORIENTED_EDGE('',*,*,#9358,.T.);
#10053 = ORIENTED_EDGE('',*,*,#9485,.T.);
#10054 = ORIENTED_EDGE('',*,*,#10055,.F.);
#10055 = EDGE_CURVE('',#10056,#9454,#10058,.T.);
#10056 = VERTEX_POINT('',#10057);
#10057 = CARTESIAN_POINT('',(25.,123.56888527255,342.24041057153));
#10058 = SURFACE_CURVE('',#10059,(#10063,#10069),.PCURVE_S1.);
#10059 = LINE('',#10060,#10061);
#10060 = CARTESIAN_POINT('',(25.,119.60385451635,349.30036169379));
#10061 = VECTOR('',#10062,1.);
#10062 = DIRECTION('',(-0.,-0.489680246624,0.871902090871));
#10063 = PCURVE('',#9375,#10064);
#10064 = DEFINITIONAL_REPRESENTATION('',(#10065),#10068);
#10065 = B_SPLINE_CURVE_WITH_KNOTS('',1,(#10066,#10067),.UNSPECIFIED.,
  .F.,.F.,(2,2),(-9.622377161041,-3.900780953932),
  .PIECEWISE_BEZIER_KNOTS.);
#10066 = CARTESIAN_POINT('',(2.981795604416,-1.187566064729));
#10067 = CARTESIAN_POINT('',(2.358694154769,4.5));
#10068 = ( GEOMETRIC_REPRESENTATION_CONTEXT(2) 
PARAMETRIC_REPRESENTATION_CONTEXT() REPRESENTATION_CONTEXT('2D SPACE',''
  ) );
#10069 = PCURVE('',#9473,#10070);
#10070 = DEFINITIONAL_REPRESENTATION('',(#10071),#10074);
#10071 = B_SPLINE_CURVE_WITH_KNOTS('',1,(#10072,#10073),.UNSPECIFIED.,
  .F.,.F.,(2,2),(-9.622377161041,-3.900780953932),
  .PIECEWISE_BEZIER_KNOTS.);
#10072 = CARTESIAN_POINT('',(-9.356571239648,-15.09090958883));
#10073 = CARTESIAN_POINT('',(-6.554818597866,-10.10223789273));
#10074 = ( GEOMETRIC_REPRESENTATION_CONTEXT(2) 
PARAMETRIC_REPRESENTATION_CONTEXT() REPRESENTATION_CONTEXT('2D SPACE',''
  ) );
#10075 = ORIENTED_EDGE('',*,*,#10076,.F.);
#10076 = EDGE_CURVE('',#10077,#10056,#10079,.T.);
#10077 = VERTEX_POINT('',#10078);
#10078 = CARTESIAN_POINT('',(29.,122.8893012055,341.8257997141));
#10079 = SURFACE_CURVE('',#10080,(#10084,#10090),.PCURVE_S1.);
#10080 = LINE('',#10081,#10082);
#10081 = CARTESIAN_POINT('',(26.251664339165,123.356232487,
    342.11067216531));
#10082 = VECTOR('',#10083,1.);
#10083 = DIRECTION('',(-0.98076527417,0.166628113462,0.101658982816));
#10084 = PCURVE('',#9375,#10085);
#10085 = DEFINITIONAL_REPRESENTATION('',(#10086),#10089);
#10086 = B_SPLINE_CURVE_WITH_KNOTS('',1,(#10087,#10088),.UNSPECIFIED.,
  .F.,.F.,(2,2),(-2.802235900085,1.276211925657),
  .PIECEWISE_BEZIER_KNOTS.);
#10087 = CARTESIAN_POINT('',(-1.235265444942,-0.144139928179));
#10088 = CARTESIAN_POINT('',(2.815696771264,0.328556369844));
#10089 = ( GEOMETRIC_REPRESENTATION_CONTEXT(2) 
PARAMETRIC_REPRESENTATION_CONTEXT() REPRESENTATION_CONTEXT('2D SPACE',''
  ) );
#10090 = PCURVE('',#10091,#10096);
#10091 = PLANE('',#10092);
#10092 = AXIS2_PLACEMENT_3D('',#10093,#10094,#10095);
#10093 = CARTESIAN_POINT('',(25.,124.80386279307,342.99386421106));
#10094 = DIRECTION('',(0.,0.520818320784,-0.853667544619));
#10095 = DIRECTION('',(0.,-0.853667544619,-0.520818320784));
#10096 = DEFINITIONAL_REPRESENTATION('',(#10097),#10100);
#10097 = B_SPLINE_CURVE_WITH_KNOTS('',1,(#10098,#10099),.UNSPECIFIED.,
  .F.,.F.,(2,2),(-2.802235900085,1.276211925657),
  .PIECEWISE_BEZIER_KNOTS.);
#10098 = CARTESIAN_POINT('',(2.242748479365,-4.));
#10099 = CARTESIAN_POINT('',(1.446672686931,2.055538587664E-16));
#10100 = ( GEOMETRIC_REPRESENTATION_CONTEXT(2) 
PARAMETRIC_REPRESENTATION_CONTEXT() REPRESENTATION_CONTEXT('2D SPACE',''
  ) );
#10101 = ORIENTED_EDGE('',*,*,#10102,.T.);
#10102 = EDGE_CURVE('',#10077,#9359,#10103,.T.);
#10103 = SURFACE_CURVE('',#10104,(#10108,#10114),.PCURVE_S1.);
#10104 = LINE('',#10105,#10106);
#10105 = CARTESIAN_POINT('',(29.,118.91020625482,348.91079289319));
#10106 = VECTOR('',#10107,1.);
#10107 = DIRECTION('',(-0.,-0.489680246624,0.871902090871));
#10108 = PCURVE('',#9375,#10109);
#10109 = DEFINITIONAL_REPRESENTATION('',(#10110),#10113);
#10110 = B_SPLINE_CURVE_WITH_KNOTS('',1,(#10111,#10112),.UNSPECIFIED.,
  .F.,.F.,(2,2),(-9.17557378177,-3.453977574661),
  .PIECEWISE_BEZIER_KNOTS.);
#10111 = CARTESIAN_POINT('',(-1.120952867139,-1.187566064729));
#10112 = CARTESIAN_POINT('',(-1.744054316786,4.5));
#10113 = ( GEOMETRIC_REPRESENTATION_CONTEXT(2) 
PARAMETRIC_REPRESENTATION_CONTEXT() REPRESENTATION_CONTEXT('2D SPACE',''
  ) );
#10114 = PCURVE('',#9407,#10115);
#10115 = DEFINITIONAL_REPRESENTATION('',(#10116),#10119);
#10116 = B_SPLINE_CURVE_WITH_KNOTS('',1,(#10117,#10118),.UNSPECIFIED.,
  .F.,.F.,(2,2),(-9.17557378177,-3.453977574661),
  .PIECEWISE_BEZIER_KNOTS.);
#10117 = CARTESIAN_POINT('',(-8.444132189162,-15.09090958883));
#10118 = CARTESIAN_POINT('',(-5.64237954738,-10.10223789273));
#10119 = ( GEOMETRIC_REPRESENTATION_CONTEXT(2) 
PARAMETRIC_REPRESENTATION_CONTEXT() REPRESENTATION_CONTEXT('2D SPACE',''
  ) );
#10120 = ADVANCED_FACE('',(#10121),#9473,.T.);
#10121 = FACE_BOUND('',#10122,.T.);
#10122 = EDGE_LOOP('',(#10123,#10124,#10147,#10175,#10203,#10240,#10272,
    #10300,#10328,#10356,#10377));
#10123 = ORIENTED_EDGE('',*,*,#9453,.F.);
#10124 = ORIENTED_EDGE('',*,*,#10125,.T.);
#10125 = EDGE_CURVE('',#9420,#10126,#10128,.T.);
#10126 = VERTEX_POINT('',#10127);
#10127 = CARTESIAN_POINT('',(25.,117.41910763632,347.42188886474));
#10128 = SURFACE_CURVE('',#10129,(#10133,#10140),.PCURVE_S1.);
#10129 = LINE('',#10130,#10131);
#10130 = CARTESIAN_POINT('',(25.,121.3891926146,340.91059092792));
#10131 = VECTOR('',#10132,1.);
#10132 = DIRECTION('',(0.,-0.520586524672,0.853808919097));
#10133 = PCURVE('',#9473,#10134);
#10134 = DEFINITIONAL_REPRESENTATION('',(#10135),#10139);
#10135 = LINE('',#10136,#10137);
#10136 = CARTESIAN_POINT('',(-6.430021316565,-15.09090958883));
#10137 = VECTOR('',#10138,1.);
#10138 = DIRECTION('',(0.520586524672,0.853808919097));
#10139 = ( GEOMETRIC_REPRESENTATION_CONTEXT(2) 
PARAMETRIC_REPRESENTATION_CONTEXT() REPRESENTATION_CONTEXT('2D SPACE',''
  ) );
#10140 = PCURVE('',#9441,#10141);
#10141 = DEFINITIONAL_REPRESENTATION('',(#10142),#10146);
#10142 = LINE('',#10143,#10144);
#10143 = CARTESIAN_POINT('',(0.,0.));
#10144 = VECTOR('',#10145,1.);
#10145 = DIRECTION('',(1.,0.));
#10146 = ( GEOMETRIC_REPRESENTATION_CONTEXT(2) 
PARAMETRIC_REPRESENTATION_CONTEXT() REPRESENTATION_CONTEXT('2D SPACE',''
  ) );
#10147 = ORIENTED_EDGE('',*,*,#10148,.T.);
#10148 = EDGE_CURVE('',#10126,#10149,#10151,.T.);
#10149 = VERTEX_POINT('',#10150);
#10150 = CARTESIAN_POINT('',(25.,110.56905400201,356.70581407034));
#10151 = SURFACE_CURVE('',#10152,(#10156,#10163),.PCURVE_S1.);
#10152 = LINE('',#10153,#10154);
#10153 = CARTESIAN_POINT('',(25.,117.41910763632,347.42188886474));
#10154 = VECTOR('',#10155,1.);
#10155 = DIRECTION('',(0.,-0.593719463078,0.804672106614));
#10156 = PCURVE('',#9473,#10157);
#10157 = DEFINITIONAL_REPRESENTATION('',(#10158),#10162);
#10158 = LINE('',#10159,#10160);
#10159 = CARTESIAN_POINT('',(-2.459936338282,-8.579611652016));
#10160 = VECTOR('',#10161,1.);
#10161 = DIRECTION('',(0.593719463078,0.804672106614));
#10162 = ( GEOMETRIC_REPRESENTATION_CONTEXT(2) 
PARAMETRIC_REPRESENTATION_CONTEXT() REPRESENTATION_CONTEXT('2D SPACE',''
  ) );
#10163 = PCURVE('',#10164,#10169);
#10164 = PLANE('',#10165);
#10165 = AXIS2_PLACEMENT_3D('',#10166,#10167,#10168);
#10166 = CARTESIAN_POINT('',(25.,117.41910763632,347.42188886474));
#10167 = DIRECTION('',(0.,-0.804672106614,-0.593719463078));
#10168 = DIRECTION('',(0.,-0.593719463078,0.804672106614));
#10169 = DEFINITIONAL_REPRESENTATION('',(#10170),#10174);
#10170 = LINE('',#10171,#10172);
#10171 = CARTESIAN_POINT('',(0.,0.));
#10172 = VECTOR('',#10173,1.);
#10173 = DIRECTION('',(1.,0.));
#10174 = ( GEOMETRIC_REPRESENTATION_CONTEXT(2) 
PARAMETRIC_REPRESENTATION_CONTEXT() REPRESENTATION_CONTEXT('2D SPACE',''
  ) );
#10175 = ORIENTED_EDGE('',*,*,#10176,.T.);
#10176 = EDGE_CURVE('',#10149,#10177,#10179,.T.);
#10177 = VERTEX_POINT('',#10178);
#10178 = CARTESIAN_POINT('',(25.,108.19032692622,366.06599255031));
#10179 = SURFACE_CURVE('',#10180,(#10184,#10191),.PCURVE_S1.);
#10180 = LINE('',#10181,#10182);
#10181 = CARTESIAN_POINT('',(25.,110.56905400201,356.70581407034));
#10182 = VECTOR('',#10183,1.);
#10183 = DIRECTION('',(0.,-0.246303531603,0.969192741574));
#10184 = PCURVE('',#9473,#10185);
#10185 = DEFINITIONAL_REPRESENTATION('',(#10186),#10190);
#10186 = LINE('',#10187,#10188);
#10187 = CARTESIAN_POINT('',(4.39011729602,0.704313553584));
#10188 = VECTOR('',#10189,1.);
#10189 = DIRECTION('',(0.246303531603,0.969192741574));
#10190 = ( GEOMETRIC_REPRESENTATION_CONTEXT(2) 
PARAMETRIC_REPRESENTATION_CONTEXT() REPRESENTATION_CONTEXT('2D SPACE',''
  ) );
#10191 = PCURVE('',#10192,#10197);
#10192 = PLANE('',#10193);
#10193 = AXIS2_PLACEMENT_3D('',#10194,#10195,#10196);
#10194 = CARTESIAN_POINT('',(25.,110.56905400201,356.70581407034));
#10195 = DIRECTION('',(0.,-0.969192741574,-0.246303531603));
#10196 = DIRECTION('',(0.,-0.246303531603,0.969192741574));
#10197 = DEFINITIONAL_REPRESENTATION('',(#10198),#10202);
#10198 = LINE('',#10199,#10200);
#10199 = CARTESIAN_POINT('',(0.,0.));
#10200 = VECTOR('',#10201,1.);
#10201 = DIRECTION('',(1.,0.));
#10202 = ( GEOMETRIC_REPRESENTATION_CONTEXT(2) 
PARAMETRIC_REPRESENTATION_CONTEXT() REPRESENTATION_CONTEXT('2D SPACE',''
  ) );
#10203 = ORIENTED_EDGE('',*,*,#10204,.T.);
#10204 = EDGE_CURVE('',#10177,#10205,#10207,.T.);
#10205 = VERTEX_POINT('',#10206);
#10206 = CARTESIAN_POINT('',(25.,109.,366.));
#10207 = SURFACE_CURVE('',#10208,(#10213,#10224),.PCURVE_S1.);
#10208 = CIRCLE('',#10209,5.);
#10209 = AXIS2_PLACEMENT_3D('',#10210,#10211,#10212);
#10210 = CARTESIAN_POINT('',(25.,109.,371.));
#10211 = DIRECTION('',(1.,-0.,2.22044604925E-16));
#10212 = DIRECTION('',(2.22044604925E-16,0.,-1.));
#10213 = PCURVE('',#9473,#10214);
#10214 = DEFINITIONAL_REPRESENTATION('',(#10215),#10223);
#10215 = ( BOUNDED_CURVE() B_SPLINE_CURVE(2,(#10216,#10217,#10218,#10219
    ,#10220,#10221,#10222),.UNSPECIFIED.,.T.,.F.) 
B_SPLINE_CURVE_WITH_KNOTS((1,2,2,2,2,1),(-2.094395102393,0.,
    2.094395102393,4.188790204786,6.28318530718,8.377580409573),
.UNSPECIFIED.) CURVE() GEOMETRIC_REPRESENTATION_ITEM() 
RATIONAL_B_SPLINE_CURVE((1.,0.5,1.,0.5,1.,0.5,1.)) REPRESENTATION_ITEM(
  '') );
#10216 = CARTESIAN_POINT('',(5.959171298038,9.998499483236));
#10217 = CARTESIAN_POINT('',(-2.701082739806,9.998499483236));
#10218 = CARTESIAN_POINT('',(1.629044279116,17.498499483236));
#10219 = CARTESIAN_POINT('',(5.959171298038,24.998499483236));
#10220 = CARTESIAN_POINT('',(10.28929831696,17.498499483236));
#10221 = CARTESIAN_POINT('',(14.619425335882,9.998499483236));
#10222 = CARTESIAN_POINT('',(5.959171298038,9.998499483236));
#10223 = ( GEOMETRIC_REPRESENTATION_CONTEXT(2) 
PARAMETRIC_REPRESENTATION_CONTEXT() REPRESENTATION_CONTEXT('2D SPACE',''
  ) );
#10224 = PCURVE('',#10225,#10230);
#10225 = PLANE('',#10226);
#10226 = AXIS2_PLACEMENT_3D('',#10227,#10228,#10229);
#10227 = CARTESIAN_POINT('',(25.,114.95917129803,356.00150051676));
#10228 = DIRECTION('',(-1.,0.,-0.));
#10229 = DIRECTION('',(0.,-1.,0.));
#10230 = DEFINITIONAL_REPRESENTATION('',(#10231),#10239);
#10231 = ( BOUNDED_CURVE() B_SPLINE_CURVE(2,(#10232,#10233,#10234,#10235
    ,#10236,#10237,#10238),.UNSPECIFIED.,.T.,.F.) 
B_SPLINE_CURVE_WITH_KNOTS((1,2,2,2,2,1),(-2.094395102393,0.,
    2.094395102393,4.188790204786,6.28318530718,8.377580409573),
.UNSPECIFIED.) CURVE() GEOMETRIC_REPRESENTATION_ITEM() 
RATIONAL_B_SPLINE_CURVE((1.,0.5,1.,0.5,1.,0.5,1.)) REPRESENTATION_ITEM(
  '') );
#10232 = CARTESIAN_POINT('',(5.959171298038,9.998499483236));
#10233 = CARTESIAN_POINT('',(-2.701082739806,9.998499483236));
#10234 = CARTESIAN_POINT('',(1.629044279116,17.498499483236));
#10235 = CARTESIAN_POINT('',(5.959171298038,24.998499483236));
#10236 = CARTESIAN_POINT('',(10.28929831696,17.498499483236));
#10237 = CARTESIAN_POINT('',(14.619425335882,9.998499483236));
#10238 = CARTESIAN_POINT('',(5.959171298038,9.998499483236));
#10239 = ( GEOMETRIC_REPRESENTATION_CONTEXT(2) 
PARAMETRIC_REPRESENTATION_CONTEXT() REPRESENTATION_CONTEXT('2D SPACE',''
  ) );
#10240 = ORIENTED_EDGE('',*,*,#10241,.T.);
#10241 = EDGE_CURVE('',#10205,#10242,#10244,.T.);
#10242 = VERTEX_POINT('',#10243);
#10243 = CARTESIAN_POINT('',(25.,112.04511863006,367.03423998093));
#10244 = SURFACE_CURVE('',#10245,(#10250,#10261),.PCURVE_S1.);
#10245 = CIRCLE('',#10246,5.);
#10246 = AXIS2_PLACEMENT_3D('',#10247,#10248,#10249);
#10247 = CARTESIAN_POINT('',(25.,109.,371.));
#10248 = DIRECTION('',(1.,-0.,2.22044604925E-16));
#10249 = DIRECTION('',(2.22044604925E-16,0.,-1.));
#10250 = PCURVE('',#9473,#10251);
#10251 = DEFINITIONAL_REPRESENTATION('',(#10252),#10260);
#10252 = ( BOUNDED_CURVE() B_SPLINE_CURVE(2,(#10253,#10254,#10255,#10256
    ,#10257,#10258,#10259),.UNSPECIFIED.,.T.,.F.) 
B_SPLINE_CURVE_WITH_KNOTS((1,2,2,2,2,1),(-2.094395102393,0.,
    2.094395102393,4.188790204786,6.28318530718,8.377580409573),
.UNSPECIFIED.) CURVE() GEOMETRIC_REPRESENTATION_ITEM() 
RATIONAL_B_SPLINE_CURVE((1.,0.5,1.,0.5,1.,0.5,1.)) REPRESENTATION_ITEM(
  '') );
#10253 = CARTESIAN_POINT('',(5.959171298038,9.998499483236));
#10254 = CARTESIAN_POINT('',(-2.701082739806,9.998499483236));
#10255 = CARTESIAN_POINT('',(1.629044279116,17.498499483236));
#10256 = CARTESIAN_POINT('',(5.959171298038,24.998499483236));
#10257 = CARTESIAN_POINT('',(10.28929831696,17.498499483236));
#10258 = CARTESIAN_POINT('',(14.619425335882,9.998499483236));
#10259 = CARTESIAN_POINT('',(5.959171298038,9.998499483236));
#10260 = ( GEOMETRIC_REPRESENTATION_CONTEXT(2) 
PARAMETRIC_REPRESENTATION_CONTEXT() REPRESENTATION_CONTEXT('2D SPACE',''
  ) );
#10261 = PCURVE('',#10225,#10262);
#10262 = DEFINITIONAL_REPRESENTATION('',(#10263),#10271);
#10263 = ( BOUNDED_CURVE() B_SPLINE_CURVE(2,(#10264,#10265,#10266,#10267
    ,#10268,#10269,#10270),.UNSPECIFIED.,.T.,.F.) 
B_SPLINE_CURVE_WITH_KNOTS((1,2,2,2,2,1),(-2.094395102393,0.,
    2.094395102393,4.188790204786,6.28318530718,8.377580409573),
.UNSPECIFIED.) CURVE() GEOMETRIC_REPRESENTATION_ITEM() 
RATIONAL_B_SPLINE_CURVE((1.,0.5,1.,0.5,1.,0.5,1.)) REPRESENTATION_ITEM(
  '') );
#10264 = CARTESIAN_POINT('',(5.959171298038,9.998499483236));
#10265 = CARTESIAN_POINT('',(-2.701082739806,9.998499483236));
#10266 = CARTESIAN_POINT('',(1.629044279116,17.498499483236));
#10267 = CARTESIAN_POINT('',(5.959171298038,24.998499483236));
#10268 = CARTESIAN_POINT('',(10.28929831696,17.498499483236));
#10269 = CARTESIAN_POINT('',(14.619425335882,9.998499483236));
#10270 = CARTESIAN_POINT('',(5.959171298038,9.998499483236));
#10271 = ( GEOMETRIC_REPRESENTATION_CONTEXT(2) 
PARAMETRIC_REPRESENTATION_CONTEXT() REPRESENTATION_CONTEXT('2D SPACE',''
  ) );
#10272 = ORIENTED_EDGE('',*,*,#10273,.T.);
#10273 = EDGE_CURVE('',#10242,#10274,#10276,.T.);
#10274 = VERTEX_POINT('',#10275);
#10275 = CARTESIAN_POINT('',(25.,114.18379734798,358.41859851176));
#10276 = SURFACE_CURVE('',#10277,(#10281,#10288),.PCURVE_S1.);
#10277 = LINE('',#10278,#10279);
#10278 = CARTESIAN_POINT('',(25.,110.93970701363,371.48737737047));
#10279 = VECTOR('',#10280,1.);
#10280 = DIRECTION('',(0.,0.240920387654,-0.9705448814));
#10281 = PCURVE('',#9473,#10282);
#10282 = DEFINITIONAL_REPRESENTATION('',(#10283),#10287);
#10283 = LINE('',#10284,#10285);
#10284 = CARTESIAN_POINT('',(4.019464284401,15.485876853709));
#10285 = VECTOR('',#10286,1.);
#10286 = DIRECTION('',(-0.240920387654,-0.9705448814));
#10287 = ( GEOMETRIC_REPRESENTATION_CONTEXT(2) 
PARAMETRIC_REPRESENTATION_CONTEXT() REPRESENTATION_CONTEXT('2D SPACE',''
  ) );
#10288 = PCURVE('',#10289,#10294);
#10289 = PLANE('',#10290);
#10290 = AXIS2_PLACEMENT_3D('',#10291,#10292,#10293);
#10291 = CARTESIAN_POINT('',(25.,110.93970701363,371.48737737047));
#10292 = DIRECTION('',(-0.,0.9705448814,0.240920387654));
#10293 = DIRECTION('',(0.,0.240920387654,-0.9705448814));
#10294 = DEFINITIONAL_REPRESENTATION('',(#10295),#10299);
#10295 = LINE('',#10296,#10297);
#10296 = CARTESIAN_POINT('',(0.,0.));
#10297 = VECTOR('',#10298,1.);
#10298 = DIRECTION('',(1.,0.));
#10299 = ( GEOMETRIC_REPRESENTATION_CONTEXT(2) 
PARAMETRIC_REPRESENTATION_CONTEXT() REPRESENTATION_CONTEXT('2D SPACE',''
  ) );
#10300 = ORIENTED_EDGE('',*,*,#10301,.T.);
#10301 = EDGE_CURVE('',#10274,#10302,#10304,.T.);
#10302 = VERTEX_POINT('',#10303);
#10303 = CARTESIAN_POINT('',(25.,120.7354711273,349.658344363));
#10304 = SURFACE_CURVE('',#10305,(#10309,#10316),.PCURVE_S1.);
#10305 = LINE('',#10306,#10307);
#10306 = CARTESIAN_POINT('',(25.,114.18379734798,358.41859851176));
#10307 = VECTOR('',#10308,1.);
#10308 = DIRECTION('',(0.,0.598916120786,-0.800811763315));
#10309 = PCURVE('',#9473,#10310);
#10310 = DEFINITIONAL_REPRESENTATION('',(#10311),#10315);
#10311 = LINE('',#10312,#10313);
#10312 = CARTESIAN_POINT('',(0.775373950051,2.417097995005));
#10313 = VECTOR('',#10314,1.);
#10314 = DIRECTION('',(-0.598916120786,-0.800811763315));
#10315 = ( GEOMETRIC_REPRESENTATION_CONTEXT(2) 
PARAMETRIC_REPRESENTATION_CONTEXT() REPRESENTATION_CONTEXT('2D SPACE',''
  ) );
#10316 = PCURVE('',#10317,#10322);
#10317 = PLANE('',#10318);
#10318 = AXIS2_PLACEMENT_3D('',#10319,#10320,#10321);
#10319 = CARTESIAN_POINT('',(25.,114.18379734798,358.41859851176));
#10320 = DIRECTION('',(-0.,0.800811763315,0.598916120786));
#10321 = DIRECTION('',(0.,0.598916120786,-0.800811763315));
#10322 = DEFINITIONAL_REPRESENTATION('',(#10323),#10327);
#10323 = LINE('',#10324,#10325);
#10324 = CARTESIAN_POINT('',(0.,0.));
#10325 = VECTOR('',#10326,1.);
#10326 = DIRECTION('',(1.,0.));
#10327 = ( GEOMETRIC_REPRESENTATION_CONTEXT(2) 
PARAMETRIC_REPRESENTATION_CONTEXT() REPRESENTATION_CONTEXT('2D SPACE',''
  ) );
#10328 = ORIENTED_EDGE('',*,*,#10329,.T.);
#10329 = EDGE_CURVE('',#10302,#10330,#10332,.T.);
#10330 = VERTEX_POINT('',#10331);
#10331 = CARTESIAN_POINT('',(25.,124.80386279307,342.99386421106));
#10332 = SURFACE_CURVE('',#10333,(#10337,#10344),.PCURVE_S1.);
#10333 = LINE('',#10334,#10335);
#10334 = CARTESIAN_POINT('',(25.,120.7354711273,349.658344363));
#10335 = VECTOR('',#10336,1.);
#10336 = DIRECTION('',(0.,0.521044677892,-0.853529404087));
#10337 = PCURVE('',#9473,#10338);
#10338 = DEFINITIONAL_REPRESENTATION('',(#10339),#10343);
#10339 = LINE('',#10340,#10341);
#10340 = CARTESIAN_POINT('',(-5.776299829267,-6.343156153764));
#10341 = VECTOR('',#10342,1.);
#10342 = DIRECTION('',(-0.521044677892,-0.853529404087));
#10343 = ( GEOMETRIC_REPRESENTATION_CONTEXT(2) 
PARAMETRIC_REPRESENTATION_CONTEXT() REPRESENTATION_CONTEXT('2D SPACE',''
  ) );
#10344 = PCURVE('',#10345,#10350);
#10345 = PLANE('',#10346);
#10346 = AXIS2_PLACEMENT_3D('',#10347,#10348,#10349);
#10347 = CARTESIAN_POINT('',(25.,120.7354711273,349.658344363));
#10348 = DIRECTION('',(-0.,0.853529404087,0.521044677892));
#10349 = DIRECTION('',(0.,0.521044677892,-0.853529404087));
#10350 = DEFINITIONAL_REPRESENTATION('',(#10351),#10355);
#10351 = LINE('',#10352,#10353);
#10352 = CARTESIAN_POINT('',(0.,0.));
#10353 = VECTOR('',#10354,1.);
#10354 = DIRECTION('',(1.,0.));
#10355 = ( GEOMETRIC_REPRESENTATION_CONTEXT(2) 
PARAMETRIC_REPRESENTATION_CONTEXT() REPRESENTATION_CONTEXT('2D SPACE',''
  ) );
#10356 = ORIENTED_EDGE('',*,*,#10357,.T.);
#10357 = EDGE_CURVE('',#10330,#10056,#10358,.T.);
#10358 = SURFACE_CURVE('',#10359,(#10363,#10370),.PCURVE_S1.);
#10359 = LINE('',#10360,#10361);
#10360 = CARTESIAN_POINT('',(25.,124.80386279307,342.99386421106));
#10361 = VECTOR('',#10362,1.);
#10362 = DIRECTION('',(0.,-0.853667544619,-0.520818320784));
#10363 = PCURVE('',#9473,#10364);
#10364 = DEFINITIONAL_REPRESENTATION('',(#10365),#10369);
#10365 = LINE('',#10366,#10367);
#10366 = CARTESIAN_POINT('',(-9.844691495041,-13.00763630569));
#10367 = VECTOR('',#10368,1.);
#10368 = DIRECTION('',(0.853667544619,-0.520818320784));
#10369 = ( GEOMETRIC_REPRESENTATION_CONTEXT(2) 
PARAMETRIC_REPRESENTATION_CONTEXT() REPRESENTATION_CONTEXT('2D SPACE',''
  ) );
#10370 = PCURVE('',#10091,#10371);
#10371 = DEFINITIONAL_REPRESENTATION('',(#10372),#10376);
#10372 = LINE('',#10373,#10374);
#10373 = CARTESIAN_POINT('',(0.,0.));
#10374 = VECTOR('',#10375,1.);
#10375 = DIRECTION('',(1.,0.));
#10376 = ( GEOMETRIC_REPRESENTATION_CONTEXT(2) 
PARAMETRIC_REPRESENTATION_CONTEXT() REPRESENTATION_CONTEXT('2D SPACE',''
  ) );
#10377 = ORIENTED_EDGE('',*,*,#10055,.T.);
#10378 = ADVANCED_FACE('',(#10379),#9441,.T.);
#10379 = FACE_BOUND('',#10380,.T.);
#10380 = EDGE_LOOP('',(#10381,#10382,#10383,#10406));
#10381 = ORIENTED_EDGE('',*,*,#10125,.F.);
#10382 = ORIENTED_EDGE('',*,*,#9419,.F.);
#10383 = ORIENTED_EDGE('',*,*,#10384,.T.);
#10384 = EDGE_CURVE('',#9388,#10385,#10387,.T.);
#10385 = VERTEX_POINT('',#10386);
#10386 = CARTESIAN_POINT('',(29.,117.41910763632,347.42188886474));
#10387 = SURFACE_CURVE('',#10388,(#10392,#10399),.PCURVE_S1.);
#10388 = LINE('',#10389,#10390);
#10389 = CARTESIAN_POINT('',(29.,121.3891926146,340.91059092792));
#10390 = VECTOR('',#10391,1.);
#10391 = DIRECTION('',(0.,-0.520586524672,0.853808919097));
#10392 = PCURVE('',#9441,#10393);
#10393 = DEFINITIONAL_REPRESENTATION('',(#10394),#10398);
#10394 = LINE('',#10395,#10396);
#10395 = CARTESIAN_POINT('',(0.,-4.));
#10396 = VECTOR('',#10397,1.);
#10397 = DIRECTION('',(1.,0.));
#10398 = ( GEOMETRIC_REPRESENTATION_CONTEXT(2) 
PARAMETRIC_REPRESENTATION_CONTEXT() REPRESENTATION_CONTEXT('2D SPACE',''
  ) );
#10399 = PCURVE('',#9407,#10400);
#10400 = DEFINITIONAL_REPRESENTATION('',(#10401),#10405);
#10401 = LINE('',#10402,#10403);
#10402 = CARTESIAN_POINT('',(-6.430021316565,-15.09090958883));
#10403 = VECTOR('',#10404,1.);
#10404 = DIRECTION('',(0.520586524672,0.853808919097));
#10405 = ( GEOMETRIC_REPRESENTATION_CONTEXT(2) 
PARAMETRIC_REPRESENTATION_CONTEXT() REPRESENTATION_CONTEXT('2D SPACE',''
  ) );
#10406 = ORIENTED_EDGE('',*,*,#10407,.F.);
#10407 = EDGE_CURVE('',#10126,#10385,#10408,.T.);
#10408 = SURFACE_CURVE('',#10409,(#10413,#10420),.PCURVE_S1.);
#10409 = LINE('',#10410,#10411);
#10410 = CARTESIAN_POINT('',(25.,117.41910763632,347.42188886474));
#10411 = VECTOR('',#10412,1.);
#10412 = DIRECTION('',(1.,0.,0.));
#10413 = PCURVE('',#9441,#10414);
#10414 = DEFINITIONAL_REPRESENTATION('',(#10415),#10419);
#10415 = LINE('',#10416,#10417);
#10416 = CARTESIAN_POINT('',(7.626176994852,0.));
#10417 = VECTOR('',#10418,1.);
#10418 = DIRECTION('',(0.,-1.));
#10419 = ( GEOMETRIC_REPRESENTATION_CONTEXT(2) 
PARAMETRIC_REPRESENTATION_CONTEXT() REPRESENTATION_CONTEXT('2D SPACE',''
  ) );
#10420 = PCURVE('',#10164,#10421);
#10421 = DEFINITIONAL_REPRESENTATION('',(#10422),#10426);
#10422 = LINE('',#10423,#10424);
#10423 = CARTESIAN_POINT('',(0.,0.));
#10424 = VECTOR('',#10425,1.);
#10425 = DIRECTION('',(0.,-1.));
#10426 = ( GEOMETRIC_REPRESENTATION_CONTEXT(2) 
PARAMETRIC_REPRESENTATION_CONTEXT() REPRESENTATION_CONTEXT('2D SPACE',''
  ) );
#10427 = ADVANCED_FACE('',(#10428),#9407,.F.);
#10428 = FACE_BOUND('',#10429,.F.);
#10429 = EDGE_LOOP('',(#10430,#10431,#10432,#10455,#10478,#10515,#10547,
    #10570,#10593,#10616,#10637));
#10430 = ORIENTED_EDGE('',*,*,#9387,.F.);
#10431 = ORIENTED_EDGE('',*,*,#10384,.T.);
#10432 = ORIENTED_EDGE('',*,*,#10433,.T.);
#10433 = EDGE_CURVE('',#10385,#10434,#10436,.T.);
#10434 = VERTEX_POINT('',#10435);
#10435 = CARTESIAN_POINT('',(29.,110.56905400201,356.70581407034));
#10436 = SURFACE_CURVE('',#10437,(#10441,#10448),.PCURVE_S1.);
#10437 = LINE('',#10438,#10439);
#10438 = CARTESIAN_POINT('',(29.,117.41910763632,347.42188886474));
#10439 = VECTOR('',#10440,1.);
#10440 = DIRECTION('',(0.,-0.593719463078,0.804672106614));
#10441 = PCURVE('',#9407,#10442);
#10442 = DEFINITIONAL_REPRESENTATION('',(#10443),#10447);
#10443 = LINE('',#10444,#10445);
#10444 = CARTESIAN_POINT('',(-2.459936338282,-8.579611652016));
#10445 = VECTOR('',#10446,1.);
#10446 = DIRECTION('',(0.593719463078,0.804672106614));
#10447 = ( GEOMETRIC_REPRESENTATION_CONTEXT(2) 
PARAMETRIC_REPRESENTATION_CONTEXT() REPRESENTATION_CONTEXT('2D SPACE',''
  ) );
#10448 = PCURVE('',#10164,#10449);
#10449 = DEFINITIONAL_REPRESENTATION('',(#10450),#10454);
#10450 = LINE('',#10451,#10452);
#10451 = CARTESIAN_POINT('',(0.,-4.));
#10452 = VECTOR('',#10453,1.);
#10453 = DIRECTION('',(1.,0.));
#10454 = ( GEOMETRIC_REPRESENTATION_CONTEXT(2) 
PARAMETRIC_REPRESENTATION_CONTEXT() REPRESENTATION_CONTEXT('2D SPACE',''
  ) );
#10455 = ORIENTED_EDGE('',*,*,#10456,.T.);
#10456 = EDGE_CURVE('',#10434,#10457,#10459,.T.);
#10457 = VERTEX_POINT('',#10458);
#10458 = CARTESIAN_POINT('',(29.,108.19032692622,366.06599255031));
#10459 = SURFACE_CURVE('',#10460,(#10464,#10471),.PCURVE_S1.);
#10460 = LINE('',#10461,#10462);
#10461 = CARTESIAN_POINT('',(29.,110.56905400201,356.70581407034));
#10462 = VECTOR('',#10463,1.);
#10463 = DIRECTION('',(0.,-0.246303531603,0.969192741574));
#10464 = PCURVE('',#9407,#10465);
#10465 = DEFINITIONAL_REPRESENTATION('',(#10466),#10470);
#10466 = LINE('',#10467,#10468);
#10467 = CARTESIAN_POINT('',(4.39011729602,0.704313553584));
#10468 = VECTOR('',#10469,1.);
#10469 = DIRECTION('',(0.246303531603,0.969192741574));
#10470 = ( GEOMETRIC_REPRESENTATION_CONTEXT(2) 
PARAMETRIC_REPRESENTATION_CONTEXT() REPRESENTATION_CONTEXT('2D SPACE',''
  ) );
#10471 = PCURVE('',#10192,#10472);
#10472 = DEFINITIONAL_REPRESENTATION('',(#10473),#10477);
#10473 = LINE('',#10474,#10475);
#10474 = CARTESIAN_POINT('',(0.,-4.));
#10475 = VECTOR('',#10476,1.);
#10476 = DIRECTION('',(1.,0.));
#10477 = ( GEOMETRIC_REPRESENTATION_CONTEXT(2) 
PARAMETRIC_REPRESENTATION_CONTEXT() REPRESENTATION_CONTEXT('2D SPACE',''
  ) );
#10478 = ORIENTED_EDGE('',*,*,#10479,.T.);
#10479 = EDGE_CURVE('',#10457,#10480,#10482,.T.);
#10480 = VERTEX_POINT('',#10481);
#10481 = CARTESIAN_POINT('',(29.,109.,366.));
#10482 = SURFACE_CURVE('',#10483,(#10488,#10499),.PCURVE_S1.);
#10483 = CIRCLE('',#10484,5.);
#10484 = AXIS2_PLACEMENT_3D('',#10485,#10486,#10487);
#10485 = CARTESIAN_POINT('',(29.,109.,371.));
#10486 = DIRECTION('',(1.,-0.,2.22044604925E-16));
#10487 = DIRECTION('',(2.22044604925E-16,0.,-1.));
#10488 = PCURVE('',#9407,#10489);
#10489 = DEFINITIONAL_REPRESENTATION('',(#10490),#10498);
#10490 = ( BOUNDED_CURVE() B_SPLINE_CURVE(2,(#10491,#10492,#10493,#10494
    ,#10495,#10496,#10497),.UNSPECIFIED.,.T.,.F.) 
B_SPLINE_CURVE_WITH_KNOTS((1,2,2,2,2,1),(-2.094395102393,0.,
    2.094395102393,4.188790204786,6.28318530718,8.377580409573),
.UNSPECIFIED.) CURVE() GEOMETRIC_REPRESENTATION_ITEM() 
RATIONAL_B_SPLINE_CURVE((1.,0.5,1.,0.5,1.,0.5,1.)) REPRESENTATION_ITEM(
  '') );
#10491 = CARTESIAN_POINT('',(5.959171298038,9.998499483236));
#10492 = CARTESIAN_POINT('',(-2.701082739806,9.998499483236));
#10493 = CARTESIAN_POINT('',(1.629044279116,17.498499483236));
#10494 = CARTESIAN_POINT('',(5.959171298038,24.998499483236));
#10495 = CARTESIAN_POINT('',(10.28929831696,17.498499483236));
#10496 = CARTESIAN_POINT('',(14.619425335882,9.998499483236));
#10497 = CARTESIAN_POINT('',(5.959171298038,9.998499483236));
#10498 = ( GEOMETRIC_REPRESENTATION_CONTEXT(2) 
PARAMETRIC_REPRESENTATION_CONTEXT() REPRESENTATION_CONTEXT('2D SPACE',''
  ) );
#10499 = PCURVE('',#10500,#10505);
#10500 = PLANE('',#10501);
#10501 = AXIS2_PLACEMENT_3D('',#10502,#10503,#10504);
#10502 = CARTESIAN_POINT('',(29.,114.95917129803,356.00150051676));
#10503 = DIRECTION('',(-1.,0.,-0.));
#10504 = DIRECTION('',(0.,-1.,0.));
#10505 = DEFINITIONAL_REPRESENTATION('',(#10506),#10514);
#10506 = ( BOUNDED_CURVE() B_SPLINE_CURVE(2,(#10507,#10508,#10509,#10510
    ,#10511,#10512,#10513),.UNSPECIFIED.,.T.,.F.) 
B_SPLINE_CURVE_WITH_KNOTS((1,2,2,2,2,1),(-2.094395102393,0.,
    2.094395102393,4.188790204786,6.28318530718,8.377580409573),
.UNSPECIFIED.) CURVE() GEOMETRIC_REPRESENTATION_ITEM() 
RATIONAL_B_SPLINE_CURVE((1.,0.5,1.,0.5,1.,0.5,1.)) REPRESENTATION_ITEM(
  '') );
#10507 = CARTESIAN_POINT('',(5.959171298038,9.998499483236));
#10508 = CARTESIAN_POINT('',(-2.701082739806,9.998499483236));
#10509 = CARTESIAN_POINT('',(1.629044279116,17.498499483236));
#10510 = CARTESIAN_POINT('',(5.959171298038,24.998499483236));
#10511 = CARTESIAN_POINT('',(10.28929831696,17.498499483236));
#10512 = CARTESIAN_POINT('',(14.619425335882,9.998499483236));
#10513 = CARTESIAN_POINT('',(5.959171298038,9.998499483236));
#10514 = ( GEOMETRIC_REPRESENTATION_CONTEXT(2) 
PARAMETRIC_REPRESENTATION_CONTEXT() REPRESENTATION_CONTEXT('2D SPACE',''
  ) );
#10515 = ORIENTED_EDGE('',*,*,#10516,.T.);
#10516 = EDGE_CURVE('',#10480,#10517,#10519,.T.);
#10517 = VERTEX_POINT('',#10518);
#10518 = CARTESIAN_POINT('',(29.,112.04511863006,367.03423998093));
#10519 = SURFACE_CURVE('',#10520,(#10525,#10536),.PCURVE_S1.);
#10520 = CIRCLE('',#10521,5.);
#10521 = AXIS2_PLACEMENT_3D('',#10522,#10523,#10524);
#10522 = CARTESIAN_POINT('',(29.,109.,371.));
#10523 = DIRECTION('',(1.,-0.,2.22044604925E-16));
#10524 = DIRECTION('',(2.22044604925E-16,0.,-1.));
#10525 = PCURVE('',#9407,#10526);
#10526 = DEFINITIONAL_REPRESENTATION('',(#10527),#10535);
#10527 = ( BOUNDED_CURVE() B_SPLINE_CURVE(2,(#10528,#10529,#10530,#10531
    ,#10532,#10533,#10534),.UNSPECIFIED.,.T.,.F.) 
B_SPLINE_CURVE_WITH_KNOTS((1,2,2,2,2,1),(-2.094395102393,0.,
    2.094395102393,4.188790204786,6.28318530718,8.377580409573),
.UNSPECIFIED.) CURVE() GEOMETRIC_REPRESENTATION_ITEM() 
RATIONAL_B_SPLINE_CURVE((1.,0.5,1.,0.5,1.,0.5,1.)) REPRESENTATION_ITEM(
  '') );
#10528 = CARTESIAN_POINT('',(5.959171298038,9.998499483236));
#10529 = CARTESIAN_POINT('',(-2.701082739806,9.998499483236));
#10530 = CARTESIAN_POINT('',(1.629044279116,17.498499483236));
#10531 = CARTESIAN_POINT('',(5.959171298038,24.998499483236));
#10532 = CARTESIAN_POINT('',(10.28929831696,17.498499483236));
#10533 = CARTESIAN_POINT('',(14.619425335882,9.998499483236));
#10534 = CARTESIAN_POINT('',(5.959171298038,9.998499483236));
#10535 = ( GEOMETRIC_REPRESENTATION_CONTEXT(2) 
PARAMETRIC_REPRESENTATION_CONTEXT() REPRESENTATION_CONTEXT('2D SPACE',''
  ) );
#10536 = PCURVE('',#10500,#10537);
#10537 = DEFINITIONAL_REPRESENTATION('',(#10538),#10546);
#10538 = ( BOUNDED_CURVE() B_SPLINE_CURVE(2,(#10539,#10540,#10541,#10542
    ,#10543,#10544,#10545),.UNSPECIFIED.,.T.,.F.) 
B_SPLINE_CURVE_WITH_KNOTS((1,2,2,2,2,1),(-2.094395102393,0.,
    2.094395102393,4.188790204786,6.28318530718,8.377580409573),
.UNSPECIFIED.) CURVE() GEOMETRIC_REPRESENTATION_ITEM() 
RATIONAL_B_SPLINE_CURVE((1.,0.5,1.,0.5,1.,0.5,1.)) REPRESENTATION_ITEM(
  '') );
#10539 = CARTESIAN_POINT('',(5.959171298038,9.998499483236));
#10540 = CARTESIAN_POINT('',(-2.701082739806,9.998499483236));
#10541 = CARTESIAN_POINT('',(1.629044279116,17.498499483236));
#10542 = CARTESIAN_POINT('',(5.959171298038,24.998499483236));
#10543 = CARTESIAN_POINT('',(10.28929831696,17.498499483236));
#10544 = CARTESIAN_POINT('',(14.619425335882,9.998499483236));
#10545 = CARTESIAN_POINT('',(5.959171298038,9.998499483236));
#10546 = ( GEOMETRIC_REPRESENTATION_CONTEXT(2) 
PARAMETRIC_REPRESENTATION_CONTEXT() REPRESENTATION_CONTEXT('2D SPACE',''
  ) );
#10547 = ORIENTED_EDGE('',*,*,#10548,.T.);
#10548 = EDGE_CURVE('',#10517,#10549,#10551,.T.);
#10549 = VERTEX_POINT('',#10550);
#10550 = CARTESIAN_POINT('',(29.,114.18379734798,358.41859851176));
#10551 = SURFACE_CURVE('',#10552,(#10556,#10563),.PCURVE_S1.);
#10552 = LINE('',#10553,#10554);
#10553 = CARTESIAN_POINT('',(29.,110.93970701363,371.48737737047));
#10554 = VECTOR('',#10555,1.);
#10555 = DIRECTION('',(0.,0.240920387654,-0.9705448814));
#10556 = PCURVE('',#9407,#10557);
#10557 = DEFINITIONAL_REPRESENTATION('',(#10558),#10562);
#10558 = LINE('',#10559,#10560);
#10559 = CARTESIAN_POINT('',(4.019464284401,15.485876853709));
#10560 = VECTOR('',#10561,1.);
#10561 = DIRECTION('',(-0.240920387654,-0.9705448814));
#10562 = ( GEOMETRIC_REPRESENTATION_CONTEXT(2) 
PARAMETRIC_REPRESENTATION_CONTEXT() REPRESENTATION_CONTEXT('2D SPACE',''
  ) );
#10563 = PCURVE('',#10289,#10564);
#10564 = DEFINITIONAL_REPRESENTATION('',(#10565),#10569);
#10565 = LINE('',#10566,#10567);
#10566 = CARTESIAN_POINT('',(0.,-4.));
#10567 = VECTOR('',#10568,1.);
#10568 = DIRECTION('',(1.,0.));
#10569 = ( GEOMETRIC_REPRESENTATION_CONTEXT(2) 
PARAMETRIC_REPRESENTATION_CONTEXT() REPRESENTATION_CONTEXT('2D SPACE',''
  ) );
#10570 = ORIENTED_EDGE('',*,*,#10571,.T.);
#10571 = EDGE_CURVE('',#10549,#10572,#10574,.T.);
#10572 = VERTEX_POINT('',#10573);
#10573 = CARTESIAN_POINT('',(29.,120.7354711273,349.658344363));
#10574 = SURFACE_CURVE('',#10575,(#10579,#10586),.PCURVE_S1.);
#10575 = LINE('',#10576,#10577);
#10576 = CARTESIAN_POINT('',(29.,114.18379734798,358.41859851176));
#10577 = VECTOR('',#10578,1.);
#10578 = DIRECTION('',(0.,0.598916120786,-0.800811763315));
#10579 = PCURVE('',#9407,#10580);
#10580 = DEFINITIONAL_REPRESENTATION('',(#10581),#10585);
#10581 = LINE('',#10582,#10583);
#10582 = CARTESIAN_POINT('',(0.775373950051,2.417097995005));
#10583 = VECTOR('',#10584,1.);
#10584 = DIRECTION('',(-0.598916120786,-0.800811763315));
#10585 = ( GEOMETRIC_REPRESENTATION_CONTEXT(2) 
PARAMETRIC_REPRESENTATION_CONTEXT() REPRESENTATION_CONTEXT('2D SPACE',''
  ) );
#10586 = PCURVE('',#10317,#10587);
#10587 = DEFINITIONAL_REPRESENTATION('',(#10588),#10592);
#10588 = LINE('',#10589,#10590);
#10589 = CARTESIAN_POINT('',(0.,-4.));
#10590 = VECTOR('',#10591,1.);
#10591 = DIRECTION('',(1.,0.));
#10592 = ( GEOMETRIC_REPRESENTATION_CONTEXT(2) 
PARAMETRIC_REPRESENTATION_CONTEXT() REPRESENTATION_CONTEXT('2D SPACE',''
  ) );
#10593 = ORIENTED_EDGE('',*,*,#10594,.T.);
#10594 = EDGE_CURVE('',#10572,#10595,#10597,.T.);
#10595 = VERTEX_POINT('',#10596);
#10596 = CARTESIAN_POINT('',(29.,124.80386279307,342.99386421106));
#10597 = SURFACE_CURVE('',#10598,(#10602,#10609),.PCURVE_S1.);
#10598 = LINE('',#10599,#10600);
#10599 = CARTESIAN_POINT('',(29.,120.7354711273,349.658344363));
#10600 = VECTOR('',#10601,1.);
#10601 = DIRECTION('',(0.,0.521044677892,-0.853529404087));
#10602 = PCURVE('',#9407,#10603);
#10603 = DEFINITIONAL_REPRESENTATION('',(#10604),#10608);
#10604 = LINE('',#10605,#10606);
#10605 = CARTESIAN_POINT('',(-5.776299829267,-6.343156153764));
#10606 = VECTOR('',#10607,1.);
#10607 = DIRECTION('',(-0.521044677892,-0.853529404087));
#10608 = ( GEOMETRIC_REPRESENTATION_CONTEXT(2) 
PARAMETRIC_REPRESENTATION_CONTEXT() REPRESENTATION_CONTEXT('2D SPACE',''
  ) );
#10609 = PCURVE('',#10345,#10610);
#10610 = DEFINITIONAL_REPRESENTATION('',(#10611),#10615);
#10611 = LINE('',#10612,#10613);
#10612 = CARTESIAN_POINT('',(0.,-4.));
#10613 = VECTOR('',#10614,1.);
#10614 = DIRECTION('',(1.,0.));
#10615 = ( GEOMETRIC_REPRESENTATION_CONTEXT(2) 
PARAMETRIC_REPRESENTATION_CONTEXT() REPRESENTATION_CONTEXT('2D SPACE',''
  ) );
#10616 = ORIENTED_EDGE('',*,*,#10617,.T.);
#10617 = EDGE_CURVE('',#10595,#10077,#10618,.T.);
#10618 = SURFACE_CURVE('',#10619,(#10623,#10630),.PCURVE_S1.);
#10619 = LINE('',#10620,#10621);
#10620 = CARTESIAN_POINT('',(29.,124.80386279307,342.99386421106));
#10621 = VECTOR('',#10622,1.);
#10622 = DIRECTION('',(0.,-0.853667544619,-0.520818320784));
#10623 = PCURVE('',#9407,#10624);
#10624 = DEFINITIONAL_REPRESENTATION('',(#10625),#10629);
#10625 = LINE('',#10626,#10627);
#10626 = CARTESIAN_POINT('',(-9.844691495041,-13.00763630569));
#10627 = VECTOR('',#10628,1.);
#10628 = DIRECTION('',(0.853667544619,-0.520818320784));
#10629 = ( GEOMETRIC_REPRESENTATION_CONTEXT(2) 
PARAMETRIC_REPRESENTATION_CONTEXT() REPRESENTATION_CONTEXT('2D SPACE',''
  ) );
#10630 = PCURVE('',#10091,#10631);
#10631 = DEFINITIONAL_REPRESENTATION('',(#10632),#10636);
#10632 = LINE('',#10633,#10634);
#10633 = CARTESIAN_POINT('',(0.,-4.));
#10634 = VECTOR('',#10635,1.);
#10635 = DIRECTION('',(1.,0.));
#10636 = ( GEOMETRIC_REPRESENTATION_CONTEXT(2) 
PARAMETRIC_REPRESENTATION_CONTEXT() REPRESENTATION_CONTEXT('2D SPACE',''
  ) );
#10637 = ORIENTED_EDGE('',*,*,#10102,.T.);
#10638 = ADVANCED_FACE('',(#10639),#9566,.T.);
#10639 = FACE_BOUND('',#10640,.T.);
#10640 = EDGE_LOOP('',(#10641,#10642,#10663,#10664));
#10641 = ORIENTED_EDGE('',*,*,#9800,.F.);
#10642 = ORIENTED_EDGE('',*,*,#10643,.T.);
#10643 = EDGE_CURVE('',#9773,#10006,#10644,.T.);
#10644 = SURFACE_CURVE('',#10645,(#10649,#10656),.PCURVE_S1.);
#10645 = LINE('',#10646,#10647);
#10646 = CARTESIAN_POINT('',(-7.,129.25255499478,338.73741355146));
#10647 = VECTOR('',#10648,1.);
#10648 = DIRECTION('',(1.,0.,0.));
#10649 = PCURVE('',#9566,#10650);
#10650 = DEFINITIONAL_REPRESENTATION('',(#10651),#10655);
#10651 = LINE('',#10652,#10653);
#10652 = CARTESIAN_POINT('',(0.,0.));
#10653 = VECTOR('',#10654,1.);
#10654 = DIRECTION('',(0.,-1.));
#10655 = ( GEOMETRIC_REPRESENTATION_CONTEXT(2) 
PARAMETRIC_REPRESENTATION_CONTEXT() REPRESENTATION_CONTEXT('2D SPACE',''
  ) );
#10656 = PCURVE('',#9788,#10657);
#10657 = DEFINITIONAL_REPRESENTATION('',(#10658),#10662);
#10658 = LINE('',#10659,#10660);
#10659 = CARTESIAN_POINT('',(6.968797422025,0.));
#10660 = VECTOR('',#10661,1.);
#10661 = DIRECTION('',(0.,-1.));
#10662 = ( GEOMETRIC_REPRESENTATION_CONTEXT(2) 
PARAMETRIC_REPRESENTATION_CONTEXT() REPRESENTATION_CONTEXT('2D SPACE',''
  ) );
#10663 = ORIENTED_EDGE('',*,*,#10028,.T.);
#10664 = ORIENTED_EDGE('',*,*,#9551,.T.);
#10665 = ADVANCED_FACE('',(#10666),#9788,.T.);
#10666 = FACE_BOUND('',#10667,.T.);
#10667 = EDGE_LOOP('',(#10668,#10689,#10690,#10691));
#10668 = ORIENTED_EDGE('',*,*,#10669,.T.);
#10669 = EDGE_CURVE('',#9745,#9983,#10670,.T.);
#10670 = SURFACE_CURVE('',#10671,(#10675,#10682),.PCURVE_S1.);
#10671 = LINE('',#10672,#10673);
#10672 = CARTESIAN_POINT('',(-7.,125.8971133284,344.84520764858));
#10673 = VECTOR('',#10674,1.);
#10674 = DIRECTION('',(1.,0.,0.));
#10675 = PCURVE('',#9788,#10676);
#10676 = DEFINITIONAL_REPRESENTATION('',(#10677),#10681);
#10677 = LINE('',#10678,#10679);
#10678 = CARTESIAN_POINT('',(0.,0.));
#10679 = VECTOR('',#10680,1.);
#10680 = DIRECTION('',(0.,-1.));
#10681 = ( GEOMETRIC_REPRESENTATION_CONTEXT(2) 
PARAMETRIC_REPRESENTATION_CONTEXT() REPRESENTATION_CONTEXT('2D SPACE',''
  ) );
#10682 = PCURVE('',#9760,#10683);
#10683 = DEFINITIONAL_REPRESENTATION('',(#10684),#10688);
#10684 = LINE('',#10685,#10686);
#10685 = CARTESIAN_POINT('',(10.353750576237,0.));
#10686 = VECTOR('',#10687,1.);
#10687 = DIRECTION('',(0.,-1.));
#10688 = ( GEOMETRIC_REPRESENTATION_CONTEXT(2) 
PARAMETRIC_REPRESENTATION_CONTEXT() REPRESENTATION_CONTEXT('2D SPACE',''
  ) );
#10689 = ORIENTED_EDGE('',*,*,#10005,.T.);
#10690 = ORIENTED_EDGE('',*,*,#10643,.F.);
#10691 = ORIENTED_EDGE('',*,*,#9772,.F.);
#10692 = ADVANCED_FACE('',(#10693),#9760,.T.);
#10693 = FACE_BOUND('',#10694,.T.);
#10694 = EDGE_LOOP('',(#10695,#10716,#10717,#10718));
#10695 = ORIENTED_EDGE('',*,*,#10696,.T.);
#10696 = EDGE_CURVE('',#9717,#9960,#10697,.T.);
#10697 = SURFACE_CURVE('',#10698,(#10702,#10709),.PCURVE_S1.);
#10698 = LINE('',#10699,#10700);
#10699 = CARTESIAN_POINT('',(-7.,120.16337918234,353.46637019995));
#10700 = VECTOR('',#10701,1.);
#10701 = DIRECTION('',(1.,0.,0.));
#10702 = PCURVE('',#9760,#10703);
#10703 = DEFINITIONAL_REPRESENTATION('',(#10704),#10708);
#10704 = LINE('',#10705,#10706);
#10705 = CARTESIAN_POINT('',(0.,0.));
#10706 = VECTOR('',#10707,1.);
#10707 = DIRECTION('',(0.,-1.));
#10708 = ( GEOMETRIC_REPRESENTATION_CONTEXT(2) 
PARAMETRIC_REPRESENTATION_CONTEXT() REPRESENTATION_CONTEXT('2D SPACE',''
  ) );
#10709 = PCURVE('',#9732,#10710);
#10710 = DEFINITIONAL_REPRESENTATION('',(#10711),#10715);
#10711 = LINE('',#10712,#10713);
#10712 = CARTESIAN_POINT('',(20.689675216084,0.));
#10713 = VECTOR('',#10714,1.);
#10714 = DIRECTION('',(0.,-1.));
#10715 = ( GEOMETRIC_REPRESENTATION_CONTEXT(2) 
PARAMETRIC_REPRESENTATION_CONTEXT() REPRESENTATION_CONTEXT('2D SPACE',''
  ) );
#10716 = ORIENTED_EDGE('',*,*,#9982,.T.);
#10717 = ORIENTED_EDGE('',*,*,#10669,.F.);
#10718 = ORIENTED_EDGE('',*,*,#9744,.F.);
#10719 = ADVANCED_FACE('',(#10720),#9732,.T.);
#10720 = FACE_BOUND('',#10721,.T.);
#10721 = EDGE_LOOP('',(#10722,#10723,#10747,#10748));
#10722 = ORIENTED_EDGE('',*,*,#9716,.F.);
#10723 = ORIENTED_EDGE('',*,*,#10724,.T.);
#10724 = EDGE_CURVE('',#9680,#9923,#10725,.T.);
#10725 = SURFACE_CURVE('',#10726,(#10730,#10736),.PCURVE_S1.);
#10726 = LINE('',#10727,#10728);
#10727 = CARTESIAN_POINT('',(-7.,112.86039280895,367.82236450162));
#10728 = VECTOR('',#10729,1.);
#10729 = DIRECTION('',(1.,0.,2.22044604925E-16));
#10730 = PCURVE('',#9732,#10731);
#10731 = DEFINITIONAL_REPRESENTATION('',(#10732),#10735);
#10732 = B_SPLINE_CURVE_WITH_KNOTS('',1,(#10733,#10734),.UNSPECIFIED.,
  .F.,.F.,(2,2),(-5.999999999062E-07,4.0000006),
  .PIECEWISE_BEZIER_KNOTS.);
#10733 = CARTESIAN_POINT('',(4.582900791656,5.999999990181E-07));
#10734 = CARTESIAN_POINT('',(4.582900791656,-4.0000006));
#10735 = ( GEOMETRIC_REPRESENTATION_CONTEXT(2) 
PARAMETRIC_REPRESENTATION_CONTEXT() REPRESENTATION_CONTEXT('2D SPACE',''
  ) );
#10736 = PCURVE('',#10737,#10742);
#10737 = CYLINDRICAL_SURFACE('',#10738,5.);
#10738 = AXIS2_PLACEMENT_3D('',#10739,#10740,#10741);
#10739 = CARTESIAN_POINT('',(-7.,109.,371.));
#10740 = DIRECTION('',(1.,0.,2.22044604925E-16));
#10741 = DIRECTION('',(2.22044604925E-16,0.,-1.));
#10742 = DEFINITIONAL_REPRESENTATION('',(#10743),#10746);
#10743 = B_SPLINE_CURVE_WITH_KNOTS('',1,(#10744,#10745),.UNSPECIFIED.,
  .F.,.F.,(2,2),(-5.999999999062E-07,4.0000006),
  .PIECEWISE_BEZIER_KNOTS.);
#10744 = CARTESIAN_POINT('',(0.882105296298,-5.999999997236E-07));
#10745 = CARTESIAN_POINT('',(0.882105296298,4.0000006));
#10746 = ( GEOMETRIC_REPRESENTATION_CONTEXT(2) 
PARAMETRIC_REPRESENTATION_CONTEXT() REPRESENTATION_CONTEXT('2D SPACE',''
  ) );
#10747 = ORIENTED_EDGE('',*,*,#9959,.T.);
#10748 = ORIENTED_EDGE('',*,*,#10696,.F.);
#10749 = ADVANCED_FACE('',(#10750),#9700,.T.);
#10750 = FACE_BOUND('',#10751,.T.);
#10751 = EDGE_LOOP('',(#10752,#10753,#10781,#10814,#10842));
#10752 = ORIENTED_EDGE('',*,*,#9679,.F.);
#10753 = ORIENTED_EDGE('',*,*,#10754,.T.);
#10754 = EDGE_CURVE('',#9652,#10755,#10757,.T.);
#10755 = VERTEX_POINT('',#10756);
#10756 = CARTESIAN_POINT('',(-7.,107.81958974171,368.9103513161));
#10757 = SURFACE_CURVE('',#10758,(#10762,#10769),.PCURVE_S1.);
#10758 = LINE('',#10759,#10760);
#10759 = CARTESIAN_POINT('',(-7.,116.70962613918,351.44855209199));
#10760 = VECTOR('',#10761,1.);
#10761 = DIRECTION('',(0.,-0.45369897529,0.891155003252));
#10762 = PCURVE('',#9700,#10763);
#10763 = DEFINITIONAL_REPRESENTATION('',(#10764),#10768);
#10764 = LINE('',#10765,#10766);
#10765 = CARTESIAN_POINT('',(1.294750498749,-2.799620280216));
#10766 = VECTOR('',#10767,1.);
#10767 = DIRECTION('',(0.45369897529,0.891155003252));
#10768 = ( GEOMETRIC_REPRESENTATION_CONTEXT(2) 
PARAMETRIC_REPRESENTATION_CONTEXT() REPRESENTATION_CONTEXT('2D SPACE',''
  ) );
#10769 = PCURVE('',#10770,#10775);
#10770 = PLANE('',#10771);
#10771 = AXIS2_PLACEMENT_3D('',#10772,#10773,#10774);
#10772 = CARTESIAN_POINT('',(-7.,109.,371.));
#10773 = DIRECTION('',(1.,0.,2.22044604925E-16));
#10774 = DIRECTION('',(2.22044604925E-16,0.,-1.));
#10775 = DEFINITIONAL_REPRESENTATION('',(#10776),#10780);
#10776 = LINE('',#10777,#10778);
#10777 = CARTESIAN_POINT('',(19.551447908006,7.709626139183));
#10778 = VECTOR('',#10779,1.);
#10779 = DIRECTION('',(-0.891155003252,-0.45369897529));
#10780 = ( GEOMETRIC_REPRESENTATION_CONTEXT(2) 
PARAMETRIC_REPRESENTATION_CONTEXT() REPRESENTATION_CONTEXT('2D SPACE',''
  ) );
#10781 = ORIENTED_EDGE('',*,*,#10782,.T.);
#10782 = EDGE_CURVE('',#10755,#10783,#10785,.T.);
#10783 = VERTEX_POINT('',#10784);
#10784 = CARTESIAN_POINT('',(-7.,109.,368.6));
#10785 = SURFACE_CURVE('',#10786,(#10791,#10802),.PCURVE_S1.);
#10786 = CIRCLE('',#10787,2.4);
#10787 = AXIS2_PLACEMENT_3D('',#10788,#10789,#10790);
#10788 = CARTESIAN_POINT('',(-7.,109.,371.));
#10789 = DIRECTION('',(1.,0.,2.22044604925E-16));
#10790 = DIRECTION('',(2.22044604925E-16,0.,-1.));
#10791 = PCURVE('',#9700,#10792);
#10792 = DEFINITIONAL_REPRESENTATION('',(#10793),#10801);
#10793 = ( BOUNDED_CURVE() B_SPLINE_CURVE(2,(#10794,#10795,#10796,#10797
    ,#10798,#10799,#10800),.UNSPECIFIED.,.T.,.F.) 
B_SPLINE_CURVE_WITH_KNOTS((1,2,2,2,2,1),(-2.094395102393,0.,
    2.094395102393,4.188790204786,6.28318530718,8.377580409573),
.UNSPECIFIED.) CURVE() GEOMETRIC_REPRESENTATION_ITEM() 
RATIONAL_B_SPLINE_CURVE((1.,0.5,1.,0.5,1.,0.5,1.)) REPRESENTATION_ITEM(
  '') );
#10794 = CARTESIAN_POINT('',(9.004376637932,14.35182762779));
#10795 = CARTESIAN_POINT('',(4.847454699767,14.35182762779));
#10796 = CARTESIAN_POINT('',(6.925915668849,17.95182762779));
#10797 = CARTESIAN_POINT('',(9.004376637932,21.55182762779));
#10798 = CARTESIAN_POINT('',(11.082837607015,17.95182762779));
#10799 = CARTESIAN_POINT('',(13.161298576097,14.35182762779));
#10800 = CARTESIAN_POINT('',(9.004376637932,14.35182762779));
#10801 = ( GEOMETRIC_REPRESENTATION_CONTEXT(2) 
PARAMETRIC_REPRESENTATION_CONTEXT() REPRESENTATION_CONTEXT('2D SPACE',''
  ) );
#10802 = PCURVE('',#10803,#10808);
#10803 = CYLINDRICAL_SURFACE('',#10804,2.4);
#10804 = AXIS2_PLACEMENT_3D('',#10805,#10806,#10807);
#10805 = CARTESIAN_POINT('',(-11.,109.,371.));
#10806 = DIRECTION('',(1.,0.,2.22044604925E-16));
#10807 = DIRECTION('',(2.22044604925E-16,0.,-1.));
#10808 = DEFINITIONAL_REPRESENTATION('',(#10809),#10813);
#10809 = LINE('',#10810,#10811);
#10810 = CARTESIAN_POINT('',(0.,4.));
#10811 = VECTOR('',#10812,1.);
#10812 = DIRECTION('',(1.,0.));
#10813 = ( GEOMETRIC_REPRESENTATION_CONTEXT(2) 
PARAMETRIC_REPRESENTATION_CONTEXT() REPRESENTATION_CONTEXT('2D SPACE',''
  ) );
#10814 = ORIENTED_EDGE('',*,*,#10815,.T.);
#10815 = EDGE_CURVE('',#10783,#10816,#10818,.T.);
#10816 = VERTEX_POINT('',#10817);
#10817 = CARTESIAN_POINT('',(-7.,111.38412072851,370.72437643084));
#10818 = SURFACE_CURVE('',#10819,(#10824,#10835),.PCURVE_S1.);
#10819 = CIRCLE('',#10820,2.4);
#10820 = AXIS2_PLACEMENT_3D('',#10821,#10822,#10823);
#10821 = CARTESIAN_POINT('',(-7.,109.,371.));
#10822 = DIRECTION('',(1.,0.,2.22044604925E-16));
#10823 = DIRECTION('',(2.22044604925E-16,0.,-1.));
#10824 = PCURVE('',#9700,#10825);
#10825 = DEFINITIONAL_REPRESENTATION('',(#10826),#10834);
#10826 = ( BOUNDED_CURVE() B_SPLINE_CURVE(2,(#10827,#10828,#10829,#10830
    ,#10831,#10832,#10833),.UNSPECIFIED.,.T.,.F.) 
B_SPLINE_CURVE_WITH_KNOTS((1,2,2,2,2,1),(-2.094395102393,0.,
    2.094395102393,4.188790204786,6.28318530718,8.377580409573),
.UNSPECIFIED.) CURVE() GEOMETRIC_REPRESENTATION_ITEM() 
RATIONAL_B_SPLINE_CURVE((1.,0.5,1.,0.5,1.,0.5,1.)) REPRESENTATION_ITEM(
  '') );
#10827 = CARTESIAN_POINT('',(9.004376637932,14.35182762779));
#10828 = CARTESIAN_POINT('',(4.847454699767,14.35182762779));
#10829 = CARTESIAN_POINT('',(6.925915668849,17.95182762779));
#10830 = CARTESIAN_POINT('',(9.004376637932,21.55182762779));
#10831 = CARTESIAN_POINT('',(11.082837607015,17.95182762779));
#10832 = CARTESIAN_POINT('',(13.161298576097,14.35182762779));
#10833 = CARTESIAN_POINT('',(9.004376637932,14.35182762779));
#10834 = ( GEOMETRIC_REPRESENTATION_CONTEXT(2) 
PARAMETRIC_REPRESENTATION_CONTEXT() REPRESENTATION_CONTEXT('2D SPACE',''
  ) );
#10835 = PCURVE('',#10803,#10836);
#10836 = DEFINITIONAL_REPRESENTATION('',(#10837),#10841);
#10837 = LINE('',#10838,#10839);
#10838 = CARTESIAN_POINT('',(0.,4.));
#10839 = VECTOR('',#10840,1.);
#10840 = DIRECTION('',(1.,0.));
#10841 = ( GEOMETRIC_REPRESENTATION_CONTEXT(2) 
PARAMETRIC_REPRESENTATION_CONTEXT() REPRESENTATION_CONTEXT('2D SPACE',''
  ) );
#10842 = ORIENTED_EDGE('',*,*,#10843,.T.);
#10843 = EDGE_CURVE('',#10816,#9680,#10844,.T.);
#10844 = SURFACE_CURVE('',#10845,(#10849,#10856),.PCURVE_S1.);
#10845 = LINE('',#10846,#10847);
#10846 = CARTESIAN_POINT('',(-7.,110.78245583969,371.90711144824));
#10847 = VECTOR('',#10848,1.);
#10848 = DIRECTION('',(0.,0.453410855641,-0.891301630194));
#10849 = PCURVE('',#9700,#10850);
#10850 = DEFINITIONAL_REPRESENTATION('',(#10851),#10855);
#10851 = LINE('',#10852,#10853);
#10852 = CARTESIAN_POINT('',(7.221920798236,17.658939076034));
#10853 = VECTOR('',#10854,1.);
#10854 = DIRECTION('',(-0.453410855641,-0.891301630194));
#10855 = ( GEOMETRIC_REPRESENTATION_CONTEXT(2) 
PARAMETRIC_REPRESENTATION_CONTEXT() REPRESENTATION_CONTEXT('2D SPACE',''
  ) );
#10856 = PCURVE('',#10770,#10857);
#10857 = DEFINITIONAL_REPRESENTATION('',(#10858),#10862);
#10858 = LINE('',#10859,#10860);
#10859 = CARTESIAN_POINT('',(-0.907111448244,1.782455839696));
#10860 = VECTOR('',#10861,1.);
#10861 = DIRECTION('',(0.891301630194,0.453410855641));
#10862 = ( GEOMETRIC_REPRESENTATION_CONTEXT(2) 
PARAMETRIC_REPRESENTATION_CONTEXT() REPRESENTATION_CONTEXT('2D SPACE',''
  ) );
#10863 = ADVANCED_FACE('',(#10864),#9667,.T.);
#10864 = FACE_BOUND('',#10865,.T.);
#10865 = EDGE_LOOP('',(#10866,#10867,#10888,#10889));
#10866 = ORIENTED_EDGE('',*,*,#9651,.F.);
#10867 = ORIENTED_EDGE('',*,*,#10868,.T.);
#10868 = EDGE_CURVE('',#9624,#9877,#10869,.T.);
#10869 = SURFACE_CURVE('',#10870,(#10874,#10881),.PCURVE_S1.);
#10870 = LINE('',#10871,#10872);
#10871 = CARTESIAN_POINT('',(-7.,116.70962613918,351.44855209199));
#10872 = VECTOR('',#10873,1.);
#10873 = DIRECTION('',(1.,0.,0.));
#10874 = PCURVE('',#9667,#10875);
#10875 = DEFINITIONAL_REPRESENTATION('',(#10876),#10880);
#10876 = LINE('',#10877,#10878);
#10877 = CARTESIAN_POINT('',(0.,0.));
#10878 = VECTOR('',#10879,1.);
#10879 = DIRECTION('',(0.,-1.));
#10880 = ( GEOMETRIC_REPRESENTATION_CONTEXT(2) 
PARAMETRIC_REPRESENTATION_CONTEXT() REPRESENTATION_CONTEXT('2D SPACE',''
  ) );
#10881 = PCURVE('',#9639,#10882);
#10882 = DEFINITIONAL_REPRESENTATION('',(#10883),#10887);
#10883 = LINE('',#10884,#10885);
#10884 = CARTESIAN_POINT('',(10.416374570308,0.));
#10885 = VECTOR('',#10886,1.);
#10886 = DIRECTION('',(0.,-1.));
#10887 = ( GEOMETRIC_REPRESENTATION_CONTEXT(2) 
PARAMETRIC_REPRESENTATION_CONTEXT() REPRESENTATION_CONTEXT('2D SPACE',''
  ) );
#10888 = ORIENTED_EDGE('',*,*,#9899,.T.);
#10889 = ORIENTED_EDGE('',*,*,#10890,.F.);
#10890 = EDGE_CURVE('',#9652,#9900,#10891,.T.);
#10891 = SURFACE_CURVE('',#10892,(#10896,#10902),.PCURVE_S1.);
#10892 = LINE('',#10893,#10894);
#10893 = CARTESIAN_POINT('',(-7.,109.29679991862,366.00881679275));
#10894 = VECTOR('',#10895,1.);
#10895 = DIRECTION('',(1.,0.,2.22044604925E-16));
#10896 = PCURVE('',#9667,#10897);
#10897 = DEFINITIONAL_REPRESENTATION('',(#10898),#10901);
#10898 = B_SPLINE_CURVE_WITH_KNOTS('',1,(#10899,#10900),.UNSPECIFIED.,
  .F.,.F.,(2,2),(-5.999999999062E-07,4.0000006),
  .PIECEWISE_BEZIER_KNOTS.);
#10899 = CARTESIAN_POINT('',(16.338644397021,5.999999990181E-07));
#10900 = CARTESIAN_POINT('',(16.338644397021,-4.0000006));
#10901 = ( GEOMETRIC_REPRESENTATION_CONTEXT(2) 
PARAMETRIC_REPRESENTATION_CONTEXT() REPRESENTATION_CONTEXT('2D SPACE',''
  ) );
#10902 = PCURVE('',#10903,#10908);
#10903 = CYLINDRICAL_SURFACE('',#10904,5.);
#10904 = AXIS2_PLACEMENT_3D('',#10905,#10906,#10907);
#10905 = CARTESIAN_POINT('',(-7.,109.,371.));
#10906 = DIRECTION('',(1.,0.,2.22044604925E-16));
#10907 = DIRECTION('',(2.22044604925E-16,0.,-1.));
#10908 = DEFINITIONAL_REPRESENTATION('',(#10909),#10912);
#10909 = B_SPLINE_CURVE_WITH_KNOTS('',1,(#10910,#10911),.UNSPECIFIED.,
  .F.,.F.,(2,2),(-5.999999999062E-07,4.0000006),
  .PIECEWISE_BEZIER_KNOTS.);
#10910 = CARTESIAN_POINT('',(5.939489933256E-02,-6.000000001263E-07));
#10911 = CARTESIAN_POINT('',(5.939489933256E-02,4.0000006));
#10912 = ( GEOMETRIC_REPRESENTATION_CONTEXT(2) 
PARAMETRIC_REPRESENTATION_CONTEXT() REPRESENTATION_CONTEXT('2D SPACE',''
  ) );
#10913 = ADVANCED_FACE('',(#10914),#9639,.T.);
#10914 = FACE_BOUND('',#10915,.T.);
#10915 = EDGE_LOOP('',(#10916,#10917,#10918,#10919));
#10916 = ORIENTED_EDGE('',*,*,#9850,.T.);
#10917 = ORIENTED_EDGE('',*,*,#9876,.T.);
#10918 = ORIENTED_EDGE('',*,*,#10868,.F.);
#10919 = ORIENTED_EDGE('',*,*,#9623,.F.);
#10920 = ADVANCED_FACE('',(#10921),#9943,.F.);
#10921 = FACE_BOUND('',#10922,.F.);
#10922 = EDGE_LOOP('',(#10923,#10924,#10952,#10980,#11008));
#10923 = ORIENTED_EDGE('',*,*,#9922,.F.);
#10924 = ORIENTED_EDGE('',*,*,#10925,.T.);
#10925 = EDGE_CURVE('',#9900,#10926,#10928,.T.);
#10926 = VERTEX_POINT('',#10927);
#10927 = CARTESIAN_POINT('',(-3.,107.81958974171,368.9103513161));
#10928 = SURFACE_CURVE('',#10929,(#10933,#10940),.PCURVE_S1.);
#10929 = LINE('',#10930,#10931);
#10930 = CARTESIAN_POINT('',(-3.,116.70962613918,351.44855209199));
#10931 = VECTOR('',#10932,1.);
#10932 = DIRECTION('',(0.,-0.45369897529,0.891155003252));
#10933 = PCURVE('',#9943,#10934);
#10934 = DEFINITIONAL_REPRESENTATION('',(#10935),#10939);
#10935 = LINE('',#10936,#10937);
#10936 = CARTESIAN_POINT('',(1.294750498749,-2.799620280216));
#10937 = VECTOR('',#10938,1.);
#10938 = DIRECTION('',(0.45369897529,0.891155003252));
#10939 = ( GEOMETRIC_REPRESENTATION_CONTEXT(2) 
PARAMETRIC_REPRESENTATION_CONTEXT() REPRESENTATION_CONTEXT('2D SPACE',''
  ) );
#10940 = PCURVE('',#10941,#10946);
#10941 = PLANE('',#10942);
#10942 = AXIS2_PLACEMENT_3D('',#10943,#10944,#10945);
#10943 = CARTESIAN_POINT('',(-3.,109.,371.));
#10944 = DIRECTION('',(1.,0.,2.22044604925E-16));
#10945 = DIRECTION('',(2.22044604925E-16,0.,-1.));
#10946 = DEFINITIONAL_REPRESENTATION('',(#10947),#10951);
#10947 = LINE('',#10948,#10949);
#10948 = CARTESIAN_POINT('',(19.551447908006,7.709626139183));
#10949 = VECTOR('',#10950,1.);
#10950 = DIRECTION('',(-0.891155003252,-0.45369897529));
#10951 = ( GEOMETRIC_REPRESENTATION_CONTEXT(2) 
PARAMETRIC_REPRESENTATION_CONTEXT() REPRESENTATION_CONTEXT('2D SPACE',''
  ) );
#10952 = ORIENTED_EDGE('',*,*,#10953,.T.);
#10953 = EDGE_CURVE('',#10926,#10954,#10956,.T.);
#10954 = VERTEX_POINT('',#10955);
#10955 = CARTESIAN_POINT('',(-3.,109.,368.6));
#10956 = SURFACE_CURVE('',#10957,(#10962,#10973),.PCURVE_S1.);
#10957 = CIRCLE('',#10958,2.4);
#10958 = AXIS2_PLACEMENT_3D('',#10959,#10960,#10961);
#10959 = CARTESIAN_POINT('',(-3.,109.,371.));
#10960 = DIRECTION('',(1.,0.,2.22044604925E-16));
#10961 = DIRECTION('',(2.22044604925E-16,0.,-1.));
#10962 = PCURVE('',#9943,#10963);
#10963 = DEFINITIONAL_REPRESENTATION('',(#10964),#10972);
#10964 = ( BOUNDED_CURVE() B_SPLINE_CURVE(2,(#10965,#10966,#10967,#10968
    ,#10969,#10970,#10971),.UNSPECIFIED.,.T.,.F.) 
B_SPLINE_CURVE_WITH_KNOTS((1,2,2,2,2,1),(-2.094395102393,0.,
    2.094395102393,4.188790204786,6.28318530718,8.377580409573),
.UNSPECIFIED.) CURVE() GEOMETRIC_REPRESENTATION_ITEM() 
RATIONAL_B_SPLINE_CURVE((1.,0.5,1.,0.5,1.,0.5,1.)) REPRESENTATION_ITEM(
  '') );
#10965 = CARTESIAN_POINT('',(9.004376637932,14.35182762779));
#10966 = CARTESIAN_POINT('',(4.847454699767,14.35182762779));
#10967 = CARTESIAN_POINT('',(6.925915668849,17.95182762779));
#10968 = CARTESIAN_POINT('',(9.004376637932,21.55182762779));
#10969 = CARTESIAN_POINT('',(11.082837607015,17.95182762779));
#10970 = CARTESIAN_POINT('',(13.161298576097,14.35182762779));
#10971 = CARTESIAN_POINT('',(9.004376637932,14.35182762779));
#10972 = ( GEOMETRIC_REPRESENTATION_CONTEXT(2) 
PARAMETRIC_REPRESENTATION_CONTEXT() REPRESENTATION_CONTEXT('2D SPACE',''
  ) );
#10973 = PCURVE('',#10803,#10974);
#10974 = DEFINITIONAL_REPRESENTATION('',(#10975),#10979);
#10975 = LINE('',#10976,#10977);
#10976 = CARTESIAN_POINT('',(0.,8.));
#10977 = VECTOR('',#10978,1.);
#10978 = DIRECTION('',(1.,0.));
#10979 = ( GEOMETRIC_REPRESENTATION_CONTEXT(2) 
PARAMETRIC_REPRESENTATION_CONTEXT() REPRESENTATION_CONTEXT('2D SPACE',''
  ) );
#10980 = ORIENTED_EDGE('',*,*,#10981,.T.);
#10981 = EDGE_CURVE('',#10954,#10982,#10984,.T.);
#10982 = VERTEX_POINT('',#10983);
#10983 = CARTESIAN_POINT('',(-3.,111.38412072851,370.72437643084));
#10984 = SURFACE_CURVE('',#10985,(#10990,#11001),.PCURVE_S1.);
#10985 = CIRCLE('',#10986,2.4);
#10986 = AXIS2_PLACEMENT_3D('',#10987,#10988,#10989);
#10987 = CARTESIAN_POINT('',(-3.,109.,371.));
#10988 = DIRECTION('',(1.,0.,2.22044604925E-16));
#10989 = DIRECTION('',(2.22044604925E-16,0.,-1.));
#10990 = PCURVE('',#9943,#10991);
#10991 = DEFINITIONAL_REPRESENTATION('',(#10992),#11000);
#10992 = ( BOUNDED_CURVE() B_SPLINE_CURVE(2,(#10993,#10994,#10995,#10996
    ,#10997,#10998,#10999),.UNSPECIFIED.,.T.,.F.) 
B_SPLINE_CURVE_WITH_KNOTS((1,2,2,2,2,1),(-2.094395102393,0.,
    2.094395102393,4.188790204786,6.28318530718,8.377580409573),
.UNSPECIFIED.) CURVE() GEOMETRIC_REPRESENTATION_ITEM() 
RATIONAL_B_SPLINE_CURVE((1.,0.5,1.,0.5,1.,0.5,1.)) REPRESENTATION_ITEM(
  '') );
#10993 = CARTESIAN_POINT('',(9.004376637932,14.35182762779));
#10994 = CARTESIAN_POINT('',(4.847454699767,14.35182762779));
#10995 = CARTESIAN_POINT('',(6.925915668849,17.95182762779));
#10996 = CARTESIAN_POINT('',(9.004376637932,21.55182762779));
#10997 = CARTESIAN_POINT('',(11.082837607015,17.95182762779));
#10998 = CARTESIAN_POINT('',(13.161298576097,14.35182762779));
#10999 = CARTESIAN_POINT('',(9.004376637932,14.35182762779));
#11000 = ( GEOMETRIC_REPRESENTATION_CONTEXT(2) 
PARAMETRIC_REPRESENTATION_CONTEXT() REPRESENTATION_CONTEXT('2D SPACE',''
  ) );
#11001 = PCURVE('',#10803,#11002);
#11002 = DEFINITIONAL_REPRESENTATION('',(#11003),#11007);
#11003 = LINE('',#11004,#11005);
#11004 = CARTESIAN_POINT('',(0.,8.));
#11005 = VECTOR('',#11006,1.);
#11006 = DIRECTION('',(1.,0.));
#11007 = ( GEOMETRIC_REPRESENTATION_CONTEXT(2) 
PARAMETRIC_REPRESENTATION_CONTEXT() REPRESENTATION_CONTEXT('2D SPACE',''
  ) );
#11008 = ORIENTED_EDGE('',*,*,#11009,.T.);
#11009 = EDGE_CURVE('',#10982,#9923,#11010,.T.);
#11010 = SURFACE_CURVE('',#11011,(#11015,#11022),.PCURVE_S1.);
#11011 = LINE('',#11012,#11013);
#11012 = CARTESIAN_POINT('',(-3.,110.78245583969,371.90711144824));
#11013 = VECTOR('',#11014,1.);
#11014 = DIRECTION('',(0.,0.453410855641,-0.891301630194));
#11015 = PCURVE('',#9943,#11016);
#11016 = DEFINITIONAL_REPRESENTATION('',(#11017),#11021);
#11017 = LINE('',#11018,#11019);
#11018 = CARTESIAN_POINT('',(7.221920798236,17.658939076034));
#11019 = VECTOR('',#11020,1.);
#11020 = DIRECTION('',(-0.453410855641,-0.891301630194));
#11021 = ( GEOMETRIC_REPRESENTATION_CONTEXT(2) 
PARAMETRIC_REPRESENTATION_CONTEXT() REPRESENTATION_CONTEXT('2D SPACE',''
  ) );
#11022 = PCURVE('',#10941,#11023);
#11023 = DEFINITIONAL_REPRESENTATION('',(#11024),#11028);
#11024 = LINE('',#11025,#11026);
#11025 = CARTESIAN_POINT('',(-0.907111448244,1.782455839696));
#11026 = VECTOR('',#11027,1.);
#11027 = DIRECTION('',(0.891301630194,0.453410855641));
#11028 = ( GEOMETRIC_REPRESENTATION_CONTEXT(2) 
PARAMETRIC_REPRESENTATION_CONTEXT() REPRESENTATION_CONTEXT('2D SPACE',''
  ) );
#11029 = ADVANCED_FACE('',(#11030),#10091,.T.);
#11030 = FACE_BOUND('',#11031,.T.);
#11031 = EDGE_LOOP('',(#11032,#11033,#11054,#11055));
#11032 = ORIENTED_EDGE('',*,*,#10357,.F.);
#11033 = ORIENTED_EDGE('',*,*,#11034,.T.);
#11034 = EDGE_CURVE('',#10330,#10595,#11035,.T.);
#11035 = SURFACE_CURVE('',#11036,(#11040,#11047),.PCURVE_S1.);
#11036 = LINE('',#11037,#11038);
#11037 = CARTESIAN_POINT('',(25.,124.80386279307,342.99386421106));
#11038 = VECTOR('',#11039,1.);
#11039 = DIRECTION('',(1.,0.,0.));
#11040 = PCURVE('',#10091,#11041);
#11041 = DEFINITIONAL_REPRESENTATION('',(#11042),#11046);
#11042 = LINE('',#11043,#11044);
#11043 = CARTESIAN_POINT('',(0.,0.));
#11044 = VECTOR('',#11045,1.);
#11045 = DIRECTION('',(0.,-1.));
#11046 = ( GEOMETRIC_REPRESENTATION_CONTEXT(2) 
PARAMETRIC_REPRESENTATION_CONTEXT() REPRESENTATION_CONTEXT('2D SPACE',''
  ) );
#11047 = PCURVE('',#10345,#11048);
#11048 = DEFINITIONAL_REPRESENTATION('',(#11049),#11053);
#11049 = LINE('',#11050,#11051);
#11050 = CARTESIAN_POINT('',(7.80814359766,0.));
#11051 = VECTOR('',#11052,1.);
#11052 = DIRECTION('',(0.,-1.));
#11053 = ( GEOMETRIC_REPRESENTATION_CONTEXT(2) 
PARAMETRIC_REPRESENTATION_CONTEXT() REPRESENTATION_CONTEXT('2D SPACE',''
  ) );
#11054 = ORIENTED_EDGE('',*,*,#10617,.T.);
#11055 = ORIENTED_EDGE('',*,*,#10076,.T.);
#11056 = ADVANCED_FACE('',(#11057),#10345,.T.);
#11057 = FACE_BOUND('',#11058,.T.);
#11058 = EDGE_LOOP('',(#11059,#11080,#11081,#11082));
#11059 = ORIENTED_EDGE('',*,*,#11060,.T.);
#11060 = EDGE_CURVE('',#10302,#10572,#11061,.T.);
#11061 = SURFACE_CURVE('',#11062,(#11066,#11073),.PCURVE_S1.);
#11062 = LINE('',#11063,#11064);
#11063 = CARTESIAN_POINT('',(25.,120.7354711273,349.658344363));
#11064 = VECTOR('',#11065,1.);
#11065 = DIRECTION('',(1.,0.,0.));
#11066 = PCURVE('',#10345,#11067);
#11067 = DEFINITIONAL_REPRESENTATION('',(#11068),#11072);
#11068 = LINE('',#11069,#11070);
#11069 = CARTESIAN_POINT('',(0.,0.));
#11070 = VECTOR('',#11071,1.);
#11071 = DIRECTION('',(0.,-1.));
#11072 = ( GEOMETRIC_REPRESENTATION_CONTEXT(2) 
PARAMETRIC_REPRESENTATION_CONTEXT() REPRESENTATION_CONTEXT('2D SPACE',''
  ) );
#11073 = PCURVE('',#10317,#11074);
#11074 = DEFINITIONAL_REPRESENTATION('',(#11075),#11079);
#11075 = LINE('',#11076,#11077);
#11076 = CARTESIAN_POINT('',(10.939217616522,0.));
#11077 = VECTOR('',#11078,1.);
#11078 = DIRECTION('',(0.,-1.));
#11079 = ( GEOMETRIC_REPRESENTATION_CONTEXT(2) 
PARAMETRIC_REPRESENTATION_CONTEXT() REPRESENTATION_CONTEXT('2D SPACE',''
  ) );
#11080 = ORIENTED_EDGE('',*,*,#10594,.T.);
#11081 = ORIENTED_EDGE('',*,*,#11034,.F.);
#11082 = ORIENTED_EDGE('',*,*,#10329,.F.);
#11083 = ADVANCED_FACE('',(#11084),#10317,.T.);
#11084 = FACE_BOUND('',#11085,.T.);
#11085 = EDGE_LOOP('',(#11086,#11107,#11108,#11109));
#11086 = ORIENTED_EDGE('',*,*,#11087,.T.);
#11087 = EDGE_CURVE('',#10274,#10549,#11088,.T.);
#11088 = SURFACE_CURVE('',#11089,(#11093,#11100),.PCURVE_S1.);
#11089 = LINE('',#11090,#11091);
#11090 = CARTESIAN_POINT('',(25.,114.18379734798,358.41859851176));
#11091 = VECTOR('',#11092,1.);
#11092 = DIRECTION('',(1.,0.,0.));
#11093 = PCURVE('',#10317,#11094);
#11094 = DEFINITIONAL_REPRESENTATION('',(#11095),#11099);
#11095 = LINE('',#11096,#11097);
#11096 = CARTESIAN_POINT('',(0.,0.));
#11097 = VECTOR('',#11098,1.);
#11098 = DIRECTION('',(0.,-1.));
#11099 = ( GEOMETRIC_REPRESENTATION_CONTEXT(2) 
PARAMETRIC_REPRESENTATION_CONTEXT() REPRESENTATION_CONTEXT('2D SPACE',''
  ) );
#11100 = PCURVE('',#10289,#11101);
#11101 = DEFINITIONAL_REPRESENTATION('',(#11102),#11106);
#11102 = LINE('',#11103,#11104);
#11103 = CARTESIAN_POINT('',(13.465403928406,0.));
#11104 = VECTOR('',#11105,1.);
#11105 = DIRECTION('',(0.,-1.));
#11106 = ( GEOMETRIC_REPRESENTATION_CONTEXT(2) 
PARAMETRIC_REPRESENTATION_CONTEXT() REPRESENTATION_CONTEXT('2D SPACE',''
  ) );
#11107 = ORIENTED_EDGE('',*,*,#10571,.T.);
#11108 = ORIENTED_EDGE('',*,*,#11060,.F.);
#11109 = ORIENTED_EDGE('',*,*,#10301,.F.);
#11110 = ADVANCED_FACE('',(#11111),#10289,.T.);
#11111 = FACE_BOUND('',#11112,.T.);
#11112 = EDGE_LOOP('',(#11113,#11114,#11138,#11139));
#11113 = ORIENTED_EDGE('',*,*,#10273,.F.);
#11114 = ORIENTED_EDGE('',*,*,#11115,.T.);
#11115 = EDGE_CURVE('',#10242,#10517,#11116,.T.);
#11116 = SURFACE_CURVE('',#11117,(#11121,#11127),.PCURVE_S1.);
#11117 = LINE('',#11118,#11119);
#11118 = CARTESIAN_POINT('',(25.,112.04511863006,367.03423998093));
#11119 = VECTOR('',#11120,1.);
#11120 = DIRECTION('',(1.,0.,2.22044604925E-16));
#11121 = PCURVE('',#10289,#11122);
#11122 = DEFINITIONAL_REPRESENTATION('',(#11123),#11126);
#11123 = B_SPLINE_CURVE_WITH_KNOTS('',1,(#11124,#11125),.UNSPECIFIED.,
  .F.,.F.,(2,2),(-5.999999999062E-07,4.0000006),
  .PIECEWISE_BEZIER_KNOTS.);
#11124 = CARTESIAN_POINT('',(4.588285894739,5.999999999062E-07));
#11125 = CARTESIAN_POINT('',(4.588285894739,-4.0000006));
#11126 = ( GEOMETRIC_REPRESENTATION_CONTEXT(2) 
PARAMETRIC_REPRESENTATION_CONTEXT() REPRESENTATION_CONTEXT('2D SPACE',''
  ) );
#11127 = PCURVE('',#11128,#11133);
#11128 = CYLINDRICAL_SURFACE('',#11129,5.);
#11129 = AXIS2_PLACEMENT_3D('',#11130,#11131,#11132);
#11130 = CARTESIAN_POINT('',(25.,109.,371.));
#11131 = DIRECTION('',(1.,0.,2.22044604925E-16));
#11132 = DIRECTION('',(2.22044604925E-16,0.,-1.));
#11133 = DEFINITIONAL_REPRESENTATION('',(#11134),#11137);
#11134 = B_SPLINE_CURVE_WITH_KNOTS('',1,(#11135,#11136),.UNSPECIFIED.,
  .F.,.F.,(2,2),(-5.999999999062E-07,4.0000006),
  .PIECEWISE_BEZIER_KNOTS.);
#11135 = CARTESIAN_POINT('',(0.65482912959,-6.000000007868E-07));
#11136 = CARTESIAN_POINT('',(0.65482912959,4.0000006));
#11137 = ( GEOMETRIC_REPRESENTATION_CONTEXT(2) 
PARAMETRIC_REPRESENTATION_CONTEXT() REPRESENTATION_CONTEXT('2D SPACE',''
  ) );
#11138 = ORIENTED_EDGE('',*,*,#10548,.T.);
#11139 = ORIENTED_EDGE('',*,*,#11087,.F.);
#11140 = ADVANCED_FACE('',(#11141),#10225,.T.);
#11141 = FACE_BOUND('',#11142,.T.);
#11142 = EDGE_LOOP('',(#11143,#11144,#11172,#11205,#11233,#11254));
#11143 = ORIENTED_EDGE('',*,*,#10204,.F.);
#11144 = ORIENTED_EDGE('',*,*,#11145,.T.);
#11145 = EDGE_CURVE('',#10177,#11146,#11148,.T.);
#11146 = VERTEX_POINT('',#11147);
#11147 = CARTESIAN_POINT('',(25.,107.38838282729,369.22160463096));
#11148 = SURFACE_CURVE('',#11149,(#11153,#11160),.PCURVE_S1.);
#11149 = LINE('',#11150,#11151);
#11150 = CARTESIAN_POINT('',(25.,110.56905400201,356.70581407034));
#11151 = VECTOR('',#11152,1.);
#11152 = DIRECTION('',(0.,-0.246303531603,0.969192741574));
#11153 = PCURVE('',#10225,#11154);
#11154 = DEFINITIONAL_REPRESENTATION('',(#11155),#11159);
#11155 = LINE('',#11156,#11157);
#11156 = CARTESIAN_POINT('',(4.39011729602,0.704313553584));
#11157 = VECTOR('',#11158,1.);
#11158 = DIRECTION('',(0.246303531603,0.969192741574));
#11159 = ( GEOMETRIC_REPRESENTATION_CONTEXT(2) 
PARAMETRIC_REPRESENTATION_CONTEXT() REPRESENTATION_CONTEXT('2D SPACE',''
  ) );
#11160 = PCURVE('',#11161,#11166);
#11161 = PLANE('',#11162);
#11162 = AXIS2_PLACEMENT_3D('',#11163,#11164,#11165);
#11163 = CARTESIAN_POINT('',(25.,109.,371.));
#11164 = DIRECTION('',(1.,0.,2.22044604925E-16));
#11165 = DIRECTION('',(2.22044604925E-16,0.,-1.));
#11166 = DEFINITIONAL_REPRESENTATION('',(#11167),#11171);
#11167 = LINE('',#11168,#11169);
#11168 = CARTESIAN_POINT('',(14.294185929652,1.569054002018));
#11169 = VECTOR('',#11170,1.);
#11170 = DIRECTION('',(-0.969192741574,-0.246303531603));
#11171 = ( GEOMETRIC_REPRESENTATION_CONTEXT(2) 
PARAMETRIC_REPRESENTATION_CONTEXT() REPRESENTATION_CONTEXT('2D SPACE',''
  ) );
#11172 = ORIENTED_EDGE('',*,*,#11173,.T.);
#11173 = EDGE_CURVE('',#11146,#11174,#11176,.T.);
#11174 = VERTEX_POINT('',#11175);
#11175 = CARTESIAN_POINT('',(25.,109.,368.6));
#11176 = SURFACE_CURVE('',#11177,(#11182,#11193),.PCURVE_S1.);
#11177 = CIRCLE('',#11178,2.4);
#11178 = AXIS2_PLACEMENT_3D('',#11179,#11180,#11181);
#11179 = CARTESIAN_POINT('',(25.,109.,371.));
#11180 = DIRECTION('',(1.,0.,2.22044604925E-16));
#11181 = DIRECTION('',(2.22044604925E-16,0.,-1.));
#11182 = PCURVE('',#10225,#11183);
#11183 = DEFINITIONAL_REPRESENTATION('',(#11184),#11192);
#11184 = ( BOUNDED_CURVE() B_SPLINE_CURVE(2,(#11185,#11186,#11187,#11188
    ,#11189,#11190,#11191),.UNSPECIFIED.,.T.,.F.) 
B_SPLINE_CURVE_WITH_KNOTS((1,2,2,2,2,1),(-2.094395102393,0.,
    2.094395102393,4.188790204786,6.28318530718,8.377580409573),
.UNSPECIFIED.) CURVE() GEOMETRIC_REPRESENTATION_ITEM() 
RATIONAL_B_SPLINE_CURVE((1.,0.5,1.,0.5,1.,0.5,1.)) REPRESENTATION_ITEM(
  '') );
#11185 = CARTESIAN_POINT('',(5.959171298038,12.598499483236));
#11186 = CARTESIAN_POINT('',(1.802249359873,12.598499483236));
#11187 = CARTESIAN_POINT('',(3.880710328955,16.198499483236));
#11188 = CARTESIAN_POINT('',(5.959171298038,19.798499483236));
#11189 = CARTESIAN_POINT('',(8.037632267121,16.198499483236));
#11190 = CARTESIAN_POINT('',(10.116093236203,12.598499483236));
#11191 = CARTESIAN_POINT('',(5.959171298038,12.598499483236));
#11192 = ( GEOMETRIC_REPRESENTATION_CONTEXT(2) 
PARAMETRIC_REPRESENTATION_CONTEXT() REPRESENTATION_CONTEXT('2D SPACE',''
  ) );
#11193 = PCURVE('',#11194,#11199);
#11194 = CYLINDRICAL_SURFACE('',#11195,2.4);
#11195 = AXIS2_PLACEMENT_3D('',#11196,#11197,#11198);
#11196 = CARTESIAN_POINT('',(21.,109.,371.));
#11197 = DIRECTION('',(1.,0.,2.22044604925E-16));
#11198 = DIRECTION('',(2.22044604925E-16,0.,-1.));
#11199 = DEFINITIONAL_REPRESENTATION('',(#11200),#11204);
#11200 = LINE('',#11201,#11202);
#11201 = CARTESIAN_POINT('',(0.,4.));
#11202 = VECTOR('',#11203,1.);
#11203 = DIRECTION('',(1.,0.));
#11204 = ( GEOMETRIC_REPRESENTATION_CONTEXT(2) 
PARAMETRIC_REPRESENTATION_CONTEXT() REPRESENTATION_CONTEXT('2D SPACE',''
  ) );
#11205 = ORIENTED_EDGE('',*,*,#11206,.T.);
#11206 = EDGE_CURVE('',#11174,#11207,#11209,.T.);
#11207 = VERTEX_POINT('',#11208);
#11208 = CARTESIAN_POINT('',(25.,111.26070183018,370.19425361621));
#11209 = SURFACE_CURVE('',#11210,(#11215,#11226),.PCURVE_S1.);
#11210 = CIRCLE('',#11211,2.4);
#11211 = AXIS2_PLACEMENT_3D('',#11212,#11213,#11214);
#11212 = CARTESIAN_POINT('',(25.,109.,371.));
#11213 = DIRECTION('',(1.,0.,2.22044604925E-16));
#11214 = DIRECTION('',(2.22044604925E-16,0.,-1.));
#11215 = PCURVE('',#10225,#11216);
#11216 = DEFINITIONAL_REPRESENTATION('',(#11217),#11225);
#11217 = ( BOUNDED_CURVE() B_SPLINE_CURVE(2,(#11218,#11219,#11220,#11221
    ,#11222,#11223,#11224),.UNSPECIFIED.,.T.,.F.) 
B_SPLINE_CURVE_WITH_KNOTS((1,2,2,2,2,1),(-2.094395102393,0.,
    2.094395102393,4.188790204786,6.28318530718,8.377580409573),
.UNSPECIFIED.) CURVE() GEOMETRIC_REPRESENTATION_ITEM() 
RATIONAL_B_SPLINE_CURVE((1.,0.5,1.,0.5,1.,0.5,1.)) REPRESENTATION_ITEM(
  '') );
#11218 = CARTESIAN_POINT('',(5.959171298038,12.598499483236));
#11219 = CARTESIAN_POINT('',(1.802249359873,12.598499483236));
#11220 = CARTESIAN_POINT('',(3.880710328955,16.198499483236));
#11221 = CARTESIAN_POINT('',(5.959171298038,19.798499483236));
#11222 = CARTESIAN_POINT('',(8.037632267121,16.198499483236));
#11223 = CARTESIAN_POINT('',(10.116093236203,12.598499483236));
#11224 = CARTESIAN_POINT('',(5.959171298038,12.598499483236));
#11225 = ( GEOMETRIC_REPRESENTATION_CONTEXT(2) 
PARAMETRIC_REPRESENTATION_CONTEXT() REPRESENTATION_CONTEXT('2D SPACE',''
  ) );
#11226 = PCURVE('',#11194,#11227);
#11227 = DEFINITIONAL_REPRESENTATION('',(#11228),#11232);
#11228 = LINE('',#11229,#11230);
#11229 = CARTESIAN_POINT('',(0.,4.));
#11230 = VECTOR('',#11231,1.);
#11231 = DIRECTION('',(1.,0.));
#11232 = ( GEOMETRIC_REPRESENTATION_CONTEXT(2) 
PARAMETRIC_REPRESENTATION_CONTEXT() REPRESENTATION_CONTEXT('2D SPACE',''
  ) );
#11233 = ORIENTED_EDGE('',*,*,#11234,.T.);
#11234 = EDGE_CURVE('',#11207,#10242,#11235,.T.);
#11235 = SURFACE_CURVE('',#11236,(#11240,#11247),.PCURVE_S1.);
#11236 = LINE('',#11237,#11238);
#11237 = CARTESIAN_POINT('',(25.,110.93970701363,371.48737737047));
#11238 = VECTOR('',#11239,1.);
#11239 = DIRECTION('',(0.,0.240920387654,-0.9705448814));
#11240 = PCURVE('',#10225,#11241);
#11241 = DEFINITIONAL_REPRESENTATION('',(#11242),#11246);
#11242 = LINE('',#11243,#11244);
#11243 = CARTESIAN_POINT('',(4.019464284401,15.485876853709));
#11244 = VECTOR('',#11245,1.);
#11245 = DIRECTION('',(-0.240920387654,-0.9705448814));
#11246 = ( GEOMETRIC_REPRESENTATION_CONTEXT(2) 
PARAMETRIC_REPRESENTATION_CONTEXT() REPRESENTATION_CONTEXT('2D SPACE',''
  ) );
#11247 = PCURVE('',#11161,#11248);
#11248 = DEFINITIONAL_REPRESENTATION('',(#11249),#11253);
#11249 = LINE('',#11250,#11251);
#11250 = CARTESIAN_POINT('',(-0.487377370473,1.939707013637));
#11251 = VECTOR('',#11252,1.);
#11252 = DIRECTION('',(0.9705448814,0.240920387654));
#11253 = ( GEOMETRIC_REPRESENTATION_CONTEXT(2) 
PARAMETRIC_REPRESENTATION_CONTEXT() REPRESENTATION_CONTEXT('2D SPACE',''
  ) );
#11254 = ORIENTED_EDGE('',*,*,#10241,.F.);
#11255 = ADVANCED_FACE('',(#11256),#10192,.T.);
#11256 = FACE_BOUND('',#11257,.T.);
#11257 = EDGE_LOOP('',(#11258,#11259,#11280,#11281));
#11258 = ORIENTED_EDGE('',*,*,#10176,.F.);
#11259 = ORIENTED_EDGE('',*,*,#11260,.T.);
#11260 = EDGE_CURVE('',#10149,#10434,#11261,.T.);
#11261 = SURFACE_CURVE('',#11262,(#11266,#11273),.PCURVE_S1.);
#11262 = LINE('',#11263,#11264);
#11263 = CARTESIAN_POINT('',(25.,110.56905400201,356.70581407034));
#11264 = VECTOR('',#11265,1.);
#11265 = DIRECTION('',(1.,0.,0.));
#11266 = PCURVE('',#10192,#11267);
#11267 = DEFINITIONAL_REPRESENTATION('',(#11268),#11272);
#11268 = LINE('',#11269,#11270);
#11269 = CARTESIAN_POINT('',(0.,0.));
#11270 = VECTOR('',#11271,1.);
#11271 = DIRECTION('',(0.,-1.));
#11272 = ( GEOMETRIC_REPRESENTATION_CONTEXT(2) 
PARAMETRIC_REPRESENTATION_CONTEXT() REPRESENTATION_CONTEXT('2D SPACE',''
  ) );
#11273 = PCURVE('',#10164,#11274);
#11274 = DEFINITIONAL_REPRESENTATION('',(#11275),#11279);
#11275 = LINE('',#11276,#11277);
#11276 = CARTESIAN_POINT('',(11.537525818649,0.));
#11277 = VECTOR('',#11278,1.);
#11278 = DIRECTION('',(0.,-1.));
#11279 = ( GEOMETRIC_REPRESENTATION_CONTEXT(2) 
PARAMETRIC_REPRESENTATION_CONTEXT() REPRESENTATION_CONTEXT('2D SPACE',''
  ) );
#11280 = ORIENTED_EDGE('',*,*,#10456,.T.);
#11281 = ORIENTED_EDGE('',*,*,#11282,.F.);
#11282 = EDGE_CURVE('',#10177,#10457,#11283,.T.);
#11283 = SURFACE_CURVE('',#11284,(#11288,#11294),.PCURVE_S1.);
#11284 = LINE('',#11285,#11286);
#11285 = CARTESIAN_POINT('',(25.,108.19032692622,366.06599255031));
#11286 = VECTOR('',#11287,1.);
#11287 = DIRECTION('',(1.,0.,2.22044604925E-16));
#11288 = PCURVE('',#10192,#11289);
#11289 = DEFINITIONAL_REPRESENTATION('',(#11290),#11293);
#11290 = B_SPLINE_CURVE_WITH_KNOTS('',1,(#11291,#11292),.UNSPECIFIED.,
  .F.,.F.,(2,2),(-5.999999999062E-07,4.0000006),
  .PIECEWISE_BEZIER_KNOTS.);
#11291 = CARTESIAN_POINT('',(9.657705922105,5.999999999062E-07));
#11292 = CARTESIAN_POINT('',(9.657705922105,-4.0000006));
#11293 = ( GEOMETRIC_REPRESENTATION_CONTEXT(2) 
PARAMETRIC_REPRESENTATION_CONTEXT() REPRESENTATION_CONTEXT('2D SPACE',''
  ) );
#11294 = PCURVE('',#11128,#11295);
#11295 = DEFINITIONAL_REPRESENTATION('',(#11296),#11299);
#11296 = B_SPLINE_CURVE_WITH_KNOTS('',1,(#11297,#11298),.UNSPECIFIED.,
  .F.,.F.,(2,2),(-5.999999999062E-07,4.0000006),
  .PIECEWISE_BEZIER_KNOTS.);
#11297 = CARTESIAN_POINT('',(6.120534477926,-6.000000010018E-07));
#11298 = CARTESIAN_POINT('',(6.120534477926,4.0000006));
#11299 = ( GEOMETRIC_REPRESENTATION_CONTEXT(2) 
PARAMETRIC_REPRESENTATION_CONTEXT() REPRESENTATION_CONTEXT('2D SPACE',''
  ) );
#11300 = ADVANCED_FACE('',(#11301),#10164,.T.);
#11301 = FACE_BOUND('',#11302,.T.);
#11302 = EDGE_LOOP('',(#11303,#11304,#11305,#11306));
#11303 = ORIENTED_EDGE('',*,*,#10407,.T.);
#11304 = ORIENTED_EDGE('',*,*,#10433,.T.);
#11305 = ORIENTED_EDGE('',*,*,#11260,.F.);
#11306 = ORIENTED_EDGE('',*,*,#10148,.F.);
#11307 = ADVANCED_FACE('',(#11308),#10500,.F.);
#11308 = FACE_BOUND('',#11309,.F.);
#11309 = EDGE_LOOP('',(#11310,#11311,#11339,#11367,#11395,#11416));
#11310 = ORIENTED_EDGE('',*,*,#10479,.F.);
#11311 = ORIENTED_EDGE('',*,*,#11312,.T.);
#11312 = EDGE_CURVE('',#10457,#11313,#11315,.T.);
#11313 = VERTEX_POINT('',#11314);
#11314 = CARTESIAN_POINT('',(29.,107.38838282729,369.22160463096));
#11315 = SURFACE_CURVE('',#11316,(#11320,#11327),.PCURVE_S1.);
#11316 = LINE('',#11317,#11318);
#11317 = CARTESIAN_POINT('',(29.,110.56905400201,356.70581407034));
#11318 = VECTOR('',#11319,1.);
#11319 = DIRECTION('',(0.,-0.246303531603,0.969192741574));
#11320 = PCURVE('',#10500,#11321);
#11321 = DEFINITIONAL_REPRESENTATION('',(#11322),#11326);
#11322 = LINE('',#11323,#11324);
#11323 = CARTESIAN_POINT('',(4.39011729602,0.704313553584));
#11324 = VECTOR('',#11325,1.);
#11325 = DIRECTION('',(0.246303531603,0.969192741574));
#11326 = ( GEOMETRIC_REPRESENTATION_CONTEXT(2) 
PARAMETRIC_REPRESENTATION_CONTEXT() REPRESENTATION_CONTEXT('2D SPACE',''
  ) );
#11327 = PCURVE('',#11328,#11333);
#11328 = PLANE('',#11329);
#11329 = AXIS2_PLACEMENT_3D('',#11330,#11331,#11332);
#11330 = CARTESIAN_POINT('',(29.,109.,371.));
#11331 = DIRECTION('',(1.,0.,2.22044604925E-16));
#11332 = DIRECTION('',(2.22044604925E-16,0.,-1.));
#11333 = DEFINITIONAL_REPRESENTATION('',(#11334),#11338);
#11334 = LINE('',#11335,#11336);
#11335 = CARTESIAN_POINT('',(14.294185929652,1.569054002018));
#11336 = VECTOR('',#11337,1.);
#11337 = DIRECTION('',(-0.969192741574,-0.246303531603));
#11338 = ( GEOMETRIC_REPRESENTATION_CONTEXT(2) 
PARAMETRIC_REPRESENTATION_CONTEXT() REPRESENTATION_CONTEXT('2D SPACE',''
  ) );
#11339 = ORIENTED_EDGE('',*,*,#11340,.T.);
#11340 = EDGE_CURVE('',#11313,#11341,#11343,.T.);
#11341 = VERTEX_POINT('',#11342);
#11342 = CARTESIAN_POINT('',(29.,109.,368.6));
#11343 = SURFACE_CURVE('',#11344,(#11349,#11360),.PCURVE_S1.);
#11344 = CIRCLE('',#11345,2.4);
#11345 = AXIS2_PLACEMENT_3D('',#11346,#11347,#11348);
#11346 = CARTESIAN_POINT('',(29.,109.,371.));
#11347 = DIRECTION('',(1.,0.,2.22044604925E-16));
#11348 = DIRECTION('',(2.22044604925E-16,0.,-1.));
#11349 = PCURVE('',#10500,#11350);
#11350 = DEFINITIONAL_REPRESENTATION('',(#11351),#11359);
#11351 = ( BOUNDED_CURVE() B_SPLINE_CURVE(2,(#11352,#11353,#11354,#11355
    ,#11356,#11357,#11358),.UNSPECIFIED.,.T.,.F.) 
B_SPLINE_CURVE_WITH_KNOTS((1,2,2,2,2,1),(-2.094395102393,0.,
    2.094395102393,4.188790204786,6.28318530718,8.377580409573),
.UNSPECIFIED.) CURVE() GEOMETRIC_REPRESENTATION_ITEM() 
RATIONAL_B_SPLINE_CURVE((1.,0.5,1.,0.5,1.,0.5,1.)) REPRESENTATION_ITEM(
  '') );
#11352 = CARTESIAN_POINT('',(5.959171298038,12.598499483236));
#11353 = CARTESIAN_POINT('',(1.802249359873,12.598499483236));
#11354 = CARTESIAN_POINT('',(3.880710328955,16.198499483236));
#11355 = CARTESIAN_POINT('',(5.959171298038,19.798499483236));
#11356 = CARTESIAN_POINT('',(8.037632267121,16.198499483236));
#11357 = CARTESIAN_POINT('',(10.116093236203,12.598499483236));
#11358 = CARTESIAN_POINT('',(5.959171298038,12.598499483236));
#11359 = ( GEOMETRIC_REPRESENTATION_CONTEXT(2) 
PARAMETRIC_REPRESENTATION_CONTEXT() REPRESENTATION_CONTEXT('2D SPACE',''
  ) );
#11360 = PCURVE('',#11194,#11361);
#11361 = DEFINITIONAL_REPRESENTATION('',(#11362),#11366);
#11362 = LINE('',#11363,#11364);
#11363 = CARTESIAN_POINT('',(0.,8.));
#11364 = VECTOR('',#11365,1.);
#11365 = DIRECTION('',(1.,0.));
#11366 = ( GEOMETRIC_REPRESENTATION_CONTEXT(2) 
PARAMETRIC_REPRESENTATION_CONTEXT() REPRESENTATION_CONTEXT('2D SPACE',''
  ) );
#11367 = ORIENTED_EDGE('',*,*,#11368,.T.);
#11368 = EDGE_CURVE('',#11341,#11369,#11371,.T.);
#11369 = VERTEX_POINT('',#11370);
#11370 = CARTESIAN_POINT('',(29.,111.26070183018,370.19425361621));
#11371 = SURFACE_CURVE('',#11372,(#11377,#11388),.PCURVE_S1.);
#11372 = CIRCLE('',#11373,2.4);
#11373 = AXIS2_PLACEMENT_3D('',#11374,#11375,#11376);
#11374 = CARTESIAN_POINT('',(29.,109.,371.));
#11375 = DIRECTION('',(1.,0.,2.22044604925E-16));
#11376 = DIRECTION('',(2.22044604925E-16,0.,-1.));
#11377 = PCURVE('',#10500,#11378);
#11378 = DEFINITIONAL_REPRESENTATION('',(#11379),#11387);
#11379 = ( BOUNDED_CURVE() B_SPLINE_CURVE(2,(#11380,#11381,#11382,#11383
    ,#11384,#11385,#11386),.UNSPECIFIED.,.T.,.F.) 
B_SPLINE_CURVE_WITH_KNOTS((1,2,2,2,2,1),(-2.094395102393,0.,
    2.094395102393,4.188790204786,6.28318530718,8.377580409573),
.UNSPECIFIED.) CURVE() GEOMETRIC_REPRESENTATION_ITEM() 
RATIONAL_B_SPLINE_CURVE((1.,0.5,1.,0.5,1.,0.5,1.)) REPRESENTATION_ITEM(
  '') );
#11380 = CARTESIAN_POINT('',(5.959171298038,12.598499483236));
#11381 = CARTESIAN_POINT('',(1.802249359873,12.598499483236));
#11382 = CARTESIAN_POINT('',(3.880710328955,16.198499483236));
#11383 = CARTESIAN_POINT('',(5.959171298038,19.798499483236));
#11384 = CARTESIAN_POINT('',(8.037632267121,16.198499483236));
#11385 = CARTESIAN_POINT('',(10.116093236203,12.598499483236));
#11386 = CARTESIAN_POINT('',(5.959171298038,12.598499483236));
#11387 = ( GEOMETRIC_REPRESENTATION_CONTEXT(2) 
PARAMETRIC_REPRESENTATION_CONTEXT() REPRESENTATION_CONTEXT('2D SPACE',''
  ) );
#11388 = PCURVE('',#11194,#11389);
#11389 = DEFINITIONAL_REPRESENTATION('',(#11390),#11394);
#11390 = LINE('',#11391,#11392);
#11391 = CARTESIAN_POINT('',(0.,8.));
#11392 = VECTOR('',#11393,1.);
#11393 = DIRECTION('',(1.,0.));
#11394 = ( GEOMETRIC_REPRESENTATION_CONTEXT(2) 
PARAMETRIC_REPRESENTATION_CONTEXT() REPRESENTATION_CONTEXT('2D SPACE',''
  ) );
#11395 = ORIENTED_EDGE('',*,*,#11396,.T.);
#11396 = EDGE_CURVE('',#11369,#10517,#11397,.T.);
#11397 = SURFACE_CURVE('',#11398,(#11402,#11409),.PCURVE_S1.);
#11398 = LINE('',#11399,#11400);
#11399 = CARTESIAN_POINT('',(29.,110.93970701363,371.48737737047));
#11400 = VECTOR('',#11401,1.);
#11401 = DIRECTION('',(0.,0.240920387654,-0.9705448814));
#11402 = PCURVE('',#10500,#11403);
#11403 = DEFINITIONAL_REPRESENTATION('',(#11404),#11408);
#11404 = LINE('',#11405,#11406);
#11405 = CARTESIAN_POINT('',(4.019464284401,15.485876853709));
#11406 = VECTOR('',#11407,1.);
#11407 = DIRECTION('',(-0.240920387654,-0.9705448814));
#11408 = ( GEOMETRIC_REPRESENTATION_CONTEXT(2) 
PARAMETRIC_REPRESENTATION_CONTEXT() REPRESENTATION_CONTEXT('2D SPACE',''
  ) );
#11409 = PCURVE('',#11328,#11410);
#11410 = DEFINITIONAL_REPRESENTATION('',(#11411),#11415);
#11411 = LINE('',#11412,#11413);
#11412 = CARTESIAN_POINT('',(-0.487377370473,1.939707013637));
#11413 = VECTOR('',#11414,1.);
#11414 = DIRECTION('',(0.9705448814,0.240920387654));
#11415 = ( GEOMETRIC_REPRESENTATION_CONTEXT(2) 
PARAMETRIC_REPRESENTATION_CONTEXT() REPRESENTATION_CONTEXT('2D SPACE',''
  ) );
#11416 = ORIENTED_EDGE('',*,*,#10516,.F.);
#11417 = ADVANCED_FACE('',(#11418),#10737,.T.);
#11418 = FACE_BOUND('',#11419,.T.);
#11419 = EDGE_LOOP('',(#11420,#11445,#11467,#11468));
#11420 = ORIENTED_EDGE('',*,*,#11421,.T.);
#11421 = EDGE_CURVE('',#11422,#11424,#11426,.T.);
#11422 = VERTEX_POINT('',#11423);
#11423 = CARTESIAN_POINT('',(-7.,109.,366.));
#11424 = VERTEX_POINT('',#11425);
#11425 = CARTESIAN_POINT('',(-3.,109.,366.));
#11426 = SURFACE_CURVE('',#11427,(#11431,#11438),.PCURVE_S1.);
#11427 = LINE('',#11428,#11429);
#11428 = CARTESIAN_POINT('',(-7.,109.,366.));
#11429 = VECTOR('',#11430,1.);
#11430 = DIRECTION('',(1.,0.,2.22044604925E-16));
#11431 = PCURVE('',#10737,#11432);
#11432 = DEFINITIONAL_REPRESENTATION('',(#11433),#11437);
#11433 = LINE('',#11434,#11435);
#11434 = CARTESIAN_POINT('',(6.28318530718,-0.));
#11435 = VECTOR('',#11436,1.);
#11436 = DIRECTION('',(0.,1.));
#11437 = ( GEOMETRIC_REPRESENTATION_CONTEXT(2) 
PARAMETRIC_REPRESENTATION_CONTEXT() REPRESENTATION_CONTEXT('2D SPACE',''
  ) );
#11438 = PCURVE('',#10903,#11439);
#11439 = DEFINITIONAL_REPRESENTATION('',(#11440),#11444);
#11440 = LINE('',#11441,#11442);
#11441 = CARTESIAN_POINT('',(0.,-0.));
#11442 = VECTOR('',#11443,1.);
#11443 = DIRECTION('',(0.,1.));
#11444 = ( GEOMETRIC_REPRESENTATION_CONTEXT(2) 
PARAMETRIC_REPRESENTATION_CONTEXT() REPRESENTATION_CONTEXT('2D SPACE',''
  ) );
#11445 = ORIENTED_EDGE('',*,*,#11446,.F.);
#11446 = EDGE_CURVE('',#9923,#11424,#11447,.T.);
#11447 = SURFACE_CURVE('',#11448,(#11453,#11460),.PCURVE_S1.);
#11448 = CIRCLE('',#11449,5.);
#11449 = AXIS2_PLACEMENT_3D('',#11450,#11451,#11452);
#11450 = CARTESIAN_POINT('',(-3.,109.,371.));
#11451 = DIRECTION('',(1.,-0.,2.22044604925E-16));
#11452 = DIRECTION('',(2.22044604925E-16,0.,-1.));
#11453 = PCURVE('',#10737,#11454);
#11454 = DEFINITIONAL_REPRESENTATION('',(#11455),#11459);
#11455 = LINE('',#11456,#11457);
#11456 = CARTESIAN_POINT('',(0.,4.));
#11457 = VECTOR('',#11458,1.);
#11458 = DIRECTION('',(1.,0.));
#11459 = ( GEOMETRIC_REPRESENTATION_CONTEXT(2) 
PARAMETRIC_REPRESENTATION_CONTEXT() REPRESENTATION_CONTEXT('2D SPACE',''
  ) );
#11460 = PCURVE('',#10941,#11461);
#11461 = DEFINITIONAL_REPRESENTATION('',(#11462),#11466);
#11462 = CIRCLE('',#11463,5.);
#11463 = AXIS2_PLACEMENT_2D('',#11464,#11465);
#11464 = CARTESIAN_POINT('',(0.,0.));
#11465 = DIRECTION('',(1.,0.));
#11466 = ( GEOMETRIC_REPRESENTATION_CONTEXT(2) 
PARAMETRIC_REPRESENTATION_CONTEXT() REPRESENTATION_CONTEXT('2D SPACE',''
  ) );
#11467 = ORIENTED_EDGE('',*,*,#10724,.F.);
#11468 = ORIENTED_EDGE('',*,*,#11469,.T.);
#11469 = EDGE_CURVE('',#9680,#11422,#11470,.T.);
#11470 = SURFACE_CURVE('',#11471,(#11476,#11483),.PCURVE_S1.);
#11471 = CIRCLE('',#11472,5.);
#11472 = AXIS2_PLACEMENT_3D('',#11473,#11474,#11475);
#11473 = CARTESIAN_POINT('',(-7.,109.,371.));
#11474 = DIRECTION('',(1.,-0.,2.22044604925E-16));
#11475 = DIRECTION('',(2.22044604925E-16,0.,-1.));
#11476 = PCURVE('',#10737,#11477);
#11477 = DEFINITIONAL_REPRESENTATION('',(#11478),#11482);
#11478 = LINE('',#11479,#11480);
#11479 = CARTESIAN_POINT('',(0.,0.));
#11480 = VECTOR('',#11481,1.);
#11481 = DIRECTION('',(1.,0.));
#11482 = ( GEOMETRIC_REPRESENTATION_CONTEXT(2) 
PARAMETRIC_REPRESENTATION_CONTEXT() REPRESENTATION_CONTEXT('2D SPACE',''
  ) );
#11483 = PCURVE('',#10770,#11484);
#11484 = DEFINITIONAL_REPRESENTATION('',(#11485),#11489);
#11485 = CIRCLE('',#11486,5.);
#11486 = AXIS2_PLACEMENT_2D('',#11487,#11488);
#11487 = CARTESIAN_POINT('',(0.,0.));
#11488 = DIRECTION('',(1.,0.));
#11489 = ( GEOMETRIC_REPRESENTATION_CONTEXT(2) 
PARAMETRIC_REPRESENTATION_CONTEXT() REPRESENTATION_CONTEXT('2D SPACE',''
  ) );
#11490 = ADVANCED_FACE('',(#11491),#10770,.F.);
#11491 = FACE_BOUND('',#11492,.F.);
#11492 = EDGE_LOOP('',(#11493,#11494,#11495,#11517,#11518));
#11493 = ORIENTED_EDGE('',*,*,#10843,.T.);
#11494 = ORIENTED_EDGE('',*,*,#11469,.T.);
#11495 = ORIENTED_EDGE('',*,*,#11496,.T.);
#11496 = EDGE_CURVE('',#11422,#9652,#11497,.T.);
#11497 = SURFACE_CURVE('',#11498,(#11503,#11510),.PCURVE_S1.);
#11498 = CIRCLE('',#11499,5.);
#11499 = AXIS2_PLACEMENT_3D('',#11500,#11501,#11502);
#11500 = CARTESIAN_POINT('',(-7.,109.,371.));
#11501 = DIRECTION('',(1.,-0.,2.22044604925E-16));
#11502 = DIRECTION('',(2.22044604925E-16,0.,-1.));
#11503 = PCURVE('',#10770,#11504);
#11504 = DEFINITIONAL_REPRESENTATION('',(#11505),#11509);
#11505 = CIRCLE('',#11506,5.);
#11506 = AXIS2_PLACEMENT_2D('',#11507,#11508);
#11507 = CARTESIAN_POINT('',(0.,0.));
#11508 = DIRECTION('',(1.,0.));
#11509 = ( GEOMETRIC_REPRESENTATION_CONTEXT(2) 
PARAMETRIC_REPRESENTATION_CONTEXT() REPRESENTATION_CONTEXT('2D SPACE',''
  ) );
#11510 = PCURVE('',#10903,#11511);
#11511 = DEFINITIONAL_REPRESENTATION('',(#11512),#11516);
#11512 = LINE('',#11513,#11514);
#11513 = CARTESIAN_POINT('',(0.,0.));
#11514 = VECTOR('',#11515,1.);
#11515 = DIRECTION('',(1.,0.));
#11516 = ( GEOMETRIC_REPRESENTATION_CONTEXT(2) 
PARAMETRIC_REPRESENTATION_CONTEXT() REPRESENTATION_CONTEXT('2D SPACE',''
  ) );
#11517 = ORIENTED_EDGE('',*,*,#10754,.T.);
#11518 = ORIENTED_EDGE('',*,*,#11519,.F.);
#11519 = EDGE_CURVE('',#10816,#10755,#11520,.T.);
#11520 = SURFACE_CURVE('',#11521,(#11526,#11533),.PCURVE_S1.);
#11521 = CIRCLE('',#11522,2.4);
#11522 = AXIS2_PLACEMENT_3D('',#11523,#11524,#11525);
#11523 = CARTESIAN_POINT('',(-7.,109.,371.));
#11524 = DIRECTION('',(1.,0.,2.22044604925E-16));
#11525 = DIRECTION('',(2.22044604925E-16,0.,-1.));
#11526 = PCURVE('',#10770,#11527);
#11527 = DEFINITIONAL_REPRESENTATION('',(#11528),#11532);
#11528 = CIRCLE('',#11529,2.4);
#11529 = AXIS2_PLACEMENT_2D('',#11530,#11531);
#11530 = CARTESIAN_POINT('',(1.972152263053E-31,0.));
#11531 = DIRECTION('',(1.,0.));
#11532 = ( GEOMETRIC_REPRESENTATION_CONTEXT(2) 
PARAMETRIC_REPRESENTATION_CONTEXT() REPRESENTATION_CONTEXT('2D SPACE',''
  ) );
#11533 = PCURVE('',#10803,#11534);
#11534 = DEFINITIONAL_REPRESENTATION('',(#11535),#11539);
#11535 = LINE('',#11536,#11537);
#11536 = CARTESIAN_POINT('',(0.,4.));
#11537 = VECTOR('',#11538,1.);
#11538 = DIRECTION('',(1.,0.));
#11539 = ( GEOMETRIC_REPRESENTATION_CONTEXT(2) 
PARAMETRIC_REPRESENTATION_CONTEXT() REPRESENTATION_CONTEXT('2D SPACE',''
  ) );
#11540 = ADVANCED_FACE('',(#11541),#10803,.F.);
#11541 = FACE_BOUND('',#11542,.F.);
#11542 = EDGE_LOOP('',(#11543,#11544,#11565,#11566,#11567,#11568,#11569,
    #11570));
#11543 = ORIENTED_EDGE('',*,*,#10981,.F.);
#11544 = ORIENTED_EDGE('',*,*,#11545,.F.);
#11545 = EDGE_CURVE('',#10783,#10954,#11546,.T.);
#11546 = SEAM_CURVE('',#11547,(#11551,#11558),.PCURVE_S1.);
#11547 = LINE('',#11548,#11549);
#11548 = CARTESIAN_POINT('',(-11.,109.,368.6));
#11549 = VECTOR('',#11550,1.);
#11550 = DIRECTION('',(1.,0.,2.22044604925E-16));
#11551 = PCURVE('',#10803,#11552);
#11552 = DEFINITIONAL_REPRESENTATION('',(#11553),#11557);
#11553 = LINE('',#11554,#11555);
#11554 = CARTESIAN_POINT('',(6.28318530718,-0.));
#11555 = VECTOR('',#11556,1.);
#11556 = DIRECTION('',(0.,1.));
#11557 = ( GEOMETRIC_REPRESENTATION_CONTEXT(2) 
PARAMETRIC_REPRESENTATION_CONTEXT() REPRESENTATION_CONTEXT('2D SPACE',''
  ) );
#11558 = PCURVE('',#10803,#11559);
#11559 = DEFINITIONAL_REPRESENTATION('',(#11560),#11564);
#11560 = LINE('',#11561,#11562);
#11561 = CARTESIAN_POINT('',(0.,-0.));
#11562 = VECTOR('',#11563,1.);
#11563 = DIRECTION('',(0.,1.));
#11564 = ( GEOMETRIC_REPRESENTATION_CONTEXT(2) 
PARAMETRIC_REPRESENTATION_CONTEXT() REPRESENTATION_CONTEXT('2D SPACE',''
  ) );
#11565 = ORIENTED_EDGE('',*,*,#10815,.T.);
#11566 = ORIENTED_EDGE('',*,*,#11519,.T.);
#11567 = ORIENTED_EDGE('',*,*,#10782,.T.);
#11568 = ORIENTED_EDGE('',*,*,#11545,.T.);
#11569 = ORIENTED_EDGE('',*,*,#10953,.F.);
#11570 = ORIENTED_EDGE('',*,*,#11571,.F.);
#11571 = EDGE_CURVE('',#10982,#10926,#11572,.T.);
#11572 = SURFACE_CURVE('',#11573,(#11578,#11585),.PCURVE_S1.);
#11573 = CIRCLE('',#11574,2.4);
#11574 = AXIS2_PLACEMENT_3D('',#11575,#11576,#11577);
#11575 = CARTESIAN_POINT('',(-3.,109.,371.));
#11576 = DIRECTION('',(1.,0.,2.22044604925E-16));
#11577 = DIRECTION('',(2.22044604925E-16,0.,-1.));
#11578 = PCURVE('',#10803,#11579);
#11579 = DEFINITIONAL_REPRESENTATION('',(#11580),#11584);
#11580 = LINE('',#11581,#11582);
#11581 = CARTESIAN_POINT('',(0.,8.));
#11582 = VECTOR('',#11583,1.);
#11583 = DIRECTION('',(1.,0.));
#11584 = ( GEOMETRIC_REPRESENTATION_CONTEXT(2) 
PARAMETRIC_REPRESENTATION_CONTEXT() REPRESENTATION_CONTEXT('2D SPACE',''
  ) );
#11585 = PCURVE('',#10941,#11586);
#11586 = DEFINITIONAL_REPRESENTATION('',(#11587),#11591);
#11587 = CIRCLE('',#11588,2.4);
#11588 = AXIS2_PLACEMENT_2D('',#11589,#11590);
#11589 = CARTESIAN_POINT('',(0.,0.));
#11590 = DIRECTION('',(1.,0.));
#11591 = ( GEOMETRIC_REPRESENTATION_CONTEXT(2) 
PARAMETRIC_REPRESENTATION_CONTEXT() REPRESENTATION_CONTEXT('2D SPACE',''
  ) );
#11592 = ADVANCED_FACE('',(#11593),#10903,.T.);
#11593 = FACE_BOUND('',#11594,.T.);
#11594 = EDGE_LOOP('',(#11595,#11617,#11618,#11619));
#11595 = ORIENTED_EDGE('',*,*,#11596,.F.);
#11596 = EDGE_CURVE('',#11424,#9900,#11597,.T.);
#11597 = SURFACE_CURVE('',#11598,(#11603,#11610),.PCURVE_S1.);
#11598 = CIRCLE('',#11599,5.);
#11599 = AXIS2_PLACEMENT_3D('',#11600,#11601,#11602);
#11600 = CARTESIAN_POINT('',(-3.,109.,371.));
#11601 = DIRECTION('',(1.,-0.,2.22044604925E-16));
#11602 = DIRECTION('',(2.22044604925E-16,0.,-1.));
#11603 = PCURVE('',#10903,#11604);
#11604 = DEFINITIONAL_REPRESENTATION('',(#11605),#11609);
#11605 = LINE('',#11606,#11607);
#11606 = CARTESIAN_POINT('',(0.,4.));
#11607 = VECTOR('',#11608,1.);
#11608 = DIRECTION('',(1.,0.));
#11609 = ( GEOMETRIC_REPRESENTATION_CONTEXT(2) 
PARAMETRIC_REPRESENTATION_CONTEXT() REPRESENTATION_CONTEXT('2D SPACE',''
  ) );
#11610 = PCURVE('',#10941,#11611);
#11611 = DEFINITIONAL_REPRESENTATION('',(#11612),#11616);
#11612 = CIRCLE('',#11613,5.);
#11613 = AXIS2_PLACEMENT_2D('',#11614,#11615);
#11614 = CARTESIAN_POINT('',(0.,0.));
#11615 = DIRECTION('',(1.,0.));
#11616 = ( GEOMETRIC_REPRESENTATION_CONTEXT(2) 
PARAMETRIC_REPRESENTATION_CONTEXT() REPRESENTATION_CONTEXT('2D SPACE',''
  ) );
#11617 = ORIENTED_EDGE('',*,*,#11421,.F.);
#11618 = ORIENTED_EDGE('',*,*,#11496,.T.);
#11619 = ORIENTED_EDGE('',*,*,#10890,.T.);
#11620 = ADVANCED_FACE('',(#11621),#10941,.T.);
#11621 = FACE_BOUND('',#11622,.T.);
#11622 = EDGE_LOOP('',(#11623,#11624,#11625,#11626,#11627));
#11623 = ORIENTED_EDGE('',*,*,#11009,.T.);
#11624 = ORIENTED_EDGE('',*,*,#11446,.T.);
#11625 = ORIENTED_EDGE('',*,*,#11596,.T.);
#11626 = ORIENTED_EDGE('',*,*,#10925,.T.);
#11627 = ORIENTED_EDGE('',*,*,#11571,.F.);
#11628 = ADVANCED_FACE('',(#11629),#11128,.T.);
#11629 = FACE_BOUND('',#11630,.T.);
#11630 = EDGE_LOOP('',(#11631,#11653,#11654,#11676));
#11631 = ORIENTED_EDGE('',*,*,#11632,.F.);
#11632 = EDGE_CURVE('',#10517,#10457,#11633,.T.);
#11633 = SURFACE_CURVE('',#11634,(#11639,#11646),.PCURVE_S1.);
#11634 = CIRCLE('',#11635,5.);
#11635 = AXIS2_PLACEMENT_3D('',#11636,#11637,#11638);
#11636 = CARTESIAN_POINT('',(29.,109.,371.));
#11637 = DIRECTION('',(1.,-0.,2.22044604925E-16));
#11638 = DIRECTION('',(2.22044604925E-16,0.,-1.));
#11639 = PCURVE('',#11128,#11640);
#11640 = DEFINITIONAL_REPRESENTATION('',(#11641),#11645);
#11641 = LINE('',#11642,#11643);
#11642 = CARTESIAN_POINT('',(0.,4.));
#11643 = VECTOR('',#11644,1.);
#11644 = DIRECTION('',(1.,0.));
#11645 = ( GEOMETRIC_REPRESENTATION_CONTEXT(2) 
PARAMETRIC_REPRESENTATION_CONTEXT() REPRESENTATION_CONTEXT('2D SPACE',''
  ) );
#11646 = PCURVE('',#11328,#11647);
#11647 = DEFINITIONAL_REPRESENTATION('',(#11648),#11652);
#11648 = CIRCLE('',#11649,5.);
#11649 = AXIS2_PLACEMENT_2D('',#11650,#11651);
#11650 = CARTESIAN_POINT('',(0.,0.));
#11651 = DIRECTION('',(1.,0.));
#11652 = ( GEOMETRIC_REPRESENTATION_CONTEXT(2) 
PARAMETRIC_REPRESENTATION_CONTEXT() REPRESENTATION_CONTEXT('2D SPACE',''
  ) );
#11653 = ORIENTED_EDGE('',*,*,#11115,.F.);
#11654 = ORIENTED_EDGE('',*,*,#11655,.T.);
#11655 = EDGE_CURVE('',#10242,#10177,#11656,.T.);
#11656 = SURFACE_CURVE('',#11657,(#11662,#11669),.PCURVE_S1.);
#11657 = CIRCLE('',#11658,5.);
#11658 = AXIS2_PLACEMENT_3D('',#11659,#11660,#11661);
#11659 = CARTESIAN_POINT('',(25.,109.,371.));
#11660 = DIRECTION('',(1.,-0.,2.22044604925E-16));
#11661 = DIRECTION('',(2.22044604925E-16,0.,-1.));
#11662 = PCURVE('',#11128,#11663);
#11663 = DEFINITIONAL_REPRESENTATION('',(#11664),#11668);
#11664 = LINE('',#11665,#11666);
#11665 = CARTESIAN_POINT('',(0.,0.));
#11666 = VECTOR('',#11667,1.);
#11667 = DIRECTION('',(1.,0.));
#11668 = ( GEOMETRIC_REPRESENTATION_CONTEXT(2) 
PARAMETRIC_REPRESENTATION_CONTEXT() REPRESENTATION_CONTEXT('2D SPACE',''
  ) );
#11669 = PCURVE('',#11161,#11670);
#11670 = DEFINITIONAL_REPRESENTATION('',(#11671),#11675);
#11671 = CIRCLE('',#11672,5.);
#11672 = AXIS2_PLACEMENT_2D('',#11673,#11674);
#11673 = CARTESIAN_POINT('',(0.,0.));
#11674 = DIRECTION('',(1.,0.));
#11675 = ( GEOMETRIC_REPRESENTATION_CONTEXT(2) 
PARAMETRIC_REPRESENTATION_CONTEXT() REPRESENTATION_CONTEXT('2D SPACE',''
  ) );
#11676 = ORIENTED_EDGE('',*,*,#11282,.T.);
#11677 = ADVANCED_FACE('',(#11678),#11161,.F.);
#11678 = FACE_BOUND('',#11679,.F.);
#11679 = EDGE_LOOP('',(#11680,#11702,#11703,#11704));
#11680 = ORIENTED_EDGE('',*,*,#11681,.F.);
#11681 = EDGE_CURVE('',#11207,#11146,#11682,.T.);
#11682 = SURFACE_CURVE('',#11683,(#11688,#11695),.PCURVE_S1.);
#11683 = CIRCLE('',#11684,2.4);
#11684 = AXIS2_PLACEMENT_3D('',#11685,#11686,#11687);
#11685 = CARTESIAN_POINT('',(25.,109.,371.));
#11686 = DIRECTION('',(1.,0.,2.22044604925E-16));
#11687 = DIRECTION('',(2.22044604925E-16,0.,-1.));
#11688 = PCURVE('',#11161,#11689);
#11689 = DEFINITIONAL_REPRESENTATION('',(#11690),#11694);
#11690 = CIRCLE('',#11691,2.4);
#11691 = AXIS2_PLACEMENT_2D('',#11692,#11693);
#11692 = CARTESIAN_POINT('',(0.,0.));
#11693 = DIRECTION('',(1.,0.));
#11694 = ( GEOMETRIC_REPRESENTATION_CONTEXT(2) 
PARAMETRIC_REPRESENTATION_CONTEXT() REPRESENTATION_CONTEXT('2D SPACE',''
  ) );
#11695 = PCURVE('',#11194,#11696);
#11696 = DEFINITIONAL_REPRESENTATION('',(#11697),#11701);
#11697 = LINE('',#11698,#11699);
#11698 = CARTESIAN_POINT('',(0.,4.));
#11699 = VECTOR('',#11700,1.);
#11700 = DIRECTION('',(1.,0.));
#11701 = ( GEOMETRIC_REPRESENTATION_CONTEXT(2) 
PARAMETRIC_REPRESENTATION_CONTEXT() REPRESENTATION_CONTEXT('2D SPACE',''
  ) );
#11702 = ORIENTED_EDGE('',*,*,#11234,.T.);
#11703 = ORIENTED_EDGE('',*,*,#11655,.T.);
#11704 = ORIENTED_EDGE('',*,*,#11145,.T.);
#11705 = ADVANCED_FACE('',(#11706),#11194,.F.);
#11706 = FACE_BOUND('',#11707,.F.);
#11707 = EDGE_LOOP('',(#11708,#11709,#11730,#11731,#11732,#11733,#11734,
    #11735));
#11708 = ORIENTED_EDGE('',*,*,#11368,.F.);
#11709 = ORIENTED_EDGE('',*,*,#11710,.F.);
#11710 = EDGE_CURVE('',#11174,#11341,#11711,.T.);
#11711 = SEAM_CURVE('',#11712,(#11716,#11723),.PCURVE_S1.);
#11712 = LINE('',#11713,#11714);
#11713 = CARTESIAN_POINT('',(21.,109.,368.6));
#11714 = VECTOR('',#11715,1.);
#11715 = DIRECTION('',(1.,0.,2.22044604925E-16));
#11716 = PCURVE('',#11194,#11717);
#11717 = DEFINITIONAL_REPRESENTATION('',(#11718),#11722);
#11718 = LINE('',#11719,#11720);
#11719 = CARTESIAN_POINT('',(6.28318530718,-0.));
#11720 = VECTOR('',#11721,1.);
#11721 = DIRECTION('',(0.,1.));
#11722 = ( GEOMETRIC_REPRESENTATION_CONTEXT(2) 
PARAMETRIC_REPRESENTATION_CONTEXT() REPRESENTATION_CONTEXT('2D SPACE',''
  ) );
#11723 = PCURVE('',#11194,#11724);
#11724 = DEFINITIONAL_REPRESENTATION('',(#11725),#11729);
#11725 = LINE('',#11726,#11727);
#11726 = CARTESIAN_POINT('',(0.,-0.));
#11727 = VECTOR('',#11728,1.);
#11728 = DIRECTION('',(0.,1.));
#11729 = ( GEOMETRIC_REPRESENTATION_CONTEXT(2) 
PARAMETRIC_REPRESENTATION_CONTEXT() REPRESENTATION_CONTEXT('2D SPACE',''
  ) );
#11730 = ORIENTED_EDGE('',*,*,#11206,.T.);
#11731 = ORIENTED_EDGE('',*,*,#11681,.T.);
#11732 = ORIENTED_EDGE('',*,*,#11173,.T.);
#11733 = ORIENTED_EDGE('',*,*,#11710,.T.);
#11734 = ORIENTED_EDGE('',*,*,#11340,.F.);
#11735 = ORIENTED_EDGE('',*,*,#11736,.F.);
#11736 = EDGE_CURVE('',#11369,#11313,#11737,.T.);
#11737 = SURFACE_CURVE('',#11738,(#11743,#11750),.PCURVE_S1.);
#11738 = CIRCLE('',#11739,2.4);
#11739 = AXIS2_PLACEMENT_3D('',#11740,#11741,#11742);
#11740 = CARTESIAN_POINT('',(29.,109.,371.));
#11741 = DIRECTION('',(1.,0.,2.22044604925E-16));
#11742 = DIRECTION('',(2.22044604925E-16,0.,-1.));
#11743 = PCURVE('',#11194,#11744);
#11744 = DEFINITIONAL_REPRESENTATION('',(#11745),#11749);
#11745 = LINE('',#11746,#11747);
#11746 = CARTESIAN_POINT('',(0.,8.));
#11747 = VECTOR('',#11748,1.);
#11748 = DIRECTION('',(1.,0.));
#11749 = ( GEOMETRIC_REPRESENTATION_CONTEXT(2) 
PARAMETRIC_REPRESENTATION_CONTEXT() REPRESENTATION_CONTEXT('2D SPACE',''
  ) );
#11750 = PCURVE('',#11328,#11751);
#11751 = DEFINITIONAL_REPRESENTATION('',(#11752),#11756);
#11752 = CIRCLE('',#11753,2.4);
#11753 = AXIS2_PLACEMENT_2D('',#11754,#11755);
#11754 = CARTESIAN_POINT('',(0.,0.));
#11755 = DIRECTION('',(1.,0.));
#11756 = ( GEOMETRIC_REPRESENTATION_CONTEXT(2) 
PARAMETRIC_REPRESENTATION_CONTEXT() REPRESENTATION_CONTEXT('2D SPACE',''
  ) );
#11757 = ADVANCED_FACE('',(#11758),#11328,.T.);
#11758 = FACE_BOUND('',#11759,.T.);
#11759 = EDGE_LOOP('',(#11760,#11761,#11762,#11763));
#11760 = ORIENTED_EDGE('',*,*,#11736,.F.);
#11761 = ORIENTED_EDGE('',*,*,#11396,.T.);
#11762 = ORIENTED_EDGE('',*,*,#11632,.T.);
#11763 = ORIENTED_EDGE('',*,*,#11312,.T.);
#11764 = ( GEOMETRIC_REPRESENTATION_CONTEXT(3) 
GLOBAL_UNCERTAINTY_ASSIGNED_CONTEXT((#11768)) 
GLOBAL_UNIT_ASSIGNED_CONTEXT((#11765,#11766,#11767)) 
REPRESENTATION_CONTEXT('Context #1',
  '3D Context with UNIT and UNCERTAINTY') );
#11765 = ( LENGTH_UNIT() NAMED_UNIT(*) SI_UNIT(.MILLI.,.METRE.) );
#11766 = ( NAMED_UNIT(*) PLANE_ANGLE_UNIT() SI_UNIT($,.RADIAN.) );
#11767 = ( NAMED_UNIT(*) SI_UNIT($,.STERADIAN.) SOLID_ANGLE_UNIT() );
#11768 = UNCERTAINTY_MEASURE_WITH_UNIT(LENGTH_MEASURE(5.E-06),#11765,
  'distance_accuracy_value','confusion accuracy');
#11769 = PRODUCT_RELATED_PRODUCT_CATEGORY('part',$,(#7));
ENDSEC;
END-ISO-10303-21;
