# https://github.com/mikedh/trimesh
v -0.17008000 -0.00012000 0.01700000
v -0.17008000 -0.00057637 0.01703265
v -0.17008000 -0.00102679 0.01713017
v -0.17008000 -0.00146536 0.01729130
v -0.17008000 -0.00188636 0.01751392
v -0.17008000 -0.00228429 0.01779512
v -0.17008000 -0.00265396 0.01813125
v -0.17008000 -0.00299053 0.01851789
v -0.17008000 -0.00328962 0.01895002
v -0.17008000 -0.00354731 0.01942198
v -0.17008000 -0.00376024 0.01992760
v -0.17008000 -0.00392562 0.02046030
v -0.17008000 -0.00404131 0.02101310
v -0.17008000 -0.00410578 0.02157879
v -0.17008000 -0.00411820 0.02214998
v -0.17008000 -0.00411680 0.02219995
v -0.17008000 -0.00411500 0.02224990
v -0.17008000 -0.00411280 0.02229982
v -0.17008000 -0.00411020 0.02234971
v -0.17008000 -0.00410721 0.02239957
v -0.17008000 -0.00410381 0.02244939
v -0.17008000 -0.00410002 0.02249917
v -0.17008000 -0.00409582 0.02254889
v -0.17008000 -0.00409123 0.02259856
v -0.17008000 -0.00408625 0.02264817
v -0.17008000 -0.00408086 0.02269772
v -0.17008000 -0.00407508 0.02274719
v -0.17008000 -0.00406891 0.02279659
v -0.17008000 -0.00406234 0.02284591
v -0.17008000 -0.00405537 0.02289515
v -0.17008000 -0.00404802 0.02294429
v -0.17008000 -0.00404027 0.02299335
v -0.17008000 -0.00403212 0.02304230
v -0.17008000 -0.00402359 0.02309115
v -0.17008000 -0.00401467 0.02313989
v -0.17008000 -0.00400535 0.02318851
v -0.17008000 -0.00399565 0.02323702
v -0.17008000 -0.00386349 0.02376168
v -0.17008000 -0.00368603 0.02426502
v -0.17008000 -0.00346541 0.02474095
v -0.17008000 -0.00320431 0.02518371
v -0.17008000 -0.00290587 0.02558794
v -0.17008000 -0.00257373 0.02594874
v -0.17008000 -0.00221188 0.02626176
v -0.17008000 -0.00182472 0.02652319
v -0.17008000 -0.00141693 0.02672989
v -0.17008000 -0.00099344 0.02687934
v -0.17008000 -0.00055938 0.02696974
v -0.17008000 -0.00012000 0.02700000
v -0.16508000 -0.00012000 0.00011871
v -0.16508000 -0.00276730 0.00023544
v -0.16508000 -0.00538002 0.00058410
v -0.16508000 -0.00792405 0.00116014
v -0.16508000 -0.01036616 0.00195603
v -0.16508000 -0.01267445 0.00296139
v -0.16508000 -0.01481878 0.00416307
v -0.16508000 -0.01677115 0.00554540
v -0.16508000 -0.01850605 0.00709031
v -0.16508000 -0.02000083 0.00877762
v -0.16508000 -0.02123597 0.01058531
v -0.16508000 -0.02219533 0.01248976
v -0.16508000 -0.02286639 0.01446610
v -0.16508000 -0.02324038 0.01648852
v -0.16508000 -0.02331242 0.01853061
v -0.16562711 -0.02139918 0.01906530
v -0.16607504 -0.01977804 0.01951821
v -0.16643372 -0.01844717 0.01989776
v -0.16671306 -0.01739102 0.02021357
v -0.16692298 -0.01658505 0.02047569
v -0.16707339 -0.01599895 0.02069403
v -0.16717421 -0.01559879 0.02087796
v -0.16723537 -0.01534846 0.02103618
v -0.16726678 -0.01521064 0.02117649
v -0.16727835 -0.01514741 0.02130578
v -0.16728000 -0.01512069 0.02142993
v -0.16727835 -0.01510511 0.02155245
v -0.16726678 -0.01512580 0.02167099
v -0.16723537 -0.01522020 0.02178268
v -0.16717421 -0.01542517 0.02188567
v -0.16707339 -0.01577656 0.02197913
v -0.16692298 -0.01630862 0.02206325
v -0.16671306 -0.01705306 0.02213923
v -0.16643372 -0.01803768 0.02220922
v -0.16607504 -0.01928433 0.02227625
v -0.16562711 -0.02080582 0.02234408
v -0.16508000 -0.02260154 0.02241694
v -0.16508000 -0.02183494 0.02429268
v -0.16508000 -0.02080554 0.02609220
v -0.16508000 -0.01952579 0.02779371
v -0.16508000 -0.01801119 0.02937663
v -0.16508000 -0.01628007 0.03082180
v -0.16508000 -0.01435336 0.03211173
v -0.16508000 -0.01225440 0.03323080
v -0.16508000 -0.01000859 0.03416548
v -0.16508000 -0.00764310 0.03490445
v -0.16508000 -0.00518656 0.03543876
v -0.16508000 -0.00266870 0.03576196
v -0.16508000 -0.00012000 0.03587013
v -0.16008000 -0.00012000 -0.01243395
v -0.16008000 -0.00428848 -0.01225566
v -0.16008000 -0.00840253 -0.01172311
v -0.16008000 -0.01240840 -0.01084326
v -0.16008000 -0.01625379 -0.00962759
v -0.16008000 -0.01988847 -0.00809199
v -0.16008000 -0.02326498 -0.00625651
v -0.16008000 -0.02633921 -0.00414513
v -0.16008000 -0.02907102 -0.00178541
v -0.16008000 -0.03142473 0.00079183
v -0.16008000 -0.03336960 0.00355292
v -0.16008000 -0.03488023 0.00646182
v -0.16008000 -0.03593689 0.00948051
v -0.16008000 -0.03652579 0.01256960
v -0.16008000 -0.03663922 0.01568872
v -0.16117421 -0.03419395 0.01650000
v -0.16207008 -0.03210342 0.01719457
v -0.16278744 -0.03028751 0.01779050
v -0.16334612 -0.02872655 0.01829920
v -0.16376595 -0.02747265 0.01872604
v -0.16406678 -0.02653010 0.01908161
v -0.16426843 -0.02587297 0.01937886
v -0.16439074 -0.02545676 0.01963137
v -0.16445355 -0.02522618 0.01985226
v -0.16447669 -0.02512027 0.02005349
v -0.16448000 -0.02507572 0.02024553
v -0.16447669 -0.02504991 0.02043466
v -0.16445355 -0.02508504 0.02061658
v -0.16439074 -0.02524337 0.02078602
v -0.16426843 -0.02558412 0.02093948
v -0.16406678 -0.02616023 0.02107533
v -0.16376595 -0.02701343 0.02119380
v -0.16334612 -0.02816678 0.02129674
v -0.16278744 -0.02961347 0.02138737
v -0.16207008 -0.03130015 0.02146955
v -0.16117421 -0.03324381 0.02154695
v -0.16008000 -0.03551985 0.02162477
v -0.16008000 -0.03431275 0.02448981
v -0.16008000 -0.03269184 0.02723842
v -0.16008000 -0.03067673 0.02983735
v -0.16008000 -0.02829181 0.03225513
v -0.16008000 -0.02556594 0.03446250
v -0.16008000 -0.02253212 0.03643276
v -0.16008000 -0.01922706 0.03814205
v -0.16008000 -0.01569075 0.03956969
v -0.16008000 -0.01196601 0.04069841
v -0.16008000 -0.00809790 0.04151453
v -0.16008000 -0.00413323 0.04200819
v -0.16008000 -0.00012000 0.04217341
v -0.15508000 -0.00012000 -0.02225386
v -0.15508000 -0.00540938 -0.02202804
v -0.15508000 -0.01062968 -0.02135350
v -0.15508000 -0.01571273 -0.02023906
v -0.15508000 -0.02059213 -0.01869928
v -0.15508000 -0.02520417 -0.01675427
v -0.15508000 -0.02948861 -0.01442942
v -0.15508000 -0.03338949 -0.01175511
v -0.15508000 -0.03685588 -0.00876625
v -0.15508000 -0.03984249 -0.00550188
v -0.15508000 -0.04231033 -0.00200463
v -0.15508000 -0.04422717 0.00167982
v -0.15508000 -0.04556797 0.00550335
v -0.15508000 -0.04631521 0.00941603
v -0.15508000 -0.04645915 0.01336676
v -0.15672132 -0.04343858 0.01441541
v -0.15806512 -0.04080739 0.01531939
v -0.15914116 -0.03858832 0.01608847
v -0.15997917 -0.03678442 0.01673552
v -0.16060893 -0.03537965 0.01727575
v -0.16106017 -0.03434113 0.01772594
v -0.16136264 -0.03362243 0.01810344
v -0.16154612 -0.03316717 0.01842536
v -0.16164033 -0.03291236 0.01870789
v -0.16167504 -0.03279124 0.01896582
v -0.16168000 -0.03273548 0.01921215
v -0.16167504 -0.03269928 0.01945476
v -0.16164033 -0.03272801 0.01968804
v -0.16154612 -0.03288884 0.01990487
v -0.16136264 -0.03324665 0.02010023
v -0.16106017 -0.03386186 0.02027124
v -0.16060893 -0.03478769 0.02041724
v -0.15997917 -0.03606697 0.02053973
v -0.15914116 -0.03772881 0.02064215
v -0.15806512 -0.03978552 0.02072965
v -0.15672132 -0.04223067 0.02080849
v -0.15508000 -0.04503879 0.02088545
v -0.15508000 -0.04350710 0.02451436
v -0.15508000 -0.04145033 0.02799580
v -0.15508000 -0.03889336 0.03128764
v -0.15508000 -0.03586714 0.03435004
v -0.15508000 -0.03240829 0.03714593
v -0.15508000 -0.02855868 0.03964149
v -0.15508000 -0.02436490 0.04180651
v -0.15508000 -0.01987769 0.04361478
v -0.15508000 -0.01515137 0.04504443
v -0.15508000 -0.01024313 0.04607815
v -0.15508000 -0.00521238 0.04670342
v -0.15508000 -0.00012000 0.04691269
v -0.15008000 -0.00012000 -0.03060919
v -0.15008000 -0.00633054 -0.03034326
v -0.15008000 -0.01245997 -0.02954893
v -0.15008000 -0.01842824 -0.02823659
v -0.15008000 -0.02415740 -0.02642336
v -0.15008000 -0.02957264 -0.02413294
v -0.15008000 -0.03460322 -0.02139522
v -0.15008000 -0.03918346 -0.01824598
v -0.15008000 -0.04325352 -0.01472633
v -0.15008000 -0.04676026 -0.01088225
v -0.15008000 -0.04965788 -0.00676393
v -0.15008000 -0.05190854 -0.00242517
v -0.15008000 -0.05348284 0.00207738
v -0.15008000 -0.05436022 0.00668490
v -0.15008000 -0.05452922 0.01133724
v -0.15226843 -0.05116143 0.01257673
v -0.15406017 -0.04819191 0.01364981
v -0.15549488 -0.04565644 0.01456678
v -0.15661223 -0.04357265 0.01534083
v -0.15745190 -0.04193528 0.01598825
v -0.15805355 -0.04071647 0.01652771
v -0.15845686 -0.03986889 0.01697926
v -0.15870149 -0.03933028 0.01736314
v -0.15882711 -0.03902827 0.01769885
v -0.15887339 -0.03888460 0.01800436
v -0.15888000 -0.03881844 0.01829561
v -0.15887339 -0.03877549 0.01858228
v -0.15882711 -0.03880953 0.01885743
v -0.15870149 -0.03900004 0.01911218
v -0.15845686 -0.03942304 0.01934022
v -0.15805355 -0.04014791 0.01953791
v -0.15745190 -0.04123325 0.01970430
v -0.15661223 -0.04272236 0.01984104
v -0.15549488 -0.04463901 0.01995209
v -0.15406017 -0.04698457 0.02004310
v -0.15226843 -0.04973816 0.02012066
v -0.15008000 -0.05286150 0.02019117
v -0.15008000 -0.05106307 0.02446453
v -0.15008000 -0.04864810 0.02856423
v -0.15008000 -0.04564583 0.03244066
v -0.15008000 -0.04209259 0.03604690
v -0.15008000 -0.03803138 0.03933932
v -0.15008000 -0.03351135 0.04227806
v -0.15008000 -0.02858720 0.04482756
v -0.15008000 -0.02331854 0.04695696
v -0.15008000 -0.01776912 0.04864050
v -0.15008000 -0.01200610 0.04985779
v -0.15008000 -0.00609923 0.05059411
v -0.15008000 -0.00012000 0.05084054
v -0.14508000 -0.00012000 -0.03792807
v -0.14508000 -0.00711091 -0.03762733
v -0.14508000 -0.01401052 -0.03672903
v -0.14508000 -0.02072872 -0.03524492
v -0.14508000 -0.02717778 -0.03319437
v -0.14508000 -0.03327345 -0.03060415
v -0.14508000 -0.03893615 -0.02750811
v -0.14508000 -0.04409190 -0.02394667
v -0.14508000 -0.04867338 -0.01996635
v -0.14508000 -0.05262076 -0.01561912
v -0.14508000 -0.05588247 -0.01096177
v -0.14508000 -0.05841593 -0.00605512
v -0.14508000 -0.06018805 -0.00096325
v -0.14508000 -0.06117567 0.00424735
v -0.14508000 -0.06136591 0.00950861
v -0.14781554 -0.05772715 0.01092160
v -0.15005521 -0.05452218 0.01214215
v -0.15184860 -0.05177247 0.01318608
v -0.15324529 -0.04949736 0.01406904
v -0.15429488 -0.04769780 0.01480891
v -0.15504694 -0.04635070 0.01542606
v -0.15555107 -0.04540975 0.01594269
v -0.15585686 -0.04480976 0.01638155
v -0.15601388 -0.04447226 0.01676483
v -0.15607174 -0.04431091 0.01711317
v -0.15608000 -0.04423583 0.01744497
v -0.15607174 -0.04418653 0.01777146
v -0.15601388 -0.04422292 0.01808450
v -0.15585686 -0.04443338 0.01837368
v -0.15555107 -0.04490176 0.01863148
v -0.15504694 -0.04570323 0.01885348
v -0.15429488 -0.04689903 0.01903831
v -0.15324529 -0.04853114 0.01918749
v -0.15184860 -0.05061838 0.01930495
v -0.15005521 -0.05315585 0.01939612
v -0.14781554 -0.05612081 0.01946674
v -0.14508000 -0.05948864 0.01952141
v -0.14508000 -0.05746423 0.02435409
v -0.14508000 -0.05474581 0.02899039
v -0.14508000 -0.05136629 0.03337420
v -0.14508000 -0.04736658 0.03745246
v -0.14508000 -0.04279506 0.04117581
v -0.14508000 -0.03770708 0.04449919
v -0.14508000 -0.03216420 0.04738239
v -0.14508000 -0.02623351 0.04979050
v -0.14508000 -0.01998679 0.05169439
v -0.14508000 -0.01349963 0.05307101
v -0.14508000 -0.00685054 0.05390370
v -0.14508000 -0.00012000 0.05418239
v -0.14008000 -0.00012000 -0.04466530
v -0.14008000 -0.00781064 -0.04433288
v -0.14008000 -0.01540085 -0.04333998
v -0.14008000 -0.02279149 -0.04169955
v -0.14008000 -0.02988604 -0.03943303
v -0.14008000 -0.03659184 -0.03657001
v -0.14008000 -0.04282132 -0.03314788
v -0.14008000 -0.04849312 -0.02921135
v -0.14008000 -0.05353318 -0.02481181
v -0.14008000 -0.05787565 -0.02000672
v -0.14008000 -0.06146384 -0.01485885
v -0.14008000 -0.06425087 -0.00943542
v -0.14008000 -0.06620036 -0.00380726
v -0.14008000 -0.06728684 0.00195213
v -0.14008000 -0.06749612 0.00776752
v -0.14336264 -0.06350044 0.00938766
v -0.14605025 -0.06006339 0.01075270
v -0.14820231 -0.05713643 0.01191466
v -0.14987835 -0.05471595 0.01289619
v -0.15113785 -0.05279686 0.01371880
v -0.15204033 -0.05135571 0.01440535
v -0.15264529 -0.05034595 0.01498023
v -0.15301223 -0.04970021 0.01546852
v -0.15320066 -0.04933571 0.01589475
v -0.15327008 -0.04916030 0.01628186
v -0.15328000 -0.04907750 0.01665044
v -0.15327008 -0.04902227 0.01701304
v -0.15320066 -0.04905903 0.01736047
v -0.15301223 -0.04928263 0.01768087
v -0.15264529 -0.04978259 0.01796559
v -0.15204033 -0.05063815 0.01820933
v -0.15113785 -0.05191248 0.01841010
v -0.14987835 -0.05364761 0.01856893
v -0.14820231 -0.05586249 0.01868909
v -0.14605025 -0.05855790 0.01877489
v -0.14336264 -0.06173311 0.01883001
v -0.14008000 -0.06543095 0.01883489
v -0.14008000 -0.06320391 0.02417656
v -0.14008000 -0.06021340 0.02930117
v -0.14008000 -0.05649563 0.03414669
v -0.14008000 -0.05209557 0.03865447
v -0.14008000 -0.04706648 0.04276998
v -0.14008000 -0.04146923 0.04644339
v -0.14008000 -0.03537156 0.04963025
v -0.14008000 -0.02884726 0.05229199
v -0.14008000 -0.02197529 0.05439640
v -0.14008000 -0.01483882 0.05591801
v -0.14008000 -0.00752421 0.05683840
v -0.14008000 -0.00012000 0.05714644
v -0.13508000 -0.00012000 -0.05129511
v -0.13508000 -0.00847713 -0.05093253
v -0.13508000 -0.01672512 -0.04984953
v -0.13508000 -0.02475625 -0.04806024
v -0.13508000 -0.03246563 -0.04558805
v -0.13508000 -0.03975257 -0.04246523
v -0.13508000 -0.04652192 -0.03873258
v -0.13508000 -0.05268525 -0.03443883
v -0.13508000 -0.05816209 -0.02964006
v -0.13508000 -0.06288089 -0.02439896
v -0.13508000 -0.06678004 -0.01878395
v -0.13508000 -0.06980861 -0.01286839
v -0.13508000 -0.07192704 -0.00672951
v -0.13508000 -0.07310768 -0.00044751
v -0.13508000 -0.07333510 0.00589558
v -0.13890975 -0.06886268 0.00786142
v -0.14204529 -0.06508076 0.00943777
v -0.14455603 -0.06194834 0.01072083
v -0.14651140 -0.05938580 0.01179831
v -0.14798083 -0.05736212 0.01269898
v -0.14903372 -0.05584339 0.01344991
v -0.14973950 -0.05477838 0.01407840
v -0.15016760 -0.05409618 0.01461199
v -0.15038744 -0.05370999 0.01507752
v -0.15046843 -0.05352290 0.01550007
v -0.15048000 -0.05343330 0.01590223
v -0.15046843 -0.05337260 0.01629780
v -0.15038744 -0.05340871 0.01667657
v -0.15016760 -0.05364158 0.01702529
v -0.14973950 -0.05416530 0.01733415
v -0.14903372 -0.05506298 0.01759684
v -0.14798083 -0.05640109 0.01781050
v -0.14651140 -0.05822608 0.01797520
v -0.14455603 -0.06056689 0.01809286
v -0.14204529 -0.06344926 0.01816562
v -0.13890975 -0.06694583 0.01814380
v -0.13508000 -0.07109095 0.01796723
v -0.13508000 -0.06867091 0.02379362
v -0.13508000 -0.06542124 0.02938324
v -0.13508000 -0.06138127 0.03466845
v -0.13508000 -0.05659989 0.03958529
v -0.13508000 -0.05113497 0.04407424
v -0.13508000 -0.04505265 0.04808098
v -0.13508000 -0.03842654 0.05155703
v -0.13508000 -0.03133683 0.05446030
v -0.13508000 -0.02386932 0.05675567
v -0.13508000 -0.01611438 0.05841535
v -0.13508000 -0.00816588 0.05941927
v -0.13508000 -0.00012000 0.05975526
v -0.13008000 -0.00012000 -0.05772830
v -0.13008000 -0.00910705 -0.05733716
v -0.13008000 -0.01797673 -0.05616884
v -0.13008000 -0.02661321 -0.05423861
v -0.13008000 -0.03490368 -0.05157166
v -0.13008000 -0.04273988 -0.04820284
v -0.13008000 -0.05001946 -0.04417614
v -0.13008000 -0.05664735 -0.03954414
v -0.13008000 -0.06253700 -0.03436735
v -0.13008000 -0.06761149 -0.02871336
v -0.13008000 -0.07180453 -0.02265603
v -0.13008000 -0.07506138 -0.01627445
v -0.13008000 -0.07733949 -0.00965198
v -0.13008000 -0.07860912 -0.00287510
v -0.13008000 -0.07885368 0.00396768
v -0.13445686 -0.07401628 0.00621605
v -0.13804033 -0.06985519 0.00807495
v -0.14090975 -0.06641274 0.00956512
v -0.14314446 -0.06366430 0.01075142
v -0.14482380 -0.06152322 0.01173052
v -0.14602711 -0.05992564 0.01254410
v -0.14683372 -0.05880797 0.01322370
v -0.14732298 -0.05809225 0.01379991
v -0.14757421 -0.05768646 0.01430205
v -0.14766678 -0.05748886 0.01475742
v -0.14768000 -0.05739309 0.01519055
v -0.14766678 -0.05732740 0.01561649
v -0.14757421 -0.05736283 0.01602401
v -0.14732298 -0.05760400 0.01639845
v -0.14683372 -0.05814969 0.01672873
v -0.14602711 -0.05908805 0.01700739
v -0.14482380 -0.06049233 0.01723035
v -0.14314446 -0.06242087 0.01739617
v -0.14090975 -0.06493154 0.01749721
v -0.13804033 -0.06810377 0.01747626
v -0.13445686 -0.07195573 0.01730473
v -0.13008000 -0.07644038 0.01699029
v -0.13008000 -0.07383793 0.02327566
v -0.13008000 -0.07034331 0.02930562
v -0.13008000 -0.06599883 0.03500718
v -0.13008000 -0.06085706 0.04031135
v -0.13008000 -0.05498022 0.04515393
v -0.13008000 -0.04843945 0.04947631
v -0.13008000 -0.04131389 0.05322618
v -0.13008000 -0.03368979 0.05635816
v -0.13008000 -0.02565942 0.05883436
v -0.13008000 -0.01731996 0.06062478
v -0.13008000 -0.00877234 0.06170778
v -0.13008000 -0.00012000 0.06207025
v -0.12508000 -0.00012000 -0.06377881
v -0.12508000 -0.00969024 -0.06336101
v -0.12508000 -0.01913550 -0.06211308
v -0.12508000 -0.02833242 -0.06005131
v -0.12508000 -0.03716088 -0.05720262
v -0.12508000 -0.04550558 -0.05360423
v -0.12508000 -0.05325756 -0.04930312
v -0.12508000 -0.06031555 -0.04435547
v -0.12508000 -0.06658739 -0.03882589
v -0.12508000 -0.07199117 -0.03278661
v -0.12508000 -0.07645632 -0.02631649
v -0.12508000 -0.07992451 -0.01950004
v -0.12508000 -0.08235045 -0.01242627
v -0.12508000 -0.08370247 -0.00518757
v -0.12508000 -0.08396290 0.00212152
v -0.13000397 -0.07890707 0.00453791
v -0.13403537 -0.07445798 0.00662113
v -0.13726347 -0.07072397 0.00833242
v -0.13977752 -0.06772136 0.00970336
v -0.14166678 -0.06541047 0.01079348
v -0.14302050 -0.06371435 0.01167227
v -0.14392793 -0.06253561 0.01240265
v -0.14447835 -0.06178301 0.01302022
v -0.14476099 -0.06135650 0.01355727
v -0.14486512 -0.06114831 0.01404352
v -0.14488000 -0.06104672 0.01450561
v -0.14486512 -0.06097654 0.01495987
v -0.14476099 -0.06101224 0.01539402
v -0.14447835 -0.06126367 0.01579186
v -0.14392793 -0.06183553 0.01614094
v -0.14302050 -0.06282370 0.01643236
v -0.14166678 -0.06431432 0.01665951
v -0.13977752 -0.06639853 0.01679424
v -0.13726347 -0.06914644 0.01680522
v -0.13403537 -0.07259096 0.01667107
v -0.13000397 -0.07671014 0.01639352
v -0.12508000 -0.08139299 0.01603157
v -0.12508000 -0.07862166 0.02274527
v -0.12508000 -0.07490028 0.02918615
v -0.12508000 -0.07027387 0.03527625
v -0.12508000 -0.06479843 0.04094188
v -0.12508000 -0.05854024 0.04611446
v -0.12508000 -0.05157501 0.05073139
v -0.12508000 -0.04398706 0.05473681
v -0.12508000 -0.03586822 0.05808222
v -0.12508000 -0.02731673 0.06072716
v -0.12508000 -0.01843610 0.06263960
v -0.12508000 -0.00933381 0.06379640
v -0.12508000 -0.00012000 0.06418356
v -0.12008000 -0.00012000 -0.06926058
v -0.12008000 -0.01021655 -0.06881834
v -0.12008000 -0.02018125 -0.06749740
v -0.12008000 -0.02988394 -0.06531502
v -0.12008000 -0.03919792 -0.06229969
v -0.12008000 -0.04800154 -0.05849080
v -0.12008000 -0.05617983 -0.05393808
v -0.12008000 -0.06362597 -0.04870100
v -0.12008000 -0.07024273 -0.04284796
v -0.12008000 -0.07594369 -0.03645539
v -0.12008000 -0.08065439 -0.02960678
v -0.12008000 -0.08431331 -0.02239157
v -0.12008000 -0.08687267 -0.01490400
v -0.12008000 -0.08829904 -0.00724185
v -0.12008000 -0.08857379 0.00049481
v -0.12555107 -0.08347222 0.00292395
v -0.13003041 -0.07884346 0.00514659
v -0.13361719 -0.07488567 0.00703438
v -0.13641058 -0.07166550 0.00857473
v -0.13850975 -0.06916860 0.00980878
v -0.14001388 -0.06733227 0.01079587
v -0.14102215 -0.06606599 0.01159546
v -0.14163372 -0.06526378 0.01225971
v -0.14194777 -0.06481154 0.01283199
v -0.14206347 -0.06459138 0.01334800
v -0.14208000 -0.06448404 0.01383761
v -0.14206347 -0.06440992 0.01431871
v -0.14194777 -0.06444786 0.01477771
v -0.14163372 -0.06471512 0.01519593
v -0.14102215 -0.06532631 0.01555620
v -0.14001388 -0.06639095 0.01584073
v -0.13850975 -0.06800935 0.01602916
v -0.13641058 -0.07026550 0.01609869
v -0.13361719 -0.07321516 0.01602899
v -0.13003041 -0.07686630 0.01581604
v -0.12555107 -0.08114799 0.01550056
v -0.12008000 -0.08586256 0.01521858
v -0.12008000 -0.08293882 0.02232502
v -0.12008000 -0.07901277 0.02914267
v -0.12008000 -0.07413194 0.03558903
v -0.12008000 -0.06835539 0.04158609
v -0.12008000 -0.06175302 0.04706126
v -0.12008000 -0.05440475 0.05194828
v -0.12008000 -0.04639951 0.05618800
v -0.12008000 -0.03783417 0.05972912
v -0.12008000 -0.02881240 0.06252878
v -0.12008000 -0.01944339 0.06455309
v -0.12008000 -0.00984051 0.06577756
v -0.12008000 -0.00012000 0.06618737
v -0.11536947 -0.00012000 -0.07373773
v -0.11536947 -0.01032230 -0.07330333
v -0.11536947 -0.02039957 -0.07200544
v -0.11536947 -0.03022833 -0.06985997
v -0.11536947 -0.03968813 -0.06689322
v -0.11536947 -0.04866305 -0.06314153
v -0.11536947 -0.05704311 -0.05865088
v -0.11536947 -0.06472560 -0.05347630
v -0.11536947 -0.07161639 -0.04768121
v -0.11536947 -0.07763104 -0.04133662
v -0.11536947 -0.08269584 -0.03452028
v -0.11536947 -0.08674872 -0.02731571
v -0.11536947 -0.08974003 -0.01981121
v -0.11536947 -0.09163309 -0.01209873
v -0.11536947 -0.09240471 -0.00427280
v -0.11536947 -0.08839519 0.01787628
v -0.11536947 -0.08503929 0.02494606
v -0.11536947 -0.08072674 0.03170283
v -0.11536947 -0.07550611 0.03807044
v -0.11536947 -0.06943621 0.04397718
v -0.11536947 -0.06258542 0.04935650
v -0.11536947 -0.05503093 0.05414780
v -0.11536947 -0.04685784 0.05829709
v -0.11536947 -0.03815822 0.06175765
v -0.11536947 -0.02903007 0.06449047
v -0.11536947 -0.01957624 0.06646478
v -0.11536947 -0.00990323 0.06765834
v -0.11536947 -0.00012000 0.06805769
v -0.11065895 -0.00012000 -0.07738936
v -0.11065895 -0.01046052 -0.07695628
v -0.11065895 -0.02067949 -0.07566212
v -0.11065895 -0.03065680 -0.07352210
v -0.11065895 -0.04027518 -0.07056136
v -0.11065895 -0.04942156 -0.06681472
v -0.11065895 -0.05798843 -0.06232620
v -0.11065895 -0.06587510 -0.05714858
v -0.11065895 -0.07298887 -0.05134270
v -0.11065895 -0.07924612 -0.04497682
v -0.11065895 -0.08457330 -0.03812576
v -0.11065895 -0.08890779 -0.03087004
v -0.11065895 -0.09219864 -0.02329496
v -0.11065895 -0.09440718 -0.01548955
v -0.11065895 -0.09550743 -0.00754556
v -0.11065895 -0.09064210 0.01981893
v -0.11065895 -0.08699499 0.02693024
v -0.11065895 -0.08241217 0.03371164
v -0.11065895 -0.07694300 0.04009009
v -0.11065895 -0.07064637 0.04599687
v -0.11065895 -0.06359011 0.05136839
v -0.11065895 -0.05585023 0.05614676
v -0.11065895 -0.04751008 0.06028054
v -0.11065895 -0.03865950 0.06372520
v -0.11065895 -0.02939381 0.06644363
v -0.11065895 -0.01981282 0.06840655
v -0.11065895 -0.01001973 0.06959283
v -0.11065895 -0.00012000 0.06998968
v -0.10594842 -0.00012000 -0.08006029
v -0.10594842 -0.01054434 -0.07962930
v -0.10594842 -0.02085054 -0.07834124
v -0.10594842 -0.03092181 -0.07621070
v -0.10594842 -0.04064401 -0.07326181
v -0.10594842 -0.04990697 -0.06952801
v -0.10594842 -0.05860571 -0.06505160
v -0.10594842 -0.06664165 -0.05988331
v -0.10594842 -0.07392373 -0.05408172
v -0.10594842 -0.08036941 -0.04771257
v -0.10594842 -0.08590566 -0.04084804
v -0.10594842 -0.09046972 -0.03356592
v -0.10594842 -0.09400989 -0.02594874
v -0.10594842 -0.09648603 -0.01808283
v -0.10594842 -0.09787009 -0.01005732
v -0.10594842 -0.09228098 0.02198587
v -0.10594842 -0.08839731 0.02911880
v -0.10594842 -0.08359879 0.03590852
v -0.10594842 -0.07793517 0.04228466
v -0.10594842 -0.07146514 0.04818114
v -0.10594842 -0.06425574 0.05353686
v -0.10594842 -0.05638169 0.05829631
v -0.10594842 -0.04792458 0.06241017
v -0.10594842 -0.03897207 0.06583581
v -0.10594842 -0.02961693 0.06853772
v -0.10594842 -0.01995610 0.07048791
v -0.10594842 -0.01008971 0.07166617
v -0.10594842 -0.00012000 0.07206029
v -0.10123789 -0.00012000 -0.08216218
v -0.10123789 -0.01059779 -0.08173395
v -0.10123789 -0.02096077 -0.08045395
v -0.10123789 -0.03109538 -0.07833620
v -0.10123789 -0.04089059 -0.07540391
v -0.10123789 -0.05023904 -0.07168921
v -0.10123789 -0.05903832 -0.06723280
v -0.10123789 -0.06719200 -0.06208352
v -0.10123789 -0.07461073 -0.05629779
v -0.10123789 -0.08121323 -0.04993900
v -0.10123789 -0.08692715 -0.04307684
v -0.10123789 -0.09168988 -0.03578649
v -0.10123789 -0.09544923 -0.02814784
v -0.10123789 -0.09816401 -0.02024459
v -0.10123789 -0.09980447 -0.01216333
v -0.10123789 -0.09357343 0.02425700
v -0.10123789 -0.08948559 0.03139649
v -0.10123789 -0.08450351 0.03818179
v -0.10123789 -0.07867702 0.04454499
v -0.10123789 -0.07206444 0.05042241
v -0.10123789 -0.06473193 0.05575525
v -0.10123789 -0.05675288 0.06049014
v -0.10123789 -0.04820712 0.06457969
v -0.10123789 -0.03918016 0.06798299
v -0.10123789 -0.02976235 0.07066598
v -0.10123789 -0.02004791 0.07260181
v -0.10123789 -0.01013406 0.07377111
v -0.10123789 -0.00012000 0.07416218
v -0.09652737 -0.00012000 -0.08415413
v -0.09652737 -0.01064893 -0.08372870
v -0.09652737 -0.02106610 -0.08245691
v -0.09652737 -0.03126091 -0.08035227
v -0.09652737 -0.04112515 -0.07743712
v -0.09652737 -0.05055410 -0.07374240
v -0.09652737 -0.05944768 -0.06930734
v -0.09652737 -0.06771146 -0.06417902
v -0.09652737 -0.07525774 -0.05841187
v -0.09652737 -0.08200639 -0.05206711
v -0.09652737 -0.08788579 -0.04521211
v -0.09652737 -0.09283352 -0.03791961
v -0.09652737 -0.09679706 -0.03026705
v -0.09652737 -0.09973433 -0.02233566
v -0.09652737 -0.10161415 -0.01420962
v -0.09652737 -0.09479094 0.02642183
v -0.09652737 -0.09051475 0.03356401
v -0.09652737 -0.08536298 0.04034234
v -0.09652737 -0.07938554 0.04669116
v -0.09652737 -0.07264031 0.05254898
v -0.09652737 -0.06519265 0.05785906
v -0.09652737 -0.05711468 0.06256997
v -0.09652737 -0.04848465 0.06663606
v -0.09652737 -0.03938616 0.07001797
v -0.09652737 -0.02990733 0.07268293
v -0.09652737 -0.02013997 0.07460513
v -0.09652737 -0.01017870 0.07576594
v -0.09652737 -0.00012000 0.07615413
v -0.09181684 -0.00012000 -0.08603576
v -0.09181684 -0.01069398 -0.08561331
v -0.09181684 -0.02115906 -0.08435033
v -0.09181684 -0.03140746 -0.08225982
v -0.09181684 -0.04133362 -0.07936332
v -0.09181684 -0.05083533 -0.07569064
v -0.09181684 -0.05981472 -0.07127962
v -0.09181684 -0.06817932 -0.06617569
v -0.09181684 -0.07584297 -0.06043141
v -0.09181684 -0.08272674 -0.05410595
v -0.09181684 -0.08875975 -0.04726444
v -0.09181684 -0.09387986 -0.03997735
v -0.09181684 -0.09803434 -0.03231973
v -0.09181684 -0.10118039 -0.02437044
v -0.09181684 -0.10328563 -0.01621136
v -0.09181684 -0.09591308 0.02849727
v -0.09181684 -0.09146237 0.03563650
v -0.09181684 -0.08615365 0.04240341
v -0.09181684 -0.08003678 0.04873443
v -0.09181684 -0.07316921 0.05457009
v -0.09181684 -0.06561546 0.05985558
v -0.09181684 -0.05744649 0.06454124
v -0.09181684 -0.04873902 0.06858307
v -0.09181684 -0.03957485 0.07194309
v -0.09181684 -0.03004007 0.07458975
v -0.09181684 -0.02022424 0.07649818
v -0.09181684 -0.01021955 0.07765046
v -0.09181684 -0.00012000 0.07803576
v -0.08710632 -0.00012000 -0.08780665
v -0.08710632 -0.01073020 -0.08738746
v -0.08710632 -0.02123426 -0.08613408
v -0.08710632 -0.03152710 -0.08405904
v -0.08710632 -0.04150575 -0.08118312
v -0.08710632 -0.05107038 -0.07753506
v -0.08710632 -0.06012531 -0.07315138
v -0.08710632 -0.06857997 -0.06807592
v -0.08710632 -0.07634977 -0.06235946
v -0.08710632 -0.08335698 -0.05605919
v -0.08710632 -0.08953150 -0.04923812
v -0.08710632 -0.09481157 -0.04196451
v -0.08710632 -0.09914437 -0.03431110
v -0.08710632 -0.10248654 -0.02635447
v -0.08710632 -0.10480467 -0.01817421
v -0.08710632 -0.09692269 0.03049087
v -0.08710632 -0.09231053 0.03762081
v -0.08710632 -0.08685728 0.04437102
v -0.08710632 -0.08061268 0.05067992
v -0.08710632 -0.07363370 0.05648994
v -0.08710632 -0.06598403 0.06174809
v -0.08710632 -0.05773345 0.06640639
v -0.08710632 -0.04895723 0.07042234
v -0.08710632 -0.03973544 0.07375929
v -0.08710632 -0.03015223 0.07638681
v -0.08710632 -0.02029501 0.07828093
v -0.08710632 -0.01025373 0.07942435
v -0.08710632 -0.00012000 0.07980665
v -0.08239579 -0.00012000 -0.08946644
v -0.08239579 -0.01075545 -0.08905079
v -0.08239579 -0.02128746 -0.08780787
v -0.08239579 -0.03161358 -0.08574978
v -0.08239579 -0.04163337 -0.08289653
v -0.08239579 -0.05124937 -0.07927588
v -0.08239579 -0.06036804 -0.07492304
v -0.08239579 -0.06890071 -0.06988035
v -0.08239579 -0.07676436 -0.06419686
v -0.08239579 -0.08388252 -0.05792786
v -0.08239579 -0.09018594 -0.05113431
v -0.08239579 -0.09561332 -0.04388231
v -0.08239579 -0.10011186 -0.03624238
v -0.08239579 -0.10363781 -0.02828884
v -0.08239579 -0.10615687 -0.02009904
v -0.08239579 -0.09780457 0.03240549
v -0.08239579 -0.09304383 0.03951960
v -0.08239579 -0.08745859 0.04624757
v -0.08239579 -0.08109841 0.05252970
v -0.08239579 -0.07401970 0.05831024
v -0.08239579 -0.06628530 0.06353792
v -0.08239579 -0.05796382 0.06816634
v -0.08239579 -0.04912909 0.07215443
v -0.08239579 -0.03985951 0.07546681
v -0.08239579 -0.03023733 0.07807409
v -0.08239579 -0.02034792 0.07995314
v -0.08239579 -0.01027903 0.08108727
v -0.08239579 -0.00012000 0.08146644
v -0.07768526 -0.00012000 -0.09101473
v -0.07768526 -0.01076796 -0.09060291
v -0.07768526 -0.02131512 -0.08937134
v -0.07768526 -0.03166167 -0.08733167
v -0.07768526 -0.04170965 -0.08450323
v -0.07768526 -0.05136396 -0.08091277
v -0.07768526 -0.06053321 -0.07659429
v -0.07768526 -0.06913062 -0.07158865
v -0.07768526 -0.07707481 -0.06594325
v -0.07768526 -0.08429056 -0.05971153
v -0.07768526 -0.09070960 -0.05295245
v -0.07768526 -0.09627115 -0.04573002
v -0.07768526 -0.10092257 -0.03811258
v -0.07768526 -0.10461983 -0.03017225
v -0.07768526 -0.10732794 -0.02198418
v -0.07768526 -0.09854479 0.03424144
v -0.07768526 -0.09364850 0.04133329
v -0.07768526 -0.08794420 0.04803350
v -0.07768526 -0.08148115 0.05428417
v -0.07768526 -0.07431521 0.06003132
v -0.07768526 -0.06650827 0.06522527
v -0.07768526 -0.05812779 0.06982118
v -0.07768526 -0.04924616 0.07377932
v -0.07768526 -0.03994012 0.07706550
v -0.07768526 -0.03029006 0.07965134
v -0.07768526 -0.02037936 0.08151449
v -0.07768526 -0.01029362 0.08263886
v -0.07768526 -0.00012000 0.08301473
v -0.07297474 -0.00012000 -0.09245113
v -0.07297474 -0.01076617 -0.09204342
v -0.07297474 -0.02131420 -0.09082406
v -0.07297474 -0.03166684 -0.08880427
v -0.07297474 -0.04172865 -0.08600269
v -0.07297474 -0.05140688 -0.08244514
v -0.07297474 -0.06061231 -0.07816442
v -0.07297474 -0.06926007 -0.07319998
v -0.07297474 -0.07727043 -0.06759761
v -0.07297474 -0.08456956 -0.06140893
v -0.07297474 -0.09109016 -0.05469102
v -0.07297474 -0.09677213 -0.04750579
v -0.07297474 -0.10156307 -0.03991949
v -0.07297474 -0.10541882 -0.03200205
v -0.07297474 -0.10830384 -0.02382647
v -0.07297474 -0.09913036 0.03599759
v -0.07297474 -0.09411191 0.04306100
v -0.07297474 -0.08830198 0.04972810
v -0.07297474 -0.08174949 0.05594278
v -0.07297474 -0.07450961 0.06165269
v -0.07297474 -0.06664331 0.06680975
v -0.07297474 -0.05821683 0.07137053
v -0.07297474 -0.04930113 0.07529664
v -0.07297474 -0.03997128 0.07855500
v -0.07297474 -0.03030585 0.08111819
v -0.07297474 -0.02038624 0.08296461
v -0.07297474 -0.01029596 0.08407872
v -0.07297474 -0.00012000 0.08445113
v -0.06826421 -0.00012000 -0.09377525
v -0.06826421 -0.01074874 -0.09337193
v -0.06826421 -0.02128198 -0.09216558
v -0.06826421 -0.03162508 -0.09016705
v -0.06826421 -0.04168509 -0.08739429
v -0.06826421 -0.05137164 -0.08387222
v -0.06826421 -0.06059768 -0.07963248
v -0.06826421 -0.06928032 -0.07471317
v -0.06826421 -0.07734154 -0.06915849
v -0.06826421 -0.08470891 -0.06301835
v -0.06826421 -0.09131623 -0.05634792
v -0.06826421 -0.09710414 -0.04920713
v -0.06826421 -0.10202062 -0.04166015
v -0.06826421 -0.10602152 -0.03377478
v -0.06826421 -0.10907086 -0.02562188
v -0.06826421 -0.09954900 0.03767196
v -0.06826421 -0.09442229 0.04470106
v -0.06826421 -0.08852079 0.05133002
v -0.06826421 -0.08189297 0.05750439
v -0.06826421 -0.07459329 0.06317343
v -0.06826421 -0.06668173 0.06829057
v -0.06826421 -0.05822329 0.07281376
v -0.06826421 -0.04928747 0.07670583
v -0.06826421 -0.03994768 0.07993482
v -0.06826421 -0.03028066 0.08247419
v -0.06826421 -0.02036584 0.08430307
v -0.06826421 -0.01028468 0.08540645
v -0.06826421 -0.00012000 0.08577525
v -0.06355368 -0.00012000 -0.09498671
v -0.06355368 -0.01071444 -0.09458802
v -0.06355368 -0.02121603 -0.09339545
v -0.06355368 -0.03153274 -0.09141945
v -0.06355368 -0.04157416 -0.08867734
v -0.06355368 -0.05125230 -0.08519314
v -0.06355368 -0.06048233 -0.08099740
v -0.06355368 -0.06918336 -0.07612687
v -0.06355368 -0.07727914 -0.07062426
v -0.06355368 -0.08469873 -0.06453777
v -0.06355368 -0.09137711 -0.05792075
v -0.06355368 -0.09725573 -0.05083119
v -0.06355368 -0.10228310 -0.04333121
v -0.06355368 -0.10641514 -0.03548655
v -0.06355368 -0.10961565 -0.02736595
v -0.06355368 -0.09978904 0.03926204
v -0.06355368 -0.09456853 0.04625139
v -0.06355368 -0.08859015 0.05283751
v -0.06355368 -0.08190187 0.05896756
v -0.06355368 -0.07455736 0.06459235
v -0.06355368 -0.06661556 0.06966674
v -0.06355368 -0.05814019 0.07415002
v -0.06355368 -0.04919925 0.07800622
v -0.06355368 -0.03986450 0.08120438
v -0.06355368 -0.03021083 0.08371885
v -0.06355368 -0.02031571 0.08552946
v -0.06355368 -0.01025853 0.08662166
v -0.06355368 -0.00012000 0.08698671
v -0.05884316 -0.00012000 -0.09608511
v -0.05884316 -0.01066213 -0.09569128
v -0.05884316 -0.02111410 -0.09451319
v -0.05884316 -0.03138649 -0.09256089
v -0.05884316 -0.04139145 -0.08985110
v -0.05884316 -0.05104339 -0.08640698
v -0.05884316 -0.06025976 -0.08225800
v -0.05884316 -0.06896174 -0.07743965
v -0.05884316 -0.07707487 -0.07199313
v -0.05884316 -0.08452979 -0.06596505
v -0.05884316 -0.09126270 -0.05940694
v -0.05884316 -0.09721604 -0.05237492
v -0.05884316 -0.10233887 -0.04492913
v -0.05884316 -0.10658738 -0.03713325
v -0.05884316 -0.10992522 -0.02905397
v -0.05884316 -0.09983923 0.04076511
v -0.05884316 -0.09454000 0.04770966
v -0.05884316 -0.08850015 0.05424860
v -0.05884316 -0.08176704 0.06033065
v -0.05884316 -0.07439350 0.06590808
v -0.05884316 -0.06643735 0.07093715
v -0.05884316 -0.05796101 0.07537842
v -0.05884316 -0.04903097 0.07919704
v -0.05884316 -0.03971727 0.08236307
v -0.05884316 -0.03009296 0.08485166
v -0.05884316 -0.02023356 0.08664331
v -0.05884316 -0.01021638 0.08772395
v -0.05884316 -0.00012000 0.08808511
v -0.05413263 -0.00012000 -0.09707006
v -0.05413263 -0.01059079 -0.09668131
v -0.05413263 -0.02097410 -0.09551832
v -0.05413263 -0.03118321 -0.09359079
v -0.05413263 -0.04113281 -0.09091483
v -0.05413263 -0.05073980 -0.08751280
v -0.05413263 -0.05992392 -0.08341311
v -0.05413263 -0.06860844 -0.07865002
v -0.05413263 -0.07672082 -0.07326331
v -0.05413263 -0.08419329 -0.06729798
v -0.05413263 -0.09096342 -0.06080387
v -0.05413263 -0.09697466 -0.05383523
v -0.05413263 -0.10217678 -0.04645027
v -0.05413263 -0.10652634 -0.03871068
v -0.05413263 -0.10998699 -0.03068113
v -0.05413263 -0.09968869 0.04217830
v -0.05413263 -0.09432650 0.04907344
v -0.05413263 -0.08824127 0.05556125
v -0.05413263 -0.08147973 0.06159193
v -0.05413263 -0.07409375 0.06711920
v -0.05413263 -0.06614002 0.07210063
v -0.05413263 -0.05767960 0.07649799
v -0.05413263 -0.04877741 0.08027753
v -0.05413263 -0.03950177 0.08341025
v -0.05413263 -0.02992388 0.08587210
v -0.05413263 -0.02011725 0.08764418
v -0.05413263 -0.01015714 0.08871291
v -0.05413263 -0.00012000 0.08907006
v -0.04942211 -0.00012000 -0.09794118
v -0.04942211 -0.01049941 -0.09755769
v -0.04942211 -0.02079408 -0.09641036
v -0.04942211 -0.03091995 -0.09450855
v -0.04942211 -0.04079436 -0.09186780
v -0.04942211 -0.05033669 -0.08850966
v -0.04942211 -0.05946903 -0.08446154
v -0.04942211 -0.06811683 -0.07975650
v -0.04942211 -0.07620946 -0.07443296
v -0.04942211 -0.08368087 -0.06853437
v -0.04942211 -0.09047006 -0.06210890
v -0.04942211 -0.09652159 -0.05520901
v -0.04942211 -0.10178606 -0.04789102
v -0.04942211 -0.10622049 -0.04021469
v -0.04942211 -0.10978867 -0.03224268
v -0.04942211 -0.09932681 0.04349873
v -0.04942211 -0.09391807 0.05034028
v -0.04942211 -0.08780430 0.05677338
v -0.04942211 -0.08103147 0.06274968
v -0.04942211 -0.07365047 0.06822427
v -0.04942211 -0.06571678 0.07315598
v -0.04942211 -0.05729004 0.07750777
v -0.04942211 -0.04843359 0.08124690
v -0.04942211 -0.03921399 0.08434528
v -0.04942211 -0.02970054 0.08677962
v -0.04942211 -0.01996476 0.08853163
v -0.04942211 -0.01007981 0.08958813
v -0.04942211 -0.00012000 0.08994118
v -0.04471158 -0.00012000 -0.09872433
v -0.04471158 -0.01039775 -0.09834607
v -0.04471158 -0.02059343 -0.09721430
v -0.04471158 -0.03062564 -0.09533807
v -0.04471158 -0.04041428 -0.09273234
v -0.04471158 -0.04988118 -0.08941794
v -0.04471158 -0.05895076 -0.08542132
v -0.04471158 -0.06755060 -0.08077439
v -0.04471158 -0.07561204 -0.07551426
v -0.04471158 -0.08307071 -0.06968293
v -0.04471158 -0.08986705 -0.06332695
v -0.04471158 -0.09594680 -0.05649709
v -0.04471158 -0.10126141 -0.04924786
v -0.04471158 -0.10576845 -0.04163716
v -0.04471158 -0.10943193 -0.03372575
v -0.04471158 -0.09884577 0.04477343
v -0.04471158 -0.09340193 0.05156119
v -0.04471158 -0.08727080 0.05793976
v -0.04471158 -0.08049755 0.06386214
v -0.04471158 -0.07313208 0.06928470
v -0.04471158 -0.06522867 0.07416747
v -0.04471158 -0.05684555 0.07847450
v -0.04471158 -0.04804448 0.08217403
v -0.04471158 -0.03889030 0.08523882
v -0.04471158 -0.02945047 0.08764629
v -0.04471158 -0.01979454 0.08937869
v -0.04471158 -0.00999364 0.09042326
v -0.04471158 -0.00012000 0.09077231
v -0.04000105 -0.00012000 -0.09945026
v -0.04000105 -0.01029950 -0.09907694
v -0.04000105 -0.02039946 -0.09795991
v -0.04000105 -0.03034095 -0.09610790
v -0.04000105 -0.04004630 -0.09353537
v -0.04000105 -0.04943967 -0.09026243
v -0.04000105 -0.05844766 -0.08631465
v -0.04000105 -0.06699987 -0.08172288
v -0.04000105 -0.07502949 -0.07652300
v -0.04000105 -0.08247377 -0.07075565
v -0.04000105 -0.08927454 -0.06446588
v -0.04000105 -0.09537866 -0.05770284
v -0.04000105 -0.10073843 -0.05051939
v -0.04000105 -0.10531198 -0.04297165
v -0.04000105 -0.10906356 -0.03511860
v -0.04000105 -0.09837772 0.04606093
v -0.04000105 -0.09290280 0.05279916
v -0.04000105 -0.08675716 0.05912751
v -0.04000105 -0.07998521 0.06500025
v -0.04000105 -0.07263593 0.07037491
v -0.04000105 -0.06476242 0.07521265
v -0.04000105 -0.05642163 0.07947849
v -0.04000105 -0.04767383 0.08314160
v -0.04000105 -0.03858226 0.08617549
v -0.04000105 -0.02921265 0.08855823
v -0.04000105 -0.01963273 0.09027260
v -0.04000105 -0.00991176 0.09130621
v -0.04000105 -0.00012000 0.09165157
v -0.03529053 -0.07446249 -0.07745593
v -0.03529053 -0.08189099 -0.07174990
v -0.03529053 -0.08869376 -0.06552370
v -0.03529053 -0.09481874 -0.05882499
v -0.03529053 -0.10021908 -0.05170502
v -0.03529053 -0.10485343 -0.04421828
v -0.03529053 -0.10868634 -0.03642206
v -0.03529053 -0.09792442 0.04735114
v -0.03529053 -0.09242206 0.05404341
v -0.03529053 -0.08626443 0.06032522
v -0.03529053 -0.07949523 0.06615196
v -0.03529053 -0.07216253 0.07148228
v -0.03529053 -0.06431839 0.07627833
v -0.03529053 -0.05601848 0.08050607
v -0.03529053 -0.04732174 0.08413548
v -0.03529053 -0.03828990 0.08714080
v -0.03529053 -0.02898708 0.08950068
v -0.03529053 -0.01947934 0.09119838
v -0.03529053 -0.00983415 0.09222185
v -0.03529053 -0.00012000 0.09256382
v -0.03058000 -0.07391131 -0.07830944
v -0.03058000 -0.08132282 -0.07266266
v -0.03058000 -0.08812540 -0.06649803
v -0.03058000 -0.09426802 -0.05986177
v -0.03058000 -0.09970463 -0.05280366
v -0.03058000 -0.10439445 -0.04537662
v -0.03058000 -0.10830232 -0.03763634
v -0.03058000 -0.09748698 0.04863321
v -0.03058000 -0.09196051 0.05528246
v -0.03058000 -0.08579315 0.06152075
v -0.03058000 -0.07902792 0.06730455
v -0.03058000 -0.07171205 0.07259351
v -0.03058000 -0.06389657 0.07735072
v -0.03058000 -0.05563604 0.08154297
v -0.03058000 -0.04698810 0.08514101
v -0.03058000 -0.03801309 0.08811974
v -0.03058000 -0.02877364 0.09045837
v -0.03058000 -0.01933425 0.09214057
v -0.03058000 -0.00976076 0.09315461
v -0.03058000 -0.00012000 0.09349341
v -0.02586947 -0.07337625 -0.07907969
v -0.02586947 -0.08076976 -0.07349062
v -0.02586947 -0.08757017 -0.06738611
v -0.02586947 -0.09372746 -0.06081103
v -0.02586947 -0.09919636 -0.05381376
v -0.02586947 -0.10393664 -0.04644573
v -0.02586947 -0.10791346 -0.03876115
v -0.02586947 -0.09706647 0.04989590
v -0.02586947 -0.09151896 0.05650445
v -0.02586947 -0.08534388 0.06270169
v -0.02586947 -0.07858365 0.06844506
v -0.02586947 -0.07128467 0.07369513
v -0.02586947 -0.06349707 0.07841585
v -0.02586947 -0.05527430 0.08257481
v -0.02586947 -0.04667284 0.08614345
v -0.02586947 -0.03775173 0.08909726
v -0.02586947 -0.02857224 0.09141598
v -0.02586947 -0.01919739 0.09308367
v -0.02586947 -0.00969156 0.09408889
v -0.02586947 -0.00012000 0.09442473
v -0.16777076 -0.00012000 0.01765378
v -0.16777018 -0.00048377 0.01767776
v -0.16776852 -0.00084638 0.01775026
v -0.16776600 -0.00120580 0.01787271
v -0.16776294 -0.00155862 0.01804664
v -0.16775964 -0.00190003 0.01827292
v -0.16775642 -0.00222425 0.01855113
v -0.16775348 -0.00252502 0.01887930
v -0.16775102 -0.00279618 0.01925390
v -0.16774913 -0.00303202 0.01967004
v -0.16774792 -0.00322755 0.02012169
v -0.16774746 -0.00337862 0.02060194
v -0.16774782 -0.00348199 0.02110319
v -0.16774910 -0.00353534 0.02161737
v -0.16775140 -0.00353731 0.02213603
v -0.16775166 -0.00353501 0.02218132
v -0.16775192 -0.00353232 0.02222657
v -0.16775220 -0.00352924 0.02227178
v -0.16775248 -0.00352575 0.02231693
v -0.16775277 -0.00352187 0.02236203
v -0.16775308 -0.00351760 0.02240707
v -0.16775339 -0.00351293 0.02245204
v -0.16775371 -0.00350786 0.02249694
v -0.16775405 -0.00350240 0.02254176
v -0.16775439 -0.00349655 0.02258649
v -0.16775475 -0.00349030 0.02263114
v -0.16775511 -0.00348366 0.02267568
v -0.16775549 -0.00347663 0.02272013
v -0.16775587 -0.00346920 0.02276446
v -0.16775627 -0.00346139 0.02280868
v -0.16775668 -0.00345319 0.02285278
v -0.16775710 -0.00344459 0.02289675
v -0.16775754 -0.00343561 0.02294059
v -0.16775798 -0.00342625 0.02298429
v -0.16775844 -0.00341649 0.02302784
v -0.16775891 -0.00340636 0.02307125
v -0.16775939 -0.00339584 0.02311449
v -0.16776561 -0.00325519 0.02357847
v -0.16777373 -0.00307075 0.02401491
v -0.16778418 -0.00284596 0.02441613
v -0.16779747 -0.00258548 0.02477490
v -0.16781413 -0.00229542 0.02508477
v -0.16783459 -0.00198341 0.02534075
v -0.16785891 -0.00165852 0.02554025
v -0.16788637 -0.00133066 0.02568421
v -0.16791489 -0.00100913 0.02577805
v -0.16794077 -0.00070038 0.02583157
v -0.16795923 -0.00040563 0.02585678
v -0.16796596 -0.00012000 0.02586385
v -0.16279901 -0.00012000 0.00086509
v -0.16279848 -0.00270166 0.00097730
v -0.16279693 -0.00524941 0.00131247
v -0.16279446 -0.00772977 0.00186622
v -0.16279124 -0.01011011 0.00263131
v -0.16278748 -0.01235906 0.00359768
v -0.16278344 -0.01444694 0.00475260
v -0.16277941 -0.01634613 0.00608077
v -0.16277568 -0.01803146 0.00756452
v -0.16277258 -0.01948058 0.00918399
v -0.16277042 -0.02067421 0.01091740
v -0.16276956 -0.02159652 0.01274134
v -0.16277034 -0.02223532 0.01463103
v -0.16277313 -0.02258227 0.01656074
v -0.16277832 -0.02263303 0.01850415
v -0.16331893 -0.02074252 0.01903155
v -0.16376270 -0.01913664 0.01947744
v -0.16411870 -0.01781596 0.01985009
v -0.16439638 -0.01676650 0.02015904
v -0.16460533 -0.01596476 0.02041425
v -0.16475528 -0.01538113 0.02062556
v -0.16485601 -0.01498218 0.02080232
v -0.16491734 -0.01473215 0.02095319
v -0.16494911 -0.01459400 0.02108597
v -0.16496119 -0.01453005 0.02120758
v -0.16496342 -0.01450244 0.02132393
v -0.16496239 -0.01448594 0.02143859
v -0.16495152 -0.01450552 0.02154913
v -0.16492097 -0.01459843 0.02165256
v -0.16486089 -0.01480127 0.02174687
v -0.16476146 -0.01514960 0.02183107
v -0.16461290 -0.01567732 0.02190513
v -0.16440546 -0.01641560 0.02197002
v -0.16412948 -0.01739153 0.02202757
v -0.16377546 -0.01862587 0.02208040
v -0.16333410 -0.02012982 0.02213164
v -0.16279656 -0.02190021 0.02218450
v -0.16281043 -0.02113377 0.02395004
v -0.16282780 -0.02011332 0.02563564
v -0.16284875 -0.01885246 0.02722085
v -0.16287310 -0.01736778 0.02868697
v -0.16290034 -0.01567852 0.03001731
v -0.16292951 -0.01380621 0.03119739
v -0.16295923 -0.01177425 0.03221503
v -0.16298770 -0.00960747 0.03306032
v -0.16301287 -0.00733177 0.03372544
v -0.16303268 -0.00497380 0.03420457
v -0.16304538 -0.00256072 0.03449363
v -0.16304975 -0.00012000 0.03459025
v -0.15790587 -0.00012000 -0.01141752
v -0.15790531 -0.00420167 -0.01124412
v -0.15790369 -0.00822914 -0.01072631
v -0.15790108 -0.01214895 -0.00987115
v -0.15789762 -0.01590907 -0.00869037
v -0.15789352 -0.01945965 -0.00720013
v -0.15788907 -0.02275366 -0.00542082
v -0.15788462 -0.02574757 -0.00337683
v -0.15788063 -0.02840190 -0.00109615
v -0.15787765 -0.03068187 0.00139001
v -0.15787633 -0.03255778 0.00404768
v -0.15787742 -0.03400553 0.00684066
v -0.15788174 -0.03500690 0.00973107
v -0.15789018 -0.03554982 0.01268001
v -0.15790358 -0.03562850 0.01564813
v -0.15898198 -0.03321855 0.01644785
v -0.15986585 -0.03115614 0.01713136
v -0.16054695 -0.02942987 0.01772199
v -0.16108564 -0.02792363 0.01822460
v -0.16149396 -0.02670360 0.01864462
v -0.16178810 -0.02578195 0.01899272
v -0.16198605 -0.02513720 0.01928189
v -0.16210663 -0.02472759 0.01952576
v -0.16216902 -0.02449973 0.01973748
v -0.16219257 -0.02439410 0.01992913
v -0.16219672 -0.02434867 0.02011132
v -0.16219441 -0.02432163 0.02029047
v -0.16217271 -0.02435437 0.02046207
v -0.16211224 -0.02450785 0.02062044
v -0.16199371 -0.02483980 0.02076158
v -0.16179807 -0.02540124 0.02088317
v -0.16150673 -0.02623108 0.02098438
v -0.16110207 -0.02734780 0.02106542
v -0.16056864 -0.02873658 0.02112662
v -0.15989596 -0.03032987 0.02116663
v -0.15901763 -0.03224279 0.02121969
v -0.15794583 -0.03448095 0.02126980
v -0.15797570 -0.03328206 0.02397057
v -0.15801118 -0.03168582 0.02655438
v -0.15805151 -0.02971242 0.02899158
v -0.15809543 -0.02738621 0.03125444
v -0.15814126 -0.02473533 0.03331734
v -0.15818698 -0.02179149 0.03515685
v -0.15823041 -0.01858961 0.03675185
v -0.15826938 -0.01516761 0.03808376
v -0.15830194 -0.01156602 0.03913683
v -0.15832644 -0.00782764 0.03989837
v -0.15834164 -0.00399704 0.04035908
v -0.15834679 -0.00012000 0.04051329
v -0.15298113 -0.00012000 -0.02108993
v -0.15298058 -0.00531011 -0.02086934
v -0.15297895 -0.01043124 -0.02021061
v -0.15297632 -0.01541532 -0.01912278
v -0.15297285 -0.02019616 -0.01762080
v -0.15296874 -0.02471033 -0.01572533
v -0.15296432 -0.02889801 -0.01346242
v -0.15295999 -0.03270389 -0.01086320
v -0.15295629 -0.03607788 -0.00796339
v -0.15295392 -0.03897586 -0.00480278
v -0.15295371 -0.04136034 -0.00142463
v -0.15295665 -0.04320096 0.00212508
v -0.15296382 -0.04447492 0.00579837
v -0.15297637 -0.04516725 0.00954613
v -0.15299534 -0.04527091 0.01331896
v -0.15460610 -0.04230627 0.01435466
v -0.15592649 -0.03972068 0.01524650
v -0.15698506 -0.03753755 0.01600393
v -0.15781043 -0.03576102 0.01663949
v -0.15843142 -0.03437622 0.01716818
v -0.15887699 -0.03335143 0.01760660
v -0.15917627 -0.03264137 0.01797198
v -0.15935846 -0.03219074 0.01828139
v -0.15945281 -0.03193759 0.01855102
v -0.15948863 -0.03181621 0.01879570
v -0.15949521 -0.03175927 0.01902855
v -0.15949207 -0.03172166 0.01925757
v -0.15945970 -0.03174806 0.01947697
v -0.15936885 -0.03190464 0.01967934
v -0.15919031 -0.03225522 0.01985930
v -0.15889492 -0.03285919 0.02001358
v -0.15845362 -0.03376869 0.02014104
v -0.15783746 -0.03502544 0.02024263
v -0.15701770 -0.03665738 0.02032125
v -0.15596581 -0.03867575 0.02038138
v -0.15465348 -0.04107318 0.02042871
v -0.15305252 -0.04382374 0.02046955
v -0.15309154 -0.04230736 0.02390887
v -0.15313669 -0.04028633 0.02720292
v -0.15318662 -0.03778545 0.03031417
v -0.15323946 -0.03483464 0.03320707
v -0.15329301 -0.03146876 0.03584827
v -0.15334492 -0.02772737 0.03820677
v -0.15339293 -0.02365449 0.04025438
v -0.15343501 -0.01929828 0.04196606
v -0.15346946 -0.01471060 0.04332051
v -0.15349499 -0.00994643 0.04430059
v -0.15351066 -0.00506319 0.04489375
v -0.15351594 -0.00012000 0.04509233
v -0.14806209 -0.00012000 -0.02930995
v -0.14806159 -0.00621938 -0.02904956
v -0.14806013 -0.01223760 -0.02827196
v -0.14805778 -0.01809458 -0.02698787
v -0.14805470 -0.02371245 -0.02521499
v -0.14805110 -0.02901660 -0.02297778
v -0.14804732 -0.03393671 -0.02030711
v -0.14804382 -0.03840778 -0.01723984
v -0.14804122 -0.04237101 -0.01381829
v -0.14804032 -0.04577471 -0.01008955
v -0.14804212 -0.04857506 -0.00610476
v -0.14804781 -0.05073671 -0.00191821
v -0.14805870 -0.05223332 0.00241364
v -0.14807614 -0.05304777 0.00683321
v -0.14810126 -0.05317216 0.01128280
v -0.15024506 -0.04987255 0.01250767
v -0.15200078 -0.04696222 0.01356735
v -0.15340786 -0.04447521 0.01447165
v -0.15450487 -0.04242920 0.01523334
v -0.15533022 -0.04081989 0.01586837
v -0.15592243 -0.03962068 0.01639517
v -0.15632016 -0.03878569 0.01683362
v -0.15656222 -0.03825409 0.01720389
v -0.15668749 -0.03795496 0.01752547
v -0.15673492 -0.03781145 0.01781640
v -0.15674346 -0.03774417 0.01809280
v -0.15673907 -0.03769974 0.01836447
v -0.15669581 -0.03773101 0.01862425
v -0.15657480 -0.03791605 0.01886287
v -0.15633720 -0.03832946 0.01907356
v -0.15594427 -0.03903919 0.01925212
v -0.15535742 -0.04010245 0.01939701
v -0.15453823 -0.04156116 0.01950920
v -0.15344849 -0.04343790 0.01959200
v -0.15205014 -0.04573332 0.01965050
v -0.15030488 -0.04842673 0.01969100
v -0.14817343 -0.05148191 0.01972032
v -0.14822084 -0.04970731 0.02378229
v -0.14827429 -0.04734027 0.02767597
v -0.14833183 -0.04440900 0.03135708
v -0.14839110 -0.04094770 0.03478323
v -0.14844959 -0.03699656 0.03791422
v -0.14850490 -0.03260151 0.04071241
v -0.14855489 -0.02781411 0.04314341
v -0.14859785 -0.02269105 0.04517665
v -0.14863246 -0.01729362 0.04678617
v -0.14865777 -0.01168691 0.04795112
v -0.14867319 -0.00593901 0.04865627
v -0.14867837 -0.00012000 0.04889236
v -0.14313242 -0.00012000 -0.03652559
v -0.14313201 -0.00699035 -0.03623062
v -0.14313081 -0.01376922 -0.03534975
v -0.14312890 -0.02036638 -0.03389514
v -0.14312642 -0.02669408 -0.03188687
v -0.14312361 -0.03266824 -0.02935265
v -0.14312082 -0.03820964 -0.02632753
v -0.14311853 -0.04324505 -0.02285329
v -0.14311742 -0.04770831 -0.01897795
v -0.14311838 -0.05154131 -0.01475491
v -0.14312252 -0.05469486 -0.01024215
v -0.14313116 -0.05712942 -0.00550112
v -0.14314575 -0.05881564 -0.00059562
v -0.14316770 -0.05973456 0.00440944
v -0.14319816 -0.05987757 0.00944919
v -0.14588652 -0.05630128 0.01084548
v -0.14808225 -0.05315868 0.01205095
v -0.14983924 -0.05046425 0.01308089
v -0.15120797 -0.04823432 0.01395042
v -0.15223735 -0.04646933 0.01467691
v -0.15297579 -0.04514690 0.01528044
v -0.15347167 -0.04422209 0.01578293
v -0.15377340 -0.04363132 0.01620705
v -0.15392949 -0.04329784 0.01657497
v -0.15398852 -0.04313708 0.01690741
v -0.15399904 -0.04306096 0.01722298
v -0.15399343 -0.04301016 0.01753308
v -0.15393936 -0.04304343 0.01782929
v -0.15378832 -0.04324735 0.01810072
v -0.15349191 -0.04370406 0.01833929
v -0.15300181 -0.04448703 0.01853994
v -0.15226985 -0.04565596 0.01870061
v -0.15124795 -0.04725162 0.01882217
v -0.14988802 -0.04929225 0.01890805
v -0.14814137 -0.05177377 0.01896359
v -0.14595758 -0.05467661 0.01899529
v -0.14328226 -0.05798313 0.01900996
v -0.14333577 -0.05599025 0.02361581
v -0.14339482 -0.05333011 0.02803333
v -0.14345707 -0.05003373 0.03221215
v -0.14351988 -0.04613897 0.03610375
v -0.14358067 -0.04169059 0.03966182
v -0.14363711 -0.03674013 0.04284296
v -0.14368733 -0.03134564 0.04560744
v -0.14372990 -0.02557119 0.04792006
v -0.14376381 -0.01948611 0.04975094
v -0.14378841 -0.01316413 0.05107620
v -0.14380331 -0.00668231 0.05187842
v -0.14380830 -0.00012000 0.05214701
v -0.13816006 -0.00012000 -0.04322522
v -0.13815973 -0.00768625 -0.04289863
v -0.13815876 -0.01515184 -0.04192335
v -0.13815725 -0.02241745 -0.04031279
v -0.13815534 -0.02938650 -0.03808910
v -0.13815329 -0.03596644 -0.03528290
v -0.13815147 -0.04207005 -0.03193284
v -0.13815039 -0.04761667 -0.02808510
v -0.13815077 -0.05253341 -0.02379272
v -0.13815355 -0.05675621 -0.01911474
v -0.13815990 -0.06023083 -0.01411526
v -0.13817123 -0.06291366 -0.00886231
v -0.13818906 -0.06477229 -0.00342652
v -0.13821489 -0.06578580 0.00212017
v -0.13824991 -0.06594469 0.00770587
v -0.14150939 -0.06197764 0.00930672
v -0.14415791 -0.05859049 0.01065454
v -0.14627130 -0.05571578 0.01180078
v -0.14791474 -0.05334201 0.01276745
v -0.14914943 -0.05146059 0.01357549
v -0.15003462 -0.05004722 0.01424728
v -0.15062882 -0.04905605 0.01480693
v -0.15099029 -0.04842116 0.01527931
v -0.15117723 -0.04806159 0.01568896
v -0.15124786 -0.04788715 0.01605890
v -0.15126038 -0.04780342 0.01640992
v -0.15125357 -0.04774674 0.01675480
v -0.15118868 -0.04778016 0.01708402
v -0.15100762 -0.04799651 0.01738518
v -0.15065234 -0.04848339 0.01764901
v -0.15006485 -0.04931829 0.01786955
v -0.14918716 -0.05056307 0.01804418
v -0.14796106 -0.05225923 0.01817346
v -0.14632747 -0.05442673 0.01826066
v -0.14422518 -0.05706999 0.01831095
v -0.14158852 -0.06019595 0.01833039
v -0.13834445 -0.06386061 0.01830394
v -0.13840374 -0.06166672 0.02341026
v -0.13846865 -0.05873771 0.02830826
v -0.13853655 -0.05510762 0.03294202
v -0.13860461 -0.05081808 0.03725760
v -0.13867005 -0.04591831 0.04120354
v -0.13873046 -0.04046506 0.04473155
v -0.13878393 -0.03452232 0.04779749
v -0.13882905 -0.02816070 0.05036228
v -0.13886487 -0.02145666 0.05239278
v -0.13889078 -0.01449147 0.05386250
v -0.13890644 -0.00735009 0.05475215
v -0.13891168 -0.00012000 0.05505001
v -0.13317096 -0.00012000 -0.04984060
v -0.13317071 -0.00835102 -0.04948383
v -0.13317000 -0.01647262 -0.04841840
v -0.13316891 -0.02437686 -0.04665889
v -0.13316761 -0.03195874 -0.04422943
v -0.13316639 -0.03911762 -0.04116334
v -0.13316563 -0.04575863 -0.03750272
v -0.13316588 -0.05179400 -0.03329786
v -0.13316791 -0.05714436 -0.02860655
v -0.13317271 -0.06173990 -0.02349320
v -0.13318154 -0.06552145 -0.01802778
v -0.13319588 -0.06844139 -0.01228461
v -0.13321737 -0.07046429 -0.00634100
v -0.13324761 -0.07156728 -0.00027571
v -0.13328790 -0.07173998 0.00583244
v -0.13709093 -0.06729902 0.00777864
v -0.14021066 -0.06353686 0.00933529
v -0.14269214 -0.06044123 0.01060044
v -0.14461690 -0.05791881 0.01166127
v -0.14606047 -0.05593076 0.01254588
v -0.14709429 -0.05443982 0.01328076
v -0.14778779 -0.05339405 0.01389280
v -0.14820948 -0.05272334 0.01440931
v -0.14842749 -0.05234250 0.01485707
v -0.14850980 -0.05215663 0.01526125
v -0.14852430 -0.05206623 0.01564464
v -0.14851626 -0.05200418 0.01602128
v -0.14844047 -0.05203696 0.01638060
v -0.14822912 -0.05226241 0.01670883
v -0.14781441 -0.05277270 0.01699553
v -0.14712843 -0.05364944 0.01723380
v -0.14610291 -0.05495845 0.01742035
v -0.14466861 -0.05674700 0.01755519
v -0.14275407 -0.05904743 0.01764104
v -0.14028339 -0.06189296 0.01768226
v -0.13717985 -0.06536314 0.01763144
v -0.13339510 -0.06947125 0.01742164
v -0.13346179 -0.06708350 0.02300524
v -0.13353452 -0.06389604 0.02836087
v -0.13361037 -0.05994599 0.03342742
v -0.13368615 -0.05527867 0.03814600
v -0.13375881 -0.04994759 0.04246037
v -0.13382570 -0.04401447 0.04631777
v -0.13388474 -0.03754885 0.04966996
v -0.13393444 -0.03062755 0.05247419
v -0.13397382 -0.02333372 0.05469424
v -0.13400226 -0.01575577 0.05630115
v -0.13401943 -0.00798615 0.05727384
v -0.13402517 -0.00012000 0.05759950
v -0.12820325 -0.00012000 -0.05623237
v -0.12820307 -0.00897693 -0.05584713
v -0.12820255 -0.01771616 -0.05469667
v -0.12820180 -0.02622161 -0.05279673
v -0.12820099 -0.03438031 -0.05017330
v -0.12820042 -0.04208401 -0.04686231
v -0.12820051 -0.04923064 -0.04290914
v -0.12820183 -0.05572577 -0.03836806
v -0.12820519 -0.06148400 -0.03330138
v -0.12821165 -0.06643020 -0.02777857
v -0.12822252 -0.07050070 -0.02187514
v -0.12823936 -0.07364426 -0.01567128
v -0.12826389 -0.07582276 -0.00925040
v -0.12829773 -0.07701162 -0.00269750
v -0.12834218 -0.07719967 0.00390241
v -0.13267464 -0.07241113 0.00613134
v -0.13623156 -0.06828117 0.00797082
v -0.13908520 -0.06485848 0.00944140
v -0.14130416 -0.06213038 0.01060860
v -0.14296238 -0.06001680 0.01156988
v -0.14414822 -0.05844307 0.01236593
v -0.14494293 -0.05734286 0.01302779
v -0.14542585 -0.05663793 0.01358575
v -0.14567539 -0.05623727 0.01406901
v -0.14576951 -0.05604089 0.01450493
v -0.14578599 -0.05594444 0.01491826
v -0.14577666 -0.05587756 0.01532423
v -0.14568972 -0.05590993 0.01571131
v -0.14544752 -0.05614419 0.01606434
v -0.14497223 -0.05667749 0.01637170
v -0.14418565 -0.05759701 0.01662552
v -0.14300858 -0.05897644 0.01682163
v -0.14135982 -0.06087683 0.01695916
v -0.13915232 -0.06336444 0.01703286
v -0.13631350 -0.06651155 0.01698342
v -0.13277337 -0.07032787 0.01677943
v -0.12845854 -0.07476299 0.01642705
v -0.12852997 -0.07219582 0.02246269
v -0.12860721 -0.06876773 0.02825280
v -0.12868712 -0.06451841 0.03373115
v -0.12876633 -0.05949646 0.03883384
v -0.12884173 -0.05375936 0.04349978
v -0.12891068 -0.04737354 0.04767172
v -0.12897120 -0.04041392 0.05129729
v -0.12902190 -0.03296328 0.05433021
v -0.12906190 -0.02511127 0.05673126
v -0.12909071 -0.01695316 0.05846915
v -0.12910808 -0.00858857 0.05952110
v -0.12911387 -0.00012000 0.05987329
v -0.12326260 -0.00012000 -0.06221131
v -0.12326247 -0.00955347 -0.06179964
v -0.12326213 -0.01886159 -0.06057026
v -0.12326167 -0.02792070 -0.05853997
v -0.12326128 -0.03661049 -0.05573656
v -0.12326126 -0.04481569 -0.05219844
v -0.12326204 -0.05242761 -0.04797413
v -0.12326423 -0.05934573 -0.04312160
v -0.12326867 -0.06547918 -0.03770745
v -0.12327643 -0.07074806 -0.03180589
v -0.12328889 -0.07508473 -0.02549753
v -0.12330764 -0.07843483 -0.01886791
v -0.12333436 -0.08075796 -0.01200591
v -0.12337064 -0.08202806 -0.00500198
v -0.12341757 -0.08223324 0.00205347
v -0.12827155 -0.07724843 0.00445062
v -0.13226146 -0.07284494 0.00651472
v -0.13546469 -0.06914011 0.00820671
v -0.13796401 -0.06615609 0.00955807
v -0.13984493 -0.06385689 0.01062832
v -0.14118890 -0.06217447 0.01148776
v -0.14208751 -0.06100873 0.01219906
v -0.14263314 -0.06026462 0.01279724
v -0.14291490 -0.05984224 0.01331443
v -0.14302105 -0.05963499 0.01378035
v -0.14303949 -0.05953279 0.01422182
v -0.14302875 -0.05946162 0.01465533
v -0.14293033 -0.05949480 0.01506832
v -0.14265643 -0.05974059 0.01544423
v -0.14211889 -0.06030258 0.01577023
v -0.14122876 -0.06127657 0.01603730
v -0.13989408 -0.06275189 0.01623953
v -0.13802480 -0.06482063 0.01634903
v -0.13553899 -0.06754567 0.01633228
v -0.13235108 -0.07095729 0.01616681
v -0.12837747 -0.07503018 0.01585292
v -0.12353783 -0.07964917 0.01544781
v -0.12361018 -0.07692034 0.02190555
v -0.12368734 -0.07327357 0.02810248
v -0.12376612 -0.06875060 0.03396729
v -0.12384325 -0.06340285 0.03943099
v -0.12391585 -0.05729146 0.04442765
v -0.12398160 -0.05048731 0.04889552
v -0.12403882 -0.04307047 0.05277828
v -0.12408644 -0.03512942 0.05602625
v -0.12412382 -0.02675995 0.05859743
v -0.12415064 -0.01806382 0.06045838
v -0.12416676 -0.00914738 0.06158478
v -0.12417214 -0.00012000 0.06196190
v -0.11836043 -0.00012000 -0.06758633
v -0.11836036 -0.01006998 -0.06715060
v -0.11836018 -0.01988768 -0.06584936
v -0.11835999 -0.02944264 -0.06370045
v -0.11835997 -0.03860794 -0.06073335
v -0.11836041 -0.04726197 -0.05698878
v -0.11836173 -0.05529017 -0.05251820
v -0.11836454 -0.06258663 -0.04738306
v -0.11836966 -0.06905570 -0.04165393
v -0.11837818 -0.07461340 -0.03540937
v -0.11839142 -0.07918879 -0.02873457
v -0.11841093 -0.08272494 -0.02171980
v -0.11843825 -0.08517966 -0.01445858
v -0.11847475 -0.08652568 -0.00704594
v -0.11852118 -0.08675034 0.00042331
v -0.12388509 -0.08174702 0.00283340
v -0.12830216 -0.07718179 0.00503724
v -0.13185182 -0.07326486 0.00690606
v -0.13462303 -0.07007086 0.00842710
v -0.13670929 -0.06759051 0.00964146
v -0.13820652 -0.06576437 0.01060852
v -0.13921191 -0.06450397 0.01138776
v -0.13982342 -0.06370471 0.01203139
v -0.14013937 -0.06325347 0.01258280
v -0.14025827 -0.06303310 0.01307776
v -0.14027870 -0.06292506 0.01354618
v -0.14026637 -0.06285023 0.01400602
v -0.14015561 -0.06288692 0.01444359
v -0.13984804 -0.06315157 0.01484004
v -0.13924539 -0.06375785 0.01517797
v -0.13824967 -0.06481415 0.01543921
v -0.13676330 -0.06641932 0.01560291
v -0.13468939 -0.06865547 0.01564558
v -0.13193214 -0.07157589 0.01554588
v -0.12839750 -0.07518531 0.01529847
v -0.12399442 -0.07940867 0.01494237
v -0.11863690 -0.08404346 0.01461164
v -0.11870465 -0.08117398 0.02145683
v -0.11877554 -0.07733448 0.02802834
v -0.11884663 -0.07256824 0.03424977
v -0.11891509 -0.06692908 0.04004706
v -0.11897858 -0.06048155 0.04534947
v -0.11903536 -0.05330067 0.05009093
v -0.11908426 -0.04547137 0.05421137
v -0.11912460 -0.03708745 0.05765798
v -0.11915605 -0.02825041 0.06038623
v -0.11917851 -0.01906797 0.06236075
v -0.11919197 -0.00965261 0.06355583
v -0.11919645 -0.00012000 0.06395593
v -0.11379591 -0.00012000 -0.07192558
v -0.11379590 -0.01016806 -0.07149776
v -0.11379588 -0.02009070 -0.07021983
v -0.11379592 -0.02976407 -0.06810829
v -0.11379615 -0.03906756 -0.06519041
v -0.11379678 -0.04788531 -0.06150392
v -0.11379811 -0.05610781 -0.05709652
v -0.11380061 -0.06363334 -0.05202522
v -0.11380491 -0.07036944 -0.04635560
v -0.11381184 -0.07623424 -0.04016073
v -0.11382243 -0.08115763 -0.03351999
v -0.11383787 -0.08508222 -0.02651762
v -0.11385937 -0.08796391 -0.01924111
v -0.11388797 -0.08977210 -0.01177959
v -0.11392424 -0.09048931 -0.00422240
v -0.11406573 -0.08652287 0.01713150
v -0.11412081 -0.08324691 0.02395198
v -0.11417629 -0.07904192 0.03047902
v -0.11423008 -0.07395148 0.03664043
v -0.11428044 -0.06802925 0.04236645
v -0.11432607 -0.06133885 0.04759090
v -0.11436610 -0.05395349 0.05225245
v -0.11440007 -0.04595519 0.05629572
v -0.11442777 -0.03743379 0.05967236
v -0.11444919 -0.02848578 0.06234179
v -0.11446438 -0.01921304 0.06427186
v -0.11447345 -0.00972155 0.06543930
v -0.11447647 -0.00012000 0.06583001
v -0.10931407 -0.00012000 -0.07540158
v -0.10931411 -0.01029411 -0.07497544
v -0.10931423 -0.02034625 -0.07370235
v -0.10931446 -0.03015600 -0.07159815
v -0.10931483 -0.03960594 -0.06868907
v -0.10931542 -0.04858316 -0.06501138
v -0.10931637 -0.05698076 -0.06061096
v -0.10931791 -0.06469924 -0.05554267
v -0.10932041 -0.07164788 -0.04986959
v -0.10932437 -0.07774604 -0.04366203
v -0.10933046 -0.08292422 -0.03699631
v -0.10933945 -0.08712491 -0.02995337
v -0.10935216 -0.09030313 -0.02261721
v -0.10936929 -0.09242637 -0.01507340
v -0.10939122 -0.09347423 -0.00740783
v -0.10949854 -0.08871673 0.01897845
v -0.10953199 -0.08517192 0.02585027
v -0.10956465 -0.08071471 0.03241506
v -0.10959540 -0.07538918 0.03860196
v -0.10962341 -0.06924930 0.04434283
v -0.10964817 -0.06235876 0.04957337
v -0.10966941 -0.05479029 0.05423434
v -0.10968708 -0.04662488 0.05827259
v -0.10970124 -0.03795074 0.06164182
v -0.10971203 -0.02886219 0.06430337
v -0.10971960 -0.01945848 0.06622663
v -0.10972408 -0.00984260 0.06738950
v -0.10972556 -0.00012000 0.06777862
v -0.10494931 -0.00012000 -0.07787814
v -0.10494939 -0.01036400 -0.07745458
v -0.10494960 -0.02048947 -0.07618904
v -0.10494986 -0.03037933 -0.07409679
v -0.10495005 -0.03991937 -0.07120313
v -0.10495003 -0.04899966 -0.06754306
v -0.10494962 -0.05751601 -0.06316084
v -0.10494868 -0.06537129 -0.05810942
v -0.10494711 -0.07247676 -0.05244964
v -0.10494489 -0.07875330 -0.04624932
v -0.10494214 -0.08413239 -0.03958197
v -0.10493908 -0.08855694 -0.03252549
v -0.10493610 -0.09198158 -0.02516060
v -0.10493363 -0.09437259 -0.01756945
v -0.10493210 -0.09570735 -0.00983455
v -0.10493763 -0.09030996 0.02106210
v -0.10494057 -0.08654910 0.02796626
v -0.10494340 -0.08189249 0.03455263
v -0.10494584 -0.07638453 0.04075158
v -0.10494773 -0.07007936 0.04649643
v -0.10494903 -0.06304042 0.05172461
v -0.10494977 -0.05533979 0.05637872
v -0.10495006 -0.04705726 0.06040741
v -0.10495003 -0.03827937 0.06376617
v -0.10494983 -0.02909832 0.06641785
v -0.10494958 -0.01961088 0.06833312
v -0.10494938 -0.00991727 0.06949081
v -0.10494931 -0.00012000 0.06987814
v -0.10028137 -0.00012000 -0.07996103
v -0.10028128 -0.01041798 -0.07954020
v -0.10028100 -0.02060084 -0.07828259
v -0.10028046 -0.03055482 -0.07620286
v -0.10027958 -0.04016885 -0.07332527
v -0.10027824 -0.04933590 -0.06968336
v -0.10027634 -0.05795429 -0.06531961
v -0.10027378 -0.06592896 -0.06028485
v -0.10027053 -0.07317273 -0.05463756
v -0.10026664 -0.07960739 -0.04844303
v -0.10026228 -0.08516475 -0.04177219
v -0.10025774 -0.08978731 -0.03470042
v -0.10025345 -0.09342872 -0.02730617
v -0.10024989 -0.09605374 -0.01966961
v -0.10024752 -0.09763790 -0.01187157
v -0.10025568 -0.09161264 0.02328203
v -0.10025996 -0.08764909 0.03020029
v -0.10026426 -0.08280893 0.03678879
v -0.10026827 -0.07713716 0.04298017
v -0.10027176 -0.07068796 0.04871013
v -0.10027465 -0.06352423 0.05391851
v -0.10027691 -0.05571693 0.05855021
v -0.10027859 -0.04734425 0.06255603
v -0.10027977 -0.03849064 0.06589336
v -0.10028055 -0.02924588 0.06852664
v -0.10028103 -0.01970399 0.07042784
v -0.10028129 -0.00996223 0.07157671
v -0.10028137 -0.00012000 0.07196103
v -0.09561469 -0.00012000 -0.08193445
v -0.09561450 -0.01046967 -0.08151634
v -0.09561392 -0.02070733 -0.08026673
v -0.09561290 -0.03072223 -0.07819970
v -0.09561137 -0.04040618 -0.07533855
v -0.09560925 -0.04965477 -0.07171552
v -0.09560646 -0.05836864 -0.06737147
v -0.09560296 -0.06645466 -0.06235531
v -0.09559874 -0.07382711 -0.05672339
v -0.09559389 -0.08040875 -0.05053867
v -0.09558860 -0.08613173 -0.04386972
v -0.09558320 -0.09093837 -0.03678960
v -0.09557809 -0.09478154 -0.02937455
v -0.09557379 -0.09762478 -0.02170281
v -0.09557077 -0.09944203 -0.01385351
v -0.09558077 -0.09283723 0.02539862
v -0.09558585 -0.08868690 0.03232606
v -0.09559101 -0.08367742 0.03891331
v -0.09559591 -0.07785421 0.04509509
v -0.09560033 -0.07127138 0.05080926
v -0.09560414 -0.06399129 0.05599778
v -0.09560728 -0.05608383 0.06060762
v -0.09560978 -0.04762570 0.06459150
v -0.09561168 -0.03869952 0.06790846
v -0.09561306 -0.02939286 0.07052437
v -0.09561399 -0.01979730 0.07241234
v -0.09561452 -0.01000747 0.07355294
v -0.09561469 -0.00012000 0.07393445
v -0.09094926 -0.00012000 -0.08379805
v -0.09094903 -0.01051530 -0.08338284
v -0.09094834 -0.02080149 -0.08214175
v -0.09094714 -0.03087067 -0.08008831
v -0.09094539 -0.04061733 -0.07724494
v -0.09094301 -0.04993956 -0.07364271
v -0.09093995 -0.05874019 -0.06932094
v -0.09093617 -0.06692794 -0.06432678
v -0.09093169 -0.07441854 -0.05871458
v -0.09092661 -0.08113571 -0.05254514
v -0.09092111 -0.08701209 -0.04588483
v -0.09091548 -0.09198992 -0.03880446
v -0.09091014 -0.09602153 -0.03137819
v -0.09090554 -0.09906948 -0.02368229
v -0.09090217 -0.10110633 -0.01579417
v -0.09091296 -0.09396390 0.02742783
v -0.09091826 -0.08964078 0.03435809
v -0.09092362 -0.08447499 0.04093908
v -0.09092873 -0.07851226 0.04710744
v -0.09093338 -0.07180651 0.05280301
v -0.09093744 -0.06441950 0.05796975
v -0.09094084 -0.05642010 0.06255651
v -0.09094360 -0.04788361 0.06651770
v -0.09094575 -0.03889090 0.06981391
v -0.09094734 -0.02952751 0.07241231
v -0.09094842 -0.01988278 0.07428701
v -0.09094905 -0.01004892 0.07541935
v -0.09094926 -0.00012000 0.07579805
v -0.08628508 -0.00012000 -0.08555153
v -0.08628488 -0.01055213 -0.08513946
v -0.08628426 -0.02087793 -0.08390759
v -0.08628319 -0.03099221 -0.08186898
v -0.08628163 -0.04079207 -0.07904523
v -0.08627951 -0.05017797 -0.07546625
v -0.08627677 -0.05905490 -0.07116995
v -0.08627339 -0.06733338 -0.06620182
v -0.08626938 -0.07493061 -0.06061432
v -0.08626480 -0.08177131 -0.05446623
v -0.08625982 -0.08778869 -0.04782176
v -0.08625468 -0.09292509 -0.04074963
v -0.08624973 -0.09713246 -0.03332191
v -0.08624538 -0.10037256 -0.02561295
v -0.08624205 -0.10261683 -0.01769838
v -0.08625236 -0.09497601 0.02937677
v -0.08625723 -0.09049328 0.03630299
v -0.08626210 -0.08518386 0.04287203
v -0.08626672 -0.07909360 0.04902237
v -0.08627090 -0.07227618 0.05469573
v -0.08627453 -0.06479270 0.05983789
v -0.08627757 -0.05671102 0.06439945
v -0.08628004 -0.04810505 0.06833642
v -0.08628195 -0.03905399 0.07161079
v -0.08628337 -0.02964149 0.07419093
v -0.08628433 -0.01995475 0.07605190
v -0.08628490 -0.01008368 0.07717572
v -0.08628508 -0.00012000 0.07755153
v -0.08162213 -0.00012000 -0.08719456
v -0.08162202 -0.01057799 -0.08678589
v -0.08162166 -0.02093236 -0.08556407
v -0.08162102 -0.03108056 -0.08354169
v -0.08162006 -0.04092222 -0.08073956
v -0.08161871 -0.05036013 -0.07718652
v -0.08161691 -0.05930140 -0.07291914
v -0.08161461 -0.06765838 -0.06798130
v -0.08161179 -0.07534972 -0.06242369
v -0.08160849 -0.08230125 -0.05630313
v -0.08160480 -0.08844682 -0.04968180
v -0.08160090 -0.09372898 -0.04262634
v -0.08159705 -0.09809950 -0.03520681
v -0.08159356 -0.10151950 -0.02749562
v -0.08159079 -0.10395949 -0.01956662
v -0.08159910 -0.09585881 0.03124820
v -0.08160284 -0.09122942 0.03816345
v -0.08160650 -0.08578908 0.04471468
v -0.08160988 -0.07958366 0.05084213
v -0.08161286 -0.07266649 0.05648930
v -0.08161539 -0.06509796 0.06160370
v -0.08161744 -0.05694489 0.06613756
v -0.08161905 -0.04827984 0.07004838
v -0.08162026 -0.03918039 0.07329947
v -0.08162113 -0.02972832 0.07586032
v -0.08162170 -0.02000879 0.07770686
v -0.08162203 -0.01010954 0.07882176
v -0.08162213 -0.00012000 0.07919456
v -0.07696040 -0.00012000 -0.08872681
v -0.07696043 -0.01059109 -0.08832183
v -0.07696051 -0.02096122 -0.08711092
v -0.07696060 -0.03113046 -0.08510621
v -0.07696065 -0.04100090 -0.08232777
v -0.07696059 -0.05047769 -0.07880342
v -0.07696032 -0.05947003 -0.07456843
v -0.07695979 -0.06789211 -0.06966518
v -0.07695891 -0.07566409 -0.06414262
v -0.07695768 -0.08271295 -0.05805570
v -0.07695610 -0.08897330 -0.05146464
v -0.07695425 -0.09438804 -0.04443405
v -0.07695227 -0.09890886 -0.03703198
v -0.07695036 -0.10249645 -0.02932895
v -0.07694873 -0.10512052 -0.02139700
v -0.07695334 -0.09659881 0.03304250
v -0.07695519 -0.09183581 0.03994005
v -0.07695685 -0.08627756 0.04646770
v -0.07695822 -0.07996984 0.05256739
v -0.07695927 -0.07296556 0.05818432
v -0.07695999 -0.06532434 0.06326765
v -0.07696042 -0.05711192 0.06777115
v -0.07696061 -0.04839952 0.07165374
v -0.07696065 -0.03926311 0.07487996
v -0.07696059 -0.02978263 0.07742034
v -0.07696050 -0.02004128 0.07925165
v -0.07696042 -0.01012466 0.08035718
v -0.07696040 -0.00012000 0.08072681
v -0.07229984 -0.00012000 -0.09014798
v -0.07230008 -0.01058987 -0.08974696
v -0.07230078 -0.02096143 -0.08854780
v -0.07230190 -0.03113732 -0.08656220
v -0.07230337 -0.04102213 -0.08380950
v -0.07230510 -0.05052334 -0.08031654
v -0.07230698 -0.05955226 -0.07611737
v -0.07230890 -0.06802496 -0.07125289
v -0.07231074 -0.07586316 -0.06577040
v -0.07231238 -0.08299506 -0.05972304
v -0.07231376 -0.08935614 -0.05316909
v -0.07231482 -0.09488974 -0.04617119
v -0.07231555 -0.09954763 -0.03879544
v -0.07231599 -0.10329019 -0.03111044
v -0.07231622 -0.10608649 -0.02318640
v -0.07231520 -0.09718346 0.03475880
v -0.07231434 -0.09230017 0.04163219
v -0.07231319 -0.08663746 0.04813069
v -0.07231176 -0.08024090 0.05419790
v -0.07231010 -0.07316290 0.05978062
v -0.07230831 -0.06546225 0.06482960
v -0.07230647 -0.05720359 0.06930008
v -0.07230470 -0.04845677 0.07315232
v -0.07230309 -0.03929613 0.07635204
v -0.07230173 -0.02979984 0.07887074
v -0.07230070 -0.02004911 0.08068601
v -0.07230006 -0.01012748 0.08178167
v -0.07229984 -0.00012000 0.08214798
v -0.06764044 -0.00012000 -0.09145773
v -0.06764095 -0.01057296 -0.09106095
v -0.06764244 -0.02093024 -0.08987436
v -0.06764488 -0.03109709 -0.08790925
v -0.06764817 -0.04098058 -0.08518428
v -0.06765220 -0.05049055 -0.08172533
v -0.06765684 -0.05954045 -0.07756527
v -0.06766191 -0.06804826 -0.07274359
v -0.06766722 -0.07593734 -0.06730598
v -0.06767258 -0.08313719 -0.06130380
v -0.06767779 -0.08958422 -0.05479348
v -0.06768265 -0.09522238 -0.04783571
v -0.06768699 -0.10000360 -0.04049463
v -0.06769064 -0.10388809 -0.03283695
v -0.06769350 -0.10684442 -0.02493105
v -0.06768479 -0.09760098 0.03639545
v -0.06768037 -0.09261111 0.04323861
v -0.06767554 -0.08685787 0.04970270
v -0.06767048 -0.08038655 0.05573290
v -0.06766534 -0.07324897 0.06127760
v -0.06766032 -0.06550304 0.06628907
v -0.06765557 -0.05721224 0.07072394
v -0.06765126 -0.04844502 0.07454376
v -0.06764753 -0.03927410 0.07771536
v -0.06764450 -0.02977584 0.08021120
v -0.06764227 -0.02002952 0.08200959
v -0.06764090 -0.01011659 0.08309491
v -0.06764044 -0.00012000 0.08345773
v -0.06298215 -0.00012000 -0.09265575
v -0.06298298 -0.01053910 -0.09226347
v -0.06298544 -0.02086517 -0.09109024
v -0.06298948 -0.03100607 -0.08914694
v -0.06299500 -0.04087140 -0.08645158
v -0.06300184 -0.05037334 -0.08302914
v -0.06300983 -0.05942757 -0.07891132
v -0.06301875 -0.06795402 -0.07413625
v -0.06302832 -0.07587774 -0.06874807
v -0.06303823 -0.08312964 -0.06279643
v -0.06304816 -0.08964717 -0.05633590
v -0.06305774 -0.09537494 -0.04942525
v -0.06306660 -0.10026520 -0.04212670
v -0.06307438 -0.10427810 -0.03450505
v -0.06308071 -0.10738181 -0.02662685
v -0.06306213 -0.09784017 0.03795045
v -0.06305326 -0.09275787 0.04475771
v -0.06304390 -0.08692859 0.05118242
v -0.06303436 -0.08039724 0.05717135
v -0.06302496 -0.07321497 0.06267442
v -0.06301597 -0.06543876 0.06764535
v -0.06300767 -0.05713087 0.07204214
v -0.06300026 -0.04835830 0.07582756
v -0.06299395 -0.03919214 0.07896951
v -0.06298887 -0.02970694 0.08144133
v -0.06298517 -0.01998001 0.08322206
v -0.06298291 -0.01009076 0.08429657
v -0.06298215 -0.00012000 0.08465575
v -0.05832492 -0.00012000 -0.09374173
v -0.05832613 -0.01048715 -0.09335418
v -0.05832973 -0.02076394 -0.09219504
v -0.05833566 -0.03086088 -0.09027481
v -0.05834380 -0.04069010 -0.08761084
v -0.05835395 -0.05016621 -0.08422725
v -0.05836590 -0.05920712 -0.08015463
v -0.05837935 -0.06773481 -0.07542979
v -0.05839394 -0.07567609 -0.07009535
v -0.05840924 -0.08296334 -0.06419927
v -0.05842478 -0.08953517 -0.05779431
v -0.05844000 -0.09533698 -0.05093736
v -0.05845431 -0.10032141 -0.04368870
v -0.05846711 -0.10444868 -0.03611122
v -0.05847781 -0.10768662 -0.02826964
v -0.05844718 -0.09789030 0.03942165
v -0.05843297 -0.09273021 0.04618769
v -0.05841820 -0.08683993 0.05256840
v -0.05840335 -0.08026394 0.05851206
v -0.05838889 -0.07305263 0.06397011
v -0.05837522 -0.06526196 0.06889767
v -0.05836271 -0.05695293 0.07325405
v -0.05835164 -0.04819105 0.07700320
v -0.05834227 -0.03904574 0.08011403
v -0.05833478 -0.02958969 0.08256075
v -0.05832934 -0.01989827 0.08432306
v -0.05832603 -0.01004881 0.08538632
v -0.05832492 -0.00012000 0.08574173
v -0.05366869 -0.00012000 -0.09471533
v -0.05367034 -0.01041603 -0.09433275
v -0.05367526 -0.02062443 -0.09318839
v -0.05368336 -0.03065834 -0.09129238
v -0.05369450 -0.04043249 -0.08866148
v -0.05370847 -0.04986398 -0.08531894
v -0.05372496 -0.05887300 -0.08129430
v -0.05374362 -0.06738363 -0.07662308
v -0.05376398 -0.07532455 -0.07134641
v -0.05378548 -0.08262970 -0.06551062
v -0.05380747 -0.08923894 -0.05916667
v -0.05382921 -0.09509855 -0.05236957
v -0.05384986 -0.10016170 -0.04517767
v -0.05386858 -0.10438873 -0.03765196
v -0.05388448 -0.10774725 -0.02985530
v -0.05383976 -0.09774104 0.04080683
v -0.05381936 -0.09251829 0.04752675
v -0.05379832 -0.08658265 0.05385913
v -0.05377735 -0.07997805 0.05975380
v -0.05375706 -0.07275406 0.06516364
v -0.05373800 -0.06496556 0.07004517
v -0.05372063 -0.05667222 0.07435896
v -0.05370535 -0.04793801 0.07807008
v -0.05369245 -0.03883061 0.08114844
v -0.05368218 -0.02942085 0.08356905
v -0.05367472 -0.01978211 0.08531223
v -0.05367020 -0.00998965 0.08636384
v -0.05366869 -0.00012000 0.08671533
v -0.04901340 -0.00012000 -0.09557624
v -0.04901554 -0.01032475 -0.09519884
v -0.04902195 -0.02044461 -0.09406990
v -0.04903251 -0.03039544 -0.09219920
v -0.04904704 -0.04009462 -0.08960292
v -0.04906530 -0.04946174 -0.08630349
v -0.04908692 -0.05841940 -0.08232943
v -0.04911144 -0.06689383 -0.07771499
v -0.04913828 -0.07481566 -0.07249989
v -0.04916674 -0.08212050 -0.06672882
v -0.04919599 -0.08874955 -0.06045097
v -0.04922505 -0.09465010 -0.05371949
v -0.04925285 -0.09977591 -0.04659078
v -0.04927827 -0.10408754 -0.03912389
v -0.04930015 -0.10755246 -0.03137984
v -0.04923955 -0.09738233 0.04210384
v -0.04921218 -0.09211256 0.04877308
v -0.04918410 -0.08614776 0.05505314
v -0.04915622 -0.07953124 0.06089533
v -0.04912936 -0.07231167 0.06625400
v -0.04910422 -0.06454277 0.07108701
v -0.04908137 -0.05628280 0.07535617
v -0.04906131 -0.04759412 0.07902764
v -0.04904443 -0.03854266 0.08207225
v -0.04903101 -0.02919733 0.08446579
v -0.04902127 -0.01962946 0.08618921
v -0.04901537 -0.00991223 0.08722879
v -0.04901340 -0.00012000 0.08757624
v -0.04433153 -0.00012000 -0.09635462
v -0.04433365 -0.01022341 -0.09598243
v -0.04434000 -0.02024467 -0.09486903
v -0.04435045 -0.03010233 -0.09302382
v -0.04436483 -0.03971638 -0.09046239
v -0.04438285 -0.04900890 -0.08720636
v -0.04440414 -0.05790484 -0.08328321
v -0.04442824 -0.06633257 -0.07872595
v -0.04445453 -0.07422462 -0.07357287
v -0.04448231 -0.08151825 -0.06786708
v -0.04451073 -0.08815597 -0.06165607
v -0.04453882 -0.09408605 -0.05499117
v -0.04456551 -0.09926293 -0.04792697
v -0.04458969 -0.10364744 -0.04052070
v -0.04461024 -0.10720701 -0.03283162
v -0.04452272 -0.09691253 0.04336385
v -0.04449276 -0.09160695 0.04998317
v -0.04446238 -0.08562379 0.05621197
v -0.04443248 -0.07900573 0.06200295
v -0.04440385 -0.07180053 0.06731181
v -0.04437718 -0.06406076 0.07209765
v -0.04435306 -0.05584332 0.07632345
v -0.04433194 -0.04720902 0.07995640
v -0.04431421 -0.03822206 0.08296824
v -0.04430014 -0.02894950 0.08533550
v -0.04428995 -0.01946071 0.08703972
v -0.04428378 -0.00982678 0.08806760
v -0.04428172 -0.00012000 0.08841112
v -0.03965056 -0.00012000 -0.09707599
v -0.03965260 -0.01012546 -0.09670876
v -0.03965868 -0.02005135 -0.09561010
v -0.03966869 -0.02981875 -0.09378910
v -0.03968244 -0.03935012 -0.09126077
v -0.03969965 -0.04856993 -0.08804597
v -0.03971993 -0.05740529 -0.08417119
v -0.03974282 -0.06578663 -0.07966829
v -0.03976771 -0.07364827 -0.07457421
v -0.03979391 -0.08092902 -0.06893058
v -0.03982057 -0.08757267 -0.06278330
v -0.03984678 -0.09352846 -0.05618200
v -0.03987149 -0.09875146 -0.04917956
v -0.03989366 -0.10320282 -0.04183151
v -0.03991221 -0.10684999 -0.03419545
v -0.03979937 -0.09645531 0.04463838
v -0.03976788 -0.09111790 0.05121178
v -0.03973623 -0.08511924 0.05739341
v -0.03970530 -0.07850136 0.06313726
v -0.03967585 -0.07131119 0.06840024
v -0.03964854 -0.06360020 0.07314263
v -0.03962391 -0.05542404 0.07732847
v -0.03960241 -0.04684205 0.08092592
v -0.03958439 -0.03791683 0.08390754
v -0.03957011 -0.02871371 0.08625056
v -0.03955979 -0.01930021 0.08793707
v -0.03955354 -0.00974554 0.08895416
v -0.03955145 -0.00012000 0.08929406
v -0.03508267 -0.07308709 -0.07550015
v -0.03510700 -0.08035351 -0.06991619
v -0.03513164 -0.08700061 -0.06383018
v -0.03515571 -0.09297856 -0.05729021
v -0.03517824 -0.09824307 -0.05034753
v -0.03519823 -0.10275565 -0.04305604
v -0.03521469 -0.10648379 -0.03547178
v -0.03507923 -0.09601186 0.04591675
v -0.03504685 -0.09064624 0.05244745
v -0.03501457 -0.08463460 0.05858524
v -0.03498319 -0.07801837 0.06428530
v -0.03495345 -0.07084368 0.06950566
v -0.03492596 -0.06316099 0.07420770
v -0.03490124 -0.05502475 0.07835643
v -0.03487970 -0.04649296 0.08192091
v -0.03486167 -0.03762671 0.08487446
v -0.03484741 -0.02848973 0.08719498
v -0.03483711 -0.01914782 0.08886504
v -0.03483087 -0.00966842 0.08987212
v -0.03482878 -0.00012000 0.09020865
v -0.03039946 -0.07254148 -0.07634705
v -0.03042164 -0.07979230 -0.07082080
v -0.03044399 -0.08644059 -0.06479423
v -0.03046568 -0.09243742 -0.05831392
v -0.03048581 -0.09773915 -0.05142961
v -0.03050346 -0.10230763 -0.04419369
v -0.03051770 -0.10611047 -0.03666068
v -0.03036245 -0.09558335 0.04718791
v -0.03032982 -0.09019282 0.05367850
v -0.03029749 -0.08417046 0.05977516
v -0.03026621 -0.07755714 0.06543417
v -0.03023668 -0.07039821 0.07061463
v -0.03020946 -0.06274320 0.07527890
v -0.03018503 -0.05464544 0.07939292
v -0.03016378 -0.04616168 0.08292656
v -0.03014602 -0.03735161 0.08585388
v -0.03013199 -0.02827746 0.08815335
v -0.03012185 -0.01900347 0.08980804
v -0.03011572 -0.00959538 0.09080576
v -0.03011367 -0.00012000 0.09113915
v -0.02571813 -0.07201187 -0.07711105
v -0.02573789 -0.07924601 -0.07164106
v -0.02575768 -0.08589344 -0.06567260
v -0.02577675 -0.09190612 -0.05925086
v -0.02579426 -0.09724103 -0.05242414
v -0.02580937 -0.10186042 -0.04524337
v -0.02582126 -0.10573201 -0.03776167
v -0.02564918 -0.09517091 0.04844045
v -0.02561689 -0.08975851 0.05489292
v -0.02558507 -0.08372746 0.06095061
v -0.02555443 -0.07711809 0.06657079
v -0.02552558 -0.06997505 0.07171356
v -0.02549905 -0.06234697 0.07634219
v -0.02547529 -0.05428617 0.08042348
v -0.02545466 -0.04584820 0.08392807
v -0.02543743 -0.03709150 0.08683068
v -0.02542382 -0.02807687 0.08911033
v -0.02541399 -0.01886710 0.09075055
v -0.02540806 -0.00952640 0.09173946
v -0.02540607 -0.00012000 0.09206989
v -0.02570947 -0.07337625 -0.07907969
v -0.02570947 -0.08076976 -0.07349062
v -0.02570947 -0.08757017 -0.06738611
v -0.02570947 -0.09372746 -0.06081103
v -0.02570947 -0.09919636 -0.05381376
v -0.02570947 -0.10393664 -0.04644573
v -0.02570947 -0.10791346 -0.03876115
v -0.02570947 -0.09706647 0.04989590
v -0.02570947 -0.09151896 0.05650445
v -0.02570947 -0.08534388 0.06270169
v -0.02570947 -0.07858365 0.06844506
v -0.02570947 -0.07128467 0.07369513
v -0.02570947 -0.06349707 0.07841585
v -0.02570947 -0.05527430 0.08257481
v -0.02570947 -0.04667284 0.08614345
v -0.02570947 -0.03775173 0.08909726
v -0.02570947 -0.02857224 0.09141598
v -0.02570947 -0.01919739 0.09308367
v -0.02570947 -0.00969156 0.09408889
v -0.02570947 -0.00012000 0.09442473
v -0.02099895 -0.07285766 -0.07976265
v -0.02099895 -0.08023231 -0.07423025
v -0.02099895 -0.08702878 -0.06818492
v -0.02099895 -0.09319803 -0.06167030
v -0.02099895 -0.09869551 -0.05473340
v -0.02099895 -0.10348156 -0.04742429
v -0.02099895 -0.10752164 -0.03979572
v -0.02099895 -0.09666394 0.05112763
v -0.02099895 -0.09109818 0.05769727
v -0.02099895 -0.08491720 0.06385538
v -0.02099895 -0.07816279 0.06956031
v -0.02099895 -0.07088063 0.07477348
v -0.02099895 -0.06311997 0.07945964
v -0.02099895 -0.05493328 0.08358711
v -0.02099895 -0.04637593 0.08712796
v -0.02099895 -0.03750578 0.09005826
v -0.02099895 -0.02838282 0.09235819
v -0.02099895 -0.01906873 0.09401220
v -0.02099895 -0.00962651 0.09500910
v -0.02099895 -0.00012000 0.09534215
v -0.01628842 -0.07235589 -0.08035414
v -0.01628842 -0.07971100 -0.07487780
v -0.01628842 -0.08650197 -0.06889122
v -0.01628842 -0.09268066 -0.06243683
v -0.01628842 -0.09820329 -0.05556038
v -0.01628842 -0.10303070 -0.04831060
v -0.01628842 -0.10712868 -0.04073889
v -0.01628842 -0.09628040 0.05231659
v -0.01628842 -0.09069895 0.05884858
v -0.01628842 -0.08451365 0.06496897
v -0.01628842 -0.07776573 0.07063697
v -0.01628842 -0.07050018 0.07581479
v -0.01628842 -0.06276543 0.08046792
v -0.01628842 -0.05461305 0.08456532
v -0.01628842 -0.04609739 0.08807969
v -0.01628842 -0.03727521 0.09098760
v -0.01628842 -0.02820534 0.09326966
v -0.01628842 -0.01894823 0.09491066
v -0.01628842 -0.00956560 0.09589965
v -0.01628842 -0.00012000 0.09623005
v -0.01157789 -0.07187130 -0.08084983
v -0.01157789 -0.07920633 -0.07542938
v -0.01157789 -0.08599041 -0.06950156
v -0.01157789 -0.09217628 -0.06310765
v -0.01157789 -0.09772085 -0.05629221
v -0.01157789 -0.10258549 -0.04910270
v -0.01157789 -0.10673631 -0.04158921
v -0.01157789 -0.09591679 0.05345080
v -0.01157789 -0.09032200 0.05994587
v -0.01157789 -0.08413379 0.06602948
v -0.01157789 -0.07739286 0.07166161
v -0.01157789 -0.07014357 0.07680520
v -0.01157789 -0.06243360 0.08142641
v -0.01157789 -0.05431368 0.08549484
v -0.01157789 -0.04583724 0.08898373
v -0.01157789 -0.03706002 0.09187012
v -0.01157789 -0.02803978 0.09413502
v -0.01157789 -0.01883586 0.09576353
v -0.01157789 -0.00950881 0.09674495
v -0.01157789 -0.00012000 0.09707281
v -0.00686737 -0.07140424 -0.08124530
v -0.00686737 -0.07871881 -0.07588097
v -0.00686737 -0.08549479 -0.07001234
v -0.00686737 -0.09168577 -0.06367962
v -0.00686737 -0.09724931 -0.05692621
v -0.00686737 -0.10214729 -0.04979838
v -0.00686737 -0.10634616 -0.04234497
v -0.00686737 -0.09557397 0.05451813
v -0.00686737 -0.08996800 0.06097654
v -0.00686737 -0.08377811 0.06702383
v -0.00686737 -0.07704454 0.07262069
v -0.00686737 -0.06981104 0.07773075
v -0.00686737 -0.06212463 0.08232080
v -0.00686737 -0.05403526 0.08636100
v -0.00686737 -0.04559551 0.08982512
v -0.00686737 -0.03686021 0.09269062
v -0.00686737 -0.02788614 0.09493889
v -0.00686737 -0.01873162 0.09655531
v -0.00686737 -0.00945615 0.09752939
v -0.00686737 -0.00012000 0.09785478
v -0.00215684 -0.07095508 -0.08153605
v -0.00215684 -0.07824893 -0.07622844
v -0.00215684 -0.08501577 -0.07041985
v -0.00215684 -0.09120996 -0.06414946
v -0.00215684 -0.09678972 -0.05745956
v -0.00215684 -0.10171741 -0.05039528
v -0.00215684 -0.10595980 -0.04300427
v -0.00215684 -0.09525277 0.05550637
v -0.00215684 -0.08963758 0.06192789
v -0.00215684 -0.08344710 0.06793885
v -0.00215684 -0.07672111 0.07350062
v -0.00215684 -0.06950284 0.07857746
v -0.00215684 -0.06183868 0.08313673
v -0.00215684 -0.05377788 0.08714914
v -0.00215684 -0.04537224 0.09058890
v -0.00215684 -0.03667579 0.09343391
v -0.00215684 -0.02774441 0.09566588
v -0.00215684 -0.01863549 0.09727048
v -0.00215684 -0.00940759 0.09823737
v -0.00215684 -0.00012000 0.09856037
v 0.00255368 -0.07052416 -0.08171752
v 0.00255368 -0.07779716 -0.07646761
v 0.00255368 -0.08455397 -0.07072031
v 0.00255368 -0.09074967 -0.06451380
v 0.00255368 -0.09634310 -0.05788933
v 0.00255368 -0.10129707 -0.05089092
v 0.00255368 -0.10557868 -0.04356509
v 0.00255368 -0.09495390 0.05640332
v 0.00255368 -0.08933132 0.06278723
v 0.00255368 -0.08314119 0.06876140
v 0.00255368 -0.07642290 0.07428782
v 0.00255368 -0.06921919 0.07933133
v 0.00255368 -0.06157588 0.08385984
v 0.00255368 -0.05354161 0.08784456
v 0.00255368 -0.04516748 0.09126012
v 0.00255368 -0.03650678 0.09408480
v 0.00255368 -0.02761458 0.09630063
v 0.00255368 -0.01854748 0.09789351
v 0.00255368 -0.00936314 0.09885331
v 0.00255368 -0.00012000 0.09917392
v 0.00726421 -0.07011178 -0.08178513
v 0.00726421 -0.07736394 -0.07659425
v 0.00726421 -0.08410996 -0.07090986
v 0.00726421 -0.09030563 -0.06476920
v 0.00726421 -0.09591036 -0.05821251
v 0.00726421 -0.10088742 -0.05128276
v 0.00726421 -0.10520420 -0.04402535
v 0.00726421 -0.09467802 0.05719679
v 0.00726421 -0.08904971 0.06354188
v 0.00726421 -0.08286076 0.06947832
v 0.00726421 -0.07615017 0.07496868
v 0.00726421 -0.06896027 0.07997836
v 0.00726421 -0.06133636 0.08447578
v 0.00726421 -0.05332653 0.08843257
v 0.00726421 -0.04498127 0.09182379
v 0.00726421 -0.03635319 0.09462807
v 0.00726421 -0.02749667 0.09682773
v 0.00726421 -0.01846757 0.09840889
v 0.00726421 -0.00932279 0.09936160
v 0.00726421 -0.00012000 0.09967983
v 0.01197474 -0.06971414 -0.08173363
v 0.01197474 -0.07694514 -0.07660345
v 0.01197474 -0.08367935 -0.07098396
v 0.01197474 -0.08987324 -0.06491150
v 0.01197474 -0.09548675 -0.05842534
v 0.01197474 -0.10048358 -0.05156743
v 0.01197474 -0.10483142 -0.04438209
v 0.01197474 -0.09442011 0.05787615
v 0.01197474 -0.08878796 0.06418073
v 0.01197474 -0.08260125 0.07007806
v 0.01197474 -0.07589869 0.07553126
v 0.01197474 -0.06872218 0.08050622
v 0.01197474 -0.06111662 0.08497184
v 0.01197474 -0.05312957 0.08890018
v 0.01197474 -0.04481098 0.09226667
v 0.01197474 -0.03621289 0.09505025
v 0.01197474 -0.02738905 0.09723353
v 0.01197474 -0.01839467 0.09880284
v 0.01197474 -0.00928600 0.09974837
v 0.01197474 -0.00012000 0.10006421
v 0.01668526 -0.06918924 -0.08153862
v 0.01668526 -0.07638403 -0.07646984
v 0.01668526 -0.08309173 -0.07091619
v 0.01668526 -0.08926949 -0.06491313
v 0.01668526 -0.09487787 -0.05849900
v 0.01668526 -0.09988104 -0.05171478
v 0.01668526 -0.10424704 -0.04460378
v 0.01668526 -0.09398724 0.05848593
v 0.01668526 -0.08836461 0.06474942
v 0.01668526 -0.08219386 0.07060729
v 0.01668526 -0.07551332 0.07602316
v 0.01668526 -0.06836447 0.08096339
v 0.01668526 -0.06079174 0.08539729
v 0.01668526 -0.05284215 0.08929731
v 0.01668526 -0.04456507 0.09263925
v 0.01668526 -0.03601194 0.09540233
v 0.01668526 -0.02723586 0.09756940
v 0.01668526 -0.01829136 0.09912699
v 0.01668526 -0.00923398 0.10006543
v 0.01668526 -0.00012000 0.10037890
v 0.02139579 -0.06848827 -0.08119519
v 0.02139579 -0.07562668 -0.07618760
v 0.02139579 -0.08228834 -0.07069969
v 0.02139579 -0.08843119 -0.06476612
v 0.02139579 -0.09401644 -0.05842435
v 0.02139579 -0.09900883 -0.05171443
v 0.02139579 -0.10337683 -0.04467871
v 0.02139579 -0.09331115 0.05905219
v 0.02139579 -0.08771553 0.06527509
v 0.02139579 -0.08157894 0.07109415
v 0.02139579 -0.07493929 0.07647344
v 0.02139579 -0.06783758 0.08137974
v 0.02139579 -0.06031766 0.08578274
v 0.02139579 -0.05242599 0.08965525
v 0.02610632 -0.06763953 -0.08071128
v 0.02610632 -0.07470429 -0.07576426
v 0.02610632 -0.08130308 -0.07034158
v 0.02610632 -0.08739467 -0.06447711
v 0.02610632 -0.09294101 -0.05820749
v 0.02610632 -0.09790745 -0.05157189
v 0.02610632 -0.10226295 -0.04461178
v 0.02610632 -0.09242814 0.05957570
v 0.02610632 -0.08687484 0.06575895
v 0.02610632 -0.08078824 0.07154026
v 0.02610632 -0.07420578 0.07688409
v 0.02610632 -0.06716790 0.08175760
v 0.02610632 -0.05971788 0.08613082
v 0.02610632 -0.05190150 0.08997688
v 0.03081684 -0.06667039 -0.08009495
v 0.03081684 -0.07364708 -0.07520753
v 0.03081684 -0.08016881 -0.06984914
v 0.03081684 -0.08619525 -0.06405293
v 0.03081684 -0.09168910 -0.05785477
v 0.03081684 -0.09661636 -0.05129301
v 0.03081684 -0.10094655 -0.04440824
v 0.03081684 -0.09137361 0.06005744
v 0.03081684 -0.08587578 0.06620239
v 0.03081684 -0.07985266 0.07194738
v 0.03081684 -0.07334113 0.07725723
v 0.03081684 -0.06638108 0.08209941
v 0.03081684 -0.05901515 0.08644425
v 0.03081684 -0.05128846 0.09026515
v 0.03552737 -0.06560735 -0.07935440
v 0.03552737 -0.07248434 -0.07452526
v 0.03552737 -0.07891746 -0.06922985
v 0.03552737 -0.08486726 -0.06350065
v 0.03552737 -0.09029725 -0.05737280
v 0.03552737 -0.09517411 -0.05088389
v 0.03552737 -0.09946794 -0.04407371
v 0.03552737 -0.09018220 0.06049860
v 0.03552737 -0.08475085 0.06660697
v 0.03552737 -0.07880233 0.07231743
v 0.03552737 -0.07237298 0.07759508
v 0.03552737 -0.06550210 0.08240767
v 0.03552737 -0.05823166 0.08672579
v 0.03552737 -0.05060611 0.09052306
v 0.04023789 -0.06447618 -0.07849792
v 0.04023789 -0.07124458 -0.07372544
v 0.04023789 -0.07758011 -0.06849136
v 0.04023789 -0.08344419 -0.06282753
v 0.04023789 -0.08880116 -0.05676842
v 0.04023789 -0.09361840 -0.05035091
v 0.04023789 -0.09786660 -0.04361407
v 0.04023789 -0.08888789 0.06090052
v 0.04023789 -0.08353190 0.06697439
v 0.04023789 -0.07766680 0.07265243
v 0.04023789 -0.07132840 0.07789997
v 0.04023789 -0.06455539 0.08268499
v 0.04023789 -0.05738910 0.08697829
v 0.04023789 -0.04987327 0.09075364
v 0.04494842 -0.00012000 -0.09605310
v 0.04494842 -0.00854272 -0.09575437
v 0.04494842 -0.01691453 -0.09485999
v 0.04494842 -0.02518482 -0.09337537
v 0.04494842 -0.03330359 -0.09130947
v 0.04494842 -0.04122179 -0.08867479
v 0.04494842 -0.04889153 -0.08548725
v 0.04494842 -0.05626646 -0.08176612
v 0.04494842 -0.06330201 -0.07753389
v 0.04494842 -0.06995563 -0.07281616
v 0.04494842 -0.07618712 -0.06764142
v 0.04494842 -0.08195880 -0.06204097
v 0.04494842 -0.08723579 -0.05604865
v 0.04494842 -0.09198618 -0.04970069
v 0.04494842 -0.09618127 -0.04303547
v 0.04494842 -0.08752418 0.06126468
v 0.04494842 -0.08225027 0.06730647
v 0.04494842 -0.07647514 0.07295450
v 0.04494842 -0.07023401 0.07817431
v 0.04494842 -0.06356499 0.08293402
v 0.04494842 -0.05650877 0.08720460
v 0.04494842 -0.04910841 0.09095999
v 0.04965895 -0.00012000 -0.09477907
v 0.04965895 -0.00838058 -0.09448379
v 0.04965895 -0.01659153 -0.09359975
v 0.04965895 -0.02470348 -0.09213226
v 0.04965895 -0.03266771 -0.09009013
v 0.04965895 -0.04043634 -0.08748563
v 0.04965895 -0.04796270 -0.08433441
v 0.04965895 -0.05520155 -0.08065543
v 0.04965895 -0.06210939 -0.07647077
v 0.04965895 -0.06864471 -0.07180559
v 0.04965895 -0.07476824 -0.06668793
v 0.04965895 -0.08044318 -0.06114853
v 0.04965895 -0.08563543 -0.05522069
v 0.04965895 -0.09031377 -0.04894003
v 0.04965895 -0.09445011 -0.04234429
v 0.04965895 -0.08612417 0.06159269
v 0.04965895 -0.08093700 0.06760512
v 0.04965895 -0.07525608 0.07322585
v 0.04965895 -0.06911612 0.07842054
v 0.04965895 -0.06255465 0.08315745
v 0.04965895 -0.05561173 0.08740766
v 0.04965895 -0.04832980 0.09114518
v 0.05436947 -0.00012000 -0.09342488
v 0.05436947 -0.00821986 -0.09313289
v 0.05436947 -0.01627128 -0.09225865
v 0.05436947 -0.02422611 -0.09080741
v 0.05436947 -0.03203678 -0.08878783
v 0.05436947 -0.03965659 -0.08621200
v 0.05436947 -0.04703997 -0.08309532
v 0.05436947 -0.05414275 -0.07945642
v 0.05436947 -0.06092248 -0.07531707
v 0.05436947 -0.06733860 -0.07070202
v 0.05436947 -0.07335274 -0.06563887
v 0.05436947 -0.07892894 -0.06015790
v 0.05436947 -0.08403386 -0.05429188
v 0.05436947 -0.08863696 -0.04807590
v 0.05436947 -0.09271071 -0.04154713
v 0.05436947 -0.08472079 0.06188623
v 0.05436947 -0.07962286 0.06787231
v 0.05436947 -0.07403816 0.07346871
v 0.05436947 -0.06800086 0.07864118
v 0.05436947 -0.06154794 0.08335803
v 0.05436947 -0.05471891 0.08759039
v 0.05436947 -0.04755557 0.09131235
v 0.05908000 -0.00012000 -0.09200000
v 0.05908000 -0.00806368 -0.09171109
v 0.05908000 -0.01596003 -0.09084609
v 0.05908000 -0.02376204 -0.08941015
v 0.05908000 -0.03142321 -0.08741183
v 0.05908000 -0.03889791 -0.08486302
v 0.05908000 -0.04614161 -0.08177891
v 0.05908000 -0.05311118 -0.07817788
v 0.05908000 -0.05976508 -0.07408137
v 0.05908000 -0.06606369 -0.06951378
v 0.05908000 -0.07196948 -0.06450232
v 0.05908000 -0.07744728 -0.05907685
v 0.05908000 -0.08246445 -0.05326969
v 0.05908000 -0.08699110 -0.04711542
v 0.05908000 -0.09100028 -0.04065071
v 0.06504844 -0.09104427 -0.03459808
v 0.06993500 -0.09083226 -0.02848931
v 0.07384784 -0.09054324 -0.02256764
v 0.07689518 -0.09028668 -0.01692721
v 0.07918518 -0.09011732 -0.01157849
v 0.08082606 -0.09004769 -0.00648931
v 0.08192598 -0.09005861 -0.00160971
v 0.08259315 -0.09010790 0.00311379
v 0.08293575 -0.09013773 0.00773025
v 0.08306197 -0.09008062 0.01228026
v 0.08308000 -0.08986435 0.01679405
v 0.08306197 -0.08944013 0.02128334
v 0.08293575 -0.08885718 0.02572606
v 0.08259315 -0.08818626 0.03010168
v 0.08192598 -0.08749141 0.03439978
v 0.08082606 -0.08682536 0.03861835
v 0.07918518 -0.08622394 0.04276106
v 0.07689518 -0.08569959 0.04683307
v 0.07384784 -0.08523379 0.05083501
v 0.06993500 -0.08476837 0.05475427
v 0.06504844 -0.08419556 0.05855249
v 0.05908000 -0.08334683 0.06214704
v 0.05908000 -0.07833862 0.06811007
v 0.05908000 -0.07284987 0.07368540
v 0.05908000 -0.06691432 0.07883876
v 0.05908000 -0.06056843 0.08353851
v 0.05908000 -0.05385119 0.08775577
v 0.05908000 -0.04680385 0.09146463
v 0.06464250 -0.00012000 -0.08985741
v 0.06464250 -0.00788186 -0.08957178
v 0.06464250 -0.01559749 -0.08871660
v 0.06464250 -0.02322092 -0.08729695
v 0.06464250 -0.03070674 -0.08532129
v 0.06464250 -0.03801036 -0.08280139
v 0.06464250 -0.04508827 -0.07975227
v 0.06464250 -0.05189832 -0.07619208
v 0.06464250 -0.05839993 -0.07214204
v 0.06464250 -0.06455437 -0.06762626
v 0.06464250 -0.07032499 -0.06267165
v 0.06464250 -0.07567741 -0.05730773
v 0.06464250 -0.08057975 -0.05156644
v 0.06464250 -0.08500280 -0.04548198
v 0.06464250 -0.08892022 -0.03909060
v 0.07023792 -0.08868035 -0.03277046
v 0.07481906 -0.08828442 -0.02659366
v 0.07848735 -0.08787763 -0.02071194
v 0.08134423 -0.08754583 -0.01516521
v 0.08349111 -0.08732793 -0.00993321
v 0.08502943 -0.08722639 -0.00496749
v 0.08606061 -0.08721616 -0.00021035
v 0.08668608 -0.08725206 0.00439460
v 0.08700726 -0.08727509 0.00889673
v 0.08712560 -0.08721769 0.01333574
v 0.08714250 -0.08700801 0.01774048
v 0.08712560 -0.08659758 0.02212171
v 0.08700726 -0.08603527 0.02645893
v 0.08668608 -0.08539140 0.03073377
v 0.08606061 -0.08473010 0.03493793
v 0.08502943 -0.08410516 0.03907159
v 0.08349111 -0.08355523 0.04314088
v 0.08134423 -0.08309818 0.04715422
v 0.07848735 -0.08272470 0.05111718
v 0.07481906 -0.08239084 0.05502525
v 0.07023792 -0.08200969 0.05885342
v 0.06464250 -0.08144194 0.06254108
v 0.06464250 -0.07654835 0.06843648
v 0.06464250 -0.07118523 0.07394856
v 0.06464250 -0.06538554 0.07904347
v 0.06464250 -0.05918489 0.08368990
v 0.06464250 -0.05262139 0.08785932
v 0.06464250 -0.04573535 0.09152611
v 0.06464250 -0.03856908 0.09466774
v 0.06464250 -0.03116660 0.09726491
v 0.06464250 -0.02357339 0.09930166
v 0.06464250 -0.01583610 0.10076549
v 0.06464250 -0.00800226 0.10164740
v 0.06464250 -0.00012000 0.10194198
v 0.07020500 -0.00012000 -0.08695879
v 0.07020500 -0.00766722 -0.08667811
v 0.07020500 -0.01516948 -0.08583774
v 0.07020500 -0.02258210 -0.08444269
v 0.07020500 -0.02986091 -0.08250127
v 0.07020500 -0.03696256 -0.08002505
v 0.07020500 -0.04384475 -0.07702876
v 0.07020500 -0.05046647 -0.07353027
v 0.07020500 -0.05678829 -0.06955042
v 0.07020500 -0.06277255 -0.06511290
v 0.07020500 -0.06838359 -0.06024415
v 0.07020500 -0.07358800 -0.05497318
v 0.07020500 -0.07835477 -0.04933139
v 0.07020500 -0.08265551 -0.04335237
v 0.07020500 -0.08646460 -0.03707176
v 0.07542739 -0.08600692 -0.03064182
v 0.07970312 -0.08547539 -0.02450150
v 0.08312686 -0.08498585 -0.01872919
v 0.08579328 -0.08460384 -0.01332257
v 0.08779704 -0.08435487 -0.00823861
v 0.08923280 -0.08423322 -0.00341781
v 0.09019523 -0.08420936 0.00120182
v 0.09077900 -0.08423625 0.00567719
v 0.09107878 -0.08425470 0.01005641
v 0.09118922 -0.08419793 0.01437717
v 0.09120500 -0.08399533 0.01866614
v 0.09118922 -0.08359933 0.02293277
v 0.09107878 -0.08305784 0.02715825
v 0.09077900 -0.08243999 0.03132642
v 0.09019523 -0.08180912 0.03543101
v 0.08923280 -0.08121924 0.03947404
v 0.08779704 -0.08071078 0.04346363
v 0.08579328 -0.08030585 0.04741076
v 0.08312686 -0.08000271 0.05132495
v 0.07970312 -0.07976959 0.05520825
v 0.07542739 -0.07953764 0.05904682
v 0.07020500 -0.07919312 0.06279866
v 0.07020500 -0.07443485 0.06859188
v 0.07020500 -0.06922004 0.07400844
v 0.07020500 -0.06358073 0.07901505
v 0.07020500 -0.05755155 0.08358097
v 0.07020500 -0.05116955 0.08767813
v 0.07020500 -0.04447393 0.09128137
v 0.07020500 -0.03750583 0.09436856
v 0.07020500 -0.03030806 0.09692072
v 0.07020500 -0.02292483 0.09892218
v 0.07020500 -0.01540150 0.10036064
v 0.07020500 -0.00778429 0.10122727
v 0.07020500 -0.00012000 0.10151673
v 0.07576750 -0.00012000 -0.08343600
v 0.07576750 -0.00742227 -0.08316171
v 0.07576750 -0.01468103 -0.08234047
v 0.07576750 -0.02185306 -0.08097718
v 0.07576750 -0.02889563 -0.07907995
v 0.07576750 -0.03576679 -0.07666009
v 0.07576750 -0.04242560 -0.07373201
v 0.07576750 -0.04883241 -0.07031316
v 0.07576750 -0.05494905 -0.06642390
v 0.07576750 -0.06073908 -0.06208739
v 0.07576750 -0.06616800 -0.05732947
v 0.07576750 -0.07120350 -0.05217849
v 0.07576750 -0.07581556 -0.04666512
v 0.07576750 -0.07997671 -0.04082220
v 0.07576750 -0.08366217 -0.03468455
v 0.08061686 -0.08304796 -0.02828264
v 0.08458718 -0.08242560 -0.02226913
v 0.08776637 -0.08188574 -0.01666548
v 0.09024233 -0.08147668 -0.01143801
v 0.09210296 -0.08121285 -0.00652799
v 0.09343617 -0.08108200 -0.00186953
v 0.09432986 -0.08105147 0.00260054
v 0.09487193 -0.08107340 0.00693768
v 0.09515029 -0.08108933 0.01118736
v 0.09525285 -0.08103405 0.01538430
v 0.09526750 -0.08083898 0.01955236
v 0.09525285 -0.08045797 0.02369938
v 0.09515029 -0.07993750 0.02780830
v 0.09487193 -0.07934469 0.03186524
v 0.09432986 -0.07874138 0.03586576
v 0.09343617 -0.07818094 0.03981343
v 0.09210296 -0.07770469 0.04371787
v 0.09024233 -0.07733779 0.04759195
v 0.08776637 -0.07708464 0.05144819
v 0.08458718 -0.07692367 0.05529383
v 0.08061686 -0.07680155 0.05912412
v 0.07576750 -0.07662669 0.06291250
v 0.07576750 -0.07202286 0.06857386
v 0.07576750 -0.06697731 0.07386712
v 0.07576750 -0.06152102 0.07875977
v 0.07576750 -0.05568753 0.08322175
v 0.07576750 -0.04951267 0.08722565
v 0.07576750 -0.04303437 0.09074687
v 0.07576750 -0.03629243 0.09376378
v 0.07576750 -0.02932827 0.09625784
v 0.07576750 -0.02218467 0.09821374
v 0.07576750 -0.01490552 0.09961946
v 0.07576750 -0.00753554 0.10046636
v 0.07576750 -0.00012000 0.10074924
v 0.08133000 -0.00012000 -0.07942094
v 0.08133000 -0.00714951 -0.07915425
v 0.08133000 -0.01413715 -0.07835575
v 0.08133000 -0.02104129 -0.07703020
v 0.08133000 -0.02782080 -0.07518551
v 0.08133000 -0.03443531 -0.07283265
v 0.08133000 -0.04084540 -0.06998565
v 0.08133000 -0.04701290 -0.06666146
v 0.08133000 -0.05290107 -0.06287988
v 0.08133000 -0.05847483 -0.05866344
v 0.08133000 -0.06370097 -0.05403727
v 0.08133000 -0.06854838 -0.04902890
v 0.08133000 -0.07298817 -0.04366819
v 0.08133000 -0.07699389 -0.03798706
v 0.08133000 -0.08054169 -0.03201935
v 0.08580633 -0.07982740 -0.02576339
v 0.08947125 -0.07915547 -0.01995282
v 0.09240588 -0.07859515 -0.01456689
v 0.09469138 -0.07818037 -0.00955019
v 0.09640889 -0.07791656 -0.00483462
v 0.09763954 -0.07778656 -0.00035195
v 0.09846449 -0.07775576 0.00395957
v 0.09896486 -0.07777647 0.00815220
v 0.09922181 -0.07779175 0.01226762
v 0.09931648 -0.07773876 0.01633685
v 0.09933000 -0.07755164 0.02038045
v 0.09931648 -0.07718614 0.02440437
v 0.09922181 -0.07668683 0.02839339
v 0.09896486 -0.07611816 0.03233584
v 0.09846449 -0.07553974 0.03622892
v 0.09763954 -0.07500358 0.04007747
v 0.09640889 -0.07455100 0.04389213
v 0.09469138 -0.07420918 0.04768703
v 0.09240588 -0.07398727 0.05147678
v 0.08947125 -0.07387214 0.05527258
v 0.08580633 -0.07382358 0.05907679
v 0.08133000 -0.07376901 0.06287538
v 0.08133000 -0.06933714 0.06837998
v 0.08133000 -0.06448005 0.07352667
v 0.08133000 -0.05922757 0.07828385
v 0.08133000 -0.05361197 0.08262229
v 0.08133000 -0.04766775 0.08651532
v 0.08133000 -0.04143143 0.08993905
v 0.08133000 -0.03494131 0.09287242
v 0.08133000 -0.02823728 0.09529743
v 0.08133000 -0.02136051 0.09719917
v 0.08133000 -0.01435325 0.09856597
v 0.08133000 -0.00725855 0.09938942
v 0.08133000 -0.00012000 0.09966447
v 0.08689250 -0.00012000 -0.07504549
v 0.08689250 -0.00685147 -0.07478736
v 0.08689250 -0.01354284 -0.07401452
v 0.08689250 -0.02015426 -0.07273155
v 0.08689250 -0.02664633 -0.07094611
v 0.08689250 -0.03298039 -0.06866883
v 0.08689250 -0.03911871 -0.06591328
v 0.08689250 -0.04502471 -0.06269586
v 0.08689250 -0.05066323 -0.05903576
v 0.08689250 -0.05600067 -0.05495476
v 0.08689250 -0.06100524 -0.05047719
v 0.08689250 -0.06564712 -0.04562970
v 0.08689250 -0.06989867 -0.04044118
v 0.08689250 -0.07373456 -0.03494254
v 0.08689250 -0.07713193 -0.02916652
v 0.09099581 -0.07636921 -0.02315455
v 0.09435531 -0.07568542 -0.01760885
v 0.09704539 -0.07513194 -0.01247948
v 0.09914043 -0.07473091 -0.00769781
v 0.10071481 -0.07447877 -0.00319075
v 0.10184291 -0.07434530 0.00111350
v 0.10259911 -0.07430327 0.00526786
v 0.10305779 -0.07431268 0.00931654
v 0.10329333 -0.07432111 0.01329606
v 0.10338010 -0.07426807 0.01723413
v 0.10339250 -0.07408896 0.02114894
v 0.10338010 -0.07374016 0.02504523
v 0.10329333 -0.07326556 0.02890935
v 0.10305779 -0.07272834 0.03273176
v 0.10259911 -0.07218579 0.03651161
v 0.10184291 -0.07168563 0.04025544
v 0.10071481 -0.07126194 0.04397510
v 0.09914043 -0.07093519 0.04768524
v 0.09704539 -0.07072740 0.05140063
v 0.09435531 -0.07063406 0.05513505
v 0.09099581 -0.07062587 0.05889625
v 0.08689250 -0.07064640 0.06268002
v 0.08689250 -0.06640244 0.06800781
v 0.08689250 -0.06175128 0.07298918
v 0.08689250 -0.05672150 0.07759355
v 0.08689250 -0.05134399 0.08179263
v 0.08689250 -0.04565180 0.08556061
v 0.08689250 -0.03967988 0.08887436
v 0.08689250 -0.03346494 0.09171351
v 0.08689250 -0.02704515 0.09406063
v 0.08689250 -0.02045994 0.09590128
v 0.08689250 -0.01374978 0.09722417
v 0.08689250 -0.00695589 0.09802117
v 0.08689250 -0.00012000 0.09828739
v 0.09245500 -0.00012000 -0.07044154
v 0.09245500 -0.00653066 -0.07019272
v 0.09245500 -0.01290313 -0.06944773
v 0.09245500 -0.01919945 -0.06821101
v 0.09245500 -0.02538212 -0.06648993
v 0.09245500 -0.03141431 -0.06429475
v 0.09245500 -0.03726008 -0.06163853
v 0.09245500 -0.04288461 -0.05853710
v 0.09245500 -0.04825441 -0.05500893
v 0.09245500 -0.05333747 -0.05107505
v 0.09245500 -0.05810353 -0.04675888
v 0.09245500 -0.06252418 -0.04208614
v 0.09245500 -0.06657311 -0.03708466
v 0.09245500 -0.07022618 -0.03178424
v 0.09245500 -0.07346165 -0.02621644
v 0.09618528 -0.07269735 -0.02052661
v 0.09923937 -0.07203587 -0.01529350
v 0.10168490 -0.07150171 -0.01044140
v 0.10358949 -0.07108251 -0.00588059
v 0.10502074 -0.07079236 -0.00155643
v 0.10604628 -0.07062642 0.00258093
v 0.10673374 -0.07056019 0.00657812
v 0.10715072 -0.07055315 0.01047673
v 0.10736484 -0.07055294 0.01431130
v 0.10744373 -0.07049956 0.01810788
v 0.10745500 -0.07032912 0.02188318
v 0.10744373 -0.06999848 0.02564105
v 0.10736484 -0.06955099 0.02936940
v 0.10715072 -0.06904909 0.03306080
v 0.10673374 -0.06854956 0.03671650
v 0.10604628 -0.06810000 0.04034496
v 0.10502074 -0.06773500 0.04395967
v 0.10358949 -0.06747240 0.04757621
v 0.10168490 -0.06731033 0.05120945
v 0.09923937 -0.06722847 0.05487181
v 0.09618528 -0.06723059 0.05857395
v 0.09245500 -0.06728520 0.06231919
v 0.09245500 -0.06324350 0.06745492
v 0.09245500 -0.05881401 0.07225672
v 0.09245500 -0.05402394 0.07669511
v 0.09245500 -0.04890272 0.08074282
v 0.09245500 -0.04348181 0.08437497
v 0.09245500 -0.03779451 0.08756926
v 0.09245500 -0.03187576 0.09030607
v 0.09245500 -0.02576193 0.09256857
v 0.09245500 -0.01949057 0.09434288
v 0.09245500 -0.01310020 0.09561808
v 0.09245500 -0.00663010 0.09638635
v 0.09245500 -0.00012000 0.09664296
v 0.09801750 -0.00012000 -0.06574097
v 0.09801750 -0.00618959 -0.06550196
v 0.09801750 -0.01222302 -0.06478634
v 0.09801750 -0.01818435 -0.06359838
v 0.09801750 -0.02403808 -0.06194516
v 0.09801750 -0.02974933 -0.05983652
v 0.09801750 -0.03528408 -0.05728502
v 0.09801750 -0.04060937 -0.05430587
v 0.09801750 -0.04569347 -0.05091680
v 0.09801750 -0.05050609 -0.04713801
v 0.09801750 -0.05501858 -0.04299201
v 0.09801750 -0.05920404 -0.03850350
v 0.09801750 -0.06303755 -0.03369920
v 0.09801750 -0.06649626 -0.02860774
v 0.09801750 -0.06955959 -0.02325946
v 0.10137475 -0.06882818 -0.01794433
v 0.10412344 -0.06814729 -0.01300278
v 0.10632441 -0.06755614 -0.00837413
v 0.10803854 -0.06709070 -0.00401369
v 0.10932667 -0.06676480 0.00012390
v 0.11024966 -0.06657116 0.00408452
v 0.11086836 -0.06648391 0.00791239
v 0.11124365 -0.06646226 0.01164740
v 0.11143636 -0.06645436 0.01532272
v 0.11150736 -0.06640125 0.01896314
v 0.11151750 -0.06624034 0.02258409
v 0.11150736 -0.06592935 0.02618873
v 0.11143636 -0.06551072 0.02976651
v 0.11124365 -0.06504556 0.03331215
v 0.11086836 -0.06458963 0.03682911
v 0.11024966 -0.06419005 0.04032813
v 0.10932667 -0.06388168 0.04382492
v 0.10803854 -0.06368367 0.04733709
v 0.10632441 -0.06359644 0.05088060
v 0.10412344 -0.06359983 0.05446670
v 0.10137475 -0.06365285 0.05810070
v 0.09801750 -0.06371176 0.06178563
v 0.09801750 -0.05988509 0.06671887
v 0.09801750 -0.05569126 0.07133137
v 0.09801750 -0.05115604 0.07559477
v 0.09801750 -0.04630729 0.07948290
v 0.09801750 -0.04117479 0.08297185
v 0.09801750 -0.03579008 0.08604021
v 0.09801750 -0.03018623 0.08866911
v 0.09801750 -0.02439768 0.09084242
v 0.09801750 -0.01845998 0.09254677
v 0.09801750 -0.01240961 0.09377170
v 0.09801750 -0.00628374 0.09450968
v 0.09801750 -0.00012000 0.09475618
v 0.10358000 -0.00012000 -0.06099739
v 0.10358000 -0.00582583 -0.06076862
v 0.10358000 -0.01149767 -0.06008368
v 0.10358000 -0.01710174 -0.05894664
v 0.10358000 -0.02260465 -0.05736428
v 0.10358000 -0.02797362 -0.05534603
v 0.10358000 -0.03317667 -0.05290390
v 0.10358000 -0.03818281 -0.05005245
v 0.10358000 -0.04296222 -0.04680865
v 0.10358000 -0.04748642 -0.04319184
v 0.10358000 -0.05172846 -0.03922356
v 0.10358000 -0.05566309 -0.03492744
v 0.10358000 -0.05926685 -0.03032908
v 0.10358000 -0.06251828 -0.02545587
v 0.10358000 -0.06539802 -0.02033684
v 0.10656422 -0.06459766 -0.01531272
v 0.10900750 -0.06385268 -0.01061462
v 0.11096392 -0.06321472 -0.00620903
v 0.11248759 -0.06271468 -0.00205854
v 0.11363259 -0.06236233 0.00187863
v 0.11445303 -0.06214774 0.00564637
v 0.11500299 -0.06204394 0.00928754
v 0.11533657 -0.06201027 0.01284090
v 0.11550787 -0.06199601 0.01633849
v 0.11557098 -0.06194395 0.01980402
v 0.11558000 -0.06179350 0.02325182
v 0.11557098 -0.06150378 0.02668444
v 0.11550787 -0.06111580 0.03009287
v 0.11533657 -0.06068864 0.03347389
v 0.11500299 -0.06027639 0.03683312
v 0.11445303 -0.05992514 0.04018356
v 0.11363259 -0.05966966 0.04354344
v 0.11248759 -0.05953027 0.04693302
v 0.11096392 -0.05950994 0.05037091
v 0.10900750 -0.05959231 0.05387024
v 0.10656422 -0.05974099 0.05743565
v 0.10358000 -0.05990065 0.06106281
v 0.10358000 -0.05630332 0.06578459
v 0.10358000 -0.05236083 0.07019937
v 0.10358000 -0.04809741 0.07428002
v 0.10358000 -0.04353925 0.07800148
v 0.10358000 -0.03871435 0.08134089
v 0.10358000 -0.03365234 0.08427772
v 0.10358000 -0.02838434 0.08679393
v 0.10358000 -0.02294270 0.08887408
v 0.10358000 -0.01736085 0.09050538
v 0.10358000 -0.01167308 0.09167780
v 0.10358000 -0.00591434 0.09238414
v 0.10358000 -0.00012000 0.09262008
v 0.10914250 -0.00012000 -0.05589930
v 0.10914250 -0.00541994 -0.05568195
v 0.10914250 -0.01068832 -0.05503121
v 0.10914250 -0.01589374 -0.05395094
v 0.10914250 -0.02100520 -0.05244759
v 0.10914250 -0.02599225 -0.05053010
v 0.10914250 -0.03082518 -0.04820991
v 0.10914250 -0.03547520 -0.04550083
v 0.10914250 -0.03991463 -0.04241900
v 0.10914250 -0.04411700 -0.03898278
v 0.10914250 -0.04805728 -0.03521263
v 0.10914250 -0.05171202 -0.03113102
v 0.10914250 -0.05505942 -0.02676225
v 0.10914250 -0.05807957 -0.02213236
v 0.10914250 -0.06075445 -0.01726892
v 0.11175369 -0.05988955 -0.01251342
v 0.11389156 -0.05910201 -0.00806588
v 0.11560343 -0.05843643 -0.00389928
v 0.11693664 -0.05791768 0.00002119
v 0.11793852 -0.05755114 0.00373611
v 0.11865640 -0.05732440 0.00728854
v 0.11913762 -0.05720979 0.01072046
v 0.11942950 -0.05716745 0.01406954
v 0.11957939 -0.05714855 0.01736674
v 0.11963461 -0.05709846 0.02063464
v 0.11964250 -0.05695949 0.02388650
v 0.11963461 -0.05669279 0.02712438
v 0.11957939 -0.05633729 0.03034069
v 0.11942950 -0.05594923 0.03353412
v 0.11913762 -0.05558023 0.03671217
v 0.11865640 -0.05527463 0.03988989
v 0.11793852 -0.05506661 0.04308779
v 0.11693664 -0.05497732 0.04632894
v 0.11560343 -0.05501222 0.04963532
v 0.11389156 -0.05515921 0.05302373
v 0.11175369 -0.05538751 0.05650201
v 0.10914250 -0.05564814 0.06006644
v 0.10914250 -0.05230671 0.06455246
v 0.10914250 -0.04864467 0.06874681
v 0.10914250 -0.04468453 0.07262372
v 0.10914250 -0.04045061 0.07615937
v 0.10914250 -0.03596893 0.07933204
v 0.10914250 -0.03126701 0.08212223
v 0.10914250 -0.02637375 0.08451281
v 0.10914250 -0.02131920 0.08648910
v 0.10914250 -0.01613442 0.08803894
v 0.10914250 -0.01085125 0.08915283
v 0.10914250 -0.00550216 0.08982390
v 0.10914250 -0.00012000 0.09004806
v 0.11470500 -0.00012000 -0.05021261
v 0.11470500 -0.00496463 -0.05000850
v 0.11470500 -0.00978040 -0.04939738
v 0.11470500 -0.01453862 -0.04838289
v 0.11470500 -0.01921095 -0.04697108
v 0.11470500 -0.02376957 -0.04517035
v 0.11470500 -0.02818730 -0.04299144
v 0.11470500 -0.03243785 -0.04044732
v 0.11470500 -0.03649588 -0.03755315
v 0.11470500 -0.04033722 -0.03432616
v 0.11470500 -0.04393900 -0.03078558
v 0.11470500 -0.04727976 -0.02695250
v 0.11470500 -0.05033959 -0.02284976
v 0.11470500 -0.05310027 -0.01850179
v 0.11470500 -0.05554536 -0.01393449
v 0.11694317 -0.05464880 -0.00946556
v 0.11877562 -0.05384833 -0.00529548
v 0.12024294 -0.05318026 -0.00139802
v 0.12138569 -0.05266295 0.00226183
v 0.12224444 -0.05229747 0.00572471
v 0.12285977 -0.05206937 0.00903313
v 0.12327224 -0.05195098 0.01222801
v 0.12352243 -0.05190406 0.01534566
v 0.12365091 -0.05188261 0.01841562
v 0.12369824 -0.05183557 0.02145911
v 0.12370500 -0.05170922 0.02448828
v 0.12369824 -0.05146738 0.02750471
v 0.12365091 -0.05114626 0.03050217
v 0.12352243 -0.05079824 0.03348093
v 0.12327224 -0.05047153 0.03644995
v 0.12285977 -0.05020790 0.03942574
v 0.12224444 -0.05004022 0.04243056
v 0.12138569 -0.04998991 0.04548981
v 0.12024294 -0.05006468 0.04862873
v 0.11877562 -0.05025672 0.05186853
v 0.11694317 -0.05054151 0.05522237
v 0.11470500 -0.05087773 0.05869181
v 0.11470500 -0.04782336 0.06290467
v 0.11470500 -0.04447593 0.06684362
v 0.11470500 -0.04085600 0.07048446
v 0.11470500 -0.03698582 0.07380482
v 0.11470500 -0.03288916 0.07678430
v 0.11470500 -0.02859118 0.07940459
v 0.11470500 -0.02411830 0.08164961
v 0.11470500 -0.01949798 0.08350556
v 0.11470500 -0.01475862 0.08496103
v 0.11470500 -0.00992933 0.08600708
v 0.11470500 -0.00503978 0.08663730
v 0.11470500 -0.00012000 0.08684780
v 0.12026750 -0.00012000 -0.04372248
v 0.12026750 -0.00445410 -0.04353401
v 0.12026750 -0.00876239 -0.04296973
v 0.12026750 -0.01301919 -0.04203300
v 0.12026750 -0.01719915 -0.04072939
v 0.12026750 -0.02127738 -0.03906668
v 0.12026750 -0.02522958 -0.03705476
v 0.12026750 -0.02903220 -0.03470563
v 0.12026750 -0.03266259 -0.03203327
v 0.12026750 -0.03609914 -0.02905361
v 0.12026750 -0.03932136 -0.02578439
v 0.12026750 -0.04231007 -0.02224509
v 0.12026750 -0.04504746 -0.01845680
v 0.12026750 -0.04751722 -0.01444206
v 0.12026750 -0.04970465 -0.01022482
v 0.12213264 -0.04882035 -0.00608825
v 0.12365969 -0.04804472 -0.00224230
v 0.12488245 -0.04740520 0.00134157
v 0.12583474 -0.04691371 0.00469972
v 0.12655037 -0.04656751 0.00787279
v 0.12706314 -0.04635088 0.01090221
v 0.12740687 -0.04623702 0.01382707
v 0.12761536 -0.04619037 0.01668160
v 0.12772242 -0.04616884 0.01949326
v 0.12776187 -0.04612611 0.02228156
v 0.12776750 -0.04601358 0.02505731
v 0.12776187 -0.04579856 0.02782164
v 0.12772242 -0.04551377 0.03056951
v 0.12761536 -0.04520656 0.03330241
v 0.12740687 -0.04492067 0.03603010
v 0.12706314 -0.04469432 0.03876974
v 0.12655037 -0.04455815 0.04154432
v 0.12583474 -0.04453315 0.04438056
v 0.12488245 -0.04462872 0.04730607
v 0.12365969 -0.04484107 0.05034600
v 0.12213264 -0.04515208 0.05351934
v 0.12026750 -0.04552889 0.05683521
v 0.12026750 -0.04279639 0.06072519
v 0.12026750 -0.03980171 0.06436224
v 0.12026750 -0.03656325 0.06772404
v 0.12026750 -0.03310091 0.07078991
v 0.12026750 -0.02943595 0.07354104
v 0.12026750 -0.02559089 0.07596051
v 0.12026750 -0.02158936 0.07803346
v 0.12026750 -0.01745593 0.07974716
v 0.12026750 -0.01321601 0.08109108
v 0.12026750 -0.00889563 0.08205696
v 0.12026750 -0.00452133 0.08263888
v 0.12026750 -0.00012000 0.08283325
v 0.12583000 -0.00012000 -0.03621406
v 0.12583000 -0.00388259 -0.03604425
v 0.12583000 -0.00762277 -0.03553580
v 0.12583000 -0.01131825 -0.03469176
v 0.12583000 -0.01494703 -0.03351716
v 0.12583000 -0.01848749 -0.03201898
v 0.12583000 -0.02191853 -0.03020615
v 0.12583000 -0.02521973 -0.02808948
v 0.12583000 -0.02837141 -0.02568157
v 0.12583000 -0.03135480 -0.02299676
v 0.12583000 -0.03415213 -0.02005105
v 0.12583000 -0.03674673 -0.01686198
v 0.12583000 -0.03912316 -0.01344855
v 0.12583000 -0.04126725 -0.00983110
v 0.12583000 -0.04316623 -0.00603117
v 0.12732211 -0.04234915 -0.00230061
v 0.12854375 -0.04164425 0.00115475
v 0.12952196 -0.04107024 0.00436634
v 0.13028379 -0.04063320 0.00737119
v 0.13085630 -0.04032750 0.01020873
v 0.13126651 -0.04013592 0.01291838
v 0.13154150 -0.04002989 0.01553679
v 0.13170829 -0.03998264 0.01809221
v 0.13179394 -0.03995980 0.02060899
v 0.13182549 -0.03992115 0.02310508
v 0.13183000 -0.03982356 0.02559038
v 0.13182549 -0.03963778 0.02806575
v 0.13179394 -0.03939306 0.03052772
v 0.13170829 -0.03913140 0.03297946
v 0.13154150 -0.03889071 0.03543155
v 0.13126651 -0.03870205 0.03789959
v 0.13085630 -0.03858808 0.04040166
v 0.13028379 -0.03857215 0.04296614
v 0.12952196 -0.03866573 0.04562226
v 0.12854375 -0.03886846 0.04839750
v 0.12732211 -0.03916831 0.05131552
v 0.12583000 -0.03954111 0.05439292
v 0.12583000 -0.03716892 0.05789797
v 0.12583000 -0.03456913 0.06117512
v 0.12583000 -0.03175771 0.06420425
v 0.12583000 -0.02875192 0.06696674
v 0.12583000 -0.02557024 0.06944562
v 0.12583000 -0.02223221 0.07162567
v 0.12583000 -0.01875833 0.07349350
v 0.12583000 -0.01516995 0.07503762
v 0.12583000 -0.01148912 0.07624855
v 0.12583000 -0.00773844 0.07711886
v 0.12583000 -0.00394096 0.07764319
v 0.12583000 -0.00012000 0.07781832
v 0.13139250 -0.00012000 -0.02746455
v 0.13139250 -0.00324405 -0.02731701
v 0.13139250 -0.00634949 -0.02687526
v 0.13139250 -0.00941782 -0.02614195
v 0.13139250 -0.01243077 -0.02512143
v 0.13139250 -0.01537038 -0.02381978
v 0.13139250 -0.01821915 -0.02224476
v 0.13139250 -0.02096010 -0.02040576
v 0.13139250 -0.02357691 -0.01831372
v 0.13139250 -0.02605400 -0.01598110
v 0.13139250 -0.02837660 -0.01342181
v 0.13139250 -0.03053088 -0.01065109
v 0.13139250 -0.03250401 -0.00768544
v 0.13139250 -0.03428423 -0.00454253
v 0.13139250 -0.03586094 -0.00124108
v 0.13251158 -0.03511562 0.00204679
v 0.13342781 -0.03442694 0.00511636
v 0.13416147 -0.03383675 0.00795781
v 0.13473285 -0.03336655 0.01058848
v 0.13516222 -0.03302098 0.01304060
v 0.13546989 -0.03279101 0.01535263
v 0.13567612 -0.03265679 0.01756317
v 0.13580122 -0.03259027 0.01970683
v 0.13586545 -0.03255755 0.02181150
v 0.13588912 -0.03252094 0.02389674
v 0.13589250 -0.03244076 0.02597292
v 0.13588912 -0.03229026 0.02804123
v 0.13586545 -0.03209611 0.03010087
v 0.13580122 -0.03189689 0.03215909
v 0.13567612 -0.03172806 0.03423187
v 0.13546989 -0.03162032 0.03634269
v 0.13516222 -0.03159765 0.03852044
v 0.13473285 -0.03167518 0.04079628
v 0.13416147 -0.03185698 0.04319888
v 0.13342781 -0.03213361 0.04574777
v 0.13251158 -0.03247963 0.04844386
v 0.13139250 -0.03285103 0.05125650
v 0.13139250 -0.03088142 0.05430175
v 0.13139250 -0.02872283 0.05714900
v 0.13139250 -0.02638853 0.05978077
v 0.13139250 -0.02389285 0.06218087
v 0.13139250 -0.02125113 0.06433457
v 0.13139250 -0.01847959 0.06622864
v 0.13139250 -0.01559526 0.06785144
v 0.13139250 -0.01261585 0.06919300
v 0.13139250 -0.00955969 0.07024509
v 0.13139250 -0.00644553 0.07100122
v 0.13139250 -0.00329251 0.07145677
v 0.13139250 -0.00012000 0.07160893
v 0.13695500 -0.00012000 -0.01489949
v 0.13695500 -0.00245223 -0.01478552
v 0.13695500 -0.00477057 -0.01444428
v 0.13695500 -0.00706120 -0.01387780
v 0.13695500 -0.00931049 -0.01308947
v 0.13695500 -0.01150503 -0.01208397
v 0.13695500 -0.01363175 -0.01086729
v 0.13695500 -0.01567799 -0.00944669
v 0.13695500 -0.01763154 -0.00783062
v 0.13695500 -0.01948079 -0.00602871
v 0.13695500 -0.02121470 -0.00405170
v 0.13695500 -0.02282296 -0.00191136
v 0.13695500 -0.02429598 0.00037956
v 0.13695500 -0.02562499 0.00280741
v 0.13695500 -0.02680207 0.00535773
v 0.13770106 -0.02607516 0.00807481
v 0.13831187 -0.02544994 0.01051807
v 0.13880098 -0.02493852 0.01272233
v 0.13918190 -0.02454322 0.01472761
v 0.13946815 -0.02425800 0.01657506
v 0.13967326 -0.02406977 0.01830394
v 0.13981075 -0.02395967 0.01994952
v 0.13989414 -0.02390438 0.02154146
v 0.13993697 -0.02387721 0.02310284
v 0.13995275 -0.02384924 0.02464949
v 0.13995500 -0.02379036 0.02618958
v 0.13995275 -0.02368030 0.02772401
v 0.13993697 -0.02353925 0.02925298
v 0.13989414 -0.02339648 0.03078352
v 0.13981075 -0.02327920 0.03232998
v 0.13967326 -0.02321159 0.03391348
v 0.13946815 -0.02321377 0.03556105
v 0.13918190 -0.02330073 0.03730435
v 0.13880098 -0.02348123 0.03917790
v 0.13831187 -0.02375670 0.04121668
v 0.13770106 -0.02412013 0.04345284
v 0.13695500 -0.02455505 0.04591130
v 0.13695500 -0.02308465 0.04826370
v 0.13695500 -0.02147318 0.05046316
v 0.13695500 -0.01973053 0.05249616
v 0.13695500 -0.01786740 0.05435020
v 0.13695500 -0.01589525 0.05601390
v 0.13695500 -0.01382618 0.05747704
v 0.13695500 -0.01167291 0.05873063
v 0.13695500 -0.00944867 0.05976697
v 0.13695500 -0.00716711 0.06057968
v 0.13695500 -0.00484226 0.06116379
v 0.13695500 -0.00248841 0.06151569
v 0.13695500 -0.00012000 0.06163323
v 0.14251750 -0.00012000 0.00196065
v 0.14251750 -0.00149017 0.00202831
v 0.14251750 -0.00285218 0.00223088
v 0.14251750 -0.00419791 0.00256717
v 0.14251750 -0.00551935 0.00303516
v 0.14251750 -0.00680863 0.00363208
v 0.14251750 -0.00805806 0.00435435
v 0.14251750 -0.00926021 0.00519769
v 0.14251750 -0.01040791 0.00615706
v 0.14251750 -0.01149433 0.00722676
v 0.14251750 -0.01251299 0.00840041
v 0.14251750 -0.01345783 0.00967101
v 0.14251750 -0.01432322 0.01103101
v 0.14251750 -0.01510401 0.01247229
v 0.14251750 -0.01579553 0.01398628
v 0.14289053 -0.01539245 0.01559471
v 0.14319594 -0.01505717 0.01702966
v 0.14344049 -0.01479067 0.01832077
v 0.14363095 -0.01459025 0.01949639
v 0.14377407 -0.01444987 0.02058280
v 0.14387663 -0.01436064 0.02160351
v 0.14394537 -0.01431128 0.02257875
v 0.14398707 -0.01428854 0.02352512
v 0.14400848 -0.01427770 0.02445525
v 0.14401637 -0.01426303 0.02537762
v 0.14401750 -0.01422822 0.02629646
v 0.14401637 -0.01416233 0.02721198
v 0.14400848 -0.01407630 0.02812425
v 0.14398707 -0.01398598 0.02903717
v 0.14394537 -0.01390621 0.02995877
v 0.14387663 -0.01385036 0.03090103
v 0.14377407 -0.01382994 0.03187953
v 0.14363095 -0.01385409 0.03291316
v 0.14344049 -0.01392924 0.03402358
v 0.14319594 -0.01405865 0.03523467
v 0.14289053 -0.01424208 0.03657176
v 0.14251750 -0.01447542 0.03806078
v 0.14251750 -0.01361158 0.03945728
v 0.14251750 -0.01266485 0.04076298
v 0.14251750 -0.01164105 0.04196986
v 0.14251750 -0.01054648 0.04307051
v 0.14251750 -0.00938785 0.04405816
v 0.14251750 -0.00817229 0.04492675
v 0.14251750 -0.00690725 0.04567094
v 0.14251750 -0.00560053 0.04628616
v 0.14251750 -0.00426013 0.04676862
v 0.14251750 -0.00289430 0.04711537
v 0.14251750 -0.00151142 0.04732428
v 0.14251750 -0.00012000 0.04739406
v 0.14808000 -0.00012000 0.02100000
v 0.14808000 -0.00042849 0.02101489
v 0.14808000 -0.00073515 0.02105948
v 0.14808000 -0.00103814 0.02113350
v 0.14808000 -0.00133566 0.02123650
v 0.14808000 -0.00162594 0.02136789
v 0.14808000 -0.00190725 0.02152686
v 0.14808000 -0.00217791 0.02171248
v 0.14808000 -0.00243631 0.02192364
v 0.14808000 -0.00268092 0.02215908
v 0.14808000 -0.00291027 0.02241741
v 0.14808000 -0.00312300 0.02269707
v 0.14808000 -0.00331784 0.02299641
v 0.14808000 -0.00349364 0.02331364
v 0.14808000 -0.00364933 0.02364687
v 0.14808000 -0.00374055 0.02387442
v 0.14808000 -0.00382240 0.02410747
v 0.14808000 -0.00389464 0.02434543
v 0.14808000 -0.00395711 0.02458767
v 0.14808000 -0.00400963 0.02483357
v 0.14808000 -0.00405208 0.02508250
v 0.14808000 -0.00408434 0.02533381
v 0.14808000 -0.00410632 0.02558684
v 0.14808000 -0.00411798 0.02584094
v 0.14808000 -0.00411927 0.02609545
v 0.14808000 -0.00411020 0.02634971
v 0.14808000 -0.00409080 0.02660307
v 0.14808000 -0.00406110 0.02685487
v 0.14808000 -0.00402119 0.02710445
v 0.14808000 -0.00397118 0.02735117
v 0.14808000 -0.00391118 0.02759439
v 0.14808000 -0.00384136 0.02783348
v 0.14808000 -0.00376190 0.02806781
v 0.14808000 -0.00367300 0.02829679
v 0.14808000 -0.00357490 0.02851982
v 0.14808000 -0.00346784 0.02873632
v 0.14808000 -0.00335211 0.02894572
v 0.14808000 -0.00315762 0.02925310
v 0.14808000 -0.00294446 0.02954048
v 0.14808000 -0.00271395 0.02980612
v 0.14808000 -0.00246751 0.03004838
v 0.14808000 -0.00220665 0.03026576
v 0.14808000 -0.00193296 0.03045694
v 0.14808000 -0.00164814 0.03062074
v 0.14808000 -0.00135394 0.03075615
v 0.14808000 -0.00105215 0.03086234
v 0.14808000 -0.00074463 0.03093866
v 0.14808000 -0.00043328 0.03098464
v 0.14808000 -0.00012000 0.03100000
v -0.02555813 -0.07201187 -0.07711105
v -0.02557789 -0.07924601 -0.07164106
v -0.02559768 -0.08589344 -0.06567260
v -0.02561675 -0.09190612 -0.05925086
v -0.02563426 -0.09724103 -0.05242414
v -0.02564937 -0.10186042 -0.04524337
v -0.02566126 -0.10573201 -0.03776167
v -0.02548918 -0.09517091 0.04844045
v -0.02545689 -0.08975851 0.05489292
v -0.02542507 -0.08372746 0.06095061
v -0.02539443 -0.07711809 0.06657079
v -0.02536558 -0.06997505 0.07171356
v -0.02533905 -0.06234697 0.07634219
v -0.02531529 -0.05428617 0.08042348
v -0.02529466 -0.04584820 0.08392807
v -0.02527743 -0.03709150 0.08683068
v -0.02526382 -0.02807687 0.08911033
v -0.02525399 -0.01886710 0.09075055
v -0.02524806 -0.00952640 0.09173946
v -0.02524607 -0.00012000 0.09206989
v -0.02087874 -0.07149874 -0.07778809
v -0.02089581 -0.07871527 -0.07237339
v -0.02091278 -0.08535999 -0.06646222
v -0.02092896 -0.09138573 -0.06009846
v -0.02094362 -0.09675006 -0.05332907
v -0.02095601 -0.10141563 -0.04620361
v -0.02096538 -0.10535033 -0.03877382
v -0.02077953 -0.09477565 0.04966263
v -0.02074816 -0.08934417 0.05607845
v -0.02071740 -0.08330625 0.06209880
v -0.02068789 -0.07670170 0.06768189
v -0.02066019 -0.06957451 0.07278872
v -0.02063478 -0.06197250 0.07738342
v -0.02061206 -0.05394703 0.08143359
v -0.02059235 -0.04555258 0.08491059
v -0.02057590 -0.03684637 0.08778974
v -0.02056293 -0.02788794 0.09005060
v -0.02055356 -0.01873870 0.09167710
v -0.02054790 -0.00946147 0.09265765
v -0.02054601 -0.00012000 0.09298528
v -0.01620132 -0.07100257 -0.07837400
v -0.01621543 -0.07820072 -0.07301401
v -0.01622933 -0.08484108 -0.06715975
v -0.01624238 -0.09087728 -0.06085389
v -0.01625396 -0.09626751 -0.05414207
v -0.01626341 -0.10097482 -0.04707257
v -0.01627010 -0.10496728 -0.03969583
v -0.01607360 -0.09439864 0.05084254
v -0.01604371 -0.08895066 0.05722266
v -0.01601455 -0.08290748 0.06320682
v -0.01598667 -0.07630846 0.06875408
v -0.01596058 -0.06919695 0.07382630
v -0.01593670 -0.06162005 0.07838840
v -0.01591538 -0.05362820 0.08240873
v -0.01589690 -0.04527490 0.08585928
v -0.01588150 -0.03661628 0.08871599
v -0.01586936 -0.02771069 0.09095888
v -0.01586060 -0.01861829 0.09257226
v -0.01585530 -0.00940058 0.09354483
v -0.01585353 -0.00012000 0.09386978
v -0.01152591 -0.07052384 -0.07886446
v -0.01153681 -0.07770300 -0.07355900
v -0.01154737 -0.08433752 -0.06776172
v -0.01155705 -0.09038181 -0.06151409
v -0.01156532 -0.09579465 -0.05486056
v -0.01157162 -0.10053950 -0.04784815
v -0.01157543 -0.10458462 -0.04052608
v -0.01137148 -0.09404092 0.05196805
v -0.01134362 -0.08857881 0.05831296
v -0.01131658 -0.08253182 0.06426160
v -0.01129083 -0.07593887 0.06977388
v -0.01126680 -0.06884277 0.07481243
v -0.01124487 -0.06128988 0.07934290
v -0.01122531 -0.05332988 0.08333433
v -0.01120840 -0.04501532 0.08675933
v -0.01119431 -0.03640133 0.08959438
v -0.01118321 -0.02754519 0.09181994
v -0.01117520 -0.01850589 0.09342068
v -0.01117036 -0.00934376 0.09438557
v -0.01116875 -0.00012000 0.09470794
v -0.00685253 -0.07006305 -0.07925508
v -0.00685998 -0.07722276 -0.07400433
v -0.00686695 -0.08385012 -0.06826447
v -0.00687302 -0.08990031 -0.06207585
v -0.00687774 -0.09533268 -0.05548176
v -0.00688068 -0.10011110 -0.04852805
v -0.00688142 -0.10420406 -0.04126274
v -0.00667326 -0.09370348 0.05302696
v -0.00664797 -0.08822943 0.05933665
v -0.00662356 -0.08217991 0.06525004
v -0.00660044 -0.07559346 0.07072777
v -0.00657894 -0.06851235 0.07573320
v -0.00655937 -0.06098231 0.08023268
v -0.00654196 -0.05305228 0.08419586
v -0.00652693 -0.04477398 0.08759595
v -0.00651443 -0.03620162 0.09040989
v -0.00650458 -0.02739149 0.09261860
v -0.00649749 -0.01840155 0.09420707
v -0.00649320 -0.00929103 0.09516449
v -0.00649177 -0.00012000 0.09548436
v -0.00218121 -0.06962069 -0.07954136
v -0.00218496 -0.07676060 -0.07434587
v -0.00218810 -0.08337965 -0.06866426
v -0.00219031 -0.08943373 -0.06253581
v -0.00219125 -0.09488276 -0.05600274
v -0.00219061 -0.09969100 -0.04910977
v -0.00218807 -0.10382720 -0.04190378
v -0.00197899 -0.09338723 0.05400700
v -0.00195682 -0.08790327 0.06028103
v -0.00193558 -0.08185239 0.06615898
v -0.00191557 -0.07527274 0.07160220
v -0.00189707 -0.06820610 0.07657471
v -0.00188029 -0.06069766 0.08104350
v -0.00186542 -0.05279566 0.08497881
v -0.00185261 -0.04455108 0.08835437
v -0.00184197 -0.03601731 0.09114759
v -0.00183361 -0.02724972 0.09333977
v -0.00182759 -0.01830534 0.09491620
v -0.00182396 -0.00924241 0.09586632
v -0.00182275 -0.00012000 0.09618373
v 0.00248806 -0.06919722 -0.07971879
v 0.00248823 -0.07631713 -0.07457944
v 0.00248915 -0.08292686 -0.06895726
v 0.00249103 -0.08898298 -0.06289056
v 0.00249410 -0.09444599 -0.05642051
v 0.00249854 -0.09928052 -0.04959074
v 0.00250456 -0.10345558 -0.04244705
v 0.00271125 -0.09309304 0.05489589
v 0.00272977 -0.08760109 0.06113336
v 0.00274732 -0.08154987 0.06697528
v 0.00276369 -0.07497720 0.07238365
v 0.00277873 -0.06792445 0.07732309
v 0.00279227 -0.06043627 0.08176118
v 0.00280421 -0.05256030 0.08566872
v 0.00281446 -0.04434684 0.08901991
v 0.00282293 -0.03584854 0.09179259
v 0.00282957 -0.02711998 0.09396841
v 0.00283434 -0.01821733 0.09553295
v 0.00283721 -0.00919794 0.09647585
v 0.00283817 -0.00012000 0.09679084
v 0.00715528 -0.06879311 -0.07978282
v 0.00715958 -0.07589292 -0.07470081
v 0.00716478 -0.08249245 -0.06913961
v 0.00717098 -0.08854895 -0.06313661
v 0.00717828 -0.09402341 -0.05673197
v 0.00718676 -0.09888088 -0.04996830
v 0.00719648 -0.10309063 -0.04289034
v 0.00739741 -0.09282172 0.05568141
v 0.00741173 -0.08732355 0.06188097
v 0.00742506 -0.08127293 0.06768585
v 0.00743730 -0.07470736 0.07305862
v 0.00744837 -0.06766782 0.07796449
v 0.00745824 -0.06019849 0.08237159
v 0.00746684 -0.05234648 0.08625118
v 0.00747415 -0.04416150 0.08957793
v 0.00748016 -0.03569552 0.09233007
v 0.00748484 -0.02700241 0.09448956
v 0.00748819 -0.01813760 0.09604226
v 0.00749020 -0.00915768 0.09697797
v 0.00749088 -0.00012000 0.09729056
v 0.01180575 -0.06840516 -0.07972913
v 0.01181161 -0.07548460 -0.07470602
v 0.01181844 -0.08207295 -0.06920772
v 0.01182630 -0.08812804 -0.06327070
v 0.01183524 -0.09361139 -0.05693418
v 0.01184530 -0.09848842 -0.05023980
v 0.01185650 -0.10272865 -0.04323128
v 0.01206153 -0.09256782 0.05635251
v 0.01207462 -0.08706555 0.06251239
v 0.01208668 -0.08101684 0.06827886
v 0.01209765 -0.07445891 0.07361503
v 0.01210750 -0.06743237 0.07848663
v 0.01211620 -0.05998098 0.08286226
v 0.01212375 -0.05215136 0.08671365
v 0.01213013 -0.04399269 0.09001583
v 0.01213534 -0.03555636 0.09274739
v 0.01213938 -0.02689562 0.09489058
v 0.01214227 -0.01806525 0.09643147
v 0.01214400 -0.00912115 0.09736003
v 0.01214458 -0.00012000 0.09767022
v 0.01640037 -0.06789238 -0.07953938
v 0.01639713 -0.07493746 -0.07457659
v 0.01639452 -0.08150110 -0.06914267
v 0.01639286 -0.08754175 -0.06327319
v 0.01639249 -0.09302141 -0.05700640
v 0.01639374 -0.09790586 -0.05038297
v 0.01639691 -0.10216484 -0.04344564
v 0.01665603 -0.09213784 0.05695660
v 0.01668169 -0.08664445 0.06307580
v 0.01670620 -0.08061122 0.06880319
v 0.01672924 -0.07407498 0.07410242
v 0.01675052 -0.06707588 0.07893971
v 0.01676978 -0.05965716 0.08328409
v 0.01678684 -0.05186489 0.08710764
v 0.01680152 -0.04374763 0.09038575
v 0.01681369 -0.03535614 0.09309724
v 0.01682326 -0.02674301 0.09522461
v 0.01683014 -0.01796234 0.09675407
v 0.01683429 -0.00906935 0.09767573
v 0.01683567 -0.00012000 0.09798361
v 0.02100783 -0.06720295 -0.07920586
v 0.02099720 -0.07419400 -0.07430384
v 0.02098696 -0.08071412 -0.06893485
v 0.02097763 -0.08672244 -0.06313355
v 0.02096974 -0.09218150 -0.05693724
v 0.02096383 -0.09705750 -0.05038563
v 0.02096045 -0.10132040 -0.04352045
v 0.02126490 -0.09146590 0.05752316
v 0.02130137 -0.08599784 0.06360158
v 0.02133666 -0.07999748 0.06928986
v 0.02137017 -0.07350120 0.07455218
v 0.02140139 -0.06654862 0.07935524
v 0.02142987 -0.05918239 0.08366850
v 0.02145524 -0.05144789 0.08746441
v 0.02562773 -0.06636461 -0.07873504
v 0.02561138 -0.07328457 -0.07389358
v 0.02559527 -0.07974465 -0.06858940
v 0.02558005 -0.08570473 -0.06285626
v 0.02556642 -0.09112796 -0.05673055
v 0.02555506 -0.09598096 -0.05025099
v 0.02554667 -0.10023402 -0.04345841
v 0.02588798 -0.09058712 0.05805156
v 0.02593348 -0.08515907 0.06408974
v 0.02597782 -0.07920690 0.06973946
v 0.02602021 -0.07276652 0.07496547
v 0.02605991 -0.06587694 0.07973491
v 0.02609629 -0.05858016 0.08401765
v 0.02612880 -0.05092086 0.08778648
v 0.03025953 -0.06540429 -0.07813373
v 0.03023901 -0.07223873 -0.07335209
v 0.03021864 -0.07862461 -0.06811201
v 0.03019920 -0.08452263 -0.06244642
v 0.03018148 -0.08989658 -0.05639081
v 0.03016626 -0.09471357 -0.04998300
v 0.03015433 -0.09894423 -0.04326292
v 0.03052495 -0.08953596 0.05854158
v 0.03057773 -0.08416077 0.06454060
v 0.03062947 -0.07827003 0.07015290
v 0.03067917 -0.07189911 0.07534369
v 0.03072592 -0.06508644 0.08008058
v 0.03076890 -0.05787332 0.08433382
v 0.03080742 -0.05030366 0.08807652
v 0.03490264 -0.06434822 -0.07740908
v 0.03487934 -0.07108530 -0.07268604
v 0.03485618 -0.07738524 -0.06750886
v 0.03483400 -0.08320955 -0.06190967
v 0.03481366 -0.08852268 -0.05592313
v 0.03479600 -0.09329230 -0.04958624
v 0.03478184 -0.09748943 -0.04293808
v 0.03517542 -0.08834634 0.05899335
v 0.03523384 -0.08303498 0.06495482
v 0.03529138 -0.07721675 0.07053131
v 0.03534689 -0.07092652 0.07568846
v 0.03539929 -0.06420211 0.08039431
v 0.03544762 -0.05708411 0.08461943
v 0.03549104 -0.04961567 0.08833726
v 0.03955647 -0.06322196 -0.07656852
v 0.03953165 -0.06985249 -0.07190245
v 0.03950700 -0.07605717 -0.06678652
v 0.03948339 -0.08179834 -0.06125213
v 0.03946172 -0.08704114 -0.05533319
v 0.03944285 -0.09175381 -0.04906592
v 0.03942761 -0.09590782 -0.04248862
v 0.03983902 -0.08705175 0.05940738
v 0.03990156 -0.08181322 0.06533335
v 0.03996341 -0.07607646 0.07087607
v 0.04002329 -0.06987580 0.07600158
v 0.04007999 -0.06324845 0.08067826
v 0.04013243 -0.05623432 0.08487700
v 0.04017964 -0.04887582 0.08857151
v 0.04434170 -0.00012000 -0.09373106
v 0.04433947 -0.00837821 -0.09343875
v 0.04433284 -0.01658626 -0.09256363
v 0.04432202 -0.02469428 -0.09111108
v 0.04430732 -0.03265306 -0.08909005
v 0.04428921 -0.04041433 -0.08651297
v 0.04426825 -0.04793104 -0.08339564
v 0.04424509 -0.05515769 -0.07975715
v 0.04422050 -0.06205054 -0.07561975
v 0.04419528 -0.06856793 -0.07100865
v 0.04417029 -0.07467048 -0.06595194
v 0.04414642 -0.08032133 -0.06048036
v 0.04412456 -0.08548636 -0.05462711
v 0.04410556 -0.09013438 -0.04842774
v 0.04409024 -0.09423735 -0.04191982
v 0.04451550 -0.08568531 0.05978442
v 0.04458075 -0.08052667 0.06567735
v 0.04464549 -0.07487815 0.07118876
v 0.04470835 -0.06877358 0.07628499
v 0.04476804 -0.06224959 0.08093473
v 0.04482337 -0.05534541 0.08510914
v 0.04487328 -0.04810274 0.08878215
v 0.04901332 -0.00012000 -0.09246754
v 0.04901111 -0.00821555 -0.09217878
v 0.04900457 -0.01626227 -0.09131428
v 0.04899389 -0.02421164 -0.08987931
v 0.04897941 -0.03201573 -0.08788261
v 0.04896158 -0.03962753 -0.08533632
v 0.04894099 -0.04700122 -0.08225593
v 0.04891830 -0.05409242 -0.07866011
v 0.04889426 -0.06085850 -0.07457063
v 0.04886968 -0.06725877 -0.07001221
v 0.04884542 -0.07325477 -0.06501235
v 0.04882233 -0.07881043 -0.05960121
v 0.04880129 -0.08389234 -0.05381140
v 0.04878313 -0.08846993 -0.04767781
v 0.04876864 -0.09251565 -0.04123739
v 0.04920474 -0.08427997 0.06012551
v 0.04927139 -0.07920627 0.06598821
v 0.04933766 -0.07365058 0.07147109
v 0.04940217 -0.06764627 0.07654075
v 0.04946354 -0.06122940 0.08116609
v 0.04952054 -0.05443860 0.08531849
v 0.04957205 -0.04731487 0.08897208
v 0.05368973 -0.00012000 -0.09112315
v 0.05368764 -0.00805413 -0.09083775
v 0.05368142 -0.01594070 -0.08998328
v 0.05367129 -0.02373242 -0.08856491
v 0.05365757 -0.03138259 -0.08659119
v 0.05364072 -0.03884540 -0.08407404
v 0.05362129 -0.04607616 -0.08102860
v 0.05359994 -0.05303158 -0.07747321
v 0.05357739 -0.05967004 -0.07342921
v 0.05355443 -0.06595180 -0.06892087
v 0.05353188 -0.07183925 -0.06397520
v 0.05351056 -0.07729713 -0.05862185
v 0.05349130 -0.08229272 -0.05289286
v 0.05347487 -0.08679606 -0.04682259
v 0.05346204 -0.09078012 -0.04044742
v 0.05390677 -0.08286857 0.06043185
v 0.05397357 -0.07788283 0.06626746
v 0.05404008 -0.07242238 0.07172493
v 0.05410490 -0.06652014 0.07677103
v 0.05416666 -0.06021166 0.08137480
v 0.05422409 -0.05353500 0.08550779
v 0.05427606 -0.04653054 0.08914427
v 0.05837078 -0.00012000 -0.08970718
v 0.05836888 -0.00789714 -0.08942492
v 0.05836325 -0.01562787 -0.08857984
v 0.05835407 -0.02326607 -0.08717699
v 0.05834166 -0.03076617 -0.08522479
v 0.05832644 -0.03808346 -0.08273492
v 0.05830895 -0.04517429 -0.07972228
v 0.05828979 -0.05199638 -0.07620486
v 0.05826965 -0.05850906 -0.07220367
v 0.05824926 -0.06467349 -0.06774256
v 0.05822938 -0.07045286 -0.06284814
v 0.05821077 -0.07581267 -0.05754960
v 0.05819420 -0.08072088 -0.05187853
v 0.05818040 -0.08514812 -0.04586878
v 0.05817005 -0.08906790 -0.03955624
v 0.06393901 -0.08913508 -0.03365779
v 0.06870530 -0.08893533 -0.02768339
v 0.07254492 -0.08864792 -0.02188197
v 0.07554832 -0.08838513 -0.01635269
v 0.07781370 -0.08820444 -0.01110954
v 0.07944342 -0.08812052 -0.00612279
v 0.08054214 -0.08811581 -0.00134414
v 0.08121573 -0.08814945 0.00327870
v 0.08157068 -0.08816478 0.00779399
v 0.08171375 -0.08809547 0.01224180
v 0.08175172 -0.08787047 0.01665221
v 0.08175579 -0.08744183 0.02103698
v 0.08165494 -0.08685828 0.02537403
v 0.08134273 -0.08618986 0.02964250
v 0.08071300 -0.08550001 0.03383145
v 0.07965992 -0.08484106 0.03793816
v 0.07807817 -0.08424871 0.04196548
v 0.07586318 -0.08373563 0.04591773
v 0.07291139 -0.08328415 0.04979485
v 0.06912061 -0.08283779 0.05358396
v 0.06439034 -0.08229203 0.05724732
v 0.05862183 -0.08148402 0.06070482
v 0.05868756 -0.07658723 0.06651676
v 0.05875301 -0.07122223 0.07195223
v 0.05881681 -0.06542152 0.07697805
v 0.05887764 -0.05922017 0.08156335
v 0.05893424 -0.05265576 0.08567978
v 0.05898550 -0.04576812 0.08930168
v 0.06364476 -0.00012000 -0.08767464
v 0.06364360 -0.00772145 -0.08739544
v 0.06364016 -0.01527759 -0.08655952
v 0.06363459 -0.02274337 -0.08517184
v 0.06362712 -0.03007429 -0.08324066
v 0.06361807 -0.03722662 -0.08077746
v 0.06360782 -0.04415771 -0.07779690
v 0.06359683 -0.05082617 -0.07431670
v 0.06358560 -0.05719218 -0.07035757
v 0.06357466 -0.06321769 -0.06594311
v 0.06356457 -0.06886666 -0.06109961
v 0.06355588 -0.07410526 -0.05585597
v 0.06354915 -0.07890212 -0.05024351
v 0.06354492 -0.08322847 -0.04429578
v 0.06354371 -0.08705837 -0.03804840
v 0.06899558 -0.08683470 -0.03187036
v 0.07348974 -0.08644284 -0.02581809
v 0.07710500 -0.08603099 -0.02004937
v 0.07993034 -0.08568817 -0.01460842
v 0.08206014 -0.08545577 -0.00947786
v 0.08359170 -0.08533801 -0.00461117
v 0.08462394 -0.08531111 0.00004802
v 0.08525661 -0.08533089 0.00455509
v 0.08558993 -0.08533929 0.00895877
v 0.08572424 -0.08526966 0.01329830
v 0.08575989 -0.08505114 0.01760237
v 0.08576372 -0.08463602 0.02188180
v 0.08566907 -0.08407270 0.02611603
v 0.08537603 -0.08343088 0.03028640
v 0.08478489 -0.08277413 0.03438411
v 0.08379627 -0.08215584 0.03840865
v 0.08231124 -0.08161449 0.04236536
v 0.08023145 -0.08116806 0.04626182
v 0.07745945 -0.08080777 0.05010288
v 0.07389895 -0.08049086 0.05388355
v 0.06945524 -0.08013266 0.05757899
v 0.06403549 -0.07959788 0.06113006
v 0.06409904 -0.07481002 0.06687351
v 0.06416229 -0.06956548 0.07224392
v 0.06422399 -0.06389613 0.07720867
v 0.06428290 -0.05783637 0.08173743
v 0.06433783 -0.05142295 0.08580240
v 0.06438768 -0.04469481 0.08937847
v 0.06443150 -0.03769288 0.09244338
v 0.06446845 -0.03045989 0.09497793
v 0.06449787 -0.02304010 0.09696614
v 0.06451924 -0.01547906 0.09839540
v 0.06453221 -0.00782329 0.09925663
v 0.06453655 -0.00012000 0.09954432
v 0.06899908 -0.00012000 -0.08488375
v 0.06899839 -0.00751311 -0.08460921
v 0.06899635 -0.01486215 -0.08378720
v 0.06899308 -0.02212333 -0.08242260
v 0.06898875 -0.02925335 -0.08052350
v 0.06898359 -0.03620966 -0.07810117
v 0.06897789 -0.04295077 -0.07517000
v 0.06897201 -0.04943639 -0.07174740
v 0.06896630 -0.05562775 -0.06785372
v 0.06896118 -0.06148781 -0.06351216
v 0.06895705 -0.06698147 -0.05874859
v 0.06895435 -0.07207580 -0.05359146
v 0.06895351 -0.07674024 -0.04807160
v 0.06895494 -0.08094679 -0.04222205
v 0.06895905 -0.08467021 -0.03607787
v 0.07407999 -0.08421865 -0.02977777
v 0.07829384 -0.08368269 -0.02375307
v 0.08167986 -0.08318188 -0.01808741
v 0.08432414 -0.08278468 -0.01278192
v 0.08631645 -0.08251863 -0.00779578
v 0.08774860 -0.08237935 -0.00307098
v 0.08871351 -0.08233821 0.00145340
v 0.08930473 -0.08234889 0.00583349
v 0.08961606 -0.08235291 0.01011683
v 0.08974137 -0.08228419 0.01434071
v 0.08977450 -0.08207294 0.01853164
v 0.08977795 -0.08167223 0.02269912
v 0.08968941 -0.08112960 0.02682426
v 0.08941552 -0.08051360 0.03089064
v 0.08886308 -0.07988708 0.03489147
v 0.08793920 -0.07930367 0.03882814
v 0.08655132 -0.07880364 0.04270799
v 0.08460743 -0.07840912 0.04654118
v 0.08201620 -0.07811873 0.05033650
v 0.07868730 -0.07790150 0.05409544
v 0.07453175 -0.07769012 0.05780404
v 0.06946232 -0.07737361 0.06142104
v 0.06952336 -0.07271561 0.06706231
v 0.06958418 -0.06761428 0.07233628
v 0.06964362 -0.06210075 0.07721103
v 0.06970049 -0.05620857 0.08165694
v 0.06975366 -0.04997352 0.08564692
v 0.06980205 -0.04343349 0.08915649
v 0.06984469 -0.03662822 0.09216402
v 0.06988074 -0.02959918 0.09465084
v 0.06990949 -0.02238928 0.09660143
v 0.06993042 -0.01504264 0.09800356
v 0.06994313 -0.00760432 0.09884839
v 0.06994739 -0.00012000 0.09913060
v 0.07441591 -0.00012000 -0.08145277
v 0.07441548 -0.00727350 -0.08118436
v 0.07441423 -0.01438437 -0.08038072
v 0.07441223 -0.02141023 -0.07904660
v 0.07440963 -0.02830920 -0.07718990
v 0.07440662 -0.03504011 -0.07482163
v 0.07440344 -0.04156278 -0.07195582
v 0.07440033 -0.04783823 -0.06860950
v 0.07439762 -0.05382893 -0.06480255
v 0.07439562 -0.05949901 -0.06055763
v 0.07439466 -0.06481447 -0.05590005
v 0.07439509 -0.06974342 -0.05085762
v 0.07439726 -0.07425627 -0.04546051
v 0.07440151 -0.07832591 -0.03974102
v 0.07440818 -0.08192789 -0.03373348
v 0.07918718 -0.08130922 -0.02745029
v 0.08311435 -0.08067460 -0.02154472
v 0.08626729 -0.08011813 -0.01604234
v 0.08872809 -0.07969050 -0.01091205
v 0.09058134 -0.07940766 -0.00609674
v 0.09191304 -0.07925830 -0.00153161
v 0.09280997 -0.07921032 0.00284570
v 0.09335928 -0.07921634 0.00708998
v 0.09364832 -0.07921834 0.01124622
v 0.09376443 -0.07915168 0.01534878
v 0.09379489 -0.07894841 0.01942139
v 0.09379785 -0.07856292 0.02347186
v 0.09371536 -0.07804139 0.02748309
v 0.09346063 -0.07745045 0.03144091
v 0.09294702 -0.07685148 0.03534037
v 0.09208812 -0.07629755 0.03918445
v 0.09079784 -0.07582981 0.04298199
v 0.08899051 -0.07547344 0.04674511
v 0.08658102 -0.07523307 0.05048557
v 0.08348503 -0.07508772 0.05421007
v 0.07961936 -0.07498510 0.05791355
v 0.07490231 -0.07483547 0.06156976
v 0.07496069 -0.07032673 0.06707981
v 0.07501900 -0.06538971 0.07223028
v 0.07507615 -0.06005467 0.07699007
v 0.07513102 -0.05435417 0.08133045
v 0.07518248 -0.04832290 0.08522510
v 0.07522948 -0.04199751 0.08865033
v 0.07527102 -0.03541646 0.09158520
v 0.07530624 -0.02861976 0.09401168
v 0.07533440 -0.02164883 0.09591477
v 0.07535494 -0.01454619 0.09728265
v 0.07536742 -0.00735524 0.09810682
v 0.07537161 -0.00012000 0.09838212
v 0.07988004 -0.00012000 -0.07750845
v 0.07987972 -0.00700461 -0.07724749
v 0.07987881 -0.01384823 -0.07646615
v 0.07987737 -0.02061009 -0.07516904
v 0.07987551 -0.02724990 -0.07336382
v 0.07987342 -0.03372807 -0.07106116
v 0.07987128 -0.04000592 -0.06827468
v 0.07986933 -0.04604594 -0.06502090
v 0.07986783 -0.05181199 -0.06131912
v 0.07986706 -0.05726953 -0.05719135
v 0.07986730 -0.06238582 -0.05266218
v 0.07986885 -0.06713013 -0.04775863
v 0.07987202 -0.07147393 -0.04251001
v 0.07987711 -0.07539110 -0.03694775
v 0.07988440 -0.07885806 -0.03110523
v 0.08431306 -0.07812963 -0.02495858
v 0.08794863 -0.07743874 -0.01924961
v 0.09086546 -0.07685750 -0.01396054
v 0.09314084 -0.07642162 -0.00903773
v 0.09485377 -0.07613756 -0.00441419
v 0.09608417 -0.07598871 -0.00002247
v 0.09691252 -0.07594074 0.00419856
v 0.09741955 -0.07594618 0.00830062
v 0.09768605 -0.07594834 0.01232496
v 0.09779281 -0.07588478 0.01630227
v 0.09782050 -0.07569015 0.02025295
v 0.09782287 -0.07532064 0.02418293
v 0.09774639 -0.07482056 0.02807691
v 0.09751085 -0.07425394 0.03192291
v 0.09703617 -0.07368002 0.03571768
v 0.09624251 -0.07315056 0.03946541
v 0.09505024 -0.07270674 0.04317604
v 0.09338009 -0.07237576 0.04686295
v 0.09115322 -0.07216700 0.05054006
v 0.08829143 -0.07206775 0.05421797
v 0.08471738 -0.07203853 0.05789875
v 0.08035495 -0.07200801 0.06156841
v 0.08041063 -0.06766634 0.06692287
v 0.08046646 -0.06291301 0.07192709
v 0.08052143 -0.05777729 0.07655096
v 0.08057443 -0.05229065 0.08076669
v 0.08062437 -0.04648654 0.08454890
v 0.08067015 -0.04040027 0.08787475
v 0.08071078 -0.03406883 0.09072409
v 0.08074534 -0.02753068 0.09307957
v 0.08077305 -0.02082555 0.09492681
v 0.08079330 -0.01399424 0.09625446
v 0.08080564 -0.00707834 0.09705435
v 0.08080978 -0.00012000 0.09732153
v 0.08538066 -0.00012000 -0.07318153
v 0.08538035 -0.00670874 -0.07292913
v 0.08537945 -0.01325832 -0.07217340
v 0.08537802 -0.01972976 -0.07091877
v 0.08537619 -0.02608457 -0.06917263
v 0.08537410 -0.03228489 -0.06694524
v 0.08537195 -0.03829373 -0.06424974
v 0.08536997 -0.04407520 -0.06110203
v 0.08536838 -0.04959471 -0.05752073
v 0.08536746 -0.05481917 -0.05352707
v 0.08536748 -0.05971722 -0.04914478
v 0.08536871 -0.06425939 -0.04439996
v 0.08537142 -0.06841833 -0.03932095
v 0.08537591 -0.07216896 -0.03393813
v 0.08538243 -0.07548863 -0.02828378
v 0.08945446 -0.07470359 -0.02237356
v 0.09279463 -0.07399549 -0.01692443
v 0.09547294 -0.07341787 -0.01188840
v 0.09756133 -0.07299409 -0.00719791
v 0.09912603 -0.07272702 -0.00278195
v 0.10024194 -0.07258588 0.00143179
v 0.10099274 -0.07253500 0.00549764
v 0.10145201 -0.07253470 0.00945881
v 0.10169316 -0.07253324 0.01335093
v 0.10178950 -0.07247115 0.01720105
v 0.10181422 -0.07228502 0.02102703
v 0.10181609 -0.07193211 0.02483347
v 0.10174656 -0.07145565 0.02860652
v 0.10153287 -0.07091781 0.03233604
v 0.10110242 -0.07037510 0.03602036
v 0.10038270 -0.06987478 0.03966500
v 0.09930122 -0.06945096 0.04328076
v 0.09777558 -0.06913091 0.04688414
v 0.09573218 -0.06893681 0.05049001
v 0.09310576 -0.06885992 0.05410983
v 0.08982498 -0.06887153 0.05775105
v 0.08581942 -0.06891605 0.06140944
v 0.08587245 -0.06475764 0.06658861
v 0.08592593 -0.06020563 0.07142818
v 0.08597889 -0.05528821 0.07589915
v 0.08603025 -0.05003562 0.07997474
v 0.08607890 -0.04448001 0.08363060
v 0.08612374 -0.03865521 0.08684482
v 0.08616371 -0.03259662 0.08959812
v 0.08619785 -0.02634100 0.09187393
v 0.08622532 -0.01992628 0.09365850
v 0.08624544 -0.01339137 0.09494101
v 0.08625772 -0.00677589 0.09571365
v 0.08626184 -0.00012000 0.09597173
v 0.09091100 -0.00012000 -0.06860414
v 0.09091060 -0.00638827 -0.06836117
v 0.09090944 -0.01261937 -0.06763370
v 0.09090758 -0.01877635 -0.06642594
v 0.09090515 -0.02482265 -0.06474495
v 0.09090231 -0.03072233 -0.06260054
v 0.09089928 -0.03644024 -0.06000525
v 0.09089627 -0.04194225 -0.05697431
v 0.09089355 -0.04719544 -0.05352554
v 0.09089137 -0.05216832 -0.04967929
v 0.09089002 -0.05683097 -0.04545833
v 0.09088977 -0.06115530 -0.04088772
v 0.09089089 -0.06511519 -0.03599469
v 0.09089366 -0.06868668 -0.03080846
v 0.09089834 -0.07184810 -0.02536012
v 0.09460898 -0.07105503 -0.01976630
v 0.09765077 -0.07036533 -0.01462594
v 0.10007088 -0.06982005 -0.00986959
v 0.10194866 -0.06939749 -0.00540269
v 0.10336076 -0.06910306 -0.00116818
v 0.10437438 -0.06893126 0.00288285
v 0.10505634 -0.06885758 0.00679592
v 0.10547337 -0.06884191 0.01061150
v 0.10569211 -0.06883268 0.01436326
v 0.10577918 -0.06877089 0.01807657
v 0.10580114 -0.06859378 0.02176776
v 0.10580234 -0.06825905 0.02544055
v 0.10573862 -0.06780940 0.02908260
v 0.10554384 -0.06730628 0.03268588
v 0.10515203 -0.06680563 0.03625076
v 0.10449738 -0.06635447 0.03978461
v 0.10351425 -0.06598717 0.04329968
v 0.10213705 -0.06572199 0.04681040
v 0.10029987 -0.06555825 0.05033087
v 0.09792731 -0.06548270 0.05387643
v 0.09494132 -0.06550541 0.05746205
v 0.09129473 -0.06558466 0.06108553
v 0.09134523 -0.06162405 0.06607442
v 0.09139655 -0.05728921 0.07073532
v 0.09144773 -0.05260716 0.07504038
v 0.09149771 -0.04760684 0.07896397
v 0.09154538 -0.04231898 0.08248277
v 0.09158958 -0.03677585 0.08557593
v 0.09162921 -0.03101115 0.08822508
v 0.09166321 -0.02505983 0.09041448
v 0.09169068 -0.01895787 0.09213108
v 0.09171086 -0.01274214 0.09336463
v 0.09172320 -0.00645018 0.09410773
v 0.09172736 -0.00012000 0.09435593
v 0.09646759 -0.00012000 -0.06390855
v 0.09646701 -0.00604554 -0.06367570
v 0.09646529 -0.01193611 -0.06297849
v 0.09646254 -0.01775692 -0.06182091
v 0.09645890 -0.02347354 -0.06020963
v 0.09645455 -0.02905210 -0.05815394
v 0.09644976 -0.03445943 -0.05566572
v 0.09644477 -0.03966330 -0.05275943
v 0.09643988 -0.04463257 -0.04945201
v 0.09643538 -0.04933742 -0.04576283
v 0.09643159 -0.05374949 -0.04171361
v 0.09642880 -0.05784211 -0.03732826
v 0.09642729 -0.06159045 -0.03263283
v 0.09642736 -0.06497170 -0.02765530
v 0.09642926 -0.06796524 -0.02242546
v 0.09976050 -0.06721218 -0.01720763
v 0.10246836 -0.06652976 -0.01236693
v 0.10463618 -0.06593828 -0.00783341
v 0.10632518 -0.06547178 -0.00356259
v 0.10759573 -0.06514312 0.00048998
v 0.10850788 -0.06494473 0.00436900
v 0.10912156 -0.06485094 0.00811750
v 0.10949672 -0.06482148 0.01177429
v 0.10969331 -0.06480530 0.01537163
v 0.10977129 -0.06474438 0.01893367
v 0.10979060 -0.06457721 0.02247548
v 0.10979116 -0.06426229 0.02600006
v 0.10973323 -0.06384143 0.02949660
v 0.10955722 -0.06337480 0.03295924
v 0.10920372 -0.06291731 0.03639057
v 0.10861355 -0.06251540 0.03980020
v 0.10772773 -0.06220357 0.04320256
v 0.10648753 -0.06200102 0.04661384
v 0.10483431 -0.06190891 0.05004883
v 0.10270909 -0.06190871 0.05351817
v 0.10005169 -0.06196224 0.05702771
v 0.09677987 -0.06203910 0.06058960
v 0.09682799 -0.05828916 0.06537795
v 0.09687733 -0.05418554 0.06985055
v 0.09692698 -0.04975400 0.07398075
v 0.09697589 -0.04502215 0.07774409
v 0.09702289 -0.04001919 0.08111839
v 0.09706681 -0.03477576 0.08408385
v 0.09710642 -0.02932379 0.08662311
v 0.09714062 -0.02369627 0.08872131
v 0.09716837 -0.01792715 0.09036616
v 0.09718883 -0.01205113 0.09154801
v 0.09720137 -0.00610352 0.09225991
v 0.09720560 -0.00012000 0.09249768
v 0.10199808 -0.00012000 -0.05919253
v 0.10199728 -0.00568141 -0.05897025
v 0.10199493 -0.01121021 -0.05830465
v 0.10199114 -0.01667397 -0.05719948
v 0.10198610 -0.02204054 -0.05566097
v 0.10198004 -0.02727824 -0.05369783
v 0.10197324 -0.03235603 -0.05132122
v 0.10196603 -0.03724369 -0.04854475
v 0.10195874 -0.04191196 -0.04538441
v 0.10195171 -0.04633275 -0.04185853
v 0.10194527 -0.05047934 -0.03798770
v 0.10193975 -0.05432652 -0.03379466
v 0.10193546 -0.05785082 -0.02930421
v 0.10193268 -0.06103063 -0.02454306
v 0.10193167 -0.06384640 -0.01953966
v 0.10486960 -0.06304624 -0.01461893
v 0.10727467 -0.06230322 -0.01001756
v 0.10920125 -0.06166681 -0.00570212
v 0.11070288 -0.06116670 -0.00163598
v 0.11183273 -0.06081217 0.00222141
v 0.11264395 -0.06059330 0.00591269
v 0.11318971 -0.06048344 0.00947954
v 0.11352327 -0.06044253 0.01295965
v 0.11369791 -0.06042059 0.01638426
v 0.11376697 -0.06036130 0.01977645
v 0.11378376 -0.06020504 0.02315020
v 0.11378380 -0.05991167 0.02650794
v 0.11373171 -0.05952159 0.02984037
v 0.11357448 -0.05909301 0.03314374
v 0.11325923 -0.05867922 0.03642284
v 0.11273330 -0.05832558 0.03968962
v 0.11194429 -0.05806642 0.04296098
v 0.11084008 -0.05792185 0.04625573
v 0.10936887 -0.05789514 0.04959103
v 0.10747897 -0.05797091 0.05297879
v 0.10511841 -0.05811479 0.05642320
v 0.10223389 -0.05827463 0.05992086
v 0.10227959 -0.05474752 0.06450069
v 0.10232701 -0.05088855 0.06877726
v 0.10237528 -0.04672225 0.07272517
v 0.10242337 -0.04227481 0.07632119
v 0.10247009 -0.03757391 0.07954436
v 0.10251417 -0.03264849 0.08237606
v 0.10255429 -0.02752860 0.08480004
v 0.10258919 -0.02224520 0.08680242
v 0.10261769 -0.01683004 0.08837179
v 0.10263880 -0.01131550 0.08949920
v 0.10265179 -0.00573442 0.09017823
v 0.10265617 -0.00012000 0.09040500
v 0.10747774 -0.00012000 -0.05417054
v 0.10747694 -0.00527848 -0.05395977
v 0.10747456 -0.01040693 -0.05332862
v 0.10747072 -0.01547543 -0.05228056
v 0.10746560 -0.02045433 -0.05082138
v 0.10745945 -0.02531434 -0.04895919
v 0.10745254 -0.03002674 -0.04670441
v 0.10744519 -0.03456348 -0.04406979
v 0.10743771 -0.03889739 -0.04107033
v 0.10743043 -0.04300233 -0.03772328
v 0.10742366 -0.04685336 -0.03404808
v 0.10741771 -0.05042699 -0.03006622
v 0.10741284 -0.05370125 -0.02580120
v 0.10740930 -0.05665595 -0.02127834
v 0.10740734 -0.05927279 -0.01652468
v 0.10997690 -0.05841115 -0.01186741
v 0.11208178 -0.05762677 -0.00751056
v 0.11376857 -0.05696297 -0.00342791
v 0.11508361 -0.05644396 0.00041417
v 0.11607321 -0.05607502 0.00405499
v 0.11678377 -0.05584392 0.00753636
v 0.11726181 -0.05572339 0.01089914
v 0.11755392 -0.05567414 0.01418007
v 0.11770677 -0.05564806 0.01740934
v 0.11776706 -0.05559128 0.02060898
v 0.11778147 -0.05544700 0.02379196
v 0.11778113 -0.05517698 0.02696018
v 0.11773503 -0.05481967 0.03010582
v 0.11759671 -0.05443048 0.03322708
v 0.11731984 -0.05406031 0.03633071
v 0.11685824 -0.05375285 0.03943077
v 0.11616600 -0.05354173 0.04254658
v 0.11519748 -0.05344778 0.04569977
v 0.11390742 -0.05347645 0.04891078
v 0.11225088 -0.05361608 0.05219492
v 0.11018319 -0.05383707 0.05555881
v 0.10765940 -0.05409261 0.05899838
v 0.10769971 -0.05081405 0.06334817
v 0.10774194 -0.04722770 0.06740868
v 0.10778534 -0.04335662 0.07115581
v 0.10782900 -0.03922545 0.07456761
v 0.10787183 -0.03486017 0.07762439
v 0.10791261 -0.03028786 0.08030877
v 0.10795006 -0.02553656 0.08260567
v 0.10798288 -0.02063502 0.08450235
v 0.10800987 -0.01561262 0.08598836
v 0.10802997 -0.01049917 0.08705561
v 0.10804237 -0.00532483 0.08769828
v 0.10804656 -0.00012000 0.08791289
v 0.11293791 -0.00012000 -0.04858860
v 0.11293727 -0.00482812 -0.04839094
v 0.11293537 -0.00950900 -0.04779901
v 0.11293232 -0.01413549 -0.04681601
v 0.11292826 -0.01868064 -0.04544728
v 0.11292338 -0.02311782 -0.04370030
v 0.11291790 -0.02742084 -0.04158474
v 0.11291208 -0.03156409 -0.03911240
v 0.11290618 -0.03552272 -0.03629728
v 0.11290044 -0.03927279 -0.03315547
v 0.11289511 -0.04279144 -0.02970512
v 0.11289044 -0.04605709 -0.02596637
v 0.11288664 -0.04904958 -0.02196126
v 0.11288391 -0.05175035 -0.01771355
v 0.11288243 -0.05414256 -0.01324864
v 0.11508637 -0.05324948 -0.00887040
v 0.11689242 -0.05245137 -0.00478357
v 0.11834004 -0.05178391 -0.00096309
v 0.11946876 -0.05126523 0.00262480
v 0.12031820 -0.05089650 0.00601949
v 0.12092816 -0.05066356 0.00926237
v 0.12133852 -0.05053912 0.01239336
v 0.12158926 -0.05048547 0.01544796
v 0.12172042 -0.05045724 0.01845504
v 0.12177207 -0.05040403 0.02143537
v 0.12178427 -0.05027286 0.02440081
v 0.12178371 -0.05002810 0.02735281
v 0.12174379 -0.04970553 0.03028493
v 0.12162461 -0.04935683 0.03319702
v 0.12138637 -0.04902959 0.03609739
v 0.12098942 -0.04876500 0.03900168
v 0.12039428 -0.04859542 0.04193110
v 0.11956174 -0.04854190 0.04490975
v 0.11845289 -0.04861196 0.04796142
v 0.11702923 -0.04879786 0.05110576
v 0.11525267 -0.04907563 0.05435438
v 0.11308544 -0.04940516 0.05770765
v 0.11311816 -0.04640729 0.06179261
v 0.11315259 -0.04312841 0.06560498
v 0.11318817 -0.03958984 0.06912209
v 0.11322415 -0.03581434 0.07232336
v 0.11325967 -0.03182592 0.07519039
v 0.11329369 -0.02764955 0.07770708
v 0.11332513 -0.02331100 0.07985957
v 0.11335284 -0.01883663 0.08163626
v 0.11337574 -0.01425320 0.08302773
v 0.11339287 -0.00958777 0.08402677
v 0.11340347 -0.00486759 0.08462823
v 0.11340705 -0.00012000 0.08482906
v 0.11839233 -0.00012000 -0.04222457
v 0.11839195 -0.00432417 -0.04204222
v 0.11839083 -0.00850414 -0.04149615
v 0.11838903 -0.01263581 -0.04058926
v 0.11838663 -0.01669520 -0.03932640
v 0.11838376 -0.02065860 -0.03771441
v 0.11838054 -0.02450263 -0.03576211
v 0.11837714 -0.02820443 -0.03348033
v 0.11837372 -0.03174175 -0.03088191
v 0.11837044 -0.03509315 -0.02798164
v 0.11836746 -0.03823813 -0.02479624
v 0.11836495 -0.04115732 -0.02134429
v 0.11836305 -0.04383262 -0.01764610
v 0.11836191 -0.04624735 -0.01372364
v 0.11836165 -0.04838639 -0.00960035
v 0.12020103 -0.04750346 -0.00554538
v 0.12170855 -0.04672785 -0.00177442
v 0.12291697 -0.04608679 0.00173988
v 0.12385921 -0.04559219 0.00503267
v 0.12456835 -0.04524151 0.00814354
v 0.12507759 -0.04501928 0.01111295
v 0.12542022 -0.04489908 0.01397917
v 0.12562960 -0.04484578 0.01677572
v 0.12573914 -0.04481781 0.01952954
v 0.12578226 -0.04476938 0.02225971
v 0.12579239 -0.04465253 0.02497684
v 0.12579180 -0.04443499 0.02768193
v 0.12575827 -0.04414915 0.03036977
v 0.12565850 -0.04384179 0.03304147
v 0.12545925 -0.04355615 0.03570626
v 0.12512740 -0.04332996 0.03838057
v 0.12462994 -0.04319347 0.04108652
v 0.12393405 -0.04316729 0.04384972
v 0.12300716 -0.04326061 0.04669653
v 0.12181702 -0.04346953 0.04965069
v 0.12033179 -0.04377609 0.05272965
v 0.11852007 -0.04414798 0.05594102
v 0.11854457 -0.04146674 0.05971348
v 0.11857031 -0.03853448 0.06323366
v 0.11859690 -0.03537044 0.06648054
v 0.11862380 -0.03199515 0.06943508
v 0.11865038 -0.02843028 0.07208036
v 0.11867589 -0.02469837 0.07440160
v 0.11869951 -0.02082260 0.07638620
v 0.11872037 -0.01682659 0.07802370
v 0.11873765 -0.01273427 0.07930573
v 0.11875059 -0.00856967 0.08022591
v 0.11875862 -0.00435688 0.08077979
v 0.11876133 -0.00012000 0.08096470
v 0.12385244 -0.00012000 -0.03485420
v 0.12385234 -0.00376017 -0.03469004
v 0.12385205 -0.00737952 -0.03419844
v 0.12385158 -0.01095726 -0.03338198
v 0.12385096 -0.01447275 -0.03224498
v 0.12385021 -0.01790548 -0.03079353
v 0.12384939 -0.02123526 -0.02903554
v 0.12384855 -0.02444227 -0.02698068
v 0.12384776 -0.02750720 -0.02464048
v 0.12384708 -0.03041143 -0.02202822
v 0.12384659 -0.03313712 -0.01915894
v 0.12384638 -0.03566742 -0.01604936
v 0.12384654 -0.03798657 -0.01271778
v 0.12384714 -0.04008002 -0.00918396
v 0.12384829 -0.04193462 -0.00546906
v 0.12532285 -0.04111525 -0.00181025
v 0.12653136 -0.04040710 0.00157870
v 0.12750008 -0.03982884 0.00472820
v 0.12825544 -0.03938665 0.00767432
v 0.12882396 -0.03907504 0.01045561
v 0.12922734 -0.03888483 0.01310956
v 0.12949535 -0.03878307 0.01567368
v 0.12965944 -0.03873560 0.01817654
v 0.12974534 -0.03870992 0.02064141
v 0.12977909 -0.03866741 0.02308557
v 0.12978684 -0.03856645 0.02551857
v 0.12978602 -0.03837881 0.02794112
v 0.12975928 -0.03813273 0.03034949
v 0.12968072 -0.03786863 0.03274623
v 0.12952472 -0.03762259 0.03514087
v 0.12926626 -0.03742340 0.03754742
v 0.12887325 -0.03730199 0.03998515
v 0.12831492 -0.03728717 0.04248413
v 0.12757113 -0.03738143 0.04507016
v 0.12661590 -0.03758428 0.04776959
v 0.12542350 -0.03788373 0.05060481
v 0.12396860 -0.03825575 0.05359101
v 0.12398549 -0.03593054 0.05699012
v 0.12400309 -0.03338796 0.06016159
v 0.12402114 -0.03064482 0.06308644
v 0.12403928 -0.02771909 0.06574748
v 0.12405711 -0.02462972 0.06812946
v 0.12407413 -0.02139640 0.07021914
v 0.12408983 -0.01803933 0.07200526
v 0.12410366 -0.01457907 0.07347858
v 0.12411508 -0.01103632 0.07463175
v 0.12412363 -0.00743180 0.07545925
v 0.12412892 -0.00378617 0.07595725
v 0.12413072 -0.00012000 0.07612350
v 0.12930989 -0.00012000 -0.02627177
v 0.12931009 -0.00313168 -0.02612918
v 0.12931069 -0.00612621 -0.02570215
v 0.12931165 -0.00908644 -0.02499293
v 0.12931293 -0.01199534 -0.02400527
v 0.12931448 -0.01483599 -0.02274448
v 0.12931625 -0.01759167 -0.02121741
v 0.12931819 -0.02024600 -0.01943248
v 0.12932025 -0.02278298 -0.01739969
v 0.12932242 -0.02518716 -0.01513060
v 0.12932468 -0.02744375 -0.01263828
v 0.12932704 -0.02953876 -0.00993724
v 0.12932952 -0.03145907 -0.00704339
v 0.12933215 -0.03319262 -0.00397390
v 0.12933496 -0.03472845 -0.00074713
v 0.13041772 -0.03401940 0.00246398
v 0.13131150 -0.03335179 0.00547029
v 0.13203108 -0.03277277 0.00825676
v 0.13259375 -0.03230721 0.01083758
v 0.13301803 -0.03196198 0.01324301
v 0.13332311 -0.03172963 0.01551023
v 0.13352853 -0.03159146 0.01767698
v 0.13365404 -0.03152037 0.01977728
v 0.13371951 -0.03148322 0.02183865
v 0.13374485 -0.03144304 0.02388040
v 0.13375003 -0.03136085 0.02591282
v 0.13374832 -0.03121037 0.02793707
v 0.13372646 -0.03101786 0.02995231
v 0.13366453 -0.03082118 0.03196560
v 0.13354272 -0.03065506 0.03399255
v 0.13334132 -0.03054932 0.03605606
v 0.13304082 -0.03052686 0.03818419
v 0.13262207 -0.03060143 0.04040680
v 0.13206655 -0.03077514 0.04275062
v 0.13135688 -0.03103574 0.04523210
v 0.13047794 -0.03135346 0.04784718
v 0.12941947 -0.03167735 0.05055674
v 0.12942871 -0.02975145 0.05351011
v 0.12943807 -0.02764575 0.05626578
v 0.12944739 -0.02537427 0.05880720
v 0.12945652 -0.02295197 0.06111941
v 0.12946525 -0.02039461 0.06318911
v 0.12947339 -0.01771857 0.06500476
v 0.12948073 -0.01494065 0.06655659
v 0.12948706 -0.01207790 0.06783657
v 0.12949221 -0.00914744 0.06883833
v 0.12949601 -0.00616633 0.06955714
v 0.12949834 -0.00315156 0.06998970
v 0.12949912 -0.00012000 0.07013410
v 0.13470357 -0.00012000 -0.01406820
v 0.13470403 -0.00237112 -0.01395693
v 0.13470541 -0.00460897 -0.01362376
v 0.13470768 -0.00682032 -0.01307063
v 0.13471077 -0.00899211 -0.01230076
v 0.13471460 -0.01111147 -0.01131864
v 0.13471909 -0.01316579 -0.01013001
v 0.13472413 -0.01514285 -0.00874182
v 0.13472960 -0.01703080 -0.00716224
v 0.13473541 -0.01881833 -0.00540057
v 0.13474142 -0.02049466 -0.00346722
v 0.13474754 -0.02204966 -0.00137365
v 0.13475366 -0.02347391 0.00086771
v 0.13475967 -0.02475875 0.00324349
v 0.13476550 -0.02589634 0.00573951
v 0.13550572 -0.02516568 0.00841147
v 0.13611313 -0.02453412 0.01081269
v 0.13660051 -0.02401485 0.01297680
v 0.13698087 -0.02361099 0.01494307
v 0.13726739 -0.02331708 0.01675213
v 0.13747334 -0.02312052 0.01844289
v 0.13761203 -0.02300286 0.02005035
v 0.13769683 -0.02294111 0.02160406
v 0.13774112 -0.02290888 0.02312700
v 0.13775829 -0.02287757 0.02463495
v 0.13776174 -0.02281734 0.02613611
v 0.13776041 -0.02270815 0.02763143
v 0.13774535 -0.02257002 0.02912116
v 0.13770317 -0.02243195 0.03061230
v 0.13762050 -0.02232090 0.03211913
v 0.13748398 -0.02226072 0.03366263
v 0.13728031 -0.02227121 0.03526962
v 0.13699623 -0.02236692 0.03697141
v 0.13661859 -0.02255608 0.03880202
v 0.13613440 -0.02283945 0.04079566
v 0.13553089 -0.02320912 0.04298334
v 0.13479572 -0.02364732 0.04538827
v 0.13479321 -0.02222146 0.04767927
v 0.13479024 -0.02066103 0.04981955
v 0.13478692 -0.01897593 0.05179616
v 0.13478336 -0.01717676 0.05359722
v 0.13477970 -0.01527478 0.05521199
v 0.13477608 -0.01328177 0.05663093
v 0.13477266 -0.01121000 0.05784571
v 0.13476960 -0.00907207 0.05884926
v 0.13476704 -0.00688090 0.05963581
v 0.13476511 -0.00464962 0.06020084
v 0.13476391 -0.00239153 0.06054115
v 0.13476350 -0.00012000 0.06065480
v 0.14022121 -0.00012000 0.00265854
v 0.14022162 -0.00142134 0.00272415
v 0.14022284 -0.00271492 0.00292059
v 0.14022484 -0.00399300 0.00324669
v 0.14022760 -0.00524796 0.00370051
v 0.14023104 -0.00647228 0.00427935
v 0.14023510 -0.00765866 0.00497977
v 0.14023971 -0.00879999 0.00579758
v 0.14024477 -0.00988944 0.00672793
v 0.14025019 -0.01092047 0.00776525
v 0.14025586 -0.01188689 0.00890336
v 0.14026167 -0.01278292 0.01013545
v 0.14026751 -0.01360316 0.01145415
v 0.14027328 -0.01434268 0.01285158
v 0.14027887 -0.01499705 0.01431937
v 0.14065351 -0.01457643 0.01589448
v 0.14096079 -0.01422460 0.01729599
v 0.14120736 -0.01394273 0.01855341
v 0.14139990 -0.01372829 0.01969501
v 0.14154510 -0.01357539 0.02074700
v 0.14164966 -0.01347529 0.02173287
v 0.14172028 -0.01341680 0.02267289
v 0.14176369 -0.01338680 0.02358366
v 0.14178660 -0.01337067 0.02447785
v 0.14179573 -0.01335278 0.02536402
v 0.14179780 -0.01331694 0.02624644
v 0.14179730 -0.01325227 0.02712542
v 0.14178973 -0.01316968 0.02800108
v 0.14176837 -0.01308496 0.02887741
v 0.14172649 -0.01301289 0.02976249
v 0.14165737 -0.01296678 0.03066833
v 0.14155429 -0.01295803 0.03161055
v 0.14141057 -0.01299572 0.03260804
v 0.14121950 -0.01308614 0.03368244
v 0.14097441 -0.01323245 0.03485756
v 0.14066866 -0.01343423 0.03615861
v 0.14029563 -0.01368720 0.03761132
v 0.14029171 -0.01286580 0.03895758
v 0.14028745 -0.01196684 0.04021556
v 0.14028297 -0.01099595 0.04137765
v 0.14027841 -0.00995917 0.04243683
v 0.14027393 -0.00886290 0.04338674
v 0.14026966 -0.00771390 0.04422170
v 0.14026576 -0.00651917 0.04493675
v 0.14026235 -0.00528599 0.04552762
v 0.14025957 -0.00402181 0.04599084
v 0.14025750 -0.00273425 0.04632367
v 0.14025623 -0.00143105 0.04652415
v 0.14025580 -0.00012000 0.04659111
v 0.14577275 -0.00012000 0.02166075
v 0.14577310 -0.00036478 0.02167380
v 0.14577415 -0.00060803 0.02171287
v 0.14577589 -0.00084823 0.02177771
v 0.14577828 -0.00108388 0.02186792
v 0.14578128 -0.00131351 0.02198292
v 0.14578484 -0.00153570 0.02212200
v 0.14578890 -0.00174908 0.02228428
v 0.14579338 -0.00195233 0.02246875
v 0.14579821 -0.00214422 0.02267425
v 0.14580330 -0.00232359 0.02289951
v 0.14580854 -0.00248934 0.02314312
v 0.14581385 -0.00264050 0.02340357
v 0.14581912 -0.00277618 0.02367926
v 0.14582424 -0.00289559 0.02396850
v 0.14582749 -0.00296510 0.02416578
v 0.14583061 -0.00302706 0.02436766
v 0.14583356 -0.00308134 0.02457359
v 0.14583633 -0.00312779 0.02478303
v 0.14583888 -0.00316632 0.02499543
v 0.14584120 -0.00319684 0.02521022
v 0.14584325 -0.00321929 0.02542684
v 0.14584504 -0.00323363 0.02564472
v 0.14584653 -0.00323985 0.02586330
v 0.14584772 -0.00323794 0.02608199
v 0.14584860 -0.00322794 0.02630023
v 0.14584915 -0.00320989 0.02651745
v 0.14584939 -0.00318386 0.02673309
v 0.14584931 -0.00314994 0.02694659
v 0.14584890 -0.00310824 0.02715741
v 0.14584819 -0.00305889 0.02736499
v 0.14584718 -0.00300204 0.02756882
v 0.14584588 -0.00293786 0.02776837
v 0.14584432 -0.00286652 0.02796314
v 0.14584251 -0.00278825 0.02815262
v 0.14584049 -0.00270325 0.02833636
v 0.14583826 -0.00261175 0.02851388
v 0.14583453 -0.00245875 0.02877409
v 0.14583052 -0.00229193 0.02901700
v 0.14582636 -0.00211235 0.02924117
v 0.14582218 -0.00192111 0.02944531
v 0.14581811 -0.00171939 0.02962825
v 0.14581427 -0.00150839 0.02978894
v 0.14581080 -0.00128939 0.02992647
v 0.14580779 -0.00106365 0.03004005
v 0.14580534 -0.00083250 0.03012906
v 0.14580354 -0.00059727 0.03019300
v 0.14580243 -0.00035932 0.03023150
v 0.14580206 -0.00012000 0.03024436
v -0.11894400 -0.08882379 0.00055995
v -0.12434942 -0.08372222 0.00292593
v -0.12877501 -0.07909346 0.00509078
v -0.13231874 -0.07513567 0.00692949
v -0.13507861 -0.07191550 0.00842979
v -0.13715260 -0.06941860 0.00963175
v -0.13863868 -0.06758227 0.01059318
v -0.13963484 -0.06631599 0.01137198
v -0.14023907 -0.06551378 0.01201896
v -0.14054936 -0.06506154 0.01257636
v -0.14066367 -0.06484138 0.01307895
v -0.14068000 -0.06473404 0.01355583
v -0.14066367 -0.06465992 0.01402443
v -0.14054936 -0.06469786 0.01447149
v -0.14023907 -0.06496512 0.01487883
v -0.13963484 -0.06557631 0.01522974
v -0.13863868 -0.06664095 0.01550687
v -0.13715260 -0.06825935 0.01569040
v -0.13507861 -0.07051550 0.01575812
v -0.13231874 -0.07346516 0.01569024
v -0.12877501 -0.07711630 0.01548282
v -0.12434942 -0.08139799 0.01517555
v -0.11894400 -0.08611256 0.01490090
v -0.11429000 -0.09265471 -0.00408371
v -0.11939799 -0.08847545 -0.00165752
v -0.12358007 -0.08457457 0.00069999
v -0.12692881 -0.08117322 0.00281563
v -0.12953682 -0.07836474 0.00463751
v -0.13149669 -0.07616051 0.00617700
v -0.13290100 -0.07452060 0.00747384
v -0.13384235 -0.07337371 0.00857688
v -0.13441334 -0.07263006 0.00953445
v -0.13470654 -0.07218951 0.01039046
v -0.13481457 -0.07194673 0.01118335
v -0.13483000 -0.07179449 0.01194621
v -0.13481457 -0.07166111 0.01269894
v -0.13470654 -0.07161732 0.01342685
v -0.13441334 -0.07176788 0.01411071
v -0.13384235 -0.07221392 0.01473513
v -0.13290100 -0.07304991 0.01528785
v -0.13149669 -0.07435859 0.01575961
v -0.12953682 -0.07620335 0.01614590
v -0.12692881 -0.07861610 0.01645291
v -0.12358007 -0.08157863 0.01671087
v -0.11939799 -0.08499417 0.01699921
v -0.11429000 -0.08864519 0.01748949
v -0.10963600 -0.09575743 -0.00727138
v -0.11444657 -0.09252608 -0.00506987
v -0.11838513 -0.08939148 -0.00278009
v -0.12153888 -0.08659015 -0.00061611
v -0.12399503 -0.08423649 0.00133331
v -0.12584078 -0.08236403 0.00305009
v -0.12716332 -0.08095368 0.00455282
v -0.12804986 -0.07995296 0.00587655
v -0.12858760 -0.07928881 0.00706163
v -0.12886373 -0.07887626 0.00814787
v -0.12896547 -0.07862415 0.00917188
v -0.12898000 -0.07843893 0.01016582
v -0.12896547 -0.07825796 0.01114904
v -0.12886373 -0.07814296 0.01210740
v -0.12858760 -0.07818498 0.01302291
v -0.12804986 -0.07847098 0.01388273
v -0.12716332 -0.07908020 0.01467952
v -0.12584078 -0.08007875 0.01541268
v -0.12399503 -0.08151152 0.01609148
v -0.12153888 -0.08339025 0.01674185
v -0.11838513 -0.08567592 0.01741950
v -0.11444657 -0.08825298 0.01823303
v -0.10963600 -0.09089210 0.01938164
v -0.10498200 -0.09812009 -0.00971783
v -0.10949514 -0.09584325 -0.00786942
v -0.11319019 -0.09349521 -0.00577203
v -0.11614895 -0.09132082 -0.00367231
v -0.11845324 -0.08945037 -0.00169107
v -0.12018487 -0.08793597 0.00012626
v -0.12142564 -0.08677737 0.00177694
v -0.12225737 -0.08594004 0.00328045
v -0.12276186 -0.08536776 0.00466621
v -0.12302092 -0.08499139 0.00596647
v -0.12311637 -0.08473498 0.00721226
v -0.12313000 -0.08451982 0.00843123
v -0.12311637 -0.08429312 0.00963989
v -0.12302092 -0.08410687 0.01082642
v -0.12276186 -0.08403747 0.01197660
v -0.12225737 -0.08415702 0.01308197
v -0.12142564 -0.08452940 0.01414117
v -0.12018487 -0.08520457 0.01516212
v -0.11845324 -0.08621044 0.01616612
v -0.11614895 -0.08754136 0.01719520
v -0.11319019 -0.08914174 0.01832481
v -0.10949514 -0.09088294 0.01968479
v -0.10498200 -0.09253098 0.02149224
v -0.10032800 -0.10005447 -0.01176909
v -0.10454371 -0.09835540 -0.00998079
v -0.10799525 -0.09679209 -0.00816051
v -0.11075902 -0.09525691 -0.00620915
v -0.11291145 -0.09388599 -0.00426928
v -0.11452896 -0.09274650 -0.00241101
v -0.11568796 -0.09185481 -0.00065786
v -0.11646488 -0.09119324 0.00099311
v -0.11693612 -0.09072208 0.00255835
v -0.11717811 -0.09038834 0.00405986
v -0.11726726 -0.09013185 0.00552019
v -0.11728000 -0.08988949 0.00695960
v -0.11726726 -0.08961885 0.00838990
v -0.11717811 -0.08936174 0.00980308
v -0.11693612 -0.08917934 0.01119068
v -0.11646488 -0.08912854 0.01255024
v -0.11568796 -0.08925794 0.01388717
v -0.11452896 -0.08960207 0.01521776
v -0.11291145 -0.09017348 0.01657384
v -0.11075902 -0.09095180 0.01801040
v -0.10799525 -0.09186880 0.01961759
v -0.10454371 -0.09279273 0.02153560
v -0.10032800 -0.09382343 0.02370431
v -0.09567400 -0.10186415 -0.01376217
v -0.09959228 -0.10046226 -0.01177062
v -0.10280031 -0.09927076 -0.00986990
v -0.10536909 -0.09828716 -0.00804357
v -0.10736966 -0.09742019 -0.00620232
v -0.10887305 -0.09666317 -0.00435136
v -0.10995029 -0.09604671 -0.00253383
v -0.11067239 -0.09556861 -0.00076375
v -0.11111038 -0.09520508 0.00096104
v -0.11133530 -0.09491912 0.00265031
v -0.11141816 -0.09466655 0.00431596
v -0.11143000 -0.09440017 0.00596863
v -0.11141816 -0.09408817 0.00761399
v -0.11133530 -0.09376201 0.00924897
v -0.11111038 -0.09346745 0.01087242
v -0.11067239 -0.09324618 0.01248898
v -0.10995029 -0.09313191 0.01411139
v -0.10887305 -0.09314470 0.01576397
v -0.10736966 -0.09328340 0.01748762
v -0.10536909 -0.09351560 0.01934734
v -0.10280031 -0.09384489 0.02137471
v -0.09959228 -0.09435409 0.02352566
v -0.09567400 -0.09504094 0.02581286
v -0.09102000 -0.10353563 -0.01571187
v -0.09464086 -0.10244131 -0.01353349
v -0.09760536 -0.10150474 -0.01144058
v -0.09997916 -0.10072878 -0.00941901
v -0.10182787 -0.10010358 -0.00745397
v -0.10321715 -0.09961074 -0.00553118
v -0.10421261 -0.09922628 -0.00363777
v -0.10487989 -0.09892263 -0.00176292
v -0.10528464 -0.09866958 0.00010209
v -0.10549249 -0.09843532 0.00196350
v -0.10556906 -0.09819056 0.00382183
v -0.10558000 -0.09790397 0.00567657
v -0.10556906 -0.09755428 0.00752623
v -0.10549249 -0.09716267 0.00937347
v -0.10528464 -0.09675967 0.01122543
v -0.10487989 -0.09637300 0.01309382
v -0.10421261 -0.09603208 0.01499033
v -0.10321715 -0.09576401 0.01692920
v -0.10182787 -0.09559260 0.01892668
v -0.09997916 -0.09553758 0.02099990
v -0.09760536 -0.09561277 0.02316578
v -0.09464086 -0.09582352 0.02543980
v -0.09102000 -0.09616308 0.02783434
v -0.08636600 -0.10505467 -0.01762368
v -0.08968943 -0.10427353 -0.01527244
v -0.09241042 -0.10359983 -0.01299894
v -0.09458923 -0.10303941 -0.01079062
v -0.09628608 -0.10258633 -0.00863421
v -0.09756124 -0.10222639 -0.00651688
v -0.09847493 -0.10193981 -0.00442704
v -0.09908740 -0.10170308 -0.00235497
v -0.09945890 -0.10149035 -0.00029326
v -0.09964968 -0.10127443 0.00176297
v -0.09971996 -0.10102757 0.00381587
v -0.09973000 -0.10072203 0.00586485
v -0.09971996 -0.10033952 0.00790785
v -0.09964968 -0.09989838 0.00994714
v -0.09945890 -0.09942574 0.01198854
v -0.09908740 -0.09894799 0.01404045
v -0.09847493 -0.09849024 0.01611363
v -0.09756124 -0.09807561 0.01822087
v -0.09628608 -0.09772433 0.02037647
v -0.09458923 -0.09745245 0.02259554
v -0.09241042 -0.09727027 0.02489311
v -0.08968943 -0.09717998 0.02728295
v -0.08636600 -0.09717269 0.02977611
v -0.08171200 -0.10640687 -0.01949847
v -0.08473800 -0.10593975 -0.01698659
v -0.08721548 -0.10553252 -0.01454294
v -0.08919930 -0.10519282 -0.01215663
v -0.09074429 -0.10491761 -0.00981617
v -0.09190533 -0.10469624 -0.00751038
v -0.09273725 -0.10451266 -0.00522922
v -0.09329491 -0.10434720 -0.00296426
v -0.09363317 -0.10417782 -0.00070916
v -0.09380686 -0.10398115 0.00154016
v -0.09387086 -0.10373323 0.00378537
v -0.09388000 -0.10341011 0.00602561
v -0.09387086 -0.10299606 0.00825870
v -0.09380686 -0.10250701 0.01048606
v -0.09363317 -0.10196652 0.01271221
v -0.09329491 -0.10139746 0.01494404
v -0.09273725 -0.10082150 0.01719052
v -0.09190533 -0.10025841 0.01946251
v -0.09074429 -0.09972511 0.02177220
v -0.08919930 -0.09923455 0.02413258
v -0.08721548 -0.09879422 0.02655661
v -0.08473800 -0.09840417 0.02905620
v -0.08171200 -0.09805457 0.03164094
v -0.07705800 -0.10757794 -0.02133460
v -0.07978657 -0.10742092 -0.01867303
v -0.08202054 -0.10727942 -0.01606880
v -0.08380937 -0.10716179 -0.01351284
v -0.08520250 -0.10706705 -0.01099552
v -0.08624942 -0.10698738 -0.00850753
v -0.08699957 -0.10691002 -0.00604048
v -0.08750242 -0.10681884 -0.00358745
v -0.08780743 -0.10669549 -0.00114329
v -0.08796405 -0.10652036 0.00129513
v -0.08802176 -0.10627329 0.00372882
v -0.08803000 -0.10593419 0.00615662
v -0.08802176 -0.10548993 0.00857610
v -0.08796405 -0.10495400 0.01098782
v -0.08780743 -0.10434633 0.01339503
v -0.08750242 -0.10368634 0.01580303
v -0.08699957 -0.10299235 0.01821903
v -0.08624942 -0.10228094 0.02065183
v -0.08520250 -0.10156609 0.02311149
v -0.08380937 -0.10085814 0.02560879
v -0.08202054 -0.10016249 0.02815451
v -0.07978657 -0.09947797 0.03075863
v -0.07705800 -0.09879479 0.03342916
v -0.07240400 -0.10855384 -0.02312898
v -0.07483515 -0.10869825 -0.02032767
v -0.07682560 -0.10881736 -0.01757184
v -0.07841944 -0.10891932 -0.01485428
v -0.07966072 -0.10900441 -0.01216735
v -0.08059351 -0.10906698 -0.00950365
v -0.08126189 -0.10909711 -0.00685661
v -0.08170993 -0.10908186 -0.00422088
v -0.08198169 -0.10900636 -0.00159267
v -0.08212124 -0.10885461 0.00103014
v -0.08217266 -0.10861021 0.00364780
v -0.08218000 -0.10825684 0.00625872
v -0.08217266 -0.10778393 0.00886018
v -0.08212124 -0.10720260 0.01145186
v -0.08198169 -0.10652923 0.01403575
v -0.08170993 -0.10577987 0.01661560
v -0.08126189 -0.10496965 0.01919678
v -0.08059351 -0.10411223 0.02178608
v -0.07966072 -0.10321900 0.02439138
v -0.07841944 -0.10229820 0.02702120
v -0.07682560 -0.10135379 0.02968414
v -0.07483515 -0.10038411 0.03238816
v -0.07240400 -0.09938036 0.03513966
v -0.06775000 -0.10932086 -0.02487771
v -0.06988372 -0.10975328 -0.02194579
v -0.07163066 -0.11012349 -0.01904685
v -0.07302950 -0.11043868 -0.01617560
v -0.07411893 -0.11069966 -0.01332641
v -0.07493760 -0.11090239 -0.01049385
v -0.07552421 -0.11103926 -0.00767320
v -0.07591744 -0.11110018 -0.00486079
v -0.07615595 -0.11107344 -0.00205420
v -0.07627843 -0.11094648 0.00074755
v -0.07632355 -0.11070643 0.00354390
v -0.07633000 -0.11034061 0.00633275
v -0.07632355 -0.10984092 0.00911102
v -0.07627843 -0.10921618 0.01187755
v -0.07615595 -0.10847942 0.01463306
v -0.07591744 -0.10764347 0.01737976
v -0.07552421 -0.10672056 0.02012124
v -0.07493760 -0.10572169 0.02286228
v -0.07411893 -0.10465606 0.02560859
v -0.07302950 -0.10353028 0.02836647
v -0.07163066 -0.10234743 0.03114231
v -0.06988372 -0.10110608 0.03394207
v -0.06775000 -0.09979900 0.03677049
v -0.06309600 -0.10986565 -0.02657644
v -0.06493229 -0.11056795 -0.02352232
v -0.06643572 -0.11117533 -0.02048840
v -0.06763957 -0.11169344 -0.01747129
v -0.06857714 -0.11212303 -0.01446735
v -0.06928169 -0.11246111 -0.01147314
v -0.06978654 -0.11270191 -0.00848580
v -0.07012495 -0.11283777 -0.00550334
v -0.07033021 -0.11285981 -0.00252476
v -0.07043562 -0.11275855 0.00044973
v -0.07047445 -0.11252441 0.00341873
v -0.07048000 -0.11214809 0.00637956
v -0.07047445 -0.11162377 0.00932873
v -0.07043562 -0.11095816 0.01226424
v -0.07033021 -0.11016119 0.01518560
v -0.07012495 -0.10924278 0.01809351
v -0.06978654 -0.10821249 0.02098982
v -0.06928169 -0.10707906 0.02387736
v -0.06857714 -0.10584989 0.02675973
v -0.06763957 -0.10453038 0.02964105
v -0.06643572 -0.10312328 0.03252559
v -0.06493229 -0.10162787 0.03541728
v -0.06309600 -0.10003904 0.03831923
v -0.05844200 -0.11017522 -0.02822057
v -0.05998086 -0.11112456 -0.02505204
v -0.06124078 -0.11195075 -0.02189096
v -0.06224964 -0.11265750 -0.01873577
v -0.06303535 -0.11324503 -0.01558479
v -0.06362579 -0.11371089 -0.01243652
v -0.06404886 -0.11405070 -0.00928994
v -0.06433246 -0.11425875 -0.00614470
v -0.06450447 -0.11432858 -0.00300124
v -0.06459281 -0.11425344 0.00013907
v -0.06462535 -0.11402663 0.00327392
v -0.06463000 -0.11364186 0.00640001
v -0.06462535 -0.11309539 0.00951342
v -0.06459281 -0.11239203 0.01261131
v -0.06450447 -0.11153895 0.01569202
v -0.06433246 -0.11054354 0.01875483
v -0.06404886 -0.10941306 0.02179992
v -0.06362579 -0.10815436 0.02482824
v -0.06303535 -0.10677343 0.02784139
v -0.06224964 -0.10527492 0.03084139
v -0.06124078 -0.10366163 0.03383043
v -0.05998086 -0.10193396 0.03681055
v -0.05844200 -0.10008923 0.03978322
v -0.05378800 -0.11023699 -0.02980542
v -0.05502944 -0.11140581 -0.02652973
v -0.05604584 -0.11242801 -0.02324903
v -0.05685971 -0.11330512 -0.01996354
v -0.05749356 -0.11403646 -0.01667343
v -0.05796988 -0.11461972 -0.01337908
v -0.05831118 -0.11505141 -0.01008122
v -0.05853996 -0.11532734 -0.00678109
v -0.05867873 -0.11544298 -0.00348053
v -0.05875000 -0.11539380 -0.00018208
v -0.05877625 -0.11517558 0.00311107
v -0.05878000 -0.11478454 0.00639496
v -0.05877625 -0.11421871 0.00966520
v -0.05875000 -0.11348130 0.01291815
v -0.05867873 -0.11257718 0.01615103
v -0.05853996 -0.11151162 0.01936178
v -0.05831118 -0.11029005 0.02254901
v -0.05796988 -0.10891781 0.02571192
v -0.05749356 -0.10739991 0.02885020
v -0.05685971 -0.10574061 0.03196392
v -0.05604584 -0.10394312 0.03505332
v -0.05502944 -0.10200919 0.03811861
v -0.05378800 -0.09993869 0.04115966
v -0.04913400 -0.11003867 -0.03132637
v -0.05007801 -0.11139476 -0.02795025
v -0.05085090 -0.11258573 -0.02455722
v -0.05146978 -0.11361087 -0.02114919
v -0.05195177 -0.11446842 -0.01772808
v -0.05231397 -0.11515580 -0.01429599
v -0.05257350 -0.11567002 -0.01085532
v -0.05274747 -0.11600789 -0.00740880
v -0.05285300 -0.11616629 -0.00395962
v -0.05290718 -0.11614238 -0.00051139
v -0.05292715 -0.11593380 0.00293177
v -0.05293000 -0.11553878 0.00636528
v -0.05292715 -0.11495669 0.00978422
v -0.05290718 -0.11418954 0.01318420
v -0.05285300 -0.11324042 0.01656139
v -0.05274747 -0.11211301 0.01991249
v -0.05257350 -0.11081136 0.02323466
v -0.05231397 -0.10933981 0.02652547
v -0.05195177 -0.10770275 0.02978290
v -0.05146978 -0.10590442 0.03300520
v -0.05085090 -0.10394866 0.03619080
v -0.05007801 -0.10183868 0.03933820
v -0.04913400 -0.09957681 0.04244576
v -0.04448000 -0.10968193 -0.03277088
v -0.04512658 -0.11115770 -0.02930144
v -0.04565596 -0.11246402 -0.02580407
v -0.04607985 -0.11359574 -0.02228206
v -0.04640998 -0.11454802 -0.01873891
v -0.04665806 -0.11531643 -0.01517826
v -0.04683582 -0.11589703 -0.01160402
v -0.04695498 -0.11628641 -0.00802033
v -0.04702726 -0.11648178 -0.00443159
v -0.04706437 -0.11648098 -0.00084250
v -0.04707805 -0.11628257 0.00274194
v -0.04708000 -0.11588580 0.00631646
v -0.04707805 -0.11529083 0.00987560
v -0.04706437 -0.11449902 0.01341428
v -0.04702726 -0.11351259 0.01692782
v -0.04695498 -0.11233447 0.02041189
v -0.04683582 -0.11096828 0.02386251
v -0.04665806 -0.10941824 0.02727605
v -0.04640998 -0.10768917 0.03064928
v -0.04607985 -0.10578641 0.03397930
v -0.04565596 -0.10371575 0.03726365
v -0.04512658 -0.10148338 0.04050022
v -0.04448000 -0.09909577 0.04368732
v -0.03982600 -0.10931356 -0.03412752
v -0.04017515 -0.11089619 -0.03056390
v -0.04046102 -0.11229907 -0.02696263
v -0.04068992 -0.11351676 -0.02332837
v -0.04086819 -0.11454426 -0.01966594
v -0.04100215 -0.11537701 -0.01598029
v -0.04109814 -0.11601099 -0.01227655
v -0.04116249 -0.11644279 -0.00856004
v -0.04120152 -0.11666966 -0.00483621
v -0.04122156 -0.11668955 -0.00111072
v -0.04122895 -0.11650113 0.00261063
v -0.04123000 -0.11610385 0.00632187
v -0.04122895 -0.11549801 0.01001697
v -0.04122156 -0.11468492 0.01369022
v -0.04120152 -0.11366674 0.01733619
v -0.04116249 -0.11244639 0.02094966
v -0.04109814 -0.11102749 0.02452561
v -0.04100215 -0.10941436 0.02805925
v -0.04086819 -0.10761196 0.03154603
v -0.04068992 -0.10562583 0.03498162
v -0.04046102 -0.10346202 0.03836190
v -0.04017515 -0.10112703 0.04168302
v -0.03982600 -0.09862772 0.04494134
v -0.03517200 -0.10893634 -0.03539708
v -0.03522373 -0.11062184 -0.03173812
v -0.03526608 -0.11211776 -0.02803230
v -0.03529999 -0.11341845 -0.02428572
v -0.03532640 -0.11451870 -0.02050456
v -0.03534624 -0.11541385 -0.01669509
v -0.03536047 -0.11609981 -0.01286364
v -0.03537000 -0.11657314 -0.00901662
v -0.03537578 -0.11683112 -0.00516046
v -0.03537875 -0.11687175 -0.00130164
v -0.03537984 -0.11669384 0.00255331
v -0.03538000 -0.11629698 0.00639787
v -0.03537984 -0.11568160 0.01022552
v -0.03537875 -0.11484899 0.01402982
v -0.03537578 -0.11380125 0.01780441
v -0.03537000 -0.11254130 0.02154302
v -0.03536047 -0.11107280 0.02523943
v -0.03534624 -0.10940018 0.02888756
v -0.03532640 -0.10752853 0.03248140
v -0.03529999 -0.10546359 0.03601507
v -0.03526608 -0.10321165 0.03948279
v -0.03522373 -0.10077952 0.04287894
v -0.03517200 -0.09817442 0.04619801
v -0.03051800 -0.10855232 -0.03657980
v -0.03027230 -0.11033628 -0.03282490
v -0.03007114 -0.11192136 -0.02901464
v -0.02991006 -0.11330169 -0.02515660
v -0.02978461 -0.11447192 -0.02125834
v -0.02969034 -0.11542724 -0.01732737
v -0.02962279 -0.11616352 -0.01337116
v -0.02957751 -0.11667727 -0.00939710
v -0.02955004 -0.11696578 -0.00541248
v -0.02953594 -0.11702711 -0.00142453
v -0.02953074 -0.11686014 0.00255967
v -0.02953000 -0.11646458 0.00653312
v -0.02953074 -0.11584099 0.01048890
v -0.02953594 -0.11499062 0.01441976
v -0.02955004 -0.11391556 0.01831830
v -0.02957751 -0.11261875 0.02217709
v -0.02962279 -0.11110391 0.02598864
v -0.02969034 -0.10937556 0.02974545
v -0.02978461 -0.10743894 0.03344001
v -0.02991006 -0.10529998 0.03706485
v -0.03007114 -0.10296519 0.04061250
v -0.03027230 -0.10044168 0.04407557
v -0.03051800 -0.09773698 0.04744675
v -0.02586400 -0.10816346 -0.03767536
v -0.02532087 -0.11004110 -0.03382444
v -0.02487620 -0.11171108 -0.02991059
v -0.02452013 -0.11316737 -0.02594290
v -0.02424282 -0.11440447 -0.02193024
v -0.02403443 -0.11541748 -0.01788127
v -0.02388511 -0.11620217 -0.01380445
v -0.02378502 -0.11675504 -0.00970804
v -0.02372430 -0.11707336 -0.00560006
v -0.02369313 -0.11715520 -0.00148832
v -0.02368164 -0.11699950 0.00261962
v -0.02368000 -0.11660609 0.00671643
v -0.02368164 -0.11597559 0.01079484
v -0.02369313 -0.11510925 0.01484672
v -0.02372430 -0.11400919 0.01886361
v -0.02378502 -0.11267835 0.02283685
v -0.02388511 -0.11112054 0.02675764
v -0.02403443 -0.10934039 0.03061707
v -0.02424282 -0.10734328 0.03440614
v -0.02452013 -0.10513530 0.03811575
v -0.02487620 -0.10272321 0.04173680
v -0.02532087 -0.10011432 0.04526012
v -0.02586400 -0.09731647 0.04867660
v -0.02121000 -0.10777164 -0.03868303
v -0.02036944 -0.10973782 -0.03473645
v -0.01968125 -0.11148810 -0.03072058
v -0.01913020 -0.11301634 -0.02664596
v -0.01870103 -0.11431693 -0.02252267
v -0.01837852 -0.11538487 -0.01836038
v -0.01814743 -0.11621586 -0.01416838
v -0.01799252 -0.11680635 -0.00995558
v -0.01789856 -0.11715357 -0.00573059
v -0.01785032 -0.11725563 -0.00150166
v -0.01783254 -0.11711148 0.00272332
v -0.01783000 -0.11672100 0.00693678
v -0.01783254 -0.11608487 0.01113113
v -0.01785032 -0.11520440 0.01529740
v -0.01789856 -0.11408168 0.01942601
v -0.01799252 -0.11271973 0.02350712
v -0.01814743 -0.11112246 0.02753066
v -0.01837852 -0.10929459 0.03148637
v -0.01870103 -0.10724164 0.03536378
v -0.01913020 -0.10496988 0.03915229
v -0.01968125 -0.10248624 0.04284114
v -0.02036944 -0.09979824 0.04641947
v -0.02121000 -0.09691394 0.04987631
v -0.01655600 -0.10737868 -0.03960168
v -0.01541802 -0.10942790 -0.03556022
v -0.01448631 -0.11125358 -0.03144457
v -0.01374026 -0.11284946 -0.02726666
v -0.01315924 -0.11420987 -0.02303761
v -0.01272261 -0.11532973 -0.01876789
v -0.01240975 -0.11620468 -0.01446739
v -0.01220003 -0.11683111 -0.01014550
v -0.01207283 -0.11720622 -0.00581117
v -0.01200750 -0.11732808 -0.00147292
v -0.01198344 -0.11719566 0.00286113
v -0.01198000 -0.11680885 0.00718327
v -0.01198344 -0.11616839 0.01148568
v -0.01200750 -0.11527559 0.01575853
v -0.01207283 -0.11413263 0.01999118
v -0.01220003 -0.11274259 0.02417268
v -0.01240975 -0.11110946 0.02829182
v -0.01272261 -0.10923810 0.03233709
v -0.01315924 -0.10713415 0.03629673
v -0.01374026 -0.10480403 0.04015872
v -0.01448631 -0.10225481 0.04391075
v -0.01541802 -0.09949419 0.04754026
v -0.01655600 -0.09653040 0.05103436
v -0.01190200 -0.10698631 -0.04042989
v -0.01046659 -0.10911278 -0.03629470
v -0.00929137 -0.11100861 -0.03208217
v -0.00835033 -0.11266755 -0.02780548
v -0.00761745 -0.11408385 -0.02347662
v -0.00706670 -0.11525240 -0.01910658
v -0.00667207 -0.11616877 -0.01470558
v -0.00640754 -0.11682929 -0.01028322
v -0.00624709 -0.11723112 -0.00584857
v -0.00616469 -0.11737227 -0.00141024
v -0.00613434 -0.11725169 0.00302361
v -0.00613000 -0.11686926 0.00744520
v -0.00613434 -0.11622572 0.01184650
v -0.00616469 -0.11532245 0.01621689
v -0.00624709 -0.11416170 0.02054477
v -0.00640754 -0.11274664 0.02481826
v -0.00667207 -0.11108138 0.02902514
v -0.00706670 -0.10917089 0.03315289
v -0.00761745 -0.10702093 0.03718865
v -0.00835033 -0.10463805 0.04111915
v -0.00929137 -0.10202943 0.04493066
v -0.01046659 -0.09920290 0.04860893
v -0.01190200 -0.09616679 0.05213908
v -0.00724800 -0.10659616 -0.04116600
v -0.00551516 -0.10879379 -0.03693856
v -0.00409643 -0.11075428 -0.03263267
v -0.00296040 -0.11247141 -0.02826260
v -0.00207566 -0.11393944 -0.02384094
v -0.00141079 -0.11515322 -0.01937892
v -0.00093440 -0.11610829 -0.01488675
v -0.00061505 -0.11680090 -0.01037392
v -0.00042135 -0.11722815 -0.00584935
v -0.00032188 -0.11738798 -0.00132151
v -0.00028524 -0.11727928 0.00320151
v -0.00028000 -0.11690188 0.00771198
v -0.00028524 -0.11625651 0.01220171
v -0.00032188 -0.11534463 0.01665935
v -0.00042135 -0.11416857 0.02107253
v -0.00061505 -0.11273165 0.02542860
v -0.00093440 -0.11103807 0.02971463
v -0.00141079 -0.10909292 0.03391737
v -0.00207566 -0.10690210 0.03802311
v -0.00296040 -0.10447222 0.04201759
v -0.00409643 -0.10181058 0.04588580
v -0.00551516 -0.09892503 0.04961181
v -0.00724800 -0.09582397 0.05317865
v -0.00259400 -0.10620980 -0.04180815
v -0.00056373 -0.10847222 -0.03749027
v 0.00109851 -0.11049161 -0.03309513
v 0.00242953 -0.11226183 -0.02863794
v 0.00346613 -0.11377720 -0.02413158
v 0.00424511 -0.11503256 -0.01958712
v 0.00480328 -0.11602342 -0.01501443
v 0.00517744 -0.11674597 -0.01042251
v 0.00540439 -0.11719721 -0.00581982
v 0.00552093 -0.11737501 -0.00121445
v 0.00556387 -0.11727817 0.00338576
v 0.00557000 -0.11690642 0.00797321
v 0.00556387 -0.11626046 0.01253956
v 0.00552093 -0.11534182 0.01707289
v 0.00540439 -0.11415299 0.02156024
v 0.00517744 -0.11269740 0.02598849
v 0.00480328 -0.11097940 0.03034434
v 0.00424511 -0.10900419 0.03461412
v 0.00346613 -0.10677777 0.03878367
v 0.00242953 -0.10430683 0.04283800
v 0.00109851 -0.10159868 0.04676102
v -0.00056373 -0.09866122 0.05053519
v -0.00259400 -0.09550277 0.05414121
v 0.00206000 -0.10582868 -0.04235440
v 0.00438769 -0.10814930 -0.03794815
v 0.00629345 -0.11022158 -0.03346846
v 0.00781946 -0.11203957 -0.02893125
v 0.00900792 -0.11359768 -0.02434931
v 0.00990102 -0.11489079 -0.01973321
v 0.01054096 -0.11591434 -0.01509196
v 0.01096993 -0.11666249 -0.01043340
v 0.01123013 -0.11713338 -0.00576535
v 0.01136374 -0.11732645 -0.00109550
v 0.01141297 -0.11724060 0.00356869
v 0.01142000 -0.11687498 0.00821990
v 0.01141297 -0.11622979 0.01284975
v 0.01136374 -0.11530709 0.01744580
v 0.01123013 -0.11410996 0.02199469
v 0.01096993 -0.11264172 0.02648321
v 0.01054096 -0.11090524 0.03089837
v 0.00990102 -0.10890469 0.03522681
v 0.00900792 -0.10664806 0.03945392
v 0.00781946 -0.10414210 0.04356438
v 0.00629345 -0.10139415 0.04754122
v 0.00438769 -0.09841201 0.05136531
v 0.00206000 -0.09520390 0.05501484
v 0.00671400 -0.10545420 -0.04280269
v 0.00933912 -0.10782617 -0.03831044
v 0.01148839 -0.10993680 -0.03375031
v 0.01320939 -0.11174387 -0.02913349
v 0.01454971 -0.11326428 -0.02447504
v 0.01555693 -0.11451426 -0.01978728
v 0.01627864 -0.11550149 -0.01507971
v 0.01676242 -0.11622759 -0.01036012
v 0.01705587 -0.11669021 -0.00563531
v 0.01720655 -0.11688470 -0.00091164
v 0.01726207 -0.11680548 0.00380461
v 0.01727000 -0.11644706 0.00850705
v 0.01726207 -0.11580648 0.01318777
v 0.01720655 -0.11488889 0.01783341
v 0.01705587 -0.11370181 0.02242961
v 0.01676242 -0.11225265 0.02696237
v 0.01627864 -0.11054785 0.03141816
v 0.01555693 -0.10859158 0.03578385
v 0.01454971 -0.10638431 0.04004666
v 0.01320939 -0.10392112 0.04419399
v 0.01148839 -0.10118966 0.04821313
v 0.00933912 -0.09817791 0.05208849
v 0.00671400 -0.09492802 0.05578768
v 0.01136800 -0.10508142 -0.04315016
v 0.01429055 -0.10738934 -0.03855975
v 0.01668333 -0.10935966 -0.03390065
v 0.01859932 -0.11103993 -0.02919571
v 0.02009150 -0.11245970 -0.02446069
v 0.02121284 -0.11363478 -0.01970655
v 0.02201632 -0.11457088 -0.01494115
v 0.02255492 -0.11526654 -0.01017048
v 0.02288160 -0.11571553 -0.00539962
v 0.02304936 -0.11590880 -0.00063334
v 0.02311117 -0.11583604 0.00412349
v 0.02312000 -0.11548680 0.00886563
v 0.02311117 -0.11485478 0.01358571
v 0.02304936 -0.11394838 0.01826949
v 0.02288160 -0.11277981 0.02290158
v 0.02255492 -0.11136085 0.02746724
v 0.02201632 -0.10970174 0.03195243
v 0.02121284 -0.10780983 0.03634378
v 0.02009150 -0.10568784 0.04062849
v 0.01859932 -0.10333189 0.04479416
v 0.01668333 -0.10072913 0.04882837
v 0.01429055 -0.09785499 0.05271818
v 0.01136800 -0.09467011 0.05644937
v 0.01602200 -0.10449704 -0.04336609
v 0.01924198 -0.10660372 -0.03866200
v 0.02187827 -0.10839874 -0.03390407
v 0.02398925 -0.10993343 -0.02911498
v 0.02563329 -0.11123806 -0.02430934
v 0.02686875 -0.11232717 -0.01949637
v 0.02775400 -0.11320381 -0.01468189
v 0.02834741 -0.11386302 -0.00986985
v 0.02870734 -0.11429444 -0.00506332
v 0.02889218 -0.11448447 -0.00026523
v 0.02896027 -0.11441797 0.00452113
v 0.02897000 -0.11407952 0.00929184
v 0.02896027 -0.11345942 0.01404022
v 0.02889218 -0.11256935 0.01875113
v 0.02870734 -0.11142625 0.02340814
v 0.02834741 -0.11004631 0.02799579
v 0.02775400 -0.10844372 0.03249960
v 0.02686875 -0.10662922 0.03690602
v 0.02563329 -0.10460819 0.04120236
v 0.02398925 -0.10237836 0.04537650
v 0.02187827 -0.09992711 0.04941652
v 0.01924198 -0.09722808 0.05331003
v 0.01602200 -0.09423724 0.05704329
v 0.02067600 -0.10362683 -0.04343907
v 0.02419340 -0.10550998 -0.03862083
v 0.02707321 -0.10711343 -0.03376624
v 0.02937918 -0.10849083 -0.02889736
v 0.03117508 -0.10967188 -0.02402721
v 0.03252466 -0.11066880 -0.01916290
v 0.03349168 -0.11148134 -0.01430795
v 0.03413990 -0.11210062 -0.00946393
v 0.03453308 -0.11251202 -0.00463171
v 0.03473499 -0.11269745 0.00018782
v 0.03480937 -0.11263706 0.00499314
v 0.03482000 -0.11231063 0.00978181
v 0.03480937 -0.11170523 0.01454791
v 0.03473499 -0.11083565 0.01927542
v 0.03453308 -0.10972339 0.02394689
v 0.03413990 -0.10838890 0.02854615
v 0.03349168 -0.10685033 0.03305830
v 0.03252466 -0.10512194 0.03746969
v 0.03117508 -0.10321211 0.04176779
v 0.02937918 -0.10112088 0.04594092
v 0.02707321 -0.09883673 0.04997779
v 0.02419340 -0.09633264 0.05386676
v 0.02067600 -0.09356115 0.05759483
v 0.02533000 -0.10251295 -0.04337387
v 0.02914483 -0.10415868 -0.03844177
v 0.03226815 -0.10556229 -0.03349325
v 0.03476911 -0.10677791 -0.02854929
v 0.03671687 -0.10783311 -0.02362090
v 0.03818056 -0.10873665 -0.01871272
v 0.03922935 -0.10948425 -0.01382567
v 0.03993239 -0.11006277 -0.00895874
v 0.04035882 -0.11045331 -0.00411036
v 0.04057780 -0.11063350 0.00072076
v 0.04065847 -0.11057916 0.00553500
v 0.04067000 -0.11026566 0.01033154
v 0.04065847 -0.10967712 0.01510534
v 0.04057780 -0.10883119 0.01983949
v 0.04035882 -0.10775349 0.02451552
v 0.03993239 -0.10646843 0.02911656
v 0.03922935 -0.10499793 0.03362731
v 0.03818056 -0.10335983 0.03803407
v 0.03671687 -0.10156590 0.04232455
v 0.03476911 -0.09961917 0.04648758
v 0.03226815 -0.09751033 0.05051264
v 0.02914483 -0.09521311 0.05438904
v 0.02533000 -0.09267814 0.05810473
v 0.02998400 -0.10119655 -0.04317563
v 0.03409626 -0.10259951 -0.03813075
v 0.03746309 -0.10380312 -0.03309162
v 0.04015904 -0.10485980 -0.02807764
v 0.04225866 -0.10579322 -0.02309740
v 0.04383647 -0.10660735 -0.01815275
v 0.04496703 -0.10729309 -0.01324172
v 0.04572488 -0.10783275 -0.00836055
v 0.04618456 -0.10820330 -0.00350507
v 0.04642061 -0.10837842 0.00132832
v 0.04650758 -0.10833019 0.00614204
v 0.04652000 -0.10803023 0.01093699
v 0.04650758 -0.10746012 0.01570905
v 0.04642061 -0.10663993 0.02044047
v 0.04618456 -0.10559881 0.02511176
v 0.04572488 -0.10436462 0.02970533
v 0.04496703 -0.10296271 0.03420555
v 0.04383647 -0.10141449 0.03859864
v 0.04225866 -0.09973546 0.04287260
v 0.04015904 -0.09793243 0.04701687
v 0.03746309 -0.09599960 0.05102178
v 0.03409626 -0.09391310 0.05487776
v 0.02998400 -0.09162361 0.05857395
v 0.03463800 -0.09971794 -0.04284979
v 0.03904769 -0.10088136 -0.03769402
v 0.04265803 -0.10189300 -0.03256820
v 0.04554898 -0.10280106 -0.02748962
v 0.04780045 -0.10362320 -0.02246404
v 0.04949238 -0.10435715 -0.01749022
v 0.05070471 -0.10498814 -0.01256308
v 0.05151737 -0.10549373 -0.00767592
v 0.05201030 -0.10584690 -0.00282187
v 0.05226342 -0.10601802 0.00200509
v 0.05235668 -0.10597615 0.00680948
v 0.05237000 -0.10569003 0.01159398
v 0.05235668 -0.10513933 0.01635552
v 0.05226342 -0.10434593 0.02107548
v 0.05201030 -0.10334170 0.02573336
v 0.05151737 -0.10215721 0.03031089
v 0.05070471 -0.10082081 0.03479204
v 0.04949238 -0.09935736 0.03916301
v 0.04780045 -0.09778641 0.04341209
v 0.04554898 -0.09611947 0.04752935
v 0.04265803 -0.09435570 0.05150609
v 0.03904769 -0.09247559 0.05533400
v 0.03463800 -0.09043220 0.05900364
v 0.03929200 -0.09811660 -0.04240210
v 0.04399911 -0.09905237 -0.03713814
v 0.04785297 -0.09988839 -0.03193014
v 0.05093891 -0.10066571 -0.02679275
v 0.05334224 -0.10139361 -0.02172847
v 0.05514829 -0.10206198 -0.01673267
v 0.05644239 -0.10264950 -0.01179697
v 0.05730986 -0.10312872 -0.00691162
v 0.05783604 -0.10346900 -0.00206697
v 0.05810623 -0.10363777 0.00274560
v 0.05820578 -0.10360230 0.00753264
v 0.05822000 -0.10333001 0.01229852
v 0.05820578 -0.10279921 0.01704135
v 0.05810623 -0.10203302 0.02174169
v 0.05783604 -0.10106455 0.02637812
v 0.05730986 -0.09992598 0.03093168
v 0.05644239 -0.09864836 0.03538589
v 0.05514829 -0.09725977 0.03972690
v 0.05334224 -0.09578421 0.04394328
v 0.05093891 -0.09423883 0.04802574
v 0.04785297 -0.09262939 0.05196663
v 0.04399911 -0.09094304 0.05575901
v 0.03929200 -0.08913789 0.05939510
v 0.04394600 -0.09643127 -0.04183854
v 0.04895054 -0.09716004 -0.03646995
v 0.05304791 -0.09784519 -0.03118490
v 0.05632884 -0.09851729 -0.02599483
v 0.05888403 -0.09916680 -0.02089294
v 0.06080420 -0.09972674 -0.01584304
v 0.06218007 -0.10020046 -0.01086332
v 0.06310235 -0.10058637 -0.00595921
v 0.06366177 -0.10086480 -0.00112156
v 0.06394904 -0.10100399 0.00366421
v 0.06405488 -0.10096503 0.00841266
v 0.06407000 -0.10070574 0.01313536
v 0.06405488 -0.10019786 0.01783431
v 0.06394904 -0.09947085 0.02248882
v 0.06366177 -0.09856689 0.02707696
v 0.06310235 -0.09752372 0.03158146
v 0.06218007 -0.09637096 0.03598889
v 0.06080420 -0.09512560 0.04028788
v 0.05888403 -0.09378682 0.04446590
v 0.05632884 -0.09234888 0.04850689
v 0.05304791 -0.09087117 0.05240460
v 0.04895054 -0.08935751 0.05615421
v 0.04394600 -0.08777418 0.05974980
v 0.04860000 -0.09470011 -0.04116534
v 0.05390197 -0.09525136 -0.03569654
v 0.05824285 -0.09581795 -0.03033941
v 0.06171877 -0.09629960 -0.02501357
v 0.06442582 -0.09667705 -0.01974504
v 0.06646011 -0.09700690 -0.01459719
v 0.06791775 -0.09730953 -0.00958377
v 0.06889485 -0.09757792 -0.00469239
v 0.06948751 -0.09778519 0.00010081
v 0.06979186 -0.09789110 0.00482222
v 0.06990398 -0.09784736 0.00949554
v 0.06992000 -0.09760190 0.01413913
v 0.06990398 -0.09711970 0.01875856
v 0.06979186 -0.09643673 0.02333238
v 0.06948751 -0.09560456 0.02783867
v 0.06889485 -0.09466954 0.03226207
v 0.06791775 -0.09366876 0.03659271
v 0.06646011 -0.09262517 0.04082411
v 0.06442582 -0.09154192 0.04494964
v 0.06171877 -0.09039590 0.04895717
v 0.05824285 -0.08913058 0.05282112
v 0.05390197 -0.08776084 0.05652109
v 0.04860000 -0.08637417 0.06006928
v 0.05325400 -0.09296071 -0.04038890
v 0.05885340 -0.09336586 -0.03481862
v 0.06343780 -0.09361610 -0.02920320
v 0.06710870 -0.09372172 -0.02363143
v 0.06996760 -0.09378944 -0.01822590
v 0.07211601 -0.09387534 -0.01302455
v 0.07365542 -0.09399619 -0.00801909
v 0.07468734 -0.09413911 -0.00317899
v 0.07531325 -0.09426971 0.00153406
v 0.07563467 -0.09433903 0.00615760
v 0.07575308 -0.09428923 0.01072377
v 0.07577000 -0.09405819 0.01525697
v 0.07575308 -0.09360401 0.01976598
v 0.07563467 -0.09296928 0.02422904
v 0.07531325 -0.09221514 0.02862486
v 0.07468734 -0.09139671 0.03294046
v 0.07365542 -0.09055882 0.03716980
v 0.07211601 -0.08973071 0.04131143
v 0.06996760 -0.08891993 0.04536463
v 0.06710870 -0.08810535 0.04932378
v 0.06343780 -0.08722922 0.05317004
v 0.05885340 -0.08618834 0.05685954
v 0.05325400 -0.08497079 0.06035519
v 0.05790800 -0.09125028 -0.03951579
v 0.06380482 -0.09129427 -0.03362053
v 0.06863274 -0.09108226 -0.02767059
v 0.07249863 -0.09079324 -0.02190288
v 0.07550939 -0.09053668 -0.01640911
v 0.07777192 -0.09036732 -0.01119945
v 0.07939310 -0.09029769 -0.00624259
v 0.08047983 -0.09030861 -0.00148985
v 0.08113899 -0.09035790 0.00311084
v 0.08147748 -0.09038773 0.00760727
v 0.08160218 -0.09033062 0.01203897
v 0.08162000 -0.09011435 0.01643541
v 0.08160218 -0.08969013 0.02080797
v 0.08147748 -0.08910718 0.02513518
v 0.08113899 -0.08843626 0.02939704
v 0.08047983 -0.08774141 0.03358339
v 0.07939310 -0.08707536 0.03769227
v 0.07777192 -0.08647394 0.04172727
v 0.07550939 -0.08594959 0.04569341
v 0.07249863 -0.08548379 0.04959130
v 0.06863274 -0.08501837 0.05340866
v 0.06380482 -0.08444556 0.05710812
v 0.05790800 -0.08359683 0.06060922
v -0.11740388 -0.08700034 0.00049031
v -0.12270343 -0.08199702 0.00283773
v -0.12706749 -0.07743179 0.00498428
v -0.13057456 -0.07351486 0.00680451
v -0.13331251 -0.07032086 0.00828600
v -0.13537374 -0.06784051 0.00946879
v -0.13685300 -0.06601437 0.01041070
v -0.13784633 -0.06475397 0.01116968
v -0.13845050 -0.06395471 0.01179657
v -0.13876266 -0.06350347 0.01233365
v -0.13888014 -0.06328310 0.01281574
v -0.13890032 -0.06317506 0.01327198
v -0.13888813 -0.06310023 0.01371986
v -0.13877870 -0.06313692 0.01414606
v -0.13847482 -0.06340157 0.01453220
v -0.13787940 -0.06400785 0.01486134
v -0.13689563 -0.06506415 0.01511579
v -0.13542710 -0.06666932 0.01527524
v -0.13337808 -0.06890547 0.01531679
v -0.13065391 -0.07182589 0.01521969
v -0.12716169 -0.07543531 0.01497871
v -0.12281144 -0.07965867 0.01463187
v -0.11751822 -0.08429346 0.01430973
v -0.11286211 -0.09073931 -0.00403461
v -0.11783154 -0.08667376 -0.00164419
v -0.12193347 -0.08284770 0.00068106
v -0.12523455 -0.07949490 0.00276628
v -0.12781414 -0.07671753 0.00455858
v -0.12975766 -0.07453278 0.00606878
v -0.13115356 -0.07290446 0.00733631
v -0.13209197 -0.07176379 0.00840985
v -0.13266387 -0.07102266 0.00933764
v -0.13296075 -0.07058220 0.01016355
v -0.13307431 -0.07033810 0.01092605
v -0.13309628 -0.07018410 0.01165829
v -0.13308784 -0.07004912 0.01238025
v -0.13298789 -0.07000328 0.01307713
v -0.13270484 -0.07015032 0.01372944
v -0.13214726 -0.07059033 0.01432146
v -0.13122399 -0.07141653 0.01484048
v -0.12984432 -0.07271024 0.01527661
v -0.12791827 -0.07453310 0.01562455
v -0.12535688 -0.07691493 0.01588945
v -0.12207288 -0.07983511 0.01610026
v -0.11798152 -0.08319431 0.01633501
v -0.11300190 -0.08677287 0.01676408
v -0.10838349 -0.09372423 -0.00713723
v -0.11300818 -0.09062006 -0.00498505
v -0.11683848 -0.08757280 -0.00273859
v -0.11992739 -0.08482957 -0.00061432
v -0.12234450 -0.08251376 0.00129735
v -0.12416748 -0.08066519 0.00297734
v -0.12547806 -0.07926907 0.00444361
v -0.12636014 -0.07827585 0.00573084
v -0.12689876 -0.07761459 0.00687916
v -0.12717957 -0.07720191 0.00792828
v -0.12728851 -0.07694801 0.00891478
v -0.12731165 -0.07676056 0.00987092
v -0.12730634 -0.07657772 0.01081615
v -0.12721526 -0.07646045 0.01173615
v -0.12695246 -0.07649869 0.01261266
v -0.12643214 -0.07677826 0.01343244
v -0.12556878 -0.07737718 0.01418764
v -0.12427731 -0.07836023 0.01487699
v -0.12247331 -0.07977081 0.01550896
v -0.12007341 -0.08161906 0.01610852
v -0.11699566 -0.08386440 0.01673036
v -0.11316012 -0.08639009 0.01748220
v -0.10848952 -0.08896673 0.01856301
v -0.10397787 -0.09595735 -0.00950086
v -0.10824753 -0.09380852 -0.00771448
v -0.11179366 -0.09155834 -0.00567192
v -0.11466221 -0.08945189 -0.00362173
v -0.11691150 -0.08762693 -0.00168682
v -0.11861042 -0.08614187 0.00008594
v -0.11983332 -0.08500112 0.00169286
v -0.12065746 -0.08417353 0.00315281
v -0.12116167 -0.08360541 0.00449485
v -0.12142559 -0.08322963 0.00575103
v -0.12152929 -0.08297191 0.00695234
v -0.12155300 -0.08275505 0.00812650
v -0.12155023 -0.08252723 0.00929016
v -0.12146745 -0.08233961 0.01043132
v -0.12122438 -0.08226737 0.01153543
v -0.12074087 -0.08238145 0.01259362
v -0.11993699 -0.08274458 0.01360398
v -0.11873320 -0.08340560 0.01457379
v -0.11705056 -0.08439129 0.01552364
v -0.11481097 -0.08569502 0.01649481
v -0.11193742 -0.08726051 0.01756211
v -0.10835421 -0.08895915 0.01885516
v -0.10398334 -0.09055996 0.02059248
v -0.09934951 -0.09788790 -0.01148491
v -0.10354169 -0.09619263 -0.00975481
v -0.10682261 -0.09471270 -0.00799916
v -0.10945909 -0.09325239 -0.00610794
v -0.11153248 -0.09193411 -0.00422390
v -0.11310180 -0.09082990 -0.00241883
v -0.11423317 -0.08996058 -0.00071747
v -0.11499666 -0.08931209 0.00088226
v -0.11546447 -0.08884761 0.00239630
v -0.11570996 -0.08851649 0.00384637
v -0.11580708 -0.08826059 0.00525493
v -0.11583010 -0.08801859 0.00664232
v -0.11582858 -0.08774916 0.00802049
v -0.11575283 -0.08749321 0.00938128
v -0.11552827 -0.08731068 0.01071588
v -0.11508037 -0.08725731 0.01202139
v -0.11433473 -0.08738071 0.01330274
v -0.11321723 -0.08771456 0.01457565
v -0.11165419 -0.08827071 0.01587141
v -0.10957247 -0.08902841 0.01724454
v -0.10689955 -0.08991957 0.01878505
v -0.10354734 -0.09082015 0.02063660
v -0.09935757 -0.09186264 0.02275470
v -0.09472888 -0.09969203 -0.01341532
v -0.09861848 -0.09829339 -0.01148747
v -0.10180713 -0.09710313 -0.00965029
v -0.10434798 -0.09612698 -0.00788811
v -0.10623425 -0.09531522 -0.00611290
v -0.10766562 -0.09459780 -0.00432474
v -0.10869933 -0.09400817 -0.00256803
v -0.10939757 -0.09354727 -0.00085777
v -0.10982538 -0.09319421 0.00080757
v -0.11004945 -0.09291453 0.00243740
v -0.11013731 -0.09266628 0.00404348
v -0.11015705 -0.09240424 0.00563657
v -0.11015415 -0.09209779 0.00722247
v -0.11008280 -0.09177744 0.00879798
v -0.10987416 -0.09148770 0.01036163
v -0.10945928 -0.09126923 0.01191766
v -0.10876919 -0.09115491 0.01347839
v -0.10773501 -0.09116424 0.01506771
v -0.10628806 -0.09129584 0.01672619
v -0.10435984 -0.09151739 0.01851875
v -0.10181345 -0.09186095 0.02048933
v -0.09862665 -0.09238636 0.02258496
v -0.09473876 -0.09308723 0.02481625
v -0.09011630 -0.10135633 -0.01530552
v -0.09370404 -0.10026395 -0.01319606
v -0.09664510 -0.09932777 -0.01117179
v -0.09900245 -0.09855152 -0.00921885
v -0.10083980 -0.09792605 -0.00732259
v -0.10222137 -0.09743357 -0.00546874
v -0.10321177 -0.09705055 -0.00364438
v -0.10387593 -0.09674976 -0.00183858
v -0.10427012 -0.09650541 -0.00004222
v -0.10446740 -0.09628219 0.00175112
v -0.10454102 -0.09604707 0.00354165
v -0.10455259 -0.09577061 0.00532894
v -0.10454343 -0.09543267 0.00711168
v -0.10447164 -0.09505353 0.00889242
v -0.10427414 -0.09466251 0.01067804
v -0.10387870 -0.09429036 0.01248110
v -0.10321539 -0.09396828 0.01431411
v -0.10222596 -0.09371990 0.01619052
v -0.10084554 -0.09356862 0.01812650
v -0.09900950 -0.09353369 0.02013902
v -0.09665354 -0.09362842 0.02224471
v -0.09371380 -0.09385760 0.02445865
v -0.09012697 -0.09421390 0.02679270
v -0.08551211 -0.10286683 -0.01716023
v -0.08879879 -0.10208554 -0.01488277
v -0.09149288 -0.10141072 -0.01268281
v -0.09365220 -0.10084888 -0.01054797
v -0.09533514 -0.10039464 -0.00846513
v -0.09660058 -0.10003436 -0.00642149
v -0.09750775 -0.09974864 -0.00440541
v -0.09811610 -0.09951433 -0.00240709
v -0.09848529 -0.09930580 -0.00041900
v -0.09867507 -0.09909609 0.00156387
v -0.09874526 -0.09885761 0.00354383
v -0.09875570 -0.09856275 0.00552040
v -0.09874629 -0.09819330 0.00749169
v -0.09867712 -0.09776742 0.00946008
v -0.09848836 -0.09731199 0.01143150
v -0.09812021 -0.09685310 0.01341443
v -0.09751291 -0.09641556 0.01541967
v -0.09660685 -0.09602216 0.01746001
v -0.09534254 -0.09569272 0.01954968
v -0.09366072 -0.09544291 0.02170364
v -0.09150240 -0.09528254 0.02393667
v -0.08880898 -0.09521336 0.02626222
v -0.08552229 -0.09522601 0.02869097
v -0.08091666 -0.10420949 -0.01897988
v -0.08390318 -0.10373937 -0.01654629
v -0.08635104 -0.10332884 -0.01418079
v -0.08831287 -0.10298600 -0.01187266
v -0.08984183 -0.10270830 -0.00961047
v -0.09099146 -0.10248550 -0.00738307
v -0.09181559 -0.10230195 -0.00518037
v -0.09236827 -0.10213826 -0.00299388
v -0.09270369 -0.10197267 -0.00081711
v -0.09287616 -0.10178203 0.00135414
v -0.09294002 -0.10154255 0.00352168
v -0.09294963 -0.10123046 0.00568485
v -0.09294125 -0.10083011 0.00784162
v -0.09287861 -0.10035723 0.00999353
v -0.09270735 -0.09983507 0.01214524
v -0.09237309 -0.09928624 0.01430368
v -0.09182155 -0.09873208 0.01647791
v -0.09099850 -0.09819201 0.01867873
v -0.08984985 -0.09768261 0.02091831
v -0.08832169 -0.09721643 0.02320950
v -0.08636034 -0.09680059 0.02556508
v -0.08391240 -0.09643479 0.02799671
v -0.08092487 -0.09610881 0.03051374
v -0.07633030 -0.10537052 -0.02076267
v -0.07901772 -0.10520692 -0.01818348
v -0.08122018 -0.10505926 -0.01566174
v -0.08298519 -0.10493621 -0.01318844
v -0.08436066 -0.10483715 -0.01075397
v -0.08539483 -0.10475459 -0.00834901
v -0.08613617 -0.10467612 -0.00596512
v -0.08663332 -0.10458588 -0.00359528
v -0.08693505 -0.10446577 -0.00123420
v -0.08709021 -0.10429642 0.00112139
v -0.08714768 -0.10405785 0.00347269
v -0.08715639 -0.10373015 0.00581871
v -0.08714892 -0.10330027 0.00815723
v -0.08709267 -0.10278148 0.01048895
v -0.08693870 -0.10219343 0.01281726
v -0.08663810 -0.10155520 0.01514754
v -0.08614198 -0.10088480 0.01748704
v -0.08540152 -0.10019849 0.01984459
v -0.08436802 -0.09950990 0.02223020
v -0.08299288 -0.09882905 0.02465455
v -0.08122770 -0.09816099 0.02712832
v -0.07902433 -0.09750425 0.02966131
v -0.07633486 -0.09684881 0.03226140
v -0.07175338 -0.10633649 -0.02250555
v -0.07414290 -0.10647010 -0.01979027
v -0.07610095 -0.10657956 -0.01712091
v -0.07766992 -0.10667326 -0.01449025
v -0.07889251 -0.10675170 -0.01189059
v -0.07981167 -0.10680954 -0.00931448
v -0.08047052 -0.10683711 -0.00675525
v -0.08091233 -0.10682176 -0.00420742
v -0.08118045 -0.10674882 -0.00166704
v -0.08131831 -0.10660253 0.00086816
v -0.08136935 -0.10636666 0.00339867
v -0.08137704 -0.10602508 0.00592309
v -0.08137036 -0.10556728 0.00843894
v -0.08132032 -0.10500415 0.01094608
v -0.08118341 -0.10435177 0.01344665
v -0.08091614 -0.10362586 0.01594449
v -0.08047504 -0.10284125 0.01844506
v -0.07981668 -0.10201127 0.02095518
v -0.07889769 -0.10114699 0.02348272
v -0.07767481 -0.10025634 0.02603617
v -0.07610490 -0.09934299 0.02862404
v -0.07414502 -0.09840504 0.03125423
v -0.07175238 -0.09743346 0.03393307
v -0.06718614 -0.10709442 -0.02420484
v -0.06927919 -0.10751130 -0.02136211
v -0.07099400 -0.10786785 -0.01855325
v -0.07236787 -0.10817140 -0.01577285
v -0.07343832 -0.10842297 -0.01301513
v -0.07424302 -0.10861873 -0.01027456
v -0.07481977 -0.10875132 -0.00754627
v -0.07520648 -0.10881087 -0.00482641
v -0.07544112 -0.10878588 -0.00211237
v -0.07556170 -0.10866397 0.00059703
v -0.07560625 -0.10843246 0.00330150
v -0.07561281 -0.10807881 0.00599916
v -0.07560675 -0.10759497 0.00868720
v -0.07556268 -0.10698954 0.01136468
v -0.07544253 -0.10627523 0.01403250
v -0.07520821 -0.10546459 0.01669301
v -0.07482164 -0.10456947 0.01934990
v -0.07424475 -0.10360061 0.02200802
v -0.07343953 -0.10256688 0.02467311
v -0.07236801 -0.10147460 0.02735148
v -0.07099233 -0.10032660 0.03004952
v -0.06927471 -0.09912119 0.03277316
v -0.06717753 -0.09785098 0.03552716
v -0.06262871 -0.10763181 -0.02585655
v -0.06442689 -0.10831348 -0.02289432
v -0.06589984 -0.10890279 -0.01995367
v -0.06707976 -0.10940551 -0.01703100
v -0.06799897 -0.10982256 -0.01412245
v -0.06868989 -0.11015113 -0.01122440
v -0.06918504 -0.11038567 -0.00833379
v -0.06951698 -0.11051869 -0.00544838
v -0.06971831 -0.11054150 -0.00256695
v -0.06982165 -0.11044481 0.00031057
v -0.06985965 -0.11021915 0.00318305
v -0.06986494 -0.10985535 0.00604809
v -0.06985930 -0.10934762 0.00890252
v -0.06982094 -0.10870244 0.01174458
v -0.06971718 -0.10792943 0.01457400
v -0.06951533 -0.10703822 0.01739167
v -0.06918268 -0.10603805 0.02019958
v -0.06868653 -0.10493735 0.02300066
v -0.06799418 -0.10374320 0.02579862
v -0.06707298 -0.10246073 0.02859761
v -0.06589030 -0.10109243 0.03140194
v -0.06441358 -0.09963734 0.03421560
v -0.06261034 -0.09809017 0.03704174
v -0.05808103 -0.10793662 -0.02745663
v -0.05958615 -0.10886016 -0.02438224
v -0.06081882 -0.10966371 -0.02131718
v -0.06180610 -0.11035111 -0.01825961
v -0.06257514 -0.11092274 -0.01520757
v -0.06315313 -0.11137634 -0.01215931
v -0.06356729 -0.11170771 -0.00911353
v -0.06384486 -0.11191131 -0.00606958
v -0.06401310 -0.11198084 -0.00302762
v -0.06409929 -0.11190966 0.00001131
v -0.06413068 -0.11169121 0.00304522
v -0.06413456 -0.11131924 0.00607115
v -0.06412911 -0.11079003 0.00908551
v -0.06409614 -0.11010814 0.01208575
v -0.06400834 -0.10928050 0.01507047
v -0.06383840 -0.10831416 0.01803920
v -0.06355896 -0.10721611 0.02099230
v -0.06314268 -0.10599286 0.02393088
v -0.06256217 -0.10465011 0.02685666
v -0.06179007 -0.10319220 0.02977178
v -0.06079903 -0.10162169 0.03267851
v -0.05956170 -0.09993868 0.03557896
v -0.05805077 -0.09814030 0.03847469
v -0.05354283 -0.10799725 -0.02900106
v -0.05475681 -0.10913536 -0.02582137
v -0.05575091 -0.11013049 -0.02263900
v -0.05654705 -0.11098434 -0.01945385
v -0.05716716 -0.11169644 -0.01626579
v -0.05763319 -0.11226466 -0.01307485
v -0.05796709 -0.11268569 -0.00988143
v -0.05819079 -0.11295549 -0.00668643
v -0.05832624 -0.11306967 -0.00349132
v -0.05839537 -0.11302380 -0.00029826
v -0.05842013 -0.11281369 0.00288991
v -0.05842244 -0.11243562 0.00606963
v -0.05841693 -0.11188755 0.00923685
v -0.05838899 -0.11117250 0.01238828
v -0.05831668 -0.11029510 0.01552145
v -0.05817800 -0.10926032 0.01863458
v -0.05795098 -0.10807330 0.02172651
v -0.05761358 -0.10673906 0.02479666
v -0.05714376 -0.10526230 0.02784490
v -0.05651944 -0.10364698 0.03087143
v -0.05571854 -0.10189599 0.03387662
v -0.05471898 -0.10001082 0.03686077
v -0.05349864 -0.09799104 0.03982386
v -0.04901351 -0.10780246 -0.03048597
v -0.04993832 -0.10912357 -0.02720739
v -0.05069565 -0.11028355 -0.02391461
v -0.05130223 -0.11128195 -0.02060918
v -0.05177474 -0.11211723 -0.01729269
v -0.05212989 -0.11278703 -0.01396686
v -0.05238434 -0.11328852 -0.01063369
v -0.05255474 -0.11361866 -0.00729553
v -0.05265774 -0.11377444 -0.00395515
v -0.05270997 -0.11375310 -0.00061574
v -0.05272807 -0.11355228 0.00271899
v -0.05272867 -0.11317018 0.00604486
v -0.05272287 -0.11260612 0.00935736
v -0.05269961 -0.11186192 0.01265244
v -0.05264227 -0.11094046 0.01592665
v -0.05253420 -0.10984515 0.01917700
v -0.05235874 -0.10857976 0.02240093
v -0.05209919 -0.10714832 0.02559628
v -0.05173882 -0.10555490 0.02876123
v -0.05126088 -0.10380341 0.03189422
v -0.05064859 -0.10189737 0.03499383
v -0.04988512 -0.09983967 0.03805865
v -0.04895364 -0.09763233 0.04108714
v -0.04437988 -0.10745701 -0.03190000
v -0.04503203 -0.10889437 -0.02852947
v -0.04556664 -0.11016656 -0.02513387
v -0.04599525 -0.11126870 -0.02171620
v -0.04632945 -0.11219622 -0.01827958
v -0.04658080 -0.11294492 -0.01482730
v -0.04676090 -0.11351104 -0.01136283
v -0.04688138 -0.11389131 -0.00788988
v -0.04695387 -0.11408301 -0.00441242
v -0.04699003 -0.11408403 -0.00093471
v -0.04700157 -0.11389291 0.00253871
v -0.04700018 -0.11350886 0.00600297
v -0.04699372 -0.11293191 0.00945304
v -0.04697440 -0.11216331 0.01288422
v -0.04693054 -0.11120508 0.01629222
v -0.04685045 -0.11005996 0.01967308
v -0.04672246 -0.10873128 0.02302313
v -0.04653485 -0.10722301 0.02633907
v -0.04627594 -0.10553968 0.02961789
v -0.04593403 -0.10368631 0.03285696
v -0.04549743 -0.10166838 0.03605396
v -0.04495445 -0.09949173 0.03920697
v -0.04429341 -0.09716253 0.04231439
v -0.03973822 -0.10709999 -0.03322837
v -0.04009321 -0.10864211 -0.02976530
v -0.04038424 -0.11000896 -0.02626750
v -0.04061749 -0.11119538 -0.02273929
v -0.04079919 -0.11219661 -0.01918515
v -0.04093555 -0.11300832 -0.01560966
v -0.04103282 -0.11362668 -0.01201754
v -0.04109725 -0.11404841 -0.00841367
v -0.04113513 -0.11427085 -0.00480307
v -0.04115276 -0.11429197 -0.00119094
v -0.04115646 -0.11411047 0.00241736
v -0.04115257 -0.11372573 0.00601631
v -0.04114534 -0.11313796 0.00960029
v -0.04113060 -0.11234833 0.01316402
v -0.04110209 -0.11135882 0.01670246
v -0.04105353 -0.11017212 0.02021074
v -0.04097867 -0.10879162 0.02368420
v -0.04087124 -0.10722136 0.02711835
v -0.04072500 -0.10546600 0.03050889
v -0.04053367 -0.10353077 0.03385173
v -0.04029102 -0.10142140 0.03714294
v -0.03999079 -0.09914406 0.04037880
v -0.03962674 -0.09670531 0.04355578
v -0.03509708 -0.10673379 -0.03447151
v -0.03515483 -0.10837677 -0.03091465
v -0.03520219 -0.10983484 -0.02731385
v -0.03524003 -0.11110263 -0.02367490
v -0.03526920 -0.11217517 -0.02000365
v -0.03529057 -0.11304800 -0.01630598
v -0.03530504 -0.11371723 -0.01258784
v -0.03531351 -0.11417955 -0.00885518
v -0.03531689 -0.11443233 -0.00511402
v -0.03531613 -0.11447363 -0.00137038
v -0.03531217 -0.11430224 0.00236968
v -0.03530598 -0.11391771 0.00610007
v -0.03529822 -0.11332040 0.00981473
v -0.03528834 -0.11251143 0.01350764
v -0.03527547 -0.11149274 0.01717284
v -0.03525874 -0.11026703 0.02080443
v -0.03523731 -0.10883772 0.02439656
v -0.03521034 -0.10720896 0.02794342
v -0.03517699 -0.10538555 0.03143929
v -0.03513644 -0.10337291 0.03487851
v -0.03508785 -0.10117703 0.03825549
v -0.03503039 -0.09880437 0.04156476
v -0.03496324 -0.09626186 0.04480092
v -0.03045645 -0.10636047 -0.03562950
v -0.03021687 -0.10809998 -0.03197813
v -0.03002049 -0.10964547 -0.02827432
v -0.02986283 -0.11099134 -0.02452537
v -0.02973942 -0.11213246 -0.02073849
v -0.02964580 -0.11306425 -0.01692084
v -0.02957750 -0.11378272 -0.01307948
v -0.02953007 -0.11428454 -0.00922137
v -0.02949906 -0.11456710 -0.00535339
v -0.02948005 -0.11462851 -0.00148228
v -0.02946862 -0.11446765 0.00238531
v -0.02946035 -0.11408420 0.00624287
v -0.02945233 -0.11347861 0.01008392
v -0.02944759 -0.11265202 0.01390165
v -0.02945066 -0.11160634 0.01768907
v -0.02946608 -0.11034428 0.02143913
v -0.02949841 -0.10886933 0.02514469
v -0.02955221 -0.10718573 0.02879856
v -0.02963203 -0.10529845 0.03239350
v -0.02974245 -0.10321309 0.03592227
v -0.02988805 -0.10093586 0.03937760
v -0.03007340 -0.09847354 0.04275226
v -0.03030306 -0.09583335 0.04603903
v -0.02581636 -0.10598201 -0.03670187
v -0.02527934 -0.10781336 -0.03295576
v -0.02483911 -0.10944209 -0.02914969
v -0.02448587 -0.11086242 -0.02529242
v -0.02420983 -0.11206907 -0.02139250
v -0.02400119 -0.11305734 -0.01745824
v -0.02385013 -0.11382319 -0.01349771
v -0.02374686 -0.11436324 -0.00951873
v -0.02368157 -0.11467486 -0.00552890
v -0.02364447 -0.11475619 -0.00153556
v -0.02362575 -0.11460619 0.00245418
v -0.02361563 -0.11422463 0.00643347
v -0.02360761 -0.11361205 0.01039551
v -0.02360831 -0.11276959 0.01433262
v -0.02362766 -0.11169916 0.01823675
v -0.02367558 -0.11040352 0.02209964
v -0.02376201 -0.10888622 0.02591284
v -0.02389689 -0.10715164 0.02966775
v -0.02409018 -0.10520485 0.03335563
v -0.02435181 -0.10305167 0.03696765
v -0.02469175 -0.10069853 0.04049487
v -0.02511994 -0.09815244 0.04392832
v -0.02564635 -0.09542091 0.04725899
v -0.02117684 -0.10560033 -0.03768770
v -0.02034225 -0.10751846 -0.03384711
v -0.01965806 -0.10922591 -0.02994020
v -0.01910914 -0.11071674 -0.02597723
v -0.01868040 -0.11198558 -0.02196795
v -0.01835670 -0.11302762 -0.01792167
v -0.01812290 -0.11383874 -0.01384728
v -0.01796384 -0.11441552 -0.00975331
v -0.01786436 -0.11475533 -0.00564790
v -0.01780930 -0.11485629 -0.00153885
v -0.01778349 -0.11471741 0.00256641
v -0.01777176 -0.11433851 0.00666080
v -0.01776401 -0.11372021 0.01073723
v -0.01777047 -0.11286366 0.01478717
v -0.01780644 -0.11177080 0.01880146
v -0.01788721 -0.11044444 0.02277067
v -0.01802811 -0.10888824 0.02668509
v -0.01824443 -0.10710666 0.03053475
v -0.01855149 -0.10510495 0.03430950
v -0.01896459 -0.10288908 0.03799895
v -0.01949904 -0.10046566 0.04159258
v -0.02017013 -0.09784193 0.04507967
v -0.02099321 -0.09502565 0.04844940
v -0.01653789 -0.10521728 -0.03858573
v -0.01540563 -0.10721680 -0.03465129
v -0.01447735 -0.10899811 -0.03064568
v -0.01373265 -0.11055519 -0.02658052
v -0.01315111 -0.11188257 -0.02246664
v -0.01271231 -0.11297540 -0.01831414
v -0.01239575 -0.11382947 -0.01413254
v -0.01218095 -0.11444133 -0.00993080
v -0.01204738 -0.11480829 -0.00571744
v -0.01197451 -0.11492848 -0.00150051
v -0.01194179 -0.11480090 0.00271236
v -0.01192868 -0.11442540 0.00691395
v -0.01192149 -0.11380264 0.01109692
v -0.01193403 -0.11293381 0.01525192
v -0.01198697 -0.11182090 0.01936875
v -0.01210098 -0.11046680 0.02343686
v -0.01229672 -0.10887525 0.02744539
v -0.01259486 -0.10705084 0.03138318
v -0.01301603 -0.10499895 0.03523875
v -0.01358086 -0.10272570 0.03900031
v -0.01430999 -0.10023787 0.04265580
v -0.01522407 -0.09754287 0.04619281
v -0.01634375 -0.09464864 0.04959863
v -0.01189957 -0.10483462 -0.03939440
v -0.01046950 -0.10690982 -0.03536711
v -0.00929699 -0.10875983 -0.03126555
v -0.00835638 -0.11037861 -0.02710262
v -0.00762196 -0.11176065 -0.02289000
v -0.00706799 -0.11290104 -0.01863833
v -0.00666866 -0.11379553 -0.01435746
v -0.00639815 -0.11444062 -0.01005656
v -0.00623057 -0.11483357 -0.00574423
v -0.00614003 -0.11497248 -0.00142862
v -0.00610060 -0.11485631 0.00288260
v -0.00608635 -0.11448491 0.00718216
v -0.00608000 -0.11385896 0.01146254
v -0.00609895 -0.11297969 0.01571359
v -0.00616923 -0.11184916 0.01992418
v -0.00631686 -0.11047037 0.02408281
v -0.00656785 -0.10884715 0.02817766
v -0.00694819 -0.10698422 0.03219654
v -0.00748381 -0.10488707 0.03612688
v -0.00820067 -0.10256195 0.03995569
v -0.00912469 -0.10001578 0.04366944
v -0.01028182 -0.09725608 0.04725407
v -0.01169806 -0.09429092 0.05069488
v -0.00726188 -0.10445406 -0.04011191
v -0.00553388 -0.10659894 -0.03599309
v -0.00411701 -0.10851221 -0.03179896
v -0.00298036 -0.11018787 -0.02754354
v -0.00209295 -0.11162041 -0.02323912
v -0.00142374 -0.11280491 -0.01889657
v -0.00094162 -0.11373710 -0.01452573
v -0.00061541 -0.11441340 -0.01013564
v -0.00041391 -0.11483104 -0.00573475
v -0.00030582 -0.11498805 -0.00133105
v -0.00025986 -0.11488334 0.00306788
v -0.00024471 -0.11451671 0.00745485
v -0.00023950 -0.11388881 0.01182216
v -0.00026519 -0.11300096 0.01615897
v -0.00035319 -0.11185532 0.02045337
v -0.00053485 -0.11045497 0.02469315
v -0.00084151 -0.10880388 0.02886576
v -0.00130444 -0.10690687 0.03295829
v -0.00195489 -0.10476955 0.03695735
v -0.00282407 -0.10239825 0.04084895
v -0.00394320 -0.09979998 0.04461830
v -0.00534348 -0.09698235 0.04824968
v -0.00705622 -0.09395348 0.05172626
v -0.00262486 -0.10407720 -0.04073628
v -0.00059879 -0.10628549 -0.03652756
v 0.00106257 -0.10825632 -0.03224482
v 0.00239540 -0.10998378 -0.02790306
v 0.00343592 -0.11146244 -0.02351484
v 0.00422045 -0.11268739 -0.01909092
v 0.00478541 -0.11365435 -0.01464074
v 0.00516729 -0.11435971 -0.01017287
v 0.00540265 -0.11480062 -0.00569525
v 0.00552815 -0.11497503 -0.00121548
v 0.00558046 -0.11488175 0.00325914
v 0.00559627 -0.11452051 0.00772156
v 0.00560005 -0.11389192 0.01216396
v 0.00556726 -0.11299737 0.01657495
v 0.00546117 -0.11183915 0.02094203
v 0.00524506 -0.11042047 0.02525255
v 0.00488232 -0.10874542 0.02949360
v 0.00433637 -0.10681890 0.03365189
v 0.00357071 -0.10464663 0.03771358
v 0.00254888 -0.10223500 0.04166395
v 0.00123444 -0.09959107 0.04548715
v -0.00040910 -0.09672244 0.04916581
v -0.00241829 -0.09363723 0.05268082
v 0.00201147 -0.10370558 -0.04126543
v 0.00433573 -0.10597077 -0.03696869
v 0.00624174 -0.10799321 -0.03260188
v 0.00777089 -0.10976716 -0.02818074
v 0.00896464 -0.11128733 -0.02371781
v 0.00986459 -0.11254888 -0.01922326
v 0.01051007 -0.11354753 -0.01470573
v 0.01092984 -0.11427782 -0.01017259
v 0.01118832 -0.11473772 -0.00563106
v 0.01132586 -0.11492677 -0.00108832
v 0.01138276 -0.11484396 0.00344874
v 0.01139936 -0.11448846 0.00797332
v 0.01140254 -0.11386042 0.01247761
v 0.01136521 -0.11296176 0.01694971
v 0.01124662 -0.11179539 0.02137676
v 0.01100582 -0.11036446 0.02574607
v 0.01060169 -0.10867167 0.03004515
v 0.00997420 -0.10672042 0.03426088
v 0.00909294 -0.10451857 0.03837904
v 0.00791814 -0.10207261 0.04238457
v 0.00640815 -0.09938959 0.04626077
v 0.00452126 -0.09647706 0.04998866
v 0.00221567 -0.09334304 0.05354660
v 0.00664708 -0.10334063 -0.04169720
v 0.00926966 -0.10565599 -0.03731458
v 0.01138260 -0.10771681 -0.03286821
v 0.01304277 -0.10948196 -0.02836946
v 0.01433837 -0.11096683 -0.02383194
v 0.01531479 -0.11218728 -0.01926722
v 0.01601759 -0.11315087 -0.01468435
v 0.01649241 -0.11385930 -0.01009073
v 0.01678500 -0.11431041 -0.00549282
v 0.01694113 -0.11449983 -0.00089662
v 0.01700657 -0.11442225 0.00369201
v 0.01702714 -0.11407242 0.00826721
v 0.01703333 -0.11344745 0.01282157
v 0.01699439 -0.11255231 0.01734227
v 0.01686409 -0.11139429 0.02181538
v 0.01659602 -0.10998062 0.02622735
v 0.01614360 -0.10831757 0.03056505
v 0.01546007 -0.10640924 0.03481582
v 0.01449852 -0.10425603 0.03896743
v 0.01321189 -0.10185298 0.04300795
v 0.01155294 -0.09918768 0.04692546
v 0.00944754 -0.09624689 0.05070449
v 0.00684560 -0.09307172 0.05431169
v 0.01125119 -0.10297865 -0.04202927
v 0.01407043 -0.10523513 -0.03755237
v 0.01638274 -0.10716122 -0.03301098
v 0.01823795 -0.10880336 -0.02842633
v 0.01968613 -0.11019037 -0.02381330
v 0.02077766 -0.11133774 -0.01918241
v 0.02156329 -0.11225114 -0.01454128
v 0.02209401 -0.11292926 -0.00989579
v 0.02242100 -0.11336620 -0.00525088
v 0.02259556 -0.11355328 -0.00061109
v 0.02266903 -0.11348057 0.00401899
v 0.02269278 -0.11313803 0.00863456
v 0.02270103 -0.11251954 0.01322874
v 0.02265930 -0.11163332 0.01778774
v 0.02251583 -0.11049134 0.02229655
v 0.02221872 -0.10910521 0.02674078
v 0.02171594 -0.10748507 0.03110672
v 0.02095534 -0.10563824 0.03538139
v 0.01988469 -0.10356752 0.03955248
v 0.01845167 -0.10126910 0.04360820
v 0.01660388 -0.09873022 0.04753698
v 0.01428880 -0.09592630 0.05132698
v 0.01145376 -0.09281782 0.05496534
v 0.01573710 -0.10241484 -0.04223805
v 0.01885468 -0.10447524 -0.03765172
v 0.02141296 -0.10623008 -0.03301398
v 0.02346621 -0.10772961 -0.02834625
v 0.02506928 -0.10900352 -0.02366259
v 0.02627764 -0.11006613 -0.01897207
v 0.02714727 -0.11092059 -0.01428057
v 0.02773457 -0.11156217 -0.00959210
v 0.02809622 -0.11198088 -0.00490975
v 0.02828911 -0.11216358 -0.00023641
v 0.02837018 -0.11209558 0.00442485
v 0.02839643 -0.11176191 0.00907045
v 0.02840585 -0.11115316 0.01369414
v 0.02836022 -0.11028084 0.01828117
v 0.02820222 -0.10916167 0.02281545
v 0.02787441 -0.10781172 0.02728175
v 0.02731930 -0.10624515 0.03166586
v 0.02647935 -0.10447275 0.03595454
v 0.02529701 -0.10250002 0.04013548
v 0.02371477 -0.10032490 0.04419715
v 0.02167510 -0.09793493 0.04812842
v 0.01912044 -0.09530392 0.05191803
v 0.01599312 -0.09238784 0.05555373
v 0.02024588 -0.10157040 -0.04231092
v 0.02366548 -0.10341122 -0.03761346
v 0.02647268 -0.10497723 -0.03288038
v 0.02872628 -0.10632120 -0.02813290
v 0.03048604 -0.10747247 -0.02338389
v 0.03181254 -0.10844327 -0.01864061
v 0.03276708 -0.10923355 -0.01390683
v 0.03341152 -0.10983476 -0.00918439
v 0.03380809 -0.11023268 -0.00447426
v 0.03401926 -0.11040967 0.00022260
v 0.03410764 -0.11034636 0.00490479
v 0.03413590 -0.11002298 0.00957016
v 0.03414579 -0.10942690 0.01421316
v 0.03409536 -0.10857281 0.01881811
v 0.03392169 -0.10748206 0.02336782
v 0.03356179 -0.10617501 0.02784630
v 0.03295266 -0.10466984 0.03223885
v 0.03203137 -0.10298092 0.03653204
v 0.03073505 -0.10111681 0.04071364
v 0.02900098 -0.09907777 0.04477246
v 0.02676659 -0.09685255 0.04869791
v 0.02396934 -0.09441437 0.05247944
v 0.02054668 -0.09171590 0.05610556
v 0.02477707 -0.10048402 -0.04225049
v 0.02850158 -0.10208980 -0.03744095
v 0.03155998 -0.10345714 -0.03261418
v 0.03401572 -0.10463965 -0.02779084
v 0.03593353 -0.10566485 -0.02298216
v 0.03737922 -0.10654173 -0.01819323
v 0.03841945 -0.10726634 -0.01342537
v 0.03912155 -0.10782595 -0.00867792
v 0.03955330 -0.10820209 -0.00394954
v 0.03978282 -0.10837278 0.00076098
v 0.03987837 -0.10831428 0.00545408
v 0.03990830 -0.10800237 0.01012917
v 0.03991817 -0.10742146 0.01478154
v 0.03986228 -0.10658912 0.01939456
v 0.03967206 -0.10553094 0.02394999
v 0.03927894 -0.10427132 0.02843110
v 0.03861440 -0.10283223 0.03282274
v 0.03761006 -0.10123166 0.03711135
v 0.03619775 -0.09948156 0.04128485
v 0.03430956 -0.09758518 0.04533244
v 0.03187785 -0.09553350 0.04924416
v 0.02883521 -0.09330052 0.05301028
v 0.02511429 -0.09083712 0.05662022
v 0.02932944 -0.09919423 -0.04206008
v 0.03336113 -0.10055789 -0.03713834
v 0.03667250 -0.10172481 -0.03222028
v 0.03933182 -0.10274730 -0.02732551
v 0.04140887 -0.10364933 -0.02246320
v 0.04297469 -0.10443536 -0.01763586
v 0.04410134 -0.10509675 -0.01284206
v 0.04486162 -0.10561630 -0.00807842
v 0.04532890 -0.10597135 -0.00334104
v 0.04557691 -0.10613596 0.00137360
v 0.04567960 -0.10608254 0.00606796
v 0.04571103 -0.10578301 0.01074311
v 0.04572058 -0.10521921 0.01539526
v 0.04565875 -0.10441120 0.02000692
v 0.04545131 -0.10338819 0.02455877
v 0.04502406 -0.10217809 0.02903338
v 0.04430294 -0.10080638 0.03341521
v 0.04321409 -0.09929458 0.03769059
v 0.04168401 -0.09765837 0.04184764
v 0.03963960 -0.09590472 0.04587600
v 0.03700820 -0.09402809 0.04976643
v 0.03371755 -0.09200485 0.05351011
v 0.02969561 -0.08978596 0.05709750
v 0.03390141 -0.09773943 -0.04174369
v 0.03824212 -0.09886253 -0.03671055
v 0.04180801 -0.09983553 -0.03170434
v 0.04467222 -0.10070701 -0.02674308
v 0.04690966 -0.10149530 -0.02183345
v 0.04859660 -0.10219887 -0.01697500
v 0.04981048 -0.10280357 -0.01216329
v 0.05062958 -0.10328747 -0.00739200
v 0.05113282 -0.10362391 -0.00265450
v 0.05139957 -0.10378355 0.00205517
v 0.05150948 -0.10373564 0.00674159
v 0.05154235 -0.10344912 0.01140763
v 0.05155139 -0.10290381 0.01605049
v 0.05148327 -0.10212168 0.02065181
v 0.05125807 -0.10113476 0.02519129
v 0.05079592 -0.09997375 0.02965079
v 0.05001715 -0.09866715 0.03401440
v 0.04884244 -0.09723991 0.03826838
v 0.04719292 -0.09571170 0.04240106
v 0.04499032 -0.09409413 0.04640259
v 0.04215699 -0.09238648 0.05026448
v 0.03861587 -0.09056945 0.05397891
v 0.03429027 -0.08859634 0.05753753
v 0.03849143 -0.09615782 -0.04130591
v 0.04314278 -0.09705068 -0.03616314
v 0.04696468 -0.09784472 -0.03107266
v 0.05003519 -0.09858188 -0.02605034
v 0.05243430 -0.09927251 -0.02109991
v 0.05424354 -0.09990749 -0.01621767
v 0.05554564 -0.10046624 -0.01139587
v 0.05642433 -0.10092188 -0.00662512
v 0.05696408 -0.10124408 -0.00189592
v 0.05724342 -0.10140300 0.00280029
v 0.05735758 -0.10136201 0.00747045
v 0.05739156 -0.10108882 0.01211895
v 0.05740052 -0.10056256 0.01674410
v 0.05732908 -0.09980601 0.02132654
v 0.05709188 -0.09885252 0.02584496
v 0.05659407 -0.09773754 0.03028131
v 0.05575661 -0.09649011 0.03461885
v 0.05449466 -0.09513841 0.03884377
v 0.05272402 -0.09370642 0.04294462
v 0.05036126 -0.09221132 0.04691208
v 0.04732377 -0.09065883 0.05073846
v 0.04352973 -0.08903621 0.05441704
v 0.03889791 -0.08730175 0.05794079
v 0.04309812 -0.09448735 -0.04075190
v 0.04806174 -0.09516918 -0.03550221
v 0.05214126 -0.09580775 -0.03033204
v 0.05541970 -0.09643508 -0.02525455
v 0.05794743 -0.09705720 -0.02026857
v 0.05981497 -0.09760847 -0.01533653
v 0.06116171 -0.09807084 -0.01047091
v 0.06207201 -0.09844403 -0.00567891
v 0.06263217 -0.09870981 -0.00095271
v 0.06292965 -0.09883789 0.00372140
v 0.06305250 -0.09879076 0.00835752
v 0.06308909 -0.09852757 0.01296711
v 0.06309839 -0.09802095 0.01755232
v 0.06302133 -0.09729995 0.02209255
v 0.06276934 -0.09640621 0.02656570
v 0.06225395 -0.09537713 0.03095421
v 0.06138694 -0.09424232 0.03524426
v 0.06008047 -0.09301918 0.03942412
v 0.05824723 -0.09170784 0.04348105
v 0.05575235 -0.09031443 0.04740470
v 0.05250837 -0.08889534 0.05118890
v 0.04845891 -0.08744686 0.05482521
v 0.04351828 -0.08593531 0.05830803
v 0.04772037 -0.09276565 -0.04008722
v 0.05299804 -0.09326467 -0.03473428
v 0.05732466 -0.09378386 -0.02949095
v 0.06069018 -0.09426760 -0.02429313
v 0.06332835 -0.09464123 -0.01914338
v 0.06532176 -0.09496229 -0.01410817
v 0.06675820 -0.09525275 -0.00920373
v 0.06772847 -0.09550721 -0.00441951
v 0.06832506 -0.09570035 0.00026704
v 0.06864142 -0.09579338 0.00488141
v 0.06877144 -0.09573940 0.00944686
v 0.06880925 -0.09548768 0.01398157
v 0.06881763 -0.09500412 0.01849128
v 0.06873380 -0.09432422 0.02295454
v 0.06846367 -0.09349894 0.02734926
v 0.06791333 -0.09257416 0.03165969
v 0.06698916 -0.09158684 0.03587546
v 0.06559796 -0.09056013 0.03998957
v 0.06364716 -0.08949787 0.04399497
v 0.06104500 -0.08837837 0.04787937
v 0.05770064 -0.08714761 0.05161768
v 0.05340339 -0.08584309 0.05520435
v 0.04815124 -0.08452997 0.05864025
v 0.05235745 -0.09103012 -0.03931778
v 0.05791550 -0.09139033 -0.03386623
v 0.06235517 -0.09165211 -0.02838714
v 0.06593635 -0.09176077 -0.02293814
v 0.06874044 -0.09182403 -0.01764604
v 0.07085729 -0.09190006 -0.01255223
v 0.07238141 -0.09200764 -0.00765093
v 0.07340996 -0.09213559 -0.00291336
v 0.07404155 -0.09225103 0.00169751
v 0.07437553 -0.09230632 0.00621840
v 0.07451161 -0.09224494 0.01068097
v 0.07454964 -0.09200602 0.01510945
v 0.07455616 -0.09154859 0.01951271
v 0.07446471 -0.09091475 0.02386902
v 0.07417568 -0.09016492 0.02815682
v 0.07358966 -0.08935373 0.03236269
v 0.07260758 -0.08852570 0.03648000
v 0.07113084 -0.08771008 0.04050662
v 0.06906153 -0.08691491 0.04444121
v 0.06630267 -0.08612016 0.04827771
v 0.06275843 -0.08527022 0.05199739
v 0.05833433 -0.08426560 0.05555749
v 0.05279685 -0.08311857 0.05893862
v 0.05700897 -0.08931790 -0.03844978
v 0.06270870 -0.08938508 -0.03270469
v 0.06741780 -0.08918533 -0.02688562
v 0.07121135 -0.08889792 -0.02123504
v 0.07417870 -0.08863513 -0.01584952
v 0.07641689 -0.08845444 -0.01074269
v 0.07802706 -0.08837052 -0.00588559
v 0.07911259 -0.08836581 -0.00123119
v 0.07977810 -0.08839945 0.00327146
v 0.08012879 -0.08841478 0.00766934
v 0.08027014 -0.08834547 0.01200152
v 0.08030766 -0.08812047 0.01629725
v 0.08031168 -0.08769183 0.02056802
v 0.08021204 -0.08710828 0.02479230
v 0.07990358 -0.08643986 0.02894980
v 0.07928141 -0.08575001 0.03302983
v 0.07824096 -0.08509106 0.03702977
v 0.07667819 -0.08449871 0.04095237
v 0.07448978 -0.08398563 0.04480187
v 0.07157341 -0.08353415 0.04857818
v 0.06782812 -0.08308779 0.05226877
v 0.06315462 -0.08254203 0.05583689
v 0.05745533 -0.08173402 0.05920450
v -0.17008000 0.00012000 0.01700000
v -0.17008000 0.00057637 0.01703265
v -0.17008000 0.00102679 0.01713017
v -0.17008000 0.00146536 0.01729130
v -0.17008000 0.00188636 0.01751392
v -0.17008000 0.00228429 0.01779512
v -0.17008000 0.00265396 0.01813125
v -0.17008000 0.00299053 0.01851789
v -0.17008000 0.00328962 0.01895002
v -0.17008000 0.00354731 0.01942198
v -0.17008000 0.00376024 0.01992760
v -0.17008000 0.00392562 0.02046030
v -0.17008000 0.00404131 0.02101310
v -0.17008000 0.00410578 0.02157879
v -0.17008000 0.00411820 0.02214998
v -0.17008000 0.00411680 0.02219995
v -0.17008000 0.00411500 0.02224990
v -0.17008000 0.00411280 0.02229982
v -0.17008000 0.00411020 0.02234971
v -0.17008000 0.00410721 0.02239957
v -0.17008000 0.00410381 0.02244939
v -0.17008000 0.00410002 0.02249917
v -0.17008000 0.00409582 0.02254889
v -0.17008000 0.00409123 0.02259856
v -0.17008000 0.00408625 0.02264817
v -0.17008000 0.00408086 0.02269772
v -0.17008000 0.00407508 0.02274719
v -0.17008000 0.00406891 0.02279659
v -0.17008000 0.00406234 0.02284591
v -0.17008000 0.00405537 0.02289515
v -0.17008000 0.00404802 0.02294429
v -0.17008000 0.00404027 0.02299335
v -0.17008000 0.00403212 0.02304230
v -0.17008000 0.00402359 0.02309115
v -0.17008000 0.00401467 0.02313989
v -0.17008000 0.00400535 0.02318851
v -0.17008000 0.00399565 0.02323702
v -0.17008000 0.00386349 0.02376168
v -0.17008000 0.00368603 0.02426502
v -0.17008000 0.00346541 0.02474095
v -0.17008000 0.00320431 0.02518371
v -0.17008000 0.00290587 0.02558794
v -0.17008000 0.00257373 0.02594874
v -0.17008000 0.00221188 0.02626176
v -0.17008000 0.00182472 0.02652319
v -0.17008000 0.00141693 0.02672989
v -0.17008000 0.00099344 0.02687934
v -0.17008000 0.00055938 0.02696974
v -0.17008000 0.00012000 0.02700000
v -0.16508000 0.00012000 0.00011871
v -0.16508000 0.00276730 0.00023544
v -0.16508000 0.00538002 0.00058410
v -0.16508000 0.00792405 0.00116014
v -0.16508000 0.01036616 0.00195603
v -0.16508000 0.01267445 0.00296139
v -0.16508000 0.01481878 0.00416307
v -0.16508000 0.01677115 0.00554540
v -0.16508000 0.01850605 0.00709031
v -0.16508000 0.02000083 0.00877762
v -0.16508000 0.02123597 0.01058531
v -0.16508000 0.02219533 0.01248976
v -0.16508000 0.02286639 0.01446610
v -0.16508000 0.02324038 0.01648852
v -0.16508000 0.02331242 0.01853061
v -0.16562711 0.02139918 0.01906530
v -0.16607504 0.01977804 0.01951821
v -0.16643372 0.01844717 0.01989776
v -0.16671306 0.01739102 0.02021357
v -0.16692298 0.01658505 0.02047569
v -0.16707339 0.01599895 0.02069403
v -0.16717421 0.01559879 0.02087796
v -0.16723537 0.01534846 0.02103618
v -0.16726678 0.01521064 0.02117649
v -0.16727835 0.01514741 0.02130578
v -0.16728000 0.01512069 0.02142993
v -0.16727835 0.01510511 0.02155245
v -0.16726678 0.01512580 0.02167099
v -0.16723537 0.01522020 0.02178268
v -0.16717421 0.01542517 0.02188567
v -0.16707339 0.01577656 0.02197913
v -0.16692298 0.01630862 0.02206325
v -0.16671306 0.01705306 0.02213923
v -0.16643372 0.01803768 0.02220922
v -0.16607504 0.01928433 0.02227625
v -0.16562711 0.02080582 0.02234408
v -0.16508000 0.02260154 0.02241694
v -0.16508000 0.02183494 0.02429268
v -0.16508000 0.02080554 0.02609220
v -0.16508000 0.01952579 0.02779371
v -0.16508000 0.01801119 0.02937663
v -0.16508000 0.01628007 0.03082180
v -0.16508000 0.01435336 0.03211173
v -0.16508000 0.01225440 0.03323080
v -0.16508000 0.01000859 0.03416548
v -0.16508000 0.00764310 0.03490445
v -0.16508000 0.00518656 0.03543876
v -0.16508000 0.00266870 0.03576196
v -0.16508000 0.00012000 0.03587013
v -0.16008000 0.00012000 -0.01243395
v -0.16008000 0.00428848 -0.01225566
v -0.16008000 0.00840253 -0.01172311
v -0.16008000 0.01240840 -0.01084326
v -0.16008000 0.01625379 -0.00962759
v -0.16008000 0.01988847 -0.00809199
v -0.16008000 0.02326498 -0.00625651
v -0.16008000 0.02633921 -0.00414513
v -0.16008000 0.02907102 -0.00178541
v -0.16008000 0.03142473 0.00079183
v -0.16008000 0.03336960 0.00355292
v -0.16008000 0.03488023 0.00646182
v -0.16008000 0.03593689 0.00948051
v -0.16008000 0.03652579 0.01256960
v -0.16008000 0.03663922 0.01568872
v -0.16117421 0.03419395 0.01650000
v -0.16207008 0.03210342 0.01719457
v -0.16278744 0.03028751 0.01779050
v -0.16334612 0.02872655 0.01829920
v -0.16376595 0.02747265 0.01872604
v -0.16406678 0.02653010 0.01908161
v -0.16426843 0.02587297 0.01937886
v -0.16439074 0.02545676 0.01963137
v -0.16445355 0.02522618 0.01985226
v -0.16447669 0.02512027 0.02005349
v -0.16448000 0.02507572 0.02024553
v -0.16447669 0.02504991 0.02043466
v -0.16445355 0.02508504 0.02061658
v -0.16439074 0.02524337 0.02078602
v -0.16426843 0.02558412 0.02093948
v -0.16406678 0.02616023 0.02107533
v -0.16376595 0.02701343 0.02119380
v -0.16334612 0.02816678 0.02129674
v -0.16278744 0.02961347 0.02138737
v -0.16207008 0.03130015 0.02146955
v -0.16117421 0.03324381 0.02154695
v -0.16008000 0.03551985 0.02162477
v -0.16008000 0.03431275 0.02448981
v -0.16008000 0.03269184 0.02723842
v -0.16008000 0.03067673 0.02983735
v -0.16008000 0.02829181 0.03225513
v -0.16008000 0.02556594 0.03446250
v -0.16008000 0.02253212 0.03643276
v -0.16008000 0.01922706 0.03814205
v -0.16008000 0.01569075 0.03956969
v -0.16008000 0.01196601 0.04069841
v -0.16008000 0.00809790 0.04151453
v -0.16008000 0.00413323 0.04200819
v -0.16008000 0.00012000 0.04217341
v -0.15508000 0.00012000 -0.02225386
v -0.15508000 0.00540938 -0.02202804
v -0.15508000 0.01062968 -0.02135350
v -0.15508000 0.01571273 -0.02023906
v -0.15508000 0.02059213 -0.01869928
v -0.15508000 0.02520417 -0.01675427
v -0.15508000 0.02948861 -0.01442942
v -0.15508000 0.03338949 -0.01175511
v -0.15508000 0.03685588 -0.00876625
v -0.15508000 0.03984249 -0.00550188
v -0.15508000 0.04231033 -0.00200463
v -0.15508000 0.04422717 0.00167982
v -0.15508000 0.04556797 0.00550335
v -0.15508000 0.04631521 0.00941603
v -0.15508000 0.04645915 0.01336676
v -0.15672132 0.04343858 0.01441541
v -0.15806512 0.04080739 0.01531939
v -0.15914116 0.03858832 0.01608847
v -0.15997917 0.03678442 0.01673552
v -0.16060893 0.03537965 0.01727575
v -0.16106017 0.03434113 0.01772594
v -0.16136264 0.03362243 0.01810344
v -0.16154612 0.03316717 0.01842536
v -0.16164033 0.03291236 0.01870789
v -0.16167504 0.03279124 0.01896582
v -0.16168000 0.03273548 0.01921215
v -0.16167504 0.03269928 0.01945476
v -0.16164033 0.03272801 0.01968804
v -0.16154612 0.03288884 0.01990487
v -0.16136264 0.03324665 0.02010023
v -0.16106017 0.03386186 0.02027124
v -0.16060893 0.03478769 0.02041724
v -0.15997917 0.03606697 0.02053973
v -0.15914116 0.03772881 0.02064215
v -0.15806512 0.03978552 0.02072965
v -0.15672132 0.04223067 0.02080849
v -0.15508000 0.04503879 0.02088545
v -0.15508000 0.04350710 0.02451436
v -0.15508000 0.04145033 0.02799580
v -0.15508000 0.03889336 0.03128764
v -0.15508000 0.03586714 0.03435004
v -0.15508000 0.03240829 0.03714593
v -0.15508000 0.02855868 0.03964149
v -0.15508000 0.02436490 0.04180651
v -0.15508000 0.01987769 0.04361478
v -0.15508000 0.01515137 0.04504443
v -0.15508000 0.01024313 0.04607815
v -0.15508000 0.00521238 0.04670342
v -0.15508000 0.00012000 0.04691269
v -0.15008000 0.00012000 -0.03060919
v -0.15008000 0.00633054 -0.03034326
v -0.15008000 0.01245997 -0.02954893
v -0.15008000 0.01842824 -0.02823659
v -0.15008000 0.02415740 -0.02642336
v -0.15008000 0.02957264 -0.02413294
v -0.15008000 0.03460322 -0.02139522
v -0.15008000 0.03918346 -0.01824598
v -0.15008000 0.04325352 -0.01472633
v -0.15008000 0.04676026 -0.01088225
v -0.15008000 0.04965788 -0.00676393
v -0.15008000 0.05190854 -0.00242517
v -0.15008000 0.05348284 0.00207738
v -0.15008000 0.05436022 0.00668490
v -0.15008000 0.05452922 0.01133724
v -0.15226843 0.05116143 0.01257673
v -0.15406017 0.04819191 0.01364981
v -0.15549488 0.04565644 0.01456678
v -0.15661223 0.04357265 0.01534083
v -0.15745190 0.04193528 0.01598825
v -0.15805355 0.04071647 0.01652771
v -0.15845686 0.03986889 0.01697926
v -0.15870149 0.03933028 0.01736314
v -0.15882711 0.03902827 0.01769885
v -0.15887339 0.03888460 0.01800436
v -0.15888000 0.03881844 0.01829561
v -0.15887339 0.03877549 0.01858228
v -0.15882711 0.03880953 0.01885743
v -0.15870149 0.03900004 0.01911218
v -0.15845686 0.03942304 0.01934022
v -0.15805355 0.04014791 0.01953791
v -0.15745190 0.04123325 0.01970430
v -0.15661223 0.04272236 0.01984104
v -0.15549488 0.04463901 0.01995209
v -0.15406017 0.04698457 0.02004310
v -0.15226843 0.04973816 0.02012066
v -0.15008000 0.05286150 0.02019117
v -0.15008000 0.05106307 0.02446453
v -0.15008000 0.04864810 0.02856423
v -0.15008000 0.04564583 0.03244066
v -0.15008000 0.04209259 0.03604690
v -0.15008000 0.03803138 0.03933932
v -0.15008000 0.03351135 0.04227806
v -0.15008000 0.02858720 0.04482756
v -0.15008000 0.02331854 0.04695696
v -0.15008000 0.01776912 0.04864050
v -0.15008000 0.01200610 0.04985779
v -0.15008000 0.00609923 0.05059411
v -0.15008000 0.00012000 0.05084054
v -0.14508000 0.00012000 -0.03792807
v -0.14508000 0.00711091 -0.03762733
v -0.14508000 0.01401052 -0.03672903
v -0.14508000 0.02072872 -0.03524492
v -0.14508000 0.02717778 -0.03319437
v -0.14508000 0.03327345 -0.03060415
v -0.14508000 0.03893615 -0.02750811
v -0.14508000 0.04409190 -0.02394667
v -0.14508000 0.04867338 -0.01996635
v -0.14508000 0.05262076 -0.01561912
v -0.14508000 0.05588247 -0.01096177
v -0.14508000 0.05841593 -0.00605512
v -0.14508000 0.06018805 -0.00096325
v -0.14508000 0.06117567 0.00424735
v -0.14508000 0.06136591 0.00950861
v -0.14781554 0.05772715 0.01092160
v -0.15005521 0.05452218 0.01214215
v -0.15184860 0.05177247 0.01318608
v -0.15324529 0.04949736 0.01406904
v -0.15429488 0.04769780 0.01480891
v -0.15504694 0.04635070 0.01542606
v -0.15555107 0.04540975 0.01594269
v -0.15585686 0.04480976 0.01638155
v -0.15601388 0.04447226 0.01676483
v -0.15607174 0.04431091 0.01711317
v -0.15608000 0.04423583 0.01744497
v -0.15607174 0.04418653 0.01777146
v -0.15601388 0.04422292 0.01808450
v -0.15585686 0.04443338 0.01837368
v -0.15555107 0.04490176 0.01863148
v -0.15504694 0.04570323 0.01885348
v -0.15429488 0.04689903 0.01903831
v -0.15324529 0.04853114 0.01918749
v -0.15184860 0.05061838 0.01930495
v -0.15005521 0.05315585 0.01939612
v -0.14781554 0.05612081 0.01946674
v -0.14508000 0.05948864 0.01952141
v -0.14508000 0.05746423 0.02435409
v -0.14508000 0.05474581 0.02899039
v -0.14508000 0.05136629 0.03337420
v -0.14508000 0.04736658 0.03745246
v -0.14508000 0.04279506 0.04117581
v -0.14508000 0.03770708 0.04449919
v -0.14508000 0.03216420 0.04738239
v -0.14508000 0.02623351 0.04979050
v -0.14508000 0.01998679 0.05169439
v -0.14508000 0.01349963 0.05307101
v -0.14508000 0.00685054 0.05390370
v -0.14508000 0.00012000 0.05418239
v -0.14008000 0.00012000 -0.04466530
v -0.14008000 0.00781064 -0.04433288
v -0.14008000 0.01540085 -0.04333998
v -0.14008000 0.02279149 -0.04169955
v -0.14008000 0.02988604 -0.03943303
v -0.14008000 0.03659184 -0.03657001
v -0.14008000 0.04282132 -0.03314788
v -0.14008000 0.04849312 -0.02921135
v -0.14008000 0.05353318 -0.02481181
v -0.14008000 0.05787565 -0.02000672
v -0.14008000 0.06146384 -0.01485885
v -0.14008000 0.06425087 -0.00943542
v -0.14008000 0.06620036 -0.00380726
v -0.14008000 0.06728684 0.00195213
v -0.14008000 0.06749612 0.00776752
v -0.14336264 0.06350044 0.00938766
v -0.14605025 0.06006339 0.01075270
v -0.14820231 0.05713643 0.01191466
v -0.14987835 0.05471595 0.01289619
v -0.15113785 0.05279686 0.01371880
v -0.15204033 0.05135571 0.01440535
v -0.15264529 0.05034595 0.01498023
v -0.15301223 0.04970021 0.01546852
v -0.15320066 0.04933571 0.01589475
v -0.15327008 0.04916030 0.01628186
v -0.15328000 0.04907750 0.01665044
v -0.15327008 0.04902227 0.01701304
v -0.15320066 0.04905903 0.01736047
v -0.15301223 0.04928263 0.01768087
v -0.15264529 0.04978259 0.01796559
v -0.15204033 0.05063815 0.01820933
v -0.15113785 0.05191248 0.01841010
v -0.14987835 0.05364761 0.01856893
v -0.14820231 0.05586249 0.01868909
v -0.14605025 0.05855790 0.01877489
v -0.14336264 0.06173311 0.01883001
v -0.14008000 0.06543095 0.01883489
v -0.14008000 0.06320391 0.02417656
v -0.14008000 0.06021340 0.02930117
v -0.14008000 0.05649563 0.03414669
v -0.14008000 0.05209557 0.03865447
v -0.14008000 0.04706648 0.04276998
v -0.14008000 0.04146923 0.04644339
v -0.14008000 0.03537156 0.04963025
v -0.14008000 0.02884726 0.05229199
v -0.14008000 0.02197529 0.05439640
v -0.14008000 0.01483882 0.05591801
v -0.14008000 0.00752421 0.05683840
v -0.14008000 0.00012000 0.05714644
v -0.13508000 0.00012000 -0.05129511
v -0.13508000 0.00847713 -0.05093253
v -0.13508000 0.01672512 -0.04984953
v -0.13508000 0.02475625 -0.04806024
v -0.13508000 0.03246563 -0.04558805
v -0.13508000 0.03975257 -0.04246523
v -0.13508000 0.04652192 -0.03873258
v -0.13508000 0.05268525 -0.03443883
v -0.13508000 0.05816209 -0.02964006
v -0.13508000 0.06288089 -0.02439896
v -0.13508000 0.06678004 -0.01878395
v -0.13508000 0.06980861 -0.01286839
v -0.13508000 0.07192704 -0.00672951
v -0.13508000 0.07310768 -0.00044751
v -0.13508000 0.07333510 0.00589558
v -0.13890975 0.06886268 0.00786142
v -0.14204529 0.06508076 0.00943777
v -0.14455603 0.06194834 0.01072083
v -0.14651140 0.05938580 0.01179831
v -0.14798083 0.05736212 0.01269898
v -0.14903372 0.05584339 0.01344991
v -0.14973950 0.05477838 0.01407840
v -0.15016760 0.05409618 0.01461199
v -0.15038744 0.05370999 0.01507752
v -0.15046843 0.05352290 0.01550007
v -0.15048000 0.05343330 0.01590223
v -0.15046843 0.05337260 0.01629780
v -0.15038744 0.05340871 0.01667657
v -0.15016760 0.05364158 0.01702529
v -0.14973950 0.05416530 0.01733415
v -0.14903372 0.05506298 0.01759684
v -0.14798083 0.05640109 0.01781050
v -0.14651140 0.05822608 0.01797520
v -0.14455603 0.06056689 0.01809286
v -0.14204529 0.06344926 0.01816562
v -0.13890975 0.06694583 0.01814380
v -0.13508000 0.07109095 0.01796723
v -0.13508000 0.06867091 0.02379362
v -0.13508000 0.06542124 0.02938324
v -0.13508000 0.06138127 0.03466845
v -0.13508000 0.05659989 0.03958529
v -0.13508000 0.05113497 0.04407424
v -0.13508000 0.04505265 0.04808098
v -0.13508000 0.03842654 0.05155703
v -0.13508000 0.03133683 0.05446030
v -0.13508000 0.02386932 0.05675567
v -0.13508000 0.01611438 0.05841535
v -0.13508000 0.00816588 0.05941927
v -0.13508000 0.00012000 0.05975526
v -0.13008000 0.00012000 -0.05772830
v -0.13008000 0.00910705 -0.05733716
v -0.13008000 0.01797673 -0.05616884
v -0.13008000 0.02661321 -0.05423861
v -0.13008000 0.03490368 -0.05157166
v -0.13008000 0.04273988 -0.04820284
v -0.13008000 0.05001946 -0.04417614
v -0.13008000 0.05664735 -0.03954414
v -0.13008000 0.06253700 -0.03436735
v -0.13008000 0.06761149 -0.02871336
v -0.13008000 0.07180453 -0.02265603
v -0.13008000 0.07506138 -0.01627445
v -0.13008000 0.07733949 -0.00965198
v -0.13008000 0.07860912 -0.00287510
v -0.13008000 0.07885368 0.00396768
v -0.13445686 0.07401628 0.00621605
v -0.13804033 0.06985519 0.00807495
v -0.14090975 0.06641274 0.00956512
v -0.14314446 0.06366430 0.01075142
v -0.14482380 0.06152322 0.01173052
v -0.14602711 0.05992564 0.01254410
v -0.14683372 0.05880797 0.01322370
v -0.14732298 0.05809225 0.01379991
v -0.14757421 0.05768646 0.01430205
v -0.14766678 0.05748886 0.01475742
v -0.14768000 0.05739309 0.01519055
v -0.14766678 0.05732740 0.01561649
v -0.14757421 0.05736283 0.01602401
v -0.14732298 0.05760400 0.01639845
v -0.14683372 0.05814969 0.01672873
v -0.14602711 0.05908805 0.01700739
v -0.14482380 0.06049233 0.01723035
v -0.14314446 0.06242087 0.01739617
v -0.14090975 0.06493154 0.01749721
v -0.13804033 0.06810377 0.01747626
v -0.13445686 0.07195573 0.01730473
v -0.13008000 0.07644038 0.01699029
v -0.13008000 0.07383793 0.02327566
v -0.13008000 0.07034331 0.02930562
v -0.13008000 0.06599883 0.03500718
v -0.13008000 0.06085706 0.04031135
v -0.13008000 0.05498022 0.04515393
v -0.13008000 0.04843945 0.04947631
v -0.13008000 0.04131389 0.05322618
v -0.13008000 0.03368979 0.05635816
v -0.13008000 0.02565942 0.05883436
v -0.13008000 0.01731996 0.06062478
v -0.13008000 0.00877234 0.06170778
v -0.13008000 0.00012000 0.06207025
v -0.12508000 0.00012000 -0.06377881
v -0.12508000 0.00969024 -0.06336101
v -0.12508000 0.01913550 -0.06211308
v -0.12508000 0.02833242 -0.06005131
v -0.12508000 0.03716088 -0.05720262
v -0.12508000 0.04550558 -0.05360423
v -0.12508000 0.05325756 -0.04930312
v -0.12508000 0.06031555 -0.04435547
v -0.12508000 0.06658739 -0.03882589
v -0.12508000 0.07199117 -0.03278661
v -0.12508000 0.07645632 -0.02631649
v -0.12508000 0.07992451 -0.01950004
v -0.12508000 0.08235045 -0.01242627
v -0.12508000 0.08370247 -0.00518757
v -0.12508000 0.08396290 0.00212152
v -0.13000397 0.07890707 0.00453791
v -0.13403537 0.07445798 0.00662113
v -0.13726347 0.07072397 0.00833242
v -0.13977752 0.06772136 0.00970336
v -0.14166678 0.06541047 0.01079348
v -0.14302050 0.06371435 0.01167227
v -0.14392793 0.06253561 0.01240265
v -0.14447835 0.06178301 0.01302022
v -0.14476099 0.06135650 0.01355727
v -0.14486512 0.06114831 0.01404352
v -0.14488000 0.06104672 0.01450561
v -0.14486512 0.06097654 0.01495987
v -0.14476099 0.06101224 0.01539402
v -0.14447835 0.06126367 0.01579186
v -0.14392793 0.06183553 0.01614094
v -0.14302050 0.06282370 0.01643236
v -0.14166678 0.06431432 0.01665951
v -0.13977752 0.06639853 0.01679424
v -0.13726347 0.06914644 0.01680522
v -0.13403537 0.07259096 0.01667107
v -0.13000397 0.07671014 0.01639352
v -0.12508000 0.08139299 0.01603157
v -0.12508000 0.07862166 0.02274527
v -0.12508000 0.07490028 0.02918615
v -0.12508000 0.07027387 0.03527625
v -0.12508000 0.06479843 0.04094188
v -0.12508000 0.05854024 0.04611446
v -0.12508000 0.05157501 0.05073139
v -0.12508000 0.04398706 0.05473681
v -0.12508000 0.03586822 0.05808222
v -0.12508000 0.02731673 0.06072716
v -0.12508000 0.01843610 0.06263960
v -0.12508000 0.00933381 0.06379640
v -0.12508000 0.00012000 0.06418356
v -0.12008000 0.00012000 -0.06926058
v -0.12008000 0.01021655 -0.06881834
v -0.12008000 0.02018125 -0.06749740
v -0.12008000 0.02988394 -0.06531502
v -0.12008000 0.03919792 -0.06229969
v -0.12008000 0.04800154 -0.05849080
v -0.12008000 0.05617983 -0.05393808
v -0.12008000 0.06362597 -0.04870100
v -0.12008000 0.07024273 -0.04284796
v -0.12008000 0.07594369 -0.03645539
v -0.12008000 0.08065439 -0.02960678
v -0.12008000 0.08431331 -0.02239157
v -0.12008000 0.08687267 -0.01490400
v -0.12008000 0.08829904 -0.00724185
v -0.12008000 0.08857379 0.00049481
v -0.12555107 0.08347222 0.00292395
v -0.13003041 0.07884346 0.00514659
v -0.13361719 0.07488567 0.00703438
v -0.13641058 0.07166550 0.00857473
v -0.13850975 0.06916860 0.00980878
v -0.14001388 0.06733227 0.01079587
v -0.14102215 0.06606599 0.01159546
v -0.14163372 0.06526378 0.01225971
v -0.14194777 0.06481154 0.01283199
v -0.14206347 0.06459138 0.01334800
v -0.14208000 0.06448404 0.01383761
v -0.14206347 0.06440992 0.01431871
v -0.14194777 0.06444786 0.01477771
v -0.14163372 0.06471512 0.01519593
v -0.14102215 0.06532631 0.01555620
v -0.14001388 0.06639095 0.01584073
v -0.13850975 0.06800935 0.01602916
v -0.13641058 0.07026550 0.01609869
v -0.13361719 0.07321516 0.01602899
v -0.13003041 0.07686630 0.01581604
v -0.12555107 0.08114799 0.01550056
v -0.12008000 0.08586256 0.01521858
v -0.12008000 0.08293882 0.02232502
v -0.12008000 0.07901277 0.02914267
v -0.12008000 0.07413194 0.03558903
v -0.12008000 0.06835539 0.04158609
v -0.12008000 0.06175302 0.04706126
v -0.12008000 0.05440475 0.05194828
v -0.12008000 0.04639951 0.05618800
v -0.12008000 0.03783417 0.05972912
v -0.12008000 0.02881240 0.06252878
v -0.12008000 0.01944339 0.06455309
v -0.12008000 0.00984051 0.06577756
v -0.12008000 0.00012000 0.06618737
v -0.11536947 0.00012000 -0.07373773
v -0.11536947 0.01032230 -0.07330333
v -0.11536947 0.02039957 -0.07200544
v -0.11536947 0.03022833 -0.06985997
v -0.11536947 0.03968813 -0.06689322
v -0.11536947 0.04866305 -0.06314153
v -0.11536947 0.05704311 -0.05865088
v -0.11536947 0.06472560 -0.05347630
v -0.11536947 0.07161639 -0.04768121
v -0.11536947 0.07763104 -0.04133662
v -0.11536947 0.08269584 -0.03452028
v -0.11536947 0.08674872 -0.02731571
v -0.11536947 0.08974003 -0.01981121
v -0.11536947 0.09163309 -0.01209873
v -0.11536947 0.09240471 -0.00427280
v -0.11536947 0.08839519 0.01787628
v -0.11536947 0.08503929 0.02494606
v -0.11536947 0.08072674 0.03170283
v -0.11536947 0.07550611 0.03807044
v -0.11536947 0.06943621 0.04397718
v -0.11536947 0.06258542 0.04935650
v -0.11536947 0.05503093 0.05414780
v -0.11536947 0.04685784 0.05829709
v -0.11536947 0.03815822 0.06175765
v -0.11536947 0.02903007 0.06449047
v -0.11536947 0.01957624 0.06646478
v -0.11536947 0.00990323 0.06765834
v -0.11536947 0.00012000 0.06805769
v -0.11065895 0.00012000 -0.07738936
v -0.11065895 0.01046052 -0.07695628
v -0.11065895 0.02067949 -0.07566212
v -0.11065895 0.03065680 -0.07352210
v -0.11065895 0.04027518 -0.07056136
v -0.11065895 0.04942156 -0.06681472
v -0.11065895 0.05798843 -0.06232620
v -0.11065895 0.06587510 -0.05714858
v -0.11065895 0.07298887 -0.05134270
v -0.11065895 0.07924612 -0.04497682
v -0.11065895 0.08457330 -0.03812576
v -0.11065895 0.08890779 -0.03087004
v -0.11065895 0.09219864 -0.02329496
v -0.11065895 0.09440718 -0.01548955
v -0.11065895 0.09550743 -0.00754556
v -0.11065895 0.09064210 0.01981893
v -0.11065895 0.08699499 0.02693024
v -0.11065895 0.08241217 0.03371164
v -0.11065895 0.07694300 0.04009009
v -0.11065895 0.07064637 0.04599687
v -0.11065895 0.06359011 0.05136839
v -0.11065895 0.05585023 0.05614676
v -0.11065895 0.04751008 0.06028054
v -0.11065895 0.03865950 0.06372520
v -0.11065895 0.02939381 0.06644363
v -0.11065895 0.01981282 0.06840655
v -0.11065895 0.01001973 0.06959283
v -0.11065895 0.00012000 0.06998968
v -0.10594842 0.00012000 -0.08006029
v -0.10594842 0.01054434 -0.07962930
v -0.10594842 0.02085054 -0.07834124
v -0.10594842 0.03092181 -0.07621070
v -0.10594842 0.04064401 -0.07326181
v -0.10594842 0.04990697 -0.06952801
v -0.10594842 0.05860571 -0.06505160
v -0.10594842 0.06664165 -0.05988331
v -0.10594842 0.07392373 -0.05408172
v -0.10594842 0.08036941 -0.04771257
v -0.10594842 0.08590566 -0.04084804
v -0.10594842 0.09046972 -0.03356592
v -0.10594842 0.09400989 -0.02594874
v -0.10594842 0.09648603 -0.01808283
v -0.10594842 0.09787009 -0.01005732
v -0.10594842 0.09228098 0.02198587
v -0.10594842 0.08839731 0.02911880
v -0.10594842 0.08359879 0.03590852
v -0.10594842 0.07793517 0.04228466
v -0.10594842 0.07146514 0.04818114
v -0.10594842 0.06425574 0.05353686
v -0.10594842 0.05638169 0.05829631
v -0.10594842 0.04792458 0.06241017
v -0.10594842 0.03897207 0.06583581
v -0.10594842 0.02961693 0.06853772
v -0.10594842 0.01995610 0.07048791
v -0.10594842 0.01008971 0.07166617
v -0.10594842 0.00012000 0.07206029
v -0.10123789 0.00012000 -0.08216218
v -0.10123789 0.01059779 -0.08173395
v -0.10123789 0.02096077 -0.08045395
v -0.10123789 0.03109538 -0.07833620
v -0.10123789 0.04089059 -0.07540391
v -0.10123789 0.05023904 -0.07168921
v -0.10123789 0.05903832 -0.06723280
v -0.10123789 0.06719200 -0.06208352
v -0.10123789 0.07461073 -0.05629779
v -0.10123789 0.08121323 -0.04993900
v -0.10123789 0.08692715 -0.04307684
v -0.10123789 0.09168988 -0.03578649
v -0.10123789 0.09544923 -0.02814784
v -0.10123789 0.09816401 -0.02024459
v -0.10123789 0.09980447 -0.01216333
v -0.10123789 0.09357343 0.02425700
v -0.10123789 0.08948559 0.03139649
v -0.10123789 0.08450351 0.03818179
v -0.10123789 0.07867702 0.04454499
v -0.10123789 0.07206444 0.05042241
v -0.10123789 0.06473193 0.05575525
v -0.10123789 0.05675288 0.06049014
v -0.10123789 0.04820712 0.06457969
v -0.10123789 0.03918016 0.06798299
v -0.10123789 0.02976235 0.07066598
v -0.10123789 0.02004791 0.07260181
v -0.10123789 0.01013406 0.07377111
v -0.10123789 0.00012000 0.07416218
v -0.09652737 0.00012000 -0.08415413
v -0.09652737 0.01064893 -0.08372870
v -0.09652737 0.02106610 -0.08245691
v -0.09652737 0.03126091 -0.08035227
v -0.09652737 0.04112515 -0.07743712
v -0.09652737 0.05055410 -0.07374240
v -0.09652737 0.05944768 -0.06930734
v -0.09652737 0.06771146 -0.06417902
v -0.09652737 0.07525774 -0.05841187
v -0.09652737 0.08200639 -0.05206711
v -0.09652737 0.08788579 -0.04521211
v -0.09652737 0.09283352 -0.03791961
v -0.09652737 0.09679706 -0.03026705
v -0.09652737 0.09973433 -0.02233566
v -0.09652737 0.10161415 -0.01420962
v -0.09652737 0.09479094 0.02642183
v -0.09652737 0.09051475 0.03356401
v -0.09652737 0.08536298 0.04034234
v -0.09652737 0.07938554 0.04669116
v -0.09652737 0.07264031 0.05254898
v -0.09652737 0.06519265 0.05785906
v -0.09652737 0.05711468 0.06256997
v -0.09652737 0.04848465 0.06663606
v -0.09652737 0.03938616 0.07001797
v -0.09652737 0.02990733 0.07268293
v -0.09652737 0.02013997 0.07460513
v -0.09652737 0.01017870 0.07576594
v -0.09652737 0.00012000 0.07615413
v -0.09181684 0.00012000 -0.08603576
v -0.09181684 0.01069398 -0.08561331
v -0.09181684 0.02115906 -0.08435033
v -0.09181684 0.03140746 -0.08225982
v -0.09181684 0.04133362 -0.07936332
v -0.09181684 0.05083533 -0.07569064
v -0.09181684 0.05981472 -0.07127962
v -0.09181684 0.06817932 -0.06617569
v -0.09181684 0.07584297 -0.06043141
v -0.09181684 0.08272674 -0.05410595
v -0.09181684 0.08875975 -0.04726444
v -0.09181684 0.09387986 -0.03997735
v -0.09181684 0.09803434 -0.03231973
v -0.09181684 0.10118039 -0.02437044
v -0.09181684 0.10328563 -0.01621136
v -0.09181684 0.09591308 0.02849727
v -0.09181684 0.09146237 0.03563650
v -0.09181684 0.08615365 0.04240341
v -0.09181684 0.08003678 0.04873443
v -0.09181684 0.07316921 0.05457009
v -0.09181684 0.06561546 0.05985558
v -0.09181684 0.05744649 0.06454124
v -0.09181684 0.04873902 0.06858307
v -0.09181684 0.03957485 0.07194309
v -0.09181684 0.03004007 0.07458975
v -0.09181684 0.02022424 0.07649818
v -0.09181684 0.01021955 0.07765046
v -0.09181684 0.00012000 0.07803576
v -0.08710632 0.00012000 -0.08780665
v -0.08710632 0.01073020 -0.08738746
v -0.08710632 0.02123426 -0.08613408
v -0.08710632 0.03152710 -0.08405904
v -0.08710632 0.04150575 -0.08118312
v -0.08710632 0.05107038 -0.07753506
v -0.08710632 0.06012531 -0.07315138
v -0.08710632 0.06857997 -0.06807592
v -0.08710632 0.07634977 -0.06235946
v -0.08710632 0.08335698 -0.05605919
v -0.08710632 0.08953150 -0.04923812
v -0.08710632 0.09481157 -0.04196451
v -0.08710632 0.09914437 -0.03431110
v -0.08710632 0.10248654 -0.02635447
v -0.08710632 0.10480467 -0.01817421
v -0.08710632 0.09692269 0.03049087
v -0.08710632 0.09231053 0.03762081
v -0.08710632 0.08685728 0.04437102
v -0.08710632 0.08061268 0.05067992
v -0.08710632 0.07363370 0.05648994
v -0.08710632 0.06598403 0.06174809
v -0.08710632 0.05773345 0.06640639
v -0.08710632 0.04895723 0.07042234
v -0.08710632 0.03973544 0.07375929
v -0.08710632 0.03015223 0.07638681
v -0.08710632 0.02029501 0.07828093
v -0.08710632 0.01025373 0.07942435
v -0.08710632 0.00012000 0.07980665
v -0.08239579 0.00012000 -0.08946644
v -0.08239579 0.01075545 -0.08905079
v -0.08239579 0.02128746 -0.08780787
v -0.08239579 0.03161358 -0.08574978
v -0.08239579 0.04163337 -0.08289653
v -0.08239579 0.05124937 -0.07927588
v -0.08239579 0.06036804 -0.07492304
v -0.08239579 0.06890071 -0.06988035
v -0.08239579 0.07676436 -0.06419686
v -0.08239579 0.08388252 -0.05792786
v -0.08239579 0.09018594 -0.05113431
v -0.08239579 0.09561332 -0.04388231
v -0.08239579 0.10011186 -0.03624238
v -0.08239579 0.10363781 -0.02828884
v -0.08239579 0.10615687 -0.02009904
v -0.08239579 0.09780457 0.03240549
v -0.08239579 0.09304383 0.03951960
v -0.08239579 0.08745859 0.04624757
v -0.08239579 0.08109841 0.05252970
v -0.08239579 0.07401970 0.05831024
v -0.08239579 0.06628530 0.06353792
v -0.08239579 0.05796382 0.06816634
v -0.08239579 0.04912909 0.07215443
v -0.08239579 0.03985951 0.07546681
v -0.08239579 0.03023733 0.07807409
v -0.08239579 0.02034792 0.07995314
v -0.08239579 0.01027903 0.08108727
v -0.08239579 0.00012000 0.08146644
v -0.07768526 0.00012000 -0.09101473
v -0.07768526 0.01076796 -0.09060291
v -0.07768526 0.02131512 -0.08937134
v -0.07768526 0.03166167 -0.08733167
v -0.07768526 0.04170965 -0.08450323
v -0.07768526 0.05136396 -0.08091277
v -0.07768526 0.06053321 -0.07659429
v -0.07768526 0.06913062 -0.07158865
v -0.07768526 0.07707481 -0.06594325
v -0.07768526 0.08429056 -0.05971153
v -0.07768526 0.09070960 -0.05295245
v -0.07768526 0.09627115 -0.04573002
v -0.07768526 0.10092257 -0.03811258
v -0.07768526 0.10461983 -0.03017225
v -0.07768526 0.10732794 -0.02198418
v -0.07768526 0.09854479 0.03424144
v -0.07768526 0.09364850 0.04133329
v -0.07768526 0.08794420 0.04803350
v -0.07768526 0.08148115 0.05428417
v -0.07768526 0.07431521 0.06003132
v -0.07768526 0.06650827 0.06522527
v -0.07768526 0.05812779 0.06982118
v -0.07768526 0.04924616 0.07377932
v -0.07768526 0.03994012 0.07706550
v -0.07768526 0.03029006 0.07965134
v -0.07768526 0.02037936 0.08151449
v -0.07768526 0.01029362 0.08263886
v -0.07768526 0.00012000 0.08301473
v -0.07297474 0.00012000 -0.09245113
v -0.07297474 0.01076617 -0.09204342
v -0.07297474 0.02131420 -0.09082406
v -0.07297474 0.03166684 -0.08880427
v -0.07297474 0.04172865 -0.08600269
v -0.07297474 0.05140688 -0.08244514
v -0.07297474 0.06061231 -0.07816442
v -0.07297474 0.06926007 -0.07319998
v -0.07297474 0.07727043 -0.06759761
v -0.07297474 0.08456956 -0.06140893
v -0.07297474 0.09109016 -0.05469102
v -0.07297474 0.09677213 -0.04750579
v -0.07297474 0.10156307 -0.03991949
v -0.07297474 0.10541882 -0.03200205
v -0.07297474 0.10830384 -0.02382647
v -0.07297474 0.09913036 0.03599759
v -0.07297474 0.09411191 0.04306100
v -0.07297474 0.08830198 0.04972810
v -0.07297474 0.08174949 0.05594278
v -0.07297474 0.07450961 0.06165269
v -0.07297474 0.06664331 0.06680975
v -0.07297474 0.05821683 0.07137053
v -0.07297474 0.04930113 0.07529664
v -0.07297474 0.03997128 0.07855500
v -0.07297474 0.03030585 0.08111819
v -0.07297474 0.02038624 0.08296461
v -0.07297474 0.01029596 0.08407872
v -0.07297474 0.00012000 0.08445113
v -0.06826421 0.00012000 -0.09377525
v -0.06826421 0.01074874 -0.09337193
v -0.06826421 0.02128198 -0.09216558
v -0.06826421 0.03162508 -0.09016705
v -0.06826421 0.04168509 -0.08739429
v -0.06826421 0.05137164 -0.08387222
v -0.06826421 0.06059768 -0.07963248
v -0.06826421 0.06928032 -0.07471317
v -0.06826421 0.07734154 -0.06915849
v -0.06826421 0.08470891 -0.06301835
v -0.06826421 0.09131623 -0.05634792
v -0.06826421 0.09710414 -0.04920713
v -0.06826421 0.10202062 -0.04166015
v -0.06826421 0.10602152 -0.03377478
v -0.06826421 0.10907086 -0.02562188
v -0.06826421 0.09954900 0.03767196
v -0.06826421 0.09442229 0.04470106
v -0.06826421 0.08852079 0.05133002
v -0.06826421 0.08189297 0.05750439
v -0.06826421 0.07459329 0.06317343
v -0.06826421 0.06668173 0.06829057
v -0.06826421 0.05822329 0.07281376
v -0.06826421 0.04928747 0.07670583
v -0.06826421 0.03994768 0.07993482
v -0.06826421 0.03028066 0.08247419
v -0.06826421 0.02036584 0.08430307
v -0.06826421 0.01028468 0.08540645
v -0.06826421 0.00012000 0.08577525
v -0.06355368 0.00012000 -0.09498671
v -0.06355368 0.01071444 -0.09458802
v -0.06355368 0.02121603 -0.09339545
v -0.06355368 0.03153274 -0.09141945
v -0.06355368 0.04157416 -0.08867734
v -0.06355368 0.05125230 -0.08519314
v -0.06355368 0.06048233 -0.08099740
v -0.06355368 0.06918336 -0.07612687
v -0.06355368 0.07727914 -0.07062426
v -0.06355368 0.08469873 -0.06453777
v -0.06355368 0.09137711 -0.05792075
v -0.06355368 0.09725573 -0.05083119
v -0.06355368 0.10228310 -0.04333121
v -0.06355368 0.10641514 -0.03548655
v -0.06355368 0.10961565 -0.02736595
v -0.06355368 0.09978904 0.03926204
v -0.06355368 0.09456853 0.04625139
v -0.06355368 0.08859015 0.05283751
v -0.06355368 0.08190187 0.05896756
v -0.06355368 0.07455736 0.06459235
v -0.06355368 0.06661556 0.06966674
v -0.06355368 0.05814019 0.07415002
v -0.06355368 0.04919925 0.07800622
v -0.06355368 0.03986450 0.08120438
v -0.06355368 0.03021083 0.08371885
v -0.06355368 0.02031571 0.08552946
v -0.06355368 0.01025853 0.08662166
v -0.06355368 0.00012000 0.08698671
v -0.05884316 0.00012000 -0.09608511
v -0.05884316 0.01066213 -0.09569128
v -0.05884316 0.02111410 -0.09451319
v -0.05884316 0.03138649 -0.09256089
v -0.05884316 0.04139145 -0.08985110
v -0.05884316 0.05104339 -0.08640698
v -0.05884316 0.06025976 -0.08225800
v -0.05884316 0.06896174 -0.07743965
v -0.05884316 0.07707487 -0.07199313
v -0.05884316 0.08452979 -0.06596505
v -0.05884316 0.09126270 -0.05940694
v -0.05884316 0.09721604 -0.05237492
v -0.05884316 0.10233887 -0.04492913
v -0.05884316 0.10658738 -0.03713325
v -0.05884316 0.10992522 -0.02905397
v -0.05884316 0.09983923 0.04076511
v -0.05884316 0.09454000 0.04770966
v -0.05884316 0.08850015 0.05424860
v -0.05884316 0.08176704 0.06033065
v -0.05884316 0.07439350 0.06590808
v -0.05884316 0.06643735 0.07093715
v -0.05884316 0.05796101 0.07537842
v -0.05884316 0.04903097 0.07919704
v -0.05884316 0.03971727 0.08236307
v -0.05884316 0.03009296 0.08485166
v -0.05884316 0.02023356 0.08664331
v -0.05884316 0.01021638 0.08772395
v -0.05884316 0.00012000 0.08808511
v -0.05413263 0.00012000 -0.09707006
v -0.05413263 0.01059079 -0.09668131
v -0.05413263 0.02097410 -0.09551832
v -0.05413263 0.03118321 -0.09359079
v -0.05413263 0.04113281 -0.09091483
v -0.05413263 0.05073980 -0.08751280
v -0.05413263 0.05992392 -0.08341311
v -0.05413263 0.06860844 -0.07865002
v -0.05413263 0.07672082 -0.07326331
v -0.05413263 0.08419329 -0.06729798
v -0.05413263 0.09096342 -0.06080387
v -0.05413263 0.09697466 -0.05383523
v -0.05413263 0.10217678 -0.04645027
v -0.05413263 0.10652634 -0.03871068
v -0.05413263 0.10998699 -0.03068113
v -0.05413263 0.09968869 0.04217830
v -0.05413263 0.09432650 0.04907344
v -0.05413263 0.08824127 0.05556125
v -0.05413263 0.08147973 0.06159193
v -0.05413263 0.07409375 0.06711920
v -0.05413263 0.06614002 0.07210063
v -0.05413263 0.05767960 0.07649799
v -0.05413263 0.04877741 0.08027753
v -0.05413263 0.03950177 0.08341025
v -0.05413263 0.02992388 0.08587210
v -0.05413263 0.02011725 0.08764418
v -0.05413263 0.01015714 0.08871291
v -0.05413263 0.00012000 0.08907006
v -0.04942211 0.00012000 -0.09794118
v -0.04942211 0.01049941 -0.09755769
v -0.04942211 0.02079408 -0.09641036
v -0.04942211 0.03091995 -0.09450855
v -0.04942211 0.04079436 -0.09186780
v -0.04942211 0.05033669 -0.08850966
v -0.04942211 0.05946903 -0.08446154
v -0.04942211 0.06811683 -0.07975650
v -0.04942211 0.07620946 -0.07443296
v -0.04942211 0.08368087 -0.06853437
v -0.04942211 0.09047006 -0.06210890
v -0.04942211 0.09652159 -0.05520901
v -0.04942211 0.10178606 -0.04789102
v -0.04942211 0.10622049 -0.04021469
v -0.04942211 0.10978867 -0.03224268
v -0.04942211 0.09932681 0.04349873
v -0.04942211 0.09391807 0.05034028
v -0.04942211 0.08780430 0.05677338
v -0.04942211 0.08103147 0.06274968
v -0.04942211 0.07365047 0.06822427
v -0.04942211 0.06571678 0.07315598
v -0.04942211 0.05729004 0.07750777
v -0.04942211 0.04843359 0.08124690
v -0.04942211 0.03921399 0.08434528
v -0.04942211 0.02970054 0.08677962
v -0.04942211 0.01996476 0.08853163
v -0.04942211 0.01007981 0.08958813
v -0.04942211 0.00012000 0.08994118
v -0.04471158 0.00012000 -0.09872433
v -0.04471158 0.01039775 -0.09834607
v -0.04471158 0.02059343 -0.09721430
v -0.04471158 0.03062564 -0.09533807
v -0.04471158 0.04041428 -0.09273234
v -0.04471158 0.04988118 -0.08941794
v -0.04471158 0.05895076 -0.08542132
v -0.04471158 0.06755060 -0.08077439
v -0.04471158 0.07561204 -0.07551426
v -0.04471158 0.08307071 -0.06968293
v -0.04471158 0.08986705 -0.06332695
v -0.04471158 0.09594680 -0.05649709
v -0.04471158 0.10126141 -0.04924786
v -0.04471158 0.10576845 -0.04163716
v -0.04471158 0.10943193 -0.03372575
v -0.04471158 0.09884577 0.04477343
v -0.04471158 0.09340193 0.05156119
v -0.04471158 0.08727080 0.05793976
v -0.04471158 0.08049755 0.06386214
v -0.04471158 0.07313208 0.06928470
v -0.04471158 0.06522867 0.07416747
v -0.04471158 0.05684555 0.07847450
v -0.04471158 0.04804448 0.08217403
v -0.04471158 0.03889030 0.08523882
v -0.04471158 0.02945047 0.08764629
v -0.04471158 0.01979454 0.08937869
v -0.04471158 0.00999364 0.09042326
v -0.04471158 0.00012000 0.09077231
v -0.04000105 0.00012000 -0.09945026
v -0.04000105 0.01029950 -0.09907694
v -0.04000105 0.02039946 -0.09795991
v -0.04000105 0.03034095 -0.09610790
v -0.04000105 0.04004630 -0.09353537
v -0.04000105 0.04943967 -0.09026243
v -0.04000105 0.05844766 -0.08631465
v -0.04000105 0.06699987 -0.08172288
v -0.04000105 0.07502949 -0.07652300
v -0.04000105 0.08247377 -0.07075565
v -0.04000105 0.08927454 -0.06446588
v -0.04000105 0.09537866 -0.05770284
v -0.04000105 0.10073843 -0.05051939
v -0.04000105 0.10531198 -0.04297165
v -0.04000105 0.10906356 -0.03511860
v -0.04000105 0.09837772 0.04606093
v -0.04000105 0.09290280 0.05279916
v -0.04000105 0.08675716 0.05912751
v -0.04000105 0.07998521 0.06500025
v -0.04000105 0.07263593 0.07037491
v -0.04000105 0.06476242 0.07521265
v -0.04000105 0.05642163 0.07947849
v -0.04000105 0.04767383 0.08314160
v -0.04000105 0.03858226 0.08617549
v -0.04000105 0.02921265 0.08855823
v -0.04000105 0.01963273 0.09027260
v -0.04000105 0.00991176 0.09130621
v -0.04000105 0.00012000 0.09165157
v -0.03529053 0.07446249 -0.07745593
v -0.03529053 0.08189099 -0.07174990
v -0.03529053 0.08869376 -0.06552370
v -0.03529053 0.09481874 -0.05882499
v -0.03529053 0.10021908 -0.05170502
v -0.03529053 0.10485343 -0.04421828
v -0.03529053 0.10868634 -0.03642206
v -0.03529053 0.09792442 0.04735114
v -0.03529053 0.09242206 0.05404341
v -0.03529053 0.08626443 0.06032522
v -0.03529053 0.07949523 0.06615196
v -0.03529053 0.07216253 0.07148228
v -0.03529053 0.06431839 0.07627833
v -0.03529053 0.05601848 0.08050607
v -0.03529053 0.04732174 0.08413548
v -0.03529053 0.03828990 0.08714080
v -0.03529053 0.02898708 0.08950068
v -0.03529053 0.01947934 0.09119838
v -0.03529053 0.00983415 0.09222185
v -0.03529053 0.00012000 0.09256382
v -0.03058000 0.07391131 -0.07830944
v -0.03058000 0.08132282 -0.07266266
v -0.03058000 0.08812540 -0.06649803
v -0.03058000 0.09426802 -0.05986177
v -0.03058000 0.09970463 -0.05280366
v -0.03058000 0.10439445 -0.04537662
v -0.03058000 0.10830232 -0.03763634
v -0.03058000 0.09748698 0.04863321
v -0.03058000 0.09196051 0.05528246
v -0.03058000 0.08579315 0.06152075
v -0.03058000 0.07902792 0.06730455
v -0.03058000 0.07171205 0.07259351
v -0.03058000 0.06389657 0.07735072
v -0.03058000 0.05563604 0.08154297
v -0.03058000 0.04698810 0.08514101
v -0.03058000 0.03801309 0.08811974
v -0.03058000 0.02877364 0.09045837
v -0.03058000 0.01933425 0.09214057
v -0.03058000 0.00976076 0.09315461
v -0.03058000 0.00012000 0.09349341
v -0.02586947 0.07337625 -0.07907969
v -0.02586947 0.08076976 -0.07349062
v -0.02586947 0.08757017 -0.06738611
v -0.02586947 0.09372746 -0.06081103
v -0.02586947 0.09919636 -0.05381376
v -0.02586947 0.10393664 -0.04644573
v -0.02586947 0.10791346 -0.03876115
v -0.02586947 0.09706647 0.04989590
v -0.02586947 0.09151896 0.05650445
v -0.02586947 0.08534388 0.06270169
v -0.02586947 0.07858365 0.06844506
v -0.02586947 0.07128467 0.07369513
v -0.02586947 0.06349707 0.07841585
v -0.02586947 0.05527430 0.08257481
v -0.02586947 0.04667284 0.08614345
v -0.02586947 0.03775173 0.08909726
v -0.02586947 0.02857224 0.09141598
v -0.02586947 0.01919739 0.09308367
v -0.02586947 0.00969156 0.09408889
v -0.02586947 0.00012000 0.09442473
v -0.16777076 0.00012000 0.01765378
v -0.16777018 0.00048377 0.01767776
v -0.16776852 0.00084638 0.01775026
v -0.16776600 0.00120580 0.01787271
v -0.16776294 0.00155862 0.01804664
v -0.16775964 0.00190003 0.01827292
v -0.16775642 0.00222425 0.01855113
v -0.16775348 0.00252502 0.01887930
v -0.16775102 0.00279618 0.01925390
v -0.16774913 0.00303202 0.01967004
v -0.16774792 0.00322755 0.02012169
v -0.16774746 0.00337862 0.02060194
v -0.16774782 0.00348199 0.02110319
v -0.16774910 0.00353534 0.02161737
v -0.16775140 0.00353731 0.02213603
v -0.16775166 0.00353501 0.02218132
v -0.16775192 0.00353232 0.02222657
v -0.16775220 0.00352924 0.02227178
v -0.16775248 0.00352575 0.02231693
v -0.16775277 0.00352187 0.02236203
v -0.16775308 0.00351760 0.02240707
v -0.16775339 0.00351293 0.02245204
v -0.16775371 0.00350786 0.02249694
v -0.16775405 0.00350240 0.02254176
v -0.16775439 0.00349655 0.02258649
v -0.16775475 0.00349030 0.02263114
v -0.16775511 0.00348366 0.02267568
v -0.16775549 0.00347663 0.02272013
v -0.16775587 0.00346920 0.02276446
v -0.16775627 0.00346139 0.02280868
v -0.16775668 0.00345319 0.02285278
v -0.16775710 0.00344459 0.02289675
v -0.16775754 0.00343561 0.02294059
v -0.16775798 0.00342625 0.02298429
v -0.16775844 0.00341649 0.02302784
v -0.16775891 0.00340636 0.02307125
v -0.16775939 0.00339584 0.02311449
v -0.16776561 0.00325519 0.02357847
v -0.16777373 0.00307075 0.02401491
v -0.16778418 0.00284596 0.02441613
v -0.16779747 0.00258548 0.02477490
v -0.16781413 0.00229542 0.02508477
v -0.16783459 0.00198341 0.02534075
v -0.16785891 0.00165852 0.02554025
v -0.16788637 0.00133066 0.02568421
v -0.16791489 0.00100913 0.02577805
v -0.16794077 0.00070038 0.02583157
v -0.16795923 0.00040563 0.02585678
v -0.16796596 0.00012000 0.02586385
v -0.16279901 0.00012000 0.00086509
v -0.16279848 0.00270166 0.00097730
v -0.16279693 0.00524941 0.00131247
v -0.16279446 0.00772977 0.00186622
v -0.16279124 0.01011011 0.00263131
v -0.16278748 0.01235906 0.00359768
v -0.16278344 0.01444694 0.00475260
v -0.16277941 0.01634613 0.00608077
v -0.16277568 0.01803146 0.00756452
v -0.16277258 0.01948058 0.00918399
v -0.16277042 0.02067421 0.01091740
v -0.16276956 0.02159652 0.01274134
v -0.16277034 0.02223532 0.01463103
v -0.16277313 0.02258227 0.01656074
v -0.16277832 0.02263303 0.01850415
v -0.16331893 0.02074252 0.01903155
v -0.16376270 0.01913664 0.01947744
v -0.16411870 0.01781596 0.01985009
v -0.16439638 0.01676650 0.02015904
v -0.16460533 0.01596476 0.02041425
v -0.16475528 0.01538113 0.02062556
v -0.16485601 0.01498218 0.02080232
v -0.16491734 0.01473215 0.02095319
v -0.16494911 0.01459400 0.02108597
v -0.16496119 0.01453005 0.02120758
v -0.16496342 0.01450244 0.02132393
v -0.16496239 0.01448594 0.02143859
v -0.16495152 0.01450552 0.02154913
v -0.16492097 0.01459843 0.02165256
v -0.16486089 0.01480127 0.02174687
v -0.16476146 0.01514960 0.02183107
v -0.16461290 0.01567732 0.02190513
v -0.16440546 0.01641560 0.02197002
v -0.16412948 0.01739153 0.02202757
v -0.16377546 0.01862587 0.02208040
v -0.16333410 0.02012982 0.02213164
v -0.16279656 0.02190021 0.02218450
v -0.16281043 0.02113377 0.02395004
v -0.16282780 0.02011332 0.02563564
v -0.16284875 0.01885246 0.02722085
v -0.16287310 0.01736778 0.02868697
v -0.16290034 0.01567852 0.03001731
v -0.16292951 0.01380621 0.03119739
v -0.16295923 0.01177425 0.03221503
v -0.16298770 0.00960747 0.03306032
v -0.16301287 0.00733177 0.03372544
v -0.16303268 0.00497380 0.03420457
v -0.16304538 0.00256072 0.03449363
v -0.16304975 0.00012000 0.03459025
v -0.15790587 0.00012000 -0.01141752
v -0.15790531 0.00420167 -0.01124412
v -0.15790369 0.00822914 -0.01072631
v -0.15790108 0.01214895 -0.00987115
v -0.15789762 0.01590907 -0.00869037
v -0.15789352 0.01945965 -0.00720013
v -0.15788907 0.02275366 -0.00542082
v -0.15788462 0.02574757 -0.00337683
v -0.15788063 0.02840190 -0.00109615
v -0.15787765 0.03068187 0.00139001
v -0.15787633 0.03255778 0.00404768
v -0.15787742 0.03400553 0.00684066
v -0.15788174 0.03500690 0.00973107
v -0.15789018 0.03554982 0.01268001
v -0.15790358 0.03562850 0.01564813
v -0.15898198 0.03321855 0.01644785
v -0.15986585 0.03115614 0.01713136
v -0.16054695 0.02942987 0.01772199
v -0.16108564 0.02792363 0.01822460
v -0.16149396 0.02670360 0.01864462
v -0.16178810 0.02578195 0.01899272
v -0.16198605 0.02513720 0.01928189
v -0.16210663 0.02472759 0.01952576
v -0.16216902 0.02449973 0.01973748
v -0.16219257 0.02439410 0.01992913
v -0.16219672 0.02434867 0.02011132
v -0.16219441 0.02432163 0.02029047
v -0.16217271 0.02435437 0.02046207
v -0.16211224 0.02450785 0.02062044
v -0.16199371 0.02483980 0.02076158
v -0.16179807 0.02540124 0.02088317
v -0.16150673 0.02623108 0.02098438
v -0.16110207 0.02734780 0.02106542
v -0.16056864 0.02873658 0.02112662
v -0.15989596 0.03032987 0.02116663
v -0.15901763 0.03224279 0.02121969
v -0.15794583 0.03448095 0.02126980
v -0.15797570 0.03328206 0.02397057
v -0.15801118 0.03168582 0.02655438
v -0.15805151 0.02971242 0.02899158
v -0.15809543 0.02738621 0.03125444
v -0.15814126 0.02473533 0.03331734
v -0.15818698 0.02179149 0.03515685
v -0.15823041 0.01858961 0.03675185
v -0.15826938 0.01516761 0.03808376
v -0.15830194 0.01156602 0.03913683
v -0.15832644 0.00782764 0.03989837
v -0.15834164 0.00399704 0.04035908
v -0.15834679 0.00012000 0.04051329
v -0.15298113 0.00012000 -0.02108993
v -0.15298058 0.00531011 -0.02086934
v -0.15297895 0.01043124 -0.02021061
v -0.15297632 0.01541532 -0.01912278
v -0.15297285 0.02019616 -0.01762080
v -0.15296874 0.02471033 -0.01572533
v -0.15296432 0.02889801 -0.01346242
v -0.15295999 0.03270389 -0.01086320
v -0.15295629 0.03607788 -0.00796339
v -0.15295392 0.03897586 -0.00480278
v -0.15295371 0.04136034 -0.00142463
v -0.15295665 0.04320096 0.00212508
v -0.15296382 0.04447492 0.00579837
v -0.15297637 0.04516725 0.00954613
v -0.15299534 0.04527091 0.01331896
v -0.15460610 0.04230627 0.01435466
v -0.15592649 0.03972068 0.01524650
v -0.15698506 0.03753755 0.01600393
v -0.15781043 0.03576102 0.01663949
v -0.15843142 0.03437622 0.01716818
v -0.15887699 0.03335143 0.01760660
v -0.15917627 0.03264137 0.01797198
v -0.15935846 0.03219074 0.01828139
v -0.15945281 0.03193759 0.01855102
v -0.15948863 0.03181621 0.01879570
v -0.15949521 0.03175927 0.01902855
v -0.15949207 0.03172166 0.01925757
v -0.15945970 0.03174806 0.01947697
v -0.15936885 0.03190464 0.01967934
v -0.15919031 0.03225522 0.01985930
v -0.15889492 0.03285919 0.02001358
v -0.15845362 0.03376869 0.02014104
v -0.15783746 0.03502544 0.02024263
v -0.15701770 0.03665738 0.02032125
v -0.15596581 0.03867575 0.02038138
v -0.15465348 0.04107318 0.02042871
v -0.15305252 0.04382374 0.02046955
v -0.15309154 0.04230736 0.02390887
v -0.15313669 0.04028633 0.02720292
v -0.15318662 0.03778545 0.03031417
v -0.15323946 0.03483464 0.03320707
v -0.15329301 0.03146876 0.03584827
v -0.15334492 0.02772737 0.03820677
v -0.15339293 0.02365449 0.04025438
v -0.15343501 0.01929828 0.04196606
v -0.15346946 0.01471060 0.04332051
v -0.15349499 0.00994643 0.04430059
v -0.15351066 0.00506319 0.04489375
v -0.15351594 0.00012000 0.04509233
v -0.14806209 0.00012000 -0.02930995
v -0.14806159 0.00621938 -0.02904956
v -0.14806013 0.01223760 -0.02827196
v -0.14805778 0.01809458 -0.02698787
v -0.14805470 0.02371245 -0.02521499
v -0.14805110 0.02901660 -0.02297778
v -0.14804732 0.03393671 -0.02030711
v -0.14804382 0.03840778 -0.01723984
v -0.14804122 0.04237101 -0.01381829
v -0.14804032 0.04577471 -0.01008955
v -0.14804212 0.04857506 -0.00610476
v -0.14804781 0.05073671 -0.00191821
v -0.14805870 0.05223332 0.00241364
v -0.14807614 0.05304777 0.00683321
v -0.14810126 0.05317216 0.01128280
v -0.15024506 0.04987255 0.01250767
v -0.15200078 0.04696222 0.01356735
v -0.15340786 0.04447521 0.01447165
v -0.15450487 0.04242920 0.01523334
v -0.15533022 0.04081989 0.01586837
v -0.15592243 0.03962068 0.01639517
v -0.15632016 0.03878569 0.01683362
v -0.15656222 0.03825409 0.01720389
v -0.15668749 0.03795496 0.01752547
v -0.15673492 0.03781145 0.01781640
v -0.15674346 0.03774417 0.01809280
v -0.15673907 0.03769974 0.01836447
v -0.15669581 0.03773101 0.01862425
v -0.15657480 0.03791605 0.01886287
v -0.15633720 0.03832946 0.01907356
v -0.15594427 0.03903919 0.01925212
v -0.15535742 0.04010245 0.01939701
v -0.15453823 0.04156116 0.01950920
v -0.15344849 0.04343790 0.01959200
v -0.15205014 0.04573332 0.01965050
v -0.15030488 0.04842673 0.01969100
v -0.14817343 0.05148191 0.01972032
v -0.14822084 0.04970731 0.02378229
v -0.14827429 0.04734027 0.02767597
v -0.14833183 0.04440900 0.03135708
v -0.14839110 0.04094770 0.03478323
v -0.14844959 0.03699656 0.03791422
v -0.14850490 0.03260151 0.04071241
v -0.14855489 0.02781411 0.04314341
v -0.14859785 0.02269105 0.04517665
v -0.14863246 0.01729362 0.04678617
v -0.14865777 0.01168691 0.04795112
v -0.14867319 0.00593901 0.04865627
v -0.14867837 0.00012000 0.04889236
v -0.14313242 0.00012000 -0.03652559
v -0.14313201 0.00699035 -0.03623062
v -0.14313081 0.01376922 -0.03534975
v -0.14312890 0.02036638 -0.03389514
v -0.14312642 0.02669408 -0.03188687
v -0.14312361 0.03266824 -0.02935265
v -0.14312082 0.03820964 -0.02632753
v -0.14311853 0.04324505 -0.02285329
v -0.14311742 0.04770831 -0.01897795
v -0.14311838 0.05154131 -0.01475491
v -0.14312252 0.05469486 -0.01024215
v -0.14313116 0.05712942 -0.00550112
v -0.14314575 0.05881564 -0.00059562
v -0.14316770 0.05973456 0.00440944
v -0.14319816 0.05987757 0.00944919
v -0.14588652 0.05630128 0.01084548
v -0.14808225 0.05315868 0.01205095
v -0.14983924 0.05046425 0.01308089
v -0.15120797 0.04823432 0.01395042
v -0.15223735 0.04646933 0.01467691
v -0.15297579 0.04514690 0.01528044
v -0.15347167 0.04422209 0.01578293
v -0.15377340 0.04363132 0.01620705
v -0.15392949 0.04329784 0.01657497
v -0.15398852 0.04313708 0.01690741
v -0.15399904 0.04306096 0.01722298
v -0.15399343 0.04301016 0.01753308
v -0.15393936 0.04304343 0.01782929
v -0.15378832 0.04324735 0.01810072
v -0.15349191 0.04370406 0.01833929
v -0.15300181 0.04448703 0.01853994
v -0.15226985 0.04565596 0.01870061
v -0.15124795 0.04725162 0.01882217
v -0.14988802 0.04929225 0.01890805
v -0.14814137 0.05177377 0.01896359
v -0.14595758 0.05467661 0.01899529
v -0.14328226 0.05798313 0.01900996
v -0.14333577 0.05599025 0.02361581
v -0.14339482 0.05333011 0.02803333
v -0.14345707 0.05003373 0.03221215
v -0.14351988 0.04613897 0.03610375
v -0.14358067 0.04169059 0.03966182
v -0.14363711 0.03674013 0.04284296
v -0.14368733 0.03134564 0.04560744
v -0.14372990 0.02557119 0.04792006
v -0.14376381 0.01948611 0.04975094
v -0.14378841 0.01316413 0.05107620
v -0.14380331 0.00668231 0.05187842
v -0.14380830 0.00012000 0.05214701
v -0.13816006 0.00012000 -0.04322522
v -0.13815973 0.00768625 -0.04289863
v -0.13815876 0.01515184 -0.04192335
v -0.13815725 0.02241745 -0.04031279
v -0.13815534 0.02938650 -0.03808910
v -0.13815329 0.03596644 -0.03528290
v -0.13815147 0.04207005 -0.03193284
v -0.13815039 0.04761667 -0.02808510
v -0.13815077 0.05253341 -0.02379272
v -0.13815355 0.05675621 -0.01911474
v -0.13815990 0.06023083 -0.01411526
v -0.13817123 0.06291366 -0.00886231
v -0.13818906 0.06477229 -0.00342652
v -0.13821489 0.06578580 0.00212017
v -0.13824991 0.06594469 0.00770587
v -0.14150939 0.06197764 0.00930672
v -0.14415791 0.05859049 0.01065454
v -0.14627130 0.05571578 0.01180078
v -0.14791474 0.05334201 0.01276745
v -0.14914943 0.05146059 0.01357549
v -0.15003462 0.05004722 0.01424728
v -0.15062882 0.04905605 0.01480693
v -0.15099029 0.04842116 0.01527931
v -0.15117723 0.04806159 0.01568896
v -0.15124786 0.04788715 0.01605890
v -0.15126038 0.04780342 0.01640992
v -0.15125357 0.04774674 0.01675480
v -0.15118868 0.04778016 0.01708402
v -0.15100762 0.04799651 0.01738518
v -0.15065234 0.04848339 0.01764901
v -0.15006485 0.04931829 0.01786955
v -0.14918716 0.05056307 0.01804418
v -0.14796106 0.05225923 0.01817346
v -0.14632747 0.05442673 0.01826066
v -0.14422518 0.05706999 0.01831095
v -0.14158852 0.06019595 0.01833039
v -0.13834445 0.06386061 0.01830394
v -0.13840374 0.06166672 0.02341026
v -0.13846865 0.05873771 0.02830826
v -0.13853655 0.05510762 0.03294202
v -0.13860461 0.05081808 0.03725760
v -0.13867005 0.04591831 0.04120354
v -0.13873046 0.04046506 0.04473155
v -0.13878393 0.03452232 0.04779749
v -0.13882905 0.02816070 0.05036228
v -0.13886487 0.02145666 0.05239278
v -0.13889078 0.01449147 0.05386250
v -0.13890644 0.00735009 0.05475215
v -0.13891168 0.00012000 0.05505001
v -0.13317096 0.00012000 -0.04984060
v -0.13317071 0.00835102 -0.04948383
v -0.13317000 0.01647262 -0.04841840
v -0.13316891 0.02437686 -0.04665889
v -0.13316761 0.03195874 -0.04422943
v -0.13316639 0.03911762 -0.04116334
v -0.13316563 0.04575863 -0.03750272
v -0.13316588 0.05179400 -0.03329786
v -0.13316791 0.05714436 -0.02860655
v -0.13317271 0.06173990 -0.02349320
v -0.13318154 0.06552145 -0.01802778
v -0.13319588 0.06844139 -0.01228461
v -0.13321737 0.07046429 -0.00634100
v -0.13324761 0.07156728 -0.00027571
v -0.13328790 0.07173998 0.00583244
v -0.13709093 0.06729902 0.00777864
v -0.14021066 0.06353686 0.00933529
v -0.14269214 0.06044123 0.01060044
v -0.14461690 0.05791881 0.01166127
v -0.14606047 0.05593076 0.01254588
v -0.14709429 0.05443982 0.01328076
v -0.14778779 0.05339405 0.01389280
v -0.14820948 0.05272334 0.01440931
v -0.14842749 0.05234250 0.01485707
v -0.14850980 0.05215663 0.01526125
v -0.14852430 0.05206623 0.01564464
v -0.14851626 0.05200418 0.01602128
v -0.14844047 0.05203696 0.01638060
v -0.14822912 0.05226241 0.01670883
v -0.14781441 0.05277270 0.01699553
v -0.14712843 0.05364944 0.01723380
v -0.14610291 0.05495845 0.01742035
v -0.14466861 0.05674700 0.01755519
v -0.14275407 0.05904743 0.01764104
v -0.14028339 0.06189296 0.01768226
v -0.13717985 0.06536314 0.01763144
v -0.13339510 0.06947125 0.01742164
v -0.13346179 0.06708350 0.02300524
v -0.13353452 0.06389604 0.02836087
v -0.13361037 0.05994599 0.03342742
v -0.13368615 0.05527867 0.03814600
v -0.13375881 0.04994759 0.04246037
v -0.13382570 0.04401447 0.04631777
v -0.13388474 0.03754885 0.04966996
v -0.13393444 0.03062755 0.05247419
v -0.13397382 0.02333372 0.05469424
v -0.13400226 0.01575577 0.05630115
v -0.13401943 0.00798615 0.05727384
v -0.13402517 0.00012000 0.05759950
v -0.12820325 0.00012000 -0.05623237
v -0.12820307 0.00897693 -0.05584713
v -0.12820255 0.01771616 -0.05469667
v -0.12820180 0.02622161 -0.05279673
v -0.12820099 0.03438031 -0.05017330
v -0.12820042 0.04208401 -0.04686231
v -0.12820051 0.04923064 -0.04290914
v -0.12820183 0.05572577 -0.03836806
v -0.12820519 0.06148400 -0.03330138
v -0.12821165 0.06643020 -0.02777857
v -0.12822252 0.07050070 -0.02187514
v -0.12823936 0.07364426 -0.01567128
v -0.12826389 0.07582276 -0.00925040
v -0.12829773 0.07701162 -0.00269750
v -0.12834218 0.07719967 0.00390241
v -0.13267464 0.07241113 0.00613134
v -0.13623156 0.06828117 0.00797082
v -0.13908520 0.06485848 0.00944140
v -0.14130416 0.06213038 0.01060860
v -0.14296238 0.06001680 0.01156988
v -0.14414822 0.05844307 0.01236593
v -0.14494293 0.05734286 0.01302779
v -0.14542585 0.05663793 0.01358575
v -0.14567539 0.05623727 0.01406901
v -0.14576951 0.05604089 0.01450493
v -0.14578599 0.05594444 0.01491826
v -0.14577666 0.05587756 0.01532423
v -0.14568972 0.05590993 0.01571131
v -0.14544752 0.05614419 0.01606434
v -0.14497223 0.05667749 0.01637170
v -0.14418565 0.05759701 0.01662552
v -0.14300858 0.05897644 0.01682163
v -0.14135982 0.06087683 0.01695916
v -0.13915232 0.06336444 0.01703286
v -0.13631350 0.06651155 0.01698342
v -0.13277337 0.07032787 0.01677943
v -0.12845854 0.07476299 0.01642705
v -0.12852997 0.07219582 0.02246269
v -0.12860721 0.06876773 0.02825280
v -0.12868712 0.06451841 0.03373115
v -0.12876633 0.05949646 0.03883384
v -0.12884173 0.05375936 0.04349978
v -0.12891068 0.04737354 0.04767172
v -0.12897120 0.04041392 0.05129729
v -0.12902190 0.03296328 0.05433021
v -0.12906190 0.02511127 0.05673126
v -0.12909071 0.01695316 0.05846915
v -0.12910808 0.00858857 0.05952110
v -0.12911387 0.00012000 0.05987329
v -0.12326260 0.00012000 -0.06221131
v -0.12326247 0.00955347 -0.06179964
v -0.12326213 0.01886159 -0.06057026
v -0.12326167 0.02792070 -0.05853997
v -0.12326128 0.03661049 -0.05573656
v -0.12326126 0.04481569 -0.05219844
v -0.12326204 0.05242761 -0.04797413
v -0.12326423 0.05934573 -0.04312160
v -0.12326867 0.06547918 -0.03770745
v -0.12327643 0.07074806 -0.03180589
v -0.12328889 0.07508473 -0.02549753
v -0.12330764 0.07843483 -0.01886791
v -0.12333436 0.08075796 -0.01200591
v -0.12337064 0.08202806 -0.00500198
v -0.12341757 0.08223324 0.00205347
v -0.12827155 0.07724843 0.00445062
v -0.13226146 0.07284494 0.00651472
v -0.13546469 0.06914011 0.00820671
v -0.13796401 0.06615609 0.00955807
v -0.13984493 0.06385689 0.01062832
v -0.14118890 0.06217447 0.01148776
v -0.14208751 0.06100873 0.01219906
v -0.14263314 0.06026462 0.01279724
v -0.14291490 0.05984224 0.01331443
v -0.14302105 0.05963499 0.01378035
v -0.14303949 0.05953279 0.01422182
v -0.14302875 0.05946162 0.01465533
v -0.14293033 0.05949480 0.01506832
v -0.14265643 0.05974059 0.01544423
v -0.14211889 0.06030258 0.01577023
v -0.14122876 0.06127657 0.01603730
v -0.13989408 0.06275189 0.01623953
v -0.13802480 0.06482063 0.01634903
v -0.13553899 0.06754567 0.01633228
v -0.13235108 0.07095729 0.01616681
v -0.12837747 0.07503018 0.01585292
v -0.12353783 0.07964917 0.01544781
v -0.12361018 0.07692034 0.02190555
v -0.12368734 0.07327357 0.02810248
v -0.12376612 0.06875060 0.03396729
v -0.12384325 0.06340285 0.03943099
v -0.12391585 0.05729146 0.04442765
v -0.12398160 0.05048731 0.04889552
v -0.12403882 0.04307047 0.05277828
v -0.12408644 0.03512942 0.05602625
v -0.12412382 0.02675995 0.05859743
v -0.12415064 0.01806382 0.06045838
v -0.12416676 0.00914738 0.06158478
v -0.12417214 0.00012000 0.06196190
v -0.11836043 0.00012000 -0.06758633
v -0.11836036 0.01006998 -0.06715060
v -0.11836018 0.01988768 -0.06584936
v -0.11835999 0.02944264 -0.06370045
v -0.11835997 0.03860794 -0.06073335
v -0.11836041 0.04726197 -0.05698878
v -0.11836173 0.05529017 -0.05251820
v -0.11836454 0.06258663 -0.04738306
v -0.11836966 0.06905570 -0.04165393
v -0.11837818 0.07461340 -0.03540937
v -0.11839142 0.07918879 -0.02873457
v -0.11841093 0.08272494 -0.02171980
v -0.11843825 0.08517966 -0.01445858
v -0.11847475 0.08652568 -0.00704594
v -0.11852118 0.08675034 0.00042331
v -0.12388509 0.08174702 0.00283340
v -0.12830216 0.07718179 0.00503724
v -0.13185182 0.07326486 0.00690606
v -0.13462303 0.07007086 0.00842710
v -0.13670929 0.06759051 0.00964146
v -0.13820652 0.06576437 0.01060852
v -0.13921191 0.06450397 0.01138776
v -0.13982342 0.06370471 0.01203139
v -0.14013937 0.06325347 0.01258280
v -0.14025827 0.06303310 0.01307776
v -0.14027870 0.06292506 0.01354618
v -0.14026637 0.06285023 0.01400602
v -0.14015561 0.06288692 0.01444359
v -0.13984804 0.06315157 0.01484004
v -0.13924539 0.06375785 0.01517797
v -0.13824967 0.06481415 0.01543921
v -0.13676330 0.06641932 0.01560291
v -0.13468939 0.06865547 0.01564558
v -0.13193214 0.07157589 0.01554588
v -0.12839750 0.07518531 0.01529847
v -0.12399442 0.07940867 0.01494237
v -0.11863690 0.08404346 0.01461164
v -0.11870465 0.08117398 0.02145683
v -0.11877554 0.07733448 0.02802834
v -0.11884663 0.07256824 0.03424977
v -0.11891509 0.06692908 0.04004706
v -0.11897858 0.06048155 0.04534947
v -0.11903536 0.05330067 0.05009093
v -0.11908426 0.04547137 0.05421137
v -0.11912460 0.03708745 0.05765798
v -0.11915605 0.02825041 0.06038623
v -0.11917851 0.01906797 0.06236075
v -0.11919197 0.00965261 0.06355583
v -0.11919645 0.00012000 0.06395593
v -0.11379591 0.00012000 -0.07192558
v -0.11379590 0.01016806 -0.07149776
v -0.11379588 0.02009070 -0.07021983
v -0.11379592 0.02976407 -0.06810829
v -0.11379615 0.03906756 -0.06519041
v -0.11379678 0.04788531 -0.06150392
v -0.11379811 0.05610781 -0.05709652
v -0.11380061 0.06363334 -0.05202522
v -0.11380491 0.07036944 -0.04635560
v -0.11381184 0.07623424 -0.04016073
v -0.11382243 0.08115763 -0.03351999
v -0.11383787 0.08508222 -0.02651762
v -0.11385937 0.08796391 -0.01924111
v -0.11388797 0.08977210 -0.01177959
v -0.11392424 0.09048931 -0.00422240
v -0.11406573 0.08652287 0.01713150
v -0.11412081 0.08324691 0.02395198
v -0.11417629 0.07904192 0.03047902
v -0.11423008 0.07395148 0.03664043
v -0.11428044 0.06802925 0.04236645
v -0.11432607 0.06133885 0.04759090
v -0.11436610 0.05395349 0.05225245
v -0.11440007 0.04595519 0.05629572
v -0.11442777 0.03743379 0.05967236
v -0.11444919 0.02848578 0.06234179
v -0.11446438 0.01921304 0.06427186
v -0.11447345 0.00972155 0.06543930
v -0.11447647 0.00012000 0.06583001
v -0.10931407 0.00012000 -0.07540158
v -0.10931411 0.01029411 -0.07497544
v -0.10931423 0.02034625 -0.07370235
v -0.10931446 0.03015600 -0.07159815
v -0.10931483 0.03960594 -0.06868907
v -0.10931542 0.04858316 -0.06501138
v -0.10931637 0.05698076 -0.06061096
v -0.10931791 0.06469924 -0.05554267
v -0.10932041 0.07164788 -0.04986959
v -0.10932437 0.07774604 -0.04366203
v -0.10933046 0.08292422 -0.03699631
v -0.10933945 0.08712491 -0.02995337
v -0.10935216 0.09030313 -0.02261721
v -0.10936929 0.09242637 -0.01507340
v -0.10939122 0.09347423 -0.00740783
v -0.10949854 0.08871673 0.01897845
v -0.10953199 0.08517192 0.02585027
v -0.10956465 0.08071471 0.03241506
v -0.10959540 0.07538918 0.03860196
v -0.10962341 0.06924930 0.04434283
v -0.10964817 0.06235876 0.04957337
v -0.10966941 0.05479029 0.05423434
v -0.10968708 0.04662488 0.05827259
v -0.10970124 0.03795074 0.06164182
v -0.10971203 0.02886219 0.06430337
v -0.10971960 0.01945848 0.06622663
v -0.10972408 0.00984260 0.06738950
v -0.10972556 0.00012000 0.06777862
v -0.10494931 0.00012000 -0.07787814
v -0.10494939 0.01036400 -0.07745458
v -0.10494960 0.02048947 -0.07618904
v -0.10494986 0.03037933 -0.07409679
v -0.10495005 0.03991937 -0.07120313
v -0.10495003 0.04899966 -0.06754306
v -0.10494962 0.05751601 -0.06316084
v -0.10494868 0.06537129 -0.05810942
v -0.10494711 0.07247676 -0.05244964
v -0.10494489 0.07875330 -0.04624932
v -0.10494214 0.08413239 -0.03958197
v -0.10493908 0.08855694 -0.03252549
v -0.10493610 0.09198158 -0.02516060
v -0.10493363 0.09437259 -0.01756945
v -0.10493210 0.09570735 -0.00983455
v -0.10493763 0.09030996 0.02106210
v -0.10494057 0.08654910 0.02796626
v -0.10494340 0.08189249 0.03455263
v -0.10494584 0.07638453 0.04075158
v -0.10494773 0.07007936 0.04649643
v -0.10494903 0.06304042 0.05172461
v -0.10494977 0.05533979 0.05637872
v -0.10495006 0.04705726 0.06040741
v -0.10495003 0.03827937 0.06376617
v -0.10494983 0.02909832 0.06641785
v -0.10494958 0.01961088 0.06833312
v -0.10494938 0.00991727 0.06949081
v -0.10494931 0.00012000 0.06987814
v -0.10028137 0.00012000 -0.07996103
v -0.10028128 0.01041798 -0.07954020
v -0.10028100 0.02060084 -0.07828259
v -0.10028046 0.03055482 -0.07620286
v -0.10027958 0.04016885 -0.07332527
v -0.10027824 0.04933590 -0.06968336
v -0.10027634 0.05795429 -0.06531961
v -0.10027378 0.06592896 -0.06028485
v -0.10027053 0.07317273 -0.05463756
v -0.10026664 0.07960739 -0.04844303
v -0.10026228 0.08516475 -0.04177219
v -0.10025774 0.08978731 -0.03470042
v -0.10025345 0.09342872 -0.02730617
v -0.10024989 0.09605374 -0.01966961
v -0.10024752 0.09763790 -0.01187157
v -0.10025568 0.09161264 0.02328203
v -0.10025996 0.08764909 0.03020029
v -0.10026426 0.08280893 0.03678879
v -0.10026827 0.07713716 0.04298017
v -0.10027176 0.07068796 0.04871013
v -0.10027465 0.06352423 0.05391851
v -0.10027691 0.05571693 0.05855021
v -0.10027859 0.04734425 0.06255603
v -0.10027977 0.03849064 0.06589336
v -0.10028055 0.02924588 0.06852664
v -0.10028103 0.01970399 0.07042784
v -0.10028129 0.00996223 0.07157671
v -0.10028137 0.00012000 0.07196103
v -0.09561469 0.00012000 -0.08193445
v -0.09561450 0.01046967 -0.08151634
v -0.09561392 0.02070733 -0.08026673
v -0.09561290 0.03072223 -0.07819970
v -0.09561137 0.04040618 -0.07533855
v -0.09560925 0.04965477 -0.07171552
v -0.09560646 0.05836864 -0.06737147
v -0.09560296 0.06645466 -0.06235531
v -0.09559874 0.07382711 -0.05672339
v -0.09559389 0.08040875 -0.05053867
v -0.09558860 0.08613173 -0.04386972
v -0.09558320 0.09093837 -0.03678960
v -0.09557809 0.09478154 -0.02937455
v -0.09557379 0.09762478 -0.02170281
v -0.09557077 0.09944203 -0.01385351
v -0.09558077 0.09283723 0.02539862
v -0.09558585 0.08868690 0.03232606
v -0.09559101 0.08367742 0.03891331
v -0.09559591 0.07785421 0.04509509
v -0.09560033 0.07127138 0.05080926
v -0.09560414 0.06399129 0.05599778
v -0.09560728 0.05608383 0.06060762
v -0.09560978 0.04762570 0.06459150
v -0.09561168 0.03869952 0.06790846
v -0.09561306 0.02939286 0.07052437
v -0.09561399 0.01979730 0.07241234
v -0.09561452 0.01000747 0.07355294
v -0.09561469 0.00012000 0.07393445
v -0.09094926 0.00012000 -0.08379805
v -0.09094903 0.01051530 -0.08338284
v -0.09094834 0.02080149 -0.08214175
v -0.09094714 0.03087067 -0.08008831
v -0.09094539 0.04061733 -0.07724494
v -0.09094301 0.04993956 -0.07364271
v -0.09093995 0.05874019 -0.06932094
v -0.09093617 0.06692794 -0.06432678
v -0.09093169 0.07441854 -0.05871458
v -0.09092661 0.08113571 -0.05254514
v -0.09092111 0.08701209 -0.04588483
v -0.09091548 0.09198992 -0.03880446
v -0.09091014 0.09602153 -0.03137819
v -0.09090554 0.09906948 -0.02368229
v -0.09090217 0.10110633 -0.01579417
v -0.09091296 0.09396390 0.02742783
v -0.09091826 0.08964078 0.03435809
v -0.09092362 0.08447499 0.04093908
v -0.09092873 0.07851226 0.04710744
v -0.09093338 0.07180651 0.05280301
v -0.09093744 0.06441950 0.05796975
v -0.09094084 0.05642010 0.06255651
v -0.09094360 0.04788361 0.06651770
v -0.09094575 0.03889090 0.06981391
v -0.09094734 0.02952751 0.07241231
v -0.09094842 0.01988278 0.07428701
v -0.09094905 0.01004892 0.07541935
v -0.09094926 0.00012000 0.07579805
v -0.08628508 0.00012000 -0.08555153
v -0.08628488 0.01055213 -0.08513946
v -0.08628426 0.02087793 -0.08390759
v -0.08628319 0.03099221 -0.08186898
v -0.08628163 0.04079207 -0.07904523
v -0.08627951 0.05017797 -0.07546625
v -0.08627677 0.05905490 -0.07116995
v -0.08627339 0.06733338 -0.06620182
v -0.08626938 0.07493061 -0.06061432
v -0.08626480 0.08177131 -0.05446623
v -0.08625982 0.08778869 -0.04782176
v -0.08625468 0.09292509 -0.04074963
v -0.08624973 0.09713246 -0.03332191
v -0.08624538 0.10037256 -0.02561295
v -0.08624205 0.10261683 -0.01769838
v -0.08625236 0.09497601 0.02937677
v -0.08625723 0.09049328 0.03630299
v -0.08626210 0.08518386 0.04287203
v -0.08626672 0.07909360 0.04902237
v -0.08627090 0.07227618 0.05469573
v -0.08627453 0.06479270 0.05983789
v -0.08627757 0.05671102 0.06439945
v -0.08628004 0.04810505 0.06833642
v -0.08628195 0.03905399 0.07161079
v -0.08628337 0.02964149 0.07419093
v -0.08628433 0.01995475 0.07605190
v -0.08628490 0.01008368 0.07717572
v -0.08628508 0.00012000 0.07755153
v -0.08162213 0.00012000 -0.08719456
v -0.08162202 0.01057799 -0.08678589
v -0.08162166 0.02093236 -0.08556407
v -0.08162102 0.03108056 -0.08354169
v -0.08162006 0.04092222 -0.08073956
v -0.08161871 0.05036013 -0.07718652
v -0.08161691 0.05930140 -0.07291914
v -0.08161461 0.06765838 -0.06798130
v -0.08161179 0.07534972 -0.06242369
v -0.08160849 0.08230125 -0.05630313
v -0.08160480 0.08844682 -0.04968180
v -0.08160090 0.09372898 -0.04262634
v -0.08159705 0.09809950 -0.03520681
v -0.08159356 0.10151950 -0.02749562
v -0.08159079 0.10395949 -0.01956662
v -0.08159910 0.09585881 0.03124820
v -0.08160284 0.09122942 0.03816345
v -0.08160650 0.08578908 0.04471468
v -0.08160988 0.07958366 0.05084213
v -0.08161286 0.07266649 0.05648930
v -0.08161539 0.06509796 0.06160370
v -0.08161744 0.05694489 0.06613756
v -0.08161905 0.04827984 0.07004838
v -0.08162026 0.03918039 0.07329947
v -0.08162113 0.02972832 0.07586032
v -0.08162170 0.02000879 0.07770686
v -0.08162203 0.01010954 0.07882176
v -0.08162213 0.00012000 0.07919456
v -0.07696040 0.00012000 -0.08872681
v -0.07696043 0.01059109 -0.08832183
v -0.07696051 0.02096122 -0.08711092
v -0.07696060 0.03113046 -0.08510621
v -0.07696065 0.04100090 -0.08232777
v -0.07696059 0.05047769 -0.07880342
v -0.07696032 0.05947003 -0.07456843
v -0.07695979 0.06789211 -0.06966518
v -0.07695891 0.07566409 -0.06414262
v -0.07695768 0.08271295 -0.05805570
v -0.07695610 0.08897330 -0.05146464
v -0.07695425 0.09438804 -0.04443405
v -0.07695227 0.09890886 -0.03703198
v -0.07695036 0.10249645 -0.02932895
v -0.07694873 0.10512052 -0.02139700
v -0.07695334 0.09659881 0.03304250
v -0.07695519 0.09183581 0.03994005
v -0.07695685 0.08627756 0.04646770
v -0.07695822 0.07996984 0.05256739
v -0.07695927 0.07296556 0.05818432
v -0.07695999 0.06532434 0.06326765
v -0.07696042 0.05711192 0.06777115
v -0.07696061 0.04839952 0.07165374
v -0.07696065 0.03926311 0.07487996
v -0.07696059 0.02978263 0.07742034
v -0.07696050 0.02004128 0.07925165
v -0.07696042 0.01012466 0.08035718
v -0.07696040 0.00012000 0.08072681
v -0.07229984 0.00012000 -0.09014798
v -0.07230008 0.01058987 -0.08974696
v -0.07230078 0.02096143 -0.08854780
v -0.07230190 0.03113732 -0.08656220
v -0.07230337 0.04102213 -0.08380950
v -0.07230510 0.05052334 -0.08031654
v -0.07230698 0.05955226 -0.07611737
v -0.07230890 0.06802496 -0.07125289
v -0.07231074 0.07586316 -0.06577040
v -0.07231238 0.08299506 -0.05972304
v -0.07231376 0.08935614 -0.05316909
v -0.07231482 0.09488974 -0.04617119
v -0.07231555 0.09954763 -0.03879544
v -0.07231599 0.10329019 -0.03111044
v -0.07231622 0.10608649 -0.02318640
v -0.07231520 0.09718346 0.03475880
v -0.07231434 0.09230017 0.04163219
v -0.07231319 0.08663746 0.04813069
v -0.07231176 0.08024090 0.05419790
v -0.07231010 0.07316290 0.05978062
v -0.07230831 0.06546225 0.06482960
v -0.07230647 0.05720359 0.06930008
v -0.07230470 0.04845677 0.07315232
v -0.07230309 0.03929613 0.07635204
v -0.07230173 0.02979984 0.07887074
v -0.07230070 0.02004911 0.08068601
v -0.07230006 0.01012748 0.08178167
v -0.07229984 0.00012000 0.08214798
v -0.06764044 0.00012000 -0.09145773
v -0.06764095 0.01057296 -0.09106095
v -0.06764244 0.02093024 -0.08987436
v -0.06764488 0.03109709 -0.08790925
v -0.06764817 0.04098058 -0.08518428
v -0.06765220 0.05049055 -0.08172533
v -0.06765684 0.05954045 -0.07756527
v -0.06766191 0.06804826 -0.07274359
v -0.06766722 0.07593734 -0.06730598
v -0.06767258 0.08313719 -0.06130380
v -0.06767779 0.08958422 -0.05479348
v -0.06768265 0.09522238 -0.04783571
v -0.06768699 0.10000360 -0.04049463
v -0.06769064 0.10388809 -0.03283695
v -0.06769350 0.10684442 -0.02493105
v -0.06768479 0.09760098 0.03639545
v -0.06768037 0.09261111 0.04323861
v -0.06767554 0.08685787 0.04970270
v -0.06767048 0.08038655 0.05573290
v -0.06766534 0.07324897 0.06127760
v -0.06766032 0.06550304 0.06628907
v -0.06765557 0.05721224 0.07072394
v -0.06765126 0.04844502 0.07454376
v -0.06764753 0.03927410 0.07771536
v -0.06764450 0.02977584 0.08021120
v -0.06764227 0.02002952 0.08200959
v -0.06764090 0.01011659 0.08309491
v -0.06764044 0.00012000 0.08345773
v -0.06298215 0.00012000 -0.09265575
v -0.06298298 0.01053910 -0.09226347
v -0.06298544 0.02086517 -0.09109024
v -0.06298948 0.03100607 -0.08914694
v -0.06299500 0.04087140 -0.08645158
v -0.06300184 0.05037334 -0.08302914
v -0.06300983 0.05942757 -0.07891132
v -0.06301875 0.06795402 -0.07413625
v -0.06302832 0.07587774 -0.06874807
v -0.06303823 0.08312964 -0.06279643
v -0.06304816 0.08964717 -0.05633590
v -0.06305774 0.09537494 -0.04942525
v -0.06306660 0.10026520 -0.04212670
v -0.06307438 0.10427810 -0.03450505
v -0.06308071 0.10738181 -0.02662685
v -0.06306213 0.09784017 0.03795045
v -0.06305326 0.09275787 0.04475771
v -0.06304390 0.08692859 0.05118242
v -0.06303436 0.08039724 0.05717135
v -0.06302496 0.07321497 0.06267442
v -0.06301597 0.06543876 0.06764535
v -0.06300767 0.05713087 0.07204214
v -0.06300026 0.04835830 0.07582756
v -0.06299395 0.03919214 0.07896951
v -0.06298887 0.02970694 0.08144133
v -0.06298517 0.01998001 0.08322206
v -0.06298291 0.01009076 0.08429657
v -0.06298215 0.00012000 0.08465575
v -0.05832492 0.00012000 -0.09374173
v -0.05832613 0.01048715 -0.09335418
v -0.05832973 0.02076394 -0.09219504
v -0.05833566 0.03086088 -0.09027481
v -0.05834380 0.04069010 -0.08761084
v -0.05835395 0.05016621 -0.08422725
v -0.05836590 0.05920712 -0.08015463
v -0.05837935 0.06773481 -0.07542979
v -0.05839394 0.07567609 -0.07009535
v -0.05840924 0.08296334 -0.06419927
v -0.05842478 0.08953517 -0.05779431
v -0.05844000 0.09533698 -0.05093736
v -0.05845431 0.10032141 -0.04368870
v -0.05846711 0.10444868 -0.03611122
v -0.05847781 0.10768662 -0.02826964
v -0.05844718 0.09789030 0.03942165
v -0.05843297 0.09273021 0.04618769
v -0.05841820 0.08683993 0.05256840
v -0.05840335 0.08026394 0.05851206
v -0.05838889 0.07305263 0.06397011
v -0.05837522 0.06526196 0.06889767
v -0.05836271 0.05695293 0.07325405
v -0.05835164 0.04819105 0.07700320
v -0.05834227 0.03904574 0.08011403
v -0.05833478 0.02958969 0.08256075
v -0.05832934 0.01989827 0.08432306
v -0.05832603 0.01004881 0.08538632
v -0.05832492 0.00012000 0.08574173
v -0.05366869 0.00012000 -0.09471533
v -0.05367034 0.01041603 -0.09433275
v -0.05367526 0.02062443 -0.09318839
v -0.05368336 0.03065834 -0.09129238
v -0.05369450 0.04043249 -0.08866148
v -0.05370847 0.04986398 -0.08531894
v -0.05372496 0.05887300 -0.08129430
v -0.05374362 0.06738363 -0.07662308
v -0.05376398 0.07532455 -0.07134641
v -0.05378548 0.08262970 -0.06551062
v -0.05380747 0.08923894 -0.05916667
v -0.05382921 0.09509855 -0.05236957
v -0.05384986 0.10016170 -0.04517767
v -0.05386858 0.10438873 -0.03765196
v -0.05388448 0.10774725 -0.02985530
v -0.05383976 0.09774104 0.04080683
v -0.05381936 0.09251829 0.04752675
v -0.05379832 0.08658265 0.05385913
v -0.05377735 0.07997805 0.05975380
v -0.05375706 0.07275406 0.06516364
v -0.05373800 0.06496556 0.07004517
v -0.05372063 0.05667222 0.07435896
v -0.05370535 0.04793801 0.07807008
v -0.05369245 0.03883061 0.08114844
v -0.05368218 0.02942085 0.08356905
v -0.05367472 0.01978211 0.08531223
v -0.05367020 0.00998965 0.08636384
v -0.05366869 0.00012000 0.08671533
v -0.04901340 0.00012000 -0.09557624
v -0.04901554 0.01032475 -0.09519884
v -0.04902195 0.02044461 -0.09406990
v -0.04903251 0.03039544 -0.09219920
v -0.04904704 0.04009462 -0.08960292
v -0.04906530 0.04946174 -0.08630349
v -0.04908692 0.05841940 -0.08232943
v -0.04911144 0.06689383 -0.07771499
v -0.04913828 0.07481566 -0.07249989
v -0.04916674 0.08212050 -0.06672882
v -0.04919599 0.08874955 -0.06045097
v -0.04922505 0.09465010 -0.05371949
v -0.04925285 0.09977591 -0.04659078
v -0.04927827 0.10408754 -0.03912389
v -0.04930015 0.10755246 -0.03137984
v -0.04923955 0.09738233 0.04210384
v -0.04921218 0.09211256 0.04877308
v -0.04918410 0.08614776 0.05505314
v -0.04915622 0.07953124 0.06089533
v -0.04912936 0.07231167 0.06625400
v -0.04910422 0.06454277 0.07108701
v -0.04908137 0.05628280 0.07535617
v -0.04906131 0.04759412 0.07902764
v -0.04904443 0.03854266 0.08207225
v -0.04903101 0.02919733 0.08446579
v -0.04902127 0.01962946 0.08618921
v -0.04901537 0.00991223 0.08722879
v -0.04901340 0.00012000 0.08757624
v -0.04433153 0.00012000 -0.09635462
v -0.04433365 0.01022341 -0.09598243
v -0.04434000 0.02024467 -0.09486903
v -0.04435045 0.03010233 -0.09302382
v -0.04436483 0.03971638 -0.09046239
v -0.04438285 0.04900890 -0.08720636
v -0.04440414 0.05790484 -0.08328321
v -0.04442824 0.06633257 -0.07872595
v -0.04445453 0.07422462 -0.07357287
v -0.04448231 0.08151825 -0.06786708
v -0.04451073 0.08815597 -0.06165607
v -0.04453882 0.09408605 -0.05499117
v -0.04456551 0.09926293 -0.04792697
v -0.04458969 0.10364744 -0.04052070
v -0.04461024 0.10720701 -0.03283162
v -0.04452272 0.09691253 0.04336385
v -0.04449276 0.09160695 0.04998317
v -0.04446238 0.08562379 0.05621197
v -0.04443248 0.07900573 0.06200295
v -0.04440385 0.07180053 0.06731181
v -0.04437718 0.06406076 0.07209765
v -0.04435306 0.05584332 0.07632345
v -0.04433194 0.04720902 0.07995640
v -0.04431421 0.03822206 0.08296824
v -0.04430014 0.02894950 0.08533550
v -0.04428995 0.01946071 0.08703972
v -0.04428378 0.00982678 0.08806760
v -0.04428172 0.00012000 0.08841112
v -0.03965056 0.00012000 -0.09707599
v -0.03965260 0.01012546 -0.09670876
v -0.03965868 0.02005135 -0.09561010
v -0.03966869 0.02981875 -0.09378910
v -0.03968244 0.03935012 -0.09126077
v -0.03969965 0.04856993 -0.08804597
v -0.03971993 0.05740529 -0.08417119
v -0.03974282 0.06578663 -0.07966829
v -0.03976771 0.07364827 -0.07457421
v -0.03979391 0.08092902 -0.06893058
v -0.03982057 0.08757267 -0.06278330
v -0.03984678 0.09352846 -0.05618200
v -0.03987149 0.09875146 -0.04917956
v -0.03989366 0.10320282 -0.04183151
v -0.03991221 0.10684999 -0.03419545
v -0.03979937 0.09645531 0.04463838
v -0.03976788 0.09111790 0.05121178
v -0.03973623 0.08511924 0.05739341
v -0.03970530 0.07850136 0.06313726
v -0.03967585 0.07131119 0.06840024
v -0.03964854 0.06360020 0.07314263
v -0.03962391 0.05542404 0.07732847
v -0.03960241 0.04684205 0.08092592
v -0.03958439 0.03791683 0.08390754
v -0.03957011 0.02871371 0.08625056
v -0.03955979 0.01930021 0.08793707
v -0.03955354 0.00974554 0.08895416
v -0.03955145 0.00012000 0.08929406
v -0.03508267 0.07308709 -0.07550015
v -0.03510700 0.08035351 -0.06991619
v -0.03513164 0.08700061 -0.06383018
v -0.03515571 0.09297856 -0.05729021
v -0.03517824 0.09824307 -0.05034753
v -0.03519823 0.10275565 -0.04305604
v -0.03521469 0.10648379 -0.03547178
v -0.03507923 0.09601186 0.04591675
v -0.03504685 0.09064624 0.05244745
v -0.03501457 0.08463460 0.05858524
v -0.03498319 0.07801837 0.06428530
v -0.03495345 0.07084368 0.06950566
v -0.03492596 0.06316099 0.07420770
v -0.03490124 0.05502475 0.07835643
v -0.03487970 0.04649296 0.08192091
v -0.03486167 0.03762671 0.08487446
v -0.03484741 0.02848973 0.08719498
v -0.03483711 0.01914782 0.08886504
v -0.03483087 0.00966842 0.08987212
v -0.03482878 0.00012000 0.09020865
v -0.03039946 0.07254148 -0.07634705
v -0.03042164 0.07979230 -0.07082080
v -0.03044399 0.08644059 -0.06479423
v -0.03046568 0.09243742 -0.05831392
v -0.03048581 0.09773915 -0.05142961
v -0.03050346 0.10230763 -0.04419369
v -0.03051770 0.10611047 -0.03666068
v -0.03036245 0.09558335 0.04718791
v -0.03032982 0.09019282 0.05367850
v -0.03029749 0.08417046 0.05977516
v -0.03026621 0.07755714 0.06543417
v -0.03023668 0.07039821 0.07061463
v -0.03020946 0.06274320 0.07527890
v -0.03018503 0.05464544 0.07939292
v -0.03016378 0.04616168 0.08292656
v -0.03014602 0.03735161 0.08585388
v -0.03013199 0.02827746 0.08815335
v -0.03012185 0.01900347 0.08980804
v -0.03011572 0.00959538 0.09080576
v -0.03011367 0.00012000 0.09113915
v -0.02571813 0.07201187 -0.07711105
v -0.02573789 0.07924601 -0.07164106
v -0.02575768 0.08589344 -0.06567260
v -0.02577675 0.09190612 -0.05925086
v -0.02579426 0.09724103 -0.05242414
v -0.02580937 0.10186042 -0.04524337
v -0.02582126 0.10573201 -0.03776167
v -0.02564918 0.09517091 0.04844045
v -0.02561689 0.08975851 0.05489292
v -0.02558507 0.08372746 0.06095061
v -0.02555443 0.07711809 0.06657079
v -0.02552558 0.06997505 0.07171356
v -0.02549905 0.06234697 0.07634219
v -0.02547529 0.05428617 0.08042348
v -0.02545466 0.04584820 0.08392807
v -0.02543743 0.03709150 0.08683068
v -0.02542382 0.02807687 0.08911033
v -0.02541399 0.01886710 0.09075055
v -0.02540806 0.00952640 0.09173946
v -0.02540607 0.00012000 0.09206989
v -0.02570947 0.07337625 -0.07907969
v -0.02570947 0.08076976 -0.07349062
v -0.02570947 0.08757017 -0.06738611
v -0.02570947 0.09372746 -0.06081103
v -0.02570947 0.09919636 -0.05381376
v -0.02570947 0.10393664 -0.04644573
v -0.02570947 0.10791346 -0.03876115
v -0.02570947 0.09706647 0.04989590
v -0.02570947 0.09151896 0.05650445
v -0.02570947 0.08534388 0.06270169
v -0.02570947 0.07858365 0.06844506
v -0.02570947 0.07128467 0.07369513
v -0.02570947 0.06349707 0.07841585
v -0.02570947 0.05527430 0.08257481
v -0.02570947 0.04667284 0.08614345
v -0.02570947 0.03775173 0.08909726
v -0.02570947 0.02857224 0.09141598
v -0.02570947 0.01919739 0.09308367
v -0.02570947 0.00969156 0.09408889
v -0.02570947 0.00012000 0.09442473
v -0.02099895 0.07285766 -0.07976265
v -0.02099895 0.08023231 -0.07423025
v -0.02099895 0.08702878 -0.06818492
v -0.02099895 0.09319803 -0.06167030
v -0.02099895 0.09869551 -0.05473340
v -0.02099895 0.10348156 -0.04742429
v -0.02099895 0.10752164 -0.03979572
v -0.02099895 0.09666394 0.05112763
v -0.02099895 0.09109818 0.05769727
v -0.02099895 0.08491720 0.06385538
v -0.02099895 0.07816279 0.06956031
v -0.02099895 0.07088063 0.07477348
v -0.02099895 0.06311997 0.07945964
v -0.02099895 0.05493328 0.08358711
v -0.02099895 0.04637593 0.08712796
v -0.02099895 0.03750578 0.09005826
v -0.02099895 0.02838282 0.09235819
v -0.02099895 0.01906873 0.09401220
v -0.02099895 0.00962651 0.09500910
v -0.02099895 0.00012000 0.09534215
v -0.01628842 0.07235589 -0.08035414
v -0.01628842 0.07971100 -0.07487780
v -0.01628842 0.08650197 -0.06889122
v -0.01628842 0.09268066 -0.06243683
v -0.01628842 0.09820329 -0.05556038
v -0.01628842 0.10303070 -0.04831060
v -0.01628842 0.10712868 -0.04073889
v -0.01628842 0.09628040 0.05231659
v -0.01628842 0.09069895 0.05884858
v -0.01628842 0.08451365 0.06496897
v -0.01628842 0.07776573 0.07063697
v -0.01628842 0.07050018 0.07581479
v -0.01628842 0.06276543 0.08046792
v -0.01628842 0.05461305 0.08456532
v -0.01628842 0.04609739 0.08807969
v -0.01628842 0.03727521 0.09098760
v -0.01628842 0.02820534 0.09326966
v -0.01628842 0.01894823 0.09491066
v -0.01628842 0.00956560 0.09589965
v -0.01628842 0.00012000 0.09623005
v -0.01157789 0.07187130 -0.08084983
v -0.01157789 0.07920633 -0.07542938
v -0.01157789 0.08599041 -0.06950156
v -0.01157789 0.09217628 -0.06310765
v -0.01157789 0.09772085 -0.05629221
v -0.01157789 0.10258549 -0.04910270
v -0.01157789 0.10673631 -0.04158921
v -0.01157789 0.09591679 0.05345080
v -0.01157789 0.09032200 0.05994587
v -0.01157789 0.08413379 0.06602948
v -0.01157789 0.07739286 0.07166161
v -0.01157789 0.07014357 0.07680520
v -0.01157789 0.06243360 0.08142641
v -0.01157789 0.05431368 0.08549484
v -0.01157789 0.04583724 0.08898373
v -0.01157789 0.03706002 0.09187012
v -0.01157789 0.02803978 0.09413502
v -0.01157789 0.01883586 0.09576353
v -0.01157789 0.00950881 0.09674495
v -0.01157789 0.00012000 0.09707281
v -0.00686737 0.07140424 -0.08124530
v -0.00686737 0.07871881 -0.07588097
v -0.00686737 0.08549479 -0.07001234
v -0.00686737 0.09168577 -0.06367962
v -0.00686737 0.09724931 -0.05692621
v -0.00686737 0.10214729 -0.04979838
v -0.00686737 0.10634616 -0.04234497
v -0.00686737 0.09557397 0.05451813
v -0.00686737 0.08996800 0.06097654
v -0.00686737 0.08377811 0.06702383
v -0.00686737 0.07704454 0.07262069
v -0.00686737 0.06981104 0.07773075
v -0.00686737 0.06212463 0.08232080
v -0.00686737 0.05403526 0.08636100
v -0.00686737 0.04559551 0.08982512
v -0.00686737 0.03686021 0.09269062
v -0.00686737 0.02788614 0.09493889
v -0.00686737 0.01873162 0.09655531
v -0.00686737 0.00945615 0.09752939
v -0.00686737 0.00012000 0.09785478
v -0.00215684 0.07095508 -0.08153605
v -0.00215684 0.07824893 -0.07622844
v -0.00215684 0.08501577 -0.07041985
v -0.00215684 0.09120996 -0.06414946
v -0.00215684 0.09678972 -0.05745956
v -0.00215684 0.10171741 -0.05039528
v -0.00215684 0.10595980 -0.04300427
v -0.00215684 0.09525277 0.05550637
v -0.00215684 0.08963758 0.06192789
v -0.00215684 0.08344710 0.06793885
v -0.00215684 0.07672111 0.07350062
v -0.00215684 0.06950284 0.07857746
v -0.00215684 0.06183868 0.08313673
v -0.00215684 0.05377788 0.08714914
v -0.00215684 0.04537224 0.09058890
v -0.00215684 0.03667579 0.09343391
v -0.00215684 0.02774441 0.09566588
v -0.00215684 0.01863549 0.09727048
v -0.00215684 0.00940759 0.09823737
v -0.00215684 0.00012000 0.09856037
v 0.00255368 0.07052416 -0.08171752
v 0.00255368 0.07779716 -0.07646761
v 0.00255368 0.08455397 -0.07072031
v 0.00255368 0.09074967 -0.06451380
v 0.00255368 0.09634310 -0.05788933
v 0.00255368 0.10129707 -0.05089092
v 0.00255368 0.10557868 -0.04356509
v 0.00255368 0.09495390 0.05640332
v 0.00255368 0.08933132 0.06278723
v 0.00255368 0.08314119 0.06876140
v 0.00255368 0.07642290 0.07428782
v 0.00255368 0.06921919 0.07933133
v 0.00255368 0.06157588 0.08385984
v 0.00255368 0.05354161 0.08784456
v 0.00255368 0.04516748 0.09126012
v 0.00255368 0.03650678 0.09408480
v 0.00255368 0.02761458 0.09630063
v 0.00255368 0.01854748 0.09789351
v 0.00255368 0.00936314 0.09885331
v 0.00255368 0.00012000 0.09917392
v 0.00726421 0.07011178 -0.08178513
v 0.00726421 0.07736394 -0.07659425
v 0.00726421 0.08410996 -0.07090986
v 0.00726421 0.09030563 -0.06476920
v 0.00726421 0.09591036 -0.05821251
v 0.00726421 0.10088742 -0.05128276
v 0.00726421 0.10520420 -0.04402535
v 0.00726421 0.09467802 0.05719679
v 0.00726421 0.08904971 0.06354188
v 0.00726421 0.08286076 0.06947832
v 0.00726421 0.07615017 0.07496868
v 0.00726421 0.06896027 0.07997836
v 0.00726421 0.06133636 0.08447578
v 0.00726421 0.05332653 0.08843257
v 0.00726421 0.04498127 0.09182379
v 0.00726421 0.03635319 0.09462807
v 0.00726421 0.02749667 0.09682773
v 0.00726421 0.01846757 0.09840889
v 0.00726421 0.00932279 0.09936160
v 0.00726421 0.00012000 0.09967983
v 0.01197474 0.06971414 -0.08173363
v 0.01197474 0.07694514 -0.07660345
v 0.01197474 0.08367935 -0.07098396
v 0.01197474 0.08987324 -0.06491150
v 0.01197474 0.09548675 -0.05842534
v 0.01197474 0.10048358 -0.05156743
v 0.01197474 0.10483142 -0.04438209
v 0.01197474 0.09442011 0.05787615
v 0.01197474 0.08878796 0.06418073
v 0.01197474 0.08260125 0.07007806
v 0.01197474 0.07589869 0.07553126
v 0.01197474 0.06872218 0.08050622
v 0.01197474 0.06111662 0.08497184
v 0.01197474 0.05312957 0.08890018
v 0.01197474 0.04481098 0.09226667
v 0.01197474 0.03621289 0.09505025
v 0.01197474 0.02738905 0.09723353
v 0.01197474 0.01839467 0.09880284
v 0.01197474 0.00928600 0.09974837
v 0.01197474 0.00012000 0.10006421
v 0.01668526 0.06918924 -0.08153862
v 0.01668526 0.07638403 -0.07646984
v 0.01668526 0.08309173 -0.07091619
v 0.01668526 0.08926949 -0.06491313
v 0.01668526 0.09487787 -0.05849900
v 0.01668526 0.09988104 -0.05171478
v 0.01668526 0.10424704 -0.04460378
v 0.01668526 0.09398724 0.05848593
v 0.01668526 0.08836461 0.06474942
v 0.01668526 0.08219386 0.07060729
v 0.01668526 0.07551332 0.07602316
v 0.01668526 0.06836447 0.08096339
v 0.01668526 0.06079174 0.08539729
v 0.01668526 0.05284215 0.08929731
v 0.01668526 0.04456507 0.09263925
v 0.01668526 0.03601194 0.09540233
v 0.01668526 0.02723586 0.09756940
v 0.01668526 0.01829136 0.09912699
v 0.01668526 0.00923398 0.10006543
v 0.01668526 0.00012000 0.10037890
v 0.02139579 0.06848827 -0.08119519
v 0.02139579 0.07562668 -0.07618760
v 0.02139579 0.08228834 -0.07069969
v 0.02139579 0.08843119 -0.06476612
v 0.02139579 0.09401644 -0.05842435
v 0.02139579 0.09900883 -0.05171443
v 0.02139579 0.10337683 -0.04467871
v 0.02139579 0.09331115 0.05905219
v 0.02139579 0.08771553 0.06527509
v 0.02139579 0.08157894 0.07109415
v 0.02139579 0.07493929 0.07647344
v 0.02139579 0.06783758 0.08137974
v 0.02139579 0.06031766 0.08578274
v 0.02139579 0.05242599 0.08965525
v 0.02610632 0.06763953 -0.08071128
v 0.02610632 0.07470429 -0.07576426
v 0.02610632 0.08130308 -0.07034158
v 0.02610632 0.08739467 -0.06447711
v 0.02610632 0.09294101 -0.05820749
v 0.02610632 0.09790745 -0.05157189
v 0.02610632 0.10226295 -0.04461178
v 0.02610632 0.09242814 0.05957570
v 0.02610632 0.08687484 0.06575895
v 0.02610632 0.08078824 0.07154026
v 0.02610632 0.07420578 0.07688409
v 0.02610632 0.06716790 0.08175760
v 0.02610632 0.05971788 0.08613082
v 0.02610632 0.05190150 0.08997688
v 0.03081684 0.06667039 -0.08009495
v 0.03081684 0.07364708 -0.07520753
v 0.03081684 0.08016881 -0.06984914
v 0.03081684 0.08619525 -0.06405293
v 0.03081684 0.09168910 -0.05785477
v 0.03081684 0.09661636 -0.05129301
v 0.03081684 0.10094655 -0.04440824
v 0.03081684 0.09137361 0.06005744
v 0.03081684 0.08587578 0.06620239
v 0.03081684 0.07985266 0.07194738
v 0.03081684 0.07334113 0.07725723
v 0.03081684 0.06638108 0.08209941
v 0.03081684 0.05901515 0.08644425
v 0.03081684 0.05128846 0.09026515
v 0.03552737 0.06560735 -0.07935440
v 0.03552737 0.07248434 -0.07452526
v 0.03552737 0.07891746 -0.06922985
v 0.03552737 0.08486726 -0.06350065
v 0.03552737 0.09029725 -0.05737280
v 0.03552737 0.09517411 -0.05088389
v 0.03552737 0.09946794 -0.04407371
v 0.03552737 0.09018220 0.06049860
v 0.03552737 0.08475085 0.06660697
v 0.03552737 0.07880233 0.07231743
v 0.03552737 0.07237298 0.07759508
v 0.03552737 0.06550210 0.08240767
v 0.03552737 0.05823166 0.08672579
v 0.03552737 0.05060611 0.09052306
v 0.04023789 0.06447618 -0.07849792
v 0.04023789 0.07124458 -0.07372544
v 0.04023789 0.07758011 -0.06849136
v 0.04023789 0.08344419 -0.06282753
v 0.04023789 0.08880116 -0.05676842
v 0.04023789 0.09361840 -0.05035091
v 0.04023789 0.09786660 -0.04361407
v 0.04023789 0.08888789 0.06090052
v 0.04023789 0.08353190 0.06697439
v 0.04023789 0.07766680 0.07265243
v 0.04023789 0.07132840 0.07789997
v 0.04023789 0.06455539 0.08268499
v 0.04023789 0.05738910 0.08697829
v 0.04023789 0.04987327 0.09075364
v 0.04494842 0.00012000 -0.09605310
v 0.04494842 0.00854272 -0.09575437
v 0.04494842 0.01691453 -0.09485999
v 0.04494842 0.02518482 -0.09337537
v 0.04494842 0.03330359 -0.09130947
v 0.04494842 0.04122179 -0.08867479
v 0.04494842 0.04889153 -0.08548725
v 0.04494842 0.05626646 -0.08176612
v 0.04494842 0.06330201 -0.07753389
v 0.04494842 0.06995563 -0.07281616
v 0.04494842 0.07618712 -0.06764142
v 0.04494842 0.08195880 -0.06204097
v 0.04494842 0.08723579 -0.05604865
v 0.04494842 0.09198618 -0.04970069
v 0.04494842 0.09618127 -0.04303547
v 0.04494842 0.08752418 0.06126468
v 0.04494842 0.08225027 0.06730647
v 0.04494842 0.07647514 0.07295450
v 0.04494842 0.07023401 0.07817431
v 0.04494842 0.06356499 0.08293402
v 0.04494842 0.05650877 0.08720460
v 0.04494842 0.04910841 0.09095999
v 0.04965895 0.00012000 -0.09477907
v 0.04965895 0.00838058 -0.09448379
v 0.04965895 0.01659153 -0.09359975
v 0.04965895 0.02470348 -0.09213226
v 0.04965895 0.03266771 -0.09009013
v 0.04965895 0.04043634 -0.08748563
v 0.04965895 0.04796270 -0.08433441
v 0.04965895 0.05520155 -0.08065543
v 0.04965895 0.06210939 -0.07647077
v 0.04965895 0.06864471 -0.07180559
v 0.04965895 0.07476824 -0.06668793
v 0.04965895 0.08044318 -0.06114853
v 0.04965895 0.08563543 -0.05522069
v 0.04965895 0.09031377 -0.04894003
v 0.04965895 0.09445011 -0.04234429
v 0.04965895 0.08612417 0.06159269
v 0.04965895 0.08093700 0.06760512
v 0.04965895 0.07525608 0.07322585
v 0.04965895 0.06911612 0.07842054
v 0.04965895 0.06255465 0.08315745
v 0.04965895 0.05561173 0.08740766
v 0.04965895 0.04832980 0.09114518
v 0.05436947 0.00012000 -0.09342488
v 0.05436947 0.00821986 -0.09313289
v 0.05436947 0.01627128 -0.09225865
v 0.05436947 0.02422611 -0.09080741
v 0.05436947 0.03203678 -0.08878783
v 0.05436947 0.03965659 -0.08621200
v 0.05436947 0.04703997 -0.08309532
v 0.05436947 0.05414275 -0.07945642
v 0.05436947 0.06092248 -0.07531707
v 0.05436947 0.06733860 -0.07070202
v 0.05436947 0.07335274 -0.06563887
v 0.05436947 0.07892894 -0.06015790
v 0.05436947 0.08403386 -0.05429188
v 0.05436947 0.08863696 -0.04807590
v 0.05436947 0.09271071 -0.04154713
v 0.05436947 0.08472079 0.06188623
v 0.05436947 0.07962286 0.06787231
v 0.05436947 0.07403816 0.07346871
v 0.05436947 0.06800086 0.07864118
v 0.05436947 0.06154794 0.08335803
v 0.05436947 0.05471891 0.08759039
v 0.05436947 0.04755557 0.09131235
v 0.05908000 0.00012000 -0.09200000
v 0.05908000 0.00806368 -0.09171109
v 0.05908000 0.01596003 -0.09084609
v 0.05908000 0.02376204 -0.08941015
v 0.05908000 0.03142321 -0.08741183
v 0.05908000 0.03889791 -0.08486302
v 0.05908000 0.04614161 -0.08177891
v 0.05908000 0.05311118 -0.07817788
v 0.05908000 0.05976508 -0.07408137
v 0.05908000 0.06606369 -0.06951378
v 0.05908000 0.07196948 -0.06450232
v 0.05908000 0.07744728 -0.05907685
v 0.05908000 0.08246445 -0.05326969
v 0.05908000 0.08699110 -0.04711542
v 0.05908000 0.09100028 -0.04065071
v 0.06504844 0.09104427 -0.03459808
v 0.06993500 0.09083226 -0.02848931
v 0.07384784 0.09054324 -0.02256764
v 0.07689518 0.09028668 -0.01692721
v 0.07918518 0.09011732 -0.01157849
v 0.08082606 0.09004769 -0.00648931
v 0.08192598 0.09005861 -0.00160971
v 0.08259315 0.09010790 0.00311379
v 0.08293575 0.09013773 0.00773025
v 0.08306197 0.09008062 0.01228026
v 0.08308000 0.08986435 0.01679405
v 0.08306197 0.08944013 0.02128334
v 0.08293575 0.08885718 0.02572606
v 0.08259315 0.08818626 0.03010168
v 0.08192598 0.08749141 0.03439978
v 0.08082606 0.08682536 0.03861835
v 0.07918518 0.08622394 0.04276106
v 0.07689518 0.08569959 0.04683307
v 0.07384784 0.08523379 0.05083501
v 0.06993500 0.08476837 0.05475427
v 0.06504844 0.08419556 0.05855249
v 0.05908000 0.08334683 0.06214704
v 0.05908000 0.07833862 0.06811007
v 0.05908000 0.07284987 0.07368540
v 0.05908000 0.06691432 0.07883876
v 0.05908000 0.06056843 0.08353851
v 0.05908000 0.05385119 0.08775577
v 0.05908000 0.04680385 0.09146463
v 0.06464250 0.00012000 -0.08985741
v 0.06464250 0.00788186 -0.08957178
v 0.06464250 0.01559749 -0.08871660
v 0.06464250 0.02322092 -0.08729695
v 0.06464250 0.03070674 -0.08532129
v 0.06464250 0.03801036 -0.08280139
v 0.06464250 0.04508827 -0.07975227
v 0.06464250 0.05189832 -0.07619208
v 0.06464250 0.05839993 -0.07214204
v 0.06464250 0.06455437 -0.06762626
v 0.06464250 0.07032499 -0.06267165
v 0.06464250 0.07567741 -0.05730773
v 0.06464250 0.08057975 -0.05156644
v 0.06464250 0.08500280 -0.04548198
v 0.06464250 0.08892022 -0.03909060
v 0.07023792 0.08868035 -0.03277046
v 0.07481906 0.08828442 -0.02659366
v 0.07848735 0.08787763 -0.02071194
v 0.08134423 0.08754583 -0.01516521
v 0.08349111 0.08732793 -0.00993321
v 0.08502943 0.08722639 -0.00496749
v 0.08606061 0.08721616 -0.00021035
v 0.08668608 0.08725206 0.00439460
v 0.08700726 0.08727509 0.00889673
v 0.08712560 0.08721769 0.01333574
v 0.08714250 0.08700801 0.01774048
v 0.08712560 0.08659758 0.02212171
v 0.08700726 0.08603527 0.02645893
v 0.08668608 0.08539140 0.03073377
v 0.08606061 0.08473010 0.03493793
v 0.08502943 0.08410516 0.03907159
v 0.08349111 0.08355523 0.04314088
v 0.08134423 0.08309818 0.04715422
v 0.07848735 0.08272470 0.05111718
v 0.07481906 0.08239084 0.05502525
v 0.07023792 0.08200969 0.05885342
v 0.06464250 0.08144194 0.06254108
v 0.06464250 0.07654835 0.06843648
v 0.06464250 0.07118523 0.07394856
v 0.06464250 0.06538554 0.07904347
v 0.06464250 0.05918489 0.08368990
v 0.06464250 0.05262139 0.08785932
v 0.06464250 0.04573535 0.09152611
v 0.06464250 0.03856908 0.09466774
v 0.06464250 0.03116660 0.09726491
v 0.06464250 0.02357339 0.09930166
v 0.06464250 0.01583610 0.10076549
v 0.06464250 0.00800226 0.10164740
v 0.06464250 0.00012000 0.10194198
v 0.07020500 0.00012000 -0.08695879
v 0.07020500 0.00766722 -0.08667811
v 0.07020500 0.01516948 -0.08583774
v 0.07020500 0.02258210 -0.08444269
v 0.07020500 0.02986091 -0.08250127
v 0.07020500 0.03696256 -0.08002505
v 0.07020500 0.04384475 -0.07702876
v 0.07020500 0.05046647 -0.07353027
v 0.07020500 0.05678829 -0.06955042
v 0.07020500 0.06277255 -0.06511290
v 0.07020500 0.06838359 -0.06024415
v 0.07020500 0.07358800 -0.05497318
v 0.07020500 0.07835477 -0.04933139
v 0.07020500 0.08265551 -0.04335237
v 0.07020500 0.08646460 -0.03707176
v 0.07542739 0.08600692 -0.03064182
v 0.07970312 0.08547539 -0.02450150
v 0.08312686 0.08498585 -0.01872919
v 0.08579328 0.08460384 -0.01332257
v 0.08779704 0.08435487 -0.00823861
v 0.08923280 0.08423322 -0.00341781
v 0.09019523 0.08420936 0.00120182
v 0.09077900 0.08423625 0.00567719
v 0.09107878 0.08425470 0.01005641
v 0.09118922 0.08419793 0.01437717
v 0.09120500 0.08399533 0.01866614
v 0.09118922 0.08359933 0.02293277
v 0.09107878 0.08305784 0.02715825
v 0.09077900 0.08243999 0.03132642
v 0.09019523 0.08180912 0.03543101
v 0.08923280 0.08121924 0.03947404
v 0.08779704 0.08071078 0.04346363
v 0.08579328 0.08030585 0.04741076
v 0.08312686 0.08000271 0.05132495
v 0.07970312 0.07976959 0.05520825
v 0.07542739 0.07953764 0.05904682
v 0.07020500 0.07919312 0.06279866
v 0.07020500 0.07443485 0.06859188
v 0.07020500 0.06922004 0.07400844
v 0.07020500 0.06358073 0.07901505
v 0.07020500 0.05755155 0.08358097
v 0.07020500 0.05116955 0.08767813
v 0.07020500 0.04447393 0.09128137
v 0.07020500 0.03750583 0.09436856
v 0.07020500 0.03030806 0.09692072
v 0.07020500 0.02292483 0.09892218
v 0.07020500 0.01540150 0.10036064
v 0.07020500 0.00778429 0.10122727
v 0.07020500 0.00012000 0.10151673
v 0.07576750 0.00012000 -0.08343600
v 0.07576750 0.00742227 -0.08316171
v 0.07576750 0.01468103 -0.08234047
v 0.07576750 0.02185306 -0.08097718
v 0.07576750 0.02889563 -0.07907995
v 0.07576750 0.03576679 -0.07666009
v 0.07576750 0.04242560 -0.07373201
v 0.07576750 0.04883241 -0.07031316
v 0.07576750 0.05494905 -0.06642390
v 0.07576750 0.06073908 -0.06208739
v 0.07576750 0.06616800 -0.05732947
v 0.07576750 0.07120350 -0.05217849
v 0.07576750 0.07581556 -0.04666512
v 0.07576750 0.07997671 -0.04082220
v 0.07576750 0.08366217 -0.03468455
v 0.08061686 0.08304796 -0.02828264
v 0.08458718 0.08242560 -0.02226913
v 0.08776637 0.08188574 -0.01666548
v 0.09024233 0.08147668 -0.01143801
v 0.09210296 0.08121285 -0.00652799
v 0.09343617 0.08108200 -0.00186953
v 0.09432986 0.08105147 0.00260054
v 0.09487193 0.08107340 0.00693768
v 0.09515029 0.08108933 0.01118736
v 0.09525285 0.08103405 0.01538430
v 0.09526750 0.08083898 0.01955236
v 0.09525285 0.08045797 0.02369938
v 0.09515029 0.07993750 0.02780830
v 0.09487193 0.07934469 0.03186524
v 0.09432986 0.07874138 0.03586576
v 0.09343617 0.07818094 0.03981343
v 0.09210296 0.07770469 0.04371787
v 0.09024233 0.07733779 0.04759195
v 0.08776637 0.07708464 0.05144819
v 0.08458718 0.07692367 0.05529383
v 0.08061686 0.07680155 0.05912412
v 0.07576750 0.07662669 0.06291250
v 0.07576750 0.07202286 0.06857386
v 0.07576750 0.06697731 0.07386712
v 0.07576750 0.06152102 0.07875977
v 0.07576750 0.05568753 0.08322175
v 0.07576750 0.04951267 0.08722565
v 0.07576750 0.04303437 0.09074687
v 0.07576750 0.03629243 0.09376378
v 0.07576750 0.02932827 0.09625784
v 0.07576750 0.02218467 0.09821374
v 0.07576750 0.01490552 0.09961946
v 0.07576750 0.00753554 0.10046636
v 0.07576750 0.00012000 0.10074924
v 0.08133000 0.00012000 -0.07942094
v 0.08133000 0.00714951 -0.07915425
v 0.08133000 0.01413715 -0.07835575
v 0.08133000 0.02104129 -0.07703020
v 0.08133000 0.02782080 -0.07518551
v 0.08133000 0.03443531 -0.07283265
v 0.08133000 0.04084540 -0.06998565
v 0.08133000 0.04701290 -0.06666146
v 0.08133000 0.05290107 -0.06287988
v 0.08133000 0.05847483 -0.05866344
v 0.08133000 0.06370097 -0.05403727
v 0.08133000 0.06854838 -0.04902890
v 0.08133000 0.07298817 -0.04366819
v 0.08133000 0.07699389 -0.03798706
v 0.08133000 0.08054169 -0.03201935
v 0.08580633 0.07982740 -0.02576339
v 0.08947125 0.07915547 -0.01995282
v 0.09240588 0.07859515 -0.01456689
v 0.09469138 0.07818037 -0.00955019
v 0.09640889 0.07791656 -0.00483462
v 0.09763954 0.07778656 -0.00035195
v 0.09846449 0.07775576 0.00395957
v 0.09896486 0.07777647 0.00815220
v 0.09922181 0.07779175 0.01226762
v 0.09931648 0.07773876 0.01633685
v 0.09933000 0.07755164 0.02038045
v 0.09931648 0.07718614 0.02440437
v 0.09922181 0.07668683 0.02839339
v 0.09896486 0.07611816 0.03233584
v 0.09846449 0.07553974 0.03622892
v 0.09763954 0.07500358 0.04007747
v 0.09640889 0.07455100 0.04389213
v 0.09469138 0.07420918 0.04768703
v 0.09240588 0.07398727 0.05147678
v 0.08947125 0.07387214 0.05527258
v 0.08580633 0.07382358 0.05907679
v 0.08133000 0.07376901 0.06287538
v 0.08133000 0.06933714 0.06837998
v 0.08133000 0.06448005 0.07352667
v 0.08133000 0.05922757 0.07828385
v 0.08133000 0.05361197 0.08262229
v 0.08133000 0.04766775 0.08651532
v 0.08133000 0.04143143 0.08993905
v 0.08133000 0.03494131 0.09287242
v 0.08133000 0.02823728 0.09529743
v 0.08133000 0.02136051 0.09719917
v 0.08133000 0.01435325 0.09856597
v 0.08133000 0.00725855 0.09938942
v 0.08133000 0.00012000 0.09966447
v 0.08689250 0.00012000 -0.07504549
v 0.08689250 0.00685147 -0.07478736
v 0.08689250 0.01354284 -0.07401452
v 0.08689250 0.02015426 -0.07273155
v 0.08689250 0.02664633 -0.07094611
v 0.08689250 0.03298039 -0.06866883
v 0.08689250 0.03911871 -0.06591328
v 0.08689250 0.04502471 -0.06269586
v 0.08689250 0.05066323 -0.05903576
v 0.08689250 0.05600067 -0.05495476
v 0.08689250 0.06100524 -0.05047719
v 0.08689250 0.06564712 -0.04562970
v 0.08689250 0.06989867 -0.04044118
v 0.08689250 0.07373456 -0.03494254
v 0.08689250 0.07713193 -0.02916652
v 0.09099581 0.07636921 -0.02315455
v 0.09435531 0.07568542 -0.01760885
v 0.09704539 0.07513194 -0.01247948
v 0.09914043 0.07473091 -0.00769781
v 0.10071481 0.07447877 -0.00319075
v 0.10184291 0.07434530 0.00111350
v 0.10259911 0.07430327 0.00526786
v 0.10305779 0.07431268 0.00931654
v 0.10329333 0.07432111 0.01329606
v 0.10338010 0.07426807 0.01723413
v 0.10339250 0.07408896 0.02114894
v 0.10338010 0.07374016 0.02504523
v 0.10329333 0.07326556 0.02890935
v 0.10305779 0.07272834 0.03273176
v 0.10259911 0.07218579 0.03651161
v 0.10184291 0.07168563 0.04025544
v 0.10071481 0.07126194 0.04397510
v 0.09914043 0.07093519 0.04768524
v 0.09704539 0.07072740 0.05140063
v 0.09435531 0.07063406 0.05513505
v 0.09099581 0.07062587 0.05889625
v 0.08689250 0.07064640 0.06268002
v 0.08689250 0.06640244 0.06800781
v 0.08689250 0.06175128 0.07298918
v 0.08689250 0.05672150 0.07759355
v 0.08689250 0.05134399 0.08179263
v 0.08689250 0.04565180 0.08556061
v 0.08689250 0.03967988 0.08887436
v 0.08689250 0.03346494 0.09171351
v 0.08689250 0.02704515 0.09406063
v 0.08689250 0.02045994 0.09590128
v 0.08689250 0.01374978 0.09722417
v 0.08689250 0.00695589 0.09802117
v 0.08689250 0.00012000 0.09828739
v 0.09245500 0.00012000 -0.07044154
v 0.09245500 0.00653066 -0.07019272
v 0.09245500 0.01290313 -0.06944773
v 0.09245500 0.01919945 -0.06821101
v 0.09245500 0.02538212 -0.06648993
v 0.09245500 0.03141431 -0.06429475
v 0.09245500 0.03726008 -0.06163853
v 0.09245500 0.04288461 -0.05853710
v 0.09245500 0.04825441 -0.05500893
v 0.09245500 0.05333747 -0.05107505
v 0.09245500 0.05810353 -0.04675888
v 0.09245500 0.06252418 -0.04208614
v 0.09245500 0.06657311 -0.03708466
v 0.09245500 0.07022618 -0.03178424
v 0.09245500 0.07346165 -0.02621644
v 0.09618528 0.07269735 -0.02052661
v 0.09923937 0.07203587 -0.01529350
v 0.10168490 0.07150171 -0.01044140
v 0.10358949 0.07108251 -0.00588059
v 0.10502074 0.07079236 -0.00155643
v 0.10604628 0.07062642 0.00258093
v 0.10673374 0.07056019 0.00657812
v 0.10715072 0.07055315 0.01047673
v 0.10736484 0.07055294 0.01431130
v 0.10744373 0.07049956 0.01810788
v 0.10745500 0.07032912 0.02188318
v 0.10744373 0.06999848 0.02564105
v 0.10736484 0.06955099 0.02936940
v 0.10715072 0.06904909 0.03306080
v 0.10673374 0.06854956 0.03671650
v 0.10604628 0.06810000 0.04034496
v 0.10502074 0.06773500 0.04395967
v 0.10358949 0.06747240 0.04757621
v 0.10168490 0.06731033 0.05120945
v 0.09923937 0.06722847 0.05487181
v 0.09618528 0.06723059 0.05857395
v 0.09245500 0.06728520 0.06231919
v 0.09245500 0.06324350 0.06745492
v 0.09245500 0.05881401 0.07225672
v 0.09245500 0.05402394 0.07669511
v 0.09245500 0.04890272 0.08074282
v 0.09245500 0.04348181 0.08437497
v 0.09245500 0.03779451 0.08756926
v 0.09245500 0.03187576 0.09030607
v 0.09245500 0.02576193 0.09256857
v 0.09245500 0.01949057 0.09434288
v 0.09245500 0.01310020 0.09561808
v 0.09245500 0.00663010 0.09638635
v 0.09245500 0.00012000 0.09664296
v 0.09801750 0.00012000 -0.06574097
v 0.09801750 0.00618959 -0.06550196
v 0.09801750 0.01222302 -0.06478634
v 0.09801750 0.01818435 -0.06359838
v 0.09801750 0.02403808 -0.06194516
v 0.09801750 0.02974933 -0.05983652
v 0.09801750 0.03528408 -0.05728502
v 0.09801750 0.04060937 -0.05430587
v 0.09801750 0.04569347 -0.05091680
v 0.09801750 0.05050609 -0.04713801
v 0.09801750 0.05501858 -0.04299201
v 0.09801750 0.05920404 -0.03850350
v 0.09801750 0.06303755 -0.03369920
v 0.09801750 0.06649626 -0.02860774
v 0.09801750 0.06955959 -0.02325946
v 0.10137475 0.06882818 -0.01794433
v 0.10412344 0.06814729 -0.01300278
v 0.10632441 0.06755614 -0.00837413
v 0.10803854 0.06709070 -0.00401369
v 0.10932667 0.06676480 0.00012390
v 0.11024966 0.06657116 0.00408452
v 0.11086836 0.06648391 0.00791239
v 0.11124365 0.06646226 0.01164740
v 0.11143636 0.06645436 0.01532272
v 0.11150736 0.06640125 0.01896314
v 0.11151750 0.06624034 0.02258409
v 0.11150736 0.06592935 0.02618873
v 0.11143636 0.06551072 0.02976651
v 0.11124365 0.06504556 0.03331215
v 0.11086836 0.06458963 0.03682911
v 0.11024966 0.06419005 0.04032813
v 0.10932667 0.06388168 0.04382492
v 0.10803854 0.06368367 0.04733709
v 0.10632441 0.06359644 0.05088060
v 0.10412344 0.06359983 0.05446670
v 0.10137475 0.06365285 0.05810070
v 0.09801750 0.06371176 0.06178563
v 0.09801750 0.05988509 0.06671887
v 0.09801750 0.05569126 0.07133137
v 0.09801750 0.05115604 0.07559477
v 0.09801750 0.04630729 0.07948290
v 0.09801750 0.04117479 0.08297185
v 0.09801750 0.03579008 0.08604021
v 0.09801750 0.03018623 0.08866911
v 0.09801750 0.02439768 0.09084242
v 0.09801750 0.01845998 0.09254677
v 0.09801750 0.01240961 0.09377170
v 0.09801750 0.00628374 0.09450968
v 0.09801750 0.00012000 0.09475618
v 0.10358000 0.00012000 -0.06099739
v 0.10358000 0.00582583 -0.06076862
v 0.10358000 0.01149767 -0.06008368
v 0.10358000 0.01710174 -0.05894664
v 0.10358000 0.02260465 -0.05736428
v 0.10358000 0.02797362 -0.05534603
v 0.10358000 0.03317667 -0.05290390
v 0.10358000 0.03818281 -0.05005245
v 0.10358000 0.04296222 -0.04680865
v 0.10358000 0.04748642 -0.04319184
v 0.10358000 0.05172846 -0.03922356
v 0.10358000 0.05566309 -0.03492744
v 0.10358000 0.05926685 -0.03032908
v 0.10358000 0.06251828 -0.02545587
v 0.10358000 0.06539802 -0.02033684
v 0.10656422 0.06459766 -0.01531272
v 0.10900750 0.06385268 -0.01061462
v 0.11096392 0.06321472 -0.00620903
v 0.11248759 0.06271468 -0.00205854
v 0.11363259 0.06236233 0.00187863
v 0.11445303 0.06214774 0.00564637
v 0.11500299 0.06204394 0.00928754
v 0.11533657 0.06201027 0.01284090
v 0.11550787 0.06199601 0.01633849
v 0.11557098 0.06194395 0.01980402
v 0.11558000 0.06179350 0.02325182
v 0.11557098 0.06150378 0.02668444
v 0.11550787 0.06111580 0.03009287
v 0.11533657 0.06068864 0.03347389
v 0.11500299 0.06027639 0.03683312
v 0.11445303 0.05992514 0.04018356
v 0.11363259 0.05966966 0.04354344
v 0.11248759 0.05953027 0.04693302
v 0.11096392 0.05950994 0.05037091
v 0.10900750 0.05959231 0.05387024
v 0.10656422 0.05974099 0.05743565
v 0.10358000 0.05990065 0.06106281
v 0.10358000 0.05630332 0.06578459
v 0.10358000 0.05236083 0.07019937
v 0.10358000 0.04809741 0.07428002
v 0.10358000 0.04353925 0.07800148
v 0.10358000 0.03871435 0.08134089
v 0.10358000 0.03365234 0.08427772
v 0.10358000 0.02838434 0.08679393
v 0.10358000 0.02294270 0.08887408
v 0.10358000 0.01736085 0.09050538
v 0.10358000 0.01167308 0.09167780
v 0.10358000 0.00591434 0.09238414
v 0.10358000 0.00012000 0.09262008
v 0.10914250 0.00012000 -0.05589930
v 0.10914250 0.00541994 -0.05568195
v 0.10914250 0.01068832 -0.05503121
v 0.10914250 0.01589374 -0.05395094
v 0.10914250 0.02100520 -0.05244759
v 0.10914250 0.02599225 -0.05053010
v 0.10914250 0.03082518 -0.04820991
v 0.10914250 0.03547520 -0.04550083
v 0.10914250 0.03991463 -0.04241900
v 0.10914250 0.04411700 -0.03898278
v 0.10914250 0.04805728 -0.03521263
v 0.10914250 0.05171202 -0.03113102
v 0.10914250 0.05505942 -0.02676225
v 0.10914250 0.05807957 -0.02213236
v 0.10914250 0.06075445 -0.01726892
v 0.11175369 0.05988955 -0.01251342
v 0.11389156 0.05910201 -0.00806588
v 0.11560343 0.05843643 -0.00389928
v 0.11693664 0.05791768 0.00002119
v 0.11793852 0.05755114 0.00373611
v 0.11865640 0.05732440 0.00728854
v 0.11913762 0.05720979 0.01072046
v 0.11942950 0.05716745 0.01406954
v 0.11957939 0.05714855 0.01736674
v 0.11963461 0.05709846 0.02063464
v 0.11964250 0.05695949 0.02388650
v 0.11963461 0.05669279 0.02712438
v 0.11957939 0.05633729 0.03034069
v 0.11942950 0.05594923 0.03353412
v 0.11913762 0.05558023 0.03671217
v 0.11865640 0.05527463 0.03988989
v 0.11793852 0.05506661 0.04308779
v 0.11693664 0.05497732 0.04632894
v 0.11560343 0.05501222 0.04963532
v 0.11389156 0.05515921 0.05302373
v 0.11175369 0.05538751 0.05650201
v 0.10914250 0.05564814 0.06006644
v 0.10914250 0.05230671 0.06455246
v 0.10914250 0.04864467 0.06874681
v 0.10914250 0.04468453 0.07262372
v 0.10914250 0.04045061 0.07615937
v 0.10914250 0.03596893 0.07933204
v 0.10914250 0.03126701 0.08212223
v 0.10914250 0.02637375 0.08451281
v 0.10914250 0.02131920 0.08648910
v 0.10914250 0.01613442 0.08803894
v 0.10914250 0.01085125 0.08915283
v 0.10914250 0.00550216 0.08982390
v 0.10914250 0.00012000 0.09004806
v 0.11470500 0.00012000 -0.05021261
v 0.11470500 0.00496463 -0.05000850
v 0.11470500 0.00978040 -0.04939738
v 0.11470500 0.01453862 -0.04838289
v 0.11470500 0.01921095 -0.04697108
v 0.11470500 0.02376957 -0.04517035
v 0.11470500 0.02818730 -0.04299144
v 0.11470500 0.03243785 -0.04044732
v 0.11470500 0.03649588 -0.03755315
v 0.11470500 0.04033722 -0.03432616
v 0.11470500 0.04393900 -0.03078558
v 0.11470500 0.04727976 -0.02695250
v 0.11470500 0.05033959 -0.02284976
v 0.11470500 0.05310027 -0.01850179
v 0.11470500 0.05554536 -0.01393449
v 0.11694317 0.05464880 -0.00946556
v 0.11877562 0.05384833 -0.00529548
v 0.12024294 0.05318026 -0.00139802
v 0.12138569 0.05266295 0.00226183
v 0.12224444 0.05229747 0.00572471
v 0.12285977 0.05206937 0.00903313
v 0.12327224 0.05195098 0.01222801
v 0.12352243 0.05190406 0.01534566
v 0.12365091 0.05188261 0.01841562
v 0.12369824 0.05183557 0.02145911
v 0.12370500 0.05170922 0.02448828
v 0.12369824 0.05146738 0.02750471
v 0.12365091 0.05114626 0.03050217
v 0.12352243 0.05079824 0.03348093
v 0.12327224 0.05047153 0.03644995
v 0.12285977 0.05020790 0.03942574
v 0.12224444 0.05004022 0.04243056
v 0.12138569 0.04998991 0.04548981
v 0.12024294 0.05006468 0.04862873
v 0.11877562 0.05025672 0.05186853
v 0.11694317 0.05054151 0.05522237
v 0.11470500 0.05087773 0.05869181
v 0.11470500 0.04782336 0.06290467
v 0.11470500 0.04447593 0.06684362
v 0.11470500 0.04085600 0.07048446
v 0.11470500 0.03698582 0.07380482
v 0.11470500 0.03288916 0.07678430
v 0.11470500 0.02859118 0.07940459
v 0.11470500 0.02411830 0.08164961
v 0.11470500 0.01949798 0.08350556
v 0.11470500 0.01475862 0.08496103
v 0.11470500 0.00992933 0.08600708
v 0.11470500 0.00503978 0.08663730
v 0.11470500 0.00012000 0.08684780
v 0.12026750 0.00012000 -0.04372248
v 0.12026750 0.00445410 -0.04353401
v 0.12026750 0.00876239 -0.04296973
v 0.12026750 0.01301919 -0.04203300
v 0.12026750 0.01719915 -0.04072939
v 0.12026750 0.02127738 -0.03906668
v 0.12026750 0.02522958 -0.03705476
v 0.12026750 0.02903220 -0.03470563
v 0.12026750 0.03266259 -0.03203327
v 0.12026750 0.03609914 -0.02905361
v 0.12026750 0.03932136 -0.02578439
v 0.12026750 0.04231007 -0.02224509
v 0.12026750 0.04504746 -0.01845680
v 0.12026750 0.04751722 -0.01444206
v 0.12026750 0.04970465 -0.01022482
v 0.12213264 0.04882035 -0.00608825
v 0.12365969 0.04804472 -0.00224230
v 0.12488245 0.04740520 0.00134157
v 0.12583474 0.04691371 0.00469972
v 0.12655037 0.04656751 0.00787279
v 0.12706314 0.04635088 0.01090221
v 0.12740687 0.04623702 0.01382707
v 0.12761536 0.04619037 0.01668160
v 0.12772242 0.04616884 0.01949326
v 0.12776187 0.04612611 0.02228156
v 0.12776750 0.04601358 0.02505731
v 0.12776187 0.04579856 0.02782164
v 0.12772242 0.04551377 0.03056951
v 0.12761536 0.04520656 0.03330241
v 0.12740687 0.04492067 0.03603010
v 0.12706314 0.04469432 0.03876974
v 0.12655037 0.04455815 0.04154432
v 0.12583474 0.04453315 0.04438056
v 0.12488245 0.04462872 0.04730607
v 0.12365969 0.04484107 0.05034600
v 0.12213264 0.04515208 0.05351934
v 0.12026750 0.04552889 0.05683521
v 0.12026750 0.04279639 0.06072519
v 0.12026750 0.03980171 0.06436224
v 0.12026750 0.03656325 0.06772404
v 0.12026750 0.03310091 0.07078991
v 0.12026750 0.02943595 0.07354104
v 0.12026750 0.02559089 0.07596051
v 0.12026750 0.02158936 0.07803346
v 0.12026750 0.01745593 0.07974716
v 0.12026750 0.01321601 0.08109108
v 0.12026750 0.00889563 0.08205696
v 0.12026750 0.00452133 0.08263888
v 0.12026750 0.00012000 0.08283325
v 0.12583000 0.00012000 -0.03621406
v 0.12583000 0.00388259 -0.03604425
v 0.12583000 0.00762277 -0.03553580
v 0.12583000 0.01131825 -0.03469176
v 0.12583000 0.01494703 -0.03351716
v 0.12583000 0.01848749 -0.03201898
v 0.12583000 0.02191853 -0.03020615
v 0.12583000 0.02521973 -0.02808948
v 0.12583000 0.02837141 -0.02568157
v 0.12583000 0.03135480 -0.02299676
v 0.12583000 0.03415213 -0.02005105
v 0.12583000 0.03674673 -0.01686198
v 0.12583000 0.03912316 -0.01344855
v 0.12583000 0.04126725 -0.00983110
v 0.12583000 0.04316623 -0.00603117
v 0.12732211 0.04234915 -0.00230061
v 0.12854375 0.04164425 0.00115475
v 0.12952196 0.04107024 0.00436634
v 0.13028379 0.04063320 0.00737119
v 0.13085630 0.04032750 0.01020873
v 0.13126651 0.04013592 0.01291838
v 0.13154150 0.04002989 0.01553679
v 0.13170829 0.03998264 0.01809221
v 0.13179394 0.03995980 0.02060899
v 0.13182549 0.03992115 0.02310508
v 0.13183000 0.03982356 0.02559038
v 0.13182549 0.03963778 0.02806575
v 0.13179394 0.03939306 0.03052772
v 0.13170829 0.03913140 0.03297946
v 0.13154150 0.03889071 0.03543155
v 0.13126651 0.03870205 0.03789959
v 0.13085630 0.03858808 0.04040166
v 0.13028379 0.03857215 0.04296614
v 0.12952196 0.03866573 0.04562226
v 0.12854375 0.03886846 0.04839750
v 0.12732211 0.03916831 0.05131552
v 0.12583000 0.03954111 0.05439292
v 0.12583000 0.03716892 0.05789797
v 0.12583000 0.03456913 0.06117512
v 0.12583000 0.03175771 0.06420425
v 0.12583000 0.02875192 0.06696674
v 0.12583000 0.02557024 0.06944562
v 0.12583000 0.02223221 0.07162567
v 0.12583000 0.01875833 0.07349350
v 0.12583000 0.01516995 0.07503762
v 0.12583000 0.01148912 0.07624855
v 0.12583000 0.00773844 0.07711886
v 0.12583000 0.00394096 0.07764319
v 0.12583000 0.00012000 0.07781832
v 0.13139250 0.00012000 -0.02746455
v 0.13139250 0.00324405 -0.02731701
v 0.13139250 0.00634949 -0.02687526
v 0.13139250 0.00941782 -0.02614195
v 0.13139250 0.01243077 -0.02512143
v 0.13139250 0.01537038 -0.02381978
v 0.13139250 0.01821915 -0.02224476
v 0.13139250 0.02096010 -0.02040576
v 0.13139250 0.02357691 -0.01831372
v 0.13139250 0.02605400 -0.01598110
v 0.13139250 0.02837660 -0.01342181
v 0.13139250 0.03053088 -0.01065109
v 0.13139250 0.03250401 -0.00768544
v 0.13139250 0.03428423 -0.00454253
v 0.13139250 0.03586094 -0.00124108
v 0.13251158 0.03511562 0.00204679
v 0.13342781 0.03442694 0.00511636
v 0.13416147 0.03383675 0.00795781
v 0.13473285 0.03336655 0.01058848
v 0.13516222 0.03302098 0.01304060
v 0.13546989 0.03279101 0.01535263
v 0.13567612 0.03265679 0.01756317
v 0.13580122 0.03259027 0.01970683
v 0.13586545 0.03255755 0.02181150
v 0.13588912 0.03252094 0.02389674
v 0.13589250 0.03244076 0.02597292
v 0.13588912 0.03229026 0.02804123
v 0.13586545 0.03209611 0.03010087
v 0.13580122 0.03189689 0.03215909
v 0.13567612 0.03172806 0.03423187
v 0.13546989 0.03162032 0.03634269
v 0.13516222 0.03159765 0.03852044
v 0.13473285 0.03167518 0.04079628
v 0.13416147 0.03185698 0.04319888
v 0.13342781 0.03213361 0.04574777
v 0.13251158 0.03247963 0.04844386
v 0.13139250 0.03285103 0.05125650
v 0.13139250 0.03088142 0.05430175
v 0.13139250 0.02872283 0.05714900
v 0.13139250 0.02638853 0.05978077
v 0.13139250 0.02389285 0.06218087
v 0.13139250 0.02125113 0.06433457
v 0.13139250 0.01847959 0.06622864
v 0.13139250 0.01559526 0.06785144
v 0.13139250 0.01261585 0.06919300
v 0.13139250 0.00955969 0.07024509
v 0.13139250 0.00644553 0.07100122
v 0.13139250 0.00329251 0.07145677
v 0.13139250 0.00012000 0.07160893
v 0.13695500 0.00012000 -0.01489949
v 0.13695500 0.00245223 -0.01478552
v 0.13695500 0.00477057 -0.01444428
v 0.13695500 0.00706120 -0.01387780
v 0.13695500 0.00931049 -0.01308947
v 0.13695500 0.01150503 -0.01208397
v 0.13695500 0.01363175 -0.01086729
v 0.13695500 0.01567799 -0.00944669
v 0.13695500 0.01763154 -0.00783062
v 0.13695500 0.01948079 -0.00602871
v 0.13695500 0.02121470 -0.00405170
v 0.13695500 0.02282296 -0.00191136
v 0.13695500 0.02429598 0.00037956
v 0.13695500 0.02562499 0.00280741
v 0.13695500 0.02680207 0.00535773
v 0.13770106 0.02607516 0.00807481
v 0.13831187 0.02544994 0.01051807
v 0.13880098 0.02493852 0.01272233
v 0.13918190 0.02454322 0.01472761
v 0.13946815 0.02425800 0.01657506
v 0.13967326 0.02406977 0.01830394
v 0.13981075 0.02395967 0.01994952
v 0.13989414 0.02390438 0.02154146
v 0.13993697 0.02387721 0.02310284
v 0.13995275 0.02384924 0.02464949
v 0.13995500 0.02379036 0.02618958
v 0.13995275 0.02368030 0.02772401
v 0.13993697 0.02353925 0.02925298
v 0.13989414 0.02339648 0.03078352
v 0.13981075 0.02327920 0.03232998
v 0.13967326 0.02321159 0.03391348
v 0.13946815 0.02321377 0.03556105
v 0.13918190 0.02330073 0.03730435
v 0.13880098 0.02348123 0.03917790
v 0.13831187 0.02375670 0.04121668
v 0.13770106 0.02412013 0.04345284
v 0.13695500 0.02455505 0.04591130
v 0.13695500 0.02308465 0.04826370
v 0.13695500 0.02147318 0.05046316
v 0.13695500 0.01973053 0.05249616
v 0.13695500 0.01786740 0.05435020
v 0.13695500 0.01589525 0.05601390
v 0.13695500 0.01382618 0.05747704
v 0.13695500 0.01167291 0.05873063
v 0.13695500 0.00944867 0.05976697
v 0.13695500 0.00716711 0.06057968
v 0.13695500 0.00484226 0.06116379
v 0.13695500 0.00248841 0.06151569
v 0.13695500 0.00012000 0.06163323
v 0.14251750 0.00012000 0.00196065
v 0.14251750 0.00149017 0.00202831
v 0.14251750 0.00285218 0.00223088
v 0.14251750 0.00419791 0.00256717
v 0.14251750 0.00551935 0.00303516
v 0.14251750 0.00680863 0.00363208
v 0.14251750 0.00805806 0.00435435
v 0.14251750 0.00926021 0.00519769
v 0.14251750 0.01040791 0.00615706
v 0.14251750 0.01149433 0.00722676
v 0.14251750 0.01251299 0.00840041
v 0.14251750 0.01345783 0.00967101
v 0.14251750 0.01432322 0.01103101
v 0.14251750 0.01510401 0.01247229
v 0.14251750 0.01579553 0.01398628
v 0.14289053 0.01539245 0.01559471
v 0.14319594 0.01505717 0.01702966
v 0.14344049 0.01479067 0.01832077
v 0.14363095 0.01459025 0.01949639
v 0.14377407 0.01444987 0.02058280
v 0.14387663 0.01436064 0.02160351
v 0.14394537 0.01431128 0.02257875
v 0.14398707 0.01428854 0.02352512
v 0.14400848 0.01427770 0.02445525
v 0.14401637 0.01426303 0.02537762
v 0.14401750 0.01422822 0.02629646
v 0.14401637 0.01416233 0.02721198
v 0.14400848 0.01407630 0.02812425
v 0.14398707 0.01398598 0.02903717
v 0.14394537 0.01390621 0.02995877
v 0.14387663 0.01385036 0.03090103
v 0.14377407 0.01382994 0.03187953
v 0.14363095 0.01385409 0.03291316
v 0.14344049 0.01392924 0.03402358
v 0.14319594 0.01405865 0.03523467
v 0.14289053 0.01424208 0.03657176
v 0.14251750 0.01447542 0.03806078
v 0.14251750 0.01361158 0.03945728
v 0.14251750 0.01266485 0.04076298
v 0.14251750 0.01164105 0.04196986
v 0.14251750 0.01054648 0.04307051
v 0.14251750 0.00938785 0.04405816
v 0.14251750 0.00817229 0.04492675
v 0.14251750 0.00690725 0.04567094
v 0.14251750 0.00560053 0.04628616
v 0.14251750 0.00426013 0.04676862
v 0.14251750 0.00289430 0.04711537
v 0.14251750 0.00151142 0.04732428
v 0.14251750 0.00012000 0.04739406
v 0.14808000 0.00012000 0.02100000
v 0.14808000 0.00042849 0.02101489
v 0.14808000 0.00073515 0.02105948
v 0.14808000 0.00103814 0.02113350
v 0.14808000 0.00133566 0.02123650
v 0.14808000 0.00162594 0.02136789
v 0.14808000 0.00190725 0.02152686
v 0.14808000 0.00217791 0.02171248
v 0.14808000 0.00243631 0.02192364
v 0.14808000 0.00268092 0.02215908
v 0.14808000 0.00291027 0.02241741
v 0.14808000 0.00312300 0.02269707
v 0.14808000 0.00331784 0.02299641
v 0.14808000 0.00349364 0.02331364
v 0.14808000 0.00364933 0.02364687
v 0.14808000 0.00374055 0.02387442
v 0.14808000 0.00382240 0.02410747
v 0.14808000 0.00389464 0.02434543
v 0.14808000 0.00395711 0.02458767
v 0.14808000 0.00400963 0.02483357
v 0.14808000 0.00405208 0.02508250
v 0.14808000 0.00408434 0.02533381
v 0.14808000 0.00410632 0.02558684
v 0.14808000 0.00411798 0.02584094
v 0.14808000 0.00411927 0.02609545
v 0.14808000 0.00411020 0.02634971
v 0.14808000 0.00409080 0.02660307
v 0.14808000 0.00406110 0.02685487
v 0.14808000 0.00402119 0.02710445
v 0.14808000 0.00397118 0.02735117
v 0.14808000 0.00391118 0.02759439
v 0.14808000 0.00384136 0.02783348
v 0.14808000 0.00376190 0.02806781
v 0.14808000 0.00367300 0.02829679
v 0.14808000 0.00357490 0.02851982
v 0.14808000 0.00346784 0.02873632
v 0.14808000 0.00335211 0.02894572
v 0.14808000 0.00315762 0.02925310
v 0.14808000 0.00294446 0.02954048
v 0.14808000 0.00271395 0.02980612
v 0.14808000 0.00246751 0.03004838
v 0.14808000 0.00220665 0.03026576
v 0.14808000 0.00193296 0.03045694
v 0.14808000 0.00164814 0.03062074
v 0.14808000 0.00135394 0.03075615
v 0.14808000 0.00105215 0.03086234
v 0.14808000 0.00074463 0.03093866
v 0.14808000 0.00043328 0.03098464
v 0.14808000 0.00012000 0.03100000
v -0.02555813 0.07201187 -0.07711105
v -0.02557789 0.07924601 -0.07164106
v -0.02559768 0.08589344 -0.06567260
v -0.02561675 0.09190612 -0.05925086
v -0.02563426 0.09724103 -0.05242414
v -0.02564937 0.10186042 -0.04524337
v -0.02566126 0.10573201 -0.03776167
v -0.02548918 0.09517091 0.04844045
v -0.02545689 0.08975851 0.05489292
v -0.02542507 0.08372746 0.06095061
v -0.02539443 0.07711809 0.06657079
v -0.02536558 0.06997505 0.07171356
v -0.02533905 0.06234697 0.07634219
v -0.02531529 0.05428617 0.08042348
v -0.02529466 0.04584820 0.08392807
v -0.02527743 0.03709150 0.08683068
v -0.02526382 0.02807687 0.08911033
v -0.02525399 0.01886710 0.09075055
v -0.02524806 0.00952640 0.09173946
v -0.02524607 0.00012000 0.09206989
v -0.02087874 0.07149874 -0.07778809
v -0.02089581 0.07871527 -0.07237339
v -0.02091278 0.08535999 -0.06646222
v -0.02092896 0.09138573 -0.06009846
v -0.02094362 0.09675006 -0.05332907
v -0.02095601 0.10141563 -0.04620361
v -0.02096538 0.10535033 -0.03877382
v -0.02077953 0.09477565 0.04966263
v -0.02074816 0.08934417 0.05607845
v -0.02071740 0.08330625 0.06209880
v -0.02068789 0.07670170 0.06768189
v -0.02066019 0.06957451 0.07278872
v -0.02063478 0.06197250 0.07738342
v -0.02061206 0.05394703 0.08143359
v -0.02059235 0.04555258 0.08491059
v -0.02057590 0.03684637 0.08778974
v -0.02056293 0.02788794 0.09005060
v -0.02055356 0.01873870 0.09167710
v -0.02054790 0.00946147 0.09265765
v -0.02054601 0.00012000 0.09298528
v -0.01620132 0.07100257 -0.07837400
v -0.01621543 0.07820072 -0.07301401
v -0.01622933 0.08484108 -0.06715975
v -0.01624238 0.09087728 -0.06085389
v -0.01625396 0.09626751 -0.05414207
v -0.01626341 0.10097482 -0.04707257
v -0.01627010 0.10496728 -0.03969583
v -0.01607360 0.09439864 0.05084254
v -0.01604371 0.08895066 0.05722266
v -0.01601455 0.08290748 0.06320682
v -0.01598667 0.07630846 0.06875408
v -0.01596058 0.06919695 0.07382630
v -0.01593670 0.06162005 0.07838840
v -0.01591538 0.05362820 0.08240873
v -0.01589690 0.04527490 0.08585928
v -0.01588150 0.03661628 0.08871599
v -0.01586936 0.02771069 0.09095888
v -0.01586060 0.01861829 0.09257226
v -0.01585530 0.00940058 0.09354483
v -0.01585353 0.00012000 0.09386978
v -0.01152591 0.07052384 -0.07886446
v -0.01153681 0.07770300 -0.07355900
v -0.01154737 0.08433752 -0.06776172
v -0.01155705 0.09038181 -0.06151409
v -0.01156532 0.09579465 -0.05486056
v -0.01157162 0.10053950 -0.04784815
v -0.01157543 0.10458462 -0.04052608
v -0.01137148 0.09404092 0.05196805
v -0.01134362 0.08857881 0.05831296
v -0.01131658 0.08253182 0.06426160
v -0.01129083 0.07593887 0.06977388
v -0.01126680 0.06884277 0.07481243
v -0.01124487 0.06128988 0.07934290
v -0.01122531 0.05332988 0.08333433
v -0.01120840 0.04501532 0.08675933
v -0.01119431 0.03640133 0.08959438
v -0.01118321 0.02754519 0.09181994
v -0.01117520 0.01850589 0.09342068
v -0.01117036 0.00934376 0.09438557
v -0.01116875 0.00012000 0.09470794
v -0.00685253 0.07006305 -0.07925508
v -0.00685998 0.07722276 -0.07400433
v -0.00686695 0.08385012 -0.06826447
v -0.00687302 0.08990031 -0.06207585
v -0.00687774 0.09533268 -0.05548176
v -0.00688068 0.10011110 -0.04852805
v -0.00688142 0.10420406 -0.04126274
v -0.00667326 0.09370348 0.05302696
v -0.00664797 0.08822943 0.05933665
v -0.00662356 0.08217991 0.06525004
v -0.00660044 0.07559346 0.07072777
v -0.00657894 0.06851235 0.07573320
v -0.00655937 0.06098231 0.08023268
v -0.00654196 0.05305228 0.08419586
v -0.00652693 0.04477398 0.08759595
v -0.00651443 0.03620162 0.09040989
v -0.00650458 0.02739149 0.09261860
v -0.00649749 0.01840155 0.09420707
v -0.00649320 0.00929103 0.09516449
v -0.00649177 0.00012000 0.09548436
v -0.00218121 0.06962069 -0.07954136
v -0.00218496 0.07676060 -0.07434587
v -0.00218810 0.08337965 -0.06866426
v -0.00219031 0.08943373 -0.06253581
v -0.00219125 0.09488276 -0.05600274
v -0.00219061 0.09969100 -0.04910977
v -0.00218807 0.10382720 -0.04190378
v -0.00197899 0.09338723 0.05400700
v -0.00195682 0.08790327 0.06028103
v -0.00193558 0.08185239 0.06615898
v -0.00191557 0.07527274 0.07160220
v -0.00189707 0.06820610 0.07657471
v -0.00188029 0.06069766 0.08104350
v -0.00186542 0.05279566 0.08497881
v -0.00185261 0.04455108 0.08835437
v -0.00184197 0.03601731 0.09114759
v -0.00183361 0.02724972 0.09333977
v -0.00182759 0.01830534 0.09491620
v -0.00182396 0.00924241 0.09586632
v -0.00182275 0.00012000 0.09618373
v 0.00248806 0.06919722 -0.07971879
v 0.00248823 0.07631713 -0.07457944
v 0.00248915 0.08292686 -0.06895726
v 0.00249103 0.08898298 -0.06289056
v 0.00249410 0.09444599 -0.05642051
v 0.00249854 0.09928052 -0.04959074
v 0.00250456 0.10345558 -0.04244705
v 0.00271125 0.09309304 0.05489589
v 0.00272977 0.08760109 0.06113336
v 0.00274732 0.08154987 0.06697528
v 0.00276369 0.07497720 0.07238365
v 0.00277873 0.06792445 0.07732309
v 0.00279227 0.06043627 0.08176118
v 0.00280421 0.05256030 0.08566872
v 0.00281446 0.04434684 0.08901991
v 0.00282293 0.03584854 0.09179259
v 0.00282957 0.02711998 0.09396841
v 0.00283434 0.01821733 0.09553295
v 0.00283721 0.00919794 0.09647585
v 0.00283817 0.00012000 0.09679084
v 0.00715528 0.06879311 -0.07978282
v 0.00715958 0.07589292 -0.07470081
v 0.00716478 0.08249245 -0.06913961
v 0.00717098 0.08854895 -0.06313661
v 0.00717828 0.09402341 -0.05673197
v 0.00718676 0.09888088 -0.04996830
v 0.00719648 0.10309063 -0.04289034
v 0.00739741 0.09282172 0.05568141
v 0.00741173 0.08732355 0.06188097
v 0.00742506 0.08127293 0.06768585
v 0.00743730 0.07470736 0.07305862
v 0.00744837 0.06766782 0.07796449
v 0.00745824 0.06019849 0.08237159
v 0.00746684 0.05234648 0.08625118
v 0.00747415 0.04416150 0.08957793
v 0.00748016 0.03569552 0.09233007
v 0.00748484 0.02700241 0.09448956
v 0.00748819 0.01813760 0.09604226
v 0.00749020 0.00915768 0.09697797
v 0.00749088 0.00012000 0.09729056
v 0.01180575 0.06840516 -0.07972913
v 0.01181161 0.07548460 -0.07470602
v 0.01181844 0.08207295 -0.06920772
v 0.01182630 0.08812804 -0.06327070
v 0.01183524 0.09361139 -0.05693418
v 0.01184530 0.09848842 -0.05023980
v 0.01185650 0.10272865 -0.04323128
v 0.01206153 0.09256782 0.05635251
v 0.01207462 0.08706555 0.06251239
v 0.01208668 0.08101684 0.06827886
v 0.01209765 0.07445891 0.07361503
v 0.01210750 0.06743237 0.07848663
v 0.01211620 0.05998098 0.08286226
v 0.01212375 0.05215136 0.08671365
v 0.01213013 0.04399269 0.09001583
v 0.01213534 0.03555636 0.09274739
v 0.01213938 0.02689562 0.09489058
v 0.01214227 0.01806525 0.09643147
v 0.01214400 0.00912115 0.09736003
v 0.01214458 0.00012000 0.09767022
v 0.01640037 0.06789238 -0.07953938
v 0.01639713 0.07493746 -0.07457659
v 0.01639452 0.08150110 -0.06914267
v 0.01639286 0.08754175 -0.06327319
v 0.01639249 0.09302141 -0.05700640
v 0.01639374 0.09790586 -0.05038297
v 0.01639691 0.10216484 -0.04344564
v 0.01665603 0.09213784 0.05695660
v 0.01668169 0.08664445 0.06307580
v 0.01670620 0.08061122 0.06880319
v 0.01672924 0.07407498 0.07410242
v 0.01675052 0.06707588 0.07893971
v 0.01676978 0.05965716 0.08328409
v 0.01678684 0.05186489 0.08710764
v 0.01680152 0.04374763 0.09038575
v 0.01681369 0.03535614 0.09309724
v 0.01682326 0.02674301 0.09522461
v 0.01683014 0.01796234 0.09675407
v 0.01683429 0.00906935 0.09767573
v 0.01683567 0.00012000 0.09798361
v 0.02100783 0.06720295 -0.07920586
v 0.02099720 0.07419400 -0.07430384
v 0.02098696 0.08071412 -0.06893485
v 0.02097763 0.08672244 -0.06313355
v 0.02096974 0.09218150 -0.05693724
v 0.02096383 0.09705750 -0.05038563
v 0.02096045 0.10132040 -0.04352045
v 0.02126490 0.09146590 0.05752316
v 0.02130137 0.08599784 0.06360158
v 0.02133666 0.07999748 0.06928986
v 0.02137017 0.07350120 0.07455218
v 0.02140139 0.06654862 0.07935524
v 0.02142987 0.05918239 0.08366850
v 0.02145524 0.05144789 0.08746441
v 0.02562773 0.06636461 -0.07873504
v 0.02561138 0.07328457 -0.07389358
v 0.02559527 0.07974465 -0.06858940
v 0.02558005 0.08570473 -0.06285626
v 0.02556642 0.09112796 -0.05673055
v 0.02555506 0.09598096 -0.05025099
v 0.02554667 0.10023402 -0.04345841
v 0.02588798 0.09058712 0.05805156
v 0.02593348 0.08515907 0.06408974
v 0.02597782 0.07920690 0.06973946
v 0.02602021 0.07276652 0.07496547
v 0.02605991 0.06587694 0.07973491
v 0.02609629 0.05858016 0.08401765
v 0.02612880 0.05092086 0.08778648
v 0.03025953 0.06540429 -0.07813373
v 0.03023901 0.07223873 -0.07335209
v 0.03021864 0.07862461 -0.06811201
v 0.03019920 0.08452263 -0.06244642
v 0.03018148 0.08989658 -0.05639081
v 0.03016626 0.09471357 -0.04998300
v 0.03015433 0.09894423 -0.04326292
v 0.03052495 0.08953596 0.05854158
v 0.03057773 0.08416077 0.06454060
v 0.03062947 0.07827003 0.07015290
v 0.03067917 0.07189911 0.07534369
v 0.03072592 0.06508644 0.08008058
v 0.03076890 0.05787332 0.08433382
v 0.03080742 0.05030366 0.08807652
v 0.03490264 0.06434822 -0.07740908
v 0.03487934 0.07108530 -0.07268604
v 0.03485618 0.07738524 -0.06750886
v 0.03483400 0.08320955 -0.06190967
v 0.03481366 0.08852268 -0.05592313
v 0.03479600 0.09329230 -0.04958624
v 0.03478184 0.09748943 -0.04293808
v 0.03517542 0.08834634 0.05899335
v 0.03523384 0.08303498 0.06495482
v 0.03529138 0.07721675 0.07053131
v 0.03534689 0.07092652 0.07568846
v 0.03539929 0.06420211 0.08039431
v 0.03544762 0.05708411 0.08461943
v 0.03549104 0.04961567 0.08833726
v 0.03955647 0.06322196 -0.07656852
v 0.03953165 0.06985249 -0.07190245
v 0.03950700 0.07605717 -0.06678652
v 0.03948339 0.08179834 -0.06125213
v 0.03946172 0.08704114 -0.05533319
v 0.03944285 0.09175381 -0.04906592
v 0.03942761 0.09590782 -0.04248862
v 0.03983902 0.08705175 0.05940738
v 0.03990156 0.08181322 0.06533335
v 0.03996341 0.07607646 0.07087607
v 0.04002329 0.06987580 0.07600158
v 0.04007999 0.06324845 0.08067826
v 0.04013243 0.05623432 0.08487700
v 0.04017964 0.04887582 0.08857151
v 0.04434170 0.00012000 -0.09373106
v 0.04433947 0.00837821 -0.09343875
v 0.04433284 0.01658626 -0.09256363
v 0.04432202 0.02469428 -0.09111108
v 0.04430732 0.03265306 -0.08909005
v 0.04428921 0.04041433 -0.08651297
v 0.04426825 0.04793104 -0.08339564
v 0.04424509 0.05515769 -0.07975715
v 0.04422050 0.06205054 -0.07561975
v 0.04419528 0.06856793 -0.07100865
v 0.04417029 0.07467048 -0.06595194
v 0.04414642 0.08032133 -0.06048036
v 0.04412456 0.08548636 -0.05462711
v 0.04410556 0.09013438 -0.04842774
v 0.04409024 0.09423735 -0.04191982
v 0.04451550 0.08568531 0.05978442
v 0.04458075 0.08052667 0.06567735
v 0.04464549 0.07487815 0.07118876
v 0.04470835 0.06877358 0.07628499
v 0.04476804 0.06224959 0.08093473
v 0.04482337 0.05534541 0.08510914
v 0.04487328 0.04810274 0.08878215
v 0.04901332 0.00012000 -0.09246754
v 0.04901111 0.00821555 -0.09217878
v 0.04900457 0.01626227 -0.09131428
v 0.04899389 0.02421164 -0.08987931
v 0.04897941 0.03201573 -0.08788261
v 0.04896158 0.03962753 -0.08533632
v 0.04894099 0.04700122 -0.08225593
v 0.04891830 0.05409242 -0.07866011
v 0.04889426 0.06085850 -0.07457063
v 0.04886968 0.06725877 -0.07001221
v 0.04884542 0.07325477 -0.06501235
v 0.04882233 0.07881043 -0.05960121
v 0.04880129 0.08389234 -0.05381140
v 0.04878313 0.08846993 -0.04767781
v 0.04876864 0.09251565 -0.04123739
v 0.04920474 0.08427997 0.06012551
v 0.04927139 0.07920627 0.06598821
v 0.04933766 0.07365058 0.07147109
v 0.04940217 0.06764627 0.07654075
v 0.04946354 0.06122940 0.08116609
v 0.04952054 0.05443860 0.08531849
v 0.04957205 0.04731487 0.08897208
v 0.05368973 0.00012000 -0.09112315
v 0.05368764 0.00805413 -0.09083775
v 0.05368142 0.01594070 -0.08998328
v 0.05367129 0.02373242 -0.08856491
v 0.05365757 0.03138259 -0.08659119
v 0.05364072 0.03884540 -0.08407404
v 0.05362129 0.04607616 -0.08102860
v 0.05359994 0.05303158 -0.07747321
v 0.05357739 0.05967004 -0.07342921
v 0.05355443 0.06595180 -0.06892087
v 0.05353188 0.07183925 -0.06397520
v 0.05351056 0.07729713 -0.05862185
v 0.05349130 0.08229272 -0.05289286
v 0.05347487 0.08679606 -0.04682259
v 0.05346204 0.09078012 -0.04044742
v 0.05390677 0.08286857 0.06043185
v 0.05397357 0.07788283 0.06626746
v 0.05404008 0.07242238 0.07172493
v 0.05410490 0.06652014 0.07677103
v 0.05416666 0.06021166 0.08137480
v 0.05422409 0.05353500 0.08550779
v 0.05427606 0.04653054 0.08914427
v 0.05837078 0.00012000 -0.08970718
v 0.05836888 0.00789714 -0.08942492
v 0.05836325 0.01562787 -0.08857984
v 0.05835407 0.02326607 -0.08717699
v 0.05834166 0.03076617 -0.08522479
v 0.05832644 0.03808346 -0.08273492
v 0.05830895 0.04517429 -0.07972228
v 0.05828979 0.05199638 -0.07620486
v 0.05826965 0.05850906 -0.07220367
v 0.05824926 0.06467349 -0.06774256
v 0.05822938 0.07045286 -0.06284814
v 0.05821077 0.07581267 -0.05754960
v 0.05819420 0.08072088 -0.05187853
v 0.05818040 0.08514812 -0.04586878
v 0.05817005 0.08906790 -0.03955624
v 0.06393901 0.08913508 -0.03365779
v 0.06870530 0.08893533 -0.02768339
v 0.07254492 0.08864792 -0.02188197
v 0.07554832 0.08838513 -0.01635269
v 0.07781370 0.08820444 -0.01110954
v 0.07944342 0.08812052 -0.00612279
v 0.08054214 0.08811581 -0.00134414
v 0.08121573 0.08814945 0.00327870
v 0.08157068 0.08816478 0.00779399
v 0.08171375 0.08809547 0.01224180
v 0.08175172 0.08787047 0.01665221
v 0.08175579 0.08744183 0.02103698
v 0.08165494 0.08685828 0.02537403
v 0.08134273 0.08618986 0.02964250
v 0.08071300 0.08550001 0.03383145
v 0.07965992 0.08484106 0.03793816
v 0.07807817 0.08424871 0.04196548
v 0.07586318 0.08373563 0.04591773
v 0.07291139 0.08328415 0.04979485
v 0.06912061 0.08283779 0.05358396
v 0.06439034 0.08229203 0.05724732
v 0.05862183 0.08148402 0.06070482
v 0.05868756 0.07658723 0.06651676
v 0.05875301 0.07122223 0.07195223
v 0.05881681 0.06542152 0.07697805
v 0.05887764 0.05922017 0.08156335
v 0.05893424 0.05265576 0.08567978
v 0.05898550 0.04576812 0.08930168
v 0.06364476 0.00012000 -0.08767464
v 0.06364360 0.00772145 -0.08739544
v 0.06364016 0.01527759 -0.08655952
v 0.06363459 0.02274337 -0.08517184
v 0.06362712 0.03007429 -0.08324066
v 0.06361807 0.03722662 -0.08077746
v 0.06360782 0.04415771 -0.07779690
v 0.06359683 0.05082617 -0.07431670
v 0.06358560 0.05719218 -0.07035757
v 0.06357466 0.06321769 -0.06594311
v 0.06356457 0.06886666 -0.06109961
v 0.06355588 0.07410526 -0.05585597
v 0.06354915 0.07890212 -0.05024351
v 0.06354492 0.08322847 -0.04429578
v 0.06354371 0.08705837 -0.03804840
v 0.06899558 0.08683470 -0.03187036
v 0.07348974 0.08644284 -0.02581809
v 0.07710500 0.08603099 -0.02004937
v 0.07993034 0.08568817 -0.01460842
v 0.08206014 0.08545577 -0.00947786
v 0.08359170 0.08533801 -0.00461117
v 0.08462394 0.08531111 0.00004802
v 0.08525661 0.08533089 0.00455509
v 0.08558993 0.08533929 0.00895877
v 0.08572424 0.08526966 0.01329830
v 0.08575989 0.08505114 0.01760237
v 0.08576372 0.08463602 0.02188180
v 0.08566907 0.08407270 0.02611603
v 0.08537603 0.08343088 0.03028640
v 0.08478489 0.08277413 0.03438411
v 0.08379627 0.08215584 0.03840865
v 0.08231124 0.08161449 0.04236536
v 0.08023145 0.08116806 0.04626182
v 0.07745945 0.08080777 0.05010288
v 0.07389895 0.08049086 0.05388355
v 0.06945524 0.08013266 0.05757899
v 0.06403549 0.07959788 0.06113006
v 0.06409904 0.07481002 0.06687351
v 0.06416229 0.06956548 0.07224392
v 0.06422399 0.06389613 0.07720867
v 0.06428290 0.05783637 0.08173743
v 0.06433783 0.05142295 0.08580240
v 0.06438768 0.04469481 0.08937847
v 0.06443150 0.03769288 0.09244338
v 0.06446845 0.03045989 0.09497793
v 0.06449787 0.02304010 0.09696614
v 0.06451924 0.01547906 0.09839540
v 0.06453221 0.00782329 0.09925663
v 0.06453655 0.00012000 0.09954432
v 0.06899908 0.00012000 -0.08488375
v 0.06899839 0.00751311 -0.08460921
v 0.06899635 0.01486215 -0.08378720
v 0.06899308 0.02212333 -0.08242260
v 0.06898875 0.02925335 -0.08052350
v 0.06898359 0.03620966 -0.07810117
v 0.06897789 0.04295077 -0.07517000
v 0.06897201 0.04943639 -0.07174740
v 0.06896630 0.05562775 -0.06785372
v 0.06896118 0.06148781 -0.06351216
v 0.06895705 0.06698147 -0.05874859
v 0.06895435 0.07207580 -0.05359146
v 0.06895351 0.07674024 -0.04807160
v 0.06895494 0.08094679 -0.04222205
v 0.06895905 0.08467021 -0.03607787
v 0.07407999 0.08421865 -0.02977777
v 0.07829384 0.08368269 -0.02375307
v 0.08167986 0.08318188 -0.01808741
v 0.08432414 0.08278468 -0.01278192
v 0.08631645 0.08251863 -0.00779578
v 0.08774860 0.08237935 -0.00307098
v 0.08871351 0.08233821 0.00145340
v 0.08930473 0.08234889 0.00583349
v 0.08961606 0.08235291 0.01011683
v 0.08974137 0.08228419 0.01434071
v 0.08977450 0.08207294 0.01853164
v 0.08977795 0.08167223 0.02269912
v 0.08968941 0.08112960 0.02682426
v 0.08941552 0.08051360 0.03089064
v 0.08886308 0.07988708 0.03489147
v 0.08793920 0.07930367 0.03882814
v 0.08655132 0.07880364 0.04270799
v 0.08460743 0.07840912 0.04654118
v 0.08201620 0.07811873 0.05033650
v 0.07868730 0.07790150 0.05409544
v 0.07453175 0.07769012 0.05780404
v 0.06946232 0.07737361 0.06142104
v 0.06952336 0.07271561 0.06706231
v 0.06958418 0.06761428 0.07233628
v 0.06964362 0.06210075 0.07721103
v 0.06970049 0.05620857 0.08165694
v 0.06975366 0.04997352 0.08564692
v 0.06980205 0.04343349 0.08915649
v 0.06984469 0.03662822 0.09216402
v 0.06988074 0.02959918 0.09465084
v 0.06990949 0.02238928 0.09660143
v 0.06993042 0.01504264 0.09800356
v 0.06994313 0.00760432 0.09884839
v 0.06994739 0.00012000 0.09913060
v 0.07441591 0.00012000 -0.08145277
v 0.07441548 0.00727350 -0.08118436
v 0.07441423 0.01438437 -0.08038072
v 0.07441223 0.02141023 -0.07904660
v 0.07440963 0.02830920 -0.07718990
v 0.07440662 0.03504011 -0.07482163
v 0.07440344 0.04156278 -0.07195582
v 0.07440033 0.04783823 -0.06860950
v 0.07439762 0.05382893 -0.06480255
v 0.07439562 0.05949901 -0.06055763
v 0.07439466 0.06481447 -0.05590005
v 0.07439509 0.06974342 -0.05085762
v 0.07439726 0.07425627 -0.04546051
v 0.07440151 0.07832591 -0.03974102
v 0.07440818 0.08192789 -0.03373348
v 0.07918718 0.08130922 -0.02745029
v 0.08311435 0.08067460 -0.02154472
v 0.08626729 0.08011813 -0.01604234
v 0.08872809 0.07969050 -0.01091205
v 0.09058134 0.07940766 -0.00609674
v 0.09191304 0.07925830 -0.00153161
v 0.09280997 0.07921032 0.00284570
v 0.09335928 0.07921634 0.00708998
v 0.09364832 0.07921834 0.01124622
v 0.09376443 0.07915168 0.01534878
v 0.09379489 0.07894841 0.01942139
v 0.09379785 0.07856292 0.02347186
v 0.09371536 0.07804139 0.02748309
v 0.09346063 0.07745045 0.03144091
v 0.09294702 0.07685148 0.03534037
v 0.09208812 0.07629755 0.03918445
v 0.09079784 0.07582981 0.04298199
v 0.08899051 0.07547344 0.04674511
v 0.08658102 0.07523307 0.05048557
v 0.08348503 0.07508772 0.05421007
v 0.07961936 0.07498510 0.05791355
v 0.07490231 0.07483547 0.06156976
v 0.07496069 0.07032673 0.06707981
v 0.07501900 0.06538971 0.07223028
v 0.07507615 0.06005467 0.07699007
v 0.07513102 0.05435417 0.08133045
v 0.07518248 0.04832290 0.08522510
v 0.07522948 0.04199751 0.08865033
v 0.07527102 0.03541646 0.09158520
v 0.07530624 0.02861976 0.09401168
v 0.07533440 0.02164883 0.09591477
v 0.07535494 0.01454619 0.09728265
v 0.07536742 0.00735524 0.09810682
v 0.07537161 0.00012000 0.09838212
v 0.07988004 0.00012000 -0.07750845
v 0.07987972 0.00700461 -0.07724749
v 0.07987881 0.01384823 -0.07646615
v 0.07987737 0.02061009 -0.07516904
v 0.07987551 0.02724990 -0.07336382
v 0.07987342 0.03372807 -0.07106116
v 0.07987128 0.04000592 -0.06827468
v 0.07986933 0.04604594 -0.06502090
v 0.07986783 0.05181199 -0.06131912
v 0.07986706 0.05726953 -0.05719135
v 0.07986730 0.06238582 -0.05266218
v 0.07986885 0.06713013 -0.04775863
v 0.07987202 0.07147393 -0.04251001
v 0.07987711 0.07539110 -0.03694775
v 0.07988440 0.07885806 -0.03110523
v 0.08431306 0.07812963 -0.02495858
v 0.08794863 0.07743874 -0.01924961
v 0.09086546 0.07685750 -0.01396054
v 0.09314084 0.07642162 -0.00903773
v 0.09485377 0.07613756 -0.00441419
v 0.09608417 0.07598871 -0.00002247
v 0.09691252 0.07594074 0.00419856
v 0.09741955 0.07594618 0.00830062
v 0.09768605 0.07594834 0.01232496
v 0.09779281 0.07588478 0.01630227
v 0.09782050 0.07569015 0.02025295
v 0.09782287 0.07532064 0.02418293
v 0.09774639 0.07482056 0.02807691
v 0.09751085 0.07425394 0.03192291
v 0.09703617 0.07368002 0.03571768
v 0.09624251 0.07315056 0.03946541
v 0.09505024 0.07270674 0.04317604
v 0.09338009 0.07237576 0.04686295
v 0.09115322 0.07216700 0.05054006
v 0.08829143 0.07206775 0.05421797
v 0.08471738 0.07203853 0.05789875
v 0.08035495 0.07200801 0.06156841
v 0.08041063 0.06766634 0.06692287
v 0.08046646 0.06291301 0.07192709
v 0.08052143 0.05777729 0.07655096
v 0.08057443 0.05229065 0.08076669
v 0.08062437 0.04648654 0.08454890
v 0.08067015 0.04040027 0.08787475
v 0.08071078 0.03406883 0.09072409
v 0.08074534 0.02753068 0.09307957
v 0.08077305 0.02082555 0.09492681
v 0.08079330 0.01399424 0.09625446
v 0.08080564 0.00707834 0.09705435
v 0.08080978 0.00012000 0.09732153
v 0.08538066 0.00012000 -0.07318153
v 0.08538035 0.00670874 -0.07292913
v 0.08537945 0.01325832 -0.07217340
v 0.08537802 0.01972976 -0.07091877
v 0.08537619 0.02608457 -0.06917263
v 0.08537410 0.03228489 -0.06694524
v 0.08537195 0.03829373 -0.06424974
v 0.08536997 0.04407520 -0.06110203
v 0.08536838 0.04959471 -0.05752073
v 0.08536746 0.05481917 -0.05352707
v 0.08536748 0.05971722 -0.04914478
v 0.08536871 0.06425939 -0.04439996
v 0.08537142 0.06841833 -0.03932095
v 0.08537591 0.07216896 -0.03393813
v 0.08538243 0.07548863 -0.02828378
v 0.08945446 0.07470359 -0.02237356
v 0.09279463 0.07399549 -0.01692443
v 0.09547294 0.07341787 -0.01188840
v 0.09756133 0.07299409 -0.00719791
v 0.09912603 0.07272702 -0.00278195
v 0.10024194 0.07258588 0.00143179
v 0.10099274 0.07253500 0.00549764
v 0.10145201 0.07253470 0.00945881
v 0.10169316 0.07253324 0.01335093
v 0.10178950 0.07247115 0.01720105
v 0.10181422 0.07228502 0.02102703
v 0.10181609 0.07193211 0.02483347
v 0.10174656 0.07145565 0.02860652
v 0.10153287 0.07091781 0.03233604
v 0.10110242 0.07037510 0.03602036
v 0.10038270 0.06987478 0.03966500
v 0.09930122 0.06945096 0.04328076
v 0.09777558 0.06913091 0.04688414
v 0.09573218 0.06893681 0.05049001
v 0.09310576 0.06885992 0.05410983
v 0.08982498 0.06887153 0.05775105
v 0.08581942 0.06891605 0.06140944
v 0.08587245 0.06475764 0.06658861
v 0.08592593 0.06020563 0.07142818
v 0.08597889 0.05528821 0.07589915
v 0.08603025 0.05003562 0.07997474
v 0.08607890 0.04448001 0.08363060
v 0.08612374 0.03865521 0.08684482
v 0.08616371 0.03259662 0.08959812
v 0.08619785 0.02634100 0.09187393
v 0.08622532 0.01992628 0.09365850
v 0.08624544 0.01339137 0.09494101
v 0.08625772 0.00677589 0.09571365
v 0.08626184 0.00012000 0.09597173
v 0.09091100 0.00012000 -0.06860414
v 0.09091060 0.00638827 -0.06836117
v 0.09090944 0.01261937 -0.06763370
v 0.09090758 0.01877635 -0.06642594
v 0.09090515 0.02482265 -0.06474495
v 0.09090231 0.03072233 -0.06260054
v 0.09089928 0.03644024 -0.06000525
v 0.09089627 0.04194225 -0.05697431
v 0.09089355 0.04719544 -0.05352554
v 0.09089137 0.05216832 -0.04967929
v 0.09089002 0.05683097 -0.04545833
v 0.09088977 0.06115530 -0.04088772
v 0.09089089 0.06511519 -0.03599469
v 0.09089366 0.06868668 -0.03080846
v 0.09089834 0.07184810 -0.02536012
v 0.09460898 0.07105503 -0.01976630
v 0.09765077 0.07036533 -0.01462594
v 0.10007088 0.06982005 -0.00986959
v 0.10194866 0.06939749 -0.00540269
v 0.10336076 0.06910306 -0.00116818
v 0.10437438 0.06893126 0.00288285
v 0.10505634 0.06885758 0.00679592
v 0.10547337 0.06884191 0.01061150
v 0.10569211 0.06883268 0.01436326
v 0.10577918 0.06877089 0.01807657
v 0.10580114 0.06859378 0.02176776
v 0.10580234 0.06825905 0.02544055
v 0.10573862 0.06780940 0.02908260
v 0.10554384 0.06730628 0.03268588
v 0.10515203 0.06680563 0.03625076
v 0.10449738 0.06635447 0.03978461
v 0.10351425 0.06598717 0.04329968
v 0.10213705 0.06572199 0.04681040
v 0.10029987 0.06555825 0.05033087
v 0.09792731 0.06548270 0.05387643
v 0.09494132 0.06550541 0.05746205
v 0.09129473 0.06558466 0.06108553
v 0.09134523 0.06162405 0.06607442
v 0.09139655 0.05728921 0.07073532
v 0.09144773 0.05260716 0.07504038
v 0.09149771 0.04760684 0.07896397
v 0.09154538 0.04231898 0.08248277
v 0.09158958 0.03677585 0.08557593
v 0.09162921 0.03101115 0.08822508
v 0.09166321 0.02505983 0.09041448
v 0.09169068 0.01895787 0.09213108
v 0.09171086 0.01274214 0.09336463
v 0.09172320 0.00645018 0.09410773
v 0.09172736 0.00012000 0.09435593
v 0.09646759 0.00012000 -0.06390855
v 0.09646701 0.00604554 -0.06367570
v 0.09646529 0.01193611 -0.06297849
v 0.09646254 0.01775692 -0.06182091
v 0.09645890 0.02347354 -0.06020963
v 0.09645455 0.02905210 -0.05815394
v 0.09644976 0.03445943 -0.05566572
v 0.09644477 0.03966330 -0.05275943
v 0.09643988 0.04463257 -0.04945201
v 0.09643538 0.04933742 -0.04576283
v 0.09643159 0.05374949 -0.04171361
v 0.09642880 0.05784211 -0.03732826
v 0.09642729 0.06159045 -0.03263283
v 0.09642736 0.06497170 -0.02765530
v 0.09642926 0.06796524 -0.02242546
v 0.09976050 0.06721218 -0.01720763
v 0.10246836 0.06652976 -0.01236693
v 0.10463618 0.06593828 -0.00783341
v 0.10632518 0.06547178 -0.00356259
v 0.10759573 0.06514312 0.00048998
v 0.10850788 0.06494473 0.00436900
v 0.10912156 0.06485094 0.00811750
v 0.10949672 0.06482148 0.01177429
v 0.10969331 0.06480530 0.01537163
v 0.10977129 0.06474438 0.01893367
v 0.10979060 0.06457721 0.02247548
v 0.10979116 0.06426229 0.02600006
v 0.10973323 0.06384143 0.02949660
v 0.10955722 0.06337480 0.03295924
v 0.10920372 0.06291731 0.03639057
v 0.10861355 0.06251540 0.03980020
v 0.10772773 0.06220357 0.04320256
v 0.10648753 0.06200102 0.04661384
v 0.10483431 0.06190891 0.05004883
v 0.10270909 0.06190871 0.05351817
v 0.10005169 0.06196224 0.05702771
v 0.09677987 0.06203910 0.06058960
v 0.09682799 0.05828916 0.06537795
v 0.09687733 0.05418554 0.06985055
v 0.09692698 0.04975400 0.07398075
v 0.09697589 0.04502215 0.07774409
v 0.09702289 0.04001919 0.08111839
v 0.09706681 0.03477576 0.08408385
v 0.09710642 0.02932379 0.08662311
v 0.09714062 0.02369627 0.08872131
v 0.09716837 0.01792715 0.09036616
v 0.09718883 0.01205113 0.09154801
v 0.09720137 0.00610352 0.09225991
v 0.09720560 0.00012000 0.09249768
v 0.10199808 0.00012000 -0.05919253
v 0.10199728 0.00568141 -0.05897025
v 0.10199493 0.01121021 -0.05830465
v 0.10199114 0.01667397 -0.05719948
v 0.10198610 0.02204054 -0.05566097
v 0.10198004 0.02727824 -0.05369783
v 0.10197324 0.03235603 -0.05132122
v 0.10196603 0.03724369 -0.04854475
v 0.10195874 0.04191196 -0.04538441
v 0.10195171 0.04633275 -0.04185853
v 0.10194527 0.05047934 -0.03798770
v 0.10193975 0.05432652 -0.03379466
v 0.10193546 0.05785082 -0.02930421
v 0.10193268 0.06103063 -0.02454306
v 0.10193167 0.06384640 -0.01953966
v 0.10486960 0.06304624 -0.01461893
v 0.10727467 0.06230322 -0.01001756
v 0.10920125 0.06166681 -0.00570212
v 0.11070288 0.06116670 -0.00163598
v 0.11183273 0.06081217 0.00222141
v 0.11264395 0.06059330 0.00591269
v 0.11318971 0.06048344 0.00947954
v 0.11352327 0.06044253 0.01295965
v 0.11369791 0.06042059 0.01638426
v 0.11376697 0.06036130 0.01977645
v 0.11378376 0.06020504 0.02315020
v 0.11378380 0.05991167 0.02650794
v 0.11373171 0.05952159 0.02984037
v 0.11357448 0.05909301 0.03314374
v 0.11325923 0.05867922 0.03642284
v 0.11273330 0.05832558 0.03968962
v 0.11194429 0.05806642 0.04296098
v 0.11084008 0.05792185 0.04625573
v 0.10936887 0.05789514 0.04959103
v 0.10747897 0.05797091 0.05297879
v 0.10511841 0.05811479 0.05642320
v 0.10223389 0.05827463 0.05992086
v 0.10227959 0.05474752 0.06450069
v 0.10232701 0.05088855 0.06877726
v 0.10237528 0.04672225 0.07272517
v 0.10242337 0.04227481 0.07632119
v 0.10247009 0.03757391 0.07954436
v 0.10251417 0.03264849 0.08237606
v 0.10255429 0.02752860 0.08480004
v 0.10258919 0.02224520 0.08680242
v 0.10261769 0.01683004 0.08837179
v 0.10263880 0.01131550 0.08949920
v 0.10265179 0.00573442 0.09017823
v 0.10265617 0.00012000 0.09040500
v 0.10747774 0.00012000 -0.05417054
v 0.10747694 0.00527848 -0.05395977
v 0.10747456 0.01040693 -0.05332862
v 0.10747072 0.01547543 -0.05228056
v 0.10746560 0.02045433 -0.05082138
v 0.10745945 0.02531434 -0.04895919
v 0.10745254 0.03002674 -0.04670441
v 0.10744519 0.03456348 -0.04406979
v 0.10743771 0.03889739 -0.04107033
v 0.10743043 0.04300233 -0.03772328
v 0.10742366 0.04685336 -0.03404808
v 0.10741771 0.05042699 -0.03006622
v 0.10741284 0.05370125 -0.02580120
v 0.10740930 0.05665595 -0.02127834
v 0.10740734 0.05927279 -0.01652468
v 0.10997690 0.05841115 -0.01186741
v 0.11208178 0.05762677 -0.00751056
v 0.11376857 0.05696297 -0.00342791
v 0.11508361 0.05644396 0.00041417
v 0.11607321 0.05607502 0.00405499
v 0.11678377 0.05584392 0.00753636
v 0.11726181 0.05572339 0.01089914
v 0.11755392 0.05567414 0.01418007
v 0.11770677 0.05564806 0.01740934
v 0.11776706 0.05559128 0.02060898
v 0.11778147 0.05544700 0.02379196
v 0.11778113 0.05517698 0.02696018
v 0.11773503 0.05481967 0.03010582
v 0.11759671 0.05443048 0.03322708
v 0.11731984 0.05406031 0.03633071
v 0.11685824 0.05375285 0.03943077
v 0.11616600 0.05354173 0.04254658
v 0.11519748 0.05344778 0.04569977
v 0.11390742 0.05347645 0.04891078
v 0.11225088 0.05361608 0.05219492
v 0.11018319 0.05383707 0.05555881
v 0.10765940 0.05409261 0.05899838
v 0.10769971 0.05081405 0.06334817
v 0.10774194 0.04722770 0.06740868
v 0.10778534 0.04335662 0.07115581
v 0.10782900 0.03922545 0.07456761
v 0.10787183 0.03486017 0.07762439
v 0.10791261 0.03028786 0.08030877
v 0.10795006 0.02553656 0.08260567
v 0.10798288 0.02063502 0.08450235
v 0.10800987 0.01561262 0.08598836
v 0.10802997 0.01049917 0.08705561
v 0.10804237 0.00532483 0.08769828
v 0.10804656 0.00012000 0.08791289
v 0.11293791 0.00012000 -0.04858860
v 0.11293727 0.00482812 -0.04839094
v 0.11293537 0.00950900 -0.04779901
v 0.11293232 0.01413549 -0.04681601
v 0.11292826 0.01868064 -0.04544728
v 0.11292338 0.02311782 -0.04370030
v 0.11291790 0.02742084 -0.04158474
v 0.11291208 0.03156409 -0.03911240
v 0.11290618 0.03552272 -0.03629728
v 0.11290044 0.03927279 -0.03315547
v 0.11289511 0.04279144 -0.02970512
v 0.11289044 0.04605709 -0.02596637
v 0.11288664 0.04904958 -0.02196126
v 0.11288391 0.05175035 -0.01771355
v 0.11288243 0.05414256 -0.01324864
v 0.11508637 0.05324948 -0.00887040
v 0.11689242 0.05245137 -0.00478357
v 0.11834004 0.05178391 -0.00096309
v 0.11946876 0.05126523 0.00262480
v 0.12031820 0.05089650 0.00601949
v 0.12092816 0.05066356 0.00926237
v 0.12133852 0.05053912 0.01239336
v 0.12158926 0.05048547 0.01544796
v 0.12172042 0.05045724 0.01845504
v 0.12177207 0.05040403 0.02143537
v 0.12178427 0.05027286 0.02440081
v 0.12178371 0.05002810 0.02735281
v 0.12174379 0.04970553 0.03028493
v 0.12162461 0.04935683 0.03319702
v 0.12138637 0.04902959 0.03609739
v 0.12098942 0.04876500 0.03900168
v 0.12039428 0.04859542 0.04193110
v 0.11956174 0.04854190 0.04490975
v 0.11845289 0.04861196 0.04796142
v 0.11702923 0.04879786 0.05110576
v 0.11525267 0.04907563 0.05435438
v 0.11308544 0.04940516 0.05770765
v 0.11311816 0.04640729 0.06179261
v 0.11315259 0.04312841 0.06560498
v 0.11318817 0.03958984 0.06912209
v 0.11322415 0.03581434 0.07232336
v 0.11325967 0.03182592 0.07519039
v 0.11329369 0.02764955 0.07770708
v 0.11332513 0.02331100 0.07985957
v 0.11335284 0.01883663 0.08163626
v 0.11337574 0.01425320 0.08302773
v 0.11339287 0.00958777 0.08402677
v 0.11340347 0.00486759 0.08462823
v 0.11340705 0.00012000 0.08482906
v 0.11839233 0.00012000 -0.04222457
v 0.11839195 0.00432417 -0.04204222
v 0.11839083 0.00850414 -0.04149615
v 0.11838903 0.01263581 -0.04058926
v 0.11838663 0.01669520 -0.03932640
v 0.11838376 0.02065860 -0.03771441
v 0.11838054 0.02450263 -0.03576211
v 0.11837714 0.02820443 -0.03348033
v 0.11837372 0.03174175 -0.03088191
v 0.11837044 0.03509315 -0.02798164
v 0.11836746 0.03823813 -0.02479624
v 0.11836495 0.04115732 -0.02134429
v 0.11836305 0.04383262 -0.01764610
v 0.11836191 0.04624735 -0.01372364
v 0.11836165 0.04838639 -0.00960035
v 0.12020103 0.04750346 -0.00554538
v 0.12170855 0.04672785 -0.00177442
v 0.12291697 0.04608679 0.00173988
v 0.12385921 0.04559219 0.00503267
v 0.12456835 0.04524151 0.00814354
v 0.12507759 0.04501928 0.01111295
v 0.12542022 0.04489908 0.01397917
v 0.12562960 0.04484578 0.01677572
v 0.12573914 0.04481781 0.01952954
v 0.12578226 0.04476938 0.02225971
v 0.12579239 0.04465253 0.02497684
v 0.12579180 0.04443499 0.02768193
v 0.12575827 0.04414915 0.03036977
v 0.12565850 0.04384179 0.03304147
v 0.12545925 0.04355615 0.03570626
v 0.12512740 0.04332996 0.03838057
v 0.12462994 0.04319347 0.04108652
v 0.12393405 0.04316729 0.04384972
v 0.12300716 0.04326061 0.04669653
v 0.12181702 0.04346953 0.04965069
v 0.12033179 0.04377609 0.05272965
v 0.11852007 0.04414798 0.05594102
v 0.11854457 0.04146674 0.05971348
v 0.11857031 0.03853448 0.06323366
v 0.11859690 0.03537044 0.06648054
v 0.11862380 0.03199515 0.06943508
v 0.11865038 0.02843028 0.07208036
v 0.11867589 0.02469837 0.07440160
v 0.11869951 0.02082260 0.07638620
v 0.11872037 0.01682659 0.07802370
v 0.11873765 0.01273427 0.07930573
v 0.11875059 0.00856967 0.08022591
v 0.11875862 0.00435688 0.08077979
v 0.11876133 0.00012000 0.08096470
v 0.12385244 0.00012000 -0.03485420
v 0.12385234 0.00376017 -0.03469004
v 0.12385205 0.00737952 -0.03419844
v 0.12385158 0.01095726 -0.03338198
v 0.12385096 0.01447275 -0.03224498
v 0.12385021 0.01790548 -0.03079353
v 0.12384939 0.02123526 -0.02903554
v 0.12384855 0.02444227 -0.02698068
v 0.12384776 0.02750720 -0.02464048
v 0.12384708 0.03041143 -0.02202822
v 0.12384659 0.03313712 -0.01915894
v 0.12384638 0.03566742 -0.01604936
v 0.12384654 0.03798657 -0.01271778
v 0.12384714 0.04008002 -0.00918396
v 0.12384829 0.04193462 -0.00546906
v 0.12532285 0.04111525 -0.00181025
v 0.12653136 0.04040710 0.00157870
v 0.12750008 0.03982884 0.00472820
v 0.12825544 0.03938665 0.00767432
v 0.12882396 0.03907504 0.01045561
v 0.12922734 0.03888483 0.01310956
v 0.12949535 0.03878307 0.01567368
v 0.12965944 0.03873560 0.01817654
v 0.12974534 0.03870992 0.02064141
v 0.12977909 0.03866741 0.02308557
v 0.12978684 0.03856645 0.02551857
v 0.12978602 0.03837881 0.02794112
v 0.12975928 0.03813273 0.03034949
v 0.12968072 0.03786863 0.03274623
v 0.12952472 0.03762259 0.03514087
v 0.12926626 0.03742340 0.03754742
v 0.12887325 0.03730199 0.03998515
v 0.12831492 0.03728717 0.04248413
v 0.12757113 0.03738143 0.04507016
v 0.12661590 0.03758428 0.04776959
v 0.12542350 0.03788373 0.05060481
v 0.12396860 0.03825575 0.05359101
v 0.12398549 0.03593054 0.05699012
v 0.12400309 0.03338796 0.06016159
v 0.12402114 0.03064482 0.06308644
v 0.12403928 0.02771909 0.06574748
v 0.12405711 0.02462972 0.06812946
v 0.12407413 0.02139640 0.07021914
v 0.12408983 0.01803933 0.07200526
v 0.12410366 0.01457907 0.07347858
v 0.12411508 0.01103632 0.07463175
v 0.12412363 0.00743180 0.07545925
v 0.12412892 0.00378617 0.07595725
v 0.12413072 0.00012000 0.07612350
v 0.12930989 0.00012000 -0.02627177
v 0.12931009 0.00313168 -0.02612918
v 0.12931069 0.00612621 -0.02570215
v 0.12931165 0.00908644 -0.02499293
v 0.12931293 0.01199534 -0.02400527
v 0.12931448 0.01483599 -0.02274448
v 0.12931625 0.01759167 -0.02121741
v 0.12931819 0.02024600 -0.01943248
v 0.12932025 0.02278298 -0.01739969
v 0.12932242 0.02518716 -0.01513060
v 0.12932468 0.02744375 -0.01263828
v 0.12932704 0.02953876 -0.00993724
v 0.12932952 0.03145907 -0.00704339
v 0.12933215 0.03319262 -0.00397390
v 0.12933496 0.03472845 -0.00074713
v 0.13041772 0.03401940 0.00246398
v 0.13131150 0.03335179 0.00547029
v 0.13203108 0.03277277 0.00825676
v 0.13259375 0.03230721 0.01083758
v 0.13301803 0.03196198 0.01324301
v 0.13332311 0.03172963 0.01551023
v 0.13352853 0.03159146 0.01767698
v 0.13365404 0.03152037 0.01977728
v 0.13371951 0.03148322 0.02183865
v 0.13374485 0.03144304 0.02388040
v 0.13375003 0.03136085 0.02591282
v 0.13374832 0.03121037 0.02793707
v 0.13372646 0.03101786 0.02995231
v 0.13366453 0.03082118 0.03196560
v 0.13354272 0.03065506 0.03399255
v 0.13334132 0.03054932 0.03605606
v 0.13304082 0.03052686 0.03818419
v 0.13262207 0.03060143 0.04040680
v 0.13206655 0.03077514 0.04275062
v 0.13135688 0.03103574 0.04523210
v 0.13047794 0.03135346 0.04784718
v 0.12941947 0.03167735 0.05055674
v 0.12942871 0.02975145 0.05351011
v 0.12943807 0.02764575 0.05626578
v 0.12944739 0.02537427 0.05880720
v 0.12945652 0.02295197 0.06111941
v 0.12946525 0.02039461 0.06318911
v 0.12947339 0.01771857 0.06500476
v 0.12948073 0.01494065 0.06655659
v 0.12948706 0.01207790 0.06783657
v 0.12949221 0.00914744 0.06883833
v 0.12949601 0.00616633 0.06955714
v 0.12949834 0.00315156 0.06998970
v 0.12949912 0.00012000 0.07013410
v 0.13470357 0.00012000 -0.01406820
v 0.13470403 0.00237112 -0.01395693
v 0.13470541 0.00460897 -0.01362376
v 0.13470768 0.00682032 -0.01307063
v 0.13471077 0.00899211 -0.01230076
v 0.13471460 0.01111147 -0.01131864
v 0.13471909 0.01316579 -0.01013001
v 0.13472413 0.01514285 -0.00874182
v 0.13472960 0.01703080 -0.00716224
v 0.13473541 0.01881833 -0.00540057
v 0.13474142 0.02049466 -0.00346722
v 0.13474754 0.02204966 -0.00137365
v 0.13475366 0.02347391 0.00086771
v 0.13475967 0.02475875 0.00324349
v 0.13476550 0.02589634 0.00573951
v 0.13550572 0.02516568 0.00841147
v 0.13611313 0.02453412 0.01081269
v 0.13660051 0.02401485 0.01297680
v 0.13698087 0.02361099 0.01494307
v 0.13726739 0.02331708 0.01675213
v 0.13747334 0.02312052 0.01844289
v 0.13761203 0.02300286 0.02005035
v 0.13769683 0.02294111 0.02160406
v 0.13774112 0.02290888 0.02312700
v 0.13775829 0.02287757 0.02463495
v 0.13776174 0.02281734 0.02613611
v 0.13776041 0.02270815 0.02763143
v 0.13774535 0.02257002 0.02912116
v 0.13770317 0.02243195 0.03061230
v 0.13762050 0.02232090 0.03211913
v 0.13748398 0.02226072 0.03366263
v 0.13728031 0.02227121 0.03526962
v 0.13699623 0.02236692 0.03697141
v 0.13661859 0.02255608 0.03880202
v 0.13613440 0.02283945 0.04079566
v 0.13553089 0.02320912 0.04298334
v 0.13479572 0.02364732 0.04538827
v 0.13479321 0.02222146 0.04767927
v 0.13479024 0.02066103 0.04981955
v 0.13478692 0.01897593 0.05179616
v 0.13478336 0.01717676 0.05359722
v 0.13477970 0.01527478 0.05521199
v 0.13477608 0.01328177 0.05663093
v 0.13477266 0.01121000 0.05784571
v 0.13476960 0.00907207 0.05884926
v 0.13476704 0.00688090 0.05963581
v 0.13476511 0.00464962 0.06020084
v 0.13476391 0.00239153 0.06054115
v 0.13476350 0.00012000 0.06065480
v 0.14022121 0.00012000 0.00265854
v 0.14022162 0.00142134 0.00272415
v 0.14022284 0.00271492 0.00292059
v 0.14022484 0.00399300 0.00324669
v 0.14022760 0.00524796 0.00370051
v 0.14023104 0.00647228 0.00427935
v 0.14023510 0.00765866 0.00497977
v 0.14023971 0.00879999 0.00579758
v 0.14024477 0.00988944 0.00672793
v 0.14025019 0.01092047 0.00776525
v 0.14025586 0.01188689 0.00890336
v 0.14026167 0.01278292 0.01013545
v 0.14026751 0.01360316 0.01145415
v 0.14027328 0.01434268 0.01285158
v 0.14027887 0.01499705 0.01431937
v 0.14065351 0.01457643 0.01589448
v 0.14096079 0.01422460 0.01729599
v 0.14120736 0.01394273 0.01855341
v 0.14139990 0.01372829 0.01969501
v 0.14154510 0.01357539 0.02074700
v 0.14164966 0.01347529 0.02173287
v 0.14172028 0.01341680 0.02267289
v 0.14176369 0.01338680 0.02358366
v 0.14178660 0.01337067 0.02447785
v 0.14179573 0.01335278 0.02536402
v 0.14179780 0.01331694 0.02624644
v 0.14179730 0.01325227 0.02712542
v 0.14178973 0.01316968 0.02800108
v 0.14176837 0.01308496 0.02887741
v 0.14172649 0.01301289 0.02976249
v 0.14165737 0.01296678 0.03066833
v 0.14155429 0.01295803 0.03161055
v 0.14141057 0.01299572 0.03260804
v 0.14121950 0.01308614 0.03368244
v 0.14097441 0.01323245 0.03485756
v 0.14066866 0.01343423 0.03615861
v 0.14029563 0.01368720 0.03761132
v 0.14029171 0.01286580 0.03895758
v 0.14028745 0.01196684 0.04021556
v 0.14028297 0.01099595 0.04137765
v 0.14027841 0.00995917 0.04243683
v 0.14027393 0.00886290 0.04338674
v 0.14026966 0.00771390 0.04422170
v 0.14026576 0.00651917 0.04493675
v 0.14026235 0.00528599 0.04552762
v 0.14025957 0.00402181 0.04599084
v 0.14025750 0.00273425 0.04632367
v 0.14025623 0.00143105 0.04652415
v 0.14025580 0.00012000 0.04659111
v 0.14577275 0.00012000 0.02166075
v 0.14577310 0.00036478 0.02167380
v 0.14577415 0.00060803 0.02171287
v 0.14577589 0.00084823 0.02177771
v 0.14577828 0.00108388 0.02186792
v 0.14578128 0.00131351 0.02198292
v 0.14578484 0.00153570 0.02212200
v 0.14578890 0.00174908 0.02228428
v 0.14579338 0.00195233 0.02246875
v 0.14579821 0.00214422 0.02267425
v 0.14580330 0.00232359 0.02289951
v 0.14580854 0.00248934 0.02314312
v 0.14581385 0.00264050 0.02340357
v 0.14581912 0.00277618 0.02367926
v 0.14582424 0.00289559 0.02396850
v 0.14582749 0.00296510 0.02416578
v 0.14583061 0.00302706 0.02436766
v 0.14583356 0.00308134 0.02457359
v 0.14583633 0.00312779 0.02478303
v 0.14583888 0.00316632 0.02499543
v 0.14584120 0.00319684 0.02521022
v 0.14584325 0.00321929 0.02542684
v 0.14584504 0.00323363 0.02564472
v 0.14584653 0.00323985 0.02586330
v 0.14584772 0.00323794 0.02608199
v 0.14584860 0.00322794 0.02630023
v 0.14584915 0.00320989 0.02651745
v 0.14584939 0.00318386 0.02673309
v 0.14584931 0.00314994 0.02694659
v 0.14584890 0.00310824 0.02715741
v 0.14584819 0.00305889 0.02736499
v 0.14584718 0.00300204 0.02756882
v 0.14584588 0.00293786 0.02776837
v 0.14584432 0.00286652 0.02796314
v 0.14584251 0.00278825 0.02815262
v 0.14584049 0.00270325 0.02833636
v 0.14583826 0.00261175 0.02851388
v 0.14583453 0.00245875 0.02877409
v 0.14583052 0.00229193 0.02901700
v 0.14582636 0.00211235 0.02924117
v 0.14582218 0.00192111 0.02944531
v 0.14581811 0.00171939 0.02962825
v 0.14581427 0.00150839 0.02978894
v 0.14581080 0.00128939 0.02992647
v 0.14580779 0.00106365 0.03004005
v 0.14580534 0.00083250 0.03012906
v 0.14580354 0.00059727 0.03019300
v 0.14580243 0.00035932 0.03023150
v 0.14580206 0.00012000 0.03024436
v -0.11894400 0.08882379 0.00055995
v -0.12434942 0.08372222 0.00292593
v -0.12877501 0.07909346 0.00509078
v -0.13231874 0.07513567 0.00692949
v -0.13507861 0.07191550 0.00842979
v -0.13715260 0.06941860 0.00963175
v -0.13863868 0.06758227 0.01059318
v -0.13963484 0.06631599 0.01137198
v -0.14023907 0.06551378 0.01201896
v -0.14054936 0.06506154 0.01257636
v -0.14066367 0.06484138 0.01307895
v -0.14068000 0.06473404 0.01355583
v -0.14066367 0.06465992 0.01402443
v -0.14054936 0.06469786 0.01447149
v -0.14023907 0.06496512 0.01487883
v -0.13963484 0.06557631 0.01522974
v -0.13863868 0.06664095 0.01550687
v -0.13715260 0.06825935 0.01569040
v -0.13507861 0.07051550 0.01575812
v -0.13231874 0.07346516 0.01569024
v -0.12877501 0.07711630 0.01548282
v -0.12434942 0.08139799 0.01517555
v -0.11894400 0.08611256 0.01490090
v -0.11429000 0.09265471 -0.00408371
v -0.11939799 0.08847545 -0.00165752
v -0.12358007 0.08457457 0.00069999
v -0.12692881 0.08117322 0.00281563
v -0.12953682 0.07836474 0.00463751
v -0.13149669 0.07616051 0.00617700
v -0.13290100 0.07452060 0.00747384
v -0.13384235 0.07337371 0.00857688
v -0.13441334 0.07263006 0.00953445
v -0.13470654 0.07218951 0.01039046
v -0.13481457 0.07194673 0.01118335
v -0.13483000 0.07179449 0.01194621
v -0.13481457 0.07166111 0.01269894
v -0.13470654 0.07161732 0.01342685
v -0.13441334 0.07176788 0.01411071
v -0.13384235 0.07221392 0.01473513
v -0.13290100 0.07304991 0.01528785
v -0.13149669 0.07435859 0.01575961
v -0.12953682 0.07620335 0.01614590
v -0.12692881 0.07861610 0.01645291
v -0.12358007 0.08157863 0.01671087
v -0.11939799 0.08499417 0.01699921
v -0.11429000 0.08864519 0.01748949
v -0.10963600 0.09575743 -0.00727138
v -0.11444657 0.09252608 -0.00506987
v -0.11838513 0.08939148 -0.00278009
v -0.12153888 0.08659015 -0.00061611
v -0.12399503 0.08423649 0.00133331
v -0.12584078 0.08236403 0.00305009
v -0.12716332 0.08095368 0.00455282
v -0.12804986 0.07995296 0.00587655
v -0.12858760 0.07928881 0.00706163
v -0.12886373 0.07887626 0.00814787
v -0.12896547 0.07862415 0.00917188
v -0.12898000 0.07843893 0.01016582
v -0.12896547 0.07825796 0.01114904
v -0.12886373 0.07814296 0.01210740
v -0.12858760 0.07818498 0.01302291
v -0.12804986 0.07847098 0.01388273
v -0.12716332 0.07908020 0.01467952
v -0.12584078 0.08007875 0.01541268
v -0.12399503 0.08151152 0.01609148
v -0.12153888 0.08339025 0.01674185
v -0.11838513 0.08567592 0.01741950
v -0.11444657 0.08825298 0.01823303
v -0.10963600 0.09089210 0.01938164
v -0.10498200 0.09812009 -0.00971783
v -0.10949514 0.09584325 -0.00786942
v -0.11319019 0.09349521 -0.00577203
v -0.11614895 0.09132082 -0.00367231
v -0.11845324 0.08945037 -0.00169107
v -0.12018487 0.08793597 0.00012626
v -0.12142564 0.08677737 0.00177694
v -0.12225737 0.08594004 0.00328045
v -0.12276186 0.08536776 0.00466621
v -0.12302092 0.08499139 0.00596647
v -0.12311637 0.08473498 0.00721226
v -0.12313000 0.08451982 0.00843123
v -0.12311637 0.08429312 0.00963989
v -0.12302092 0.08410687 0.01082642
v -0.12276186 0.08403747 0.01197660
v -0.12225737 0.08415702 0.01308197
v -0.12142564 0.08452940 0.01414117
v -0.12018487 0.08520457 0.01516212
v -0.11845324 0.08621044 0.01616612
v -0.11614895 0.08754136 0.01719520
v -0.11319019 0.08914174 0.01832481
v -0.10949514 0.09088294 0.01968479
v -0.10498200 0.09253098 0.02149224
v -0.10032800 0.10005447 -0.01176909
v -0.10454371 0.09835540 -0.00998079
v -0.10799525 0.09679209 -0.00816051
v -0.11075902 0.09525691 -0.00620915
v -0.11291145 0.09388599 -0.00426928
v -0.11452896 0.09274650 -0.00241101
v -0.11568796 0.09185481 -0.00065786
v -0.11646488 0.09119324 0.00099311
v -0.11693612 0.09072208 0.00255835
v -0.11717811 0.09038834 0.00405986
v -0.11726726 0.09013185 0.00552019
v -0.11728000 0.08988949 0.00695960
v -0.11726726 0.08961885 0.00838990
v -0.11717811 0.08936174 0.00980308
v -0.11693612 0.08917934 0.01119068
v -0.11646488 0.08912854 0.01255024
v -0.11568796 0.08925794 0.01388717
v -0.11452896 0.08960207 0.01521776
v -0.11291145 0.09017348 0.01657384
v -0.11075902 0.09095180 0.01801040
v -0.10799525 0.09186880 0.01961759
v -0.10454371 0.09279273 0.02153560
v -0.10032800 0.09382343 0.02370431
v -0.09567400 0.10186415 -0.01376217
v -0.09959228 0.10046226 -0.01177062
v -0.10280031 0.09927076 -0.00986990
v -0.10536909 0.09828716 -0.00804357
v -0.10736966 0.09742019 -0.00620232
v -0.10887305 0.09666317 -0.00435136
v -0.10995029 0.09604671 -0.00253383
v -0.11067239 0.09556861 -0.00076375
v -0.11111038 0.09520508 0.00096104
v -0.11133530 0.09491912 0.00265031
v -0.11141816 0.09466655 0.00431596
v -0.11143000 0.09440017 0.00596863
v -0.11141816 0.09408817 0.00761399
v -0.11133530 0.09376201 0.00924897
v -0.11111038 0.09346745 0.01087242
v -0.11067239 0.09324618 0.01248898
v -0.10995029 0.09313191 0.01411139
v -0.10887305 0.09314470 0.01576397
v -0.10736966 0.09328340 0.01748762
v -0.10536909 0.09351560 0.01934734
v -0.10280031 0.09384489 0.02137471
v -0.09959228 0.09435409 0.02352566
v -0.09567400 0.09504094 0.02581286
v -0.09102000 0.10353563 -0.01571187
v -0.09464086 0.10244131 -0.01353349
v -0.09760536 0.10150474 -0.01144058
v -0.09997916 0.10072878 -0.00941901
v -0.10182787 0.10010358 -0.00745397
v -0.10321715 0.09961074 -0.00553118
v -0.10421261 0.09922628 -0.00363777
v -0.10487989 0.09892263 -0.00176292
v -0.10528464 0.09866958 0.00010209
v -0.10549249 0.09843532 0.00196350
v -0.10556906 0.09819056 0.00382183
v -0.10558000 0.09790397 0.00567657
v -0.10556906 0.09755428 0.00752623
v -0.10549249 0.09716267 0.00937347
v -0.10528464 0.09675967 0.01122543
v -0.10487989 0.09637300 0.01309382
v -0.10421261 0.09603208 0.01499033
v -0.10321715 0.09576401 0.01692920
v -0.10182787 0.09559260 0.01892668
v -0.09997916 0.09553758 0.02099990
v -0.09760536 0.09561277 0.02316578
v -0.09464086 0.09582352 0.02543980
v -0.09102000 0.09616308 0.02783434
v -0.08636600 0.10505467 -0.01762368
v -0.08968943 0.10427353 -0.01527244
v -0.09241042 0.10359983 -0.01299894
v -0.09458923 0.10303941 -0.01079062
v -0.09628608 0.10258633 -0.00863421
v -0.09756124 0.10222639 -0.00651688
v -0.09847493 0.10193981 -0.00442704
v -0.09908740 0.10170308 -0.00235497
v -0.09945890 0.10149035 -0.00029326
v -0.09964968 0.10127443 0.00176297
v -0.09971996 0.10102757 0.00381587
v -0.09973000 0.10072203 0.00586485
v -0.09971996 0.10033952 0.00790785
v -0.09964968 0.09989838 0.00994714
v -0.09945890 0.09942574 0.01198854
v -0.09908740 0.09894799 0.01404045
v -0.09847493 0.09849024 0.01611363
v -0.09756124 0.09807561 0.01822087
v -0.09628608 0.09772433 0.02037647
v -0.09458923 0.09745245 0.02259554
v -0.09241042 0.09727027 0.02489311
v -0.08968943 0.09717998 0.02728295
v -0.08636600 0.09717269 0.02977611
v -0.08171200 0.10640687 -0.01949847
v -0.08473800 0.10593975 -0.01698659
v -0.08721548 0.10553252 -0.01454294
v -0.08919930 0.10519282 -0.01215663
v -0.09074429 0.10491761 -0.00981617
v -0.09190533 0.10469624 -0.00751038
v -0.09273725 0.10451266 -0.00522922
v -0.09329491 0.10434720 -0.00296426
v -0.09363317 0.10417782 -0.00070916
v -0.09380686 0.10398115 0.00154016
v -0.09387086 0.10373323 0.00378537
v -0.09388000 0.10341011 0.00602561
v -0.09387086 0.10299606 0.00825870
v -0.09380686 0.10250701 0.01048606
v -0.09363317 0.10196652 0.01271221
v -0.09329491 0.10139746 0.01494404
v -0.09273725 0.10082150 0.01719052
v -0.09190533 0.10025841 0.01946251
v -0.09074429 0.09972511 0.02177220
v -0.08919930 0.09923455 0.02413258
v -0.08721548 0.09879422 0.02655661
v -0.08473800 0.09840417 0.02905620
v -0.08171200 0.09805457 0.03164094
v -0.07705800 0.10757794 -0.02133460
v -0.07978657 0.10742092 -0.01867303
v -0.08202054 0.10727942 -0.01606880
v -0.08380937 0.10716179 -0.01351284
v -0.08520250 0.10706705 -0.01099552
v -0.08624942 0.10698738 -0.00850753
v -0.08699957 0.10691002 -0.00604048
v -0.08750242 0.10681884 -0.00358745
v -0.08780743 0.10669549 -0.00114329
v -0.08796405 0.10652036 0.00129513
v -0.08802176 0.10627329 0.00372882
v -0.08803000 0.10593419 0.00615662
v -0.08802176 0.10548993 0.00857610
v -0.08796405 0.10495400 0.01098782
v -0.08780743 0.10434633 0.01339503
v -0.08750242 0.10368634 0.01580303
v -0.08699957 0.10299235 0.01821903
v -0.08624942 0.10228094 0.02065183
v -0.08520250 0.10156609 0.02311149
v -0.08380937 0.10085814 0.02560879
v -0.08202054 0.10016249 0.02815451
v -0.07978657 0.09947797 0.03075863
v -0.07705800 0.09879479 0.03342916
v -0.07240400 0.10855384 -0.02312898
v -0.07483515 0.10869825 -0.02032767
v -0.07682560 0.10881736 -0.01757184
v -0.07841944 0.10891932 -0.01485428
v -0.07966072 0.10900441 -0.01216735
v -0.08059351 0.10906698 -0.00950365
v -0.08126189 0.10909711 -0.00685661
v -0.08170993 0.10908186 -0.00422088
v -0.08198169 0.10900636 -0.00159267
v -0.08212124 0.10885461 0.00103014
v -0.08217266 0.10861021 0.00364780
v -0.08218000 0.10825684 0.00625872
v -0.08217266 0.10778393 0.00886018
v -0.08212124 0.10720260 0.01145186
v -0.08198169 0.10652923 0.01403575
v -0.08170993 0.10577987 0.01661560
v -0.08126189 0.10496965 0.01919678
v -0.08059351 0.10411223 0.02178608
v -0.07966072 0.10321900 0.02439138
v -0.07841944 0.10229820 0.02702120
v -0.07682560 0.10135379 0.02968414
v -0.07483515 0.10038411 0.03238816
v -0.07240400 0.09938036 0.03513966
v -0.06775000 0.10932086 -0.02487771
v -0.06988372 0.10975328 -0.02194579
v -0.07163066 0.11012349 -0.01904685
v -0.07302950 0.11043868 -0.01617560
v -0.07411893 0.11069966 -0.01332641
v -0.07493760 0.11090239 -0.01049385
v -0.07552421 0.11103926 -0.00767320
v -0.07591744 0.11110018 -0.00486079
v -0.07615595 0.11107344 -0.00205420
v -0.07627843 0.11094648 0.00074755
v -0.07632355 0.11070643 0.00354390
v -0.07633000 0.11034061 0.00633275
v -0.07632355 0.10984092 0.00911102
v -0.07627843 0.10921618 0.01187755
v -0.07615595 0.10847942 0.01463306
v -0.07591744 0.10764347 0.01737976
v -0.07552421 0.10672056 0.02012124
v -0.07493760 0.10572169 0.02286228
v -0.07411893 0.10465606 0.02560859
v -0.07302950 0.10353028 0.02836647
v -0.07163066 0.10234743 0.03114231
v -0.06988372 0.10110608 0.03394207
v -0.06775000 0.09979900 0.03677049
v -0.06309600 0.10986565 -0.02657644
v -0.06493229 0.11056795 -0.02352232
v -0.06643572 0.11117533 -0.02048840
v -0.06763957 0.11169344 -0.01747129
v -0.06857714 0.11212303 -0.01446735
v -0.06928169 0.11246111 -0.01147314
v -0.06978654 0.11270191 -0.00848580
v -0.07012495 0.11283777 -0.00550334
v -0.07033021 0.11285981 -0.00252476
v -0.07043562 0.11275855 0.00044973
v -0.07047445 0.11252441 0.00341873
v -0.07048000 0.11214809 0.00637956
v -0.07047445 0.11162377 0.00932873
v -0.07043562 0.11095816 0.01226424
v -0.07033021 0.11016119 0.01518560
v -0.07012495 0.10924278 0.01809351
v -0.06978654 0.10821249 0.02098982
v -0.06928169 0.10707906 0.02387736
v -0.06857714 0.10584989 0.02675973
v -0.06763957 0.10453038 0.02964105
v -0.06643572 0.10312328 0.03252559
v -0.06493229 0.10162787 0.03541728
v -0.06309600 0.10003904 0.03831923
v -0.05844200 0.11017522 -0.02822057
v -0.05998086 0.11112456 -0.02505204
v -0.06124078 0.11195075 -0.02189096
v -0.06224964 0.11265750 -0.01873577
v -0.06303535 0.11324503 -0.01558479
v -0.06362579 0.11371089 -0.01243652
v -0.06404886 0.11405070 -0.00928994
v -0.06433246 0.11425875 -0.00614470
v -0.06450447 0.11432858 -0.00300124
v -0.06459281 0.11425344 0.00013907
v -0.06462535 0.11402663 0.00327392
v -0.06463000 0.11364186 0.00640001
v -0.06462535 0.11309539 0.00951342
v -0.06459281 0.11239203 0.01261131
v -0.06450447 0.11153895 0.01569202
v -0.06433246 0.11054354 0.01875483
v -0.06404886 0.10941306 0.02179992
v -0.06362579 0.10815436 0.02482824
v -0.06303535 0.10677343 0.02784139
v -0.06224964 0.10527492 0.03084139
v -0.06124078 0.10366163 0.03383043
v -0.05998086 0.10193396 0.03681055
v -0.05844200 0.10008923 0.03978322
v -0.05378800 0.11023699 -0.02980542
v -0.05502944 0.11140581 -0.02652973
v -0.05604584 0.11242801 -0.02324903
v -0.05685971 0.11330512 -0.01996354
v -0.05749356 0.11403646 -0.01667343
v -0.05796988 0.11461972 -0.01337908
v -0.05831118 0.11505141 -0.01008122
v -0.05853996 0.11532734 -0.00678109
v -0.05867873 0.11544298 -0.00348053
v -0.05875000 0.11539380 -0.00018208
v -0.05877625 0.11517558 0.00311107
v -0.05878000 0.11478454 0.00639496
v -0.05877625 0.11421871 0.00966520
v -0.05875000 0.11348130 0.01291815
v -0.05867873 0.11257718 0.01615103
v -0.05853996 0.11151162 0.01936178
v -0.05831118 0.11029005 0.02254901
v -0.05796988 0.10891781 0.02571192
v -0.05749356 0.10739991 0.02885020
v -0.05685971 0.10574061 0.03196392
v -0.05604584 0.10394312 0.03505332
v -0.05502944 0.10200919 0.03811861
v -0.05378800 0.09993869 0.04115966
v -0.04913400 0.11003867 -0.03132637
v -0.05007801 0.11139476 -0.02795025
v -0.05085090 0.11258573 -0.02455722
v -0.05146978 0.11361087 -0.02114919
v -0.05195177 0.11446842 -0.01772808
v -0.05231397 0.11515580 -0.01429599
v -0.05257350 0.11567002 -0.01085532
v -0.05274747 0.11600789 -0.00740880
v -0.05285300 0.11616629 -0.00395962
v -0.05290718 0.11614238 -0.00051139
v -0.05292715 0.11593380 0.00293177
v -0.05293000 0.11553878 0.00636528
v -0.05292715 0.11495669 0.00978422
v -0.05290718 0.11418954 0.01318420
v -0.05285300 0.11324042 0.01656139
v -0.05274747 0.11211301 0.01991249
v -0.05257350 0.11081136 0.02323466
v -0.05231397 0.10933981 0.02652547
v -0.05195177 0.10770275 0.02978290
v -0.05146978 0.10590442 0.03300520
v -0.05085090 0.10394866 0.03619080
v -0.05007801 0.10183868 0.03933820
v -0.04913400 0.09957681 0.04244576
v -0.04448000 0.10968193 -0.03277088
v -0.04512658 0.11115770 -0.02930144
v -0.04565596 0.11246402 -0.02580407
v -0.04607985 0.11359574 -0.02228206
v -0.04640998 0.11454802 -0.01873891
v -0.04665806 0.11531643 -0.01517826
v -0.04683582 0.11589703 -0.01160402
v -0.04695498 0.11628641 -0.00802033
v -0.04702726 0.11648178 -0.00443159
v -0.04706437 0.11648098 -0.00084250
v -0.04707805 0.11628257 0.00274194
v -0.04708000 0.11588580 0.00631646
v -0.04707805 0.11529083 0.00987560
v -0.04706437 0.11449902 0.01341428
v -0.04702726 0.11351259 0.01692782
v -0.04695498 0.11233447 0.02041189
v -0.04683582 0.11096828 0.02386251
v -0.04665806 0.10941824 0.02727605
v -0.04640998 0.10768917 0.03064928
v -0.04607985 0.10578641 0.03397930
v -0.04565596 0.10371575 0.03726365
v -0.04512658 0.10148338 0.04050022
v -0.04448000 0.09909577 0.04368732
v -0.03982600 0.10931356 -0.03412752
v -0.04017515 0.11089619 -0.03056390
v -0.04046102 0.11229907 -0.02696263
v -0.04068992 0.11351676 -0.02332837
v -0.04086819 0.11454426 -0.01966594
v -0.04100215 0.11537701 -0.01598029
v -0.04109814 0.11601099 -0.01227655
v -0.04116249 0.11644279 -0.00856004
v -0.04120152 0.11666966 -0.00483621
v -0.04122156 0.11668955 -0.00111072
v -0.04122895 0.11650113 0.00261063
v -0.04123000 0.11610385 0.00632187
v -0.04122895 0.11549801 0.01001697
v -0.04122156 0.11468492 0.01369022
v -0.04120152 0.11366674 0.01733619
v -0.04116249 0.11244639 0.02094966
v -0.04109814 0.11102749 0.02452561
v -0.04100215 0.10941436 0.02805925
v -0.04086819 0.10761196 0.03154603
v -0.04068992 0.10562583 0.03498162
v -0.04046102 0.10346202 0.03836190
v -0.04017515 0.10112703 0.04168302
v -0.03982600 0.09862772 0.04494134
v -0.03517200 0.10893634 -0.03539708
v -0.03522373 0.11062184 -0.03173812
v -0.03526608 0.11211776 -0.02803230
v -0.03529999 0.11341845 -0.02428572
v -0.03532640 0.11451870 -0.02050456
v -0.03534624 0.11541385 -0.01669509
v -0.03536047 0.11609981 -0.01286364
v -0.03537000 0.11657314 -0.00901662
v -0.03537578 0.11683112 -0.00516046
v -0.03537875 0.11687175 -0.00130164
v -0.03537984 0.11669384 0.00255331
v -0.03538000 0.11629698 0.00639787
v -0.03537984 0.11568160 0.01022552
v -0.03537875 0.11484899 0.01402982
v -0.03537578 0.11380125 0.01780441
v -0.03537000 0.11254130 0.02154302
v -0.03536047 0.11107280 0.02523943
v -0.03534624 0.10940018 0.02888756
v -0.03532640 0.10752853 0.03248140
v -0.03529999 0.10546359 0.03601507
v -0.03526608 0.10321165 0.03948279
v -0.03522373 0.10077952 0.04287894
v -0.03517200 0.09817442 0.04619801
v -0.03051800 0.10855232 -0.03657980
v -0.03027230 0.11033628 -0.03282490
v -0.03007114 0.11192136 -0.02901464
v -0.02991006 0.11330169 -0.02515660
v -0.02978461 0.11447192 -0.02125834
v -0.02969034 0.11542724 -0.01732737
v -0.02962279 0.11616352 -0.01337116
v -0.02957751 0.11667727 -0.00939710
v -0.02955004 0.11696578 -0.00541248
v -0.02953594 0.11702711 -0.00142453
v -0.02953074 0.11686014 0.00255967
v -0.02953000 0.11646458 0.00653312
v -0.02953074 0.11584099 0.01048890
v -0.02953594 0.11499062 0.01441976
v -0.02955004 0.11391556 0.01831830
v -0.02957751 0.11261875 0.02217709
v -0.02962279 0.11110391 0.02598864
v -0.02969034 0.10937556 0.02974545
v -0.02978461 0.10743894 0.03344001
v -0.02991006 0.10529998 0.03706485
v -0.03007114 0.10296519 0.04061250
v -0.03027230 0.10044168 0.04407557
v -0.03051800 0.09773698 0.04744675
v -0.02586400 0.10816346 -0.03767536
v -0.02532087 0.11004110 -0.03382444
v -0.02487620 0.11171108 -0.02991059
v -0.02452013 0.11316737 -0.02594290
v -0.02424282 0.11440447 -0.02193024
v -0.02403443 0.11541748 -0.01788127
v -0.02388511 0.11620217 -0.01380445
v -0.02378502 0.11675504 -0.00970804
v -0.02372430 0.11707336 -0.00560006
v -0.02369313 0.11715520 -0.00148832
v -0.02368164 0.11699950 0.00261962
v -0.02368000 0.11660609 0.00671643
v -0.02368164 0.11597559 0.01079484
v -0.02369313 0.11510925 0.01484672
v -0.02372430 0.11400919 0.01886361
v -0.02378502 0.11267835 0.02283685
v -0.02388511 0.11112054 0.02675764
v -0.02403443 0.10934039 0.03061707
v -0.02424282 0.10734328 0.03440614
v -0.02452013 0.10513530 0.03811575
v -0.02487620 0.10272321 0.04173680
v -0.02532087 0.10011432 0.04526012
v -0.02586400 0.09731647 0.04867660
v -0.02121000 0.10777164 -0.03868303
v -0.02036944 0.10973782 -0.03473645
v -0.01968125 0.11148810 -0.03072058
v -0.01913020 0.11301634 -0.02664596
v -0.01870103 0.11431693 -0.02252267
v -0.01837852 0.11538487 -0.01836038
v -0.01814743 0.11621586 -0.01416838
v -0.01799252 0.11680635 -0.00995558
v -0.01789856 0.11715357 -0.00573059
v -0.01785032 0.11725563 -0.00150166
v -0.01783254 0.11711148 0.00272332
v -0.01783000 0.11672100 0.00693678
v -0.01783254 0.11608487 0.01113113
v -0.01785032 0.11520440 0.01529740
v -0.01789856 0.11408168 0.01942601
v -0.01799252 0.11271973 0.02350712
v -0.01814743 0.11112246 0.02753066
v -0.01837852 0.10929459 0.03148637
v -0.01870103 0.10724164 0.03536378
v -0.01913020 0.10496988 0.03915229
v -0.01968125 0.10248624 0.04284114
v -0.02036944 0.09979824 0.04641947
v -0.02121000 0.09691394 0.04987631
v -0.01655600 0.10737868 -0.03960168
v -0.01541802 0.10942790 -0.03556022
v -0.01448631 0.11125358 -0.03144457
v -0.01374026 0.11284946 -0.02726666
v -0.01315924 0.11420987 -0.02303761
v -0.01272261 0.11532973 -0.01876789
v -0.01240975 0.11620468 -0.01446739
v -0.01220003 0.11683111 -0.01014550
v -0.01207283 0.11720622 -0.00581117
v -0.01200750 0.11732808 -0.00147292
v -0.01198344 0.11719566 0.00286113
v -0.01198000 0.11680885 0.00718327
v -0.01198344 0.11616839 0.01148568
v -0.01200750 0.11527559 0.01575853
v -0.01207283 0.11413263 0.01999118
v -0.01220003 0.11274259 0.02417268
v -0.01240975 0.11110946 0.02829182
v -0.01272261 0.10923810 0.03233709
v -0.01315924 0.10713415 0.03629673
v -0.01374026 0.10480403 0.04015872
v -0.01448631 0.10225481 0.04391075
v -0.01541802 0.09949419 0.04754026
v -0.01655600 0.09653040 0.05103436
v -0.01190200 0.10698631 -0.04042989
v -0.01046659 0.10911278 -0.03629470
v -0.00929137 0.11100861 -0.03208217
v -0.00835033 0.11266755 -0.02780548
v -0.00761745 0.11408385 -0.02347662
v -0.00706670 0.11525240 -0.01910658
v -0.00667207 0.11616877 -0.01470558
v -0.00640754 0.11682929 -0.01028322
v -0.00624709 0.11723112 -0.00584857
v -0.00616469 0.11737227 -0.00141024
v -0.00613434 0.11725169 0.00302361
v -0.00613000 0.11686926 0.00744520
v -0.00613434 0.11622572 0.01184650
v -0.00616469 0.11532245 0.01621689
v -0.00624709 0.11416170 0.02054477
v -0.00640754 0.11274664 0.02481826
v -0.00667207 0.11108138 0.02902514
v -0.00706670 0.10917089 0.03315289
v -0.00761745 0.10702093 0.03718865
v -0.00835033 0.10463805 0.04111915
v -0.00929137 0.10202943 0.04493066
v -0.01046659 0.09920290 0.04860893
v -0.01190200 0.09616679 0.05213908
v -0.00724800 0.10659616 -0.04116600
v -0.00551516 0.10879379 -0.03693856
v -0.00409643 0.11075428 -0.03263267
v -0.00296040 0.11247141 -0.02826260
v -0.00207566 0.11393944 -0.02384094
v -0.00141079 0.11515322 -0.01937892
v -0.00093440 0.11610829 -0.01488675
v -0.00061505 0.11680090 -0.01037392
v -0.00042135 0.11722815 -0.00584935
v -0.00032188 0.11738798 -0.00132151
v -0.00028524 0.11727928 0.00320151
v -0.00028000 0.11690188 0.00771198
v -0.00028524 0.11625651 0.01220171
v -0.00032188 0.11534463 0.01665935
v -0.00042135 0.11416857 0.02107253
v -0.00061505 0.11273165 0.02542860
v -0.00093440 0.11103807 0.02971463
v -0.00141079 0.10909292 0.03391737
v -0.00207566 0.10690210 0.03802311
v -0.00296040 0.10447222 0.04201759
v -0.00409643 0.10181058 0.04588580
v -0.00551516 0.09892503 0.04961181
v -0.00724800 0.09582397 0.05317865
v -0.00259400 0.10620980 -0.04180815
v -0.00056373 0.10847222 -0.03749027
v 0.00109851 0.11049161 -0.03309513
v 0.00242953 0.11226183 -0.02863794
v 0.00346613 0.11377720 -0.02413158
v 0.00424511 0.11503256 -0.01958712
v 0.00480328 0.11602342 -0.01501443
v 0.00517744 0.11674597 -0.01042251
v 0.00540439 0.11719721 -0.00581982
v 0.00552093 0.11737501 -0.00121445
v 0.00556387 0.11727817 0.00338576
v 0.00557000 0.11690642 0.00797321
v 0.00556387 0.11626046 0.01253956
v 0.00552093 0.11534182 0.01707289
v 0.00540439 0.11415299 0.02156024
v 0.00517744 0.11269740 0.02598849
v 0.00480328 0.11097940 0.03034434
v 0.00424511 0.10900419 0.03461412
v 0.00346613 0.10677777 0.03878367
v 0.00242953 0.10430683 0.04283800
v 0.00109851 0.10159868 0.04676102
v -0.00056373 0.09866122 0.05053519
v -0.00259400 0.09550277 0.05414121
v 0.00206000 0.10582868 -0.04235440
v 0.00438769 0.10814930 -0.03794815
v 0.00629345 0.11022158 -0.03346846
v 0.00781946 0.11203957 -0.02893125
v 0.00900792 0.11359768 -0.02434931
v 0.00990102 0.11489079 -0.01973321
v 0.01054096 0.11591434 -0.01509196
v 0.01096993 0.11666249 -0.01043340
v 0.01123013 0.11713338 -0.00576535
v 0.01136374 0.11732645 -0.00109550
v 0.01141297 0.11724060 0.00356869
v 0.01142000 0.11687498 0.00821990
v 0.01141297 0.11622979 0.01284975
v 0.01136374 0.11530709 0.01744580
v 0.01123013 0.11410996 0.02199469
v 0.01096993 0.11264172 0.02648321
v 0.01054096 0.11090524 0.03089837
v 0.00990102 0.10890469 0.03522681
v 0.00900792 0.10664806 0.03945392
v 0.00781946 0.10414210 0.04356438
v 0.00629345 0.10139415 0.04754122
v 0.00438769 0.09841201 0.05136531
v 0.00206000 0.09520390 0.05501484
v 0.00671400 0.10545420 -0.04280269
v 0.00933912 0.10782617 -0.03831044
v 0.01148839 0.10993680 -0.03375031
v 0.01320939 0.11174387 -0.02913349
v 0.01454971 0.11326428 -0.02447504
v 0.01555693 0.11451426 -0.01978728
v 0.01627864 0.11550149 -0.01507971
v 0.01676242 0.11622759 -0.01036012
v 0.01705587 0.11669021 -0.00563531
v 0.01720655 0.11688470 -0.00091164
v 0.01726207 0.11680548 0.00380461
v 0.01727000 0.11644706 0.00850705
v 0.01726207 0.11580648 0.01318777
v 0.01720655 0.11488889 0.01783341
v 0.01705587 0.11370181 0.02242961
v 0.01676242 0.11225265 0.02696237
v 0.01627864 0.11054785 0.03141816
v 0.01555693 0.10859158 0.03578385
v 0.01454971 0.10638431 0.04004666
v 0.01320939 0.10392112 0.04419399
v 0.01148839 0.10118966 0.04821313
v 0.00933912 0.09817791 0.05208849
v 0.00671400 0.09492802 0.05578768
v 0.01136800 0.10508142 -0.04315016
v 0.01429055 0.10738934 -0.03855975
v 0.01668333 0.10935966 -0.03390065
v 0.01859932 0.11103993 -0.02919571
v 0.02009150 0.11245970 -0.02446069
v 0.02121284 0.11363478 -0.01970655
v 0.02201632 0.11457088 -0.01494115
v 0.02255492 0.11526654 -0.01017048
v 0.02288160 0.11571553 -0.00539962
v 0.02304936 0.11590880 -0.00063334
v 0.02311117 0.11583604 0.00412349
v 0.02312000 0.11548680 0.00886563
v 0.02311117 0.11485478 0.01358571
v 0.02304936 0.11394838 0.01826949
v 0.02288160 0.11277981 0.02290158
v 0.02255492 0.11136085 0.02746724
v 0.02201632 0.10970174 0.03195243
v 0.02121284 0.10780983 0.03634378
v 0.02009150 0.10568784 0.04062849
v 0.01859932 0.10333189 0.04479416
v 0.01668333 0.10072913 0.04882837
v 0.01429055 0.09785499 0.05271818
v 0.01136800 0.09467011 0.05644937
v 0.01602200 0.10449704 -0.04336609
v 0.01924198 0.10660372 -0.03866200
v 0.02187827 0.10839874 -0.03390407
v 0.02398925 0.10993343 -0.02911498
v 0.02563329 0.11123806 -0.02430934
v 0.02686875 0.11232717 -0.01949637
v 0.02775400 0.11320381 -0.01468189
v 0.02834741 0.11386302 -0.00986985
v 0.02870734 0.11429444 -0.00506332
v 0.02889218 0.11448447 -0.00026523
v 0.02896027 0.11441797 0.00452113
v 0.02897000 0.11407952 0.00929184
v 0.02896027 0.11345942 0.01404022
v 0.02889218 0.11256935 0.01875113
v 0.02870734 0.11142625 0.02340814
v 0.02834741 0.11004631 0.02799579
v 0.02775400 0.10844372 0.03249960
v 0.02686875 0.10662922 0.03690602
v 0.02563329 0.10460819 0.04120236
v 0.02398925 0.10237836 0.04537650
v 0.02187827 0.09992711 0.04941652
v 0.01924198 0.09722808 0.05331003
v 0.01602200 0.09423724 0.05704329
v 0.02067600 0.10362683 -0.04343907
v 0.02419340 0.10550998 -0.03862083
v 0.02707321 0.10711343 -0.03376624
v 0.02937918 0.10849083 -0.02889736
v 0.03117508 0.10967188 -0.02402721
v 0.03252466 0.11066880 -0.01916290
v 0.03349168 0.11148134 -0.01430795
v 0.03413990 0.11210062 -0.00946393
v 0.03453308 0.11251202 -0.00463171
v 0.03473499 0.11269745 0.00018782
v 0.03480937 0.11263706 0.00499314
v 0.03482000 0.11231063 0.00978181
v 0.03480937 0.11170523 0.01454791
v 0.03473499 0.11083565 0.01927542
v 0.03453308 0.10972339 0.02394689
v 0.03413990 0.10838890 0.02854615
v 0.03349168 0.10685033 0.03305830
v 0.03252466 0.10512194 0.03746969
v 0.03117508 0.10321211 0.04176779
v 0.02937918 0.10112088 0.04594092
v 0.02707321 0.09883673 0.04997779
v 0.02419340 0.09633264 0.05386676
v 0.02067600 0.09356115 0.05759483
v 0.02533000 0.10251295 -0.04337387
v 0.02914483 0.10415868 -0.03844177
v 0.03226815 0.10556229 -0.03349325
v 0.03476911 0.10677791 -0.02854929
v 0.03671687 0.10783311 -0.02362090
v 0.03818056 0.10873665 -0.01871272
v 0.03922935 0.10948425 -0.01382567
v 0.03993239 0.11006277 -0.00895874
v 0.04035882 0.11045331 -0.00411036
v 0.04057780 0.11063350 0.00072076
v 0.04065847 0.11057916 0.00553500
v 0.04067000 0.11026566 0.01033154
v 0.04065847 0.10967712 0.01510534
v 0.04057780 0.10883119 0.01983949
v 0.04035882 0.10775349 0.02451552
v 0.03993239 0.10646843 0.02911656
v 0.03922935 0.10499793 0.03362731
v 0.03818056 0.10335983 0.03803407
v 0.03671687 0.10156590 0.04232455
v 0.03476911 0.09961917 0.04648758
v 0.03226815 0.09751033 0.05051264
v 0.02914483 0.09521311 0.05438904
v 0.02533000 0.09267814 0.05810473
v 0.02998400 0.10119655 -0.04317563
v 0.03409626 0.10259951 -0.03813075
v 0.03746309 0.10380312 -0.03309162
v 0.04015904 0.10485980 -0.02807764
v 0.04225866 0.10579322 -0.02309740
v 0.04383647 0.10660735 -0.01815275
v 0.04496703 0.10729309 -0.01324172
v 0.04572488 0.10783275 -0.00836055
v 0.04618456 0.10820330 -0.00350507
v 0.04642061 0.10837842 0.00132832
v 0.04650758 0.10833019 0.00614204
v 0.04652000 0.10803023 0.01093699
v 0.04650758 0.10746012 0.01570905
v 0.04642061 0.10663993 0.02044047
v 0.04618456 0.10559881 0.02511176
v 0.04572488 0.10436462 0.02970533
v 0.04496703 0.10296271 0.03420555
v 0.04383647 0.10141449 0.03859864
v 0.04225866 0.09973546 0.04287260
v 0.04015904 0.09793243 0.04701687
v 0.03746309 0.09599960 0.05102178
v 0.03409626 0.09391310 0.05487776
v 0.02998400 0.09162361 0.05857395
v 0.03463800 0.09971794 -0.04284979
v 0.03904769 0.10088136 -0.03769402
v 0.04265803 0.10189300 -0.03256820
v 0.04554898 0.10280106 -0.02748962
v 0.04780045 0.10362320 -0.02246404
v 0.04949238 0.10435715 -0.01749022
v 0.05070471 0.10498814 -0.01256308
v 0.05151737 0.10549373 -0.00767592
v 0.05201030 0.10584690 -0.00282187
v 0.05226342 0.10601802 0.00200509
v 0.05235668 0.10597615 0.00680948
v 0.05237000 0.10569003 0.01159398
v 0.05235668 0.10513933 0.01635552
v 0.05226342 0.10434593 0.02107548
v 0.05201030 0.10334170 0.02573336
v 0.05151737 0.10215721 0.03031089
v 0.05070471 0.10082081 0.03479204
v 0.04949238 0.09935736 0.03916301
v 0.04780045 0.09778641 0.04341209
v 0.04554898 0.09611947 0.04752935
v 0.04265803 0.09435570 0.05150609
v 0.03904769 0.09247559 0.05533400
v 0.03463800 0.09043220 0.05900364
v 0.03929200 0.09811660 -0.04240210
v 0.04399911 0.09905237 -0.03713814
v 0.04785297 0.09988839 -0.03193014
v 0.05093891 0.10066571 -0.02679275
v 0.05334224 0.10139361 -0.02172847
v 0.05514829 0.10206198 -0.01673267
v 0.05644239 0.10264950 -0.01179697
v 0.05730986 0.10312872 -0.00691162
v 0.05783604 0.10346900 -0.00206697
v 0.05810623 0.10363777 0.00274560
v 0.05820578 0.10360230 0.00753264
v 0.05822000 0.10333001 0.01229852
v 0.05820578 0.10279921 0.01704135
v 0.05810623 0.10203302 0.02174169
v 0.05783604 0.10106455 0.02637812
v 0.05730986 0.09992598 0.03093168
v 0.05644239 0.09864836 0.03538589
v 0.05514829 0.09725977 0.03972690
v 0.05334224 0.09578421 0.04394328
v 0.05093891 0.09423883 0.04802574
v 0.04785297 0.09262939 0.05196663
v 0.04399911 0.09094304 0.05575901
v 0.03929200 0.08913789 0.05939510
v 0.04394600 0.09643127 -0.04183854
v 0.04895054 0.09716004 -0.03646995
v 0.05304791 0.09784519 -0.03118490
v 0.05632884 0.09851729 -0.02599483
v 0.05888403 0.09916680 -0.02089294
v 0.06080420 0.09972674 -0.01584304
v 0.06218007 0.10020046 -0.01086332
v 0.06310235 0.10058637 -0.00595921
v 0.06366177 0.10086480 -0.00112156
v 0.06394904 0.10100399 0.00366421
v 0.06405488 0.10096503 0.00841266
v 0.06407000 0.10070574 0.01313536
v 0.06405488 0.10019786 0.01783431
v 0.06394904 0.09947085 0.02248882
v 0.06366177 0.09856689 0.02707696
v 0.06310235 0.09752372 0.03158146
v 0.06218007 0.09637096 0.03598889
v 0.06080420 0.09512560 0.04028788
v 0.05888403 0.09378682 0.04446590
v 0.05632884 0.09234888 0.04850689
v 0.05304791 0.09087117 0.05240460
v 0.04895054 0.08935751 0.05615421
v 0.04394600 0.08777418 0.05974980
v 0.04860000 0.09470011 -0.04116534
v 0.05390197 0.09525136 -0.03569654
v 0.05824285 0.09581795 -0.03033941
v 0.06171877 0.09629960 -0.02501357
v 0.06442582 0.09667705 -0.01974504
v 0.06646011 0.09700690 -0.01459719
v 0.06791775 0.09730953 -0.00958377
v 0.06889485 0.09757792 -0.00469239
v 0.06948751 0.09778519 0.00010081
v 0.06979186 0.09789110 0.00482222
v 0.06990398 0.09784736 0.00949554
v 0.06992000 0.09760190 0.01413913
v 0.06990398 0.09711970 0.01875856
v 0.06979186 0.09643673 0.02333238
v 0.06948751 0.09560456 0.02783867
v 0.06889485 0.09466954 0.03226207
v 0.06791775 0.09366876 0.03659271
v 0.06646011 0.09262517 0.04082411
v 0.06442582 0.09154192 0.04494964
v 0.06171877 0.09039590 0.04895717
v 0.05824285 0.08913058 0.05282112
v 0.05390197 0.08776084 0.05652109
v 0.04860000 0.08637417 0.06006928
v 0.05325400 0.09296071 -0.04038890
v 0.05885340 0.09336586 -0.03481862
v 0.06343780 0.09361610 -0.02920320
v 0.06710870 0.09372172 -0.02363143
v 0.06996760 0.09378944 -0.01822590
v 0.07211601 0.09387534 -0.01302455
v 0.07365542 0.09399619 -0.00801909
v 0.07468734 0.09413911 -0.00317899
v 0.07531325 0.09426971 0.00153406
v 0.07563467 0.09433903 0.00615760
v 0.07575308 0.09428923 0.01072377
v 0.07577000 0.09405819 0.01525697
v 0.07575308 0.09360401 0.01976598
v 0.07563467 0.09296928 0.02422904
v 0.07531325 0.09221514 0.02862486
v 0.07468734 0.09139671 0.03294046
v 0.07365542 0.09055882 0.03716980
v 0.07211601 0.08973071 0.04131143
v 0.06996760 0.08891993 0.04536463
v 0.06710870 0.08810535 0.04932378
v 0.06343780 0.08722922 0.05317004
v 0.05885340 0.08618834 0.05685954
v 0.05325400 0.08497079 0.06035519
v 0.05790800 0.09125028 -0.03951579
v 0.06380482 0.09129427 -0.03362053
v 0.06863274 0.09108226 -0.02767059
v 0.07249863 0.09079324 -0.02190288
v 0.07550939 0.09053668 -0.01640911
v 0.07777192 0.09036732 -0.01119945
v 0.07939310 0.09029769 -0.00624259
v 0.08047983 0.09030861 -0.00148985
v 0.08113899 0.09035790 0.00311084
v 0.08147748 0.09038773 0.00760727
v 0.08160218 0.09033062 0.01203897
v 0.08162000 0.09011435 0.01643541
v 0.08160218 0.08969013 0.02080797
v 0.08147748 0.08910718 0.02513518
v 0.08113899 0.08843626 0.02939704
v 0.08047983 0.08774141 0.03358339
v 0.07939310 0.08707536 0.03769227
v 0.07777192 0.08647394 0.04172727
v 0.07550939 0.08594959 0.04569341
v 0.07249863 0.08548379 0.04959130
v 0.06863274 0.08501837 0.05340866
v 0.06380482 0.08444556 0.05710812
v 0.05790800 0.08359683 0.06060922
v -0.11740388 0.08700034 0.00049031
v -0.12270343 0.08199702 0.00283773
v -0.12706749 0.07743179 0.00498428
v -0.13057456 0.07351486 0.00680451
v -0.13331251 0.07032086 0.00828600
v -0.13537374 0.06784051 0.00946879
v -0.13685300 0.06601437 0.01041070
v -0.13784633 0.06475397 0.01116968
v -0.13845050 0.06395471 0.01179657
v -0.13876266 0.06350347 0.01233365
v -0.13888014 0.06328310 0.01281574
v -0.13890032 0.06317506 0.01327198
v -0.13888813 0.06310023 0.01371986
v -0.13877870 0.06313692 0.01414606
v -0.13847482 0.06340157 0.01453220
v -0.13787940 0.06400785 0.01486134
v -0.13689563 0.06506415 0.01511579
v -0.13542710 0.06666932 0.01527524
v -0.13337808 0.06890547 0.01531679
v -0.13065391 0.07182589 0.01521969
v -0.12716169 0.07543531 0.01497871
v -0.12281144 0.07965867 0.01463187
v -0.11751822 0.08429346 0.01430973
v -0.11286211 0.09073931 -0.00403461
v -0.11783154 0.08667376 -0.00164419
v -0.12193347 0.08284770 0.00068106
v -0.12523455 0.07949490 0.00276628
v -0.12781414 0.07671753 0.00455858
v -0.12975766 0.07453278 0.00606878
v -0.13115356 0.07290446 0.00733631
v -0.13209197 0.07176379 0.00840985
v -0.13266387 0.07102266 0.00933764
v -0.13296075 0.07058220 0.01016355
v -0.13307431 0.07033810 0.01092605
v -0.13309628 0.07018410 0.01165829
v -0.13308784 0.07004912 0.01238025
v -0.13298789 0.07000328 0.01307713
v -0.13270484 0.07015032 0.01372944
v -0.13214726 0.07059033 0.01432146
v -0.13122399 0.07141653 0.01484048
v -0.12984432 0.07271024 0.01527661
v -0.12791827 0.07453310 0.01562455
v -0.12535688 0.07691493 0.01588945
v -0.12207288 0.07983511 0.01610026
v -0.11798152 0.08319431 0.01633501
v -0.11300190 0.08677287 0.01676408
v -0.10838349 0.09372423 -0.00713723
v -0.11300818 0.09062006 -0.00498505
v -0.11683848 0.08757280 -0.00273859
v -0.11992739 0.08482957 -0.00061432
v -0.12234450 0.08251376 0.00129735
v -0.12416748 0.08066519 0.00297734
v -0.12547806 0.07926907 0.00444361
v -0.12636014 0.07827585 0.00573084
v -0.12689876 0.07761459 0.00687916
v -0.12717957 0.07720191 0.00792828
v -0.12728851 0.07694801 0.00891478
v -0.12731165 0.07676056 0.00987092
v -0.12730634 0.07657772 0.01081615
v -0.12721526 0.07646045 0.01173615
v -0.12695246 0.07649869 0.01261266
v -0.12643214 0.07677826 0.01343244
v -0.12556878 0.07737718 0.01418764
v -0.12427731 0.07836023 0.01487699
v -0.12247331 0.07977081 0.01550896
v -0.12007341 0.08161906 0.01610852
v -0.11699566 0.08386440 0.01673036
v -0.11316012 0.08639009 0.01748220
v -0.10848952 0.08896673 0.01856301
v -0.10397787 0.09595735 -0.00950086
v -0.10824753 0.09380852 -0.00771448
v -0.11179366 0.09155834 -0.00567192
v -0.11466221 0.08945189 -0.00362173
v -0.11691150 0.08762693 -0.00168682
v -0.11861042 0.08614187 0.00008594
v -0.11983332 0.08500112 0.00169286
v -0.12065746 0.08417353 0.00315281
v -0.12116167 0.08360541 0.00449485
v -0.12142559 0.08322963 0.00575103
v -0.12152929 0.08297191 0.00695234
v -0.12155300 0.08275505 0.00812650
v -0.12155023 0.08252723 0.00929016
v -0.12146745 0.08233961 0.01043132
v -0.12122438 0.08226737 0.01153543
v -0.12074087 0.08238145 0.01259362
v -0.11993699 0.08274458 0.01360398
v -0.11873320 0.08340560 0.01457379
v -0.11705056 0.08439129 0.01552364
v -0.11481097 0.08569502 0.01649481
v -0.11193742 0.08726051 0.01756211
v -0.10835421 0.08895915 0.01885516
v -0.10398334 0.09055996 0.02059248
v -0.09934951 0.09788790 -0.01148491
v -0.10354169 0.09619263 -0.00975481
v -0.10682261 0.09471270 -0.00799916
v -0.10945909 0.09325239 -0.00610794
v -0.11153248 0.09193411 -0.00422390
v -0.11310180 0.09082990 -0.00241883
v -0.11423317 0.08996058 -0.00071747
v -0.11499666 0.08931209 0.00088226
v -0.11546447 0.08884761 0.00239630
v -0.11570996 0.08851649 0.00384637
v -0.11580708 0.08826059 0.00525493
v -0.11583010 0.08801859 0.00664232
v -0.11582858 0.08774916 0.00802049
v -0.11575283 0.08749321 0.00938128
v -0.11552827 0.08731068 0.01071588
v -0.11508037 0.08725731 0.01202139
v -0.11433473 0.08738071 0.01330274
v -0.11321723 0.08771456 0.01457565
v -0.11165419 0.08827071 0.01587141
v -0.10957247 0.08902841 0.01724454
v -0.10689955 0.08991957 0.01878505
v -0.10354734 0.09082015 0.02063660
v -0.09935757 0.09186264 0.02275470
v -0.09472888 0.09969203 -0.01341532
v -0.09861848 0.09829339 -0.01148747
v -0.10180713 0.09710313 -0.00965029
v -0.10434798 0.09612698 -0.00788811
v -0.10623425 0.09531522 -0.00611290
v -0.10766562 0.09459780 -0.00432474
v -0.10869933 0.09400817 -0.00256803
v -0.10939757 0.09354727 -0.00085777
v -0.10982538 0.09319421 0.00080757
v -0.11004945 0.09291453 0.00243740
v -0.11013731 0.09266628 0.00404348
v -0.11015705 0.09240424 0.00563657
v -0.11015415 0.09209779 0.00722247
v -0.11008280 0.09177744 0.00879798
v -0.10987416 0.09148770 0.01036163
v -0.10945928 0.09126923 0.01191766
v -0.10876919 0.09115491 0.01347839
v -0.10773501 0.09116424 0.01506771
v -0.10628806 0.09129584 0.01672619
v -0.10435984 0.09151739 0.01851875
v -0.10181345 0.09186095 0.02048933
v -0.09862665 0.09238636 0.02258496
v -0.09473876 0.09308723 0.02481625
v -0.09011630 0.10135633 -0.01530552
v -0.09370404 0.10026395 -0.01319606
v -0.09664510 0.09932777 -0.01117179
v -0.09900245 0.09855152 -0.00921885
v -0.10083980 0.09792605 -0.00732259
v -0.10222137 0.09743357 -0.00546874
v -0.10321177 0.09705055 -0.00364438
v -0.10387593 0.09674976 -0.00183858
v -0.10427012 0.09650541 -0.00004222
v -0.10446740 0.09628219 0.00175112
v -0.10454102 0.09604707 0.00354165
v -0.10455259 0.09577061 0.00532894
v -0.10454343 0.09543267 0.00711168
v -0.10447164 0.09505353 0.00889242
v -0.10427414 0.09466251 0.01067804
v -0.10387870 0.09429036 0.01248110
v -0.10321539 0.09396828 0.01431411
v -0.10222596 0.09371990 0.01619052
v -0.10084554 0.09356862 0.01812650
v -0.09900950 0.09353369 0.02013902
v -0.09665354 0.09362842 0.02224471
v -0.09371380 0.09385760 0.02445865
v -0.09012697 0.09421390 0.02679270
v -0.08551211 0.10286683 -0.01716023
v -0.08879879 0.10208554 -0.01488277
v -0.09149288 0.10141072 -0.01268281
v -0.09365220 0.10084888 -0.01054797
v -0.09533514 0.10039464 -0.00846513
v -0.09660058 0.10003436 -0.00642149
v -0.09750775 0.09974864 -0.00440541
v -0.09811610 0.09951433 -0.00240709
v -0.09848529 0.09930580 -0.00041900
v -0.09867507 0.09909609 0.00156387
v -0.09874526 0.09885761 0.00354383
v -0.09875570 0.09856275 0.00552040
v -0.09874629 0.09819330 0.00749169
v -0.09867712 0.09776742 0.00946008
v -0.09848836 0.09731199 0.01143150
v -0.09812021 0.09685310 0.01341443
v -0.09751291 0.09641556 0.01541967
v -0.09660685 0.09602216 0.01746001
v -0.09534254 0.09569272 0.01954968
v -0.09366072 0.09544291 0.02170364
v -0.09150240 0.09528254 0.02393667
v -0.08880898 0.09521336 0.02626222
v -0.08552229 0.09522601 0.02869097
v -0.08091666 0.10420949 -0.01897988
v -0.08390318 0.10373937 -0.01654629
v -0.08635104 0.10332884 -0.01418079
v -0.08831287 0.10298600 -0.01187266
v -0.08984183 0.10270830 -0.00961047
v -0.09099146 0.10248550 -0.00738307
v -0.09181559 0.10230195 -0.00518037
v -0.09236827 0.10213826 -0.00299388
v -0.09270369 0.10197267 -0.00081711
v -0.09287616 0.10178203 0.00135414
v -0.09294002 0.10154255 0.00352168
v -0.09294963 0.10123046 0.00568485
v -0.09294125 0.10083011 0.00784162
v -0.09287861 0.10035723 0.00999353
v -0.09270735 0.09983507 0.01214524
v -0.09237309 0.09928624 0.01430368
v -0.09182155 0.09873208 0.01647791
v -0.09099850 0.09819201 0.01867873
v -0.08984985 0.09768261 0.02091831
v -0.08832169 0.09721643 0.02320950
v -0.08636034 0.09680059 0.02556508
v -0.08391240 0.09643479 0.02799671
v -0.08092487 0.09610881 0.03051374
v -0.07633030 0.10537052 -0.02076267
v -0.07901772 0.10520692 -0.01818348
v -0.08122018 0.10505926 -0.01566174
v -0.08298519 0.10493621 -0.01318844
v -0.08436066 0.10483715 -0.01075397
v -0.08539483 0.10475459 -0.00834901
v -0.08613617 0.10467612 -0.00596512
v -0.08663332 0.10458588 -0.00359528
v -0.08693505 0.10446577 -0.00123420
v -0.08709021 0.10429642 0.00112139
v -0.08714768 0.10405785 0.00347269
v -0.08715639 0.10373015 0.00581871
v -0.08714892 0.10330027 0.00815723
v -0.08709267 0.10278148 0.01048895
v -0.08693870 0.10219343 0.01281726
v -0.08663810 0.10155520 0.01514754
v -0.08614198 0.10088480 0.01748704
v -0.08540152 0.10019849 0.01984459
v -0.08436802 0.09950990 0.02223020
v -0.08299288 0.09882905 0.02465455
v -0.08122770 0.09816099 0.02712832
v -0.07902433 0.09750425 0.02966131
v -0.07633486 0.09684881 0.03226140
v -0.07175338 0.10633649 -0.02250555
v -0.07414290 0.10647010 -0.01979027
v -0.07610095 0.10657956 -0.01712091
v -0.07766992 0.10667326 -0.01449025
v -0.07889251 0.10675170 -0.01189059
v -0.07981167 0.10680954 -0.00931448
v -0.08047052 0.10683711 -0.00675525
v -0.08091233 0.10682176 -0.00420742
v -0.08118045 0.10674882 -0.00166704
v -0.08131831 0.10660253 0.00086816
v -0.08136935 0.10636666 0.00339867
v -0.08137704 0.10602508 0.00592309
v -0.08137036 0.10556728 0.00843894
v -0.08132032 0.10500415 0.01094608
v -0.08118341 0.10435177 0.01344665
v -0.08091614 0.10362586 0.01594449
v -0.08047504 0.10284125 0.01844506
v -0.07981668 0.10201127 0.02095518
v -0.07889769 0.10114699 0.02348272
v -0.07767481 0.10025634 0.02603617
v -0.07610490 0.09934299 0.02862404
v -0.07414502 0.09840504 0.03125423
v -0.07175238 0.09743346 0.03393307
v -0.06718614 0.10709442 -0.02420484
v -0.06927919 0.10751130 -0.02136211
v -0.07099400 0.10786785 -0.01855325
v -0.07236787 0.10817140 -0.01577285
v -0.07343832 0.10842297 -0.01301513
v -0.07424302 0.10861873 -0.01027456
v -0.07481977 0.10875132 -0.00754627
v -0.07520648 0.10881087 -0.00482641
v -0.07544112 0.10878588 -0.00211237
v -0.07556170 0.10866397 0.00059703
v -0.07560625 0.10843246 0.00330150
v -0.07561281 0.10807881 0.00599916
v -0.07560675 0.10759497 0.00868720
v -0.07556268 0.10698954 0.01136468
v -0.07544253 0.10627523 0.01403250
v -0.07520821 0.10546459 0.01669301
v -0.07482164 0.10456947 0.01934990
v -0.07424475 0.10360061 0.02200802
v -0.07343953 0.10256688 0.02467311
v -0.07236801 0.10147460 0.02735148
v -0.07099233 0.10032660 0.03004952
v -0.06927471 0.09912119 0.03277316
v -0.06717753 0.09785098 0.03552716
v -0.06262871 0.10763181 -0.02585655
v -0.06442689 0.10831348 -0.02289432
v -0.06589984 0.10890279 -0.01995367
v -0.06707976 0.10940551 -0.01703100
v -0.06799897 0.10982256 -0.01412245
v -0.06868989 0.11015113 -0.01122440
v -0.06918504 0.11038567 -0.00833379
v -0.06951698 0.11051869 -0.00544838
v -0.06971831 0.11054150 -0.00256695
v -0.06982165 0.11044481 0.00031057
v -0.06985965 0.11021915 0.00318305
v -0.06986494 0.10985535 0.00604809
v -0.06985930 0.10934762 0.00890252
v -0.06982094 0.10870244 0.01174458
v -0.06971718 0.10792943 0.01457400
v -0.06951533 0.10703822 0.01739167
v -0.06918268 0.10603805 0.02019958
v -0.06868653 0.10493735 0.02300066
v -0.06799418 0.10374320 0.02579862
v -0.06707298 0.10246073 0.02859761
v -0.06589030 0.10109243 0.03140194
v -0.06441358 0.09963734 0.03421560
v -0.06261034 0.09809017 0.03704174
v -0.05808103 0.10793662 -0.02745663
v -0.05958615 0.10886016 -0.02438224
v -0.06081882 0.10966371 -0.02131718
v -0.06180610 0.11035111 -0.01825961
v -0.06257514 0.11092274 -0.01520757
v -0.06315313 0.11137634 -0.01215931
v -0.06356729 0.11170771 -0.00911353
v -0.06384486 0.11191131 -0.00606958
v -0.06401310 0.11198084 -0.00302762
v -0.06409929 0.11190966 0.00001131
v -0.06413068 0.11169121 0.00304522
v -0.06413456 0.11131924 0.00607115
v -0.06412911 0.11079003 0.00908551
v -0.06409614 0.11010814 0.01208575
v -0.06400834 0.10928050 0.01507047
v -0.06383840 0.10831416 0.01803920
v -0.06355896 0.10721611 0.02099230
v -0.06314268 0.10599286 0.02393088
v -0.06256217 0.10465011 0.02685666
v -0.06179007 0.10319220 0.02977178
v -0.06079903 0.10162169 0.03267851
v -0.05956170 0.09993868 0.03557896
v -0.05805077 0.09814030 0.03847469
v -0.05354283 0.10799725 -0.02900106
v -0.05475681 0.10913536 -0.02582137
v -0.05575091 0.11013049 -0.02263900
v -0.05654705 0.11098434 -0.01945385
v -0.05716716 0.11169644 -0.01626579
v -0.05763319 0.11226466 -0.01307485
v -0.05796709 0.11268569 -0.00988143
v -0.05819079 0.11295549 -0.00668643
v -0.05832624 0.11306967 -0.00349132
v -0.05839537 0.11302380 -0.00029826
v -0.05842013 0.11281369 0.00288991
v -0.05842244 0.11243562 0.00606963
v -0.05841693 0.11188755 0.00923685
v -0.05838899 0.11117250 0.01238828
v -0.05831668 0.11029510 0.01552145
v -0.05817800 0.10926032 0.01863458
v -0.05795098 0.10807330 0.02172651
v -0.05761358 0.10673906 0.02479666
v -0.05714376 0.10526230 0.02784490
v -0.05651944 0.10364698 0.03087143
v -0.05571854 0.10189599 0.03387662
v -0.05471898 0.10001082 0.03686077
v -0.05349864 0.09799104 0.03982386
v -0.04901351 0.10780246 -0.03048597
v -0.04993832 0.10912357 -0.02720739
v -0.05069565 0.11028355 -0.02391461
v -0.05130223 0.11128195 -0.02060918
v -0.05177474 0.11211723 -0.01729269
v -0.05212989 0.11278703 -0.01396686
v -0.05238434 0.11328852 -0.01063369
v -0.05255474 0.11361866 -0.00729553
v -0.05265774 0.11377444 -0.00395515
v -0.05270997 0.11375310 -0.00061574
v -0.05272807 0.11355228 0.00271899
v -0.05272867 0.11317018 0.00604486
v -0.05272287 0.11260612 0.00935736
v -0.05269961 0.11186192 0.01265244
v -0.05264227 0.11094046 0.01592665
v -0.05253420 0.10984515 0.01917700
v -0.05235874 0.10857976 0.02240093
v -0.05209919 0.10714832 0.02559628
v -0.05173882 0.10555490 0.02876123
v -0.05126088 0.10380341 0.03189422
v -0.05064859 0.10189737 0.03499383
v -0.04988512 0.09983967 0.03805865
v -0.04895364 0.09763233 0.04108714
v -0.04437988 0.10745701 -0.03190000
v -0.04503203 0.10889437 -0.02852947
v -0.04556664 0.11016656 -0.02513387
v -0.04599525 0.11126870 -0.02171620
v -0.04632945 0.11219622 -0.01827958
v -0.04658080 0.11294492 -0.01482730
v -0.04676090 0.11351104 -0.01136283
v -0.04688138 0.11389131 -0.00788988
v -0.04695387 0.11408301 -0.00441242
v -0.04699003 0.11408403 -0.00093471
v -0.04700157 0.11389291 0.00253871
v -0.04700018 0.11350886 0.00600297
v -0.04699372 0.11293191 0.00945304
v -0.04697440 0.11216331 0.01288422
v -0.04693054 0.11120508 0.01629222
v -0.04685045 0.11005996 0.01967308
v -0.04672246 0.10873128 0.02302313
v -0.04653485 0.10722301 0.02633907
v -0.04627594 0.10553968 0.02961789
v -0.04593403 0.10368631 0.03285696
v -0.04549743 0.10166838 0.03605396
v -0.04495445 0.09949173 0.03920697
v -0.04429341 0.09716253 0.04231439
v -0.03973822 0.10709999 -0.03322837
v -0.04009321 0.10864211 -0.02976530
v -0.04038424 0.11000896 -0.02626750
v -0.04061749 0.11119538 -0.02273929
v -0.04079919 0.11219661 -0.01918515
v -0.04093555 0.11300832 -0.01560966
v -0.04103282 0.11362668 -0.01201754
v -0.04109725 0.11404841 -0.00841367
v -0.04113513 0.11427085 -0.00480307
v -0.04115276 0.11429197 -0.00119094
v -0.04115646 0.11411047 0.00241736
v -0.04115257 0.11372573 0.00601631
v -0.04114534 0.11313796 0.00960029
v -0.04113060 0.11234833 0.01316402
v -0.04110209 0.11135882 0.01670246
v -0.04105353 0.11017212 0.02021074
v -0.04097867 0.10879162 0.02368420
v -0.04087124 0.10722136 0.02711835
v -0.04072500 0.10546600 0.03050889
v -0.04053367 0.10353077 0.03385173
v -0.04029102 0.10142140 0.03714294
v -0.03999079 0.09914406 0.04037880
v -0.03962674 0.09670531 0.04355578
v -0.03509708 0.10673379 -0.03447151
v -0.03515483 0.10837677 -0.03091465
v -0.03520219 0.10983484 -0.02731385
v -0.03524003 0.11110263 -0.02367490
v -0.03526920 0.11217517 -0.02000365
v -0.03529057 0.11304800 -0.01630598
v -0.03530504 0.11371723 -0.01258784
v -0.03531351 0.11417955 -0.00885518
v -0.03531689 0.11443233 -0.00511402
v -0.03531613 0.11447363 -0.00137038
v -0.03531217 0.11430224 0.00236968
v -0.03530598 0.11391771 0.00610007
v -0.03529822 0.11332040 0.00981473
v -0.03528834 0.11251143 0.01350764
v -0.03527547 0.11149274 0.01717284
v -0.03525874 0.11026703 0.02080443
v -0.03523731 0.10883772 0.02439656
v -0.03521034 0.10720896 0.02794342
v -0.03517699 0.10538555 0.03143929
v -0.03513644 0.10337291 0.03487851
v -0.03508785 0.10117703 0.03825549
v -0.03503039 0.09880437 0.04156476
v -0.03496324 0.09626186 0.04480092
v -0.03045645 0.10636047 -0.03562950
v -0.03021687 0.10809998 -0.03197813
v -0.03002049 0.10964547 -0.02827432
v -0.02986283 0.11099134 -0.02452537
v -0.02973942 0.11213246 -0.02073849
v -0.02964580 0.11306425 -0.01692084
v -0.02957750 0.11378272 -0.01307948
v -0.02953007 0.11428454 -0.00922137
v -0.02949906 0.11456710 -0.00535339
v -0.02948005 0.11462851 -0.00148228
v -0.02946862 0.11446765 0.00238531
v -0.02946035 0.11408420 0.00624287
v -0.02945233 0.11347861 0.01008392
v -0.02944759 0.11265202 0.01390165
v -0.02945066 0.11160634 0.01768907
v -0.02946608 0.11034428 0.02143913
v -0.02949841 0.10886933 0.02514469
v -0.02955221 0.10718573 0.02879856
v -0.02963203 0.10529845 0.03239350
v -0.02974245 0.10321309 0.03592227
v -0.02988805 0.10093586 0.03937760
v -0.03007340 0.09847354 0.04275226
v -0.03030306 0.09583335 0.04603903
v -0.02581636 0.10598201 -0.03670187
v -0.02527934 0.10781336 -0.03295576
v -0.02483911 0.10944209 -0.02914969
v -0.02448587 0.11086242 -0.02529242
v -0.02420983 0.11206907 -0.02139250
v -0.02400119 0.11305734 -0.01745824
v -0.02385013 0.11382319 -0.01349771
v -0.02374686 0.11436324 -0.00951873
v -0.02368157 0.11467486 -0.00552890
v -0.02364447 0.11475619 -0.00153556
v -0.02362575 0.11460619 0.00245418
v -0.02361563 0.11422463 0.00643347
v -0.02360761 0.11361205 0.01039551
v -0.02360831 0.11276959 0.01433262
v -0.02362766 0.11169916 0.01823675
v -0.02367558 0.11040352 0.02209964
v -0.02376201 0.10888622 0.02591284
v -0.02389689 0.10715164 0.02966775
v -0.02409018 0.10520485 0.03335563
v -0.02435181 0.10305167 0.03696765
v -0.02469175 0.10069853 0.04049487
v -0.02511994 0.09815244 0.04392832
v -0.02564635 0.09542091 0.04725899
v -0.02117684 0.10560033 -0.03768770
v -0.02034225 0.10751846 -0.03384711
v -0.01965806 0.10922591 -0.02994020
v -0.01910914 0.11071674 -0.02597723
v -0.01868040 0.11198558 -0.02196795
v -0.01835670 0.11302762 -0.01792167
v -0.01812290 0.11383874 -0.01384728
v -0.01796384 0.11441552 -0.00975331
v -0.01786436 0.11475533 -0.00564790
v -0.01780930 0.11485629 -0.00153885
v -0.01778349 0.11471741 0.00256641
v -0.01777176 0.11433851 0.00666080
v -0.01776401 0.11372021 0.01073723
v -0.01777047 0.11286366 0.01478717
v -0.01780644 0.11177080 0.01880146
v -0.01788721 0.11044444 0.02277067
v -0.01802811 0.10888824 0.02668509
v -0.01824443 0.10710666 0.03053475
v -0.01855149 0.10510495 0.03430950
v -0.01896459 0.10288908 0.03799895
v -0.01949904 0.10046566 0.04159258
v -0.02017013 0.09784193 0.04507967
v -0.02099321 0.09502565 0.04844940
v -0.01653789 0.10521728 -0.03858573
v -0.01540563 0.10721680 -0.03465129
v -0.01447735 0.10899811 -0.03064568
v -0.01373265 0.11055519 -0.02658052
v -0.01315111 0.11188257 -0.02246664
v -0.01271231 0.11297540 -0.01831414
v -0.01239575 0.11382947 -0.01413254
v -0.01218095 0.11444133 -0.00993080
v -0.01204738 0.11480829 -0.00571744
v -0.01197451 0.11492848 -0.00150051
v -0.01194179 0.11480090 0.00271236
v -0.01192868 0.11442540 0.00691395
v -0.01192149 0.11380264 0.01109692
v -0.01193403 0.11293381 0.01525192
v -0.01198697 0.11182090 0.01936875
v -0.01210098 0.11046680 0.02343686
v -0.01229672 0.10887525 0.02744539
v -0.01259486 0.10705084 0.03138318
v -0.01301603 0.10499895 0.03523875
v -0.01358086 0.10272570 0.03900031
v -0.01430999 0.10023787 0.04265580
v -0.01522407 0.09754287 0.04619281
v -0.01634375 0.09464864 0.04959863
v -0.01189957 0.10483462 -0.03939440
v -0.01046950 0.10690982 -0.03536711
v -0.00929699 0.10875983 -0.03126555
v -0.00835638 0.11037861 -0.02710262
v -0.00762196 0.11176065 -0.02289000
v -0.00706799 0.11290104 -0.01863833
v -0.00666866 0.11379553 -0.01435746
v -0.00639815 0.11444062 -0.01005656
v -0.00623057 0.11483357 -0.00574423
v -0.00614003 0.11497248 -0.00142862
v -0.00610060 0.11485631 0.00288260
v -0.00608635 0.11448491 0.00718216
v -0.00608000 0.11385896 0.01146254
v -0.00609895 0.11297969 0.01571359
v -0.00616923 0.11184916 0.01992418
v -0.00631686 0.11047037 0.02408281
v -0.00656785 0.10884715 0.02817766
v -0.00694819 0.10698422 0.03219654
v -0.00748381 0.10488707 0.03612688
v -0.00820067 0.10256195 0.03995569
v -0.00912469 0.10001578 0.04366944
v -0.01028182 0.09725608 0.04725407
v -0.01169806 0.09429092 0.05069488
v -0.00726188 0.10445406 -0.04011191
v -0.00553388 0.10659894 -0.03599309
v -0.00411701 0.10851221 -0.03179896
v -0.00298036 0.11018787 -0.02754354
v -0.00209295 0.11162041 -0.02323912
v -0.00142374 0.11280491 -0.01889657
v -0.00094162 0.11373710 -0.01452573
v -0.00061541 0.11441340 -0.01013564
v -0.00041391 0.11483104 -0.00573475
v -0.00030582 0.11498805 -0.00133105
v -0.00025986 0.11488334 0.00306788
v -0.00024471 0.11451671 0.00745485
v -0.00023950 0.11388881 0.01182216
v -0.00026519 0.11300096 0.01615897
v -0.00035319 0.11185532 0.02045337
v -0.00053485 0.11045497 0.02469315
v -0.00084151 0.10880388 0.02886576
v -0.00130444 0.10690687 0.03295829
v -0.00195489 0.10476955 0.03695735
v -0.00282407 0.10239825 0.04084895
v -0.00394320 0.09979998 0.04461830
v -0.00534348 0.09698235 0.04824968
v -0.00705622 0.09395348 0.05172626
v -0.00262486 0.10407720 -0.04073628
v -0.00059879 0.10628549 -0.03652756
v 0.00106257 0.10825632 -0.03224482
v 0.00239540 0.10998378 -0.02790306
v 0.00343592 0.11146244 -0.02351484
v 0.00422045 0.11268739 -0.01909092
v 0.00478541 0.11365435 -0.01464074
v 0.00516729 0.11435971 -0.01017287
v 0.00540265 0.11480062 -0.00569525
v 0.00552815 0.11497503 -0.00121548
v 0.00558046 0.11488175 0.00325914
v 0.00559627 0.11452051 0.00772156
v 0.00560005 0.11389192 0.01216396
v 0.00556726 0.11299737 0.01657495
v 0.00546117 0.11183915 0.02094203
v 0.00524506 0.11042047 0.02525255
v 0.00488232 0.10874542 0.02949360
v 0.00433637 0.10681890 0.03365189
v 0.00357071 0.10464663 0.03771358
v 0.00254888 0.10223500 0.04166395
v 0.00123444 0.09959107 0.04548715
v -0.00040910 0.09672244 0.04916581
v -0.00241829 0.09363723 0.05268082
v 0.00201147 0.10370558 -0.04126543
v 0.00433573 0.10597077 -0.03696869
v 0.00624174 0.10799321 -0.03260188
v 0.00777089 0.10976716 -0.02818074
v 0.00896464 0.11128733 -0.02371781
v 0.00986459 0.11254888 -0.01922326
v 0.01051007 0.11354753 -0.01470573
v 0.01092984 0.11427782 -0.01017259
v 0.01118832 0.11473772 -0.00563106
v 0.01132586 0.11492677 -0.00108832
v 0.01138276 0.11484396 0.00344874
v 0.01139936 0.11448846 0.00797332
v 0.01140254 0.11386042 0.01247761
v 0.01136521 0.11296176 0.01694971
v 0.01124662 0.11179539 0.02137676
v 0.01100582 0.11036446 0.02574607
v 0.01060169 0.10867167 0.03004515
v 0.00997420 0.10672042 0.03426088
v 0.00909294 0.10451857 0.03837904
v 0.00791814 0.10207261 0.04238457
v 0.00640815 0.09938959 0.04626077
v 0.00452126 0.09647706 0.04998866
v 0.00221567 0.09334304 0.05354660
v 0.00664708 0.10334063 -0.04169720
v 0.00926966 0.10565599 -0.03731458
v 0.01138260 0.10771681 -0.03286821
v 0.01304277 0.10948196 -0.02836946
v 0.01433837 0.11096683 -0.02383194
v 0.01531479 0.11218728 -0.01926722
v 0.01601759 0.11315087 -0.01468435
v 0.01649241 0.11385930 -0.01009073
v 0.01678500 0.11431041 -0.00549282
v 0.01694113 0.11449983 -0.00089662
v 0.01700657 0.11442225 0.00369201
v 0.01702714 0.11407242 0.00826721
v 0.01703333 0.11344745 0.01282157
v 0.01699439 0.11255231 0.01734227
v 0.01686409 0.11139429 0.02181538
v 0.01659602 0.10998062 0.02622735
v 0.01614360 0.10831757 0.03056505
v 0.01546007 0.10640924 0.03481582
v 0.01449852 0.10425603 0.03896743
v 0.01321189 0.10185298 0.04300795
v 0.01155294 0.09918768 0.04692546
v 0.00944754 0.09624689 0.05070449
v 0.00684560 0.09307172 0.05431169
v 0.01125119 0.10297865 -0.04202927
v 0.01407043 0.10523513 -0.03755237
v 0.01638274 0.10716122 -0.03301098
v 0.01823795 0.10880336 -0.02842633
v 0.01968613 0.11019037 -0.02381330
v 0.02077766 0.11133774 -0.01918241
v 0.02156329 0.11225114 -0.01454128
v 0.02209401 0.11292926 -0.00989579
v 0.02242100 0.11336620 -0.00525088
v 0.02259556 0.11355328 -0.00061109
v 0.02266903 0.11348057 0.00401899
v 0.02269278 0.11313803 0.00863456
v 0.02270103 0.11251954 0.01322874
v 0.02265930 0.11163332 0.01778774
v 0.02251583 0.11049134 0.02229655
v 0.02221872 0.10910521 0.02674078
v 0.02171594 0.10748507 0.03110672
v 0.02095534 0.10563824 0.03538139
v 0.01988469 0.10356752 0.03955248
v 0.01845167 0.10126910 0.04360820
v 0.01660388 0.09873022 0.04753698
v 0.01428880 0.09592630 0.05132698
v 0.01145376 0.09281782 0.05496534
v 0.01573710 0.10241484 -0.04223805
v 0.01885468 0.10447524 -0.03765172
v 0.02141296 0.10623008 -0.03301398
v 0.02346621 0.10772961 -0.02834625
v 0.02506928 0.10900352 -0.02366259
v 0.02627764 0.11006613 -0.01897207
v 0.02714727 0.11092059 -0.01428057
v 0.02773457 0.11156217 -0.00959210
v 0.02809622 0.11198088 -0.00490975
v 0.02828911 0.11216358 -0.00023641
v 0.02837018 0.11209558 0.00442485
v 0.02839643 0.11176191 0.00907045
v 0.02840585 0.11115316 0.01369414
v 0.02836022 0.11028084 0.01828117
v 0.02820222 0.10916167 0.02281545
v 0.02787441 0.10781172 0.02728175
v 0.02731930 0.10624515 0.03166586
v 0.02647935 0.10447275 0.03595454
v 0.02529701 0.10250002 0.04013548
v 0.02371477 0.10032490 0.04419715
v 0.02167510 0.09793493 0.04812842
v 0.01912044 0.09530392 0.05191803
v 0.01599312 0.09238784 0.05555373
v 0.02024588 0.10157040 -0.04231092
v 0.02366548 0.10341122 -0.03761346
v 0.02647268 0.10497723 -0.03288038
v 0.02872628 0.10632120 -0.02813290
v 0.03048604 0.10747247 -0.02338389
v 0.03181254 0.10844327 -0.01864061
v 0.03276708 0.10923355 -0.01390683
v 0.03341152 0.10983476 -0.00918439
v 0.03380809 0.11023268 -0.00447426
v 0.03401926 0.11040967 0.00022260
v 0.03410764 0.11034636 0.00490479
v 0.03413590 0.11002298 0.00957016
v 0.03414579 0.10942690 0.01421316
v 0.03409536 0.10857281 0.01881811
v 0.03392169 0.10748206 0.02336782
v 0.03356179 0.10617501 0.02784630
v 0.03295266 0.10466984 0.03223885
v 0.03203137 0.10298092 0.03653204
v 0.03073505 0.10111681 0.04071364
v 0.02900098 0.09907777 0.04477246
v 0.02676659 0.09685255 0.04869791
v 0.02396934 0.09441437 0.05247944
v 0.02054668 0.09171590 0.05610556
v 0.02477707 0.10048402 -0.04225049
v 0.02850158 0.10208980 -0.03744095
v 0.03155998 0.10345714 -0.03261418
v 0.03401572 0.10463965 -0.02779084
v 0.03593353 0.10566485 -0.02298216
v 0.03737922 0.10654173 -0.01819323
v 0.03841945 0.10726634 -0.01342537
v 0.03912155 0.10782595 -0.00867792
v 0.03955330 0.10820209 -0.00394954
v 0.03978282 0.10837278 0.00076098
v 0.03987837 0.10831428 0.00545408
v 0.03990830 0.10800237 0.01012917
v 0.03991817 0.10742146 0.01478154
v 0.03986228 0.10658912 0.01939456
v 0.03967206 0.10553094 0.02394999
v 0.03927894 0.10427132 0.02843110
v 0.03861440 0.10283223 0.03282274
v 0.03761006 0.10123166 0.03711135
v 0.03619775 0.09948156 0.04128485
v 0.03430956 0.09758518 0.04533244
v 0.03187785 0.09553350 0.04924416
v 0.02883521 0.09330052 0.05301028
v 0.02511429 0.09083712 0.05662022
v 0.02932944 0.09919423 -0.04206008
v 0.03336113 0.10055789 -0.03713834
v 0.03667250 0.10172481 -0.03222028
v 0.03933182 0.10274730 -0.02732551
v 0.04140887 0.10364933 -0.02246320
v 0.04297469 0.10443536 -0.01763586
v 0.04410134 0.10509675 -0.01284206
v 0.04486162 0.10561630 -0.00807842
v 0.04532890 0.10597135 -0.00334104
v 0.04557691 0.10613596 0.00137360
v 0.04567960 0.10608254 0.00606796
v 0.04571103 0.10578301 0.01074311
v 0.04572058 0.10521921 0.01539526
v 0.04565875 0.10441120 0.02000692
v 0.04545131 0.10338819 0.02455877
v 0.04502406 0.10217809 0.02903338
v 0.04430294 0.10080638 0.03341521
v 0.04321409 0.09929458 0.03769059
v 0.04168401 0.09765837 0.04184764
v 0.03963960 0.09590472 0.04587600
v 0.03700820 0.09402809 0.04976643
v 0.03371755 0.09200485 0.05351011
v 0.02969561 0.08978596 0.05709750
v 0.03390141 0.09773943 -0.04174369
v 0.03824212 0.09886253 -0.03671055
v 0.04180801 0.09983553 -0.03170434
v 0.04467222 0.10070701 -0.02674308
v 0.04690966 0.10149530 -0.02183345
v 0.04859660 0.10219887 -0.01697500
v 0.04981048 0.10280357 -0.01216329
v 0.05062958 0.10328747 -0.00739200
v 0.05113282 0.10362391 -0.00265450
v 0.05139957 0.10378355 0.00205517
v 0.05150948 0.10373564 0.00674159
v 0.05154235 0.10344912 0.01140763
v 0.05155139 0.10290381 0.01605049
v 0.05148327 0.10212168 0.02065181
v 0.05125807 0.10113476 0.02519129
v 0.05079592 0.09997375 0.02965079
v 0.05001715 0.09866715 0.03401440
v 0.04884244 0.09723991 0.03826838
v 0.04719292 0.09571170 0.04240106
v 0.04499032 0.09409413 0.04640259
v 0.04215699 0.09238648 0.05026448
v 0.03861587 0.09056945 0.05397891
v 0.03429027 0.08859634 0.05753753
v 0.03849143 0.09615782 -0.04130591
v 0.04314278 0.09705068 -0.03616314
v 0.04696468 0.09784472 -0.03107266
v 0.05003519 0.09858188 -0.02605034
v 0.05243430 0.09927251 -0.02109991
v 0.05424354 0.09990749 -0.01621767
v 0.05554564 0.10046624 -0.01139587
v 0.05642433 0.10092188 -0.00662512
v 0.05696408 0.10124408 -0.00189592
v 0.05724342 0.10140300 0.00280029
v 0.05735758 0.10136201 0.00747045
v 0.05739156 0.10108882 0.01211895
v 0.05740052 0.10056256 0.01674410
v 0.05732908 0.09980601 0.02132654
v 0.05709188 0.09885252 0.02584496
v 0.05659407 0.09773754 0.03028131
v 0.05575661 0.09649011 0.03461885
v 0.05449466 0.09513841 0.03884377
v 0.05272402 0.09370642 0.04294462
v 0.05036126 0.09221132 0.04691208
v 0.04732377 0.09065883 0.05073846
v 0.04352973 0.08903621 0.05441704
v 0.03889791 0.08730175 0.05794079
v 0.04309812 0.09448735 -0.04075190
v 0.04806174 0.09516918 -0.03550221
v 0.05214126 0.09580775 -0.03033204
v 0.05541970 0.09643508 -0.02525455
v 0.05794743 0.09705720 -0.02026857
v 0.05981497 0.09760847 -0.01533653
v 0.06116171 0.09807084 -0.01047091
v 0.06207201 0.09844403 -0.00567891
v 0.06263217 0.09870981 -0.00095271
v 0.06292965 0.09883789 0.00372140
v 0.06305250 0.09879076 0.00835752
v 0.06308909 0.09852757 0.01296711
v 0.06309839 0.09802095 0.01755232
v 0.06302133 0.09729995 0.02209255
v 0.06276934 0.09640621 0.02656570
v 0.06225395 0.09537713 0.03095421
v 0.06138694 0.09424232 0.03524426
v 0.06008047 0.09301918 0.03942412
v 0.05824723 0.09170784 0.04348105
v 0.05575235 0.09031443 0.04740470
v 0.05250837 0.08889534 0.05118890
v 0.04845891 0.08744686 0.05482521
v 0.04351828 0.08593531 0.05830803
v 0.04772037 0.09276565 -0.04008722
v 0.05299804 0.09326467 -0.03473428
v 0.05732466 0.09378386 -0.02949095
v 0.06069018 0.09426760 -0.02429313
v 0.06332835 0.09464123 -0.01914338
v 0.06532176 0.09496229 -0.01410817
v 0.06675820 0.09525275 -0.00920373
v 0.06772847 0.09550721 -0.00441951
v 0.06832506 0.09570035 0.00026704
v 0.06864142 0.09579338 0.00488141
v 0.06877144 0.09573940 0.00944686
v 0.06880925 0.09548768 0.01398157
v 0.06881763 0.09500412 0.01849128
v 0.06873380 0.09432422 0.02295454
v 0.06846367 0.09349894 0.02734926
v 0.06791333 0.09257416 0.03165969
v 0.06698916 0.09158684 0.03587546
v 0.06559796 0.09056013 0.03998957
v 0.06364716 0.08949787 0.04399497
v 0.06104500 0.08837837 0.04787937
v 0.05770064 0.08714761 0.05161768
v 0.05340339 0.08584309 0.05520435
v 0.04815124 0.08452997 0.05864025
v 0.05235745 0.09103012 -0.03931778
v 0.05791550 0.09139033 -0.03386623
v 0.06235517 0.09165211 -0.02838714
v 0.06593635 0.09176077 -0.02293814
v 0.06874044 0.09182403 -0.01764604
v 0.07085729 0.09190006 -0.01255223
v 0.07238141 0.09200764 -0.00765093
v 0.07340996 0.09213559 -0.00291336
v 0.07404155 0.09225103 0.00169751
v 0.07437553 0.09230632 0.00621840
v 0.07451161 0.09224494 0.01068097
v 0.07454964 0.09200602 0.01510945
v 0.07455616 0.09154859 0.01951271
v 0.07446471 0.09091475 0.02386902
v 0.07417568 0.09016492 0.02815682
v 0.07358966 0.08935373 0.03236269
v 0.07260758 0.08852570 0.03648000
v 0.07113084 0.08771008 0.04050662
v 0.06906153 0.08691491 0.04444121
v 0.06630267 0.08612016 0.04827771
v 0.06275843 0.08527022 0.05199739
v 0.05833433 0.08426560 0.05555749
v 0.05279685 0.08311857 0.05893862
v 0.05700897 0.08931790 -0.03844978
v 0.06270870 0.08938508 -0.03270469
v 0.06741780 0.08918533 -0.02688562
v 0.07121135 0.08889792 -0.02123504
v 0.07417870 0.08863513 -0.01584952
v 0.07641689 0.08845444 -0.01074269
v 0.07802706 0.08837052 -0.00588559
v 0.07911259 0.08836581 -0.00123119
v 0.07977810 0.08839945 0.00327146
v 0.08012879 0.08841478 0.00766934
v 0.08027014 0.08834547 0.01200152
v 0.08030766 0.08812047 0.01629725
v 0.08031168 0.08769183 0.02056802
v 0.08021204 0.08710828 0.02479230
v 0.07990358 0.08643986 0.02894980
v 0.07928141 0.08575001 0.03302983
v 0.07824096 0.08509106 0.03702977
v 0.07667819 0.08449871 0.04095237
v 0.07448978 0.08398563 0.04480187
v 0.07157341 0.08353415 0.04857818
v 0.06782812 0.08308779 0.05226877
v 0.06315462 0.08254203 0.05583689
v 0.05745533 0.08173402 0.05920450
v 0.14760000 -0.00268701 0.02331299
v 0.14760000 -0.00223917 0.02292980
v 0.14760000 -0.00179134 0.02264872
v 0.14760000 -0.00134350 0.02244543
v 0.14760000 -0.00089567 0.02230706
v 0.14760000 -0.00044783 0.02222648
v 0.14760000 0.00000000 0.02220000
v 0.14760000 0.00044783 0.02222648
v 0.14760000 0.00089567 0.02230706
v 0.14760000 0.00134350 0.02244543
v 0.14760000 0.00179134 0.02264872
v 0.14760000 0.00223917 0.02292980
v 0.14760000 0.00268701 0.02331299
v 0.14760000 0.00307020 0.02376083
v 0.14760000 0.00335128 0.02420866
v 0.14760000 0.00355457 0.02465650
v 0.14760000 0.00369294 0.02510433
v 0.14760000 0.00377352 0.02555217
v 0.14760000 0.00380000 0.02600000
v 0.14760000 0.00377352 0.02644783
v 0.14760000 0.00369294 0.02689567
v 0.14760000 0.00355457 0.02734350
v 0.14760000 0.00335128 0.02779134
v 0.14760000 0.00307020 0.02823917
v 0.14760000 0.00268701 0.02868701
v 0.14760000 0.00223917 0.02907020
v 0.14760000 0.00179134 0.02935128
v 0.14760000 0.00134350 0.02955457
v 0.14760000 0.00089567 0.02969294
v 0.14760000 0.00044783 0.02977352
v 0.14760000 0.00000000 0.02980000
v 0.14760000 -0.00044783 0.02977352
v 0.14760000 -0.00089567 0.02969294
v 0.14760000 -0.00134350 0.02955457
v 0.14760000 -0.00179134 0.02935128
v 0.14760000 -0.00223917 0.02907020
v 0.14760000 -0.00268701 0.02868701
v 0.14760000 -0.00307020 0.02823917
v 0.14760000 -0.00335128 0.02779134
v 0.14760000 -0.00355457 0.02734350
v 0.14760000 -0.00369294 0.02689567
v 0.14760000 -0.00377352 0.02644783
v 0.14760000 -0.00380000 0.02600000
v 0.14760000 -0.00377352 0.02555217
v 0.14760000 -0.00369294 0.02510433
v 0.14760000 -0.00355457 0.02465650
v 0.14760000 -0.00335128 0.02420866
v 0.14760000 -0.00307020 0.02376083
v 0.14769000 -0.00283550 0.02316450
v 0.14769000 -0.00236292 0.02276013
v 0.14769000 -0.00189033 0.02246351
v 0.14769000 -0.00141775 0.02224899
v 0.14769000 -0.00094517 0.02210298
v 0.14769000 -0.00047258 0.02201794
v 0.14769000 0.00000000 0.02199000
v 0.14769000 0.00047258 0.02201794
v 0.14769000 0.00094517 0.02210298
v 0.14769000 0.00141775 0.02224899
v 0.14769000 0.00189033 0.02246351
v 0.14769000 0.00236292 0.02276013
v 0.14769000 0.00283550 0.02316450
v 0.14769000 0.00323987 0.02363708
v 0.14769000 0.00353649 0.02410967
v 0.14769000 0.00375101 0.02458225
v 0.14769000 0.00389702 0.02505483
v 0.14769000 0.00398206 0.02552742
v 0.14769000 0.00401000 0.02600000
v 0.14769000 0.00398206 0.02647258
v 0.14769000 0.00389702 0.02694517
v 0.14769000 0.00375101 0.02741775
v 0.14769000 0.00353649 0.02789033
v 0.14769000 0.00323987 0.02836292
v 0.14769000 0.00283550 0.02883550
v 0.14769000 0.00236292 0.02923987
v 0.14769000 0.00189033 0.02953649
v 0.14769000 0.00141775 0.02975101
v 0.14769000 0.00094517 0.02989702
v 0.14769000 0.00047258 0.02998206
v 0.14769000 0.00000000 0.03001000
v 0.14769000 -0.00047258 0.02998206
v 0.14769000 -0.00094517 0.02989702
v 0.14769000 -0.00141775 0.02975101
v 0.14769000 -0.00189033 0.02953649
v 0.14769000 -0.00236292 0.02923987
v 0.14769000 -0.00283550 0.02883550
v 0.14769000 -0.00323987 0.02836292
v 0.14769000 -0.00353649 0.02789033
v 0.14769000 -0.00375101 0.02741775
v 0.14769000 -0.00389702 0.02694517
v 0.14769000 -0.00398206 0.02647258
v 0.14769000 -0.00401000 0.02600000
v 0.14769000 -0.00398206 0.02552742
v 0.14769000 -0.00389702 0.02505483
v 0.14769000 -0.00375101 0.02458225
v 0.14769000 -0.00353649 0.02410967
v 0.14769000 -0.00323987 0.02363708
v 0.14790000 -0.00289914 0.02310086
v 0.14790000 -0.00241595 0.02268742
v 0.14790000 -0.00193276 0.02238414
v 0.14790000 -0.00144957 0.02216480
v 0.14790000 -0.00096638 0.02201552
v 0.14790000 -0.00048319 0.02192857
v 0.14790000 0.00000000 0.02190000
v 0.14790000 0.00048319 0.02192857
v 0.14790000 0.00096638 0.02201552
v 0.14790000 0.00144957 0.02216480
v 0.14790000 0.00193276 0.02238414
v 0.14790000 0.00241595 0.02268742
v 0.14790000 0.00289914 0.02310086
v 0.14790000 0.00331258 0.02358405
v 0.14790000 0.00361586 0.02406724
v 0.14790000 0.00383520 0.02455043
v 0.14790000 0.00398448 0.02503362
v 0.14790000 0.00407143 0.02551681
v 0.14790000 0.00410000 0.02600000
v 0.14790000 0.00407143 0.02648319
v 0.14790000 0.00398448 0.02696638
v 0.14790000 0.00383520 0.02744957
v 0.14790000 0.00361586 0.02793276
v 0.14790000 0.00331258 0.02841595
v 0.14790000 0.00289914 0.02889914
v 0.14790000 0.00241595 0.02931258
v 0.14790000 0.00193276 0.02961586
v 0.14790000 0.00144957 0.02983520
v 0.14790000 0.00096638 0.02998448
v 0.14790000 0.00048319 0.03007143
v 0.14790000 0.00000000 0.03010000
v 0.14790000 -0.00048319 0.03007143
v 0.14790000 -0.00096638 0.02998448
v 0.14790000 -0.00144957 0.02983520
v 0.14790000 -0.00193276 0.02961586
v 0.14790000 -0.00241595 0.02931258
v 0.14790000 -0.00289914 0.02889914
v 0.14790000 -0.00331258 0.02841595
v 0.14790000 -0.00361586 0.02793276
v 0.14790000 -0.00383520 0.02744957
v 0.14790000 -0.00398448 0.02696638
v 0.14790000 -0.00407143 0.02648319
v 0.14790000 -0.00410000 0.02600000
v 0.14790000 -0.00407143 0.02551681
v 0.14790000 -0.00398448 0.02503362
v 0.14790000 -0.00383520 0.02455043
v 0.14790000 -0.00361586 0.02406724
v 0.14790000 -0.00331258 0.02358405
v 0.14850000 -0.00289914 0.02310086
v 0.14850000 -0.00241595 0.02268742
v 0.14850000 -0.00193276 0.02238414
v 0.14850000 -0.00144957 0.02216480
v 0.14850000 -0.00096638 0.02201552
v 0.14850000 -0.00048319 0.02192857
v 0.14850000 0.00000000 0.02190000
v 0.14850000 0.00048319 0.02192857
v 0.14850000 0.00096638 0.02201552
v 0.14850000 0.00144957 0.02216480
v 0.14850000 0.00193276 0.02238414
v 0.14850000 0.00241595 0.02268742
v 0.14850000 0.00289914 0.02310086
v 0.14850000 0.00331258 0.02358405
v 0.14850000 0.00361586 0.02406724
v 0.14850000 0.00383520 0.02455043
v 0.14850000 0.00398448 0.02503362
v 0.14850000 0.00407143 0.02551681
v 0.14850000 0.00410000 0.02600000
v 0.14850000 0.00407143 0.02648319
v 0.14850000 0.00398448 0.02696638
v 0.14850000 0.00383520 0.02744957
v 0.14850000 0.00361586 0.02793276
v 0.14850000 0.00331258 0.02841595
v 0.14850000 0.00289914 0.02889914
v 0.14850000 0.00241595 0.02931258
v 0.14850000 0.00193276 0.02961586
v 0.14850000 0.00144957 0.02983520
v 0.14850000 0.00096638 0.02998448
v 0.14850000 0.00048319 0.03007143
v 0.14850000 0.00000000 0.03010000
v 0.14850000 -0.00048319 0.03007143
v 0.14850000 -0.00096638 0.02998448
v 0.14850000 -0.00144957 0.02983520
v 0.14850000 -0.00193276 0.02961586
v 0.14850000 -0.00241595 0.02931258
v 0.14850000 -0.00289914 0.02889914
v 0.14850000 -0.00331258 0.02841595
v 0.14850000 -0.00361586 0.02793276
v 0.14850000 -0.00383520 0.02744957
v 0.14850000 -0.00398448 0.02696638
v 0.14850000 -0.00407143 0.02648319
v 0.14850000 -0.00410000 0.02600000
v 0.14850000 -0.00407143 0.02551681
v 0.14850000 -0.00398448 0.02503362
v 0.14850000 -0.00383520 0.02455043
v 0.14850000 -0.00361586 0.02406724
v 0.14850000 -0.00331258 0.02358405
v 0.14871000 -0.00283550 0.02316450
v 0.14871000 -0.00236292 0.02276013
v 0.14871000 -0.00189033 0.02246351
v 0.14871000 -0.00141775 0.02224899
v 0.14871000 -0.00094517 0.02210298
v 0.14871000 -0.00047258 0.02201794
v 0.14871000 0.00000000 0.02199000
v 0.14871000 0.00047258 0.02201794
v 0.14871000 0.00094517 0.02210298
v 0.14871000 0.00141775 0.02224899
v 0.14871000 0.00189033 0.02246351
v 0.14871000 0.00236292 0.02276013
v 0.14871000 0.00283550 0.02316450
v 0.14871000 0.00323987 0.02363708
v 0.14871000 0.00353649 0.02410967
v 0.14871000 0.00375101 0.02458225
v 0.14871000 0.00389702 0.02505483
v 0.14871000 0.00398206 0.02552742
v 0.14871000 0.00401000 0.02600000
v 0.14871000 0.00398206 0.02647258
v 0.14871000 0.00389702 0.02694517
v 0.14871000 0.00375101 0.02741775
v 0.14871000 0.00353649 0.02789033
v 0.14871000 0.00323987 0.02836292
v 0.14871000 0.00283550 0.02883550
v 0.14871000 0.00236292 0.02923987
v 0.14871000 0.00189033 0.02953649
v 0.14871000 0.00141775 0.02975101
v 0.14871000 0.00094517 0.02989702
v 0.14871000 0.00047258 0.02998206
v 0.14871000 0.00000000 0.03001000
v 0.14871000 -0.00047258 0.02998206
v 0.14871000 -0.00094517 0.02989702
v 0.14871000 -0.00141775 0.02975101
v 0.14871000 -0.00189033 0.02953649
v 0.14871000 -0.00236292 0.02923987
v 0.14871000 -0.00283550 0.02883550
v 0.14871000 -0.00323987 0.02836292
v 0.14871000 -0.00353649 0.02789033
v 0.14871000 -0.00375101 0.02741775
v 0.14871000 -0.00389702 0.02694517
v 0.14871000 -0.00398206 0.02647258
v 0.14871000 -0.00401000 0.02600000
v 0.14871000 -0.00398206 0.02552742
v 0.14871000 -0.00389702 0.02505483
v 0.14871000 -0.00375101 0.02458225
v 0.14871000 -0.00353649 0.02410967
v 0.14871000 -0.00323987 0.02363708
v 0.14880000 -0.00268701 0.02331299
v 0.14880000 -0.00223917 0.02292980
v 0.14880000 -0.00179134 0.02264872
v 0.14880000 -0.00134350 0.02244543
v 0.14880000 -0.00089567 0.02230706
v 0.14880000 -0.00044783 0.02222648
v 0.14880000 0.00000000 0.02220000
v 0.14880000 0.00044783 0.02222648
v 0.14880000 0.00089567 0.02230706
v 0.14880000 0.00134350 0.02244543
v 0.14880000 0.00179134 0.02264872
v 0.14880000 0.00223917 0.02292980
v 0.14880000 0.00268701 0.02331299
v 0.14880000 0.00307020 0.02376083
v 0.14880000 0.00335128 0.02420866
v 0.14880000 0.00355457 0.02465650
v 0.14880000 0.00369294 0.02510433
v 0.14880000 0.00377352 0.02555217
v 0.14880000 0.00380000 0.02600000
v 0.14880000 0.00377352 0.02644783
v 0.14880000 0.00369294 0.02689567
v 0.14880000 0.00355457 0.02734350
v 0.14880000 0.00335128 0.02779134
v 0.14880000 0.00307020 0.02823917
v 0.14880000 0.00268701 0.02868701
v 0.14880000 0.00223917 0.02907020
v 0.14880000 0.00179134 0.02935128
v 0.14880000 0.00134350 0.02955457
v 0.14880000 0.00089567 0.02969294
v 0.14880000 0.00044783 0.02977352
v 0.14880000 0.00000000 0.02980000
v 0.14880000 -0.00044783 0.02977352
v 0.14880000 -0.00089567 0.02969294
v 0.14880000 -0.00134350 0.02955457
v 0.14880000 -0.00179134 0.02935128
v 0.14880000 -0.00223917 0.02907020
v 0.14880000 -0.00268701 0.02868701
v 0.14880000 -0.00307020 0.02823917
v 0.14880000 -0.00335128 0.02779134
v 0.14880000 -0.00355457 0.02734350
v 0.14880000 -0.00369294 0.02689567
v 0.14880000 -0.00377352 0.02644783
v 0.14880000 -0.00380000 0.02600000
v 0.14880000 -0.00377352 0.02555217
v 0.14880000 -0.00369294 0.02510433
v 0.14880000 -0.00355457 0.02465650
v 0.14880000 -0.00335128 0.02420866
v 0.14880000 -0.00307020 0.02376083
v 0.14760000 -0.00255850 0.02344150
v 0.14760000 -0.00279274 0.02395320
v 0.14760000 -0.00296215 0.02446490
v 0.14760000 -0.00307745 0.02497660
v 0.14760000 -0.00314460 0.02548830
v 0.14760000 -0.00316667 0.02600000
v 0.14760000 -0.00314460 0.02651170
v 0.14760000 -0.00307745 0.02702340
v 0.14760000 -0.00296215 0.02753510
v 0.14760000 -0.00279274 0.02804680
v 0.14760000 -0.00255850 0.02855850
v 0.14760000 -0.00204680 0.02320726
v 0.14760000 -0.00223419 0.02376581
v 0.14760000 -0.00236972 0.02432436
v 0.14760000 -0.00246196 0.02488291
v 0.14760000 -0.00251568 0.02544145
v 0.14760000 -0.00253333 0.02600000
v 0.14760000 -0.00251568 0.02655855
v 0.14760000 -0.00246196 0.02711709
v 0.14760000 -0.00236972 0.02767564
v 0.14760000 -0.00223419 0.02823419
v 0.14760000 -0.00204680 0.02879274
v 0.14760000 -0.00153510 0.02303785
v 0.14760000 -0.00167564 0.02363028
v 0.14760000 -0.00177729 0.02422271
v 0.14760000 -0.00184647 0.02481514
v 0.14760000 -0.00188676 0.02540757
v 0.14760000 -0.00190000 0.02600000
v 0.14760000 -0.00188676 0.02659243
v 0.14760000 -0.00184647 0.02718486
v 0.14760000 -0.00177729 0.02777729
v 0.14760000 -0.00167564 0.02836972
v 0.14760000 -0.00153510 0.02896215
v 0.14760000 -0.00102340 0.02292255
v 0.14760000 -0.00111709 0.02353804
v 0.14760000 -0.00118486 0.02415353
v 0.14760000 -0.00123098 0.02476902
v 0.14760000 -0.00125784 0.02538451
v 0.14760000 -0.00126667 0.02600000
v 0.14760000 -0.00125784 0.02661549
v 0.14760000 -0.00123098 0.02723098
v 0.14760000 -0.00118486 0.02784647
v 0.14760000 -0.00111709 0.02846196
v 0.14760000 -0.00102340 0.02907745
v 0.14760000 -0.00051170 0.02285540
v 0.14760000 -0.00055855 0.02348432
v 0.14760000 -0.00059243 0.02411324
v 0.14760000 -0.00061549 0.02474216
v 0.14760000 -0.00062892 0.02537108
v 0.14760000 -0.00063333 0.02600000
v 0.14760000 -0.00062892 0.02662892
v 0.14760000 -0.00061549 0.02725784
v 0.14760000 -0.00059243 0.02788676
v 0.14760000 -0.00055855 0.02851568
v 0.14760000 -0.00051170 0.02914460
v 0.14760000 0.00000000 0.02283333
v 0.14760000 0.00000000 0.02346667
v 0.14760000 0.00000000 0.02410000
v 0.14760000 0.00000000 0.02473333
v 0.14760000 0.00000000 0.02536667
v 0.14760000 0.00000000 0.02600000
v 0.14760000 0.00000000 0.02663333
v 0.14760000 0.00000000 0.02726667
v 0.14760000 0.00000000 0.02790000
v 0.14760000 0.00000000 0.02853333
v 0.14760000 0.00000000 0.02916667
v 0.14760000 0.00051170 0.02285540
v 0.14760000 0.00055855 0.02348432
v 0.14760000 0.00059243 0.02411324
v 0.14760000 0.00061549 0.02474216
v 0.14760000 0.00062892 0.02537108
v 0.14760000 0.00063333 0.02600000
v 0.14760000 0.00062892 0.02662892
v 0.14760000 0.00061549 0.02725784
v 0.14760000 0.00059243 0.02788676
v 0.14760000 0.00055855 0.02851568
v 0.14760000 0.00051170 0.02914460
v 0.14760000 0.00102340 0.02292255
v 0.14760000 0.00111709 0.02353804
v 0.14760000 0.00118486 0.02415353
v 0.14760000 0.00123098 0.02476902
v 0.14760000 0.00125784 0.02538451
v 0.14760000 0.00126667 0.02600000
v 0.14760000 0.00125784 0.02661549
v 0.14760000 0.00123098 0.02723098
v 0.14760000 0.00118486 0.02784647
v 0.14760000 0.00111709 0.02846196
v 0.14760000 0.00102340 0.02907745
v 0.14760000 0.00153510 0.02303785
v 0.14760000 0.00167564 0.02363028
v 0.14760000 0.00177729 0.02422271
v 0.14760000 0.00184647 0.02481514
v 0.14760000 0.00188676 0.02540757
v 0.14760000 0.00190000 0.02600000
v 0.14760000 0.00188676 0.02659243
v 0.14760000 0.00184647 0.02718486
v 0.14760000 0.00177729 0.02777729
v 0.14760000 0.00167564 0.02836972
v 0.14760000 0.00153510 0.02896215
v 0.14760000 0.00204680 0.02320726
v 0.14760000 0.00223419 0.02376581
v 0.14760000 0.00236972 0.02432436
v 0.14760000 0.00246196 0.02488291
v 0.14760000 0.00251568 0.02544145
v 0.14760000 0.00253333 0.02600000
v 0.14760000 0.00251568 0.02655855
v 0.14760000 0.00246196 0.02711709
v 0.14760000 0.00236972 0.02767564
v 0.14760000 0.00223419 0.02823419
v 0.14760000 0.00204680 0.02879274
v 0.14760000 0.00255850 0.02344150
v 0.14760000 0.00279274 0.02395320
v 0.14760000 0.00296215 0.02446490
v 0.14760000 0.00307745 0.02497660
v 0.14760000 0.00314460 0.02548830
v 0.14760000 0.00316667 0.02600000
v 0.14760000 0.00314460 0.02651170
v 0.14760000 0.00307745 0.02702340
v 0.14760000 0.00296215 0.02753510
v 0.14760000 0.00279274 0.02804680
v 0.14760000 0.00255850 0.02855850
v 0.14880000 -0.00255850 0.02344150
v 0.14880000 -0.00279274 0.02395320
v 0.14880000 -0.00296215 0.02446490
v 0.14880000 -0.00307745 0.02497660
v 0.14880000 -0.00314460 0.02548830
v 0.14880000 -0.00316667 0.02600000
v 0.14880000 -0.00314460 0.02651170
v 0.14880000 -0.00307745 0.02702340
v 0.14880000 -0.00296215 0.02753510
v 0.14880000 -0.00279274 0.02804680
v 0.14880000 -0.00255850 0.02855850
v 0.14880000 -0.00204680 0.02320726
v 0.14880000 -0.00223419 0.02376581
v 0.14880000 -0.00236972 0.02432436
v 0.14880000 -0.00246196 0.02488291
v 0.14880000 -0.00251568 0.02544145
v 0.14880000 -0.00253333 0.02600000
v 0.14880000 -0.00251568 0.02655855
v 0.14880000 -0.00246196 0.02711709
v 0.14880000 -0.00236972 0.02767564
v 0.14880000 -0.00223419 0.02823419
v 0.14880000 -0.00204680 0.02879274
v 0.14880000 -0.00153510 0.02303785
v 0.14880000 -0.00167564 0.02363028
v 0.14880000 -0.00177729 0.02422271
v 0.14880000 -0.00184647 0.02481514
v 0.14880000 -0.00188676 0.02540757
v 0.14880000 -0.00190000 0.02600000
v 0.14880000 -0.00188676 0.02659243
v 0.14880000 -0.00184647 0.02718486
v 0.14880000 -0.00177729 0.02777729
v 0.14880000 -0.00167564 0.02836972
v 0.14880000 -0.00153510 0.02896215
v 0.14880000 -0.00102340 0.02292255
v 0.14880000 -0.00111709 0.02353804
v 0.14880000 -0.00118486 0.02415353
v 0.14880000 -0.00123098 0.02476902
v 0.14880000 -0.00125784 0.02538451
v 0.14880000 -0.00126667 0.02600000
v 0.14880000 -0.00125784 0.02661549
v 0.14880000 -0.00123098 0.02723098
v 0.14880000 -0.00118486 0.02784647
v 0.14880000 -0.00111709 0.02846196
v 0.14880000 -0.00102340 0.02907745
v 0.14880000 -0.00051170 0.02285540
v 0.14880000 -0.00055855 0.02348432
v 0.14880000 -0.00059243 0.02411324
v 0.14880000 -0.00061549 0.02474216
v 0.14880000 -0.00062892 0.02537108
v 0.14880000 -0.00063333 0.02600000
v 0.14880000 -0.00062892 0.02662892
v 0.14880000 -0.00061549 0.02725784
v 0.14880000 -0.00059243 0.02788676
v 0.14880000 -0.00055855 0.02851568
v 0.14880000 -0.00051170 0.02914460
v 0.14880000 0.00000000 0.02283333
v 0.14880000 0.00000000 0.02346667
v 0.14880000 0.00000000 0.02410000
v 0.14880000 0.00000000 0.02473333
v 0.14880000 0.00000000 0.02536667
v 0.14880000 0.00000000 0.02600000
v 0.14880000 0.00000000 0.02663333
v 0.14880000 0.00000000 0.02726667
v 0.14880000 0.00000000 0.02790000
v 0.14880000 0.00000000 0.02853333
v 0.14880000 0.00000000 0.02916667
v 0.14880000 0.00051170 0.02285540
v 0.14880000 0.00055855 0.02348432
v 0.14880000 0.00059243 0.02411324
v 0.14880000 0.00061549 0.02474216
v 0.14880000 0.00062892 0.02537108
v 0.14880000 0.00063333 0.02600000
v 0.14880000 0.00062892 0.02662892
v 0.14880000 0.00061549 0.02725784
v 0.14880000 0.00059243 0.02788676
v 0.14880000 0.00055855 0.02851568
v 0.14880000 0.00051170 0.02914460
v 0.14880000 0.00102340 0.02292255
v 0.14880000 0.00111709 0.02353804
v 0.14880000 0.00118486 0.02415353
v 0.14880000 0.00123098 0.02476902
v 0.14880000 0.00125784 0.02538451
v 0.14880000 0.00126667 0.02600000
v 0.14880000 0.00125784 0.02661549
v 0.14880000 0.00123098 0.02723098
v 0.14880000 0.00118486 0.02784647
v 0.14880000 0.00111709 0.02846196
v 0.14880000 0.00102340 0.02907745
v 0.14880000 0.00153510 0.02303785
v 0.14880000 0.00167564 0.02363028
v 0.14880000 0.00177729 0.02422271
v 0.14880000 0.00184647 0.02481514
v 0.14880000 0.00188676 0.02540757
v 0.14880000 0.00190000 0.02600000
v 0.14880000 0.00188676 0.02659243
v 0.14880000 0.00184647 0.02718486
v 0.14880000 0.00177729 0.02777729
v 0.14880000 0.00167564 0.02836972
v 0.14880000 0.00153510 0.02896215
v 0.14880000 0.00204680 0.02320726
v 0.14880000 0.00223419 0.02376581
v 0.14880000 0.00236972 0.02432436
v 0.14880000 0.00246196 0.02488291
v 0.14880000 0.00251568 0.02544145
v 0.14880000 0.00253333 0.02600000
v 0.14880000 0.00251568 0.02655855
v 0.14880000 0.00246196 0.02711709
v 0.14880000 0.00236972 0.02767564
v 0.14880000 0.00223419 0.02823419
v 0.14880000 0.00204680 0.02879274
v 0.14880000 0.00255850 0.02344150
v 0.14880000 0.00279274 0.02395320
v 0.14880000 0.00296215 0.02446490
v 0.14880000 0.00307745 0.02497660
v 0.14880000 0.00314460 0.02548830
v 0.14880000 0.00316667 0.02600000
v 0.14880000 0.00314460 0.02651170
v 0.14880000 0.00307745 0.02702340
v 0.14880000 0.00296215 0.02753510
v 0.14880000 0.00279274 0.02804680
v 0.14880000 0.00255850 0.02855850
v -0.17080000 -0.00268701 0.01931299
v -0.17080000 -0.00223917 0.01892980
v -0.17080000 -0.00179134 0.01864872
v -0.17080000 -0.00134350 0.01844543
v -0.17080000 -0.00089567 0.01830706
v -0.17080000 -0.00044783 0.01822648
v -0.17080000 0.00000000 0.01820000
v -0.17080000 0.00044783 0.01822648
v -0.17080000 0.00089567 0.01830706
v -0.17080000 0.00134350 0.01844543
v -0.17080000 0.00179134 0.01864872
v -0.17080000 0.00223917 0.01892980
v -0.17080000 0.00268701 0.01931299
v -0.17080000 0.00307020 0.01976083
v -0.17080000 0.00335128 0.02020866
v -0.17080000 0.00355457 0.02065650
v -0.17080000 0.00369294 0.02110433
v -0.17080000 0.00377352 0.02155217
v -0.17080000 0.00380000 0.02200000
v -0.17080000 0.00377352 0.02244783
v -0.17080000 0.00369294 0.02289567
v -0.17080000 0.00355457 0.02334350
v -0.17080000 0.00335128 0.02379134
v -0.17080000 0.00307020 0.02423917
v -0.17080000 0.00268701 0.02468701
v -0.17080000 0.00223917 0.02507020
v -0.17080000 0.00179134 0.02535128
v -0.17080000 0.00134350 0.02555457
v -0.17080000 0.00089567 0.02569294
v -0.17080000 0.00044783 0.02577352
v -0.17080000 0.00000000 0.02580000
v -0.17080000 -0.00044783 0.02577352
v -0.17080000 -0.00089567 0.02569294
v -0.17080000 -0.00134350 0.02555457
v -0.17080000 -0.00179134 0.02535128
v -0.17080000 -0.00223917 0.02507020
v -0.17080000 -0.00268701 0.02468701
v -0.17080000 -0.00307020 0.02423917
v -0.17080000 -0.00335128 0.02379134
v -0.17080000 -0.00355457 0.02334350
v -0.17080000 -0.00369294 0.02289567
v -0.17080000 -0.00377352 0.02244783
v -0.17080000 -0.00380000 0.02200000
v -0.17080000 -0.00377352 0.02155217
v -0.17080000 -0.00369294 0.02110433
v -0.17080000 -0.00355457 0.02065650
v -0.17080000 -0.00335128 0.02020866
v -0.17080000 -0.00307020 0.01976083
v -0.17071000 -0.00283550 0.01916450
v -0.17071000 -0.00236292 0.01876013
v -0.17071000 -0.00189033 0.01846351
v -0.17071000 -0.00141775 0.01824899
v -0.17071000 -0.00094517 0.01810298
v -0.17071000 -0.00047258 0.01801794
v -0.17071000 0.00000000 0.01799000
v -0.17071000 0.00047258 0.01801794
v -0.17071000 0.00094517 0.01810298
v -0.17071000 0.00141775 0.01824899
v -0.17071000 0.00189033 0.01846351
v -0.17071000 0.00236292 0.01876013
v -0.17071000 0.00283550 0.01916450
v -0.17071000 0.00323987 0.01963708
v -0.17071000 0.00353649 0.02010967
v -0.17071000 0.00375101 0.02058225
v -0.17071000 0.00389702 0.02105483
v -0.17071000 0.00398206 0.02152742
v -0.17071000 0.00401000 0.02200000
v -0.17071000 0.00398206 0.02247258
v -0.17071000 0.00389702 0.02294517
v -0.17071000 0.00375101 0.02341775
v -0.17071000 0.00353649 0.02389033
v -0.17071000 0.00323987 0.02436292
v -0.17071000 0.00283550 0.02483550
v -0.17071000 0.00236292 0.02523987
v -0.17071000 0.00189033 0.02553649
v -0.17071000 0.00141775 0.02575101
v -0.17071000 0.00094517 0.02589702
v -0.17071000 0.00047258 0.02598206
v -0.17071000 0.00000000 0.02601000
v -0.17071000 -0.00047258 0.02598206
v -0.17071000 -0.00094517 0.02589702
v -0.17071000 -0.00141775 0.02575101
v -0.17071000 -0.00189033 0.02553649
v -0.17071000 -0.00236292 0.02523987
v -0.17071000 -0.00283550 0.02483550
v -0.17071000 -0.00323987 0.02436292
v -0.17071000 -0.00353649 0.02389033
v -0.17071000 -0.00375101 0.02341775
v -0.17071000 -0.00389702 0.02294517
v -0.17071000 -0.00398206 0.02247258
v -0.17071000 -0.00401000 0.02200000
v -0.17071000 -0.00398206 0.02152742
v -0.17071000 -0.00389702 0.02105483
v -0.17071000 -0.00375101 0.02058225
v -0.17071000 -0.00353649 0.02010967
v -0.17071000 -0.00323987 0.01963708
v -0.17050000 -0.00289914 0.01910086
v -0.17050000 -0.00241595 0.01868742
v -0.17050000 -0.00193276 0.01838414
v -0.17050000 -0.00144957 0.01816480
v -0.17050000 -0.00096638 0.01801552
v -0.17050000 -0.00048319 0.01792857
v -0.17050000 0.00000000 0.01790000
v -0.17050000 0.00048319 0.01792857
v -0.17050000 0.00096638 0.01801552
v -0.17050000 0.00144957 0.01816480
v -0.17050000 0.00193276 0.01838414
v -0.17050000 0.00241595 0.01868742
v -0.17050000 0.00289914 0.01910086
v -0.17050000 0.00331258 0.01958405
v -0.17050000 0.00361586 0.02006724
v -0.17050000 0.00383520 0.02055043
v -0.17050000 0.00398448 0.02103362
v -0.17050000 0.00407143 0.02151681
v -0.17050000 0.00410000 0.02200000
v -0.17050000 0.00407143 0.02248319
v -0.17050000 0.00398448 0.02296638
v -0.17050000 0.00383520 0.02344957
v -0.17050000 0.00361586 0.02393276
v -0.17050000 0.00331258 0.02441595
v -0.17050000 0.00289914 0.02489914
v -0.17050000 0.00241595 0.02531258
v -0.17050000 0.00193276 0.02561586
v -0.17050000 0.00144957 0.02583520
v -0.17050000 0.00096638 0.02598448
v -0.17050000 0.00048319 0.02607143
v -0.17050000 0.00000000 0.02610000
v -0.17050000 -0.00048319 0.02607143
v -0.17050000 -0.00096638 0.02598448
v -0.17050000 -0.00144957 0.02583520
v -0.17050000 -0.00193276 0.02561586
v -0.17050000 -0.00241595 0.02531258
v -0.17050000 -0.00289914 0.02489914
v -0.17050000 -0.00331258 0.02441595
v -0.17050000 -0.00361586 0.02393276
v -0.17050000 -0.00383520 0.02344957
v -0.17050000 -0.00398448 0.02296638
v -0.17050000 -0.00407143 0.02248319
v -0.17050000 -0.00410000 0.02200000
v -0.17050000 -0.00407143 0.02151681
v -0.17050000 -0.00398448 0.02103362
v -0.17050000 -0.00383520 0.02055043
v -0.17050000 -0.00361586 0.02006724
v -0.17050000 -0.00331258 0.01958405
v -0.16990000 -0.00289914 0.01910086
v -0.16990000 -0.00241595 0.01868742
v -0.16990000 -0.00193276 0.01838414
v -0.16990000 -0.00144957 0.01816480
v -0.16990000 -0.00096638 0.01801552
v -0.16990000 -0.00048319 0.01792857
v -0.16990000 0.00000000 0.01790000
v -0.16990000 0.00048319 0.01792857
v -0.16990000 0.00096638 0.01801552
v -0.16990000 0.00144957 0.01816480
v -0.16990000 0.00193276 0.01838414
v -0.16990000 0.00241595 0.01868742
v -0.16990000 0.00289914 0.01910086
v -0.16990000 0.00331258 0.01958405
v -0.16990000 0.00361586 0.02006724
v -0.16990000 0.00383520 0.02055043
v -0.16990000 0.00398448 0.02103362
v -0.16990000 0.00407143 0.02151681
v -0.16990000 0.00410000 0.02200000
v -0.16990000 0.00407143 0.02248319
v -0.16990000 0.00398448 0.02296638
v -0.16990000 0.00383520 0.02344957
v -0.16990000 0.00361586 0.02393276
v -0.16990000 0.00331258 0.02441595
v -0.16990000 0.00289914 0.02489914
v -0.16990000 0.00241595 0.02531258
v -0.16990000 0.00193276 0.02561586
v -0.16990000 0.00144957 0.02583520
v -0.16990000 0.00096638 0.02598448
v -0.16990000 0.00048319 0.02607143
v -0.16990000 0.00000000 0.02610000
v -0.16990000 -0.00048319 0.02607143
v -0.16990000 -0.00096638 0.02598448
v -0.16990000 -0.00144957 0.02583520
v -0.16990000 -0.00193276 0.02561586
v -0.16990000 -0.00241595 0.02531258
v -0.16990000 -0.00289914 0.02489914
v -0.16990000 -0.00331258 0.02441595
v -0.16990000 -0.00361586 0.02393276
v -0.16990000 -0.00383520 0.02344957
v -0.16990000 -0.00398448 0.02296638
v -0.16990000 -0.00407143 0.02248319
v -0.16990000 -0.00410000 0.02200000
v -0.16990000 -0.00407143 0.02151681
v -0.16990000 -0.00398448 0.02103362
v -0.16990000 -0.00383520 0.02055043
v -0.16990000 -0.00361586 0.02006724
v -0.16990000 -0.00331258 0.01958405
v -0.16969000 -0.00283550 0.01916450
v -0.16969000 -0.00236292 0.01876013
v -0.16969000 -0.00189033 0.01846351
v -0.16969000 -0.00141775 0.01824899
v -0.16969000 -0.00094517 0.01810298
v -0.16969000 -0.00047258 0.01801794
v -0.16969000 0.00000000 0.01799000
v -0.16969000 0.00047258 0.01801794
v -0.16969000 0.00094517 0.01810298
v -0.16969000 0.00141775 0.01824899
v -0.16969000 0.00189033 0.01846351
v -0.16969000 0.00236292 0.01876013
v -0.16969000 0.00283550 0.01916450
v -0.16969000 0.00323987 0.01963708
v -0.16969000 0.00353649 0.02010967
v -0.16969000 0.00375101 0.02058225
v -0.16969000 0.00389702 0.02105483
v -0.16969000 0.00398206 0.02152742
v -0.16969000 0.00401000 0.02200000
v -0.16969000 0.00398206 0.02247258
v -0.16969000 0.00389702 0.02294517
v -0.16969000 0.00375101 0.02341775
v -0.16969000 0.00353649 0.02389033
v -0.16969000 0.00323987 0.02436292
v -0.16969000 0.00283550 0.02483550
v -0.16969000 0.00236292 0.02523987
v -0.16969000 0.00189033 0.02553649
v -0.16969000 0.00141775 0.02575101
v -0.16969000 0.00094517 0.02589702
v -0.16969000 0.00047258 0.02598206
v -0.16969000 0.00000000 0.02601000
v -0.16969000 -0.00047258 0.02598206
v -0.16969000 -0.00094517 0.02589702
v -0.16969000 -0.00141775 0.02575101
v -0.16969000 -0.00189033 0.02553649
v -0.16969000 -0.00236292 0.02523987
v -0.16969000 -0.00283550 0.02483550
v -0.16969000 -0.00323987 0.02436292
v -0.16969000 -0.00353649 0.02389033
v -0.16969000 -0.00375101 0.02341775
v -0.16969000 -0.00389702 0.02294517
v -0.16969000 -0.00398206 0.02247258
v -0.16969000 -0.00401000 0.02200000
v -0.16969000 -0.00398206 0.02152742
v -0.16969000 -0.00389702 0.02105483
v -0.16969000 -0.00375101 0.02058225
v -0.16969000 -0.00353649 0.02010967
v -0.16969000 -0.00323987 0.01963708
v -0.16960000 -0.00268701 0.01931299
v -0.16960000 -0.00223917 0.01892980
v -0.16960000 -0.00179134 0.01864872
v -0.16960000 -0.00134350 0.01844543
v -0.16960000 -0.00089567 0.01830706
v -0.16960000 -0.00044783 0.01822648
v -0.16960000 0.00000000 0.01820000
v -0.16960000 0.00044783 0.01822648
v -0.16960000 0.00089567 0.01830706
v -0.16960000 0.00134350 0.01844543
v -0.16960000 0.00179134 0.01864872
v -0.16960000 0.00223917 0.01892980
v -0.16960000 0.00268701 0.01931299
v -0.16960000 0.00307020 0.01976083
v -0.16960000 0.00335128 0.02020866
v -0.16960000 0.00355457 0.02065650
v -0.16960000 0.00369294 0.02110433
v -0.16960000 0.00377352 0.02155217
v -0.16960000 0.00380000 0.02200000
v -0.16960000 0.00377352 0.02244783
v -0.16960000 0.00369294 0.02289567
v -0.16960000 0.00355457 0.02334350
v -0.16960000 0.00335128 0.02379134
v -0.16960000 0.00307020 0.02423917
v -0.16960000 0.00268701 0.02468701
v -0.16960000 0.00223917 0.02507020
v -0.16960000 0.00179134 0.02535128
v -0.16960000 0.00134350 0.02555457
v -0.16960000 0.00089567 0.02569294
v -0.16960000 0.00044783 0.02577352
v -0.16960000 0.00000000 0.02580000
v -0.16960000 -0.00044783 0.02577352
v -0.16960000 -0.00089567 0.02569294
v -0.16960000 -0.00134350 0.02555457
v -0.16960000 -0.00179134 0.02535128
v -0.16960000 -0.00223917 0.02507020
v -0.16960000 -0.00268701 0.02468701
v -0.16960000 -0.00307020 0.02423917
v -0.16960000 -0.00335128 0.02379134
v -0.16960000 -0.00355457 0.02334350
v -0.16960000 -0.00369294 0.02289567
v -0.16960000 -0.00377352 0.02244783
v -0.16960000 -0.00380000 0.02200000
v -0.16960000 -0.00377352 0.02155217
v -0.16960000 -0.00369294 0.02110433
v -0.16960000 -0.00355457 0.02065650
v -0.16960000 -0.00335128 0.02020866
v -0.16960000 -0.00307020 0.01976083
v -0.17080000 -0.00255850 0.01944150
v -0.17080000 -0.00279274 0.01995320
v -0.17080000 -0.00296215 0.02046490
v -0.17080000 -0.00307745 0.02097660
v -0.17080000 -0.00314460 0.02148830
v -0.17080000 -0.00316667 0.02200000
v -0.17080000 -0.00314460 0.02251170
v -0.17080000 -0.00307745 0.02302340
v -0.17080000 -0.00296215 0.02353510
v -0.17080000 -0.00279274 0.02404680
v -0.17080000 -0.00255850 0.02455850
v -0.17080000 -0.00204680 0.01920726
v -0.17080000 -0.00223419 0.01976581
v -0.17080000 -0.00236972 0.02032436
v -0.17080000 -0.00246196 0.02088291
v -0.17080000 -0.00251568 0.02144145
v -0.17080000 -0.00253333 0.02200000
v -0.17080000 -0.00251568 0.02255855
v -0.17080000 -0.00246196 0.02311709
v -0.17080000 -0.00236972 0.02367564
v -0.17080000 -0.00223419 0.02423419
v -0.17080000 -0.00204680 0.02479274
v -0.17080000 -0.00153510 0.01903785
v -0.17080000 -0.00167564 0.01963028
v -0.17080000 -0.00177729 0.02022271
v -0.17080000 -0.00184647 0.02081514
v -0.17080000 -0.00188676 0.02140757
v -0.17080000 -0.00190000 0.02200000
v -0.17080000 -0.00188676 0.02259243
v -0.17080000 -0.00184647 0.02318486
v -0.17080000 -0.00177729 0.02377729
v -0.17080000 -0.00167564 0.02436972
v -0.17080000 -0.00153510 0.02496215
v -0.17080000 -0.00102340 0.01892255
v -0.17080000 -0.00111709 0.01953804
v -0.17080000 -0.00118486 0.02015353
v -0.17080000 -0.00123098 0.02076902
v -0.17080000 -0.00125784 0.02138451
v -0.17080000 -0.00126667 0.02200000
v -0.17080000 -0.00125784 0.02261549
v -0.17080000 -0.00123098 0.02323098
v -0.17080000 -0.00118486 0.02384647
v -0.17080000 -0.00111709 0.02446196
v -0.17080000 -0.00102340 0.02507745
v -0.17080000 -0.00051170 0.01885540
v -0.17080000 -0.00055855 0.01948432
v -0.17080000 -0.00059243 0.02011324
v -0.17080000 -0.00061549 0.02074216
v -0.17080000 -0.00062892 0.02137108
v -0.17080000 -0.00063333 0.02200000
v -0.17080000 -0.00062892 0.02262892
v -0.17080000 -0.00061549 0.02325784
v -0.17080000 -0.00059243 0.02388676
v -0.17080000 -0.00055855 0.02451568
v -0.17080000 -0.00051170 0.02514460
v -0.17080000 0.00000000 0.01883333
v -0.17080000 0.00000000 0.01946667
v -0.17080000 0.00000000 0.02010000
v -0.17080000 0.00000000 0.02073333
v -0.17080000 0.00000000 0.02136667
v -0.17080000 0.00000000 0.02200000
v -0.17080000 0.00000000 0.02263333
v -0.17080000 0.00000000 0.02326667
v -0.17080000 0.00000000 0.02390000
v -0.17080000 0.00000000 0.02453333
v -0.17080000 0.00000000 0.02516667
v -0.17080000 0.00051170 0.01885540
v -0.17080000 0.00055855 0.01948432
v -0.17080000 0.00059243 0.02011324
v -0.17080000 0.00061549 0.02074216
v -0.17080000 0.00062892 0.02137108
v -0.17080000 0.00063333 0.02200000
v -0.17080000 0.00062892 0.02262892
v -0.17080000 0.00061549 0.02325784
v -0.17080000 0.00059243 0.02388676
v -0.17080000 0.00055855 0.02451568
v -0.17080000 0.00051170 0.02514460
v -0.17080000 0.00102340 0.01892255
v -0.17080000 0.00111709 0.01953804
v -0.17080000 0.00118486 0.02015353
v -0.17080000 0.00123098 0.02076902
v -0.17080000 0.00125784 0.02138451
v -0.17080000 0.00126667 0.02200000
v -0.17080000 0.00125784 0.02261549
v -0.17080000 0.00123098 0.02323098
v -0.17080000 0.00118486 0.02384647
v -0.17080000 0.00111709 0.02446196
v -0.17080000 0.00102340 0.02507745
v -0.17080000 0.00153510 0.01903785
v -0.17080000 0.00167564 0.01963028
v -0.17080000 0.00177729 0.02022271
v -0.17080000 0.00184647 0.02081514
v -0.17080000 0.00188676 0.02140757
v -0.17080000 0.00190000 0.02200000
v -0.17080000 0.00188676 0.02259243
v -0.17080000 0.00184647 0.02318486
v -0.17080000 0.00177729 0.02377729
v -0.17080000 0.00167564 0.02436972
v -0.17080000 0.00153510 0.02496215
v -0.17080000 0.00204680 0.01920726
v -0.17080000 0.00223419 0.01976581
v -0.17080000 0.00236972 0.02032436
v -0.17080000 0.00246196 0.02088291
v -0.17080000 0.00251568 0.02144145
v -0.17080000 0.00253333 0.02200000
v -0.17080000 0.00251568 0.02255855
v -0.17080000 0.00246196 0.02311709
v -0.17080000 0.00236972 0.02367564
v -0.17080000 0.00223419 0.02423419
v -0.17080000 0.00204680 0.02479274
v -0.17080000 0.00255850 0.01944150
v -0.17080000 0.00279274 0.01995320
v -0.17080000 0.00296215 0.02046490
v -0.17080000 0.00307745 0.02097660
v -0.17080000 0.00314460 0.02148830
v -0.17080000 0.00316667 0.02200000
v -0.17080000 0.00314460 0.02251170
v -0.17080000 0.00307745 0.02302340
v -0.17080000 0.00296215 0.02353510
v -0.17080000 0.00279274 0.02404680
v -0.17080000 0.00255850 0.02455850
v -0.16960000 -0.00255850 0.01944150
v -0.16960000 -0.00279274 0.01995320
v -0.16960000 -0.00296215 0.02046490
v -0.16960000 -0.00307745 0.02097660
v -0.16960000 -0.00314460 0.02148830
v -0.16960000 -0.00316667 0.02200000
v -0.16960000 -0.00314460 0.02251170
v -0.16960000 -0.00307745 0.02302340
v -0.16960000 -0.00296215 0.02353510
v -0.16960000 -0.00279274 0.02404680
v -0.16960000 -0.00255850 0.02455850
v -0.16960000 -0.00204680 0.01920726
v -0.16960000 -0.00223419 0.01976581
v -0.16960000 -0.00236972 0.02032436
v -0.16960000 -0.00246196 0.02088291
v -0.16960000 -0.00251568 0.02144145
v -0.16960000 -0.00253333 0.02200000
v -0.16960000 -0.00251568 0.02255855
v -0.16960000 -0.00246196 0.02311709
v -0.16960000 -0.00236972 0.02367564
v -0.16960000 -0.00223419 0.02423419
v -0.16960000 -0.00204680 0.02479274
v -0.16960000 -0.00153510 0.01903785
v -0.16960000 -0.00167564 0.01963028
v -0.16960000 -0.00177729 0.02022271
v -0.16960000 -0.00184647 0.02081514
v -0.16960000 -0.00188676 0.02140757
v -0.16960000 -0.00190000 0.02200000
v -0.16960000 -0.00188676 0.02259243
v -0.16960000 -0.00184647 0.02318486
v -0.16960000 -0.00177729 0.02377729
v -0.16960000 -0.00167564 0.02436972
v -0.16960000 -0.00153510 0.02496215
v -0.16960000 -0.00102340 0.01892255
v -0.16960000 -0.00111709 0.01953804
v -0.16960000 -0.00118486 0.02015353
v -0.16960000 -0.00123098 0.02076902
v -0.16960000 -0.00125784 0.02138451
v -0.16960000 -0.00126667 0.02200000
v -0.16960000 -0.00125784 0.02261549
v -0.16960000 -0.00123098 0.02323098
v -0.16960000 -0.00118486 0.02384647
v -0.16960000 -0.00111709 0.02446196
v -0.16960000 -0.00102340 0.02507745
v -0.16960000 -0.00051170 0.01885540
v -0.16960000 -0.00055855 0.01948432
v -0.16960000 -0.00059243 0.02011324
v -0.16960000 -0.00061549 0.02074216
v -0.16960000 -0.00062892 0.02137108
v -0.16960000 -0.00063333 0.02200000
v -0.16960000 -0.00062892 0.02262892
v -0.16960000 -0.00061549 0.02325784
v -0.16960000 -0.00059243 0.02388676
v -0.16960000 -0.00055855 0.02451568
v -0.16960000 -0.00051170 0.02514460
v -0.16960000 0.00000000 0.01883333
v -0.16960000 0.00000000 0.01946667
v -0.16960000 0.00000000 0.02010000
v -0.16960000 0.00000000 0.02073333
v -0.16960000 0.00000000 0.02136667
v -0.16960000 0.00000000 0.02200000
v -0.16960000 0.00000000 0.02263333
v -0.16960000 0.00000000 0.02326667
v -0.16960000 0.00000000 0.02390000
v -0.16960000 0.00000000 0.02453333
v -0.16960000 0.00000000 0.02516667
v -0.16960000 0.00051170 0.01885540
v -0.16960000 0.00055855 0.01948432
v -0.16960000 0.00059243 0.02011324
v -0.16960000 0.00061549 0.02074216
v -0.16960000 0.00062892 0.02137108
v -0.16960000 0.00063333 0.02200000
v -0.16960000 0.00062892 0.02262892
v -0.16960000 0.00061549 0.02325784
v -0.16960000 0.00059243 0.02388676
v -0.16960000 0.00055855 0.02451568
v -0.16960000 0.00051170 0.02514460
v -0.16960000 0.00102340 0.01892255
v -0.16960000 0.00111709 0.01953804
v -0.16960000 0.00118486 0.02015353
v -0.16960000 0.00123098 0.02076902
v -0.16960000 0.00125784 0.02138451
v -0.16960000 0.00126667 0.02200000
v -0.16960000 0.00125784 0.02261549
v -0.16960000 0.00123098 0.02323098
v -0.16960000 0.00118486 0.02384647
v -0.16960000 0.00111709 0.02446196
v -0.16960000 0.00102340 0.02507745
v -0.16960000 0.00153510 0.01903785
v -0.16960000 0.00167564 0.01963028
v -0.16960000 0.00177729 0.02022271
v -0.16960000 0.00184647 0.02081514
v -0.16960000 0.00188676 0.02140757
v -0.16960000 0.00190000 0.02200000
v -0.16960000 0.00188676 0.02259243
v -0.16960000 0.00184647 0.02318486
v -0.16960000 0.00177729 0.02377729
v -0.16960000 0.00167564 0.02436972
v -0.16960000 0.00153510 0.02496215
v -0.16960000 0.00204680 0.01920726
v -0.16960000 0.00223419 0.01976581
v -0.16960000 0.00236972 0.02032436
v -0.16960000 0.00246196 0.02088291
v -0.16960000 0.00251568 0.02144145
v -0.16960000 0.00253333 0.02200000
v -0.16960000 0.00251568 0.02255855
v -0.16960000 0.00246196 0.02311709
v -0.16960000 0.00236972 0.02367564
v -0.16960000 0.00223419 0.02423419
v -0.16960000 0.00204680 0.02479274
v -0.16960000 0.00255850 0.01944150
v -0.16960000 0.00279274 0.01995320
v -0.16960000 0.00296215 0.02046490
v -0.16960000 0.00307745 0.02097660
v -0.16960000 0.00314460 0.02148830
v -0.16960000 0.00316667 0.02200000
v -0.16960000 0.00314460 0.02251170
v -0.16960000 0.00307745 0.02302340
v -0.16960000 0.00296215 0.02353510
v -0.16960000 0.00279274 0.02404680
v -0.16960000 0.00255850 0.02455850
f 1 50 51
f 2 51 52
f 3 52 53
f 4 53 54
f 5 54 55
f 6 55 56
f 7 56 57
f 8 57 58
f 9 58 59
f 10 59 60
f 11 60 61
f 12 61 62
f 13 62 63
f 14 63 64
f 15 64 65
f 16 65 66
f 17 66 67
f 18 67 68
f 19 68 69
f 20 69 70
f 21 70 71
f 22 71 72
f 23 72 73
f 24 73 74
f 25 74 75
f 26 75 76
f 27 76 77
f 28 77 78
f 29 78 79
f 30 79 80
f 31 80 81
f 32 81 82
f 33 82 83
f 34 83 84
f 35 84 85
f 36 85 86
f 37 86 87
f 38 87 88
f 39 88 89
f 40 89 90
f 41 90 91
f 42 91 92
f 43 92 93
f 44 93 94
f 45 94 95
f 46 95 96
f 47 96 97
f 48 97 98
f 50 99 100
f 51 100 101
f 52 101 102
f 53 102 103
f 54 103 104
f 55 104 105
f 56 105 106
f 57 106 107
f 58 107 108
f 59 108 109
f 60 109 110
f 61 110 111
f 62 111 112
f 63 112 113
f 64 113 114
f 65 114 115
f 66 115 116
f 67 116 117
f 68 117 118
f 69 118 119
f 70 119 120
f 71 120 121
f 72 121 122
f 73 122 123
f 74 123 124
f 75 124 125
f 76 125 126
f 77 126 127
f 78 127 128
f 79 128 129
f 80 129 130
f 81 130 131
f 82 131 132
f 83 132 133
f 84 133 134
f 85 134 135
f 86 135 136
f 87 136 137
f 88 137 138
f 89 138 139
f 90 139 140
f 91 140 141
f 92 141 142
f 93 142 143
f 94 143 144
f 95 144 145
f 96 145 146
f 97 146 147
f 99 148 149
f 100 149 150
f 101 150 151
f 102 151 152
f 103 152 153
f 104 153 154
f 105 154 155
f 106 155 156
f 107 156 157
f 108 157 158
f 109 158 159
f 110 159 160
f 111 160 161
f 112 161 162
f 113 162 163
f 114 163 164
f 115 164 165
f 116 165 166
f 117 166 167
f 118 167 168
f 119 168 169
f 120 169 170
f 121 170 171
f 122 171 172
f 123 172 173
f 124 173 174
f 125 174 175
f 126 175 176
f 127 176 177
f 128 177 178
f 129 178 179
f 130 179 180
f 131 180 181
f 132 181 182
f 133 182 183
f 134 183 184
f 135 184 185
f 136 185 186
f 137 186 187
f 138 187 188
f 139 188 189
f 140 189 190
f 141 190 191
f 142 191 192
f 143 192 193
f 144 193 194
f 145 194 195
f 146 195 196
f 148 197 198
f 149 198 199
f 150 199 200
f 151 200 201
f 152 201 202
f 153 202 203
f 154 203 204
f 155 204 205
f 156 205 206
f 157 206 207
f 158 207 208
f 159 208 209
f 160 209 210
f 161 210 211
f 162 211 212
f 163 212 213
f 164 213 214
f 165 214 215
f 166 215 216
f 167 216 217
f 168 217 218
f 169 218 219
f 170 219 220
f 171 220 221
f 172 221 222
f 173 222 223
f 174 223 224
f 175 224 225
f 176 225 226
f 177 226 227
f 178 227 228
f 179 228 229
f 180 229 230
f 181 230 231
f 182 231 232
f 183 232 233
f 184 233 234
f 185 234 235
f 186 235 236
f 187 236 237
f 188 237 238
f 189 238 239
f 190 239 240
f 191 240 241
f 192 241 242
f 193 242 243
f 194 243 244
f 195 244 245
f 197 246 247
f 198 247 248
f 199 248 249
f 200 249 250
f 201 250 251
f 202 251 252
f 203 252 253
f 204 253 254
f 205 254 255
f 206 255 256
f 207 256 257
f 208 257 258
f 209 258 259
f 210 259 260
f 211 260 261
f 212 261 262
f 213 262 263
f 214 263 264
f 215 264 265
f 216 265 266
f 217 266 267
f 218 267 268
f 219 268 269
f 220 269 270
f 221 270 271
f 222 271 272
f 223 272 273
f 224 273 274
f 225 274 275
f 226 275 276
f 227 276 277
f 228 277 278
f 229 278 279
f 230 279 280
f 231 280 281
f 232 281 282
f 233 282 283
f 234 283 284
f 235 284 285
f 236 285 286
f 237 286 287
f 238 287 288
f 239 288 289
f 240 289 290
f 241 290 291
f 242 291 292
f 243 292 293
f 244 293 294
f 246 295 296
f 247 296 297
f 248 297 298
f 249 298 299
f 250 299 300
f 251 300 301
f 252 301 302
f 253 302 303
f 254 303 304
f 255 304 305
f 256 305 306
f 257 306 307
f 258 307 308
f 259 308 309
f 260 309 310
f 261 310 311
f 262 311 312
f 263 312 313
f 264 313 314
f 265 314 315
f 266 315 316
f 267 316 317
f 268 317 318
f 269 318 319
f 270 319 320
f 271 320 321
f 272 321 322
f 273 322 323
f 274 323 324
f 275 324 325
f 276 325 326
f 277 326 327
f 278 327 328
f 279 328 329
f 280 329 330
f 281 330 331
f 282 331 332
f 283 332 333
f 284 333 334
f 285 334 335
f 286 335 336
f 287 336 337
f 288 337 338
f 289 338 339
f 290 339 340
f 291 340 341
f 292 341 342
f 293 342 343
f 295 344 345
f 296 345 346
f 297 346 347
f 298 347 348
f 299 348 349
f 300 349 350
f 301 350 351
f 302 351 352
f 303 352 353
f 304 353 354
f 305 354 355
f 306 355 356
f 307 356 357
f 308 357 358
f 309 358 359
f 310 359 360
f 311 360 361
f 312 361 362
f 313 362 363
f 314 363 364
f 315 364 365
f 316 365 366
f 317 366 367
f 318 367 368
f 319 368 369
f 320 369 370
f 321 370 371
f 322 371 372
f 323 372 373
f 324 373 374
f 325 374 375
f 326 375 376
f 327 376 377
f 328 377 378
f 329 378 379
f 330 379 380
f 331 380 381
f 332 381 382
f 333 382 383
f 334 383 384
f 335 384 385
f 336 385 386
f 337 386 387
f 338 387 388
f 339 388 389
f 340 389 390
f 341 390 391
f 342 391 392
f 344 393 394
f 345 394 395
f 346 395 396
f 347 396 397
f 348 397 398
f 349 398 399
f 350 399 400
f 351 400 401
f 352 401 402
f 353 402 403
f 354 403 404
f 355 404 405
f 356 405 406
f 357 406 407
f 358 407 408
f 359 408 409
f 360 409 410
f 361 410 411
f 362 411 412
f 363 412 413
f 364 413 414
f 365 414 415
f 366 415 416
f 367 416 417
f 368 417 418
f 369 418 419
f 370 419 420
f 371 420 421
f 372 421 422
f 373 422 423
f 374 423 424
f 375 424 425
f 376 425 426
f 377 426 427
f 378 427 428
f 379 428 429
f 380 429 430
f 381 430 431
f 382 431 432
f 383 432 433
f 384 433 434
f 385 434 435
f 386 435 436
f 387 436 437
f 388 437 438
f 389 438 439
f 390 439 440
f 391 440 441
f 393 442 443
f 394 443 444
f 395 444 445
f 396 445 446
f 397 446 447
f 398 447 448
f 399 448 449
f 400 449 450
f 401 450 451
f 402 451 452
f 403 452 453
f 404 453 454
f 405 454 455
f 406 455 456
f 407 456 457
f 408 457 458
f 409 458 459
f 410 459 460
f 411 460 461
f 412 461 462
f 413 462 463
f 414 463 464
f 415 464 465
f 416 465 466
f 417 466 467
f 418 467 468
f 419 468 469
f 420 469 470
f 421 470 471
f 422 471 472
f 423 472 473
f 424 473 474
f 425 474 475
f 426 475 476
f 427 476 477
f 428 477 478
f 429 478 479
f 430 479 480
f 431 480 481
f 432 481 482
f 433 482 483
f 434 483 484
f 435 484 485
f 436 485 486
f 437 486 487
f 438 487 488
f 439 488 489
f 440 489 490
f 442 491 492
f 443 492 493
f 444 493 494
f 445 494 495
f 446 495 496
f 447 496 497
f 448 497 498
f 449 498 499
f 450 499 500
f 451 500 501
f 452 501 502
f 453 502 503
f 454 503 504
f 455 504 505
f 456 505 506
f 457 506 507
f 458 507 508
f 459 508 509
f 460 509 510
f 461 510 511
f 462 511 512
f 463 512 513
f 464 513 514
f 465 514 515
f 466 515 516
f 467 516 517
f 468 517 518
f 469 518 519
f 470 519 520
f 471 520 521
f 472 521 522
f 473 522 523
f 474 523 524
f 475 524 525
f 476 525 526
f 477 526 527
f 478 527 528
f 479 528 529
f 480 529 530
f 481 530 531
f 482 531 532
f 483 532 533
f 484 533 534
f 485 534 535
f 486 535 536
f 487 536 537
f 488 537 538
f 489 538 539
f 491 540 541
f 492 541 542
f 493 542 543
f 494 543 544
f 495 544 545
f 496 545 546
f 497 546 547
f 498 547 548
f 499 548 549
f 500 549 550
f 501 550 551
f 502 551 552
f 503 552 553
f 504 553 554
f 527 555 556
f 528 556 557
f 529 557 558
f 530 558 559
f 531 559 560
f 532 560 561
f 533 561 562
f 534 562 563
f 535 563 564
f 536 564 565
f 537 565 566
f 538 566 567
f 540 568 569
f 541 569 570
f 542 570 571
f 543 571 572
f 544 572 573
f 545 573 574
f 546 574 575
f 547 575 576
f 548 576 577
f 549 577 578
f 550 578 579
f 551 579 580
f 552 580 581
f 553 581 582
f 555 583 584
f 556 584 585
f 557 585 586
f 558 586 587
f 559 587 588
f 560 588 589
f 561 589 590
f 562 590 591
f 563 591 592
f 564 592 593
f 565 593 594
f 566 594 595
f 568 596 597
f 569 597 598
f 570 598 599
f 571 599 600
f 572 600 601
f 573 601 602
f 574 602 603
f 575 603 604
f 576 604 605
f 577 605 606
f 578 606 607
f 579 607 608
f 580 608 609
f 581 609 610
f 583 611 612
f 584 612 613
f 585 613 614
f 586 614 615
f 587 615 616
f 588 616 617
f 589 617 618
f 590 618 619
f 591 619 620
f 592 620 621
f 593 621 622
f 594 622 623
f 596 624 625
f 597 625 626
f 598 626 627
f 599 627 628
f 600 628 629
f 601 629 630
f 602 630 631
f 603 631 632
f 604 632 633
f 605 633 634
f 606 634 635
f 607 635 636
f 608 636 637
f 609 637 638
f 611 639 640
f 612 640 641
f 613 641 642
f 614 642 643
f 615 643 644
f 616 644 645
f 617 645 646
f 618 646 647
f 619 647 648
f 620 648 649
f 621 649 650
f 622 650 651
f 624 652 653
f 625 653 654
f 626 654 655
f 627 655 656
f 628 656 657
f 629 657 658
f 630 658 659
f 631 659 660
f 632 660 661
f 633 661 662
f 634 662 663
f 635 663 664
f 636 664 665
f 637 665 666
f 639 667 668
f 640 668 669
f 641 669 670
f 642 670 671
f 643 671 672
f 644 672 673
f 645 673 674
f 646 674 675
f 647 675 676
f 648 676 677
f 649 677 678
f 650 678 679
f 652 680 681
f 653 681 682
f 654 682 683
f 655 683 684
f 656 684 685
f 657 685 686
f 658 686 687
f 659 687 688
f 660 688 689
f 661 689 690
f 662 690 691
f 663 691 692
f 664 692 693
f 665 693 694
f 667 695 696
f 668 696 697
f 669 697 698
f 670 698 699
f 671 699 700
f 672 700 701
f 673 701 702
f 674 702 703
f 675 703 704
f 676 704 705
f 677 705 706
f 678 706 707
f 680 708 709
f 681 709 710
f 682 710 711
f 683 711 712
f 684 712 713
f 685 713 714
f 686 714 715
f 687 715 716
f 688 716 717
f 689 717 718
f 690 718 719
f 691 719 720
f 692 720 721
f 693 721 722
f 695 723 724
f 696 724 725
f 697 725 726
f 698 726 727
f 699 727 728
f 700 728 729
f 701 729 730
f 702 730 731
f 703 731 732
f 704 732 733
f 705 733 734
f 706 734 735
f 708 736 737
f 709 737 738
f 710 738 739
f 711 739 740
f 712 740 741
f 713 741 742
f 714 742 743
f 715 743 744
f 716 744 745
f 717 745 746
f 718 746 747
f 719 747 748
f 720 748 749
f 721 749 750
f 723 751 752
f 724 752 753
f 725 753 754
f 726 754 755
f 727 755 756
f 728 756 757
f 729 757 758
f 730 758 759
f 731 759 760
f 732 760 761
f 733 761 762
f 734 762 763
f 736 764 765
f 737 765 766
f 738 766 767
f 739 767 768
f 740 768 769
f 741 769 770
f 742 770 771
f 743 771 772
f 744 772 773
f 745 773 774
f 746 774 775
f 747 775 776
f 748 776 777
f 749 777 778
f 751 779 780
f 752 780 781
f 753 781 782
f 754 782 783
f 755 783 784
f 756 784 785
f 757 785 786
f 758 786 787
f 759 787 788
f 760 788 789
f 761 789 790
f 762 790 791
f 764 792 793
f 765 793 794
f 766 794 795
f 767 795 796
f 768 796 797
f 769 797 798
f 770 798 799
f 771 799 800
f 772 800 801
f 773 801 802
f 774 802 803
f 775 803 804
f 776 804 805
f 777 805 806
f 779 807 808
f 780 808 809
f 781 809 810
f 782 810 811
f 783 811 812
f 784 812 813
f 785 813 814
f 786 814 815
f 787 815 816
f 788 816 817
f 789 817 818
f 790 818 819
f 792 820 821
f 793 821 822
f 794 822 823
f 795 823 824
f 796 824 825
f 797 825 826
f 798 826 827
f 799 827 828
f 800 828 829
f 801 829 830
f 802 830 831
f 803 831 832
f 804 832 833
f 805 833 834
f 807 835 836
f 808 836 837
f 809 837 838
f 810 838 839
f 811 839 840
f 812 840 841
f 813 841 842
f 814 842 843
f 815 843 844
f 816 844 845
f 817 845 846
f 818 846 847
f 820 848 849
f 821 849 850
f 822 850 851
f 823 851 852
f 824 852 853
f 825 853 854
f 826 854 855
f 827 855 856
f 828 856 857
f 829 857 858
f 830 858 859
f 831 859 860
f 832 860 861
f 833 861 862
f 835 863 864
f 836 864 865
f 837 865 866
f 838 866 867
f 839 867 868
f 840 868 869
f 841 869 870
f 842 870 871
f 843 871 872
f 844 872 873
f 845 873 874
f 846 874 875
f 848 876 877
f 849 877 878
f 850 878 879
f 851 879 880
f 852 880 881
f 853 881 882
f 854 882 883
f 855 883 884
f 856 884 885
f 857 885 886
f 858 886 887
f 859 887 888
f 860 888 889
f 861 889 890
f 863 891 892
f 864 892 893
f 865 893 894
f 866 894 895
f 867 895 896
f 868 896 897
f 869 897 898
f 870 898 899
f 871 899 900
f 872 900 901
f 873 901 902
f 874 902 903
f 876 904 905
f 877 905 906
f 878 906 907
f 879 907 908
f 880 908 909
f 881 909 910
f 882 910 911
f 883 911 912
f 884 912 913
f 885 913 914
f 886 914 915
f 887 915 916
f 888 916 917
f 889 917 918
f 891 919 920
f 892 920 921
f 893 921 922
f 894 922 923
f 895 923 924
f 896 924 925
f 897 925 926
f 898 926 927
f 899 927 928
f 900 928 929
f 901 929 930
f 902 930 931
f 904 932 933
f 905 933 934
f 906 934 935
f 907 935 936
f 908 936 937
f 909 937 938
f 910 938 939
f 911 939 940
f 912 940 941
f 913 941 942
f 914 942 943
f 915 943 944
f 916 944 945
f 917 945 946
f 919 947 948
f 920 948 949
f 921 949 950
f 922 950 951
f 923 951 952
f 924 952 953
f 925 953 954
f 926 954 955
f 927 955 956
f 928 956 957
f 929 957 958
f 930 958 959
f 932 960 961
f 933 961 962
f 934 962 963
f 935 963 964
f 936 964 965
f 937 965 966
f 938 966 967
f 939 967 968
f 940 968 969
f 941 969 970
f 942 970 971
f 943 971 972
f 944 972 973
f 945 973 974
f 947 975 976
f 948 976 977
f 949 977 978
f 950 978 979
f 951 979 980
f 952 980 981
f 953 981 982
f 954 982 983
f 955 983 984
f 956 984 985
f 957 985 986
f 958 986 987
f 960 988 989
f 961 989 990
f 962 990 991
f 963 991 992
f 964 992 993
f 965 993 994
f 966 994 995
f 967 995 996
f 968 996 997
f 969 997 998
f 970 998 999
f 971 999 1000
f 972 1000 1001
f 973 1001 1002
f 975 1003 1004
f 976 1004 1005
f 977 1005 1006
f 978 1006 1007
f 979 1007 1008
f 980 1008 1009
f 981 1009 1010
f 982 1010 1011
f 983 1011 1012
f 984 1012 1013
f 985 1013 1014
f 986 1014 1015
f 996 1016 1017
f 997 1017 1018
f 998 1018 1019
f 999 1019 1020
f 1000 1020 1021
f 1001 1021 1022
f 1003 1023 1024
f 1004 1024 1025
f 1005 1025 1026
f 1006 1026 1027
f 1007 1027 1028
f 1008 1028 1029
f 1009 1029 1030
f 1010 1030 1031
f 1011 1031 1032
f 1012 1032 1033
f 1013 1033 1034
f 1014 1034 1035
f 1016 1036 1037
f 1017 1037 1038
f 1018 1038 1039
f 1019 1039 1040
f 1020 1040 1041
f 1021 1041 1042
f 1023 1043 1044
f 1024 1044 1045
f 1025 1045 1046
f 1026 1046 1047
f 1027 1047 1048
f 1028 1048 1049
f 1029 1049 1050
f 1030 1050 1051
f 1031 1051 1052
f 1032 1052 1053
f 1033 1053 1054
f 1034 1054 1055
f 1036 1056 1057
f 1037 1057 1058
f 1038 1058 1059
f 1039 1059 1060
f 1040 1060 1061
f 1041 1061 1062
f 1043 1063 1064
f 1044 1064 1065
f 1045 1065 1066
f 1046 1066 1067
f 1047 1067 1068
f 1048 1068 1069
f 1049 1069 1070
f 1050 1070 1071
f 1051 1071 1072
f 1052 1072 1073
f 1053 1073 1074
f 1054 1074 1075
f 1077 1126 1125
f 1078 1127 1126
f 1079 1128 1127
f 1080 1129 1128
f 1081 1130 1129
f 1082 1131 1130
f 1083 1132 1131
f 1084 1133 1132
f 1085 1134 1133
f 1086 1135 1134
f 1087 1136 1135
f 1088 1137 1136
f 1089 1138 1137
f 1090 1139 1138
f 1091 1140 1139
f 1092 1141 1140
f 1093 1142 1141
f 1094 1143 1142
f 1095 1144 1143
f 1096 1145 1144
f 1097 1146 1145
f 1098 1147 1146
f 1099 1148 1147
f 1100 1149 1148
f 1101 1150 1149
f 1102 1151 1150
f 1103 1152 1151
f 1104 1153 1152
f 1105 1154 1153
f 1106 1155 1154
f 1107 1156 1155
f 1108 1157 1156
f 1109 1158 1157
f 1110 1159 1158
f 1111 1160 1159
f 1112 1161 1160
f 1113 1162 1161
f 1114 1163 1162
f 1115 1164 1163
f 1116 1165 1164
f 1117 1166 1165
f 1118 1167 1166
f 1119 1168 1167
f 1120 1169 1168
f 1121 1170 1169
f 1122 1171 1170
f 1123 1172 1171
f 1124 1173 1172
f 1126 1175 1174
f 1127 1176 1175
f 1128 1177 1176
f 1129 1178 1177
f 1130 1179 1178
f 1131 1180 1179
f 1132 1181 1180
f 1133 1182 1181
f 1134 1183 1182
f 1135 1184 1183
f 1136 1185 1184
f 1137 1186 1185
f 1138 1187 1186
f 1139 1188 1187
f 1140 1189 1188
f 1141 1190 1189
f 1142 1191 1190
f 1143 1192 1191
f 1144 1193 1192
f 1145 1194 1193
f 1146 1195 1194
f 1147 1196 1195
f 1148 1197 1196
f 1149 1198 1197
f 1150 1199 1198
f 1151 1200 1199
f 1152 1201 1200
f 1153 1202 1201
f 1154 1203 1202
f 1155 1204 1203
f 1156 1205 1204
f 1157 1206 1205
f 1158 1207 1206
f 1159 1208 1207
f 1160 1209 1208
f 1161 1210 1209
f 1162 1211 1210
f 1163 1212 1211
f 1164 1213 1212
f 1165 1214 1213
f 1166 1215 1214
f 1167 1216 1215
f 1168 1217 1216
f 1169 1218 1217
f 1170 1219 1218
f 1171 1220 1219
f 1172 1221 1220
f 1173 1222 1221
f 1175 1224 1223
f 1176 1225 1224
f 1177 1226 1225
f 1178 1227 1226
f 1179 1228 1227
f 1180 1229 1228
f 1181 1230 1229
f 1182 1231 1230
f 1183 1232 1231
f 1184 1233 1232
f 1185 1234 1233
f 1186 1235 1234
f 1187 1236 1235
f 1188 1237 1236
f 1189 1238 1237
f 1190 1239 1238
f 1191 1240 1239
f 1192 1241 1240
f 1193 1242 1241
f 1194 1243 1242
f 1195 1244 1243
f 1196 1245 1244
f 1197 1246 1245
f 1198 1247 1246
f 1199 1248 1247
f 1200 1249 1248
f 1201 1250 1249
f 1202 1251 1250
f 1203 1252 1251
f 1204 1253 1252
f 1205 1254 1253
f 1206 1255 1254
f 1207 1256 1255
f 1208 1257 1256
f 1209 1258 1257
f 1210 1259 1258
f 1211 1260 1259
f 1212 1261 1260
f 1213 1262 1261
f 1214 1263 1262
f 1215 1264 1263
f 1216 1265 1264
f 1217 1266 1265
f 1218 1267 1266
f 1219 1268 1267
f 1220 1269 1268
f 1221 1270 1269
f 1222 1271 1270
f 1224 1273 1272
f 1225 1274 1273
f 1226 1275 1274
f 1227 1276 1275
f 1228 1277 1276
f 1229 1278 1277
f 1230 1279 1278
f 1231 1280 1279
f 1232 1281 1280
f 1233 1282 1281
f 1234 1283 1282
f 1235 1284 1283
f 1236 1285 1284
f 1237 1286 1285
f 1238 1287 1286
f 1239 1288 1287
f 1240 1289 1288
f 1241 1290 1289
f 1242 1291 1290
f 1243 1292 1291
f 1244 1293 1292
f 1245 1294 1293
f 1246 1295 1294
f 1247 1296 1295
f 1248 1297 1296
f 1249 1298 1297
f 1250 1299 1298
f 1251 1300 1299
f 1252 1301 1300
f 1253 1302 1301
f 1254 1303 1302
f 1255 1304 1303
f 1256 1305 1304
f 1257 1306 1305
f 1258 1307 1306
f 1259 1308 1307
f 1260 1309 1308
f 1261 1310 1309
f 1262 1311 1310
f 1263 1312 1311
f 1264 1313 1312
f 1265 1314 1313
f 1266 1315 1314
f 1267 1316 1315
f 1268 1317 1316
f 1269 1318 1317
f 1270 1319 1318
f 1271 1320 1319
f 1273 1322 1321
f 1274 1323 1322
f 1275 1324 1323
f 1276 1325 1324
f 1277 1326 1325
f 1278 1327 1326
f 1279 1328 1327
f 1280 1329 1328
f 1281 1330 1329
f 1282 1331 1330
f 1283 1332 1331
f 1284 1333 1332
f 1285 1334 1333
f 1286 1335 1334
f 1287 1336 1335
f 1288 1337 1336
f 1289 1338 1337
f 1290 1339 1338
f 1291 1340 1339
f 1292 1341 1340
f 1293 1342 1341
f 1294 1343 1342
f 1295 1344 1343
f 1296 1345 1344
f 1297 1346 1345
f 1298 1347 1346
f 1299 1348 1347
f 1300 1349 1348
f 1301 1350 1349
f 1302 1351 1350
f 1303 1352 1351
f 1304 1353 1352
f 1305 1354 1353
f 1306 1355 1354
f 1307 1356 1355
f 1308 1357 1356
f 1309 1358 1357
f 1310 1359 1358
f 1311 1360 1359
f 1312 1361 1360
f 1313 1362 1361
f 1314 1363 1362
f 1315 1364 1363
f 1316 1365 1364
f 1317 1366 1365
f 1318 1367 1366
f 1319 1368 1367
f 1320 1369 1368
f 1322 1371 1370
f 1323 1372 1371
f 1324 1373 1372
f 1325 1374 1373
f 1326 1375 1374
f 1327 1376 1375
f 1328 1377 1376
f 1329 1378 1377
f 1330 1379 1378
f 1331 1380 1379
f 1332 1381 1380
f 1333 1382 1381
f 1334 1383 1382
f 1335 1384 1383
f 1336 1385 1384
f 1337 1386 1385
f 1338 1387 1386
f 1339 1388 1387
f 1340 1389 1388
f 1341 1390 1389
f 1342 1391 1390
f 1343 1392 1391
f 1344 1393 1392
f 1345 1394 1393
f 1346 1395 1394
f 1347 1396 1395
f 1348 1397 1396
f 1349 1398 1397
f 1350 1399 1398
f 1351 1400 1399
f 1352 1401 1400
f 1353 1402 1401
f 1354 1403 1402
f 1355 1404 1403
f 1356 1405 1404
f 1357 1406 1405
f 1358 1407 1406
f 1359 1408 1407
f 1360 1409 1408
f 1361 1410 1409
f 1362 1411 1410
f 1363 1412 1411
f 1364 1413 1412
f 1365 1414 1413
f 1366 1415 1414
f 1367 1416 1415
f 1368 1417 1416
f 1369 1418 1417
f 1371 1420 1419
f 1372 1421 1420
f 1373 1422 1421
f 1374 1423 1422
f 1375 1424 1423
f 1376 1425 1424
f 1377 1426 1425
f 1378 1427 1426
f 1379 1428 1427
f 1380 1429 1428
f 1381 1430 1429
f 1382 1431 1430
f 1383 1432 1431
f 1384 1433 1432
f 1385 1434 1433
f 1386 1435 1434
f 1387 1436 1435
f 1388 1437 1436
f 1389 1438 1437
f 1390 1439 1438
f 1391 1440 1439
f 1392 1441 1440
f 1393 1442 1441
f 1394 1443 1442
f 1395 1444 1443
f 1396 1445 1444
f 1397 1446 1445
f 1398 1447 1446
f 1399 1448 1447
f 1400 1449 1448
f 1401 1450 1449
f 1402 1451 1450
f 1403 1452 1451
f 1404 1453 1452
f 1405 1454 1453
f 1406 1455 1454
f 1407 1456 1455
f 1408 1457 1456
f 1409 1458 1457
f 1410 1459 1458
f 1411 1460 1459
f 1412 1461 1460
f 1413 1462 1461
f 1414 1463 1462
f 1415 1464 1463
f 1416 1465 1464
f 1417 1466 1465
f 1418 1467 1466
f 1420 1469 1468
f 1421 1470 1469
f 1422 1471 1470
f 1423 1472 1471
f 1424 1473 1472
f 1425 1474 1473
f 1426 1475 1474
f 1427 1476 1475
f 1428 1477 1476
f 1429 1478 1477
f 1430 1479 1478
f 1431 1480 1479
f 1432 1481 1480
f 1433 1482 1481
f 1434 1483 1482
f 1435 1484 1483
f 1436 1485 1484
f 1437 1486 1485
f 1438 1487 1486
f 1439 1488 1487
f 1440 1489 1488
f 1441 1490 1489
f 1442 1491 1490
f 1443 1492 1491
f 1444 1493 1492
f 1445 1494 1493
f 1446 1495 1494
f 1447 1496 1495
f 1448 1497 1496
f 1449 1498 1497
f 1450 1499 1498
f 1451 1500 1499
f 1452 1501 1500
f 1453 1502 1501
f 1454 1503 1502
f 1455 1504 1503
f 1456 1505 1504
f 1457 1506 1505
f 1458 1507 1506
f 1459 1508 1507
f 1460 1509 1508
f 1461 1510 1509
f 1462 1511 1510
f 1463 1512 1511
f 1464 1513 1512
f 1465 1514 1513
f 1466 1515 1514
f 1467 1516 1515
f 1469 1518 1517
f 1470 1519 1518
f 1471 1520 1519
f 1472 1521 1520
f 1473 1522 1521
f 1474 1523 1522
f 1475 1524 1523
f 1476 1525 1524
f 1477 1526 1525
f 1478 1527 1526
f 1479 1528 1527
f 1480 1529 1528
f 1481 1530 1529
f 1482 1531 1530
f 1483 1532 1531
f 1484 1533 1532
f 1485 1534 1533
f 1486 1535 1534
f 1487 1536 1535
f 1488 1537 1536
f 1489 1538 1537
f 1490 1539 1538
f 1491 1540 1539
f 1492 1541 1540
f 1493 1542 1541
f 1494 1543 1542
f 1495 1544 1543
f 1496 1545 1544
f 1497 1546 1545
f 1498 1547 1546
f 1499 1548 1547
f 1500 1549 1548
f 1501 1550 1549
f 1502 1551 1550
f 1503 1552 1551
f 1504 1553 1552
f 1505 1554 1553
f 1506 1555 1554
f 1507 1556 1555
f 1508 1557 1556
f 1509 1558 1557
f 1510 1559 1558
f 1511 1560 1559
f 1512 1561 1560
f 1513 1562 1561
f 1514 1563 1562
f 1515 1564 1563
f 1516 1565 1564
f 1518 1567 1566
f 1519 1568 1567
f 1520 1569 1568
f 1521 1570 1569
f 1522 1571 1570
f 1523 1572 1571
f 1524 1573 1572
f 1525 1574 1573
f 1526 1575 1574
f 1527 1576 1575
f 1528 1577 1576
f 1529 1578 1577
f 1530 1579 1578
f 1531 1580 1579
f 1532 1581 1580
f 1533 1582 1581
f 1534 1583 1582
f 1535 1584 1583
f 1536 1585 1584
f 1537 1586 1585
f 1538 1587 1586
f 1539 1588 1587
f 1540 1589 1588
f 1541 1590 1589
f 1542 1591 1590
f 1543 1592 1591
f 1544 1593 1592
f 1545 1594 1593
f 1546 1595 1594
f 1547 1596 1595
f 1548 1597 1596
f 1549 1598 1597
f 1550 1599 1598
f 1551 1600 1599
f 1552 1601 1600
f 1553 1602 1601
f 1554 1603 1602
f 1555 1604 1603
f 1556 1605 1604
f 1557 1606 1605
f 1558 1607 1606
f 1559 1608 1607
f 1560 1609 1608
f 1561 1610 1609
f 1562 1611 1610
f 1563 1612 1611
f 1564 1613 1612
f 1565 1614 1613
f 1567 1616 1615
f 1568 1617 1616
f 1569 1618 1617
f 1570 1619 1618
f 1571 1620 1619
f 1572 1621 1620
f 1573 1622 1621
f 1574 1623 1622
f 1575 1624 1623
f 1576 1625 1624
f 1577 1626 1625
f 1578 1627 1626
f 1579 1628 1627
f 1580 1629 1628
f 1603 1631 1630
f 1604 1632 1631
f 1605 1633 1632
f 1606 1634 1633
f 1607 1635 1634
f 1608 1636 1635
f 1609 1637 1636
f 1610 1638 1637
f 1611 1639 1638
f 1612 1640 1639
f 1613 1641 1640
f 1614 1642 1641
f 1616 1644 1643
f 1617 1645 1644
f 1618 1646 1645
f 1619 1647 1646
f 1620 1648 1647
f 1621 1649 1648
f 1622 1650 1649
f 1623 1651 1650
f 1624 1652 1651
f 1625 1653 1652
f 1626 1654 1653
f 1627 1655 1654
f 1628 1656 1655
f 1629 1657 1656
f 1631 1659 1658
f 1632 1660 1659
f 1633 1661 1660
f 1634 1662 1661
f 1635 1663 1662
f 1636 1664 1663
f 1637 1665 1664
f 1638 1666 1665
f 1639 1667 1666
f 1640 1668 1667
f 1641 1669 1668
f 1642 1670 1669
f 1644 1672 1671
f 1645 1673 1672
f 1646 1674 1673
f 1647 1675 1674
f 1648 1676 1675
f 1649 1677 1676
f 1650 1678 1677
f 1651 1679 1678
f 1652 1680 1679
f 1653 1681 1680
f 1654 1682 1681
f 1655 1683 1682
f 1656 1684 1683
f 1657 1685 1684
f 1659 1687 1686
f 1660 1688 1687
f 1661 1689 1688
f 1662 1690 1689
f 1663 1691 1690
f 1664 1692 1691
f 1665 1693 1692
f 1666 1694 1693
f 1667 1695 1694
f 1668 1696 1695
f 1669 1697 1696
f 1670 1698 1697
f 1672 1700 1699
f 1673 1701 1700
f 1674 1702 1701
f 1675 1703 1702
f 1676 1704 1703
f 1677 1705 1704
f 1678 1706 1705
f 1679 1707 1706
f 1680 1708 1707
f 1681 1709 1708
f 1682 1710 1709
f 1683 1711 1710
f 1684 1712 1711
f 1685 1713 1712
f 1687 1715 1714
f 1688 1716 1715
f 1689 1717 1716
f 1690 1718 1717
f 1691 1719 1718
f 1692 1720 1719
f 1693 1721 1720
f 1694 1722 1721
f 1695 1723 1722
f 1696 1724 1723
f 1697 1725 1724
f 1698 1726 1725
f 1700 1728 1727
f 1701 1729 1728
f 1702 1730 1729
f 1703 1731 1730
f 1704 1732 1731
f 1705 1733 1732
f 1706 1734 1733
f 1707 1735 1734
f 1708 1736 1735
f 1709 1737 1736
f 1710 1738 1737
f 1711 1739 1738
f 1712 1740 1739
f 1713 1741 1740
f 1715 1743 1742
f 1716 1744 1743
f 1717 1745 1744
f 1718 1746 1745
f 1719 1747 1746
f 1720 1748 1747
f 1721 1749 1748
f 1722 1750 1749
f 1723 1751 1750
f 1724 1752 1751
f 1725 1753 1752
f 1726 1754 1753
f 1728 1756 1755
f 1729 1757 1756
f 1730 1758 1757
f 1731 1759 1758
f 1732 1760 1759
f 1733 1761 1760
f 1734 1762 1761
f 1735 1763 1762
f 1736 1764 1763
f 1737 1765 1764
f 1738 1766 1765
f 1739 1767 1766
f 1740 1768 1767
f 1741 1769 1768
f 1743 1771 1770
f 1744 1772 1771
f 1745 1773 1772
f 1746 1774 1773
f 1747 1775 1774
f 1748 1776 1775
f 1749 1777 1776
f 1750 1778 1777
f 1751 1779 1778
f 1752 1780 1779
f 1753 1781 1780
f 1754 1782 1781
f 1756 1784 1783
f 1757 1785 1784
f 1758 1786 1785
f 1759 1787 1786
f 1760 1788 1787
f 1761 1789 1788
f 1762 1790 1789
f 1763 1791 1790
f 1764 1792 1791
f 1765 1793 1792
f 1766 1794 1793
f 1767 1795 1794
f 1768 1796 1795
f 1769 1797 1796
f 1771 1799 1798
f 1772 1800 1799
f 1773 1801 1800
f 1774 1802 1801
f 1775 1803 1802
f 1776 1804 1803
f 1777 1805 1804
f 1778 1806 1805
f 1779 1807 1806
f 1780 1808 1807
f 1781 1809 1808
f 1782 1810 1809
f 1784 1812 1811
f 1785 1813 1812
f 1786 1814 1813
f 1787 1815 1814
f 1788 1816 1815
f 1789 1817 1816
f 1790 1818 1817
f 1791 1819 1818
f 1792 1820 1819
f 1793 1821 1820
f 1794 1822 1821
f 1795 1823 1822
f 1796 1824 1823
f 1797 1825 1824
f 1799 1827 1826
f 1800 1828 1827
f 1801 1829 1828
f 1802 1830 1829
f 1803 1831 1830
f 1804 1832 1831
f 1805 1833 1832
f 1806 1834 1833
f 1807 1835 1834
f 1808 1836 1835
f 1809 1837 1836
f 1810 1838 1837
f 1812 1840 1839
f 1813 1841 1840
f 1814 1842 1841
f 1815 1843 1842
f 1816 1844 1843
f 1817 1845 1844
f 1818 1846 1845
f 1819 1847 1846
f 1820 1848 1847
f 1821 1849 1848
f 1822 1850 1849
f 1823 1851 1850
f 1824 1852 1851
f 1825 1853 1852
f 1827 1855 1854
f 1828 1856 1855
f 1829 1857 1856
f 1830 1858 1857
f 1831 1859 1858
f 1832 1860 1859
f 1833 1861 1860
f 1834 1862 1861
f 1835 1863 1862
f 1836 1864 1863
f 1837 1865 1864
f 1838 1866 1865
f 1840 1868 1867
f 1841 1869 1868
f 1842 1870 1869
f 1843 1871 1870
f 1844 1872 1871
f 1845 1873 1872
f 1846 1874 1873
f 1847 1875 1874
f 1848 1876 1875
f 1849 1877 1876
f 1850 1878 1877
f 1851 1879 1878
f 1852 1880 1879
f 1853 1881 1880
f 1855 1883 1882
f 1856 1884 1883
f 1857 1885 1884
f 1858 1886 1885
f 1859 1887 1886
f 1860 1888 1887
f 1861 1889 1888
f 1862 1890 1889
f 1863 1891 1890
f 1864 1892 1891
f 1865 1893 1892
f 1866 1894 1893
f 1868 1896 1895
f 1869 1897 1896
f 1870 1898 1897
f 1871 1899 1898
f 1872 1900 1899
f 1873 1901 1900
f 1874 1902 1901
f 1875 1903 1902
f 1876 1904 1903
f 1877 1905 1904
f 1878 1906 1905
f 1879 1907 1906
f 1880 1908 1907
f 1881 1909 1908
f 1883 1911 1910
f 1884 1912 1911
f 1885 1913 1912
f 1886 1914 1913
f 1887 1915 1914
f 1888 1916 1915
f 1889 1917 1916
f 1890 1918 1917
f 1891 1919 1918
f 1892 1920 1919
f 1893 1921 1920
f 1894 1922 1921
f 1896 1924 1923
f 1897 1925 1924
f 1898 1926 1925
f 1899 1927 1926
f 1900 1928 1927
f 1901 1929 1928
f 1902 1930 1929
f 1903 1931 1930
f 1904 1932 1931
f 1905 1933 1932
f 1906 1934 1933
f 1907 1935 1934
f 1908 1936 1935
f 1909 1937 1936
f 1911 1939 1938
f 1912 1940 1939
f 1913 1941 1940
f 1914 1942 1941
f 1915 1943 1942
f 1916 1944 1943
f 1917 1945 1944
f 1918 1946 1945
f 1919 1947 1946
f 1920 1948 1947
f 1921 1949 1948
f 1922 1950 1949
f 1924 1952 1951
f 1925 1953 1952
f 1926 1954 1953
f 1927 1955 1954
f 1928 1956 1955
f 1929 1957 1956
f 1930 1958 1957
f 1931 1959 1958
f 1932 1960 1959
f 1933 1961 1960
f 1934 1962 1961
f 1935 1963 1962
f 1936 1964 1963
f 1937 1965 1964
f 1939 1967 1966
f 1940 1968 1967
f 1941 1969 1968
f 1942 1970 1969
f 1943 1971 1970
f 1944 1972 1971
f 1945 1973 1972
f 1946 1974 1973
f 1947 1975 1974
f 1948 1976 1975
f 1949 1977 1976
f 1950 1978 1977
f 1952 1980 1979
f 1953 1981 1980
f 1954 1982 1981
f 1955 1983 1982
f 1956 1984 1983
f 1957 1985 1984
f 1958 1986 1985
f 1959 1987 1986
f 1960 1988 1987
f 1961 1989 1988
f 1962 1990 1989
f 1963 1991 1990
f 1964 1992 1991
f 1965 1993 1992
f 1967 1995 1994
f 1968 1996 1995
f 1969 1997 1996
f 1970 1998 1997
f 1971 1999 1998
f 1972 2000 1999
f 1973 2001 2000
f 1974 2002 2001
f 1975 2003 2002
f 1976 2004 2003
f 1977 2005 2004
f 1978 2006 2005
f 1980 2008 2007
f 1981 2009 2008
f 1982 2010 2009
f 1983 2011 2010
f 1984 2012 2011
f 1985 2013 2012
f 1986 2014 2013
f 1987 2015 2014
f 1988 2016 2015
f 1989 2017 2016
f 1990 2018 2017
f 1991 2019 2018
f 1992 2020 2019
f 1993 2021 2020
f 1995 2023 2022
f 1996 2024 2023
f 1997 2025 2024
f 1998 2026 2025
f 1999 2027 2026
f 2000 2028 2027
f 2001 2029 2028
f 2002 2030 2029
f 2003 2031 2030
f 2004 2032 2031
f 2005 2033 2032
f 2006 2034 2033
f 2008 2036 2035
f 2009 2037 2036
f 2010 2038 2037
f 2011 2039 2038
f 2012 2040 2039
f 2013 2041 2040
f 2014 2042 2041
f 2015 2043 2042
f 2016 2044 2043
f 2017 2045 2044
f 2018 2046 2045
f 2019 2047 2046
f 2020 2048 2047
f 2021 2049 2048
f 2023 2051 2050
f 2024 2052 2051
f 2025 2053 2052
f 2026 2054 2053
f 2027 2055 2054
f 2028 2056 2055
f 2029 2057 2056
f 2030 2058 2057
f 2031 2059 2058
f 2032 2060 2059
f 2033 2061 2060
f 2034 2062 2061
f 2036 2064 2063
f 2037 2065 2064
f 2038 2066 2065
f 2039 2067 2066
f 2040 2068 2067
f 2041 2069 2068
f 2042 2070 2069
f 2043 2071 2070
f 2044 2072 2071
f 2045 2073 2072
f 2046 2074 2073
f 2047 2075 2074
f 2048 2076 2075
f 2049 2077 2076
f 2051 2079 2078
f 2052 2080 2079
f 2053 2081 2080
f 2054 2082 2081
f 2055 2083 2082
f 2056 2084 2083
f 2057 2085 2084
f 2058 2086 2085
f 2059 2087 2086
f 2060 2088 2087
f 2061 2089 2088
f 2062 2090 2089
f 2072 2092 2091
f 2073 2093 2092
f 2074 2094 2093
f 2075 2095 2094
f 2076 2096 2095
f 2077 2097 2096
f 2079 2099 2098
f 2080 2100 2099
f 2081 2101 2100
f 2082 2102 2101
f 2083 2103 2102
f 2084 2104 2103
f 2085 2105 2104
f 2086 2106 2105
f 2087 2107 2106
f 2088 2108 2107
f 2089 2109 2108
f 2090 2110 2109
f 2092 2112 2111
f 2093 2113 2112
f 2094 2114 2113
f 2095 2115 2114
f 2096 2116 2115
f 2097 2117 2116
f 2099 2119 2118
f 2100 2120 2119
f 2101 2121 2120
f 2102 2122 2121
f 2103 2123 2122
f 2104 2124 2123
f 2105 2125 2124
f 2106 2126 2125
f 2107 2127 2126
f 2108 2128 2127
f 2109 2129 2128
f 2110 2130 2129
f 2112 2132 2131
f 2113 2133 2132
f 2114 2134 2133
f 2115 2135 2134
f 2116 2136 2135
f 2117 2137 2136
f 2119 2139 2138
f 2120 2140 2139
f 2121 2141 2140
f 2122 2142 2141
f 2123 2143 2142
f 2124 2144 2143
f 2125 2145 2144
f 2126 2146 2145
f 2127 2147 2146
f 2128 2148 2147
f 2129 2149 2148
f 2130 2150 2149
f 1076 1125 50
f 1 2 1077
f 2 3 1078
f 3 4 1079
f 4 5 1080
f 5 6 1081
f 6 7 1082
f 7 8 1083
f 8 9 1084
f 9 10 1085
f 10 11 1086
f 11 12 1087
f 12 13 1088
f 13 14 1089
f 14 15 1090
f 15 16 1091
f 16 17 1092
f 17 18 1093
f 18 19 1094
f 19 20 1095
f 20 21 1096
f 21 22 1097
f 22 23 1098
f 23 24 1099
f 24 25 1100
f 25 26 1101
f 26 27 1102
f 27 28 1103
f 28 29 1104
f 29 30 1105
f 30 31 1106
f 31 32 1107
f 32 33 1108
f 33 34 1109
f 34 35 1110
f 35 36 1111
f 36 37 1112
f 37 38 1113
f 38 39 1114
f 39 40 1115
f 40 41 1116
f 41 42 1117
f 42 43 1118
f 43 44 1119
f 44 45 1120
f 45 46 1121
f 46 47 1122
f 47 48 1123
f 49 98 1173
f 48 49 1124
f 1125 1174 99
f 98 147 1222
f 1174 1223 148
f 147 196 1271
f 1223 1272 197
f 196 245 1320
f 1272 1321 246
f 245 294 1369
f 1321 1370 295
f 294 343 1418
f 1370 1419 344
f 343 392 1467
f 1419 1468 393
f 392 441 1516
f 1468 1517 442
f 441 490 1565
f 1517 1566 491
f 1580 1581 506
f 1581 1582 507
f 1582 1583 508
f 1583 1584 509
f 1584 1585 510
f 1585 1586 511
f 1586 1587 512
f 1587 1588 513
f 1588 1589 514
f 1589 1590 515
f 1590 1591 516
f 1591 1592 517
f 1592 1593 518
f 1593 1594 519
f 1594 1595 520
f 1595 1596 521
f 1596 1597 522
f 1597 1598 523
f 1598 1599 524
f 1599 1600 525
f 1600 1601 526
f 1601 1602 527
f 490 539 1614
f 1566 1615 540
f 505 554 1629
f 1602 1630 555
f 539 567 1642
f 1615 1643 568
f 554 582 1657
f 1630 1658 583
f 567 595 1670
f 1643 1671 596
f 582 610 1685
f 1658 1686 611
f 595 623 1698
f 1671 1699 624
f 610 638 1713
f 1686 1714 639
f 623 651 1726
f 1699 1727 652
f 638 666 1741
f 1714 1742 667
f 651 679 1754
f 1727 1755 680
f 666 694 1769
f 1742 1770 695
f 679 707 1782
f 1755 1783 708
f 694 722 1797
f 1770 1798 723
f 707 735 1810
f 1783 1811 736
f 722 750 1825
f 1798 1826 751
f 735 763 1838
f 1811 1839 764
f 750 778 1853
f 1826 1854 779
f 763 791 1866
f 1839 1867 792
f 778 806 1881
f 1854 1882 807
f 791 819 1894
f 1867 1895 820
f 806 834 1909
f 1882 1910 835
f 819 847 1922
f 1895 1923 848
f 834 862 1937
f 1910 1938 863
f 847 875 1950
f 1923 1951 876
f 862 890 1965
f 1938 1966 891
f 875 903 1978
f 1951 1979 904
f 890 918 1993
f 1966 1994 919
f 903 931 2006
f 1979 2007 932
f 918 946 2021
f 1994 2022 947
f 931 959 2034
f 2007 2035 960
f 946 974 2049
f 2022 2050 975
f 959 987 2062
f 2035 2063 988
f 2063 2064 989
f 2064 2065 990
f 2065 2066 991
f 2066 2067 992
f 2067 2068 993
f 2068 2069 994
f 2069 2070 995
f 2070 2071 996
f 974 1002 2077
f 2050 2078 1003
f 987 1015 2090
f 2071 2091 1016
f 1002 1022 2097
f 2078 2098 1023
f 1015 1035 2110
f 2091 2111 1036
f 1022 1042 2117
f 2098 2118 1043
f 1035 1055 2130
f 2111 2131 1056
f 2131 2132 1057
f 2132 2133 1058
f 2133 2134 1059
f 2134 2135 1060
f 2135 2136 1061
f 2136 2137 1062
f 1042 1062 2137
f 2118 2138 1063
f 2138 2139 1064
f 2139 2140 1065
f 2140 2141 1066
f 2141 2142 1067
f 2142 2143 1068
f 2143 2144 1069
f 2144 2145 1070
f 2145 2146 1071
f 2146 2147 1072
f 2147 2148 1073
f 2148 2149 1074
f 2149 2150 1075
f 1055 1075 2150
f 1 51 2
f 2 52 3
f 3 53 4
f 4 54 5
f 5 55 6
f 6 56 7
f 7 57 8
f 8 58 9
f 9 59 10
f 10 60 11
f 11 61 12
f 12 62 13
f 13 63 14
f 14 64 15
f 15 65 16
f 16 66 17
f 17 67 18
f 18 68 19
f 19 69 20
f 20 70 21
f 21 71 22
f 22 72 23
f 23 73 24
f 24 74 25
f 25 75 26
f 26 76 27
f 27 77 28
f 28 78 29
f 29 79 30
f 30 80 31
f 31 81 32
f 32 82 33
f 33 83 34
f 34 84 35
f 35 85 36
f 36 86 37
f 37 87 38
f 38 88 39
f 39 89 40
f 40 90 41
f 41 91 42
f 42 92 43
f 43 93 44
f 44 94 45
f 45 95 46
f 46 96 47
f 47 97 48
f 48 98 49
f 50 100 51
f 51 101 52
f 52 102 53
f 53 103 54
f 54 104 55
f 55 105 56
f 56 106 57
f 57 107 58
f 58 108 59
f 59 109 60
f 60 110 61
f 61 111 62
f 62 112 63
f 63 113 64
f 64 114 65
f 65 115 66
f 66 116 67
f 67 117 68
f 68 118 69
f 69 119 70
f 70 120 71
f 71 121 72
f 72 122 73
f 73 123 74
f 74 124 75
f 75 125 76
f 76 126 77
f 77 127 78
f 78 128 79
f 79 129 80
f 80 130 81
f 81 131 82
f 82 132 83
f 83 133 84
f 84 134 85
f 85 135 86
f 86 136 87
f 87 137 88
f 88 138 89
f 89 139 90
f 90 140 91
f 91 141 92
f 92 142 93
f 93 143 94
f 94 144 95
f 95 145 96
f 96 146 97
f 97 147 98
f 99 149 100
f 100 150 101
f 101 151 102
f 102 152 103
f 103 153 104
f 104 154 105
f 105 155 106
f 106 156 107
f 107 157 108
f 108 158 109
f 109 159 110
f 110 160 111
f 111 161 112
f 112 162 113
f 113 163 114
f 114 164 115
f 115 165 116
f 116 166 117
f 117 167 118
f 118 168 119
f 119 169 120
f 120 170 121
f 121 171 122
f 122 172 123
f 123 173 124
f 124 174 125
f 125 175 126
f 126 176 127
f 127 177 128
f 128 178 129
f 129 179 130
f 130 180 131
f 131 181 132
f 132 182 133
f 133 183 134
f 134 184 135
f 135 185 136
f 136 186 137
f 137 187 138
f 138 188 139
f 139 189 140
f 140 190 141
f 141 191 142
f 142 192 143
f 143 193 144
f 144 194 145
f 145 195 146
f 146 196 147
f 148 198 149
f 149 199 150
f 150 200 151
f 151 201 152
f 152 202 153
f 153 203 154
f 154 204 155
f 155 205 156
f 156 206 157
f 157 207 158
f 158 208 159
f 159 209 160
f 160 210 161
f 161 211 162
f 162 212 163
f 163 213 164
f 164 214 165
f 165 215 166
f 166 216 167
f 167 217 168
f 168 218 169
f 169 219 170
f 170 220 171
f 171 221 172
f 172 222 173
f 173 223 174
f 174 224 175
f 175 225 176
f 176 226 177
f 177 227 178
f 178 228 179
f 179 229 180
f 180 230 181
f 181 231 182
f 182 232 183
f 183 233 184
f 184 234 185
f 185 235 186
f 186 236 187
f 187 237 188
f 188 238 189
f 189 239 190
f 190 240 191
f 191 241 192
f 192 242 193
f 193 243 194
f 194 244 195
f 195 245 196
f 197 247 198
f 198 248 199
f 199 249 200
f 200 250 201
f 201 251 202
f 202 252 203
f 203 253 204
f 204 254 205
f 205 255 206
f 206 256 207
f 207 257 208
f 208 258 209
f 209 259 210
f 210 260 211
f 211 261 212
f 212 262 213
f 213 263 214
f 214 264 215
f 215 265 216
f 216 266 217
f 217 267 218
f 218 268 219
f 219 269 220
f 220 270 221
f 221 271 222
f 222 272 223
f 223 273 224
f 224 274 225
f 225 275 226
f 226 276 227
f 227 277 228
f 228 278 229
f 229 279 230
f 230 280 231
f 231 281 232
f 232 282 233
f 233 283 234
f 234 284 235
f 235 285 236
f 236 286 237
f 237 287 238
f 238 288 239
f 239 289 240
f 240 290 241
f 241 291 242
f 242 292 243
f 243 293 244
f 244 294 245
f 246 296 247
f 247 297 248
f 248 298 249
f 249 299 250
f 250 300 251
f 251 301 252
f 252 302 253
f 253 303 254
f 254 304 255
f 255 305 256
f 256 306 257
f 257 307 258
f 258 308 259
f 259 309 260
f 260 310 261
f 261 311 262
f 262 312 263
f 263 313 264
f 264 314 265
f 265 315 266
f 266 316 267
f 267 317 268
f 268 318 269
f 269 319 270
f 270 320 271
f 271 321 272
f 272 322 273
f 273 323 274
f 274 324 275
f 275 325 276
f 276 326 277
f 277 327 278
f 278 328 279
f 279 329 280
f 280 330 281
f 281 331 282
f 282 332 283
f 283 333 284
f 284 334 285
f 285 335 286
f 286 336 287
f 287 337 288
f 288 338 289
f 289 339 290
f 290 340 291
f 291 341 292
f 292 342 293
f 293 343 294
f 295 345 296
f 296 346 297
f 297 347 298
f 298 348 299
f 299 349 300
f 300 350 301
f 301 351 302
f 302 352 303
f 303 353 304
f 304 354 305
f 305 355 306
f 306 356 307
f 307 357 308
f 308 358 309
f 309 359 310
f 310 360 311
f 311 361 312
f 312 362 313
f 313 363 314
f 314 364 315
f 315 365 316
f 316 366 317
f 317 367 318
f 318 368 319
f 319 369 320
f 320 370 321
f 321 371 322
f 322 372 323
f 323 373 324
f 324 374 325
f 325 375 326
f 326 376 327
f 327 377 328
f 328 378 329
f 329 379 330
f 330 380 331
f 331 381 332
f 332 382 333
f 333 383 334
f 334 384 335
f 335 385 336
f 336 386 337
f 337 387 338
f 338 388 339
f 339 389 340
f 340 390 341
f 341 391 342
f 342 392 343
f 344 394 345
f 345 395 346
f 346 396 347
f 347 397 348
f 348 398 349
f 349 399 350
f 350 400 351
f 351 401 352
f 352 402 353
f 353 403 354
f 354 404 355
f 355 405 356
f 356 406 357
f 357 407 358
f 358 408 359
f 359 409 360
f 360 410 361
f 361 411 362
f 362 412 363
f 363 413 364
f 364 414 365
f 365 415 366
f 366 416 367
f 367 417 368
f 368 418 369
f 369 419 370
f 370 420 371
f 371 421 372
f 372 422 373
f 373 423 374
f 374 424 375
f 375 425 376
f 376 426 377
f 377 427 378
f 378 428 379
f 379 429 380
f 380 430 381
f 381 431 382
f 382 432 383
f 383 433 384
f 384 434 385
f 385 435 386
f 386 436 387
f 387 437 388
f 388 438 389
f 389 439 390
f 390 440 391
f 391 441 392
f 393 443 394
f 394 444 395
f 395 445 396
f 396 446 397
f 397 447 398
f 398 448 399
f 399 449 400
f 400 450 401
f 401 451 402
f 402 452 403
f 403 453 404
f 404 454 405
f 405 455 406
f 406 456 407
f 407 457 408
f 408 458 409
f 409 459 410
f 410 460 411
f 411 461 412
f 412 462 413
f 413 463 414
f 414 464 415
f 415 465 416
f 416 466 417
f 417 467 418
f 418 468 419
f 419 469 420
f 420 470 421
f 421 471 422
f 422 472 423
f 423 473 424
f 424 474 425
f 425 475 426
f 426 476 427
f 427 477 428
f 428 478 429
f 429 479 430
f 430 480 431
f 431 481 432
f 432 482 433
f 433 483 434
f 434 484 435
f 435 485 436
f 436 486 437
f 437 487 438
f 438 488 439
f 439 489 440
f 440 490 441
f 442 492 443
f 443 493 444
f 444 494 445
f 445 495 446
f 446 496 447
f 447 497 448
f 448 498 449
f 449 499 450
f 450 500 451
f 451 501 452
f 452 502 453
f 453 503 454
f 454 504 455
f 455 505 456
f 456 506 457
f 457 507 458
f 458 508 459
f 459 509 460
f 460 510 461
f 461 511 462
f 462 512 463
f 463 513 464
f 464 514 465
f 465 515 466
f 466 516 467
f 467 517 468
f 468 518 469
f 469 519 470
f 470 520 471
f 471 521 472
f 472 522 473
f 473 523 474
f 474 524 475
f 475 525 476
f 476 526 477
f 477 527 478
f 478 528 479
f 479 529 480
f 480 530 481
f 481 531 482
f 482 532 483
f 483 533 484
f 484 534 485
f 485 535 486
f 486 536 487
f 487 537 488
f 488 538 489
f 489 539 490
f 491 541 492
f 492 542 493
f 493 543 494
f 494 544 495
f 495 545 496
f 496 546 497
f 497 547 498
f 498 548 499
f 499 549 500
f 500 550 501
f 501 551 502
f 502 552 503
f 503 553 504
f 504 554 505
f 527 556 528
f 528 557 529
f 529 558 530
f 530 559 531
f 531 560 532
f 532 561 533
f 533 562 534
f 534 563 535
f 535 564 536
f 536 565 537
f 537 566 538
f 538 567 539
f 540 569 541
f 541 570 542
f 542 571 543
f 543 572 544
f 544 573 545
f 545 574 546
f 546 575 547
f 547 576 548
f 548 577 549
f 549 578 550
f 550 579 551
f 551 580 552
f 552 581 553
f 553 582 554
f 555 584 556
f 556 585 557
f 557 586 558
f 558 587 559
f 559 588 560
f 560 589 561
f 561 590 562
f 562 591 563
f 563 592 564
f 564 593 565
f 565 594 566
f 566 595 567
f 568 597 569
f 569 598 570
f 570 599 571
f 571 600 572
f 572 601 573
f 573 602 574
f 574 603 575
f 575 604 576
f 576 605 577
f 577 606 578
f 578 607 579
f 579 608 580
f 580 609 581
f 581 610 582
f 583 612 584
f 584 613 585
f 585 614 586
f 586 615 587
f 587 616 588
f 588 617 589
f 589 618 590
f 590 619 591
f 591 620 592
f 592 621 593
f 593 622 594
f 594 623 595
f 596 625 597
f 597 626 598
f 598 627 599
f 599 628 600
f 600 629 601
f 601 630 602
f 602 631 603
f 603 632 604
f 604 633 605
f 605 634 606
f 606 635 607
f 607 636 608
f 608 637 609
f 609 638 610
f 611 640 612
f 612 641 613
f 613 642 614
f 614 643 615
f 615 644 616
f 616 645 617
f 617 646 618
f 618 647 619
f 619 648 620
f 620 649 621
f 621 650 622
f 622 651 623
f 624 653 625
f 625 654 626
f 626 655 627
f 627 656 628
f 628 657 629
f 629 658 630
f 630 659 631
f 631 660 632
f 632 661 633
f 633 662 634
f 634 663 635
f 635 664 636
f 636 665 637
f 637 666 638
f 639 668 640
f 640 669 641
f 641 670 642
f 642 671 643
f 643 672 644
f 644 673 645
f 645 674 646
f 646 675 647
f 647 676 648
f 648 677 649
f 649 678 650
f 650 679 651
f 652 681 653
f 653 682 654
f 654 683 655
f 655 684 656
f 656 685 657
f 657 686 658
f 658 687 659
f 659 688 660
f 660 689 661
f 661 690 662
f 662 691 663
f 663 692 664
f 664 693 665
f 665 694 666
f 667 696 668
f 668 697 669
f 669 698 670
f 670 699 671
f 671 700 672
f 672 701 673
f 673 702 674
f 674 703 675
f 675 704 676
f 676 705 677
f 677 706 678
f 678 707 679
f 680 709 681
f 681 710 682
f 682 711 683
f 683 712 684
f 684 713 685
f 685 714 686
f 686 715 687
f 687 716 688
f 688 717 689
f 689 718 690
f 690 719 691
f 691 720 692
f 692 721 693
f 693 722 694
f 695 724 696
f 696 725 697
f 697 726 698
f 698 727 699
f 699 728 700
f 700 729 701
f 701 730 702
f 702 731 703
f 703 732 704
f 704 733 705
f 705 734 706
f 706 735 707
f 708 737 709
f 709 738 710
f 710 739 711
f 711 740 712
f 712 741 713
f 713 742 714
f 714 743 715
f 715 744 716
f 716 745 717
f 717 746 718
f 718 747 719
f 719 748 720
f 720 749 721
f 721 750 722
f 723 752 724
f 724 753 725
f 725 754 726
f 726 755 727
f 727 756 728
f 728 757 729
f 729 758 730
f 730 759 731
f 731 760 732
f 732 761 733
f 733 762 734
f 734 763 735
f 736 765 737
f 737 766 738
f 738 767 739
f 739 768 740
f 740 769 741
f 741 770 742
f 742 771 743
f 743 772 744
f 744 773 745
f 745 774 746
f 746 775 747
f 747 776 748
f 748 777 749
f 749 778 750
f 751 780 752
f 752 781 753
f 753 782 754
f 754 783 755
f 755 784 756
f 756 785 757
f 757 786 758
f 758 787 759
f 759 788 760
f 760 789 761
f 761 790 762
f 762 791 763
f 764 793 765
f 765 794 766
f 766 795 767
f 767 796 768
f 768 797 769
f 769 798 770
f 770 799 771
f 771 800 772
f 772 801 773
f 773 802 774
f 774 803 775
f 775 804 776
f 776 805 777
f 777 806 778
f 779 808 780
f 780 809 781
f 781 810 782
f 782 811 783
f 783 812 784
f 784 813 785
f 785 814 786
f 786 815 787
f 787 816 788
f 788 817 789
f 789 818 790
f 790 819 791
f 792 821 793
f 793 822 794
f 794 823 795
f 795 824 796
f 796 825 797
f 797 826 798
f 798 827 799
f 799 828 800
f 800 829 801
f 801 830 802
f 802 831 803
f 803 832 804
f 804 833 805
f 805 834 806
f 807 836 808
f 808 837 809
f 809 838 810
f 810 839 811
f 811 840 812
f 812 841 813
f 813 842 814
f 814 843 815
f 815 844 816
f 816 845 817
f 817 846 818
f 818 847 819
f 820 849 821
f 821 850 822
f 822 851 823
f 823 852 824
f 824 853 825
f 825 854 826
f 826 855 827
f 827 856 828
f 828 857 829
f 829 858 830
f 830 859 831
f 831 860 832
f 832 861 833
f 833 862 834
f 835 864 836
f 836 865 837
f 837 866 838
f 838 867 839
f 839 868 840
f 840 869 841
f 841 870 842
f 842 871 843
f 843 872 844
f 844 873 845
f 845 874 846
f 846 875 847
f 848 877 849
f 849 878 850
f 850 879 851
f 851 880 852
f 852 881 853
f 853 882 854
f 854 883 855
f 855 884 856
f 856 885 857
f 857 886 858
f 858 887 859
f 859 888 860
f 860 889 861
f 861 890 862
f 863 892 864
f 864 893 865
f 865 894 866
f 866 895 867
f 867 896 868
f 868 897 869
f 869 898 870
f 870 899 871
f 871 900 872
f 872 901 873
f 873 902 874
f 874 903 875
f 876 905 877
f 877 906 878
f 878 907 879
f 879 908 880
f 880 909 881
f 881 910 882
f 882 911 883
f 883 912 884
f 884 913 885
f 885 914 886
f 886 915 887
f 887 916 888
f 888 917 889
f 889 918 890
f 891 920 892
f 892 921 893
f 893 922 894
f 894 923 895
f 895 924 896
f 896 925 897
f 897 926 898
f 898 927 899
f 899 928 900
f 900 929 901
f 901 930 902
f 902 931 903
f 904 933 905
f 905 934 906
f 906 935 907
f 907 936 908
f 908 937 909
f 909 938 910
f 910 939 911
f 911 940 912
f 912 941 913
f 913 942 914
f 914 943 915
f 915 944 916
f 916 945 917
f 917 946 918
f 919 948 920
f 920 949 921
f 921 950 922
f 922 951 923
f 923 952 924
f 924 953 925
f 925 954 926
f 926 955 927
f 927 956 928
f 928 957 929
f 929 958 930
f 930 959 931
f 932 961 933
f 933 962 934
f 934 963 935
f 935 964 936
f 936 965 937
f 937 966 938
f 938 967 939
f 939 968 940
f 940 969 941
f 941 970 942
f 942 971 943
f 943 972 944
f 944 973 945
f 945 974 946
f 947 976 948
f 948 977 949
f 949 978 950
f 950 979 951
f 951 980 952
f 952 981 953
f 953 982 954
f 954 983 955
f 955 984 956
f 956 985 957
f 957 986 958
f 958 987 959
f 960 989 961
f 961 990 962
f 962 991 963
f 963 992 964
f 964 993 965
f 965 994 966
f 966 995 967
f 967 996 968
f 968 997 969
f 969 998 970
f 970 999 971
f 971 1000 972
f 972 1001 973
f 973 1002 974
f 975 1004 976
f 976 1005 977
f 977 1006 978
f 978 1007 979
f 979 1008 980
f 980 1009 981
f 981 1010 982
f 982 1011 983
f 983 1012 984
f 984 1013 985
f 985 1014 986
f 986 1015 987
f 996 1017 997
f 997 1018 998
f 998 1019 999
f 999 1020 1000
f 1000 1021 1001
f 1001 1022 1002
f 1003 1024 1004
f 1004 1025 1005
f 1005 1026 1006
f 1006 1027 1007
f 1007 1028 1008
f 1008 1029 1009
f 1009 1030 1010
f 1010 1031 1011
f 1011 1032 1012
f 1012 1033 1013
f 1013 1034 1014
f 1014 1035 1015
f 1016 1037 1017
f 1017 1038 1018
f 1018 1039 1019
f 1019 1040 1020
f 1020 1041 1021
f 1021 1042 1022
f 1023 1044 1024
f 1024 1045 1025
f 1025 1046 1026
f 1026 1047 1027
f 1027 1048 1028
f 1028 1049 1029
f 1029 1050 1030
f 1030 1051 1031
f 1031 1052 1032
f 1032 1053 1033
f 1033 1054 1034
f 1034 1055 1035
f 1036 1057 1037
f 1037 1058 1038
f 1038 1059 1039
f 1039 1060 1040
f 1040 1061 1041
f 1041 1062 1042
f 1043 1064 1044
f 1044 1065 1045
f 1045 1066 1046
f 1046 1067 1047
f 1047 1068 1048
f 1048 1069 1049
f 1049 1070 1050
f 1050 1071 1051
f 1051 1072 1052
f 1052 1073 1053
f 1053 1074 1054
f 1054 1075 1055
f 1077 1125 1076
f 1078 1126 1077
f 1079 1127 1078
f 1080 1128 1079
f 1081 1129 1080
f 1082 1130 1081
f 1083 1131 1082
f 1084 1132 1083
f 1085 1133 1084
f 1086 1134 1085
f 1087 1135 1086
f 1088 1136 1087
f 1089 1137 1088
f 1090 1138 1089
f 1091 1139 1090
f 1092 1140 1091
f 1093 1141 1092
f 1094 1142 1093
f 1095 1143 1094
f 1096 1144 1095
f 1097 1145 1096
f 1098 1146 1097
f 1099 1147 1098
f 1100 1148 1099
f 1101 1149 1100
f 1102 1150 1101
f 1103 1151 1102
f 1104 1152 1103
f 1105 1153 1104
f 1106 1154 1105
f 1107 1155 1106
f 1108 1156 1107
f 1109 1157 1108
f 1110 1158 1109
f 1111 1159 1110
f 1112 1160 1111
f 1113 1161 1112
f 1114 1162 1113
f 1115 1163 1114
f 1116 1164 1115
f 1117 1165 1116
f 1118 1166 1117
f 1119 1167 1118
f 1120 1168 1119
f 1121 1169 1120
f 1122 1170 1121
f 1123 1171 1122
f 1124 1172 1123
f 1126 1174 1125
f 1127 1175 1126
f 1128 1176 1127
f 1129 1177 1128
f 1130 1178 1129
f 1131 1179 1130
f 1132 1180 1131
f 1133 1181 1132
f 1134 1182 1133
f 1135 1183 1134
f 1136 1184 1135
f 1137 1185 1136
f 1138 1186 1137
f 1139 1187 1138
f 1140 1188 1139
f 1141 1189 1140
f 1142 1190 1141
f 1143 1191 1142
f 1144 1192 1143
f 1145 1193 1144
f 1146 1194 1145
f 1147 1195 1146
f 1148 1196 1147
f 1149 1197 1148
f 1150 1198 1149
f 1151 1199 1150
f 1152 1200 1151
f 1153 1201 1152
f 1154 1202 1153
f 1155 1203 1154
f 1156 1204 1155
f 1157 1205 1156
f 1158 1206 1157
f 1159 1207 1158
f 1160 1208 1159
f 1161 1209 1160
f 1162 1210 1161
f 1163 1211 1162
f 1164 1212 1163
f 1165 1213 1164
f 1166 1214 1165
f 1167 1215 1166
f 1168 1216 1167
f 1169 1217 1168
f 1170 1218 1169
f 1171 1219 1170
f 1172 1220 1171
f 1173 1221 1172
f 1175 1223 1174
f 1176 1224 1175
f 1177 1225 1176
f 1178 1226 1177
f 1179 1227 1178
f 1180 1228 1179
f 1181 1229 1180
f 1182 1230 1181
f 1183 1231 1182
f 1184 1232 1183
f 1185 1233 1184
f 1186 1234 1185
f 1187 1235 1186
f 1188 1236 1187
f 1189 1237 1188
f 1190 1238 1189
f 1191 1239 1190
f 1192 1240 1191
f 1193 1241 1192
f 1194 1242 1193
f 1195 1243 1194
f 1196 1244 1195
f 1197 1245 1196
f 1198 1246 1197
f 1199 1247 1198
f 1200 1248 1199
f 1201 1249 1200
f 1202 1250 1201
f 1203 1251 1202
f 1204 1252 1203
f 1205 1253 1204
f 1206 1254 1205
f 1207 1255 1206
f 1208 1256 1207
f 1209 1257 1208
f 1210 1258 1209
f 1211 1259 1210
f 1212 1260 1211
f 1213 1261 1212
f 1214 1262 1213
f 1215 1263 1214
f 1216 1264 1215
f 1217 1265 1216
f 1218 1266 1217
f 1219 1267 1218
f 1220 1268 1219
f 1221 1269 1220
f 1222 1270 1221
f 1224 1272 1223
f 1225 1273 1224
f 1226 1274 1225
f 1227 1275 1226
f 1228 1276 1227
f 1229 1277 1228
f 1230 1278 1229
f 1231 1279 1230
f 1232 1280 1231
f 1233 1281 1232
f 1234 1282 1233
f 1235 1283 1234
f 1236 1284 1235
f 1237 1285 1236
f 1238 1286 1237
f 1239 1287 1238
f 1240 1288 1239
f 1241 1289 1240
f 1242 1290 1241
f 1243 1291 1242
f 1244 1292 1243
f 1245 1293 1244
f 1246 1294 1245
f 1247 1295 1246
f 1248 1296 1247
f 1249 1297 1248
f 1250 1298 1249
f 1251 1299 1250
f 1252 1300 1251
f 1253 1301 1252
f 1254 1302 1253
f 1255 1303 1254
f 1256 1304 1255
f 1257 1305 1256
f 1258 1306 1257
f 1259 1307 1258
f 1260 1308 1259
f 1261 1309 1260
f 1262 1310 1261
f 1263 1311 1262
f 1264 1312 1263
f 1265 1313 1264
f 1266 1314 1265
f 1267 1315 1266
f 1268 1316 1267
f 1269 1317 1268
f 1270 1318 1269
f 1271 1319 1270
f 1273 1321 1272
f 1274 1322 1273
f 1275 1323 1274
f 1276 1324 1275
f 1277 1325 1276
f 1278 1326 1277
f 1279 1327 1278
f 1280 1328 1279
f 1281 1329 1280
f 1282 1330 1281
f 1283 1331 1282
f 1284 1332 1283
f 1285 1333 1284
f 1286 1334 1285
f 1287 1335 1286
f 1288 1336 1287
f 1289 1337 1288
f 1290 1338 1289
f 1291 1339 1290
f 1292 1340 1291
f 1293 1341 1292
f 1294 1342 1293
f 1295 1343 1294
f 1296 1344 1295
f 1297 1345 1296
f 1298 1346 1297
f 1299 1347 1298
f 1300 1348 1299
f 1301 1349 1300
f 1302 1350 1301
f 1303 1351 1302
f 1304 1352 1303
f 1305 1353 1304
f 1306 1354 1305
f 1307 1355 1306
f 1308 1356 1307
f 1309 1357 1308
f 1310 1358 1309
f 1311 1359 1310
f 1312 1360 1311
f 1313 1361 1312
f 1314 1362 1313
f 1315 1363 1314
f 1316 1364 1315
f 1317 1365 1316
f 1318 1366 1317
f 1319 1367 1318
f 1320 1368 1319
f 1322 1370 1321
f 1323 1371 1322
f 1324 1372 1323
f 1325 1373 1324
f 1326 1374 1325
f 1327 1375 1326
f 1328 1376 1327
f 1329 1377 1328
f 1330 1378 1329
f 1331 1379 1330
f 1332 1380 1331
f 1333 1381 1332
f 1334 1382 1333
f 1335 1383 1334
f 1336 1384 1335
f 1337 1385 1336
f 1338 1386 1337
f 1339 1387 1338
f 1340 1388 1339
f 1341 1389 1340
f 1342 1390 1341
f 1343 1391 1342
f 1344 1392 1343
f 1345 1393 1344
f 1346 1394 1345
f 1347 1395 1346
f 1348 1396 1347
f 1349 1397 1348
f 1350 1398 1349
f 1351 1399 1350
f 1352 1400 1351
f 1353 1401 1352
f 1354 1402 1353
f 1355 1403 1354
f 1356 1404 1355
f 1357 1405 1356
f 1358 1406 1357
f 1359 1407 1358
f 1360 1408 1359
f 1361 1409 1360
f 1362 1410 1361
f 1363 1411 1362
f 1364 1412 1363
f 1365 1413 1364
f 1366 1414 1365
f 1367 1415 1366
f 1368 1416 1367
f 1369 1417 1368
f 1371 1419 1370
f 1372 1420 1371
f 1373 1421 1372
f 1374 1422 1373
f 1375 1423 1374
f 1376 1424 1375
f 1377 1425 1376
f 1378 1426 1377
f 1379 1427 1378
f 1380 1428 1379
f 1381 1429 1380
f 1382 1430 1381
f 1383 1431 1382
f 1384 1432 1383
f 1385 1433 1384
f 1386 1434 1385
f 1387 1435 1386
f 1388 1436 1387
f 1389 1437 1388
f 1390 1438 1389
f 1391 1439 1390
f 1392 1440 1391
f 1393 1441 1392
f 1394 1442 1393
f 1395 1443 1394
f 1396 1444 1395
f 1397 1445 1396
f 1398 1446 1397
f 1399 1447 1398
f 1400 1448 1399
f 1401 1449 1400
f 1402 1450 1401
f 1403 1451 1402
f 1404 1452 1403
f 1405 1453 1404
f 1406 1454 1405
f 1407 1455 1406
f 1408 1456 1407
f 1409 1457 1408
f 1410 1458 1409
f 1411 1459 1410
f 1412 1460 1411
f 1413 1461 1412
f 1414 1462 1413
f 1415 1463 1414
f 1416 1464 1415
f 1417 1465 1416
f 1418 1466 1417
f 1420 1468 1419
f 1421 1469 1420
f 1422 1470 1421
f 1423 1471 1422
f 1424 1472 1423
f 1425 1473 1424
f 1426 1474 1425
f 1427 1475 1426
f 1428 1476 1427
f 1429 1477 1428
f 1430 1478 1429
f 1431 1479 1430
f 1432 1480 1431
f 1433 1481 1432
f 1434 1482 1433
f 1435 1483 1434
f 1436 1484 1435
f 1437 1485 1436
f 1438 1486 1437
f 1439 1487 1438
f 1440 1488 1439
f 1441 1489 1440
f 1442 1490 1441
f 1443 1491 1442
f 1444 1492 1443
f 1445 1493 1444
f 1446 1494 1445
f 1447 1495 1446
f 1448 1496 1447
f 1449 1497 1448
f 1450 1498 1449
f 1451 1499 1450
f 1452 1500 1451
f 1453 1501 1452
f 1454 1502 1453
f 1455 1503 1454
f 1456 1504 1455
f 1457 1505 1456
f 1458 1506 1457
f 1459 1507 1458
f 1460 1508 1459
f 1461 1509 1460
f 1462 1510 1461
f 1463 1511 1462
f 1464 1512 1463
f 1465 1513 1464
f 1466 1514 1465
f 1467 1515 1466
f 1469 1517 1468
f 1470 1518 1469
f 1471 1519 1470
f 1472 1520 1471
f 1473 1521 1472
f 1474 1522 1473
f 1475 1523 1474
f 1476 1524 1475
f 1477 1525 1476
f 1478 1526 1477
f 1479 1527 1478
f 1480 1528 1479
f 1481 1529 1480
f 1482 1530 1481
f 1483 1531 1482
f 1484 1532 1483
f 1485 1533 1484
f 1486 1534 1485
f 1487 1535 1486
f 1488 1536 1487
f 1489 1537 1488
f 1490 1538 1489
f 1491 1539 1490
f 1492 1540 1491
f 1493 1541 1492
f 1494 1542 1493
f 1495 1543 1494
f 1496 1544 1495
f 1497 1545 1496
f 1498 1546 1497
f 1499 1547 1498
f 1500 1548 1499
f 1501 1549 1500
f 1502 1550 1501
f 1503 1551 1502
f 1504 1552 1503
f 1505 1553 1504
f 1506 1554 1505
f 1507 1555 1506
f 1508 1556 1507
f 1509 1557 1508
f 1510 1558 1509
f 1511 1559 1510
f 1512 1560 1511
f 1513 1561 1512
f 1514 1562 1513
f 1515 1563 1514
f 1516 1564 1515
f 1518 1566 1517
f 1519 1567 1518
f 1520 1568 1519
f 1521 1569 1520
f 1522 1570 1521
f 1523 1571 1522
f 1524 1572 1523
f 1525 1573 1524
f 1526 1574 1525
f 1527 1575 1526
f 1528 1576 1527
f 1529 1577 1528
f 1530 1578 1529
f 1531 1579 1530
f 1532 1580 1531
f 1533 1581 1532
f 1534 1582 1533
f 1535 1583 1534
f 1536 1584 1535
f 1537 1585 1536
f 1538 1586 1537
f 1539 1587 1538
f 1540 1588 1539
f 1541 1589 1540
f 1542 1590 1541
f 1543 1591 1542
f 1544 1592 1543
f 1545 1593 1544
f 1546 1594 1545
f 1547 1595 1546
f 1548 1596 1547
f 1549 1597 1548
f 1550 1598 1549
f 1551 1599 1550
f 1552 1600 1551
f 1553 1601 1552
f 1554 1602 1553
f 1555 1603 1554
f 1556 1604 1555
f 1557 1605 1556
f 1558 1606 1557
f 1559 1607 1558
f 1560 1608 1559
f 1561 1609 1560
f 1562 1610 1561
f 1563 1611 1562
f 1564 1612 1563
f 1565 1613 1564
f 1567 1615 1566
f 1568 1616 1567
f 1569 1617 1568
f 1570 1618 1569
f 1571 1619 1570
f 1572 1620 1571
f 1573 1621 1572
f 1574 1622 1573
f 1575 1623 1574
f 1576 1624 1575
f 1577 1625 1576
f 1578 1626 1577
f 1579 1627 1578
f 1580 1628 1579
f 1603 1630 1602
f 1604 1631 1603
f 1605 1632 1604
f 1606 1633 1605
f 1607 1634 1606
f 1608 1635 1607
f 1609 1636 1608
f 1610 1637 1609
f 1611 1638 1610
f 1612 1639 1611
f 1613 1640 1612
f 1614 1641 1613
f 1616 1643 1615
f 1617 1644 1616
f 1618 1645 1617
f 1619 1646 1618
f 1620 1647 1619
f 1621 1648 1620
f 1622 1649 1621
f 1623 1650 1622
f 1624 1651 1623
f 1625 1652 1624
f 1626 1653 1625
f 1627 1654 1626
f 1628 1655 1627
f 1629 1656 1628
f 1631 1658 1630
f 1632 1659 1631
f 1633 1660 1632
f 1634 1661 1633
f 1635 1662 1634
f 1636 1663 1635
f 1637 1664 1636
f 1638 1665 1637
f 1639 1666 1638
f 1640 1667 1639
f 1641 1668 1640
f 1642 1669 1641
f 1644 1671 1643
f 1645 1672 1644
f 1646 1673 1645
f 1647 1674 1646
f 1648 1675 1647
f 1649 1676 1648
f 1650 1677 1649
f 1651 1678 1650
f 1652 1679 1651
f 1653 1680 1652
f 1654 1681 1653
f 1655 1682 1654
f 1656 1683 1655
f 1657 1684 1656
f 1659 1686 1658
f 1660 1687 1659
f 1661 1688 1660
f 1662 1689 1661
f 1663 1690 1662
f 1664 1691 1663
f 1665 1692 1664
f 1666 1693 1665
f 1667 1694 1666
f 1668 1695 1667
f 1669 1696 1668
f 1670 1697 1669
f 1672 1699 1671
f 1673 1700 1672
f 1674 1701 1673
f 1675 1702 1674
f 1676 1703 1675
f 1677 1704 1676
f 1678 1705 1677
f 1679 1706 1678
f 1680 1707 1679
f 1681 1708 1680
f 1682 1709 1681
f 1683 1710 1682
f 1684 1711 1683
f 1685 1712 1684
f 1687 1714 1686
f 1688 1715 1687
f 1689 1716 1688
f 1690 1717 1689
f 1691 1718 1690
f 1692 1719 1691
f 1693 1720 1692
f 1694 1721 1693
f 1695 1722 1694
f 1696 1723 1695
f 1697 1724 1696
f 1698 1725 1697
f 1700 1727 1699
f 1701 1728 1700
f 1702 1729 1701
f 1703 1730 1702
f 1704 1731 1703
f 1705 1732 1704
f 1706 1733 1705
f 1707 1734 1706
f 1708 1735 1707
f 1709 1736 1708
f 1710 1737 1709
f 1711 1738 1710
f 1712 1739 1711
f 1713 1740 1712
f 1715 1742 1714
f 1716 1743 1715
f 1717 1744 1716
f 1718 1745 1717
f 1719 1746 1718
f 1720 1747 1719
f 1721 1748 1720
f 1722 1749 1721
f 1723 1750 1722
f 1724 1751 1723
f 1725 1752 1724
f 1726 1753 1725
f 1728 1755 1727
f 1729 1756 1728
f 1730 1757 1729
f 1731 1758 1730
f 1732 1759 1731
f 1733 1760 1732
f 1734 1761 1733
f 1735 1762 1734
f 1736 1763 1735
f 1737 1764 1736
f 1738 1765 1737
f 1739 1766 1738
f 1740 1767 1739
f 1741 1768 1740
f 1743 1770 1742
f 1744 1771 1743
f 1745 1772 1744
f 1746 1773 1745
f 1747 1774 1746
f 1748 1775 1747
f 1749 1776 1748
f 1750 1777 1749
f 1751 1778 1750
f 1752 1779 1751
f 1753 1780 1752
f 1754 1781 1753
f 1756 1783 1755
f 1757 1784 1756
f 1758 1785 1757
f 1759 1786 1758
f 1760 1787 1759
f 1761 1788 1760
f 1762 1789 1761
f 1763 1790 1762
f 1764 1791 1763
f 1765 1792 1764
f 1766 1793 1765
f 1767 1794 1766
f 1768 1795 1767
f 1769 1796 1768
f 1771 1798 1770
f 1772 1799 1771
f 1773 1800 1772
f 1774 1801 1773
f 1775 1802 1774
f 1776 1803 1775
f 1777 1804 1776
f 1778 1805 1777
f 1779 1806 1778
f 1780 1807 1779
f 1781 1808 1780
f 1782 1809 1781
f 1784 1811 1783
f 1785 1812 1784
f 1786 1813 1785
f 1787 1814 1786
f 1788 1815 1787
f 1789 1816 1788
f 1790 1817 1789
f 1791 1818 1790
f 1792 1819 1791
f 1793 1820 1792
f 1794 1821 1793
f 1795 1822 1794
f 1796 1823 1795
f 1797 1824 1796
f 1799 1826 1798
f 1800 1827 1799
f 1801 1828 1800
f 1802 1829 1801
f 1803 1830 1802
f 1804 1831 1803
f 1805 1832 1804
f 1806 1833 1805
f 1807 1834 1806
f 1808 1835 1807
f 1809 1836 1808
f 1810 1837 1809
f 1812 1839 1811
f 1813 1840 1812
f 1814 1841 1813
f 1815 1842 1814
f 1816 1843 1815
f 1817 1844 1816
f 1818 1845 1817
f 1819 1846 1818
f 1820 1847 1819
f 1821 1848 1820
f 1822 1849 1821
f 1823 1850 1822
f 1824 1851 1823
f 1825 1852 1824
f 1827 1854 1826
f 1828 1855 1827
f 1829 1856 1828
f 1830 1857 1829
f 1831 1858 1830
f 1832 1859 1831
f 1833 1860 1832
f 1834 1861 1833
f 1835 1862 1834
f 1836 1863 1835
f 1837 1864 1836
f 1838 1865 1837
f 1840 1867 1839
f 1841 1868 1840
f 1842 1869 1841
f 1843 1870 1842
f 1844 1871 1843
f 1845 1872 1844
f 1846 1873 1845
f 1847 1874 1846
f 1848 1875 1847
f 1849 1876 1848
f 1850 1877 1849
f 1851 1878 1850
f 1852 1879 1851
f 1853 1880 1852
f 1855 1882 1854
f 1856 1883 1855
f 1857 1884 1856
f 1858 1885 1857
f 1859 1886 1858
f 1860 1887 1859
f 1861 1888 1860
f 1862 1889 1861
f 1863 1890 1862
f 1864 1891 1863
f 1865 1892 1864
f 1866 1893 1865
f 1868 1895 1867
f 1869 1896 1868
f 1870 1897 1869
f 1871 1898 1870
f 1872 1899 1871
f 1873 1900 1872
f 1874 1901 1873
f 1875 1902 1874
f 1876 1903 1875
f 1877 1904 1876
f 1878 1905 1877
f 1879 1906 1878
f 1880 1907 1879
f 1881 1908 1880
f 1883 1910 1882
f 1884 1911 1883
f 1885 1912 1884
f 1886 1913 1885
f 1887 1914 1886
f 1888 1915 1887
f 1889 1916 1888
f 1890 1917 1889
f 1891 1918 1890
f 1892 1919 1891
f 1893 1920 1892
f 1894 1921 1893
f 1896 1923 1895
f 1897 1924 1896
f 1898 1925 1897
f 1899 1926 1898
f 1900 1927 1899
f 1901 1928 1900
f 1902 1929 1901
f 1903 1930 1902
f 1904 1931 1903
f 1905 1932 1904
f 1906 1933 1905
f 1907 1934 1906
f 1908 1935 1907
f 1909 1936 1908
f 1911 1938 1910
f 1912 1939 1911
f 1913 1940 1912
f 1914 1941 1913
f 1915 1942 1914
f 1916 1943 1915
f 1917 1944 1916
f 1918 1945 1917
f 1919 1946 1918
f 1920 1947 1919
f 1921 1948 1920
f 1922 1949 1921
f 1924 1951 1923
f 1925 1952 1924
f 1926 1953 1925
f 1927 1954 1926
f 1928 1955 1927
f 1929 1956 1928
f 1930 1957 1929
f 1931 1958 1930
f 1932 1959 1931
f 1933 1960 1932
f 1934 1961 1933
f 1935 1962 1934
f 1936 1963 1935
f 1937 1964 1936
f 1939 1966 1938
f 1940 1967 1939
f 1941 1968 1940
f 1942 1969 1941
f 1943 1970 1942
f 1944 1971 1943
f 1945 1972 1944
f 1946 1973 1945
f 1947 1974 1946
f 1948 1975 1947
f 1949 1976 1948
f 1950 1977 1949
f 1952 1979 1951
f 1953 1980 1952
f 1954 1981 1953
f 1955 1982 1954
f 1956 1983 1955
f 1957 1984 1956
f 1958 1985 1957
f 1959 1986 1958
f 1960 1987 1959
f 1961 1988 1960
f 1962 1989 1961
f 1963 1990 1962
f 1964 1991 1963
f 1965 1992 1964
f 1967 1994 1966
f 1968 1995 1967
f 1969 1996 1968
f 1970 1997 1969
f 1971 1998 1970
f 1972 1999 1971
f 1973 2000 1972
f 1974 2001 1973
f 1975 2002 1974
f 1976 2003 1975
f 1977 2004 1976
f 1978 2005 1977
f 1980 2007 1979
f 1981 2008 1980
f 1982 2009 1981
f 1983 2010 1982
f 1984 2011 1983
f 1985 2012 1984
f 1986 2013 1985
f 1987 2014 1986
f 1988 2015 1987
f 1989 2016 1988
f 1990 2017 1989
f 1991 2018 1990
f 1992 2019 1991
f 1993 2020 1992
f 1995 2022 1994
f 1996 2023 1995
f 1997 2024 1996
f 1998 2025 1997
f 1999 2026 1998
f 2000 2027 1999
f 2001 2028 2000
f 2002 2029 2001
f 2003 2030 2002
f 2004 2031 2003
f 2005 2032 2004
f 2006 2033 2005
f 2008 2035 2007
f 2009 2036 2008
f 2010 2037 2009
f 2011 2038 2010
f 2012 2039 2011
f 2013 2040 2012
f 2014 2041 2013
f 2015 2042 2014
f 2016 2043 2015
f 2017 2044 2016
f 2018 2045 2017
f 2019 2046 2018
f 2020 2047 2019
f 2021 2048 2020
f 2023 2050 2022
f 2024 2051 2023
f 2025 2052 2024
f 2026 2053 2025
f 2027 2054 2026
f 2028 2055 2027
f 2029 2056 2028
f 2030 2057 2029
f 2031 2058 2030
f 2032 2059 2031
f 2033 2060 2032
f 2034 2061 2033
f 2036 2063 2035
f 2037 2064 2036
f 2038 2065 2037
f 2039 2066 2038
f 2040 2067 2039
f 2041 2068 2040
f 2042 2069 2041
f 2043 2070 2042
f 2044 2071 2043
f 2045 2072 2044
f 2046 2073 2045
f 2047 2074 2046
f 2048 2075 2047
f 2049 2076 2048
f 2051 2078 2050
f 2052 2079 2051
f 2053 2080 2052
f 2054 2081 2053
f 2055 2082 2054
f 2056 2083 2055
f 2057 2084 2056
f 2058 2085 2057
f 2059 2086 2058
f 2060 2087 2059
f 2061 2088 2060
f 2062 2089 2061
f 2072 2091 2071
f 2073 2092 2072
f 2074 2093 2073
f 2075 2094 2074
f 2076 2095 2075
f 2077 2096 2076
f 2079 2098 2078
f 2080 2099 2079
f 2081 2100 2080
f 2082 2101 2081
f 2083 2102 2082
f 2084 2103 2083
f 2085 2104 2084
f 2086 2105 2085
f 2087 2106 2086
f 2088 2107 2087
f 2089 2108 2088
f 2090 2109 2089
f 2092 2111 2091
f 2093 2112 2092
f 2094 2113 2093
f 2095 2114 2094
f 2096 2115 2095
f 2097 2116 2096
f 2099 2118 2098
f 2100 2119 2099
f 2101 2120 2100
f 2102 2121 2101
f 2103 2122 2102
f 2104 2123 2103
f 2105 2124 2104
f 2106 2125 2105
f 2107 2126 2106
f 2108 2127 2107
f 2109 2128 2108
f 2110 2129 2109
f 2112 2131 2111
f 2113 2132 2112
f 2114 2133 2113
f 2115 2134 2114
f 2116 2135 2115
f 2117 2136 2116
f 2119 2138 2118
f 2120 2139 2119
f 2121 2140 2120
f 2122 2141 2121
f 2123 2142 2122
f 2124 2143 2123
f 2125 2144 2124
f 2126 2145 2125
f 2127 2146 2126
f 2128 2147 2127
f 2129 2148 2128
f 2130 2149 2129
f 1076 50 1
f 1 1077 1076
f 2 1078 1077
f 3 1079 1078
f 4 1080 1079
f 5 1081 1080
f 6 1082 1081
f 7 1083 1082
f 8 1084 1083
f 9 1085 1084
f 10 1086 1085
f 11 1087 1086
f 12 1088 1087
f 13 1089 1088
f 14 1090 1089
f 15 1091 1090
f 16 1092 1091
f 17 1093 1092
f 18 1094 1093
f 19 1095 1094
f 20 1096 1095
f 21 1097 1096
f 22 1098 1097
f 23 1099 1098
f 24 1100 1099
f 25 1101 1100
f 26 1102 1101
f 27 1103 1102
f 28 1104 1103
f 29 1105 1104
f 30 1106 1105
f 31 1107 1106
f 32 1108 1107
f 33 1109 1108
f 34 1110 1109
f 35 1111 1110
f 36 1112 1111
f 37 1113 1112
f 38 1114 1113
f 39 1115 1114
f 40 1116 1115
f 41 1117 1116
f 42 1118 1117
f 43 1119 1118
f 44 1120 1119
f 45 1121 1120
f 46 1122 1121
f 47 1123 1122
f 49 1173 1124
f 48 1124 1123
f 1125 99 50
f 98 1222 1173
f 1174 148 99
f 147 1271 1222
f 1223 197 148
f 196 1320 1271
f 1272 246 197
f 245 1369 1320
f 1321 295 246
f 294 1418 1369
f 1370 344 295
f 343 1467 1418
f 1419 393 344
f 392 1516 1467
f 1468 442 393
f 441 1565 1516
f 1517 491 442
f 1580 506 505
f 1581 507 506
f 1582 508 507
f 1583 509 508
f 1584 510 509
f 1585 511 510
f 1586 512 511
f 1587 513 512
f 1588 514 513
f 1589 515 514
f 1590 516 515
f 1591 517 516
f 1592 518 517
f 1593 519 518
f 1594 520 519
f 1595 521 520
f 1596 522 521
f 1597 523 522
f 1598 524 523
f 1599 525 524
f 1600 526 525
f 1601 527 526
f 490 1614 1565
f 1566 540 491
f 505 1629 1580
f 1602 555 527
f 539 1642 1614
f 1615 568 540
f 554 1657 1629
f 1630 583 555
f 567 1670 1642
f 1643 596 568
f 582 1685 1657
f 1658 611 583
f 595 1698 1670
f 1671 624 596
f 610 1713 1685
f 1686 639 611
f 623 1726 1698
f 1699 652 624
f 638 1741 1713
f 1714 667 639
f 651 1754 1726
f 1727 680 652
f 666 1769 1741
f 1742 695 667
f 679 1782 1754
f 1755 708 680
f 694 1797 1769
f 1770 723 695
f 707 1810 1782
f 1783 736 708
f 722 1825 1797
f 1798 751 723
f 735 1838 1810
f 1811 764 736
f 750 1853 1825
f 1826 779 751
f 763 1866 1838
f 1839 792 764
f 778 1881 1853
f 1854 807 779
f 791 1894 1866
f 1867 820 792
f 806 1909 1881
f 1882 835 807
f 819 1922 1894
f 1895 848 820
f 834 1937 1909
f 1910 863 835
f 847 1950 1922
f 1923 876 848
f 862 1965 1937
f 1938 891 863
f 875 1978 1950
f 1951 904 876
f 890 1993 1965
f 1966 919 891
f 903 2006 1978
f 1979 932 904
f 918 2021 1993
f 1994 947 919
f 931 2034 2006
f 2007 960 932
f 946 2049 2021
f 2022 975 947
f 959 2062 2034
f 2035 988 960
f 2063 989 988
f 2064 990 989
f 2065 991 990
f 2066 992 991
f 2067 993 992
f 2068 994 993
f 2069 995 994
f 2070 996 995
f 974 2077 2049
f 2050 1003 975
f 987 2090 2062
f 2071 1016 996
f 1002 2097 2077
f 2078 1023 1003
f 1015 2110 2090
f 2091 1036 1016
f 1022 2117 2097
f 2098 1043 1023
f 1035 2130 2110
f 2111 1056 1036
f 2131 1057 1056
f 2132 1058 1057
f 2133 1059 1058
f 2134 1060 1059
f 2135 1061 1060
f 2136 1062 1061
f 1042 2137 2117
f 2118 1063 1043
f 2138 1064 1063
f 2139 1065 1064
f 2140 1066 1065
f 2141 1067 1066
f 2142 1068 1067
f 2143 1069 1068
f 2144 1070 1069
f 2145 1071 1070
f 2146 1072 1071
f 2147 1073 1072
f 2148 1074 1073
f 2149 1075 1074
f 1055 2150 2130
f 2151 2171 2172
f 2152 2172 2173
f 2153 2173 2174
f 2154 2174 2175
f 2155 2175 2176
f 2156 2176 2177
f 2158 2178 2179
f 2159 2179 2180
f 2160 2180 2181
f 2161 2181 2182
f 2162 2182 2183
f 2163 2183 2184
f 2164 2184 2185
f 2165 2185 2186
f 2166 2186 2187
f 2167 2187 2188
f 2168 2188 2189
f 2169 2189 2190
f 2171 2191 2192
f 2172 2192 2193
f 2173 2193 2194
f 2174 2194 2195
f 2175 2195 2196
f 2176 2196 2197
f 2178 2198 2199
f 2179 2199 2200
f 2180 2200 2201
f 2181 2201 2202
f 2182 2202 2203
f 2183 2203 2204
f 2184 2204 2205
f 2185 2205 2206
f 2186 2206 2207
f 2187 2207 2208
f 2188 2208 2209
f 2189 2209 2210
f 2191 2211 2212
f 2192 2212 2213
f 2193 2213 2214
f 2194 2214 2215
f 2195 2215 2216
f 2196 2216 2217
f 2198 2218 2219
f 2199 2219 2220
f 2200 2220 2221
f 2201 2221 2222
f 2202 2222 2223
f 2203 2223 2224
f 2204 2224 2225
f 2205 2225 2226
f 2206 2226 2227
f 2207 2227 2228
f 2208 2228 2229
f 2209 2229 2230
f 2211 2231 2232
f 2212 2232 2233
f 2213 2233 2234
f 2214 2234 2235
f 2215 2235 2236
f 2216 2236 2237
f 2218 2238 2239
f 2219 2239 2240
f 2220 2240 2241
f 2221 2241 2242
f 2222 2242 2243
f 2223 2243 2244
f 2224 2244 2245
f 2225 2245 2246
f 2226 2246 2247
f 2227 2247 2248
f 2228 2248 2249
f 2229 2249 2250
f 2231 2251 2252
f 2232 2252 2253
f 2233 2253 2254
f 2234 2254 2255
f 2235 2255 2256
f 2236 2256 2257
f 2238 2258 2259
f 2239 2259 2260
f 2240 2260 2261
f 2241 2261 2262
f 2242 2262 2263
f 2243 2263 2264
f 2244 2264 2265
f 2245 2265 2266
f 2246 2266 2267
f 2247 2267 2268
f 2248 2268 2269
f 2249 2269 2270
f 2251 2271 2272
f 2252 2272 2273
f 2253 2273 2274
f 2254 2274 2275
f 2255 2275 2276
f 2256 2276 2277
f 2258 2278 2279
f 2259 2279 2280
f 2260 2280 2281
f 2261 2281 2282
f 2262 2282 2283
f 2263 2283 2284
f 2264 2284 2285
f 2265 2285 2286
f 2266 2286 2287
f 2267 2287 2288
f 2268 2288 2289
f 2269 2289 2290
f 2271 2291 2292
f 2272 2292 2293
f 2273 2293 2294
f 2274 2294 2295
f 2275 2295 2296
f 2276 2296 2297
f 2278 2298 2299
f 2279 2299 2300
f 2280 2300 2301
f 2281 2301 2302
f 2282 2302 2303
f 2283 2303 2304
f 2284 2304 2305
f 2285 2305 2306
f 2286 2306 2307
f 2287 2307 2308
f 2288 2308 2309
f 2289 2309 2310
f 2291 2311 2312
f 2292 2312 2313
f 2293 2313 2314
f 2294 2314 2315
f 2295 2315 2316
f 2296 2316 2317
f 2298 2318 2319
f 2299 2319 2320
f 2300 2320 2321
f 2301 2321 2322
f 2302 2322 2323
f 2303 2323 2324
f 2304 2324 2325
f 2305 2325 2326
f 2306 2326 2327
f 2307 2327 2328
f 2308 2328 2329
f 2309 2329 2330
f 2311 2331 2332
f 2312 2332 2333
f 2313 2333 2334
f 2314 2334 2335
f 2315 2335 2336
f 2316 2336 2337
f 2318 2338 2339
f 2319 2339 2340
f 2320 2340 2341
f 2321 2341 2342
f 2322 2342 2343
f 2323 2343 2344
f 2324 2344 2345
f 2325 2345 2346
f 2326 2346 2347
f 2327 2347 2348
f 2328 2348 2349
f 2329 2349 2350
f 2331 2351 2352
f 2332 2352 2353
f 2333 2353 2354
f 2334 2354 2355
f 2335 2355 2356
f 2336 2356 2357
f 2338 2358 2359
f 2339 2359 2360
f 2340 2360 2361
f 2341 2361 2362
f 2342 2362 2363
f 2343 2363 2364
f 2351 2365 2366
f 2352 2366 2367
f 2353 2367 2368
f 2354 2368 2369
f 2355 2369 2370
f 2356 2370 2371
f 2358 2372 2373
f 2359 2373 2374
f 2360 2374 2375
f 2361 2375 2376
f 2362 2376 2377
f 2363 2377 2378
f 2365 2379 2380
f 2366 2380 2381
f 2367 2381 2382
f 2368 2382 2383
f 2369 2383 2384
f 2370 2384 2385
f 2372 2386 2387
f 2373 2387 2388
f 2374 2388 2389
f 2375 2389 2390
f 2376 2390 2391
f 2377 2391 2392
f 2379 2393 2394
f 2380 2394 2395
f 2381 2395 2396
f 2382 2396 2397
f 2383 2397 2398
f 2384 2398 2399
f 2386 2400 2401
f 2387 2401 2402
f 2388 2402 2403
f 2389 2403 2404
f 2390 2404 2405
f 2391 2405 2406
f 2393 2407 2408
f 2394 2408 2409
f 2395 2409 2410
f 2396 2410 2411
f 2397 2411 2412
f 2398 2412 2413
f 2400 2414 2415
f 2401 2415 2416
f 2402 2416 2417
f 2403 2417 2418
f 2404 2418 2419
f 2405 2419 2420
f 2407 2429 2430
f 2408 2430 2431
f 2409 2431 2432
f 2410 2432 2433
f 2411 2433 2434
f 2412 2434 2435
f 2414 2436 2437
f 2415 2437 2438
f 2416 2438 2439
f 2417 2439 2440
f 2418 2440 2441
f 2419 2441 2442
f 2421 2443 2444
f 2422 2444 2445
f 2423 2445 2446
f 2424 2446 2447
f 2425 2447 2448
f 2426 2448 2449
f 2427 2449 2450
f 2428 2450 2451
f 2429 2451 2452
f 2430 2452 2453
f 2431 2453 2454
f 2432 2454 2455
f 2433 2455 2456
f 2434 2456 2457
f 2436 2458 2459
f 2437 2459 2460
f 2438 2460 2461
f 2439 2461 2462
f 2440 2462 2463
f 2441 2463 2464
f 2443 2465 2466
f 2444 2466 2467
f 2445 2467 2468
f 2446 2468 2469
f 2447 2469 2470
f 2448 2470 2471
f 2449 2471 2472
f 2450 2472 2473
f 2451 2473 2474
f 2452 2474 2475
f 2453 2475 2476
f 2454 2476 2477
f 2455 2477 2478
f 2456 2478 2479
f 2458 2480 2481
f 2459 2481 2482
f 2460 2482 2483
f 2461 2483 2484
f 2462 2484 2485
f 2463 2485 2486
f 2465 2487 2488
f 2466 2488 2489
f 2467 2489 2490
f 2468 2490 2491
f 2469 2491 2492
f 2470 2492 2493
f 2471 2493 2494
f 2472 2494 2495
f 2473 2495 2496
f 2474 2496 2497
f 2475 2497 2498
f 2476 2498 2499
f 2477 2499 2500
f 2478 2500 2501
f 2480 2523 2524
f 2481 2524 2525
f 2482 2525 2526
f 2483 2526 2527
f 2484 2527 2528
f 2485 2528 2529
f 2487 2530 2531
f 2488 2531 2532
f 2489 2532 2533
f 2490 2533 2534
f 2491 2534 2535
f 2492 2535 2536
f 2493 2536 2537
f 2494 2537 2538
f 2495 2538 2539
f 2496 2539 2540
f 2497 2540 2541
f 2498 2541 2542
f 2499 2542 2543
f 2500 2543 2544
f 2501 2544 2545
f 2502 2545 2546
f 2503 2546 2547
f 2504 2547 2548
f 2505 2548 2549
f 2506 2549 2550
f 2507 2550 2551
f 2508 2551 2552
f 2509 2552 2553
f 2510 2553 2554
f 2511 2554 2555
f 2512 2555 2556
f 2513 2556 2557
f 2514 2557 2558
f 2515 2558 2559
f 2516 2559 2560
f 2517 2560 2561
f 2518 2561 2562
f 2519 2562 2563
f 2520 2563 2564
f 2521 2564 2565
f 2522 2565 2566
f 2523 2566 2567
f 2524 2567 2568
f 2525 2568 2569
f 2526 2569 2570
f 2527 2570 2571
f 2528 2571 2572
f 2530 2579 2580
f 2531 2580 2581
f 2532 2581 2582
f 2533 2582 2583
f 2534 2583 2584
f 2535 2584 2585
f 2536 2585 2586
f 2537 2586 2587
f 2538 2587 2588
f 2539 2588 2589
f 2540 2589 2590
f 2541 2590 2591
f 2542 2591 2592
f 2543 2592 2593
f 2544 2593 2594
f 2545 2594 2595
f 2546 2595 2596
f 2547 2596 2597
f 2548 2597 2598
f 2549 2598 2599
f 2550 2599 2600
f 2551 2600 2601
f 2552 2601 2602
f 2553 2602 2603
f 2554 2603 2604
f 2555 2604 2605
f 2556 2605 2606
f 2557 2606 2607
f 2558 2607 2608
f 2559 2608 2609
f 2560 2609 2610
f 2561 2610 2611
f 2562 2611 2612
f 2563 2612 2613
f 2564 2613 2614
f 2565 2614 2615
f 2566 2615 2616
f 2567 2616 2617
f 2568 2617 2618
f 2569 2618 2619
f 2570 2619 2620
f 2571 2620 2621
f 2572 2621 2622
f 2573 2622 2623
f 2574 2623 2624
f 2575 2624 2625
f 2576 2625 2626
f 2577 2626 2627
f 2579 2628 2629
f 2580 2629 2630
f 2581 2630 2631
f 2582 2631 2632
f 2583 2632 2633
f 2584 2633 2634
f 2585 2634 2635
f 2586 2635 2636
f 2587 2636 2637
f 2588 2637 2638
f 2589 2638 2639
f 2590 2639 2640
f 2591 2640 2641
f 2592 2641 2642
f 2593 2642 2643
f 2594 2643 2644
f 2595 2644 2645
f 2596 2645 2646
f 2597 2646 2647
f 2598 2647 2648
f 2599 2648 2649
f 2600 2649 2650
f 2601 2650 2651
f 2602 2651 2652
f 2603 2652 2653
f 2604 2653 2654
f 2605 2654 2655
f 2606 2655 2656
f 2607 2656 2657
f 2608 2657 2658
f 2609 2658 2659
f 2610 2659 2660
f 2611 2660 2661
f 2612 2661 2662
f 2613 2662 2663
f 2614 2663 2664
f 2615 2664 2665
f 2616 2665 2666
f 2617 2666 2667
f 2618 2667 2668
f 2619 2668 2669
f 2620 2669 2670
f 2621 2670 2671
f 2622 2671 2672
f 2623 2672 2673
f 2624 2673 2674
f 2625 2674 2675
f 2626 2675 2676
f 2628 2677 2678
f 2629 2678 2679
f 2630 2679 2680
f 2631 2680 2681
f 2632 2681 2682
f 2633 2682 2683
f 2634 2683 2684
f 2635 2684 2685
f 2636 2685 2686
f 2637 2686 2687
f 2638 2687 2688
f 2639 2688 2689
f 2640 2689 2690
f 2641 2690 2691
f 2642 2691 2692
f 2643 2692 2693
f 2644 2693 2694
f 2645 2694 2695
f 2646 2695 2696
f 2647 2696 2697
f 2648 2697 2698
f 2649 2698 2699
f 2650 2699 2700
f 2651 2700 2701
f 2652 2701 2702
f 2653 2702 2703
f 2654 2703 2704
f 2655 2704 2705
f 2656 2705 2706
f 2657 2706 2707
f 2658 2707 2708
f 2659 2708 2709
f 2660 2709 2710
f 2661 2710 2711
f 2662 2711 2712
f 2663 2712 2713
f 2664 2713 2714
f 2665 2714 2715
f 2666 2715 2716
f 2667 2716 2717
f 2668 2717 2718
f 2669 2718 2719
f 2670 2719 2720
f 2671 2720 2721
f 2672 2721 2722
f 2673 2722 2723
f 2674 2723 2724
f 2675 2724 2725
f 2677 2726 2727
f 2678 2727 2728
f 2679 2728 2729
f 2680 2729 2730
f 2681 2730 2731
f 2682 2731 2732
f 2683 2732 2733
f 2684 2733 2734
f 2685 2734 2735
f 2686 2735 2736
f 2687 2736 2737
f 2688 2737 2738
f 2689 2738 2739
f 2690 2739 2740
f 2691 2740 2741
f 2692 2741 2742
f 2693 2742 2743
f 2694 2743 2744
f 2695 2744 2745
f 2696 2745 2746
f 2697 2746 2747
f 2698 2747 2748
f 2699 2748 2749
f 2700 2749 2750
f 2701 2750 2751
f 2702 2751 2752
f 2703 2752 2753
f 2704 2753 2754
f 2705 2754 2755
f 2706 2755 2756
f 2707 2756 2757
f 2708 2757 2758
f 2709 2758 2759
f 2710 2759 2760
f 2711 2760 2761
f 2712 2761 2762
f 2713 2762 2763
f 2714 2763 2764
f 2715 2764 2765
f 2716 2765 2766
f 2717 2766 2767
f 2718 2767 2768
f 2719 2768 2769
f 2720 2769 2770
f 2721 2770 2771
f 2722 2771 2772
f 2723 2772 2773
f 2724 2773 2774
f 2726 2775 2776
f 2727 2776 2777
f 2728 2777 2778
f 2729 2778 2779
f 2730 2779 2780
f 2731 2780 2781
f 2732 2781 2782
f 2733 2782 2783
f 2734 2783 2784
f 2735 2784 2785
f 2736 2785 2786
f 2737 2786 2787
f 2738 2787 2788
f 2739 2788 2789
f 2740 2789 2790
f 2741 2790 2791
f 2742 2791 2792
f 2743 2792 2793
f 2744 2793 2794
f 2745 2794 2795
f 2746 2795 2796
f 2747 2796 2797
f 2748 2797 2798
f 2749 2798 2799
f 2750 2799 2800
f 2751 2800 2801
f 2752 2801 2802
f 2753 2802 2803
f 2754 2803 2804
f 2755 2804 2805
f 2756 2805 2806
f 2757 2806 2807
f 2758 2807 2808
f 2759 2808 2809
f 2760 2809 2810
f 2761 2810 2811
f 2762 2811 2812
f 2763 2812 2813
f 2764 2813 2814
f 2765 2814 2815
f 2766 2815 2816
f 2767 2816 2817
f 2768 2817 2818
f 2769 2818 2819
f 2770 2819 2820
f 2771 2820 2821
f 2772 2821 2822
f 2773 2822 2823
f 2775 2824 2825
f 2776 2825 2826
f 2777 2826 2827
f 2778 2827 2828
f 2779 2828 2829
f 2780 2829 2830
f 2781 2830 2831
f 2782 2831 2832
f 2783 2832 2833
f 2784 2833 2834
f 2785 2834 2835
f 2786 2835 2836
f 2787 2836 2837
f 2788 2837 2838
f 2789 2838 2839
f 2790 2839 2840
f 2791 2840 2841
f 2792 2841 2842
f 2793 2842 2843
f 2794 2843 2844
f 2795 2844 2845
f 2796 2845 2846
f 2797 2846 2847
f 2798 2847 2848
f 2799 2848 2849
f 2800 2849 2850
f 2801 2850 2851
f 2802 2851 2852
f 2803 2852 2853
f 2804 2853 2854
f 2805 2854 2855
f 2806 2855 2856
f 2807 2856 2857
f 2808 2857 2858
f 2809 2858 2859
f 2810 2859 2860
f 2811 2860 2861
f 2812 2861 2862
f 2813 2862 2863
f 2814 2863 2864
f 2815 2864 2865
f 2816 2865 2866
f 2817 2866 2867
f 2818 2867 2868
f 2819 2868 2869
f 2820 2869 2870
f 2821 2870 2871
f 2822 2871 2872
f 2824 2873 2874
f 2825 2874 2875
f 2826 2875 2876
f 2827 2876 2877
f 2828 2877 2878
f 2829 2878 2879
f 2830 2879 2880
f 2831 2880 2881
f 2832 2881 2882
f 2833 2882 2883
f 2834 2883 2884
f 2835 2884 2885
f 2836 2885 2886
f 2837 2886 2887
f 2838 2887 2888
f 2839 2888 2889
f 2840 2889 2890
f 2841 2890 2891
f 2842 2891 2892
f 2843 2892 2893
f 2844 2893 2894
f 2845 2894 2895
f 2846 2895 2896
f 2847 2896 2897
f 2848 2897 2898
f 2849 2898 2899
f 2850 2899 2900
f 2851 2900 2901
f 2852 2901 2902
f 2853 2902 2903
f 2854 2903 2904
f 2855 2904 2905
f 2856 2905 2906
f 2857 2906 2907
f 2858 2907 2908
f 2859 2908 2909
f 2860 2909 2910
f 2861 2910 2911
f 2862 2911 2912
f 2863 2912 2913
f 2864 2913 2914
f 2865 2914 2915
f 2866 2915 2916
f 2867 2916 2917
f 2868 2917 2918
f 2869 2918 2919
f 2870 2919 2920
f 2871 2920 2921
f 2873 2922 2923
f 2874 2923 2924
f 2875 2924 2925
f 2876 2925 2926
f 2877 2926 2927
f 2878 2927 2928
f 2879 2928 2929
f 2880 2929 2930
f 2881 2930 2931
f 2882 2931 2932
f 2883 2932 2933
f 2884 2933 2934
f 2885 2934 2935
f 2886 2935 2936
f 2887 2936 2937
f 2888 2937 2938
f 2889 2938 2939
f 2890 2939 2940
f 2891 2940 2941
f 2892 2941 2942
f 2893 2942 2943
f 2894 2943 2944
f 2895 2944 2945
f 2896 2945 2946
f 2897 2946 2947
f 2898 2947 2948
f 2899 2948 2949
f 2900 2949 2950
f 2901 2950 2951
f 2902 2951 2952
f 2903 2952 2953
f 2904 2953 2954
f 2905 2954 2955
f 2906 2955 2956
f 2907 2956 2957
f 2908 2957 2958
f 2909 2958 2959
f 2910 2959 2960
f 2911 2960 2961
f 2912 2961 2962
f 2913 2962 2963
f 2914 2963 2964
f 2915 2964 2965
f 2916 2965 2966
f 2917 2966 2967
f 2918 2967 2968
f 2919 2968 2969
f 2920 2969 2970
f 2922 2971 2972
f 2923 2972 2973
f 2924 2973 2974
f 2925 2974 2975
f 2926 2975 2976
f 2927 2976 2977
f 2928 2977 2978
f 2929 2978 2979
f 2930 2979 2980
f 2931 2980 2981
f 2932 2981 2982
f 2933 2982 2983
f 2934 2983 2984
f 2935 2984 2985
f 2936 2985 2986
f 2937 2986 2987
f 2938 2987 2988
f 2939 2988 2989
f 2940 2989 2990
f 2941 2990 2991
f 2942 2991 2992
f 2943 2992 2993
f 2944 2993 2994
f 2945 2994 2995
f 2946 2995 2996
f 2947 2996 2997
f 2948 2997 2998
f 2949 2998 2999
f 2950 2999 3000
f 2951 3000 3001
f 2952 3001 3002
f 2953 3002 3003
f 2954 3003 3004
f 2955 3004 3005
f 2956 3005 3006
f 2957 3006 3007
f 2958 3007 3008
f 2959 3008 3009
f 2960 3009 3010
f 2961 3010 3011
f 2962 3011 3012
f 2963 3012 3013
f 2964 3013 3014
f 2965 3014 3015
f 2966 3015 3016
f 2967 3016 3017
f 2968 3017 3018
f 2969 3018 3019
f 2971 3020 3021
f 2972 3021 3022
f 2973 3022 3023
f 2974 3023 3024
f 2975 3024 3025
f 2976 3025 3026
f 2977 3026 3027
f 2978 3027 3028
f 2979 3028 3029
f 2980 3029 3030
f 2981 3030 3031
f 2982 3031 3032
f 2983 3032 3033
f 2984 3033 3034
f 2985 3034 3035
f 2986 3035 3036
f 2987 3036 3037
f 2988 3037 3038
f 2989 3038 3039
f 2990 3039 3040
f 2991 3040 3041
f 2992 3041 3042
f 2993 3042 3043
f 2994 3043 3044
f 2995 3044 3045
f 2996 3045 3046
f 2997 3046 3047
f 2998 3047 3048
f 2999 3048 3049
f 3000 3049 3050
f 3001 3050 3051
f 3002 3051 3052
f 3003 3052 3053
f 3004 3053 3054
f 3005 3054 3055
f 3006 3055 3056
f 3007 3056 3057
f 3008 3057 3058
f 3009 3058 3059
f 3010 3059 3060
f 3011 3060 3061
f 3012 3061 3062
f 3013 3062 3063
f 3014 3063 3064
f 3015 3064 3065
f 3016 3065 3066
f 3017 3066 3067
f 3018 3067 3068
f 3020 3069 3070
f 3021 3070 3071
f 3022 3071 3072
f 3023 3072 3073
f 3024 3073 3074
f 3025 3074 3075
f 3026 3075 3076
f 3027 3076 3077
f 3028 3077 3078
f 3029 3078 3079
f 3030 3079 3080
f 3031 3080 3081
f 3032 3081 3082
f 3033 3082 3083
f 3034 3083 3084
f 3035 3084 3085
f 3036 3085 3086
f 3037 3086 3087
f 3038 3087 3088
f 3039 3088 3089
f 3040 3089 3090
f 3041 3090 3091
f 3042 3091 3092
f 3043 3092 3093
f 3044 3093 3094
f 3045 3094 3095
f 3046 3095 3096
f 3047 3096 3097
f 3048 3097 3098
f 3049 3098 3099
f 3050 3099 3100
f 3051 3100 3101
f 3052 3101 3102
f 3053 3102 3103
f 3054 3103 3104
f 3055 3104 3105
f 3056 3105 3106
f 3057 3106 3107
f 3058 3107 3108
f 3059 3108 3109
f 3060 3109 3110
f 3061 3110 3111
f 3062 3111 3112
f 3063 3112 3113
f 3064 3113 3114
f 3065 3114 3115
f 3066 3115 3116
f 3067 3116 3117
f 3069 3118 3119
f 3070 3119 3120
f 3071 3120 3121
f 3072 3121 3122
f 3073 3122 3123
f 3074 3123 3124
f 3075 3124 3125
f 3076 3125 3126
f 3077 3126 3127
f 3078 3127 3128
f 3079 3128 3129
f 3080 3129 3130
f 3081 3130 3131
f 3082 3131 3132
f 3083 3132 3133
f 3084 3133 3134
f 3085 3134 3135
f 3086 3135 3136
f 3087 3136 3137
f 3088 3137 3138
f 3089 3138 3139
f 3090 3139 3140
f 3091 3140 3141
f 3092 3141 3142
f 3093 3142 3143
f 3094 3143 3144
f 3095 3144 3145
f 3096 3145 3146
f 3097 3146 3147
f 3098 3147 3148
f 3099 3148 3149
f 3100 3149 3150
f 3101 3150 3151
f 3102 3151 3152
f 3103 3152 3153
f 3104 3153 3154
f 3105 3154 3155
f 3106 3155 3156
f 3107 3156 3157
f 3108 3157 3158
f 3109 3158 3159
f 3110 3159 3160
f 3111 3160 3161
f 3112 3161 3162
f 3113 3162 3163
f 3114 3163 3164
f 3115 3164 3165
f 3116 3165 3166
f 3118 3167 3168
f 3119 3168 3169
f 3120 3169 3170
f 3121 3170 3171
f 3122 3171 3172
f 3123 3172 3173
f 3124 3173 3174
f 3125 3174 3175
f 3126 3175 3176
f 3127 3176 3177
f 3128 3177 3178
f 3129 3178 3179
f 3130 3179 3180
f 3131 3180 3181
f 3132 3181 3182
f 3133 3182 3183
f 3134 3183 3184
f 3135 3184 3185
f 3136 3185 3186
f 3137 3186 3187
f 3138 3187 3188
f 3139 3188 3189
f 3140 3189 3190
f 3141 3190 3191
f 3142 3191 3192
f 3143 3192 3193
f 3144 3193 3194
f 3145 3194 3195
f 3146 3195 3196
f 3147 3196 3197
f 3148 3197 3198
f 3149 3198 3199
f 3150 3199 3200
f 3151 3200 3201
f 3152 3201 3202
f 3153 3202 3203
f 3154 3203 3204
f 3155 3204 3205
f 3156 3205 3206
f 3157 3206 3207
f 3158 3207 3208
f 3159 3208 3209
f 3160 3209 3210
f 3161 3210 3211
f 3162 3211 3212
f 3163 3212 3213
f 3164 3213 3214
f 3165 3214 3215
f 3167 3216 3217
f 3168 3217 3218
f 3169 3218 3219
f 3170 3219 3220
f 3171 3220 3221
f 3172 3221 3222
f 3173 3222 3223
f 3174 3223 3224
f 3175 3224 3225
f 3176 3225 3226
f 3177 3226 3227
f 3178 3227 3228
f 3179 3228 3229
f 3180 3229 3230
f 3181 3230 3231
f 3182 3231 3232
f 3183 3232 3233
f 3184 3233 3234
f 3185 3234 3235
f 3186 3235 3236
f 3187 3236 3237
f 3188 3237 3238
f 3189 3238 3239
f 3190 3239 3240
f 3191 3240 3241
f 3192 3241 3242
f 3193 3242 3243
f 3194 3243 3244
f 3195 3244 3245
f 3196 3245 3246
f 3197 3246 3247
f 3198 3247 3248
f 3199 3248 3249
f 3200 3249 3250
f 3201 3250 3251
f 3202 3251 3252
f 3203 3252 3253
f 3204 3253 3254
f 3205 3254 3255
f 3206 3255 3256
f 3207 3256 3257
f 3208 3257 3258
f 3209 3258 3259
f 3210 3259 3260
f 3211 3260 3261
f 3212 3261 3262
f 3213 3262 3263
f 3214 3263 3264
f 3216 3265 3266
f 3217 3266 3267
f 3218 3267 3268
f 3219 3268 3269
f 3220 3269 3270
f 3221 3270 3271
f 3222 3271 3272
f 3223 3272 3273
f 3224 3273 3274
f 3225 3274 3275
f 3226 3275 3276
f 3227 3276 3277
f 3228 3277 3278
f 3229 3278 3279
f 3230 3279 3280
f 3231 3280 3281
f 3232 3281 3282
f 3233 3282 3283
f 3234 3283 3284
f 3235 3284 3285
f 3236 3285 3286
f 3237 3286 3287
f 3238 3287 3288
f 3239 3288 3289
f 3240 3289 3290
f 3241 3290 3291
f 3242 3291 3292
f 3243 3292 3293
f 3244 3293 3294
f 3245 3294 3295
f 3246 3295 3296
f 3247 3296 3297
f 3248 3297 3298
f 3249 3298 3299
f 3250 3299 3300
f 3251 3300 3301
f 3252 3301 3302
f 3253 3302 3303
f 3254 3303 3304
f 3255 3304 3305
f 3256 3305 3306
f 3257 3306 3307
f 3258 3307 3308
f 3259 3308 3309
f 3260 3309 3310
f 3261 3310 3311
f 3262 3311 3312
f 3263 3312 3313
f 3315 3335 3334
f 3316 3336 3335
f 3317 3337 3336
f 3318 3338 3337
f 3319 3339 3338
f 3320 3340 3339
f 3322 3342 3341
f 3323 3343 3342
f 3324 3344 3343
f 3325 3345 3344
f 3326 3346 3345
f 3327 3347 3346
f 3328 3348 3347
f 3329 3349 3348
f 3330 3350 3349
f 3331 3351 3350
f 3332 3352 3351
f 3333 3353 3352
f 3335 3355 3354
f 3336 3356 3355
f 3337 3357 3356
f 3338 3358 3357
f 3339 3359 3358
f 3340 3360 3359
f 3342 3362 3361
f 3343 3363 3362
f 3344 3364 3363
f 3345 3365 3364
f 3346 3366 3365
f 3347 3367 3366
f 3348 3368 3367
f 3349 3369 3368
f 3350 3370 3369
f 3351 3371 3370
f 3352 3372 3371
f 3353 3373 3372
f 3355 3375 3374
f 3356 3376 3375
f 3357 3377 3376
f 3358 3378 3377
f 3359 3379 3378
f 3360 3380 3379
f 3362 3382 3381
f 3363 3383 3382
f 3364 3384 3383
f 3365 3385 3384
f 3366 3386 3385
f 3367 3387 3386
f 3368 3388 3387
f 3369 3389 3388
f 3370 3390 3389
f 3371 3391 3390
f 3372 3392 3391
f 3373 3393 3392
f 3375 3395 3394
f 3376 3396 3395
f 3377 3397 3396
f 3378 3398 3397
f 3379 3399 3398
f 3380 3400 3399
f 3382 3402 3401
f 3383 3403 3402
f 3384 3404 3403
f 3385 3405 3404
f 3386 3406 3405
f 3387 3407 3406
f 3388 3408 3407
f 3389 3409 3408
f 3390 3410 3409
f 3391 3411 3410
f 3392 3412 3411
f 3393 3413 3412
f 3395 3415 3414
f 3396 3416 3415
f 3397 3417 3416
f 3398 3418 3417
f 3399 3419 3418
f 3400 3420 3419
f 3402 3422 3421
f 3403 3423 3422
f 3404 3424 3423
f 3405 3425 3424
f 3406 3426 3425
f 3407 3427 3426
f 3408 3428 3427
f 3409 3429 3428
f 3410 3430 3429
f 3411 3431 3430
f 3412 3432 3431
f 3413 3433 3432
f 3415 3435 3434
f 3416 3436 3435
f 3417 3437 3436
f 3418 3438 3437
f 3419 3439 3438
f 3420 3440 3439
f 3422 3442 3441
f 3423 3443 3442
f 3424 3444 3443
f 3425 3445 3444
f 3426 3446 3445
f 3427 3447 3446
f 3428 3448 3447
f 3429 3449 3448
f 3430 3450 3449
f 3431 3451 3450
f 3432 3452 3451
f 3433 3453 3452
f 3435 3455 3454
f 3436 3456 3455
f 3437 3457 3456
f 3438 3458 3457
f 3439 3459 3458
f 3440 3460 3459
f 3442 3462 3461
f 3443 3463 3462
f 3444 3464 3463
f 3445 3465 3464
f 3446 3466 3465
f 3447 3467 3466
f 3448 3468 3467
f 3449 3469 3468
f 3450 3470 3469
f 3451 3471 3470
f 3452 3472 3471
f 3453 3473 3472
f 3455 3475 3474
f 3456 3476 3475
f 3457 3477 3476
f 3458 3478 3477
f 3459 3479 3478
f 3460 3480 3479
f 3462 3482 3481
f 3463 3483 3482
f 3464 3484 3483
f 3465 3485 3484
f 3466 3486 3485
f 3467 3487 3486
f 3468 3488 3487
f 3469 3489 3488
f 3470 3490 3489
f 3471 3491 3490
f 3472 3492 3491
f 3473 3493 3492
f 3475 3495 3494
f 3476 3496 3495
f 3477 3497 3496
f 3478 3498 3497
f 3479 3499 3498
f 3480 3500 3499
f 3482 3502 3501
f 3483 3503 3502
f 3484 3504 3503
f 3485 3505 3504
f 3486 3506 3505
f 3487 3507 3506
f 3488 3508 3507
f 3489 3509 3508
f 3490 3510 3509
f 3491 3511 3510
f 3492 3512 3511
f 3493 3513 3512
f 3495 3515 3514
f 3496 3516 3515
f 3497 3517 3516
f 3498 3518 3517
f 3499 3519 3518
f 3500 3520 3519
f 3502 3522 3521
f 3503 3523 3522
f 3504 3524 3523
f 3505 3525 3524
f 3506 3526 3525
f 3507 3527 3526
f 3515 3529 3528
f 3516 3530 3529
f 3517 3531 3530
f 3518 3532 3531
f 3519 3533 3532
f 3520 3534 3533
f 3522 3536 3535
f 3523 3537 3536
f 3524 3538 3537
f 3525 3539 3538
f 3526 3540 3539
f 3527 3541 3540
f 3529 3543 3542
f 3530 3544 3543
f 3531 3545 3544
f 3532 3546 3545
f 3533 3547 3546
f 3534 3548 3547
f 3536 3550 3549
f 3537 3551 3550
f 3538 3552 3551
f 3539 3553 3552
f 3540 3554 3553
f 3541 3555 3554
f 3543 3557 3556
f 3544 3558 3557
f 3545 3559 3558
f 3546 3560 3559
f 3547 3561 3560
f 3548 3562 3561
f 3550 3564 3563
f 3551 3565 3564
f 3552 3566 3565
f 3553 3567 3566
f 3554 3568 3567
f 3555 3569 3568
f 3557 3571 3570
f 3558 3572 3571
f 3559 3573 3572
f 3560 3574 3573
f 3561 3575 3574
f 3562 3576 3575
f 3564 3578 3577
f 3565 3579 3578
f 3566 3580 3579
f 3567 3581 3580
f 3568 3582 3581
f 3569 3583 3582
f 3571 3593 3592
f 3572 3594 3593
f 3573 3595 3594
f 3574 3596 3595
f 3575 3597 3596
f 3576 3598 3597
f 3578 3600 3599
f 3579 3601 3600
f 3580 3602 3601
f 3581 3603 3602
f 3582 3604 3603
f 3583 3605 3604
f 3585 3607 3606
f 3586 3608 3607
f 3587 3609 3608
f 3588 3610 3609
f 3589 3611 3610
f 3590 3612 3611
f 3591 3613 3612
f 3592 3614 3613
f 3593 3615 3614
f 3594 3616 3615
f 3595 3617 3616
f 3596 3618 3617
f 3597 3619 3618
f 3598 3620 3619
f 3600 3622 3621
f 3601 3623 3622
f 3602 3624 3623
f 3603 3625 3624
f 3604 3626 3625
f 3605 3627 3626
f 3607 3629 3628
f 3608 3630 3629
f 3609 3631 3630
f 3610 3632 3631
f 3611 3633 3632
f 3612 3634 3633
f 3613 3635 3634
f 3614 3636 3635
f 3615 3637 3636
f 3616 3638 3637
f 3617 3639 3638
f 3618 3640 3639
f 3619 3641 3640
f 3620 3642 3641
f 3622 3644 3643
f 3623 3645 3644
f 3624 3646 3645
f 3625 3647 3646
f 3626 3648 3647
f 3627 3649 3648
f 3629 3651 3650
f 3630 3652 3651
f 3631 3653 3652
f 3632 3654 3653
f 3633 3655 3654
f 3634 3656 3655
f 3635 3657 3656
f 3636 3658 3657
f 3637 3659 3658
f 3638 3660 3659
f 3639 3661 3660
f 3640 3662 3661
f 3641 3663 3662
f 3642 3664 3663
f 3644 3687 3686
f 3645 3688 3687
f 3646 3689 3688
f 3647 3690 3689
f 3648 3691 3690
f 3649 3692 3691
f 3651 3694 3693
f 3652 3695 3694
f 3653 3696 3695
f 3654 3697 3696
f 3655 3698 3697
f 3656 3699 3698
f 3657 3700 3699
f 3658 3701 3700
f 3659 3702 3701
f 3660 3703 3702
f 3661 3704 3703
f 3662 3705 3704
f 3663 3706 3705
f 3664 3707 3706
f 3665 3708 3707
f 3666 3709 3708
f 3667 3710 3709
f 3668 3711 3710
f 3669 3712 3711
f 3670 3713 3712
f 3671 3714 3713
f 3672 3715 3714
f 3673 3716 3715
f 3674 3717 3716
f 3675 3718 3717
f 3676 3719 3718
f 3677 3720 3719
f 3678 3721 3720
f 3679 3722 3721
f 3680 3723 3722
f 3681 3724 3723
f 3682 3725 3724
f 3683 3726 3725
f 3684 3727 3726
f 3685 3728 3727
f 3686 3729 3728
f 3687 3730 3729
f 3688 3731 3730
f 3689 3732 3731
f 3690 3733 3732
f 3691 3734 3733
f 3692 3735 3734
f 3694 3743 3742
f 3695 3744 3743
f 3696 3745 3744
f 3697 3746 3745
f 3698 3747 3746
f 3699 3748 3747
f 3700 3749 3748
f 3701 3750 3749
f 3702 3751 3750
f 3703 3752 3751
f 3704 3753 3752
f 3705 3754 3753
f 3706 3755 3754
f 3707 3756 3755
f 3708 3757 3756
f 3709 3758 3757
f 3710 3759 3758
f 3711 3760 3759
f 3712 3761 3760
f 3713 3762 3761
f 3714 3763 3762
f 3715 3764 3763
f 3716 3765 3764
f 3717 3766 3765
f 3718 3767 3766
f 3719 3768 3767
f 3720 3769 3768
f 3721 3770 3769
f 3722 3771 3770
f 3723 3772 3771
f 3724 3773 3772
f 3725 3774 3773
f 3726 3775 3774
f 3727 3776 3775
f 3728 3777 3776
f 3729 3778 3777
f 3730 3779 3778
f 3731 3780 3779
f 3732 3781 3780
f 3733 3782 3781
f 3734 3783 3782
f 3735 3784 3783
f 3736 3785 3784
f 3737 3786 3785
f 3738 3787 3786
f 3739 3788 3787
f 3740 3789 3788
f 3741 3790 3789
f 3743 3792 3791
f 3744 3793 3792
f 3745 3794 3793
f 3746 3795 3794
f 3747 3796 3795
f 3748 3797 3796
f 3749 3798 3797
f 3750 3799 3798
f 3751 3800 3799
f 3752 3801 3800
f 3753 3802 3801
f 3754 3803 3802
f 3755 3804 3803
f 3756 3805 3804
f 3757 3806 3805
f 3758 3807 3806
f 3759 3808 3807
f 3760 3809 3808
f 3761 3810 3809
f 3762 3811 3810
f 3763 3812 3811
f 3764 3813 3812
f 3765 3814 3813
f 3766 3815 3814
f 3767 3816 3815
f 3768 3817 3816
f 3769 3818 3817
f 3770 3819 3818
f 3771 3820 3819
f 3772 3821 3820
f 3773 3822 3821
f 3774 3823 3822
f 3775 3824 3823
f 3776 3825 3824
f 3777 3826 3825
f 3778 3827 3826
f 3779 3828 3827
f 3780 3829 3828
f 3781 3830 3829
f 3782 3831 3830
f 3783 3832 3831
f 3784 3833 3832
f 3785 3834 3833
f 3786 3835 3834
f 3787 3836 3835
f 3788 3837 3836
f 3789 3838 3837
f 3790 3839 3838
f 3792 3841 3840
f 3793 3842 3841
f 3794 3843 3842
f 3795 3844 3843
f 3796 3845 3844
f 3797 3846 3845
f 3798 3847 3846
f 3799 3848 3847
f 3800 3849 3848
f 3801 3850 3849
f 3802 3851 3850
f 3803 3852 3851
f 3804 3853 3852
f 3805 3854 3853
f 3806 3855 3854
f 3807 3856 3855
f 3808 3857 3856
f 3809 3858 3857
f 3810 3859 3858
f 3811 3860 3859
f 3812 3861 3860
f 3813 3862 3861
f 3814 3863 3862
f 3815 3864 3863
f 3816 3865 3864
f 3817 3866 3865
f 3818 3867 3866
f 3819 3868 3867
f 3820 3869 3868
f 3821 3870 3869
f 3822 3871 3870
f 3823 3872 3871
f 3824 3873 3872
f 3825 3874 3873
f 3826 3875 3874
f 3827 3876 3875
f 3828 3877 3876
f 3829 3878 3877
f 3830 3879 3878
f 3831 3880 3879
f 3832 3881 3880
f 3833 3882 3881
f 3834 3883 3882
f 3835 3884 3883
f 3836 3885 3884
f 3837 3886 3885
f 3838 3887 3886
f 3839 3888 3887
f 3841 3890 3889
f 3842 3891 3890
f 3843 3892 3891
f 3844 3893 3892
f 3845 3894 3893
f 3846 3895 3894
f 3847 3896 3895
f 3848 3897 3896
f 3849 3898 3897
f 3850 3899 3898
f 3851 3900 3899
f 3852 3901 3900
f 3853 3902 3901
f 3854 3903 3902
f 3855 3904 3903
f 3856 3905 3904
f 3857 3906 3905
f 3858 3907 3906
f 3859 3908 3907
f 3860 3909 3908
f 3861 3910 3909
f 3862 3911 3910
f 3863 3912 3911
f 3864 3913 3912
f 3865 3914 3913
f 3866 3915 3914
f 3867 3916 3915
f 3868 3917 3916
f 3869 3918 3917
f 3870 3919 3918
f 3871 3920 3919
f 3872 3921 3920
f 3873 3922 3921
f 3874 3923 3922
f 3875 3924 3923
f 3876 3925 3924
f 3877 3926 3925
f 3878 3927 3926
f 3879 3928 3927
f 3880 3929 3928
f 3881 3930 3929
f 3882 3931 3930
f 3883 3932 3931
f 3884 3933 3932
f 3885 3934 3933
f 3886 3935 3934
f 3887 3936 3935
f 3888 3937 3936
f 3890 3939 3938
f 3891 3940 3939
f 3892 3941 3940
f 3893 3942 3941
f 3894 3943 3942
f 3895 3944 3943
f 3896 3945 3944
f 3897 3946 3945
f 3898 3947 3946
f 3899 3948 3947
f 3900 3949 3948
f 3901 3950 3949
f 3902 3951 3950
f 3903 3952 3951
f 3904 3953 3952
f 3905 3954 3953
f 3906 3955 3954
f 3907 3956 3955
f 3908 3957 3956
f 3909 3958 3957
f 3910 3959 3958
f 3911 3960 3959
f 3912 3961 3960
f 3913 3962 3961
f 3914 3963 3962
f 3915 3964 3963
f 3916 3965 3964
f 3917 3966 3965
f 3918 3967 3966
f 3919 3968 3967
f 3920 3969 3968
f 3921 3970 3969
f 3922 3971 3970
f 3923 3972 3971
f 3924 3973 3972
f 3925 3974 3973
f 3926 3975 3974
f 3927 3976 3975
f 3928 3977 3976
f 3929 3978 3977
f 3930 3979 3978
f 3931 3980 3979
f 3932 3981 3980
f 3933 3982 3981
f 3934 3983 3982
f 3935 3984 3983
f 3936 3985 3984
f 3937 3986 3985
f 3939 3988 3987
f 3940 3989 3988
f 3941 3990 3989
f 3942 3991 3990
f 3943 3992 3991
f 3944 3993 3992
f 3945 3994 3993
f 3946 3995 3994
f 3947 3996 3995
f 3948 3997 3996
f 3949 3998 3997
f 3950 3999 3998
f 3951 4000 3999
f 3952 4001 4000
f 3953 4002 4001
f 3954 4003 4002
f 3955 4004 4003
f 3956 4005 4004
f 3957 4006 4005
f 3958 4007 4006
f 3959 4008 4007
f 3960 4009 4008
f 3961 4010 4009
f 3962 4011 4010
f 3963 4012 4011
f 3964 4013 4012
f 3965 4014 4013
f 3966 4015 4014
f 3967 4016 4015
f 3968 4017 4016
f 3969 4018 4017
f 3970 4019 4018
f 3971 4020 4019
f 3972 4021 4020
f 3973 4022 4021
f 3974 4023 4022
f 3975 4024 4023
f 3976 4025 4024
f 3977 4026 4025
f 3978 4027 4026
f 3979 4028 4027
f 3980 4029 4028
f 3981 4030 4029
f 3982 4031 4030
f 3983 4032 4031
f 3984 4033 4032
f 3985 4034 4033
f 3986 4035 4034
f 3988 4037 4036
f 3989 4038 4037
f 3990 4039 4038
f 3991 4040 4039
f 3992 4041 4040
f 3993 4042 4041
f 3994 4043 4042
f 3995 4044 4043
f 3996 4045 4044
f 3997 4046 4045
f 3998 4047 4046
f 3999 4048 4047
f 4000 4049 4048
f 4001 4050 4049
f 4002 4051 4050
f 4003 4052 4051
f 4004 4053 4052
f 4005 4054 4053
f 4006 4055 4054
f 4007 4056 4055
f 4008 4057 4056
f 4009 4058 4057
f 4010 4059 4058
f 4011 4060 4059
f 4012 4061 4060
f 4013 4062 4061
f 4014 4063 4062
f 4015 4064 4063
f 4016 4065 4064
f 4017 4066 4065
f 4018 4067 4066
f 4019 4068 4067
f 4020 4069 4068
f 4021 4070 4069
f 4022 4071 4070
f 4023 4072 4071
f 4024 4073 4072
f 4025 4074 4073
f 4026 4075 4074
f 4027 4076 4075
f 4028 4077 4076
f 4029 4078 4077
f 4030 4079 4078
f 4031 4080 4079
f 4032 4081 4080
f 4033 4082 4081
f 4034 4083 4082
f 4035 4084 4083
f 4037 4086 4085
f 4038 4087 4086
f 4039 4088 4087
f 4040 4089 4088
f 4041 4090 4089
f 4042 4091 4090
f 4043 4092 4091
f 4044 4093 4092
f 4045 4094 4093
f 4046 4095 4094
f 4047 4096 4095
f 4048 4097 4096
f 4049 4098 4097
f 4050 4099 4098
f 4051 4100 4099
f 4052 4101 4100
f 4053 4102 4101
f 4054 4103 4102
f 4055 4104 4103
f 4056 4105 4104
f 4057 4106 4105
f 4058 4107 4106
f 4059 4108 4107
f 4060 4109 4108
f 4061 4110 4109
f 4062 4111 4110
f 4063 4112 4111
f 4064 4113 4112
f 4065 4114 4113
f 4066 4115 4114
f 4067 4116 4115
f 4068 4117 4116
f 4069 4118 4117
f 4070 4119 4118
f 4071 4120 4119
f 4072 4121 4120
f 4073 4122 4121
f 4074 4123 4122
f 4075 4124 4123
f 4076 4125 4124
f 4077 4126 4125
f 4078 4127 4126
f 4079 4128 4127
f 4080 4129 4128
f 4081 4130 4129
f 4082 4131 4130
f 4083 4132 4131
f 4084 4133 4132
f 4086 4135 4134
f 4087 4136 4135
f 4088 4137 4136
f 4089 4138 4137
f 4090 4139 4138
f 4091 4140 4139
f 4092 4141 4140
f 4093 4142 4141
f 4094 4143 4142
f 4095 4144 4143
f 4096 4145 4144
f 4097 4146 4145
f 4098 4147 4146
f 4099 4148 4147
f 4100 4149 4148
f 4101 4150 4149
f 4102 4151 4150
f 4103 4152 4151
f 4104 4153 4152
f 4105 4154 4153
f 4106 4155 4154
f 4107 4156 4155
f 4108 4157 4156
f 4109 4158 4157
f 4110 4159 4158
f 4111 4160 4159
f 4112 4161 4160
f 4113 4162 4161
f 4114 4163 4162
f 4115 4164 4163
f 4116 4165 4164
f 4117 4166 4165
f 4118 4167 4166
f 4119 4168 4167
f 4120 4169 4168
f 4121 4170 4169
f 4122 4171 4170
f 4123 4172 4171
f 4124 4173 4172
f 4125 4174 4173
f 4126 4175 4174
f 4127 4176 4175
f 4128 4177 4176
f 4129 4178 4177
f 4130 4179 4178
f 4131 4180 4179
f 4132 4181 4180
f 4133 4182 4181
f 4135 4184 4183
f 4136 4185 4184
f 4137 4186 4185
f 4138 4187 4186
f 4139 4188 4187
f 4140 4189 4188
f 4141 4190 4189
f 4142 4191 4190
f 4143 4192 4191
f 4144 4193 4192
f 4145 4194 4193
f 4146 4195 4194
f 4147 4196 4195
f 4148 4197 4196
f 4149 4198 4197
f 4150 4199 4198
f 4151 4200 4199
f 4152 4201 4200
f 4153 4202 4201
f 4154 4203 4202
f 4155 4204 4203
f 4156 4205 4204
f 4157 4206 4205
f 4158 4207 4206
f 4159 4208 4207
f 4160 4209 4208
f 4161 4210 4209
f 4162 4211 4210
f 4163 4212 4211
f 4164 4213 4212
f 4165 4214 4213
f 4166 4215 4214
f 4167 4216 4215
f 4168 4217 4216
f 4169 4218 4217
f 4170 4219 4218
f 4171 4220 4219
f 4172 4221 4220
f 4173 4222 4221
f 4174 4223 4222
f 4175 4224 4223
f 4176 4225 4224
f 4177 4226 4225
f 4178 4227 4226
f 4179 4228 4227
f 4180 4229 4228
f 4181 4230 4229
f 4182 4231 4230
f 4184 4233 4232
f 4185 4234 4233
f 4186 4235 4234
f 4187 4236 4235
f 4188 4237 4236
f 4189 4238 4237
f 4190 4239 4238
f 4191 4240 4239
f 4192 4241 4240
f 4193 4242 4241
f 4194 4243 4242
f 4195 4244 4243
f 4196 4245 4244
f 4197 4246 4245
f 4198 4247 4246
f 4199 4248 4247
f 4200 4249 4248
f 4201 4250 4249
f 4202 4251 4250
f 4203 4252 4251
f 4204 4253 4252
f 4205 4254 4253
f 4206 4255 4254
f 4207 4256 4255
f 4208 4257 4256
f 4209 4258 4257
f 4210 4259 4258
f 4211 4260 4259
f 4212 4261 4260
f 4213 4262 4261
f 4214 4263 4262
f 4215 4264 4263
f 4216 4265 4264
f 4217 4266 4265
f 4218 4267 4266
f 4219 4268 4267
f 4220 4269 4268
f 4221 4270 4269
f 4222 4271 4270
f 4223 4272 4271
f 4224 4273 4272
f 4225 4274 4273
f 4226 4275 4274
f 4227 4276 4275
f 4228 4277 4276
f 4229 4278 4277
f 4230 4279 4278
f 4231 4280 4279
f 4233 4282 4281
f 4234 4283 4282
f 4235 4284 4283
f 4236 4285 4284
f 4237 4286 4285
f 4238 4287 4286
f 4239 4288 4287
f 4240 4289 4288
f 4241 4290 4289
f 4242 4291 4290
f 4243 4292 4291
f 4244 4293 4292
f 4245 4294 4293
f 4246 4295 4294
f 4247 4296 4295
f 4248 4297 4296
f 4249 4298 4297
f 4250 4299 4298
f 4251 4300 4299
f 4252 4301 4300
f 4253 4302 4301
f 4254 4303 4302
f 4255 4304 4303
f 4256 4305 4304
f 4257 4306 4305
f 4258 4307 4306
f 4259 4308 4307
f 4260 4309 4308
f 4261 4310 4309
f 4262 4311 4310
f 4263 4312 4311
f 4264 4313 4312
f 4265 4314 4313
f 4266 4315 4314
f 4267 4316 4315
f 4268 4317 4316
f 4269 4318 4317
f 4270 4319 4318
f 4271 4320 4319
f 4272 4321 4320
f 4273 4322 4321
f 4274 4323 4322
f 4275 4324 4323
f 4276 4325 4324
f 4277 4326 4325
f 4278 4327 4326
f 4279 4328 4327
f 4280 4329 4328
f 4282 4331 4330
f 4283 4332 4331
f 4284 4333 4332
f 4285 4334 4333
f 4286 4335 4334
f 4287 4336 4335
f 4288 4337 4336
f 4289 4338 4337
f 4290 4339 4338
f 4291 4340 4339
f 4292 4341 4340
f 4293 4342 4341
f 4294 4343 4342
f 4295 4344 4343
f 4296 4345 4344
f 4297 4346 4345
f 4298 4347 4346
f 4299 4348 4347
f 4300 4349 4348
f 4301 4350 4349
f 4302 4351 4350
f 4303 4352 4351
f 4304 4353 4352
f 4305 4354 4353
f 4306 4355 4354
f 4307 4356 4355
f 4308 4357 4356
f 4309 4358 4357
f 4310 4359 4358
f 4311 4360 4359
f 4312 4361 4360
f 4313 4362 4361
f 4314 4363 4362
f 4315 4364 4363
f 4316 4365 4364
f 4317 4366 4365
f 4318 4367 4366
f 4319 4368 4367
f 4320 4369 4368
f 4321 4370 4369
f 4322 4371 4370
f 4323 4372 4371
f 4324 4373 4372
f 4325 4374 4373
f 4326 4375 4374
f 4327 4376 4375
f 4328 4377 4376
f 4329 4378 4377
f 4331 4380 4379
f 4332 4381 4380
f 4333 4382 4381
f 4334 4383 4382
f 4335 4384 4383
f 4336 4385 4384
f 4337 4386 4385
f 4338 4387 4386
f 4339 4388 4387
f 4340 4389 4388
f 4341 4390 4389
f 4342 4391 4390
f 4343 4392 4391
f 4344 4393 4392
f 4345 4394 4393
f 4346 4395 4394
f 4347 4396 4395
f 4348 4397 4396
f 4349 4398 4397
f 4350 4399 4398
f 4351 4400 4399
f 4352 4401 4400
f 4353 4402 4401
f 4354 4403 4402
f 4355 4404 4403
f 4356 4405 4404
f 4357 4406 4405
f 4358 4407 4406
f 4359 4408 4407
f 4360 4409 4408
f 4361 4410 4409
f 4362 4411 4410
f 4363 4412 4411
f 4364 4413 4412
f 4365 4414 4413
f 4366 4415 4414
f 4367 4416 4415
f 4368 4417 4416
f 4369 4418 4417
f 4370 4419 4418
f 4371 4420 4419
f 4372 4421 4420
f 4373 4422 4421
f 4374 4423 4422
f 4375 4424 4423
f 4376 4425 4424
f 4377 4426 4425
f 4378 4427 4426
f 4380 4429 4428
f 4381 4430 4429
f 4382 4431 4430
f 4383 4432 4431
f 4384 4433 4432
f 4385 4434 4433
f 4386 4435 4434
f 4387 4436 4435
f 4388 4437 4436
f 4389 4438 4437
f 4390 4439 4438
f 4391 4440 4439
f 4392 4441 4440
f 4393 4442 4441
f 4394 4443 4442
f 4395 4444 4443
f 4396 4445 4444
f 4397 4446 4445
f 4398 4447 4446
f 4399 4448 4447
f 4400 4449 4448
f 4401 4450 4449
f 4402 4451 4450
f 4403 4452 4451
f 4404 4453 4452
f 4405 4454 4453
f 4406 4455 4454
f 4407 4456 4455
f 4408 4457 4456
f 4409 4458 4457
f 4410 4459 4458
f 4411 4460 4459
f 4412 4461 4460
f 4413 4462 4461
f 4414 4463 4462
f 4415 4464 4463
f 4416 4465 4464
f 4417 4466 4465
f 4418 4467 4466
f 4419 4468 4467
f 4420 4469 4468
f 4421 4470 4469
f 4422 4471 4470
f 4423 4472 4471
f 4424 4473 4472
f 4425 4474 4473
f 4426 4475 4474
f 4427 4476 4475
f 3314 3334 2171
f 2151 2152 3315
f 2152 2153 3316
f 2153 2154 3317
f 2154 2155 3318
f 2155 2156 3319
f 2157 2177 3340
f 2156 2157 3320
f 3321 3341 2178
f 2158 2159 3322
f 2159 2160 3323
f 2160 2161 3324
f 2161 2162 3325
f 2162 2163 3326
f 2163 2164 3327
f 2164 2165 3328
f 2165 2166 3329
f 2166 2167 3330
f 2167 2168 3331
f 2168 2169 3332
f 2170 2190 3353
f 2169 2170 3333
f 3334 3354 2191
f 2177 2197 3360
f 3341 3361 2198
f 2190 2210 3373
f 3354 3374 2211
f 2197 2217 3380
f 3361 3381 2218
f 2210 2230 3393
f 3374 3394 2231
f 2217 2237 3400
f 3381 3401 2238
f 2230 2250 3413
f 3394 3414 2251
f 2237 2257 3420
f 3401 3421 2258
f 2250 2270 3433
f 3414 3434 2271
f 2257 2277 3440
f 3421 3441 2278
f 2270 2290 3453
f 3434 3454 2291
f 2277 2297 3460
f 3441 3461 2298
f 2290 2310 3473
f 3454 3474 2311
f 2297 2317 3480
f 3461 3481 2318
f 2310 2330 3493
f 3474 3494 2331
f 2317 2337 3500
f 3481 3501 2338
f 3507 3508 2345
f 3508 3509 2346
f 3509 3510 2347
f 3510 3511 2348
f 3511 3512 2349
f 3512 3513 2350
f 2330 2350 3513
f 3494 3514 2351
f 2337 2357 3520
f 3501 3521 2358
f 2344 2364 3527
f 3514 3528 2365
f 2357 2371 3534
f 3521 3535 2372
f 2364 2378 3541
f 3528 3542 2379
f 2371 2385 3548
f 3535 3549 2386
f 2378 2392 3555
f 3542 3556 2393
f 2385 2399 3562
f 3549 3563 2400
f 2392 2406 3569
f 3556 3570 2407
f 2399 2413 3576
f 3563 3577 2414
f 2406 2420 3583
f 3570 3592 2429
f 2413 2435 3598
f 3577 3599 2436
f 2420 2442 3605
f 3584 3606 2443
f 2421 2422 3585
f 2422 2423 3586
f 2423 2424 3587
f 2424 2425 3588
f 2425 2426 3589
f 2426 2427 3590
f 2427 2428 3591
f 2428 2429 3592
f 2435 2457 3620
f 3599 3621 2458
f 2442 2464 3627
f 3606 3628 2465
f 2457 2479 3642
f 3621 3643 2480
f 2464 2486 3649
f 3628 3650 2487
f 2479 2501 3664
f 3643 3686 2523
f 2486 2529 3692
f 3650 3693 2530
f 2501 2502 3665
f 2502 2503 3666
f 2503 2504 3667
f 2504 2505 3668
f 2505 2506 3669
f 2506 2507 3670
f 2507 2508 3671
f 2508 2509 3672
f 2509 2510 3673
f 2510 2511 3674
f 2511 2512 3675
f 2512 2513 3676
f 2513 2514 3677
f 2514 2515 3678
f 2515 2516 3679
f 2516 2517 3680
f 2517 2518 3681
f 2518 2519 3682
f 2519 2520 3683
f 2520 2521 3684
f 2521 2522 3685
f 2522 2523 3686
f 2529 2572 3735
f 3693 3742 2579
f 2572 2573 3736
f 2573 2574 3737
f 2574 2575 3738
f 2575 2576 3739
f 2576 2577 3740
f 2578 2627 3790
f 2577 2578 3741
f 3742 3791 2628
f 2627 2676 3839
f 3791 3840 2677
f 2676 2725 3888
f 3840 3889 2726
f 2725 2774 3937
f 3889 3938 2775
f 2774 2823 3986
f 3938 3987 2824
f 2823 2872 4035
f 3987 4036 2873
f 2872 2921 4084
f 4036 4085 2922
f 2921 2970 4133
f 4085 4134 2971
f 2970 3019 4182
f 4134 4183 3020
f 3019 3068 4231
f 4183 4232 3069
f 3068 3117 4280
f 4232 4281 3118
f 3117 3166 4329
f 4281 4330 3167
f 3166 3215 4378
f 4330 4379 3216
f 3215 3264 4427
f 4379 4428 3265
f 4428 4429 3266
f 4429 4430 3267
f 4430 4431 3268
f 4431 4432 3269
f 4432 4433 3270
f 4433 4434 3271
f 4434 4435 3272
f 4435 4436 3273
f 4436 4437 3274
f 4437 4438 3275
f 4438 4439 3276
f 4439 4440 3277
f 4440 4441 3278
f 4441 4442 3279
f 4442 4443 3280
f 4443 4444 3281
f 4444 4445 3282
f 4445 4446 3283
f 4446 4447 3284
f 4447 4448 3285
f 4448 4449 3286
f 4449 4450 3287
f 4450 4451 3288
f 4451 4452 3289
f 4452 4453 3290
f 4453 4454 3291
f 4454 4455 3292
f 4455 4456 3293
f 4456 4457 3294
f 4457 4458 3295
f 4458 4459 3296
f 4459 4460 3297
f 4460 4461 3298
f 4461 4462 3299
f 4462 4463 3300
f 4463 4464 3301
f 4464 4465 3302
f 4465 4466 3303
f 4466 4467 3304
f 4467 4468 3305
f 4468 4469 3306
f 4469 4470 3307
f 4470 4471 3308
f 4471 4472 3309
f 4472 4473 3310
f 4473 4474 3311
f 4474 4475 3312
f 4475 4476 3313
f 3264 3313 4476
f 2151 2172 2152
f 2152 2173 2153
f 2153 2174 2154
f 2154 2175 2155
f 2155 2176 2156
f 2156 2177 2157
f 2158 2179 2159
f 2159 2180 2160
f 2160 2181 2161
f 2161 2182 2162
f 2162 2183 2163
f 2163 2184 2164
f 2164 2185 2165
f 2165 2186 2166
f 2166 2187 2167
f 2167 2188 2168
f 2168 2189 2169
f 2169 2190 2170
f 2171 2192 2172
f 2172 2193 2173
f 2173 2194 2174
f 2174 2195 2175
f 2175 2196 2176
f 2176 2197 2177
f 2178 2199 2179
f 2179 2200 2180
f 2180 2201 2181
f 2181 2202 2182
f 2182 2203 2183
f 2183 2204 2184
f 2184 2205 2185
f 2185 2206 2186
f 2186 2207 2187
f 2187 2208 2188
f 2188 2209 2189
f 2189 2210 2190
f 2191 2212 2192
f 2192 2213 2193
f 2193 2214 2194
f 2194 2215 2195
f 2195 2216 2196
f 2196 2217 2197
f 2198 2219 2199
f 2199 2220 2200
f 2200 2221 2201
f 2201 2222 2202
f 2202 2223 2203
f 2203 2224 2204
f 2204 2225 2205
f 2205 2226 2206
f 2206 2227 2207
f 2207 2228 2208
f 2208 2229 2209
f 2209 2230 2210
f 2211 2232 2212
f 2212 2233 2213
f 2213 2234 2214
f 2214 2235 2215
f 2215 2236 2216
f 2216 2237 2217
f 2218 2239 2219
f 2219 2240 2220
f 2220 2241 2221
f 2221 2242 2222
f 2222 2243 2223
f 2223 2244 2224
f 2224 2245 2225
f 2225 2246 2226
f 2226 2247 2227
f 2227 2248 2228
f 2228 2249 2229
f 2229 2250 2230
f 2231 2252 2232
f 2232 2253 2233
f 2233 2254 2234
f 2234 2255 2235
f 2235 2256 2236
f 2236 2257 2237
f 2238 2259 2239
f 2239 2260 2240
f 2240 2261 2241
f 2241 2262 2242
f 2242 2263 2243
f 2243 2264 2244
f 2244 2265 2245
f 2245 2266 2246
f 2246 2267 2247
f 2247 2268 2248
f 2248 2269 2249
f 2249 2270 2250
f 2251 2272 2252
f 2252 2273 2253
f 2253 2274 2254
f 2254 2275 2255
f 2255 2276 2256
f 2256 2277 2257
f 2258 2279 2259
f 2259 2280 2260
f 2260 2281 2261
f 2261 2282 2262
f 2262 2283 2263
f 2263 2284 2264
f 2264 2285 2265
f 2265 2286 2266
f 2266 2287 2267
f 2267 2288 2268
f 2268 2289 2269
f 2269 2290 2270
f 2271 2292 2272
f 2272 2293 2273
f 2273 2294 2274
f 2274 2295 2275
f 2275 2296 2276
f 2276 2297 2277
f 2278 2299 2279
f 2279 2300 2280
f 2280 2301 2281
f 2281 2302 2282
f 2282 2303 2283
f 2283 2304 2284
f 2284 2305 2285
f 2285 2306 2286
f 2286 2307 2287
f 2287 2308 2288
f 2288 2309 2289
f 2289 2310 2290
f 2291 2312 2292
f 2292 2313 2293
f 2293 2314 2294
f 2294 2315 2295
f 2295 2316 2296
f 2296 2317 2297
f 2298 2319 2299
f 2299 2320 2300
f 2300 2321 2301
f 2301 2322 2302
f 2302 2323 2303
f 2303 2324 2304
f 2304 2325 2305
f 2305 2326 2306
f 2306 2327 2307
f 2307 2328 2308
f 2308 2329 2309
f 2309 2330 2310
f 2311 2332 2312
f 2312 2333 2313
f 2313 2334 2314
f 2314 2335 2315
f 2315 2336 2316
f 2316 2337 2317
f 2318 2339 2319
f 2319 2340 2320
f 2320 2341 2321
f 2321 2342 2322
f 2322 2343 2323
f 2323 2344 2324
f 2324 2345 2325
f 2325 2346 2326
f 2326 2347 2327
f 2327 2348 2328
f 2328 2349 2329
f 2329 2350 2330
f 2331 2352 2332
f 2332 2353 2333
f 2333 2354 2334
f 2334 2355 2335
f 2335 2356 2336
f 2336 2357 2337
f 2338 2359 2339
f 2339 2360 2340
f 2340 2361 2341
f 2341 2362 2342
f 2342 2363 2343
f 2343 2364 2344
f 2351 2366 2352
f 2352 2367 2353
f 2353 2368 2354
f 2354 2369 2355
f 2355 2370 2356
f 2356 2371 2357
f 2358 2373 2359
f 2359 2374 2360
f 2360 2375 2361
f 2361 2376 2362
f 2362 2377 2363
f 2363 2378 2364
f 2365 2380 2366
f 2366 2381 2367
f 2367 2382 2368
f 2368 2383 2369
f 2369 2384 2370
f 2370 2385 2371
f 2372 2387 2373
f 2373 2388 2374
f 2374 2389 2375
f 2375 2390 2376
f 2376 2391 2377
f 2377 2392 2378
f 2379 2394 2380
f 2380 2395 2381
f 2381 2396 2382
f 2382 2397 2383
f 2383 2398 2384
f 2384 2399 2385
f 2386 2401 2387
f 2387 2402 2388
f 2388 2403 2389
f 2389 2404 2390
f 2390 2405 2391
f 2391 2406 2392
f 2393 2408 2394
f 2394 2409 2395
f 2395 2410 2396
f 2396 2411 2397
f 2397 2412 2398
f 2398 2413 2399
f 2400 2415 2401
f 2401 2416 2402
f 2402 2417 2403
f 2403 2418 2404
f 2404 2419 2405
f 2405 2420 2406
f 2407 2430 2408
f 2408 2431 2409
f 2409 2432 2410
f 2410 2433 2411
f 2411 2434 2412
f 2412 2435 2413
f 2414 2437 2415
f 2415 2438 2416
f 2416 2439 2417
f 2417 2440 2418
f 2418 2441 2419
f 2419 2442 2420
f 2421 2444 2422
f 2422 2445 2423
f 2423 2446 2424
f 2424 2447 2425
f 2425 2448 2426
f 2426 2449 2427
f 2427 2450 2428
f 2428 2451 2429
f 2429 2452 2430
f 2430 2453 2431
f 2431 2454 2432
f 2432 2455 2433
f 2433 2456 2434
f 2434 2457 2435
f 2436 2459 2437
f 2437 2460 2438
f 2438 2461 2439
f 2439 2462 2440
f 2440 2463 2441
f 2441 2464 2442
f 2443 2466 2444
f 2444 2467 2445
f 2445 2468 2446
f 2446 2469 2447
f 2447 2470 2448
f 2448 2471 2449
f 2449 2472 2450
f 2450 2473 2451
f 2451 2474 2452
f 2452 2475 2453
f 2453 2476 2454
f 2454 2477 2455
f 2455 2478 2456
f 2456 2479 2457
f 2458 2481 2459
f 2459 2482 2460
f 2460 2483 2461
f 2461 2484 2462
f 2462 2485 2463
f 2463 2486 2464
f 2465 2488 2466
f 2466 2489 2467
f 2467 2490 2468
f 2468 2491 2469
f 2469 2492 2470
f 2470 2493 2471
f 2471 2494 2472
f 2472 2495 2473
f 2473 2496 2474
f 2474 2497 2475
f 2475 2498 2476
f 2476 2499 2477
f 2477 2500 2478
f 2478 2501 2479
f 2480 2524 2481
f 2481 2525 2482
f 2482 2526 2483
f 2483 2527 2484
f 2484 2528 2485
f 2485 2529 2486
f 2487 2531 2488
f 2488 2532 2489
f 2489 2533 2490
f 2490 2534 2491
f 2491 2535 2492
f 2492 2536 2493
f 2493 2537 2494
f 2494 2538 2495
f 2495 2539 2496
f 2496 2540 2497
f 2497 2541 2498
f 2498 2542 2499
f 2499 2543 2500
f 2500 2544 2501
f 2501 2545 2502
f 2502 2546 2503
f 2503 2547 2504
f 2504 2548 2505
f 2505 2549 2506
f 2506 2550 2507
f 2507 2551 2508
f 2508 2552 2509
f 2509 2553 2510
f 2510 2554 2511
f 2511 2555 2512
f 2512 2556 2513
f 2513 2557 2514
f 2514 2558 2515
f 2515 2559 2516
f 2516 2560 2517
f 2517 2561 2518
f 2518 2562 2519
f 2519 2563 2520
f 2520 2564 2521
f 2521 2565 2522
f 2522 2566 2523
f 2523 2567 2524
f 2524 2568 2525
f 2525 2569 2526
f 2526 2570 2527
f 2527 2571 2528
f 2528 2572 2529
f 2530 2580 2531
f 2531 2581 2532
f 2532 2582 2533
f 2533 2583 2534
f 2534 2584 2535
f 2535 2585 2536
f 2536 2586 2537
f 2537 2587 2538
f 2538 2588 2539
f 2539 2589 2540
f 2540 2590 2541
f 2541 2591 2542
f 2542 2592 2543
f 2543 2593 2544
f 2544 2594 2545
f 2545 2595 2546
f 2546 2596 2547
f 2547 2597 2548
f 2548 2598 2549
f 2549 2599 2550
f 2550 2600 2551
f 2551 2601 2552
f 2552 2602 2553
f 2553 2603 2554
f 2554 2604 2555
f 2555 2605 2556
f 2556 2606 2557
f 2557 2607 2558
f 2558 2608 2559
f 2559 2609 2560
f 2560 2610 2561
f 2561 2611 2562
f 2562 2612 2563
f 2563 2613 2564
f 2564 2614 2565
f 2565 2615 2566
f 2566 2616 2567
f 2567 2617 2568
f 2568 2618 2569
f 2569 2619 2570
f 2570 2620 2571
f 2571 2621 2572
f 2572 2622 2573
f 2573 2623 2574
f 2574 2624 2575
f 2575 2625 2576
f 2576 2626 2577
f 2577 2627 2578
f 2579 2629 2580
f 2580 2630 2581
f 2581 2631 2582
f 2582 2632 2583
f 2583 2633 2584
f 2584 2634 2585
f 2585 2635 2586
f 2586 2636 2587
f 2587 2637 2588
f 2588 2638 2589
f 2589 2639 2590
f 2590 2640 2591
f 2591 2641 2592
f 2592 2642 2593
f 2593 2643 2594
f 2594 2644 2595
f 2595 2645 2596
f 2596 2646 2597
f 2597 2647 2598
f 2598 2648 2599
f 2599 2649 2600
f 2600 2650 2601
f 2601 2651 2602
f 2602 2652 2603
f 2603 2653 2604
f 2604 2654 2605
f 2605 2655 2606
f 2606 2656 2607
f 2607 2657 2608
f 2608 2658 2609
f 2609 2659 2610
f 2610 2660 2611
f 2611 2661 2612
f 2612 2662 2613
f 2613 2663 2614
f 2614 2664 2615
f 2615 2665 2616
f 2616 2666 2617
f 2617 2667 2618
f 2618 2668 2619
f 2619 2669 2620
f 2620 2670 2621
f 2621 2671 2622
f 2622 2672 2623
f 2623 2673 2624
f 2624 2674 2625
f 2625 2675 2626
f 2626 2676 2627
f 2628 2678 2629
f 2629 2679 2630
f 2630 2680 2631
f 2631 2681 2632
f 2632 2682 2633
f 2633 2683 2634
f 2634 2684 2635
f 2635 2685 2636
f 2636 2686 2637
f 2637 2687 2638
f 2638 2688 2639
f 2639 2689 2640
f 2640 2690 2641
f 2641 2691 2642
f 2642 2692 2643
f 2643 2693 2644
f 2644 2694 2645
f 2645 2695 2646
f 2646 2696 2647
f 2647 2697 2648
f 2648 2698 2649
f 2649 2699 2650
f 2650 2700 2651
f 2651 2701 2652
f 2652 2702 2653
f 2653 2703 2654
f 2654 2704 2655
f 2655 2705 2656
f 2656 2706 2657
f 2657 2707 2658
f 2658 2708 2659
f 2659 2709 2660
f 2660 2710 2661
f 2661 2711 2662
f 2662 2712 2663
f 2663 2713 2664
f 2664 2714 2665
f 2665 2715 2666
f 2666 2716 2667
f 2667 2717 2668
f 2668 2718 2669
f 2669 2719 2670
f 2670 2720 2671
f 2671 2721 2672
f 2672 2722 2673
f 2673 2723 2674
f 2674 2724 2675
f 2675 2725 2676
f 2677 2727 2678
f 2678 2728 2679
f 2679 2729 2680
f 2680 2730 2681
f 2681 2731 2682
f 2682 2732 2683
f 2683 2733 2684
f 2684 2734 2685
f 2685 2735 2686
f 2686 2736 2687
f 2687 2737 2688
f 2688 2738 2689
f 2689 2739 2690
f 2690 2740 2691
f 2691 2741 2692
f 2692 2742 2693
f 2693 2743 2694
f 2694 2744 2695
f 2695 2745 2696
f 2696 2746 2697
f 2697 2747 2698
f 2698 2748 2699
f 2699 2749 2700
f 2700 2750 2701
f 2701 2751 2702
f 2702 2752 2703
f 2703 2753 2704
f 2704 2754 2705
f 2705 2755 2706
f 2706 2756 2707
f 2707 2757 2708
f 2708 2758 2709
f 2709 2759 2710
f 2710 2760 2711
f 2711 2761 2712
f 2712 2762 2713
f 2713 2763 2714
f 2714 2764 2715
f 2715 2765 2716
f 2716 2766 2717
f 2717 2767 2718
f 2718 2768 2719
f 2719 2769 2720
f 2720 2770 2721
f 2721 2771 2722
f 2722 2772 2723
f 2723 2773 2724
f 2724 2774 2725
f 2726 2776 2727
f 2727 2777 2728
f 2728 2778 2729
f 2729 2779 2730
f 2730 2780 2731
f 2731 2781 2732
f 2732 2782 2733
f 2733 2783 2734
f 2734 2784 2735
f 2735 2785 2736
f 2736 2786 2737
f 2737 2787 2738
f 2738 2788 2739
f 2739 2789 2740
f 2740 2790 2741
f 2741 2791 2742
f 2742 2792 2743
f 2743 2793 2744
f 2744 2794 2745
f 2745 2795 2746
f 2746 2796 2747
f 2747 2797 2748
f 2748 2798 2749
f 2749 2799 2750
f 2750 2800 2751
f 2751 2801 2752
f 2752 2802 2753
f 2753 2803 2754
f 2754 2804 2755
f 2755 2805 2756
f 2756 2806 2757
f 2757 2807 2758
f 2758 2808 2759
f 2759 2809 2760
f 2760 2810 2761
f 2761 2811 2762
f 2762 2812 2763
f 2763 2813 2764
f 2764 2814 2765
f 2765 2815 2766
f 2766 2816 2767
f 2767 2817 2768
f 2768 2818 2769
f 2769 2819 2770
f 2770 2820 2771
f 2771 2821 2772
f 2772 2822 2773
f 2773 2823 2774
f 2775 2825 2776
f 2776 2826 2777
f 2777 2827 2778
f 2778 2828 2779
f 2779 2829 2780
f 2780 2830 2781
f 2781 2831 2782
f 2782 2832 2783
f 2783 2833 2784
f 2784 2834 2785
f 2785 2835 2786
f 2786 2836 2787
f 2787 2837 2788
f 2788 2838 2789
f 2789 2839 2790
f 2790 2840 2791
f 2791 2841 2792
f 2792 2842 2793
f 2793 2843 2794
f 2794 2844 2795
f 2795 2845 2796
f 2796 2846 2797
f 2797 2847 2798
f 2798 2848 2799
f 2799 2849 2800
f 2800 2850 2801
f 2801 2851 2802
f 2802 2852 2803
f 2803 2853 2804
f 2804 2854 2805
f 2805 2855 2806
f 2806 2856 2807
f 2807 2857 2808
f 2808 2858 2809
f 2809 2859 2810
f 2810 2860 2811
f 2811 2861 2812
f 2812 2862 2813
f 2813 2863 2814
f 2814 2864 2815
f 2815 2865 2816
f 2816 2866 2817
f 2817 2867 2818
f 2818 2868 2819
f 2819 2869 2820
f 2820 2870 2821
f 2821 2871 2822
f 2822 2872 2823
f 2824 2874 2825
f 2825 2875 2826
f 2826 2876 2827
f 2827 2877 2828
f 2828 2878 2829
f 2829 2879 2830
f 2830 2880 2831
f 2831 2881 2832
f 2832 2882 2833
f 2833 2883 2834
f 2834 2884 2835
f 2835 2885 2836
f 2836 2886 2837
f 2837 2887 2838
f 2838 2888 2839
f 2839 2889 2840
f 2840 2890 2841
f 2841 2891 2842
f 2842 2892 2843
f 2843 2893 2844
f 2844 2894 2845
f 2845 2895 2846
f 2846 2896 2847
f 2847 2897 2848
f 2848 2898 2849
f 2849 2899 2850
f 2850 2900 2851
f 2851 2901 2852
f 2852 2902 2853
f 2853 2903 2854
f 2854 2904 2855
f 2855 2905 2856
f 2856 2906 2857
f 2857 2907 2858
f 2858 2908 2859
f 2859 2909 2860
f 2860 2910 2861
f 2861 2911 2862
f 2862 2912 2863
f 2863 2913 2864
f 2864 2914 2865
f 2865 2915 2866
f 2866 2916 2867
f 2867 2917 2868
f 2868 2918 2869
f 2869 2919 2870
f 2870 2920 2871
f 2871 2921 2872
f 2873 2923 2874
f 2874 2924 2875
f 2875 2925 2876
f 2876 2926 2877
f 2877 2927 2878
f 2878 2928 2879
f 2879 2929 2880
f 2880 2930 2881
f 2881 2931 2882
f 2882 2932 2883
f 2883 2933 2884
f 2884 2934 2885
f 2885 2935 2886
f 2886 2936 2887
f 2887 2937 2888
f 2888 2938 2889
f 2889 2939 2890
f 2890 2940 2891
f 2891 2941 2892
f 2892 2942 2893
f 2893 2943 2894
f 2894 2944 2895
f 2895 2945 2896
f 2896 2946 2897
f 2897 2947 2898
f 2898 2948 2899
f 2899 2949 2900
f 2900 2950 2901
f 2901 2951 2902
f 2902 2952 2903
f 2903 2953 2904
f 2904 2954 2905
f 2905 2955 2906
f 2906 2956 2907
f 2907 2957 2908
f 2908 2958 2909
f 2909 2959 2910
f 2910 2960 2911
f 2911 2961 2912
f 2912 2962 2913
f 2913 2963 2914
f 2914 2964 2915
f 2915 2965 2916
f 2916 2966 2917
f 2917 2967 2918
f 2918 2968 2919
f 2919 2969 2920
f 2920 2970 2921
f 2922 2972 2923
f 2923 2973 2924
f 2924 2974 2925
f 2925 2975 2926
f 2926 2976 2927
f 2927 2977 2928
f 2928 2978 2929
f 2929 2979 2930
f 2930 2980 2931
f 2931 2981 2932
f 2932 2982 2933
f 2933 2983 2934
f 2934 2984 2935
f 2935 2985 2936
f 2936 2986 2937
f 2937 2987 2938
f 2938 2988 2939
f 2939 2989 2940
f 2940 2990 2941
f 2941 2991 2942
f 2942 2992 2943
f 2943 2993 2944
f 2944 2994 2945
f 2945 2995 2946
f 2946 2996 2947
f 2947 2997 2948
f 2948 2998 2949
f 2949 2999 2950
f 2950 3000 2951
f 2951 3001 2952
f 2952 3002 2953
f 2953 3003 2954
f 2954 3004 2955
f 2955 3005 2956
f 2956 3006 2957
f 2957 3007 2958
f 2958 3008 2959
f 2959 3009 2960
f 2960 3010 2961
f 2961 3011 2962
f 2962 3012 2963
f 2963 3013 2964
f 2964 3014 2965
f 2965 3015 2966
f 2966 3016 2967
f 2967 3017 2968
f 2968 3018 2969
f 2969 3019 2970
f 2971 3021 2972
f 2972 3022 2973
f 2973 3023 2974
f 2974 3024 2975
f 2975 3025 2976
f 2976 3026 2977
f 2977 3027 2978
f 2978 3028 2979
f 2979 3029 2980
f 2980 3030 2981
f 2981 3031 2982
f 2982 3032 2983
f 2983 3033 2984
f 2984 3034 2985
f 2985 3035 2986
f 2986 3036 2987
f 2987 3037 2988
f 2988 3038 2989
f 2989 3039 2990
f 2990 3040 2991
f 2991 3041 2992
f 2992 3042 2993
f 2993 3043 2994
f 2994 3044 2995
f 2995 3045 2996
f 2996 3046 2997
f 2997 3047 2998
f 2998 3048 2999
f 2999 3049 3000
f 3000 3050 3001
f 3001 3051 3002
f 3002 3052 3003
f 3003 3053 3004
f 3004 3054 3005
f 3005 3055 3006
f 3006 3056 3007
f 3007 3057 3008
f 3008 3058 3009
f 3009 3059 3010
f 3010 3060 3011
f 3011 3061 3012
f 3012 3062 3013
f 3013 3063 3014
f 3014 3064 3015
f 3015 3065 3016
f 3016 3066 3017
f 3017 3067 3018
f 3018 3068 3019
f 3020 3070 3021
f 3021 3071 3022
f 3022 3072 3023
f 3023 3073 3024
f 3024 3074 3025
f 3025 3075 3026
f 3026 3076 3027
f 3027 3077 3028
f 3028 3078 3029
f 3029 3079 3030
f 3030 3080 3031
f 3031 3081 3032
f 3032 3082 3033
f 3033 3083 3034
f 3034 3084 3035
f 3035 3085 3036
f 3036 3086 3037
f 3037 3087 3038
f 3038 3088 3039
f 3039 3089 3040
f 3040 3090 3041
f 3041 3091 3042
f 3042 3092 3043
f 3043 3093 3044
f 3044 3094 3045
f 3045 3095 3046
f 3046 3096 3047
f 3047 3097 3048
f 3048 3098 3049
f 3049 3099 3050
f 3050 3100 3051
f 3051 3101 3052
f 3052 3102 3053
f 3053 3103 3054
f 3054 3104 3055
f 3055 3105 3056
f 3056 3106 3057
f 3057 3107 3058
f 3058 3108 3059
f 3059 3109 3060
f 3060 3110 3061
f 3061 3111 3062
f 3062 3112 3063
f 3063 3113 3064
f 3064 3114 3065
f 3065 3115 3066
f 3066 3116 3067
f 3067 3117 3068
f 3069 3119 3070
f 3070 3120 3071
f 3071 3121 3072
f 3072 3122 3073
f 3073 3123 3074
f 3074 3124 3075
f 3075 3125 3076
f 3076 3126 3077
f 3077 3127 3078
f 3078 3128 3079
f 3079 3129 3080
f 3080 3130 3081
f 3081 3131 3082
f 3082 3132 3083
f 3083 3133 3084
f 3084 3134 3085
f 3085 3135 3086
f 3086 3136 3087
f 3087 3137 3088
f 3088 3138 3089
f 3089 3139 3090
f 3090 3140 3091
f 3091 3141 3092
f 3092 3142 3093
f 3093 3143 3094
f 3094 3144 3095
f 3095 3145 3096
f 3096 3146 3097
f 3097 3147 3098
f 3098 3148 3099
f 3099 3149 3100
f 3100 3150 3101
f 3101 3151 3102
f 3102 3152 3103
f 3103 3153 3104
f 3104 3154 3105
f 3105 3155 3106
f 3106 3156 3107
f 3107 3157 3108
f 3108 3158 3109
f 3109 3159 3110
f 3110 3160 3111
f 3111 3161 3112
f 3112 3162 3113
f 3113 3163 3114
f 3114 3164 3115
f 3115 3165 3116
f 3116 3166 3117
f 3118 3168 3119
f 3119 3169 3120
f 3120 3170 3121
f 3121 3171 3122
f 3122 3172 3123
f 3123 3173 3124
f 3124 3174 3125
f 3125 3175 3126
f 3126 3176 3127
f 3127 3177 3128
f 3128 3178 3129
f 3129 3179 3130
f 3130 3180 3131
f 3131 3181 3132
f 3132 3182 3133
f 3133 3183 3134
f 3134 3184 3135
f 3135 3185 3136
f 3136 3186 3137
f 3137 3187 3138
f 3138 3188 3139
f 3139 3189 3140
f 3140 3190 3141
f 3141 3191 3142
f 3142 3192 3143
f 3143 3193 3144
f 3144 3194 3145
f 3145 3195 3146
f 3146 3196 3147
f 3147 3197 3148
f 3148 3198 3149
f 3149 3199 3150
f 3150 3200 3151
f 3151 3201 3152
f 3152 3202 3153
f 3153 3203 3154
f 3154 3204 3155
f 3155 3205 3156
f 3156 3206 3157
f 3157 3207 3158
f 3158 3208 3159
f 3159 3209 3160
f 3160 3210 3161
f 3161 3211 3162
f 3162 3212 3163
f 3163 3213 3164
f 3164 3214 3165
f 3165 3215 3166
f 3167 3217 3168
f 3168 3218 3169
f 3169 3219 3170
f 3170 3220 3171
f 3171 3221 3172
f 3172 3222 3173
f 3173 3223 3174
f 3174 3224 3175
f 3175 3225 3176
f 3176 3226 3177
f 3177 3227 3178
f 3178 3228 3179
f 3179 3229 3180
f 3180 3230 3181
f 3181 3231 3182
f 3182 3232 3183
f 3183 3233 3184
f 3184 3234 3185
f 3185 3235 3186
f 3186 3236 3187
f 3187 3237 3188
f 3188 3238 3189
f 3189 3239 3190
f 3190 3240 3191
f 3191 3241 3192
f 3192 3242 3193
f 3193 3243 3194
f 3194 3244 3195
f 3195 3245 3196
f 3196 3246 3197
f 3197 3247 3198
f 3198 3248 3199
f 3199 3249 3200
f 3200 3250 3201
f 3201 3251 3202
f 3202 3252 3203
f 3203 3253 3204
f 3204 3254 3205
f 3205 3255 3206
f 3206 3256 3207
f 3207 3257 3208
f 3208 3258 3209
f 3209 3259 3210
f 3210 3260 3211
f 3211 3261 3212
f 3212 3262 3213
f 3213 3263 3214
f 3214 3264 3215
f 3216 3266 3217
f 3217 3267 3218
f 3218 3268 3219
f 3219 3269 3220
f 3220 3270 3221
f 3221 3271 3222
f 3222 3272 3223
f 3223 3273 3224
f 3224 3274 3225
f 3225 3275 3226
f 3226 3276 3227
f 3227 3277 3228
f 3228 3278 3229
f 3229 3279 3230
f 3230 3280 3231
f 3231 3281 3232
f 3232 3282 3233
f 3233 3283 3234
f 3234 3284 3235
f 3235 3285 3236
f 3236 3286 3237
f 3237 3287 3238
f 3238 3288 3239
f 3239 3289 3240
f 3240 3290 3241
f 3241 3291 3242
f 3242 3292 3243
f 3243 3293 3244
f 3244 3294 3245
f 3245 3295 3246
f 3246 3296 3247
f 3247 3297 3248
f 3248 3298 3249
f 3249 3299 3250
f 3250 3300 3251
f 3251 3301 3252
f 3252 3302 3253
f 3253 3303 3254
f 3254 3304 3255
f 3255 3305 3256
f 3256 3306 3257
f 3257 3307 3258
f 3258 3308 3259
f 3259 3309 3260
f 3260 3310 3261
f 3261 3311 3262
f 3262 3312 3263
f 3263 3313 3264
f 3315 3334 3314
f 3316 3335 3315
f 3317 3336 3316
f 3318 3337 3317
f 3319 3338 3318
f 3320 3339 3319
f 3322 3341 3321
f 3323 3342 3322
f 3324 3343 3323
f 3325 3344 3324
f 3326 3345 3325
f 3327 3346 3326
f 3328 3347 3327
f 3329 3348 3328
f 3330 3349 3329
f 3331 3350 3330
f 3332 3351 3331
f 3333 3352 3332
f 3335 3354 3334
f 3336 3355 3335
f 3337 3356 3336
f 3338 3357 3337
f 3339 3358 3338
f 3340 3359 3339
f 3342 3361 3341
f 3343 3362 3342
f 3344 3363 3343
f 3345 3364 3344
f 3346 3365 3345
f 3347 3366 3346
f 3348 3367 3347
f 3349 3368 3348
f 3350 3369 3349
f 3351 3370 3350
f 3352 3371 3351
f 3353 3372 3352
f 3355 3374 3354
f 3356 3375 3355
f 3357 3376 3356
f 3358 3377 3357
f 3359 3378 3358
f 3360 3379 3359
f 3362 3381 3361
f 3363 3382 3362
f 3364 3383 3363
f 3365 3384 3364
f 3366 3385 3365
f 3367 3386 3366
f 3368 3387 3367
f 3369 3388 3368
f 3370 3389 3369
f 3371 3390 3370
f 3372 3391 3371
f 3373 3392 3372
f 3375 3394 3374
f 3376 3395 3375
f 3377 3396 3376
f 3378 3397 3377
f 3379 3398 3378
f 3380 3399 3379
f 3382 3401 3381
f 3383 3402 3382
f 3384 3403 3383
f 3385 3404 3384
f 3386 3405 3385
f 3387 3406 3386
f 3388 3407 3387
f 3389 3408 3388
f 3390 3409 3389
f 3391 3410 3390
f 3392 3411 3391
f 3393 3412 3392
f 3395 3414 3394
f 3396 3415 3395
f 3397 3416 3396
f 3398 3417 3397
f 3399 3418 3398
f 3400 3419 3399
f 3402 3421 3401
f 3403 3422 3402
f 3404 3423 3403
f 3405 3424 3404
f 3406 3425 3405
f 3407 3426 3406
f 3408 3427 3407
f 3409 3428 3408
f 3410 3429 3409
f 3411 3430 3410
f 3412 3431 3411
f 3413 3432 3412
f 3415 3434 3414
f 3416 3435 3415
f 3417 3436 3416
f 3418 3437 3417
f 3419 3438 3418
f 3420 3439 3419
f 3422 3441 3421
f 3423 3442 3422
f 3424 3443 3423
f 3425 3444 3424
f 3426 3445 3425
f 3427 3446 3426
f 3428 3447 3427
f 3429 3448 3428
f 3430 3449 3429
f 3431 3450 3430
f 3432 3451 3431
f 3433 3452 3432
f 3435 3454 3434
f 3436 3455 3435
f 3437 3456 3436
f 3438 3457 3437
f 3439 3458 3438
f 3440 3459 3439
f 3442 3461 3441
f 3443 3462 3442
f 3444 3463 3443
f 3445 3464 3444
f 3446 3465 3445
f 3447 3466 3446
f 3448 3467 3447
f 3449 3468 3448
f 3450 3469 3449
f 3451 3470 3450
f 3452 3471 3451
f 3453 3472 3452
f 3455 3474 3454
f 3456 3475 3455
f 3457 3476 3456
f 3458 3477 3457
f 3459 3478 3458
f 3460 3479 3459
f 3462 3481 3461
f 3463 3482 3462
f 3464 3483 3463
f 3465 3484 3464
f 3466 3485 3465
f 3467 3486 3466
f 3468 3487 3467
f 3469 3488 3468
f 3470 3489 3469
f 3471 3490 3470
f 3472 3491 3471
f 3473 3492 3472
f 3475 3494 3474
f 3476 3495 3475
f 3477 3496 3476
f 3478 3497 3477
f 3479 3498 3478
f 3480 3499 3479
f 3482 3501 3481
f 3483 3502 3482
f 3484 3503 3483
f 3485 3504 3484
f 3486 3505 3485
f 3487 3506 3486
f 3488 3507 3487
f 3489 3508 3488
f 3490 3509 3489
f 3491 3510 3490
f 3492 3511 3491
f 3493 3512 3492
f 3495 3514 3494
f 3496 3515 3495
f 3497 3516 3496
f 3498 3517 3497
f 3499 3518 3498
f 3500 3519 3499
f 3502 3521 3501
f 3503 3522 3502
f 3504 3523 3503
f 3505 3524 3504
f 3506 3525 3505
f 3507 3526 3506
f 3515 3528 3514
f 3516 3529 3515
f 3517 3530 3516
f 3518 3531 3517
f 3519 3532 3518
f 3520 3533 3519
f 3522 3535 3521
f 3523 3536 3522
f 3524 3537 3523
f 3525 3538 3524
f 3526 3539 3525
f 3527 3540 3526
f 3529 3542 3528
f 3530 3543 3529
f 3531 3544 3530
f 3532 3545 3531
f 3533 3546 3532
f 3534 3547 3533
f 3536 3549 3535
f 3537 3550 3536
f 3538 3551 3537
f 3539 3552 3538
f 3540 3553 3539
f 3541 3554 3540
f 3543 3556 3542
f 3544 3557 3543
f 3545 3558 3544
f 3546 3559 3545
f 3547 3560 3546
f 3548 3561 3547
f 3550 3563 3549
f 3551 3564 3550
f 3552 3565 3551
f 3553 3566 3552
f 3554 3567 3553
f 3555 3568 3554
f 3557 3570 3556
f 3558 3571 3557
f 3559 3572 3558
f 3560 3573 3559
f 3561 3574 3560
f 3562 3575 3561
f 3564 3577 3563
f 3565 3578 3564
f 3566 3579 3565
f 3567 3580 3566
f 3568 3581 3567
f 3569 3582 3568
f 3571 3592 3570
f 3572 3593 3571
f 3573 3594 3572
f 3574 3595 3573
f 3575 3596 3574
f 3576 3597 3575
f 3578 3599 3577
f 3579 3600 3578
f 3580 3601 3579
f 3581 3602 3580
f 3582 3603 3581
f 3583 3604 3582
f 3585 3606 3584
f 3586 3607 3585
f 3587 3608 3586
f 3588 3609 3587
f 3589 3610 3588
f 3590 3611 3589
f 3591 3612 3590
f 3592 3613 3591
f 3593 3614 3592
f 3594 3615 3593
f 3595 3616 3594
f 3596 3617 3595
f 3597 3618 3596
f 3598 3619 3597
f 3600 3621 3599
f 3601 3622 3600
f 3602 3623 3601
f 3603 3624 3602
f 3604 3625 3603
f 3605 3626 3604
f 3607 3628 3606
f 3608 3629 3607
f 3609 3630 3608
f 3610 3631 3609
f 3611 3632 3610
f 3612 3633 3611
f 3613 3634 3612
f 3614 3635 3613
f 3615 3636 3614
f 3616 3637 3615
f 3617 3638 3616
f 3618 3639 3617
f 3619 3640 3618
f 3620 3641 3619
f 3622 3643 3621
f 3623 3644 3622
f 3624 3645 3623
f 3625 3646 3624
f 3626 3647 3625
f 3627 3648 3626
f 3629 3650 3628
f 3630 3651 3629
f 3631 3652 3630
f 3632 3653 3631
f 3633 3654 3632
f 3634 3655 3633
f 3635 3656 3634
f 3636 3657 3635
f 3637 3658 3636
f 3638 3659 3637
f 3639 3660 3638
f 3640 3661 3639
f 3641 3662 3640
f 3642 3663 3641
f 3644 3686 3643
f 3645 3687 3644
f 3646 3688 3645
f 3647 3689 3646
f 3648 3690 3647
f 3649 3691 3648
f 3651 3693 3650
f 3652 3694 3651
f 3653 3695 3652
f 3654 3696 3653
f 3655 3697 3654
f 3656 3698 3655
f 3657 3699 3656
f 3658 3700 3657
f 3659 3701 3658
f 3660 3702 3659
f 3661 3703 3660
f 3662 3704 3661
f 3663 3705 3662
f 3664 3706 3663
f 3665 3707 3664
f 3666 3708 3665
f 3667 3709 3666
f 3668 3710 3667
f 3669 3711 3668
f 3670 3712 3669
f 3671 3713 3670
f 3672 3714 3671
f 3673 3715 3672
f 3674 3716 3673
f 3675 3717 3674
f 3676 3718 3675
f 3677 3719 3676
f 3678 3720 3677
f 3679 3721 3678
f 3680 3722 3679
f 3681 3723 3680
f 3682 3724 3681
f 3683 3725 3682
f 3684 3726 3683
f 3685 3727 3684
f 3686 3728 3685
f 3687 3729 3686
f 3688 3730 3687
f 3689 3731 3688
f 3690 3732 3689
f 3691 3733 3690
f 3692 3734 3691
f 3694 3742 3693
f 3695 3743 3694
f 3696 3744 3695
f 3697 3745 3696
f 3698 3746 3697
f 3699 3747 3698
f 3700 3748 3699
f 3701 3749 3700
f 3702 3750 3701
f 3703 3751 3702
f 3704 3752 3703
f 3705 3753 3704
f 3706 3754 3705
f 3707 3755 3706
f 3708 3756 3707
f 3709 3757 3708
f 3710 3758 3709
f 3711 3759 3710
f 3712 3760 3711
f 3713 3761 3712
f 3714 3762 3713
f 3715 3763 3714
f 3716 3764 3715
f 3717 3765 3716
f 3718 3766 3717
f 3719 3767 3718
f 3720 3768 3719
f 3721 3769 3720
f 3722 3770 3721
f 3723 3771 3722
f 3724 3772 3723
f 3725 3773 3724
f 3726 3774 3725
f 3727 3775 3726
f 3728 3776 3727
f 3729 3777 3728
f 3730 3778 3729
f 3731 3779 3730
f 3732 3780 3731
f 3733 3781 3732
f 3734 3782 3733
f 3735 3783 3734
f 3736 3784 3735
f 3737 3785 3736
f 3738 3786 3737
f 3739 3787 3738
f 3740 3788 3739
f 3741 3789 3740
f 3743 3791 3742
f 3744 3792 3743
f 3745 3793 3744
f 3746 3794 3745
f 3747 3795 3746
f 3748 3796 3747
f 3749 3797 3748
f 3750 3798 3749
f 3751 3799 3750
f 3752 3800 3751
f 3753 3801 3752
f 3754 3802 3753
f 3755 3803 3754
f 3756 3804 3755
f 3757 3805 3756
f 3758 3806 3757
f 3759 3807 3758
f 3760 3808 3759
f 3761 3809 3760
f 3762 3810 3761
f 3763 3811 3762
f 3764 3812 3763
f 3765 3813 3764
f 3766 3814 3765
f 3767 3815 3766
f 3768 3816 3767
f 3769 3817 3768
f 3770 3818 3769
f 3771 3819 3770
f 3772 3820 3771
f 3773 3821 3772
f 3774 3822 3773
f 3775 3823 3774
f 3776 3824 3775
f 3777 3825 3776
f 3778 3826 3777
f 3779 3827 3778
f 3780 3828 3779
f 3781 3829 3780
f 3782 3830 3781
f 3783 3831 3782
f 3784 3832 3783
f 3785 3833 3784
f 3786 3834 3785
f 3787 3835 3786
f 3788 3836 3787
f 3789 3837 3788
f 3790 3838 3789
f 3792 3840 3791
f 3793 3841 3792
f 3794 3842 3793
f 3795 3843 3794
f 3796 3844 3795
f 3797 3845 3796
f 3798 3846 3797
f 3799 3847 3798
f 3800 3848 3799
f 3801 3849 3800
f 3802 3850 3801
f 3803 3851 3802
f 3804 3852 3803
f 3805 3853 3804
f 3806 3854 3805
f 3807 3855 3806
f 3808 3856 3807
f 3809 3857 3808
f 3810 3858 3809
f 3811 3859 3810
f 3812 3860 3811
f 3813 3861 3812
f 3814 3862 3813
f 3815 3863 3814
f 3816 3864 3815
f 3817 3865 3816
f 3818 3866 3817
f 3819 3867 3818
f 3820 3868 3819
f 3821 3869 3820
f 3822 3870 3821
f 3823 3871 3822
f 3824 3872 3823
f 3825 3873 3824
f 3826 3874 3825
f 3827 3875 3826
f 3828 3876 3827
f 3829 3877 3828
f 3830 3878 3829
f 3831 3879 3830
f 3832 3880 3831
f 3833 3881 3832
f 3834 3882 3833
f 3835 3883 3834
f 3836 3884 3835
f 3837 3885 3836
f 3838 3886 3837
f 3839 3887 3838
f 3841 3889 3840
f 3842 3890 3841
f 3843 3891 3842
f 3844 3892 3843
f 3845 3893 3844
f 3846 3894 3845
f 3847 3895 3846
f 3848 3896 3847
f 3849 3897 3848
f 3850 3898 3849
f 3851 3899 3850
f 3852 3900 3851
f 3853 3901 3852
f 3854 3902 3853
f 3855 3903 3854
f 3856 3904 3855
f 3857 3905 3856
f 3858 3906 3857
f 3859 3907 3858
f 3860 3908 3859
f 3861 3909 3860
f 3862 3910 3861
f 3863 3911 3862
f 3864 3912 3863
f 3865 3913 3864
f 3866 3914 3865
f 3867 3915 3866
f 3868 3916 3867
f 3869 3917 3868
f 3870 3918 3869
f 3871 3919 3870
f 3872 3920 3871
f 3873 3921 3872
f 3874 3922 3873
f 3875 3923 3874
f 3876 3924 3875
f 3877 3925 3876
f 3878 3926 3877
f 3879 3927 3878
f 3880 3928 3879
f 3881 3929 3880
f 3882 3930 3881
f 3883 3931 3882
f 3884 3932 3883
f 3885 3933 3884
f 3886 3934 3885
f 3887 3935 3886
f 3888 3936 3887
f 3890 3938 3889
f 3891 3939 3890
f 3892 3940 3891
f 3893 3941 3892
f 3894 3942 3893
f 3895 3943 3894
f 3896 3944 3895
f 3897 3945 3896
f 3898 3946 3897
f 3899 3947 3898
f 3900 3948 3899
f 3901 3949 3900
f 3902 3950 3901
f 3903 3951 3902
f 3904 3952 3903
f 3905 3953 3904
f 3906 3954 3905
f 3907 3955 3906
f 3908 3956 3907
f 3909 3957 3908
f 3910 3958 3909
f 3911 3959 3910
f 3912 3960 3911
f 3913 3961 3912
f 3914 3962 3913
f 3915 3963 3914
f 3916 3964 3915
f 3917 3965 3916
f 3918 3966 3917
f 3919 3967 3918
f 3920 3968 3919
f 3921 3969 3920
f 3922 3970 3921
f 3923 3971 3922
f 3924 3972 3923
f 3925 3973 3924
f 3926 3974 3925
f 3927 3975 3926
f 3928 3976 3927
f 3929 3977 3928
f 3930 3978 3929
f 3931 3979 3930
f 3932 3980 3931
f 3933 3981 3932
f 3934 3982 3933
f 3935 3983 3934
f 3936 3984 3935
f 3937 3985 3936
f 3939 3987 3938
f 3940 3988 3939
f 3941 3989 3940
f 3942 3990 3941
f 3943 3991 3942
f 3944 3992 3943
f 3945 3993 3944
f 3946 3994 3945
f 3947 3995 3946
f 3948 3996 3947
f 3949 3997 3948
f 3950 3998 3949
f 3951 3999 3950
f 3952 4000 3951
f 3953 4001 3952
f 3954 4002 3953
f 3955 4003 3954
f 3956 4004 3955
f 3957 4005 3956
f 3958 4006 3957
f 3959 4007 3958
f 3960 4008 3959
f 3961 4009 3960
f 3962 4010 3961
f 3963 4011 3962
f 3964 4012 3963
f 3965 4013 3964
f 3966 4014 3965
f 3967 4015 3966
f 3968 4016 3967
f 3969 4017 3968
f 3970 4018 3969
f 3971 4019 3970
f 3972 4020 3971
f 3973 4021 3972
f 3974 4022 3973
f 3975 4023 3974
f 3976 4024 3975
f 3977 4025 3976
f 3978 4026 3977
f 3979 4027 3978
f 3980 4028 3979
f 3981 4029 3980
f 3982 4030 3981
f 3983 4031 3982
f 3984 4032 3983
f 3985 4033 3984
f 3986 4034 3985
f 3988 4036 3987
f 3989 4037 3988
f 3990 4038 3989
f 3991 4039 3990
f 3992 4040 3991
f 3993 4041 3992
f 3994 4042 3993
f 3995 4043 3994
f 3996 4044 3995
f 3997 4045 3996
f 3998 4046 3997
f 3999 4047 3998
f 4000 4048 3999
f 4001 4049 4000
f 4002 4050 4001
f 4003 4051 4002
f 4004 4052 4003
f 4005 4053 4004
f 4006 4054 4005
f 4007 4055 4006
f 4008 4056 4007
f 4009 4057 4008
f 4010 4058 4009
f 4011 4059 4010
f 4012 4060 4011
f 4013 4061 4012
f 4014 4062 4013
f 4015 4063 4014
f 4016 4064 4015
f 4017 4065 4016
f 4018 4066 4017
f 4019 4067 4018
f 4020 4068 4019
f 4021 4069 4020
f 4022 4070 4021
f 4023 4071 4022
f 4024 4072 4023
f 4025 4073 4024
f 4026 4074 4025
f 4027 4075 4026
f 4028 4076 4027
f 4029 4077 4028
f 4030 4078 4029
f 4031 4079 4030
f 4032 4080 4031
f 4033 4081 4032
f 4034 4082 4033
f 4035 4083 4034
f 4037 4085 4036
f 4038 4086 4037
f 4039 4087 4038
f 4040 4088 4039
f 4041 4089 4040
f 4042 4090 4041
f 4043 4091 4042
f 4044 4092 4043
f 4045 4093 4044
f 4046 4094 4045
f 4047 4095 4046
f 4048 4096 4047
f 4049 4097 4048
f 4050 4098 4049
f 4051 4099 4050
f 4052 4100 4051
f 4053 4101 4052
f 4054 4102 4053
f 4055 4103 4054
f 4056 4104 4055
f 4057 4105 4056
f 4058 4106 4057
f 4059 4107 4058
f 4060 4108 4059
f 4061 4109 4060
f 4062 4110 4061
f 4063 4111 4062
f 4064 4112 4063
f 4065 4113 4064
f 4066 4114 4065
f 4067 4115 4066
f 4068 4116 4067
f 4069 4117 4068
f 4070 4118 4069
f 4071 4119 4070
f 4072 4120 4071
f 4073 4121 4072
f 4074 4122 4073
f 4075 4123 4074
f 4076 4124 4075
f 4077 4125 4076
f 4078 4126 4077
f 4079 4127 4078
f 4080 4128 4079
f 4081 4129 4080
f 4082 4130 4081
f 4083 4131 4082
f 4084 4132 4083
f 4086 4134 4085
f 4087 4135 4086
f 4088 4136 4087
f 4089 4137 4088
f 4090 4138 4089
f 4091 4139 4090
f 4092 4140 4091
f 4093 4141 4092
f 4094 4142 4093
f 4095 4143 4094
f 4096 4144 4095
f 4097 4145 4096
f 4098 4146 4097
f 4099 4147 4098
f 4100 4148 4099
f 4101 4149 4100
f 4102 4150 4101
f 4103 4151 4102
f 4104 4152 4103
f 4105 4153 4104
f 4106 4154 4105
f 4107 4155 4106
f 4108 4156 4107
f 4109 4157 4108
f 4110 4158 4109
f 4111 4159 4110
f 4112 4160 4111
f 4113 4161 4112
f 4114 4162 4113
f 4115 4163 4114
f 4116 4164 4115
f 4117 4165 4116
f 4118 4166 4117
f 4119 4167 4118
f 4120 4168 4119
f 4121 4169 4120
f 4122 4170 4121
f 4123 4171 4122
f 4124 4172 4123
f 4125 4173 4124
f 4126 4174 4125
f 4127 4175 4126
f 4128 4176 4127
f 4129 4177 4128
f 4130 4178 4129
f 4131 4179 4130
f 4132 4180 4131
f 4133 4181 4132
f 4135 4183 4134
f 4136 4184 4135
f 4137 4185 4136
f 4138 4186 4137
f 4139 4187 4138
f 4140 4188 4139
f 4141 4189 4140
f 4142 4190 4141
f 4143 4191 4142
f 4144 4192 4143
f 4145 4193 4144
f 4146 4194 4145
f 4147 4195 4146
f 4148 4196 4147
f 4149 4197 4148
f 4150 4198 4149
f 4151 4199 4150
f 4152 4200 4151
f 4153 4201 4152
f 4154 4202 4153
f 4155 4203 4154
f 4156 4204 4155
f 4157 4205 4156
f 4158 4206 4157
f 4159 4207 4158
f 4160 4208 4159
f 4161 4209 4160
f 4162 4210 4161
f 4163 4211 4162
f 4164 4212 4163
f 4165 4213 4164
f 4166 4214 4165
f 4167 4215 4166
f 4168 4216 4167
f 4169 4217 4168
f 4170 4218 4169
f 4171 4219 4170
f 4172 4220 4171
f 4173 4221 4172
f 4174 4222 4173
f 4175 4223 4174
f 4176 4224 4175
f 4177 4225 4176
f 4178 4226 4177
f 4179 4227 4178
f 4180 4228 4179
f 4181 4229 4180
f 4182 4230 4181
f 4184 4232 4183
f 4185 4233 4184
f 4186 4234 4185
f 4187 4235 4186
f 4188 4236 4187
f 4189 4237 4188
f 4190 4238 4189
f 4191 4239 4190
f 4192 4240 4191
f 4193 4241 4192
f 4194 4242 4193
f 4195 4243 4194
f 4196 4244 4195
f 4197 4245 4196
f 4198 4246 4197
f 4199 4247 4198
f 4200 4248 4199
f 4201 4249 4200
f 4202 4250 4201
f 4203 4251 4202
f 4204 4252 4203
f 4205 4253 4204
f 4206 4254 4205
f 4207 4255 4206
f 4208 4256 4207
f 4209 4257 4208
f 4210 4258 4209
f 4211 4259 4210
f 4212 4260 4211
f 4213 4261 4212
f 4214 4262 4213
f 4215 4263 4214
f 4216 4264 4215
f 4217 4265 4216
f 4218 4266 4217
f 4219 4267 4218
f 4220 4268 4219
f 4221 4269 4220
f 4222 4270 4221
f 4223 4271 4222
f 4224 4272 4223
f 4225 4273 4224
f 4226 4274 4225
f 4227 4275 4226
f 4228 4276 4227
f 4229 4277 4228
f 4230 4278 4229
f 4231 4279 4230
f 4233 4281 4232
f 4234 4282 4233
f 4235 4283 4234
f 4236 4284 4235
f 4237 4285 4236
f 4238 4286 4237
f 4239 4287 4238
f 4240 4288 4239
f 4241 4289 4240
f 4242 4290 4241
f 4243 4291 4242
f 4244 4292 4243
f 4245 4293 4244
f 4246 4294 4245
f 4247 4295 4246
f 4248 4296 4247
f 4249 4297 4248
f 4250 4298 4249
f 4251 4299 4250
f 4252 4300 4251
f 4253 4301 4252
f 4254 4302 4253
f 4255 4303 4254
f 4256 4304 4255
f 4257 4305 4256
f 4258 4306 4257
f 4259 4307 4258
f 4260 4308 4259
f 4261 4309 4260
f 4262 4310 4261
f 4263 4311 4262
f 4264 4312 4263
f 4265 4313 4264
f 4266 4314 4265
f 4267 4315 4266
f 4268 4316 4267
f 4269 4317 4268
f 4270 4318 4269
f 4271 4319 4270
f 4272 4320 4271
f 4273 4321 4272
f 4274 4322 4273
f 4275 4323 4274
f 4276 4324 4275
f 4277 4325 4276
f 4278 4326 4277
f 4279 4327 4278
f 4280 4328 4279
f 4282 4330 4281
f 4283 4331 4282
f 4284 4332 4283
f 4285 4333 4284
f 4286 4334 4285
f 4287 4335 4286
f 4288 4336 4287
f 4289 4337 4288
f 4290 4338 4289
f 4291 4339 4290
f 4292 4340 4291
f 4293 4341 4292
f 4294 4342 4293
f 4295 4343 4294
f 4296 4344 4295
f 4297 4345 4296
f 4298 4346 4297
f 4299 4347 4298
f 4300 4348 4299
f 4301 4349 4300
f 4302 4350 4301
f 4303 4351 4302
f 4304 4352 4303
f 4305 4353 4304
f 4306 4354 4305
f 4307 4355 4306
f 4308 4356 4307
f 4309 4357 4308
f 4310 4358 4309
f 4311 4359 4310
f 4312 4360 4311
f 4313 4361 4312
f 4314 4362 4313
f 4315 4363 4314
f 4316 4364 4315
f 4317 4365 4316
f 4318 4366 4317
f 4319 4367 4318
f 4320 4368 4319
f 4321 4369 4320
f 4322 4370 4321
f 4323 4371 4322
f 4324 4372 4323
f 4325 4373 4324
f 4326 4374 4325
f 4327 4375 4326
f 4328 4376 4327
f 4329 4377 4328
f 4331 4379 4330
f 4332 4380 4331
f 4333 4381 4332
f 4334 4382 4333
f 4335 4383 4334
f 4336 4384 4335
f 4337 4385 4336
f 4338 4386 4337
f 4339 4387 4338
f 4340 4388 4339
f 4341 4389 4340
f 4342 4390 4341
f 4343 4391 4342
f 4344 4392 4343
f 4345 4393 4344
f 4346 4394 4345
f 4347 4395 4346
f 4348 4396 4347
f 4349 4397 4348
f 4350 4398 4349
f 4351 4399 4350
f 4352 4400 4351
f 4353 4401 4352
f 4354 4402 4353
f 4355 4403 4354
f 4356 4404 4355
f 4357 4405 4356
f 4358 4406 4357
f 4359 4407 4358
f 4360 4408 4359
f 4361 4409 4360
f 4362 4410 4361
f 4363 4411 4362
f 4364 4412 4363
f 4365 4413 4364
f 4366 4414 4365
f 4367 4415 4366
f 4368 4416 4367
f 4369 4417 4368
f 4370 4418 4369
f 4371 4419 4370
f 4372 4420 4371
f 4373 4421 4372
f 4374 4422 4373
f 4375 4423 4374
f 4376 4424 4375
f 4377 4425 4376
f 4378 4426 4377
f 4380 4428 4379
f 4381 4429 4380
f 4382 4430 4381
f 4383 4431 4382
f 4384 4432 4383
f 4385 4433 4384
f 4386 4434 4385
f 4387 4435 4386
f 4388 4436 4387
f 4389 4437 4388
f 4390 4438 4389
f 4391 4439 4390
f 4392 4440 4391
f 4393 4441 4392
f 4394 4442 4393
f 4395 4443 4394
f 4396 4444 4395
f 4397 4445 4396
f 4398 4446 4397
f 4399 4447 4398
f 4400 4448 4399
f 4401 4449 4400
f 4402 4450 4401
f 4403 4451 4402
f 4404 4452 4403
f 4405 4453 4404
f 4406 4454 4405
f 4407 4455 4406
f 4408 4456 4407
f 4409 4457 4408
f 4410 4458 4409
f 4411 4459 4410
f 4412 4460 4411
f 4413 4461 4412
f 4414 4462 4413
f 4415 4463 4414
f 4416 4464 4415
f 4417 4465 4416
f 4418 4466 4417
f 4419 4467 4418
f 4420 4468 4419
f 4421 4469 4420
f 4422 4470 4421
f 4423 4471 4422
f 4424 4472 4423
f 4425 4473 4424
f 4426 4474 4425
f 4427 4475 4426
f 3314 2171 2151
f 2151 3315 3314
f 2152 3316 3315
f 2153 3317 3316
f 2154 3318 3317
f 2155 3319 3318
f 2157 3340 3320
f 2156 3320 3319
f 3321 2178 2158
f 2158 3322 3321
f 2159 3323 3322
f 2160 3324 3323
f 2161 3325 3324
f 2162 3326 3325
f 2163 3327 3326
f 2164 3328 3327
f 2165 3329 3328
f 2166 3330 3329
f 2167 3331 3330
f 2168 3332 3331
f 2170 3353 3333
f 2169 3333 3332
f 3334 2191 2171
f 2177 3360 3340
f 3341 2198 2178
f 2190 3373 3353
f 3354 2211 2191
f 2197 3380 3360
f 3361 2218 2198
f 2210 3393 3373
f 3374 2231 2211
f 2217 3400 3380
f 3381 2238 2218
f 2230 3413 3393
f 3394 2251 2231
f 2237 3420 3400
f 3401 2258 2238
f 2250 3433 3413
f 3414 2271 2251
f 2257 3440 3420
f 3421 2278 2258
f 2270 3453 3433
f 3434 2291 2271
f 2277 3460 3440
f 3441 2298 2278
f 2290 3473 3453
f 3454 2311 2291
f 2297 3480 3460
f 3461 2318 2298
f 2310 3493 3473
f 3474 2331 2311
f 2317 3500 3480
f 3481 2338 2318
f 3507 2345 2344
f 3508 2346 2345
f 3509 2347 2346
f 3510 2348 2347
f 3511 2349 2348
f 3512 2350 2349
f 2330 3513 3493
f 3494 2351 2331
f 2337 3520 3500
f 3501 2358 2338
f 2344 3527 3507
f 3514 2365 2351
f 2357 3534 3520
f 3521 2372 2358
f 2364 3541 3527
f 3528 2379 2365
f 2371 3548 3534
f 3535 2386 2372
f 2378 3555 3541
f 3542 2393 2379
f 2385 3562 3548
f 3549 2400 2386
f 2392 3569 3555
f 3556 2407 2393
f 2399 3576 3562
f 3563 2414 2400
f 2406 3583 3569
f 3570 2429 2407
f 2413 3598 3576
f 3577 2436 2414
f 2420 3605 3583
f 3584 2443 2421
f 2421 3585 3584
f 2422 3586 3585
f 2423 3587 3586
f 2424 3588 3587
f 2425 3589 3588
f 2426 3590 3589
f 2427 3591 3590
f 2428 3592 3591
f 2435 3620 3598
f 3599 2458 2436
f 2442 3627 3605
f 3606 2465 2443
f 2457 3642 3620
f 3621 2480 2458
f 2464 3649 3627
f 3628 2487 2465
f 2479 3664 3642
f 3643 2523 2480
f 2486 3692 3649
f 3650 2530 2487
f 2501 3665 3664
f 2502 3666 3665
f 2503 3667 3666
f 2504 3668 3667
f 2505 3669 3668
f 2506 3670 3669
f 2507 3671 3670
f 2508 3672 3671
f 2509 3673 3672
f 2510 3674 3673
f 2511 3675 3674
f 2512 3676 3675
f 2513 3677 3676
f 2514 3678 3677
f 2515 3679 3678
f 2516 3680 3679
f 2517 3681 3680
f 2518 3682 3681
f 2519 3683 3682
f 2520 3684 3683
f 2521 3685 3684
f 2522 3686 3685
f 2529 3735 3692
f 3693 2579 2530
f 2572 3736 3735
f 2573 3737 3736
f 2574 3738 3737
f 2575 3739 3738
f 2576 3740 3739
f 2578 3790 3741
f 2577 3741 3740
f 3742 2628 2579
f 2627 3839 3790
f 3791 2677 2628
f 2676 3888 3839
f 3840 2726 2677
f 2725 3937 3888
f 3889 2775 2726
f 2774 3986 3937
f 3938 2824 2775
f 2823 4035 3986
f 3987 2873 2824
f 2872 4084 4035
f 4036 2922 2873
f 2921 4133 4084
f 4085 2971 2922
f 2970 4182 4133
f 4134 3020 2971
f 3019 4231 4182
f 4183 3069 3020
f 3068 4280 4231
f 4232 3118 3069
f 3117 4329 4280
f 4281 3167 3118
f 3166 4378 4329
f 4330 3216 3167
f 3215 4427 4378
f 4379 3265 3216
f 4428 3266 3265
f 4429 3267 3266
f 4430 3268 3267
f 4431 3269 3268
f 4432 3270 3269
f 4433 3271 3270
f 4434 3272 3271
f 4435 3273 3272
f 4436 3274 3273
f 4437 3275 3274
f 4438 3276 3275
f 4439 3277 3276
f 4440 3278 3277
f 4441 3279 3278
f 4442 3280 3279
f 4443 3281 3280
f 4444 3282 3281
f 4445 3283 3282
f 4446 3284 3283
f 4447 3285 3284
f 4448 3286 3285
f 4449 3287 3286
f 4450 3288 3287
f 4451 3289 3288
f 4452 3290 3289
f 4453 3291 3290
f 4454 3292 3291
f 4455 3293 3292
f 4456 3294 3293
f 4457 3295 3294
f 4458 3296 3295
f 4459 3297 3296
f 4460 3298 3297
f 4461 3299 3298
f 4462 3300 3299
f 4463 3301 3300
f 4464 3302 3301
f 4465 3303 3302
f 4466 3304 3303
f 4467 3305 3304
f 4468 3306 3305
f 4469 3307 3306
f 4470 3308 3307
f 4471 3309 3308
f 4472 3310 3309
f 4473 3311 3310
f 4474 3312 3311
f 4475 3313 3312
f 3264 4476 4427
f 4477 4500 4501
f 4478 4501 4502
f 4479 4502 4503
f 4480 4503 4504
f 4481 4504 4505
f 4482 4505 4506
f 4483 4506 4507
f 4484 4507 4508
f 4485 4508 4509
f 4486 4509 4510
f 4487 4510 4511
f 4488 4511 4512
f 4489 4512 4513
f 4490 4513 4514
f 4491 4514 4515
f 4492 4515 4516
f 4493 4516 4517
f 4494 4517 4518
f 4495 4518 4519
f 4496 4519 4520
f 4497 4520 4521
f 4498 4521 4522
f 4500 4523 4524
f 4501 4524 4525
f 4502 4525 4526
f 4503 4526 4527
f 4504 4527 4528
f 4505 4528 4529
f 4506 4529 4530
f 4507 4530 4531
f 4508 4531 4532
f 4509 4532 4533
f 4510 4533 4534
f 4511 4534 4535
f 4512 4535 4536
f 4513 4536 4537
f 4514 4537 4538
f 4515 4538 4539
f 4516 4539 4540
f 4517 4540 4541
f 4518 4541 4542
f 4519 4542 4543
f 4520 4543 4544
f 4521 4544 4545
f 4523 4546 4547
f 4524 4547 4548
f 4525 4548 4549
f 4526 4549 4550
f 4527 4550 4551
f 4528 4551 4552
f 4529 4552 4553
f 4530 4553 4554
f 4531 4554 4555
f 4532 4555 4556
f 4533 4556 4557
f 4534 4557 4558
f 4535 4558 4559
f 4536 4559 4560
f 4537 4560 4561
f 4538 4561 4562
f 4539 4562 4563
f 4540 4563 4564
f 4541 4564 4565
f 4542 4565 4566
f 4543 4566 4567
f 4544 4567 4568
f 4546 4569 4570
f 4547 4570 4571
f 4548 4571 4572
f 4549 4572 4573
f 4550 4573 4574
f 4551 4574 4575
f 4552 4575 4576
f 4553 4576 4577
f 4554 4577 4578
f 4555 4578 4579
f 4556 4579 4580
f 4557 4580 4581
f 4558 4581 4582
f 4559 4582 4583
f 4560 4583 4584
f 4561 4584 4585
f 4562 4585 4586
f 4563 4586 4587
f 4564 4587 4588
f 4565 4588 4589
f 4566 4589 4590
f 4567 4590 4591
f 4569 4592 4593
f 4570 4593 4594
f 4571 4594 4595
f 4572 4595 4596
f 4573 4596 4597
f 4574 4597 4598
f 4575 4598 4599
f 4576 4599 4600
f 4577 4600 4601
f 4578 4601 4602
f 4579 4602 4603
f 4580 4603 4604
f 4581 4604 4605
f 4582 4605 4606
f 4583 4606 4607
f 4584 4607 4608
f 4585 4608 4609
f 4586 4609 4610
f 4587 4610 4611
f 4588 4611 4612
f 4589 4612 4613
f 4590 4613 4614
f 4592 4615 4616
f 4593 4616 4617
f 4594 4617 4618
f 4595 4618 4619
f 4596 4619 4620
f 4597 4620 4621
f 4598 4621 4622
f 4599 4622 4623
f 4600 4623 4624
f 4601 4624 4625
f 4602 4625 4626
f 4603 4626 4627
f 4604 4627 4628
f 4605 4628 4629
f 4606 4629 4630
f 4607 4630 4631
f 4608 4631 4632
f 4609 4632 4633
f 4610 4633 4634
f 4611 4634 4635
f 4612 4635 4636
f 4613 4636 4637
f 4615 4638 4639
f 4616 4639 4640
f 4617 4640 4641
f 4618 4641 4642
f 4619 4642 4643
f 4620 4643 4644
f 4621 4644 4645
f 4622 4645 4646
f 4623 4646 4647
f 4624 4647 4648
f 4625 4648 4649
f 4626 4649 4650
f 4627 4650 4651
f 4628 4651 4652
f 4629 4652 4653
f 4630 4653 4654
f 4631 4654 4655
f 4632 4655 4656
f 4633 4656 4657
f 4634 4657 4658
f 4635 4658 4659
f 4636 4659 4660
f 4638 4661 4662
f 4639 4662 4663
f 4640 4663 4664
f 4641 4664 4665
f 4642 4665 4666
f 4643 4666 4667
f 4644 4667 4668
f 4645 4668 4669
f 4646 4669 4670
f 4647 4670 4671
f 4648 4671 4672
f 4649 4672 4673
f 4650 4673 4674
f 4651 4674 4675
f 4652 4675 4676
f 4653 4676 4677
f 4654 4677 4678
f 4655 4678 4679
f 4656 4679 4680
f 4657 4680 4681
f 4658 4681 4682
f 4659 4682 4683
f 4661 4684 4685
f 4662 4685 4686
f 4663 4686 4687
f 4664 4687 4688
f 4665 4688 4689
f 4666 4689 4690
f 4667 4690 4691
f 4668 4691 4692
f 4669 4692 4693
f 4670 4693 4694
f 4671 4694 4695
f 4672 4695 4696
f 4673 4696 4697
f 4674 4697 4698
f 4675 4698 4699
f 4676 4699 4700
f 4677 4700 4701
f 4678 4701 4702
f 4679 4702 4703
f 4680 4703 4704
f 4681 4704 4705
f 4682 4705 4706
f 4684 4707 4708
f 4685 4708 4709
f 4686 4709 4710
f 4687 4710 4711
f 4688 4711 4712
f 4689 4712 4713
f 4690 4713 4714
f 4691 4714 4715
f 4692 4715 4716
f 4693 4716 4717
f 4694 4717 4718
f 4695 4718 4719
f 4696 4719 4720
f 4697 4720 4721
f 4698 4721 4722
f 4699 4722 4723
f 4700 4723 4724
f 4701 4724 4725
f 4702 4725 4726
f 4703 4726 4727
f 4704 4727 4728
f 4705 4728 4729
f 4707 4730 4731
f 4708 4731 4732
f 4709 4732 4733
f 4710 4733 4734
f 4711 4734 4735
f 4712 4735 4736
f 4713 4736 4737
f 4714 4737 4738
f 4715 4738 4739
f 4716 4739 4740
f 4717 4740 4741
f 4718 4741 4742
f 4719 4742 4743
f 4720 4743 4744
f 4721 4744 4745
f 4722 4745 4746
f 4723 4746 4747
f 4724 4747 4748
f 4725 4748 4749
f 4726 4749 4750
f 4727 4750 4751
f 4728 4751 4752
f 4730 4753 4754
f 4731 4754 4755
f 4732 4755 4756
f 4733 4756 4757
f 4734 4757 4758
f 4735 4758 4759
f 4736 4759 4760
f 4737 4760 4761
f 4738 4761 4762
f 4739 4762 4763
f 4740 4763 4764
f 4741 4764 4765
f 4742 4765 4766
f 4743 4766 4767
f 4744 4767 4768
f 4745 4768 4769
f 4746 4769 4770
f 4747 4770 4771
f 4748 4771 4772
f 4749 4772 4773
f 4750 4773 4774
f 4751 4774 4775
f 4753 4776 4777
f 4754 4777 4778
f 4755 4778 4779
f 4756 4779 4780
f 4757 4780 4781
f 4758 4781 4782
f 4759 4782 4783
f 4760 4783 4784
f 4761 4784 4785
f 4762 4785 4786
f 4763 4786 4787
f 4764 4787 4788
f 4765 4788 4789
f 4766 4789 4790
f 4767 4790 4791
f 4768 4791 4792
f 4769 4792 4793
f 4770 4793 4794
f 4771 4794 4795
f 4772 4795 4796
f 4773 4796 4797
f 4774 4797 4798
f 4776 4799 4800
f 4777 4800 4801
f 4778 4801 4802
f 4779 4802 4803
f 4780 4803 4804
f 4781 4804 4805
f 4782 4805 4806
f 4783 4806 4807
f 4784 4807 4808
f 4785 4808 4809
f 4786 4809 4810
f 4787 4810 4811
f 4788 4811 4812
f 4789 4812 4813
f 4790 4813 4814
f 4791 4814 4815
f 4792 4815 4816
f 4793 4816 4817
f 4794 4817 4818
f 4795 4818 4819
f 4796 4819 4820
f 4797 4820 4821
f 4799 4822 4823
f 4800 4823 4824
f 4801 4824 4825
f 4802 4825 4826
f 4803 4826 4827
f 4804 4827 4828
f 4805 4828 4829
f 4806 4829 4830
f 4807 4830 4831
f 4808 4831 4832
f 4809 4832 4833
f 4810 4833 4834
f 4811 4834 4835
f 4812 4835 4836
f 4813 4836 4837
f 4814 4837 4838
f 4815 4838 4839
f 4816 4839 4840
f 4817 4840 4841
f 4818 4841 4842
f 4819 4842 4843
f 4820 4843 4844
f 4822 4845 4846
f 4823 4846 4847
f 4824 4847 4848
f 4825 4848 4849
f 4826 4849 4850
f 4827 4850 4851
f 4828 4851 4852
f 4829 4852 4853
f 4830 4853 4854
f 4831 4854 4855
f 4832 4855 4856
f 4833 4856 4857
f 4834 4857 4858
f 4835 4858 4859
f 4836 4859 4860
f 4837 4860 4861
f 4838 4861 4862
f 4839 4862 4863
f 4840 4863 4864
f 4841 4864 4865
f 4842 4865 4866
f 4843 4866 4867
f 4845 4868 4869
f 4846 4869 4870
f 4847 4870 4871
f 4848 4871 4872
f 4849 4872 4873
f 4850 4873 4874
f 4851 4874 4875
f 4852 4875 4876
f 4853 4876 4877
f 4854 4877 4878
f 4855 4878 4879
f 4856 4879 4880
f 4857 4880 4881
f 4858 4881 4882
f 4859 4882 4883
f 4860 4883 4884
f 4861 4884 4885
f 4862 4885 4886
f 4863 4886 4887
f 4864 4887 4888
f 4865 4888 4889
f 4866 4889 4890
f 4868 4891 4892
f 4869 4892 4893
f 4870 4893 4894
f 4871 4894 4895
f 4872 4895 4896
f 4873 4896 4897
f 4874 4897 4898
f 4875 4898 4899
f 4876 4899 4900
f 4877 4900 4901
f 4878 4901 4902
f 4879 4902 4903
f 4880 4903 4904
f 4881 4904 4905
f 4882 4905 4906
f 4883 4906 4907
f 4884 4907 4908
f 4885 4908 4909
f 4886 4909 4910
f 4887 4910 4911
f 4888 4911 4912
f 4889 4912 4913
f 4891 4914 4915
f 4892 4915 4916
f 4893 4916 4917
f 4894 4917 4918
f 4895 4918 4919
f 4896 4919 4920
f 4897 4920 4921
f 4898 4921 4922
f 4899 4922 4923
f 4900 4923 4924
f 4901 4924 4925
f 4902 4925 4926
f 4903 4926 4927
f 4904 4927 4928
f 4905 4928 4929
f 4906 4929 4930
f 4907 4930 4931
f 4908 4931 4932
f 4909 4932 4933
f 4910 4933 4934
f 4911 4934 4935
f 4912 4935 4936
f 4914 4937 4938
f 4915 4938 4939
f 4916 4939 4940
f 4917 4940 4941
f 4918 4941 4942
f 4919 4942 4943
f 4920 4943 4944
f 4921 4944 4945
f 4922 4945 4946
f 4923 4946 4947
f 4924 4947 4948
f 4925 4948 4949
f 4926 4949 4950
f 4927 4950 4951
f 4928 4951 4952
f 4929 4952 4953
f 4930 4953 4954
f 4931 4954 4955
f 4932 4955 4956
f 4933 4956 4957
f 4934 4957 4958
f 4935 4958 4959
f 4937 4960 4961
f 4938 4961 4962
f 4939 4962 4963
f 4940 4963 4964
f 4941 4964 4965
f 4942 4965 4966
f 4943 4966 4967
f 4944 4967 4968
f 4945 4968 4969
f 4946 4969 4970
f 4947 4970 4971
f 4948 4971 4972
f 4949 4972 4973
f 4950 4973 4974
f 4951 4974 4975
f 4952 4975 4976
f 4953 4976 4977
f 4954 4977 4978
f 4955 4978 4979
f 4956 4979 4980
f 4957 4980 4981
f 4958 4981 4982
f 4960 4983 4984
f 4961 4984 4985
f 4962 4985 4986
f 4963 4986 4987
f 4964 4987 4988
f 4965 4988 4989
f 4966 4989 4990
f 4967 4990 4991
f 4968 4991 4992
f 4969 4992 4993
f 4970 4993 4994
f 4971 4994 4995
f 4972 4995 4996
f 4973 4996 4997
f 4974 4997 4998
f 4975 4998 4999
f 4976 4999 5000
f 4977 5000 5001
f 4978 5001 5002
f 4979 5002 5003
f 4980 5003 5004
f 4981 5004 5005
f 4983 5006 5007
f 4984 5007 5008
f 4985 5008 5009
f 4986 5009 5010
f 4987 5010 5011
f 4988 5011 5012
f 4989 5012 5013
f 4990 5013 5014
f 4991 5014 5015
f 4992 5015 5016
f 4993 5016 5017
f 4994 5017 5018
f 4995 5018 5019
f 4996 5019 5020
f 4997 5020 5021
f 4998 5021 5022
f 4999 5022 5023
f 5000 5023 5024
f 5001 5024 5025
f 5002 5025 5026
f 5003 5026 5027
f 5004 5027 5028
f 5006 5029 5030
f 5007 5030 5031
f 5008 5031 5032
f 5009 5032 5033
f 5010 5033 5034
f 5011 5034 5035
f 5012 5035 5036
f 5013 5036 5037
f 5014 5037 5038
f 5015 5038 5039
f 5016 5039 5040
f 5017 5040 5041
f 5018 5041 5042
f 5019 5042 5043
f 5020 5043 5044
f 5021 5044 5045
f 5022 5045 5046
f 5023 5046 5047
f 5024 5047 5048
f 5025 5048 5049
f 5026 5049 5050
f 5027 5050 5051
f 5029 5052 5053
f 5030 5053 5054
f 5031 5054 5055
f 5032 5055 5056
f 5033 5056 5057
f 5034 5057 5058
f 5035 5058 5059
f 5036 5059 5060
f 5037 5060 5061
f 5038 5061 5062
f 5039 5062 5063
f 5040 5063 5064
f 5041 5064 5065
f 5042 5065 5066
f 5043 5066 5067
f 5044 5067 5068
f 5045 5068 5069
f 5046 5069 5070
f 5047 5070 5071
f 5048 5071 5072
f 5049 5072 5073
f 5050 5073 5074
f 5052 5075 5076
f 5053 5076 5077
f 5054 5077 5078
f 5055 5078 5079
f 5056 5079 5080
f 5057 5080 5081
f 5058 5081 5082
f 5059 5082 5083
f 5060 5083 5084
f 5061 5084 5085
f 5062 5085 5086
f 5063 5086 5087
f 5064 5087 5088
f 5065 5088 5089
f 5066 5089 5090
f 5067 5090 5091
f 5068 5091 5092
f 5069 5092 5093
f 5070 5093 5094
f 5071 5094 5095
f 5072 5095 5096
f 5073 5096 5097
f 5075 5098 5099
f 5076 5099 5100
f 5077 5100 5101
f 5078 5101 5102
f 5079 5102 5103
f 5080 5103 5104
f 5081 5104 5105
f 5082 5105 5106
f 5083 5106 5107
f 5084 5107 5108
f 5085 5108 5109
f 5086 5109 5110
f 5087 5110 5111
f 5088 5111 5112
f 5089 5112 5113
f 5090 5113 5114
f 5091 5114 5115
f 5092 5115 5116
f 5093 5116 5117
f 5094 5117 5118
f 5095 5118 5119
f 5096 5119 5120
f 5098 5121 5122
f 5099 5122 5123
f 5100 5123 5124
f 5101 5124 5125
f 5102 5125 5126
f 5103 5126 5127
f 5104 5127 5128
f 5105 5128 5129
f 5106 5129 5130
f 5107 5130 5131
f 5108 5131 5132
f 5109 5132 5133
f 5110 5133 5134
f 5111 5134 5135
f 5112 5135 5136
f 5113 5136 5137
f 5114 5137 5138
f 5115 5138 5139
f 5116 5139 5140
f 5117 5140 5141
f 5118 5141 5142
f 5119 5142 5143
f 5121 5144 5145
f 5122 5145 5146
f 5123 5146 5147
f 5124 5147 5148
f 5125 5148 5149
f 5126 5149 5150
f 5127 5150 5151
f 5128 5151 5152
f 5129 5152 5153
f 5130 5153 5154
f 5131 5154 5155
f 5132 5155 5156
f 5133 5156 5157
f 5134 5157 5158
f 5135 5158 5159
f 5136 5159 5160
f 5137 5160 5161
f 5138 5161 5162
f 5139 5162 5163
f 5140 5163 5164
f 5141 5164 5165
f 5142 5165 5166
f 5144 5167 5168
f 5145 5168 5169
f 5146 5169 5170
f 5147 5170 5171
f 5148 5171 5172
f 5149 5172 5173
f 5150 5173 5174
f 5151 5174 5175
f 5152 5175 5176
f 5153 5176 5177
f 5154 5177 5178
f 5155 5178 5179
f 5156 5179 5180
f 5157 5180 5181
f 5158 5181 5182
f 5159 5182 5183
f 5160 5183 5184
f 5161 5184 5185
f 5162 5185 5186
f 5163 5186 5187
f 5164 5187 5188
f 5165 5188 5189
f 5167 5190 5191
f 5168 5191 5192
f 5169 5192 5193
f 5170 5193 5194
f 5171 5194 5195
f 5172 5195 5196
f 5173 5196 5197
f 5174 5197 5198
f 5175 5198 5199
f 5176 5199 5200
f 5177 5200 5201
f 5178 5201 5202
f 5179 5202 5203
f 5180 5203 5204
f 5181 5204 5205
f 5182 5205 5206
f 5183 5206 5207
f 5184 5207 5208
f 5185 5208 5209
f 5186 5209 5210
f 5187 5210 5211
f 5188 5211 5212
f 5190 5213 5214
f 5191 5214 5215
f 5192 5215 5216
f 5193 5216 5217
f 5194 5217 5218
f 5195 5218 5219
f 5196 5219 5220
f 5197 5220 5221
f 5198 5221 5222
f 5199 5222 5223
f 5200 5223 5224
f 5201 5224 5225
f 5202 5225 5226
f 5203 5226 5227
f 5204 5227 5228
f 5205 5228 5229
f 5206 5229 5230
f 5207 5230 5231
f 5208 5231 5232
f 5209 5232 5233
f 5210 5233 5234
f 5211 5234 5235
f 5213 5236 5237
f 5214 5237 5238
f 5215 5238 5239
f 5216 5239 5240
f 5217 5240 5241
f 5218 5241 5242
f 5219 5242 5243
f 5220 5243 5244
f 5221 5244 5245
f 5222 5245 5246
f 5223 5246 5247
f 5224 5247 5248
f 5225 5248 5249
f 5226 5249 5250
f 5227 5250 5251
f 5228 5251 5252
f 5229 5252 5253
f 5230 5253 5254
f 5231 5254 5255
f 5232 5255 5256
f 5233 5256 5257
f 5234 5257 5258
f 5236 5259 5260
f 5237 5260 5261
f 5238 5261 5262
f 5239 5262 5263
f 5240 5263 5264
f 5241 5264 5265
f 5242 5265 5266
f 5243 5266 5267
f 5244 5267 5268
f 5245 5268 5269
f 5246 5269 5270
f 5247 5270 5271
f 5248 5271 5272
f 5249 5272 5273
f 5250 5273 5274
f 5251 5274 5275
f 5252 5275 5276
f 5253 5276 5277
f 5254 5277 5278
f 5255 5278 5279
f 5256 5279 5280
f 5257 5280 5281
f 5259 5282 5283
f 5260 5283 5284
f 5261 5284 5285
f 5262 5285 5286
f 5263 5286 5287
f 5264 5287 5288
f 5265 5288 5289
f 5266 5289 5290
f 5267 5290 5291
f 5268 5291 5292
f 5269 5292 5293
f 5270 5293 5294
f 5271 5294 5295
f 5272 5295 5296
f 5273 5296 5297
f 5274 5297 5298
f 5275 5298 5299
f 5276 5299 5300
f 5277 5300 5301
f 5278 5301 5302
f 5279 5302 5303
f 5280 5303 5304
f 5282 5305 5306
f 5283 5306 5307
f 5284 5307 5308
f 5285 5308 5309
f 5286 5309 5310
f 5287 5310 5311
f 5288 5311 5312
f 5289 5312 5313
f 5290 5313 5314
f 5291 5314 5315
f 5292 5315 5316
f 5293 5316 5317
f 5294 5317 5318
f 5295 5318 5319
f 5296 5319 5320
f 5297 5320 5321
f 5298 5321 5322
f 5299 5322 5323
f 5300 5323 5324
f 5301 5324 5325
f 5302 5325 5326
f 5303 5326 5327
f 5305 5328 5329
f 5306 5329 5330
f 5307 5330 5331
f 5308 5331 5332
f 5309 5332 5333
f 5310 5333 5334
f 5311 5334 5335
f 5312 5335 5336
f 5313 5336 5337
f 5314 5337 5338
f 5315 5338 5339
f 5316 5339 5340
f 5317 5340 5341
f 5318 5341 5342
f 5319 5342 5343
f 5320 5343 5344
f 5321 5344 5345
f 5322 5345 5346
f 5323 5346 5347
f 5324 5347 5348
f 5325 5348 5349
f 5326 5349 5350
f 5328 5351 5352
f 5329 5352 5353
f 5330 5353 5354
f 5331 5354 5355
f 5332 5355 5356
f 5333 5356 5357
f 5334 5357 5358
f 5335 5358 5359
f 5336 5359 5360
f 5337 5360 5361
f 5338 5361 5362
f 5339 5362 5363
f 5340 5363 5364
f 5341 5364 5365
f 5342 5365 5366
f 5343 5366 5367
f 5344 5367 5368
f 5345 5368 5369
f 5346 5369 5370
f 5347 5370 5371
f 5348 5371 5372
f 5349 5372 5373
f 5375 5398 5397
f 5376 5399 5398
f 5377 5400 5399
f 5378 5401 5400
f 5379 5402 5401
f 5380 5403 5402
f 5381 5404 5403
f 5382 5405 5404
f 5383 5406 5405
f 5384 5407 5406
f 5385 5408 5407
f 5386 5409 5408
f 5387 5410 5409
f 5388 5411 5410
f 5389 5412 5411
f 5390 5413 5412
f 5391 5414 5413
f 5392 5415 5414
f 5393 5416 5415
f 5394 5417 5416
f 5395 5418 5417
f 5396 5419 5418
f 5398 5421 5420
f 5399 5422 5421
f 5400 5423 5422
f 5401 5424 5423
f 5402 5425 5424
f 5403 5426 5425
f 5404 5427 5426
f 5405 5428 5427
f 5406 5429 5428
f 5407 5430 5429
f 5408 5431 5430
f 5409 5432 5431
f 5410 5433 5432
f 5411 5434 5433
f 5412 5435 5434
f 5413 5436 5435
f 5414 5437 5436
f 5415 5438 5437
f 5416 5439 5438
f 5417 5440 5439
f 5418 5441 5440
f 5419 5442 5441
f 5421 5444 5443
f 5422 5445 5444
f 5423 5446 5445
f 5424 5447 5446
f 5425 5448 5447
f 5426 5449 5448
f 5427 5450 5449
f 5428 5451 5450
f 5429 5452 5451
f 5430 5453 5452
f 5431 5454 5453
f 5432 5455 5454
f 5433 5456 5455
f 5434 5457 5456
f 5435 5458 5457
f 5436 5459 5458
f 5437 5460 5459
f 5438 5461 5460
f 5439 5462 5461
f 5440 5463 5462
f 5441 5464 5463
f 5442 5465 5464
f 5444 5467 5466
f 5445 5468 5467
f 5446 5469 5468
f 5447 5470 5469
f 5448 5471 5470
f 5449 5472 5471
f 5450 5473 5472
f 5451 5474 5473
f 5452 5475 5474
f 5453 5476 5475
f 5454 5477 5476
f 5455 5478 5477
f 5456 5479 5478
f 5457 5480 5479
f 5458 5481 5480
f 5459 5482 5481
f 5460 5483 5482
f 5461 5484 5483
f 5462 5485 5484
f 5463 5486 5485
f 5464 5487 5486
f 5465 5488 5487
f 5467 5490 5489
f 5468 5491 5490
f 5469 5492 5491
f 5470 5493 5492
f 5471 5494 5493
f 5472 5495 5494
f 5473 5496 5495
f 5474 5497 5496
f 5475 5498 5497
f 5476 5499 5498
f 5477 5500 5499
f 5478 5501 5500
f 5479 5502 5501
f 5480 5503 5502
f 5481 5504 5503
f 5482 5505 5504
f 5483 5506 5505
f 5484 5507 5506
f 5485 5508 5507
f 5486 5509 5508
f 5487 5510 5509
f 5488 5511 5510
f 5490 5513 5512
f 5491 5514 5513
f 5492 5515 5514
f 5493 5516 5515
f 5494 5517 5516
f 5495 5518 5517
f 5496 5519 5518
f 5497 5520 5519
f 5498 5521 5520
f 5499 5522 5521
f 5500 5523 5522
f 5501 5524 5523
f 5502 5525 5524
f 5503 5526 5525
f 5504 5527 5526
f 5505 5528 5527
f 5506 5529 5528
f 5507 5530 5529
f 5508 5531 5530
f 5509 5532 5531
f 5510 5533 5532
f 5511 5534 5533
f 5513 5536 5535
f 5514 5537 5536
f 5515 5538 5537
f 5516 5539 5538
f 5517 5540 5539
f 5518 5541 5540
f 5519 5542 5541
f 5520 5543 5542
f 5521 5544 5543
f 5522 5545 5544
f 5523 5546 5545
f 5524 5547 5546
f 5525 5548 5547
f 5526 5549 5548
f 5527 5550 5549
f 5528 5551 5550
f 5529 5552 5551
f 5530 5553 5552
f 5531 5554 5553
f 5532 5555 5554
f 5533 5556 5555
f 5534 5557 5556
f 5536 5559 5558
f 5537 5560 5559
f 5538 5561 5560
f 5539 5562 5561
f 5540 5563 5562
f 5541 5564 5563
f 5542 5565 5564
f 5543 5566 5565
f 5544 5567 5566
f 5545 5568 5567
f 5546 5569 5568
f 5547 5570 5569
f 5548 5571 5570
f 5549 5572 5571
f 5550 5573 5572
f 5551 5574 5573
f 5552 5575 5574
f 5553 5576 5575
f 5554 5577 5576
f 5555 5578 5577
f 5556 5579 5578
f 5557 5580 5579
f 5559 5582 5581
f 5560 5583 5582
f 5561 5584 5583
f 5562 5585 5584
f 5563 5586 5585
f 5564 5587 5586
f 5565 5588 5587
f 5566 5589 5588
f 5567 5590 5589
f 5568 5591 5590
f 5569 5592 5591
f 5570 5593 5592
f 5571 5594 5593
f 5572 5595 5594
f 5573 5596 5595
f 5574 5597 5596
f 5575 5598 5597
f 5576 5599 5598
f 5577 5600 5599
f 5578 5601 5600
f 5579 5602 5601
f 5580 5603 5602
f 5582 5605 5604
f 5583 5606 5605
f 5584 5607 5606
f 5585 5608 5607
f 5586 5609 5608
f 5587 5610 5609
f 5588 5611 5610
f 5589 5612 5611
f 5590 5613 5612
f 5591 5614 5613
f 5592 5615 5614
f 5593 5616 5615
f 5594 5617 5616
f 5595 5618 5617
f 5596 5619 5618
f 5597 5620 5619
f 5598 5621 5620
f 5599 5622 5621
f 5600 5623 5622
f 5601 5624 5623
f 5602 5625 5624
f 5603 5626 5625
f 5605 5628 5627
f 5606 5629 5628
f 5607 5630 5629
f 5608 5631 5630
f 5609 5632 5631
f 5610 5633 5632
f 5611 5634 5633
f 5612 5635 5634
f 5613 5636 5635
f 5614 5637 5636
f 5615 5638 5637
f 5616 5639 5638
f 5617 5640 5639
f 5618 5641 5640
f 5619 5642 5641
f 5620 5643 5642
f 5621 5644 5643
f 5622 5645 5644
f 5623 5646 5645
f 5624 5647 5646
f 5625 5648 5647
f 5626 5649 5648
f 5628 5651 5650
f 5629 5652 5651
f 5630 5653 5652
f 5631 5654 5653
f 5632 5655 5654
f 5633 5656 5655
f 5634 5657 5656
f 5635 5658 5657
f 5636 5659 5658
f 5637 5660 5659
f 5638 5661 5660
f 5639 5662 5661
f 5640 5663 5662
f 5641 5664 5663
f 5642 5665 5664
f 5643 5666 5665
f 5644 5667 5666
f 5645 5668 5667
f 5646 5669 5668
f 5647 5670 5669
f 5648 5671 5670
f 5649 5672 5671
f 5651 5674 5673
f 5652 5675 5674
f 5653 5676 5675
f 5654 5677 5676
f 5655 5678 5677
f 5656 5679 5678
f 5657 5680 5679
f 5658 5681 5680
f 5659 5682 5681
f 5660 5683 5682
f 5661 5684 5683
f 5662 5685 5684
f 5663 5686 5685
f 5664 5687 5686
f 5665 5688 5687
f 5666 5689 5688
f 5667 5690 5689
f 5668 5691 5690
f 5669 5692 5691
f 5670 5693 5692
f 5671 5694 5693
f 5672 5695 5694
f 5674 5697 5696
f 5675 5698 5697
f 5676 5699 5698
f 5677 5700 5699
f 5678 5701 5700
f 5679 5702 5701
f 5680 5703 5702
f 5681 5704 5703
f 5682 5705 5704
f 5683 5706 5705
f 5684 5707 5706
f 5685 5708 5707
f 5686 5709 5708
f 5687 5710 5709
f 5688 5711 5710
f 5689 5712 5711
f 5690 5713 5712
f 5691 5714 5713
f 5692 5715 5714
f 5693 5716 5715
f 5694 5717 5716
f 5695 5718 5717
f 5697 5720 5719
f 5698 5721 5720
f 5699 5722 5721
f 5700 5723 5722
f 5701 5724 5723
f 5702 5725 5724
f 5703 5726 5725
f 5704 5727 5726
f 5705 5728 5727
f 5706 5729 5728
f 5707 5730 5729
f 5708 5731 5730
f 5709 5732 5731
f 5710 5733 5732
f 5711 5734 5733
f 5712 5735 5734
f 5713 5736 5735
f 5714 5737 5736
f 5715 5738 5737
f 5716 5739 5738
f 5717 5740 5739
f 5718 5741 5740
f 5720 5743 5742
f 5721 5744 5743
f 5722 5745 5744
f 5723 5746 5745
f 5724 5747 5746
f 5725 5748 5747
f 5726 5749 5748
f 5727 5750 5749
f 5728 5751 5750
f 5729 5752 5751
f 5730 5753 5752
f 5731 5754 5753
f 5732 5755 5754
f 5733 5756 5755
f 5734 5757 5756
f 5735 5758 5757
f 5736 5759 5758
f 5737 5760 5759
f 5738 5761 5760
f 5739 5762 5761
f 5740 5763 5762
f 5741 5764 5763
f 5743 5766 5765
f 5744 5767 5766
f 5745 5768 5767
f 5746 5769 5768
f 5747 5770 5769
f 5748 5771 5770
f 5749 5772 5771
f 5750 5773 5772
f 5751 5774 5773
f 5752 5775 5774
f 5753 5776 5775
f 5754 5777 5776
f 5755 5778 5777
f 5756 5779 5778
f 5757 5780 5779
f 5758 5781 5780
f 5759 5782 5781
f 5760 5783 5782
f 5761 5784 5783
f 5762 5785 5784
f 5763 5786 5785
f 5764 5787 5786
f 5766 5789 5788
f 5767 5790 5789
f 5768 5791 5790
f 5769 5792 5791
f 5770 5793 5792
f 5771 5794 5793
f 5772 5795 5794
f 5773 5796 5795
f 5774 5797 5796
f 5775 5798 5797
f 5776 5799 5798
f 5777 5800 5799
f 5778 5801 5800
f 5779 5802 5801
f 5780 5803 5802
f 5781 5804 5803
f 5782 5805 5804
f 5783 5806 5805
f 5784 5807 5806
f 5785 5808 5807
f 5786 5809 5808
f 5787 5810 5809
f 5789 5812 5811
f 5790 5813 5812
f 5791 5814 5813
f 5792 5815 5814
f 5793 5816 5815
f 5794 5817 5816
f 5795 5818 5817
f 5796 5819 5818
f 5797 5820 5819
f 5798 5821 5820
f 5799 5822 5821
f 5800 5823 5822
f 5801 5824 5823
f 5802 5825 5824
f 5803 5826 5825
f 5804 5827 5826
f 5805 5828 5827
f 5806 5829 5828
f 5807 5830 5829
f 5808 5831 5830
f 5809 5832 5831
f 5810 5833 5832
f 5812 5835 5834
f 5813 5836 5835
f 5814 5837 5836
f 5815 5838 5837
f 5816 5839 5838
f 5817 5840 5839
f 5818 5841 5840
f 5819 5842 5841
f 5820 5843 5842
f 5821 5844 5843
f 5822 5845 5844
f 5823 5846 5845
f 5824 5847 5846
f 5825 5848 5847
f 5826 5849 5848
f 5827 5850 5849
f 5828 5851 5850
f 5829 5852 5851
f 5830 5853 5852
f 5831 5854 5853
f 5832 5855 5854
f 5833 5856 5855
f 5835 5858 5857
f 5836 5859 5858
f 5837 5860 5859
f 5838 5861 5860
f 5839 5862 5861
f 5840 5863 5862
f 5841 5864 5863
f 5842 5865 5864
f 5843 5866 5865
f 5844 5867 5866
f 5845 5868 5867
f 5846 5869 5868
f 5847 5870 5869
f 5848 5871 5870
f 5849 5872 5871
f 5850 5873 5872
f 5851 5874 5873
f 5852 5875 5874
f 5853 5876 5875
f 5854 5877 5876
f 5855 5878 5877
f 5856 5879 5878
f 5858 5881 5880
f 5859 5882 5881
f 5860 5883 5882
f 5861 5884 5883
f 5862 5885 5884
f 5863 5886 5885
f 5864 5887 5886
f 5865 5888 5887
f 5866 5889 5888
f 5867 5890 5889
f 5868 5891 5890
f 5869 5892 5891
f 5870 5893 5892
f 5871 5894 5893
f 5872 5895 5894
f 5873 5896 5895
f 5874 5897 5896
f 5875 5898 5897
f 5876 5899 5898
f 5877 5900 5899
f 5878 5901 5900
f 5879 5902 5901
f 5881 5904 5903
f 5882 5905 5904
f 5883 5906 5905
f 5884 5907 5906
f 5885 5908 5907
f 5886 5909 5908
f 5887 5910 5909
f 5888 5911 5910
f 5889 5912 5911
f 5890 5913 5912
f 5891 5914 5913
f 5892 5915 5914
f 5893 5916 5915
f 5894 5917 5916
f 5895 5918 5917
f 5896 5919 5918
f 5897 5920 5919
f 5898 5921 5920
f 5899 5922 5921
f 5900 5923 5922
f 5901 5924 5923
f 5902 5925 5924
f 5904 5927 5926
f 5905 5928 5927
f 5906 5929 5928
f 5907 5930 5929
f 5908 5931 5930
f 5909 5932 5931
f 5910 5933 5932
f 5911 5934 5933
f 5912 5935 5934
f 5913 5936 5935
f 5914 5937 5936
f 5915 5938 5937
f 5916 5939 5938
f 5917 5940 5939
f 5918 5941 5940
f 5919 5942 5941
f 5920 5943 5942
f 5921 5944 5943
f 5922 5945 5944
f 5923 5946 5945
f 5924 5947 5946
f 5925 5948 5947
f 5927 5950 5949
f 5928 5951 5950
f 5929 5952 5951
f 5930 5953 5952
f 5931 5954 5953
f 5932 5955 5954
f 5933 5956 5955
f 5934 5957 5956
f 5935 5958 5957
f 5936 5959 5958
f 5937 5960 5959
f 5938 5961 5960
f 5939 5962 5961
f 5940 5963 5962
f 5941 5964 5963
f 5942 5965 5964
f 5943 5966 5965
f 5944 5967 5966
f 5945 5968 5967
f 5946 5969 5968
f 5947 5970 5969
f 5948 5971 5970
f 5950 5973 5972
f 5951 5974 5973
f 5952 5975 5974
f 5953 5976 5975
f 5954 5977 5976
f 5955 5978 5977
f 5956 5979 5978
f 5957 5980 5979
f 5958 5981 5980
f 5959 5982 5981
f 5960 5983 5982
f 5961 5984 5983
f 5962 5985 5984
f 5963 5986 5985
f 5964 5987 5986
f 5965 5988 5987
f 5966 5989 5988
f 5967 5990 5989
f 5968 5991 5990
f 5969 5992 5991
f 5970 5993 5992
f 5971 5994 5993
f 5973 5996 5995
f 5974 5997 5996
f 5975 5998 5997
f 5976 5999 5998
f 5977 6000 5999
f 5978 6001 6000
f 5979 6002 6001
f 5980 6003 6002
f 5981 6004 6003
f 5982 6005 6004
f 5983 6006 6005
f 5984 6007 6006
f 5985 6008 6007
f 5986 6009 6008
f 5987 6010 6009
f 5988 6011 6010
f 5989 6012 6011
f 5990 6013 6012
f 5991 6014 6013
f 5992 6015 6014
f 5993 6016 6015
f 5994 6017 6016
f 5996 6019 6018
f 5997 6020 6019
f 5998 6021 6020
f 5999 6022 6021
f 6000 6023 6022
f 6001 6024 6023
f 6002 6025 6024
f 6003 6026 6025
f 6004 6027 6026
f 6005 6028 6027
f 6006 6029 6028
f 6007 6030 6029
f 6008 6031 6030
f 6009 6032 6031
f 6010 6033 6032
f 6011 6034 6033
f 6012 6035 6034
f 6013 6036 6035
f 6014 6037 6036
f 6015 6038 6037
f 6016 6039 6038
f 6017 6040 6039
f 6019 6042 6041
f 6020 6043 6042
f 6021 6044 6043
f 6022 6045 6044
f 6023 6046 6045
f 6024 6047 6046
f 6025 6048 6047
f 6026 6049 6048
f 6027 6050 6049
f 6028 6051 6050
f 6029 6052 6051
f 6030 6053 6052
f 6031 6054 6053
f 6032 6055 6054
f 6033 6056 6055
f 6034 6057 6056
f 6035 6058 6057
f 6036 6059 6058
f 6037 6060 6059
f 6038 6061 6060
f 6039 6062 6061
f 6040 6063 6062
f 6042 6065 6064
f 6043 6066 6065
f 6044 6067 6066
f 6045 6068 6067
f 6046 6069 6068
f 6047 6070 6069
f 6048 6071 6070
f 6049 6072 6071
f 6050 6073 6072
f 6051 6074 6073
f 6052 6075 6074
f 6053 6076 6075
f 6054 6077 6076
f 6055 6078 6077
f 6056 6079 6078
f 6057 6080 6079
f 6058 6081 6080
f 6059 6082 6081
f 6060 6083 6082
f 6061 6084 6083
f 6062 6085 6084
f 6063 6086 6085
f 6065 6088 6087
f 6066 6089 6088
f 6067 6090 6089
f 6068 6091 6090
f 6069 6092 6091
f 6070 6093 6092
f 6071 6094 6093
f 6072 6095 6094
f 6073 6096 6095
f 6074 6097 6096
f 6075 6098 6097
f 6076 6099 6098
f 6077 6100 6099
f 6078 6101 6100
f 6079 6102 6101
f 6080 6103 6102
f 6081 6104 6103
f 6082 6105 6104
f 6083 6106 6105
f 6084 6107 6106
f 6085 6108 6107
f 6086 6109 6108
f 6088 6111 6110
f 6089 6112 6111
f 6090 6113 6112
f 6091 6114 6113
f 6092 6115 6114
f 6093 6116 6115
f 6094 6117 6116
f 6095 6118 6117
f 6096 6119 6118
f 6097 6120 6119
f 6098 6121 6120
f 6099 6122 6121
f 6100 6123 6122
f 6101 6124 6123
f 6102 6125 6124
f 6103 6126 6125
f 6104 6127 6126
f 6105 6128 6127
f 6106 6129 6128
f 6107 6130 6129
f 6108 6131 6130
f 6109 6132 6131
f 6111 6134 6133
f 6112 6135 6134
f 6113 6136 6135
f 6114 6137 6136
f 6115 6138 6137
f 6116 6139 6138
f 6117 6140 6139
f 6118 6141 6140
f 6119 6142 6141
f 6120 6143 6142
f 6121 6144 6143
f 6122 6145 6144
f 6123 6146 6145
f 6124 6147 6146
f 6125 6148 6147
f 6126 6149 6148
f 6127 6150 6149
f 6128 6151 6150
f 6129 6152 6151
f 6130 6153 6152
f 6131 6154 6153
f 6132 6155 6154
f 6134 6157 6156
f 6135 6158 6157
f 6136 6159 6158
f 6137 6160 6159
f 6138 6161 6160
f 6139 6162 6161
f 6140 6163 6162
f 6141 6164 6163
f 6142 6165 6164
f 6143 6166 6165
f 6144 6167 6166
f 6145 6168 6167
f 6146 6169 6168
f 6147 6170 6169
f 6148 6171 6170
f 6149 6172 6171
f 6150 6173 6172
f 6151 6174 6173
f 6152 6175 6174
f 6153 6176 6175
f 6154 6177 6176
f 6155 6178 6177
f 6157 6180 6179
f 6158 6181 6180
f 6159 6182 6181
f 6160 6183 6182
f 6161 6184 6183
f 6162 6185 6184
f 6163 6186 6185
f 6164 6187 6186
f 6165 6188 6187
f 6166 6189 6188
f 6167 6190 6189
f 6168 6191 6190
f 6169 6192 6191
f 6170 6193 6192
f 6171 6194 6193
f 6172 6195 6194
f 6173 6196 6195
f 6174 6197 6196
f 6175 6198 6197
f 6176 6199 6198
f 6177 6200 6199
f 6178 6201 6200
f 6180 6203 6202
f 6181 6204 6203
f 6182 6205 6204
f 6183 6206 6205
f 6184 6207 6206
f 6185 6208 6207
f 6186 6209 6208
f 6187 6210 6209
f 6188 6211 6210
f 6189 6212 6211
f 6190 6213 6212
f 6191 6214 6213
f 6192 6215 6214
f 6193 6216 6215
f 6194 6217 6216
f 6195 6218 6217
f 6196 6219 6218
f 6197 6220 6219
f 6198 6221 6220
f 6199 6222 6221
f 6200 6223 6222
f 6201 6224 6223
f 6203 6226 6225
f 6204 6227 6226
f 6205 6228 6227
f 6206 6229 6228
f 6207 6230 6229
f 6208 6231 6230
f 6209 6232 6231
f 6210 6233 6232
f 6211 6234 6233
f 6212 6235 6234
f 6213 6236 6235
f 6214 6237 6236
f 6215 6238 6237
f 6216 6239 6238
f 6217 6240 6239
f 6218 6241 6240
f 6219 6242 6241
f 6220 6243 6242
f 6221 6244 6243
f 6222 6245 6244
f 6223 6246 6245
f 6224 6247 6246
f 6226 6249 6248
f 6227 6250 6249
f 6228 6251 6250
f 6229 6252 6251
f 6230 6253 6252
f 6231 6254 6253
f 6232 6255 6254
f 6233 6256 6255
f 6234 6257 6256
f 6235 6258 6257
f 6236 6259 6258
f 6237 6260 6259
f 6238 6261 6260
f 6239 6262 6261
f 6240 6263 6262
f 6241 6264 6263
f 6242 6265 6264
f 6243 6266 6265
f 6244 6267 6266
f 6245 6268 6267
f 6246 6269 6268
f 6247 6270 6269
f 5374 5397 4500
f 4477 4478 5375
f 4478 4479 5376
f 4479 4480 5377
f 4480 4481 5378
f 4481 4482 5379
f 4482 4483 5380
f 4483 4484 5381
f 4484 4485 5382
f 4485 4486 5383
f 4486 4487 5384
f 4487 4488 5385
f 4488 4489 5386
f 4489 4490 5387
f 4490 4491 5388
f 4491 4492 5389
f 4492 4493 5390
f 4493 4494 5391
f 4494 4495 5392
f 4495 4496 5393
f 4496 4497 5394
f 4497 4498 5395
f 4499 4522 5419
f 4498 4499 5396
f 5397 5420 4523
f 4522 4545 5442
f 5420 5443 4546
f 4545 4568 5465
f 5443 5466 4569
f 4568 4591 5488
f 5466 5489 4592
f 4591 4614 5511
f 5489 5512 4615
f 4614 4637 5534
f 5512 5535 4638
f 4637 4660 5557
f 5535 5558 4661
f 4660 4683 5580
f 5558 5581 4684
f 4683 4706 5603
f 5581 5604 4707
f 4706 4729 5626
f 5604 5627 4730
f 4729 4752 5649
f 5627 5650 4753
f 4752 4775 5672
f 5650 5673 4776
f 4775 4798 5695
f 5673 5696 4799
f 4798 4821 5718
f 5696 5719 4822
f 4821 4844 5741
f 5719 5742 4845
f 4844 4867 5764
f 5742 5765 4868
f 4867 4890 5787
f 5765 5788 4891
f 4890 4913 5810
f 5788 5811 4914
f 4913 4936 5833
f 5811 5834 4937
f 4936 4959 5856
f 5834 5857 4960
f 4959 4982 5879
f 5857 5880 4983
f 4982 5005 5902
f 5880 5903 5006
f 5005 5028 5925
f 5903 5926 5029
f 5028 5051 5948
f 5926 5949 5052
f 5051 5074 5971
f 5949 5972 5075
f 5074 5097 5994
f 5972 5995 5098
f 5097 5120 6017
f 5995 6018 5121
f 5120 5143 6040
f 6018 6041 5144
f 5143 5166 6063
f 6041 6064 5167
f 5166 5189 6086
f 6064 6087 5190
f 5189 5212 6109
f 6087 6110 5213
f 5212 5235 6132
f 6110 6133 5236
f 5235 5258 6155
f 6133 6156 5259
f 5258 5281 6178
f 6156 6179 5282
f 5281 5304 6201
f 6179 6202 5305
f 5304 5327 6224
f 6202 6225 5328
f 5327 5350 6247
f 6225 6248 5351
f 6248 6249 5352
f 6249 6250 5353
f 6250 6251 5354
f 6251 6252 5355
f 6252 6253 5356
f 6253 6254 5357
f 6254 6255 5358
f 6255 6256 5359
f 6256 6257 5360
f 6257 6258 5361
f 6258 6259 5362
f 6259 6260 5363
f 6260 6261 5364
f 6261 6262 5365
f 6262 6263 5366
f 6263 6264 5367
f 6264 6265 5368
f 6265 6266 5369
f 6266 6267 5370
f 6267 6268 5371
f 6268 6269 5372
f 6269 6270 5373
f 5350 5373 6270
f 4477 4501 4478
f 4478 4502 4479
f 4479 4503 4480
f 4480 4504 4481
f 4481 4505 4482
f 4482 4506 4483
f 4483 4507 4484
f 4484 4508 4485
f 4485 4509 4486
f 4486 4510 4487
f 4487 4511 4488
f 4488 4512 4489
f 4489 4513 4490
f 4490 4514 4491
f 4491 4515 4492
f 4492 4516 4493
f 4493 4517 4494
f 4494 4518 4495
f 4495 4519 4496
f 4496 4520 4497
f 4497 4521 4498
f 4498 4522 4499
f 4500 4524 4501
f 4501 4525 4502
f 4502 4526 4503
f 4503 4527 4504
f 4504 4528 4505
f 4505 4529 4506
f 4506 4530 4507
f 4507 4531 4508
f 4508 4532 4509
f 4509 4533 4510
f 4510 4534 4511
f 4511 4535 4512
f 4512 4536 4513
f 4513 4537 4514
f 4514 4538 4515
f 4515 4539 4516
f 4516 4540 4517
f 4517 4541 4518
f 4518 4542 4519
f 4519 4543 4520
f 4520 4544 4521
f 4521 4545 4522
f 4523 4547 4524
f 4524 4548 4525
f 4525 4549 4526
f 4526 4550 4527
f 4527 4551 4528
f 4528 4552 4529
f 4529 4553 4530
f 4530 4554 4531
f 4531 4555 4532
f 4532 4556 4533
f 4533 4557 4534
f 4534 4558 4535
f 4535 4559 4536
f 4536 4560 4537
f 4537 4561 4538
f 4538 4562 4539
f 4539 4563 4540
f 4540 4564 4541
f 4541 4565 4542
f 4542 4566 4543
f 4543 4567 4544
f 4544 4568 4545
f 4546 4570 4547
f 4547 4571 4548
f 4548 4572 4549
f 4549 4573 4550
f 4550 4574 4551
f 4551 4575 4552
f 4552 4576 4553
f 4553 4577 4554
f 4554 4578 4555
f 4555 4579 4556
f 4556 4580 4557
f 4557 4581 4558
f 4558 4582 4559
f 4559 4583 4560
f 4560 4584 4561
f 4561 4585 4562
f 4562 4586 4563
f 4563 4587 4564
f 4564 4588 4565
f 4565 4589 4566
f 4566 4590 4567
f 4567 4591 4568
f 4569 4593 4570
f 4570 4594 4571
f 4571 4595 4572
f 4572 4596 4573
f 4573 4597 4574
f 4574 4598 4575
f 4575 4599 4576
f 4576 4600 4577
f 4577 4601 4578
f 4578 4602 4579
f 4579 4603 4580
f 4580 4604 4581
f 4581 4605 4582
f 4582 4606 4583
f 4583 4607 4584
f 4584 4608 4585
f 4585 4609 4586
f 4586 4610 4587
f 4587 4611 4588
f 4588 4612 4589
f 4589 4613 4590
f 4590 4614 4591
f 4592 4616 4593
f 4593 4617 4594
f 4594 4618 4595
f 4595 4619 4596
f 4596 4620 4597
f 4597 4621 4598
f 4598 4622 4599
f 4599 4623 4600
f 4600 4624 4601
f 4601 4625 4602
f 4602 4626 4603
f 4603 4627 4604
f 4604 4628 4605
f 4605 4629 4606
f 4606 4630 4607
f 4607 4631 4608
f 4608 4632 4609
f 4609 4633 4610
f 4610 4634 4611
f 4611 4635 4612
f 4612 4636 4613
f 4613 4637 4614
f 4615 4639 4616
f 4616 4640 4617
f 4617 4641 4618
f 4618 4642 4619
f 4619 4643 4620
f 4620 4644 4621
f 4621 4645 4622
f 4622 4646 4623
f 4623 4647 4624
f 4624 4648 4625
f 4625 4649 4626
f 4626 4650 4627
f 4627 4651 4628
f 4628 4652 4629
f 4629 4653 4630
f 4630 4654 4631
f 4631 4655 4632
f 4632 4656 4633
f 4633 4657 4634
f 4634 4658 4635
f 4635 4659 4636
f 4636 4660 4637
f 4638 4662 4639
f 4639 4663 4640
f 4640 4664 4641
f 4641 4665 4642
f 4642 4666 4643
f 4643 4667 4644
f 4644 4668 4645
f 4645 4669 4646
f 4646 4670 4647
f 4647 4671 4648
f 4648 4672 4649
f 4649 4673 4650
f 4650 4674 4651
f 4651 4675 4652
f 4652 4676 4653
f 4653 4677 4654
f 4654 4678 4655
f 4655 4679 4656
f 4656 4680 4657
f 4657 4681 4658
f 4658 4682 4659
f 4659 4683 4660
f 4661 4685 4662
f 4662 4686 4663
f 4663 4687 4664
f 4664 4688 4665
f 4665 4689 4666
f 4666 4690 4667
f 4667 4691 4668
f 4668 4692 4669
f 4669 4693 4670
f 4670 4694 4671
f 4671 4695 4672
f 4672 4696 4673
f 4673 4697 4674
f 4674 4698 4675
f 4675 4699 4676
f 4676 4700 4677
f 4677 4701 4678
f 4678 4702 4679
f 4679 4703 4680
f 4680 4704 4681
f 4681 4705 4682
f 4682 4706 4683
f 4684 4708 4685
f 4685 4709 4686
f 4686 4710 4687
f 4687 4711 4688
f 4688 4712 4689
f 4689 4713 4690
f 4690 4714 4691
f 4691 4715 4692
f 4692 4716 4693
f 4693 4717 4694
f 4694 4718 4695
f 4695 4719 4696
f 4696 4720 4697
f 4697 4721 4698
f 4698 4722 4699
f 4699 4723 4700
f 4700 4724 4701
f 4701 4725 4702
f 4702 4726 4703
f 4703 4727 4704
f 4704 4728 4705
f 4705 4729 4706
f 4707 4731 4708
f 4708 4732 4709
f 4709 4733 4710
f 4710 4734 4711
f 4711 4735 4712
f 4712 4736 4713
f 4713 4737 4714
f 4714 4738 4715
f 4715 4739 4716
f 4716 4740 4717
f 4717 4741 4718
f 4718 4742 4719
f 4719 4743 4720
f 4720 4744 4721
f 4721 4745 4722
f 4722 4746 4723
f 4723 4747 4724
f 4724 4748 4725
f 4725 4749 4726
f 4726 4750 4727
f 4727 4751 4728
f 4728 4752 4729
f 4730 4754 4731
f 4731 4755 4732
f 4732 4756 4733
f 4733 4757 4734
f 4734 4758 4735
f 4735 4759 4736
f 4736 4760 4737
f 4737 4761 4738
f 4738 4762 4739
f 4739 4763 4740
f 4740 4764 4741
f 4741 4765 4742
f 4742 4766 4743
f 4743 4767 4744
f 4744 4768 4745
f 4745 4769 4746
f 4746 4770 4747
f 4747 4771 4748
f 4748 4772 4749
f 4749 4773 4750
f 4750 4774 4751
f 4751 4775 4752
f 4753 4777 4754
f 4754 4778 4755
f 4755 4779 4756
f 4756 4780 4757
f 4757 4781 4758
f 4758 4782 4759
f 4759 4783 4760
f 4760 4784 4761
f 4761 4785 4762
f 4762 4786 4763
f 4763 4787 4764
f 4764 4788 4765
f 4765 4789 4766
f 4766 4790 4767
f 4767 4791 4768
f 4768 4792 4769
f 4769 4793 4770
f 4770 4794 4771
f 4771 4795 4772
f 4772 4796 4773
f 4773 4797 4774
f 4774 4798 4775
f 4776 4800 4777
f 4777 4801 4778
f 4778 4802 4779
f 4779 4803 4780
f 4780 4804 4781
f 4781 4805 4782
f 4782 4806 4783
f 4783 4807 4784
f 4784 4808 4785
f 4785 4809 4786
f 4786 4810 4787
f 4787 4811 4788
f 4788 4812 4789
f 4789 4813 4790
f 4790 4814 4791
f 4791 4815 4792
f 4792 4816 4793
f 4793 4817 4794
f 4794 4818 4795
f 4795 4819 4796
f 4796 4820 4797
f 4797 4821 4798
f 4799 4823 4800
f 4800 4824 4801
f 4801 4825 4802
f 4802 4826 4803
f 4803 4827 4804
f 4804 4828 4805
f 4805 4829 4806
f 4806 4830 4807
f 4807 4831 4808
f 4808 4832 4809
f 4809 4833 4810
f 4810 4834 4811
f 4811 4835 4812
f 4812 4836 4813
f 4813 4837 4814
f 4814 4838 4815
f 4815 4839 4816
f 4816 4840 4817
f 4817 4841 4818
f 4818 4842 4819
f 4819 4843 4820
f 4820 4844 4821
f 4822 4846 4823
f 4823 4847 4824
f 4824 4848 4825
f 4825 4849 4826
f 4826 4850 4827
f 4827 4851 4828
f 4828 4852 4829
f 4829 4853 4830
f 4830 4854 4831
f 4831 4855 4832
f 4832 4856 4833
f 4833 4857 4834
f 4834 4858 4835
f 4835 4859 4836
f 4836 4860 4837
f 4837 4861 4838
f 4838 4862 4839
f 4839 4863 4840
f 4840 4864 4841
f 4841 4865 4842
f 4842 4866 4843
f 4843 4867 4844
f 4845 4869 4846
f 4846 4870 4847
f 4847 4871 4848
f 4848 4872 4849
f 4849 4873 4850
f 4850 4874 4851
f 4851 4875 4852
f 4852 4876 4853
f 4853 4877 4854
f 4854 4878 4855
f 4855 4879 4856
f 4856 4880 4857
f 4857 4881 4858
f 4858 4882 4859
f 4859 4883 4860
f 4860 4884 4861
f 4861 4885 4862
f 4862 4886 4863
f 4863 4887 4864
f 4864 4888 4865
f 4865 4889 4866
f 4866 4890 4867
f 4868 4892 4869
f 4869 4893 4870
f 4870 4894 4871
f 4871 4895 4872
f 4872 4896 4873
f 4873 4897 4874
f 4874 4898 4875
f 4875 4899 4876
f 4876 4900 4877
f 4877 4901 4878
f 4878 4902 4879
f 4879 4903 4880
f 4880 4904 4881
f 4881 4905 4882
f 4882 4906 4883
f 4883 4907 4884
f 4884 4908 4885
f 4885 4909 4886
f 4886 4910 4887
f 4887 4911 4888
f 4888 4912 4889
f 4889 4913 4890
f 4891 4915 4892
f 4892 4916 4893
f 4893 4917 4894
f 4894 4918 4895
f 4895 4919 4896
f 4896 4920 4897
f 4897 4921 4898
f 4898 4922 4899
f 4899 4923 4900
f 4900 4924 4901
f 4901 4925 4902
f 4902 4926 4903
f 4903 4927 4904
f 4904 4928 4905
f 4905 4929 4906
f 4906 4930 4907
f 4907 4931 4908
f 4908 4932 4909
f 4909 4933 4910
f 4910 4934 4911
f 4911 4935 4912
f 4912 4936 4913
f 4914 4938 4915
f 4915 4939 4916
f 4916 4940 4917
f 4917 4941 4918
f 4918 4942 4919
f 4919 4943 4920
f 4920 4944 4921
f 4921 4945 4922
f 4922 4946 4923
f 4923 4947 4924
f 4924 4948 4925
f 4925 4949 4926
f 4926 4950 4927
f 4927 4951 4928
f 4928 4952 4929
f 4929 4953 4930
f 4930 4954 4931
f 4931 4955 4932
f 4932 4956 4933
f 4933 4957 4934
f 4934 4958 4935
f 4935 4959 4936
f 4937 4961 4938
f 4938 4962 4939
f 4939 4963 4940
f 4940 4964 4941
f 4941 4965 4942
f 4942 4966 4943
f 4943 4967 4944
f 4944 4968 4945
f 4945 4969 4946
f 4946 4970 4947
f 4947 4971 4948
f 4948 4972 4949
f 4949 4973 4950
f 4950 4974 4951
f 4951 4975 4952
f 4952 4976 4953
f 4953 4977 4954
f 4954 4978 4955
f 4955 4979 4956
f 4956 4980 4957
f 4957 4981 4958
f 4958 4982 4959
f 4960 4984 4961
f 4961 4985 4962
f 4962 4986 4963
f 4963 4987 4964
f 4964 4988 4965
f 4965 4989 4966
f 4966 4990 4967
f 4967 4991 4968
f 4968 4992 4969
f 4969 4993 4970
f 4970 4994 4971
f 4971 4995 4972
f 4972 4996 4973
f 4973 4997 4974
f 4974 4998 4975
f 4975 4999 4976
f 4976 5000 4977
f 4977 5001 4978
f 4978 5002 4979
f 4979 5003 4980
f 4980 5004 4981
f 4981 5005 4982
f 4983 5007 4984
f 4984 5008 4985
f 4985 5009 4986
f 4986 5010 4987
f 4987 5011 4988
f 4988 5012 4989
f 4989 5013 4990
f 4990 5014 4991
f 4991 5015 4992
f 4992 5016 4993
f 4993 5017 4994
f 4994 5018 4995
f 4995 5019 4996
f 4996 5020 4997
f 4997 5021 4998
f 4998 5022 4999
f 4999 5023 5000
f 5000 5024 5001
f 5001 5025 5002
f 5002 5026 5003
f 5003 5027 5004
f 5004 5028 5005
f 5006 5030 5007
f 5007 5031 5008
f 5008 5032 5009
f 5009 5033 5010
f 5010 5034 5011
f 5011 5035 5012
f 5012 5036 5013
f 5013 5037 5014
f 5014 5038 5015
f 5015 5039 5016
f 5016 5040 5017
f 5017 5041 5018
f 5018 5042 5019
f 5019 5043 5020
f 5020 5044 5021
f 5021 5045 5022
f 5022 5046 5023
f 5023 5047 5024
f 5024 5048 5025
f 5025 5049 5026
f 5026 5050 5027
f 5027 5051 5028
f 5029 5053 5030
f 5030 5054 5031
f 5031 5055 5032
f 5032 5056 5033
f 5033 5057 5034
f 5034 5058 5035
f 5035 5059 5036
f 5036 5060 5037
f 5037 5061 5038
f 5038 5062 5039
f 5039 5063 5040
f 5040 5064 5041
f 5041 5065 5042
f 5042 5066 5043
f 5043 5067 5044
f 5044 5068 5045
f 5045 5069 5046
f 5046 5070 5047
f 5047 5071 5048
f 5048 5072 5049
f 5049 5073 5050
f 5050 5074 5051
f 5052 5076 5053
f 5053 5077 5054
f 5054 5078 5055
f 5055 5079 5056
f 5056 5080 5057
f 5057 5081 5058
f 5058 5082 5059
f 5059 5083 5060
f 5060 5084 5061
f 5061 5085 5062
f 5062 5086 5063
f 5063 5087 5064
f 5064 5088 5065
f 5065 5089 5066
f 5066 5090 5067
f 5067 5091 5068
f 5068 5092 5069
f 5069 5093 5070
f 5070 5094 5071
f 5071 5095 5072
f 5072 5096 5073
f 5073 5097 5074
f 5075 5099 5076
f 5076 5100 5077
f 5077 5101 5078
f 5078 5102 5079
f 5079 5103 5080
f 5080 5104 5081
f 5081 5105 5082
f 5082 5106 5083
f 5083 5107 5084
f 5084 5108 5085
f 5085 5109 5086
f 5086 5110 5087
f 5087 5111 5088
f 5088 5112 5089
f 5089 5113 5090
f 5090 5114 5091
f 5091 5115 5092
f 5092 5116 5093
f 5093 5117 5094
f 5094 5118 5095
f 5095 5119 5096
f 5096 5120 5097
f 5098 5122 5099
f 5099 5123 5100
f 5100 5124 5101
f 5101 5125 5102
f 5102 5126 5103
f 5103 5127 5104
f 5104 5128 5105
f 5105 5129 5106
f 5106 5130 5107
f 5107 5131 5108
f 5108 5132 5109
f 5109 5133 5110
f 5110 5134 5111
f 5111 5135 5112
f 5112 5136 5113
f 5113 5137 5114
f 5114 5138 5115
f 5115 5139 5116
f 5116 5140 5117
f 5117 5141 5118
f 5118 5142 5119
f 5119 5143 5120
f 5121 5145 5122
f 5122 5146 5123
f 5123 5147 5124
f 5124 5148 5125
f 5125 5149 5126
f 5126 5150 5127
f 5127 5151 5128
f 5128 5152 5129
f 5129 5153 5130
f 5130 5154 5131
f 5131 5155 5132
f 5132 5156 5133
f 5133 5157 5134
f 5134 5158 5135
f 5135 5159 5136
f 5136 5160 5137
f 5137 5161 5138
f 5138 5162 5139
f 5139 5163 5140
f 5140 5164 5141
f 5141 5165 5142
f 5142 5166 5143
f 5144 5168 5145
f 5145 5169 5146
f 5146 5170 5147
f 5147 5171 5148
f 5148 5172 5149
f 5149 5173 5150
f 5150 5174 5151
f 5151 5175 5152
f 5152 5176 5153
f 5153 5177 5154
f 5154 5178 5155
f 5155 5179 5156
f 5156 5180 5157
f 5157 5181 5158
f 5158 5182 5159
f 5159 5183 5160
f 5160 5184 5161
f 5161 5185 5162
f 5162 5186 5163
f 5163 5187 5164
f 5164 5188 5165
f 5165 5189 5166
f 5167 5191 5168
f 5168 5192 5169
f 5169 5193 5170
f 5170 5194 5171
f 5171 5195 5172
f 5172 5196 5173
f 5173 5197 5174
f 5174 5198 5175
f 5175 5199 5176
f 5176 5200 5177
f 5177 5201 5178
f 5178 5202 5179
f 5179 5203 5180
f 5180 5204 5181
f 5181 5205 5182
f 5182 5206 5183
f 5183 5207 5184
f 5184 5208 5185
f 5185 5209 5186
f 5186 5210 5187
f 5187 5211 5188
f 5188 5212 5189
f 5190 5214 5191
f 5191 5215 5192
f 5192 5216 5193
f 5193 5217 5194
f 5194 5218 5195
f 5195 5219 5196
f 5196 5220 5197
f 5197 5221 5198
f 5198 5222 5199
f 5199 5223 5200
f 5200 5224 5201
f 5201 5225 5202
f 5202 5226 5203
f 5203 5227 5204
f 5204 5228 5205
f 5205 5229 5206
f 5206 5230 5207
f 5207 5231 5208
f 5208 5232 5209
f 5209 5233 5210
f 5210 5234 5211
f 5211 5235 5212
f 5213 5237 5214
f 5214 5238 5215
f 5215 5239 5216
f 5216 5240 5217
f 5217 5241 5218
f 5218 5242 5219
f 5219 5243 5220
f 5220 5244 5221
f 5221 5245 5222
f 5222 5246 5223
f 5223 5247 5224
f 5224 5248 5225
f 5225 5249 5226
f 5226 5250 5227
f 5227 5251 5228
f 5228 5252 5229
f 5229 5253 5230
f 5230 5254 5231
f 5231 5255 5232
f 5232 5256 5233
f 5233 5257 5234
f 5234 5258 5235
f 5236 5260 5237
f 5237 5261 5238
f 5238 5262 5239
f 5239 5263 5240
f 5240 5264 5241
f 5241 5265 5242
f 5242 5266 5243
f 5243 5267 5244
f 5244 5268 5245
f 5245 5269 5246
f 5246 5270 5247
f 5247 5271 5248
f 5248 5272 5249
f 5249 5273 5250
f 5250 5274 5251
f 5251 5275 5252
f 5252 5276 5253
f 5253 5277 5254
f 5254 5278 5255
f 5255 5279 5256
f 5256 5280 5257
f 5257 5281 5258
f 5259 5283 5260
f 5260 5284 5261
f 5261 5285 5262
f 5262 5286 5263
f 5263 5287 5264
f 5264 5288 5265
f 5265 5289 5266
f 5266 5290 5267
f 5267 5291 5268
f 5268 5292 5269
f 5269 5293 5270
f 5270 5294 5271
f 5271 5295 5272
f 5272 5296 5273
f 5273 5297 5274
f 5274 5298 5275
f 5275 5299 5276
f 5276 5300 5277
f 5277 5301 5278
f 5278 5302 5279
f 5279 5303 5280
f 5280 5304 5281
f 5282 5306 5283
f 5283 5307 5284
f 5284 5308 5285
f 5285 5309 5286
f 5286 5310 5287
f 5287 5311 5288
f 5288 5312 5289
f 5289 5313 5290
f 5290 5314 5291
f 5291 5315 5292
f 5292 5316 5293
f 5293 5317 5294
f 5294 5318 5295
f 5295 5319 5296
f 5296 5320 5297
f 5297 5321 5298
f 5298 5322 5299
f 5299 5323 5300
f 5300 5324 5301
f 5301 5325 5302
f 5302 5326 5303
f 5303 5327 5304
f 5305 5329 5306
f 5306 5330 5307
f 5307 5331 5308
f 5308 5332 5309
f 5309 5333 5310
f 5310 5334 5311
f 5311 5335 5312
f 5312 5336 5313
f 5313 5337 5314
f 5314 5338 5315
f 5315 5339 5316
f 5316 5340 5317
f 5317 5341 5318
f 5318 5342 5319
f 5319 5343 5320
f 5320 5344 5321
f 5321 5345 5322
f 5322 5346 5323
f 5323 5347 5324
f 5324 5348 5325
f 5325 5349 5326
f 5326 5350 5327
f 5328 5352 5329
f 5329 5353 5330
f 5330 5354 5331
f 5331 5355 5332
f 5332 5356 5333
f 5333 5357 5334
f 5334 5358 5335
f 5335 5359 5336
f 5336 5360 5337
f 5337 5361 5338
f 5338 5362 5339
f 5339 5363 5340
f 5340 5364 5341
f 5341 5365 5342
f 5342 5366 5343
f 5343 5367 5344
f 5344 5368 5345
f 5345 5369 5346
f 5346 5370 5347
f 5347 5371 5348
f 5348 5372 5349
f 5349 5373 5350
f 5375 5397 5374
f 5376 5398 5375
f 5377 5399 5376
f 5378 5400 5377
f 5379 5401 5378
f 5380 5402 5379
f 5381 5403 5380
f 5382 5404 5381
f 5383 5405 5382
f 5384 5406 5383
f 5385 5407 5384
f 5386 5408 5385
f 5387 5409 5386
f 5388 5410 5387
f 5389 5411 5388
f 5390 5412 5389
f 5391 5413 5390
f 5392 5414 5391
f 5393 5415 5392
f 5394 5416 5393
f 5395 5417 5394
f 5396 5418 5395
f 5398 5420 5397
f 5399 5421 5398
f 5400 5422 5399
f 5401 5423 5400
f 5402 5424 5401
f 5403 5425 5402
f 5404 5426 5403
f 5405 5427 5404
f 5406 5428 5405
f 5407 5429 5406
f 5408 5430 5407
f 5409 5431 5408
f 5410 5432 5409
f 5411 5433 5410
f 5412 5434 5411
f 5413 5435 5412
f 5414 5436 5413
f 5415 5437 5414
f 5416 5438 5415
f 5417 5439 5416
f 5418 5440 5417
f 5419 5441 5418
f 5421 5443 5420
f 5422 5444 5421
f 5423 5445 5422
f 5424 5446 5423
f 5425 5447 5424
f 5426 5448 5425
f 5427 5449 5426
f 5428 5450 5427
f 5429 5451 5428
f 5430 5452 5429
f 5431 5453 5430
f 5432 5454 5431
f 5433 5455 5432
f 5434 5456 5433
f 5435 5457 5434
f 5436 5458 5435
f 5437 5459 5436
f 5438 5460 5437
f 5439 5461 5438
f 5440 5462 5439
f 5441 5463 5440
f 5442 5464 5441
f 5444 5466 5443
f 5445 5467 5444
f 5446 5468 5445
f 5447 5469 5446
f 5448 5470 5447
f 5449 5471 5448
f 5450 5472 5449
f 5451 5473 5450
f 5452 5474 5451
f 5453 5475 5452
f 5454 5476 5453
f 5455 5477 5454
f 5456 5478 5455
f 5457 5479 5456
f 5458 5480 5457
f 5459 5481 5458
f 5460 5482 5459
f 5461 5483 5460
f 5462 5484 5461
f 5463 5485 5462
f 5464 5486 5463
f 5465 5487 5464
f 5467 5489 5466
f 5468 5490 5467
f 5469 5491 5468
f 5470 5492 5469
f 5471 5493 5470
f 5472 5494 5471
f 5473 5495 5472
f 5474 5496 5473
f 5475 5497 5474
f 5476 5498 5475
f 5477 5499 5476
f 5478 5500 5477
f 5479 5501 5478
f 5480 5502 5479
f 5481 5503 5480
f 5482 5504 5481
f 5483 5505 5482
f 5484 5506 5483
f 5485 5507 5484
f 5486 5508 5485
f 5487 5509 5486
f 5488 5510 5487
f 5490 5512 5489
f 5491 5513 5490
f 5492 5514 5491
f 5493 5515 5492
f 5494 5516 5493
f 5495 5517 5494
f 5496 5518 5495
f 5497 5519 5496
f 5498 5520 5497
f 5499 5521 5498
f 5500 5522 5499
f 5501 5523 5500
f 5502 5524 5501
f 5503 5525 5502
f 5504 5526 5503
f 5505 5527 5504
f 5506 5528 5505
f 5507 5529 5506
f 5508 5530 5507
f 5509 5531 5508
f 5510 5532 5509
f 5511 5533 5510
f 5513 5535 5512
f 5514 5536 5513
f 5515 5537 5514
f 5516 5538 5515
f 5517 5539 5516
f 5518 5540 5517
f 5519 5541 5518
f 5520 5542 5519
f 5521 5543 5520
f 5522 5544 5521
f 5523 5545 5522
f 5524 5546 5523
f 5525 5547 5524
f 5526 5548 5525
f 5527 5549 5526
f 5528 5550 5527
f 5529 5551 5528
f 5530 5552 5529
f 5531 5553 5530
f 5532 5554 5531
f 5533 5555 5532
f 5534 5556 5533
f 5536 5558 5535
f 5537 5559 5536
f 5538 5560 5537
f 5539 5561 5538
f 5540 5562 5539
f 5541 5563 5540
f 5542 5564 5541
f 5543 5565 5542
f 5544 5566 5543
f 5545 5567 5544
f 5546 5568 5545
f 5547 5569 5546
f 5548 5570 5547
f 5549 5571 5548
f 5550 5572 5549
f 5551 5573 5550
f 5552 5574 5551
f 5553 5575 5552
f 5554 5576 5553
f 5555 5577 5554
f 5556 5578 5555
f 5557 5579 5556
f 5559 5581 5558
f 5560 5582 5559
f 5561 5583 5560
f 5562 5584 5561
f 5563 5585 5562
f 5564 5586 5563
f 5565 5587 5564
f 5566 5588 5565
f 5567 5589 5566
f 5568 5590 5567
f 5569 5591 5568
f 5570 5592 5569
f 5571 5593 5570
f 5572 5594 5571
f 5573 5595 5572
f 5574 5596 5573
f 5575 5597 5574
f 5576 5598 5575
f 5577 5599 5576
f 5578 5600 5577
f 5579 5601 5578
f 5580 5602 5579
f 5582 5604 5581
f 5583 5605 5582
f 5584 5606 5583
f 5585 5607 5584
f 5586 5608 5585
f 5587 5609 5586
f 5588 5610 5587
f 5589 5611 5588
f 5590 5612 5589
f 5591 5613 5590
f 5592 5614 5591
f 5593 5615 5592
f 5594 5616 5593
f 5595 5617 5594
f 5596 5618 5595
f 5597 5619 5596
f 5598 5620 5597
f 5599 5621 5598
f 5600 5622 5599
f 5601 5623 5600
f 5602 5624 5601
f 5603 5625 5602
f 5605 5627 5604
f 5606 5628 5605
f 5607 5629 5606
f 5608 5630 5607
f 5609 5631 5608
f 5610 5632 5609
f 5611 5633 5610
f 5612 5634 5611
f 5613 5635 5612
f 5614 5636 5613
f 5615 5637 5614
f 5616 5638 5615
f 5617 5639 5616
f 5618 5640 5617
f 5619 5641 5618
f 5620 5642 5619
f 5621 5643 5620
f 5622 5644 5621
f 5623 5645 5622
f 5624 5646 5623
f 5625 5647 5624
f 5626 5648 5625
f 5628 5650 5627
f 5629 5651 5628
f 5630 5652 5629
f 5631 5653 5630
f 5632 5654 5631
f 5633 5655 5632
f 5634 5656 5633
f 5635 5657 5634
f 5636 5658 5635
f 5637 5659 5636
f 5638 5660 5637
f 5639 5661 5638
f 5640 5662 5639
f 5641 5663 5640
f 5642 5664 5641
f 5643 5665 5642
f 5644 5666 5643
f 5645 5667 5644
f 5646 5668 5645
f 5647 5669 5646
f 5648 5670 5647
f 5649 5671 5648
f 5651 5673 5650
f 5652 5674 5651
f 5653 5675 5652
f 5654 5676 5653
f 5655 5677 5654
f 5656 5678 5655
f 5657 5679 5656
f 5658 5680 5657
f 5659 5681 5658
f 5660 5682 5659
f 5661 5683 5660
f 5662 5684 5661
f 5663 5685 5662
f 5664 5686 5663
f 5665 5687 5664
f 5666 5688 5665
f 5667 5689 5666
f 5668 5690 5667
f 5669 5691 5668
f 5670 5692 5669
f 5671 5693 5670
f 5672 5694 5671
f 5674 5696 5673
f 5675 5697 5674
f 5676 5698 5675
f 5677 5699 5676
f 5678 5700 5677
f 5679 5701 5678
f 5680 5702 5679
f 5681 5703 5680
f 5682 5704 5681
f 5683 5705 5682
f 5684 5706 5683
f 5685 5707 5684
f 5686 5708 5685
f 5687 5709 5686
f 5688 5710 5687
f 5689 5711 5688
f 5690 5712 5689
f 5691 5713 5690
f 5692 5714 5691
f 5693 5715 5692
f 5694 5716 5693
f 5695 5717 5694
f 5697 5719 5696
f 5698 5720 5697
f 5699 5721 5698
f 5700 5722 5699
f 5701 5723 5700
f 5702 5724 5701
f 5703 5725 5702
f 5704 5726 5703
f 5705 5727 5704
f 5706 5728 5705
f 5707 5729 5706
f 5708 5730 5707
f 5709 5731 5708
f 5710 5732 5709
f 5711 5733 5710
f 5712 5734 5711
f 5713 5735 5712
f 5714 5736 5713
f 5715 5737 5714
f 5716 5738 5715
f 5717 5739 5716
f 5718 5740 5717
f 5720 5742 5719
f 5721 5743 5720
f 5722 5744 5721
f 5723 5745 5722
f 5724 5746 5723
f 5725 5747 5724
f 5726 5748 5725
f 5727 5749 5726
f 5728 5750 5727
f 5729 5751 5728
f 5730 5752 5729
f 5731 5753 5730
f 5732 5754 5731
f 5733 5755 5732
f 5734 5756 5733
f 5735 5757 5734
f 5736 5758 5735
f 5737 5759 5736
f 5738 5760 5737
f 5739 5761 5738
f 5740 5762 5739
f 5741 5763 5740
f 5743 5765 5742
f 5744 5766 5743
f 5745 5767 5744
f 5746 5768 5745
f 5747 5769 5746
f 5748 5770 5747
f 5749 5771 5748
f 5750 5772 5749
f 5751 5773 5750
f 5752 5774 5751
f 5753 5775 5752
f 5754 5776 5753
f 5755 5777 5754
f 5756 5778 5755
f 5757 5779 5756
f 5758 5780 5757
f 5759 5781 5758
f 5760 5782 5759
f 5761 5783 5760
f 5762 5784 5761
f 5763 5785 5762
f 5764 5786 5763
f 5766 5788 5765
f 5767 5789 5766
f 5768 5790 5767
f 5769 5791 5768
f 5770 5792 5769
f 5771 5793 5770
f 5772 5794 5771
f 5773 5795 5772
f 5774 5796 5773
f 5775 5797 5774
f 5776 5798 5775
f 5777 5799 5776
f 5778 5800 5777
f 5779 5801 5778
f 5780 5802 5779
f 5781 5803 5780
f 5782 5804 5781
f 5783 5805 5782
f 5784 5806 5783
f 5785 5807 5784
f 5786 5808 5785
f 5787 5809 5786
f 5789 5811 5788
f 5790 5812 5789
f 5791 5813 5790
f 5792 5814 5791
f 5793 5815 5792
f 5794 5816 5793
f 5795 5817 5794
f 5796 5818 5795
f 5797 5819 5796
f 5798 5820 5797
f 5799 5821 5798
f 5800 5822 5799
f 5801 5823 5800
f 5802 5824 5801
f 5803 5825 5802
f 5804 5826 5803
f 5805 5827 5804
f 5806 5828 5805
f 5807 5829 5806
f 5808 5830 5807
f 5809 5831 5808
f 5810 5832 5809
f 5812 5834 5811
f 5813 5835 5812
f 5814 5836 5813
f 5815 5837 5814
f 5816 5838 5815
f 5817 5839 5816
f 5818 5840 5817
f 5819 5841 5818
f 5820 5842 5819
f 5821 5843 5820
f 5822 5844 5821
f 5823 5845 5822
f 5824 5846 5823
f 5825 5847 5824
f 5826 5848 5825
f 5827 5849 5826
f 5828 5850 5827
f 5829 5851 5828
f 5830 5852 5829
f 5831 5853 5830
f 5832 5854 5831
f 5833 5855 5832
f 5835 5857 5834
f 5836 5858 5835
f 5837 5859 5836
f 5838 5860 5837
f 5839 5861 5838
f 5840 5862 5839
f 5841 5863 5840
f 5842 5864 5841
f 5843 5865 5842
f 5844 5866 5843
f 5845 5867 5844
f 5846 5868 5845
f 5847 5869 5846
f 5848 5870 5847
f 5849 5871 5848
f 5850 5872 5849
f 5851 5873 5850
f 5852 5874 5851
f 5853 5875 5852
f 5854 5876 5853
f 5855 5877 5854
f 5856 5878 5855
f 5858 5880 5857
f 5859 5881 5858
f 5860 5882 5859
f 5861 5883 5860
f 5862 5884 5861
f 5863 5885 5862
f 5864 5886 5863
f 5865 5887 5864
f 5866 5888 5865
f 5867 5889 5866
f 5868 5890 5867
f 5869 5891 5868
f 5870 5892 5869
f 5871 5893 5870
f 5872 5894 5871
f 5873 5895 5872
f 5874 5896 5873
f 5875 5897 5874
f 5876 5898 5875
f 5877 5899 5876
f 5878 5900 5877
f 5879 5901 5878
f 5881 5903 5880
f 5882 5904 5881
f 5883 5905 5882
f 5884 5906 5883
f 5885 5907 5884
f 5886 5908 5885
f 5887 5909 5886
f 5888 5910 5887
f 5889 5911 5888
f 5890 5912 5889
f 5891 5913 5890
f 5892 5914 5891
f 5893 5915 5892
f 5894 5916 5893
f 5895 5917 5894
f 5896 5918 5895
f 5897 5919 5896
f 5898 5920 5897
f 5899 5921 5898
f 5900 5922 5899
f 5901 5923 5900
f 5902 5924 5901
f 5904 5926 5903
f 5905 5927 5904
f 5906 5928 5905
f 5907 5929 5906
f 5908 5930 5907
f 5909 5931 5908
f 5910 5932 5909
f 5911 5933 5910
f 5912 5934 5911
f 5913 5935 5912
f 5914 5936 5913
f 5915 5937 5914
f 5916 5938 5915
f 5917 5939 5916
f 5918 5940 5917
f 5919 5941 5918
f 5920 5942 5919
f 5921 5943 5920
f 5922 5944 5921
f 5923 5945 5922
f 5924 5946 5923
f 5925 5947 5924
f 5927 5949 5926
f 5928 5950 5927
f 5929 5951 5928
f 5930 5952 5929
f 5931 5953 5930
f 5932 5954 5931
f 5933 5955 5932
f 5934 5956 5933
f 5935 5957 5934
f 5936 5958 5935
f 5937 5959 5936
f 5938 5960 5937
f 5939 5961 5938
f 5940 5962 5939
f 5941 5963 5940
f 5942 5964 5941
f 5943 5965 5942
f 5944 5966 5943
f 5945 5967 5944
f 5946 5968 5945
f 5947 5969 5946
f 5948 5970 5947
f 5950 5972 5949
f 5951 5973 5950
f 5952 5974 5951
f 5953 5975 5952
f 5954 5976 5953
f 5955 5977 5954
f 5956 5978 5955
f 5957 5979 5956
f 5958 5980 5957
f 5959 5981 5958
f 5960 5982 5959
f 5961 5983 5960
f 5962 5984 5961
f 5963 5985 5962
f 5964 5986 5963
f 5965 5987 5964
f 5966 5988 5965
f 5967 5989 5966
f 5968 5990 5967
f 5969 5991 5968
f 5970 5992 5969
f 5971 5993 5970
f 5973 5995 5972
f 5974 5996 5973
f 5975 5997 5974
f 5976 5998 5975
f 5977 5999 5976
f 5978 6000 5977
f 5979 6001 5978
f 5980 6002 5979
f 5981 6003 5980
f 5982 6004 5981
f 5983 6005 5982
f 5984 6006 5983
f 5985 6007 5984
f 5986 6008 5985
f 5987 6009 5986
f 5988 6010 5987
f 5989 6011 5988
f 5990 6012 5989
f 5991 6013 5990
f 5992 6014 5991
f 5993 6015 5992
f 5994 6016 5993
f 5996 6018 5995
f 5997 6019 5996
f 5998 6020 5997
f 5999 6021 5998
f 6000 6022 5999
f 6001 6023 6000
f 6002 6024 6001
f 6003 6025 6002
f 6004 6026 6003
f 6005 6027 6004
f 6006 6028 6005
f 6007 6029 6006
f 6008 6030 6007
f 6009 6031 6008
f 6010 6032 6009
f 6011 6033 6010
f 6012 6034 6011
f 6013 6035 6012
f 6014 6036 6013
f 6015 6037 6014
f 6016 6038 6015
f 6017 6039 6016
f 6019 6041 6018
f 6020 6042 6019
f 6021 6043 6020
f 6022 6044 6021
f 6023 6045 6022
f 6024 6046 6023
f 6025 6047 6024
f 6026 6048 6025
f 6027 6049 6026
f 6028 6050 6027
f 6029 6051 6028
f 6030 6052 6029
f 6031 6053 6030
f 6032 6054 6031
f 6033 6055 6032
f 6034 6056 6033
f 6035 6057 6034
f 6036 6058 6035
f 6037 6059 6036
f 6038 6060 6037
f 6039 6061 6038
f 6040 6062 6039
f 6042 6064 6041
f 6043 6065 6042
f 6044 6066 6043
f 6045 6067 6044
f 6046 6068 6045
f 6047 6069 6046
f 6048 6070 6047
f 6049 6071 6048
f 6050 6072 6049
f 6051 6073 6050
f 6052 6074 6051
f 6053 6075 6052
f 6054 6076 6053
f 6055 6077 6054
f 6056 6078 6055
f 6057 6079 6056
f 6058 6080 6057
f 6059 6081 6058
f 6060 6082 6059
f 6061 6083 6060
f 6062 6084 6061
f 6063 6085 6062
f 6065 6087 6064
f 6066 6088 6065
f 6067 6089 6066
f 6068 6090 6067
f 6069 6091 6068
f 6070 6092 6069
f 6071 6093 6070
f 6072 6094 6071
f 6073 6095 6072
f 6074 6096 6073
f 6075 6097 6074
f 6076 6098 6075
f 6077 6099 6076
f 6078 6100 6077
f 6079 6101 6078
f 6080 6102 6079
f 6081 6103 6080
f 6082 6104 6081
f 6083 6105 6082
f 6084 6106 6083
f 6085 6107 6084
f 6086 6108 6085
f 6088 6110 6087
f 6089 6111 6088
f 6090 6112 6089
f 6091 6113 6090
f 6092 6114 6091
f 6093 6115 6092
f 6094 6116 6093
f 6095 6117 6094
f 6096 6118 6095
f 6097 6119 6096
f 6098 6120 6097
f 6099 6121 6098
f 6100 6122 6099
f 6101 6123 6100
f 6102 6124 6101
f 6103 6125 6102
f 6104 6126 6103
f 6105 6127 6104
f 6106 6128 6105
f 6107 6129 6106
f 6108 6130 6107
f 6109 6131 6108
f 6111 6133 6110
f 6112 6134 6111
f 6113 6135 6112
f 6114 6136 6113
f 6115 6137 6114
f 6116 6138 6115
f 6117 6139 6116
f 6118 6140 6117
f 6119 6141 6118
f 6120 6142 6119
f 6121 6143 6120
f 6122 6144 6121
f 6123 6145 6122
f 6124 6146 6123
f 6125 6147 6124
f 6126 6148 6125
f 6127 6149 6126
f 6128 6150 6127
f 6129 6151 6128
f 6130 6152 6129
f 6131 6153 6130
f 6132 6154 6131
f 6134 6156 6133
f 6135 6157 6134
f 6136 6158 6135
f 6137 6159 6136
f 6138 6160 6137
f 6139 6161 6138
f 6140 6162 6139
f 6141 6163 6140
f 6142 6164 6141
f 6143 6165 6142
f 6144 6166 6143
f 6145 6167 6144
f 6146 6168 6145
f 6147 6169 6146
f 6148 6170 6147
f 6149 6171 6148
f 6150 6172 6149
f 6151 6173 6150
f 6152 6174 6151
f 6153 6175 6152
f 6154 6176 6153
f 6155 6177 6154
f 6157 6179 6156
f 6158 6180 6157
f 6159 6181 6158
f 6160 6182 6159
f 6161 6183 6160
f 6162 6184 6161
f 6163 6185 6162
f 6164 6186 6163
f 6165 6187 6164
f 6166 6188 6165
f 6167 6189 6166
f 6168 6190 6167
f 6169 6191 6168
f 6170 6192 6169
f 6171 6193 6170
f 6172 6194 6171
f 6173 6195 6172
f 6174 6196 6173
f 6175 6197 6174
f 6176 6198 6175
f 6177 6199 6176
f 6178 6200 6177
f 6180 6202 6179
f 6181 6203 6180
f 6182 6204 6181
f 6183 6205 6182
f 6184 6206 6183
f 6185 6207 6184
f 6186 6208 6185
f 6187 6209 6186
f 6188 6210 6187
f 6189 6211 6188
f 6190 6212 6189
f 6191 6213 6190
f 6192 6214 6191
f 6193 6215 6192
f 6194 6216 6193
f 6195 6217 6194
f 6196 6218 6195
f 6197 6219 6196
f 6198 6220 6197
f 6199 6221 6198
f 6200 6222 6199
f 6201 6223 6200
f 6203 6225 6202
f 6204 6226 6203
f 6205 6227 6204
f 6206 6228 6205
f 6207 6229 6206
f 6208 6230 6207
f 6209 6231 6208
f 6210 6232 6209
f 6211 6233 6210
f 6212 6234 6211
f 6213 6235 6212
f 6214 6236 6213
f 6215 6237 6214
f 6216 6238 6215
f 6217 6239 6216
f 6218 6240 6217
f 6219 6241 6218
f 6220 6242 6219
f 6221 6243 6220
f 6222 6244 6221
f 6223 6245 6222
f 6224 6246 6223
f 6226 6248 6225
f 6227 6249 6226
f 6228 6250 6227
f 6229 6251 6228
f 6230 6252 6229
f 6231 6253 6230
f 6232 6254 6231
f 6233 6255 6232
f 6234 6256 6233
f 6235 6257 6234
f 6236 6258 6235
f 6237 6259 6236
f 6238 6260 6237
f 6239 6261 6238
f 6240 6262 6239
f 6241 6263 6240
f 6242 6264 6241
f 6243 6265 6242
f 6244 6266 6243
f 6245 6267 6244
f 6246 6268 6245
f 6247 6269 6246
f 5374 4500 4477
f 4477 5375 5374
f 4478 5376 5375
f 4479 5377 5376
f 4480 5378 5377
f 4481 5379 5378
f 4482 5380 5379
f 4483 5381 5380
f 4484 5382 5381
f 4485 5383 5382
f 4486 5384 5383
f 4487 5385 5384
f 4488 5386 5385
f 4489 5387 5386
f 4490 5388 5387
f 4491 5389 5388
f 4492 5390 5389
f 4493 5391 5390
f 4494 5392 5391
f 4495 5393 5392
f 4496 5394 5393
f 4497 5395 5394
f 4499 5419 5396
f 4498 5396 5395
f 5397 4523 4500
f 4522 5442 5419
f 5420 4546 4523
f 4545 5465 5442
f 5443 4569 4546
f 4568 5488 5465
f 5466 4592 4569
f 4591 5511 5488
f 5489 4615 4592
f 4614 5534 5511
f 5512 4638 4615
f 4637 5557 5534
f 5535 4661 4638
f 4660 5580 5557
f 5558 4684 4661
f 4683 5603 5580
f 5581 4707 4684
f 4706 5626 5603
f 5604 4730 4707
f 4729 5649 5626
f 5627 4753 4730
f 4752 5672 5649
f 5650 4776 4753
f 4775 5695 5672
f 5673 4799 4776
f 4798 5718 5695
f 5696 4822 4799
f 4821 5741 5718
f 5719 4845 4822
f 4844 5764 5741
f 5742 4868 4845
f 4867 5787 5764
f 5765 4891 4868
f 4890 5810 5787
f 5788 4914 4891
f 4913 5833 5810
f 5811 4937 4914
f 4936 5856 5833
f 5834 4960 4937
f 4959 5879 5856
f 5857 4983 4960
f 4982 5902 5879
f 5880 5006 4983
f 5005 5925 5902
f 5903 5029 5006
f 5028 5948 5925
f 5926 5052 5029
f 5051 5971 5948
f 5949 5075 5052
f 5074 5994 5971
f 5972 5098 5075
f 5097 6017 5994
f 5995 5121 5098
f 5120 6040 6017
f 6018 5144 5121
f 5143 6063 6040
f 6041 5167 5144
f 5166 6086 6063
f 6064 5190 5167
f 5189 6109 6086
f 6087 5213 5190
f 5212 6132 6109
f 6110 5236 5213
f 5235 6155 6132
f 6133 5259 5236
f 5258 6178 6155
f 6156 5282 5259
f 5281 6201 6178
f 6179 5305 5282
f 5304 6224 6201
f 6202 5328 5305
f 5327 6247 6224
f 6225 5351 5328
f 6248 5352 5351
f 6249 5353 5352
f 6250 5354 5353
f 6251 5355 5354
f 6252 5356 5355
f 6253 5357 5356
f 6254 5358 5357
f 6255 5359 5358
f 6256 5360 5359
f 6257 5361 5360
f 6258 5362 5361
f 6259 5363 5362
f 6260 5364 5363
f 6261 5365 5364
f 6262 5366 5365
f 6263 5367 5366
f 6264 5368 5367
f 6265 5369 5368
f 6266 5370 5369
f 6267 5371 5370
f 6268 5372 5371
f 6269 5373 5372
f 5350 6270 6247
f 6272 6321 6320
f 6273 6322 6321
f 6274 6323 6322
f 6275 6324 6323
f 6276 6325 6324
f 6277 6326 6325
f 6278 6327 6326
f 6279 6328 6327
f 6280 6329 6328
f 6281 6330 6329
f 6282 6331 6330
f 6283 6332 6331
f 6284 6333 6332
f 6285 6334 6333
f 6286 6335 6334
f 6287 6336 6335
f 6288 6337 6336
f 6289 6338 6337
f 6290 6339 6338
f 6291 6340 6339
f 6292 6341 6340
f 6293 6342 6341
f 6294 6343 6342
f 6295 6344 6343
f 6296 6345 6344
f 6297 6346 6345
f 6298 6347 6346
f 6299 6348 6347
f 6300 6349 6348
f 6301 6350 6349
f 6302 6351 6350
f 6303 6352 6351
f 6304 6353 6352
f 6305 6354 6353
f 6306 6355 6354
f 6307 6356 6355
f 6308 6357 6356
f 6309 6358 6357
f 6310 6359 6358
f 6311 6360 6359
f 6312 6361 6360
f 6313 6362 6361
f 6314 6363 6362
f 6315 6364 6363
f 6316 6365 6364
f 6317 6366 6365
f 6318 6367 6366
f 6319 6368 6367
f 6321 6370 6369
f 6322 6371 6370
f 6323 6372 6371
f 6324 6373 6372
f 6325 6374 6373
f 6326 6375 6374
f 6327 6376 6375
f 6328 6377 6376
f 6329 6378 6377
f 6330 6379 6378
f 6331 6380 6379
f 6332 6381 6380
f 6333 6382 6381
f 6334 6383 6382
f 6335 6384 6383
f 6336 6385 6384
f 6337 6386 6385
f 6338 6387 6386
f 6339 6388 6387
f 6340 6389 6388
f 6341 6390 6389
f 6342 6391 6390
f 6343 6392 6391
f 6344 6393 6392
f 6345 6394 6393
f 6346 6395 6394
f 6347 6396 6395
f 6348 6397 6396
f 6349 6398 6397
f 6350 6399 6398
f 6351 6400 6399
f 6352 6401 6400
f 6353 6402 6401
f 6354 6403 6402
f 6355 6404 6403
f 6356 6405 6404
f 6357 6406 6405
f 6358 6407 6406
f 6359 6408 6407
f 6360 6409 6408
f 6361 6410 6409
f 6362 6411 6410
f 6363 6412 6411
f 6364 6413 6412
f 6365 6414 6413
f 6366 6415 6414
f 6367 6416 6415
f 6368 6417 6416
f 6370 6419 6418
f 6371 6420 6419
f 6372 6421 6420
f 6373 6422 6421
f 6374 6423 6422
f 6375 6424 6423
f 6376 6425 6424
f 6377 6426 6425
f 6378 6427 6426
f 6379 6428 6427
f 6380 6429 6428
f 6381 6430 6429
f 6382 6431 6430
f 6383 6432 6431
f 6384 6433 6432
f 6385 6434 6433
f 6386 6435 6434
f 6387 6436 6435
f 6388 6437 6436
f 6389 6438 6437
f 6390 6439 6438
f 6391 6440 6439
f 6392 6441 6440
f 6393 6442 6441
f 6394 6443 6442
f 6395 6444 6443
f 6396 6445 6444
f 6397 6446 6445
f 6398 6447 6446
f 6399 6448 6447
f 6400 6449 6448
f 6401 6450 6449
f 6402 6451 6450
f 6403 6452 6451
f 6404 6453 6452
f 6405 6454 6453
f 6406 6455 6454
f 6407 6456 6455
f 6408 6457 6456
f 6409 6458 6457
f 6410 6459 6458
f 6411 6460 6459
f 6412 6461 6460
f 6413 6462 6461
f 6414 6463 6462
f 6415 6464 6463
f 6416 6465 6464
f 6417 6466 6465
f 6419 6468 6467
f 6420 6469 6468
f 6421 6470 6469
f 6422 6471 6470
f 6423 6472 6471
f 6424 6473 6472
f 6425 6474 6473
f 6426 6475 6474
f 6427 6476 6475
f 6428 6477 6476
f 6429 6478 6477
f 6430 6479 6478
f 6431 6480 6479
f 6432 6481 6480
f 6433 6482 6481
f 6434 6483 6482
f 6435 6484 6483
f 6436 6485 6484
f 6437 6486 6485
f 6438 6487 6486
f 6439 6488 6487
f 6440 6489 6488
f 6441 6490 6489
f 6442 6491 6490
f 6443 6492 6491
f 6444 6493 6492
f 6445 6494 6493
f 6446 6495 6494
f 6447 6496 6495
f 6448 6497 6496
f 6449 6498 6497
f 6450 6499 6498
f 6451 6500 6499
f 6452 6501 6500
f 6453 6502 6501
f 6454 6503 6502
f 6455 6504 6503
f 6456 6505 6504
f 6457 6506 6505
f 6458 6507 6506
f 6459 6508 6507
f 6460 6509 6508
f 6461 6510 6509
f 6462 6511 6510
f 6463 6512 6511
f 6464 6513 6512
f 6465 6514 6513
f 6466 6515 6514
f 6468 6517 6516
f 6469 6518 6517
f 6470 6519 6518
f 6471 6520 6519
f 6472 6521 6520
f 6473 6522 6521
f 6474 6523 6522
f 6475 6524 6523
f 6476 6525 6524
f 6477 6526 6525
f 6478 6527 6526
f 6479 6528 6527
f 6480 6529 6528
f 6481 6530 6529
f 6482 6531 6530
f 6483 6532 6531
f 6484 6533 6532
f 6485 6534 6533
f 6486 6535 6534
f 6487 6536 6535
f 6488 6537 6536
f 6489 6538 6537
f 6490 6539 6538
f 6491 6540 6539
f 6492 6541 6540
f 6493 6542 6541
f 6494 6543 6542
f 6495 6544 6543
f 6496 6545 6544
f 6497 6546 6545
f 6498 6547 6546
f 6499 6548 6547
f 6500 6549 6548
f 6501 6550 6549
f 6502 6551 6550
f 6503 6552 6551
f 6504 6553 6552
f 6505 6554 6553
f 6506 6555 6554
f 6507 6556 6555
f 6508 6557 6556
f 6509 6558 6557
f 6510 6559 6558
f 6511 6560 6559
f 6512 6561 6560
f 6513 6562 6561
f 6514 6563 6562
f 6515 6564 6563
f 6517 6566 6565
f 6518 6567 6566
f 6519 6568 6567
f 6520 6569 6568
f 6521 6570 6569
f 6522 6571 6570
f 6523 6572 6571
f 6524 6573 6572
f 6525 6574 6573
f 6526 6575 6574
f 6527 6576 6575
f 6528 6577 6576
f 6529 6578 6577
f 6530 6579 6578
f 6531 6580 6579
f 6532 6581 6580
f 6533 6582 6581
f 6534 6583 6582
f 6535 6584 6583
f 6536 6585 6584
f 6537 6586 6585
f 6538 6587 6586
f 6539 6588 6587
f 6540 6589 6588
f 6541 6590 6589
f 6542 6591 6590
f 6543 6592 6591
f 6544 6593 6592
f 6545 6594 6593
f 6546 6595 6594
f 6547 6596 6595
f 6548 6597 6596
f 6549 6598 6597
f 6550 6599 6598
f 6551 6600 6599
f 6552 6601 6600
f 6553 6602 6601
f 6554 6603 6602
f 6555 6604 6603
f 6556 6605 6604
f 6557 6606 6605
f 6558 6607 6606
f 6559 6608 6607
f 6560 6609 6608
f 6561 6610 6609
f 6562 6611 6610
f 6563 6612 6611
f 6564 6613 6612
f 6566 6615 6614
f 6567 6616 6615
f 6568 6617 6616
f 6569 6618 6617
f 6570 6619 6618
f 6571 6620 6619
f 6572 6621 6620
f 6573 6622 6621
f 6574 6623 6622
f 6575 6624 6623
f 6576 6625 6624
f 6577 6626 6625
f 6578 6627 6626
f 6579 6628 6627
f 6580 6629 6628
f 6581 6630 6629
f 6582 6631 6630
f 6583 6632 6631
f 6584 6633 6632
f 6585 6634 6633
f 6586 6635 6634
f 6587 6636 6635
f 6588 6637 6636
f 6589 6638 6637
f 6590 6639 6638
f 6591 6640 6639
f 6592 6641 6640
f 6593 6642 6641
f 6594 6643 6642
f 6595 6644 6643
f 6596 6645 6644
f 6597 6646 6645
f 6598 6647 6646
f 6599 6648 6647
f 6600 6649 6648
f 6601 6650 6649
f 6602 6651 6650
f 6603 6652 6651
f 6604 6653 6652
f 6605 6654 6653
f 6606 6655 6654
f 6607 6656 6655
f 6608 6657 6656
f 6609 6658 6657
f 6610 6659 6658
f 6611 6660 6659
f 6612 6661 6660
f 6613 6662 6661
f 6615 6664 6663
f 6616 6665 6664
f 6617 6666 6665
f 6618 6667 6666
f 6619 6668 6667
f 6620 6669 6668
f 6621 6670 6669
f 6622 6671 6670
f 6623 6672 6671
f 6624 6673 6672
f 6625 6674 6673
f 6626 6675 6674
f 6627 6676 6675
f 6628 6677 6676
f 6629 6678 6677
f 6630 6679 6678
f 6631 6680 6679
f 6632 6681 6680
f 6633 6682 6681
f 6634 6683 6682
f 6635 6684 6683
f 6636 6685 6684
f 6637 6686 6685
f 6638 6687 6686
f 6639 6688 6687
f 6640 6689 6688
f 6641 6690 6689
f 6642 6691 6690
f 6643 6692 6691
f 6644 6693 6692
f 6645 6694 6693
f 6646 6695 6694
f 6647 6696 6695
f 6648 6697 6696
f 6649 6698 6697
f 6650 6699 6698
f 6651 6700 6699
f 6652 6701 6700
f 6653 6702 6701
f 6654 6703 6702
f 6655 6704 6703
f 6656 6705 6704
f 6657 6706 6705
f 6658 6707 6706
f 6659 6708 6707
f 6660 6709 6708
f 6661 6710 6709
f 6662 6711 6710
f 6664 6713 6712
f 6665 6714 6713
f 6666 6715 6714
f 6667 6716 6715
f 6668 6717 6716
f 6669 6718 6717
f 6670 6719 6718
f 6671 6720 6719
f 6672 6721 6720
f 6673 6722 6721
f 6674 6723 6722
f 6675 6724 6723
f 6676 6725 6724
f 6677 6726 6725
f 6678 6727 6726
f 6679 6728 6727
f 6680 6729 6728
f 6681 6730 6729
f 6682 6731 6730
f 6683 6732 6731
f 6684 6733 6732
f 6685 6734 6733
f 6686 6735 6734
f 6687 6736 6735
f 6688 6737 6736
f 6689 6738 6737
f 6690 6739 6738
f 6691 6740 6739
f 6692 6741 6740
f 6693 6742 6741
f 6694 6743 6742
f 6695 6744 6743
f 6696 6745 6744
f 6697 6746 6745
f 6698 6747 6746
f 6699 6748 6747
f 6700 6749 6748
f 6701 6750 6749
f 6702 6751 6750
f 6703 6752 6751
f 6704 6753 6752
f 6705 6754 6753
f 6706 6755 6754
f 6707 6756 6755
f 6708 6757 6756
f 6709 6758 6757
f 6710 6759 6758
f 6711 6760 6759
f 6713 6762 6761
f 6714 6763 6762
f 6715 6764 6763
f 6716 6765 6764
f 6717 6766 6765
f 6718 6767 6766
f 6719 6768 6767
f 6720 6769 6768
f 6721 6770 6769
f 6722 6771 6770
f 6723 6772 6771
f 6724 6773 6772
f 6725 6774 6773
f 6726 6775 6774
f 6727 6776 6775
f 6728 6777 6776
f 6729 6778 6777
f 6730 6779 6778
f 6731 6780 6779
f 6732 6781 6780
f 6733 6782 6781
f 6734 6783 6782
f 6735 6784 6783
f 6736 6785 6784
f 6737 6786 6785
f 6738 6787 6786
f 6739 6788 6787
f 6740 6789 6788
f 6741 6790 6789
f 6742 6791 6790
f 6743 6792 6791
f 6744 6793 6792
f 6745 6794 6793
f 6746 6795 6794
f 6747 6796 6795
f 6748 6797 6796
f 6749 6798 6797
f 6750 6799 6798
f 6751 6800 6799
f 6752 6801 6800
f 6753 6802 6801
f 6754 6803 6802
f 6755 6804 6803
f 6756 6805 6804
f 6757 6806 6805
f 6758 6807 6806
f 6759 6808 6807
f 6760 6809 6808
f 6762 6811 6810
f 6763 6812 6811
f 6764 6813 6812
f 6765 6814 6813
f 6766 6815 6814
f 6767 6816 6815
f 6768 6817 6816
f 6769 6818 6817
f 6770 6819 6818
f 6771 6820 6819
f 6772 6821 6820
f 6773 6822 6821
f 6774 6823 6822
f 6775 6824 6823
f 6798 6826 6825
f 6799 6827 6826
f 6800 6828 6827
f 6801 6829 6828
f 6802 6830 6829
f 6803 6831 6830
f 6804 6832 6831
f 6805 6833 6832
f 6806 6834 6833
f 6807 6835 6834
f 6808 6836 6835
f 6809 6837 6836
f 6811 6839 6838
f 6812 6840 6839
f 6813 6841 6840
f 6814 6842 6841
f 6815 6843 6842
f 6816 6844 6843
f 6817 6845 6844
f 6818 6846 6845
f 6819 6847 6846
f 6820 6848 6847
f 6821 6849 6848
f 6822 6850 6849
f 6823 6851 6850
f 6824 6852 6851
f 6826 6854 6853
f 6827 6855 6854
f 6828 6856 6855
f 6829 6857 6856
f 6830 6858 6857
f 6831 6859 6858
f 6832 6860 6859
f 6833 6861 6860
f 6834 6862 6861
f 6835 6863 6862
f 6836 6864 6863
f 6837 6865 6864
f 6839 6867 6866
f 6840 6868 6867
f 6841 6869 6868
f 6842 6870 6869
f 6843 6871 6870
f 6844 6872 6871
f 6845 6873 6872
f 6846 6874 6873
f 6847 6875 6874
f 6848 6876 6875
f 6849 6877 6876
f 6850 6878 6877
f 6851 6879 6878
f 6852 6880 6879
f 6854 6882 6881
f 6855 6883 6882
f 6856 6884 6883
f 6857 6885 6884
f 6858 6886 6885
f 6859 6887 6886
f 6860 6888 6887
f 6861 6889 6888
f 6862 6890 6889
f 6863 6891 6890
f 6864 6892 6891
f 6865 6893 6892
f 6867 6895 6894
f 6868 6896 6895
f 6869 6897 6896
f 6870 6898 6897
f 6871 6899 6898
f 6872 6900 6899
f 6873 6901 6900
f 6874 6902 6901
f 6875 6903 6902
f 6876 6904 6903
f 6877 6905 6904
f 6878 6906 6905
f 6879 6907 6906
f 6880 6908 6907
f 6882 6910 6909
f 6883 6911 6910
f 6884 6912 6911
f 6885 6913 6912
f 6886 6914 6913
f 6887 6915 6914
f 6888 6916 6915
f 6889 6917 6916
f 6890 6918 6917
f 6891 6919 6918
f 6892 6920 6919
f 6893 6921 6920
f 6895 6923 6922
f 6896 6924 6923
f 6897 6925 6924
f 6898 6926 6925
f 6899 6927 6926
f 6900 6928 6927
f 6901 6929 6928
f 6902 6930 6929
f 6903 6931 6930
f 6904 6932 6931
f 6905 6933 6932
f 6906 6934 6933
f 6907 6935 6934
f 6908 6936 6935
f 6910 6938 6937
f 6911 6939 6938
f 6912 6940 6939
f 6913 6941 6940
f 6914 6942 6941
f 6915 6943 6942
f 6916 6944 6943
f 6917 6945 6944
f 6918 6946 6945
f 6919 6947 6946
f 6920 6948 6947
f 6921 6949 6948
f 6923 6951 6950
f 6924 6952 6951
f 6925 6953 6952
f 6926 6954 6953
f 6927 6955 6954
f 6928 6956 6955
f 6929 6957 6956
f 6930 6958 6957
f 6931 6959 6958
f 6932 6960 6959
f 6933 6961 6960
f 6934 6962 6961
f 6935 6963 6962
f 6936 6964 6963
f 6938 6966 6965
f 6939 6967 6966
f 6940 6968 6967
f 6941 6969 6968
f 6942 6970 6969
f 6943 6971 6970
f 6944 6972 6971
f 6945 6973 6972
f 6946 6974 6973
f 6947 6975 6974
f 6948 6976 6975
f 6949 6977 6976
f 6951 6979 6978
f 6952 6980 6979
f 6953 6981 6980
f 6954 6982 6981
f 6955 6983 6982
f 6956 6984 6983
f 6957 6985 6984
f 6958 6986 6985
f 6959 6987 6986
f 6960 6988 6987
f 6961 6989 6988
f 6962 6990 6989
f 6963 6991 6990
f 6964 6992 6991
f 6966 6994 6993
f 6967 6995 6994
f 6968 6996 6995
f 6969 6997 6996
f 6970 6998 6997
f 6971 6999 6998
f 6972 7000 6999
f 6973 7001 7000
f 6974 7002 7001
f 6975 7003 7002
f 6976 7004 7003
f 6977 7005 7004
f 6979 7007 7006
f 6980 7008 7007
f 6981 7009 7008
f 6982 7010 7009
f 6983 7011 7010
f 6984 7012 7011
f 6985 7013 7012
f 6986 7014 7013
f 6987 7015 7014
f 6988 7016 7015
f 6989 7017 7016
f 6990 7018 7017
f 6991 7019 7018
f 6992 7020 7019
f 6994 7022 7021
f 6995 7023 7022
f 6996 7024 7023
f 6997 7025 7024
f 6998 7026 7025
f 6999 7027 7026
f 7000 7028 7027
f 7001 7029 7028
f 7002 7030 7029
f 7003 7031 7030
f 7004 7032 7031
f 7005 7033 7032
f 7007 7035 7034
f 7008 7036 7035
f 7009 7037 7036
f 7010 7038 7037
f 7011 7039 7038
f 7012 7040 7039
f 7013 7041 7040
f 7014 7042 7041
f 7015 7043 7042
f 7016 7044 7043
f 7017 7045 7044
f 7018 7046 7045
f 7019 7047 7046
f 7020 7048 7047
f 7022 7050 7049
f 7023 7051 7050
f 7024 7052 7051
f 7025 7053 7052
f 7026 7054 7053
f 7027 7055 7054
f 7028 7056 7055
f 7029 7057 7056
f 7030 7058 7057
f 7031 7059 7058
f 7032 7060 7059
f 7033 7061 7060
f 7035 7063 7062
f 7036 7064 7063
f 7037 7065 7064
f 7038 7066 7065
f 7039 7067 7066
f 7040 7068 7067
f 7041 7069 7068
f 7042 7070 7069
f 7043 7071 7070
f 7044 7072 7071
f 7045 7073 7072
f 7046 7074 7073
f 7047 7075 7074
f 7048 7076 7075
f 7050 7078 7077
f 7051 7079 7078
f 7052 7080 7079
f 7053 7081 7080
f 7054 7082 7081
f 7055 7083 7082
f 7056 7084 7083
f 7057 7085 7084
f 7058 7086 7085
f 7059 7087 7086
f 7060 7088 7087
f 7061 7089 7088
f 7063 7091 7090
f 7064 7092 7091
f 7065 7093 7092
f 7066 7094 7093
f 7067 7095 7094
f 7068 7096 7095
f 7069 7097 7096
f 7070 7098 7097
f 7071 7099 7098
f 7072 7100 7099
f 7073 7101 7100
f 7074 7102 7101
f 7075 7103 7102
f 7076 7104 7103
f 7078 7106 7105
f 7079 7107 7106
f 7080 7108 7107
f 7081 7109 7108
f 7082 7110 7109
f 7083 7111 7110
f 7084 7112 7111
f 7085 7113 7112
f 7086 7114 7113
f 7087 7115 7114
f 7088 7116 7115
f 7089 7117 7116
f 7091 7119 7118
f 7092 7120 7119
f 7093 7121 7120
f 7094 7122 7121
f 7095 7123 7122
f 7096 7124 7123
f 7097 7125 7124
f 7098 7126 7125
f 7099 7127 7126
f 7100 7128 7127
f 7101 7129 7128
f 7102 7130 7129
f 7103 7131 7130
f 7104 7132 7131
f 7106 7134 7133
f 7107 7135 7134
f 7108 7136 7135
f 7109 7137 7136
f 7110 7138 7137
f 7111 7139 7138
f 7112 7140 7139
f 7113 7141 7140
f 7114 7142 7141
f 7115 7143 7142
f 7116 7144 7143
f 7117 7145 7144
f 7119 7147 7146
f 7120 7148 7147
f 7121 7149 7148
f 7122 7150 7149
f 7123 7151 7150
f 7124 7152 7151
f 7125 7153 7152
f 7126 7154 7153
f 7127 7155 7154
f 7128 7156 7155
f 7129 7157 7156
f 7130 7158 7157
f 7131 7159 7158
f 7132 7160 7159
f 7134 7162 7161
f 7135 7163 7162
f 7136 7164 7163
f 7137 7165 7164
f 7138 7166 7165
f 7139 7167 7166
f 7140 7168 7167
f 7141 7169 7168
f 7142 7170 7169
f 7143 7171 7170
f 7144 7172 7171
f 7145 7173 7172
f 7147 7175 7174
f 7148 7176 7175
f 7149 7177 7176
f 7150 7178 7177
f 7151 7179 7178
f 7152 7180 7179
f 7153 7181 7180
f 7154 7182 7181
f 7155 7183 7182
f 7156 7184 7183
f 7157 7185 7184
f 7158 7186 7185
f 7159 7187 7186
f 7160 7188 7187
f 7162 7190 7189
f 7163 7191 7190
f 7164 7192 7191
f 7165 7193 7192
f 7166 7194 7193
f 7167 7195 7194
f 7168 7196 7195
f 7169 7197 7196
f 7170 7198 7197
f 7171 7199 7198
f 7172 7200 7199
f 7173 7201 7200
f 7175 7203 7202
f 7176 7204 7203
f 7177 7205 7204
f 7178 7206 7205
f 7179 7207 7206
f 7180 7208 7207
f 7181 7209 7208
f 7182 7210 7209
f 7183 7211 7210
f 7184 7212 7211
f 7185 7213 7212
f 7186 7214 7213
f 7187 7215 7214
f 7188 7216 7215
f 7190 7218 7217
f 7191 7219 7218
f 7192 7220 7219
f 7193 7221 7220
f 7194 7222 7221
f 7195 7223 7222
f 7196 7224 7223
f 7197 7225 7224
f 7198 7226 7225
f 7199 7227 7226
f 7200 7228 7227
f 7201 7229 7228
f 7203 7231 7230
f 7204 7232 7231
f 7205 7233 7232
f 7206 7234 7233
f 7207 7235 7234
f 7208 7236 7235
f 7209 7237 7236
f 7210 7238 7237
f 7211 7239 7238
f 7212 7240 7239
f 7213 7241 7240
f 7214 7242 7241
f 7215 7243 7242
f 7216 7244 7243
f 7218 7246 7245
f 7219 7247 7246
f 7220 7248 7247
f 7221 7249 7248
f 7222 7250 7249
f 7223 7251 7250
f 7224 7252 7251
f 7225 7253 7252
f 7226 7254 7253
f 7227 7255 7254
f 7228 7256 7255
f 7229 7257 7256
f 7231 7259 7258
f 7232 7260 7259
f 7233 7261 7260
f 7234 7262 7261
f 7235 7263 7262
f 7236 7264 7263
f 7237 7265 7264
f 7238 7266 7265
f 7239 7267 7266
f 7240 7268 7267
f 7241 7269 7268
f 7242 7270 7269
f 7243 7271 7270
f 7244 7272 7271
f 7246 7274 7273
f 7247 7275 7274
f 7248 7276 7275
f 7249 7277 7276
f 7250 7278 7277
f 7251 7279 7278
f 7252 7280 7279
f 7253 7281 7280
f 7254 7282 7281
f 7255 7283 7282
f 7256 7284 7283
f 7257 7285 7284
f 7267 7287 7286
f 7268 7288 7287
f 7269 7289 7288
f 7270 7290 7289
f 7271 7291 7290
f 7272 7292 7291
f 7274 7294 7293
f 7275 7295 7294
f 7276 7296 7295
f 7277 7297 7296
f 7278 7298 7297
f 7279 7299 7298
f 7280 7300 7299
f 7281 7301 7300
f 7282 7302 7301
f 7283 7303 7302
f 7284 7304 7303
f 7285 7305 7304
f 7287 7307 7306
f 7288 7308 7307
f 7289 7309 7308
f 7290 7310 7309
f 7291 7311 7310
f 7292 7312 7311
f 7294 7314 7313
f 7295 7315 7314
f 7296 7316 7315
f 7297 7317 7316
f 7298 7318 7317
f 7299 7319 7318
f 7300 7320 7319
f 7301 7321 7320
f 7302 7322 7321
f 7303 7323 7322
f 7304 7324 7323
f 7305 7325 7324
f 7307 7327 7326
f 7308 7328 7327
f 7309 7329 7328
f 7310 7330 7329
f 7311 7331 7330
f 7312 7332 7331
f 7314 7334 7333
f 7315 7335 7334
f 7316 7336 7335
f 7317 7337 7336
f 7318 7338 7337
f 7319 7339 7338
f 7320 7340 7339
f 7321 7341 7340
f 7322 7342 7341
f 7323 7343 7342
f 7324 7344 7343
f 7325 7345 7344
f 7346 7395 7396
f 7347 7396 7397
f 7348 7397 7398
f 7349 7398 7399
f 7350 7399 7400
f 7351 7400 7401
f 7352 7401 7402
f 7353 7402 7403
f 7354 7403 7404
f 7355 7404 7405
f 7356 7405 7406
f 7357 7406 7407
f 7358 7407 7408
f 7359 7408 7409
f 7360 7409 7410
f 7361 7410 7411
f 7362 7411 7412
f 7363 7412 7413
f 7364 7413 7414
f 7365 7414 7415
f 7366 7415 7416
f 7367 7416 7417
f 7368 7417 7418
f 7369 7418 7419
f 7370 7419 7420
f 7371 7420 7421
f 7372 7421 7422
f 7373 7422 7423
f 7374 7423 7424
f 7375 7424 7425
f 7376 7425 7426
f 7377 7426 7427
f 7378 7427 7428
f 7379 7428 7429
f 7380 7429 7430
f 7381 7430 7431
f 7382 7431 7432
f 7383 7432 7433
f 7384 7433 7434
f 7385 7434 7435
f 7386 7435 7436
f 7387 7436 7437
f 7388 7437 7438
f 7389 7438 7439
f 7390 7439 7440
f 7391 7440 7441
f 7392 7441 7442
f 7393 7442 7443
f 7395 7444 7445
f 7396 7445 7446
f 7397 7446 7447
f 7398 7447 7448
f 7399 7448 7449
f 7400 7449 7450
f 7401 7450 7451
f 7402 7451 7452
f 7403 7452 7453
f 7404 7453 7454
f 7405 7454 7455
f 7406 7455 7456
f 7407 7456 7457
f 7408 7457 7458
f 7409 7458 7459
f 7410 7459 7460
f 7411 7460 7461
f 7412 7461 7462
f 7413 7462 7463
f 7414 7463 7464
f 7415 7464 7465
f 7416 7465 7466
f 7417 7466 7467
f 7418 7467 7468
f 7419 7468 7469
f 7420 7469 7470
f 7421 7470 7471
f 7422 7471 7472
f 7423 7472 7473
f 7424 7473 7474
f 7425 7474 7475
f 7426 7475 7476
f 7427 7476 7477
f 7428 7477 7478
f 7429 7478 7479
f 7430 7479 7480
f 7431 7480 7481
f 7432 7481 7482
f 7433 7482 7483
f 7434 7483 7484
f 7435 7484 7485
f 7436 7485 7486
f 7437 7486 7487
f 7438 7487 7488
f 7439 7488 7489
f 7440 7489 7490
f 7441 7490 7491
f 7442 7491 7492
f 7444 7493 7494
f 7445 7494 7495
f 7446 7495 7496
f 7447 7496 7497
f 7448 7497 7498
f 7449 7498 7499
f 7450 7499 7500
f 7451 7500 7501
f 7452 7501 7502
f 7453 7502 7503
f 7454 7503 7504
f 7455 7504 7505
f 7456 7505 7506
f 7457 7506 7507
f 7458 7507 7508
f 7459 7508 7509
f 7460 7509 7510
f 7461 7510 7511
f 7462 7511 7512
f 7463 7512 7513
f 7464 7513 7514
f 7465 7514 7515
f 7466 7515 7516
f 7467 7516 7517
f 7468 7517 7518
f 7469 7518 7519
f 7470 7519 7520
f 7471 7520 7521
f 7472 7521 7522
f 7473 7522 7523
f 7474 7523 7524
f 7475 7524 7525
f 7476 7525 7526
f 7477 7526 7527
f 7478 7527 7528
f 7479 7528 7529
f 7480 7529 7530
f 7481 7530 7531
f 7482 7531 7532
f 7483 7532 7533
f 7484 7533 7534
f 7485 7534 7535
f 7486 7535 7536
f 7487 7536 7537
f 7488 7537 7538
f 7489 7538 7539
f 7490 7539 7540
f 7491 7540 7541
f 7493 7542 7543
f 7494 7543 7544
f 7495 7544 7545
f 7496 7545 7546
f 7497 7546 7547
f 7498 7547 7548
f 7499 7548 7549
f 7500 7549 7550
f 7501 7550 7551
f 7502 7551 7552
f 7503 7552 7553
f 7504 7553 7554
f 7505 7554 7555
f 7506 7555 7556
f 7507 7556 7557
f 7508 7557 7558
f 7509 7558 7559
f 7510 7559 7560
f 7511 7560 7561
f 7512 7561 7562
f 7513 7562 7563
f 7514 7563 7564
f 7515 7564 7565
f 7516 7565 7566
f 7517 7566 7567
f 7518 7567 7568
f 7519 7568 7569
f 7520 7569 7570
f 7521 7570 7571
f 7522 7571 7572
f 7523 7572 7573
f 7524 7573 7574
f 7525 7574 7575
f 7526 7575 7576
f 7527 7576 7577
f 7528 7577 7578
f 7529 7578 7579
f 7530 7579 7580
f 7531 7580 7581
f 7532 7581 7582
f 7533 7582 7583
f 7534 7583 7584
f 7535 7584 7585
f 7536 7585 7586
f 7537 7586 7587
f 7538 7587 7588
f 7539 7588 7589
f 7540 7589 7590
f 7542 7591 7592
f 7543 7592 7593
f 7544 7593 7594
f 7545 7594 7595
f 7546 7595 7596
f 7547 7596 7597
f 7548 7597 7598
f 7549 7598 7599
f 7550 7599 7600
f 7551 7600 7601
f 7552 7601 7602
f 7553 7602 7603
f 7554 7603 7604
f 7555 7604 7605
f 7556 7605 7606
f 7557 7606 7607
f 7558 7607 7608
f 7559 7608 7609
f 7560 7609 7610
f 7561 7610 7611
f 7562 7611 7612
f 7563 7612 7613
f 7564 7613 7614
f 7565 7614 7615
f 7566 7615 7616
f 7567 7616 7617
f 7568 7617 7618
f 7569 7618 7619
f 7570 7619 7620
f 7571 7620 7621
f 7572 7621 7622
f 7573 7622 7623
f 7574 7623 7624
f 7575 7624 7625
f 7576 7625 7626
f 7577 7626 7627
f 7578 7627 7628
f 7579 7628 7629
f 7580 7629 7630
f 7581 7630 7631
f 7582 7631 7632
f 7583 7632 7633
f 7584 7633 7634
f 7585 7634 7635
f 7586 7635 7636
f 7587 7636 7637
f 7588 7637 7638
f 7589 7638 7639
f 7591 7640 7641
f 7592 7641 7642
f 7593 7642 7643
f 7594 7643 7644
f 7595 7644 7645
f 7596 7645 7646
f 7597 7646 7647
f 7598 7647 7648
f 7599 7648 7649
f 7600 7649 7650
f 7601 7650 7651
f 7602 7651 7652
f 7603 7652 7653
f 7604 7653 7654
f 7605 7654 7655
f 7606 7655 7656
f 7607 7656 7657
f 7608 7657 7658
f 7609 7658 7659
f 7610 7659 7660
f 7611 7660 7661
f 7612 7661 7662
f 7613 7662 7663
f 7614 7663 7664
f 7615 7664 7665
f 7616 7665 7666
f 7617 7666 7667
f 7618 7667 7668
f 7619 7668 7669
f 7620 7669 7670
f 7621 7670 7671
f 7622 7671 7672
f 7623 7672 7673
f 7624 7673 7674
f 7625 7674 7675
f 7626 7675 7676
f 7627 7676 7677
f 7628 7677 7678
f 7629 7678 7679
f 7630 7679 7680
f 7631 7680 7681
f 7632 7681 7682
f 7633 7682 7683
f 7634 7683 7684
f 7635 7684 7685
f 7636 7685 7686
f 7637 7686 7687
f 7638 7687 7688
f 7640 7689 7690
f 7641 7690 7691
f 7642 7691 7692
f 7643 7692 7693
f 7644 7693 7694
f 7645 7694 7695
f 7646 7695 7696
f 7647 7696 7697
f 7648 7697 7698
f 7649 7698 7699
f 7650 7699 7700
f 7651 7700 7701
f 7652 7701 7702
f 7653 7702 7703
f 7654 7703 7704
f 7655 7704 7705
f 7656 7705 7706
f 7657 7706 7707
f 7658 7707 7708
f 7659 7708 7709
f 7660 7709 7710
f 7661 7710 7711
f 7662 7711 7712
f 7663 7712 7713
f 7664 7713 7714
f 7665 7714 7715
f 7666 7715 7716
f 7667 7716 7717
f 7668 7717 7718
f 7669 7718 7719
f 7670 7719 7720
f 7671 7720 7721
f 7672 7721 7722
f 7673 7722 7723
f 7674 7723 7724
f 7675 7724 7725
f 7676 7725 7726
f 7677 7726 7727
f 7678 7727 7728
f 7679 7728 7729
f 7680 7729 7730
f 7681 7730 7731
f 7682 7731 7732
f 7683 7732 7733
f 7684 7733 7734
f 7685 7734 7735
f 7686 7735 7736
f 7687 7736 7737
f 7689 7738 7739
f 7690 7739 7740
f 7691 7740 7741
f 7692 7741 7742
f 7693 7742 7743
f 7694 7743 7744
f 7695 7744 7745
f 7696 7745 7746
f 7697 7746 7747
f 7698 7747 7748
f 7699 7748 7749
f 7700 7749 7750
f 7701 7750 7751
f 7702 7751 7752
f 7703 7752 7753
f 7704 7753 7754
f 7705 7754 7755
f 7706 7755 7756
f 7707 7756 7757
f 7708 7757 7758
f 7709 7758 7759
f 7710 7759 7760
f 7711 7760 7761
f 7712 7761 7762
f 7713 7762 7763
f 7714 7763 7764
f 7715 7764 7765
f 7716 7765 7766
f 7717 7766 7767
f 7718 7767 7768
f 7719 7768 7769
f 7720 7769 7770
f 7721 7770 7771
f 7722 7771 7772
f 7723 7772 7773
f 7724 7773 7774
f 7725 7774 7775
f 7726 7775 7776
f 7727 7776 7777
f 7728 7777 7778
f 7729 7778 7779
f 7730 7779 7780
f 7731 7780 7781
f 7732 7781 7782
f 7733 7782 7783
f 7734 7783 7784
f 7735 7784 7785
f 7736 7785 7786
f 7738 7787 7788
f 7739 7788 7789
f 7740 7789 7790
f 7741 7790 7791
f 7742 7791 7792
f 7743 7792 7793
f 7744 7793 7794
f 7745 7794 7795
f 7746 7795 7796
f 7747 7796 7797
f 7748 7797 7798
f 7749 7798 7799
f 7750 7799 7800
f 7751 7800 7801
f 7752 7801 7802
f 7753 7802 7803
f 7754 7803 7804
f 7755 7804 7805
f 7756 7805 7806
f 7757 7806 7807
f 7758 7807 7808
f 7759 7808 7809
f 7760 7809 7810
f 7761 7810 7811
f 7762 7811 7812
f 7763 7812 7813
f 7764 7813 7814
f 7765 7814 7815
f 7766 7815 7816
f 7767 7816 7817
f 7768 7817 7818
f 7769 7818 7819
f 7770 7819 7820
f 7771 7820 7821
f 7772 7821 7822
f 7773 7822 7823
f 7774 7823 7824
f 7775 7824 7825
f 7776 7825 7826
f 7777 7826 7827
f 7778 7827 7828
f 7779 7828 7829
f 7780 7829 7830
f 7781 7830 7831
f 7782 7831 7832
f 7783 7832 7833
f 7784 7833 7834
f 7785 7834 7835
f 7787 7836 7837
f 7788 7837 7838
f 7789 7838 7839
f 7790 7839 7840
f 7791 7840 7841
f 7792 7841 7842
f 7793 7842 7843
f 7794 7843 7844
f 7795 7844 7845
f 7796 7845 7846
f 7797 7846 7847
f 7798 7847 7848
f 7799 7848 7849
f 7800 7849 7850
f 7801 7850 7851
f 7802 7851 7852
f 7803 7852 7853
f 7804 7853 7854
f 7805 7854 7855
f 7806 7855 7856
f 7807 7856 7857
f 7808 7857 7858
f 7809 7858 7859
f 7810 7859 7860
f 7811 7860 7861
f 7812 7861 7862
f 7813 7862 7863
f 7814 7863 7864
f 7815 7864 7865
f 7816 7865 7866
f 7817 7866 7867
f 7818 7867 7868
f 7819 7868 7869
f 7820 7869 7870
f 7821 7870 7871
f 7822 7871 7872
f 7823 7872 7873
f 7824 7873 7874
f 7825 7874 7875
f 7826 7875 7876
f 7827 7876 7877
f 7828 7877 7878
f 7829 7878 7879
f 7830 7879 7880
f 7831 7880 7881
f 7832 7881 7882
f 7833 7882 7883
f 7834 7883 7884
f 7836 7885 7886
f 7837 7886 7887
f 7838 7887 7888
f 7839 7888 7889
f 7840 7889 7890
f 7841 7890 7891
f 7842 7891 7892
f 7843 7892 7893
f 7844 7893 7894
f 7845 7894 7895
f 7846 7895 7896
f 7847 7896 7897
f 7848 7897 7898
f 7849 7898 7899
f 7872 7900 7901
f 7873 7901 7902
f 7874 7902 7903
f 7875 7903 7904
f 7876 7904 7905
f 7877 7905 7906
f 7878 7906 7907
f 7879 7907 7908
f 7880 7908 7909
f 7881 7909 7910
f 7882 7910 7911
f 7883 7911 7912
f 7885 7913 7914
f 7886 7914 7915
f 7887 7915 7916
f 7888 7916 7917
f 7889 7917 7918
f 7890 7918 7919
f 7891 7919 7920
f 7892 7920 7921
f 7893 7921 7922
f 7894 7922 7923
f 7895 7923 7924
f 7896 7924 7925
f 7897 7925 7926
f 7898 7926 7927
f 7900 7928 7929
f 7901 7929 7930
f 7902 7930 7931
f 7903 7931 7932
f 7904 7932 7933
f 7905 7933 7934
f 7906 7934 7935
f 7907 7935 7936
f 7908 7936 7937
f 7909 7937 7938
f 7910 7938 7939
f 7911 7939 7940
f 7913 7941 7942
f 7914 7942 7943
f 7915 7943 7944
f 7916 7944 7945
f 7917 7945 7946
f 7918 7946 7947
f 7919 7947 7948
f 7920 7948 7949
f 7921 7949 7950
f 7922 7950 7951
f 7923 7951 7952
f 7924 7952 7953
f 7925 7953 7954
f 7926 7954 7955
f 7928 7956 7957
f 7929 7957 7958
f 7930 7958 7959
f 7931 7959 7960
f 7932 7960 7961
f 7933 7961 7962
f 7934 7962 7963
f 7935 7963 7964
f 7936 7964 7965
f 7937 7965 7966
f 7938 7966 7967
f 7939 7967 7968
f 7941 7969 7970
f 7942 7970 7971
f 7943 7971 7972
f 7944 7972 7973
f 7945 7973 7974
f 7946 7974 7975
f 7947 7975 7976
f 7948 7976 7977
f 7949 7977 7978
f 7950 7978 7979
f 7951 7979 7980
f 7952 7980 7981
f 7953 7981 7982
f 7954 7982 7983
f 7956 7984 7985
f 7957 7985 7986
f 7958 7986 7987
f 7959 7987 7988
f 7960 7988 7989
f 7961 7989 7990
f 7962 7990 7991
f 7963 7991 7992
f 7964 7992 7993
f 7965 7993 7994
f 7966 7994 7995
f 7967 7995 7996
f 7969 7997 7998
f 7970 7998 7999
f 7971 7999 8000
f 7972 8000 8001
f 7973 8001 8002
f 7974 8002 8003
f 7975 8003 8004
f 7976 8004 8005
f 7977 8005 8006
f 7978 8006 8007
f 7979 8007 8008
f 7980 8008 8009
f 7981 8009 8010
f 7982 8010 8011
f 7984 8012 8013
f 7985 8013 8014
f 7986 8014 8015
f 7987 8015 8016
f 7988 8016 8017
f 7989 8017 8018
f 7990 8018 8019
f 7991 8019 8020
f 7992 8020 8021
f 7993 8021 8022
f 7994 8022 8023
f 7995 8023 8024
f 7997 8025 8026
f 7998 8026 8027
f 7999 8027 8028
f 8000 8028 8029
f 8001 8029 8030
f 8002 8030 8031
f 8003 8031 8032
f 8004 8032 8033
f 8005 8033 8034
f 8006 8034 8035
f 8007 8035 8036
f 8008 8036 8037
f 8009 8037 8038
f 8010 8038 8039
f 8012 8040 8041
f 8013 8041 8042
f 8014 8042 8043
f 8015 8043 8044
f 8016 8044 8045
f 8017 8045 8046
f 8018 8046 8047
f 8019 8047 8048
f 8020 8048 8049
f 8021 8049 8050
f 8022 8050 8051
f 8023 8051 8052
f 8025 8053 8054
f 8026 8054 8055
f 8027 8055 8056
f 8028 8056 8057
f 8029 8057 8058
f 8030 8058 8059
f 8031 8059 8060
f 8032 8060 8061
f 8033 8061 8062
f 8034 8062 8063
f 8035 8063 8064
f 8036 8064 8065
f 8037 8065 8066
f 8038 8066 8067
f 8040 8068 8069
f 8041 8069 8070
f 8042 8070 8071
f 8043 8071 8072
f 8044 8072 8073
f 8045 8073 8074
f 8046 8074 8075
f 8047 8075 8076
f 8048 8076 8077
f 8049 8077 8078
f 8050 8078 8079
f 8051 8079 8080
f 8053 8081 8082
f 8054 8082 8083
f 8055 8083 8084
f 8056 8084 8085
f 8057 8085 8086
f 8058 8086 8087
f 8059 8087 8088
f 8060 8088 8089
f 8061 8089 8090
f 8062 8090 8091
f 8063 8091 8092
f 8064 8092 8093
f 8065 8093 8094
f 8066 8094 8095
f 8068 8096 8097
f 8069 8097 8098
f 8070 8098 8099
f 8071 8099 8100
f 8072 8100 8101
f 8073 8101 8102
f 8074 8102 8103
f 8075 8103 8104
f 8076 8104 8105
f 8077 8105 8106
f 8078 8106 8107
f 8079 8107 8108
f 8081 8109 8110
f 8082 8110 8111
f 8083 8111 8112
f 8084 8112 8113
f 8085 8113 8114
f 8086 8114 8115
f 8087 8115 8116
f 8088 8116 8117
f 8089 8117 8118
f 8090 8118 8119
f 8091 8119 8120
f 8092 8120 8121
f 8093 8121 8122
f 8094 8122 8123
f 8096 8124 8125
f 8097 8125 8126
f 8098 8126 8127
f 8099 8127 8128
f 8100 8128 8129
f 8101 8129 8130
f 8102 8130 8131
f 8103 8131 8132
f 8104 8132 8133
f 8105 8133 8134
f 8106 8134 8135
f 8107 8135 8136
f 8109 8137 8138
f 8110 8138 8139
f 8111 8139 8140
f 8112 8140 8141
f 8113 8141 8142
f 8114 8142 8143
f 8115 8143 8144
f 8116 8144 8145
f 8117 8145 8146
f 8118 8146 8147
f 8119 8147 8148
f 8120 8148 8149
f 8121 8149 8150
f 8122 8150 8151
f 8124 8152 8153
f 8125 8153 8154
f 8126 8154 8155
f 8127 8155 8156
f 8128 8156 8157
f 8129 8157 8158
f 8130 8158 8159
f 8131 8159 8160
f 8132 8160 8161
f 8133 8161 8162
f 8134 8162 8163
f 8135 8163 8164
f 8137 8165 8166
f 8138 8166 8167
f 8139 8167 8168
f 8140 8168 8169
f 8141 8169 8170
f 8142 8170 8171
f 8143 8171 8172
f 8144 8172 8173
f 8145 8173 8174
f 8146 8174 8175
f 8147 8175 8176
f 8148 8176 8177
f 8149 8177 8178
f 8150 8178 8179
f 8152 8180 8181
f 8153 8181 8182
f 8154 8182 8183
f 8155 8183 8184
f 8156 8184 8185
f 8157 8185 8186
f 8158 8186 8187
f 8159 8187 8188
f 8160 8188 8189
f 8161 8189 8190
f 8162 8190 8191
f 8163 8191 8192
f 8165 8193 8194
f 8166 8194 8195
f 8167 8195 8196
f 8168 8196 8197
f 8169 8197 8198
f 8170 8198 8199
f 8171 8199 8200
f 8172 8200 8201
f 8173 8201 8202
f 8174 8202 8203
f 8175 8203 8204
f 8176 8204 8205
f 8177 8205 8206
f 8178 8206 8207
f 8180 8208 8209
f 8181 8209 8210
f 8182 8210 8211
f 8183 8211 8212
f 8184 8212 8213
f 8185 8213 8214
f 8186 8214 8215
f 8187 8215 8216
f 8188 8216 8217
f 8189 8217 8218
f 8190 8218 8219
f 8191 8219 8220
f 8193 8221 8222
f 8194 8222 8223
f 8195 8223 8224
f 8196 8224 8225
f 8197 8225 8226
f 8198 8226 8227
f 8199 8227 8228
f 8200 8228 8229
f 8201 8229 8230
f 8202 8230 8231
f 8203 8231 8232
f 8204 8232 8233
f 8205 8233 8234
f 8206 8234 8235
f 8208 8236 8237
f 8209 8237 8238
f 8210 8238 8239
f 8211 8239 8240
f 8212 8240 8241
f 8213 8241 8242
f 8214 8242 8243
f 8215 8243 8244
f 8216 8244 8245
f 8217 8245 8246
f 8218 8246 8247
f 8219 8247 8248
f 8221 8249 8250
f 8222 8250 8251
f 8223 8251 8252
f 8224 8252 8253
f 8225 8253 8254
f 8226 8254 8255
f 8227 8255 8256
f 8228 8256 8257
f 8229 8257 8258
f 8230 8258 8259
f 8231 8259 8260
f 8232 8260 8261
f 8233 8261 8262
f 8234 8262 8263
f 8236 8264 8265
f 8237 8265 8266
f 8238 8266 8267
f 8239 8267 8268
f 8240 8268 8269
f 8241 8269 8270
f 8242 8270 8271
f 8243 8271 8272
f 8244 8272 8273
f 8245 8273 8274
f 8246 8274 8275
f 8247 8275 8276
f 8249 8277 8278
f 8250 8278 8279
f 8251 8279 8280
f 8252 8280 8281
f 8253 8281 8282
f 8254 8282 8283
f 8255 8283 8284
f 8256 8284 8285
f 8257 8285 8286
f 8258 8286 8287
f 8259 8287 8288
f 8260 8288 8289
f 8261 8289 8290
f 8262 8290 8291
f 8264 8292 8293
f 8265 8293 8294
f 8266 8294 8295
f 8267 8295 8296
f 8268 8296 8297
f 8269 8297 8298
f 8270 8298 8299
f 8271 8299 8300
f 8272 8300 8301
f 8273 8301 8302
f 8274 8302 8303
f 8275 8303 8304
f 8277 8305 8306
f 8278 8306 8307
f 8279 8307 8308
f 8280 8308 8309
f 8281 8309 8310
f 8282 8310 8311
f 8283 8311 8312
f 8284 8312 8313
f 8285 8313 8314
f 8286 8314 8315
f 8287 8315 8316
f 8288 8316 8317
f 8289 8317 8318
f 8290 8318 8319
f 8292 8320 8321
f 8293 8321 8322
f 8294 8322 8323
f 8295 8323 8324
f 8296 8324 8325
f 8297 8325 8326
f 8298 8326 8327
f 8299 8327 8328
f 8300 8328 8329
f 8301 8329 8330
f 8302 8330 8331
f 8303 8331 8332
f 8305 8333 8334
f 8306 8334 8335
f 8307 8335 8336
f 8308 8336 8337
f 8309 8337 8338
f 8310 8338 8339
f 8311 8339 8340
f 8312 8340 8341
f 8313 8341 8342
f 8314 8342 8343
f 8315 8343 8344
f 8316 8344 8345
f 8317 8345 8346
f 8318 8346 8347
f 8320 8348 8349
f 8321 8349 8350
f 8322 8350 8351
f 8323 8351 8352
f 8324 8352 8353
f 8325 8353 8354
f 8326 8354 8355
f 8327 8355 8356
f 8328 8356 8357
f 8329 8357 8358
f 8330 8358 8359
f 8331 8359 8360
f 8341 8361 8362
f 8342 8362 8363
f 8343 8363 8364
f 8344 8364 8365
f 8345 8365 8366
f 8346 8366 8367
f 8348 8368 8369
f 8349 8369 8370
f 8350 8370 8371
f 8351 8371 8372
f 8352 8372 8373
f 8353 8373 8374
f 8354 8374 8375
f 8355 8375 8376
f 8356 8376 8377
f 8357 8377 8378
f 8358 8378 8379
f 8359 8379 8380
f 8361 8381 8382
f 8362 8382 8383
f 8363 8383 8384
f 8364 8384 8385
f 8365 8385 8386
f 8366 8386 8387
f 8368 8388 8389
f 8369 8389 8390
f 8370 8390 8391
f 8371 8391 8392
f 8372 8392 8393
f 8373 8393 8394
f 8374 8394 8395
f 8375 8395 8396
f 8376 8396 8397
f 8377 8397 8398
f 8378 8398 8399
f 8379 8399 8400
f 8381 8401 8402
f 8382 8402 8403
f 8383 8403 8404
f 8384 8404 8405
f 8385 8405 8406
f 8386 8406 8407
f 8388 8408 8409
f 8389 8409 8410
f 8390 8410 8411
f 8391 8411 8412
f 8392 8412 8413
f 8393 8413 8414
f 8394 8414 8415
f 8395 8415 8416
f 8396 8416 8417
f 8397 8417 8418
f 8398 8418 8419
f 8399 8419 8420
f 6271 6320 7395
f 7346 7347 6272
f 7347 7348 6273
f 7348 7349 6274
f 7349 7350 6275
f 7350 7351 6276
f 7351 7352 6277
f 7352 7353 6278
f 7353 7354 6279
f 7354 7355 6280
f 7355 7356 6281
f 7356 7357 6282
f 7357 7358 6283
f 7358 7359 6284
f 7359 7360 6285
f 7360 7361 6286
f 7361 7362 6287
f 7362 7363 6288
f 7363 7364 6289
f 7364 7365 6290
f 7365 7366 6291
f 7366 7367 6292
f 7367 7368 6293
f 7368 7369 6294
f 7369 7370 6295
f 7370 7371 6296
f 7371 7372 6297
f 7372 7373 6298
f 7373 7374 6299
f 7374 7375 6300
f 7375 7376 6301
f 7376 7377 6302
f 7377 7378 6303
f 7378 7379 6304
f 7379 7380 6305
f 7380 7381 6306
f 7381 7382 6307
f 7382 7383 6308
f 7383 7384 6309
f 7384 7385 6310
f 7385 7386 6311
f 7386 7387 6312
f 7387 7388 6313
f 7388 7389 6314
f 7389 7390 6315
f 7390 7391 6316
f 7391 7392 6317
f 7392 7393 6318
f 7394 7443 6368
f 7393 7394 6319
f 6320 6369 7444
f 7443 7492 6417
f 6369 6418 7493
f 7492 7541 6466
f 6418 6467 7542
f 7541 7590 6515
f 6467 6516 7591
f 7590 7639 6564
f 6516 6565 7640
f 7639 7688 6613
f 6565 6614 7689
f 7688 7737 6662
f 6614 6663 7738
f 7737 7786 6711
f 6663 6712 7787
f 7786 7835 6760
f 6712 6761 7836
f 6775 6776 7851
f 6776 6777 7852
f 6777 6778 7853
f 6778 6779 7854
f 6779 6780 7855
f 6780 6781 7856
f 6781 6782 7857
f 6782 6783 7858
f 6783 6784 7859
f 6784 6785 7860
f 6785 6786 7861
f 6786 6787 7862
f 6787 6788 7863
f 6788 6789 7864
f 6789 6790 7865
f 6790 6791 7866
f 6791 6792 7867
f 6792 6793 7868
f 6793 6794 7869
f 6794 6795 7870
f 6795 6796 7871
f 6796 6797 7872
f 7835 7884 6809
f 6761 6810 7885
f 7850 7899 6824
f 6797 6825 7900
f 7884 7912 6837
f 6810 6838 7913
f 7899 7927 6852
f 6825 6853 7928
f 7912 7940 6865
f 6838 6866 7941
f 7927 7955 6880
f 6853 6881 7956
f 7940 7968 6893
f 6866 6894 7969
f 7955 7983 6908
f 6881 6909 7984
f 7968 7996 6921
f 6894 6922 7997
f 7983 8011 6936
f 6909 6937 8012
f 7996 8024 6949
f 6922 6950 8025
f 8011 8039 6964
f 6937 6965 8040
f 8024 8052 6977
f 6950 6978 8053
f 8039 8067 6992
f 6965 6993 8068
f 8052 8080 7005
f 6978 7006 8081
f 8067 8095 7020
f 6993 7021 8096
f 8080 8108 7033
f 7006 7034 8109
f 8095 8123 7048
f 7021 7049 8124
f 8108 8136 7061
f 7034 7062 8137
f 8123 8151 7076
f 7049 7077 8152
f 8136 8164 7089
f 7062 7090 8165
f 8151 8179 7104
f 7077 7105 8180
f 8164 8192 7117
f 7090 7118 8193
f 8179 8207 7132
f 7105 7133 8208
f 8192 8220 7145
f 7118 7146 8221
f 8207 8235 7160
f 7133 7161 8236
f 8220 8248 7173
f 7146 7174 8249
f 8235 8263 7188
f 7161 7189 8264
f 8248 8276 7201
f 7174 7202 8277
f 8263 8291 7216
f 7189 7217 8292
f 8276 8304 7229
f 7202 7230 8305
f 8291 8319 7244
f 7217 7245 8320
f 8304 8332 7257
f 7230 7258 8333
f 7258 7259 8334
f 7259 7260 8335
f 7260 7261 8336
f 7261 7262 8337
f 7262 7263 8338
f 7263 7264 8339
f 7264 7265 8340
f 7265 7266 8341
f 8319 8347 7272
f 7245 7273 8348
f 8332 8360 7285
f 7266 7286 8361
f 8347 8367 7292
f 7273 7293 8368
f 8360 8380 7305
f 7286 7306 8381
f 8367 8387 7312
f 7293 7313 8388
f 8380 8400 7325
f 7306 7326 8401
f 7326 7327 8402
f 7327 7328 8403
f 7328 7329 8404
f 7329 7330 8405
f 7330 7331 8406
f 7331 7332 8407
f 8387 8407 7332
f 7313 7333 8408
f 7333 7334 8409
f 7334 7335 8410
f 7335 7336 8411
f 7336 7337 8412
f 7337 7338 8413
f 7338 7339 8414
f 7339 7340 8415
f 7340 7341 8416
f 7341 7342 8417
f 7342 7343 8418
f 7343 7344 8419
f 7344 7345 8420
f 8400 8420 7345
f 6272 6320 6271
f 6273 6321 6272
f 6274 6322 6273
f 6275 6323 6274
f 6276 6324 6275
f 6277 6325 6276
f 6278 6326 6277
f 6279 6327 6278
f 6280 6328 6279
f 6281 6329 6280
f 6282 6330 6281
f 6283 6331 6282
f 6284 6332 6283
f 6285 6333 6284
f 6286 6334 6285
f 6287 6335 6286
f 6288 6336 6287
f 6289 6337 6288
f 6290 6338 6289
f 6291 6339 6290
f 6292 6340 6291
f 6293 6341 6292
f 6294 6342 6293
f 6295 6343 6294
f 6296 6344 6295
f 6297 6345 6296
f 6298 6346 6297
f 6299 6347 6298
f 6300 6348 6299
f 6301 6349 6300
f 6302 6350 6301
f 6303 6351 6302
f 6304 6352 6303
f 6305 6353 6304
f 6306 6354 6305
f 6307 6355 6306
f 6308 6356 6307
f 6309 6357 6308
f 6310 6358 6309
f 6311 6359 6310
f 6312 6360 6311
f 6313 6361 6312
f 6314 6362 6313
f 6315 6363 6314
f 6316 6364 6315
f 6317 6365 6316
f 6318 6366 6317
f 6319 6367 6318
f 6321 6369 6320
f 6322 6370 6321
f 6323 6371 6322
f 6324 6372 6323
f 6325 6373 6324
f 6326 6374 6325
f 6327 6375 6326
f 6328 6376 6327
f 6329 6377 6328
f 6330 6378 6329
f 6331 6379 6330
f 6332 6380 6331
f 6333 6381 6332
f 6334 6382 6333
f 6335 6383 6334
f 6336 6384 6335
f 6337 6385 6336
f 6338 6386 6337
f 6339 6387 6338
f 6340 6388 6339
f 6341 6389 6340
f 6342 6390 6341
f 6343 6391 6342
f 6344 6392 6343
f 6345 6393 6344
f 6346 6394 6345
f 6347 6395 6346
f 6348 6396 6347
f 6349 6397 6348
f 6350 6398 6349
f 6351 6399 6350
f 6352 6400 6351
f 6353 6401 6352
f 6354 6402 6353
f 6355 6403 6354
f 6356 6404 6355
f 6357 6405 6356
f 6358 6406 6357
f 6359 6407 6358
f 6360 6408 6359
f 6361 6409 6360
f 6362 6410 6361
f 6363 6411 6362
f 6364 6412 6363
f 6365 6413 6364
f 6366 6414 6365
f 6367 6415 6366
f 6368 6416 6367
f 6370 6418 6369
f 6371 6419 6370
f 6372 6420 6371
f 6373 6421 6372
f 6374 6422 6373
f 6375 6423 6374
f 6376 6424 6375
f 6377 6425 6376
f 6378 6426 6377
f 6379 6427 6378
f 6380 6428 6379
f 6381 6429 6380
f 6382 6430 6381
f 6383 6431 6382
f 6384 6432 6383
f 6385 6433 6384
f 6386 6434 6385
f 6387 6435 6386
f 6388 6436 6387
f 6389 6437 6388
f 6390 6438 6389
f 6391 6439 6390
f 6392 6440 6391
f 6393 6441 6392
f 6394 6442 6393
f 6395 6443 6394
f 6396 6444 6395
f 6397 6445 6396
f 6398 6446 6397
f 6399 6447 6398
f 6400 6448 6399
f 6401 6449 6400
f 6402 6450 6401
f 6403 6451 6402
f 6404 6452 6403
f 6405 6453 6404
f 6406 6454 6405
f 6407 6455 6406
f 6408 6456 6407
f 6409 6457 6408
f 6410 6458 6409
f 6411 6459 6410
f 6412 6460 6411
f 6413 6461 6412
f 6414 6462 6413
f 6415 6463 6414
f 6416 6464 6415
f 6417 6465 6416
f 6419 6467 6418
f 6420 6468 6419
f 6421 6469 6420
f 6422 6470 6421
f 6423 6471 6422
f 6424 6472 6423
f 6425 6473 6424
f 6426 6474 6425
f 6427 6475 6426
f 6428 6476 6427
f 6429 6477 6428
f 6430 6478 6429
f 6431 6479 6430
f 6432 6480 6431
f 6433 6481 6432
f 6434 6482 6433
f 6435 6483 6434
f 6436 6484 6435
f 6437 6485 6436
f 6438 6486 6437
f 6439 6487 6438
f 6440 6488 6439
f 6441 6489 6440
f 6442 6490 6441
f 6443 6491 6442
f 6444 6492 6443
f 6445 6493 6444
f 6446 6494 6445
f 6447 6495 6446
f 6448 6496 6447
f 6449 6497 6448
f 6450 6498 6449
f 6451 6499 6450
f 6452 6500 6451
f 6453 6501 6452
f 6454 6502 6453
f 6455 6503 6454
f 6456 6504 6455
f 6457 6505 6456
f 6458 6506 6457
f 6459 6507 6458
f 6460 6508 6459
f 6461 6509 6460
f 6462 6510 6461
f 6463 6511 6462
f 6464 6512 6463
f 6465 6513 6464
f 6466 6514 6465
f 6468 6516 6467
f 6469 6517 6468
f 6470 6518 6469
f 6471 6519 6470
f 6472 6520 6471
f 6473 6521 6472
f 6474 6522 6473
f 6475 6523 6474
f 6476 6524 6475
f 6477 6525 6476
f 6478 6526 6477
f 6479 6527 6478
f 6480 6528 6479
f 6481 6529 6480
f 6482 6530 6481
f 6483 6531 6482
f 6484 6532 6483
f 6485 6533 6484
f 6486 6534 6485
f 6487 6535 6486
f 6488 6536 6487
f 6489 6537 6488
f 6490 6538 6489
f 6491 6539 6490
f 6492 6540 6491
f 6493 6541 6492
f 6494 6542 6493
f 6495 6543 6494
f 6496 6544 6495
f 6497 6545 6496
f 6498 6546 6497
f 6499 6547 6498
f 6500 6548 6499
f 6501 6549 6500
f 6502 6550 6501
f 6503 6551 6502
f 6504 6552 6503
f 6505 6553 6504
f 6506 6554 6505
f 6507 6555 6506
f 6508 6556 6507
f 6509 6557 6508
f 6510 6558 6509
f 6511 6559 6510
f 6512 6560 6511
f 6513 6561 6512
f 6514 6562 6513
f 6515 6563 6514
f 6517 6565 6516
f 6518 6566 6517
f 6519 6567 6518
f 6520 6568 6519
f 6521 6569 6520
f 6522 6570 6521
f 6523 6571 6522
f 6524 6572 6523
f 6525 6573 6524
f 6526 6574 6525
f 6527 6575 6526
f 6528 6576 6527
f 6529 6577 6528
f 6530 6578 6529
f 6531 6579 6530
f 6532 6580 6531
f 6533 6581 6532
f 6534 6582 6533
f 6535 6583 6534
f 6536 6584 6535
f 6537 6585 6536
f 6538 6586 6537
f 6539 6587 6538
f 6540 6588 6539
f 6541 6589 6540
f 6542 6590 6541
f 6543 6591 6542
f 6544 6592 6543
f 6545 6593 6544
f 6546 6594 6545
f 6547 6595 6546
f 6548 6596 6547
f 6549 6597 6548
f 6550 6598 6549
f 6551 6599 6550
f 6552 6600 6551
f 6553 6601 6552
f 6554 6602 6553
f 6555 6603 6554
f 6556 6604 6555
f 6557 6605 6556
f 6558 6606 6557
f 6559 6607 6558
f 6560 6608 6559
f 6561 6609 6560
f 6562 6610 6561
f 6563 6611 6562
f 6564 6612 6563
f 6566 6614 6565
f 6567 6615 6566
f 6568 6616 6567
f 6569 6617 6568
f 6570 6618 6569
f 6571 6619 6570
f 6572 6620 6571
f 6573 6621 6572
f 6574 6622 6573
f 6575 6623 6574
f 6576 6624 6575
f 6577 6625 6576
f 6578 6626 6577
f 6579 6627 6578
f 6580 6628 6579
f 6581 6629 6580
f 6582 6630 6581
f 6583 6631 6582
f 6584 6632 6583
f 6585 6633 6584
f 6586 6634 6585
f 6587 6635 6586
f 6588 6636 6587
f 6589 6637 6588
f 6590 6638 6589
f 6591 6639 6590
f 6592 6640 6591
f 6593 6641 6592
f 6594 6642 6593
f 6595 6643 6594
f 6596 6644 6595
f 6597 6645 6596
f 6598 6646 6597
f 6599 6647 6598
f 6600 6648 6599
f 6601 6649 6600
f 6602 6650 6601
f 6603 6651 6602
f 6604 6652 6603
f 6605 6653 6604
f 6606 6654 6605
f 6607 6655 6606
f 6608 6656 6607
f 6609 6657 6608
f 6610 6658 6609
f 6611 6659 6610
f 6612 6660 6611
f 6613 6661 6612
f 6615 6663 6614
f 6616 6664 6615
f 6617 6665 6616
f 6618 6666 6617
f 6619 6667 6618
f 6620 6668 6619
f 6621 6669 6620
f 6622 6670 6621
f 6623 6671 6622
f 6624 6672 6623
f 6625 6673 6624
f 6626 6674 6625
f 6627 6675 6626
f 6628 6676 6627
f 6629 6677 6628
f 6630 6678 6629
f 6631 6679 6630
f 6632 6680 6631
f 6633 6681 6632
f 6634 6682 6633
f 6635 6683 6634
f 6636 6684 6635
f 6637 6685 6636
f 6638 6686 6637
f 6639 6687 6638
f 6640 6688 6639
f 6641 6689 6640
f 6642 6690 6641
f 6643 6691 6642
f 6644 6692 6643
f 6645 6693 6644
f 6646 6694 6645
f 6647 6695 6646
f 6648 6696 6647
f 6649 6697 6648
f 6650 6698 6649
f 6651 6699 6650
f 6652 6700 6651
f 6653 6701 6652
f 6654 6702 6653
f 6655 6703 6654
f 6656 6704 6655
f 6657 6705 6656
f 6658 6706 6657
f 6659 6707 6658
f 6660 6708 6659
f 6661 6709 6660
f 6662 6710 6661
f 6664 6712 6663
f 6665 6713 6664
f 6666 6714 6665
f 6667 6715 6666
f 6668 6716 6667
f 6669 6717 6668
f 6670 6718 6669
f 6671 6719 6670
f 6672 6720 6671
f 6673 6721 6672
f 6674 6722 6673
f 6675 6723 6674
f 6676 6724 6675
f 6677 6725 6676
f 6678 6726 6677
f 6679 6727 6678
f 6680 6728 6679
f 6681 6729 6680
f 6682 6730 6681
f 6683 6731 6682
f 6684 6732 6683
f 6685 6733 6684
f 6686 6734 6685
f 6687 6735 6686
f 6688 6736 6687
f 6689 6737 6688
f 6690 6738 6689
f 6691 6739 6690
f 6692 6740 6691
f 6693 6741 6692
f 6694 6742 6693
f 6695 6743 6694
f 6696 6744 6695
f 6697 6745 6696
f 6698 6746 6697
f 6699 6747 6698
f 6700 6748 6699
f 6701 6749 6700
f 6702 6750 6701
f 6703 6751 6702
f 6704 6752 6703
f 6705 6753 6704
f 6706 6754 6705
f 6707 6755 6706
f 6708 6756 6707
f 6709 6757 6708
f 6710 6758 6709
f 6711 6759 6710
f 6713 6761 6712
f 6714 6762 6713
f 6715 6763 6714
f 6716 6764 6715
f 6717 6765 6716
f 6718 6766 6717
f 6719 6767 6718
f 6720 6768 6719
f 6721 6769 6720
f 6722 6770 6721
f 6723 6771 6722
f 6724 6772 6723
f 6725 6773 6724
f 6726 6774 6725
f 6727 6775 6726
f 6728 6776 6727
f 6729 6777 6728
f 6730 6778 6729
f 6731 6779 6730
f 6732 6780 6731
f 6733 6781 6732
f 6734 6782 6733
f 6735 6783 6734
f 6736 6784 6735
f 6737 6785 6736
f 6738 6786 6737
f 6739 6787 6738
f 6740 6788 6739
f 6741 6789 6740
f 6742 6790 6741
f 6743 6791 6742
f 6744 6792 6743
f 6745 6793 6744
f 6746 6794 6745
f 6747 6795 6746
f 6748 6796 6747
f 6749 6797 6748
f 6750 6798 6749
f 6751 6799 6750
f 6752 6800 6751
f 6753 6801 6752
f 6754 6802 6753
f 6755 6803 6754
f 6756 6804 6755
f 6757 6805 6756
f 6758 6806 6757
f 6759 6807 6758
f 6760 6808 6759
f 6762 6810 6761
f 6763 6811 6762
f 6764 6812 6763
f 6765 6813 6764
f 6766 6814 6765
f 6767 6815 6766
f 6768 6816 6767
f 6769 6817 6768
f 6770 6818 6769
f 6771 6819 6770
f 6772 6820 6771
f 6773 6821 6772
f 6774 6822 6773
f 6775 6823 6774
f 6798 6825 6797
f 6799 6826 6798
f 6800 6827 6799
f 6801 6828 6800
f 6802 6829 6801
f 6803 6830 6802
f 6804 6831 6803
f 6805 6832 6804
f 6806 6833 6805
f 6807 6834 6806
f 6808 6835 6807
f 6809 6836 6808
f 6811 6838 6810
f 6812 6839 6811
f 6813 6840 6812
f 6814 6841 6813
f 6815 6842 6814
f 6816 6843 6815
f 6817 6844 6816
f 6818 6845 6817
f 6819 6846 6818
f 6820 6847 6819
f 6821 6848 6820
f 6822 6849 6821
f 6823 6850 6822
f 6824 6851 6823
f 6826 6853 6825
f 6827 6854 6826
f 6828 6855 6827
f 6829 6856 6828
f 6830 6857 6829
f 6831 6858 6830
f 6832 6859 6831
f 6833 6860 6832
f 6834 6861 6833
f 6835 6862 6834
f 6836 6863 6835
f 6837 6864 6836
f 6839 6866 6838
f 6840 6867 6839
f 6841 6868 6840
f 6842 6869 6841
f 6843 6870 6842
f 6844 6871 6843
f 6845 6872 6844
f 6846 6873 6845
f 6847 6874 6846
f 6848 6875 6847
f 6849 6876 6848
f 6850 6877 6849
f 6851 6878 6850
f 6852 6879 6851
f 6854 6881 6853
f 6855 6882 6854
f 6856 6883 6855
f 6857 6884 6856
f 6858 6885 6857
f 6859 6886 6858
f 6860 6887 6859
f 6861 6888 6860
f 6862 6889 6861
f 6863 6890 6862
f 6864 6891 6863
f 6865 6892 6864
f 6867 6894 6866
f 6868 6895 6867
f 6869 6896 6868
f 6870 6897 6869
f 6871 6898 6870
f 6872 6899 6871
f 6873 6900 6872
f 6874 6901 6873
f 6875 6902 6874
f 6876 6903 6875
f 6877 6904 6876
f 6878 6905 6877
f 6879 6906 6878
f 6880 6907 6879
f 6882 6909 6881
f 6883 6910 6882
f 6884 6911 6883
f 6885 6912 6884
f 6886 6913 6885
f 6887 6914 6886
f 6888 6915 6887
f 6889 6916 6888
f 6890 6917 6889
f 6891 6918 6890
f 6892 6919 6891
f 6893 6920 6892
f 6895 6922 6894
f 6896 6923 6895
f 6897 6924 6896
f 6898 6925 6897
f 6899 6926 6898
f 6900 6927 6899
f 6901 6928 6900
f 6902 6929 6901
f 6903 6930 6902
f 6904 6931 6903
f 6905 6932 6904
f 6906 6933 6905
f 6907 6934 6906
f 6908 6935 6907
f 6910 6937 6909
f 6911 6938 6910
f 6912 6939 6911
f 6913 6940 6912
f 6914 6941 6913
f 6915 6942 6914
f 6916 6943 6915
f 6917 6944 6916
f 6918 6945 6917
f 6919 6946 6918
f 6920 6947 6919
f 6921 6948 6920
f 6923 6950 6922
f 6924 6951 6923
f 6925 6952 6924
f 6926 6953 6925
f 6927 6954 6926
f 6928 6955 6927
f 6929 6956 6928
f 6930 6957 6929
f 6931 6958 6930
f 6932 6959 6931
f 6933 6960 6932
f 6934 6961 6933
f 6935 6962 6934
f 6936 6963 6935
f 6938 6965 6937
f 6939 6966 6938
f 6940 6967 6939
f 6941 6968 6940
f 6942 6969 6941
f 6943 6970 6942
f 6944 6971 6943
f 6945 6972 6944
f 6946 6973 6945
f 6947 6974 6946
f 6948 6975 6947
f 6949 6976 6948
f 6951 6978 6950
f 6952 6979 6951
f 6953 6980 6952
f 6954 6981 6953
f 6955 6982 6954
f 6956 6983 6955
f 6957 6984 6956
f 6958 6985 6957
f 6959 6986 6958
f 6960 6987 6959
f 6961 6988 6960
f 6962 6989 6961
f 6963 6990 6962
f 6964 6991 6963
f 6966 6993 6965
f 6967 6994 6966
f 6968 6995 6967
f 6969 6996 6968
f 6970 6997 6969
f 6971 6998 6970
f 6972 6999 6971
f 6973 7000 6972
f 6974 7001 6973
f 6975 7002 6974
f 6976 7003 6975
f 6977 7004 6976
f 6979 7006 6978
f 6980 7007 6979
f 6981 7008 6980
f 6982 7009 6981
f 6983 7010 6982
f 6984 7011 6983
f 6985 7012 6984
f 6986 7013 6985
f 6987 7014 6986
f 6988 7015 6987
f 6989 7016 6988
f 6990 7017 6989
f 6991 7018 6990
f 6992 7019 6991
f 6994 7021 6993
f 6995 7022 6994
f 6996 7023 6995
f 6997 7024 6996
f 6998 7025 6997
f 6999 7026 6998
f 7000 7027 6999
f 7001 7028 7000
f 7002 7029 7001
f 7003 7030 7002
f 7004 7031 7003
f 7005 7032 7004
f 7007 7034 7006
f 7008 7035 7007
f 7009 7036 7008
f 7010 7037 7009
f 7011 7038 7010
f 7012 7039 7011
f 7013 7040 7012
f 7014 7041 7013
f 7015 7042 7014
f 7016 7043 7015
f 7017 7044 7016
f 7018 7045 7017
f 7019 7046 7018
f 7020 7047 7019
f 7022 7049 7021
f 7023 7050 7022
f 7024 7051 7023
f 7025 7052 7024
f 7026 7053 7025
f 7027 7054 7026
f 7028 7055 7027
f 7029 7056 7028
f 7030 7057 7029
f 7031 7058 7030
f 7032 7059 7031
f 7033 7060 7032
f 7035 7062 7034
f 7036 7063 7035
f 7037 7064 7036
f 7038 7065 7037
f 7039 7066 7038
f 7040 7067 7039
f 7041 7068 7040
f 7042 7069 7041
f 7043 7070 7042
f 7044 7071 7043
f 7045 7072 7044
f 7046 7073 7045
f 7047 7074 7046
f 7048 7075 7047
f 7050 7077 7049
f 7051 7078 7050
f 7052 7079 7051
f 7053 7080 7052
f 7054 7081 7053
f 7055 7082 7054
f 7056 7083 7055
f 7057 7084 7056
f 7058 7085 7057
f 7059 7086 7058
f 7060 7087 7059
f 7061 7088 7060
f 7063 7090 7062
f 7064 7091 7063
f 7065 7092 7064
f 7066 7093 7065
f 7067 7094 7066
f 7068 7095 7067
f 7069 7096 7068
f 7070 7097 7069
f 7071 7098 7070
f 7072 7099 7071
f 7073 7100 7072
f 7074 7101 7073
f 7075 7102 7074
f 7076 7103 7075
f 7078 7105 7077
f 7079 7106 7078
f 7080 7107 7079
f 7081 7108 7080
f 7082 7109 7081
f 7083 7110 7082
f 7084 7111 7083
f 7085 7112 7084
f 7086 7113 7085
f 7087 7114 7086
f 7088 7115 7087
f 7089 7116 7088
f 7091 7118 7090
f 7092 7119 7091
f 7093 7120 7092
f 7094 7121 7093
f 7095 7122 7094
f 7096 7123 7095
f 7097 7124 7096
f 7098 7125 7097
f 7099 7126 7098
f 7100 7127 7099
f 7101 7128 7100
f 7102 7129 7101
f 7103 7130 7102
f 7104 7131 7103
f 7106 7133 7105
f 7107 7134 7106
f 7108 7135 7107
f 7109 7136 7108
f 7110 7137 7109
f 7111 7138 7110
f 7112 7139 7111
f 7113 7140 7112
f 7114 7141 7113
f 7115 7142 7114
f 7116 7143 7115
f 7117 7144 7116
f 7119 7146 7118
f 7120 7147 7119
f 7121 7148 7120
f 7122 7149 7121
f 7123 7150 7122
f 7124 7151 7123
f 7125 7152 7124
f 7126 7153 7125
f 7127 7154 7126
f 7128 7155 7127
f 7129 7156 7128
f 7130 7157 7129
f 7131 7158 7130
f 7132 7159 7131
f 7134 7161 7133
f 7135 7162 7134
f 7136 7163 7135
f 7137 7164 7136
f 7138 7165 7137
f 7139 7166 7138
f 7140 7167 7139
f 7141 7168 7140
f 7142 7169 7141
f 7143 7170 7142
f 7144 7171 7143
f 7145 7172 7144
f 7147 7174 7146
f 7148 7175 7147
f 7149 7176 7148
f 7150 7177 7149
f 7151 7178 7150
f 7152 7179 7151
f 7153 7180 7152
f 7154 7181 7153
f 7155 7182 7154
f 7156 7183 7155
f 7157 7184 7156
f 7158 7185 7157
f 7159 7186 7158
f 7160 7187 7159
f 7162 7189 7161
f 7163 7190 7162
f 7164 7191 7163
f 7165 7192 7164
f 7166 7193 7165
f 7167 7194 7166
f 7168 7195 7167
f 7169 7196 7168
f 7170 7197 7169
f 7171 7198 7170
f 7172 7199 7171
f 7173 7200 7172
f 7175 7202 7174
f 7176 7203 7175
f 7177 7204 7176
f 7178 7205 7177
f 7179 7206 7178
f 7180 7207 7179
f 7181 7208 7180
f 7182 7209 7181
f 7183 7210 7182
f 7184 7211 7183
f 7185 7212 7184
f 7186 7213 7185
f 7187 7214 7186
f 7188 7215 7187
f 7190 7217 7189
f 7191 7218 7190
f 7192 7219 7191
f 7193 7220 7192
f 7194 7221 7193
f 7195 7222 7194
f 7196 7223 7195
f 7197 7224 7196
f 7198 7225 7197
f 7199 7226 7198
f 7200 7227 7199
f 7201 7228 7200
f 7203 7230 7202
f 7204 7231 7203
f 7205 7232 7204
f 7206 7233 7205
f 7207 7234 7206
f 7208 7235 7207
f 7209 7236 7208
f 7210 7237 7209
f 7211 7238 7210
f 7212 7239 7211
f 7213 7240 7212
f 7214 7241 7213
f 7215 7242 7214
f 7216 7243 7215
f 7218 7245 7217
f 7219 7246 7218
f 7220 7247 7219
f 7221 7248 7220
f 7222 7249 7221
f 7223 7250 7222
f 7224 7251 7223
f 7225 7252 7224
f 7226 7253 7225
f 7227 7254 7226
f 7228 7255 7227
f 7229 7256 7228
f 7231 7258 7230
f 7232 7259 7231
f 7233 7260 7232
f 7234 7261 7233
f 7235 7262 7234
f 7236 7263 7235
f 7237 7264 7236
f 7238 7265 7237
f 7239 7266 7238
f 7240 7267 7239
f 7241 7268 7240
f 7242 7269 7241
f 7243 7270 7242
f 7244 7271 7243
f 7246 7273 7245
f 7247 7274 7246
f 7248 7275 7247
f 7249 7276 7248
f 7250 7277 7249
f 7251 7278 7250
f 7252 7279 7251
f 7253 7280 7252
f 7254 7281 7253
f 7255 7282 7254
f 7256 7283 7255
f 7257 7284 7256
f 7267 7286 7266
f 7268 7287 7267
f 7269 7288 7268
f 7270 7289 7269
f 7271 7290 7270
f 7272 7291 7271
f 7274 7293 7273
f 7275 7294 7274
f 7276 7295 7275
f 7277 7296 7276
f 7278 7297 7277
f 7279 7298 7278
f 7280 7299 7279
f 7281 7300 7280
f 7282 7301 7281
f 7283 7302 7282
f 7284 7303 7283
f 7285 7304 7284
f 7287 7306 7286
f 7288 7307 7287
f 7289 7308 7288
f 7290 7309 7289
f 7291 7310 7290
f 7292 7311 7291
f 7294 7313 7293
f 7295 7314 7294
f 7296 7315 7295
f 7297 7316 7296
f 7298 7317 7297
f 7299 7318 7298
f 7300 7319 7299
f 7301 7320 7300
f 7302 7321 7301
f 7303 7322 7302
f 7304 7323 7303
f 7305 7324 7304
f 7307 7326 7306
f 7308 7327 7307
f 7309 7328 7308
f 7310 7329 7309
f 7311 7330 7310
f 7312 7331 7311
f 7314 7333 7313
f 7315 7334 7314
f 7316 7335 7315
f 7317 7336 7316
f 7318 7337 7317
f 7319 7338 7318
f 7320 7339 7319
f 7321 7340 7320
f 7322 7341 7321
f 7323 7342 7322
f 7324 7343 7323
f 7325 7344 7324
f 7346 7396 7347
f 7347 7397 7348
f 7348 7398 7349
f 7349 7399 7350
f 7350 7400 7351
f 7351 7401 7352
f 7352 7402 7353
f 7353 7403 7354
f 7354 7404 7355
f 7355 7405 7356
f 7356 7406 7357
f 7357 7407 7358
f 7358 7408 7359
f 7359 7409 7360
f 7360 7410 7361
f 7361 7411 7362
f 7362 7412 7363
f 7363 7413 7364
f 7364 7414 7365
f 7365 7415 7366
f 7366 7416 7367
f 7367 7417 7368
f 7368 7418 7369
f 7369 7419 7370
f 7370 7420 7371
f 7371 7421 7372
f 7372 7422 7373
f 7373 7423 7374
f 7374 7424 7375
f 7375 7425 7376
f 7376 7426 7377
f 7377 7427 7378
f 7378 7428 7379
f 7379 7429 7380
f 7380 7430 7381
f 7381 7431 7382
f 7382 7432 7383
f 7383 7433 7384
f 7384 7434 7385
f 7385 7435 7386
f 7386 7436 7387
f 7387 7437 7388
f 7388 7438 7389
f 7389 7439 7390
f 7390 7440 7391
f 7391 7441 7392
f 7392 7442 7393
f 7393 7443 7394
f 7395 7445 7396
f 7396 7446 7397
f 7397 7447 7398
f 7398 7448 7399
f 7399 7449 7400
f 7400 7450 7401
f 7401 7451 7402
f 7402 7452 7403
f 7403 7453 7404
f 7404 7454 7405
f 7405 7455 7406
f 7406 7456 7407
f 7407 7457 7408
f 7408 7458 7409
f 7409 7459 7410
f 7410 7460 7411
f 7411 7461 7412
f 7412 7462 7413
f 7413 7463 7414
f 7414 7464 7415
f 7415 7465 7416
f 7416 7466 7417
f 7417 7467 7418
f 7418 7468 7419
f 7419 7469 7420
f 7420 7470 7421
f 7421 7471 7422
f 7422 7472 7423
f 7423 7473 7424
f 7424 7474 7425
f 7425 7475 7426
f 7426 7476 7427
f 7427 7477 7428
f 7428 7478 7429
f 7429 7479 7430
f 7430 7480 7431
f 7431 7481 7432
f 7432 7482 7433
f 7433 7483 7434
f 7434 7484 7435
f 7435 7485 7436
f 7436 7486 7437
f 7437 7487 7438
f 7438 7488 7439
f 7439 7489 7440
f 7440 7490 7441
f 7441 7491 7442
f 7442 7492 7443
f 7444 7494 7445
f 7445 7495 7446
f 7446 7496 7447
f 7447 7497 7448
f 7448 7498 7449
f 7449 7499 7450
f 7450 7500 7451
f 7451 7501 7452
f 7452 7502 7453
f 7453 7503 7454
f 7454 7504 7455
f 7455 7505 7456
f 7456 7506 7457
f 7457 7507 7458
f 7458 7508 7459
f 7459 7509 7460
f 7460 7510 7461
f 7461 7511 7462
f 7462 7512 7463
f 7463 7513 7464
f 7464 7514 7465
f 7465 7515 7466
f 7466 7516 7467
f 7467 7517 7468
f 7468 7518 7469
f 7469 7519 7470
f 7470 7520 7471
f 7471 7521 7472
f 7472 7522 7473
f 7473 7523 7474
f 7474 7524 7475
f 7475 7525 7476
f 7476 7526 7477
f 7477 7527 7478
f 7478 7528 7479
f 7479 7529 7480
f 7480 7530 7481
f 7481 7531 7482
f 7482 7532 7483
f 7483 7533 7484
f 7484 7534 7485
f 7485 7535 7486
f 7486 7536 7487
f 7487 7537 7488
f 7488 7538 7489
f 7489 7539 7490
f 7490 7540 7491
f 7491 7541 7492
f 7493 7543 7494
f 7494 7544 7495
f 7495 7545 7496
f 7496 7546 7497
f 7497 7547 7498
f 7498 7548 7499
f 7499 7549 7500
f 7500 7550 7501
f 7501 7551 7502
f 7502 7552 7503
f 7503 7553 7504
f 7504 7554 7505
f 7505 7555 7506
f 7506 7556 7507
f 7507 7557 7508
f 7508 7558 7509
f 7509 7559 7510
f 7510 7560 7511
f 7511 7561 7512
f 7512 7562 7513
f 7513 7563 7514
f 7514 7564 7515
f 7515 7565 7516
f 7516 7566 7517
f 7517 7567 7518
f 7518 7568 7519
f 7519 7569 7520
f 7520 7570 7521
f 7521 7571 7522
f 7522 7572 7523
f 7523 7573 7524
f 7524 7574 7525
f 7525 7575 7526
f 7526 7576 7527
f 7527 7577 7528
f 7528 7578 7529
f 7529 7579 7530
f 7530 7580 7531
f 7531 7581 7532
f 7532 7582 7533
f 7533 7583 7534
f 7534 7584 7535
f 7535 7585 7536
f 7536 7586 7537
f 7537 7587 7538
f 7538 7588 7539
f 7539 7589 7540
f 7540 7590 7541
f 7542 7592 7543
f 7543 7593 7544
f 7544 7594 7545
f 7545 7595 7546
f 7546 7596 7547
f 7547 7597 7548
f 7548 7598 7549
f 7549 7599 7550
f 7550 7600 7551
f 7551 7601 7552
f 7552 7602 7553
f 7553 7603 7554
f 7554 7604 7555
f 7555 7605 7556
f 7556 7606 7557
f 7557 7607 7558
f 7558 7608 7559
f 7559 7609 7560
f 7560 7610 7561
f 7561 7611 7562
f 7562 7612 7563
f 7563 7613 7564
f 7564 7614 7565
f 7565 7615 7566
f 7566 7616 7567
f 7567 7617 7568
f 7568 7618 7569
f 7569 7619 7570
f 7570 7620 7571
f 7571 7621 7572
f 7572 7622 7573
f 7573 7623 7574
f 7574 7624 7575
f 7575 7625 7576
f 7576 7626 7577
f 7577 7627 7578
f 7578 7628 7579
f 7579 7629 7580
f 7580 7630 7581
f 7581 7631 7582
f 7582 7632 7583
f 7583 7633 7584
f 7584 7634 7585
f 7585 7635 7586
f 7586 7636 7587
f 7587 7637 7588
f 7588 7638 7589
f 7589 7639 7590
f 7591 7641 7592
f 7592 7642 7593
f 7593 7643 7594
f 7594 7644 7595
f 7595 7645 7596
f 7596 7646 7597
f 7597 7647 7598
f 7598 7648 7599
f 7599 7649 7600
f 7600 7650 7601
f 7601 7651 7602
f 7602 7652 7603
f 7603 7653 7604
f 7604 7654 7605
f 7605 7655 7606
f 7606 7656 7607
f 7607 7657 7608
f 7608 7658 7609
f 7609 7659 7610
f 7610 7660 7611
f 7611 7661 7612
f 7612 7662 7613
f 7613 7663 7614
f 7614 7664 7615
f 7615 7665 7616
f 7616 7666 7617
f 7617 7667 7618
f 7618 7668 7619
f 7619 7669 7620
f 7620 7670 7621
f 7621 7671 7622
f 7622 7672 7623
f 7623 7673 7624
f 7624 7674 7625
f 7625 7675 7626
f 7626 7676 7627
f 7627 7677 7628
f 7628 7678 7629
f 7629 7679 7630
f 7630 7680 7631
f 7631 7681 7632
f 7632 7682 7633
f 7633 7683 7634
f 7634 7684 7635
f 7635 7685 7636
f 7636 7686 7637
f 7637 7687 7638
f 7638 7688 7639
f 7640 7690 7641
f 7641 7691 7642
f 7642 7692 7643
f 7643 7693 7644
f 7644 7694 7645
f 7645 7695 7646
f 7646 7696 7647
f 7647 7697 7648
f 7648 7698 7649
f 7649 7699 7650
f 7650 7700 7651
f 7651 7701 7652
f 7652 7702 7653
f 7653 7703 7654
f 7654 7704 7655
f 7655 7705 7656
f 7656 7706 7657
f 7657 7707 7658
f 7658 7708 7659
f 7659 7709 7660
f 7660 7710 7661
f 7661 7711 7662
f 7662 7712 7663
f 7663 7713 7664
f 7664 7714 7665
f 7665 7715 7666
f 7666 7716 7667
f 7667 7717 7668
f 7668 7718 7669
f 7669 7719 7670
f 7670 7720 7671
f 7671 7721 7672
f 7672 7722 7673
f 7673 7723 7674
f 7674 7724 7675
f 7675 7725 7676
f 7676 7726 7677
f 7677 7727 7678
f 7678 7728 7679
f 7679 7729 7680
f 7680 7730 7681
f 7681 7731 7682
f 7682 7732 7683
f 7683 7733 7684
f 7684 7734 7685
f 7685 7735 7686
f 7686 7736 7687
f 7687 7737 7688
f 7689 7739 7690
f 7690 7740 7691
f 7691 7741 7692
f 7692 7742 7693
f 7693 7743 7694
f 7694 7744 7695
f 7695 7745 7696
f 7696 7746 7697
f 7697 7747 7698
f 7698 7748 7699
f 7699 7749 7700
f 7700 7750 7701
f 7701 7751 7702
f 7702 7752 7703
f 7703 7753 7704
f 7704 7754 7705
f 7705 7755 7706
f 7706 7756 7707
f 7707 7757 7708
f 7708 7758 7709
f 7709 7759 7710
f 7710 7760 7711
f 7711 7761 7712
f 7712 7762 7713
f 7713 7763 7714
f 7714 7764 7715
f 7715 7765 7716
f 7716 7766 7717
f 7717 7767 7718
f 7718 7768 7719
f 7719 7769 7720
f 7720 7770 7721
f 7721 7771 7722
f 7722 7772 7723
f 7723 7773 7724
f 7724 7774 7725
f 7725 7775 7726
f 7726 7776 7727
f 7727 7777 7728
f 7728 7778 7729
f 7729 7779 7730
f 7730 7780 7731
f 7731 7781 7732
f 7732 7782 7733
f 7733 7783 7734
f 7734 7784 7735
f 7735 7785 7736
f 7736 7786 7737
f 7738 7788 7739
f 7739 7789 7740
f 7740 7790 7741
f 7741 7791 7742
f 7742 7792 7743
f 7743 7793 7744
f 7744 7794 7745
f 7745 7795 7746
f 7746 7796 7747
f 7747 7797 7748
f 7748 7798 7749
f 7749 7799 7750
f 7750 7800 7751
f 7751 7801 7752
f 7752 7802 7753
f 7753 7803 7754
f 7754 7804 7755
f 7755 7805 7756
f 7756 7806 7757
f 7757 7807 7758
f 7758 7808 7759
f 7759 7809 7760
f 7760 7810 7761
f 7761 7811 7762
f 7762 7812 7763
f 7763 7813 7764
f 7764 7814 7765
f 7765 7815 7766
f 7766 7816 7767
f 7767 7817 7768
f 7768 7818 7769
f 7769 7819 7770
f 7770 7820 7771
f 7771 7821 7772
f 7772 7822 7773
f 7773 7823 7774
f 7774 7824 7775
f 7775 7825 7776
f 7776 7826 7777
f 7777 7827 7778
f 7778 7828 7779
f 7779 7829 7780
f 7780 7830 7781
f 7781 7831 7782
f 7782 7832 7783
f 7783 7833 7784
f 7784 7834 7785
f 7785 7835 7786
f 7787 7837 7788
f 7788 7838 7789
f 7789 7839 7790
f 7790 7840 7791
f 7791 7841 7792
f 7792 7842 7793
f 7793 7843 7794
f 7794 7844 7795
f 7795 7845 7796
f 7796 7846 7797
f 7797 7847 7798
f 7798 7848 7799
f 7799 7849 7800
f 7800 7850 7801
f 7801 7851 7802
f 7802 7852 7803
f 7803 7853 7804
f 7804 7854 7805
f 7805 7855 7806
f 7806 7856 7807
f 7807 7857 7808
f 7808 7858 7809
f 7809 7859 7810
f 7810 7860 7811
f 7811 7861 7812
f 7812 7862 7813
f 7813 7863 7814
f 7814 7864 7815
f 7815 7865 7816
f 7816 7866 7817
f 7817 7867 7818
f 7818 7868 7819
f 7819 7869 7820
f 7820 7870 7821
f 7821 7871 7822
f 7822 7872 7823
f 7823 7873 7824
f 7824 7874 7825
f 7825 7875 7826
f 7826 7876 7827
f 7827 7877 7828
f 7828 7878 7829
f 7829 7879 7830
f 7830 7880 7831
f 7831 7881 7832
f 7832 7882 7833
f 7833 7883 7834
f 7834 7884 7835
f 7836 7886 7837
f 7837 7887 7838
f 7838 7888 7839
f 7839 7889 7840
f 7840 7890 7841
f 7841 7891 7842
f 7842 7892 7843
f 7843 7893 7844
f 7844 7894 7845
f 7845 7895 7846
f 7846 7896 7847
f 7847 7897 7848
f 7848 7898 7849
f 7849 7899 7850
f 7872 7901 7873
f 7873 7902 7874
f 7874 7903 7875
f 7875 7904 7876
f 7876 7905 7877
f 7877 7906 7878
f 7878 7907 7879
f 7879 7908 7880
f 7880 7909 7881
f 7881 7910 7882
f 7882 7911 7883
f 7883 7912 7884
f 7885 7914 7886
f 7886 7915 7887
f 7887 7916 7888
f 7888 7917 7889
f 7889 7918 7890
f 7890 7919 7891
f 7891 7920 7892
f 7892 7921 7893
f 7893 7922 7894
f 7894 7923 7895
f 7895 7924 7896
f 7896 7925 7897
f 7897 7926 7898
f 7898 7927 7899
f 7900 7929 7901
f 7901 7930 7902
f 7902 7931 7903
f 7903 7932 7904
f 7904 7933 7905
f 7905 7934 7906
f 7906 7935 7907
f 7907 7936 7908
f 7908 7937 7909
f 7909 7938 7910
f 7910 7939 7911
f 7911 7940 7912
f 7913 7942 7914
f 7914 7943 7915
f 7915 7944 7916
f 7916 7945 7917
f 7917 7946 7918
f 7918 7947 7919
f 7919 7948 7920
f 7920 7949 7921
f 7921 7950 7922
f 7922 7951 7923
f 7923 7952 7924
f 7924 7953 7925
f 7925 7954 7926
f 7926 7955 7927
f 7928 7957 7929
f 7929 7958 7930
f 7930 7959 7931
f 7931 7960 7932
f 7932 7961 7933
f 7933 7962 7934
f 7934 7963 7935
f 7935 7964 7936
f 7936 7965 7937
f 7937 7966 7938
f 7938 7967 7939
f 7939 7968 7940
f 7941 7970 7942
f 7942 7971 7943
f 7943 7972 7944
f 7944 7973 7945
f 7945 7974 7946
f 7946 7975 7947
f 7947 7976 7948
f 7948 7977 7949
f 7949 7978 7950
f 7950 7979 7951
f 7951 7980 7952
f 7952 7981 7953
f 7953 7982 7954
f 7954 7983 7955
f 7956 7985 7957
f 7957 7986 7958
f 7958 7987 7959
f 7959 7988 7960
f 7960 7989 7961
f 7961 7990 7962
f 7962 7991 7963
f 7963 7992 7964
f 7964 7993 7965
f 7965 7994 7966
f 7966 7995 7967
f 7967 7996 7968
f 7969 7998 7970
f 7970 7999 7971
f 7971 8000 7972
f 7972 8001 7973
f 7973 8002 7974
f 7974 8003 7975
f 7975 8004 7976
f 7976 8005 7977
f 7977 8006 7978
f 7978 8007 7979
f 7979 8008 7980
f 7980 8009 7981
f 7981 8010 7982
f 7982 8011 7983
f 7984 8013 7985
f 7985 8014 7986
f 7986 8015 7987
f 7987 8016 7988
f 7988 8017 7989
f 7989 8018 7990
f 7990 8019 7991
f 7991 8020 7992
f 7992 8021 7993
f 7993 8022 7994
f 7994 8023 7995
f 7995 8024 7996
f 7997 8026 7998
f 7998 8027 7999
f 7999 8028 8000
f 8000 8029 8001
f 8001 8030 8002
f 8002 8031 8003
f 8003 8032 8004
f 8004 8033 8005
f 8005 8034 8006
f 8006 8035 8007
f 8007 8036 8008
f 8008 8037 8009
f 8009 8038 8010
f 8010 8039 8011
f 8012 8041 8013
f 8013 8042 8014
f 8014 8043 8015
f 8015 8044 8016
f 8016 8045 8017
f 8017 8046 8018
f 8018 8047 8019
f 8019 8048 8020
f 8020 8049 8021
f 8021 8050 8022
f 8022 8051 8023
f 8023 8052 8024
f 8025 8054 8026
f 8026 8055 8027
f 8027 8056 8028
f 8028 8057 8029
f 8029 8058 8030
f 8030 8059 8031
f 8031 8060 8032
f 8032 8061 8033
f 8033 8062 8034
f 8034 8063 8035
f 8035 8064 8036
f 8036 8065 8037
f 8037 8066 8038
f 8038 8067 8039
f 8040 8069 8041
f 8041 8070 8042
f 8042 8071 8043
f 8043 8072 8044
f 8044 8073 8045
f 8045 8074 8046
f 8046 8075 8047
f 8047 8076 8048
f 8048 8077 8049
f 8049 8078 8050
f 8050 8079 8051
f 8051 8080 8052
f 8053 8082 8054
f 8054 8083 8055
f 8055 8084 8056
f 8056 8085 8057
f 8057 8086 8058
f 8058 8087 8059
f 8059 8088 8060
f 8060 8089 8061
f 8061 8090 8062
f 8062 8091 8063
f 8063 8092 8064
f 8064 8093 8065
f 8065 8094 8066
f 8066 8095 8067
f 8068 8097 8069
f 8069 8098 8070
f 8070 8099 8071
f 8071 8100 8072
f 8072 8101 8073
f 8073 8102 8074
f 8074 8103 8075
f 8075 8104 8076
f 8076 8105 8077
f 8077 8106 8078
f 8078 8107 8079
f 8079 8108 8080
f 8081 8110 8082
f 8082 8111 8083
f 8083 8112 8084
f 8084 8113 8085
f 8085 8114 8086
f 8086 8115 8087
f 8087 8116 8088
f 8088 8117 8089
f 8089 8118 8090
f 8090 8119 8091
f 8091 8120 8092
f 8092 8121 8093
f 8093 8122 8094
f 8094 8123 8095
f 8096 8125 8097
f 8097 8126 8098
f 8098 8127 8099
f 8099 8128 8100
f 8100 8129 8101
f 8101 8130 8102
f 8102 8131 8103
f 8103 8132 8104
f 8104 8133 8105
f 8105 8134 8106
f 8106 8135 8107
f 8107 8136 8108
f 8109 8138 8110
f 8110 8139 8111
f 8111 8140 8112
f 8112 8141 8113
f 8113 8142 8114
f 8114 8143 8115
f 8115 8144 8116
f 8116 8145 8117
f 8117 8146 8118
f 8118 8147 8119
f 8119 8148 8120
f 8120 8149 8121
f 8121 8150 8122
f 8122 8151 8123
f 8124 8153 8125
f 8125 8154 8126
f 8126 8155 8127
f 8127 8156 8128
f 8128 8157 8129
f 8129 8158 8130
f 8130 8159 8131
f 8131 8160 8132
f 8132 8161 8133
f 8133 8162 8134
f 8134 8163 8135
f 8135 8164 8136
f 8137 8166 8138
f 8138 8167 8139
f 8139 8168 8140
f 8140 8169 8141
f 8141 8170 8142
f 8142 8171 8143
f 8143 8172 8144
f 8144 8173 8145
f 8145 8174 8146
f 8146 8175 8147
f 8147 8176 8148
f 8148 8177 8149
f 8149 8178 8150
f 8150 8179 8151
f 8152 8181 8153
f 8153 8182 8154
f 8154 8183 8155
f 8155 8184 8156
f 8156 8185 8157
f 8157 8186 8158
f 8158 8187 8159
f 8159 8188 8160
f 8160 8189 8161
f 8161 8190 8162
f 8162 8191 8163
f 8163 8192 8164
f 8165 8194 8166
f 8166 8195 8167
f 8167 8196 8168
f 8168 8197 8169
f 8169 8198 8170
f 8170 8199 8171
f 8171 8200 8172
f 8172 8201 8173
f 8173 8202 8174
f 8174 8203 8175
f 8175 8204 8176
f 8176 8205 8177
f 8177 8206 8178
f 8178 8207 8179
f 8180 8209 8181
f 8181 8210 8182
f 8182 8211 8183
f 8183 8212 8184
f 8184 8213 8185
f 8185 8214 8186
f 8186 8215 8187
f 8187 8216 8188
f 8188 8217 8189
f 8189 8218 8190
f 8190 8219 8191
f 8191 8220 8192
f 8193 8222 8194
f 8194 8223 8195
f 8195 8224 8196
f 8196 8225 8197
f 8197 8226 8198
f 8198 8227 8199
f 8199 8228 8200
f 8200 8229 8201
f 8201 8230 8202
f 8202 8231 8203
f 8203 8232 8204
f 8204 8233 8205
f 8205 8234 8206
f 8206 8235 8207
f 8208 8237 8209
f 8209 8238 8210
f 8210 8239 8211
f 8211 8240 8212
f 8212 8241 8213
f 8213 8242 8214
f 8214 8243 8215
f 8215 8244 8216
f 8216 8245 8217
f 8217 8246 8218
f 8218 8247 8219
f 8219 8248 8220
f 8221 8250 8222
f 8222 8251 8223
f 8223 8252 8224
f 8224 8253 8225
f 8225 8254 8226
f 8226 8255 8227
f 8227 8256 8228
f 8228 8257 8229
f 8229 8258 8230
f 8230 8259 8231
f 8231 8260 8232
f 8232 8261 8233
f 8233 8262 8234
f 8234 8263 8235
f 8236 8265 8237
f 8237 8266 8238
f 8238 8267 8239
f 8239 8268 8240
f 8240 8269 8241
f 8241 8270 8242
f 8242 8271 8243
f 8243 8272 8244
f 8244 8273 8245
f 8245 8274 8246
f 8246 8275 8247
f 8247 8276 8248
f 8249 8278 8250
f 8250 8279 8251
f 8251 8280 8252
f 8252 8281 8253
f 8253 8282 8254
f 8254 8283 8255
f 8255 8284 8256
f 8256 8285 8257
f 8257 8286 8258
f 8258 8287 8259
f 8259 8288 8260
f 8260 8289 8261
f 8261 8290 8262
f 8262 8291 8263
f 8264 8293 8265
f 8265 8294 8266
f 8266 8295 8267
f 8267 8296 8268
f 8268 8297 8269
f 8269 8298 8270
f 8270 8299 8271
f 8271 8300 8272
f 8272 8301 8273
f 8273 8302 8274
f 8274 8303 8275
f 8275 8304 8276
f 8277 8306 8278
f 8278 8307 8279
f 8279 8308 8280
f 8280 8309 8281
f 8281 8310 8282
f 8282 8311 8283
f 8283 8312 8284
f 8284 8313 8285
f 8285 8314 8286
f 8286 8315 8287
f 8287 8316 8288
f 8288 8317 8289
f 8289 8318 8290
f 8290 8319 8291
f 8292 8321 8293
f 8293 8322 8294
f 8294 8323 8295
f 8295 8324 8296
f 8296 8325 8297
f 8297 8326 8298
f 8298 8327 8299
f 8299 8328 8300
f 8300 8329 8301
f 8301 8330 8302
f 8302 8331 8303
f 8303 8332 8304
f 8305 8334 8306
f 8306 8335 8307
f 8307 8336 8308
f 8308 8337 8309
f 8309 8338 8310
f 8310 8339 8311
f 8311 8340 8312
f 8312 8341 8313
f 8313 8342 8314
f 8314 8343 8315
f 8315 8344 8316
f 8316 8345 8317
f 8317 8346 8318
f 8318 8347 8319
f 8320 8349 8321
f 8321 8350 8322
f 8322 8351 8323
f 8323 8352 8324
f 8324 8353 8325
f 8325 8354 8326
f 8326 8355 8327
f 8327 8356 8328
f 8328 8357 8329
f 8329 8358 8330
f 8330 8359 8331
f 8331 8360 8332
f 8341 8362 8342
f 8342 8363 8343
f 8343 8364 8344
f 8344 8365 8345
f 8345 8366 8346
f 8346 8367 8347
f 8348 8369 8349
f 8349 8370 8350
f 8350 8371 8351
f 8351 8372 8352
f 8352 8373 8353
f 8353 8374 8354
f 8354 8375 8355
f 8355 8376 8356
f 8356 8377 8357
f 8357 8378 8358
f 8358 8379 8359
f 8359 8380 8360
f 8361 8382 8362
f 8362 8383 8363
f 8363 8384 8364
f 8364 8385 8365
f 8365 8386 8366
f 8366 8387 8367
f 8368 8389 8369
f 8369 8390 8370
f 8370 8391 8371
f 8371 8392 8372
f 8372 8393 8373
f 8373 8394 8374
f 8374 8395 8375
f 8375 8396 8376
f 8376 8397 8377
f 8377 8398 8378
f 8378 8399 8379
f 8379 8400 8380
f 8381 8402 8382
f 8382 8403 8383
f 8383 8404 8384
f 8384 8405 8385
f 8385 8406 8386
f 8386 8407 8387
f 8388 8409 8389
f 8389 8410 8390
f 8390 8411 8391
f 8391 8412 8392
f 8392 8413 8393
f 8393 8414 8394
f 8394 8415 8395
f 8395 8416 8396
f 8396 8417 8397
f 8397 8418 8398
f 8398 8419 8399
f 8399 8420 8400
f 6271 7395 7346
f 7346 6272 6271
f 7347 6273 6272
f 7348 6274 6273
f 7349 6275 6274
f 7350 6276 6275
f 7351 6277 6276
f 7352 6278 6277
f 7353 6279 6278
f 7354 6280 6279
f 7355 6281 6280
f 7356 6282 6281
f 7357 6283 6282
f 7358 6284 6283
f 7359 6285 6284
f 7360 6286 6285
f 7361 6287 6286
f 7362 6288 6287
f 7363 6289 6288
f 7364 6290 6289
f 7365 6291 6290
f 7366 6292 6291
f 7367 6293 6292
f 7368 6294 6293
f 7369 6295 6294
f 7370 6296 6295
f 7371 6297 6296
f 7372 6298 6297
f 7373 6299 6298
f 7374 6300 6299
f 7375 6301 6300
f 7376 6302 6301
f 7377 6303 6302
f 7378 6304 6303
f 7379 6305 6304
f 7380 6306 6305
f 7381 6307 6306
f 7382 6308 6307
f 7383 6309 6308
f 7384 6310 6309
f 7385 6311 6310
f 7386 6312 6311
f 7387 6313 6312
f 7388 6314 6313
f 7389 6315 6314
f 7390 6316 6315
f 7391 6317 6316
f 7392 6318 6317
f 7394 6368 6319
f 7393 6319 6318
f 6320 7444 7395
f 7443 6417 6368
f 6369 7493 7444
f 7492 6466 6417
f 6418 7542 7493
f 7541 6515 6466
f 6467 7591 7542
f 7590 6564 6515
f 6516 7640 7591
f 7639 6613 6564
f 6565 7689 7640
f 7688 6662 6613
f 6614 7738 7689
f 7737 6711 6662
f 6663 7787 7738
f 7786 6760 6711
f 6712 7836 7787
f 6775 7851 7850
f 6776 7852 7851
f 6777 7853 7852
f 6778 7854 7853
f 6779 7855 7854
f 6780 7856 7855
f 6781 7857 7856
f 6782 7858 7857
f 6783 7859 7858
f 6784 7860 7859
f 6785 7861 7860
f 6786 7862 7861
f 6787 7863 7862
f 6788 7864 7863
f 6789 7865 7864
f 6790 7866 7865
f 6791 7867 7866
f 6792 7868 7867
f 6793 7869 7868
f 6794 7870 7869
f 6795 7871 7870
f 6796 7872 7871
f 7835 6809 6760
f 6761 7885 7836
f 7850 6824 6775
f 6797 7900 7872
f 7884 6837 6809
f 6810 7913 7885
f 7899 6852 6824
f 6825 7928 7900
f 7912 6865 6837
f 6838 7941 7913
f 7927 6880 6852
f 6853 7956 7928
f 7940 6893 6865
f 6866 7969 7941
f 7955 6908 6880
f 6881 7984 7956
f 7968 6921 6893
f 6894 7997 7969
f 7983 6936 6908
f 6909 8012 7984
f 7996 6949 6921
f 6922 8025 7997
f 8011 6964 6936
f 6937 8040 8012
f 8024 6977 6949
f 6950 8053 8025
f 8039 6992 6964
f 6965 8068 8040
f 8052 7005 6977
f 6978 8081 8053
f 8067 7020 6992
f 6993 8096 8068
f 8080 7033 7005
f 7006 8109 8081
f 8095 7048 7020
f 7021 8124 8096
f 8108 7061 7033
f 7034 8137 8109
f 8123 7076 7048
f 7049 8152 8124
f 8136 7089 7061
f 7062 8165 8137
f 8151 7104 7076
f 7077 8180 8152
f 8164 7117 7089
f 7090 8193 8165
f 8179 7132 7104
f 7105 8208 8180
f 8192 7145 7117
f 7118 8221 8193
f 8207 7160 7132
f 7133 8236 8208
f 8220 7173 7145
f 7146 8249 8221
f 8235 7188 7160
f 7161 8264 8236
f 8248 7201 7173
f 7174 8277 8249
f 8263 7216 7188
f 7189 8292 8264
f 8276 7229 7201
f 7202 8305 8277
f 8291 7244 7216
f 7217 8320 8292
f 8304 7257 7229
f 7230 8333 8305
f 7258 8334 8333
f 7259 8335 8334
f 7260 8336 8335
f 7261 8337 8336
f 7262 8338 8337
f 7263 8339 8338
f 7264 8340 8339
f 7265 8341 8340
f 8319 7272 7244
f 7245 8348 8320
f 8332 7285 7257
f 7266 8361 8341
f 8347 7292 7272
f 7273 8368 8348
f 8360 7305 7285
f 7286 8381 8361
f 8367 7312 7292
f 7293 8388 8368
f 8380 7325 7305
f 7306 8401 8381
f 7326 8402 8401
f 7327 8403 8402
f 7328 8404 8403
f 7329 8405 8404
f 7330 8406 8405
f 7331 8407 8406
f 8387 7332 7312
f 7313 8408 8388
f 7333 8409 8408
f 7334 8410 8409
f 7335 8411 8410
f 7336 8412 8411
f 7337 8413 8412
f 7338 8414 8413
f 7339 8415 8414
f 7340 8416 8415
f 7341 8417 8416
f 7342 8418 8417
f 7343 8419 8418
f 7344 8420 8419
f 8400 7345 7325
f 8422 8442 8441
f 8423 8443 8442
f 8424 8444 8443
f 8425 8445 8444
f 8426 8446 8445
f 8427 8447 8446
f 8429 8449 8448
f 8430 8450 8449
f 8431 8451 8450
f 8432 8452 8451
f 8433 8453 8452
f 8434 8454 8453
f 8435 8455 8454
f 8436 8456 8455
f 8437 8457 8456
f 8438 8458 8457
f 8439 8459 8458
f 8440 8460 8459
f 8442 8462 8461
f 8443 8463 8462
f 8444 8464 8463
f 8445 8465 8464
f 8446 8466 8465
f 8447 8467 8466
f 8449 8469 8468
f 8450 8470 8469
f 8451 8471 8470
f 8452 8472 8471
f 8453 8473 8472
f 8454 8474 8473
f 8455 8475 8474
f 8456 8476 8475
f 8457 8477 8476
f 8458 8478 8477
f 8459 8479 8478
f 8460 8480 8479
f 8462 8482 8481
f 8463 8483 8482
f 8464 8484 8483
f 8465 8485 8484
f 8466 8486 8485
f 8467 8487 8486
f 8469 8489 8488
f 8470 8490 8489
f 8471 8491 8490
f 8472 8492 8491
f 8473 8493 8492
f 8474 8494 8493
f 8475 8495 8494
f 8476 8496 8495
f 8477 8497 8496
f 8478 8498 8497
f 8479 8499 8498
f 8480 8500 8499
f 8482 8502 8501
f 8483 8503 8502
f 8484 8504 8503
f 8485 8505 8504
f 8486 8506 8505
f 8487 8507 8506
f 8489 8509 8508
f 8490 8510 8509
f 8491 8511 8510
f 8492 8512 8511
f 8493 8513 8512
f 8494 8514 8513
f 8495 8515 8514
f 8496 8516 8515
f 8497 8517 8516
f 8498 8518 8517
f 8499 8519 8518
f 8500 8520 8519
f 8502 8522 8521
f 8503 8523 8522
f 8504 8524 8523
f 8505 8525 8524
f 8506 8526 8525
f 8507 8527 8526
f 8509 8529 8528
f 8510 8530 8529
f 8511 8531 8530
f 8512 8532 8531
f 8513 8533 8532
f 8514 8534 8533
f 8515 8535 8534
f 8516 8536 8535
f 8517 8537 8536
f 8518 8538 8537
f 8519 8539 8538
f 8520 8540 8539
f 8522 8542 8541
f 8523 8543 8542
f 8524 8544 8543
f 8525 8545 8544
f 8526 8546 8545
f 8527 8547 8546
f 8529 8549 8548
f 8530 8550 8549
f 8531 8551 8550
f 8532 8552 8551
f 8533 8553 8552
f 8534 8554 8553
f 8535 8555 8554
f 8536 8556 8555
f 8537 8557 8556
f 8538 8558 8557
f 8539 8559 8558
f 8540 8560 8559
f 8542 8562 8561
f 8543 8563 8562
f 8544 8564 8563
f 8545 8565 8564
f 8546 8566 8565
f 8547 8567 8566
f 8549 8569 8568
f 8550 8570 8569
f 8551 8571 8570
f 8552 8572 8571
f 8553 8573 8572
f 8554 8574 8573
f 8555 8575 8574
f 8556 8576 8575
f 8557 8577 8576
f 8558 8578 8577
f 8559 8579 8578
f 8560 8580 8579
f 8562 8582 8581
f 8563 8583 8582
f 8564 8584 8583
f 8565 8585 8584
f 8566 8586 8585
f 8567 8587 8586
f 8569 8589 8588
f 8570 8590 8589
f 8571 8591 8590
f 8572 8592 8591
f 8573 8593 8592
f 8574 8594 8593
f 8575 8595 8594
f 8576 8596 8595
f 8577 8597 8596
f 8578 8598 8597
f 8579 8599 8598
f 8580 8600 8599
f 8582 8602 8601
f 8583 8603 8602
f 8584 8604 8603
f 8585 8605 8604
f 8586 8606 8605
f 8587 8607 8606
f 8589 8609 8608
f 8590 8610 8609
f 8591 8611 8610
f 8592 8612 8611
f 8593 8613 8612
f 8594 8614 8613
f 8595 8615 8614
f 8596 8616 8615
f 8597 8617 8616
f 8598 8618 8617
f 8599 8619 8618
f 8600 8620 8619
f 8602 8622 8621
f 8603 8623 8622
f 8604 8624 8623
f 8605 8625 8624
f 8606 8626 8625
f 8607 8627 8626
f 8609 8629 8628
f 8610 8630 8629
f 8611 8631 8630
f 8612 8632 8631
f 8613 8633 8632
f 8614 8634 8633
f 8622 8636 8635
f 8623 8637 8636
f 8624 8638 8637
f 8625 8639 8638
f 8626 8640 8639
f 8627 8641 8640
f 8629 8643 8642
f 8630 8644 8643
f 8631 8645 8644
f 8632 8646 8645
f 8633 8647 8646
f 8634 8648 8647
f 8636 8650 8649
f 8637 8651 8650
f 8638 8652 8651
f 8639 8653 8652
f 8640 8654 8653
f 8641 8655 8654
f 8643 8657 8656
f 8644 8658 8657
f 8645 8659 8658
f 8646 8660 8659
f 8647 8661 8660
f 8648 8662 8661
f 8650 8664 8663
f 8651 8665 8664
f 8652 8666 8665
f 8653 8667 8666
f 8654 8668 8667
f 8655 8669 8668
f 8657 8671 8670
f 8658 8672 8671
f 8659 8673 8672
f 8660 8674 8673
f 8661 8675 8674
f 8662 8676 8675
f 8664 8678 8677
f 8665 8679 8678
f 8666 8680 8679
f 8667 8681 8680
f 8668 8682 8681
f 8669 8683 8682
f 8671 8685 8684
f 8672 8686 8685
f 8673 8687 8686
f 8674 8688 8687
f 8675 8689 8688
f 8676 8690 8689
f 8678 8700 8699
f 8679 8701 8700
f 8680 8702 8701
f 8681 8703 8702
f 8682 8704 8703
f 8683 8705 8704
f 8685 8707 8706
f 8686 8708 8707
f 8687 8709 8708
f 8688 8710 8709
f 8689 8711 8710
f 8690 8712 8711
f 8692 8714 8713
f 8693 8715 8714
f 8694 8716 8715
f 8695 8717 8716
f 8696 8718 8717
f 8697 8719 8718
f 8698 8720 8719
f 8699 8721 8720
f 8700 8722 8721
f 8701 8723 8722
f 8702 8724 8723
f 8703 8725 8724
f 8704 8726 8725
f 8705 8727 8726
f 8707 8729 8728
f 8708 8730 8729
f 8709 8731 8730
f 8710 8732 8731
f 8711 8733 8732
f 8712 8734 8733
f 8714 8736 8735
f 8715 8737 8736
f 8716 8738 8737
f 8717 8739 8738
f 8718 8740 8739
f 8719 8741 8740
f 8720 8742 8741
f 8721 8743 8742
f 8722 8744 8743
f 8723 8745 8744
f 8724 8746 8745
f 8725 8747 8746
f 8726 8748 8747
f 8727 8749 8748
f 8729 8751 8750
f 8730 8752 8751
f 8731 8753 8752
f 8732 8754 8753
f 8733 8755 8754
f 8734 8756 8755
f 8736 8758 8757
f 8737 8759 8758
f 8738 8760 8759
f 8739 8761 8760
f 8740 8762 8761
f 8741 8763 8762
f 8742 8764 8763
f 8743 8765 8764
f 8744 8766 8765
f 8745 8767 8766
f 8746 8768 8767
f 8747 8769 8768
f 8748 8770 8769
f 8749 8771 8770
f 8751 8794 8793
f 8752 8795 8794
f 8753 8796 8795
f 8754 8797 8796
f 8755 8798 8797
f 8756 8799 8798
f 8758 8801 8800
f 8759 8802 8801
f 8760 8803 8802
f 8761 8804 8803
f 8762 8805 8804
f 8763 8806 8805
f 8764 8807 8806
f 8765 8808 8807
f 8766 8809 8808
f 8767 8810 8809
f 8768 8811 8810
f 8769 8812 8811
f 8770 8813 8812
f 8771 8814 8813
f 8772 8815 8814
f 8773 8816 8815
f 8774 8817 8816
f 8775 8818 8817
f 8776 8819 8818
f 8777 8820 8819
f 8778 8821 8820
f 8779 8822 8821
f 8780 8823 8822
f 8781 8824 8823
f 8782 8825 8824
f 8783 8826 8825
f 8784 8827 8826
f 8785 8828 8827
f 8786 8829 8828
f 8787 8830 8829
f 8788 8831 8830
f 8789 8832 8831
f 8790 8833 8832
f 8791 8834 8833
f 8792 8835 8834
f 8793 8836 8835
f 8794 8837 8836
f 8795 8838 8837
f 8796 8839 8838
f 8797 8840 8839
f 8798 8841 8840
f 8799 8842 8841
f 8801 8850 8849
f 8802 8851 8850
f 8803 8852 8851
f 8804 8853 8852
f 8805 8854 8853
f 8806 8855 8854
f 8807 8856 8855
f 8808 8857 8856
f 8809 8858 8857
f 8810 8859 8858
f 8811 8860 8859
f 8812 8861 8860
f 8813 8862 8861
f 8814 8863 8862
f 8815 8864 8863
f 8816 8865 8864
f 8817 8866 8865
f 8818 8867 8866
f 8819 8868 8867
f 8820 8869 8868
f 8821 8870 8869
f 8822 8871 8870
f 8823 8872 8871
f 8824 8873 8872
f 8825 8874 8873
f 8826 8875 8874
f 8827 8876 8875
f 8828 8877 8876
f 8829 8878 8877
f 8830 8879 8878
f 8831 8880 8879
f 8832 8881 8880
f 8833 8882 8881
f 8834 8883 8882
f 8835 8884 8883
f 8836 8885 8884
f 8837 8886 8885
f 8838 8887 8886
f 8839 8888 8887
f 8840 8889 8888
f 8841 8890 8889
f 8842 8891 8890
f 8843 8892 8891
f 8844 8893 8892
f 8845 8894 8893
f 8846 8895 8894
f 8847 8896 8895
f 8848 8897 8896
f 8850 8899 8898
f 8851 8900 8899
f 8852 8901 8900
f 8853 8902 8901
f 8854 8903 8902
f 8855 8904 8903
f 8856 8905 8904
f 8857 8906 8905
f 8858 8907 8906
f 8859 8908 8907
f 8860 8909 8908
f 8861 8910 8909
f 8862 8911 8910
f 8863 8912 8911
f 8864 8913 8912
f 8865 8914 8913
f 8866 8915 8914
f 8867 8916 8915
f 8868 8917 8916
f 8869 8918 8917
f 8870 8919 8918
f 8871 8920 8919
f 8872 8921 8920
f 8873 8922 8921
f 8874 8923 8922
f 8875 8924 8923
f 8876 8925 8924
f 8877 8926 8925
f 8878 8927 8926
f 8879 8928 8927
f 8880 8929 8928
f 8881 8930 8929
f 8882 8931 8930
f 8883 8932 8931
f 8884 8933 8932
f 8885 8934 8933
f 8886 8935 8934
f 8887 8936 8935
f 8888 8937 8936
f 8889 8938 8937
f 8890 8939 8938
f 8891 8940 8939
f 8892 8941 8940
f 8893 8942 8941
f 8894 8943 8942
f 8895 8944 8943
f 8896 8945 8944
f 8897 8946 8945
f 8899 8948 8947
f 8900 8949 8948
f 8901 8950 8949
f 8902 8951 8950
f 8903 8952 8951
f 8904 8953 8952
f 8905 8954 8953
f 8906 8955 8954
f 8907 8956 8955
f 8908 8957 8956
f 8909 8958 8957
f 8910 8959 8958
f 8911 8960 8959
f 8912 8961 8960
f 8913 8962 8961
f 8914 8963 8962
f 8915 8964 8963
f 8916 8965 8964
f 8917 8966 8965
f 8918 8967 8966
f 8919 8968 8967
f 8920 8969 8968
f 8921 8970 8969
f 8922 8971 8970
f 8923 8972 8971
f 8924 8973 8972
f 8925 8974 8973
f 8926 8975 8974
f 8927 8976 8975
f 8928 8977 8976
f 8929 8978 8977
f 8930 8979 8978
f 8931 8980 8979
f 8932 8981 8980
f 8933 8982 8981
f 8934 8983 8982
f 8935 8984 8983
f 8936 8985 8984
f 8937 8986 8985
f 8938 8987 8986
f 8939 8988 8987
f 8940 8989 8988
f 8941 8990 8989
f 8942 8991 8990
f 8943 8992 8991
f 8944 8993 8992
f 8945 8994 8993
f 8946 8995 8994
f 8948 8997 8996
f 8949 8998 8997
f 8950 8999 8998
f 8951 9000 8999
f 8952 9001 9000
f 8953 9002 9001
f 8954 9003 9002
f 8955 9004 9003
f 8956 9005 9004
f 8957 9006 9005
f 8958 9007 9006
f 8959 9008 9007
f 8960 9009 9008
f 8961 9010 9009
f 8962 9011 9010
f 8963 9012 9011
f 8964 9013 9012
f 8965 9014 9013
f 8966 9015 9014
f 8967 9016 9015
f 8968 9017 9016
f 8969 9018 9017
f 8970 9019 9018
f 8971 9020 9019
f 8972 9021 9020
f 8973 9022 9021
f 8974 9023 9022
f 8975 9024 9023
f 8976 9025 9024
f 8977 9026 9025
f 8978 9027 9026
f 8979 9028 9027
f 8980 9029 9028
f 8981 9030 9029
f 8982 9031 9030
f 8983 9032 9031
f 8984 9033 9032
f 8985 9034 9033
f 8986 9035 9034
f 8987 9036 9035
f 8988 9037 9036
f 8989 9038 9037
f 8990 9039 9038
f 8991 9040 9039
f 8992 9041 9040
f 8993 9042 9041
f 8994 9043 9042
f 8995 9044 9043
f 8997 9046 9045
f 8998 9047 9046
f 8999 9048 9047
f 9000 9049 9048
f 9001 9050 9049
f 9002 9051 9050
f 9003 9052 9051
f 9004 9053 9052
f 9005 9054 9053
f 9006 9055 9054
f 9007 9056 9055
f 9008 9057 9056
f 9009 9058 9057
f 9010 9059 9058
f 9011 9060 9059
f 9012 9061 9060
f 9013 9062 9061
f 9014 9063 9062
f 9015 9064 9063
f 9016 9065 9064
f 9017 9066 9065
f 9018 9067 9066
f 9019 9068 9067
f 9020 9069 9068
f 9021 9070 9069
f 9022 9071 9070
f 9023 9072 9071
f 9024 9073 9072
f 9025 9074 9073
f 9026 9075 9074
f 9027 9076 9075
f 9028 9077 9076
f 9029 9078 9077
f 9030 9079 9078
f 9031 9080 9079
f 9032 9081 9080
f 9033 9082 9081
f 9034 9083 9082
f 9035 9084 9083
f 9036 9085 9084
f 9037 9086 9085
f 9038 9087 9086
f 9039 9088 9087
f 9040 9089 9088
f 9041 9090 9089
f 9042 9091 9090
f 9043 9092 9091
f 9044 9093 9092
f 9046 9095 9094
f 9047 9096 9095
f 9048 9097 9096
f 9049 9098 9097
f 9050 9099 9098
f 9051 9100 9099
f 9052 9101 9100
f 9053 9102 9101
f 9054 9103 9102
f 9055 9104 9103
f 9056 9105 9104
f 9057 9106 9105
f 9058 9107 9106
f 9059 9108 9107
f 9060 9109 9108
f 9061 9110 9109
f 9062 9111 9110
f 9063 9112 9111
f 9064 9113 9112
f 9065 9114 9113
f 9066 9115 9114
f 9067 9116 9115
f 9068 9117 9116
f 9069 9118 9117
f 9070 9119 9118
f 9071 9120 9119
f 9072 9121 9120
f 9073 9122 9121
f 9074 9123 9122
f 9075 9124 9123
f 9076 9125 9124
f 9077 9126 9125
f 9078 9127 9126
f 9079 9128 9127
f 9080 9129 9128
f 9081 9130 9129
f 9082 9131 9130
f 9083 9132 9131
f 9084 9133 9132
f 9085 9134 9133
f 9086 9135 9134
f 9087 9136 9135
f 9088 9137 9136
f 9089 9138 9137
f 9090 9139 9138
f 9091 9140 9139
f 9092 9141 9140
f 9093 9142 9141
f 9095 9144 9143
f 9096 9145 9144
f 9097 9146 9145
f 9098 9147 9146
f 9099 9148 9147
f 9100 9149 9148
f 9101 9150 9149
f 9102 9151 9150
f 9103 9152 9151
f 9104 9153 9152
f 9105 9154 9153
f 9106 9155 9154
f 9107 9156 9155
f 9108 9157 9156
f 9109 9158 9157
f 9110 9159 9158
f 9111 9160 9159
f 9112 9161 9160
f 9113 9162 9161
f 9114 9163 9162
f 9115 9164 9163
f 9116 9165 9164
f 9117 9166 9165
f 9118 9167 9166
f 9119 9168 9167
f 9120 9169 9168
f 9121 9170 9169
f 9122 9171 9170
f 9123 9172 9171
f 9124 9173 9172
f 9125 9174 9173
f 9126 9175 9174
f 9127 9176 9175
f 9128 9177 9176
f 9129 9178 9177
f 9130 9179 9178
f 9131 9180 9179
f 9132 9181 9180
f 9133 9182 9181
f 9134 9183 9182
f 9135 9184 9183
f 9136 9185 9184
f 9137 9186 9185
f 9138 9187 9186
f 9139 9188 9187
f 9140 9189 9188
f 9141 9190 9189
f 9142 9191 9190
f 9144 9193 9192
f 9145 9194 9193
f 9146 9195 9194
f 9147 9196 9195
f 9148 9197 9196
f 9149 9198 9197
f 9150 9199 9198
f 9151 9200 9199
f 9152 9201 9200
f 9153 9202 9201
f 9154 9203 9202
f 9155 9204 9203
f 9156 9205 9204
f 9157 9206 9205
f 9158 9207 9206
f 9159 9208 9207
f 9160 9209 9208
f 9161 9210 9209
f 9162 9211 9210
f 9163 9212 9211
f 9164 9213 9212
f 9165 9214 9213
f 9166 9215 9214
f 9167 9216 9215
f 9168 9217 9216
f 9169 9218 9217
f 9170 9219 9218
f 9171 9220 9219
f 9172 9221 9220
f 9173 9222 9221
f 9174 9223 9222
f 9175 9224 9223
f 9176 9225 9224
f 9177 9226 9225
f 9178 9227 9226
f 9179 9228 9227
f 9180 9229 9228
f 9181 9230 9229
f 9182 9231 9230
f 9183 9232 9231
f 9184 9233 9232
f 9185 9234 9233
f 9186 9235 9234
f 9187 9236 9235
f 9188 9237 9236
f 9189 9238 9237
f 9190 9239 9238
f 9191 9240 9239
f 9193 9242 9241
f 9194 9243 9242
f 9195 9244 9243
f 9196 9245 9244
f 9197 9246 9245
f 9198 9247 9246
f 9199 9248 9247
f 9200 9249 9248
f 9201 9250 9249
f 9202 9251 9250
f 9203 9252 9251
f 9204 9253 9252
f 9205 9254 9253
f 9206 9255 9254
f 9207 9256 9255
f 9208 9257 9256
f 9209 9258 9257
f 9210 9259 9258
f 9211 9260 9259
f 9212 9261 9260
f 9213 9262 9261
f 9214 9263 9262
f 9215 9264 9263
f 9216 9265 9264
f 9217 9266 9265
f 9218 9267 9266
f 9219 9268 9267
f 9220 9269 9268
f 9221 9270 9269
f 9222 9271 9270
f 9223 9272 9271
f 9224 9273 9272
f 9225 9274 9273
f 9226 9275 9274
f 9227 9276 9275
f 9228 9277 9276
f 9229 9278 9277
f 9230 9279 9278
f 9231 9280 9279
f 9232 9281 9280
f 9233 9282 9281
f 9234 9283 9282
f 9235 9284 9283
f 9236 9285 9284
f 9237 9286 9285
f 9238 9287 9286
f 9239 9288 9287
f 9240 9289 9288
f 9242 9291 9290
f 9243 9292 9291
f 9244 9293 9292
f 9245 9294 9293
f 9246 9295 9294
f 9247 9296 9295
f 9248 9297 9296
f 9249 9298 9297
f 9250 9299 9298
f 9251 9300 9299
f 9252 9301 9300
f 9253 9302 9301
f 9254 9303 9302
f 9255 9304 9303
f 9256 9305 9304
f 9257 9306 9305
f 9258 9307 9306
f 9259 9308 9307
f 9260 9309 9308
f 9261 9310 9309
f 9262 9311 9310
f 9263 9312 9311
f 9264 9313 9312
f 9265 9314 9313
f 9266 9315 9314
f 9267 9316 9315
f 9268 9317 9316
f 9269 9318 9317
f 9270 9319 9318
f 9271 9320 9319
f 9272 9321 9320
f 9273 9322 9321
f 9274 9323 9322
f 9275 9324 9323
f 9276 9325 9324
f 9277 9326 9325
f 9278 9327 9326
f 9279 9328 9327
f 9280 9329 9328
f 9281 9330 9329
f 9282 9331 9330
f 9283 9332 9331
f 9284 9333 9332
f 9285 9334 9333
f 9286 9335 9334
f 9287 9336 9335
f 9288 9337 9336
f 9289 9338 9337
f 9291 9340 9339
f 9292 9341 9340
f 9293 9342 9341
f 9294 9343 9342
f 9295 9344 9343
f 9296 9345 9344
f 9297 9346 9345
f 9298 9347 9346
f 9299 9348 9347
f 9300 9349 9348
f 9301 9350 9349
f 9302 9351 9350
f 9303 9352 9351
f 9304 9353 9352
f 9305 9354 9353
f 9306 9355 9354
f 9307 9356 9355
f 9308 9357 9356
f 9309 9358 9357
f 9310 9359 9358
f 9311 9360 9359
f 9312 9361 9360
f 9313 9362 9361
f 9314 9363 9362
f 9315 9364 9363
f 9316 9365 9364
f 9317 9366 9365
f 9318 9367 9366
f 9319 9368 9367
f 9320 9369 9368
f 9321 9370 9369
f 9322 9371 9370
f 9323 9372 9371
f 9324 9373 9372
f 9325 9374 9373
f 9326 9375 9374
f 9327 9376 9375
f 9328 9377 9376
f 9329 9378 9377
f 9330 9379 9378
f 9331 9380 9379
f 9332 9381 9380
f 9333 9382 9381
f 9334 9383 9382
f 9335 9384 9383
f 9336 9385 9384
f 9337 9386 9385
f 9338 9387 9386
f 9340 9389 9388
f 9341 9390 9389
f 9342 9391 9390
f 9343 9392 9391
f 9344 9393 9392
f 9345 9394 9393
f 9346 9395 9394
f 9347 9396 9395
f 9348 9397 9396
f 9349 9398 9397
f 9350 9399 9398
f 9351 9400 9399
f 9352 9401 9400
f 9353 9402 9401
f 9354 9403 9402
f 9355 9404 9403
f 9356 9405 9404
f 9357 9406 9405
f 9358 9407 9406
f 9359 9408 9407
f 9360 9409 9408
f 9361 9410 9409
f 9362 9411 9410
f 9363 9412 9411
f 9364 9413 9412
f 9365 9414 9413
f 9366 9415 9414
f 9367 9416 9415
f 9368 9417 9416
f 9369 9418 9417
f 9370 9419 9418
f 9371 9420 9419
f 9372 9421 9420
f 9373 9422 9421
f 9374 9423 9422
f 9375 9424 9423
f 9376 9425 9424
f 9377 9426 9425
f 9378 9427 9426
f 9379 9428 9427
f 9380 9429 9428
f 9381 9430 9429
f 9382 9431 9430
f 9383 9432 9431
f 9384 9433 9432
f 9385 9434 9433
f 9386 9435 9434
f 9387 9436 9435
f 9389 9438 9437
f 9390 9439 9438
f 9391 9440 9439
f 9392 9441 9440
f 9393 9442 9441
f 9394 9443 9442
f 9395 9444 9443
f 9396 9445 9444
f 9397 9446 9445
f 9398 9447 9446
f 9399 9448 9447
f 9400 9449 9448
f 9401 9450 9449
f 9402 9451 9450
f 9403 9452 9451
f 9404 9453 9452
f 9405 9454 9453
f 9406 9455 9454
f 9407 9456 9455
f 9408 9457 9456
f 9409 9458 9457
f 9410 9459 9458
f 9411 9460 9459
f 9412 9461 9460
f 9413 9462 9461
f 9414 9463 9462
f 9415 9464 9463
f 9416 9465 9464
f 9417 9466 9465
f 9418 9467 9466
f 9419 9468 9467
f 9420 9469 9468
f 9421 9470 9469
f 9422 9471 9470
f 9423 9472 9471
f 9424 9473 9472
f 9425 9474 9473
f 9426 9475 9474
f 9427 9476 9475
f 9428 9477 9476
f 9429 9478 9477
f 9430 9479 9478
f 9431 9480 9479
f 9432 9481 9480
f 9433 9482 9481
f 9434 9483 9482
f 9435 9484 9483
f 9436 9485 9484
f 9438 9487 9486
f 9439 9488 9487
f 9440 9489 9488
f 9441 9490 9489
f 9442 9491 9490
f 9443 9492 9491
f 9444 9493 9492
f 9445 9494 9493
f 9446 9495 9494
f 9447 9496 9495
f 9448 9497 9496
f 9449 9498 9497
f 9450 9499 9498
f 9451 9500 9499
f 9452 9501 9500
f 9453 9502 9501
f 9454 9503 9502
f 9455 9504 9503
f 9456 9505 9504
f 9457 9506 9505
f 9458 9507 9506
f 9459 9508 9507
f 9460 9509 9508
f 9461 9510 9509
f 9462 9511 9510
f 9463 9512 9511
f 9464 9513 9512
f 9465 9514 9513
f 9466 9515 9514
f 9467 9516 9515
f 9468 9517 9516
f 9469 9518 9517
f 9470 9519 9518
f 9471 9520 9519
f 9472 9521 9520
f 9473 9522 9521
f 9474 9523 9522
f 9475 9524 9523
f 9476 9525 9524
f 9477 9526 9525
f 9478 9527 9526
f 9479 9528 9527
f 9480 9529 9528
f 9481 9530 9529
f 9482 9531 9530
f 9483 9532 9531
f 9484 9533 9532
f 9485 9534 9533
f 9487 9536 9535
f 9488 9537 9536
f 9489 9538 9537
f 9490 9539 9538
f 9491 9540 9539
f 9492 9541 9540
f 9493 9542 9541
f 9494 9543 9542
f 9495 9544 9543
f 9496 9545 9544
f 9497 9546 9545
f 9498 9547 9546
f 9499 9548 9547
f 9500 9549 9548
f 9501 9550 9549
f 9502 9551 9550
f 9503 9552 9551
f 9504 9553 9552
f 9505 9554 9553
f 9506 9555 9554
f 9507 9556 9555
f 9508 9557 9556
f 9509 9558 9557
f 9510 9559 9558
f 9511 9560 9559
f 9512 9561 9560
f 9513 9562 9561
f 9514 9563 9562
f 9515 9564 9563
f 9516 9565 9564
f 9517 9566 9565
f 9518 9567 9566
f 9519 9568 9567
f 9520 9569 9568
f 9521 9570 9569
f 9522 9571 9570
f 9523 9572 9571
f 9524 9573 9572
f 9525 9574 9573
f 9526 9575 9574
f 9527 9576 9575
f 9528 9577 9576
f 9529 9578 9577
f 9530 9579 9578
f 9531 9580 9579
f 9532 9581 9580
f 9533 9582 9581
f 9534 9583 9582
f 9584 9604 9605
f 9585 9605 9606
f 9586 9606 9607
f 9587 9607 9608
f 9588 9608 9609
f 9589 9609 9610
f 9591 9611 9612
f 9592 9612 9613
f 9593 9613 9614
f 9594 9614 9615
f 9595 9615 9616
f 9596 9616 9617
f 9597 9617 9618
f 9598 9618 9619
f 9599 9619 9620
f 9600 9620 9621
f 9601 9621 9622
f 9602 9622 9623
f 9604 9624 9625
f 9605 9625 9626
f 9606 9626 9627
f 9607 9627 9628
f 9608 9628 9629
f 9609 9629 9630
f 9611 9631 9632
f 9612 9632 9633
f 9613 9633 9634
f 9614 9634 9635
f 9615 9635 9636
f 9616 9636 9637
f 9617 9637 9638
f 9618 9638 9639
f 9619 9639 9640
f 9620 9640 9641
f 9621 9641 9642
f 9622 9642 9643
f 9624 9644 9645
f 9625 9645 9646
f 9626 9646 9647
f 9627 9647 9648
f 9628 9648 9649
f 9629 9649 9650
f 9631 9651 9652
f 9632 9652 9653
f 9633 9653 9654
f 9634 9654 9655
f 9635 9655 9656
f 9636 9656 9657
f 9637 9657 9658
f 9638 9658 9659
f 9639 9659 9660
f 9640 9660 9661
f 9641 9661 9662
f 9642 9662 9663
f 9644 9664 9665
f 9645 9665 9666
f 9646 9666 9667
f 9647 9667 9668
f 9648 9668 9669
f 9649 9669 9670
f 9651 9671 9672
f 9652 9672 9673
f 9653 9673 9674
f 9654 9674 9675
f 9655 9675 9676
f 9656 9676 9677
f 9657 9677 9678
f 9658 9678 9679
f 9659 9679 9680
f 9660 9680 9681
f 9661 9681 9682
f 9662 9682 9683
f 9664 9684 9685
f 9665 9685 9686
f 9666 9686 9687
f 9667 9687 9688
f 9668 9688 9689
f 9669 9689 9690
f 9671 9691 9692
f 9672 9692 9693
f 9673 9693 9694
f 9674 9694 9695
f 9675 9695 9696
f 9676 9696 9697
f 9677 9697 9698
f 9678 9698 9699
f 9679 9699 9700
f 9680 9700 9701
f 9681 9701 9702
f 9682 9702 9703
f 9684 9704 9705
f 9685 9705 9706
f 9686 9706 9707
f 9687 9707 9708
f 9688 9708 9709
f 9689 9709 9710
f 9691 9711 9712
f 9692 9712 9713
f 9693 9713 9714
f 9694 9714 9715
f 9695 9715 9716
f 9696 9716 9717
f 9697 9717 9718
f 9698 9718 9719
f 9699 9719 9720
f 9700 9720 9721
f 9701 9721 9722
f 9702 9722 9723
f 9704 9724 9725
f 9705 9725 9726
f 9706 9726 9727
f 9707 9727 9728
f 9708 9728 9729
f 9709 9729 9730
f 9711 9731 9732
f 9712 9732 9733
f 9713 9733 9734
f 9714 9734 9735
f 9715 9735 9736
f 9716 9736 9737
f 9717 9737 9738
f 9718 9738 9739
f 9719 9739 9740
f 9720 9740 9741
f 9721 9741 9742
f 9722 9742 9743
f 9724 9744 9745
f 9725 9745 9746
f 9726 9746 9747
f 9727 9747 9748
f 9728 9748 9749
f 9729 9749 9750
f 9731 9751 9752
f 9732 9752 9753
f 9733 9753 9754
f 9734 9754 9755
f 9735 9755 9756
f 9736 9756 9757
f 9737 9757 9758
f 9738 9758 9759
f 9739 9759 9760
f 9740 9760 9761
f 9741 9761 9762
f 9742 9762 9763
f 9744 9764 9765
f 9745 9765 9766
f 9746 9766 9767
f 9747 9767 9768
f 9748 9768 9769
f 9749 9769 9770
f 9751 9771 9772
f 9752 9772 9773
f 9753 9773 9774
f 9754 9774 9775
f 9755 9775 9776
f 9756 9776 9777
f 9757 9777 9778
f 9758 9778 9779
f 9759 9779 9780
f 9760 9780 9781
f 9761 9781 9782
f 9762 9782 9783
f 9764 9784 9785
f 9765 9785 9786
f 9766 9786 9787
f 9767 9787 9788
f 9768 9788 9789
f 9769 9789 9790
f 9771 9791 9792
f 9772 9792 9793
f 9773 9793 9794
f 9774 9794 9795
f 9775 9795 9796
f 9776 9796 9797
f 9784 9798 9799
f 9785 9799 9800
f 9786 9800 9801
f 9787 9801 9802
f 9788 9802 9803
f 9789 9803 9804
f 9791 9805 9806
f 9792 9806 9807
f 9793 9807 9808
f 9794 9808 9809
f 9795 9809 9810
f 9796 9810 9811
f 9798 9812 9813
f 9799 9813 9814
f 9800 9814 9815
f 9801 9815 9816
f 9802 9816 9817
f 9803 9817 9818
f 9805 9819 9820
f 9806 9820 9821
f 9807 9821 9822
f 9808 9822 9823
f 9809 9823 9824
f 9810 9824 9825
f 9812 9826 9827
f 9813 9827 9828
f 9814 9828 9829
f 9815 9829 9830
f 9816 9830 9831
f 9817 9831 9832
f 9819 9833 9834
f 9820 9834 9835
f 9821 9835 9836
f 9822 9836 9837
f 9823 9837 9838
f 9824 9838 9839
f 9826 9840 9841
f 9827 9841 9842
f 9828 9842 9843
f 9829 9843 9844
f 9830 9844 9845
f 9831 9845 9846
f 9833 9847 9848
f 9834 9848 9849
f 9835 9849 9850
f 9836 9850 9851
f 9837 9851 9852
f 9838 9852 9853
f 9840 9862 9863
f 9841 9863 9864
f 9842 9864 9865
f 9843 9865 9866
f 9844 9866 9867
f 9845 9867 9868
f 9847 9869 9870
f 9848 9870 9871
f 9849 9871 9872
f 9850 9872 9873
f 9851 9873 9874
f 9852 9874 9875
f 9854 9876 9877
f 9855 9877 9878
f 9856 9878 9879
f 9857 9879 9880
f 9858 9880 9881
f 9859 9881 9882
f 9860 9882 9883
f 9861 9883 9884
f 9862 9884 9885
f 9863 9885 9886
f 9864 9886 9887
f 9865 9887 9888
f 9866 9888 9889
f 9867 9889 9890
f 9869 9891 9892
f 9870 9892 9893
f 9871 9893 9894
f 9872 9894 9895
f 9873 9895 9896
f 9874 9896 9897
f 9876 9898 9899
f 9877 9899 9900
f 9878 9900 9901
f 9879 9901 9902
f 9880 9902 9903
f 9881 9903 9904
f 9882 9904 9905
f 9883 9905 9906
f 9884 9906 9907
f 9885 9907 9908
f 9886 9908 9909
f 9887 9909 9910
f 9888 9910 9911
f 9889 9911 9912
f 9891 9913 9914
f 9892 9914 9915
f 9893 9915 9916
f 9894 9916 9917
f 9895 9917 9918
f 9896 9918 9919
f 9898 9920 9921
f 9899 9921 9922
f 9900 9922 9923
f 9901 9923 9924
f 9902 9924 9925
f 9903 9925 9926
f 9904 9926 9927
f 9905 9927 9928
f 9906 9928 9929
f 9907 9929 9930
f 9908 9930 9931
f 9909 9931 9932
f 9910 9932 9933
f 9911 9933 9934
f 9913 9956 9957
f 9914 9957 9958
f 9915 9958 9959
f 9916 9959 9960
f 9917 9960 9961
f 9918 9961 9962
f 9920 9963 9964
f 9921 9964 9965
f 9922 9965 9966
f 9923 9966 9967
f 9924 9967 9968
f 9925 9968 9969
f 9926 9969 9970
f 9927 9970 9971
f 9928 9971 9972
f 9929 9972 9973
f 9930 9973 9974
f 9931 9974 9975
f 9932 9975 9976
f 9933 9976 9977
f 9934 9977 9978
f 9935 9978 9979
f 9936 9979 9980
f 9937 9980 9981
f 9938 9981 9982
f 9939 9982 9983
f 9940 9983 9984
f 9941 9984 9985
f 9942 9985 9986
f 9943 9986 9987
f 9944 9987 9988
f 9945 9988 9989
f 9946 9989 9990
f 9947 9990 9991
f 9948 9991 9992
f 9949 9992 9993
f 9950 9993 9994
f 9951 9994 9995
f 9952 9995 9996
f 9953 9996 9997
f 9954 9997 9998
f 9955 9998 9999
f 9956 9999 10000
f 9957 10000 10001
f 9958 10001 10002
f 9959 10002 10003
f 9960 10003 10004
f 9961 10004 10005
f 9963 10012 10013
f 9964 10013 10014
f 9965 10014 10015
f 9966 10015 10016
f 9967 10016 10017
f 9968 10017 10018
f 9969 10018 10019
f 9970 10019 10020
f 9971 10020 10021
f 9972 10021 10022
f 9973 10022 10023
f 9974 10023 10024
f 9975 10024 10025
f 9976 10025 10026
f 9977 10026 10027
f 9978 10027 10028
f 9979 10028 10029
f 9980 10029 10030
f 9981 10030 10031
f 9982 10031 10032
f 9983 10032 10033
f 9984 10033 10034
f 9985 10034 10035
f 9986 10035 10036
f 9987 10036 10037
f 9988 10037 10038
f 9989 10038 10039
f 9990 10039 10040
f 9991 10040 10041
f 9992 10041 10042
f 9993 10042 10043
f 9994 10043 10044
f 9995 10044 10045
f 9996 10045 10046
f 9997 10046 10047
f 9998 10047 10048
f 9999 10048 10049
f 10000 10049 10050
f 10001 10050 10051
f 10002 10051 10052
f 10003 10052 10053
f 10004 10053 10054
f 10005 10054 10055
f 10006 10055 10056
f 10007 10056 10057
f 10008 10057 10058
f 10009 10058 10059
f 10010 10059 10060
f 10012 10061 10062
f 10013 10062 10063
f 10014 10063 10064
f 10015 10064 10065
f 10016 10065 10066
f 10017 10066 10067
f 10018 10067 10068
f 10019 10068 10069
f 10020 10069 10070
f 10021 10070 10071
f 10022 10071 10072
f 10023 10072 10073
f 10024 10073 10074
f 10025 10074 10075
f 10026 10075 10076
f 10027 10076 10077
f 10028 10077 10078
f 10029 10078 10079
f 10030 10079 10080
f 10031 10080 10081
f 10032 10081 10082
f 10033 10082 10083
f 10034 10083 10084
f 10035 10084 10085
f 10036 10085 10086
f 10037 10086 10087
f 10038 10087 10088
f 10039 10088 10089
f 10040 10089 10090
f 10041 10090 10091
f 10042 10091 10092
f 10043 10092 10093
f 10044 10093 10094
f 10045 10094 10095
f 10046 10095 10096
f 10047 10096 10097
f 10048 10097 10098
f 10049 10098 10099
f 10050 10099 10100
f 10051 10100 10101
f 10052 10101 10102
f 10053 10102 10103
f 10054 10103 10104
f 10055 10104 10105
f 10056 10105 10106
f 10057 10106 10107
f 10058 10107 10108
f 10059 10108 10109
f 10061 10110 10111
f 10062 10111 10112
f 10063 10112 10113
f 10064 10113 10114
f 10065 10114 10115
f 10066 10115 10116
f 10067 10116 10117
f 10068 10117 10118
f 10069 10118 10119
f 10070 10119 10120
f 10071 10120 10121
f 10072 10121 10122
f 10073 10122 10123
f 10074 10123 10124
f 10075 10124 10125
f 10076 10125 10126
f 10077 10126 10127
f 10078 10127 10128
f 10079 10128 10129
f 10080 10129 10130
f 10081 10130 10131
f 10082 10131 10132
f 10083 10132 10133
f 10084 10133 10134
f 10085 10134 10135
f 10086 10135 10136
f 10087 10136 10137
f 10088 10137 10138
f 10089 10138 10139
f 10090 10139 10140
f 10091 10140 10141
f 10092 10141 10142
f 10093 10142 10143
f 10094 10143 10144
f 10095 10144 10145
f 10096 10145 10146
f 10097 10146 10147
f 10098 10147 10148
f 10099 10148 10149
f 10100 10149 10150
f 10101 10150 10151
f 10102 10151 10152
f 10103 10152 10153
f 10104 10153 10154
f 10105 10154 10155
f 10106 10155 10156
f 10107 10156 10157
f 10108 10157 10158
f 10110 10159 10160
f 10111 10160 10161
f 10112 10161 10162
f 10113 10162 10163
f 10114 10163 10164
f 10115 10164 10165
f 10116 10165 10166
f 10117 10166 10167
f 10118 10167 10168
f 10119 10168 10169
f 10120 10169 10170
f 10121 10170 10171
f 10122 10171 10172
f 10123 10172 10173
f 10124 10173 10174
f 10125 10174 10175
f 10126 10175 10176
f 10127 10176 10177
f 10128 10177 10178
f 10129 10178 10179
f 10130 10179 10180
f 10131 10180 10181
f 10132 10181 10182
f 10133 10182 10183
f 10134 10183 10184
f 10135 10184 10185
f 10136 10185 10186
f 10137 10186 10187
f 10138 10187 10188
f 10139 10188 10189
f 10140 10189 10190
f 10141 10190 10191
f 10142 10191 10192
f 10143 10192 10193
f 10144 10193 10194
f 10145 10194 10195
f 10146 10195 10196
f 10147 10196 10197
f 10148 10197 10198
f 10149 10198 10199
f 10150 10199 10200
f 10151 10200 10201
f 10152 10201 10202
f 10153 10202 10203
f 10154 10203 10204
f 10155 10204 10205
f 10156 10205 10206
f 10157 10206 10207
f 10159 10208 10209
f 10160 10209 10210
f 10161 10210 10211
f 10162 10211 10212
f 10163 10212 10213
f 10164 10213 10214
f 10165 10214 10215
f 10166 10215 10216
f 10167 10216 10217
f 10168 10217 10218
f 10169 10218 10219
f 10170 10219 10220
f 10171 10220 10221
f 10172 10221 10222
f 10173 10222 10223
f 10174 10223 10224
f 10175 10224 10225
f 10176 10225 10226
f 10177 10226 10227
f 10178 10227 10228
f 10179 10228 10229
f 10180 10229 10230
f 10181 10230 10231
f 10182 10231 10232
f 10183 10232 10233
f 10184 10233 10234
f 10185 10234 10235
f 10186 10235 10236
f 10187 10236 10237
f 10188 10237 10238
f 10189 10238 10239
f 10190 10239 10240
f 10191 10240 10241
f 10192 10241 10242
f 10193 10242 10243
f 10194 10243 10244
f 10195 10244 10245
f 10196 10245 10246
f 10197 10246 10247
f 10198 10247 10248
f 10199 10248 10249
f 10200 10249 10250
f 10201 10250 10251
f 10202 10251 10252
f 10203 10252 10253
f 10204 10253 10254
f 10205 10254 10255
f 10206 10255 10256
f 10208 10257 10258
f 10209 10258 10259
f 10210 10259 10260
f 10211 10260 10261
f 10212 10261 10262
f 10213 10262 10263
f 10214 10263 10264
f 10215 10264 10265
f 10216 10265 10266
f 10217 10266 10267
f 10218 10267 10268
f 10219 10268 10269
f 10220 10269 10270
f 10221 10270 10271
f 10222 10271 10272
f 10223 10272 10273
f 10224 10273 10274
f 10225 10274 10275
f 10226 10275 10276
f 10227 10276 10277
f 10228 10277 10278
f 10229 10278 10279
f 10230 10279 10280
f 10231 10280 10281
f 10232 10281 10282
f 10233 10282 10283
f 10234 10283 10284
f 10235 10284 10285
f 10236 10285 10286
f 10237 10286 10287
f 10238 10287 10288
f 10239 10288 10289
f 10240 10289 10290
f 10241 10290 10291
f 10242 10291 10292
f 10243 10292 10293
f 10244 10293 10294
f 10245 10294 10295
f 10246 10295 10296
f 10247 10296 10297
f 10248 10297 10298
f 10249 10298 10299
f 10250 10299 10300
f 10251 10300 10301
f 10252 10301 10302
f 10253 10302 10303
f 10254 10303 10304
f 10255 10304 10305
f 10257 10306 10307
f 10258 10307 10308
f 10259 10308 10309
f 10260 10309 10310
f 10261 10310 10311
f 10262 10311 10312
f 10263 10312 10313
f 10264 10313 10314
f 10265 10314 10315
f 10266 10315 10316
f 10267 10316 10317
f 10268 10317 10318
f 10269 10318 10319
f 10270 10319 10320
f 10271 10320 10321
f 10272 10321 10322
f 10273 10322 10323
f 10274 10323 10324
f 10275 10324 10325
f 10276 10325 10326
f 10277 10326 10327
f 10278 10327 10328
f 10279 10328 10329
f 10280 10329 10330
f 10281 10330 10331
f 10282 10331 10332
f 10283 10332 10333
f 10284 10333 10334
f 10285 10334 10335
f 10286 10335 10336
f 10287 10336 10337
f 10288 10337 10338
f 10289 10338 10339
f 10290 10339 10340
f 10291 10340 10341
f 10292 10341 10342
f 10293 10342 10343
f 10294 10343 10344
f 10295 10344 10345
f 10296 10345 10346
f 10297 10346 10347
f 10298 10347 10348
f 10299 10348 10349
f 10300 10349 10350
f 10301 10350 10351
f 10302 10351 10352
f 10303 10352 10353
f 10304 10353 10354
f 10306 10355 10356
f 10307 10356 10357
f 10308 10357 10358
f 10309 10358 10359
f 10310 10359 10360
f 10311 10360 10361
f 10312 10361 10362
f 10313 10362 10363
f 10314 10363 10364
f 10315 10364 10365
f 10316 10365 10366
f 10317 10366 10367
f 10318 10367 10368
f 10319 10368 10369
f 10320 10369 10370
f 10321 10370 10371
f 10322 10371 10372
f 10323 10372 10373
f 10324 10373 10374
f 10325 10374 10375
f 10326 10375 10376
f 10327 10376 10377
f 10328 10377 10378
f 10329 10378 10379
f 10330 10379 10380
f 10331 10380 10381
f 10332 10381 10382
f 10333 10382 10383
f 10334 10383 10384
f 10335 10384 10385
f 10336 10385 10386
f 10337 10386 10387
f 10338 10387 10388
f 10339 10388 10389
f 10340 10389 10390
f 10341 10390 10391
f 10342 10391 10392
f 10343 10392 10393
f 10344 10393 10394
f 10345 10394 10395
f 10346 10395 10396
f 10347 10396 10397
f 10348 10397 10398
f 10349 10398 10399
f 10350 10399 10400
f 10351 10400 10401
f 10352 10401 10402
f 10353 10402 10403
f 10355 10404 10405
f 10356 10405 10406
f 10357 10406 10407
f 10358 10407 10408
f 10359 10408 10409
f 10360 10409 10410
f 10361 10410 10411
f 10362 10411 10412
f 10363 10412 10413
f 10364 10413 10414
f 10365 10414 10415
f 10366 10415 10416
f 10367 10416 10417
f 10368 10417 10418
f 10369 10418 10419
f 10370 10419 10420
f 10371 10420 10421
f 10372 10421 10422
f 10373 10422 10423
f 10374 10423 10424
f 10375 10424 10425
f 10376 10425 10426
f 10377 10426 10427
f 10378 10427 10428
f 10379 10428 10429
f 10380 10429 10430
f 10381 10430 10431
f 10382 10431 10432
f 10383 10432 10433
f 10384 10433 10434
f 10385 10434 10435
f 10386 10435 10436
f 10387 10436 10437
f 10388 10437 10438
f 10389 10438 10439
f 10390 10439 10440
f 10391 10440 10441
f 10392 10441 10442
f 10393 10442 10443
f 10394 10443 10444
f 10395 10444 10445
f 10396 10445 10446
f 10397 10446 10447
f 10398 10447 10448
f 10399 10448 10449
f 10400 10449 10450
f 10401 10450 10451
f 10402 10451 10452
f 10404 10453 10454
f 10405 10454 10455
f 10406 10455 10456
f 10407 10456 10457
f 10408 10457 10458
f 10409 10458 10459
f 10410 10459 10460
f 10411 10460 10461
f 10412 10461 10462
f 10413 10462 10463
f 10414 10463 10464
f 10415 10464 10465
f 10416 10465 10466
f 10417 10466 10467
f 10418 10467 10468
f 10419 10468 10469
f 10420 10469 10470
f 10421 10470 10471
f 10422 10471 10472
f 10423 10472 10473
f 10424 10473 10474
f 10425 10474 10475
f 10426 10475 10476
f 10427 10476 10477
f 10428 10477 10478
f 10429 10478 10479
f 10430 10479 10480
f 10431 10480 10481
f 10432 10481 10482
f 10433 10482 10483
f 10434 10483 10484
f 10435 10484 10485
f 10436 10485 10486
f 10437 10486 10487
f 10438 10487 10488
f 10439 10488 10489
f 10440 10489 10490
f 10441 10490 10491
f 10442 10491 10492
f 10443 10492 10493
f 10444 10493 10494
f 10445 10494 10495
f 10446 10495 10496
f 10447 10496 10497
f 10448 10497 10498
f 10449 10498 10499
f 10450 10499 10500
f 10451 10500 10501
f 10453 10502 10503
f 10454 10503 10504
f 10455 10504 10505
f 10456 10505 10506
f 10457 10506 10507
f 10458 10507 10508
f 10459 10508 10509
f 10460 10509 10510
f 10461 10510 10511
f 10462 10511 10512
f 10463 10512 10513
f 10464 10513 10514
f 10465 10514 10515
f 10466 10515 10516
f 10467 10516 10517
f 10468 10517 10518
f 10469 10518 10519
f 10470 10519 10520
f 10471 10520 10521
f 10472 10521 10522
f 10473 10522 10523
f 10474 10523 10524
f 10475 10524 10525
f 10476 10525 10526
f 10477 10526 10527
f 10478 10527 10528
f 10479 10528 10529
f 10480 10529 10530
f 10481 10530 10531
f 10482 10531 10532
f 10483 10532 10533
f 10484 10533 10534
f 10485 10534 10535
f 10486 10535 10536
f 10487 10536 10537
f 10488 10537 10538
f 10489 10538 10539
f 10490 10539 10540
f 10491 10540 10541
f 10492 10541 10542
f 10493 10542 10543
f 10494 10543 10544
f 10495 10544 10545
f 10496 10545 10546
f 10497 10546 10547
f 10498 10547 10548
f 10499 10548 10549
f 10500 10549 10550
f 10502 10551 10552
f 10503 10552 10553
f 10504 10553 10554
f 10505 10554 10555
f 10506 10555 10556
f 10507 10556 10557
f 10508 10557 10558
f 10509 10558 10559
f 10510 10559 10560
f 10511 10560 10561
f 10512 10561 10562
f 10513 10562 10563
f 10514 10563 10564
f 10515 10564 10565
f 10516 10565 10566
f 10517 10566 10567
f 10518 10567 10568
f 10519 10568 10569
f 10520 10569 10570
f 10521 10570 10571
f 10522 10571 10572
f 10523 10572 10573
f 10524 10573 10574
f 10525 10574 10575
f 10526 10575 10576
f 10527 10576 10577
f 10528 10577 10578
f 10529 10578 10579
f 10530 10579 10580
f 10531 10580 10581
f 10532 10581 10582
f 10533 10582 10583
f 10534 10583 10584
f 10535 10584 10585
f 10536 10585 10586
f 10537 10586 10587
f 10538 10587 10588
f 10539 10588 10589
f 10540 10589 10590
f 10541 10590 10591
f 10542 10591 10592
f 10543 10592 10593
f 10544 10593 10594
f 10545 10594 10595
f 10546 10595 10596
f 10547 10596 10597
f 10548 10597 10598
f 10549 10598 10599
f 10551 10600 10601
f 10552 10601 10602
f 10553 10602 10603
f 10554 10603 10604
f 10555 10604 10605
f 10556 10605 10606
f 10557 10606 10607
f 10558 10607 10608
f 10559 10608 10609
f 10560 10609 10610
f 10561 10610 10611
f 10562 10611 10612
f 10563 10612 10613
f 10564 10613 10614
f 10565 10614 10615
f 10566 10615 10616
f 10567 10616 10617
f 10568 10617 10618
f 10569 10618 10619
f 10570 10619 10620
f 10571 10620 10621
f 10572 10621 10622
f 10573 10622 10623
f 10574 10623 10624
f 10575 10624 10625
f 10576 10625 10626
f 10577 10626 10627
f 10578 10627 10628
f 10579 10628 10629
f 10580 10629 10630
f 10581 10630 10631
f 10582 10631 10632
f 10583 10632 10633
f 10584 10633 10634
f 10585 10634 10635
f 10586 10635 10636
f 10587 10636 10637
f 10588 10637 10638
f 10589 10638 10639
f 10590 10639 10640
f 10591 10640 10641
f 10592 10641 10642
f 10593 10642 10643
f 10594 10643 10644
f 10595 10644 10645
f 10596 10645 10646
f 10597 10646 10647
f 10598 10647 10648
f 10600 10649 10650
f 10601 10650 10651
f 10602 10651 10652
f 10603 10652 10653
f 10604 10653 10654
f 10605 10654 10655
f 10606 10655 10656
f 10607 10656 10657
f 10608 10657 10658
f 10609 10658 10659
f 10610 10659 10660
f 10611 10660 10661
f 10612 10661 10662
f 10613 10662 10663
f 10614 10663 10664
f 10615 10664 10665
f 10616 10665 10666
f 10617 10666 10667
f 10618 10667 10668
f 10619 10668 10669
f 10620 10669 10670
f 10621 10670 10671
f 10622 10671 10672
f 10623 10672 10673
f 10624 10673 10674
f 10625 10674 10675
f 10626 10675 10676
f 10627 10676 10677
f 10628 10677 10678
f 10629 10678 10679
f 10630 10679 10680
f 10631 10680 10681
f 10632 10681 10682
f 10633 10682 10683
f 10634 10683 10684
f 10635 10684 10685
f 10636 10685 10686
f 10637 10686 10687
f 10638 10687 10688
f 10639 10688 10689
f 10640 10689 10690
f 10641 10690 10691
f 10642 10691 10692
f 10643 10692 10693
f 10644 10693 10694
f 10645 10694 10695
f 10646 10695 10696
f 10647 10696 10697
f 10649 10698 10699
f 10650 10699 10700
f 10651 10700 10701
f 10652 10701 10702
f 10653 10702 10703
f 10654 10703 10704
f 10655 10704 10705
f 10656 10705 10706
f 10657 10706 10707
f 10658 10707 10708
f 10659 10708 10709
f 10660 10709 10710
f 10661 10710 10711
f 10662 10711 10712
f 10663 10712 10713
f 10664 10713 10714
f 10665 10714 10715
f 10666 10715 10716
f 10667 10716 10717
f 10668 10717 10718
f 10669 10718 10719
f 10670 10719 10720
f 10671 10720 10721
f 10672 10721 10722
f 10673 10722 10723
f 10674 10723 10724
f 10675 10724 10725
f 10676 10725 10726
f 10677 10726 10727
f 10678 10727 10728
f 10679 10728 10729
f 10680 10729 10730
f 10681 10730 10731
f 10682 10731 10732
f 10683 10732 10733
f 10684 10733 10734
f 10685 10734 10735
f 10686 10735 10736
f 10687 10736 10737
f 10688 10737 10738
f 10689 10738 10739
f 10690 10739 10740
f 10691 10740 10741
f 10692 10741 10742
f 10693 10742 10743
f 10694 10743 10744
f 10695 10744 10745
f 10696 10745 10746
f 8421 8441 9604
f 9584 9585 8422
f 9585 9586 8423
f 9586 9587 8424
f 9587 9588 8425
f 9588 9589 8426
f 9590 9610 8447
f 9589 9590 8427
f 8428 8448 9611
f 9591 9592 8429
f 9592 9593 8430
f 9593 9594 8431
f 9594 9595 8432
f 9595 9596 8433
f 9596 9597 8434
f 9597 9598 8435
f 9598 9599 8436
f 9599 9600 8437
f 9600 9601 8438
f 9601 9602 8439
f 9603 9623 8460
f 9602 9603 8440
f 8441 8461 9624
f 9610 9630 8467
f 8448 8468 9631
f 9623 9643 8480
f 8461 8481 9644
f 9630 9650 8487
f 8468 8488 9651
f 9643 9663 8500
f 8481 8501 9664
f 9650 9670 8507
f 8488 8508 9671
f 9663 9683 8520
f 8501 8521 9684
f 9670 9690 8527
f 8508 8528 9691
f 9683 9703 8540
f 8521 8541 9704
f 9690 9710 8547
f 8528 8548 9711
f 9703 9723 8560
f 8541 8561 9724
f 9710 9730 8567
f 8548 8568 9731
f 9723 9743 8580
f 8561 8581 9744
f 9730 9750 8587
f 8568 8588 9751
f 9743 9763 8600
f 8581 8601 9764
f 9750 9770 8607
f 8588 8608 9771
f 8614 8615 9778
f 8615 8616 9779
f 8616 8617 9780
f 8617 8618 9781
f 8618 8619 9782
f 8619 8620 9783
f 9763 9783 8620
f 8601 8621 9784
f 9770 9790 8627
f 8608 8628 9791
f 9777 9797 8634
f 8621 8635 9798
f 9790 9804 8641
f 8628 8642 9805
f 9797 9811 8648
f 8635 8649 9812
f 9804 9818 8655
f 8642 8656 9819
f 9811 9825 8662
f 8649 8663 9826
f 9818 9832 8669
f 8656 8670 9833
f 9825 9839 8676
f 8663 8677 9840
f 9832 9846 8683
f 8670 8684 9847
f 9839 9853 8690
f 8677 8699 9862
f 9846 9868 8705
f 8684 8706 9869
f 9853 9875 8712
f 8691 8713 9876
f 9854 9855 8692
f 9855 9856 8693
f 9856 9857 8694
f 9857 9858 8695
f 9858 9859 8696
f 9859 9860 8697
f 9860 9861 8698
f 9861 9862 8699
f 9868 9890 8727
f 8706 8728 9891
f 9875 9897 8734
f 8713 8735 9898
f 9890 9912 8749
f 8728 8750 9913
f 9897 9919 8756
f 8735 8757 9920
f 9912 9934 8771
f 8750 8793 9956
f 9919 9962 8799
f 8757 8800 9963
f 9934 9935 8772
f 9935 9936 8773
f 9936 9937 8774
f 9937 9938 8775
f 9938 9939 8776
f 9939 9940 8777
f 9940 9941 8778
f 9941 9942 8779
f 9942 9943 8780
f 9943 9944 8781
f 9944 9945 8782
f 9945 9946 8783
f 9946 9947 8784
f 9947 9948 8785
f 9948 9949 8786
f 9949 9950 8787
f 9950 9951 8788
f 9951 9952 8789
f 9952 9953 8790
f 9953 9954 8791
f 9954 9955 8792
f 9955 9956 8793
f 9962 10005 8842
f 8800 8849 10012
f 10005 10006 8843
f 10006 10007 8844
f 10007 10008 8845
f 10008 10009 8846
f 10009 10010 8847
f 10011 10060 8897
f 10010 10011 8848
f 8849 8898 10061
f 10060 10109 8946
f 8898 8947 10110
f 10109 10158 8995
f 8947 8996 10159
f 10158 10207 9044
f 8996 9045 10208
f 10207 10256 9093
f 9045 9094 10257
f 10256 10305 9142
f 9094 9143 10306
f 10305 10354 9191
f 9143 9192 10355
f 10354 10403 9240
f 9192 9241 10404
f 10403 10452 9289
f 9241 9290 10453
f 10452 10501 9338
f 9290 9339 10502
f 10501 10550 9387
f 9339 9388 10551
f 10550 10599 9436
f 9388 9437 10600
f 10599 10648 9485
f 9437 9486 10649
f 10648 10697 9534
f 9486 9535 10698
f 9535 9536 10699
f 9536 9537 10700
f 9537 9538 10701
f 9538 9539 10702
f 9539 9540 10703
f 9540 9541 10704
f 9541 9542 10705
f 9542 9543 10706
f 9543 9544 10707
f 9544 9545 10708
f 9545 9546 10709
f 9546 9547 10710
f 9547 9548 10711
f 9548 9549 10712
f 9549 9550 10713
f 9550 9551 10714
f 9551 9552 10715
f 9552 9553 10716
f 9553 9554 10717
f 9554 9555 10718
f 9555 9556 10719
f 9556 9557 10720
f 9557 9558 10721
f 9558 9559 10722
f 9559 9560 10723
f 9560 9561 10724
f 9561 9562 10725
f 9562 9563 10726
f 9563 9564 10727
f 9564 9565 10728
f 9565 9566 10729
f 9566 9567 10730
f 9567 9568 10731
f 9568 9569 10732
f 9569 9570 10733
f 9570 9571 10734
f 9571 9572 10735
f 9572 9573 10736
f 9573 9574 10737
f 9574 9575 10738
f 9575 9576 10739
f 9576 9577 10740
f 9577 9578 10741
f 9578 9579 10742
f 9579 9580 10743
f 9580 9581 10744
f 9581 9582 10745
f 9582 9583 10746
f 10697 10746 9583
f 8422 8441 8421
f 8423 8442 8422
f 8424 8443 8423
f 8425 8444 8424
f 8426 8445 8425
f 8427 8446 8426
f 8429 8448 8428
f 8430 8449 8429
f 8431 8450 8430
f 8432 8451 8431
f 8433 8452 8432
f 8434 8453 8433
f 8435 8454 8434
f 8436 8455 8435
f 8437 8456 8436
f 8438 8457 8437
f 8439 8458 8438
f 8440 8459 8439
f 8442 8461 8441
f 8443 8462 8442
f 8444 8463 8443
f 8445 8464 8444
f 8446 8465 8445
f 8447 8466 8446
f 8449 8468 8448
f 8450 8469 8449
f 8451 8470 8450
f 8452 8471 8451
f 8453 8472 8452
f 8454 8473 8453
f 8455 8474 8454
f 8456 8475 8455
f 8457 8476 8456
f 8458 8477 8457
f 8459 8478 8458
f 8460 8479 8459
f 8462 8481 8461
f 8463 8482 8462
f 8464 8483 8463
f 8465 8484 8464
f 8466 8485 8465
f 8467 8486 8466
f 8469 8488 8468
f 8470 8489 8469
f 8471 8490 8470
f 8472 8491 8471
f 8473 8492 8472
f 8474 8493 8473
f 8475 8494 8474
f 8476 8495 8475
f 8477 8496 8476
f 8478 8497 8477
f 8479 8498 8478
f 8480 8499 8479
f 8482 8501 8481
f 8483 8502 8482
f 8484 8503 8483
f 8485 8504 8484
f 8486 8505 8485
f 8487 8506 8486
f 8489 8508 8488
f 8490 8509 8489
f 8491 8510 8490
f 8492 8511 8491
f 8493 8512 8492
f 8494 8513 8493
f 8495 8514 8494
f 8496 8515 8495
f 8497 8516 8496
f 8498 8517 8497
f 8499 8518 8498
f 8500 8519 8499
f 8502 8521 8501
f 8503 8522 8502
f 8504 8523 8503
f 8505 8524 8504
f 8506 8525 8505
f 8507 8526 8506
f 8509 8528 8508
f 8510 8529 8509
f 8511 8530 8510
f 8512 8531 8511
f 8513 8532 8512
f 8514 8533 8513
f 8515 8534 8514
f 8516 8535 8515
f 8517 8536 8516
f 8518 8537 8517
f 8519 8538 8518
f 8520 8539 8519
f 8522 8541 8521
f 8523 8542 8522
f 8524 8543 8523
f 8525 8544 8524
f 8526 8545 8525
f 8527 8546 8526
f 8529 8548 8528
f 8530 8549 8529
f 8531 8550 8530
f 8532 8551 8531
f 8533 8552 8532
f 8534 8553 8533
f 8535 8554 8534
f 8536 8555 8535
f 8537 8556 8536
f 8538 8557 8537
f 8539 8558 8538
f 8540 8559 8539
f 8542 8561 8541
f 8543 8562 8542
f 8544 8563 8543
f 8545 8564 8544
f 8546 8565 8545
f 8547 8566 8546
f 8549 8568 8548
f 8550 8569 8549
f 8551 8570 8550
f 8552 8571 8551
f 8553 8572 8552
f 8554 8573 8553
f 8555 8574 8554
f 8556 8575 8555
f 8557 8576 8556
f 8558 8577 8557
f 8559 8578 8558
f 8560 8579 8559
f 8562 8581 8561
f 8563 8582 8562
f 8564 8583 8563
f 8565 8584 8564
f 8566 8585 8565
f 8567 8586 8566
f 8569 8588 8568
f 8570 8589 8569
f 8571 8590 8570
f 8572 8591 8571
f 8573 8592 8572
f 8574 8593 8573
f 8575 8594 8574
f 8576 8595 8575
f 8577 8596 8576
f 8578 8597 8577
f 8579 8598 8578
f 8580 8599 8579
f 8582 8601 8581
f 8583 8602 8582
f 8584 8603 8583
f 8585 8604 8584
f 8586 8605 8585
f 8587 8606 8586
f 8589 8608 8588
f 8590 8609 8589
f 8591 8610 8590
f 8592 8611 8591
f 8593 8612 8592
f 8594 8613 8593
f 8595 8614 8594
f 8596 8615 8595
f 8597 8616 8596
f 8598 8617 8597
f 8599 8618 8598
f 8600 8619 8599
f 8602 8621 8601
f 8603 8622 8602
f 8604 8623 8603
f 8605 8624 8604
f 8606 8625 8605
f 8607 8626 8606
f 8609 8628 8608
f 8610 8629 8609
f 8611 8630 8610
f 8612 8631 8611
f 8613 8632 8612
f 8614 8633 8613
f 8622 8635 8621
f 8623 8636 8622
f 8624 8637 8623
f 8625 8638 8624
f 8626 8639 8625
f 8627 8640 8626
f 8629 8642 8628
f 8630 8643 8629
f 8631 8644 8630
f 8632 8645 8631
f 8633 8646 8632
f 8634 8647 8633
f 8636 8649 8635
f 8637 8650 8636
f 8638 8651 8637
f 8639 8652 8638
f 8640 8653 8639
f 8641 8654 8640
f 8643 8656 8642
f 8644 8657 8643
f 8645 8658 8644
f 8646 8659 8645
f 8647 8660 8646
f 8648 8661 8647
f 8650 8663 8649
f 8651 8664 8650
f 8652 8665 8651
f 8653 8666 8652
f 8654 8667 8653
f 8655 8668 8654
f 8657 8670 8656
f 8658 8671 8657
f 8659 8672 8658
f 8660 8673 8659
f 8661 8674 8660
f 8662 8675 8661
f 8664 8677 8663
f 8665 8678 8664
f 8666 8679 8665
f 8667 8680 8666
f 8668 8681 8667
f 8669 8682 8668
f 8671 8684 8670
f 8672 8685 8671
f 8673 8686 8672
f 8674 8687 8673
f 8675 8688 8674
f 8676 8689 8675
f 8678 8699 8677
f 8679 8700 8678
f 8680 8701 8679
f 8681 8702 8680
f 8682 8703 8681
f 8683 8704 8682
f 8685 8706 8684
f 8686 8707 8685
f 8687 8708 8686
f 8688 8709 8687
f 8689 8710 8688
f 8690 8711 8689
f 8692 8713 8691
f 8693 8714 8692
f 8694 8715 8693
f 8695 8716 8694
f 8696 8717 8695
f 8697 8718 8696
f 8698 8719 8697
f 8699 8720 8698
f 8700 8721 8699
f 8701 8722 8700
f 8702 8723 8701
f 8703 8724 8702
f 8704 8725 8703
f 8705 8726 8704
f 8707 8728 8706
f 8708 8729 8707
f 8709 8730 8708
f 8710 8731 8709
f 8711 8732 8710
f 8712 8733 8711
f 8714 8735 8713
f 8715 8736 8714
f 8716 8737 8715
f 8717 8738 8716
f 8718 8739 8717
f 8719 8740 8718
f 8720 8741 8719
f 8721 8742 8720
f 8722 8743 8721
f 8723 8744 8722
f 8724 8745 8723
f 8725 8746 8724
f 8726 8747 8725
f 8727 8748 8726
f 8729 8750 8728
f 8730 8751 8729
f 8731 8752 8730
f 8732 8753 8731
f 8733 8754 8732
f 8734 8755 8733
f 8736 8757 8735
f 8737 8758 8736
f 8738 8759 8737
f 8739 8760 8738
f 8740 8761 8739
f 8741 8762 8740
f 8742 8763 8741
f 8743 8764 8742
f 8744 8765 8743
f 8745 8766 8744
f 8746 8767 8745
f 8747 8768 8746
f 8748 8769 8747
f 8749 8770 8748
f 8751 8793 8750
f 8752 8794 8751
f 8753 8795 8752
f 8754 8796 8753
f 8755 8797 8754
f 8756 8798 8755
f 8758 8800 8757
f 8759 8801 8758
f 8760 8802 8759
f 8761 8803 8760
f 8762 8804 8761
f 8763 8805 8762
f 8764 8806 8763
f 8765 8807 8764
f 8766 8808 8765
f 8767 8809 8766
f 8768 8810 8767
f 8769 8811 8768
f 8770 8812 8769
f 8771 8813 8770
f 8772 8814 8771
f 8773 8815 8772
f 8774 8816 8773
f 8775 8817 8774
f 8776 8818 8775
f 8777 8819 8776
f 8778 8820 8777
f 8779 8821 8778
f 8780 8822 8779
f 8781 8823 8780
f 8782 8824 8781
f 8783 8825 8782
f 8784 8826 8783
f 8785 8827 8784
f 8786 8828 8785
f 8787 8829 8786
f 8788 8830 8787
f 8789 8831 8788
f 8790 8832 8789
f 8791 8833 8790
f 8792 8834 8791
f 8793 8835 8792
f 8794 8836 8793
f 8795 8837 8794
f 8796 8838 8795
f 8797 8839 8796
f 8798 8840 8797
f 8799 8841 8798
f 8801 8849 8800
f 8802 8850 8801
f 8803 8851 8802
f 8804 8852 8803
f 8805 8853 8804
f 8806 8854 8805
f 8807 8855 8806
f 8808 8856 8807
f 8809 8857 8808
f 8810 8858 8809
f 8811 8859 8810
f 8812 8860 8811
f 8813 8861 8812
f 8814 8862 8813
f 8815 8863 8814
f 8816 8864 8815
f 8817 8865 8816
f 8818 8866 8817
f 8819 8867 8818
f 8820 8868 8819
f 8821 8869 8820
f 8822 8870 8821
f 8823 8871 8822
f 8824 8872 8823
f 8825 8873 8824
f 8826 8874 8825
f 8827 8875 8826
f 8828 8876 8827
f 8829 8877 8828
f 8830 8878 8829
f 8831 8879 8830
f 8832 8880 8831
f 8833 8881 8832
f 8834 8882 8833
f 8835 8883 8834
f 8836 8884 8835
f 8837 8885 8836
f 8838 8886 8837
f 8839 8887 8838
f 8840 8888 8839
f 8841 8889 8840
f 8842 8890 8841
f 8843 8891 8842
f 8844 8892 8843
f 8845 8893 8844
f 8846 8894 8845
f 8847 8895 8846
f 8848 8896 8847
f 8850 8898 8849
f 8851 8899 8850
f 8852 8900 8851
f 8853 8901 8852
f 8854 8902 8853
f 8855 8903 8854
f 8856 8904 8855
f 8857 8905 8856
f 8858 8906 8857
f 8859 8907 8858
f 8860 8908 8859
f 8861 8909 8860
f 8862 8910 8861
f 8863 8911 8862
f 8864 8912 8863
f 8865 8913 8864
f 8866 8914 8865
f 8867 8915 8866
f 8868 8916 8867
f 8869 8917 8868
f 8870 8918 8869
f 8871 8919 8870
f 8872 8920 8871
f 8873 8921 8872
f 8874 8922 8873
f 8875 8923 8874
f 8876 8924 8875
f 8877 8925 8876
f 8878 8926 8877
f 8879 8927 8878
f 8880 8928 8879
f 8881 8929 8880
f 8882 8930 8881
f 8883 8931 8882
f 8884 8932 8883
f 8885 8933 8884
f 8886 8934 8885
f 8887 8935 8886
f 8888 8936 8887
f 8889 8937 8888
f 8890 8938 8889
f 8891 8939 8890
f 8892 8940 8891
f 8893 8941 8892
f 8894 8942 8893
f 8895 8943 8894
f 8896 8944 8895
f 8897 8945 8896
f 8899 8947 8898
f 8900 8948 8899
f 8901 8949 8900
f 8902 8950 8901
f 8903 8951 8902
f 8904 8952 8903
f 8905 8953 8904
f 8906 8954 8905
f 8907 8955 8906
f 8908 8956 8907
f 8909 8957 8908
f 8910 8958 8909
f 8911 8959 8910
f 8912 8960 8911
f 8913 8961 8912
f 8914 8962 8913
f 8915 8963 8914
f 8916 8964 8915
f 8917 8965 8916
f 8918 8966 8917
f 8919 8967 8918
f 8920 8968 8919
f 8921 8969 8920
f 8922 8970 8921
f 8923 8971 8922
f 8924 8972 8923
f 8925 8973 8924
f 8926 8974 8925
f 8927 8975 8926
f 8928 8976 8927
f 8929 8977 8928
f 8930 8978 8929
f 8931 8979 8930
f 8932 8980 8931
f 8933 8981 8932
f 8934 8982 8933
f 8935 8983 8934
f 8936 8984 8935
f 8937 8985 8936
f 8938 8986 8937
f 8939 8987 8938
f 8940 8988 8939
f 8941 8989 8940
f 8942 8990 8941
f 8943 8991 8942
f 8944 8992 8943
f 8945 8993 8944
f 8946 8994 8945
f 8948 8996 8947
f 8949 8997 8948
f 8950 8998 8949
f 8951 8999 8950
f 8952 9000 8951
f 8953 9001 8952
f 8954 9002 8953
f 8955 9003 8954
f 8956 9004 8955
f 8957 9005 8956
f 8958 9006 8957
f 8959 9007 8958
f 8960 9008 8959
f 8961 9009 8960
f 8962 9010 8961
f 8963 9011 8962
f 8964 9012 8963
f 8965 9013 8964
f 8966 9014 8965
f 8967 9015 8966
f 8968 9016 8967
f 8969 9017 8968
f 8970 9018 8969
f 8971 9019 8970
f 8972 9020 8971
f 8973 9021 8972
f 8974 9022 8973
f 8975 9023 8974
f 8976 9024 8975
f 8977 9025 8976
f 8978 9026 8977
f 8979 9027 8978
f 8980 9028 8979
f 8981 9029 8980
f 8982 9030 8981
f 8983 9031 8982
f 8984 9032 8983
f 8985 9033 8984
f 8986 9034 8985
f 8987 9035 8986
f 8988 9036 8987
f 8989 9037 8988
f 8990 9038 8989
f 8991 9039 8990
f 8992 9040 8991
f 8993 9041 8992
f 8994 9042 8993
f 8995 9043 8994
f 8997 9045 8996
f 8998 9046 8997
f 8999 9047 8998
f 9000 9048 8999
f 9001 9049 9000
f 9002 9050 9001
f 9003 9051 9002
f 9004 9052 9003
f 9005 9053 9004
f 9006 9054 9005
f 9007 9055 9006
f 9008 9056 9007
f 9009 9057 9008
f 9010 9058 9009
f 9011 9059 9010
f 9012 9060 9011
f 9013 9061 9012
f 9014 9062 9013
f 9015 9063 9014
f 9016 9064 9015
f 9017 9065 9016
f 9018 9066 9017
f 9019 9067 9018
f 9020 9068 9019
f 9021 9069 9020
f 9022 9070 9021
f 9023 9071 9022
f 9024 9072 9023
f 9025 9073 9024
f 9026 9074 9025
f 9027 9075 9026
f 9028 9076 9027
f 9029 9077 9028
f 9030 9078 9029
f 9031 9079 9030
f 9032 9080 9031
f 9033 9081 9032
f 9034 9082 9033
f 9035 9083 9034
f 9036 9084 9035
f 9037 9085 9036
f 9038 9086 9037
f 9039 9087 9038
f 9040 9088 9039
f 9041 9089 9040
f 9042 9090 9041
f 9043 9091 9042
f 9044 9092 9043
f 9046 9094 9045
f 9047 9095 9046
f 9048 9096 9047
f 9049 9097 9048
f 9050 9098 9049
f 9051 9099 9050
f 9052 9100 9051
f 9053 9101 9052
f 9054 9102 9053
f 9055 9103 9054
f 9056 9104 9055
f 9057 9105 9056
f 9058 9106 9057
f 9059 9107 9058
f 9060 9108 9059
f 9061 9109 9060
f 9062 9110 9061
f 9063 9111 9062
f 9064 9112 9063
f 9065 9113 9064
f 9066 9114 9065
f 9067 9115 9066
f 9068 9116 9067
f 9069 9117 9068
f 9070 9118 9069
f 9071 9119 9070
f 9072 9120 9071
f 9073 9121 9072
f 9074 9122 9073
f 9075 9123 9074
f 9076 9124 9075
f 9077 9125 9076
f 9078 9126 9077
f 9079 9127 9078
f 9080 9128 9079
f 9081 9129 9080
f 9082 9130 9081
f 9083 9131 9082
f 9084 9132 9083
f 9085 9133 9084
f 9086 9134 9085
f 9087 9135 9086
f 9088 9136 9087
f 9089 9137 9088
f 9090 9138 9089
f 9091 9139 9090
f 9092 9140 9091
f 9093 9141 9092
f 9095 9143 9094
f 9096 9144 9095
f 9097 9145 9096
f 9098 9146 9097
f 9099 9147 9098
f 9100 9148 9099
f 9101 9149 9100
f 9102 9150 9101
f 9103 9151 9102
f 9104 9152 9103
f 9105 9153 9104
f 9106 9154 9105
f 9107 9155 9106
f 9108 9156 9107
f 9109 9157 9108
f 9110 9158 9109
f 9111 9159 9110
f 9112 9160 9111
f 9113 9161 9112
f 9114 9162 9113
f 9115 9163 9114
f 9116 9164 9115
f 9117 9165 9116
f 9118 9166 9117
f 9119 9167 9118
f 9120 9168 9119
f 9121 9169 9120
f 9122 9170 9121
f 9123 9171 9122
f 9124 9172 9123
f 9125 9173 9124
f 9126 9174 9125
f 9127 9175 9126
f 9128 9176 9127
f 9129 9177 9128
f 9130 9178 9129
f 9131 9179 9130
f 9132 9180 9131
f 9133 9181 9132
f 9134 9182 9133
f 9135 9183 9134
f 9136 9184 9135
f 9137 9185 9136
f 9138 9186 9137
f 9139 9187 9138
f 9140 9188 9139
f 9141 9189 9140
f 9142 9190 9141
f 9144 9192 9143
f 9145 9193 9144
f 9146 9194 9145
f 9147 9195 9146
f 9148 9196 9147
f 9149 9197 9148
f 9150 9198 9149
f 9151 9199 9150
f 9152 9200 9151
f 9153 9201 9152
f 9154 9202 9153
f 9155 9203 9154
f 9156 9204 9155
f 9157 9205 9156
f 9158 9206 9157
f 9159 9207 9158
f 9160 9208 9159
f 9161 9209 9160
f 9162 9210 9161
f 9163 9211 9162
f 9164 9212 9163
f 9165 9213 9164
f 9166 9214 9165
f 9167 9215 9166
f 9168 9216 9167
f 9169 9217 9168
f 9170 9218 9169
f 9171 9219 9170
f 9172 9220 9171
f 9173 9221 9172
f 9174 9222 9173
f 9175 9223 9174
f 9176 9224 9175
f 9177 9225 9176
f 9178 9226 9177
f 9179 9227 9178
f 9180 9228 9179
f 9181 9229 9180
f 9182 9230 9181
f 9183 9231 9182
f 9184 9232 9183
f 9185 9233 9184
f 9186 9234 9185
f 9187 9235 9186
f 9188 9236 9187
f 9189 9237 9188
f 9190 9238 9189
f 9191 9239 9190
f 9193 9241 9192
f 9194 9242 9193
f 9195 9243 9194
f 9196 9244 9195
f 9197 9245 9196
f 9198 9246 9197
f 9199 9247 9198
f 9200 9248 9199
f 9201 9249 9200
f 9202 9250 9201
f 9203 9251 9202
f 9204 9252 9203
f 9205 9253 9204
f 9206 9254 9205
f 9207 9255 9206
f 9208 9256 9207
f 9209 9257 9208
f 9210 9258 9209
f 9211 9259 9210
f 9212 9260 9211
f 9213 9261 9212
f 9214 9262 9213
f 9215 9263 9214
f 9216 9264 9215
f 9217 9265 9216
f 9218 9266 9217
f 9219 9267 9218
f 9220 9268 9219
f 9221 9269 9220
f 9222 9270 9221
f 9223 9271 9222
f 9224 9272 9223
f 9225 9273 9224
f 9226 9274 9225
f 9227 9275 9226
f 9228 9276 9227
f 9229 9277 9228
f 9230 9278 9229
f 9231 9279 9230
f 9232 9280 9231
f 9233 9281 9232
f 9234 9282 9233
f 9235 9283 9234
f 9236 9284 9235
f 9237 9285 9236
f 9238 9286 9237
f 9239 9287 9238
f 9240 9288 9239
f 9242 9290 9241
f 9243 9291 9242
f 9244 9292 9243
f 9245 9293 9244
f 9246 9294 9245
f 9247 9295 9246
f 9248 9296 9247
f 9249 9297 9248
f 9250 9298 9249
f 9251 9299 9250
f 9252 9300 9251
f 9253 9301 9252
f 9254 9302 9253
f 9255 9303 9254
f 9256 9304 9255
f 9257 9305 9256
f 9258 9306 9257
f 9259 9307 9258
f 9260 9308 9259
f 9261 9309 9260
f 9262 9310 9261
f 9263 9311 9262
f 9264 9312 9263
f 9265 9313 9264
f 9266 9314 9265
f 9267 9315 9266
f 9268 9316 9267
f 9269 9317 9268
f 9270 9318 9269
f 9271 9319 9270
f 9272 9320 9271
f 9273 9321 9272
f 9274 9322 9273
f 9275 9323 9274
f 9276 9324 9275
f 9277 9325 9276
f 9278 9326 9277
f 9279 9327 9278
f 9280 9328 9279
f 9281 9329 9280
f 9282 9330 9281
f 9283 9331 9282
f 9284 9332 9283
f 9285 9333 9284
f 9286 9334 9285
f 9287 9335 9286
f 9288 9336 9287
f 9289 9337 9288
f 9291 9339 9290
f 9292 9340 9291
f 9293 9341 9292
f 9294 9342 9293
f 9295 9343 9294
f 9296 9344 9295
f 9297 9345 9296
f 9298 9346 9297
f 9299 9347 9298
f 9300 9348 9299
f 9301 9349 9300
f 9302 9350 9301
f 9303 9351 9302
f 9304 9352 9303
f 9305 9353 9304
f 9306 9354 9305
f 9307 9355 9306
f 9308 9356 9307
f 9309 9357 9308
f 9310 9358 9309
f 9311 9359 9310
f 9312 9360 9311
f 9313 9361 9312
f 9314 9362 9313
f 9315 9363 9314
f 9316 9364 9315
f 9317 9365 9316
f 9318 9366 9317
f 9319 9367 9318
f 9320 9368 9319
f 9321 9369 9320
f 9322 9370 9321
f 9323 9371 9322
f 9324 9372 9323
f 9325 9373 9324
f 9326 9374 9325
f 9327 9375 9326
f 9328 9376 9327
f 9329 9377 9328
f 9330 9378 9329
f 9331 9379 9330
f 9332 9380 9331
f 9333 9381 9332
f 9334 9382 9333
f 9335 9383 9334
f 9336 9384 9335
f 9337 9385 9336
f 9338 9386 9337
f 9340 9388 9339
f 9341 9389 9340
f 9342 9390 9341
f 9343 9391 9342
f 9344 9392 9343
f 9345 9393 9344
f 9346 9394 9345
f 9347 9395 9346
f 9348 9396 9347
f 9349 9397 9348
f 9350 9398 9349
f 9351 9399 9350
f 9352 9400 9351
f 9353 9401 9352
f 9354 9402 9353
f 9355 9403 9354
f 9356 9404 9355
f 9357 9405 9356
f 9358 9406 9357
f 9359 9407 9358
f 9360 9408 9359
f 9361 9409 9360
f 9362 9410 9361
f 9363 9411 9362
f 9364 9412 9363
f 9365 9413 9364
f 9366 9414 9365
f 9367 9415 9366
f 9368 9416 9367
f 9369 9417 9368
f 9370 9418 9369
f 9371 9419 9370
f 9372 9420 9371
f 9373 9421 9372
f 9374 9422 9373
f 9375 9423 9374
f 9376 9424 9375
f 9377 9425 9376
f 9378 9426 9377
f 9379 9427 9378
f 9380 9428 9379
f 9381 9429 9380
f 9382 9430 9381
f 9383 9431 9382
f 9384 9432 9383
f 9385 9433 9384
f 9386 9434 9385
f 9387 9435 9386
f 9389 9437 9388
f 9390 9438 9389
f 9391 9439 9390
f 9392 9440 9391
f 9393 9441 9392
f 9394 9442 9393
f 9395 9443 9394
f 9396 9444 9395
f 9397 9445 9396
f 9398 9446 9397
f 9399 9447 9398
f 9400 9448 9399
f 9401 9449 9400
f 9402 9450 9401
f 9403 9451 9402
f 9404 9452 9403
f 9405 9453 9404
f 9406 9454 9405
f 9407 9455 9406
f 9408 9456 9407
f 9409 9457 9408
f 9410 9458 9409
f 9411 9459 9410
f 9412 9460 9411
f 9413 9461 9412
f 9414 9462 9413
f 9415 9463 9414
f 9416 9464 9415
f 9417 9465 9416
f 9418 9466 9417
f 9419 9467 9418
f 9420 9468 9419
f 9421 9469 9420
f 9422 9470 9421
f 9423 9471 9422
f 9424 9472 9423
f 9425 9473 9424
f 9426 9474 9425
f 9427 9475 9426
f 9428 9476 9427
f 9429 9477 9428
f 9430 9478 9429
f 9431 9479 9430
f 9432 9480 9431
f 9433 9481 9432
f 9434 9482 9433
f 9435 9483 9434
f 9436 9484 9435
f 9438 9486 9437
f 9439 9487 9438
f 9440 9488 9439
f 9441 9489 9440
f 9442 9490 9441
f 9443 9491 9442
f 9444 9492 9443
f 9445 9493 9444
f 9446 9494 9445
f 9447 9495 9446
f 9448 9496 9447
f 9449 9497 9448
f 9450 9498 9449
f 9451 9499 9450
f 9452 9500 9451
f 9453 9501 9452
f 9454 9502 9453
f 9455 9503 9454
f 9456 9504 9455
f 9457 9505 9456
f 9458 9506 9457
f 9459 9507 9458
f 9460 9508 9459
f 9461 9509 9460
f 9462 9510 9461
f 9463 9511 9462
f 9464 9512 9463
f 9465 9513 9464
f 9466 9514 9465
f 9467 9515 9466
f 9468 9516 9467
f 9469 9517 9468
f 9470 9518 9469
f 9471 9519 9470
f 9472 9520 9471
f 9473 9521 9472
f 9474 9522 9473
f 9475 9523 9474
f 9476 9524 9475
f 9477 9525 9476
f 9478 9526 9477
f 9479 9527 9478
f 9480 9528 9479
f 9481 9529 9480
f 9482 9530 9481
f 9483 9531 9482
f 9484 9532 9483
f 9485 9533 9484
f 9487 9535 9486
f 9488 9536 9487
f 9489 9537 9488
f 9490 9538 9489
f 9491 9539 9490
f 9492 9540 9491
f 9493 9541 9492
f 9494 9542 9493
f 9495 9543 9494
f 9496 9544 9495
f 9497 9545 9496
f 9498 9546 9497
f 9499 9547 9498
f 9500 9548 9499
f 9501 9549 9500
f 9502 9550 9501
f 9503 9551 9502
f 9504 9552 9503
f 9505 9553 9504
f 9506 9554 9505
f 9507 9555 9506
f 9508 9556 9507
f 9509 9557 9508
f 9510 9558 9509
f 9511 9559 9510
f 9512 9560 9511
f 9513 9561 9512
f 9514 9562 9513
f 9515 9563 9514
f 9516 9564 9515
f 9517 9565 9516
f 9518 9566 9517
f 9519 9567 9518
f 9520 9568 9519
f 9521 9569 9520
f 9522 9570 9521
f 9523 9571 9522
f 9524 9572 9523
f 9525 9573 9524
f 9526 9574 9525
f 9527 9575 9526
f 9528 9576 9527
f 9529 9577 9528
f 9530 9578 9529
f 9531 9579 9530
f 9532 9580 9531
f 9533 9581 9532
f 9534 9582 9533
f 9584 9605 9585
f 9585 9606 9586
f 9586 9607 9587
f 9587 9608 9588
f 9588 9609 9589
f 9589 9610 9590
f 9591 9612 9592
f 9592 9613 9593
f 9593 9614 9594
f 9594 9615 9595
f 9595 9616 9596
f 9596 9617 9597
f 9597 9618 9598
f 9598 9619 9599
f 9599 9620 9600
f 9600 9621 9601
f 9601 9622 9602
f 9602 9623 9603
f 9604 9625 9605
f 9605 9626 9606
f 9606 9627 9607
f 9607 9628 9608
f 9608 9629 9609
f 9609 9630 9610
f 9611 9632 9612
f 9612 9633 9613
f 9613 9634 9614
f 9614 9635 9615
f 9615 9636 9616
f 9616 9637 9617
f 9617 9638 9618
f 9618 9639 9619
f 9619 9640 9620
f 9620 9641 9621
f 9621 9642 9622
f 9622 9643 9623
f 9624 9645 9625
f 9625 9646 9626
f 9626 9647 9627
f 9627 9648 9628
f 9628 9649 9629
f 9629 9650 9630
f 9631 9652 9632
f 9632 9653 9633
f 9633 9654 9634
f 9634 9655 9635
f 9635 9656 9636
f 9636 9657 9637
f 9637 9658 9638
f 9638 9659 9639
f 9639 9660 9640
f 9640 9661 9641
f 9641 9662 9642
f 9642 9663 9643
f 9644 9665 9645
f 9645 9666 9646
f 9646 9667 9647
f 9647 9668 9648
f 9648 9669 9649
f 9649 9670 9650
f 9651 9672 9652
f 9652 9673 9653
f 9653 9674 9654
f 9654 9675 9655
f 9655 9676 9656
f 9656 9677 9657
f 9657 9678 9658
f 9658 9679 9659
f 9659 9680 9660
f 9660 9681 9661
f 9661 9682 9662
f 9662 9683 9663
f 9664 9685 9665
f 9665 9686 9666
f 9666 9687 9667
f 9667 9688 9668
f 9668 9689 9669
f 9669 9690 9670
f 9671 9692 9672
f 9672 9693 9673
f 9673 9694 9674
f 9674 9695 9675
f 9675 9696 9676
f 9676 9697 9677
f 9677 9698 9678
f 9678 9699 9679
f 9679 9700 9680
f 9680 9701 9681
f 9681 9702 9682
f 9682 9703 9683
f 9684 9705 9685
f 9685 9706 9686
f 9686 9707 9687
f 9687 9708 9688
f 9688 9709 9689
f 9689 9710 9690
f 9691 9712 9692
f 9692 9713 9693
f 9693 9714 9694
f 9694 9715 9695
f 9695 9716 9696
f 9696 9717 9697
f 9697 9718 9698
f 9698 9719 9699
f 9699 9720 9700
f 9700 9721 9701
f 9701 9722 9702
f 9702 9723 9703
f 9704 9725 9705
f 9705 9726 9706
f 9706 9727 9707
f 9707 9728 9708
f 9708 9729 9709
f 9709 9730 9710
f 9711 9732 9712
f 9712 9733 9713
f 9713 9734 9714
f 9714 9735 9715
f 9715 9736 9716
f 9716 9737 9717
f 9717 9738 9718
f 9718 9739 9719
f 9719 9740 9720
f 9720 9741 9721
f 9721 9742 9722
f 9722 9743 9723
f 9724 9745 9725
f 9725 9746 9726
f 9726 9747 9727
f 9727 9748 9728
f 9728 9749 9729
f 9729 9750 9730
f 9731 9752 9732
f 9732 9753 9733
f 9733 9754 9734
f 9734 9755 9735
f 9735 9756 9736
f 9736 9757 9737
f 9737 9758 9738
f 9738 9759 9739
f 9739 9760 9740
f 9740 9761 9741
f 9741 9762 9742
f 9742 9763 9743
f 9744 9765 9745
f 9745 9766 9746
f 9746 9767 9747
f 9747 9768 9748
f 9748 9769 9749
f 9749 9770 9750
f 9751 9772 9752
f 9752 9773 9753
f 9753 9774 9754
f 9754 9775 9755
f 9755 9776 9756
f 9756 9777 9757
f 9757 9778 9758
f 9758 9779 9759
f 9759 9780 9760
f 9760 9781 9761
f 9761 9782 9762
f 9762 9783 9763
f 9764 9785 9765
f 9765 9786 9766
f 9766 9787 9767
f 9767 9788 9768
f 9768 9789 9769
f 9769 9790 9770
f 9771 9792 9772
f 9772 9793 9773
f 9773 9794 9774
f 9774 9795 9775
f 9775 9796 9776
f 9776 9797 9777
f 9784 9799 9785
f 9785 9800 9786
f 9786 9801 9787
f 9787 9802 9788
f 9788 9803 9789
f 9789 9804 9790
f 9791 9806 9792
f 9792 9807 9793
f 9793 9808 9794
f 9794 9809 9795
f 9795 9810 9796
f 9796 9811 9797
f 9798 9813 9799
f 9799 9814 9800
f 9800 9815 9801
f 9801 9816 9802
f 9802 9817 9803
f 9803 9818 9804
f 9805 9820 9806
f 9806 9821 9807
f 9807 9822 9808
f 9808 9823 9809
f 9809 9824 9810
f 9810 9825 9811
f 9812 9827 9813
f 9813 9828 9814
f 9814 9829 9815
f 9815 9830 9816
f 9816 9831 9817
f 9817 9832 9818
f 9819 9834 9820
f 9820 9835 9821
f 9821 9836 9822
f 9822 9837 9823
f 9823 9838 9824
f 9824 9839 9825
f 9826 9841 9827
f 9827 9842 9828
f 9828 9843 9829
f 9829 9844 9830
f 9830 9845 9831
f 9831 9846 9832
f 9833 9848 9834
f 9834 9849 9835
f 9835 9850 9836
f 9836 9851 9837
f 9837 9852 9838
f 9838 9853 9839
f 9840 9863 9841
f 9841 9864 9842
f 9842 9865 9843
f 9843 9866 9844
f 9844 9867 9845
f 9845 9868 9846
f 9847 9870 9848
f 9848 9871 9849
f 9849 9872 9850
f 9850 9873 9851
f 9851 9874 9852
f 9852 9875 9853
f 9854 9877 9855
f 9855 9878 9856
f 9856 9879 9857
f 9857 9880 9858
f 9858 9881 9859
f 9859 9882 9860
f 9860 9883 9861
f 9861 9884 9862
f 9862 9885 9863
f 9863 9886 9864
f 9864 9887 9865
f 9865 9888 9866
f 9866 9889 9867
f 9867 9890 9868
f 9869 9892 9870
f 9870 9893 9871
f 9871 9894 9872
f 9872 9895 9873
f 9873 9896 9874
f 9874 9897 9875
f 9876 9899 9877
f 9877 9900 9878
f 9878 9901 9879
f 9879 9902 9880
f 9880 9903 9881
f 9881 9904 9882
f 9882 9905 9883
f 9883 9906 9884
f 9884 9907 9885
f 9885 9908 9886
f 9886 9909 9887
f 9887 9910 9888
f 9888 9911 9889
f 9889 9912 9890
f 9891 9914 9892
f 9892 9915 9893
f 9893 9916 9894
f 9894 9917 9895
f 9895 9918 9896
f 9896 9919 9897
f 9898 9921 9899
f 9899 9922 9900
f 9900 9923 9901
f 9901 9924 9902
f 9902 9925 9903
f 9903 9926 9904
f 9904 9927 9905
f 9905 9928 9906
f 9906 9929 9907
f 9907 9930 9908
f 9908 9931 9909
f 9909 9932 9910
f 9910 9933 9911
f 9911 9934 9912
f 9913 9957 9914
f 9914 9958 9915
f 9915 9959 9916
f 9916 9960 9917
f 9917 9961 9918
f 9918 9962 9919
f 9920 9964 9921
f 9921 9965 9922
f 9922 9966 9923
f 9923 9967 9924
f 9924 9968 9925
f 9925 9969 9926
f 9926 9970 9927
f 9927 9971 9928
f 9928 9972 9929
f 9929 9973 9930
f 9930 9974 9931
f 9931 9975 9932
f 9932 9976 9933
f 9933 9977 9934
f 9934 9978 9935
f 9935 9979 9936
f 9936 9980 9937
f 9937 9981 9938
f 9938 9982 9939
f 9939 9983 9940
f 9940 9984 9941
f 9941 9985 9942
f 9942 9986 9943
f 9943 9987 9944
f 9944 9988 9945
f 9945 9989 9946
f 9946 9990 9947
f 9947 9991 9948
f 9948 9992 9949
f 9949 9993 9950
f 9950 9994 9951
f 9951 9995 9952
f 9952 9996 9953
f 9953 9997 9954
f 9954 9998 9955
f 9955 9999 9956
f 9956 10000 9957
f 9957 10001 9958
f 9958 10002 9959
f 9959 10003 9960
f 9960 10004 9961
f 9961 10005 9962
f 9963 10013 9964
f 9964 10014 9965
f 9965 10015 9966
f 9966 10016 9967
f 9967 10017 9968
f 9968 10018 9969
f 9969 10019 9970
f 9970 10020 9971
f 9971 10021 9972
f 9972 10022 9973
f 9973 10023 9974
f 9974 10024 9975
f 9975 10025 9976
f 9976 10026 9977
f 9977 10027 9978
f 9978 10028 9979
f 9979 10029 9980
f 9980 10030 9981
f 9981 10031 9982
f 9982 10032 9983
f 9983 10033 9984
f 9984 10034 9985
f 9985 10035 9986
f 9986 10036 9987
f 9987 10037 9988
f 9988 10038 9989
f 9989 10039 9990
f 9990 10040 9991
f 9991 10041 9992
f 9992 10042 9993
f 9993 10043 9994
f 9994 10044 9995
f 9995 10045 9996
f 9996 10046 9997
f 9997 10047 9998
f 9998 10048 9999
f 9999 10049 10000
f 10000 10050 10001
f 10001 10051 10002
f 10002 10052 10003
f 10003 10053 10004
f 10004 10054 10005
f 10005 10055 10006
f 10006 10056 10007
f 10007 10057 10008
f 10008 10058 10009
f 10009 10059 10010
f 10010 10060 10011
f 10012 10062 10013
f 10013 10063 10014
f 10014 10064 10015
f 10015 10065 10016
f 10016 10066 10017
f 10017 10067 10018
f 10018 10068 10019
f 10019 10069 10020
f 10020 10070 10021
f 10021 10071 10022
f 10022 10072 10023
f 10023 10073 10024
f 10024 10074 10025
f 10025 10075 10026
f 10026 10076 10027
f 10027 10077 10028
f 10028 10078 10029
f 10029 10079 10030
f 10030 10080 10031
f 10031 10081 10032
f 10032 10082 10033
f 10033 10083 10034
f 10034 10084 10035
f 10035 10085 10036
f 10036 10086 10037
f 10037 10087 10038
f 10038 10088 10039
f 10039 10089 10040
f 10040 10090 10041
f 10041 10091 10042
f 10042 10092 10043
f 10043 10093 10044
f 10044 10094 10045
f 10045 10095 10046
f 10046 10096 10047
f 10047 10097 10048
f 10048 10098 10049
f 10049 10099 10050
f 10050 10100 10051
f 10051 10101 10052
f 10052 10102 10053
f 10053 10103 10054
f 10054 10104 10055
f 10055 10105 10056
f 10056 10106 10057
f 10057 10107 10058
f 10058 10108 10059
f 10059 10109 10060
f 10061 10111 10062
f 10062 10112 10063
f 10063 10113 10064
f 10064 10114 10065
f 10065 10115 10066
f 10066 10116 10067
f 10067 10117 10068
f 10068 10118 10069
f 10069 10119 10070
f 10070 10120 10071
f 10071 10121 10072
f 10072 10122 10073
f 10073 10123 10074
f 10074 10124 10075
f 10075 10125 10076
f 10076 10126 10077
f 10077 10127 10078
f 10078 10128 10079
f 10079 10129 10080
f 10080 10130 10081
f 10081 10131 10082
f 10082 10132 10083
f 10083 10133 10084
f 10084 10134 10085
f 10085 10135 10086
f 10086 10136 10087
f 10087 10137 10088
f 10088 10138 10089
f 10089 10139 10090
f 10090 10140 10091
f 10091 10141 10092
f 10092 10142 10093
f 10093 10143 10094
f 10094 10144 10095
f 10095 10145 10096
f 10096 10146 10097
f 10097 10147 10098
f 10098 10148 10099
f 10099 10149 10100
f 10100 10150 10101
f 10101 10151 10102
f 10102 10152 10103
f 10103 10153 10104
f 10104 10154 10105
f 10105 10155 10106
f 10106 10156 10107
f 10107 10157 10108
f 10108 10158 10109
f 10110 10160 10111
f 10111 10161 10112
f 10112 10162 10113
f 10113 10163 10114
f 10114 10164 10115
f 10115 10165 10116
f 10116 10166 10117
f 10117 10167 10118
f 10118 10168 10119
f 10119 10169 10120
f 10120 10170 10121
f 10121 10171 10122
f 10122 10172 10123
f 10123 10173 10124
f 10124 10174 10125
f 10125 10175 10126
f 10126 10176 10127
f 10127 10177 10128
f 10128 10178 10129
f 10129 10179 10130
f 10130 10180 10131
f 10131 10181 10132
f 10132 10182 10133
f 10133 10183 10134
f 10134 10184 10135
f 10135 10185 10136
f 10136 10186 10137
f 10137 10187 10138
f 10138 10188 10139
f 10139 10189 10140
f 10140 10190 10141
f 10141 10191 10142
f 10142 10192 10143
f 10143 10193 10144
f 10144 10194 10145
f 10145 10195 10146
f 10146 10196 10147
f 10147 10197 10148
f 10148 10198 10149
f 10149 10199 10150
f 10150 10200 10151
f 10151 10201 10152
f 10152 10202 10153
f 10153 10203 10154
f 10154 10204 10155
f 10155 10205 10156
f 10156 10206 10157
f 10157 10207 10158
f 10159 10209 10160
f 10160 10210 10161
f 10161 10211 10162
f 10162 10212 10163
f 10163 10213 10164
f 10164 10214 10165
f 10165 10215 10166
f 10166 10216 10167
f 10167 10217 10168
f 10168 10218 10169
f 10169 10219 10170
f 10170 10220 10171
f 10171 10221 10172
f 10172 10222 10173
f 10173 10223 10174
f 10174 10224 10175
f 10175 10225 10176
f 10176 10226 10177
f 10177 10227 10178
f 10178 10228 10179
f 10179 10229 10180
f 10180 10230 10181
f 10181 10231 10182
f 10182 10232 10183
f 10183 10233 10184
f 10184 10234 10185
f 10185 10235 10186
f 10186 10236 10187
f 10187 10237 10188
f 10188 10238 10189
f 10189 10239 10190
f 10190 10240 10191
f 10191 10241 10192
f 10192 10242 10193
f 10193 10243 10194
f 10194 10244 10195
f 10195 10245 10196
f 10196 10246 10197
f 10197 10247 10198
f 10198 10248 10199
f 10199 10249 10200
f 10200 10250 10201
f 10201 10251 10202
f 10202 10252 10203
f 10203 10253 10204
f 10204 10254 10205
f 10205 10255 10206
f 10206 10256 10207
f 10208 10258 10209
f 10209 10259 10210
f 10210 10260 10211
f 10211 10261 10212
f 10212 10262 10213
f 10213 10263 10214
f 10214 10264 10215
f 10215 10265 10216
f 10216 10266 10217
f 10217 10267 10218
f 10218 10268 10219
f 10219 10269 10220
f 10220 10270 10221
f 10221 10271 10222
f 10222 10272 10223
f 10223 10273 10224
f 10224 10274 10225
f 10225 10275 10226
f 10226 10276 10227
f 10227 10277 10228
f 10228 10278 10229
f 10229 10279 10230
f 10230 10280 10231
f 10231 10281 10232
f 10232 10282 10233
f 10233 10283 10234
f 10234 10284 10235
f 10235 10285 10236
f 10236 10286 10237
f 10237 10287 10238
f 10238 10288 10239
f 10239 10289 10240
f 10240 10290 10241
f 10241 10291 10242
f 10242 10292 10243
f 10243 10293 10244
f 10244 10294 10245
f 10245 10295 10246
f 10246 10296 10247
f 10247 10297 10248
f 10248 10298 10249
f 10249 10299 10250
f 10250 10300 10251
f 10251 10301 10252
f 10252 10302 10253
f 10253 10303 10254
f 10254 10304 10255
f 10255 10305 10256
f 10257 10307 10258
f 10258 10308 10259
f 10259 10309 10260
f 10260 10310 10261
f 10261 10311 10262
f 10262 10312 10263
f 10263 10313 10264
f 10264 10314 10265
f 10265 10315 10266
f 10266 10316 10267
f 10267 10317 10268
f 10268 10318 10269
f 10269 10319 10270
f 10270 10320 10271
f 10271 10321 10272
f 10272 10322 10273
f 10273 10323 10274
f 10274 10324 10275
f 10275 10325 10276
f 10276 10326 10277
f 10277 10327 10278
f 10278 10328 10279
f 10279 10329 10280
f 10280 10330 10281
f 10281 10331 10282
f 10282 10332 10283
f 10283 10333 10284
f 10284 10334 10285
f 10285 10335 10286
f 10286 10336 10287
f 10287 10337 10288
f 10288 10338 10289
f 10289 10339 10290
f 10290 10340 10291
f 10291 10341 10292
f 10292 10342 10293
f 10293 10343 10294
f 10294 10344 10295
f 10295 10345 10296
f 10296 10346 10297
f 10297 10347 10298
f 10298 10348 10299
f 10299 10349 10300
f 10300 10350 10301
f 10301 10351 10302
f 10302 10352 10303
f 10303 10353 10304
f 10304 10354 10305
f 10306 10356 10307
f 10307 10357 10308
f 10308 10358 10309
f 10309 10359 10310
f 10310 10360 10311
f 10311 10361 10312
f 10312 10362 10313
f 10313 10363 10314
f 10314 10364 10315
f 10315 10365 10316
f 10316 10366 10317
f 10317 10367 10318
f 10318 10368 10319
f 10319 10369 10320
f 10320 10370 10321
f 10321 10371 10322
f 10322 10372 10323
f 10323 10373 10324
f 10324 10374 10325
f 10325 10375 10326
f 10326 10376 10327
f 10327 10377 10328
f 10328 10378 10329
f 10329 10379 10330
f 10330 10380 10331
f 10331 10381 10332
f 10332 10382 10333
f 10333 10383 10334
f 10334 10384 10335
f 10335 10385 10336
f 10336 10386 10337
f 10337 10387 10338
f 10338 10388 10339
f 10339 10389 10340
f 10340 10390 10341
f 10341 10391 10342
f 10342 10392 10343
f 10343 10393 10344
f 10344 10394 10345
f 10345 10395 10346
f 10346 10396 10347
f 10347 10397 10348
f 10348 10398 10349
f 10349 10399 10350
f 10350 10400 10351
f 10351 10401 10352
f 10352 10402 10353
f 10353 10403 10354
f 10355 10405 10356
f 10356 10406 10357
f 10357 10407 10358
f 10358 10408 10359
f 10359 10409 10360
f 10360 10410 10361
f 10361 10411 10362
f 10362 10412 10363
f 10363 10413 10364
f 10364 10414 10365
f 10365 10415 10366
f 10366 10416 10367
f 10367 10417 10368
f 10368 10418 10369
f 10369 10419 10370
f 10370 10420 10371
f 10371 10421 10372
f 10372 10422 10373
f 10373 10423 10374
f 10374 10424 10375
f 10375 10425 10376
f 10376 10426 10377
f 10377 10427 10378
f 10378 10428 10379
f 10379 10429 10380
f 10380 10430 10381
f 10381 10431 10382
f 10382 10432 10383
f 10383 10433 10384
f 10384 10434 10385
f 10385 10435 10386
f 10386 10436 10387
f 10387 10437 10388
f 10388 10438 10389
f 10389 10439 10390
f 10390 10440 10391
f 10391 10441 10392
f 10392 10442 10393
f 10393 10443 10394
f 10394 10444 10395
f 10395 10445 10396
f 10396 10446 10397
f 10397 10447 10398
f 10398 10448 10399
f 10399 10449 10400
f 10400 10450 10401
f 10401 10451 10402
f 10402 10452 10403
f 10404 10454 10405
f 10405 10455 10406
f 10406 10456 10407
f 10407 10457 10408
f 10408 10458 10409
f 10409 10459 10410
f 10410 10460 10411
f 10411 10461 10412
f 10412 10462 10413
f 10413 10463 10414
f 10414 10464 10415
f 10415 10465 10416
f 10416 10466 10417
f 10417 10467 10418
f 10418 10468 10419
f 10419 10469 10420
f 10420 10470 10421
f 10421 10471 10422
f 10422 10472 10423
f 10423 10473 10424
f 10424 10474 10425
f 10425 10475 10426
f 10426 10476 10427
f 10427 10477 10428
f 10428 10478 10429
f 10429 10479 10430
f 10430 10480 10431
f 10431 10481 10432
f 10432 10482 10433
f 10433 10483 10434
f 10434 10484 10435
f 10435 10485 10436
f 10436 10486 10437
f 10437 10487 10438
f 10438 10488 10439
f 10439 10489 10440
f 10440 10490 10441
f 10441 10491 10442
f 10442 10492 10443
f 10443 10493 10444
f 10444 10494 10445
f 10445 10495 10446
f 10446 10496 10447
f 10447 10497 10448
f 10448 10498 10449
f 10449 10499 10450
f 10450 10500 10451
f 10451 10501 10452
f 10453 10503 10454
f 10454 10504 10455
f 10455 10505 10456
f 10456 10506 10457
f 10457 10507 10458
f 10458 10508 10459
f 10459 10509 10460
f 10460 10510 10461
f 10461 10511 10462
f 10462 10512 10463
f 10463 10513 10464
f 10464 10514 10465
f 10465 10515 10466
f 10466 10516 10467
f 10467 10517 10468
f 10468 10518 10469
f 10469 10519 10470
f 10470 10520 10471
f 10471 10521 10472
f 10472 10522 10473
f 10473 10523 10474
f 10474 10524 10475
f 10475 10525 10476
f 10476 10526 10477
f 10477 10527 10478
f 10478 10528 10479
f 10479 10529 10480
f 10480 10530 10481
f 10481 10531 10482
f 10482 10532 10483
f 10483 10533 10484
f 10484 10534 10485
f 10485 10535 10486
f 10486 10536 10487
f 10487 10537 10488
f 10488 10538 10489
f 10489 10539 10490
f 10490 10540 10491
f 10491 10541 10492
f 10492 10542 10493
f 10493 10543 10494
f 10494 10544 10495
f 10495 10545 10496
f 10496 10546 10497
f 10497 10547 10498
f 10498 10548 10499
f 10499 10549 10500
f 10500 10550 10501
f 10502 10552 10503
f 10503 10553 10504
f 10504 10554 10505
f 10505 10555 10506
f 10506 10556 10507
f 10507 10557 10508
f 10508 10558 10509
f 10509 10559 10510
f 10510 10560 10511
f 10511 10561 10512
f 10512 10562 10513
f 10513 10563 10514
f 10514 10564 10515
f 10515 10565 10516
f 10516 10566 10517
f 10517 10567 10518
f 10518 10568 10519
f 10519 10569 10520
f 10520 10570 10521
f 10521 10571 10522
f 10522 10572 10523
f 10523 10573 10524
f 10524 10574 10525
f 10525 10575 10526
f 10526 10576 10527
f 10527 10577 10528
f 10528 10578 10529
f 10529 10579 10530
f 10530 10580 10531
f 10531 10581 10532
f 10532 10582 10533
f 10533 10583 10534
f 10534 10584 10535
f 10535 10585 10536
f 10536 10586 10537
f 10537 10587 10538
f 10538 10588 10539
f 10539 10589 10540
f 10540 10590 10541
f 10541 10591 10542
f 10542 10592 10543
f 10543 10593 10544
f 10544 10594 10545
f 10545 10595 10546
f 10546 10596 10547
f 10547 10597 10548
f 10548 10598 10549
f 10549 10599 10550
f 10551 10601 10552
f 10552 10602 10553
f 10553 10603 10554
f 10554 10604 10555
f 10555 10605 10556
f 10556 10606 10557
f 10557 10607 10558
f 10558 10608 10559
f 10559 10609 10560
f 10560 10610 10561
f 10561 10611 10562
f 10562 10612 10563
f 10563 10613 10564
f 10564 10614 10565
f 10565 10615 10566
f 10566 10616 10567
f 10567 10617 10568
f 10568 10618 10569
f 10569 10619 10570
f 10570 10620 10571
f 10571 10621 10572
f 10572 10622 10573
f 10573 10623 10574
f 10574 10624 10575
f 10575 10625 10576
f 10576 10626 10577
f 10577 10627 10578
f 10578 10628 10579
f 10579 10629 10580
f 10580 10630 10581
f 10581 10631 10582
f 10582 10632 10583
f 10583 10633 10584
f 10584 10634 10585
f 10585 10635 10586
f 10586 10636 10587
f 10587 10637 10588
f 10588 10638 10589
f 10589 10639 10590
f 10590 10640 10591
f 10591 10641 10592
f 10592 10642 10593
f 10593 10643 10594
f 10594 10644 10595
f 10595 10645 10596
f 10596 10646 10597
f 10597 10647 10598
f 10598 10648 10599
f 10600 10650 10601
f 10601 10651 10602
f 10602 10652 10603
f 10603 10653 10604
f 10604 10654 10605
f 10605 10655 10606
f 10606 10656 10607
f 10607 10657 10608
f 10608 10658 10609
f 10609 10659 10610
f 10610 10660 10611
f 10611 10661 10612
f 10612 10662 10613
f 10613 10663 10614
f 10614 10664 10615
f 10615 10665 10616
f 10616 10666 10617
f 10617 10667 10618
f 10618 10668 10619
f 10619 10669 10620
f 10620 10670 10621
f 10621 10671 10622
f 10622 10672 10623
f 10623 10673 10624
f 10624 10674 10625
f 10625 10675 10626
f 10626 10676 10627
f 10627 10677 10628
f 10628 10678 10629
f 10629 10679 10630
f 10630 10680 10631
f 10631 10681 10632
f 10632 10682 10633
f 10633 10683 10634
f 10634 10684 10635
f 10635 10685 10636
f 10636 10686 10637
f 10637 10687 10638
f 10638 10688 10639
f 10639 10689 10640
f 10640 10690 10641
f 10641 10691 10642
f 10642 10692 10643
f 10643 10693 10644
f 10644 10694 10645
f 10645 10695 10646
f 10646 10696 10647
f 10647 10697 10648
f 10649 10699 10650
f 10650 10700 10651
f 10651 10701 10652
f 10652 10702 10653
f 10653 10703 10654
f 10654 10704 10655
f 10655 10705 10656
f 10656 10706 10657
f 10657 10707 10658
f 10658 10708 10659
f 10659 10709 10660
f 10660 10710 10661
f 10661 10711 10662
f 10662 10712 10663
f 10663 10713 10664
f 10664 10714 10665
f 10665 10715 10666
f 10666 10716 10667
f 10667 10717 10668
f 10668 10718 10669
f 10669 10719 10670
f 10670 10720 10671
f 10671 10721 10672
f 10672 10722 10673
f 10673 10723 10674
f 10674 10724 10675
f 10675 10725 10676
f 10676 10726 10677
f 10677 10727 10678
f 10678 10728 10679
f 10679 10729 10680
f 10680 10730 10681
f 10681 10731 10682
f 10682 10732 10683
f 10683 10733 10684
f 10684 10734 10685
f 10685 10735 10686
f 10686 10736 10687
f 10687 10737 10688
f 10688 10738 10689
f 10689 10739 10690
f 10690 10740 10691
f 10691 10741 10692
f 10692 10742 10693
f 10693 10743 10694
f 10694 10744 10695
f 10695 10745 10696
f 10696 10746 10697
f 8421 9604 9584
f 9584 8422 8421
f 9585 8423 8422
f 9586 8424 8423
f 9587 8425 8424
f 9588 8426 8425
f 9590 8447 8427
f 9589 8427 8426
f 8428 9611 9591
f 9591 8429 8428
f 9592 8430 8429
f 9593 8431 8430
f 9594 8432 8431
f 9595 8433 8432
f 9596 8434 8433
f 9597 8435 8434
f 9598 8436 8435
f 9599 8437 8436
f 9600 8438 8437
f 9601 8439 8438
f 9603 8460 8440
f 9602 8440 8439
f 8441 9624 9604
f 9610 8467 8447
f 8448 9631 9611
f 9623 8480 8460
f 8461 9644 9624
f 9630 8487 8467
f 8468 9651 9631
f 9643 8500 8480
f 8481 9664 9644
f 9650 8507 8487
f 8488 9671 9651
f 9663 8520 8500
f 8501 9684 9664
f 9670 8527 8507
f 8508 9691 9671
f 9683 8540 8520
f 8521 9704 9684
f 9690 8547 8527
f 8528 9711 9691
f 9703 8560 8540
f 8541 9724 9704
f 9710 8567 8547
f 8548 9731 9711
f 9723 8580 8560
f 8561 9744 9724
f 9730 8587 8567
f 8568 9751 9731
f 9743 8600 8580
f 8581 9764 9744
f 9750 8607 8587
f 8588 9771 9751
f 8614 9778 9777
f 8615 9779 9778
f 8616 9780 9779
f 8617 9781 9780
f 8618 9782 9781
f 8619 9783 9782
f 9763 8620 8600
f 8601 9784 9764
f 9770 8627 8607
f 8608 9791 9771
f 9777 8634 8614
f 8621 9798 9784
f 9790 8641 8627
f 8628 9805 9791
f 9797 8648 8634
f 8635 9812 9798
f 9804 8655 8641
f 8642 9819 9805
f 9811 8662 8648
f 8649 9826 9812
f 9818 8669 8655
f 8656 9833 9819
f 9825 8676 8662
f 8663 9840 9826
f 9832 8683 8669
f 8670 9847 9833
f 9839 8690 8676
f 8677 9862 9840
f 9846 8705 8683
f 8684 9869 9847
f 9853 8712 8690
f 8691 9876 9854
f 9854 8692 8691
f 9855 8693 8692
f 9856 8694 8693
f 9857 8695 8694
f 9858 8696 8695
f 9859 8697 8696
f 9860 8698 8697
f 9861 8699 8698
f 9868 8727 8705
f 8706 9891 9869
f 9875 8734 8712
f 8713 9898 9876
f 9890 8749 8727
f 8728 9913 9891
f 9897 8756 8734
f 8735 9920 9898
f 9912 8771 8749
f 8750 9956 9913
f 9919 8799 8756
f 8757 9963 9920
f 9934 8772 8771
f 9935 8773 8772
f 9936 8774 8773
f 9937 8775 8774
f 9938 8776 8775
f 9939 8777 8776
f 9940 8778 8777
f 9941 8779 8778
f 9942 8780 8779
f 9943 8781 8780
f 9944 8782 8781
f 9945 8783 8782
f 9946 8784 8783
f 9947 8785 8784
f 9948 8786 8785
f 9949 8787 8786
f 9950 8788 8787
f 9951 8789 8788
f 9952 8790 8789
f 9953 8791 8790
f 9954 8792 8791
f 9955 8793 8792
f 9962 8842 8799
f 8800 10012 9963
f 10005 8843 8842
f 10006 8844 8843
f 10007 8845 8844
f 10008 8846 8845
f 10009 8847 8846
f 10011 8897 8848
f 10010 8848 8847
f 8849 10061 10012
f 10060 8946 8897
f 8898 10110 10061
f 10109 8995 8946
f 8947 10159 10110
f 10158 9044 8995
f 8996 10208 10159
f 10207 9093 9044
f 9045 10257 10208
f 10256 9142 9093
f 9094 10306 10257
f 10305 9191 9142
f 9143 10355 10306
f 10354 9240 9191
f 9192 10404 10355
f 10403 9289 9240
f 9241 10453 10404
f 10452 9338 9289
f 9290 10502 10453
f 10501 9387 9338
f 9339 10551 10502
f 10550 9436 9387
f 9388 10600 10551
f 10599 9485 9436
f 9437 10649 10600
f 10648 9534 9485
f 9486 10698 10649
f 9535 10699 10698
f 9536 10700 10699
f 9537 10701 10700
f 9538 10702 10701
f 9539 10703 10702
f 9540 10704 10703
f 9541 10705 10704
f 9542 10706 10705
f 9543 10707 10706
f 9544 10708 10707
f 9545 10709 10708
f 9546 10710 10709
f 9547 10711 10710
f 9548 10712 10711
f 9549 10713 10712
f 9550 10714 10713
f 9551 10715 10714
f 9552 10716 10715
f 9553 10717 10716
f 9554 10718 10717
f 9555 10719 10718
f 9556 10720 10719
f 9557 10721 10720
f 9558 10722 10721
f 9559 10723 10722
f 9560 10724 10723
f 9561 10725 10724
f 9562 10726 10725
f 9563 10727 10726
f 9564 10728 10727
f 9565 10729 10728
f 9566 10730 10729
f 9567 10731 10730
f 9568 10732 10731
f 9569 10733 10732
f 9570 10734 10733
f 9571 10735 10734
f 9572 10736 10735
f 9573 10737 10736
f 9574 10738 10737
f 9575 10739 10738
f 9576 10740 10739
f 9577 10741 10740
f 9578 10742 10741
f 9579 10743 10742
f 9580 10744 10743
f 9581 10745 10744
f 9582 10746 10745
f 10697 9583 9534
f 10748 10771 10770
f 10749 10772 10771
f 10750 10773 10772
f 10751 10774 10773
f 10752 10775 10774
f 10753 10776 10775
f 10754 10777 10776
f 10755 10778 10777
f 10756 10779 10778
f 10757 10780 10779
f 10758 10781 10780
f 10759 10782 10781
f 10760 10783 10782
f 10761 10784 10783
f 10762 10785 10784
f 10763 10786 10785
f 10764 10787 10786
f 10765 10788 10787
f 10766 10789 10788
f 10767 10790 10789
f 10768 10791 10790
f 10769 10792 10791
f 10771 10794 10793
f 10772 10795 10794
f 10773 10796 10795
f 10774 10797 10796
f 10775 10798 10797
f 10776 10799 10798
f 10777 10800 10799
f 10778 10801 10800
f 10779 10802 10801
f 10780 10803 10802
f 10781 10804 10803
f 10782 10805 10804
f 10783 10806 10805
f 10784 10807 10806
f 10785 10808 10807
f 10786 10809 10808
f 10787 10810 10809
f 10788 10811 10810
f 10789 10812 10811
f 10790 10813 10812
f 10791 10814 10813
f 10792 10815 10814
f 10794 10817 10816
f 10795 10818 10817
f 10796 10819 10818
f 10797 10820 10819
f 10798 10821 10820
f 10799 10822 10821
f 10800 10823 10822
f 10801 10824 10823
f 10802 10825 10824
f 10803 10826 10825
f 10804 10827 10826
f 10805 10828 10827
f 10806 10829 10828
f 10807 10830 10829
f 10808 10831 10830
f 10809 10832 10831
f 10810 10833 10832
f 10811 10834 10833
f 10812 10835 10834
f 10813 10836 10835
f 10814 10837 10836
f 10815 10838 10837
f 10817 10840 10839
f 10818 10841 10840
f 10819 10842 10841
f 10820 10843 10842
f 10821 10844 10843
f 10822 10845 10844
f 10823 10846 10845
f 10824 10847 10846
f 10825 10848 10847
f 10826 10849 10848
f 10827 10850 10849
f 10828 10851 10850
f 10829 10852 10851
f 10830 10853 10852
f 10831 10854 10853
f 10832 10855 10854
f 10833 10856 10855
f 10834 10857 10856
f 10835 10858 10857
f 10836 10859 10858
f 10837 10860 10859
f 10838 10861 10860
f 10840 10863 10862
f 10841 10864 10863
f 10842 10865 10864
f 10843 10866 10865
f 10844 10867 10866
f 10845 10868 10867
f 10846 10869 10868
f 10847 10870 10869
f 10848 10871 10870
f 10849 10872 10871
f 10850 10873 10872
f 10851 10874 10873
f 10852 10875 10874
f 10853 10876 10875
f 10854 10877 10876
f 10855 10878 10877
f 10856 10879 10878
f 10857 10880 10879
f 10858 10881 10880
f 10859 10882 10881
f 10860 10883 10882
f 10861 10884 10883
f 10863 10886 10885
f 10864 10887 10886
f 10865 10888 10887
f 10866 10889 10888
f 10867 10890 10889
f 10868 10891 10890
f 10869 10892 10891
f 10870 10893 10892
f 10871 10894 10893
f 10872 10895 10894
f 10873 10896 10895
f 10874 10897 10896
f 10875 10898 10897
f 10876 10899 10898
f 10877 10900 10899
f 10878 10901 10900
f 10879 10902 10901
f 10880 10903 10902
f 10881 10904 10903
f 10882 10905 10904
f 10883 10906 10905
f 10884 10907 10906
f 10886 10909 10908
f 10887 10910 10909
f 10888 10911 10910
f 10889 10912 10911
f 10890 10913 10912
f 10891 10914 10913
f 10892 10915 10914
f 10893 10916 10915
f 10894 10917 10916
f 10895 10918 10917
f 10896 10919 10918
f 10897 10920 10919
f 10898 10921 10920
f 10899 10922 10921
f 10900 10923 10922
f 10901 10924 10923
f 10902 10925 10924
f 10903 10926 10925
f 10904 10927 10926
f 10905 10928 10927
f 10906 10929 10928
f 10907 10930 10929
f 10909 10932 10931
f 10910 10933 10932
f 10911 10934 10933
f 10912 10935 10934
f 10913 10936 10935
f 10914 10937 10936
f 10915 10938 10937
f 10916 10939 10938
f 10917 10940 10939
f 10918 10941 10940
f 10919 10942 10941
f 10920 10943 10942
f 10921 10944 10943
f 10922 10945 10944
f 10923 10946 10945
f 10924 10947 10946
f 10925 10948 10947
f 10926 10949 10948
f 10927 10950 10949
f 10928 10951 10950
f 10929 10952 10951
f 10930 10953 10952
f 10932 10955 10954
f 10933 10956 10955
f 10934 10957 10956
f 10935 10958 10957
f 10936 10959 10958
f 10937 10960 10959
f 10938 10961 10960
f 10939 10962 10961
f 10940 10963 10962
f 10941 10964 10963
f 10942 10965 10964
f 10943 10966 10965
f 10944 10967 10966
f 10945 10968 10967
f 10946 10969 10968
f 10947 10970 10969
f 10948 10971 10970
f 10949 10972 10971
f 10950 10973 10972
f 10951 10974 10973
f 10952 10975 10974
f 10953 10976 10975
f 10955 10978 10977
f 10956 10979 10978
f 10957 10980 10979
f 10958 10981 10980
f 10959 10982 10981
f 10960 10983 10982
f 10961 10984 10983
f 10962 10985 10984
f 10963 10986 10985
f 10964 10987 10986
f 10965 10988 10987
f 10966 10989 10988
f 10967 10990 10989
f 10968 10991 10990
f 10969 10992 10991
f 10970 10993 10992
f 10971 10994 10993
f 10972 10995 10994
f 10973 10996 10995
f 10974 10997 10996
f 10975 10998 10997
f 10976 10999 10998
f 10978 11001 11000
f 10979 11002 11001
f 10980 11003 11002
f 10981 11004 11003
f 10982 11005 11004
f 10983 11006 11005
f 10984 11007 11006
f 10985 11008 11007
f 10986 11009 11008
f 10987 11010 11009
f 10988 11011 11010
f 10989 11012 11011
f 10990 11013 11012
f 10991 11014 11013
f 10992 11015 11014
f 10993 11016 11015
f 10994 11017 11016
f 10995 11018 11017
f 10996 11019 11018
f 10997 11020 11019
f 10998 11021 11020
f 10999 11022 11021
f 11001 11024 11023
f 11002 11025 11024
f 11003 11026 11025
f 11004 11027 11026
f 11005 11028 11027
f 11006 11029 11028
f 11007 11030 11029
f 11008 11031 11030
f 11009 11032 11031
f 11010 11033 11032
f 11011 11034 11033
f 11012 11035 11034
f 11013 11036 11035
f 11014 11037 11036
f 11015 11038 11037
f 11016 11039 11038
f 11017 11040 11039
f 11018 11041 11040
f 11019 11042 11041
f 11020 11043 11042
f 11021 11044 11043
f 11022 11045 11044
f 11024 11047 11046
f 11025 11048 11047
f 11026 11049 11048
f 11027 11050 11049
f 11028 11051 11050
f 11029 11052 11051
f 11030 11053 11052
f 11031 11054 11053
f 11032 11055 11054
f 11033 11056 11055
f 11034 11057 11056
f 11035 11058 11057
f 11036 11059 11058
f 11037 11060 11059
f 11038 11061 11060
f 11039 11062 11061
f 11040 11063 11062
f 11041 11064 11063
f 11042 11065 11064
f 11043 11066 11065
f 11044 11067 11066
f 11045 11068 11067
f 11047 11070 11069
f 11048 11071 11070
f 11049 11072 11071
f 11050 11073 11072
f 11051 11074 11073
f 11052 11075 11074
f 11053 11076 11075
f 11054 11077 11076
f 11055 11078 11077
f 11056 11079 11078
f 11057 11080 11079
f 11058 11081 11080
f 11059 11082 11081
f 11060 11083 11082
f 11061 11084 11083
f 11062 11085 11084
f 11063 11086 11085
f 11064 11087 11086
f 11065 11088 11087
f 11066 11089 11088
f 11067 11090 11089
f 11068 11091 11090
f 11070 11093 11092
f 11071 11094 11093
f 11072 11095 11094
f 11073 11096 11095
f 11074 11097 11096
f 11075 11098 11097
f 11076 11099 11098
f 11077 11100 11099
f 11078 11101 11100
f 11079 11102 11101
f 11080 11103 11102
f 11081 11104 11103
f 11082 11105 11104
f 11083 11106 11105
f 11084 11107 11106
f 11085 11108 11107
f 11086 11109 11108
f 11087 11110 11109
f 11088 11111 11110
f 11089 11112 11111
f 11090 11113 11112
f 11091 11114 11113
f 11093 11116 11115
f 11094 11117 11116
f 11095 11118 11117
f 11096 11119 11118
f 11097 11120 11119
f 11098 11121 11120
f 11099 11122 11121
f 11100 11123 11122
f 11101 11124 11123
f 11102 11125 11124
f 11103 11126 11125
f 11104 11127 11126
f 11105 11128 11127
f 11106 11129 11128
f 11107 11130 11129
f 11108 11131 11130
f 11109 11132 11131
f 11110 11133 11132
f 11111 11134 11133
f 11112 11135 11134
f 11113 11136 11135
f 11114 11137 11136
f 11116 11139 11138
f 11117 11140 11139
f 11118 11141 11140
f 11119 11142 11141
f 11120 11143 11142
f 11121 11144 11143
f 11122 11145 11144
f 11123 11146 11145
f 11124 11147 11146
f 11125 11148 11147
f 11126 11149 11148
f 11127 11150 11149
f 11128 11151 11150
f 11129 11152 11151
f 11130 11153 11152
f 11131 11154 11153
f 11132 11155 11154
f 11133 11156 11155
f 11134 11157 11156
f 11135 11158 11157
f 11136 11159 11158
f 11137 11160 11159
f 11139 11162 11161
f 11140 11163 11162
f 11141 11164 11163
f 11142 11165 11164
f 11143 11166 11165
f 11144 11167 11166
f 11145 11168 11167
f 11146 11169 11168
f 11147 11170 11169
f 11148 11171 11170
f 11149 11172 11171
f 11150 11173 11172
f 11151 11174 11173
f 11152 11175 11174
f 11153 11176 11175
f 11154 11177 11176
f 11155 11178 11177
f 11156 11179 11178
f 11157 11180 11179
f 11158 11181 11180
f 11159 11182 11181
f 11160 11183 11182
f 11162 11185 11184
f 11163 11186 11185
f 11164 11187 11186
f 11165 11188 11187
f 11166 11189 11188
f 11167 11190 11189
f 11168 11191 11190
f 11169 11192 11191
f 11170 11193 11192
f 11171 11194 11193
f 11172 11195 11194
f 11173 11196 11195
f 11174 11197 11196
f 11175 11198 11197
f 11176 11199 11198
f 11177 11200 11199
f 11178 11201 11200
f 11179 11202 11201
f 11180 11203 11202
f 11181 11204 11203
f 11182 11205 11204
f 11183 11206 11205
f 11185 11208 11207
f 11186 11209 11208
f 11187 11210 11209
f 11188 11211 11210
f 11189 11212 11211
f 11190 11213 11212
f 11191 11214 11213
f 11192 11215 11214
f 11193 11216 11215
f 11194 11217 11216
f 11195 11218 11217
f 11196 11219 11218
f 11197 11220 11219
f 11198 11221 11220
f 11199 11222 11221
f 11200 11223 11222
f 11201 11224 11223
f 11202 11225 11224
f 11203 11226 11225
f 11204 11227 11226
f 11205 11228 11227
f 11206 11229 11228
f 11208 11231 11230
f 11209 11232 11231
f 11210 11233 11232
f 11211 11234 11233
f 11212 11235 11234
f 11213 11236 11235
f 11214 11237 11236
f 11215 11238 11237
f 11216 11239 11238
f 11217 11240 11239
f 11218 11241 11240
f 11219 11242 11241
f 11220 11243 11242
f 11221 11244 11243
f 11222 11245 11244
f 11223 11246 11245
f 11224 11247 11246
f 11225 11248 11247
f 11226 11249 11248
f 11227 11250 11249
f 11228 11251 11250
f 11229 11252 11251
f 11231 11254 11253
f 11232 11255 11254
f 11233 11256 11255
f 11234 11257 11256
f 11235 11258 11257
f 11236 11259 11258
f 11237 11260 11259
f 11238 11261 11260
f 11239 11262 11261
f 11240 11263 11262
f 11241 11264 11263
f 11242 11265 11264
f 11243 11266 11265
f 11244 11267 11266
f 11245 11268 11267
f 11246 11269 11268
f 11247 11270 11269
f 11248 11271 11270
f 11249 11272 11271
f 11250 11273 11272
f 11251 11274 11273
f 11252 11275 11274
f 11254 11277 11276
f 11255 11278 11277
f 11256 11279 11278
f 11257 11280 11279
f 11258 11281 11280
f 11259 11282 11281
f 11260 11283 11282
f 11261 11284 11283
f 11262 11285 11284
f 11263 11286 11285
f 11264 11287 11286
f 11265 11288 11287
f 11266 11289 11288
f 11267 11290 11289
f 11268 11291 11290
f 11269 11292 11291
f 11270 11293 11292
f 11271 11294 11293
f 11272 11295 11294
f 11273 11296 11295
f 11274 11297 11296
f 11275 11298 11297
f 11277 11300 11299
f 11278 11301 11300
f 11279 11302 11301
f 11280 11303 11302
f 11281 11304 11303
f 11282 11305 11304
f 11283 11306 11305
f 11284 11307 11306
f 11285 11308 11307
f 11286 11309 11308
f 11287 11310 11309
f 11288 11311 11310
f 11289 11312 11311
f 11290 11313 11312
f 11291 11314 11313
f 11292 11315 11314
f 11293 11316 11315
f 11294 11317 11316
f 11295 11318 11317
f 11296 11319 11318
f 11297 11320 11319
f 11298 11321 11320
f 11300 11323 11322
f 11301 11324 11323
f 11302 11325 11324
f 11303 11326 11325
f 11304 11327 11326
f 11305 11328 11327
f 11306 11329 11328
f 11307 11330 11329
f 11308 11331 11330
f 11309 11332 11331
f 11310 11333 11332
f 11311 11334 11333
f 11312 11335 11334
f 11313 11336 11335
f 11314 11337 11336
f 11315 11338 11337
f 11316 11339 11338
f 11317 11340 11339
f 11318 11341 11340
f 11319 11342 11341
f 11320 11343 11342
f 11321 11344 11343
f 11323 11346 11345
f 11324 11347 11346
f 11325 11348 11347
f 11326 11349 11348
f 11327 11350 11349
f 11328 11351 11350
f 11329 11352 11351
f 11330 11353 11352
f 11331 11354 11353
f 11332 11355 11354
f 11333 11356 11355
f 11334 11357 11356
f 11335 11358 11357
f 11336 11359 11358
f 11337 11360 11359
f 11338 11361 11360
f 11339 11362 11361
f 11340 11363 11362
f 11341 11364 11363
f 11342 11365 11364
f 11343 11366 11365
f 11344 11367 11366
f 11346 11369 11368
f 11347 11370 11369
f 11348 11371 11370
f 11349 11372 11371
f 11350 11373 11372
f 11351 11374 11373
f 11352 11375 11374
f 11353 11376 11375
f 11354 11377 11376
f 11355 11378 11377
f 11356 11379 11378
f 11357 11380 11379
f 11358 11381 11380
f 11359 11382 11381
f 11360 11383 11382
f 11361 11384 11383
f 11362 11385 11384
f 11363 11386 11385
f 11364 11387 11386
f 11365 11388 11387
f 11366 11389 11388
f 11367 11390 11389
f 11369 11392 11391
f 11370 11393 11392
f 11371 11394 11393
f 11372 11395 11394
f 11373 11396 11395
f 11374 11397 11396
f 11375 11398 11397
f 11376 11399 11398
f 11377 11400 11399
f 11378 11401 11400
f 11379 11402 11401
f 11380 11403 11402
f 11381 11404 11403
f 11382 11405 11404
f 11383 11406 11405
f 11384 11407 11406
f 11385 11408 11407
f 11386 11409 11408
f 11387 11410 11409
f 11388 11411 11410
f 11389 11412 11411
f 11390 11413 11412
f 11392 11415 11414
f 11393 11416 11415
f 11394 11417 11416
f 11395 11418 11417
f 11396 11419 11418
f 11397 11420 11419
f 11398 11421 11420
f 11399 11422 11421
f 11400 11423 11422
f 11401 11424 11423
f 11402 11425 11424
f 11403 11426 11425
f 11404 11427 11426
f 11405 11428 11427
f 11406 11429 11428
f 11407 11430 11429
f 11408 11431 11430
f 11409 11432 11431
f 11410 11433 11432
f 11411 11434 11433
f 11412 11435 11434
f 11413 11436 11435
f 11415 11438 11437
f 11416 11439 11438
f 11417 11440 11439
f 11418 11441 11440
f 11419 11442 11441
f 11420 11443 11442
f 11421 11444 11443
f 11422 11445 11444
f 11423 11446 11445
f 11424 11447 11446
f 11425 11448 11447
f 11426 11449 11448
f 11427 11450 11449
f 11428 11451 11450
f 11429 11452 11451
f 11430 11453 11452
f 11431 11454 11453
f 11432 11455 11454
f 11433 11456 11455
f 11434 11457 11456
f 11435 11458 11457
f 11436 11459 11458
f 11438 11461 11460
f 11439 11462 11461
f 11440 11463 11462
f 11441 11464 11463
f 11442 11465 11464
f 11443 11466 11465
f 11444 11467 11466
f 11445 11468 11467
f 11446 11469 11468
f 11447 11470 11469
f 11448 11471 11470
f 11449 11472 11471
f 11450 11473 11472
f 11451 11474 11473
f 11452 11475 11474
f 11453 11476 11475
f 11454 11477 11476
f 11455 11478 11477
f 11456 11479 11478
f 11457 11480 11479
f 11458 11481 11480
f 11459 11482 11481
f 11461 11484 11483
f 11462 11485 11484
f 11463 11486 11485
f 11464 11487 11486
f 11465 11488 11487
f 11466 11489 11488
f 11467 11490 11489
f 11468 11491 11490
f 11469 11492 11491
f 11470 11493 11492
f 11471 11494 11493
f 11472 11495 11494
f 11473 11496 11495
f 11474 11497 11496
f 11475 11498 11497
f 11476 11499 11498
f 11477 11500 11499
f 11478 11501 11500
f 11479 11502 11501
f 11480 11503 11502
f 11481 11504 11503
f 11482 11505 11504
f 11484 11507 11506
f 11485 11508 11507
f 11486 11509 11508
f 11487 11510 11509
f 11488 11511 11510
f 11489 11512 11511
f 11490 11513 11512
f 11491 11514 11513
f 11492 11515 11514
f 11493 11516 11515
f 11494 11517 11516
f 11495 11518 11517
f 11496 11519 11518
f 11497 11520 11519
f 11498 11521 11520
f 11499 11522 11521
f 11500 11523 11522
f 11501 11524 11523
f 11502 11525 11524
f 11503 11526 11525
f 11504 11527 11526
f 11505 11528 11527
f 11507 11530 11529
f 11508 11531 11530
f 11509 11532 11531
f 11510 11533 11532
f 11511 11534 11533
f 11512 11535 11534
f 11513 11536 11535
f 11514 11537 11536
f 11515 11538 11537
f 11516 11539 11538
f 11517 11540 11539
f 11518 11541 11540
f 11519 11542 11541
f 11520 11543 11542
f 11521 11544 11543
f 11522 11545 11544
f 11523 11546 11545
f 11524 11547 11546
f 11525 11548 11547
f 11526 11549 11548
f 11527 11550 11549
f 11528 11551 11550
f 11530 11553 11552
f 11531 11554 11553
f 11532 11555 11554
f 11533 11556 11555
f 11534 11557 11556
f 11535 11558 11557
f 11536 11559 11558
f 11537 11560 11559
f 11538 11561 11560
f 11539 11562 11561
f 11540 11563 11562
f 11541 11564 11563
f 11542 11565 11564
f 11543 11566 11565
f 11544 11567 11566
f 11545 11568 11567
f 11546 11569 11568
f 11547 11570 11569
f 11548 11571 11570
f 11549 11572 11571
f 11550 11573 11572
f 11551 11574 11573
f 11553 11576 11575
f 11554 11577 11576
f 11555 11578 11577
f 11556 11579 11578
f 11557 11580 11579
f 11558 11581 11580
f 11559 11582 11581
f 11560 11583 11582
f 11561 11584 11583
f 11562 11585 11584
f 11563 11586 11585
f 11564 11587 11586
f 11565 11588 11587
f 11566 11589 11588
f 11567 11590 11589
f 11568 11591 11590
f 11569 11592 11591
f 11570 11593 11592
f 11571 11594 11593
f 11572 11595 11594
f 11573 11596 11595
f 11574 11597 11596
f 11576 11599 11598
f 11577 11600 11599
f 11578 11601 11600
f 11579 11602 11601
f 11580 11603 11602
f 11581 11604 11603
f 11582 11605 11604
f 11583 11606 11605
f 11584 11607 11606
f 11585 11608 11607
f 11586 11609 11608
f 11587 11610 11609
f 11588 11611 11610
f 11589 11612 11611
f 11590 11613 11612
f 11591 11614 11613
f 11592 11615 11614
f 11593 11616 11615
f 11594 11617 11616
f 11595 11618 11617
f 11596 11619 11618
f 11597 11620 11619
f 11599 11622 11621
f 11600 11623 11622
f 11601 11624 11623
f 11602 11625 11624
f 11603 11626 11625
f 11604 11627 11626
f 11605 11628 11627
f 11606 11629 11628
f 11607 11630 11629
f 11608 11631 11630
f 11609 11632 11631
f 11610 11633 11632
f 11611 11634 11633
f 11612 11635 11634
f 11613 11636 11635
f 11614 11637 11636
f 11615 11638 11637
f 11616 11639 11638
f 11617 11640 11639
f 11618 11641 11640
f 11619 11642 11641
f 11620 11643 11642
f 11644 11667 11668
f 11645 11668 11669
f 11646 11669 11670
f 11647 11670 11671
f 11648 11671 11672
f 11649 11672 11673
f 11650 11673 11674
f 11651 11674 11675
f 11652 11675 11676
f 11653 11676 11677
f 11654 11677 11678
f 11655 11678 11679
f 11656 11679 11680
f 11657 11680 11681
f 11658 11681 11682
f 11659 11682 11683
f 11660 11683 11684
f 11661 11684 11685
f 11662 11685 11686
f 11663 11686 11687
f 11664 11687 11688
f 11665 11688 11689
f 11667 11690 11691
f 11668 11691 11692
f 11669 11692 11693
f 11670 11693 11694
f 11671 11694 11695
f 11672 11695 11696
f 11673 11696 11697
f 11674 11697 11698
f 11675 11698 11699
f 11676 11699 11700
f 11677 11700 11701
f 11678 11701 11702
f 11679 11702 11703
f 11680 11703 11704
f 11681 11704 11705
f 11682 11705 11706
f 11683 11706 11707
f 11684 11707 11708
f 11685 11708 11709
f 11686 11709 11710
f 11687 11710 11711
f 11688 11711 11712
f 11690 11713 11714
f 11691 11714 11715
f 11692 11715 11716
f 11693 11716 11717
f 11694 11717 11718
f 11695 11718 11719
f 11696 11719 11720
f 11697 11720 11721
f 11698 11721 11722
f 11699 11722 11723
f 11700 11723 11724
f 11701 11724 11725
f 11702 11725 11726
f 11703 11726 11727
f 11704 11727 11728
f 11705 11728 11729
f 11706 11729 11730
f 11707 11730 11731
f 11708 11731 11732
f 11709 11732 11733
f 11710 11733 11734
f 11711 11734 11735
f 11713 11736 11737
f 11714 11737 11738
f 11715 11738 11739
f 11716 11739 11740
f 11717 11740 11741
f 11718 11741 11742
f 11719 11742 11743
f 11720 11743 11744
f 11721 11744 11745
f 11722 11745 11746
f 11723 11746 11747
f 11724 11747 11748
f 11725 11748 11749
f 11726 11749 11750
f 11727 11750 11751
f 11728 11751 11752
f 11729 11752 11753
f 11730 11753 11754
f 11731 11754 11755
f 11732 11755 11756
f 11733 11756 11757
f 11734 11757 11758
f 11736 11759 11760
f 11737 11760 11761
f 11738 11761 11762
f 11739 11762 11763
f 11740 11763 11764
f 11741 11764 11765
f 11742 11765 11766
f 11743 11766 11767
f 11744 11767 11768
f 11745 11768 11769
f 11746 11769 11770
f 11747 11770 11771
f 11748 11771 11772
f 11749 11772 11773
f 11750 11773 11774
f 11751 11774 11775
f 11752 11775 11776
f 11753 11776 11777
f 11754 11777 11778
f 11755 11778 11779
f 11756 11779 11780
f 11757 11780 11781
f 11759 11782 11783
f 11760 11783 11784
f 11761 11784 11785
f 11762 11785 11786
f 11763 11786 11787
f 11764 11787 11788
f 11765 11788 11789
f 11766 11789 11790
f 11767 11790 11791
f 11768 11791 11792
f 11769 11792 11793
f 11770 11793 11794
f 11771 11794 11795
f 11772 11795 11796
f 11773 11796 11797
f 11774 11797 11798
f 11775 11798 11799
f 11776 11799 11800
f 11777 11800 11801
f 11778 11801 11802
f 11779 11802 11803
f 11780 11803 11804
f 11782 11805 11806
f 11783 11806 11807
f 11784 11807 11808
f 11785 11808 11809
f 11786 11809 11810
f 11787 11810 11811
f 11788 11811 11812
f 11789 11812 11813
f 11790 11813 11814
f 11791 11814 11815
f 11792 11815 11816
f 11793 11816 11817
f 11794 11817 11818
f 11795 11818 11819
f 11796 11819 11820
f 11797 11820 11821
f 11798 11821 11822
f 11799 11822 11823
f 11800 11823 11824
f 11801 11824 11825
f 11802 11825 11826
f 11803 11826 11827
f 11805 11828 11829
f 11806 11829 11830
f 11807 11830 11831
f 11808 11831 11832
f 11809 11832 11833
f 11810 11833 11834
f 11811 11834 11835
f 11812 11835 11836
f 11813 11836 11837
f 11814 11837 11838
f 11815 11838 11839
f 11816 11839 11840
f 11817 11840 11841
f 11818 11841 11842
f 11819 11842 11843
f 11820 11843 11844
f 11821 11844 11845
f 11822 11845 11846
f 11823 11846 11847
f 11824 11847 11848
f 11825 11848 11849
f 11826 11849 11850
f 11828 11851 11852
f 11829 11852 11853
f 11830 11853 11854
f 11831 11854 11855
f 11832 11855 11856
f 11833 11856 11857
f 11834 11857 11858
f 11835 11858 11859
f 11836 11859 11860
f 11837 11860 11861
f 11838 11861 11862
f 11839 11862 11863
f 11840 11863 11864
f 11841 11864 11865
f 11842 11865 11866
f 11843 11866 11867
f 11844 11867 11868
f 11845 11868 11869
f 11846 11869 11870
f 11847 11870 11871
f 11848 11871 11872
f 11849 11872 11873
f 11851 11874 11875
f 11852 11875 11876
f 11853 11876 11877
f 11854 11877 11878
f 11855 11878 11879
f 11856 11879 11880
f 11857 11880 11881
f 11858 11881 11882
f 11859 11882 11883
f 11860 11883 11884
f 11861 11884 11885
f 11862 11885 11886
f 11863 11886 11887
f 11864 11887 11888
f 11865 11888 11889
f 11866 11889 11890
f 11867 11890 11891
f 11868 11891 11892
f 11869 11892 11893
f 11870 11893 11894
f 11871 11894 11895
f 11872 11895 11896
f 11874 11897 11898
f 11875 11898 11899
f 11876 11899 11900
f 11877 11900 11901
f 11878 11901 11902
f 11879 11902 11903
f 11880 11903 11904
f 11881 11904 11905
f 11882 11905 11906
f 11883 11906 11907
f 11884 11907 11908
f 11885 11908 11909
f 11886 11909 11910
f 11887 11910 11911
f 11888 11911 11912
f 11889 11912 11913
f 11890 11913 11914
f 11891 11914 11915
f 11892 11915 11916
f 11893 11916 11917
f 11894 11917 11918
f 11895 11918 11919
f 11897 11920 11921
f 11898 11921 11922
f 11899 11922 11923
f 11900 11923 11924
f 11901 11924 11925
f 11902 11925 11926
f 11903 11926 11927
f 11904 11927 11928
f 11905 11928 11929
f 11906 11929 11930
f 11907 11930 11931
f 11908 11931 11932
f 11909 11932 11933
f 11910 11933 11934
f 11911 11934 11935
f 11912 11935 11936
f 11913 11936 11937
f 11914 11937 11938
f 11915 11938 11939
f 11916 11939 11940
f 11917 11940 11941
f 11918 11941 11942
f 11920 11943 11944
f 11921 11944 11945
f 11922 11945 11946
f 11923 11946 11947
f 11924 11947 11948
f 11925 11948 11949
f 11926 11949 11950
f 11927 11950 11951
f 11928 11951 11952
f 11929 11952 11953
f 11930 11953 11954
f 11931 11954 11955
f 11932 11955 11956
f 11933 11956 11957
f 11934 11957 11958
f 11935 11958 11959
f 11936 11959 11960
f 11937 11960 11961
f 11938 11961 11962
f 11939 11962 11963
f 11940 11963 11964
f 11941 11964 11965
f 11943 11966 11967
f 11944 11967 11968
f 11945 11968 11969
f 11946 11969 11970
f 11947 11970 11971
f 11948 11971 11972
f 11949 11972 11973
f 11950 11973 11974
f 11951 11974 11975
f 11952 11975 11976
f 11953 11976 11977
f 11954 11977 11978
f 11955 11978 11979
f 11956 11979 11980
f 11957 11980 11981
f 11958 11981 11982
f 11959 11982 11983
f 11960 11983 11984
f 11961 11984 11985
f 11962 11985 11986
f 11963 11986 11987
f 11964 11987 11988
f 11966 11989 11990
f 11967 11990 11991
f 11968 11991 11992
f 11969 11992 11993
f 11970 11993 11994
f 11971 11994 11995
f 11972 11995 11996
f 11973 11996 11997
f 11974 11997 11998
f 11975 11998 11999
f 11976 11999 12000
f 11977 12000 12001
f 11978 12001 12002
f 11979 12002 12003
f 11980 12003 12004
f 11981 12004 12005
f 11982 12005 12006
f 11983 12006 12007
f 11984 12007 12008
f 11985 12008 12009
f 11986 12009 12010
f 11987 12010 12011
f 11989 12012 12013
f 11990 12013 12014
f 11991 12014 12015
f 11992 12015 12016
f 11993 12016 12017
f 11994 12017 12018
f 11995 12018 12019
f 11996 12019 12020
f 11997 12020 12021
f 11998 12021 12022
f 11999 12022 12023
f 12000 12023 12024
f 12001 12024 12025
f 12002 12025 12026
f 12003 12026 12027
f 12004 12027 12028
f 12005 12028 12029
f 12006 12029 12030
f 12007 12030 12031
f 12008 12031 12032
f 12009 12032 12033
f 12010 12033 12034
f 12012 12035 12036
f 12013 12036 12037
f 12014 12037 12038
f 12015 12038 12039
f 12016 12039 12040
f 12017 12040 12041
f 12018 12041 12042
f 12019 12042 12043
f 12020 12043 12044
f 12021 12044 12045
f 12022 12045 12046
f 12023 12046 12047
f 12024 12047 12048
f 12025 12048 12049
f 12026 12049 12050
f 12027 12050 12051
f 12028 12051 12052
f 12029 12052 12053
f 12030 12053 12054
f 12031 12054 12055
f 12032 12055 12056
f 12033 12056 12057
f 12035 12058 12059
f 12036 12059 12060
f 12037 12060 12061
f 12038 12061 12062
f 12039 12062 12063
f 12040 12063 12064
f 12041 12064 12065
f 12042 12065 12066
f 12043 12066 12067
f 12044 12067 12068
f 12045 12068 12069
f 12046 12069 12070
f 12047 12070 12071
f 12048 12071 12072
f 12049 12072 12073
f 12050 12073 12074
f 12051 12074 12075
f 12052 12075 12076
f 12053 12076 12077
f 12054 12077 12078
f 12055 12078 12079
f 12056 12079 12080
f 12058 12081 12082
f 12059 12082 12083
f 12060 12083 12084
f 12061 12084 12085
f 12062 12085 12086
f 12063 12086 12087
f 12064 12087 12088
f 12065 12088 12089
f 12066 12089 12090
f 12067 12090 12091
f 12068 12091 12092
f 12069 12092 12093
f 12070 12093 12094
f 12071 12094 12095
f 12072 12095 12096
f 12073 12096 12097
f 12074 12097 12098
f 12075 12098 12099
f 12076 12099 12100
f 12077 12100 12101
f 12078 12101 12102
f 12079 12102 12103
f 12081 12104 12105
f 12082 12105 12106
f 12083 12106 12107
f 12084 12107 12108
f 12085 12108 12109
f 12086 12109 12110
f 12087 12110 12111
f 12088 12111 12112
f 12089 12112 12113
f 12090 12113 12114
f 12091 12114 12115
f 12092 12115 12116
f 12093 12116 12117
f 12094 12117 12118
f 12095 12118 12119
f 12096 12119 12120
f 12097 12120 12121
f 12098 12121 12122
f 12099 12122 12123
f 12100 12123 12124
f 12101 12124 12125
f 12102 12125 12126
f 12104 12127 12128
f 12105 12128 12129
f 12106 12129 12130
f 12107 12130 12131
f 12108 12131 12132
f 12109 12132 12133
f 12110 12133 12134
f 12111 12134 12135
f 12112 12135 12136
f 12113 12136 12137
f 12114 12137 12138
f 12115 12138 12139
f 12116 12139 12140
f 12117 12140 12141
f 12118 12141 12142
f 12119 12142 12143
f 12120 12143 12144
f 12121 12144 12145
f 12122 12145 12146
f 12123 12146 12147
f 12124 12147 12148
f 12125 12148 12149
f 12127 12150 12151
f 12128 12151 12152
f 12129 12152 12153
f 12130 12153 12154
f 12131 12154 12155
f 12132 12155 12156
f 12133 12156 12157
f 12134 12157 12158
f 12135 12158 12159
f 12136 12159 12160
f 12137 12160 12161
f 12138 12161 12162
f 12139 12162 12163
f 12140 12163 12164
f 12141 12164 12165
f 12142 12165 12166
f 12143 12166 12167
f 12144 12167 12168
f 12145 12168 12169
f 12146 12169 12170
f 12147 12170 12171
f 12148 12171 12172
f 12150 12173 12174
f 12151 12174 12175
f 12152 12175 12176
f 12153 12176 12177
f 12154 12177 12178
f 12155 12178 12179
f 12156 12179 12180
f 12157 12180 12181
f 12158 12181 12182
f 12159 12182 12183
f 12160 12183 12184
f 12161 12184 12185
f 12162 12185 12186
f 12163 12186 12187
f 12164 12187 12188
f 12165 12188 12189
f 12166 12189 12190
f 12167 12190 12191
f 12168 12191 12192
f 12169 12192 12193
f 12170 12193 12194
f 12171 12194 12195
f 12173 12196 12197
f 12174 12197 12198
f 12175 12198 12199
f 12176 12199 12200
f 12177 12200 12201
f 12178 12201 12202
f 12179 12202 12203
f 12180 12203 12204
f 12181 12204 12205
f 12182 12205 12206
f 12183 12206 12207
f 12184 12207 12208
f 12185 12208 12209
f 12186 12209 12210
f 12187 12210 12211
f 12188 12211 12212
f 12189 12212 12213
f 12190 12213 12214
f 12191 12214 12215
f 12192 12215 12216
f 12193 12216 12217
f 12194 12217 12218
f 12196 12219 12220
f 12197 12220 12221
f 12198 12221 12222
f 12199 12222 12223
f 12200 12223 12224
f 12201 12224 12225
f 12202 12225 12226
f 12203 12226 12227
f 12204 12227 12228
f 12205 12228 12229
f 12206 12229 12230
f 12207 12230 12231
f 12208 12231 12232
f 12209 12232 12233
f 12210 12233 12234
f 12211 12234 12235
f 12212 12235 12236
f 12213 12236 12237
f 12214 12237 12238
f 12215 12238 12239
f 12216 12239 12240
f 12217 12240 12241
f 12219 12242 12243
f 12220 12243 12244
f 12221 12244 12245
f 12222 12245 12246
f 12223 12246 12247
f 12224 12247 12248
f 12225 12248 12249
f 12226 12249 12250
f 12227 12250 12251
f 12228 12251 12252
f 12229 12252 12253
f 12230 12253 12254
f 12231 12254 12255
f 12232 12255 12256
f 12233 12256 12257
f 12234 12257 12258
f 12235 12258 12259
f 12236 12259 12260
f 12237 12260 12261
f 12238 12261 12262
f 12239 12262 12263
f 12240 12263 12264
f 12242 12265 12266
f 12243 12266 12267
f 12244 12267 12268
f 12245 12268 12269
f 12246 12269 12270
f 12247 12270 12271
f 12248 12271 12272
f 12249 12272 12273
f 12250 12273 12274
f 12251 12274 12275
f 12252 12275 12276
f 12253 12276 12277
f 12254 12277 12278
f 12255 12278 12279
f 12256 12279 12280
f 12257 12280 12281
f 12258 12281 12282
f 12259 12282 12283
f 12260 12283 12284
f 12261 12284 12285
f 12262 12285 12286
f 12263 12286 12287
f 12265 12288 12289
f 12266 12289 12290
f 12267 12290 12291
f 12268 12291 12292
f 12269 12292 12293
f 12270 12293 12294
f 12271 12294 12295
f 12272 12295 12296
f 12273 12296 12297
f 12274 12297 12298
f 12275 12298 12299
f 12276 12299 12300
f 12277 12300 12301
f 12278 12301 12302
f 12279 12302 12303
f 12280 12303 12304
f 12281 12304 12305
f 12282 12305 12306
f 12283 12306 12307
f 12284 12307 12308
f 12285 12308 12309
f 12286 12309 12310
f 12288 12311 12312
f 12289 12312 12313
f 12290 12313 12314
f 12291 12314 12315
f 12292 12315 12316
f 12293 12316 12317
f 12294 12317 12318
f 12295 12318 12319
f 12296 12319 12320
f 12297 12320 12321
f 12298 12321 12322
f 12299 12322 12323
f 12300 12323 12324
f 12301 12324 12325
f 12302 12325 12326
f 12303 12326 12327
f 12304 12327 12328
f 12305 12328 12329
f 12306 12329 12330
f 12307 12330 12331
f 12308 12331 12332
f 12309 12332 12333
f 12311 12334 12335
f 12312 12335 12336
f 12313 12336 12337
f 12314 12337 12338
f 12315 12338 12339
f 12316 12339 12340
f 12317 12340 12341
f 12318 12341 12342
f 12319 12342 12343
f 12320 12343 12344
f 12321 12344 12345
f 12322 12345 12346
f 12323 12346 12347
f 12324 12347 12348
f 12325 12348 12349
f 12326 12349 12350
f 12327 12350 12351
f 12328 12351 12352
f 12329 12352 12353
f 12330 12353 12354
f 12331 12354 12355
f 12332 12355 12356
f 12334 12357 12358
f 12335 12358 12359
f 12336 12359 12360
f 12337 12360 12361
f 12338 12361 12362
f 12339 12362 12363
f 12340 12363 12364
f 12341 12364 12365
f 12342 12365 12366
f 12343 12366 12367
f 12344 12367 12368
f 12345 12368 12369
f 12346 12369 12370
f 12347 12370 12371
f 12348 12371 12372
f 12349 12372 12373
f 12350 12373 12374
f 12351 12374 12375
f 12352 12375 12376
f 12353 12376 12377
f 12354 12377 12378
f 12355 12378 12379
f 12357 12380 12381
f 12358 12381 12382
f 12359 12382 12383
f 12360 12383 12384
f 12361 12384 12385
f 12362 12385 12386
f 12363 12386 12387
f 12364 12387 12388
f 12365 12388 12389
f 12366 12389 12390
f 12367 12390 12391
f 12368 12391 12392
f 12369 12392 12393
f 12370 12393 12394
f 12371 12394 12395
f 12372 12395 12396
f 12373 12396 12397
f 12374 12397 12398
f 12375 12398 12399
f 12376 12399 12400
f 12377 12400 12401
f 12378 12401 12402
f 12380 12403 12404
f 12381 12404 12405
f 12382 12405 12406
f 12383 12406 12407
f 12384 12407 12408
f 12385 12408 12409
f 12386 12409 12410
f 12387 12410 12411
f 12388 12411 12412
f 12389 12412 12413
f 12390 12413 12414
f 12391 12414 12415
f 12392 12415 12416
f 12393 12416 12417
f 12394 12417 12418
f 12395 12418 12419
f 12396 12419 12420
f 12397 12420 12421
f 12398 12421 12422
f 12399 12422 12423
f 12400 12423 12424
f 12401 12424 12425
f 12403 12426 12427
f 12404 12427 12428
f 12405 12428 12429
f 12406 12429 12430
f 12407 12430 12431
f 12408 12431 12432
f 12409 12432 12433
f 12410 12433 12434
f 12411 12434 12435
f 12412 12435 12436
f 12413 12436 12437
f 12414 12437 12438
f 12415 12438 12439
f 12416 12439 12440
f 12417 12440 12441
f 12418 12441 12442
f 12419 12442 12443
f 12420 12443 12444
f 12421 12444 12445
f 12422 12445 12446
f 12423 12446 12447
f 12424 12447 12448
f 12426 12449 12450
f 12427 12450 12451
f 12428 12451 12452
f 12429 12452 12453
f 12430 12453 12454
f 12431 12454 12455
f 12432 12455 12456
f 12433 12456 12457
f 12434 12457 12458
f 12435 12458 12459
f 12436 12459 12460
f 12437 12460 12461
f 12438 12461 12462
f 12439 12462 12463
f 12440 12463 12464
f 12441 12464 12465
f 12442 12465 12466
f 12443 12466 12467
f 12444 12467 12468
f 12445 12468 12469
f 12446 12469 12470
f 12447 12470 12471
f 12449 12472 12473
f 12450 12473 12474
f 12451 12474 12475
f 12452 12475 12476
f 12453 12476 12477
f 12454 12477 12478
f 12455 12478 12479
f 12456 12479 12480
f 12457 12480 12481
f 12458 12481 12482
f 12459 12482 12483
f 12460 12483 12484
f 12461 12484 12485
f 12462 12485 12486
f 12463 12486 12487
f 12464 12487 12488
f 12465 12488 12489
f 12466 12489 12490
f 12467 12490 12491
f 12468 12491 12492
f 12469 12492 12493
f 12470 12493 12494
f 12472 12495 12496
f 12473 12496 12497
f 12474 12497 12498
f 12475 12498 12499
f 12476 12499 12500
f 12477 12500 12501
f 12478 12501 12502
f 12479 12502 12503
f 12480 12503 12504
f 12481 12504 12505
f 12482 12505 12506
f 12483 12506 12507
f 12484 12507 12508
f 12485 12508 12509
f 12486 12509 12510
f 12487 12510 12511
f 12488 12511 12512
f 12489 12512 12513
f 12490 12513 12514
f 12491 12514 12515
f 12492 12515 12516
f 12493 12516 12517
f 12495 12518 12519
f 12496 12519 12520
f 12497 12520 12521
f 12498 12521 12522
f 12499 12522 12523
f 12500 12523 12524
f 12501 12524 12525
f 12502 12525 12526
f 12503 12526 12527
f 12504 12527 12528
f 12505 12528 12529
f 12506 12529 12530
f 12507 12530 12531
f 12508 12531 12532
f 12509 12532 12533
f 12510 12533 12534
f 12511 12534 12535
f 12512 12535 12536
f 12513 12536 12537
f 12514 12537 12538
f 12515 12538 12539
f 12516 12539 12540
f 10747 10770 11667
f 11644 11645 10748
f 11645 11646 10749
f 11646 11647 10750
f 11647 11648 10751
f 11648 11649 10752
f 11649 11650 10753
f 11650 11651 10754
f 11651 11652 10755
f 11652 11653 10756
f 11653 11654 10757
f 11654 11655 10758
f 11655 11656 10759
f 11656 11657 10760
f 11657 11658 10761
f 11658 11659 10762
f 11659 11660 10763
f 11660 11661 10764
f 11661 11662 10765
f 11662 11663 10766
f 11663 11664 10767
f 11664 11665 10768
f 11666 11689 10792
f 11665 11666 10769
f 10770 10793 11690
f 11689 11712 10815
f 10793 10816 11713
f 11712 11735 10838
f 10816 10839 11736
f 11735 11758 10861
f 10839 10862 11759
f 11758 11781 10884
f 10862 10885 11782
f 11781 11804 10907
f 10885 10908 11805
f 11804 11827 10930
f 10908 10931 11828
f 11827 11850 10953
f 10931 10954 11851
f 11850 11873 10976
f 10954 10977 11874
f 11873 11896 10999
f 10977 11000 11897
f 11896 11919 11022
f 11000 11023 11920
f 11919 11942 11045
f 11023 11046 11943
f 11942 11965 11068
f 11046 11069 11966
f 11965 11988 11091
f 11069 11092 11989
f 11988 12011 11114
f 11092 11115 12012
f 12011 12034 11137
f 11115 11138 12035
f 12034 12057 11160
f 11138 11161 12058
f 12057 12080 11183
f 11161 11184 12081
f 12080 12103 11206
f 11184 11207 12104
f 12103 12126 11229
f 11207 11230 12127
f 12126 12149 11252
f 11230 11253 12150
f 12149 12172 11275
f 11253 11276 12173
f 12172 12195 11298
f 11276 11299 12196
f 12195 12218 11321
f 11299 11322 12219
f 12218 12241 11344
f 11322 11345 12242
f 12241 12264 11367
f 11345 11368 12265
f 12264 12287 11390
f 11368 11391 12288
f 12287 12310 11413
f 11391 11414 12311
f 12310 12333 11436
f 11414 11437 12334
f 12333 12356 11459
f 11437 11460 12357
f 12356 12379 11482
f 11460 11483 12380
f 12379 12402 11505
f 11483 11506 12403
f 12402 12425 11528
f 11506 11529 12426
f 12425 12448 11551
f 11529 11552 12449
f 12448 12471 11574
f 11552 11575 12472
f 12471 12494 11597
f 11575 11598 12495
f 12494 12517 11620
f 11598 11621 12518
f 11621 11622 12519
f 11622 11623 12520
f 11623 11624 12521
f 11624 11625 12522
f 11625 11626 12523
f 11626 11627 12524
f 11627 11628 12525
f 11628 11629 12526
f 11629 11630 12527
f 11630 11631 12528
f 11631 11632 12529
f 11632 11633 12530
f 11633 11634 12531
f 11634 11635 12532
f 11635 11636 12533
f 11636 11637 12534
f 11637 11638 12535
f 11638 11639 12536
f 11639 11640 12537
f 11640 11641 12538
f 11641 11642 12539
f 11642 11643 12540
f 12517 12540 11643
f 10748 10770 10747
f 10749 10771 10748
f 10750 10772 10749
f 10751 10773 10750
f 10752 10774 10751
f 10753 10775 10752
f 10754 10776 10753
f 10755 10777 10754
f 10756 10778 10755
f 10757 10779 10756
f 10758 10780 10757
f 10759 10781 10758
f 10760 10782 10759
f 10761 10783 10760
f 10762 10784 10761
f 10763 10785 10762
f 10764 10786 10763
f 10765 10787 10764
f 10766 10788 10765
f 10767 10789 10766
f 10768 10790 10767
f 10769 10791 10768
f 10771 10793 10770
f 10772 10794 10771
f 10773 10795 10772
f 10774 10796 10773
f 10775 10797 10774
f 10776 10798 10775
f 10777 10799 10776
f 10778 10800 10777
f 10779 10801 10778
f 10780 10802 10779
f 10781 10803 10780
f 10782 10804 10781
f 10783 10805 10782
f 10784 10806 10783
f 10785 10807 10784
f 10786 10808 10785
f 10787 10809 10786
f 10788 10810 10787
f 10789 10811 10788
f 10790 10812 10789
f 10791 10813 10790
f 10792 10814 10791
f 10794 10816 10793
f 10795 10817 10794
f 10796 10818 10795
f 10797 10819 10796
f 10798 10820 10797
f 10799 10821 10798
f 10800 10822 10799
f 10801 10823 10800
f 10802 10824 10801
f 10803 10825 10802
f 10804 10826 10803
f 10805 10827 10804
f 10806 10828 10805
f 10807 10829 10806
f 10808 10830 10807
f 10809 10831 10808
f 10810 10832 10809
f 10811 10833 10810
f 10812 10834 10811
f 10813 10835 10812
f 10814 10836 10813
f 10815 10837 10814
f 10817 10839 10816
f 10818 10840 10817
f 10819 10841 10818
f 10820 10842 10819
f 10821 10843 10820
f 10822 10844 10821
f 10823 10845 10822
f 10824 10846 10823
f 10825 10847 10824
f 10826 10848 10825
f 10827 10849 10826
f 10828 10850 10827
f 10829 10851 10828
f 10830 10852 10829
f 10831 10853 10830
f 10832 10854 10831
f 10833 10855 10832
f 10834 10856 10833
f 10835 10857 10834
f 10836 10858 10835
f 10837 10859 10836
f 10838 10860 10837
f 10840 10862 10839
f 10841 10863 10840
f 10842 10864 10841
f 10843 10865 10842
f 10844 10866 10843
f 10845 10867 10844
f 10846 10868 10845
f 10847 10869 10846
f 10848 10870 10847
f 10849 10871 10848
f 10850 10872 10849
f 10851 10873 10850
f 10852 10874 10851
f 10853 10875 10852
f 10854 10876 10853
f 10855 10877 10854
f 10856 10878 10855
f 10857 10879 10856
f 10858 10880 10857
f 10859 10881 10858
f 10860 10882 10859
f 10861 10883 10860
f 10863 10885 10862
f 10864 10886 10863
f 10865 10887 10864
f 10866 10888 10865
f 10867 10889 10866
f 10868 10890 10867
f 10869 10891 10868
f 10870 10892 10869
f 10871 10893 10870
f 10872 10894 10871
f 10873 10895 10872
f 10874 10896 10873
f 10875 10897 10874
f 10876 10898 10875
f 10877 10899 10876
f 10878 10900 10877
f 10879 10901 10878
f 10880 10902 10879
f 10881 10903 10880
f 10882 10904 10881
f 10883 10905 10882
f 10884 10906 10883
f 10886 10908 10885
f 10887 10909 10886
f 10888 10910 10887
f 10889 10911 10888
f 10890 10912 10889
f 10891 10913 10890
f 10892 10914 10891
f 10893 10915 10892
f 10894 10916 10893
f 10895 10917 10894
f 10896 10918 10895
f 10897 10919 10896
f 10898 10920 10897
f 10899 10921 10898
f 10900 10922 10899
f 10901 10923 10900
f 10902 10924 10901
f 10903 10925 10902
f 10904 10926 10903
f 10905 10927 10904
f 10906 10928 10905
f 10907 10929 10906
f 10909 10931 10908
f 10910 10932 10909
f 10911 10933 10910
f 10912 10934 10911
f 10913 10935 10912
f 10914 10936 10913
f 10915 10937 10914
f 10916 10938 10915
f 10917 10939 10916
f 10918 10940 10917
f 10919 10941 10918
f 10920 10942 10919
f 10921 10943 10920
f 10922 10944 10921
f 10923 10945 10922
f 10924 10946 10923
f 10925 10947 10924
f 10926 10948 10925
f 10927 10949 10926
f 10928 10950 10927
f 10929 10951 10928
f 10930 10952 10929
f 10932 10954 10931
f 10933 10955 10932
f 10934 10956 10933
f 10935 10957 10934
f 10936 10958 10935
f 10937 10959 10936
f 10938 10960 10937
f 10939 10961 10938
f 10940 10962 10939
f 10941 10963 10940
f 10942 10964 10941
f 10943 10965 10942
f 10944 10966 10943
f 10945 10967 10944
f 10946 10968 10945
f 10947 10969 10946
f 10948 10970 10947
f 10949 10971 10948
f 10950 10972 10949
f 10951 10973 10950
f 10952 10974 10951
f 10953 10975 10952
f 10955 10977 10954
f 10956 10978 10955
f 10957 10979 10956
f 10958 10980 10957
f 10959 10981 10958
f 10960 10982 10959
f 10961 10983 10960
f 10962 10984 10961
f 10963 10985 10962
f 10964 10986 10963
f 10965 10987 10964
f 10966 10988 10965
f 10967 10989 10966
f 10968 10990 10967
f 10969 10991 10968
f 10970 10992 10969
f 10971 10993 10970
f 10972 10994 10971
f 10973 10995 10972
f 10974 10996 10973
f 10975 10997 10974
f 10976 10998 10975
f 10978 11000 10977
f 10979 11001 10978
f 10980 11002 10979
f 10981 11003 10980
f 10982 11004 10981
f 10983 11005 10982
f 10984 11006 10983
f 10985 11007 10984
f 10986 11008 10985
f 10987 11009 10986
f 10988 11010 10987
f 10989 11011 10988
f 10990 11012 10989
f 10991 11013 10990
f 10992 11014 10991
f 10993 11015 10992
f 10994 11016 10993
f 10995 11017 10994
f 10996 11018 10995
f 10997 11019 10996
f 10998 11020 10997
f 10999 11021 10998
f 11001 11023 11000
f 11002 11024 11001
f 11003 11025 11002
f 11004 11026 11003
f 11005 11027 11004
f 11006 11028 11005
f 11007 11029 11006
f 11008 11030 11007
f 11009 11031 11008
f 11010 11032 11009
f 11011 11033 11010
f 11012 11034 11011
f 11013 11035 11012
f 11014 11036 11013
f 11015 11037 11014
f 11016 11038 11015
f 11017 11039 11016
f 11018 11040 11017
f 11019 11041 11018
f 11020 11042 11019
f 11021 11043 11020
f 11022 11044 11021
f 11024 11046 11023
f 11025 11047 11024
f 11026 11048 11025
f 11027 11049 11026
f 11028 11050 11027
f 11029 11051 11028
f 11030 11052 11029
f 11031 11053 11030
f 11032 11054 11031
f 11033 11055 11032
f 11034 11056 11033
f 11035 11057 11034
f 11036 11058 11035
f 11037 11059 11036
f 11038 11060 11037
f 11039 11061 11038
f 11040 11062 11039
f 11041 11063 11040
f 11042 11064 11041
f 11043 11065 11042
f 11044 11066 11043
f 11045 11067 11044
f 11047 11069 11046
f 11048 11070 11047
f 11049 11071 11048
f 11050 11072 11049
f 11051 11073 11050
f 11052 11074 11051
f 11053 11075 11052
f 11054 11076 11053
f 11055 11077 11054
f 11056 11078 11055
f 11057 11079 11056
f 11058 11080 11057
f 11059 11081 11058
f 11060 11082 11059
f 11061 11083 11060
f 11062 11084 11061
f 11063 11085 11062
f 11064 11086 11063
f 11065 11087 11064
f 11066 11088 11065
f 11067 11089 11066
f 11068 11090 11067
f 11070 11092 11069
f 11071 11093 11070
f 11072 11094 11071
f 11073 11095 11072
f 11074 11096 11073
f 11075 11097 11074
f 11076 11098 11075
f 11077 11099 11076
f 11078 11100 11077
f 11079 11101 11078
f 11080 11102 11079
f 11081 11103 11080
f 11082 11104 11081
f 11083 11105 11082
f 11084 11106 11083
f 11085 11107 11084
f 11086 11108 11085
f 11087 11109 11086
f 11088 11110 11087
f 11089 11111 11088
f 11090 11112 11089
f 11091 11113 11090
f 11093 11115 11092
f 11094 11116 11093
f 11095 11117 11094
f 11096 11118 11095
f 11097 11119 11096
f 11098 11120 11097
f 11099 11121 11098
f 11100 11122 11099
f 11101 11123 11100
f 11102 11124 11101
f 11103 11125 11102
f 11104 11126 11103
f 11105 11127 11104
f 11106 11128 11105
f 11107 11129 11106
f 11108 11130 11107
f 11109 11131 11108
f 11110 11132 11109
f 11111 11133 11110
f 11112 11134 11111
f 11113 11135 11112
f 11114 11136 11113
f 11116 11138 11115
f 11117 11139 11116
f 11118 11140 11117
f 11119 11141 11118
f 11120 11142 11119
f 11121 11143 11120
f 11122 11144 11121
f 11123 11145 11122
f 11124 11146 11123
f 11125 11147 11124
f 11126 11148 11125
f 11127 11149 11126
f 11128 11150 11127
f 11129 11151 11128
f 11130 11152 11129
f 11131 11153 11130
f 11132 11154 11131
f 11133 11155 11132
f 11134 11156 11133
f 11135 11157 11134
f 11136 11158 11135
f 11137 11159 11136
f 11139 11161 11138
f 11140 11162 11139
f 11141 11163 11140
f 11142 11164 11141
f 11143 11165 11142
f 11144 11166 11143
f 11145 11167 11144
f 11146 11168 11145
f 11147 11169 11146
f 11148 11170 11147
f 11149 11171 11148
f 11150 11172 11149
f 11151 11173 11150
f 11152 11174 11151
f 11153 11175 11152
f 11154 11176 11153
f 11155 11177 11154
f 11156 11178 11155
f 11157 11179 11156
f 11158 11180 11157
f 11159 11181 11158
f 11160 11182 11159
f 11162 11184 11161
f 11163 11185 11162
f 11164 11186 11163
f 11165 11187 11164
f 11166 11188 11165
f 11167 11189 11166
f 11168 11190 11167
f 11169 11191 11168
f 11170 11192 11169
f 11171 11193 11170
f 11172 11194 11171
f 11173 11195 11172
f 11174 11196 11173
f 11175 11197 11174
f 11176 11198 11175
f 11177 11199 11176
f 11178 11200 11177
f 11179 11201 11178
f 11180 11202 11179
f 11181 11203 11180
f 11182 11204 11181
f 11183 11205 11182
f 11185 11207 11184
f 11186 11208 11185
f 11187 11209 11186
f 11188 11210 11187
f 11189 11211 11188
f 11190 11212 11189
f 11191 11213 11190
f 11192 11214 11191
f 11193 11215 11192
f 11194 11216 11193
f 11195 11217 11194
f 11196 11218 11195
f 11197 11219 11196
f 11198 11220 11197
f 11199 11221 11198
f 11200 11222 11199
f 11201 11223 11200
f 11202 11224 11201
f 11203 11225 11202
f 11204 11226 11203
f 11205 11227 11204
f 11206 11228 11205
f 11208 11230 11207
f 11209 11231 11208
f 11210 11232 11209
f 11211 11233 11210
f 11212 11234 11211
f 11213 11235 11212
f 11214 11236 11213
f 11215 11237 11214
f 11216 11238 11215
f 11217 11239 11216
f 11218 11240 11217
f 11219 11241 11218
f 11220 11242 11219
f 11221 11243 11220
f 11222 11244 11221
f 11223 11245 11222
f 11224 11246 11223
f 11225 11247 11224
f 11226 11248 11225
f 11227 11249 11226
f 11228 11250 11227
f 11229 11251 11228
f 11231 11253 11230
f 11232 11254 11231
f 11233 11255 11232
f 11234 11256 11233
f 11235 11257 11234
f 11236 11258 11235
f 11237 11259 11236
f 11238 11260 11237
f 11239 11261 11238
f 11240 11262 11239
f 11241 11263 11240
f 11242 11264 11241
f 11243 11265 11242
f 11244 11266 11243
f 11245 11267 11244
f 11246 11268 11245
f 11247 11269 11246
f 11248 11270 11247
f 11249 11271 11248
f 11250 11272 11249
f 11251 11273 11250
f 11252 11274 11251
f 11254 11276 11253
f 11255 11277 11254
f 11256 11278 11255
f 11257 11279 11256
f 11258 11280 11257
f 11259 11281 11258
f 11260 11282 11259
f 11261 11283 11260
f 11262 11284 11261
f 11263 11285 11262
f 11264 11286 11263
f 11265 11287 11264
f 11266 11288 11265
f 11267 11289 11266
f 11268 11290 11267
f 11269 11291 11268
f 11270 11292 11269
f 11271 11293 11270
f 11272 11294 11271
f 11273 11295 11272
f 11274 11296 11273
f 11275 11297 11274
f 11277 11299 11276
f 11278 11300 11277
f 11279 11301 11278
f 11280 11302 11279
f 11281 11303 11280
f 11282 11304 11281
f 11283 11305 11282
f 11284 11306 11283
f 11285 11307 11284
f 11286 11308 11285
f 11287 11309 11286
f 11288 11310 11287
f 11289 11311 11288
f 11290 11312 11289
f 11291 11313 11290
f 11292 11314 11291
f 11293 11315 11292
f 11294 11316 11293
f 11295 11317 11294
f 11296 11318 11295
f 11297 11319 11296
f 11298 11320 11297
f 11300 11322 11299
f 11301 11323 11300
f 11302 11324 11301
f 11303 11325 11302
f 11304 11326 11303
f 11305 11327 11304
f 11306 11328 11305
f 11307 11329 11306
f 11308 11330 11307
f 11309 11331 11308
f 11310 11332 11309
f 11311 11333 11310
f 11312 11334 11311
f 11313 11335 11312
f 11314 11336 11313
f 11315 11337 11314
f 11316 11338 11315
f 11317 11339 11316
f 11318 11340 11317
f 11319 11341 11318
f 11320 11342 11319
f 11321 11343 11320
f 11323 11345 11322
f 11324 11346 11323
f 11325 11347 11324
f 11326 11348 11325
f 11327 11349 11326
f 11328 11350 11327
f 11329 11351 11328
f 11330 11352 11329
f 11331 11353 11330
f 11332 11354 11331
f 11333 11355 11332
f 11334 11356 11333
f 11335 11357 11334
f 11336 11358 11335
f 11337 11359 11336
f 11338 11360 11337
f 11339 11361 11338
f 11340 11362 11339
f 11341 11363 11340
f 11342 11364 11341
f 11343 11365 11342
f 11344 11366 11343
f 11346 11368 11345
f 11347 11369 11346
f 11348 11370 11347
f 11349 11371 11348
f 11350 11372 11349
f 11351 11373 11350
f 11352 11374 11351
f 11353 11375 11352
f 11354 11376 11353
f 11355 11377 11354
f 11356 11378 11355
f 11357 11379 11356
f 11358 11380 11357
f 11359 11381 11358
f 11360 11382 11359
f 11361 11383 11360
f 11362 11384 11361
f 11363 11385 11362
f 11364 11386 11363
f 11365 11387 11364
f 11366 11388 11365
f 11367 11389 11366
f 11369 11391 11368
f 11370 11392 11369
f 11371 11393 11370
f 11372 11394 11371
f 11373 11395 11372
f 11374 11396 11373
f 11375 11397 11374
f 11376 11398 11375
f 11377 11399 11376
f 11378 11400 11377
f 11379 11401 11378
f 11380 11402 11379
f 11381 11403 11380
f 11382 11404 11381
f 11383 11405 11382
f 11384 11406 11383
f 11385 11407 11384
f 11386 11408 11385
f 11387 11409 11386
f 11388 11410 11387
f 11389 11411 11388
f 11390 11412 11389
f 11392 11414 11391
f 11393 11415 11392
f 11394 11416 11393
f 11395 11417 11394
f 11396 11418 11395
f 11397 11419 11396
f 11398 11420 11397
f 11399 11421 11398
f 11400 11422 11399
f 11401 11423 11400
f 11402 11424 11401
f 11403 11425 11402
f 11404 11426 11403
f 11405 11427 11404
f 11406 11428 11405
f 11407 11429 11406
f 11408 11430 11407
f 11409 11431 11408
f 11410 11432 11409
f 11411 11433 11410
f 11412 11434 11411
f 11413 11435 11412
f 11415 11437 11414
f 11416 11438 11415
f 11417 11439 11416
f 11418 11440 11417
f 11419 11441 11418
f 11420 11442 11419
f 11421 11443 11420
f 11422 11444 11421
f 11423 11445 11422
f 11424 11446 11423
f 11425 11447 11424
f 11426 11448 11425
f 11427 11449 11426
f 11428 11450 11427
f 11429 11451 11428
f 11430 11452 11429
f 11431 11453 11430
f 11432 11454 11431
f 11433 11455 11432
f 11434 11456 11433
f 11435 11457 11434
f 11436 11458 11435
f 11438 11460 11437
f 11439 11461 11438
f 11440 11462 11439
f 11441 11463 11440
f 11442 11464 11441
f 11443 11465 11442
f 11444 11466 11443
f 11445 11467 11444
f 11446 11468 11445
f 11447 11469 11446
f 11448 11470 11447
f 11449 11471 11448
f 11450 11472 11449
f 11451 11473 11450
f 11452 11474 11451
f 11453 11475 11452
f 11454 11476 11453
f 11455 11477 11454
f 11456 11478 11455
f 11457 11479 11456
f 11458 11480 11457
f 11459 11481 11458
f 11461 11483 11460
f 11462 11484 11461
f 11463 11485 11462
f 11464 11486 11463
f 11465 11487 11464
f 11466 11488 11465
f 11467 11489 11466
f 11468 11490 11467
f 11469 11491 11468
f 11470 11492 11469
f 11471 11493 11470
f 11472 11494 11471
f 11473 11495 11472
f 11474 11496 11473
f 11475 11497 11474
f 11476 11498 11475
f 11477 11499 11476
f 11478 11500 11477
f 11479 11501 11478
f 11480 11502 11479
f 11481 11503 11480
f 11482 11504 11481
f 11484 11506 11483
f 11485 11507 11484
f 11486 11508 11485
f 11487 11509 11486
f 11488 11510 11487
f 11489 11511 11488
f 11490 11512 11489
f 11491 11513 11490
f 11492 11514 11491
f 11493 11515 11492
f 11494 11516 11493
f 11495 11517 11494
f 11496 11518 11495
f 11497 11519 11496
f 11498 11520 11497
f 11499 11521 11498
f 11500 11522 11499
f 11501 11523 11500
f 11502 11524 11501
f 11503 11525 11502
f 11504 11526 11503
f 11505 11527 11504
f 11507 11529 11506
f 11508 11530 11507
f 11509 11531 11508
f 11510 11532 11509
f 11511 11533 11510
f 11512 11534 11511
f 11513 11535 11512
f 11514 11536 11513
f 11515 11537 11514
f 11516 11538 11515
f 11517 11539 11516
f 11518 11540 11517
f 11519 11541 11518
f 11520 11542 11519
f 11521 11543 11520
f 11522 11544 11521
f 11523 11545 11522
f 11524 11546 11523
f 11525 11547 11524
f 11526 11548 11525
f 11527 11549 11526
f 11528 11550 11527
f 11530 11552 11529
f 11531 11553 11530
f 11532 11554 11531
f 11533 11555 11532
f 11534 11556 11533
f 11535 11557 11534
f 11536 11558 11535
f 11537 11559 11536
f 11538 11560 11537
f 11539 11561 11538
f 11540 11562 11539
f 11541 11563 11540
f 11542 11564 11541
f 11543 11565 11542
f 11544 11566 11543
f 11545 11567 11544
f 11546 11568 11545
f 11547 11569 11546
f 11548 11570 11547
f 11549 11571 11548
f 11550 11572 11549
f 11551 11573 11550
f 11553 11575 11552
f 11554 11576 11553
f 11555 11577 11554
f 11556 11578 11555
f 11557 11579 11556
f 11558 11580 11557
f 11559 11581 11558
f 11560 11582 11559
f 11561 11583 11560
f 11562 11584 11561
f 11563 11585 11562
f 11564 11586 11563
f 11565 11587 11564
f 11566 11588 11565
f 11567 11589 11566
f 11568 11590 11567
f 11569 11591 11568
f 11570 11592 11569
f 11571 11593 11570
f 11572 11594 11571
f 11573 11595 11572
f 11574 11596 11573
f 11576 11598 11575
f 11577 11599 11576
f 11578 11600 11577
f 11579 11601 11578
f 11580 11602 11579
f 11581 11603 11580
f 11582 11604 11581
f 11583 11605 11582
f 11584 11606 11583
f 11585 11607 11584
f 11586 11608 11585
f 11587 11609 11586
f 11588 11610 11587
f 11589 11611 11588
f 11590 11612 11589
f 11591 11613 11590
f 11592 11614 11591
f 11593 11615 11592
f 11594 11616 11593
f 11595 11617 11594
f 11596 11618 11595
f 11597 11619 11596
f 11599 11621 11598
f 11600 11622 11599
f 11601 11623 11600
f 11602 11624 11601
f 11603 11625 11602
f 11604 11626 11603
f 11605 11627 11604
f 11606 11628 11605
f 11607 11629 11606
f 11608 11630 11607
f 11609 11631 11608
f 11610 11632 11609
f 11611 11633 11610
f 11612 11634 11611
f 11613 11635 11612
f 11614 11636 11613
f 11615 11637 11614
f 11616 11638 11615
f 11617 11639 11616
f 11618 11640 11617
f 11619 11641 11618
f 11620 11642 11619
f 11644 11668 11645
f 11645 11669 11646
f 11646 11670 11647
f 11647 11671 11648
f 11648 11672 11649
f 11649 11673 11650
f 11650 11674 11651
f 11651 11675 11652
f 11652 11676 11653
f 11653 11677 11654
f 11654 11678 11655
f 11655 11679 11656
f 11656 11680 11657
f 11657 11681 11658
f 11658 11682 11659
f 11659 11683 11660
f 11660 11684 11661
f 11661 11685 11662
f 11662 11686 11663
f 11663 11687 11664
f 11664 11688 11665
f 11665 11689 11666
f 11667 11691 11668
f 11668 11692 11669
f 11669 11693 11670
f 11670 11694 11671
f 11671 11695 11672
f 11672 11696 11673
f 11673 11697 11674
f 11674 11698 11675
f 11675 11699 11676
f 11676 11700 11677
f 11677 11701 11678
f 11678 11702 11679
f 11679 11703 11680
f 11680 11704 11681
f 11681 11705 11682
f 11682 11706 11683
f 11683 11707 11684
f 11684 11708 11685
f 11685 11709 11686
f 11686 11710 11687
f 11687 11711 11688
f 11688 11712 11689
f 11690 11714 11691
f 11691 11715 11692
f 11692 11716 11693
f 11693 11717 11694
f 11694 11718 11695
f 11695 11719 11696
f 11696 11720 11697
f 11697 11721 11698
f 11698 11722 11699
f 11699 11723 11700
f 11700 11724 11701
f 11701 11725 11702
f 11702 11726 11703
f 11703 11727 11704
f 11704 11728 11705
f 11705 11729 11706
f 11706 11730 11707
f 11707 11731 11708
f 11708 11732 11709
f 11709 11733 11710
f 11710 11734 11711
f 11711 11735 11712
f 11713 11737 11714
f 11714 11738 11715
f 11715 11739 11716
f 11716 11740 11717
f 11717 11741 11718
f 11718 11742 11719
f 11719 11743 11720
f 11720 11744 11721
f 11721 11745 11722
f 11722 11746 11723
f 11723 11747 11724
f 11724 11748 11725
f 11725 11749 11726
f 11726 11750 11727
f 11727 11751 11728
f 11728 11752 11729
f 11729 11753 11730
f 11730 11754 11731
f 11731 11755 11732
f 11732 11756 11733
f 11733 11757 11734
f 11734 11758 11735
f 11736 11760 11737
f 11737 11761 11738
f 11738 11762 11739
f 11739 11763 11740
f 11740 11764 11741
f 11741 11765 11742
f 11742 11766 11743
f 11743 11767 11744
f 11744 11768 11745
f 11745 11769 11746
f 11746 11770 11747
f 11747 11771 11748
f 11748 11772 11749
f 11749 11773 11750
f 11750 11774 11751
f 11751 11775 11752
f 11752 11776 11753
f 11753 11777 11754
f 11754 11778 11755
f 11755 11779 11756
f 11756 11780 11757
f 11757 11781 11758
f 11759 11783 11760
f 11760 11784 11761
f 11761 11785 11762
f 11762 11786 11763
f 11763 11787 11764
f 11764 11788 11765
f 11765 11789 11766
f 11766 11790 11767
f 11767 11791 11768
f 11768 11792 11769
f 11769 11793 11770
f 11770 11794 11771
f 11771 11795 11772
f 11772 11796 11773
f 11773 11797 11774
f 11774 11798 11775
f 11775 11799 11776
f 11776 11800 11777
f 11777 11801 11778
f 11778 11802 11779
f 11779 11803 11780
f 11780 11804 11781
f 11782 11806 11783
f 11783 11807 11784
f 11784 11808 11785
f 11785 11809 11786
f 11786 11810 11787
f 11787 11811 11788
f 11788 11812 11789
f 11789 11813 11790
f 11790 11814 11791
f 11791 11815 11792
f 11792 11816 11793
f 11793 11817 11794
f 11794 11818 11795
f 11795 11819 11796
f 11796 11820 11797
f 11797 11821 11798
f 11798 11822 11799
f 11799 11823 11800
f 11800 11824 11801
f 11801 11825 11802
f 11802 11826 11803
f 11803 11827 11804
f 11805 11829 11806
f 11806 11830 11807
f 11807 11831 11808
f 11808 11832 11809
f 11809 11833 11810
f 11810 11834 11811
f 11811 11835 11812
f 11812 11836 11813
f 11813 11837 11814
f 11814 11838 11815
f 11815 11839 11816
f 11816 11840 11817
f 11817 11841 11818
f 11818 11842 11819
f 11819 11843 11820
f 11820 11844 11821
f 11821 11845 11822
f 11822 11846 11823
f 11823 11847 11824
f 11824 11848 11825
f 11825 11849 11826
f 11826 11850 11827
f 11828 11852 11829
f 11829 11853 11830
f 11830 11854 11831
f 11831 11855 11832
f 11832 11856 11833
f 11833 11857 11834
f 11834 11858 11835
f 11835 11859 11836
f 11836 11860 11837
f 11837 11861 11838
f 11838 11862 11839
f 11839 11863 11840
f 11840 11864 11841
f 11841 11865 11842
f 11842 11866 11843
f 11843 11867 11844
f 11844 11868 11845
f 11845 11869 11846
f 11846 11870 11847
f 11847 11871 11848
f 11848 11872 11849
f 11849 11873 11850
f 11851 11875 11852
f 11852 11876 11853
f 11853 11877 11854
f 11854 11878 11855
f 11855 11879 11856
f 11856 11880 11857
f 11857 11881 11858
f 11858 11882 11859
f 11859 11883 11860
f 11860 11884 11861
f 11861 11885 11862
f 11862 11886 11863
f 11863 11887 11864
f 11864 11888 11865
f 11865 11889 11866
f 11866 11890 11867
f 11867 11891 11868
f 11868 11892 11869
f 11869 11893 11870
f 11870 11894 11871
f 11871 11895 11872
f 11872 11896 11873
f 11874 11898 11875
f 11875 11899 11876
f 11876 11900 11877
f 11877 11901 11878
f 11878 11902 11879
f 11879 11903 11880
f 11880 11904 11881
f 11881 11905 11882
f 11882 11906 11883
f 11883 11907 11884
f 11884 11908 11885
f 11885 11909 11886
f 11886 11910 11887
f 11887 11911 11888
f 11888 11912 11889
f 11889 11913 11890
f 11890 11914 11891
f 11891 11915 11892
f 11892 11916 11893
f 11893 11917 11894
f 11894 11918 11895
f 11895 11919 11896
f 11897 11921 11898
f 11898 11922 11899
f 11899 11923 11900
f 11900 11924 11901
f 11901 11925 11902
f 11902 11926 11903
f 11903 11927 11904
f 11904 11928 11905
f 11905 11929 11906
f 11906 11930 11907
f 11907 11931 11908
f 11908 11932 11909
f 11909 11933 11910
f 11910 11934 11911
f 11911 11935 11912
f 11912 11936 11913
f 11913 11937 11914
f 11914 11938 11915
f 11915 11939 11916
f 11916 11940 11917
f 11917 11941 11918
f 11918 11942 11919
f 11920 11944 11921
f 11921 11945 11922
f 11922 11946 11923
f 11923 11947 11924
f 11924 11948 11925
f 11925 11949 11926
f 11926 11950 11927
f 11927 11951 11928
f 11928 11952 11929
f 11929 11953 11930
f 11930 11954 11931
f 11931 11955 11932
f 11932 11956 11933
f 11933 11957 11934
f 11934 11958 11935
f 11935 11959 11936
f 11936 11960 11937
f 11937 11961 11938
f 11938 11962 11939
f 11939 11963 11940
f 11940 11964 11941
f 11941 11965 11942
f 11943 11967 11944
f 11944 11968 11945
f 11945 11969 11946
f 11946 11970 11947
f 11947 11971 11948
f 11948 11972 11949
f 11949 11973 11950
f 11950 11974 11951
f 11951 11975 11952
f 11952 11976 11953
f 11953 11977 11954
f 11954 11978 11955
f 11955 11979 11956
f 11956 11980 11957
f 11957 11981 11958
f 11958 11982 11959
f 11959 11983 11960
f 11960 11984 11961
f 11961 11985 11962
f 11962 11986 11963
f 11963 11987 11964
f 11964 11988 11965
f 11966 11990 11967
f 11967 11991 11968
f 11968 11992 11969
f 11969 11993 11970
f 11970 11994 11971
f 11971 11995 11972
f 11972 11996 11973
f 11973 11997 11974
f 11974 11998 11975
f 11975 11999 11976
f 11976 12000 11977
f 11977 12001 11978
f 11978 12002 11979
f 11979 12003 11980
f 11980 12004 11981
f 11981 12005 11982
f 11982 12006 11983
f 11983 12007 11984
f 11984 12008 11985
f 11985 12009 11986
f 11986 12010 11987
f 11987 12011 11988
f 11989 12013 11990
f 11990 12014 11991
f 11991 12015 11992
f 11992 12016 11993
f 11993 12017 11994
f 11994 12018 11995
f 11995 12019 11996
f 11996 12020 11997
f 11997 12021 11998
f 11998 12022 11999
f 11999 12023 12000
f 12000 12024 12001
f 12001 12025 12002
f 12002 12026 12003
f 12003 12027 12004
f 12004 12028 12005
f 12005 12029 12006
f 12006 12030 12007
f 12007 12031 12008
f 12008 12032 12009
f 12009 12033 12010
f 12010 12034 12011
f 12012 12036 12013
f 12013 12037 12014
f 12014 12038 12015
f 12015 12039 12016
f 12016 12040 12017
f 12017 12041 12018
f 12018 12042 12019
f 12019 12043 12020
f 12020 12044 12021
f 12021 12045 12022
f 12022 12046 12023
f 12023 12047 12024
f 12024 12048 12025
f 12025 12049 12026
f 12026 12050 12027
f 12027 12051 12028
f 12028 12052 12029
f 12029 12053 12030
f 12030 12054 12031
f 12031 12055 12032
f 12032 12056 12033
f 12033 12057 12034
f 12035 12059 12036
f 12036 12060 12037
f 12037 12061 12038
f 12038 12062 12039
f 12039 12063 12040
f 12040 12064 12041
f 12041 12065 12042
f 12042 12066 12043
f 12043 12067 12044
f 12044 12068 12045
f 12045 12069 12046
f 12046 12070 12047
f 12047 12071 12048
f 12048 12072 12049
f 12049 12073 12050
f 12050 12074 12051
f 12051 12075 12052
f 12052 12076 12053
f 12053 12077 12054
f 12054 12078 12055
f 12055 12079 12056
f 12056 12080 12057
f 12058 12082 12059
f 12059 12083 12060
f 12060 12084 12061
f 12061 12085 12062
f 12062 12086 12063
f 12063 12087 12064
f 12064 12088 12065
f 12065 12089 12066
f 12066 12090 12067
f 12067 12091 12068
f 12068 12092 12069
f 12069 12093 12070
f 12070 12094 12071
f 12071 12095 12072
f 12072 12096 12073
f 12073 12097 12074
f 12074 12098 12075
f 12075 12099 12076
f 12076 12100 12077
f 12077 12101 12078
f 12078 12102 12079
f 12079 12103 12080
f 12081 12105 12082
f 12082 12106 12083
f 12083 12107 12084
f 12084 12108 12085
f 12085 12109 12086
f 12086 12110 12087
f 12087 12111 12088
f 12088 12112 12089
f 12089 12113 12090
f 12090 12114 12091
f 12091 12115 12092
f 12092 12116 12093
f 12093 12117 12094
f 12094 12118 12095
f 12095 12119 12096
f 12096 12120 12097
f 12097 12121 12098
f 12098 12122 12099
f 12099 12123 12100
f 12100 12124 12101
f 12101 12125 12102
f 12102 12126 12103
f 12104 12128 12105
f 12105 12129 12106
f 12106 12130 12107
f 12107 12131 12108
f 12108 12132 12109
f 12109 12133 12110
f 12110 12134 12111
f 12111 12135 12112
f 12112 12136 12113
f 12113 12137 12114
f 12114 12138 12115
f 12115 12139 12116
f 12116 12140 12117
f 12117 12141 12118
f 12118 12142 12119
f 12119 12143 12120
f 12120 12144 12121
f 12121 12145 12122
f 12122 12146 12123
f 12123 12147 12124
f 12124 12148 12125
f 12125 12149 12126
f 12127 12151 12128
f 12128 12152 12129
f 12129 12153 12130
f 12130 12154 12131
f 12131 12155 12132
f 12132 12156 12133
f 12133 12157 12134
f 12134 12158 12135
f 12135 12159 12136
f 12136 12160 12137
f 12137 12161 12138
f 12138 12162 12139
f 12139 12163 12140
f 12140 12164 12141
f 12141 12165 12142
f 12142 12166 12143
f 12143 12167 12144
f 12144 12168 12145
f 12145 12169 12146
f 12146 12170 12147
f 12147 12171 12148
f 12148 12172 12149
f 12150 12174 12151
f 12151 12175 12152
f 12152 12176 12153
f 12153 12177 12154
f 12154 12178 12155
f 12155 12179 12156
f 12156 12180 12157
f 12157 12181 12158
f 12158 12182 12159
f 12159 12183 12160
f 12160 12184 12161
f 12161 12185 12162
f 12162 12186 12163
f 12163 12187 12164
f 12164 12188 12165
f 12165 12189 12166
f 12166 12190 12167
f 12167 12191 12168
f 12168 12192 12169
f 12169 12193 12170
f 12170 12194 12171
f 12171 12195 12172
f 12173 12197 12174
f 12174 12198 12175
f 12175 12199 12176
f 12176 12200 12177
f 12177 12201 12178
f 12178 12202 12179
f 12179 12203 12180
f 12180 12204 12181
f 12181 12205 12182
f 12182 12206 12183
f 12183 12207 12184
f 12184 12208 12185
f 12185 12209 12186
f 12186 12210 12187
f 12187 12211 12188
f 12188 12212 12189
f 12189 12213 12190
f 12190 12214 12191
f 12191 12215 12192
f 12192 12216 12193
f 12193 12217 12194
f 12194 12218 12195
f 12196 12220 12197
f 12197 12221 12198
f 12198 12222 12199
f 12199 12223 12200
f 12200 12224 12201
f 12201 12225 12202
f 12202 12226 12203
f 12203 12227 12204
f 12204 12228 12205
f 12205 12229 12206
f 12206 12230 12207
f 12207 12231 12208
f 12208 12232 12209
f 12209 12233 12210
f 12210 12234 12211
f 12211 12235 12212
f 12212 12236 12213
f 12213 12237 12214
f 12214 12238 12215
f 12215 12239 12216
f 12216 12240 12217
f 12217 12241 12218
f 12219 12243 12220
f 12220 12244 12221
f 12221 12245 12222
f 12222 12246 12223
f 12223 12247 12224
f 12224 12248 12225
f 12225 12249 12226
f 12226 12250 12227
f 12227 12251 12228
f 12228 12252 12229
f 12229 12253 12230
f 12230 12254 12231
f 12231 12255 12232
f 12232 12256 12233
f 12233 12257 12234
f 12234 12258 12235
f 12235 12259 12236
f 12236 12260 12237
f 12237 12261 12238
f 12238 12262 12239
f 12239 12263 12240
f 12240 12264 12241
f 12242 12266 12243
f 12243 12267 12244
f 12244 12268 12245
f 12245 12269 12246
f 12246 12270 12247
f 12247 12271 12248
f 12248 12272 12249
f 12249 12273 12250
f 12250 12274 12251
f 12251 12275 12252
f 12252 12276 12253
f 12253 12277 12254
f 12254 12278 12255
f 12255 12279 12256
f 12256 12280 12257
f 12257 12281 12258
f 12258 12282 12259
f 12259 12283 12260
f 12260 12284 12261
f 12261 12285 12262
f 12262 12286 12263
f 12263 12287 12264
f 12265 12289 12266
f 12266 12290 12267
f 12267 12291 12268
f 12268 12292 12269
f 12269 12293 12270
f 12270 12294 12271
f 12271 12295 12272
f 12272 12296 12273
f 12273 12297 12274
f 12274 12298 12275
f 12275 12299 12276
f 12276 12300 12277
f 12277 12301 12278
f 12278 12302 12279
f 12279 12303 12280
f 12280 12304 12281
f 12281 12305 12282
f 12282 12306 12283
f 12283 12307 12284
f 12284 12308 12285
f 12285 12309 12286
f 12286 12310 12287
f 12288 12312 12289
f 12289 12313 12290
f 12290 12314 12291
f 12291 12315 12292
f 12292 12316 12293
f 12293 12317 12294
f 12294 12318 12295
f 12295 12319 12296
f 12296 12320 12297
f 12297 12321 12298
f 12298 12322 12299
f 12299 12323 12300
f 12300 12324 12301
f 12301 12325 12302
f 12302 12326 12303
f 12303 12327 12304
f 12304 12328 12305
f 12305 12329 12306
f 12306 12330 12307
f 12307 12331 12308
f 12308 12332 12309
f 12309 12333 12310
f 12311 12335 12312
f 12312 12336 12313
f 12313 12337 12314
f 12314 12338 12315
f 12315 12339 12316
f 12316 12340 12317
f 12317 12341 12318
f 12318 12342 12319
f 12319 12343 12320
f 12320 12344 12321
f 12321 12345 12322
f 12322 12346 12323
f 12323 12347 12324
f 12324 12348 12325
f 12325 12349 12326
f 12326 12350 12327
f 12327 12351 12328
f 12328 12352 12329
f 12329 12353 12330
f 12330 12354 12331
f 12331 12355 12332
f 12332 12356 12333
f 12334 12358 12335
f 12335 12359 12336
f 12336 12360 12337
f 12337 12361 12338
f 12338 12362 12339
f 12339 12363 12340
f 12340 12364 12341
f 12341 12365 12342
f 12342 12366 12343
f 12343 12367 12344
f 12344 12368 12345
f 12345 12369 12346
f 12346 12370 12347
f 12347 12371 12348
f 12348 12372 12349
f 12349 12373 12350
f 12350 12374 12351
f 12351 12375 12352
f 12352 12376 12353
f 12353 12377 12354
f 12354 12378 12355
f 12355 12379 12356
f 12357 12381 12358
f 12358 12382 12359
f 12359 12383 12360
f 12360 12384 12361
f 12361 12385 12362
f 12362 12386 12363
f 12363 12387 12364
f 12364 12388 12365
f 12365 12389 12366
f 12366 12390 12367
f 12367 12391 12368
f 12368 12392 12369
f 12369 12393 12370
f 12370 12394 12371
f 12371 12395 12372
f 12372 12396 12373
f 12373 12397 12374
f 12374 12398 12375
f 12375 12399 12376
f 12376 12400 12377
f 12377 12401 12378
f 12378 12402 12379
f 12380 12404 12381
f 12381 12405 12382
f 12382 12406 12383
f 12383 12407 12384
f 12384 12408 12385
f 12385 12409 12386
f 12386 12410 12387
f 12387 12411 12388
f 12388 12412 12389
f 12389 12413 12390
f 12390 12414 12391
f 12391 12415 12392
f 12392 12416 12393
f 12393 12417 12394
f 12394 12418 12395
f 12395 12419 12396
f 12396 12420 12397
f 12397 12421 12398
f 12398 12422 12399
f 12399 12423 12400
f 12400 12424 12401
f 12401 12425 12402
f 12403 12427 12404
f 12404 12428 12405
f 12405 12429 12406
f 12406 12430 12407
f 12407 12431 12408
f 12408 12432 12409
f 12409 12433 12410
f 12410 12434 12411
f 12411 12435 12412
f 12412 12436 12413
f 12413 12437 12414
f 12414 12438 12415
f 12415 12439 12416
f 12416 12440 12417
f 12417 12441 12418
f 12418 12442 12419
f 12419 12443 12420
f 12420 12444 12421
f 12421 12445 12422
f 12422 12446 12423
f 12423 12447 12424
f 12424 12448 12425
f 12426 12450 12427
f 12427 12451 12428
f 12428 12452 12429
f 12429 12453 12430
f 12430 12454 12431
f 12431 12455 12432
f 12432 12456 12433
f 12433 12457 12434
f 12434 12458 12435
f 12435 12459 12436
f 12436 12460 12437
f 12437 12461 12438
f 12438 12462 12439
f 12439 12463 12440
f 12440 12464 12441
f 12441 12465 12442
f 12442 12466 12443
f 12443 12467 12444
f 12444 12468 12445
f 12445 12469 12446
f 12446 12470 12447
f 12447 12471 12448
f 12449 12473 12450
f 12450 12474 12451
f 12451 12475 12452
f 12452 12476 12453
f 12453 12477 12454
f 12454 12478 12455
f 12455 12479 12456
f 12456 12480 12457
f 12457 12481 12458
f 12458 12482 12459
f 12459 12483 12460
f 12460 12484 12461
f 12461 12485 12462
f 12462 12486 12463
f 12463 12487 12464
f 12464 12488 12465
f 12465 12489 12466
f 12466 12490 12467
f 12467 12491 12468
f 12468 12492 12469
f 12469 12493 12470
f 12470 12494 12471
f 12472 12496 12473
f 12473 12497 12474
f 12474 12498 12475
f 12475 12499 12476
f 12476 12500 12477
f 12477 12501 12478
f 12478 12502 12479
f 12479 12503 12480
f 12480 12504 12481
f 12481 12505 12482
f 12482 12506 12483
f 12483 12507 12484
f 12484 12508 12485
f 12485 12509 12486
f 12486 12510 12487
f 12487 12511 12488
f 12488 12512 12489
f 12489 12513 12490
f 12490 12514 12491
f 12491 12515 12492
f 12492 12516 12493
f 12493 12517 12494
f 12495 12519 12496
f 12496 12520 12497
f 12497 12521 12498
f 12498 12522 12499
f 12499 12523 12500
f 12500 12524 12501
f 12501 12525 12502
f 12502 12526 12503
f 12503 12527 12504
f 12504 12528 12505
f 12505 12529 12506
f 12506 12530 12507
f 12507 12531 12508
f 12508 12532 12509
f 12509 12533 12510
f 12510 12534 12511
f 12511 12535 12512
f 12512 12536 12513
f 12513 12537 12514
f 12514 12538 12515
f 12515 12539 12516
f 12516 12540 12517
f 10747 11667 11644
f 11644 10748 10747
f 11645 10749 10748
f 11646 10750 10749
f 11647 10751 10750
f 11648 10752 10751
f 11649 10753 10752
f 11650 10754 10753
f 11651 10755 10754
f 11652 10756 10755
f 11653 10757 10756
f 11654 10758 10757
f 11655 10759 10758
f 11656 10760 10759
f 11657 10761 10760
f 11658 10762 10761
f 11659 10763 10762
f 11660 10764 10763
f 11661 10765 10764
f 11662 10766 10765
f 11663 10767 10766
f 11664 10768 10767
f 11666 10792 10769
f 11665 10769 10768
f 10770 11690 11667
f 11689 10815 10792
f 10793 11713 11690
f 11712 10838 10815
f 10816 11736 11713
f 11735 10861 10838
f 10839 11759 11736
f 11758 10884 10861
f 10862 11782 11759
f 11781 10907 10884
f 10885 11805 11782
f 11804 10930 10907
f 10908 11828 11805
f 11827 10953 10930
f 10931 11851 11828
f 11850 10976 10953
f 10954 11874 11851
f 11873 10999 10976
f 10977 11897 11874
f 11896 11022 10999
f 11000 11920 11897
f 11919 11045 11022
f 11023 11943 11920
f 11942 11068 11045
f 11046 11966 11943
f 11965 11091 11068
f 11069 11989 11966
f 11988 11114 11091
f 11092 12012 11989
f 12011 11137 11114
f 11115 12035 12012
f 12034 11160 11137
f 11138 12058 12035
f 12057 11183 11160
f 11161 12081 12058
f 12080 11206 11183
f 11184 12104 12081
f 12103 11229 11206
f 11207 12127 12104
f 12126 11252 11229
f 11230 12150 12127
f 12149 11275 11252
f 11253 12173 12150
f 12172 11298 11275
f 11276 12196 12173
f 12195 11321 11298
f 11299 12219 12196
f 12218 11344 11321
f 11322 12242 12219
f 12241 11367 11344
f 11345 12265 12242
f 12264 11390 11367
f 11368 12288 12265
f 12287 11413 11390
f 11391 12311 12288
f 12310 11436 11413
f 11414 12334 12311
f 12333 11459 11436
f 11437 12357 12334
f 12356 11482 11459
f 11460 12380 12357
f 12379 11505 11482
f 11483 12403 12380
f 12402 11528 11505
f 11506 12426 12403
f 12425 11551 11528
f 11529 12449 12426
f 12448 11574 11551
f 11552 12472 12449
f 12471 11597 11574
f 11575 12495 12472
f 12494 11620 11597
f 11598 12518 12495
f 11621 12519 12518
f 11622 12520 12519
f 11623 12521 12520
f 11624 12522 12521
f 11625 12523 12522
f 11626 12524 12523
f 11627 12525 12524
f 11628 12526 12525
f 11629 12527 12526
f 11630 12528 12527
f 11631 12529 12528
f 11632 12530 12529
f 11633 12531 12530
f 11634 12532 12531
f 11635 12533 12532
f 11636 12534 12533
f 11637 12535 12534
f 11638 12536 12535
f 11639 12537 12536
f 11640 12538 12537
f 11641 12539 12538
f 11642 12540 12539
f 12517 11643 11620
f 12541 12542 12590
f 12542 12543 12591
f 12543 12544 12592
f 12544 12545 12593
f 12545 12546 12594
f 12546 12547 12595
f 12547 12548 12596
f 12548 12549 12597
f 12549 12550 12598
f 12550 12551 12599
f 12551 12552 12600
f 12552 12553 12601
f 12553 12554 12602
f 12554 12555 12603
f 12555 12556 12604
f 12556 12557 12605
f 12557 12558 12606
f 12558 12559 12607
f 12559 12560 12608
f 12560 12561 12609
f 12561 12562 12610
f 12562 12563 12611
f 12563 12564 12612
f 12564 12565 12613
f 12565 12566 12614
f 12566 12567 12615
f 12567 12568 12616
f 12568 12569 12617
f 12569 12570 12618
f 12570 12571 12619
f 12571 12572 12620
f 12572 12573 12621
f 12573 12574 12622
f 12574 12575 12623
f 12575 12576 12624
f 12576 12577 12625
f 12577 12578 12626
f 12578 12579 12627
f 12579 12580 12628
f 12580 12581 12629
f 12581 12582 12630
f 12582 12583 12631
f 12583 12584 12632
f 12584 12585 12633
f 12585 12586 12634
f 12586 12587 12635
f 12587 12588 12636
f 12588 12541 12589
f 12589 12590 12638
f 12590 12591 12639
f 12591 12592 12640
f 12592 12593 12641
f 12593 12594 12642
f 12594 12595 12643
f 12595 12596 12644
f 12596 12597 12645
f 12597 12598 12646
f 12598 12599 12647
f 12599 12600 12648
f 12600 12601 12649
f 12601 12602 12650
f 12602 12603 12651
f 12603 12604 12652
f 12604 12605 12653
f 12605 12606 12654
f 12606 12607 12655
f 12607 12608 12656
f 12608 12609 12657
f 12609 12610 12658
f 12610 12611 12659
f 12611 12612 12660
f 12612 12613 12661
f 12613 12614 12662
f 12614 12615 12663
f 12615 12616 12664
f 12616 12617 12665
f 12617 12618 12666
f 12618 12619 12667
f 12619 12620 12668
f 12620 12621 12669
f 12621 12622 12670
f 12622 12623 12671
f 12623 12624 12672
f 12624 12625 12673
f 12625 12626 12674
f 12626 12627 12675
f 12627 12628 12676
f 12628 12629 12677
f 12629 12630 12678
f 12630 12631 12679
f 12631 12632 12680
f 12632 12633 12681
f 12633 12634 12682
f 12634 12635 12683
f 12635 12636 12684
f 12636 12589 12637
f 12637 12638 12686
f 12638 12639 12687
f 12639 12640 12688
f 12640 12641 12689
f 12641 12642 12690
f 12642 12643 12691
f 12643 12644 12692
f 12644 12645 12693
f 12645 12646 12694
f 12646 12647 12695
f 12647 12648 12696
f 12648 12649 12697
f 12649 12650 12698
f 12650 12651 12699
f 12651 12652 12700
f 12652 12653 12701
f 12653 12654 12702
f 12654 12655 12703
f 12655 12656 12704
f 12656 12657 12705
f 12657 12658 12706
f 12658 12659 12707
f 12659 12660 12708
f 12660 12661 12709
f 12661 12662 12710
f 12662 12663 12711
f 12663 12664 12712
f 12664 12665 12713
f 12665 12666 12714
f 12666 12667 12715
f 12667 12668 12716
f 12668 12669 12717
f 12669 12670 12718
f 12670 12671 12719
f 12671 12672 12720
f 12672 12673 12721
f 12673 12674 12722
f 12674 12675 12723
f 12675 12676 12724
f 12676 12677 12725
f 12677 12678 12726
f 12678 12679 12727
f 12679 12680 12728
f 12680 12681 12729
f 12681 12682 12730
f 12682 12683 12731
f 12683 12684 12732
f 12684 12637 12685
f 12685 12686 12734
f 12686 12687 12735
f 12687 12688 12736
f 12688 12689 12737
f 12689 12690 12738
f 12690 12691 12739
f 12691 12692 12740
f 12692 12693 12741
f 12693 12694 12742
f 12694 12695 12743
f 12695 12696 12744
f 12696 12697 12745
f 12697 12698 12746
f 12698 12699 12747
f 12699 12700 12748
f 12700 12701 12749
f 12701 12702 12750
f 12702 12703 12751
f 12703 12704 12752
f 12704 12705 12753
f 12705 12706 12754
f 12706 12707 12755
f 12707 12708 12756
f 12708 12709 12757
f 12709 12710 12758
f 12710 12711 12759
f 12711 12712 12760
f 12712 12713 12761
f 12713 12714 12762
f 12714 12715 12763
f 12715 12716 12764
f 12716 12717 12765
f 12717 12718 12766
f 12718 12719 12767
f 12719 12720 12768
f 12720 12721 12769
f 12721 12722 12770
f 12722 12723 12771
f 12723 12724 12772
f 12724 12725 12773
f 12725 12726 12774
f 12726 12727 12775
f 12727 12728 12776
f 12728 12729 12777
f 12729 12730 12778
f 12730 12731 12779
f 12731 12732 12780
f 12732 12685 12733
f 12733 12734 12782
f 12734 12735 12783
f 12735 12736 12784
f 12736 12737 12785
f 12737 12738 12786
f 12738 12739 12787
f 12739 12740 12788
f 12740 12741 12789
f 12741 12742 12790
f 12742 12743 12791
f 12743 12744 12792
f 12744 12745 12793
f 12745 12746 12794
f 12746 12747 12795
f 12747 12748 12796
f 12748 12749 12797
f 12749 12750 12798
f 12750 12751 12799
f 12751 12752 12800
f 12752 12753 12801
f 12753 12754 12802
f 12754 12755 12803
f 12755 12756 12804
f 12756 12757 12805
f 12757 12758 12806
f 12758 12759 12807
f 12759 12760 12808
f 12760 12761 12809
f 12761 12762 12810
f 12762 12763 12811
f 12763 12764 12812
f 12764 12765 12813
f 12765 12766 12814
f 12766 12767 12815
f 12767 12768 12816
f 12768 12769 12817
f 12769 12770 12818
f 12770 12771 12819
f 12771 12772 12820
f 12772 12773 12821
f 12773 12774 12822
f 12774 12775 12823
f 12775 12776 12824
f 12776 12777 12825
f 12777 12778 12826
f 12778 12779 12827
f 12779 12780 12828
f 12780 12733 12781
f 12588 12829 12542
f 12587 12830 12829
f 12586 12831 12830
f 12585 12832 12831
f 12584 12833 12832
f 12583 12834 12833
f 12582 12835 12834
f 12581 12836 12835
f 12580 12837 12836
f 12579 12838 12837
f 12578 12839 12838
f 12577 12576 12839
f 12829 12840 12543
f 12830 12841 12840
f 12831 12842 12841
f 12832 12843 12842
f 12833 12844 12843
f 12834 12845 12844
f 12835 12846 12845
f 12836 12847 12846
f 12837 12848 12847
f 12838 12849 12848
f 12839 12850 12849
f 12576 12575 12850
f 12840 12851 12544
f 12841 12852 12851
f 12842 12853 12852
f 12843 12854 12853
f 12844 12855 12854
f 12845 12856 12855
f 12846 12857 12856
f 12847 12858 12857
f 12848 12859 12858
f 12849 12860 12859
f 12850 12861 12860
f 12575 12574 12861
f 12851 12862 12545
f 12852 12863 12862
f 12853 12864 12863
f 12854 12865 12864
f 12855 12866 12865
f 12856 12867 12866
f 12857 12868 12867
f 12858 12869 12868
f 12859 12870 12869
f 12860 12871 12870
f 12861 12872 12871
f 12574 12573 12872
f 12862 12873 12546
f 12863 12874 12873
f 12864 12875 12874
f 12865 12876 12875
f 12866 12877 12876
f 12867 12878 12877
f 12868 12879 12878
f 12869 12880 12879
f 12870 12881 12880
f 12871 12882 12881
f 12872 12883 12882
f 12573 12572 12883
f 12873 12884 12547
f 12874 12885 12884
f 12875 12886 12885
f 12876 12887 12886
f 12877 12888 12887
f 12878 12889 12888
f 12879 12890 12889
f 12880 12891 12890
f 12881 12892 12891
f 12882 12893 12892
f 12883 12894 12893
f 12572 12571 12894
f 12884 12895 12548
f 12885 12896 12895
f 12886 12897 12896
f 12887 12898 12897
f 12888 12899 12898
f 12889 12900 12899
f 12890 12901 12900
f 12891 12902 12901
f 12892 12903 12902
f 12893 12904 12903
f 12894 12905 12904
f 12571 12570 12905
f 12895 12906 12549
f 12896 12907 12906
f 12897 12908 12907
f 12898 12909 12908
f 12899 12910 12909
f 12900 12911 12910
f 12901 12912 12911
f 12902 12913 12912
f 12903 12914 12913
f 12904 12915 12914
f 12905 12916 12915
f 12570 12569 12916
f 12906 12917 12550
f 12907 12918 12917
f 12908 12919 12918
f 12909 12920 12919
f 12910 12921 12920
f 12911 12922 12921
f 12912 12923 12922
f 12913 12924 12923
f 12914 12925 12924
f 12915 12926 12925
f 12916 12927 12926
f 12569 12568 12927
f 12917 12928 12551
f 12918 12929 12928
f 12919 12930 12929
f 12920 12931 12930
f 12921 12932 12931
f 12922 12933 12932
f 12923 12934 12933
f 12924 12935 12934
f 12925 12936 12935
f 12926 12937 12936
f 12927 12938 12937
f 12568 12567 12938
f 12928 12939 12552
f 12929 12940 12939
f 12930 12941 12940
f 12931 12942 12941
f 12932 12943 12942
f 12933 12944 12943
f 12934 12945 12944
f 12935 12946 12945
f 12936 12947 12946
f 12937 12948 12947
f 12938 12949 12948
f 12567 12566 12949
f 12939 12554 12553
f 12940 12555 12554
f 12941 12556 12555
f 12942 12557 12556
f 12943 12558 12557
f 12944 12559 12558
f 12945 12560 12559
f 12946 12561 12560
f 12947 12562 12561
f 12948 12563 12562
f 12949 12564 12563
f 12566 12565 12564
f 12781 12782 12950
f 12828 12950 12951
f 12827 12951 12952
f 12826 12952 12953
f 12825 12953 12954
f 12824 12954 12955
f 12823 12955 12956
f 12822 12956 12957
f 12821 12957 12958
f 12820 12958 12959
f 12819 12959 12960
f 12818 12960 12816
f 12782 12783 12961
f 12950 12961 12962
f 12951 12962 12963
f 12952 12963 12964
f 12953 12964 12965
f 12954 12965 12966
f 12955 12966 12967
f 12956 12967 12968
f 12957 12968 12969
f 12958 12969 12970
f 12959 12970 12971
f 12960 12971 12815
f 12783 12784 12972
f 12961 12972 12973
f 12962 12973 12974
f 12963 12974 12975
f 12964 12975 12976
f 12965 12976 12977
f 12966 12977 12978
f 12967 12978 12979
f 12968 12979 12980
f 12969 12980 12981
f 12970 12981 12982
f 12971 12982 12814
f 12784 12785 12983
f 12972 12983 12984
f 12973 12984 12985
f 12974 12985 12986
f 12975 12986 12987
f 12976 12987 12988
f 12977 12988 12989
f 12978 12989 12990
f 12979 12990 12991
f 12980 12991 12992
f 12981 12992 12993
f 12982 12993 12813
f 12785 12786 12994
f 12983 12994 12995
f 12984 12995 12996
f 12985 12996 12997
f 12986 12997 12998
f 12987 12998 12999
f 12988 12999 13000
f 12989 13000 13001
f 12990 13001 13002
f 12991 13002 13003
f 12992 13003 13004
f 12993 13004 12812
f 12786 12787 13005
f 12994 13005 13006
f 12995 13006 13007
f 12996 13007 13008
f 12997 13008 13009
f 12998 13009 13010
f 12999 13010 13011
f 13000 13011 13012
f 13001 13012 13013
f 13002 13013 13014
f 13003 13014 13015
f 13004 13015 12811
f 12787 12788 13016
f 13005 13016 13017
f 13006 13017 13018
f 13007 13018 13019
f 13008 13019 13020
f 13009 13020 13021
f 13010 13021 13022
f 13011 13022 13023
f 13012 13023 13024
f 13013 13024 13025
f 13014 13025 13026
f 13015 13026 12810
f 12788 12789 13027
f 13016 13027 13028
f 13017 13028 13029
f 13018 13029 13030
f 13019 13030 13031
f 13020 13031 13032
f 13021 13032 13033
f 13022 13033 13034
f 13023 13034 13035
f 13024 13035 13036
f 13025 13036 13037
f 13026 13037 12809
f 12789 12790 13038
f 13027 13038 13039
f 13028 13039 13040
f 13029 13040 13041
f 13030 13041 13042
f 13031 13042 13043
f 13032 13043 13044
f 13033 13044 13045
f 13034 13045 13046
f 13035 13046 13047
f 13036 13047 13048
f 13037 13048 12808
f 12790 12791 13049
f 13038 13049 13050
f 13039 13050 13051
f 13040 13051 13052
f 13041 13052 13053
f 13042 13053 13054
f 13043 13054 13055
f 13044 13055 13056
f 13045 13056 13057
f 13046 13057 13058
f 13047 13058 13059
f 13048 13059 12807
f 12791 12792 13060
f 13049 13060 13061
f 13050 13061 13062
f 13051 13062 13063
f 13052 13063 13064
f 13053 13064 13065
f 13054 13065 13066
f 13055 13066 13067
f 13056 13067 13068
f 13057 13068 13069
f 13058 13069 13070
f 13059 13070 12806
f 12792 12793 12794
f 13060 12794 12795
f 13061 12795 12796
f 13062 12796 12797
f 13063 12797 12798
f 13064 12798 12799
f 13065 12799 12800
f 13066 12800 12801
f 13067 12801 12802
f 13068 12802 12803
f 13069 12803 12804
f 13070 12804 12805
f 12541 12590 12589
f 12542 12591 12590
f 12543 12592 12591
f 12544 12593 12592
f 12545 12594 12593
f 12546 12595 12594
f 12547 12596 12595
f 12548 12597 12596
f 12549 12598 12597
f 12550 12599 12598
f 12551 12600 12599
f 12552 12601 12600
f 12553 12602 12601
f 12554 12603 12602
f 12555 12604 12603
f 12556 12605 12604
f 12557 12606 12605
f 12558 12607 12606
f 12559 12608 12607
f 12560 12609 12608
f 12561 12610 12609
f 12562 12611 12610
f 12563 12612 12611
f 12564 12613 12612
f 12565 12614 12613
f 12566 12615 12614
f 12567 12616 12615
f 12568 12617 12616
f 12569 12618 12617
f 12570 12619 12618
f 12571 12620 12619
f 12572 12621 12620
f 12573 12622 12621
f 12574 12623 12622
f 12575 12624 12623
f 12576 12625 12624
f 12577 12626 12625
f 12578 12627 12626
f 12579 12628 12627
f 12580 12629 12628
f 12581 12630 12629
f 12582 12631 12630
f 12583 12632 12631
f 12584 12633 12632
f 12585 12634 12633
f 12586 12635 12634
f 12587 12636 12635
f 12588 12589 12636
f 12589 12638 12637
f 12590 12639 12638
f 12591 12640 12639
f 12592 12641 12640
f 12593 12642 12641
f 12594 12643 12642
f 12595 12644 12643
f 12596 12645 12644
f 12597 12646 12645
f 12598 12647 12646
f 12599 12648 12647
f 12600 12649 12648
f 12601 12650 12649
f 12602 12651 12650
f 12603 12652 12651
f 12604 12653 12652
f 12605 12654 12653
f 12606 12655 12654
f 12607 12656 12655
f 12608 12657 12656
f 12609 12658 12657
f 12610 12659 12658
f 12611 12660 12659
f 12612 12661 12660
f 12613 12662 12661
f 12614 12663 12662
f 12615 12664 12663
f 12616 12665 12664
f 12617 12666 12665
f 12618 12667 12666
f 12619 12668 12667
f 12620 12669 12668
f 12621 12670 12669
f 12622 12671 12670
f 12623 12672 12671
f 12624 12673 12672
f 12625 12674 12673
f 12626 12675 12674
f 12627 12676 12675
f 12628 12677 12676
f 12629 12678 12677
f 12630 12679 12678
f 12631 12680 12679
f 12632 12681 12680
f 12633 12682 12681
f 12634 12683 12682
f 12635 12684 12683
f 12636 12637 12684
f 12637 12686 12685
f 12638 12687 12686
f 12639 12688 12687
f 12640 12689 12688
f 12641 12690 12689
f 12642 12691 12690
f 12643 12692 12691
f 12644 12693 12692
f 12645 12694 12693
f 12646 12695 12694
f 12647 12696 12695
f 12648 12697 12696
f 12649 12698 12697
f 12650 12699 12698
f 12651 12700 12699
f 12652 12701 12700
f 12653 12702 12701
f 12654 12703 12702
f 12655 12704 12703
f 12656 12705 12704
f 12657 12706 12705
f 12658 12707 12706
f 12659 12708 12707
f 12660 12709 12708
f 12661 12710 12709
f 12662 12711 12710
f 12663 12712 12711
f 12664 12713 12712
f 12665 12714 12713
f 12666 12715 12714
f 12667 12716 12715
f 12668 12717 12716
f 12669 12718 12717
f 12670 12719 12718
f 12671 12720 12719
f 12672 12721 12720
f 12673 12722 12721
f 12674 12723 12722
f 12675 12724 12723
f 12676 12725 12724
f 12677 12726 12725
f 12678 12727 12726
f 12679 12728 12727
f 12680 12729 12728
f 12681 12730 12729
f 12682 12731 12730
f 12683 12732 12731
f 12684 12685 12732
f 12685 12734 12733
f 12686 12735 12734
f 12687 12736 12735
f 12688 12737 12736
f 12689 12738 12737
f 12690 12739 12738
f 12691 12740 12739
f 12692 12741 12740
f 12693 12742 12741
f 12694 12743 12742
f 12695 12744 12743
f 12696 12745 12744
f 12697 12746 12745
f 12698 12747 12746
f 12699 12748 12747
f 12700 12749 12748
f 12701 12750 12749
f 12702 12751 12750
f 12703 12752 12751
f 12704 12753 12752
f 12705 12754 12753
f 12706 12755 12754
f 12707 12756 12755
f 12708 12757 12756
f 12709 12758 12757
f 12710 12759 12758
f 12711 12760 12759
f 12712 12761 12760
f 12713 12762 12761
f 12714 12763 12762
f 12715 12764 12763
f 12716 12765 12764
f 12717 12766 12765
f 12718 12767 12766
f 12719 12768 12767
f 12720 12769 12768
f 12721 12770 12769
f 12722 12771 12770
f 12723 12772 12771
f 12724 12773 12772
f 12725 12774 12773
f 12726 12775 12774
f 12727 12776 12775
f 12728 12777 12776
f 12729 12778 12777
f 12730 12779 12778
f 12731 12780 12779
f 12732 12733 12780
f 12733 12782 12781
f 12734 12783 12782
f 12735 12784 12783
f 12736 12785 12784
f 12737 12786 12785
f 12738 12787 12786
f 12739 12788 12787
f 12740 12789 12788
f 12741 12790 12789
f 12742 12791 12790
f 12743 12792 12791
f 12744 12793 12792
f 12745 12794 12793
f 12746 12795 12794
f 12747 12796 12795
f 12748 12797 12796
f 12749 12798 12797
f 12750 12799 12798
f 12751 12800 12799
f 12752 12801 12800
f 12753 12802 12801
f 12754 12803 12802
f 12755 12804 12803
f 12756 12805 12804
f 12757 12806 12805
f 12758 12807 12806
f 12759 12808 12807
f 12760 12809 12808
f 12761 12810 12809
f 12762 12811 12810
f 12763 12812 12811
f 12764 12813 12812
f 12765 12814 12813
f 12766 12815 12814
f 12767 12816 12815
f 12768 12817 12816
f 12769 12818 12817
f 12770 12819 12818
f 12771 12820 12819
f 12772 12821 12820
f 12773 12822 12821
f 12774 12823 12822
f 12775 12824 12823
f 12776 12825 12824
f 12777 12826 12825
f 12778 12827 12826
f 12779 12828 12827
f 12780 12781 12828
f 12588 12542 12541
f 12587 12829 12588
f 12586 12830 12587
f 12585 12831 12586
f 12584 12832 12585
f 12583 12833 12584
f 12582 12834 12583
f 12581 12835 12582
f 12580 12836 12581
f 12579 12837 12580
f 12578 12838 12579
f 12577 12839 12578
f 12829 12543 12542
f 12830 12840 12829
f 12831 12841 12830
f 12832 12842 12831
f 12833 12843 12832
f 12834 12844 12833
f 12835 12845 12834
f 12836 12846 12835
f 12837 12847 12836
f 12838 12848 12837
f 12839 12849 12838
f 12576 12850 12839
f 12840 12544 12543
f 12841 12851 12840
f 12842 12852 12841
f 12843 12853 12842
f 12844 12854 12843
f 12845 12855 12844
f 12846 12856 12845
f 12847 12857 12846
f 12848 12858 12847
f 12849 12859 12848
f 12850 12860 12849
f 12575 12861 12850
f 12851 12545 12544
f 12852 12862 12851
f 12853 12863 12852
f 12854 12864 12853
f 12855 12865 12854
f 12856 12866 12855
f 12857 12867 12856
f 12858 12868 12857
f 12859 12869 12858
f 12860 12870 12859
f 12861 12871 12860
f 12574 12872 12861
f 12862 12546 12545
f 12863 12873 12862
f 12864 12874 12863
f 12865 12875 12864
f 12866 12876 12865
f 12867 12877 12866
f 12868 12878 12867
f 12869 12879 12868
f 12870 12880 12869
f 12871 12881 12870
f 12872 12882 12871
f 12573 12883 12872
f 12873 12547 12546
f 12874 12884 12873
f 12875 12885 12874
f 12876 12886 12875
f 12877 12887 12876
f 12878 12888 12877
f 12879 12889 12878
f 12880 12890 12879
f 12881 12891 12880
f 12882 12892 12881
f 12883 12893 12882
f 12572 12894 12883
f 12884 12548 12547
f 12885 12895 12884
f 12886 12896 12885
f 12887 12897 12886
f 12888 12898 12887
f 12889 12899 12888
f 12890 12900 12889
f 12891 12901 12890
f 12892 12902 12891
f 12893 12903 12892
f 12894 12904 12893
f 12571 12905 12894
f 12895 12549 12548
f 12896 12906 12895
f 12897 12907 12896
f 12898 12908 12897
f 12899 12909 12898
f 12900 12910 12899
f 12901 12911 12900
f 12902 12912 12901
f 12903 12913 12902
f 12904 12914 12903
f 12905 12915 12904
f 12570 12916 12905
f 12906 12550 12549
f 12907 12917 12906
f 12908 12918 12907
f 12909 12919 12908
f 12910 12920 12909
f 12911 12921 12910
f 12912 12922 12911
f 12913 12923 12912
f 12914 12924 12913
f 12915 12925 12914
f 12916 12926 12915
f 12569 12927 12916
f 12917 12551 12550
f 12918 12928 12917
f 12919 12929 12918
f 12920 12930 12919
f 12921 12931 12920
f 12922 12932 12921
f 12923 12933 12922
f 12924 12934 12923
f 12925 12935 12924
f 12926 12936 12925
f 12927 12937 12926
f 12568 12938 12927
f 12928 12552 12551
f 12929 12939 12928
f 12930 12940 12929
f 12931 12941 12930
f 12932 12942 12931
f 12933 12943 12932
f 12934 12944 12933
f 12935 12945 12934
f 12936 12946 12935
f 12937 12947 12936
f 12938 12948 12937
f 12567 12949 12938
f 12939 12553 12552
f 12940 12554 12939
f 12941 12555 12940
f 12942 12556 12941
f 12943 12557 12942
f 12944 12558 12943
f 12945 12559 12944
f 12946 12560 12945
f 12947 12561 12946
f 12948 12562 12947
f 12949 12563 12948
f 12566 12564 12949
f 12781 12950 12828
f 12828 12951 12827
f 12827 12952 12826
f 12826 12953 12825
f 12825 12954 12824
f 12824 12955 12823
f 12823 12956 12822
f 12822 12957 12821
f 12821 12958 12820
f 12820 12959 12819
f 12819 12960 12818
f 12818 12816 12817
f 12782 12961 12950
f 12950 12962 12951
f 12951 12963 12952
f 12952 12964 12953
f 12953 12965 12954
f 12954 12966 12955
f 12955 12967 12956
f 12956 12968 12957
f 12957 12969 12958
f 12958 12970 12959
f 12959 12971 12960
f 12960 12815 12816
f 12783 12972 12961
f 12961 12973 12962
f 12962 12974 12963
f 12963 12975 12964
f 12964 12976 12965
f 12965 12977 12966
f 12966 12978 12967
f 12967 12979 12968
f 12968 12980 12969
f 12969 12981 12970
f 12970 12982 12971
f 12971 12814 12815
f 12784 12983 12972
f 12972 12984 12973
f 12973 12985 12974
f 12974 12986 12975
f 12975 12987 12976
f 12976 12988 12977
f 12977 12989 12978
f 12978 12990 12979
f 12979 12991 12980
f 12980 12992 12981
f 12981 12993 12982
f 12982 12813 12814
f 12785 12994 12983
f 12983 12995 12984
f 12984 12996 12985
f 12985 12997 12986
f 12986 12998 12987
f 12987 12999 12988
f 12988 13000 12989
f 12989 13001 12990
f 12990 13002 12991
f 12991 13003 12992
f 12992 13004 12993
f 12993 12812 12813
f 12786 13005 12994
f 12994 13006 12995
f 12995 13007 12996
f 12996 13008 12997
f 12997 13009 12998
f 12998 13010 12999
f 12999 13011 13000
f 13000 13012 13001
f 13001 13013 13002
f 13002 13014 13003
f 13003 13015 13004
f 13004 12811 12812
f 12787 13016 13005
f 13005 13017 13006
f 13006 13018 13007
f 13007 13019 13008
f 13008 13020 13009
f 13009 13021 13010
f 13010 13022 13011
f 13011 13023 13012
f 13012 13024 13013
f 13013 13025 13014
f 13014 13026 13015
f 13015 12810 12811
f 12788 13027 13016
f 13016 13028 13017
f 13017 13029 13018
f 13018 13030 13019
f 13019 13031 13020
f 13020 13032 13021
f 13021 13033 13022
f 13022 13034 13023
f 13023 13035 13024
f 13024 13036 13025
f 13025 13037 13026
f 13026 12809 12810
f 12789 13038 13027
f 13027 13039 13028
f 13028 13040 13029
f 13029 13041 13030
f 13030 13042 13031
f 13031 13043 13032
f 13032 13044 13033
f 13033 13045 13034
f 13034 13046 13035
f 13035 13047 13036
f 13036 13048 13037
f 13037 12808 12809
f 12790 13049 13038
f 13038 13050 13039
f 13039 13051 13040
f 13040 13052 13041
f 13041 13053 13042
f 13042 13054 13043
f 13043 13055 13044
f 13044 13056 13045
f 13045 13057 13046
f 13046 13058 13047
f 13047 13059 13048
f 13048 12807 12808
f 12791 13060 13049
f 13049 13061 13050
f 13050 13062 13051
f 13051 13063 13052
f 13052 13064 13053
f 13053 13065 13054
f 13054 13066 13055
f 13055 13067 13056
f 13056 13068 13057
f 13057 13069 13058
f 13058 13070 13059
f 13059 12806 12807
f 12792 12794 13060
f 13060 12795 13061
f 13061 12796 13062
f 13062 12797 13063
f 13063 12798 13064
f 13064 12799 13065
f 13065 12800 13066
f 13066 12801 13067
f 13067 12802 13068
f 13068 12803 13069
f 13069 12804 13070
f 13070 12805 12806
f 13071 13072 13120
f 13072 13073 13121
f 13073 13074 13122
f 13074 13075 13123
f 13075 13076 13124
f 13076 13077 13125
f 13077 13078 13126
f 13078 13079 13127
f 13079 13080 13128
f 13080 13081 13129
f 13081 13082 13130
f 13082 13083 13131
f 13083 13084 13132
f 13084 13085 13133
f 13085 13086 13134
f 13086 13087 13135
f 13087 13088 13136
f 13088 13089 13137
f 13089 13090 13138
f 13090 13091 13139
f 13091 13092 13140
f 13092 13093 13141
f 13093 13094 13142
f 13094 13095 13143
f 13095 13096 13144
f 13096 13097 13145
f 13097 13098 13146
f 13098 13099 13147
f 13099 13100 13148
f 13100 13101 13149
f 13101 13102 13150
f 13102 13103 13151
f 13103 13104 13152
f 13104 13105 13153
f 13105 13106 13154
f 13106 13107 13155
f 13107 13108 13156
f 13108 13109 13157
f 13109 13110 13158
f 13110 13111 13159
f 13111 13112 13160
f 13112 13113 13161
f 13113 13114 13162
f 13114 13115 13163
f 13115 13116 13164
f 13116 13117 13165
f 13117 13118 13166
f 13118 13071 13119
f 13119 13120 13168
f 13120 13121 13169
f 13121 13122 13170
f 13122 13123 13171
f 13123 13124 13172
f 13124 13125 13173
f 13125 13126 13174
f 13126 13127 13175
f 13127 13128 13176
f 13128 13129 13177
f 13129 13130 13178
f 13130 13131 13179
f 13131 13132 13180
f 13132 13133 13181
f 13133 13134 13182
f 13134 13135 13183
f 13135 13136 13184
f 13136 13137 13185
f 13137 13138 13186
f 13138 13139 13187
f 13139 13140 13188
f 13140 13141 13189
f 13141 13142 13190
f 13142 13143 13191
f 13143 13144 13192
f 13144 13145 13193
f 13145 13146 13194
f 13146 13147 13195
f 13147 13148 13196
f 13148 13149 13197
f 13149 13150 13198
f 13150 13151 13199
f 13151 13152 13200
f 13152 13153 13201
f 13153 13154 13202
f 13154 13155 13203
f 13155 13156 13204
f 13156 13157 13205
f 13157 13158 13206
f 13158 13159 13207
f 13159 13160 13208
f 13160 13161 13209
f 13161 13162 13210
f 13162 13163 13211
f 13163 13164 13212
f 13164 13165 13213
f 13165 13166 13214
f 13166 13119 13167
f 13167 13168 13216
f 13168 13169 13217
f 13169 13170 13218
f 13170 13171 13219
f 13171 13172 13220
f 13172 13173 13221
f 13173 13174 13222
f 13174 13175 13223
f 13175 13176 13224
f 13176 13177 13225
f 13177 13178 13226
f 13178 13179 13227
f 13179 13180 13228
f 13180 13181 13229
f 13181 13182 13230
f 13182 13183 13231
f 13183 13184 13232
f 13184 13185 13233
f 13185 13186 13234
f 13186 13187 13235
f 13187 13188 13236
f 13188 13189 13237
f 13189 13190 13238
f 13190 13191 13239
f 13191 13192 13240
f 13192 13193 13241
f 13193 13194 13242
f 13194 13195 13243
f 13195 13196 13244
f 13196 13197 13245
f 13197 13198 13246
f 13198 13199 13247
f 13199 13200 13248
f 13200 13201 13249
f 13201 13202 13250
f 13202 13203 13251
f 13203 13204 13252
f 13204 13205 13253
f 13205 13206 13254
f 13206 13207 13255
f 13207 13208 13256
f 13208 13209 13257
f 13209 13210 13258
f 13210 13211 13259
f 13211 13212 13260
f 13212 13213 13261
f 13213 13214 13262
f 13214 13167 13215
f 13215 13216 13264
f 13216 13217 13265
f 13217 13218 13266
f 13218 13219 13267
f 13219 13220 13268
f 13220 13221 13269
f 13221 13222 13270
f 13222 13223 13271
f 13223 13224 13272
f 13224 13225 13273
f 13225 13226 13274
f 13226 13227 13275
f 13227 13228 13276
f 13228 13229 13277
f 13229 13230 13278
f 13230 13231 13279
f 13231 13232 13280
f 13232 13233 13281
f 13233 13234 13282
f 13234 13235 13283
f 13235 13236 13284
f 13236 13237 13285
f 13237 13238 13286
f 13238 13239 13287
f 13239 13240 13288
f 13240 13241 13289
f 13241 13242 13290
f 13242 13243 13291
f 13243 13244 13292
f 13244 13245 13293
f 13245 13246 13294
f 13246 13247 13295
f 13247 13248 13296
f 13248 13249 13297
f 13249 13250 13298
f 13250 13251 13299
f 13251 13252 13300
f 13252 13253 13301
f 13253 13254 13302
f 13254 13255 13303
f 13255 13256 13304
f 13256 13257 13305
f 13257 13258 13306
f 13258 13259 13307
f 13259 13260 13308
f 13260 13261 13309
f 13261 13262 13310
f 13262 13215 13263
f 13263 13264 13312
f 13264 13265 13313
f 13265 13266 13314
f 13266 13267 13315
f 13267 13268 13316
f 13268 13269 13317
f 13269 13270 13318
f 13270 13271 13319
f 13271 13272 13320
f 13272 13273 13321
f 13273 13274 13322
f 13274 13275 13323
f 13275 13276 13324
f 13276 13277 13325
f 13277 13278 13326
f 13278 13279 13327
f 13279 13280 13328
f 13280 13281 13329
f 13281 13282 13330
f 13282 13283 13331
f 13283 13284 13332
f 13284 13285 13333
f 13285 13286 13334
f 13286 13287 13335
f 13287 13288 13336
f 13288 13289 13337
f 13289 13290 13338
f 13290 13291 13339
f 13291 13292 13340
f 13292 13293 13341
f 13293 13294 13342
f 13294 13295 13343
f 13295 13296 13344
f 13296 13297 13345
f 13297 13298 13346
f 13298 13299 13347
f 13299 13300 13348
f 13300 13301 13349
f 13301 13302 13350
f 13302 13303 13351
f 13303 13304 13352
f 13304 13305 13353
f 13305 13306 13354
f 13306 13307 13355
f 13307 13308 13356
f 13308 13309 13357
f 13309 13310 13358
f 13310 13263 13311
f 13118 13359 13072
f 13117 13360 13359
f 13116 13361 13360
f 13115 13362 13361
f 13114 13363 13362
f 13113 13364 13363
f 13112 13365 13364
f 13111 13366 13365
f 13110 13367 13366
f 13109 13368 13367
f 13108 13369 13368
f 13107 13106 13369
f 13359 13370 13073
f 13360 13371 13370
f 13361 13372 13371
f 13362 13373 13372
f 13363 13374 13373
f 13364 13375 13374
f 13365 13376 13375
f 13366 13377 13376
f 13367 13378 13377
f 13368 13379 13378
f 13369 13380 13379
f 13106 13105 13380
f 13370 13381 13074
f 13371 13382 13381
f 13372 13383 13382
f 13373 13384 13383
f 13374 13385 13384
f 13375 13386 13385
f 13376 13387 13386
f 13377 13388 13387
f 13378 13389 13388
f 13379 13390 13389
f 13380 13391 13390
f 13105 13104 13391
f 13381 13392 13075
f 13382 13393 13392
f 13383 13394 13393
f 13384 13395 13394
f 13385 13396 13395
f 13386 13397 13396
f 13387 13398 13397
f 13388 13399 13398
f 13389 13400 13399
f 13390 13401 13400
f 13391 13402 13401
f 13104 13103 13402
f 13392 13403 13076
f 13393 13404 13403
f 13394 13405 13404
f 13395 13406 13405
f 13396 13407 13406
f 13397 13408 13407
f 13398 13409 13408
f 13399 13410 13409
f 13400 13411 13410
f 13401 13412 13411
f 13402 13413 13412
f 13103 13102 13413
f 13403 13414 13077
f 13404 13415 13414
f 13405 13416 13415
f 13406 13417 13416
f 13407 13418 13417
f 13408 13419 13418
f 13409 13420 13419
f 13410 13421 13420
f 13411 13422 13421
f 13412 13423 13422
f 13413 13424 13423
f 13102 13101 13424
f 13414 13425 13078
f 13415 13426 13425
f 13416 13427 13426
f 13417 13428 13427
f 13418 13429 13428
f 13419 13430 13429
f 13420 13431 13430
f 13421 13432 13431
f 13422 13433 13432
f 13423 13434 13433
f 13424 13435 13434
f 13101 13100 13435
f 13425 13436 13079
f 13426 13437 13436
f 13427 13438 13437
f 13428 13439 13438
f 13429 13440 13439
f 13430 13441 13440
f 13431 13442 13441
f 13432 13443 13442
f 13433 13444 13443
f 13434 13445 13444
f 13435 13446 13445
f 13100 13099 13446
f 13436 13447 13080
f 13437 13448 13447
f 13438 13449 13448
f 13439 13450 13449
f 13440 13451 13450
f 13441 13452 13451
f 13442 13453 13452
f 13443 13454 13453
f 13444 13455 13454
f 13445 13456 13455
f 13446 13457 13456
f 13099 13098 13457
f 13447 13458 13081
f 13448 13459 13458
f 13449 13460 13459
f 13450 13461 13460
f 13451 13462 13461
f 13452 13463 13462
f 13453 13464 13463
f 13454 13465 13464
f 13455 13466 13465
f 13456 13467 13466
f 13457 13468 13467
f 13098 13097 13468
f 13458 13469 13082
f 13459 13470 13469
f 13460 13471 13470
f 13461 13472 13471
f 13462 13473 13472
f 13463 13474 13473
f 13464 13475 13474
f 13465 13476 13475
f 13466 13477 13476
f 13467 13478 13477
f 13468 13479 13478
f 13097 13096 13479
f 13469 13084 13083
f 13470 13085 13084
f 13471 13086 13085
f 13472 13087 13086
f 13473 13088 13087
f 13474 13089 13088
f 13475 13090 13089
f 13476 13091 13090
f 13477 13092 13091
f 13478 13093 13092
f 13479 13094 13093
f 13096 13095 13094
f 13311 13312 13480
f 13358 13480 13481
f 13357 13481 13482
f 13356 13482 13483
f 13355 13483 13484
f 13354 13484 13485
f 13353 13485 13486
f 13352 13486 13487
f 13351 13487 13488
f 13350 13488 13489
f 13349 13489 13490
f 13348 13490 13346
f 13312 13313 13491
f 13480 13491 13492
f 13481 13492 13493
f 13482 13493 13494
f 13483 13494 13495
f 13484 13495 13496
f 13485 13496 13497
f 13486 13497 13498
f 13487 13498 13499
f 13488 13499 13500
f 13489 13500 13501
f 13490 13501 13345
f 13313 13314 13502
f 13491 13502 13503
f 13492 13503 13504
f 13493 13504 13505
f 13494 13505 13506
f 13495 13506 13507
f 13496 13507 13508
f 13497 13508 13509
f 13498 13509 13510
f 13499 13510 13511
f 13500 13511 13512
f 13501 13512 13344
f 13314 13315 13513
f 13502 13513 13514
f 13503 13514 13515
f 13504 13515 13516
f 13505 13516 13517
f 13506 13517 13518
f 13507 13518 13519
f 13508 13519 13520
f 13509 13520 13521
f 13510 13521 13522
f 13511 13522 13523
f 13512 13523 13343
f 13315 13316 13524
f 13513 13524 13525
f 13514 13525 13526
f 13515 13526 13527
f 13516 13527 13528
f 13517 13528 13529
f 13518 13529 13530
f 13519 13530 13531
f 13520 13531 13532
f 13521 13532 13533
f 13522 13533 13534
f 13523 13534 13342
f 13316 13317 13535
f 13524 13535 13536
f 13525 13536 13537
f 13526 13537 13538
f 13527 13538 13539
f 13528 13539 13540
f 13529 13540 13541
f 13530 13541 13542
f 13531 13542 13543
f 13532 13543 13544
f 13533 13544 13545
f 13534 13545 13341
f 13317 13318 13546
f 13535 13546 13547
f 13536 13547 13548
f 13537 13548 13549
f 13538 13549 13550
f 13539 13550 13551
f 13540 13551 13552
f 13541 13552 13553
f 13542 13553 13554
f 13543 13554 13555
f 13544 13555 13556
f 13545 13556 13340
f 13318 13319 13557
f 13546 13557 13558
f 13547 13558 13559
f 13548 13559 13560
f 13549 13560 13561
f 13550 13561 13562
f 13551 13562 13563
f 13552 13563 13564
f 13553 13564 13565
f 13554 13565 13566
f 13555 13566 13567
f 13556 13567 13339
f 13319 13320 13568
f 13557 13568 13569
f 13558 13569 13570
f 13559 13570 13571
f 13560 13571 13572
f 13561 13572 13573
f 13562 13573 13574
f 13563 13574 13575
f 13564 13575 13576
f 13565 13576 13577
f 13566 13577 13578
f 13567 13578 13338
f 13320 13321 13579
f 13568 13579 13580
f 13569 13580 13581
f 13570 13581 13582
f 13571 13582 13583
f 13572 13583 13584
f 13573 13584 13585
f 13574 13585 13586
f 13575 13586 13587
f 13576 13587 13588
f 13577 13588 13589
f 13578 13589 13337
f 13321 13322 13590
f 13579 13590 13591
f 13580 13591 13592
f 13581 13592 13593
f 13582 13593 13594
f 13583 13594 13595
f 13584 13595 13596
f 13585 13596 13597
f 13586 13597 13598
f 13587 13598 13599
f 13588 13599 13600
f 13589 13600 13336
f 13322 13323 13324
f 13590 13324 13325
f 13591 13325 13326
f 13592 13326 13327
f 13593 13327 13328
f 13594 13328 13329
f 13595 13329 13330
f 13596 13330 13331
f 13597 13331 13332
f 13598 13332 13333
f 13599 13333 13334
f 13600 13334 13335
f 13071 13120 13119
f 13072 13121 13120
f 13073 13122 13121
f 13074 13123 13122
f 13075 13124 13123
f 13076 13125 13124
f 13077 13126 13125
f 13078 13127 13126
f 13079 13128 13127
f 13080 13129 13128
f 13081 13130 13129
f 13082 13131 13130
f 13083 13132 13131
f 13084 13133 13132
f 13085 13134 13133
f 13086 13135 13134
f 13087 13136 13135
f 13088 13137 13136
f 13089 13138 13137
f 13090 13139 13138
f 13091 13140 13139
f 13092 13141 13140
f 13093 13142 13141
f 13094 13143 13142
f 13095 13144 13143
f 13096 13145 13144
f 13097 13146 13145
f 13098 13147 13146
f 13099 13148 13147
f 13100 13149 13148
f 13101 13150 13149
f 13102 13151 13150
f 13103 13152 13151
f 13104 13153 13152
f 13105 13154 13153
f 13106 13155 13154
f 13107 13156 13155
f 13108 13157 13156
f 13109 13158 13157
f 13110 13159 13158
f 13111 13160 13159
f 13112 13161 13160
f 13113 13162 13161
f 13114 13163 13162
f 13115 13164 13163
f 13116 13165 13164
f 13117 13166 13165
f 13118 13119 13166
f 13119 13168 13167
f 13120 13169 13168
f 13121 13170 13169
f 13122 13171 13170
f 13123 13172 13171
f 13124 13173 13172
f 13125 13174 13173
f 13126 13175 13174
f 13127 13176 13175
f 13128 13177 13176
f 13129 13178 13177
f 13130 13179 13178
f 13131 13180 13179
f 13132 13181 13180
f 13133 13182 13181
f 13134 13183 13182
f 13135 13184 13183
f 13136 13185 13184
f 13137 13186 13185
f 13138 13187 13186
f 13139 13188 13187
f 13140 13189 13188
f 13141 13190 13189
f 13142 13191 13190
f 13143 13192 13191
f 13144 13193 13192
f 13145 13194 13193
f 13146 13195 13194
f 13147 13196 13195
f 13148 13197 13196
f 13149 13198 13197
f 13150 13199 13198
f 13151 13200 13199
f 13152 13201 13200
f 13153 13202 13201
f 13154 13203 13202
f 13155 13204 13203
f 13156 13205 13204
f 13157 13206 13205
f 13158 13207 13206
f 13159 13208 13207
f 13160 13209 13208
f 13161 13210 13209
f 13162 13211 13210
f 13163 13212 13211
f 13164 13213 13212
f 13165 13214 13213
f 13166 13167 13214
f 13167 13216 13215
f 13168 13217 13216
f 13169 13218 13217
f 13170 13219 13218
f 13171 13220 13219
f 13172 13221 13220
f 13173 13222 13221
f 13174 13223 13222
f 13175 13224 13223
f 13176 13225 13224
f 13177 13226 13225
f 13178 13227 13226
f 13179 13228 13227
f 13180 13229 13228
f 13181 13230 13229
f 13182 13231 13230
f 13183 13232 13231
f 13184 13233 13232
f 13185 13234 13233
f 13186 13235 13234
f 13187 13236 13235
f 13188 13237 13236
f 13189 13238 13237
f 13190 13239 13238
f 13191 13240 13239
f 13192 13241 13240
f 13193 13242 13241
f 13194 13243 13242
f 13195 13244 13243
f 13196 13245 13244
f 13197 13246 13245
f 13198 13247 13246
f 13199 13248 13247
f 13200 13249 13248
f 13201 13250 13249
f 13202 13251 13250
f 13203 13252 13251
f 13204 13253 13252
f 13205 13254 13253
f 13206 13255 13254
f 13207 13256 13255
f 13208 13257 13256
f 13209 13258 13257
f 13210 13259 13258
f 13211 13260 13259
f 13212 13261 13260
f 13213 13262 13261
f 13214 13215 13262
f 13215 13264 13263
f 13216 13265 13264
f 13217 13266 13265
f 13218 13267 13266
f 13219 13268 13267
f 13220 13269 13268
f 13221 13270 13269
f 13222 13271 13270
f 13223 13272 13271
f 13224 13273 13272
f 13225 13274 13273
f 13226 13275 13274
f 13227 13276 13275
f 13228 13277 13276
f 13229 13278 13277
f 13230 13279 13278
f 13231 13280 13279
f 13232 13281 13280
f 13233 13282 13281
f 13234 13283 13282
f 13235 13284 13283
f 13236 13285 13284
f 13237 13286 13285
f 13238 13287 13286
f 13239 13288 13287
f 13240 13289 13288
f 13241 13290 13289
f 13242 13291 13290
f 13243 13292 13291
f 13244 13293 13292
f 13245 13294 13293
f 13246 13295 13294
f 13247 13296 13295
f 13248 13297 13296
f 13249 13298 13297
f 13250 13299 13298
f 13251 13300 13299
f 13252 13301 13300
f 13253 13302 13301
f 13254 13303 13302
f 13255 13304 13303
f 13256 13305 13304
f 13257 13306 13305
f 13258 13307 13306
f 13259 13308 13307
f 13260 13309 13308
f 13261 13310 13309
f 13262 13263 13310
f 13263 13312 13311
f 13264 13313 13312
f 13265 13314 13313
f 13266 13315 13314
f 13267 13316 13315
f 13268 13317 13316
f 13269 13318 13317
f 13270 13319 13318
f 13271 13320 13319
f 13272 13321 13320
f 13273 13322 13321
f 13274 13323 13322
f 13275 13324 13323
f 13276 13325 13324
f 13277 13326 13325
f 13278 13327 13326
f 13279 13328 13327
f 13280 13329 13328
f 13281 13330 13329
f 13282 13331 13330
f 13283 13332 13331
f 13284 13333 13332
f 13285 13334 13333
f 13286 13335 13334
f 13287 13336 13335
f 13288 13337 13336
f 13289 13338 13337
f 13290 13339 13338
f 13291 13340 13339
f 13292 13341 13340
f 13293 13342 13341
f 13294 13343 13342
f 13295 13344 13343
f 13296 13345 13344
f 13297 13346 13345
f 13298 13347 13346
f 13299 13348 13347
f 13300 13349 13348
f 13301 13350 13349
f 13302 13351 13350
f 13303 13352 13351
f 13304 13353 13352
f 13305 13354 13353
f 13306 13355 13354
f 13307 13356 13355
f 13308 13357 13356
f 13309 13358 13357
f 13310 13311 13358
f 13118 13072 13071
f 13117 13359 13118
f 13116 13360 13117
f 13115 13361 13116
f 13114 13362 13115
f 13113 13363 13114
f 13112 13364 13113
f 13111 13365 13112
f 13110 13366 13111
f 13109 13367 13110
f 13108 13368 13109
f 13107 13369 13108
f 13359 13073 13072
f 13360 13370 13359
f 13361 13371 13360
f 13362 13372 13361
f 13363 13373 13362
f 13364 13374 13363
f 13365 13375 13364
f 13366 13376 13365
f 13367 13377 13366
f 13368 13378 13367
f 13369 13379 13368
f 13106 13380 13369
f 13370 13074 13073
f 13371 13381 13370
f 13372 13382 13371
f 13373 13383 13372
f 13374 13384 13373
f 13375 13385 13374
f 13376 13386 13375
f 13377 13387 13376
f 13378 13388 13377
f 13379 13389 13378
f 13380 13390 13379
f 13105 13391 13380
f 13381 13075 13074
f 13382 13392 13381
f 13383 13393 13382
f 13384 13394 13383
f 13385 13395 13384
f 13386 13396 13385
f 13387 13397 13386
f 13388 13398 13387
f 13389 13399 13388
f 13390 13400 13389
f 13391 13401 13390
f 13104 13402 13391
f 13392 13076 13075
f 13393 13403 13392
f 13394 13404 13393
f 13395 13405 13394
f 13396 13406 13395
f 13397 13407 13396
f 13398 13408 13397
f 13399 13409 13398
f 13400 13410 13399
f 13401 13411 13400
f 13402 13412 13401
f 13103 13413 13402
f 13403 13077 13076
f 13404 13414 13403
f 13405 13415 13404
f 13406 13416 13405
f 13407 13417 13406
f 13408 13418 13407
f 13409 13419 13408
f 13410 13420 13409
f 13411 13421 13410
f 13412 13422 13411
f 13413 13423 13412
f 13102 13424 13413
f 13414 13078 13077
f 13415 13425 13414
f 13416 13426 13415
f 13417 13427 13416
f 13418 13428 13417
f 13419 13429 13418
f 13420 13430 13419
f 13421 13431 13420
f 13422 13432 13421
f 13423 13433 13422
f 13424 13434 13423
f 13101 13435 13424
f 13425 13079 13078
f 13426 13436 13425
f 13427 13437 13426
f 13428 13438 13427
f 13429 13439 13428
f 13430 13440 13429
f 13431 13441 13430
f 13432 13442 13431
f 13433 13443 13432
f 13434 13444 13433
f 13435 13445 13434
f 13100 13446 13435
f 13436 13080 13079
f 13437 13447 13436
f 13438 13448 13437
f 13439 13449 13438
f 13440 13450 13439
f 13441 13451 13440
f 13442 13452 13441
f 13443 13453 13442
f 13444 13454 13443
f 13445 13455 13444
f 13446 13456 13445
f 13099 13457 13446
f 13447 13081 13080
f 13448 13458 13447
f 13449 13459 13448
f 13450 13460 13449
f 13451 13461 13450
f 13452 13462 13451
f 13453 13463 13452
f 13454 13464 13453
f 13455 13465 13454
f 13456 13466 13455
f 13457 13467 13456
f 13098 13468 13457
f 13458 13082 13081
f 13459 13469 13458
f 13460 13470 13459
f 13461 13471 13460
f 13462 13472 13461
f 13463 13473 13462
f 13464 13474 13463
f 13465 13475 13464
f 13466 13476 13465
f 13467 13477 13466
f 13468 13478 13467
f 13097 13479 13468
f 13469 13083 13082
f 13470 13084 13469
f 13471 13085 13470
f 13472 13086 13471
f 13473 13087 13472
f 13474 13088 13473
f 13475 13089 13474
f 13476 13090 13475
f 13477 13091 13476
f 13478 13092 13477
f 13479 13093 13478
f 13096 13094 13479
f 13311 13480 13358
f 13358 13481 13357
f 13357 13482 13356
f 13356 13483 13355
f 13355 13484 13354
f 13354 13485 13353
f 13353 13486 13352
f 13352 13487 13351
f 13351 13488 13350
f 13350 13489 13349
f 13349 13490 13348
f 13348 13346 13347
f 13312 13491 13480
f 13480 13492 13481
f 13481 13493 13482
f 13482 13494 13483
f 13483 13495 13484
f 13484 13496 13485
f 13485 13497 13486
f 13486 13498 13487
f 13487 13499 13488
f 13488 13500 13489
f 13489 13501 13490
f 13490 13345 13346
f 13313 13502 13491
f 13491 13503 13492
f 13492 13504 13493
f 13493 13505 13494
f 13494 13506 13495
f 13495 13507 13496
f 13496 13508 13497
f 13497 13509 13498
f 13498 13510 13499
f 13499 13511 13500
f 13500 13512 13501
f 13501 13344 13345
f 13314 13513 13502
f 13502 13514 13503
f 13503 13515 13504
f 13504 13516 13505
f 13505 13517 13506
f 13506 13518 13507
f 13507 13519 13508
f 13508 13520 13509
f 13509 13521 13510
f 13510 13522 13511
f 13511 13523 13512
f 13512 13343 13344
f 13315 13524 13513
f 13513 13525 13514
f 13514 13526 13515
f 13515 13527 13516
f 13516 13528 13517
f 13517 13529 13518
f 13518 13530 13519
f 13519 13531 13520
f 13520 13532 13521
f 13521 13533 13522
f 13522 13534 13523
f 13523 13342 13343
f 13316 13535 13524
f 13524 13536 13525
f 13525 13537 13526
f 13526 13538 13527
f 13527 13539 13528
f 13528 13540 13529
f 13529 13541 13530
f 13530 13542 13531
f 13531 13543 13532
f 13532 13544 13533
f 13533 13545 13534
f 13534 13341 13342
f 13317 13546 13535
f 13535 13547 13536
f 13536 13548 13537
f 13537 13549 13538
f 13538 13550 13539
f 13539 13551 13540
f 13540 13552 13541
f 13541 13553 13542
f 13542 13554 13543
f 13543 13555 13544
f 13544 13556 13545
f 13545 13340 13341
f 13318 13557 13546
f 13546 13558 13547
f 13547 13559 13548
f 13548 13560 13549
f 13549 13561 13550
f 13550 13562 13551
f 13551 13563 13552
f 13552 13564 13553
f 13553 13565 13554
f 13554 13566 13555
f 13555 13567 13556
f 13556 13339 13340
f 13319 13568 13557
f 13557 13569 13558
f 13558 13570 13559
f 13559 13571 13560
f 13560 13572 13561
f 13561 13573 13562
f 13562 13574 13563
f 13563 13575 13564
f 13564 13576 13565
f 13565 13577 13566
f 13566 13578 13567
f 13567 13338 13339
f 13320 13579 13568
f 13568 13580 13569
f 13569 13581 13570
f 13570 13582 13571
f 13571 13583 13572
f 13572 13584 13573
f 13573 13585 13574
f 13574 13586 13575
f 13575 13587 13576
f 13576 13588 13577
f 13577 13589 13578
f 13578 13337 13338
f 13321 13590 13579
f 13579 13591 13580
f 13580 13592 13581
f 13581 13593 13582
f 13582 13594 13583
f 13583 13595 13584
f 13584 13596 13585
f 13585 13597 13586
f 13586 13598 13587
f 13587 13599 13588
f 13588 13600 13589
f 13589 13336 13337
f 13322 13324 13590
f 13590 13325 13591
f 13591 13326 13592
f 13592 13327 13593
f 13593 13328 13594
f 13594 13329 13595
f 13595 13330 13596
f 13596 13331 13597
f 13597 13332 13598
f 13598 13333 13599
f 13599 13334 13600
f 13600 13335 13336

