DBRep_DrawableShape

CASCADE Topology V3, (c) Open Cascade
Locations 30
1
              1               0               0           -55.4 
              0               1               0             -33 
              0               0               1           -28.4 
1
              1               0               0              -8 
              0               1               0             -92 
              0               0               1               0 
2  1 1 2 1 0
2  2 -1 1 -1 0
1
              1               0               0              -5 
              0               1               0             -10 
              0               0               1            -4.5 
1
              1               0               0             -35 
              0               1               0           -84.5 
              0               0               1              24 
2  5 1 6 1 0
1
              1               0               0              -5 
              0               1               0             -10 
              0               0               1            -4.5 
1
              1               0               0              20 
              0               1               0           -84.5 
              0               0               1              24 
2  8 1 9 1 0
1
              1               0               0              -6 
              0               1               0             -10 
              0               0               1              -6 
1
              1               0               0            41.4 
              0               1               0           -84.5 
              0               0               1               0 
2  11 1 12 1 0
2  12 -1 11 -1 0
2  9 -1 8 -1 0
1
              1               0               0              -0 
              0               1               0              -0 
              0               0               1             -14 
1
              1              -0               0               0 
              0 2.22044604925031e-16              -1               0 
              0               1 2.22044604925031e-16               0 
1
              1               0               0              20 
              0               1               0           -84.5 
              0               0               1              24 
2  16 1 17 1 18 1 0
2  18 -1 17 -1 16 -1 0
2  6 -1 5 -1 0
1
              1               0               0              -0 
              0               1               0              -0 
              0               0               1             -14 
1
              1              -0               0               0 
              0 2.22044604925031e-16              -1               0 
              0               1 2.22044604925031e-16               0 
1
              1               0               0             -35 
              0               1               0           -84.5 
              0               0               1              24 
2  22 1 23 1 24 1 0
2  24 -1 23 -1 22 -1 0
1
              1               0               0              -0 
              0               1               0              -0 
              0               0               1            -1.1 
1
2.22044604925031e-16               0               1               0 
              0               1               0               0 
             -1               0 2.22044604925031e-16               0 
1
              1               0               0            46.3 
              0               1               0           -84.5 
              0               0               1               0 
2  27 1 28 1 29 1 0
Curve2ds 136
7 0 0  5 74 19  0.64480255339990411 0.40211528066442492  0.64503366958069963 0.40357679988253403  0.64525996053630963 0.40503983644848696  0.64548146273481355 0.40650432969361133  0.64569821099062208 0.40797022140307798  0.64612109209028823 0.41089656717649437  0.64632727699765691 0.4123570063431819  0.64652882562067848 0.41381871830069522  0.6467257686395681 0.4152816501155594  0.64710988819444459 0.41820518524277678  0.64729709386606615 0.41966578111185715  0.64747978064391409 0.42112748816915718  0.6476579755079509 0.42259025795708388  0.6480234360045547 0.42566952637805933  0.64820972790490372 0.42728624654501013  0.6483906134870131 0.42890414186854242  0.64856612440330141 0.43052315239782357  0.64892698941078031 0.4339587833642688  0.64911097563433262 0.43577567451412486  0.64928828981594877 0.43759381353692983  0.6494589696565064 0.43941312342432048  0.64978601321707408 0.4430415585015246  0.64994246643395459 0.44485066882242574  0.65009244249966636 0.44666078997390918  0.65023597177700199 0.44847185324798389  0.65056133730907872 0.45277164153868543  0.65073749103533418 0.45526114265434059  0.65090161293603521 0.45775212667272241  0.65105376359567058 0.46024443322934838  0.65133351039196374 0.46521869614198941  0.65146122781983873 0.46770064083813095  0.651577196227209 0.47018359635541296  0.65168145827821378 0.47266742097668324  0.65186682853748723 0.47764159129146666  0.65194788954072636 0.48013194041338297  0.65201726766796342 0.48262289200382663  0.65207499370568001 0.48511431661835508  0.65216701972909208 0.49008844634990234  0.65220140781824121 0.4925711495284002  0.65222428385869957 0.49505407814656727  0.65223567269245952 0.49753711595700595  0.65223549649400625 0.50341515902051381  0.65221396455757497 0.50681016896778264  0.65217093942827709 0.51020488740208314  0.65210636128134936 0.51359903107740346  0.65193402442126147 0.5203825723234885  0.65182630271647091 0.52377198033858496  0.65169691680264186 0.52716015423080709  0.65154577703410599 0.53054676610724072  0.65119894632690267 0.53733196301620667  0.65100304971481959 0.54073053613545641  0.65078495900219824 0.54412677715227709  0.65054452675278585 0.54752029661718171  0.65001824486608306 0.55430573795521998  0.64973233197553459 0.5576976553872639  0.64942364623956572 0.56108596147603285  0.64909196469622243 0.56447018903080037  0.64856645387874312 0.56947388960810919  0.64839051424500049 0.57109690458637097  0.64820917334034944 0.57271879884784815  0.64802239927517391 0.5743395119938105  0.64765639753841486 0.57742276121210223  0.64747817055775081 0.57888552500052859  0.64729545151308687 0.58034722580092435  0.64710821341843627 0.5818078151487398  0.64672402855385103 0.58473133693285728  0.64652705264558952 0.58619426192373147  0.64632547096191806 0.58765596677619192  0.6461192528162808 0.58911639854919495  0.64569667950812981 0.59204013554657098  0.64548028889860931 0.59350343066659383  0.64525916108806103 0.59496533197242818  0.64503326142832551 0.59642578156732307  0.64480255347458648 0.59788471926507603 
 0 6 0.037926093652132613 4 0.075642217011240603 4 0.11323812814892414 4 0.15473021464207118 4 0.20122916432467713 4 0.24741189447745424 4 0.3108221861128147 4 0.37390968021157056 4 0.43712544243552309 4 0.50010224146367233 4 0.58620914072790731 4 0.67224192006452288 4 0.75867768074986608 4 0.84523408274327505 4 0.8868287688776586 4 0.92442472136494058 4 0.96214089301497607 4 1 6
7 0 0  5 74 19  0 -52.738544618888717  0.39450403586174493 -52.522006301040619  0.79093473877414011 -52.30897811006114  1.189259161634753 -52.099498769564164  1.5894430024817363 -51.893606485465057  2.3912325711751108 -51.490191220599023  2.7928181629730231 -51.292628200963712  3.1961723078391691 -51.098686954811036  3.6012586030798865 -50.90840391125478  4.4135234995512471 -50.535820523725114  4.820691320468069 -50.353496654243528  5.2295054002670947 -50.174878704370755  5.6399270541960398 -50.000001355776149  6.5066011888518958 -49.640063791310546  6.9631954201300728 -49.455826416704909  7.4216452175249854 -49.276231994376268  7.8818949080936616 -49.101324742990258  8.8616276388183248 -48.740434918401583  9.3815565617874448 -48.555662718104699  9.9035926198244191 -48.376891224876964  10.427651848997318 -48.204178128975272  11.476065846405564 -47.872111817354138  12.000394400833073 -47.712675676977085  12.526547919662175 -47.559324018001192  13.054438620966527 -47.412107707684228  14.31104707105599 -47.077431687408215  15.041222720722933 -46.895445134422175  15.774268673213683 -46.725238889875811  16.509942253166429 -46.566923512751877  17.982285522677351 -46.275013584508429  18.718931388989681 -46.141296942872479  19.457682645696089 -46.019541891692278  20.19828557907713 -45.909827718947383  21.684183771806932 -45.714408390008316  22.429485951384549 -45.628752109597684  23.176124819713102 -45.555311787686676  23.923834890996012 -45.494130474725523  25.418029805020169 -45.396516225223095  26.164509188755055 -45.359990190525309  26.911518865354093 -45.335675394037608  27.658792751320743 -45.323570336500424  29.427795290937482 -45.32375761589708  30.449524607701125 -45.346643655219957  31.470571396915773 -45.392374468616723  32.490256226986645 -45.460926032711996  34.524670084072859 -45.64340020749345  35.539405280213849 -45.75728394155513  36.551431820486798 -45.893757715200664  37.560093739051737 -46.052655553451828  39.574116275375474 -46.41570617711389  40.579441169305092 -46.620067781461891  41.580079756698709 -46.846617603210795  42.575414692394112 -47.095078127715624  44.555677487892261 -47.63555994719443  45.540590165343218 -47.927641899805359  46.519001501101826 -48.24105632323505  47.490354881791568 -48.575443864083901  48.917266524156886 -49.100997363778546  49.378656098685859 -49.27633262378572  49.838236870900985 -49.456378269983304  50.295952755300888 -49.641089753894541  51.163728086328305 -50.00155101156075  51.574138782163786 -50.176455228790743  51.982941691713528 -50.355099870958782  52.39009813476423 -50.537450253549466  53.202339905807889 -50.910086421626794  53.607414451573774 -51.100395732790027  54.010756646589797 -51.294363062304129  54.412330092760499 -51.491951978659131  55.213384384502731 -51.895061244810165  55.612851534038825 -52.100608829608106  56.010465707589468 -52.309730675837422  56.406192787075021 -52.522388778653841  56.799999999999997 -52.738544618887623 
 0 6 0.037926093652132613 4 0.075642217011240603 4 0.11323812814892414 4 0.15473021464207118 4 0.20122916432467713 4 0.24741189447745424 4 0.3108221861128147 4 0.37390968021157056 4 0.43712544243552309 4 0.50010224146367233 4 0.58620914072790731 4 0.67224192006452288 4 0.75867768074986608 4 0.84523408274327505 4 0.8868287688776586 4 0.92442472136494058 4 0.96214089301497607 4 1 6
7 0 0  4 122 41  0.82588942740991367 0.59788471924581721  0.82470077697414024 0.59788471924581721  0.82351320990595911 0.59788471924581721  0.82232669776816136 0.59788471924581721  0.81995348638594812 0.59788471924581721  0.81876679112154893 0.59788471924581721  0.81758109449254879 0.59788471924581721  0.81520872695893454 0.59788471924581721  0.81402206082070783 0.59788471924581721  0.81283633610028161 0.59788471924581721  0.81046397137700454 0.59788471924581721  0.80927733558379389 0.59788471924581721  0.80809158146025362 0.59788471924581721  0.80571921934485025 0.59788471924581721  0.80453261501948048 0.59788471924581721  0.8033468302807647 0.59788471924581721  0.80097447056886717 0.59788471924581721  0.79978789873873291 0.59788471924581721  0.79860208227177742 0.59788471924581721  0.79622972475751219 0.59788471924581721  0.79504318635516358 0.59788471924581721  0.79385733714521467 0.59788471924581721  0.79148498162149561 0.59788471924581721  0.79029847748532456 0.59788471924581721  0.7891125946150932 0.59788471924581721  0.78674024087390149 0.59788471924581721  0.78555377174879926 0.59788471924581721  0.78436785439760004 0.59788471924581721  0.78199550223020187 0.59788471924581721  0.78080906876819933 0.59788471924581721  0.77962311621106495 0.59788471924581721  0.77725076540820204 0.59788471924581721  0.77606436816902824 0.59788471924581721  0.77487837977586715 0.59788471924581721  0.77250603012787056 0.59788471924581721  0.77131966957952758 0.59788471924581721  0.77013364481423618 0.59788471924581721  0.76776129611116972 0.59788471924581721  0.76657497263033447 0.59788471924581721  0.76538891105005602 0.59788471924581721  0.76301656308178412 0.59788471924581721  0.76183027695416372 0.59788471924581721  0.76064417820857266 0.59788471924581721  0.75827183076483251 0.59788471924581721  0.7570855821853878 0.59788471924581721  0.75589944601608838 0.59788471924581721  0.75353169703640377 0.59788471924581721  0.75235008368041678 0.59788471924581721  0.7511685073486789 0.59788471924581721  0.74880075760690468 0.59788471924581721  0.74761458420021987 0.59788471924581721  0.74642837291969821 0.59788471924581721  0.74405602578818009 0.59788471924581721  0.74286988997101544 0.59788471924581721  0.74168364103855988 0.59788471924581721  0.73931129359087866 0.59788471924581721  0.7381251951954132 0.59788471924581721  0.73693890871619983 0.59788471924581721  0.73456656074200744 0.59788471924581721  0.73338049950900031 0.59788471924581721  0.73219417567882672 0.59788471924581721  0.72982182696786757 0.59788471924581721  0.72863580254612548 0.59788471924581721  0.72744944165155268 0.59788471924581721  0.72507709199369286 0.59788471924581721  0.7238911039394853 0.59788471924581721  0.72270470635804829 0.59788471924581721  0.72033235554335184 0.59788471924581721  0.71914640331970003 0.59788471924581721  0.71795996952025509 0.59788471924581721  0.71559220865228956 0.59788471924581721  0.71441088693388255 0.59788471924581721  0.71322901719233422 0.59788471924581721  0.71086126757150425 0.59788471924581721  0.70967538488903392 0.59788471924581721  0.70848888056197401 0.59788471924581721  0.7061165250278576 0.59788471924581721  0.70493067600088499 0.59788471924581721  0.70374413741200681 0.59788471924581721  0.70137177988619903 0.59788471924581721  0.70018596359690399 0.59788471924581721  0.69899939158511259 0.59788471924581721  0.69662703186053976 0.59788471924581721  0.69544124729361589 0.59788471924581721  0.69425464279199511 0.59788471924581721  0.69188228066278201 0.59788471924581721  0.690696526704633 0.59788471924581721  0.68950989074109004 0.59788471924581721  0.68713752600288536 0.59788471924581721  0.68595180144089407 0.59788471924581721  0.68476513513878989 0.59788471924581721  0.68239276758913836 0.59788471924581721  0.68120707111106782 0.59788471924581721  0.68002037568977525 0.59788471924581721  0.67765259064159689 0.59788471924581721  0.67647151425736141 0.59788471924581721  0.67528939270868849 0.59788471924581721  0.67398207686058509 0.59788471924581721  0.67385794442257507 0.59788471924581721  0.67373380013630135 0.59788471924581721  0.67347633074285951 0.59788471924581721  0.67334300381850432 0.59788471924581721  0.67320966315533792 0.59788471924581721  0.67281431888413379 0.59788471924581721  0.67255227587159028 0.59788471924581721  0.67229017936881219 0.59788471924581721  0.67151799007980406 0.59788471924581721  0.67100774745772462 0.59788471924581721  0.67049729896613819 0.59788471924581721  0.66899472897569978 0.59788471924581721  0.66800203048818452 0.59788471924581721  0.66700853079051936 0.59788471924581721  0.66414278765302581 0.59788471924581721  0.66226846761260749 0.59788471924581721  0.6603911501106704 0.59788471924581721  0.65679970317568392 0.59788471924581721  0.65508610601068484 0.59788471924581721  0.65336987504029209 0.59788471924581721  0.64994290826764411 0.59788471924581721  0.64823220687367955 0.59788471924581721  0.64651877413266645 0.59788471924581721  0.64480255330032288 0.59788471924581721 
 0 5 0.025959735466239482 3 0.051968445072095075 3 0.078041034206510818 3 0.10417379511088334 3 0.13036283242351257 3 0.15660407643656671 3 0.18289329665491616 3 0.20922611562405111 3 0.23559802299667293 3 0.26200438980866558 3 0.2884404829368053 3 0.31490147971271193 3 0.34138248266829874 3 0.36787853438884233 3 0.39438463245123834 3 0.42079298497919715 3 0.4473040733492139 3 0.4738101004863049 3 0.5003060341719574 3 0.5267868723357817 3 0.55324765805637255 3 0.57968349449876821 3 0.6060895597666226 3 0.63235897887884995 3 0.65869156991069744 3 0.68498053770019784 3 0.71122150556415809 3 0.73741024385553933 3 0.76354268379004619 3 0.7896149310034366 3 0.8156232788066321 3 0.84146380924103226 3 0.84417455608823977 3 0.84708523233749755 3 0.85280358381156096 3 0.86392919478410013 3 0.88553988908759029 3 0.92621388858655607 3 0.963224235360856 3 1 5
7 0 0  4 122 41  110.8 43.670414911855012  110.11471591131159 43.356635607382927  109.42653130376344 43.049190948873644  108.73554590363817 42.748095146878697  107.34686086219439 42.158070055148549  106.64915101783242 41.869164796472688  105.94882674841281 41.586657323579402  104.54141692051635 41.033781543046956  103.83431898505216 40.763444760972298  103.12478875984799 40.499559086124819  101.69941286820968 39.98411478996433  100.98355641085656 39.732586029342016  100.26544956090552 39.487557242002985  98.82337430290815 39.010002392823516  98.099396607771709 38.777504397325188  97.373350145555591 38.55155092385494  95.91585705162224 38.112309818984684  95.184402545892922 37.899048339456954  94.451060605556307 37.69237174302112  92.979444900928186 37.291834637868959  92.241164577205055 37.097998255991442  91.501177847939502 36.910783051191871  90.016747302247438 36.549305812798387  89.272298135579689 36.375065780195349  88.52632328859778 36.207479262603847  87.030397054301588 35.885383053710932  86.280441414392698 35.730893146610427  85.529140524078727 35.583085237414309  84.023047964771763 35.300656231328077  83.268253023878088 35.166052620878986  82.512292983619204 35.038155726802657  80.997372493258069 34.795644853311806  80.238409630271335 34.681045991646457  79.478461563523481 34.573174880305913  77.956059377596603 34.370797602878596  77.193603578904998 34.27630412501599  76.430342245957448 34.188555815831343  74.901811245714669 34.026491940302961  74.136540503251581 33.952186581942996  73.370643704341646 33.884640252745626  71.8373422150773 33.763033767658243  71.069936922176922 33.708981298940586  70.30208489740393 33.661698208362765  68.76537548191105 33.580657157108128  67.996517827452536 33.546904332374432  67.227392654084056 33.51992775811366  65.691623354213604 33.479602454414085  64.924980544658993 33.466203837384505  64.158249700552048 33.459532432789132  62.621806190133519 33.459644262475308  61.852093534678644 33.466479940011517  61.082470933955769 33.480095270899696  59.543731994777261 33.520880482185476  58.774615594808367 33.548047773931977  58.005768395231605 33.5819912677361  56.469084618386297 33.663413407183818  55.701247774817197 33.710886892832015  54.933859345462487 33.765129675702958  53.400596298140989 33.887116402428283  52.634721073816365 33.954852635295516  51.869473589522649 34.029347783634087  50.34099380037501 34.191790716412363  49.57776041529312 34.27972826938705  48.815334249673043 34.374410844192511  47.292995998504338 34.577165657700633  46.533082227156477 34.685225185126868  45.774155346744074 34.800012282385367  44.259311458011524 35.042898835357846  43.503392029327877 35.170983150793724  42.748639389446808 35.305773967870337  41.245550662414203 35.588029143460787  40.497201588596312 35.735424306219713  39.750188691622597 35.889449571575867  38.257225245086445 36.211138010010608  37.511281576547724 36.378833084728555  36.766864583084782 36.553181506962076  35.282501028203782 36.91487482994124  34.542549110185924 37.102197717726391  33.804304594126442 37.296141593587322  32.332763116796301 37.696892917713498  31.599459589140547 37.903676227697744  30.868044494181476 38.117044209682298  29.410632798104462 38.556497477581601  28.684628315447554 38.78255660076757  27.960693599620758 39.015160012157324  26.518706837731159 39.492924779915484  25.800645496539072 39.738058059717986  25.0848355492552 39.98969105556143  23.659555173374404 40.505342839334261  22.950073945335056 40.769331757039481  22.243026009765948 41.039771500569771  20.835718632433885 41.592852153392187  20.135446804733395 41.875461528324735  19.437790406019534 42.16446838269546  18.052389677977423 42.753346065575819  17.364610441989679 43.053134755474836  16.679606970034271 43.359214040950405  15.92592026777297 43.704336941621484  15.854394542564062 43.737173051875672  15.782900559574141 43.770078217222725  15.634705662034232 43.838458616587602  15.558009619806715 43.873944409959783  15.481350446722951 43.90950978100124  15.2541954110484 44.015183186800407  15.103805386806707 44.085518731003894  14.953559281222962 44.156161185100459  14.511421802018477 44.365148987423396  14.219934284291867 44.50434873809013  13.929003526500102 44.64470845294904  13.074622502819027 45.06111617458555  12.512738251092015 45.340377308003291  11.953043162830355 45.62400108221803  10.346412997510667 46.45398405101669  9.3051943582210814 47.011408712184846  8.2723358573599768 47.584183167836514  6.3163953115568541 48.707299127863564  5.3918051600198922 49.255014122808774  4.4747794178460314 49.815307246168331  2.6622464917638942 50.957271223381952  1.7666397607364432 51.538784013813014  0.87911929273887846 52.132570287016605  0 52.738544618887623 
 0 5 0.025959735466239482 3 0.051968445072095075 3 0.078041034206510818 3 0.10417379511088334 3 0.13036283242351257 3 0.15660407643656671 3 0.18289329665491616 3 0.20922611562405111 3 0.23559802299667293 3 0.26200438980866558 3 0.2884404829368053 3 0.31490147971271193 3 0.34138248266829874 3 0.36787853438884233 3 0.39438463245123834 3 0.42079298497919715 3 0.4473040733492139 3 0.4738101004863049 3 0.5003060341719574 3 0.5267868723357817 3 0.55324765805637255 3 0.57968349449876821 3 0.6060895597666226 3 0.63235897887884995 3 0.65869156991069744 3 0.68498053770019784 3 0.71122150556415809 3 0.73741024385553933 3 0.76354268379004619 3 0.7896149310034366 3 0.8156232788066321 3 0.84146380924103226 3 0.84417455608823977 3 0.84708523233749755 3 0.85280358381156096 3 0.86392919478410013 3 0.88553988908759029 3 0.92621388858655607 3 0.963224235360856 3 1 5
7 0 0  5 54 14  0.82588942738896187 0.40211528066439434  0.82557915221273692 0.40506903231929509  0.82528209045580225 0.40802311734291641  0.82499799021467957 0.41097737288155178  0.82472662539018926 0.41393166418141869  0.82420953988287649 0.41983355465930883  0.82396376340882038 0.42278115406648675  0.82373026740301225 0.42572857645907786  0.82350887585242527 0.42867574020553445  0.82304719234142176 0.43517167954171787  0.82281228416694419 0.43872031453550742  0.82259444286394534 0.44226838791656875  0.82239344485220456 0.44581585318214884  0.82207711945012674 0.4519022096165396  0.82195367332890767 0.45444140666663185  0.82183869949553967 0.45698027884281001  0.82173213965437952 0.45951883069816069  0.8215360131355498 0.46458851806399232  0.8214464014944266 0.46711965537055333  0.82136506131616915 0.46965050158708233  0.8212919515588929 0.47218107779039953  0.8211621014071655 0.47724269934041869  0.82110536695994241 0.47977374480212748  0.82105680187734476 0.48230457726351306  0.82101637810793338 0.48483523121350308  0.82095176105429035 0.48989680269462993  0.82092757095052049 0.49242772067059432  0.82091148019138982 0.49495854148509127  0.8209034689586131 0.49748931094158466  0.82090358925777684 0.50343826951950055  0.82091836637743321 0.50685646268522311  0.82094789506872778 0.51027477551972922  0.82099222322543131 0.5136933319260587  0.82111061173827349 0.52053127097500684  0.82118467378841509 0.5239506603709484  0.82127366688655623 0.52737046054165537  0.82137767363033287 0.53079075224680572  0.8216158597528419 0.53763032048453718  0.82175002097279315 0.54104960099244448  0.82189939488703834 0.54446945334398267  0.82206411697208881 0.54788990352680611  0.82242405397438567 0.55472170553192035  0.82261917640769888 0.55813305565233617  0.8228298887788762 0.56154496848649982  0.82305639280199439 0.56495739320344152  0.82350891164991646 0.57132509067426107  0.823730913366713 0.57428025761172541  0.82396508553565262 0.57723568455670216  0.82421160564838769 0.58019128916628415  0.82472903966398525 0.5860946154019574  0.82499988582931094 0.58904233661492178  0.82528341177851117 0.59199002155102398  0.82557984217139957 0.59493753630667967  0.82588942734241466 0.59788471926736975 
 0 6 0.075373123142550263 4 0.15057912289603942 4 0.2411548604062824 4 0.30600658153204119 4 0.37068447319009978 4 0.43538669601406266 4 0.50010270451533156 4 0.58751151439269056 4 0.6749249989103292 4 0.76228554659951653 4 0.84938426761217678 4 0.92479449022054327 4 1 6
7 0 0  5 54 14  0 -43.670414911856071  0.79729841000593937 -43.281582594617774  1.6008835192442543 -42.905640809551379  2.4105248099712377 -42.542823002728923  3.2259767078603927 -42.193354069340742  4.8661600643401677 -41.522291430955434  5.6908670699768376 -41.200637312590658  6.520840544324078 -40.892703014356229  7.3558070436159415 -40.598692156432605  9.2067528746666607 -39.981700008192526  10.224852477721466 -39.665077493560418  11.249273668197986 -39.369264469456894  12.279485963748892 -39.094567945041256  14.056302037929081 -38.659890533009531  14.800356473089987 -38.489486363411494  15.546888108645017 -38.330145785043761  16.295685598022487 -38.18195747788063  17.79536460124821 -37.908407850715768  18.546235388908194 -37.782986127897573  19.298927780365226 -37.66881108984014  20.053221084397364 -37.565946350824774  21.564842969796768 -37.382903211864502  22.322172926251216 -37.302733024184519  23.080653871486525 -37.233981683180502  23.840057295721902 -37.176682668688727  25.360408786484612 -37.085012940640048  26.121357622604656 -37.050646719887936  26.882767006294348 -37.027770859970516  27.644405787337877 -37.016381543432644  29.434750417187956 -37.016552569155273  30.463456724038608 -37.037560746153964  31.491592004526083 -37.079540666195037  32.518587081581622 -37.14247901539477  34.569214076009004 -37.310135408331114  35.59284782102992 -37.414855840763749  36.614206563850303 -37.540395200420093  37.632736005300671 -37.686625917895768  39.662436974296675 -38.020027019536748  40.673613950527198 -38.207172773708891  41.680884270151168 -38.414643385514289  42.683728303037874 -38.642226057614401  44.676571759960865 -39.136383220351725  45.666601447566848 -39.402839351557446  46.651239378253713 -39.688799334260317  47.630014150337061 -39.9939912819504  49.444439054412825 -40.598743613807372  50.281669655412735 -40.893564006856664  51.113879700505699 -41.202383326702105  51.940793537708473 -41.524996270718468  53.5812768847941 -42.196463127780532  54.394876658477244 -42.545243752851704  55.202690552344293 -42.907312949085323  56.004474660219344 -43.282447298810148  56.799999999999997 -43.670414911855012 
 0 6 0.075373123142550263 4 0.15057912289603942 4 0.2411548604062824 4 0.30600658153204119 4 0.37068447319009978 4 0.43538669601406266 4 0.50010270451533156 4 0.58751151439269056 4 0.6749249989103292 4 0.76228554659951653 4 0.84938426761217678 4 0.92479449022054327 4 1 6
7 0 0  4 122 41  0.82588942740991456 0.40211528075418046  0.82470077697414035 0.40211528075418046  0.82351320990596155 0.40211528075418046  0.82232669776816003 0.40211528075418046  0.81995348638594701 0.40211528075418046  0.81876679112155082 0.40211528075418046  0.81758109449254801 0.40211528075418046  0.81520872695893465 0.40211528075418046  0.81402206082070749 0.40211528075418046  0.81283633610028216 0.40211528075418046  0.81046397137700621 0.40211528075418046  0.80927733558379067 0.40211528075418046  0.80809158146025539 0.40211528075418046  0.8057192193448488 0.40211528075418046  0.80453261501948281 0.40211528075418046  0.80334683028076315 0.40211528075418046  0.80097447056886906 0.40211528075418046  0.79978789873872969 0.40211528075418046  0.7986020822717792 0.40211528075418046  0.79622972475751319 0.40211528075418046  0.79504318635516169 0.40211528075418046  0.79385733714521578 0.40211528075418046  0.79148498162149594 0.40211528075418046  0.79029847748532422 0.40211528075418046  0.78911259461509298 0.40211528075418046  0.78674024087390093 0.40211528075418046  0.78555377174880092 0.40211528075418046  0.78436785439759871 0.40211528075418046  0.78199550223020309 0.40211528075418046  0.78080906876819733 0.40211528075418046  0.77962311621106584 0.40211528075418046  0.77725076540820126 0.40211528075418046  0.77606436816902935 0.40211528075418046  0.7748783797758666 0.40211528075418046  0.77250603012787045 0.40211528075418046  0.77131966957952747 0.40211528075418046  0.77013364481423618 0.40211528075418046  0.76776129611116961 0.40211528075418046  0.76657497263033458 0.40211528075418046  0.76538891105005602 0.40211528075418046  0.76301656308178423 0.40211528075418046  0.7618302769541635 0.40211528075418046  0.76064417820857277 0.40211528075418046  0.75827183076483373 0.40211528075418046  0.7570855821853858 0.40211528075418046  0.75589944601608938 0.40211528075418046  0.75353169703640221 0.40211528075418046  0.75235008368041978 0.40211528075418046  0.75116850734867713 0.40211528075418046  0.74880075760690468 0.40211528075418046  0.74761458420021987 0.40211528075418046  0.74642837291969832 0.40211528075418046  0.74405602578818053 0.40211528075418046  0.742869889971015 0.40211528075418046  0.74168364103856022 0.40211528075418046  0.7393112935908781 0.40211528075418046  0.7381251951954142 0.40211528075418046  0.73693890871619927 0.40211528075418046  0.73456656074200721 0.40211528075418046  0.73338049950900064 0.40211528075418046  0.7321941756788265 0.40211528075418046  0.72982182696786724 0.40211528075418046  0.72863580254612592 0.40211528075418046  0.72744944165155245 0.40211528075418046  0.72507709199369297 0.40211528075418046  0.7238911039394853 0.40211528075418046  0.72270470635804818 0.40211528075418046  0.72033235554335129 0.40211528075418046  0.71914640331970103 0.40211528075418046  0.71795996952025454 0.40211528075418046  0.71559220865229012 0.40211528075418046  0.71441088693388166 0.40211528075418046  0.71322901719233478 0.40211528075418046  0.71086126757150447 0.40211528075418046  0.70967538488903381 0.40211528075418046  0.70848888056197401 0.40211528075418046  0.7061165250278576 0.40211528075418046  0.70493067600088488 0.40211528075418046  0.70374413741200681 0.40211528075418046  0.70137177988619925 0.40211528075418046  0.70018596359690355 0.40211528075418046  0.69899939158511293 0.40211528075418046  0.6966270318605402 0.40211528075418046  0.69544124729361512 0.40211528075418046  0.69425464279199556 0.40211528075418046  0.69188228066278179 0.40211528075418046  0.69069652670463344 0.40211528075418046  0.68950989074108959 0.40211528075418046  0.68713752600288547 0.40211528075418046  0.68595180144089374 0.40211528075418046  0.68476513513879012 0.40211528075418046  0.68239276758913858 0.40211528075418046  0.68120707111106749 0.40211528075418046  0.68002037568977536 0.40211528075418046  0.67765259064159677 0.40211528075418046  0.67647151425736163 0.40211528075418046  0.67528939270868837 0.40211528075418046  0.67398207686058509 0.40211528075418046  0.67385794442257507 0.40211528075418046  0.67373380013630135 0.40211528075418046  0.6734763307428594 0.40211528075418046  0.67334300381850432 0.40211528075418046  0.67320966315533792 0.40211528075418046  0.67281431888413379 0.40211528075418046  0.67255227587159028 0.40211528075418046  0.67229017936881219 0.40211528075418046  0.67151799007980417 0.40211528075418046  0.67100774745772429 0.40211528075418046  0.6704972989661383 0.40211528075418046  0.66899472897569978 0.40211528075418046  0.66800203048818452 0.40211528075418046  0.66700853079051936 0.40211528075418046  0.66414278765302592 0.40211528075418046  0.66226846761260738 0.40211528075418046  0.66039115011067051 0.40211528075418046  0.65679970317568381 0.40211528075418046  0.65508610601068495 0.40211528075418046  0.65336987504029198 0.40211528075418046  0.64994290826764378 0.40211528075418046  0.64823220687367888 0.40211528075418046  0.64651877413266545 0.40211528075418046  0.64480255330032155 0.40211528075418046 
 0 5 0.025959735466267515 3 0.05196844507220473 3 0.078041034206716972 3 0.10417379511113734 3 0.13036283242380706 3 0.15660407643689447 3 0.18289329665521575 3 0.20922611562429042 3 0.23559802299686916 3 0.26200438980882113 3 0.28844048293691771 3 0.31490147971279597 3 0.34138248266835691 3 0.36787853438887214 3 0.39438463245121003 3 0.42079298497912337 3 0.44730407334913436 3 0.47381010048620714 3 0.50030603417184649 3 0.526786872335675 3 0.5532476580562824 3 0.57968349449869694 3 0.60608955976658507 3 0.63235897887884596 3 0.65869156991070976 3 0.68498053770022649 3 0.71122150556419816 3 0.73741024385557352 3 0.76354268379006973 3 0.7896149310034567 3 0.8156232788066391 3 0.84146380924102626 3 0.84417455608823266 3 0.84708523233749167 3 0.85280358381155752 3 0.86392919478409891 3 0.88553988908758885 3 0.92621388858655185 3 0.96322423536084933 3 1 5
7 0 0  4 122 41  110.8 43.670414911856064  110.11471591131117 43.35663560738378  109.42653130376415 43.049190948875008  108.73554590363693 42.748095146879194  107.34686086219328 42.158070055149111  106.64915101783303 41.869164796473989  105.94882674841188 41.586657323580084  104.54141692051599 41.033781543047859  103.83431898505158 40.763444760973087  103.12478875984785 40.499559086125807  101.69941286821029 39.984114789965595  100.98355641085433 39.732586029342244  100.26544956090622 39.487557242004257  98.823374302906899 39.010002392824155  98.09939660777286 38.777504397326616  97.373350145554326 38.551550923855601  95.915857051623036 38.11230981898597  95.184402545890606 37.899048339457408  94.451060605557046 37.69237174302237  92.979444900928499 37.291834637870103  92.24116457720352 37.097998255992117  91.5011778479399 36.910783051193043  90.016747302247353 36.549305812799453  89.272298135579319 36.375065780196309  88.526323288597382 36.207479262604828  87.030397054300977 35.88538305371187  86.280441414393607 35.73089314661167  85.529140524077675 35.583085237415204  84.023047964772346 35.300656231329285  83.268253023876525 35.16605262087981  82.51229298361956 35.038155726803794  80.997372493257359 34.79564485331278  80.238409630271946 34.681045991647615  79.478461563522885 34.573174880306929  77.956059377596375 34.370797602879676  77.193603578904899 34.276304125017084  76.430342245957306 34.18855581583243  74.901811245714455 34.026491940304048  74.136540503251553 33.952186581944105  73.370643704341504 33.884640252746713  71.837342215077257 33.763033767659344  71.069936922176765 33.708981298941701  70.302084897403944 33.661698208363866  68.765375481911761 33.580657157109265  67.996517827451157 33.546904332375505  67.227392654084653 33.519927758114783  65.691623354212552 33.479602454415172  64.924980544660968 33.466203837385635  64.158249700550911 33.45953243279024  62.621806190133562 33.459644262476417  61.852093534678559 33.466479940012626  61.082470933955832 33.480095270900804  59.543731994777509 33.520880482186577  58.77461559480799 33.548047773933092  58.005768395231897 33.581991267737195  56.469084618385956 33.663413407184947  55.701247774817908 33.710886892833059  54.933859345462238 33.765129675704088  53.400596298140897 33.887116402429406  52.634721073816777 33.954852635296575  51.869473589522599 34.029347783635203  50.340993800374939 34.191790716413472  49.577760415293568 34.279728269388109  48.815334249673008 34.374410844193605  47.292995998504537 34.577165657701691  46.53308222715664 34.685225185127933  45.774155346744223 34.800012282386426  44.259311458011346 35.042898835358947  43.503392029328673 35.170983150794669  42.748639389446694 35.305773967871446  41.245550662414757 35.58802914346176  40.497201588595921 35.73542430622085  39.750188691623194 35.889449571576819  38.257225245086808 36.211138010011602  37.511281576548008 36.378833084729564  36.766864583085017 36.553181506963071  35.282501028204081 36.914874829942214  34.542549110186158 37.102197717727378  33.804304594126819 37.296141593588274  32.332763116796819 37.696892917714408  31.599459589140551 37.903676227698782  30.868044494181994 38.117044209683193  29.410632798105109 38.556497477582447  28.684628315447402 38.782556600768601  27.960693599621379 39.015160012158169  26.518706837731365 39.492924779916464  25.800645496539829 39.738058059718711  25.084835549255374 39.989691055562403  23.659555173374926 40.505342839335093  22.950073945335252 40.769331757040398  22.243026009766524 41.039771500570573  20.83571863243446 41.592852153392975  20.135446804733672 41.87546152832563  19.437790406020078 42.164468382696249  18.052389677977832 42.753346065576658  17.364610441990315 43.053134755475561  16.679606970034708 43.35921404095123  15.925920267773481 43.704336941622266  15.854394542564577 43.737173051876454  15.782900559574658 43.770078217223492  15.634705662034715 43.83845861658839  15.558009619807283 43.873944409960536  15.481350446723436 43.909509781002036  15.25419541104894 44.015183186801174  15.103805386807178 44.085518731004669  14.953559281223512 44.156161185101219  14.511421802019077 44.365148987424135  14.219934284292242 44.504348738090911  13.929003526500686 44.644708452949772  13.074622502819542 45.061116174586303  12.512738251092602 45.340377308004008  11.953043162830896 45.624001082218768  10.346412997511301 46.453984051017372  9.3051943582215628 47.011408712185613  8.2723358573606358 47.584183167837161  6.3163953115574119 48.707299127864253  5.3918051600206409 49.255014122809385  4.4747794178466069 49.815307246169013  2.662246491764356 50.957271223382705  1.7666397607367594 51.538784013813853  0.87911929273903788 52.132570287017579  0 52.73854461888871 
 0 5 0.025959735466267515 3 0.05196844507220473 3 0.078041034206716972 3 0.10417379511113734 3 0.13036283242380706 3 0.15660407643689447 3 0.18289329665521575 3 0.20922611562429042 3 0.23559802299686916 3 0.26200438980882113 3 0.28844048293691771 3 0.31490147971279597 3 0.34138248266835691 3 0.36787853438887214 3 0.39438463245121003 3 0.42079298497912337 3 0.44730407334913436 3 0.47381010048620714 3 0.50030603417184649 3 0.526786872335675 3 0.5532476580562824 3 0.57968349449869694 3 0.60608955976658507 3 0.63235897887884596 3 0.65869156991070976 3 0.68498053770022649 3 0.71122150556419816 3 0.73741024385557352 3 0.76354268379006973 3 0.7896149310034567 3 0.8156232788066391 3 0.84146380924102626 3 0.84417455608823266 3 0.84708523233749167 3 0.85280358381155752 3 0.86392919478409891 3 0.88553988908758885 3 0.92621388858655185 3 0.96322423536084933 3 1 5
1 0 0 0 -1 
1 0 0 0 1 
7 0 0  4 122 41  0.82807684525201963 0.39928501957380436  0.82685699258455303 0.39928501957380436  0.82563833149326293 0.39928501957380436  0.82442083066001715 0.39928501957380436  0.82198487043661772 0.39928501957380436  0.82076641704845188 0.39928501957380436  0.81954906447593956 0.39928501957380436  0.81710853342102574 0.39928501957380436  0.81588536895881614 0.39928501957380436  0.81466325109383519 0.39928501957380436  0.81222274760336943 0.39928501957380436  0.81100435915587421 0.39928501957380436  0.80978694393876749 0.39928501957380436  0.80734642075582386 0.39928501957380436  0.8061233244944771 0.39928501957380436  0.80490114053379025 0.39928501957380436  0.80246064132463324 0.39928501957380436  0.80124232305028498 0.39928501957380436  0.80002483953456527 0.39928501957380436  0.79758432338784147 0.39928501957380436  0.79636130014967921 0.39928501957380436  0.79513904486266918 0.39928501957380436  0.79269854885839164 0.39928501957380436  0.79148030509972256 0.39928501957380436  0.7902627485567959 0.39928501957380436  0.78782223857664913 0.39928501957380436  0.78659929229412973 0.39928501957380436  0.78537696137469493 0.39928501957380436  0.78293646751004375 0.39928501957380436  0.78171830173364532 0.39928501957380436  0.78050066834333709 0.39928501957380436  0.77806016363198105 0.39928501957380436  0.77683729736189899 0.39928501957380436  0.77561488741018736 0.39928501957380436  0.77317439463511928 0.39928501957380436  0.77195630944522853 0.39928501957380436  0.77073859627729846 0.39928501957380436  0.76829809591269904 0.39928501957380436  0.76707531184884581 0.39928501957380436  0.76585282035286906 0.39928501957380436  0.76341232763496136 0.39928501957380436  0.76219432478460425 0.39928501957380436  0.7609765297812886 0.39928501957380436  0.75853603281956927 0.39928501957380436  0.75731333230217934 0.39928501957380436  0.75609075762143529 0.39928501957380436  0.75365026394715462 0.39928501957380436  0.75243234434543804 0.39928501957380436  0.75121446630687261 0.39928501957380436  0.74877397178364846 0.39928501957380436  0.74755135530435846 0.39928501957380436  0.74632869665714585 0.39928501957380436  0.7438882010324015 0.39928501957380436  0.7426703647470041 0.39928501957380436  0.74145240332084217 0.39928501957380436  0.73901191025182988 0.39928501957380436  0.73778937745357609 0.39928501957380436  0.73656663490895236 0.39928501957380436  0.73412613635939405 0.39928501957380436  0.73290838261379021 0.39928501957380436  0.73169033828984487 0.39928501957380436  0.72924984567115558 0.39928501957380436  0.72802739534271577 0.39928501957380436  0.72680456981772013 0.39928501957380436  0.72436406738914094 0.39928501957380436  0.72314639455466267 0.39928501957380436  0.72192826866478732 0.39928501957380436  0.71948777547330445 0.39928501957380436  0.71826540553883111 0.39928501957380436  0.71704249880097259 0.39928501957380436  0.71460199156023074 0.39928501957380436  0.71338439714346091 0.39928501957380436  0.71216619186652652 0.39928501957380436  0.70972569706076682 0.39928501957380436  0.70850340456507876 0.39928501957380436  0.70728041923967211 0.39928501957380436  0.70483990627651227 0.39928501957380436  0.70362238690306012 0.39928501957380436  0.70240410527432895 0.39928501957380436  0.69996360779623268 0.39928501957380436  0.69874138888718029 0.39928501957380436  0.69751832846859718 0.39928501957380436  0.69507780889875659 0.39928501957380436  0.6938603602949992 0.39928501957380436  0.69264200621872352 0.39928501957380436  0.69020150499680322 0.39928501957380436  0.68897935490665618 0.39928501957380436  0.68775622377198364 0.39928501957380436  0.68531569674197301 0.39928501957380436  0.6840983137169776 0.39928501957380436  0.68287989198046517 0.39928501957380436  0.68043938593484099 0.39928501957380436  0.67921729896312943 0.39928501957380436  0.67799410238629287 0.39928501957380436  0.67555356708022019 0.39928501957380436  0.67433624351062549 0.39928501957380436  0.67311775979750799 0.39928501957380436  0.67176541407478729 0.39928501957380436  0.67163272953198883 0.39928501957380436  0.67150003085016585 0.39928501957380436  0.67122991021471945 0.39928501957380436  0.67109248724012505 0.39928501957380436  0.67095504902059711 0.39928501957380436  0.67054756210913613 0.39928501957380436  0.67027746969814872 0.39928501957380436  0.6700073179413506 0.39928501957380436  0.66920668744009981 0.39928501957380436  0.6686760384111573 0.39928501957380436  0.66814515688769527 0.39928501957380436  0.6665870159989471 0.39928501957380436  0.66555911297296433 0.39928501957380436  0.66453031333343104 0.39928501957380436  0.66156258416777791 0.39928501957380436  0.65962133126353384 0.39928501957380436  0.65767672560654955 0.39928501957380436  0.65395119966153437 0.39928501957380436  0.65217085870288338 0.39928501957380436  0.6503875580401548 0.39928501957380436  0.64682907084851138 0.39928501957380436  0.64505393241779319 0.39928501957380436  0.64327573851658459 0.39928501957380436  0.64149442734042328 0.39928501957380436 
 0 5 0.025834809387204442 3 0.051737877045908882 3 0.077810467135583622 3 0.10384655158632086 3 0.13004459672597035 3 0.15619719148963032 3 0.182503326750029 3 0.20875440433374501 3 0.23514986224412804 3 0.26148012436569268 3 0.2879449906588239 3 0.31433412697032781 3 0.34084760376891338 3 0.36727455696927441 3 0.39381523141581187 3 0.42025846686848634 3 0.44680458339795776 3 0.47324236153491239 3 0.4997720961265455 3 0.52618274602724902 3 0.55267448084693416 3 0.57903667342503029 3 0.60546927028609188 3 0.63176228950247015 3 0.65811536052616648 3 0.68431937097036033 3 0.71057354472085288 3 0.7366698537665024 3 0.76280703496832858 3 0.78877834751323417 3 0.81478196823328453 3 0.8406126317793875 3 0.84342236783523472 3 0.84633150244897704 3 0.85204662404973253 3 0.86326528112996614 3 0.88495889134463634 3 0.92578826083395604 3 0.96304197882124432 3 1 5
7 0 0  4 122 41  110.8 46.565710572540333  110.1198182592328 46.244615354937139  109.43658824570696 45.929977353065887  108.75041530238917 45.621811565760822  107.37056991386089 45.017653375258945  106.67688244896173 44.721695294768764  105.98044465504161 44.432269881858268  104.57769790843719 43.864655727572128  103.87135418810814 43.586552928476522  103.1624320522367 43.315091615265089  101.74063201647164 42.78584256849873  101.02776105086826 42.52803622915954  100.31252317264236 42.276872562460532  98.873050922886279 41.786326430147554  98.148788270815487 41.547026976661336  97.422332965190478 41.314470243504793  95.966502068029499 40.863248560234155  95.237133735926022 40.644560215556055  94.505780567331456 40.432605755268696  93.034996705631272 40.020972053691054  92.295543805091654 39.821372190699016  91.554282562793986 39.628597953049535  90.069895963218443 39.257100337385268  89.326777761732757 39.078348400811265  88.582055315088013 38.906403936246157  87.085491418101583 38.575230333310415  86.333633348555665 38.416076334566846  85.580349754291589 38.263813627863698  84.072989970252976 37.973437026408256  83.318920341339719 37.835289117289406  82.563625619831726 37.704005635101389  81.046910155422054 37.454537246232867  80.285477842138249 37.336422735592251  79.523001453928643 37.225248848564242  77.998337380199985 37.017085198892367  77.236155119866297 36.920055760954085  76.473125678112794 36.829931869787188  74.941962846747188 36.66310658262033  74.173822356476904 36.586470433794581  73.40501813472126 36.51680860670416  71.868783735023158 36.391640731316215  71.101357268621953 36.336089230765822  70.333460601707458 36.287469154351001  68.793608893032584 36.203914107577454  68.021650615075785 36.169038928766902  67.249408199832672 36.14115662729629  65.707380953433713 36.099455288799454  64.937597516538617 36.08558499753331  64.1677203184923 36.078657145531544  62.624970863796527 36.07868637535276  61.852098616356344 36.085697583303023  61.079321494231849 36.099705356086382  59.537300678188132 36.141627484905058  58.768055443134926 36.169484852406043  57.999092776147812 36.204280975649887  56.459247578208014 36.287894238817294  55.688367680641029 36.336759724919538  54.917962282733441 36.392610650114669  53.381747171620979 36.517998751538308  52.615932360335918 36.587473367043273  51.850776776092019 36.663868301300248  50.31962689843494 36.830751079232186  49.553637250352566 36.921281468170989  48.788502022765918 37.018771192001466  47.263870088031773 37.227153934856617  46.504364112225971 37.337979079200217  45.745894766495972 37.455691079190593  44.22919856426752 37.705215763131683  43.470977772879763 37.837065262333795  42.713992260980035 37.975832630198369  41.206677452071126 38.266426614910088  40.456334122073088 38.418180399127884  39.707405923460023 38.57677206228351  38.210867397926194 38.908000314949568  37.463263995122468 39.08066815068355  36.71727798234604 39.260196429248246  35.232949171421474 39.631909128542958  34.494587015000462 39.824016213859984  33.758019848208086 40.022895991213495  32.287267206438251 40.434582275854737  31.55308899705911 40.647414709296548  30.820911738527915 40.867033395960036  29.365151409900545 41.318467256981116  28.641543142251418 41.550201148223302  27.920111205678012 41.788625437878544  26.480675706118493 42.279221701223186  25.762679288599525 42.531414615134331  25.047068879140227 42.790301829401976  23.625352143606278 43.31975952157697  22.919214329240152 43.590245423338239  22.215635626018564 43.867321240202365  20.812930789558695 44.434982731310384  20.113811289441049 44.725584775237166  19.417464205004567 45.02277022481654  18.035138217895263 45.628261013457347  17.349121164374179 45.936479235582674  16.666047185338673 46.251167449409103  15.912051649867156 46.607243073922916  15.838117785354346 46.642251871457468  15.764220124947173 46.677337025339227  15.613884530800497 46.748903896127914  15.537449213696934 46.785391109617315  15.461053003893282 46.821960134608929  15.234689497072907 46.930613069399072  15.084834456649928 47.002930850266225  14.935132076545839 47.075564123733528  14.492022978009054 47.291709188617716  14.199055124206273 47.436120675552473  13.906688644931378 47.58174586888633  13.050760669144568 48.012524291785084  12.488870500544598 48.300998332770845  11.929325222581522 48.593995467589778  10.323608151143969 49.4514437451177  9.283561507070127 50.027365194674445  8.2524788690235287 50.619194091949225  6.2986001207772446 51.781268471738642  5.3742286308943195 52.348865043809425  4.458024194137141 52.929558631905167  2.6498439038835579 54.112260466753369  1.7577334623313958 54.714062876917197  0.87433715238817555 55.328591535622039  0 55.955749824260138 
 0 5 0.025834809387204442 3 0.051737877045908882 3 0.077810467135583622 3 0.10384655158632086 3 0.13004459672597035 3 0.15619719148963032 3 0.182503326750029 3 0.20875440433374501 3 0.23514986224412804 3 0.26148012436569268 3 0.2879449906588239 3 0.31433412697032781 3 0.34084760376891338 3 0.36727455696927441 3 0.39381523141581187 3 0.42025846686848634 3 0.44680458339795776 3 0.47324236153491239 3 0.4997720961265455 3 0.52618274602724902 3 0.55267448084693416 3 0.57903667342503029 3 0.60546927028609188 3 0.63176228950247015 3 0.65811536052616648 3 0.68431937097036033 3 0.71057354472085288 3 0.7366698537665024 3 0.76280703496832858 3 0.78877834751323417 3 0.81478196823328453 3 0.8406126317793875 3 0.84342236783523472 3 0.84633150244897704 3 0.85204662404973253 3 0.86326528112996614 3 0.88495889134463634 3 0.92578826083395604 3 0.96304197882124432 3 1 5
1 0 0 0 -1 
1 110.8 0 0 1 
7 0 0  5 98 25  0.64149442736986473 0.39928501953297152  0.64176102914968125 0.40084738936819553  0.64202182378720551 0.40241181665027731  0.64227685776903676 0.40397821766199177  0.64252617521373956 0.4055465119034351  0.64301227515250381 0.40867909333424485  0.64324911270621599 0.41024336285889235  0.64348037158977456 0.41180935441725303  0.64370609051452732 0.41337699463810679  0.6441462138894879 0.41651324172815113  0.64436063369864816 0.41808184419078065  0.64456960148335873 0.41965195020431983  0.64477315120195522 0.4212234922148731  0.64516827101008023 0.42435973863167253  0.64535990652262165 0.42592442638434702  0.64554625222610962 0.42749040485248979  0.64572733714471409 0.42905761268641618  0.64600844202054564 0.43156472740153307  0.64611182081406371 0.43250388317773708  0.64621333035564965 0.43344344559556253  0.64631297616181393 0.43438340228609534  0.64650839201529131 0.43626255295773053  0.64660416809507415 0.4372017456986515  0.64669809696171843 0.43814130735704493  0.64679018359974061 0.439081226167574  0.64697054930917786 0.44096037376248692  0.64705883377673967 0.44189960153236996  0.64714529086478556 0.4428391624853435  0.64722992505379806 0.44377904541321289  0.64739544662753257 0.44565819019334729  0.64747633881960109 0.44659745122430838  0.64755542139296374 0.44753701152335179  0.6476326983531433 0.44847686039456758  0.64783542322138454 0.45100202486228358  0.64795755120551835 0.45258785288607567  0.64807457553749781 0.45417442126786811  0.6481865126694194 0.45576168148326757  0.64844132083559836 0.45954788099773253  0.64857954279777208 0.46174741155124899  0.64870808242585787 0.46394805387177385  0.6488269737648944 0.46614968868514833  0.6490931119008081 0.47151403393681474  0.64923015456491173 0.47467767940688688  0.64934745992893961 0.47784279142910507  0.64944509581757803 0.48100906243228103  0.64960106084655656 0.48733986135539664  0.64965943273264037 0.49050439446167177  0.64969829492207454 0.49366946846942072  0.64971769770510823 0.49683481411469077  0.64971769617418851 0.50317228379156786  0.64969820857019467 0.50634441552279386  0.64965917791131533 0.50951627381872966  0.64960055359308033 0.51268758769847245  0.64944408203286541 0.51902516200349824  0.64934627594410532 0.52219143130479462  0.64922879986782644 0.52535653959032247  0.64909158591616789 0.52852017920417038  0.64882536094414078 0.53388038562942097  0.64870659039531398 0.53607789189597499  0.64857820737307104 0.53827440850108565  0.64844017800132236 0.5404698168171661  0.64818584176483318 0.54424776655587359  0.64807417404194156 0.54583089818010944  0.6479574454871353 0.54741334143877862  0.64783563977497316 0.54899504818367029  0.64763327497500278 0.55151609282175695  0.64755600920676826 0.55245593895453093  0.64747693786014615 0.5533954965656479  0.64739605693033775 0.55433475496002571  0.64723055801174556 0.55621389407827504  0.64714593521760511 0.55715377398130905  0.64705948956344661 0.55809333196298705  0.64697121656956624 0.55903255681602426  0.64679087395505674 0.56091169816871866  0.6466987989404136 0.56185161365441405  0.64660488174068764 0.56279117204487394  0.64650911737219541 0.56373036157575851  0.64631372510740515 0.56560950539637722  0.64621409118093365 0.56654945844656379  0.64611259356742978 0.56748901728465972  0.64600922675127037 0.56842816954283948  0.64572769066395241 0.57093940786332209  0.64554613502714497 0.57251073675768072  0.64535929091727007 0.57408082982425646  0.64516712907891383 0.57564962522623464  0.64477193879813 0.57878582851627647  0.64456890121930821 0.58035323407815897  0.64436047392984197 0.58191921101035282  0.64414662323668259 0.58348369228819341  0.64370712014495757 0.5866158173424092  0.64348142368349059 0.58818344848259341  0.64325018747411788 0.58974943119131507  0.6430133728109243 0.59131369210474927  0.64252709272431241 0.59444771644131411  0.6422775617479568 0.59601745876884238  0.64202230369941571 0.59758530461500758  0.64176127435646335 0.59915117324548695  0.64149442728886885 0.60071498054108541 
 0 6 0.039544429951237171 4 0.07889646717626575 4 0.1181935925219265 4 0.15725137927417748 4 0.18062901142770579 4 0.20396867901697963 4 0.22727405870831177 4 0.25054862469695371 4 0.28978913243715637 4 0.34411365240292585 4 0.42209956787673697 4 0.50000076747073963 4 0.5780689766379643 4 0.65605508007548674 4 0.71027798437611989 4 0.74941649783363562 4 0.77269095354015216 4 0.79599621066479243 4 0.81933574272075138 4 0.84271322560441575 4 0.88187368385699738 4 0.92106752804841585 4 0.96041918712301078 4 1 6
7 0 0  5 98 25  0 -55.95574982426011  0.40771160706945209 -55.719377136877391  0.81770109854139705 -55.486933493522521  1.2299297816040011 -55.258468534656593  1.6443570946223729 -55.034031319619771  2.4754973452704592 -54.594381440441381  2.8921893541341559 -54.379129187945999  3.3109748131405405 -54.167961347239348  3.7318100471121469 -53.960924931419996  4.5768989747439335 -53.555490515091932  5.0011470827290605 -53.357080840605761  5.427348503968024 -53.162883224666324  5.8554560456056901 -52.972942755244162  6.7127665972664374 -52.602794975244613  7.1419470620121217 -52.42253540594929  7.5729139061661428 -52.246568160727804  8.0056171903383468 -52.074935386852076  8.7000036138388257 -51.807567924485838  8.9606055867370085 -51.709025286493009  9.2218000204228989 -51.612058924929372  9.4835755997094022 -51.516677444331059  10.007839928713445 -51.329253412530171  10.270326830866889 -51.237205688377912  10.533370006608427 -51.146754489827472  10.796957752687268 -51.057908011180018  11.324810526594103 -50.883568647640331  11.589073991740618 -50.798071025501734  11.853856672287403 -50.714189351443451  12.11914648643671 -50.631931376783157  12.650364382167343 -50.470784503394  12.916291157484048 -50.391891291560626  13.182699221394705 -50.314632511228311  13.449576125509964 -50.239015435336526  14.167628097581229 -50.040337796506421  14.619643726264552 -49.920315079769622  15.072895446259675 -49.80501272765521  15.527321063802811 -49.694462360499202  16.613500139005453 -49.44226705873168  17.246271246311998 -49.30500448198849  17.881000927118411 -49.176984082883337  18.517515073296096 -49.058274770383655  20.071691482537322 -48.791974003456595  20.991057964612786 -48.65432267098015  21.913202914544303 -48.536157010924754  22.837582187052242 -48.437607064007615  24.688686452543283 -48.27997071968862  25.615409860652623 -48.220841400249469  26.543249951438394 -48.181430953522352  27.471648417877194 -48.161754486424819  29.330433403773906 -48.161756038939927  30.260822206521645 -48.181518523320733  31.190648991971571 -48.221099814109834  32.119351860045036 -48.280484550433094  33.972412500386994 -48.438630559671275  34.896775880830518 -48.537350524139832  35.818901358565078 -48.655685573016846  36.73824484422515 -48.79350544625418  38.291181266471099 -49.059885388348867  38.926486210418538 -49.178470804750631  39.560012059992133 -49.306332005736827  40.191585703191436 -49.443400427086409  41.275383034056858 -49.695124747212986  41.7286224802993 -49.805407851993046  42.180693968154344 -49.920418189456392  42.631535788797706 -50.040124383352449  43.348422313485734 -50.238451024466919  43.615300746233032 -50.314057883110394  43.881710399550776 -50.391306463024208  44.147638824616607 -50.470189492077267  44.678860003459349 -50.631315981293277  44.944151451647095 -50.71356375291078  45.208935826366869 -50.797435241486141  45.473201045374573 -50.88292269646734  46.001057303433164 -51.057241701105042  46.264646780559886 -51.146077986296845  46.527691746892359 -51.236519009498522  46.790180498723558 -51.328556577136737  47.314448495741971 -51.515960264273659  47.576225894214772 -51.611331554943376  47.837422206103035 -51.708287745055529  48.098026115756554 -51.806820230768643  48.793562535687066 -52.074601328871935  49.227405093922165 -52.24668101663859  49.659502072382416 -52.42311799959576  50.089803138280402 -52.603869796312708  50.947081660565502 -52.974073424485063  51.374055977648389 -53.163532566605205  51.799134064489067 -53.357226393910139  52.222269100818814 -53.555110172177955  53.066258844153118 -53.959979709962923  53.487097512978572 -54.166998933560265  53.905886568245066 -54.378149631497152  54.32258233261971 -54.593384793435789  55.154117716424956 -55.033205364981015  55.568932397842524 -55.25783794633135  55.981544476664247 -55.486505776622153  56.391913277408626 -55.719159661636965  56.799999999999997 -55.955749824257779 
 0 6 0.039544429951237171 4 0.07889646717626575 4 0.1181935925219265 4 0.15725137927417748 4 0.18062901142770579 4 0.20396867901697963 4 0.22727405870831177 4 0.25054862469695371 4 0.28978913243715637 4 0.34411365240292585 4 0.42209956787673697 4 0.50000076747073963 4 0.5780689766379643 4 0.65605508007548674 4 0.71027798437611989 4 0.74941649783363562 4 0.77269095354015216 4 0.79599621066479243 4 0.81933574272075138 4 0.84271322560441575 4 0.88187368385699738 4 0.92106752804841585 4 0.96041918712301078 4 1 6
7 0 0  4 122 41  0.82807684525201808 0.60071498042619365  0.82685699258455214 0.60071498042619365  0.82563833149326205 0.60071498042619365  0.8244208306600167 0.60071498042619365  0.82198487043661861 0.60071498042619365  0.82076641704845121 0.60071498042619365  0.81954906447593945 0.60071498042619365  0.81710853342102596 0.60071498042619365  0.81588536895881569 0.60071498042619365  0.81466325109383564 0.60071498042619365  0.81222274760336866 0.60071498042619365  0.8110043591558751 0.60071498042619365  0.80978694393876682 0.60071498042619365  0.80734642075582386 0.60071498042619365  0.80612332449447754 0.60071498042619365  0.80490114053379003 0.60071498042619365  0.8024606413246318 0.60071498042619365  0.80124232305028742 0.60071498042619365  0.80002483953456371 0.60071498042619365  0.79758432338784169 0.60071498042619365  0.79636130014967854 0.60071498042619365  0.79513904486266973 0.60071498042619365  0.79269854885839053 0.60071498042619365  0.79148030509972445 0.60071498042619365  0.7902627485567949 0.60071498042619365  0.78782223857665001 0.60071498042619365  0.78659929229412873 0.60071498042619365  0.78537696137469526 0.60071498042619365  0.78293646751004209 0.60071498042619365  0.78171830173364831 0.60071498042619365  0.78050066834333554 0.60071498042619365  0.77806016363198016 0.60071498042619365  0.77683729736190044 0.60071498042619365  0.77561488741018669 0.60071498042619365  0.77317439463511872 0.60071498042619365  0.77195630944522964 0.60071498042619365  0.7707385962772979 0.60071498042619365  0.76829809591269904 0.60071498042619365  0.76707531184884581 0.60071498042619365  0.76585282035286917 0.60071498042619365  0.76341232763496192 0.60071498042619365  0.76219432478460325 0.60071498042619365  0.76097652978128916 0.60071498042619365  0.75853603281956938 0.60071498042619365  0.75731333230217923 0.60071498042619365  0.75609075762143529 0.60071498042619365  0.75365026394715529 0.60071498042619365  0.75243234434543671 0.60071498042619365  0.7512144663068735 0.60071498042619365  0.74877397178364913 0.60071498042619365  0.74755135530435735 0.60071498042619365  0.7463286966571463 0.60071498042619365  0.74388820103240183 0.60071498042619365  0.74267036474700354 0.60071498042619365  0.74145240332084228 0.60071498042619365  0.73901191025182866 0.60071498042619365  0.7377893774535782 0.60071498042619365  0.73656663490895147 0.60071498042619365  0.7341261363593945 0.60071498042619365  0.73290838261378943 0.60071498042619365  0.73169033828984531 0.60071498042619365  0.72924984567115536 0.60071498042619365  0.72802739534271621 0.60071498042619365  0.7268045698177199 0.60071498042619365  0.72436406738914083 0.60071498042619365  0.72314639455466267 0.60071498042619365  0.72192826866478743 0.60071498042619365  0.71948777547330445 0.60071498042619365  0.71826540553883134 0.60071498042619365  0.71704249880097237 0.60071498042619365  0.71460199156023041 0.60071498042619365  0.71338439714346169 0.60071498042619365  0.71216619186652608 0.60071498042619365  0.70972569706076727 0.60071498042619365  0.70850340456507799 0.60071498042619365  0.70728041923967255 0.60071498042619365  0.70483990627651283 0.60071498042619365  0.70362238690305945 0.60071498042619365  0.70240410527432917 0.60071498042619365  0.69996360779623235 0.60071498042619365  0.69874138888718085 0.60071498042619365  0.69751832846859685 0.60071498042619365  0.69507780889875626 0.60071498042619365  0.69386036029499965 0.60071498042619365  0.69264200621872318 0.60071498042619365  0.69020150499680322 0.60071498042619365  0.68897935490665596 0.60071498042619365  0.68775622377198375 0.60071498042619365  0.68531569674197279 0.60071498042619365  0.68409831371697793 0.60071498042619365  0.68287989198046495 0.60071498042619365  0.68043938593484077 0.60071498042619365  0.67921729896312988 0.60071498042619365  0.67799410238629265 0.60071498042619365  0.67555356708021996 0.60071498042619365  0.67433624351062593 0.60071498042619365  0.67311775979750776 0.60071498042619365  0.67176541407478729 0.60071498042619365  0.67163272953198883 0.60071498042619365  0.67150003085016585 0.60071498042619365  0.67122991021471945 0.60071498042619365  0.67109248724012505 0.60071498042619365  0.67095504902059711 0.60071498042619365  0.67054756210913613 0.60071498042619365  0.67027746969814883 0.60071498042619365  0.6700073179413506 0.60071498042619365  0.66920668744009981 0.60071498042619365  0.6686760384111573 0.60071498042619365  0.66814515688769527 0.60071498042619365  0.66658701599894721 0.60071498042619365  0.66555911297296411 0.60071498042619365  0.66453031333343116 0.60071498042619365  0.66156258416777813 0.60071498042619365  0.65962133126353351 0.60071498042619365  0.65767672560654977 0.60071498042619365  0.65395119966153448 0.60071498042619365  0.65217085870288338 0.60071498042619365  0.6503875580401548 0.60071498042619365  0.64682907084851182 0.60071498042619365  0.64505393241779474 0.60071498042619365  0.64327573851658615 0.60071498042619365  0.64149442734042561 0.60071498042619365 
 0 5 0.025834809387074626 3 0.051737877045639494 3 0.077810467135171396 3 0.10384655158577312 3 0.13004459672530058 3 0.15619719148887448 3 0.18250332674921541 3 0.20875440433288575 3 0.23514986224322537 3 0.26148012436477552 3 0.28794499065794521 3 0.31433412696951391 3 0.34084760376817663 3 0.36727455696860012 3 0.39381523141518576 3 0.42025846686789381 3 0.44680458339736512 3 0.47324236153430282 3 0.49977209612594298 3 0.52618274602666304 3 0.55267448084635995 3 0.57903667342447507 3 0.6054692702855532 3 0.63176228950195989 3 0.65811536052568476 3 0.68431937096988549 3 0.71057354472038736 3 0.73666985376606031 3 0.76280703496791713 3 0.78877834751285558 3 0.81478196823294835 3 0.84061263177910284 3 0.84342236783495628 3 0.84633150244870492 3 0.85204662404947284 3 0.86326528112973078 3 0.88495889134444583 3 0.92578826083384091 3 0.96304197882119136 3 1 5
7 0 0  4 122 41  110.8 46.565710572538073  110.1198182592331 46.244615354935029  109.4365882457073 45.929977353063734  108.75041530238975 45.621811565758833  107.37056991386214 45.01765337525724  106.67688244896213 44.721695294766775  105.98044465504231 44.432269881856328  104.57769790843804 43.864655727570259  103.87135418810867 43.586552928474546  103.16243205223762 43.315091615263228  101.74063201647192 42.785842568496641  101.02776105086971 42.528036229157863  100.31252317264266 42.276872562458486  98.873050922886932 41.786326430145635  98.148788270816368 41.547026976659438  97.422332965190961 41.314470243502818  95.966502068029243 40.863248560231952  95.237133735928253 40.644560215554534  94.505780567331144 40.432605755266486  93.034996705631926 40.020972053689121  92.295543805091711 39.821372190696962  91.554282562794867 39.628597953047652  90.069895963218272 39.257100337383122  89.326777761734306 39.078348400809546  88.582055315087842 38.906403936244047  87.085491418102578 38.575230333308561  86.33363334855548 38.416076334564771  85.580349754292229 38.263813627861758  84.07298997025228 37.973437026406053  83.318920341341993 37.835289117287765  82.5636256198311 37.704005635099236  81.04691015542177 37.454537246230771  80.285477842139457 37.336422735590403  79.523001453928543 37.225248848562217  77.998337380199871 37.017085198890335  77.236155119867192 36.920055760952152  76.473125678112723 36.829931869785163  74.941962846747487 36.663106582618347  74.173822356477046 36.586470433792591  73.405018134721516 36.516808606702178  71.868783735023641 36.391640731314254  71.101357268621484 36.336089230763811  70.333460601707884 36.287469154349026  68.793608893032697 36.203914107575471  68.021650615075842 36.169038928764934  67.249408199832729 36.141156627294301  65.707380953434182 36.099455288797472  64.93759751653775 36.085584997531335  64.167720318492897 36.078657145529569  62.624970863796911 36.078686375350784  61.852098616355697 36.085697583301041  61.079321494232119 36.099705356084414  59.537300678188309 36.141627484903097  58.768055443134529 36.169484852404082  57.999092776147783 36.204280975647904  56.459247578207084 36.287894238815362  55.688367680642095 36.336759724917506  54.917962282732717 36.392610650112751  53.381747171621093 36.517998751536325  52.615932360335151 36.587473367041362  51.850776776092133 36.663868301298251  50.319626898434535 36.830751079230247  49.553637250352544 36.921281468168992  48.788502022765506 37.018771191999548  47.263870088031389 37.227153934854698  46.504364112225687 37.33797907919827  45.745894766495667 37.455691079188647  44.229198564267158 37.70521576312975  43.470977772879479 37.837065262331848  42.713992260979502 37.975832630196457  41.206677452070501 38.266426614908198  40.456334122073038 38.418180399125916  39.707405923459312 38.576772062281655  38.210867397926023 38.908000314947607  37.46326399512143 39.080668150681767  36.717277982345792 39.260196429246271  35.232949171421268 39.631909128540975  34.494587014999475 39.824016213858251  33.758019848207681 40.02289599121157  32.287267206437456 40.434582275852925  31.553088997058897 40.647414709294573  30.82091173852708 40.867033395958266  29.365151409899731 41.318467256979339  28.641543142251027 41.550201148221362  27.920111205677173 41.788625437876775  26.480675706117808 42.279221701221367  25.762679288598687 42.531414615132562  25.04706887913963 42.790301829400121  23.625352143605401 43.319759521575222  22.919214329239615 43.590245423336363  22.21563562601769 43.867321240200617  20.812930789557722 44.434982731308672  20.11381128944053 44.725584775235284  19.417464205003647 45.022770224814813  18.035138217894279 45.628261013455656  17.34912116437356 45.936479235580819  16.666047185337682 46.251167449407433  15.912051649866273 46.607243073921197  15.838117785353475 46.642251871455741  15.764220124946279 46.677337025337494  15.613884530799604 46.74890389612618  15.537449213696044 46.785391109615581  15.461053003892387 46.821960134607224  15.234689497071987 46.930613069397381  15.084834456649073 47.002930850264505  14.935132076544905 47.075564123731823  14.492022978008126 47.291709188616004  14.199055124205387 47.436120675550775  13.906688644930451 47.581745868884632  13.050760669143711 48.01252429178335  12.488870500543555 48.300998332769247  11.929325222580614 48.593995467588051  10.323608151143091 49.451443745115967  9.2835615070689563 50.027365194672896  8.2524788690226085 50.61919409194752  6.2986001207762143 51.781268471737008  5.374228630893243 52.348865043807841  4.458024194136069 52.929558631903561  2.6498439038826804 54.112260466751636  1.7577334623309624 54.71406287691515  0.87433715238784981 55.328591535619935  0 55.955749824257779 
 0 5 0.025834809387074626 3 0.051737877045639494 3 0.077810467135171396 3 0.10384655158577312 3 0.13004459672530058 3 0.15619719148887448 3 0.18250332674921541 3 0.20875440433288575 3 0.23514986224322537 3 0.26148012436477552 3 0.28794499065794521 3 0.31433412696951391 3 0.34084760376817663 3 0.36727455696860012 3 0.39381523141518576 3 0.42025846686789381 3 0.44680458339736512 3 0.47324236153430282 3 0.49977209612594298 3 0.52618274602666304 3 0.55267448084635995 3 0.57903667342447507 3 0.6054692702855532 3 0.63176228950195989 3 0.65811536052568476 3 0.68431937096988549 3 0.71057354472038736 3 0.73666985376606031 3 0.76280703496791713 3 0.78877834751285558 3 0.81478196823294835 3 0.84061263177910284 3 0.84342236783495628 3 0.84633150244870492 3 0.85204662404947284 3 0.86326528112973078 3 0.88495889134444583 3 0.92578826083384091 3 0.96304197882119136 3 1 5
7 0 0  4 8 3  0.68739737382512667 0.56771536039812887  0.68715287443505069 0.57184050988056578  0.68688735086778829 0.57596843779607843  0.68660033600011139 0.5800992136664368  0.68598328450940271 0.58834997889271101  0.68565342065254808 0.59246994685058452  0.68530099082949181 0.59659251766168431  0.68492519301042776 0.6007173805413899 
 0 5 0.5009851476258752 3 1 5
7 0 0  4 8 3  0 -9.3053436026253671  1.1455272268060257 -9.6750488684050069  2.2819726983593034 -10.072894680877265  3.4083899790204022 -10.498261688948279  5.6350938538371143 -11.400855983332615  6.7354661412105834 -11.877873563348947  7.8242194402641347 -12.380807647066401  8.9006263256203191 -12.908906246932006 
 0 5 0.5009851476258752 3 1 5
7 0 0  4 8 3  0.70359469447681999 0.56771536039384274  0.7015719420921529 0.56771536039384274  0.69954708654395981 0.56771536039384274  0.69751995206656403 0.56771536039384274  0.69347092395714216 0.56771536039384274  0.69144905484762109 0.56771536039384274  0.68942459217351904 0.56771536039384274  0.68739737374012011 0.56771536039384274 
 0 5 0.50125210981411561 3 1 5
7 0 0  4 8 3  10 6.1544451426473259  8.7296042061267318 6.4914313209403165  7.4643485062612571 6.8477948053346642  6.2047001191314299 7.2235088593675805  3.7038392263799613 8.0115934241627027  2.4625661413323816 8.4237713460728187  1.2277912240848778 8.8550366504023508  0 9.3053436026253671 
 0 5 0.50125210981411561 3 1 5
7 0 0  4 8 3  0.70359469454870549 0.56771536039880166  0.70341801664045778 0.57183685981876564  0.70322613569154202 0.5759633654818741  0.70301869416462015 0.58009523981252453  0.70257306211017068 0.58834544409195777  0.70233506172886584 0.5924637079604419  0.70208073833966822 0.59658767685095948  0.70180947982171171 0.6007173805413899 
 0 5 0.50149615031550421 3 1 5
7 0 0  4 8 3  0 -6.1544451426473037  1.144513628155841 -6.5106491831927684  2.2805815462154624 -6.8939907647446814  3.4073174391776488 -7.3039120989972046  5.6338700905069219 -8.1730453678068926  6.7338076858156857 -8.6319493073098386  7.8229562026373536 -9.1158685252715959  8.9006263256203191 -9.6241249552948034 
 0 5 0.50149615031550421 3 1 5
7 0 0  4 8 3  0.77295478727871914 0.56771536039935933  0.77304022177484055 0.57183379149548774  0.77313301232893761 0.57595909986494143  0.77323334000242727 0.58009189611781486  0.77344872762530137 0.58834164887253426  0.77356366904868112 0.59245848406440227  0.77368651064344929 0.59658362102487561  0.77381756175676775 0.6007173805413899 
 0 5 0.50192497067239272 3 1 5
7 0 0  4 8 3  0 -3.2190282609398504  1.1436615745482346 -3.5635208238809963  2.2794116194713552 -3.9342791223195128  3.4064149793877512 -4.330795552674882  5.6328459104230637 -5.1709530786739517  6.7324190043214216 -5.6142099870863094  7.821897811304158 -6.0816973960872955  8.9006263256203191 -6.5727977050462272 
 0 5 0.50192497067239272 3 1 5
7 0 0  4 8 3  0.78849985808989531 0.56771536039384274  0.78655345315479108 0.56771536039384274  0.7846086841154104 0.56771536039384274  0.78266539059282525 0.56771536039384274  0.77877944510460784 0.56771536039384274  0.77683679589925625 0.56771536039384274  0.77489529844250937 0.56771536039384274  0.77295478731377543 0.56771536039384274 
 0 5 0.4997448426241039 3 1 5
7 0 0  4 8 3  10 4.9469189396531199  8.7608458032992615 4.6766965587523917  7.5177477098528547 4.4245598412305611  6.2711164061508793 4.1905266104169767  3.770317719223736 3.7584723594170941  2.5161440225852814 3.5604883924866084  1.2592385635425163 3.3806707410723944  0 3.2190282609398517 
 0 5 0.4997448426241039 3 1 5
7 0 0  4 8 3  0.78849985804451206 0.56771536039903825  0.78864505861614997 0.57183556133090208  0.78880275681280332 0.57596156050462921  0.78897325234003723 0.58009382515441765  0.78933941553889653 0.58834383613653762  0.7895349078313697 0.5924614949806053  0.78974381997713461 0.5965859589834388  0.78996666462003973 0.6007173805413899 
 0 5 0.50167770544168944 3 1 5
7 0 0  4 8 3  0 -4.9469189396531164  1.1441530464410541 -5.2982092451324805  2.2800864993233003 -5.6762715117396132  3.4069356243560205 -6.0805693673389296  5.6334361667677531 -6.9375399315876205  6.7332194079498953 -7.3898716654637724  7.8225079151472485 -7.8668897570914345  8.9006263256203191 -8.3679419201149869 
 0 5 0.50167770544168944 3 1 5
7 0 0  5 54 14  0.82807684525859826 0.39928501953305678  0.82773122203443061 0.40236262598178241  0.82740058737463362 0.40544096013616304  0.82708463908570307 0.40851980440345093  0.82678310678434441 0.4115989760451596  0.82620889210025916 0.41775237283142486  0.82593616053419405 0.42082659729844191  0.82567731990229709 0.42390085305034553  0.82543216094947414 0.42697502340546556  0.82492343840325433 0.43372553223141797  0.82466568530243545 0.43740179890571657  0.82442693237203313 0.44107766825364536  0.82420692192610912 0.44475305757275846  0.82386398053215648 0.45100809454869484  0.82373165363224532 0.45358801090657302  0.82360838867187236 0.45616765327237668  0.8234941227728434 0.45874701754414693  0.82328343999301512 0.46390627038268911  0.82318703031027352 0.4664861589227276  0.82309952139469966 0.4690657818979117  0.82302086870488811 0.47164515418286534  0.8228811789337851 0.47680433670082178  0.82282014769359368 0.47938414715348665  0.82276790590730065 0.48196375394236357  0.8227244230414712 0.4845431877348611  0.82265491848866856 0.48970231000267417  0.82262890002085487 0.49228199906286019  0.82261159423024988 0.49486159138974994  0.82260297895745293 0.49744113173169691  0.82260310999338049 0.50352164926831566  0.82261915738867064 0.50702263132820324  0.82265122754179998 0.51052373505409609  0.82269937411502947 0.51402508442026429  0.82282781784238046 0.52102043268950671  0.822908041626638 0.52451443817935428  0.82300441192309082 0.52800883695480083  0.82311701911951363 0.53150369915119255  0.82337487661340703 0.53849250716435149  0.82352010950630894 0.54198645787075117  0.82368180028142179 0.54548091760184392  0.82386009803138205 0.54897589252482526  0.82425017870849082 0.55596497544331147  0.824461944516648 0.55945908662131694  0.82469067173596233 0.56295362402774873  0.82493658398002223 0.56644851351246117  0.82543220146213492 0.57302585722630128  0.82567802729988204 0.576108263639452  0.82593760842019359 0.57919075583296264  0.82621115581407678 0.58227321612996019  0.82678575676731592 0.58842808065575669  0.82708672144049655 0.5915004859063584  0.82740204007474072 0.59457256450653539  0.82773198133405557 0.59764413483018453  0.82807684531029879 0.60071498054138994 
 0 6 0.076384822291382187 4 0.1526380395978485 4 0.24383705499453368 4 0.30786926295302441 4 0.37192797581418363 4 0.43600884405797558 4 0.50010273855455134 4 0.58709159360650343 4 0.67388225517656686 4 0.76062622818911041 4 0.84732546836709477 4 0.92378297337322246 4 1 6
7 0 0  5 54 14  0 -46.565710572540326  0.80312346209472896 -46.155838732185664  1.6131923284342018 -45.759575711170939  2.4299570111887525 -45.377192760852076  3.2531495845092535 -45.008951867082978  4.9103891075559183 -44.301869282117217  5.7444150550086874 -43.96297762393425  6.5842766368552628 -43.63868233670901  7.429671148021745 -43.329222099312531  9.2976060331986066 -42.682720390287649  10.322390644375732 -42.352160955150154  11.354082530663135 -42.043529757905219  12.392100183643521 -41.757180797563272  14.168643523776456 -41.308240632318039  14.904274795340735 -41.134192929917461  15.642507737973943 -40.971391910798651  16.383122213135159 -40.819934331446269  17.868967448624741 -40.53981809573321  18.614200260070927 -40.4111685815786  19.361361945389525 -40.294041879871742  20.110219496211492 -40.188508433464406  21.61110898449494 -40.000706896578187  22.363142316027862 -39.918446480000696  23.116395550135877 -39.847898498955445  23.870626711778723 -39.789100314411407  25.380708323084285 -39.695031725744457  26.13655961532994 -39.65976565550244  26.89289915299571 -39.636291609182351  27.64948186969206 -39.624605692007592  29.432902575457675 -39.624783431812901  30.459741169131942 -39.646550431207572  31.48596540503965 -39.690050898255024  32.510963095176308 -39.755268448614231  34.554951102434337 -39.928777814589523  35.57395212265083 -40.036971338242175  36.590519606262639 -40.166621925426043  37.604063266155528 -40.317586048748744  39.623407151552961 -40.661666163954848  40.629212808353984 -40.854759692763189  41.630849402562824 -41.068761847544728  42.62776666903941 -41.303435468478  44.610594476134466 -41.813449398128682  45.596511465287286 -42.088768932338475  46.576660317554428 -42.384194832306115  47.550542747400399 -42.699421665775958  49.370582613726789 -43.329277601109354  50.218238428179028 -43.639578772579306  51.06033121004581 -43.964794315878301  51.896555845743912 -44.304683607392434  53.554083629727565 -45.012188011056402  54.375425580590516 -45.379712964113388  55.19036667896944 -45.761316761213209  55.998640800950383 -46.156739118564381  56.799999999999997 -46.565710572538066 
 0 6 0.076384822291382187 4 0.1526380395978485 4 0.24383705499453368 4 0.30786926295302441 4 0.37192797581418363 4 0.43600884405797558 4 0.50010273855455134 4 0.58709159360650343 4 0.67388225517656686 4 0.76062622818911041 4 0.84732546836709477 4 0.92378297337322246 4 1 6
7 0 0  4 14 5  0.82282275150350903 0.52049212703251913  0.82161164533217534 0.52049212703251913  0.82040165223915296 0.52049212703251913  0.81919274062998448 0.52049212703251913  0.81677985789314289 0.52049212703251913  0.81557588197894271 0.52049212703251913  0.81437291613456775 0.52049212703251913  0.81196132589133618 0.52049212703251913  0.8107527139031685 0.52049212703251913  0.80954505620955852 0.52049212703251913  0.80713017978936319 0.52049212703251913  0.80592296310387257 0.52049212703251913  0.80471663267262528 0.52049212703251913  0.80351115209025137 0.52049212703251913 
 0 5 0.24957991568221963 3 0.49857199354831916 3 0.74914072177788138 3 1 5
7 0 0  4 14 5  12 9.4218735811981489  11.267493037534354 9.1030806564297038  10.531999776064035 8.7911495114561777  9.7936289769299254 8.4860936979553436  8.3130915288058702 7.8904584385956777  7.5709379219449371 7.5998465960681827  6.8261326737544099 7.3161010302092393  5.3266949645554096 6.7606092898376042  4.572030145899455 6.4889504812741281  3.8148917230778836 6.2242655176673747  2.2949957739470412 5.7085619007678705  1.5322327563103866 5.4575594566330219  0.76719980619080241 5.2135645414412695  0 4.9765845965622759 
 0 5 0.24957991568221963 3 0.49857199354831916 3 0.74914072177788138 3 1 5
7 0 0  4 14 5  0.8035111520440763 0.47950787294566172  0.80347202426920061 0.48207346523692024  0.80343947574344676 0.48463844595504063  0.80341347598224355 0.48720295482760856  0.80337457195965856 0.49232568684984612  0.80336163888514311 0.49488391167350509  0.80335518120609406 0.49744197158945319  0.80335518132515249 0.50256633051936506  0.80336168079098691 0.50513262976596607  0.8033746974884628 0.50769909552148862  0.80341372733997762 0.51282181799893933  0.80343968541997968 0.51537807229563104  0.80347215025995367 0.51793479585487046  0.80351115204516732 0.52049212705505821 
 0 5 0.25027605699772437 3 0.50000076611216204 3 0.75052982058049367 3 1 5
7 0 0  4 14 5  0 -4.9765845965598619  0.74860949356917639 -4.9059178453101753  1.4983282964243669 -4.847001125049335  2.2488809303526884 -4.7998787650517194  3.7494414002673624 -4.7293191811695623  4.4994470539733573 -4.7058297792720376  5.2497281966696194 -4.6941011977509408  6.7527068185669412 -4.6941014139877639  7.5054045611730036 -4.7059058895268073  8.25782413790634 -4.729547169773535  9.7583692806884237 -4.8003343265759124  10.506499814607707 -4.8473806662914409  11.253800995121765 -4.9061453890507449  12 -4.9765845965622804 
 0 5 0.25027605699772437 3 0.50000076611216204 3 0.75052982058049367 3 1 5
7 0 0  4 14 5  0.82282275150350737 0.4795078729674811  0.82161164533217401 0.4795078729674811  0.82040165223915229 0.4795078729674811  0.81919274062998404 0.4795078729674811  0.81677985789314289 0.4795078729674811  0.81557588197894271 0.4795078729674811  0.81437291613456786 0.4795078729674811  0.81196132589133607 0.4795078729674811  0.81075271390316861 0.4795078729674811  0.80954505620955852 0.4795078729674811  0.80713017978936297 0.4795078729674811  0.8059229631038719 0.4795078729674811  0.80471663267262439 0.4795078729674811  0.80351115209025015 0.4795078729674811 
 0 5 0.2495799156821393 3 0.49857199354825027 3 0.74914072177782387 3 1 5
7 0 0  4 14 5  12 9.4218735811956194  11.267493037534576 9.1030806564272808  10.531999776064559 8.79114951145384  9.7936289769305898 8.4860936979530983  8.3130915288067975 7.8904584385935408  7.5709379219458386 7.5998465960660262  6.8261326737553167 7.3161010302071041  5.326694964556224 6.760609289835438  4.5720301459003849 6.4889504812719885  3.8148917230786692 6.2242655176652049  2.294995773947671 5.708561900765651  1.5322327563107758 5.4575594566306753  0.76719980619102912 5.2135645414389336  0 4.9765845965598769 
 0 5 0.2495799156821393 3 0.49857199354825027 3 0.74914072177782387 3 1 5
1 0 0 0 -1 
1 0 0 0 1 
1 0 0 0 1 
1 0 20 1 0 
1 0 0 0 -1 
1 12 0 0 1 
1 0 -20 1 0 
1 0 12 1 0 
1 12 0 0 1 
1 0 20 1 0 
1 0 -20 1 0 
1 0 0 1 0 
1 12 0 0 -1 
1 0 0 0 1 
1 12 0 0 -1 
1 12 0 0 1 
1 9 0 0 -1 
1 10 0 0 1 
1 0 -20 1 0 
1 0 10 1 0 
1 0 0 0 -1 
1 10 0 0 1 
8 18.491768799711082 35.25
1 88.400000000000006 15.25 0 1 
8 18.491768799711082 35.25
1 8.8999999999999986 15.25 0 -1 
7 0 0  5 6 2  0 -3.24176879971108  1.843266705531805 -3.7937117612286291  3.6674836895528813 -4.4092874726758335  5.4699311082780673 -5.0868733638814803  7.2481676368066488 -5.8245996346915412  9 -6.6204347200297313 
 0 6 1 6
7 0 0  5 6 2  0.78787758724670809 0.56650024894254136  0.78809812340284502 0.5730079087521317  0.78834723392740613 0.57952883424426638  0.78862581222061612 0.58606445176500888  0.78893503511026652 0.59261586906173036  0.78927645545246128 0.59918358182810039 
 0 6 1 6
7 0 0  5 6 2  0 -1.5390893176176093  1.841679572616945 -2.0804563053151934  3.665017653457824 -2.6842331199190892  5.4673889876118462 -3.3488835898556486  7.2464277056788058 -4.0726357910048456  9 -4.8535603216884224 
 0 6 1 6
7 0 0  5 6 2  0.7725883775016158 0.56650024894254136  0.77271816373264968 0.57300230537360186  0.77286476359209433 0.5795199893144668  0.77302871598323519 0.58605515035900346  0.77321073018466979 0.59260934596732873  0.77341174433352811 0.59918358182810039 
 0 6 1 6
7 0 0  4 5 2  10 6.6204347200297322  7.5213635246402291 6.0675015894634878  5.0262099097822635 5.5886173003888109  2.5179794551193941 5.1839436016886165  0 4.8535603216884233 
 0 5 1 5
7 0 0  4 5 2  0.78927645545246128 0.59918358182810039  0.78530134771444504 0.59918358182810039  0.78133309777826898 0.59918358182810039  0.77737035785186781 0.59918358182810039  0.77341174433352811 0.59918358182810039 
 0 5 1 5
7 0 0  4 8 3  88.413625338914557 37.078136168944511  87.107133702907078 36.786666038152774  85.796054571855905 36.515759267865377  84.480891944797094 36.265439908632516  81.846864779514107 35.806615781720694  80.528019251693934 35.598002573202024  79.206093948127545 35.409902425604756  77.881571873644589 35.242326748101434 
 0 5 0.50065991276049504 3 1 5
7 0 0  4 8 3  0.78927885545246124 0.59880882653627443  0.78718458042020101 0.59880882653627443  0.785092208687306 0.59880882653627443  0.7830015435354073 0.59880882653627443  0.7788287338920642 0.59880882653627443  0.77674658155872134 0.59880882653627443  0.77466572965157965 0.59880882653627443  0.77258597750161584 0.59880882653627443 
 0 5 0.50065991276049504 3 1 5
1 0 0 0 1 
1 0 20 1 0 
1 0 -20 1 0 
1 0 0 1 0 
1 9 0 0 1 
1 0 20 1 0 
2 4.4999999999999964 5 0 1 1 -0 2.25
1 0 4 1 0 
7 0 0  3 201 199  -1.7763568394002505e-15 18.073551785526817  0.010143432562423744 18.064834054294366  0.03045503236688183 18.047486060644211  0.061002168062834344 18.021749307307086  0.0916347012172926 17.996320343088065  0.12235783998371115 17.971222695465705  0.15317652374031027 17.94648050569867  0.1840953990628475 17.922118597302386  0.21511884815746543 17.898162426461905  0.24625099936454703 17.874638061291066  0.27749573823172735 17.851572150555857  0.30885671373511159 17.828991892481241  0.34033734125953818 17.806925000545391  0.37194080001188229 17.785399668027747  0.40367003155977393 17.764444527338785  0.4355277143871582 17.74408861825788  0.46751630791326437 17.724361312539195  0.49963781740598789 17.705292390927024  0.53189458116652466 17.686911540949396  0.56428622406658968 17.669250005976256  0.59680947536463469 17.652340155445703  0.62946371447285387 17.636212494668985  0.66224679356269367 17.620897829399784  0.69515607988274519 17.606426502757007  0.72818810335486783 17.59282840234486  0.76133849436497614 17.580132801306487  0.79460211110726542 17.568368059025801  0.82797282887206058 17.557561591714201  0.86144386200313705 17.547739298976133  0.89500732833319474 17.538925728248131  0.9286561143779869 17.531143341318362  0.96237975261022568 17.524413180204611  0.99616798472415469 17.518753848689499  1.0300102606408381 17.514181473087866  1.0638957324928811 17.510709563293972  1.0978129992746373 17.508348899090596  1.1317502892549496 17.507107415129308  1.1656940853789566 17.506990065967312  1.1996336868620141 17.507998774686346  1.2335565613053643 17.510132357309882  1.2674496569276128 17.5133865178741  1.3013011069271185 17.517753984874766  1.3350995674969888 17.523224599690614  1.3688342207579542 17.52978542438181  1.4024945313015855 17.537420820011913  1.436070380531286 17.546112623501433  1.4695510024881637 17.555839959828521  1.5029286083858264 17.566580478511856  1.5361963070186984 17.578309916380427  1.5693471053543548 17.591002312735458  1.6023751163062865 17.604630346732794  1.6352751595568242 17.619165329673265  1.668043066689824 17.634577798843079  1.7006755169829384 17.650837499541584  1.7331700658451095 17.667913676289594  1.7655250395062769 17.685775178914383  1.7977394740681256 17.704390613377953  1.8298130932970429 17.723728497749512  1.8617461766612746 17.743757352862932  1.8935398826769612 17.76444599411812  1.9251961531420385 17.785763659188664  1.95671731202344 17.807679860141185  1.9881061351572715 17.830164500900842  2.0193658104255103 17.853187928028174  2.0504999414168856 17.876721004246196  2.0815125301567821 17.900735157660247  2.1124080459395276 17.925202505450891  2.1431910396787646 17.950095577034784  2.1738665509610016 17.975387608674556  2.2044397469862145 18.001052400991028  2.2349159295341199 18.027064262158312  2.265300836428418 18.05339825280095  2.2955995875587436 18.080029263209401  2.325817578826423 18.106932848587189  2.3559615845804776 18.134086155081736  2.3860378756322258 18.161466284935504  2.4160527522042705 18.189050725395632  2.4460124370494927 18.216817232702734  2.475923138546376 18.244743862293795  2.5057910676135227 18.272808960289389  2.5356224659113691 18.300991164847478  2.5654236342906733 18.329269407980686  2.5952009508476648 18.35762290688022  2.6249609348167633 18.386031197959877  2.6547101445706636 18.414474011733976  2.6844557028665106 18.442931742859599  2.7142032123475275 18.471383435498947  2.7439589591934812 18.499808836314575  2.773729374555097 18.528187873408609  2.8035207242853444 18.55650033196904  2.8333392262236852 18.584725937407793  2.8631910753417262 18.612844347162611  2.893082419279779 18.640835100350074  2.9230196326537916 18.668677827353839  2.9530076820334323 18.696350761305752  2.9830534239009254 18.723833744072593  3.0131631130349663 18.751105875027516  3.0433427350216182 18.778145816621308  3.0735979582797812 18.804931740263214  3.103934182925562 18.831441367831527  3.134356559108507 18.857651986989033  3.164870009411433 18.883540473122277  3.1954792464339117 18.909083309288352  3.2261887882478693 18.934256606654738  3.2570029712250803 18.959036124941534  3.2879259605173221 18.983397293182513  3.3189617581156621 19.00731523086553  3.35011420862884 19.030764769728897  3.3813870019990309 19.05372047589098  3.4127836754381105 19.076156674154237  3.4443076051381918 19.098047468289003  3.4759620218013856 19.119366781062404  3.507749921474383 19.140088325991101  3.5396743496434531 19.160185839967564  3.5717372730061729 19.179632349024342  3.603933135934795 19.198396764931985  3.6362627664693092 19.216452413405367  3.6687249219238796 19.23377180373495  3.7013182055784837 19.250327971752998  3.7340404894101948 19.266094248699822  3.7668890096511407 19.281044465231492  3.7998601890265111 19.295152988955554  3.8329498537993061 19.308395027349253  3.8661529337661809 19.320746541375716  3.8994638907371511 19.332184775966837  3.9328760870822186 19.34268807324835  3.9663836691100607 19.352236499420155  3.9999790916866775 19.360811382376351  4.0336528575314654 19.368395443321663  4.0673960064497212 19.374973641640214  4.1011993039357346 19.380532979161575  4.1350533049234413 19.385062602048034  4.1689481888704085 19.388553841895909  4.2028736015980632 19.391000295284684  4.2368186509550609 19.392397903247893  4.2707712182639419 19.392745085536141  4.3047224698524902 19.392042729603819  4.3386610621604946 19.390294052901076  4.3725765983174778 19.387504650778411  4.4064589351051016 19.383682405379577  4.4402982363632599 19.378837416936335  4.4740846443064406 19.372981961698731  4.5078087714078601 19.366130320912287  4.5414624955908787 19.358298519550988  4.5750376418109715 19.349504366057868  4.6085267997475219 19.339767173420558  4.6419231143690842 19.329107784673273  4.6752204355034088 19.317548155370069  4.708413315540338 19.305111243553164  4.7414968051115096 19.291821125527388  4.7744667868501471 19.277702513397237  4.8073197484371812 19.262780758054511  4.8400529025990435 19.247081640741996  4.8726641105547319 19.23063127100686  4.9051518202147637 19.213455999090449  4.9375150088682025 19.195582326869534  4.9697531593852853 19.177036810155609  5.0018661691075268 19.157845997008543  5.0338546034324363 19.138036218291766  5.0657197295734875 19.117633456079421  5.0974631276687177 19.096663483644921  5.129086743098008 19.075151792711509  5.160592848931894 19.053123565767844  5.1919840389239429 19.030603636973794  5.2232632226279412 19.00761645364209  5.2544336182208369 18.984186046824494  5.2854987908126345 18.96033596490626  5.3164624293953713 18.936089427103433  5.3473286124022632 18.911469141257061  5.3781015146921689 18.886497443058147  5.4087854780923932 18.861196280087437  5.4393850105767063 18.835587218743225  5.4699048251747877 18.809691432489871  5.5003497037152238 18.783529768964907  5.5307246039598361 18.757122702036508  5.561034528923166 18.730490446937505  5.5912846959857845 18.703652830969894  5.6214799956049841 18.676629794102055  5.6516259009038636 18.649440586441745  5.6817279172029576 18.622104283890039  5.7117915104023744 18.594639874905248  5.7418221519285906 18.567066243857035  5.7718253357669784 18.539402179925862  5.8018065951862319 18.511666387231482  5.8317715528151854 18.483877464496583  5.8617258413804603 18.456054005347699  5.8916755117074278 18.428214246522501  5.9216255712625552 18.400377452552693  5.9515817757614622 18.372562276548145  5.9815502374920051 18.344787157278937  6.0115368121776314 18.317070915250181  6.0415472937950074 18.289432598947556  6.0715873929087714 18.261891531982926  6.1016627729252457 18.234467306469973  6.1317790705265596 18.207179790576756  6.1619419203177133 18.180049133145953  6.1921569768134592 18.153095765860186  6.2224299407830399 18.126340418165217  6.2527665683376448 18.099804083615584  6.2730373506551702 18.082273473051309  6.2831853071795845 18.073551785526803 
 0 4 0.01092251685437892 1 0.02184503370875784 1 0.032767550563136759 1 0.043690067417515681 1 0.054612584271894603 1 0.065535101126273518 1 0.07645761798065244 1 0.087380134835031362 1 0.098302651689410284 1 0.10922516854378921 1 0.12014768539816813 1 0.13107020225254704 1 0.14199271910692596 1 0.15291523596130488 1 0.1638377528156838 1 0.17476026967006272 1 0.18568278652444165 1 0.19660530337882057 1 0.20752782023319949 1 0.21845033708757841 1 0.22937285394195733 1 0.24029537079633626 1 0.25121788765071518 1 0.26214040450509407 1 0.27306292135947302 1 0.28398543821385192 1 0.29490795506823086 1 0.30583047192260976 1 0.31675298877698871 1 0.3276755056313676 1 0.33859802248574655 1 0.34952053934012545 1 0.36044305619450434 1 0.37136557304888329 1 0.38228808990326218 1 0.39321060675764113 1 0.40413312361202003 1 0.41505564046639898 1 0.42597815732077787 1 0.43690067417515682 1 0.44782319102953572 1 0.45874570788391467 1 0.46966822473829356 1 0.48059074159267251 1 0.4915132584470514 1 0.50243577530143035 1 0.5133582921558093 1 0.52428080901018814 1 0.53520332586456709 1 0.54612584271894604 1 0.55704835957332488 1 0.56797087642770383 1 0.57889339328208278 1 0.58981591013646173 1 0.60073842699084057 1 0.61166094384521952 1 0.62258346069959847 1 0.63350597755397742 1 0.64442849440835626 1 0.65535101126273521 1 0.66627352811711416 1 0.67719604497149311 1 0.68811856182587194 1 0.69904107868025089 1 0.70996359553462984 1 0.72088611238900868 1 0.73180862924338763 1 0.74273114609776658 1 0.75365366295214553 1 0.76457617980652437 1 0.77549869666090332 1 0.78642121351528227 1 0.79734373036966122 1 0.80826624722404006 1 0.81918876407841901 1 0.83011128093279796 1 0.84103379778717691 1 0.85195631464155575 1 0.8628788314959347 1 0.87380134835031364 1 0.88472386520469248 1 0.89564638205907143 1 0.90656889891345038 1 0.91749141576782933 1 0.92841393262220817 1 0.93933644947658712 1 0.95025896633096607 1 0.96118148318534502 1 0.97210400003972386 1 0.98302651689410281 1 0.99394903374848176 1 1.0048715506028607 1 1.0157940674572397 1 1.0267165843116186 1 1.0376391011659973 1 1.0485616180203763 1 1.0594841348747552 1 1.0704066517291342 1 1.0813291685835131 1 1.0922516854378921 1 1.103174202292271 1 1.1140967191466498 1 1.1250192360010287 1 1.1359417528554077 1 1.1468642697097866 1 1.1577867865641656 1 1.1687093034185445 1 1.1796318202729235 1 1.1905543371273024 1 1.2014768539816811 1 1.2123993708360601 1 1.223321887690439 1 1.234244404544818 1 1.2451669213991969 1 1.2560894382535759 1 1.2670119551079548 1 1.2779344719623336 1 1.2888569888167125 1 1.2997795056710915 1 1.3107020225254704 1 1.3216245393798494 1 1.3325470562342283 1 1.3434695730886073 1 1.3543920899429862 1 1.3653146067973649 1 1.3762371236517439 1 1.3871596405061228 1 1.3980821573605018 1 1.4090046742148807 1 1.4199271910692597 1 1.4308497079236386 1 1.4417722247780174 1 1.4526947416323963 1 1.4636172584867753 1 1.4745397753411542 1 1.4854622921955332 1 1.4963848090499121 1 1.5073073259042911 1 1.51822984275867 1 1.5291523596130487 1 1.5400748764674277 1 1.5509973933218066 1 1.5619199101761856 1 1.5728424270305645 1 1.5837649438849435 1 1.5946874607393224 1 1.6056099775937012 1 1.6165324944480801 1 1.6274550113024591 1 1.638377528156838 1 1.649300045011217 1 1.6602225618655959 1 1.6711450787199749 1 1.6820675955743538 1 1.6929901124287325 1 1.7039126292831115 1 1.7148351461374904 1 1.7257576629918694 1 1.7366801798462483 1 1.7476026967006273 1 1.7585252135550062 1 1.769447730409385 1 1.7803702472637639 1 1.7912927641181429 1 1.8022152809725218 1 1.8131377978269008 1 1.8240603146812797 1 1.8349828315356587 1 1.8459053483900376 1 1.8568278652444163 1 1.8677503820987953 1 1.8786728989531742 1 1.8895954158075532 1 1.9005179326619321 1 1.9114404495163111 1 1.92236296637069 1 1.9332854832250688 1 1.9442080000794477 1 1.9551305169338267 1 1.9660530337882056 1 1.9769755506425846 1 1.9878980674969635 1 1.9988205843513425 1 2.0097431012057214 1 2.0206656180601001 1 2.0315881349144793 1 2.042510651768858 1 2.0534331686232372 1 2.0643556854776159 1 2.0752782023319947 1 2.0862007191863738 1 2.0971232360407526 1 2.1080457528951317 1 2.1189682697495105 1 2.1298907866038896 1 2.1408133034582684 1 2.1517358203126471 1 2.1626583371670263 4
7 0 0  3 201 199  0.78477173525874322 0.58414404182425328  0.78477504980256851 0.58422859399900617  0.78478059619279505 0.58439794628196196  0.78478563408908719 0.58465252463311868  0.78478735650765474 0.58490746177180131  0.78478573033147636 0.58516255698831177  0.78478072316407943 0.5854176032934546  0.78477230360570249 0.5856723865437552  0.78476044147758472 0.58592668569619732  0.78474510806922493 0.58618027277370421  0.78472627638852166 0.58643291292191391  0.78470392142038725 0.58668436445458483  0.78467802039165857 0.58693437891857159  0.78464855304541092 0.58718270115813231  0.7846155019144333 0.58742906942947082  0.78457885263163629 0.5876732153830585  0.7845385941364349 0.58791486459362252  0.78449471930297565 0.58815373510166857  0.78444722402744949 0.58838954343219485  0.78439611209934301 0.58862198276512034  0.78434139761128818 0.58885072457173693  0.78428309590363965 0.5890754584397041  0.78422123042280578 0.58929586285407498  0.78415583162470925 0.5895116139726656  0.7840869379735026 0.58972238440362124  0.78401459647950833 0.58992784417158139  0.78393886294850812 0.59012766331585387  0.78385980252637277 0.59032151161087176  0.78377748993259189 0.59050906370738176  0.78369201006704381 0.59068999698061186  0.78360345354685879 0.59086400347314627  0.78351192784487456 0.59103077099109058  0.78341754791688301 0.5911900033721158  0.78332043736754398 0.59134141945796281  0.7832207282390089 0.59148475458860883  0.78311856148981029 0.59161976108193348  0.78301408606844136 0.59174621025798713  0.78290746289556923 0.59186388930584444  0.7827988499883719 0.59197261787474231  0.78268841660616117 0.59207223343284188  0.78257633845344599 0.59216259626823708  0.78246279148113473 0.59224359487786649  0.78234795323282502 0.59231514358402337  0.78223200209195232 0.59237718224826386  0.78211511737251127 0.59242967534560587  0.78199747812856535 0.59247261147728814  0.78187926624080983 0.59250600174586587  0.78176065296947006 0.5925298823663997  0.78164180563462349 0.59254431162475385  0.78152289039856337 0.59254936479532128  0.78140406767536541 0.5925451358193472  0.78128549305555817 0.59253173632839551  0.78116731574497966 0.59250929168591926  0.78104967888168353 0.59247794076747939  0.78093271915404339 0.59243783360258429  0.78081656698333779 0.59238913017458972  0.78070134659060353 0.59233199892299593  0.78058717598216332 0.59226661528049729  0.78047416739346642 0.59219316036622716  0.78036242610583995 0.59211181944762836  0.78025205087469662 0.59202278027981592  0.78014313542959746 0.5919262329946966  0.78003576831072852 0.59182236915940978  0.77993003312320919 0.5917113810468243  0.779826008666897 0.5915934608198129  0.77972376915650798 0.59146879985450507  0.77962338421447408 0.59133758760062294  0.7795249203079273 0.59120001275140444  0.77942843943759543 0.59105626174274739  0.77933400081721482 0.59090651851424514  0.7792416608782563 0.59075096501733582  0.7791514724741383 0.59058977966255011  0.77906348808894266 0.5904231429280703  0.77897775757792698 0.59025123176234773  0.7788943250889564 0.59007421369168511  0.77881323483535581 0.5898922567212983  0.77873452960327161 0.58970552674714771  0.77865825118727883 0.58951418825291035  0.77858444031874263 0.58931840411266734  0.77851313673902822 0.58911833561713178  0.77844437924453669 0.58891414243166773  0.77837820574337702 0.5887059825353379  0.77831465333733474 0.5884940122358725  0.77825375833448251 0.58827838583177872  0.77819555655725225 0.58805925654187297  0.77814008258114686 0.58783677264987477  0.77808737347499113 0.58761109358278873  0.77803746491177284 0.58738237353563794  0.77799039205684539 0.58715076592052184  0.77794619017209754 0.58691642592801818  0.77790489446220945 0.58667950986949258  0.77786654011206013 0.58644017521193981  0.77783116231846017 0.58619858106224021  0.77779879615442715 0.58595488616167757  0.77776947781304351 0.58570926271965928  0.77774324142300999 0.58546186961039715  0.77772012187004924 0.58521287289227197  0.77770015416373339 0.58496244349945858  0.77768337333578552 0.58471075793457061  0.77766981420837178 0.58445799815088129  0.77765951120772281 0.58420435164547824  0.77765249817418169 0.5839500114897539  0.77764880817986615 0.58369517637062196  0.7776484733490352 0.58344005062285542  0.77765152468055643 0.58318484425789285  0.7776579918707367 0.58292977298765747  0.77766790313502865 0.58267505824419064  0.77768128502723965 0.5824209271936468  0.77769816225419119 0.58216761274999762  0.77771855748634866 0.58191535356882196  0.77774249115537297 0.58166439409466375  0.77776998126520724 0.58141498438800832  0.77780104311025466 0.58116738075455354  0.77783568929075386 0.58092184336039998  0.77787392856233017 0.58067864507641953  0.77791575582806727 0.5804381179450141  0.77796116847119046 0.58020054703580659  0.77801015687531772 0.57996623489203936  0.77806270602551031 0.57973548589775514  0.77811879448174137 0.57950860979643504  0.77817839407898526 0.57928591991104783  0.77824146934932392 0.57906773342216078  0.77830797735011281 0.57885436832653092  0.77837786721317304 0.57864614492980759  0.77845107993614293 0.57844338029955655  0.77852754730354534 0.57824639152258428  0.77860719635960396 0.5780554840462705  0.77868994300307248 0.57787096351219569  0.77877569120256096 0.57769313539589329  0.77886433889049711 0.57752228924438453  0.77895577635662228 0.57735870244012633  0.7790498865864256 0.57720263861356813  0.77914654506893011 0.5770543473044375  0.77924561955554783 0.57691406327996131  0.77934697031822753 0.57678200527710266  0.77945044823172149 0.57665837669225739  0.77955590912506212 0.57654334892975456  0.77966319674750251 0.57643708247183734  0.77977215373517839 0.57633971351904245  0.77988262012528176 0.57625135659266025  0.77999443409332037 0.57617210430677812  0.78010743145923933 0.57610202828934665  0.78022144788990289 0.57604117832354984  0.78033632215726501 0.57598958129202715  0.78045189235498491 0.57594724507464923  0.78056799914499087 0.57591415771818921  0.78068448546895541 0.57589028740120718  0.78080119772910939 0.57587558553817964  0.78091798610667373 0.5758699875600467  0.7810347041598914 0.57587341209397502  0.7811512104541285 0.57588576424308235  0.78126736800713525 0.57590693623333411  0.78138304496322397 0.57593680882669485  0.78149811451516371 0.57597525255409165  0.78161245484448161 0.5760221287563686  0.78172594903964787 0.57607729067315361  0.78183848509422371 0.57614058452955752  0.78194995561717995 0.57621185058193392  0.78206025874968488 0.57629092432021922  0.78216929825428116 0.57637763777678219  0.78227698208384211 0.57647181982867723  0.78238322251997006 0.57657329684321046  0.78248793596973143 0.57668189326073227  0.78259104285352621 0.57679743218956203  0.7826924674762008 0.57691973601826152  0.78279213787987312 0.57704862694977921  0.78288998579225699 0.57718392783445394  0.78298594578101577 0.57732546157846265  0.78307995616918546 0.57747305190953935  0.78317195758832903 0.57762652387800295  0.7832618932102029 0.57778570368893167  0.78334970864420206 0.57795041876465725  0.78343535212637794 0.57812049758976969  0.78351877356104438 0.57829577036172031  0.78359992492810993 0.57847606892261272  0.78367875969703082 0.57866122632730266  0.78375523320278595 0.57885107772774924  0.7838293011992612 0.57904545690862463  0.7839009218824935 0.57924420229222651  0.78397005445053614 0.57944715327673757  0.78403665882401441 0.57965414969184492  0.78410069566731022 0.57986503196317296  0.7841621263330274 0.58007964110497012  0.78422091281352013 0.58029781869173958  0.78427701774167546 0.58051940708655692  0.78433040418835853 0.58074424866435881  0.78438103622468569 0.58097218879929513  0.78442887654628213 0.581203064396144  0.78447388924972439 0.58143671752830994  0.78451603910275358 0.58167299223414792  0.78455529058295326 0.58191172952070558  0.78459160817700502 0.58215276861944343  0.78462495634253704 0.5823959465666666  0.78465529956082136 0.58264109823210297  0.7846826023653547 0.58288805622923656  0.78470682937805958 0.58313665084958355  0.78472794534115775 0.58338671001862841  0.78474591516092007 0.58363805914046019  0.78476070391048103 0.58389052136527608  0.78476841929473384 0.58405945130588555  0.78477173525874322 0.58414404182425328 
 0 4 0.01092251685437892 1 0.02184503370875784 1 0.032767550563136759 1 0.043690067417515681 1 0.054612584271894603 1 0.065535101126273518 1 0.07645761798065244 1 0.087380134835031362 1 0.098302651689410284 1 0.10922516854378921 1 0.12014768539816813 1 0.13107020225254704 1 0.14199271910692596 1 0.15291523596130488 1 0.1638377528156838 1 0.17476026967006272 1 0.18568278652444165 1 0.19660530337882057 1 0.20752782023319949 1 0.21845033708757841 1 0.22937285394195733 1 0.24029537079633626 1 0.25121788765071518 1 0.26214040450509407 1 0.27306292135947302 1 0.28398543821385192 1 0.29490795506823086 1 0.30583047192260976 1 0.31675298877698871 1 0.3276755056313676 1 0.33859802248574655 1 0.34952053934012545 1 0.36044305619450434 1 0.37136557304888329 1 0.38228808990326218 1 0.39321060675764113 1 0.40413312361202003 1 0.41505564046639898 1 0.42597815732077787 1 0.43690067417515682 1 0.44782319102953572 1 0.45874570788391467 1 0.46966822473829356 1 0.48059074159267251 1 0.4915132584470514 1 0.50243577530143035 1 0.5133582921558093 1 0.52428080901018814 1 0.53520332586456709 1 0.54612584271894604 1 0.55704835957332488 1 0.56797087642770383 1 0.57889339328208278 1 0.58981591013646173 1 0.60073842699084057 1 0.61166094384521952 1 0.62258346069959847 1 0.63350597755397742 1 0.64442849440835626 1 0.65535101126273521 1 0.66627352811711416 1 0.67719604497149311 1 0.68811856182587194 1 0.69904107868025089 1 0.70996359553462984 1 0.72088611238900868 1 0.73180862924338763 1 0.74273114609776658 1 0.75365366295214553 1 0.76457617980652437 1 0.77549869666090332 1 0.78642121351528227 1 0.79734373036966122 1 0.80826624722404006 1 0.81918876407841901 1 0.83011128093279796 1 0.84103379778717691 1 0.85195631464155575 1 0.8628788314959347 1 0.87380134835031364 1 0.88472386520469248 1 0.89564638205907143 1 0.90656889891345038 1 0.91749141576782933 1 0.92841393262220817 1 0.93933644947658712 1 0.95025896633096607 1 0.96118148318534502 1 0.97210400003972386 1 0.98302651689410281 1 0.99394903374848176 1 1.0048715506028607 1 1.0157940674572397 1 1.0267165843116186 1 1.0376391011659973 1 1.0485616180203763 1 1.0594841348747552 1 1.0704066517291342 1 1.0813291685835131 1 1.0922516854378921 1 1.103174202292271 1 1.1140967191466498 1 1.1250192360010287 1 1.1359417528554077 1 1.1468642697097866 1 1.1577867865641656 1 1.1687093034185445 1 1.1796318202729235 1 1.1905543371273024 1 1.2014768539816811 1 1.2123993708360601 1 1.223321887690439 1 1.234244404544818 1 1.2451669213991969 1 1.2560894382535759 1 1.2670119551079548 1 1.2779344719623336 1 1.2888569888167125 1 1.2997795056710915 1 1.3107020225254704 1 1.3216245393798494 1 1.3325470562342283 1 1.3434695730886073 1 1.3543920899429862 1 1.3653146067973649 1 1.3762371236517439 1 1.3871596405061228 1 1.3980821573605018 1 1.4090046742148807 1 1.4199271910692597 1 1.4308497079236386 1 1.4417722247780174 1 1.4526947416323963 1 1.4636172584867753 1 1.4745397753411542 1 1.4854622921955332 1 1.4963848090499121 1 1.5073073259042911 1 1.51822984275867 1 1.5291523596130487 1 1.5400748764674277 1 1.5509973933218066 1 1.5619199101761856 1 1.5728424270305645 1 1.5837649438849435 1 1.5946874607393224 1 1.6056099775937012 1 1.6165324944480801 1 1.6274550113024591 1 1.638377528156838 1 1.649300045011217 1 1.6602225618655959 1 1.6711450787199749 1 1.6820675955743538 1 1.6929901124287325 1 1.7039126292831115 1 1.7148351461374904 1 1.7257576629918694 1 1.7366801798462483 1 1.7476026967006273 1 1.7585252135550062 1 1.769447730409385 1 1.7803702472637639 1 1.7912927641181429 1 1.8022152809725218 1 1.8131377978269008 1 1.8240603146812797 1 1.8349828315356587 1 1.8459053483900376 1 1.8568278652444163 1 1.8677503820987953 1 1.8786728989531742 1 1.8895954158075532 1 1.9005179326619321 1 1.9114404495163111 1 1.92236296637069 1 1.9332854832250688 1 1.9442080000794477 1 1.9551305169338267 1 1.9660530337882056 1 1.9769755506425846 1 1.9878980674969635 1 1.9988205843513425 1 2.0097431012057214 1 2.0206656180601001 1 2.0315881349144793 1 2.042510651768858 1 2.0534331686232372 1 2.0643556854776159 1 2.0752782023319947 1 2.0862007191863738 1 2.0971232360407526 1 2.1080457528951317 1 2.1189682697495105 1 2.1298907866038896 1 2.1408133034582684 1 2.1517358203126471 1 2.1626583371670263 4
1 6.2831853071795862 -0 0 1 
1 0 -0 0 1 
1 9 0 0 -1 
1 0 0 0 1 
1 0 0 0 -1 
1 0 0 0 1 
8 18.209532432789132 35.25
1 78.400000000000006 15.25 0 1 
8 18.209532432789132 35.25
1 8.8999999999999986 15.25 0 -1 
1 9 0 0 -1 
1 10 0 0 1 
1 0 -20 1 0 
1 0 10 1 0 
1 0 0 0 -1 
1 10 0 0 1 
8 19.681030422495368 35.25
1 33.399999999999999 15.25 0 1 
8 19.681030422495368 35.25
1 8.8999999999999986 15.25 0 -1 
7 0 0  5 6 2  9 -7.8560589964529228  7.2494418536101133 -7.0494616679318369  5.4717934782579016 -6.3016444258354767  3.6692908802695832 -5.6147144248258343  1.8444300760099979 -4.9906141397863699  0 -4.4310304224953709 
 0 6 1 6
7 0 0  5 6 2  0.70264976498085085 0.59918358182810039  0.7030650099092759 0.59262064616834342  0.70344116078029506 0.5860712662220392  0.70378007031039758 0.57953531618939291  0.70408314501549984 0.57301201603583718  0.70435145196162319 0.56650024894254136 
 0 6 1 6
7 0 0  4 8 3  34.435280229544048 38.034418229394205  33.027504262260628 38.402092415682688  31.626060685689339 38.794012135591593  30.231608005780913 39.210138402294866  27.466376176166555 40.088050299266065  26.095505248959835 40.549546244339325  24.732875765655209 41.034853267241786  23.379173760895469 41.543901242685195 
 0 5 0.50150752941968624 3 1 5
7 0 0  4 8 3  0.70435385196162315 0.59880882653627443  0.70207240641400825 0.59880882653627443  0.69978836240962694 0.59880882653627443  0.6975014713553972 0.59880882653627443  0.69293527991819337 0.59880882653627443  0.69065601672196986 0.59880882653627443  0.68837346545928835 0.59880882653627443  0.68608739842942468 0.59880882653627443 
 0 5 0.50150752941968624 3 1 5
7 0 0  5 6 2  9 -11.083834061316711  7.2530132326893115 -10.247734821036996  5.4770163490195847 -9.4722355845450927  3.674361505489689 -8.7596586535030276  1.847695463906013 -8.1121545608916659  0 -7.5315947690271416 
 0 6 1 6
7 0 0  5 6 2  0.68608979842942464 0.59918358205135813  0.68666370886765726 0.59263403567872008  0.6871838391676427 0.58609037717320878  0.68765261083698814 0.57955350401814931  0.68807187376208234 0.5730235444996834  0.68844302638836052 0.56650024894254136 
 0 6 1 6
7 0 0  5 6 2  10 7.8560589964529122  7.9710685212400296 8.4069403922698172  5.955021571080156 9.005272443452581  3.9534182044847204 9.6509573901100527  1.9678624466314303 10.343867361162978  0 11.083834061316706 
 0 6 1 6
7 0 0  5 6 2  0.70264976498085085 0.59918358182810039  0.69934946703055156 0.59918358182810039  0.69604389820756452 0.59918358182810039  0.69273247048762743 0.59918358182810039  0.6894146211759945 0.59918358182810039  0.6860897985527169 0.59918358182810039 
 0 6 1 6
1 0 0 0 1 
1 0 20 1 0 
1 0 -20 1 0 
1 0 0 1 0 
1 9 0 0 1 
1 0 20 1 0 
2 4.4999999999999964 5 0 1 1 -0 2.25
1 0 4 1 0 
7 0 0  3 201 199  0 15.489288987546857  0.010382640420125882 15.480097402562988  0.031090613362691862 15.461518935967167  0.061986567153307325 15.433097324531662  0.092722346809950201 15.404154119501163  0.12330408685385157 15.374720450207331  0.15373815379878022 15.344826614237734  0.18403116790132565 15.314501964282599  0.21419013715744917 15.283774789991346  0.24422204812875736 15.252672713722399  0.27413408842030546 15.221222530868509  0.30393360940238384 15.18945020342483  0.33362796898226094 15.157381079164074  0.36322486636692952 15.125039583344371  0.3927310390632226 15.092450667438609  0.42215467375855981 15.059637167125036  0.4515037265104257 15.026621712494531  0.48078605734615204 14.993426620311793  0.51000944184999697 14.96007392847576  0.53918161678768262 14.926585392092676  0.56831031629360151 14.892982490900113  0.59740331434814231 14.859286429673643  0.62646845299978304 14.825518155353695  0.65551372167034017 14.791698314306217  0.68454714560564578 14.757847432330353  0.71357738472374643 14.723985263543751  0.74261023871130072 14.690134922360169  0.77165457729471743 14.656316015092056  0.80071874685789146 14.622548885955007  0.82981096959221412 14.588854207150694  0.85893929291230386 14.555253089754062  0.88811165646089607 14.521767055964535  0.91733592546985099 14.488418049450779  0.94661993195576222 14.455228436312286  0.97597151308121222 14.422221009834029  1.0053985519834772 14.389418993808397  1.0349090146777487 14.356846052145535  1.0645110074438981 14.324526279122857  1.094212767526983 14.292484265139494  1.1240229153802626 14.260744884167758  1.1539497464844632 14.22933412326787  1.1839990627803139 14.198281307942727  1.2141789636620164 14.167614097122376  1.2444967218405061 14.137361824654747  1.2749595793300064 14.107554665435043  1.3055746415985727 14.078223766449804  1.3363487049532041 14.049401418768545  1.3672881172428741 14.021121152163543  1.3983992928490219 13.993417250591689  1.4296879309792705 13.966325444557292  1.4611592393866915 13.939882618603624  1.4928178864403376 13.91412677198794  1.5246680239624946 13.889096906814329  1.5567132442316451 13.864832953151566  1.5889566783110525 13.841375618754073  1.6213997589620857 13.818767051152417  1.6540432651246104 13.79704984678164  1.6868868921603986 13.776267178653823  1.7199292721240806 13.75646247137014  1.7531678871985905 13.737679162145756  1.7865989630942676 13.71996045075853  1.8202174111179341 13.703349007786752  1.8540164070166776 13.687886777807879  1.8879876800639945 13.673614475547504  1.9221216433059711 13.660570752176641  1.9564071508748193 13.64879246709431  1.9908316647827691 13.638313763605138  2.0253810135548775 13.629165763644995  2.0600407074962197 13.62137598208521  2.094793711980155 13.614968362453823  2.1296223969588448 13.609962486669998  2.164508732971274 13.606373314204802  2.1994341934858332 13.604211058086488  2.2343786035682132 13.603480996950234  2.2693247797515839 13.604183424092142  2.3042516882737147 13.606313517709008  2.3391400078931279 13.609861469280846  2.3739715788402198 13.614812761158461  2.4087292589066536 13.621148414594403  2.4433966068258997 13.628845218241899  2.4779579515333041 13.637876064335389  2.512397208588554 13.648209873682442  2.546701489118925 13.659813070202221  2.5808607035494653 13.672649764311238  2.6148643157178904 13.686681731054748  2.6487037101536339 13.701869120381943  2.6823713372169995 13.718170471678251  2.7158614076280303 13.735543763829048  2.7491694939938993 13.75394642079285  2.7822923976951155 13.773335674259917  2.8152280553221214 13.793668770959432  2.847975430136469 13.814903200407823  2.8805345522891876 13.836996996247601  2.9129061168026191 13.859908722779545  2.9450920191844676 13.883597941092729  2.9770953145740706 13.908025494193744  3.0089193857719128 13.933153016644821  3.0405681411116827 13.958943158721977  3.0720459485824301 13.985359619801521  3.1033576677214745 14.012367248761628  3.1345086041001724 14.039932067096268  3.1655047280714439 14.068021534164822  3.1963517442757432 14.096603711473042  3.2270559870551576 14.125648082609692  3.2576239096860031 14.155125103729736  3.2880620909159943 14.185006190770519  3.3183772502204691 14.215263718591519  3.3485763656287326 14.245871120010655  3.378666352773934 14.27680254059978  3.4086542568890876 14.308032989075615  3.4385471604832651 14.339538222372505  3.4683522240715181 14.371294743595911  3.4980764915551252 14.403279542622242  3.5277267982117131 14.435469964857202  3.5573107933169053 14.467844778626716  3.586835749870005 14.500382832413461  3.6163088939662074 14.533063366880583  3.6457373618490472 14.565865920914721  3.6751282573479633 14.598770346911818  3.704488680870492 14.631756795074143  3.7338257714406935 14.664805712420113  3.7631467235446432 14.697897813928023  3.7924588891522344 14.731014150436124  3.8217695605820481 14.764135817380433  3.8510848532623951 14.797242646390435  3.8804124891008915 14.830316300834971  3.909759626102733 14.863337776545999  3.9391333961039505 14.896287962066571  3.9685408066421455 14.929147482506298  3.9979888115968056 14.961896734801606  4.0274843350500777 14.994515870453641  4.057034309281712 15.026984793653412  4.0866457022080684 15.059283147083288  4.1163255755512926 15.091390328331057  4.1460810367035474 15.12328539287588  4.1759195944920773 15.154947376883541  4.2058472708324706 15.186353265727689  4.2358709220829169 15.217480428216227  4.2659972356716809 15.248305521132121  4.2962328302083401 15.278804557885485  4.3265843092429899 15.308952909203136  4.3570579605327868 15.338725008219779  4.3876602325745768 15.368094784256389  4.4183972445961617 15.397035163364688  4.4492749023514557 15.425518178745227  4.4802989010851757 15.453514968881814  4.5114747490514047 15.480995804052846  4.542807801525897 15.507930111617464  4.5743027104467169 15.534286029112996  4.6059641531934465 15.560031099823986  4.6377961002534001 15.58513163796499  4.6698019781897777 15.60955297245026  4.7019846318536782 15.633259508338512  4.73434632290469 15.656214836132879  4.7668886962777153 15.678381825124475  4.7996127536314299 15.699722725850087  4.8325187503087514 15.720199245188869  4.8656063166930803 15.7397727149299  4.8988735965741252 15.758403870399329  4.9323171351332107 15.776053164495735  4.9659328495515931 15.792681444961506  4.9997156044262301 15.808250044980182  5.0336591002613833 15.822721018597193  5.0677556819338001 15.836057381206045  5.1019964312350812 15.848223454800882  5.136371225310322 15.85918530971845  5.1708683148786729 15.868911056031521  5.2054766378237831 15.877371536820242  5.2401813166790863 15.884539818349369  5.2749670230244021 15.8903923010861  5.3098181588585298 15.894909012121424  5.3447185369706247 15.898073763621397  5.3796513276669788 15.899874346753208  5.4145983438758467 15.900302717678843  5.449541623525084 15.899355179806918  5.4844643536138573 15.897032448681898  5.519347664210458 15.893339688134921  5.5541744900550478 15.888286334060789  5.5889282722307536 15.88188596471203  5.6235930673632222 15.874156146278999  5.6581531387252646 15.865118331797087  5.6925933066601573 15.854797571459065  5.7269017298541156 15.843221499645038  5.7610661912995713 15.830420757757885  5.7950760547331734 15.816428391138654  5.8289219604242222 15.801279432561874  5.8625958206748976 15.785010566618398  5.8960909644673025 15.767659712453442  5.9294019215640956 15.749265791462326  5.9625244254073486 15.729868369550708  5.9954543969855596 15.709508027443746  6.0281906932710845 15.688224392629635  6.0607328210442262 15.666057124160826  6.0930811664494806 15.643045608128743  6.1252368567648237 15.619228848233453  6.1572017409949469 15.594645310596334  6.1889783485772867 15.569332802361064  6.2205698966425063 15.54332830675715  6.2519801977667111 15.51666800438074  6.2728027205935488 15.498480427459823  6.2831853071795862 15.489288987546871 
 0 4 0.0064275328581685307 1 0.012855065716337061 1 0.019282598574505594 1 0.025710131432674123 1 0.032137664290842652 1 0.038565197149011188 1 0.044992730007179717 1 0.051420262865348246 1 0.057847795723516775 1 0.064275328581685304 1 0.07070286143985384 1 0.077130394298022376 1 0.083557927156190898 1 0.089985460014359434 1 0.096412992872527956 1 0.10284052573069649 1 0.10926805858886503 1 0.11569559144703355 1 0.12212312430520209 1 0.12855065716337061 1 0.13497819002153916 1 0.14140572287970768 1 0.1478332557378762 1 0.15426078859604475 1 0.16068832145421327 1 0.1671158543123818 1 0.17354338717055032 1 0.17997092002871887 1 0.18639845288688739 1 0.19282598574505591 1 0.19925351860322446 1 0.20568105146139298 1 0.21210858431956151 1 0.21853611717773005 1 0.22496365003589858 1 0.2313911828940671 1 0.23781871575223565 1 0.24424624861040417 1 0.25067378146857272 1 0.25710131432674121 1 0.26352884718490976 1 0.26995638004307831 1 0.27638391290124681 1 0.28281144575941536 1 0.28923897861758391 1 0.2956665114757524 1 0.30209404433392095 1 0.3085215771920895 1 0.314949110050258 1 0.32137664290842655 1 0.32780417576659504 1 0.33423170862476359 1 0.34065924148293214 1 0.34708677434110063 1 0.35351430719926918 1 0.35994184005743773 1 0.36636937291560623 1 0.37279690577377478 1 0.37922443863194333 1 0.38565197149011182 1 0.39207950434828037 1 0.39850703720644892 1 0.40493457006461742 1 0.41136210292278597 1 0.41778963578095452 1 0.42421716863912301 1 0.43064470149729156 1 0.43707223435546011 1 0.4434997672136286 1 0.44992730007179715 1 0.4563548329299657 1 0.4627823657881342 1 0.46920989864630275 1 0.4756374315044713 1 0.48206496436263979 1 0.48849249722080834 1 0.49492003007897689 1 0.50134756293714544 1 0.50777509579531388 1 0.51420262865348243 1 0.52063016151165098 1 0.52705769436981953 1 0.53348522722798808 1 0.53991276008615663 1 0.54634029294432507 1 0.55276782580249362 1 0.55919535866066217 1 0.56562289151883072 1 0.57205042437699927 1 0.57847795723516782 1 0.58490549009333626 1 0.59133302295150481 1 0.59776055580967336 1 0.6041880886678419 1 0.61061562152601045 1 0.617043154384179 1 0.62347068724234744 1 0.62989822010051599 1 0.63632575295868454 1 0.64275328581685309 1 0.64918081867502164 1 0.65560835153319008 1 0.66203588439135863 1 0.66846341724952718 1 0.67489095010769573 1 0.68131848296586428 1 0.68774601582403283 1 0.69417354868220127 1 0.70060108154036982 1 0.70702861439853837 1 0.71345614725670692 1 0.71988368011487547 1 0.72631121297304402 1 0.73273874583121246 1 0.73916627868938101 1 0.74559381154754956 1 0.75202134440571811 1 0.75844887726388666 1 0.76487641012205521 1 0.77130394298022364 1 0.77773147583839219 1 0.78415900869656074 1 0.79058654155472929 1 0.79701407441289784 1 0.80344160727106639 1 0.80986914012923483 1 0.81629667298740338 1 0.82272420584557193 1 0.82915173870374048 1 0.83557927156190903 1 0.84200680442007747 1 0.84843433727824602 1 0.85486187013641457 1 0.86128940299458312 1 0.86771693585275167 1 0.87414446871092022 1 0.88057200156908866 1 0.88699953442725721 1 0.89342706728542576 1 0.89985460014359431 1 0.90628213300176286 1 0.91270966585993141 1 0.91913719871809985 1 0.9255647315762684 1 0.93199226443443695 1 0.9384197972926055 1 0.94484733015077405 1 0.95127486300894259 1 0.95770239586711103 1 0.96412992872527958 1 0.97055746158344813 1 0.97698499444161668 1 0.98341252729978523 1 0.98984006015795378 1 0.99626759301612222 1 1.0026951258742909 1 1.0091226587324593 1 1.0155501915906278 1 1.0219777244487964 1 1.0284052573069649 1 1.0348327901651335 1 1.041260323023302 1 1.0476878558814704 1 1.0541153887396391 1 1.0605429215978075 1 1.0669704544559762 1 1.0733979873141446 1 1.0798255201723133 1 1.0862530530304817 1 1.0926805858886501 1 1.0991081187468188 1 1.1055356516049872 1 1.1119631844631559 1 1.1183907173213243 1 1.1248182501794928 1 1.1312457830376614 1 1.1376733158958299 1 1.1441008487539985 1 1.150528381612167 1 1.1569559144703356 1 1.1633834473285041 1 1.1698109801866725 1 1.1762385130448412 1 1.1826660459030096 1 1.1890935787611783 1 1.1955211116193467 1 1.2019486444775151 1 1.2083761773356838 1 1.2148037101938522 1 1.2212312430520209 1 1.2276587759101893 1 1.234086308768358 1 1.2405138416265264 1 1.2469413744846949 1 1.2533689073428635 1 1.259796440201032 1 1.2662239730592006 1 1.2726515059173691 4
7 0 0  3 201 199  0.69832201699425278 0.58414404182425328  0.69831687321200275 0.58423058893183377  0.69830540410795616 0.5844032454426874  0.69828472441953959 0.58466072510102562  0.69826063738969379 0.58491650405076623  0.69823321134314842 0.58517039931097892  0.69820251403950329 0.58542223599214671  0.69816861243810235 0.58567184803515404  0.69813157232898737 0.58591907863270565  0.69809145855287935 0.58616377644562201  0.69804833488975337 0.58640579709665175  0.69800226365736107 0.58664500226484828  0.69795330600909211 0.58688125799634738  0.69790152146248929 0.58711443700666932  0.69784697019453212 0.58734440808463118  0.69778970837369703 0.58757105423228317  0.69772979139923352 0.58779425923731665  0.69766727368208847 0.58801390832883527  0.6976022086846736 0.58822988788244157  0.69753464889036398 0.58844208538129861  0.69746464579421519 0.58865038930244207  0.69739224987815385 0.58885468904457106  0.69731751062617553 0.58905487476310869  0.69724047639425391 0.58925083753316088  0.69716119482065741 0.58944246829204272  0.69707971121927093 0.58962966133408379  0.6969960784970255 0.58981229142891889  0.69691034080892611 0.58999025213408496  0.69682254341885541 0.5901634315812635  0.69673273188235474 0.59033171508018933  0.69664095237580848 0.59049498462135241  0.69654725170700171 0.59065311917574315  0.69645167739969616 0.59080599474695872  0.69635427774658731 0.59095348445600548  0.69625510186043382 0.59109545858197787  0.69615419970975989 0.59123178458538739  0.69605162216365413 0.59136232708366243  0.69594742096110063 0.59148694787377387  0.69584164891854239 0.59160550565241676  0.69573435920537574 0.5917178567368615  0.6956256080548695 0.59182385192333453  0.69551546307685197 0.59192333018278398  0.69540398605677101 0.59201613578487833  0.69529124445029522 0.59210210684745124  0.69517730874845718 0.59218107862658587  0.69506225306845826 0.59225288332012638  0.69494615602575871 0.59231735003191244  0.69482910148076293 0.59237430522673917  0.69471117678378524 0.59242357419794356  0.69459247591562301 0.59246498019891225  0.69447309881121932 0.59249834604673945  0.6943531516658108 0.59252349509922386  0.69423274694019177 0.59254025237993257  0.69411200357242153 0.59254844573899723  0.69399104664968425 0.59254790672303026  0.69387001196023768 0.59253847278569582  0.69374904190822395 0.59251998930686012  0.69362828694707324 0.59249231109731681  0.69350790516235084 0.59245530488240306  0.6933880621753068 0.59240885154292788  0.69326893102478671 0.59235284843489378  0.69315069179409861 0.59228721161880893  0.69303353232102149 0.59221187932363228  0.69291764640641407 0.59212681355820751  0.69280323182826353 0.59203200469286121  0.69269049098880076 0.59192747007389102  0.69257962856052824 0.59181325880744406  0.69247085102179451 0.59168945407734408  0.69236436152701386 0.59155616895130891  0.69226036524924195 0.59141355686176167  0.69215906202468647 0.59126180506116632  0.6920606445818317 0.59110113391311336  0.69196529778753035 0.59093179679432306  0.69187320044201772 0.59075408576391242  0.69178451238896188 0.59056830631468515  0.69169939109784151 0.59037481222781363  0.69161797678061643 0.59017397446022901  0.69154039373935494 0.58996618110587862  0.69146675062954777 0.58975183547756516  0.69139714116367967 0.58953135527595646  0.69133164416391191 0.58930516932495247  0.69127032580072079 0.58907372299132676  0.69121323369984544 0.58883745109183649  0.69116039801845741 0.58859677801700239  0.69111183958489075 0.58835213472371872  0.69106756538945657 0.58810394210577777  0.69102757054195263 0.58785261479895412  0.69099183945956122 0.58759855274728745  0.69096034680576734 0.58734214298629517  0.69093305891497625 0.58708375875344132  0.69090993466981354 0.58682375904511019  0.69089092653482664 0.58656248831009306  0.69087598149279383 0.58630027517272543  0.69086504219417333 0.58603743491991489  0.69085804715693733 0.58577426486738238  0.69085493206567972 0.58551104403146637  0.69085563055515142 0.58524803981672269  0.69086007460452881 0.58498550640736924  0.69086819502694274 0.58472368536235753  0.69087992194448422 0.58446280548116336  0.69089518521268922 0.58420308338264149  0.69091391504874788 0.58394472195919378  0.69093604171459011 0.58368791847600676  0.69096149629076009 0.58343285746310813  0.69099021064841848 0.58317971537137403  0.69102211757755816 0.5829286609276485  0.69105715094549069 0.58267985543274592  0.69109524596744798 0.58243345223457288  0.69113633895787074 0.58218959982421825  0.69118036750224277 0.58194844062271611  0.69122727054900335 0.58171011227009151  0.69127698843029906 0.58147474770834817  0.69132946238952186 0.58124247698952491  0.69138463455401622 0.58101342850772486  0.69144244980261194 0.5807877215145284  0.69150285348964169 0.5805654756772628  0.69156579199384904 0.58034680887847345  0.69163121257302584 0.58013183789815725  0.6916990634055824 0.57992067832030381  0.69176929357802119 0.57971344465712904  0.69184185310131074 0.57951025037598447  0.69191669286529356 0.5793112080957129  0.69199376481165764 0.57911642920045436  0.69207302129430459 0.57892602561219109  0.69215441195319871 0.57874011731958797  0.69223789102598909 0.57855881436041645  0.69232341152506216 0.57838223149994472  0.6924109264676247 0.57821048476833858  0.69250038846683504 0.57804369227045116  0.69259174977274462 0.57788197387757478  0.69268496220110176 0.57772545124814956  0.69277997710899875 0.57757424777973176  0.69287674534337351 0.57742848863585039  0.69297521729936307 0.5772883006708065  0.69307534261448667 0.57715381281638867  0.69317707125779293 0.57702515485142036  0.69328034686677231 0.57690246535224265  0.69338511446498974 0.57678588160327871  0.69349131682418119 0.57667554368249396  0.69359889468455405 0.57657159420574555  0.69370778681211787 0.57647417846719362  0.69381792863423886 0.57638344463702573  0.69392925381950221 0.57629954239488124  0.6940416923213153 0.57622262419828041  0.69415517059707665 0.57615284449520954  0.69426961144025734 0.57609035935201036  0.69438493389378253 0.57603532594122164  0.69450105322014921 0.57598790217708784  0.69461787869975289 0.57594824685635637  0.69473531620151774 0.57591651747358064  0.69485326536219461 0.57589287115166565  0.69497162008792246 0.57587746298111597  0.69509026836675813 0.5758704449039177  0.69520909225785998 0.57587196445039879  0.69532796780738193 0.57588216349950572  0.69544676502506331 0.57590117707169874  0.69556534763546096 0.5759291319464046  0.69568357361401778 0.57596614592625306  0.69580129243489941 0.57601232439063121  0.69591834521616003 0.57606775714074243  0.69603456846318901 0.57613251894148854  0.69614979314817904 0.57620666659137387  0.69626384494126337 0.57629023685592418  0.69637654429163465 0.57638324402444796  0.69648770749219835 0.57648567845211629  0.69659714787843674 0.57659750433711132  0.69670467562150096 0.57671865619975693  0.69681010540108135 0.57684904756482347  0.69691324421873047 0.5769885510166769  0.69701390274300445 0.5771370100495381  0.69711189687564801 0.57729423938582214  0.69720704783195475 0.57746002359220316  0.69729918300672444 0.57763411695915612  0.6973881351995419 0.57781624000853105  0.6974737476349997 0.57800608820652744  0.6975558770518393 0.57820333801414037  0.69763438637608899 0.57840763122597794  0.69770915460217919 0.57861859780304059  0.6977800737984774 0.57883585112568503  0.69784704955507315 0.57905899074781431  0.6979100002400036 0.57928760206324514  0.69796885759839133 0.5795212608414031  0.69802357155207206 0.5797595541303795  0.69807410220575328 0.58000205921705805  0.69812042359700643 0.58024835788622242  0.6981625219840768 0.58049803739932782  0.69820039509267284 0.580750692546259  0.69823405144809492 0.58100592871353962  0.69826350927559744 0.58126336205807672  0.69828879548922584 0.5815226212194331  0.6983099443237647 0.58178334050922953  0.69832699830053691 0.5820451828252613  0.69834000526301776 0.58230782294976313  0.69834901797632232 0.58257094990395908  0.69835409332623732 0.58283426639177915  0.69835529166712684 0.58309748903986003  0.69835267616258934 0.58336034825266303  0.69834631219406151 0.58362258869832473  0.6983362666928693 0.58388396754213145  0.69832716083012636 0.58405749647589622  0.69832201699425278 0.58414404182425328 
 0 4 0.0064275328581685307 1 0.012855065716337061 1 0.019282598574505594 1 0.025710131432674123 1 0.032137664290842652 1 0.038565197149011188 1 0.044992730007179717 1 0.051420262865348246 1 0.057847795723516775 1 0.064275328581685304 1 0.07070286143985384 1 0.077130394298022376 1 0.083557927156190898 1 0.089985460014359434 1 0.096412992872527956 1 0.10284052573069649 1 0.10926805858886503 1 0.11569559144703355 1 0.12212312430520209 1 0.12855065716337061 1 0.13497819002153916 1 0.14140572287970768 1 0.1478332557378762 1 0.15426078859604475 1 0.16068832145421327 1 0.1671158543123818 1 0.17354338717055032 1 0.17997092002871887 1 0.18639845288688739 1 0.19282598574505591 1 0.19925351860322446 1 0.20568105146139298 1 0.21210858431956151 1 0.21853611717773005 1 0.22496365003589858 1 0.2313911828940671 1 0.23781871575223565 1 0.24424624861040417 1 0.25067378146857272 1 0.25710131432674121 1 0.26352884718490976 1 0.26995638004307831 1 0.27638391290124681 1 0.28281144575941536 1 0.28923897861758391 1 0.2956665114757524 1 0.30209404433392095 1 0.3085215771920895 1 0.314949110050258 1 0.32137664290842655 1 0.32780417576659504 1 0.33423170862476359 1 0.34065924148293214 1 0.34708677434110063 1 0.35351430719926918 1 0.35994184005743773 1 0.36636937291560623 1 0.37279690577377478 1 0.37922443863194333 1 0.38565197149011182 1 0.39207950434828037 1 0.39850703720644892 1 0.40493457006461742 1 0.41136210292278597 1 0.41778963578095452 1 0.42421716863912301 1 0.43064470149729156 1 0.43707223435546011 1 0.4434997672136286 1 0.44992730007179715 1 0.4563548329299657 1 0.4627823657881342 1 0.46920989864630275 1 0.4756374315044713 1 0.48206496436263979 1 0.48849249722080834 1 0.49492003007897689 1 0.50134756293714544 1 0.50777509579531388 1 0.51420262865348243 1 0.52063016151165098 1 0.52705769436981953 1 0.53348522722798808 1 0.53991276008615663 1 0.54634029294432507 1 0.55276782580249362 1 0.55919535866066217 1 0.56562289151883072 1 0.57205042437699927 1 0.57847795723516782 1 0.58490549009333626 1 0.59133302295150481 1 0.59776055580967336 1 0.6041880886678419 1 0.61061562152601045 1 0.617043154384179 1 0.62347068724234744 1 0.62989822010051599 1 0.63632575295868454 1 0.64275328581685309 1 0.64918081867502164 1 0.65560835153319008 1 0.66203588439135863 1 0.66846341724952718 1 0.67489095010769573 1 0.68131848296586428 1 0.68774601582403283 1 0.69417354868220127 1 0.70060108154036982 1 0.70702861439853837 1 0.71345614725670692 1 0.71988368011487547 1 0.72631121297304402 1 0.73273874583121246 1 0.73916627868938101 1 0.74559381154754956 1 0.75202134440571811 1 0.75844887726388666 1 0.76487641012205521 1 0.77130394298022364 1 0.77773147583839219 1 0.78415900869656074 1 0.79058654155472929 1 0.79701407441289784 1 0.80344160727106639 1 0.80986914012923483 1 0.81629667298740338 1 0.82272420584557193 1 0.82915173870374048 1 0.83557927156190903 1 0.84200680442007747 1 0.84843433727824602 1 0.85486187013641457 1 0.86128940299458312 1 0.86771693585275167 1 0.87414446871092022 1 0.88057200156908866 1 0.88699953442725721 1 0.89342706728542576 1 0.89985460014359431 1 0.90628213300176286 1 0.91270966585993141 1 0.91913719871809985 1 0.9255647315762684 1 0.93199226443443695 1 0.9384197972926055 1 0.94484733015077405 1 0.95127486300894259 1 0.95770239586711103 1 0.96412992872527958 1 0.97055746158344813 1 0.97698499444161668 1 0.98341252729978523 1 0.98984006015795378 1 0.99626759301612222 1 1.0026951258742909 1 1.0091226587324593 1 1.0155501915906278 1 1.0219777244487964 1 1.0284052573069649 1 1.0348327901651335 1 1.041260323023302 1 1.0476878558814704 1 1.0541153887396391 1 1.0605429215978075 1 1.0669704544559762 1 1.0733979873141446 1 1.0798255201723133 1 1.0862530530304817 1 1.0926805858886501 1 1.0991081187468188 1 1.1055356516049872 1 1.1119631844631559 1 1.1183907173213243 1 1.1248182501794928 1 1.1312457830376614 1 1.1376733158958299 1 1.1441008487539985 1 1.150528381612167 1 1.1569559144703356 1 1.1633834473285041 1 1.1698109801866725 1 1.1762385130448412 1 1.1826660459030096 1 1.1890935787611783 1 1.1955211116193467 1 1.2019486444775151 1 1.2083761773356838 1 1.2148037101938522 1 1.2212312430520209 1 1.2276587759101893 1 1.234086308768358 1 1.2405138416265264 1 1.2469413744846949 1 1.2533689073428635 1 1.259796440201032 1 1.2662239730592006 1 1.2726515059173691 4
1 6.2831853071795862 -0 0 1 
1 0 -0 0 1 
1 9 0 0 -1 
1 0 0 0 1 
1 0 0 0 -1 
1 0 0 0 1 
8 22.781594769027141 35.25
1 23.399999999999999 15.25 0 1 
8 22.781594769027141 35.25
1 8.8999999999999986 15.25 0 -1 
1 56.799999999999997 0 0 -1 
1 110.8 0 0 1 
1 9.6862865175851596 2.2000000000000002 -1 -0 
1 10.024200791872023 0 -1 -0 
7 0 0  7 8 2  0.81903552904208587 0.5087294423412011  0.81954658578133144 0.50903576108860593  0.82006048955137967 0.50930623830368038  0.8205766835601328 0.50954474885823953  0.82109476124645597 0.50975343906008241  0.82161440021863941 0.50993404141533494  0.82213537286949445 0.51008746073299205  0.82265752289195482 0.51021439033143223 
 0 8 1 8
7 0 0  7 8 2  3.7410158798150541 -2.3999999999999999e-06  3.6896931993115798 0.31173480838585038  3.6398814715727541 0.62477062257580929  3.5911903928949922 0.93875893256307941  3.5433643267483794 1.2534463305988115  3.4961907594527935 1.5686362095357154  3.4494914966526431 1.8841866204669413  3.4031007690085886 2.2000030000000002 
 0 8 1 8
8 1.0998274512225016e-06 1
7 0 0  7 8 2  10.02420118699464 -2.3999999999999999e-06  9.9728785064911669 0.31173480838585038  9.9230667787523394 0.62477062257580929  9.8743757000745784 0.93875893256307941  9.8265496339279661 1.2534463305988115  9.7793760666323806 1.5686362095357154  9.7326768038322289 1.8841866204669413  9.6862860761881748 2.2000030000000002 
 0 8 1 8
7 0 0  7 8 2  0.82265752287959071 0.48978560922214398  0.82213537285591254 0.4899125388179697  0.82161440029045529 0.49006596127109303  0.82109476113312441 0.4902465566041953  0.82057668365128633 0.49045525470526058  0.82006048951759292 0.49069376024633893  0.81954658578271578 0.49096423902587039  0.81903552904433174 0.49127055777480394 
 0 8 1 8
7 0 0  7 8 2  6.0216771917603005 2.2000030000000002  5.9752864640793018 1.8841866197545052  5.9285872011386447 1.5686362090788768  5.8814136341036427 1.2534463312448019  5.8335875681013576 0.93875893273738786  5.7848964890744909 0.62477062324419486  5.7350847614763252 0.31173480787322799  5.6837620809538416 -2.3999999999999999e-06 
 0 8 1 8
8 0 0.99999890017254633
7 0 0  7 8 2  6.0216771917603005 2.2000030000000002  5.9752864640793018 1.8841866197545052  5.9285872011386447 1.5686362090788768  5.8814136341036427 1.2534463312448019  5.8335875681013576 0.93875893273738786  5.7848964890744909 0.62477062324419486  5.7350847614763252 0.31173480787322799  5.6837620809538416 -2.3999999999999999e-06 
 0 8 1 8
7 0 0  4 8 3  0.81905308912489028 0.48942578173483303  0.81902546565761436 0.49207456711631448  0.81900709696571972 0.49472317547314854  0.81899795194611302 0.49737168737724879  0.81899805696784711 0.50265861185956384  0.81900723715327817 0.50529702474136517  0.8190255710285449 0.50793553367699862  0.81905308915750252 0.51057421827374705 
 0 5 0.500955162420611 3 1 5
7 0 0  4 8 3  3.1000000000000001 -1.7239734583312578  2.3241806894771941 -1.7632075193814296  1.5476983932452542 -1.7893360254890143  0.77088621575499605 -1.8023442818088198  -0.77977300643223479 -1.8021948946027277  -1.5536204064103483 -1.789136558761703  -2.3271391714692951 -1.7630579056313591  -3.1000000000000001 -1.7239734583297934 
 0 5 0.500955162420611 3 1 5
1 56.799999999999997 0 0 -1 
1 0 0 0 1 
Curves 68
7 0 0  5 74 19  -63.399999999999999 -72.26145538111129 -28.399999999999999  -63.399999999999999 -72.477993698959381 -28.005495964138255  -63.399999999999999 -72.691021889938867 -27.609065261225858  -63.399999999999999 -72.900501230435836 -27.210740838365247  -63.399999999999999 -73.106393514534943 -26.810556997518262  -63.399999999999999 -73.50980877940097 -26.008767428824889  -63.399999999999999 -73.707371799036281 -25.607181837026975  -63.399999999999999 -73.901313045188971 -25.203827692160829  -63.399999999999999 -74.09159608874522 -24.798741396920111  -63.399999999999999 -74.464179476274893 -23.986476500448752  -63.399999999999999 -74.646503345756472 -23.57930867953193  -63.399999999999999 -74.825121295629245 -23.170494599732905  -63.399999999999999 -74.999998644223851 -22.760072945803959  -63.399999999999999 -75.359936208689447 -21.893398811148103  -63.399999999999999 -75.544173583295091 -21.436804579869925  -63.399999999999999 -75.723768005623725 -20.978354782475012  -63.399999999999999 -75.898675257009742 -20.518105091906335  -63.399999999999999 -76.259565081598424 -19.538372361181672  -63.399999999999999 -76.444337281895301 -19.018443438212554  -63.399999999999999 -76.623108775123029 -18.49640738017558  -63.399999999999999 -76.795821871024728 -17.972348151002681  -63.399999999999999 -77.127888182645862 -16.923934153594434  -63.399999999999999 -77.287324323022915 -16.399605599166925  -63.399999999999999 -77.440675981998808 -15.873452080337824  -63.399999999999999 -77.587892292315772 -15.345561379033471  -63.399999999999999 -77.922568312591778 -14.088952928944009  -63.399999999999999 -78.104554865577825 -13.358777279277065  -63.399999999999999 -78.274761110124189 -12.625731326786315  -63.399999999999999 -78.433076487248115 -11.89005774683357  -63.399999999999999 -78.724986415491571 -10.417714477322647  -63.399999999999999 -78.858703057127514 -9.6810686110103177  -63.399999999999999 -78.980458108307715 -8.9423173543039098  -63.399999999999999 -79.090172281052617 -8.201714420922869  -63.399999999999999 -79.285591609991684 -6.7158162281930665  -63.399999999999999 -79.371247890402316 -5.9705140486154491  -63.399999999999999 -79.444688212313324 -5.2238751802868961  -63.399999999999999 -79.505869525274477 -4.4761651090039862  -63.399999999999999 -79.603483774776905 -2.9819701949798301  -63.399999999999999 -79.640009809474691 -2.2354908112449436  -63.399999999999999 -79.664324605962392 -1.4884811346459053  -63.399999999999999 -79.676429663499576 -0.74120724867925603  -63.399999999999999 -79.67624238410292 1.0277952909374832  -63.399999999999999 -79.653356344780036 2.0495246077011267  -63.399999999999999 -79.607625531383277 3.0705713969157742  -63.399999999999999 -79.539073967288004 4.0902562269866465  -63.399999999999999 -79.356599792506557 6.1246700840728607  -63.399999999999999 -79.24271605844487 7.1394052802138503  -63.399999999999999 -79.106242284799336 8.151431820486799  -63.399999999999999 -78.947344446548172 9.1600937390517387  -63.399999999999999 -78.58429382288611 11.174116275375475  -63.399999999999999 -78.379932218538102 12.179441169305093  -63.399999999999999 -78.153382396789198 13.18007975669871  -63.399999999999999 -77.904921872284376 14.175414692394114  -63.399999999999999 -77.364440052805577 16.155677487892262  -63.399999999999999 -77.072358100194634 17.14059016534322  -63.399999999999999 -76.758943676764943 18.119001501101828  -63.399999999999999 -76.424556135916106 19.090354881791569  -63.399999999999999 -75.899002636221454 20.517266524156888  -63.399999999999999 -75.72366737621428 20.97865609868586  -63.399999999999999 -75.543621730016696 21.438236870900987  -63.399999999999999 -75.358910246105467 21.89595275530089  -63.399999999999999 -74.99844898843925 22.763728086328307  -63.399999999999999 -74.823544771209257 23.174138782163787  -63.399999999999999 -74.644900129041218 23.582941691713529  -63.399999999999999 -74.462549746450534 23.990098134764231  -63.399999999999999 -74.089913578373199 24.802339905807891  -63.399999999999999 -73.89960426720998 25.207414451573776  -63.399999999999999 -73.705636937695871 25.610756646589799  -63.399999999999999 -73.508048021340869 26.0123300927605  -63.399999999999999 -73.104938755189835 26.813384384502733  -63.399999999999999 -72.899391170391894 27.212851534038826  -63.399999999999999 -72.690269324162585 27.610465707589469  -63.399999999999999 -72.477611221346166 28.006192787075022  -63.399999999999999 -72.26145538111237 28.399999999999999 
 0 6 0.037926093652132613 4 0.075642217011240603 4 0.11323812814892414 4 0.15473021464207118 4 0.20122916432467713 4 0.24741189447745424 4 0.3108221861128147 4 0.37390968021157056 4 0.43712544243552309 4 0.50010224146367233 4 0.58620914072790731 4 0.67224192006452288 4 0.75867768074986608 4 0.84523408274327505 4 0.8868287688776586 4 0.92442472136494058 4 0.96214089301497607 4 1 6
7 0 0  4 122 41  47.399999999999999 -81.329585088144995 28.399999999999999  46.714715911311593 -81.643364392617073 28.399999999999999  46.026531303763441 -81.950809051126356 28.399999999999999  45.33554590363817 -82.251904853121303 28.399999999999999  43.946860862194391 -82.841929944851444 28.399999999999999  43.249151017832425 -83.130835203527312 28.399999999999999  42.548826748412814 -83.413342676420598 28.399999999999999  41.141416920516356 -83.966218456953044 28.399999999999999  40.434318985052165 -84.236555239027695 28.399999999999999  39.724788759847989 -84.500440913875181 28.399999999999999  38.299412868209679 -85.015885210035663 28.399999999999999  37.583556410856566 -85.267413970657984 28.399999999999999  36.865449560905525 -85.512442757997007 28.399999999999999  35.423374302908151 -85.989997607176491 28.399999999999999  34.69939660777171 -86.222495602674812 28.399999999999999  33.973350145555592 -86.448449076145067 28.399999999999999  32.515857051622241 -86.887690181015316 28.399999999999999  31.784402545892924 -87.100951660543046 28.399999999999999  31.051060605556309 -87.307628256978887 28.399999999999999  29.579444900928188 -87.708165362131041 28.399999999999999  28.841164577205056 -87.902001744008558 28.399999999999999  28.101177847939503 -88.089216948808129 28.399999999999999  26.61674730224744 -88.450694187201606 28.399999999999999  25.87229813557969 -88.624934219804658 28.399999999999999  25.126323288597781 -88.79252073739616 28.399999999999999  23.630397054301589 -89.114616946289061 28.399999999999999  22.880441414392699 -89.269106853389573 28.399999999999999  22.129140524078728 -89.416914762585691 28.399999999999999  20.623047964771764 -89.699343768671923 28.399999999999999  19.86825302387809 -89.833947379121014 28.399999999999999  19.112292983619206 -89.961844273197343 28.399999999999999  17.597372493258071 -90.204355146688187 28.399999999999999  16.838409630271336 -90.318954008353543 28.399999999999999  16.078461563523483 -90.426825119694087 28.399999999999999  14.556059377596604 -90.629202397121404 28.399999999999999  13.793603578905 -90.723695874984003 28.399999999999999  13.030342245957449 -90.811444184168664 28.399999999999999  11.50181124571467 -90.973508059697039 28.399999999999999  10.736540503251582 -91.047813418057004 28.399999999999999  9.9706437043416472 -91.115359747254374 28.399999999999999  8.437342215077301 -91.236966232341757 28.399999999999999  7.6699369221769231 -91.291018701059414 28.399999999999999  6.9020848974039311 -91.338301791637235 28.399999999999999  5.3653754819110517 -91.419342842891865 28.399999999999999  4.5965178274525371 -91.453095667625576 28.399999999999999  3.8273926540840577 -91.480072241886347 28.399999999999999  2.2916233542136055 -91.520397545585922 28.399999999999999  1.5249805446589946 -91.533796162615488 28.399999999999999  0.75824970055204943 -91.540467567210868 28.399999999999999  -0.77819380986647957 -91.540355737524692 28.399999999999999  -1.5479064653213541 -91.53352005998849 28.399999999999999  -2.31752906604423 -91.519904729100304 28.399999999999999  -3.8562680052227378 -91.479119517814524 28.399999999999999  -4.6253844051916317 -91.451952226068016 28.399999999999999  -5.3942316047683931 -91.4180087322639 28.399999999999999  -6.9309153816137012 -91.33658659281619 28.399999999999999  -7.6987522251828011 -91.289113107167992 28.399999999999999  -8.4661406545375115 -91.234870324297049 28.399999999999999  -9.9994037018590092 -91.11288359757171 28.399999999999999  -10.765278926183633 -91.045147364704491 28.399999999999999  -11.53052641047735 -90.97065221636592 28.399999999999999  -13.059006199624989 -90.808209283587644 28.399999999999999  -13.822239584706878 -90.72027173061295 28.399999999999999  -14.584665750326955 -90.625589155807489 28.399999999999999  -16.10700400149566 -90.422834342299367 28.399999999999999  -16.866917772843522 -90.314774814873132 28.399999999999999  -17.625844653255925 -90.199987717614633 28.399999999999999  -19.140688541988474 -89.957101164642154 28.399999999999999  -19.896607970672122 -89.829016849206283 28.399999999999999  -20.651360610553191 -89.694226032129663 28.399999999999999  -22.154449337585795 -89.411970856539213 28.399999999999999  -22.902798411403687 -89.264575693780287 28.399999999999999  -23.649811308377402 -89.110550428424133 28.399999999999999  -25.142774754913553 -88.788861989989385 28.399999999999999  -25.888718423452275 -88.621166915271445 28.399999999999999  -26.633135416915216 -88.446818493037924 28.399999999999999  -28.117498971796216 -88.08512517005876 28.399999999999999  -28.857450889814075 -87.897802282273602 28.399999999999999  -29.595695405873556 -87.703858406412678 28.399999999999999  -31.067236883203698 -87.303107082286502 28.399999999999999  -31.800540410859451 -87.096323772302256 28.399999999999999  -32.531955505818523 -86.882955790317709 28.399999999999999  -33.989367201895533 -86.443502522418399 28.399999999999999  -34.715371684552444 -86.217443399232423 28.399999999999999  -35.439306400379238 -85.984839987842676 28.399999999999999  -36.88129316226884 -85.507075220084516 28.399999999999999  -37.59935450346093 -85.261941940282014 28.399999999999999  -38.315164450744803 -85.010308944438577 28.399999999999999  -39.740444826625591 -84.494657160665739 28.399999999999999  -40.449926054664942 -84.230668242960519 28.399999999999999  -41.15697399023405 -83.960228499430229 28.399999999999999  -42.56428136756611 -83.407147846607813 28.399999999999999  -43.2645531952666 -83.124538471675265 28.399999999999999  -43.962209593980461 -82.83553161730454 28.399999999999999  -45.347610322022575 -82.246653934424188 28.399999999999999  -46.035389558010323 -81.946865244525156 28.399999999999999  -46.720393029965727 -81.640785959049595 28.399999999999999  -47.474079732227025 -81.295663058378523 28.399999999999999  -47.54560545743594 -81.262826948124328 28.399999999999999  -47.617099440425861 -81.229921782777268 28.399999999999999  -47.76529433796577 -81.161541383412398 28.399999999999999  -47.84199038019328 -81.12605559004021 28.399999999999999  -47.918649553277049 -81.090490218998752 28.399999999999999  -48.145804588951599 -80.984816813199586 28.399999999999999  -48.296194613193293 -80.914481268996099 28.399999999999999  -48.446440718777041 -80.843838814899541 28.399999999999999  -48.888578197981523 -80.634851012576604 28.399999999999999  -49.180065715708132 -80.49565126190987 28.399999999999999  -49.470996473499895 -80.355291547050967 28.399999999999999  -50.325377497180973 -79.93888382541445 28.399999999999999  -50.887261748907981 -79.659622691996702 28.399999999999999  -51.446956837169644 -79.37599891778197 28.399999999999999  -53.05358700248933 -78.54601594898331 28.399999999999999  -54.094805641778919 -77.988591287815154 28.399999999999999  -55.127664142640022 -77.415816832163486 28.399999999999999  -57.083604688443145 -76.292700872136436 28.399999999999999  -58.008194839980106 -75.744985877191226 28.399999999999999  -58.925220582153969 -75.184692753831669 28.399999999999999  -60.737753508236104 -74.042728776618048 28.399999999999999  -61.633360239263553 -73.461215986186986 28.399999999999999  -62.520880707261121 -72.867429712983395 28.399999999999999  -63.399999999999999 -72.26145538111237 28.399999999999999 
 0 5 0.025959735466239482 3 0.051968445072095075 3 0.078041034206510818 3 0.10417379511088334 3 0.13036283242351257 3 0.15660407643656671 3 0.18289329665491616 3 0.20922611562405111 3 0.23559802299667293 3 0.26200438980866558 3 0.2884404829368053 3 0.31490147971271193 3 0.34138248266829874 3 0.36787853438884233 3 0.39438463245123834 3 0.42079298497919715 3 0.4473040733492139 3 0.4738101004863049 3 0.5003060341719574 3 0.5267868723357817 3 0.55324765805637255 3 0.57968349449876821 3 0.6060895597666226 3 0.63235897887884995 3 0.65869156991069744 3 0.68498053770019784 3 0.71122150556415809 3 0.73741024385553933 3 0.76354268379004619 3 0.7896149310034366 3 0.8156232788066321 3 0.84146380924103226 3 0.84417455608823977 3 0.84708523233749755 3 0.85280358381156096 3 0.86392919478410013 3 0.88553988908759029 3 0.92621388858655607 3 0.963224235360856 3 1 5
7 0 0  5 54 14  47.399999999999999 -81.329585088143929 -28.399999999999999  47.399999999999999 -81.718417405382226 -27.602701589994059  47.399999999999999 -82.094359190448614 -26.799116480755742  47.399999999999999 -82.457176997271077 -25.989475190028759  47.399999999999999 -82.806645930659258 -25.174023292139605  47.399999999999999 -83.477708569044566 -23.533839935659831  47.399999999999999 -83.799362687409342 -22.709132930023159  47.399999999999999 -84.107296985643771 -21.879159455675921  47.399999999999999 -84.401307843567395 -21.044192956384059  47.399999999999999 -85.018299991807481 -19.193247125333336  47.399999999999999 -85.334922506439582 -18.175147522278532  47.399999999999999 -85.630735530543106 -17.150726331802012  47.399999999999999 -85.905432054958737 -16.120514036251109  47.399999999999999 -86.340109466990469 -14.343697962070918  47.399999999999999 -86.510513636588513 -13.599643526910011  47.399999999999999 -86.669854214956246 -12.853111891354981  47.399999999999999 -86.81804252211937 -12.104314401977511  47.399999999999999 -87.091592149284224 -10.604635398751789  47.399999999999999 -87.217013872102427 -9.8537646110918047  47.399999999999999 -87.331188910159852 -9.1010722196347729  47.399999999999999 -87.434053649175226 -8.3467789156026342  47.399999999999999 -87.617096788135498 -6.8351570302032307  47.399999999999999 -87.697266975815481 -6.0778270737487823  47.399999999999999 -87.766018316819498 -5.3193461285134731  47.399999999999999 -87.823317331311273 -4.5599427042780967  47.399999999999999 -87.914987059359959 -3.0395912135153864  47.399999999999999 -87.949353280112064 -2.278642377395343  47.399999999999999 -87.972229140029484 -1.517232993705651  47.399999999999999 -87.983618456567356 -0.75559421266212112  47.399999999999999 -87.983447430844734 1.0347504171879578  47.399999999999999 -87.962439253846043 2.063456724038609  47.399999999999999 -87.920459333804956 3.0915920045260847  47.399999999999999 -87.85752098460523 4.118587081581623  47.399999999999999 -87.689864591668879 6.1692140760090055  47.399999999999999 -87.585144159236251 7.1928478210299218  47.399999999999999 -87.459604799579907 8.2142065638503041  47.399999999999999 -87.313374082104232 9.2327360053006728  47.399999999999999 -86.979972980463259 11.262436974296676  47.399999999999999 -86.792827226291109 12.273613950527199  47.399999999999999 -86.585356614485704 13.280884270151169  47.399999999999999 -86.357773942385592 14.283728303037876  47.399999999999999 -85.863616779648282 16.276571759960866  47.399999999999999 -85.597160648442554 17.266601447566849  47.399999999999999 -85.311200665739676 18.251239378253715  47.399999999999999 -85.0060087180496 19.230014150337063  47.399999999999999 -84.401256386192628 21.044439054412827  47.399999999999999 -84.106435993143336 21.881669655412736  47.399999999999999 -83.797616673297895 22.7138797005057  47.399999999999999 -83.475003729281525 23.540793537708474  47.399999999999999 -82.803536872219468 25.181276884794102  47.399999999999999 -82.454756247148296 25.994876658477246  47.399999999999999 -82.092687050914677 26.802690552344295  47.399999999999999 -81.717552701189845 27.604474660219346  47.399999999999999 -81.329585088144995 28.399999999999999 
 0 6 0.075373123142550263 4 0.15057912289603942 4 0.2411548604062824 4 0.30600658153204119 4 0.37068447319009978 4 0.43538669601406266 4 0.50010270451533156 4 0.58751151439269056 4 0.6749249989103292 4 0.76228554659951653 4 0.84938426761217678 4 0.92479449022054327 4 1 6
7 0 0  4 122 41  47.399999999999999 -81.329585088143943 -28.399999999999999  46.714715911311167 -81.64336439261622 -28.399999999999999  46.026531303764152 -81.950809051124992 -28.399999999999999  45.335545903636934 -82.251904853120806 -28.399999999999999  43.946860862193283 -82.841929944850889 -28.399999999999999  43.249151017833036 -83.130835203526004 -28.399999999999999  42.548826748411877 -83.413342676419916 -28.399999999999999  41.141416920515987 -83.966218456952134 -28.399999999999999  40.434318985051583 -84.236555239026913 -28.399999999999999  39.724788759847847 -84.500440913874201 -28.399999999999999  38.29941286821029 -85.015885210034412 -28.399999999999999  37.583556410854335 -85.267413970657756 -28.399999999999999  36.865449560906221 -85.512442757995743 -28.399999999999999  35.4233743029069 -85.989997607175837 -28.399999999999999  34.699396607772862 -86.222495602673376 -28.399999999999999  33.973350145554328 -86.448449076144399 -28.399999999999999  32.515857051623037 -86.887690181014023 -28.399999999999999  31.784402545890607 -87.100951660542592 -28.399999999999999  31.051060605557048 -87.307628256977637 -28.399999999999999  29.5794449009285 -87.708165362129904 -28.399999999999999  28.841164577203521 -87.90200174400789 -28.399999999999999  28.101177847939901 -88.08921694880695 -28.399999999999999  26.616747302247354 -88.450694187200554 -28.399999999999999  25.872298135579321 -88.624934219803691 -28.399999999999999  25.126323288597384 -88.792520737395165 -28.399999999999999  23.630397054300978 -89.114616946288123 -28.399999999999999  22.880441414393609 -89.269106853388337 -28.399999999999999  22.129140524077677 -89.416914762584796 -28.399999999999999  20.623047964772347 -89.699343768670715 -28.399999999999999  19.868253023876527 -89.83394737912019 -28.399999999999999  19.112292983619561 -89.961844273196206 -28.399999999999999  17.59737249325736 -90.20435514668722 -28.399999999999999  16.838409630271947 -90.318954008352392 -28.399999999999999  16.078461563522886 -90.426825119693063 -28.399999999999999  14.556059377596377 -90.629202397120324 -28.399999999999999  13.7936035789049 -90.723695874982923 -28.399999999999999  13.030342245957307 -90.81144418416757 -28.399999999999999  11.501811245714457 -90.973508059695945 -28.399999999999999  10.736540503251554 -91.047813418055895 -28.399999999999999  9.970643704341505 -91.115359747253279 -28.399999999999999  8.4373422150772583 -91.236966232340649 -28.399999999999999  7.6699369221767668 -91.291018701058306 -28.399999999999999  6.9020848974039453 -91.338301791636127 -28.399999999999999  5.3653754819117623 -91.419342842890728 -28.399999999999999  4.5965178274511587 -91.453095667624495 -28.399999999999999  3.8273926540846546 -91.48007224188521 -28.399999999999999  2.2916233542125539 -91.520397545584828 -28.399999999999999  1.5249805446609699 -91.533796162614365 -28.399999999999999  0.75824970055091256 -91.54046756720976 -28.399999999999999  -0.77819380986643694 -91.540355737523583 -28.399999999999999  -1.5479064653214394 -91.533520059987382 -28.399999999999999  -2.3175290660441661 -91.519904729099196 -28.399999999999999  -3.8562680052224891 -91.479119517813416 -28.399999999999999  -4.6253844051920083 -91.451952226066908 -28.399999999999999  -5.3942316047681018 -91.418008732262805 -28.399999999999999  -6.9309153816140423 -91.336586592815053 -28.399999999999999  -7.6987522251820906 -91.289113107166941 -28.399999999999999  -8.4661406545377602 -91.234870324295912 -28.399999999999999  -9.9994037018591015 -91.112883597570601 -28.399999999999999  -10.765278926183221 -91.045147364703425 -28.399999999999999  -11.5305264104774 -90.970652216364797 -28.399999999999999  -13.05900619962506 -90.808209283586535 -28.399999999999999  -13.822239584706431 -90.720271730611898 -28.399999999999999  -14.584665750326991 -90.625589155806395 -28.399999999999999  -16.107004001495461 -90.422834342298302 -28.399999999999999  -16.866917772843358 -90.314774814872067 -28.399999999999999  -17.625844653255776 -90.199987717613567 -28.399999999999999  -19.140688541988652 -89.957101164641045 -28.399999999999999  -19.896607970671326 -89.829016849205331 -28.399999999999999  -20.651360610553304 -89.694226032128554 -28.399999999999999  -22.154449337585241 -89.411970856538233 -28.399999999999999  -22.902798411404078 -89.26457569377915 -28.399999999999999  -23.649811308376805 -89.110550428423181 -28.399999999999999  -25.142774754913191 -88.788861989988391 -28.399999999999999  -25.888718423451991 -88.621166915270436 -28.399999999999999  -26.633135416914982 -88.446818493036929 -28.399999999999999  -28.117498971795918 -88.085125170057779 -28.399999999999999  -28.85745088981384 -87.897802282272622 -28.399999999999999  -29.59569540587318 -87.703858406411726 -28.399999999999999  -31.067236883203179 -87.303107082285592 -28.399999999999999  -31.800540410859448 -87.096323772301218 -28.399999999999999  -32.531955505818004 -86.882955790316799 -28.399999999999999  -33.989367201894893 -86.44350252241756 -28.399999999999999  -34.715371684552593 -86.217443399231399 -28.399999999999999  -35.439306400378619 -85.984839987841838 -28.399999999999999  -36.881293162268634 -85.507075220083536 -28.399999999999999  -37.599354503460169 -85.261941940281289 -28.399999999999999  -38.315164450744625 -85.010308944437597 -28.399999999999999  -39.740444826625072 -84.4946571606649 -28.399999999999999  -40.449926054664743 -84.230668242959609 -28.399999999999999  -41.156973990233475 -83.960228499429434 -28.399999999999999  -42.564281367565542 -83.407147846607018 -28.399999999999999  -43.26455319526633 -83.12453847167437 -28.399999999999999  -43.962209593979921 -82.835531617303758 -28.399999999999999  -45.347610322022163 -82.246653934423335 -28.399999999999999  -46.035389558009683 -81.946865244524446 -28.399999999999999  -46.720393029965294 -81.64078595904877 -28.399999999999999  -47.474079732226514 -81.295663058377727 -28.399999999999999  -47.545605457435421 -81.262826948123546 -28.399999999999999  -47.617099440425342 -81.229921782776501 -28.399999999999999  -47.765294337965287 -81.161541383411617 -28.399999999999999  -47.841990380192712 -81.126055590039471 -28.399999999999999  -47.918649553276566 -81.090490218997957 -28.399999999999999  -48.145804588951059 -80.984816813198819 -28.399999999999999  -48.296194613192824 -80.914481268995331 -28.399999999999999  -48.446440718776486 -80.843838814898788 -28.399999999999999  -48.88857819798092 -80.634851012575865 -28.399999999999999  -49.180065715707755 -80.495651261909089 -28.399999999999999  -49.470996473499312 -80.355291547050228 -28.399999999999999  -50.325377497180455 -79.938883825413697 -28.399999999999999  -50.887261748907399 -79.659622691995992 -28.399999999999999  -51.446956837169104 -79.375998917781232 -28.399999999999999  -53.053587002488698 -78.546015948982628 -28.399999999999999  -54.094805641778436 -77.988591287814387 -28.399999999999999  -55.127664142639361 -77.415816832162847 -28.399999999999999  -57.083604688442584 -76.292700872135754 -28.399999999999999  -58.00819483997936 -75.744985877190615 -28.399999999999999  -58.925220582153393 -75.184692753830987 -28.399999999999999  -60.737753508235642 -74.042728776617295 -28.399999999999999  -61.63336023926324 -73.461215986186147 -28.399999999999999  -62.520880707260957 -72.867429712982414 -28.399999999999999  -63.399999999999999 -72.26145538111129 -28.399999999999999 
 0 5 0.025959735466267515 3 0.05196844507220473 3 0.078041034206716972 3 0.10417379511113734 3 0.13036283242380706 3 0.15660407643689447 3 0.18289329665521575 3 0.20922611562429042 3 0.23559802299686916 3 0.26200438980882113 3 0.28844048293691771 3 0.31490147971279597 3 0.34138248266835691 3 0.36787853438887214 3 0.39438463245121003 3 0.42079298497912337 3 0.44730407334913436 3 0.47381010048620714 3 0.50030603417184649 3 0.526786872335675 3 0.5532476580562824 3 0.57968349449869694 3 0.60608955976658507 3 0.63235897887884596 3 0.65869156991070976 3 0.68498053770022649 3 0.71122150556419816 3 0.73741024385557352 3 0.76354268379006973 3 0.7896149310034567 3 0.8156232788066391 3 0.84146380924102626 3 0.84417455608823266 3 0.84708523233749167 3 0.85280358381155752 3 0.86392919478409891 3 0.88553988908758885 3 0.92621388858655185 3 0.96322423536084933 3 1 5
1 0 0 0 -0 1 0 
7 0 0  4 122 41  47.399999999999999 -78.434289427459674 -28.399999999999999  46.719818259232802 -78.755384645062861 -28.399999999999999  46.036588245706959 -79.07002264693412 -28.399999999999999  45.350415302389173 -79.378188434239178 -28.399999999999999  43.970569913860892 -79.982346624741055 -28.399999999999999  43.276882448961736 -80.278304705231236 -28.399999999999999  42.58044465504161 -80.567730118141725 -28.399999999999999  41.177697908437189 -81.135344272427872 -28.399999999999999  40.471354188108144 -81.413447071523478 -28.399999999999999  39.762432052236697 -81.684908384734911 -28.399999999999999  38.340632016471638 -82.214157431501263 -28.399999999999999  37.627761050868266 -82.47196377084046 -28.399999999999999  36.912523172642359 -82.723127437539461 -28.399999999999999  35.47305092288628 -83.213673569852446 -28.399999999999999  34.748788270815488 -83.452973023338672 -28.399999999999999  34.022332965190479 -83.685529756495214 -28.399999999999999  32.5665020680295 -84.136751439765845 -28.399999999999999  31.837133735926024 -84.355439784443945 -28.399999999999999  31.105780567331458 -84.567394244731304 -28.399999999999999  29.634996705631274 -84.979027946308946 -28.399999999999999  28.895543805091656 -85.178627809300991 -28.399999999999999  28.154282562793988 -85.371402046950465 -28.399999999999999  26.669895963218444 -85.742899662614732 -28.399999999999999  25.926777761732758 -85.921651599188735 -28.399999999999999  25.182055315088014 -86.093596063753836 -28.399999999999999  23.685491418101584 -86.424769666689585 -28.399999999999999  22.933633348555666 -86.583923665433161 -28.399999999999999  22.180349754291591 -86.736186372136302 -28.399999999999999  20.672989970252978 -87.026562973591751 -28.399999999999999  19.918920341339721 -87.164710882710594 -28.399999999999999  19.163625619831727 -87.295994364898604 -28.399999999999999  17.646910155422056 -87.54546275376714 -28.399999999999999  16.885477842138251 -87.663577264407749 -28.399999999999999  16.123001453928644 -87.774751151435765 -28.399999999999999  14.598337380199986 -87.982914801107626 -28.399999999999999  13.836155119866298 -88.079944239045915 -28.399999999999999  13.073125678112795 -88.170068130212812 -28.399999999999999  11.54196284674719 -88.33689341737967 -28.399999999999999  10.773822356476906 -88.413529566205426 -28.399999999999999  10.005018134721261 -88.48319139329584 -28.399999999999999  8.468783735023159 -88.608359268683785 -28.399999999999999  7.7013572686219547 -88.663910769234178 -28.399999999999999  6.9334606017074591 -88.712530845648999 -28.399999999999999  5.3936088930325852 -88.796085892422553 -28.399999999999999  4.6216506150757866 -88.830961071233105 -28.399999999999999  3.8494081998326735 -88.858843372703717 -28.399999999999999  2.3073809534337144 -88.900544711200553 -28.399999999999999  1.537597516538618 -88.914415002466683 -28.399999999999999  0.7677203184923016 -88.921342854468463 -28.399999999999999  -0.77502913620347158 -88.92131362464724 -28.399999999999999  -1.547901383643655 -88.914302416696984 -28.399999999999999  -2.32067850576815 -88.900294643913611 -28.399999999999999  -3.862699321811867 -88.858372515094942 -28.399999999999999  -4.6319445568650721 -88.830515147593957 -28.399999999999999  -5.4009072238521867 -88.79571902435012 -28.399999999999999  -6.9407524217919843 -88.712105761182698 -28.399999999999999  -7.7116323193589693 -88.663240275080454 -28.399999999999999  -8.4820377172665573 -88.607389349885324 -28.399999999999999  -10.018252828379019 -88.4820012484617 -28.399999999999999  -10.78406763966408 -88.412526632956727 -28.399999999999999  -11.54922322390798 -88.336131698699745 -28.399999999999999  -13.080373101565058 -88.169248920767814 -28.399999999999999  -13.846362749647433 -88.078718531829011 -28.399999999999999  -14.61149797723408 -87.981228807998534 -28.399999999999999  -16.136129911968226 -87.772846065143383 -28.399999999999999  -16.895635887774027 -87.66202092079979 -28.399999999999999  -17.654105233504026 -87.544308920809414 -28.399999999999999  -19.170801435732479 -87.29478423686831 -28.399999999999999  -19.929022227120235 -87.162934737666205 -28.399999999999999  -20.686007739019963 -87.024167369801631 -28.399999999999999  -22.193322547928872 -86.733573385089912 -28.399999999999999  -22.943665877926911 -86.581819600872109 -28.399999999999999  -23.692594076539976 -86.42322793771649 -28.399999999999999  -25.189132602073805 -86.091999685050439 -28.399999999999999  -25.936736004877531 -85.91933184931645 -28.399999999999999  -26.682722017653958 -85.739803570751747 -28.399999999999999  -28.167050828578525 -85.368090871457042 -28.399999999999999  -28.905412984999536 -85.175983786140023 -28.399999999999999  -29.641980151791913 -84.977104008786512 -28.399999999999999  -31.112732793561747 -84.565417724145263 -28.399999999999999  -31.846911002940889 -84.352585290703445 -28.399999999999999  -32.57908826147208 -84.132966604039964 -28.399999999999999  -34.034848590099458 -83.681532743018892 -28.399999999999999  -34.758456857748584 -83.449798851776706 -28.399999999999999  -35.479888794321987 -83.211374562121449 -28.399999999999999  -36.919324293881502 -82.720778298776821 -28.399999999999999  -37.637320711400477 -82.468585384865662 -28.399999999999999  -38.352931120859772 -82.209698170598017 -28.399999999999999  -39.77464785639372 -81.68024047842303 -28.399999999999999  -40.480785670759843 -81.409754576661754 -28.399999999999999  -41.184364373981438 -81.132678759797642 -28.399999999999999  -42.5870692104413 -80.565017268689616 -28.399999999999999  -43.286188710558946 -80.274415224762834 -28.399999999999999  -43.982535794995428 -79.97722977518346 -28.399999999999999  -45.36486178210474 -79.371738986542653 -28.399999999999999  -46.050878835625824 -79.063520764417319 -28.399999999999999  -46.733952814661322 -78.74883255059089 -28.399999999999999  -47.487948350132839 -78.392756926077084 -28.399999999999999  -47.561882214645649 -78.357748128542539 -28.399999999999999  -47.635779875052826 -78.322662974660773 -28.399999999999999  -47.786115469199501 -78.251096103872086 -28.399999999999999  -47.862550786303061 -78.214608890382692 -28.399999999999999  -47.938946996106715 -78.178039865391071 -28.399999999999999  -48.165310502927092 -78.069386930600928 -28.399999999999999  -48.315165543350069 -77.997069149733775 -28.399999999999999  -48.464867923454158 -77.924435876266472 -28.399999999999999  -48.907977021990945 -77.708290811382284 -28.399999999999999  -49.200944875793724 -77.563879324447527 -28.399999999999999  -49.49331135506862 -77.41825413111367 -28.399999999999999  -50.349239330855433 -76.987475708214916 -28.399999999999999  -50.911129499455399 -76.699001667229155 -28.399999999999999  -51.470674777418481 -76.406004532410222 -28.399999999999999  -53.076391848856034 -75.5485562548823 -28.399999999999999  -54.116438492929873 -74.972634805325555 -28.399999999999999  -55.147521130976472 -74.380805908050775 -28.399999999999999  -57.101399879222754 -73.218731528261358 -28.399999999999999  -58.025771369105676 -72.651134956190575 -28.399999999999999  -58.94197580586286 -72.070441368094833 -28.399999999999999  -60.750156096116442 -70.887739533246631 -28.399999999999999  -61.642266537668604 -70.285937123082803 -28.399999999999999  -62.525662847611827 -69.671408464377961 -28.399999999999999  -63.399999999999999 -69.044250175739862 -28.399999999999999 
 0 5 0.025834809387204442 3 0.051737877045908882 3 0.077810467135583622 3 0.10384655158632086 3 0.13004459672597035 3 0.15619719148963032 3 0.182503326750029 3 0.20875440433374501 3 0.23514986224412804 3 0.26148012436569268 3 0.2879449906588239 3 0.31433412697032781 3 0.34084760376891338 3 0.36727455696927441 3 0.39381523141581187 3 0.42025846686848634 3 0.44680458339795776 3 0.47324236153491239 3 0.4997720961265455 3 0.52618274602724902 3 0.55267448084693416 3 0.57903667342503029 3 0.60546927028609188 3 0.63176228950247015 3 0.65811536052616648 3 0.68431937097036033 3 0.71057354472085288 3 0.7366698537665024 3 0.76280703496832858 3 0.78877834751323417 3 0.81478196823328453 3 0.8406126317793875 3 0.84342236783523472 3 0.84633150244897704 3 0.85204662404973253 3 0.86326528112996614 3 0.88495889134463634 3 0.92578826083395604 3 0.96304197882124432 3 1 5
1 110.8 0 0 -0 1 0 
7 0 0  5 98 25  -63.399999999999999 -69.04425017573989 -28.399999999999999  -63.399999999999999 -69.280622863122602 -27.992288392930547  -63.399999999999999 -69.513066506477486 -27.5822989014586  -63.399999999999999 -69.7415314653434 -27.170070218395999  -63.399999999999999 -69.965968680380229 -26.755642905377627  -63.399999999999999 -70.405618559558619 -25.92450265472954  -63.399999999999999 -70.620870812053994 -25.507810645865842  -63.399999999999999 -70.832038652760644 -25.089025186859459  -63.399999999999999 -71.039075068580004 -24.66818995288785  -63.399999999999999 -71.444509484908068 -23.823101025256065  -63.399999999999999 -71.642919159394239 -23.398852917270936  -63.399999999999999 -71.837116775333669 -22.972651496031975  -63.399999999999999 -72.027057244755838 -22.544543954394307  -63.399999999999999 -72.39720502475538 -21.687233402733561  -63.399999999999999 -72.57746459405071 -21.258052937987877  -63.399999999999999 -72.753431839272196 -20.827086093833856  -63.399999999999999 -72.925064613147924 -20.39438280966165  -63.399999999999999 -73.192432075514162 -19.699996386161175  -63.399999999999999 -73.290974713506984 -19.439394413262988  -63.399999999999999 -73.387941075070628 -19.178199979577101  -63.399999999999999 -73.483322555668934 -18.916424400290595  -63.399999999999999 -73.670746587469836 -18.392160071286554  -63.399999999999999 -73.762794311622088 -18.12967316913311  -63.399999999999999 -73.853245510172528 -17.86662999339157  -63.399999999999999 -73.942091988819982 -17.603042247312729  -63.399999999999999 -74.116431352359669 -17.075189473405896  -63.399999999999999 -74.201928974498259 -16.810926008259379  -63.399999999999999 -74.285810648556549 -16.546143327712596  -63.399999999999999 -74.368068623216843 -16.280853513563287  -63.399999999999999 -74.529215496606 -15.749635617832656  -63.399999999999999 -74.608108708439374 -15.48370884251595  -63.399999999999999 -74.685367488771689 -15.217300778605294  -63.399999999999999 -74.760984564663474 -14.950423874490035  -63.399999999999999 -74.959662203493579 -14.23237190241877  -63.399999999999999 -75.079684920230378 -13.780356273735446  -63.399999999999999 -75.19498727234479 -13.327104553740323  -63.399999999999999 -75.305537639500798 -12.872678936197188  -63.399999999999999 -75.557732941268313 -11.786499860994546  -63.399999999999999 -75.69499551801151 -11.153728753688  -63.399999999999999 -75.823015917116663 -10.518999072881588  -63.399999999999999 -75.941725229616338 -9.8824849267039028  -63.399999999999999 -76.208025996543398 -8.328308517462677  -63.399999999999999 -76.34567732901985 -7.4089420353872129  -63.399999999999999 -76.463842989075246 -6.4867970854556951  -63.399999999999999 -76.562392935992392 -5.5624178129477571  -63.399999999999999 -76.72002928031138 -3.7113135474567152  -63.399999999999999 -76.779158599750531 -2.784590139347376  -63.399999999999999 -76.818569046477648 -1.8567500485616044  -63.399999999999999 -76.838245513575174 -0.92835158212280433  -63.399999999999999 -76.838243961060073 0.93043340377390749  -63.399999999999999 -76.818481476679267 1.8608222065216466  -63.399999999999999 -76.778900185890166 2.7906489919715725  -63.399999999999999 -76.719515449566899 3.7193518600450375  -63.399999999999999 -76.561369440328718 5.5724125003869958  -63.399999999999999 -76.462649475860161 6.4967758808305192  -63.399999999999999 -76.344314426983146 7.4189013585650798  -63.399999999999999 -76.206494553745813 8.3382448442251516  -63.399999999999999 -75.940114611651126 9.8911812664711007  -63.399999999999999 -75.821529195249369 10.52648621041854  -63.399999999999999 -75.693667994263166 11.160012059992134  -63.399999999999999 -75.556599572913598 11.791585703191437  -63.399999999999999 -75.304875252787014 12.87538303405686  -63.399999999999999 -75.194592148006961 13.328622480299302  -63.399999999999999 -75.079581810543601 13.780693968154345  -63.399999999999999 -74.959875616647551 14.231535788797707  -63.399999999999999 -74.761548975533088 14.948422313485736  -63.399999999999999 -74.685942116889606 15.215300746233034  -63.399999999999999 -74.608693536975792 15.481710399550778  -63.399999999999999 -74.529810507922733 15.747638824616608  -63.399999999999999 -74.368684018706716 16.27886000345935  -63.399999999999999 -74.286436247089227 16.544151451647096  -63.399999999999999 -74.202564758513859 16.80893582636687  -63.399999999999999 -74.117077303532653 17.073201045374574  -63.399999999999999 -73.942758298894958 17.601057303433166  -63.399999999999999 -73.853922013703155 17.864646780559887  -63.399999999999999 -73.763480990501478 18.12769174689236  -63.399999999999999 -73.671443422863263 18.390180498723559  -63.399999999999999 -73.484039735726341 18.914448495741972  -63.399999999999999 -73.388668445056624 19.176225894214774  -63.399999999999999 -73.291712254944471 19.437422206103037  -63.399999999999999 -73.193179769231364 19.698026115756555  -63.399999999999999 -72.925398671128065 20.393562535687067  -63.399999999999999 -72.75331898336141 20.827405093922167  -63.399999999999999 -72.57688200040424 21.259502072382418  -63.399999999999999 -72.396130203687292 21.689803138280404  -63.399999999999999 -72.025926575514944 22.547081660565503  -63.399999999999999 -71.836467433394802 22.974055977648391  -63.399999999999999 -71.642773606089861 23.399134064489068  -63.399999999999999 -71.444889827822038 23.822269100818815  -63.399999999999999 -71.040020290037077 24.66625884415312  -63.399999999999999 -70.833001066439735 25.087097512978573  -63.399999999999999 -70.621850368502848 25.505886568245067  -63.399999999999999 -70.406615206564211 25.922582332619712  -63.399999999999999 -69.966794635018985 26.754117716424958  -63.399999999999999 -69.74216205366865 27.168932397842525  -63.399999999999999 -69.513494223377847 27.581544476664249  -63.399999999999999 -69.280840338363035 27.991913277408628  -63.399999999999999 -69.044250175742221 28.399999999999999 
 0 6 0.039544429951237171 4 0.07889646717626575 4 0.1181935925219265 4 0.15725137927417748 4 0.18062901142770579 4 0.20396867901697963 4 0.22727405870831177 4 0.25054862469695371 4 0.28978913243715637 4 0.34411365240292585 4 0.42209956787673697 4 0.50000076747073963 4 0.5780689766379643 4 0.65605508007548674 4 0.71027798437611989 4 0.74941649783363562 4 0.77269095354015216 4 0.79599621066479243 4 0.81933574272075138 4 0.84271322560441575 4 0.88187368385699738 4 0.92106752804841585 4 0.96041918712301078 4 1 6
7 0 0  4 122 41  47.399999999999999 -78.43428942746192 28.399999999999999  46.719818259233101 -78.755384645064964 28.399999999999999  46.0365882457073 -79.070022646936266 28.399999999999999  45.350415302389756 -79.378188434241167 28.399999999999999  43.970569913862143 -79.98234662474276 28.399999999999999  43.276882448962134 -80.278304705233225 28.399999999999999  42.580444655042307 -80.567730118143672 28.399999999999999  41.177697908438041 -81.135344272429734 28.399999999999999  40.47135418810867 -81.413447071525454 28.399999999999999  39.762432052237621 -81.684908384736772 28.399999999999999  38.340632016471922 -82.214157431503367 28.399999999999999  37.627761050869715 -82.471963770842137 28.399999999999999  36.912523172642658 -82.723127437541507 28.399999999999999  35.473050922886934 -83.213673569854365 28.399999999999999  34.74878827081637 -83.452973023340562 28.399999999999999  34.022332965190962 -83.685529756497175 28.399999999999999  32.566502068029244 -84.136751439768048 28.399999999999999  31.837133735928255 -84.355439784445466 28.399999999999999  31.105780567331145 -84.567394244733521 28.399999999999999  29.634996705631927 -84.979027946310879 28.399999999999999  28.895543805091712 -85.178627809303038 28.399999999999999  28.154282562794869 -85.37140204695234 28.399999999999999  26.669895963218273 -85.742899662616878 28.399999999999999  25.926777761734307 -85.921651599190454 28.399999999999999  25.182055315087844 -86.093596063755953 28.399999999999999  23.685491418102579 -86.424769666691446 28.399999999999999  22.933633348555482 -86.583923665435236 28.399999999999999  22.18034975429223 -86.736186372138235 28.399999999999999  20.672989970252281 -87.02656297359394 28.399999999999999  19.918920341341995 -87.164710882712228 28.399999999999999  19.163625619831102 -87.295994364900764 28.399999999999999  17.646910155421772 -87.545462753769229 28.399999999999999  16.885477842139458 -87.663577264409597 28.399999999999999  16.123001453928545 -87.774751151437783 28.399999999999999  14.598337380199872 -87.982914801109672 28.399999999999999  13.836155119867193 -88.079944239047848 28.399999999999999  13.073125678112724 -88.170068130214844 28.399999999999999  11.541962846747488 -88.336893417381646 28.399999999999999  10.773822356477048 -88.413529566207416 28.399999999999999  10.005018134721517 -88.48319139329783 28.399999999999999  8.4687837350236421 -88.608359268685746 28.399999999999999  7.7013572686214857 -88.663910769236196 28.399999999999999  6.9334606017078855 -88.712530845650974 28.399999999999999  5.3936088930326989 -88.796085892424529 28.399999999999999  4.6216506150758434 -88.830961071235066 28.399999999999999  3.8494081998327303 -88.858843372705707 28.399999999999999  2.3073809534341834 -88.900544711202528 28.399999999999999  1.5375975165377511 -88.914415002468672 28.399999999999999  0.76772031849289846 -88.921342854470424 28.399999999999999  -0.77502913620308789 -88.921313624649216 28.399999999999999  -1.5479013836443016 -88.914302416698959 28.399999999999999  -2.32067850576788 -88.900294643915586 28.399999999999999  -3.8626993218116894 -88.858372515096903 28.399999999999999  -4.63194455686547 -88.830515147595918 28.399999999999999  -5.4009072238522151 -88.795719024352096 28.399999999999999  -6.9407524217929151 -88.712105761184631 28.399999999999999  -7.7116323193579035 -88.663240275082501 28.399999999999999  -8.4820377172672821 -88.607389349887256 28.399999999999999  -10.018252828378905 -88.482001248463675 28.399999999999999  -10.784067639664848 -88.412526632958645 28.399999999999999  -11.549223223907866 -88.336131698701749 28.399999999999999  -13.080373101565463 -88.169248920769746 28.399999999999999  -13.846362749647454 -88.078718531831015 28.399999999999999  -14.611497977234492 -87.981228808000452 28.399999999999999  -16.136129911968609 -87.772846065145302 28.399999999999999  -16.895635887774311 -87.662020920801723 28.399999999999999  -17.654105233504332 -87.544308920811346 28.399999999999999  -19.170801435732841 -87.294784236870242 28.399999999999999  -19.92902222712052 -87.162934737668152 28.399999999999999  -20.686007739020496 -87.024167369803536 28.399999999999999  -22.193322547929498 -86.733573385091802 28.399999999999999  -22.943665877926961 -86.581819600874084 28.399999999999999  -23.692594076540686 -86.423227937718337 28.399999999999999  -25.189132602073975 -86.0919996850524 28.399999999999999  -25.936736004878568 -85.91933184931824 28.399999999999999  -26.682722017654207 -85.739803570753736 28.399999999999999  -28.167050828578731 -85.368090871459032 28.399999999999999  -28.905412985000524 -85.175983786141757 28.399999999999999  -29.641980151792318 -84.97710400878843 28.399999999999999  -31.112732793562543 -84.565417724147068 28.399999999999999  -31.846911002941102 -84.352585290705434 28.399999999999999  -32.579088261472918 -84.132966604041741 28.399999999999999  -34.034848590100268 -83.681532743020654 28.399999999999999  -34.758456857748968 -83.449798851778638 28.399999999999999  -35.479888794322825 -83.211374562123225 28.399999999999999  -36.919324293882191 -82.72077829877864 28.399999999999999  -37.637320711401316 -82.468585384867438 28.399999999999999  -38.352931120860369 -82.209698170599879 28.399999999999999  -39.774647856394594 -81.680240478424778 28.399999999999999  -40.480785670760383 -81.40975457666363 28.399999999999999  -41.184364373982305 -81.132678759799376 28.399999999999999  -42.58706921044228 -80.565017268691321 28.399999999999999  -43.286188710559472 -80.274415224764709 28.399999999999999  -43.982535794996352 -79.97722977518518 28.399999999999999  -45.36486178210572 -79.371738986544344 28.399999999999999  -46.050878835626435 -79.063520764419181 28.399999999999999  -46.733952814662317 -78.748832550592567 28.399999999999999  -47.487948350133728 -78.392756926078803 28.399999999999999  -47.561882214646523 -78.357748128544259 28.399999999999999  -47.635779875053721 -78.322662974662506 28.399999999999999  -47.786115469200396 -78.25109610387382 28.399999999999999  -47.862550786303956 -78.214608890384426 28.399999999999999  -47.93894699610761 -78.178039865392776 28.399999999999999  -48.165310502928008 -78.069386930602619 28.399999999999999  -48.315165543350929 -77.997069149735495 28.399999999999999  -48.464867923455095 -77.924435876268177 28.399999999999999  -48.907977021991869 -77.708290811383989 28.399999999999999  -49.200944875794612 -77.563879324449232 28.399999999999999  -49.493311355069551 -77.418254131115361 28.399999999999999  -50.349239330856285 -76.98747570821665 28.399999999999999  -50.911129499456443 -76.69900166723076 28.399999999999999  -51.470674777419383 -76.406004532411941 28.399999999999999  -53.076391848856908 -75.548556254884033 28.399999999999999  -54.116438492931039 -74.972634805327104 28.399999999999999  -55.147521130977388 -74.38080590805248 28.399999999999999  -57.101399879223784 -73.218731528262992 28.399999999999999  -58.025771369106756 -72.651134956192152 28.399999999999999  -58.941975805863933 -72.070441368096439 28.399999999999999  -60.750156096117315 -70.887739533248364 28.399999999999999  -61.642266537669038 -70.28593712308485 28.399999999999999  -62.525662847612146 -69.671408464380065 28.399999999999999  -63.399999999999999 -69.044250175742221 28.399999999999999 
 0 5 0.025834809387074626 3 0.051737877045639494 3 0.077810467135171396 3 0.10384655158577312 3 0.13004459672530058 3 0.15619719148887448 3 0.18250332674921541 3 0.20875440433288575 3 0.23514986224322537 3 0.26148012436477552 3 0.28794499065794521 3 0.31433412696951391 3 0.34084760376817663 3 0.36727455696860012 3 0.39381523141518576 3 0.42025846686789381 3 0.44680458339736512 3 0.47324236153430282 3 0.49977209612594298 3 0.52618274602666304 3 0.55267448084635995 3 0.57903667342447507 3 0.6054692702855532 3 0.63176228950195989 3 0.65811536052568476 3 0.68431937096988549 3 0.71057354472038736 3 0.73666985376606031 3 0.76280703496791713 3 0.78877834751285558 3 0.81478196823294835 3 0.84061263177910284 3 0.84342236783495628 3 0.84633150244870492 3 0.85204662404947284 3 0.86326528112973078 3 0.88495889134444583 3 0.92578826083384091 3 0.96304197882119136 3 1 5
7 0 0  4 8 3  -40 -85.194656397374629 19.5  -40 -84.824951131594986 20.645527226806024  -40 -84.427105319122731 21.781972698359304  -40 -84.001738311051724 22.908389979020402  -40 -83.099144016667381 25.135093853837112  -40 -82.622126436651058 26.235466141210583  -40 -82.119192352933595 27.324219440264134  -40 -81.591093753067994 28.400626325620319 
 0 5 0.5009851476258752 3 1 5
7 0 0  4 8 3  -30 -88.345554857352681 19.5  -31.27039579387327 -88.008568679059678 19.5  -32.53565149373874 -87.652205194665342 19.5  -33.795299880868569 -87.276491140632416 19.5  -36.296160773620038 -86.488406575837303 19.5  -37.537433858667619 -86.076228653927188 19.5  -38.772208775915125 -85.644963349597646 19.5  -40 -85.194656397374629 19.5 
 0 5 0.50125210981411561 3 1 5
7 0 0  4 8 3  -30 -88.345554857352695 19.5  -30 -87.989350816807232 20.644513628155842  -30 -87.606009235255314 21.780581546215462  -30 -87.196087901002798 22.90731743917765  -30 -86.326954632193107 25.133870090506921  -30 -85.868050692690161 26.233807685815684  -30 -85.384131474728406 27.322956202637354  -30 -84.875875044705197 28.400626325620319 
 0 5 0.50149615031550421 3 1 5
7 0 0  4 8 3  15 -91.280971739060149 19.5  15 -90.936479176119008 20.643661574548233  15 -90.565720877680491 21.779411619471354  15 -90.169204447325114 22.906414979387751  15 -89.329046921326054 25.132845910423065  15 -88.885790012913688 26.232419004321422  15 -88.418302603912707 27.321897811304158  15 -87.927202294953773 28.400626325620319 
 0 5 0.50192497067239272 3 1 5
7 0 0  4 8 3  25 -89.553081060346884 19.5  23.760845803299262 -89.823303441247603 19.5  22.517747709852856 -90.075440158769439 19.5  21.271116406150881 -90.309473389583019 19.5  18.770317719223737 -90.741527640582902 19.5  17.51614402258528 -90.939511607513396 19.5  16.259238563542517 -91.119329258927607 19.5  15 -91.280971739060149 19.5 
 0 5 0.4997448426241039 3 1 5
7 0 0  4 8 3  25 -89.553081060346884 19.5  25 -89.201790754867517 20.644153046441055  25 -88.823728488260386 21.7800864993233  25 -88.419430632661076 22.90693562435602  25 -87.562460068412378 25.133436166767751  25 -87.110128334536228 26.233219407949896  25 -86.633110242908572 27.322507915147249  25 -86.132058079885013 28.400626325620319 
 0 5 0.50167770544168944 3 1 5
7 0 0  5 54 14  47.399999999999999 -78.434289427459674 -28.399999999999999  47.399999999999999 -78.844161267814343 -27.596876537905271  47.399999999999999 -79.240424288829061 -26.786807671565796  47.399999999999999 -79.622807239147932 -25.970042988811247  47.399999999999999 -79.99104813291703 -25.146850415490746  47.399999999999999 -80.698130717882776 -23.48961089244408  47.399999999999999 -81.03702237606575 -22.655584944991311  47.399999999999999 -81.36131766329099 -21.815723363144734  47.399999999999999 -81.670777900687469 -20.970328851978252  47.399999999999999 -82.317279609712358 -19.102393966801394  47.399999999999999 -82.647839044849846 -18.077609355624269  47.399999999999999 -82.956470242094781 -17.045917469336864  47.399999999999999 -83.242819202436721 -16.007899816356478  47.399999999999999 -83.691759367681954 -14.231356476223542  47.399999999999999 -83.865807070082539 -13.495725204659264  47.399999999999999 -84.028608089201356 -12.757492262026055  47.399999999999999 -84.180065668553738 -12.016877786864839  47.399999999999999 -84.46018190426679 -10.531032551375258  47.399999999999999 -84.588831418421393 -9.7857997399290717  47.399999999999999 -84.705958120128258 -9.0386380546104732  47.399999999999999 -84.811491566535594 -8.2897805037885064  47.399999999999999 -84.99929310342182 -6.7888910155050581  47.399999999999999 -85.081553519999304 -6.0368576839721371  47.399999999999999 -85.152101501044555 -5.2836044498641215  47.399999999999999 -85.210899685588601 -4.5293732882212758  47.399999999999999 -85.304968274255543 -3.0192916769157137  47.399999999999999 -85.34023434449756 -2.2634403846700586  47.399999999999999 -85.363708390817649 -1.5071008470042884  47.399999999999999 -85.375394307992408 -0.75051813030793824  47.399999999999999 -85.375216568187099 1.0329025754576762  47.399999999999999 -85.353449568792428 2.0597411691319429  47.399999999999999 -85.309949101744976 3.0859654050396514  47.399999999999999 -85.244731551385769 4.1109630951763094  47.399999999999999 -85.071222185410477 6.1549511024343388  47.399999999999999 -84.963028661757818 7.1739521226508316  47.399999999999999 -84.833378074573957 8.1905196062626402  47.399999999999999 -84.682413951251249 9.2040632661555293  47.399999999999999 -84.338333836045152 11.223407151552962  47.399999999999999 -84.145240307236804 12.229212808353985  47.399999999999999 -83.931238152455279 13.230849402562825  47.399999999999999 -83.696564531522 14.227766669039411  47.399999999999999 -83.186550601871318 16.210594476134467  47.399999999999999 -82.911231067661532 17.196511465287287  47.399999999999999 -82.615805167693878 18.176660317554429  47.399999999999999 -82.300578334224042 19.150542747400401  47.399999999999999 -81.670722398890646 20.970582613726791  47.399999999999999 -81.360421227420687 21.818238428179029  47.399999999999999 -81.035205684121706 22.660331210045811  47.399999999999999 -80.695316392607566 23.496555845743913  47.399999999999999 -79.987811988943605 25.154083629727566  47.399999999999999 -79.620287035886605 25.975425580590517  47.399999999999999 -79.238683238786791 26.790366678969441  47.399999999999999 -78.843260881435612 27.598640800950385  47.399999999999999 -78.434289427461934 28.399999999999999 
 0 6 0.076384822291382187 4 0.1526380395978485 4 0.24383705499453368 4 0.30786926295302441 4 0.37192797581418363 4 0.43600884405797558 4 0.50010273855455134 4 0.58709159360650343 4 0.67388225517656686 4 0.76062622818911041 4 0.84732546836709477 4 0.92378297337322246 4 1 6
7 0 0  4 14 5  47.399999999999999 -85.078126418801844 6  46.667493037534356 -85.396919343570289 6  45.931999776064032 -85.708850488543817 6  45.193628976929922 -86.01390630204466 6  43.713091528805869 -86.609541561404328 6  42.970937921944937 -86.900153403931824 6  42.226132673754407 -87.183898969790761 6  40.726694964555406 -87.739390710162397 6  39.972030145899453 -88.011049518725869 6  39.214891723077884 -88.275734482332624 6  37.694995773947042 -88.791438099232124 6  36.932232756310384 -89.042440543366979 6  36.167199806190801 -89.286435458558728 6  35.399999999999999 -89.523415403437724 6 
 0 5 0.24957991568221963 3 0.49857199354831916 3 0.74914072177788138 3 1 5
7 0 0  4 14 5  35.399999999999999 -89.52341540344014 -6  35.399999999999999 -89.594082154689829 -5.2513905064308233  35.399999999999999 -89.652998874950669 -4.5016717035756333  35.399999999999999 -89.700121234948284 -3.7511190696473116  35.399999999999999 -89.770680818830442 -2.2505585997326376  35.399999999999999 -89.794170220727963 -1.5005529460266427  35.399999999999999 -89.805898802249061 -0.75027180333038057  35.399999999999999 -89.805898586012233 0.75270681856694122  35.399999999999999 -89.794094110473196 1.5054045611730036  35.399999999999999 -89.770452830226461 2.25782413790634  35.399999999999999 -89.699665673424093 3.7583692806884237  35.399999999999999 -89.652619333708557 4.5064998146077073  35.399999999999999 -89.593854610949251 5.2538009951217646  35.399999999999999 -89.523415403437724 6 
 0 5 0.25027605699772437 3 0.50000076611216204 3 0.75052982058049367 3 1 5
7 0 0  4 14 5  47.399999999999999 -85.078126418804374 -6  46.667493037534577 -85.396919343572719 -6  45.931999776064558 -85.708850488546162 -6  45.19362897693059 -86.013906302046905 -6  43.7130915288068 -86.609541561406459 -6  42.97093792194584 -86.90015340393397 -6  42.226132673755316 -87.183898969792892 -6  40.726694964556224 -87.739390710164557 -6  39.972030145900384 -88.011049518728015 -6  39.214891723078665 -88.275734482334798 -6  37.694995773947667 -88.791438099234355 -6  36.932232756310775 -89.042440543369324 -6  36.167199806191029 -89.286435458561073 -6  35.399999999999999 -89.523415403440126 -6 
 0 5 0.2495799156821393 3 0.49857199354825027 3 0.74914072177782387 3 1 5
1 0 0 0 -0 1 0 
1 0 20 0 1 0 -0 
1 12 0 0 -0 1 0 
1 12 20 0 0 0 1 
1 0 20 12 1 0 -0 
1 0 20 0 0 0 1 
1 0 0 12 -0 1 0 
1 12 0 12 -0 1 0 
1 10 0 9 -0 1 0 
1 10 20 0 0 0 1 
1 10 0 0 -0 1 0 
1 25.000000000000004 -109.75 28.399999999999999 -0 1 0 
7 0 0  5 6 2  25 -91.258231200288918 19.5  25 -90.706288238771364 21.343266705531803  25 -90.090712527324172 23.167483689552881  25 -89.41312663611852 24.969931108278068  25 -88.675400365308462 26.748167636806649  25 -87.879565279970265 28.5 
 0 6 1 6
7 0 0  5 6 2  15 -92.960910682382391 19.5  15 -92.419543694684805 21.341679572616947  15 -91.815766880080915 23.165017653457824  15 -91.151116410144354 24.967388987611848  15 -90.427364208995158 26.746427705678805  15 -89.64643967831158 28.5 
 0 6 1 6
7 0 0  4 5 2  25 -87.879565279970265 28.5  22.521363524640229 -88.43249841053651 28.5  20.026209909782263 -88.911382699611195 28.5  17.517979455119395 -89.316056398311389 28.5  15 -89.64643967831158 28.5 
 0 5 1 5
7 0 0  4 8 3  25.013625338914558 -87.921863831055489 28.399999999999999  23.707133702907079 -88.213333961847226 28.399999999999999  22.396054571855906 -88.484240732134623 28.399999999999999  21.080891944797095 -88.734560091367484 28.399999999999999  18.446864779514108 -89.193384218279306 28.399999999999999  17.128019251693935 -89.401997426797976 28.399999999999999  15.806093948127547 -89.590097574395244 28.399999999999999  14.48157187364459 -89.757673251898566 28.399999999999999 
 0 5 0.50065991276049504 3 1 5
1 0 20 0 1 0 -0 
1 0 20 0 0 0 1 
1 0 20 9 1 0 -0 
2 20 -74.5 23.999999999999996 0 -1 2.2204460492503131e-16 1 0 0 -0 2.2204460492503131e-16 1 2.25
7 0 0  7 146 25  22.249999999999982 -88.573551785526817 24  22.249999999565887 -88.509862564324834 24.166735532628422  22.235585296277314 -88.447993596316635 24.334621081843597  22.20639527988294 -88.388456023473921 24.502484726562852  22.162100519611496 -88.331835508714462 24.668975598255177  22.102475807062298 -88.278783558574744 24.832562875603845  22.027489996090736 -88.229998124042808 24.991547380635957  21.902128303452873 -88.169034696627136 25.20383681983413  21.864532796394549 -88.152642277590843 25.262591359015595  21.824646351742039 -88.137060010492135 25.320234598029909  21.782497842317856 -88.122331933234207 25.376648039853034  21.738126481147372 -88.108501549101234 25.431710597297865  21.691583522067596 -88.095611042285412 25.485299704041843  21.614727265470318 -88.076794835772958 25.567437462558537  21.585812371937354 -88.070218540548993 25.5970460219892  21.55620188181382 -88.063979488722978 25.626094011054295  21.525909933544224 -88.058085170617915 25.654557665348062  21.494952201940798 -88.052542685898587 25.682413548951281  21.463345898183473 -88.047358743571621 25.709638554431251  21.362246205158382 -88.032245028192619 25.792972233254993  21.290503490556727 -88.023614580491383 25.84675593075395  21.216072285827408 -88.016710369874119 25.897334094930294  21.13916839305066 -88.011582138656792 25.944499795283782  21.060033669228066 -88.008265506868511 25.988069494711191  20.978936938936133 -88.006780158641064 26.027886472995242  20.806407480594775 -88.007505344017233 26.102803981721259  20.714666893361024 -88.010039438138378 26.137226002970856  20.621333574600982 -88.014733077882426 26.166927584516724  20.526790809710214 -88.021564392410554 26.191803664885409  20.431421874243039 -88.030489170096402 26.211802086526045  20.335607167998045 -88.041443155498172 26.226918831680848  20.194743541405131 -88.060395994916774 26.242012752817029  20.149747859613292 -88.066876420424435 26.245766961164225  20.104771549370728 -88.073777269692414 26.248460307358375  20.05985057001342 -88.081089660494527 26.25009896737026  20.015019594570827 -88.088804181539459 26.250690869080199  19.97031200976588 -88.096910892470873 26.250245692277975  19.849343462504841 -88.119958815208179 26.246252088812657  19.773384097700021 -88.135641536484854 26.240711511530133  19.69804321769244 -88.152395227559438 26.232209723227164  19.623468178002422 -88.170165000298113 26.220815018075633  19.549793001406385 -88.188894459337817 26.206604488701505  19.477139085764598 -88.208526822852761 26.189661116878824  19.323693280834981 -88.252462938898489 26.14763219222602  19.243254584383926 -88.277030721772903 26.121721116404427  19.164461453343197 -88.302625754052343 26.092466596987389  19.087456411711646 -88.329165514433143 26.060002511934162  19.012364750881765 -88.356569604451025 26.024464606553313  18.939296403881915 -88.384760754731829 25.985987443121189  18.820626705091822 -88.433107832529842 25.916931686386892  18.773865026918248 -88.452872699487898 25.887891357238686  18.728091921973878 -88.472938076975723 25.857620329357214  18.683334661794849 -88.493282244619948 25.826157865754343  18.639618652577433 -88.513884116814907 25.793542526152429  18.596967435178033 -88.53472324272272 25.759812166984268  18.453415200123725 -88.607446325515141 25.639594949893187  18.357980548403308 -88.660416504444939 25.547705225132834  18.269404380069464 -88.714405669410539 25.449870195220814  18.187969306826947 -88.769141426079159 25.346608081657429  18.113934859887635 -88.824363375295292 25.238422692053032  18.047543489498725 -88.879823088770181 25.125802017411836  17.955483943169195 -88.967084428070578 24.942363225888268  17.924527731629357 -88.99888330343984 24.874212783257242  17.896209709234334 -89.03063539470638 24.804851427131876  17.87057581081832 -89.062294791514205 24.734371062148877  17.847672168275032 -89.093815249156052 24.662865376537933  17.827545110557686 -89.12515018857323 24.590429842121772  17.764439443360615 -89.238577750439902 24.323228716165509  17.738423139723889 -89.319261322636009 24.123493906606154  17.733022569354262 -89.397465537710957 23.919694350228539  17.749168012794051 -89.472231472252417 23.713890503716701  17.787648558693061 -89.542515706894136 23.508502444373679  17.849010104137118 -89.607210590571896 23.306324345518394  17.963702496661092 -89.686122385147385 23.03983692378236  17.997099466636577 -89.706172107107434 22.97000495487908  18.033469639090491 -89.725287894431162 22.90117551916698  18.072796568580234 -89.743415013042139 22.833512388127922  18.1150496351332 -89.760499614292826 22.767185005070836  18.160181279852988 -89.776489694933161 22.702367056761869  18.235752793611027 -89.799891713611331 22.602853350799887  18.264315011747833 -89.808067622362529 22.567031309303129  18.293798132427593 -89.815854285636206 22.531802889153401  18.324187186516603 -89.823242710768383 22.497201814977956  18.355464998255808 -89.830224410127215 22.463261567442114  18.387612185260824 -89.836791401112819 22.430015383249245  18.492681840934413 -89.856359004490585 22.326461015554454  18.568809175021812 -89.867768883485184 22.258887112220442  18.648752757637084 -89.877085993248571 22.195128753081924  18.732233322589622 -89.884249656169132 22.135509466312605  18.818929647559347 -89.889218032741297 22.080320975724906  18.90847666027901 -89.89196991858887 22.029817722824426  19.064942506249881 -89.892886344696265 21.952233487722602  19.130627589270535 -89.892176465970607 21.92266143361001  19.197376559251609 -89.890379962786184 21.895561489692081  19.265046839893689 -89.887503311533138 21.870989779682777  19.333493247131781 -89.883558201981856 21.848988478585863  19.402568523874123 -89.878561200549413 21.829586356789878  19.502899161464359 -89.869866374000622 21.805371775658383  19.533768796631716 -89.866997506307797 21.798456095508499  19.564720101101241 -89.863928630276732 21.792053586871969  19.595740515543259 -89.860661707047782 21.786165065864875  19.626817600440233 -89.857198839112229 21.780790861560856  19.657939036086759 -89.853542270312275 21.775930815991138  19.738355696535226 -89.84360973753823 21.764711126225784  19.787699333622751 -89.837046621834091 21.75912216146661  19.837075249656703 -89.830014554622124 21.754814614553819  19.886436595267913 -89.82252361321396 21.751783241503279  19.93573795591346 -89.81458443633953 21.75002032965984  19.984935351876704 -89.806208224147056 21.749515697697358  20.118875522910013 -89.782174559937204 21.751539094125494  20.203326714450959 -89.765668341514484 21.75655278730062  20.287120092859116 -89.747948437780948 21.765233600384512  20.370053470772245 -89.729077863848644 21.777499707035954  20.451941486112961 -89.709121131731166 21.793255523781692  20.532614894704778 -89.688143086979792 21.812395604466165  20.700821283856936 -89.641618074738645 21.859933585396032  20.788003039676056 -89.615825426600665 21.88917145346872  20.87325180126436 -89.588919283482852 21.922365461044997  20.956378008135307 -89.560987723851355 21.959350109391885  21.037213737463649 -89.532116575597357 21.999954937917835  21.11561057315205 -89.502388569573569 22.044008383172894  21.24255426435889 -89.451317592667209 22.12325015524949  21.292502791142727 -89.430399195089834 22.156649106012644  21.341243279027566 -89.409151473834854 22.191486430111429  21.38873859029248 -89.387597995482565 22.227710578319222  21.434954225717256 -89.365761719756861 22.265270512209707  21.47985832458242 -89.343664999525345 22.304115704156864  21.553939379245286 -89.305682802286384 22.372273948112952  21.583798988231869 -89.289918901287791 22.400957976768996  21.612990372252757 -89.274045348853818 22.430231087393189  21.641503825725518 -89.258069505051495 22.460076300409217  21.669330056861472 -89.241998618964573 22.490476792574331  21.696460187665725 -89.225839828693537 22.521415896979391  21.785997009134025 -89.170815532138619 22.628014800559409  21.845088055736095 -89.13157051075612 22.706128726056686  21.900045176703941 -89.091959608518053 22.786996569991405  21.950762671309093 -89.052075908304886 22.870398071713208  21.997141687593807 -89.012011266394225 22.956115337276021  22.039089054830811 -88.971856514287552 23.043933157243462  22.125168622945669 -88.879503217979163 23.250250936317425  22.166178886684868 -88.827308888339388 23.370043834818965  22.199354808909995 -88.775313884182154 23.492557274350848  22.224505932146183 -88.723722136753594 23.61731466939802  22.241446747095811 -88.67274702255304 23.743821350079578  22.249999999999982 -88.622612089904223 23.871562317649925  22.249999999999982 -88.573551785526803 24 
 0 8 0.18619112553280259 6 0.25912433027811965 6 0.30141052112129285 6 0.39174326221792999 6 0.48972222062275894 6 0.53568187138715939 6 0.61451258887523741 6 0.7048052790311361 6 0.76553753821012305 6 0.91455636694674991 6 1 6 1.2261602749675331 6 1.307793240821685 6 1.3548366586453735 6 1.4575989604179627 6 1.5296363613005106 6 1.5615098496711532 6 1.611911302305451 6 1.6991379270194946 6 1.7969195800611431 6 1.8628366102525991 6 1.9090139031111364 6 2.0192975157294057 6 2.1626583371670263 8
1 2.25 -5.5109105961630896e-16 0 0 0 1 
1 0 0 9 -0 1 0 
1 0 0 0 -0 1 0 
1 15.000000000000004 -109.75 28.399999999999999 -0 1 0 
1 10 0 9 -0 1 0 
1 10 20 0 0 0 1 
1 10 0 0 -0 1 0 
1 -30 -109.75 28.399999999999999 -0 1 0 
7 0 0  5 6 2  -30 -86.64394100354707 28.5  -30 -87.450538332068163 26.749441853610115  -30 -88.198355574164523 24.971793478257901  -30 -88.885285575174166 23.169290880269582  -30 -89.509385860213627 21.344430076009999  -30 -90.068969577504632 19.5 
 0 6 1 6
7 0 0  4 8 3  -28.96471977045595 -86.965581770605795 28.399999999999999  -30.372495737739371 -86.597907584317312 28.399999999999999  -31.77393931431066 -86.205987864408399 28.399999999999999  -33.168391994219085 -85.789861597705141 28.399999999999999  -35.933623823833443 -84.911949700733942 28.399999999999999  -37.304494751040167 -84.450453755660675 28.399999999999999  -38.66712423434479 -83.965146732758214 28.399999999999999  -40.02082623910453 -83.456098757314805 28.399999999999999 
 0 5 0.50150752941968624 3 1 5
7 0 0  5 6 2  -40 -83.416165938683292 28.5  -40 -84.252265178963 26.753013232689312  -40 -85.027764415454911 24.977016349019586  -40 -85.740341346496976 23.174361505489689  -40 -86.387845439108332 21.347695463906014  -40 -86.968405230972863 19.5 
 0 6 1 6
7 0 0  5 6 2  -30 -86.643941003547084 28.5  -32.028931478759972 -86.093059607730183 28.5  -34.044978428919848 -85.494727556547417 28.5  -36.04658179551528 -84.849042609889949 28.5  -38.032137553368571 -84.156132638837022 28.5  -40 -83.416165938683292 28.5 
 0 6 1 6
1 0 20 0 1 0 -0 
1 0 20 0 0 0 1 
1 0 20 9 1 0 -0 
2 -35 -74.5 23.999999999999996 0 -1 2.2204460492503131e-16 1 0 0 -0 2.2204460492503131e-16 1 2.25
7 0 0  6 141 29  -32.750000000000007 -85.989288987546857 24  -32.750000000206178 -85.957859619884957 24.079880019213409  -32.753403101103679 -85.925515624022196 24.159157687870373  -32.760113076185888 -85.892345789497185 24.237685287224888  -32.770031557434486 -85.858434026051214 24.315331414885353  -32.783061358909002 -85.823858623011077 24.391979762121867  -32.8103459478179 -85.764069623425087 24.520422119177255  -32.823061761392715 -85.739157910515317 24.572776491754709  -32.837225185496209 -85.713981219384323 24.624555671798262  -32.852805195715227 -85.688563374365515 24.675726383113936  -32.869771798788143 -85.66292717468373 24.726257410421312  -32.933738735241711 -85.57274911715534 24.900318247167252  -32.987800648113499 -85.507189488791809 25.02035708951416  -33.049842585911961 -85.440742995315929 25.135801047788529  -33.119459066130304 -85.373720263986101 25.246240390947207  -33.196282478163191 -85.306416525439758 25.351281311840793  -33.38276175336317 -85.156476469723771 25.5724041375829  -33.495885443046774 -85.073860749870477 25.68551884789834  -33.618764009990173 -84.991775347477855 25.789185259234763  -33.750816157554567 -84.910782741113096 25.882579316716896  -33.891404542395996 -84.831497373516143 25.964805240992877  -34.100356706004575 -84.723251313466193 26.063399522772041  -34.16216004389279 -84.692306767485434 26.089922098309298  -34.225213753439 -84.661808351600044 26.114349182666885  -34.289462106998975 -84.631807305928334 26.136606778638889  -34.354842653018231 -84.602358386862065 26.156617578069632  -34.512464810715841 -84.533944189633303 26.198570462437619  -34.605641889283781 -84.495519001697701 26.218457145248454  -34.700637373698505 -84.458393018335286 26.233757715221028  -34.797231363170972 -84.422733464809525 26.244254824606887  -34.895157908952392 -84.388721043724857 26.249732797664205  -35.08044856492625 -84.328464403952012 26.2502187058045  -35.16756890958419 -84.301783056517039 26.246470412611547  -35.255244970560369 -84.276628063717098 26.238615895203498  -35.343224616270895 -84.253133209422217 26.226533897384822  -35.431218658208913 -84.231432486907565 26.210129047219628  -35.566498596868101 -84.200916372955191 26.178066162834927  -35.614004876754734 -84.190745476974982 26.165495260945136  -35.661366319546097 -84.181161503591525 26.151625887208482  -35.708527691865648 -84.172183949084769 26.136453651481592  -35.75543131234172 -84.163831101347014 26.119978689494943  -35.831958912771604 -84.151163940969099 26.090782478321159  -35.861769538462859 -84.146472906928906 26.078823136767138  -35.891432977791709 -84.142051428486724 26.066328968797873  -35.920933099367012 -84.137903640595866 26.053302252779812  -35.95025359129604 -84.13403332243881 26.039746214838747  -36.046600619959385 -84.12215905920813 25.993163904755821  -36.112781118129959 -84.115370307840564 25.957863853666023  -36.177712449184959 -84.110120061817284 25.919818752798321  -36.241193517189494 -84.106437731618399 25.879107759214495  -36.303031380958892 -84.104338337605398 25.835837311076705  -36.449626736560752 -84.103074917118249 25.724217271818919  -36.532423899094617 -84.105622188071052 25.653234904755333  -36.610873832121335 -84.111461387191824 25.577612104860787  -36.684537209892881 -84.120520860004561 25.497836415204258  -36.753083777000505 -84.132672552427081 25.414447322513137  -36.846662570936452 -84.154992513441229 25.286463051619915  -36.875810812209551 -84.162915170609438 25.24420333286194  -36.903700541126028 -84.171494912617888 25.201298843906006  -36.930313538439059 -84.180711738957214 25.157809732286967  -36.955637139097213 -84.190544419554257 25.113795027814962  -37.022949747217098 -84.219753375921016 24.98917631728229  -37.062026748207032 -84.240462491454011 24.907521819605403  -37.096852621151733 -84.262968427939782 24.824684002176429  -37.127435397518859 -84.287136509072596 24.740973965222171  -37.1538188288988 -84.31283312391929 24.656675338003776  -37.202403678649297 -84.372009681907372 24.471856431768625  -37.222945538326535 -84.406051302654546 24.371204123634218  -37.237803909625647 -84.441849248222155 24.270495007633894  -37.247125487985976 -84.479207009217774 24.170091207269483  -37.251075154520258 -84.517943981984487 24.070306758535793  -37.248911320576532 -84.586735616557718 23.900036595308091  -37.245292746402804 -84.616205390522566 23.829127643052075  -37.239025082428832 -84.646249015480791 23.758783064768465  -37.230171407624191 -84.676809650366252 23.689095687110591  -37.218794039617883 -84.707834301947315 23.62015048649025  -37.194915611416029 -84.762074396705898 23.502619768872531  -37.183582463678881 -84.785092934826693 23.453645955099024  -37.170976801353198 -84.808310838324928 23.405133361102248  -37.157121168535163 -84.8317101087992 23.357110470397519  -37.142037572945384 -84.855273518254819 23.309604510619142  -37.085361923674462 -84.93776794983377 23.146213010613817  -37.037563312585014 -84.99745582033033 23.033127456007776  -36.982674178235477 -85.057802561456754 22.923771092533098  -36.921001569314917 -85.118576866574543 22.818514921393021  -36.852835804258596 -85.179559933142329 22.717718460043827  -36.69603751963075 -85.308106450244267 22.515393438855217  -36.605999494147412 -85.375662288892869 22.414971510332325  -36.508705223924231 -85.442929616086303 22.320942630517887  -36.404527501724836 -85.509613437974082 22.233821613940677  -36.293864380635561 -85.575404105997507 22.154146317280404  -36.130099196664609 -85.665991300314985 22.053613128424658  -36.082080490258932 -85.69180987694331 22.026041283656991  -36.033106844713622 -85.717407272830357 21.999809905171109  -35.983208759607734 -85.742760378961393 21.974958096718993  -35.93241878389999 -85.767845010374216 21.951526087497289  -35.808160973549029 -85.827489257744347 21.898666556208113  -35.733856961230963 -85.861761594214116 21.870666200570202  -35.657955255095708 -85.895383104418002 21.845668291086231  -35.580564484526178 -85.928277772666959 21.823792421613955  -35.501807702248691 -85.960363859017562 21.805160717715026  -35.304303634110241 -86.037382689223719 21.767464796806792  -35.184137885988143 -86.081276161926667 21.752302105677398  -35.061766873289876 -86.122960001855816 21.744790584580723  -34.937737127439696 -86.16212107985443 21.745322198452381  -34.741220265861216 -86.219180960434699 21.759347240466219  -34.544188373012766 -86.268328356060394 21.794724015486249  -34.472596198475479 -86.285094868320641 21.810464335532473  -34.401251495774538 -86.30068401002012 21.829109889905141  -34.33033106480341 -86.315032456474626 21.850677748503156  -34.219303549143838 -86.335638456168525 21.889343164679598  -34.178788870376657 -86.34275990274125 21.904502349800214  -34.138516429804248 -86.34943381022623 21.920638987615604  -34.098523739770997 -86.355649350476298 21.937749377678944  -34.058849041658029 -86.361396455426416 21.955827034225454  -33.934039919193133 -86.378123369952448 22.016253276180247  -33.850228628603759 -86.387323288073731 22.062176638498183  -33.768510048523204 -86.394169055033558 22.112529773565768  -33.689283511911079 -86.398589814672746 22.167149182636084  -33.612927415710566 -86.400545879777496 22.225804250268848  -33.469408786934004 -86.399541861489823 22.348228578245543  -33.401999301048043 -86.396764019298018 22.411729929223039  -33.337875179068355 -86.391697763652971 22.478423959579263  -33.277289636015489 -86.384371512175917 22.548005882823315  -33.220441355208074 -86.374841606406335 22.620143902982033  -33.143482411242985 -86.357909215687698 22.728169496537387  -33.120282913532542 -86.352193590760109 22.762306381109735  -33.097893389424208 -86.346049429027076 22.796865018542491  -33.076324528864085 -86.339484887075116 22.831813707376213  -33.055584641174768 -86.332508841835363 22.867120951298674  -33.003528821686416 -86.313213912602635 22.960312852908917  -32.97355611379291 -86.300248238499307 23.018724522318418  -32.945787053847482 -86.286273997820771 23.077859008006797  -32.920231394285999 -86.27133468421691 23.13759003463889  -32.89688626172228 -86.255475756787192 23.197797595699814  -32.832926730451923 -86.204867829639468 23.380997496468851  -32.799126666773709 -86.167414080716043 23.505109265010145  -32.774226285346394 -86.126759988401034 23.629788129121916  -32.75796070544154 -86.083288822901352 23.754245726725543  -32.750000000000007 -86.037359189494197 23.877826091966355  -32.750000000000007 -85.989288987546871 24 
 0 7 0.043956476064426098 5 0.074732140483718235 5 0.15138934283081629 5 0.245510685217188 5 0.28387158894166731 5 0.33651426260742001 5 0.38245688433809244 5 0.4073970310471382 5 0.42342670926928927 5 0.46042519519430414 5 0.51380522693065611 5 0.53946902252798745 5 0.58570310510175028 5 0.64043144955211861 5 0.67992751093653114 5 0.70857048196563255 5 0.77958069133358143 5 0.85825175599621928 5 0.88995159913424726 5 0.93451819276115122 5 1 4 1.0374414898782691 5 1.0591265879231178 5 1.1062780595382851 5 1.1516545971520542 5 1.172213911615785 5 1.2054216259812289 5 1.2726515059173691 7
1 2.25 -5.5109105961630896e-16 0 0 0 1 
1 0 0 9 -0 1 0 
1 0 0 0 -0 1 0 
1 -40 -109.75 28.399999999999999 -0 1 0 
1 110.8 0 56.799999999999997 -0 1 0 
8 0 3.6646097786150875
2 47.399999999999999 -84.5 2.4424906541753446e-16 -1 0 0 0 -0.2585381130027582 0.96600105803512093 0 0.96600105803512093 0.2585381130027582 3.1000000000000001
8 0 4.3404383157955699
2 45.199999999999996 -84.5 -2.4424906541753446e-16 -1 0 0 0 -0.56416602132671834 0.82566137149583352 0 0.82566137149583352 0.56416602132671834 3.1000000000000001
7 0 0  7 8 2  45.199997599999989 -86.248915677448878 2.5595495606011429  45.511734808385839 -86.117552733117336 2.6493086011423692  45.824770622575905 -85.984682906701607 2.7285596804271504  46.138758932562872 -85.850440321139317 2.7984320060887216  46.453446330598972 -85.714926389784083 2.8595806720381036  46.768636209535678 -85.578222327548659 2.9124764504177416  47.084186620466923 -85.440388668800736 2.9574229995702654  47.400002999999984 -85.301466828499613 2.994603633674207 
 0 8 1 8
7 0 0  7 8 2  47.400003000000012 -85.301466828501077 -2.9946036336738153  47.084186619754519 -85.440388669126847 -2.957423000339896  46.768636209078856 -85.578222327727957 -2.9124764484443868  46.45344633124477 -85.714926389499368 -2.8595806736576375  46.138758932737424 -85.850440321104259 -2.7984320062091816  45.824770623244184 -85.984682906377742 -2.7285596796073279  45.511734807873218 -86.117552733354827 -2.6493086015917142  45.199997599999989 -86.248915677450128 -2.5595495606002991 
 0 8 1 8
7 0 0  4 8 3  45.199999999999996 -86.223973458331258 -3.1000000000000005  45.199999999999996 -86.263207519381425 -2.3241806894771946  45.199999999999996 -86.289336025489021 -1.5476983932452544  45.199999999999996 -86.302344281808814 -0.77088621575499627  45.199999999999996 -86.302194894602721 0.77977300643223457  45.199999999999996 -86.289136558761697 1.553620406410348  45.199999999999996 -86.263057905631356 2.3271391714692946  45.199999999999996 -86.223973458329795 3.0999999999999996 
 0 5 0.500955162420611 3 1 5
1 0 0 56.799999999999997 -0 1 0 
Polygon3D 0
PolygonOnTriangulations 0
Surfaces 28
9 1 0 0 0 14 8 28 15 3 3 2.1998533362666497 1.0998321587006518e-15 -82.483500549992655  1 20.913622708576277 -2.6412458088362877e-13 -82.313596371055553  0.99999999999944067 39.355240602603025 6.4270866572326661e-13 -78.897921244110449  1.0000000000014095 57.778829830650345 -9.958515954875726e-13 -73.99665819010815  0.99999999999813993 74.690315851498696 9.9749560809508717e-13 -64.310372569666242  1.000000000001539 90.195792913458646 -4.7134969847258236e-13 -53.724120575927294  0.99999999999917488 103.49299150601622 1.1202485973220699e-14 -37.618866712533375  1.0000000000002736 116.50700849399173 -8.6510660563535444e-15 6.1032862173089455e-12  0.99999999999964662 103.49299150601108 6.0996461394866365e-15 37.618866712516692  1.0000000000004026 90.195792913487992 -4.003136202579439e-13 53.724120576040406  0.99999999999804745 74.690315851471283 7.6094304582557663e-13 64.310372569380419  1.0000000000041986 57.778829830627927 -6.0103114397351736e-13 73.996658190508086  0.99999999999474221 39.35524060266679 3.3947931091794295e-13 78.897921243792311  1.0000000000039715 20.913622708533094 -1.8587792776766558e-13 82.313596371184786  0.99999999999843803 2.1998533362666497 1.0998321587006518e-15 82.483500549992655  1 
2.1998533362666763 0.43754980540159871 -82.483500549992655  1 20.913622708633174 4.1597098295666886 -82.313596371055553  0.99999999999944067 39.355240602494327 7.8277390511385434 -78.897921244110449  1.0000000000014095 57.778829830765758 11.492182379638425 -73.99665819010815  0.99999999999813993 74.690315851413061 14.855869083349647 -64.310372569666242  1.000000000001539 90.195792913494856 17.939901259208856 -53.724120575927294  0.99999999999917488 103.49299150600176 20.584707874532501 -37.618866712533375  1.0000000000002736 116.50700849400106 23.173189800460325 6.1032862173089455e-12  0.99999999999964662 103.49299150599271 20.584707874531961 37.618866712516692  1.0000000000004026 90.195792913562755 17.939901259207989 53.724120576040406  0.99999999999804745 74.690315851292581 14.855869083365018 64.310372569380419  1.0000000000041986 57.778829830861469 11.492182379601054 73.996658190508086  0.99999999999474221 39.355240602471305 7.8277390511782405 78.897921243792311  1.0000000000039715 20.913622708621368 4.1597098295482668 82.313596371184786  0.99999999999843803 2.1998533362666763 0.43754980540159871 82.483500549992655  1 
2.0805577246860412 0.87509969155882694 -82.483500549992655  1 19.779508283855812 8.319428483909757 -82.313596371055553  0.99999999999944067 37.221058968006716 15.655466383304004 -78.897921244110449  1.0000000000014095 54.645566464243039 22.984372174292755 -73.99665819010815  0.99999999999813993 70.639964135218023 29.711733419281472 -64.310372569666242  1.000000000001539 85.304601842172076 35.879802600980199 -53.724120575927294  0.99999999999917488 97.880711774203405 41.169414334943987 -37.618866712533375  1.0000000000002736 110.18899694640874 46.346378383716143 6.1032862173089455e-12  0.99999999999964662 97.880711774187134 41.169414334937194 37.618866712516692  1.0000000000004026 85.30460184230185 35.879802601037341 53.724120576040406  0.99999999999804745 70.639964134944421 29.711733419153031 64.310372569380419  1.0000000000041986 54.645566464550342 22.984372174448694 73.996658190508086  0.99999999999474221 37.221058967809711 15.655466383199562 78.897921243792311  1.0000000000039715 19.779508283920705 8.3194284839426835 82.313596371184786  0.99999999999843803 2.0805577246860412 0.87509969155882694 82.483500549992655  1 
1.8419697567132425 1.2849668660995124 -82.483500549992655  1 17.511267441359564 12.21593126130402 -82.313596371055553  0.99999999999944067 32.952709687713202 22.988018952982451 -78.897921244110449  1.0000000000014095 48.379030789622242 33.749452507823932 -73.99665819010815  0.99999999999813993 62.539265869249306 43.6277413193488 -64.310372569666242  1.000000000001539 75.52221922928922 52.684706529539625 -53.724120575927294  0.99999999999917488 86.656153502441413 60.451803041517245 -37.618866712533375  1.0000000000002736 97.552974763813992 68.053483693770033 6.1032862173089455e-12  0.99999999999964662 86.656153502436254 60.451803041513905 37.618866712516692  1.0000000000004026 75.522219229315226 52.68470652955866 53.724120576040406  0.99999999999804745 62.539265869236004 43.627741319335328 64.310372569380419  1.0000000000041986 48.379030789573463 33.749452507794615 73.996658190508086  0.99999999999474221 32.952709687800528 22.988018953037287 78.897921243792311  1.0000000000039715 17.511267441306256 12.215931261271608 82.313596371184786  0.99999999999843803 1.8419697567132425 1.2849668660995124 82.483500549992655  1 
1.4930028363581598 1.6394700974787872 -82.483500549992655  1 14.193730286851226 15.586186798173234 -82.313596371055553  0.99999999999944067 26.709724863883427 29.329970005807258 -78.897921244110449  1.0000000000014095 39.213521011736418 43.060464785378258 -73.99665819010815  0.99999999999813993 50.691049080046007 55.663928168853779 -64.310372569666242  1.000000000001539 61.214358474892435 67.219608021074791 -53.724120575927294  0.99999999999917488 70.238940760543272 77.129515587266894 -37.618866712533375  1.0000000000002736 79.071334055804741 86.828384620676005 6.1032862173089455e-12  0.99999999999964662 70.238940760539293 77.12951558726165 37.618866712516692  1.0000000000004026 61.214358474917127 67.219608021108101 53.724120576040406  0.99999999999804745 50.691049080014444 55.663928168806841 64.310372569380419  1.0000000000041986 39.213521011740241 43.060464785397073 73.996658190508086  0.99999999999474221 26.709724863911482 29.329970005828208 78.897921243792311  1.0000000000039715 14.193730286827641 15.586186798151326 82.313596371184786  0.99999999999843803 1.4930028363581598 1.6394700974787872 82.483500549992655  1 
1.0515013738936663 1.9134094885506623 -82.483500549992655  1 9.9964401017387168 18.190440408908938 -82.313596371055553  0.99999999999944067 18.811316502377853 34.230794983909433 -78.897921244110449  1.0000000000014095 27.617543485339723 50.255416681285865 -73.99665819010815  0.99999999999813993 35.701029749554429 64.964867510468636 -64.310372569666242  1.000000000001539 43.112447622972105 78.451364189838543 -53.724120575927294  0.99999999999917488 49.468341518166241 90.017131430554272 -37.618866712533375  1.0000000000002736 55.68887679947823 101.33658804326801 6.1032862173089455e-12  0.99999999999964662 49.468341518169382 90.017131430559672 37.618866712516692  1.0000000000004026 43.112447622935164 78.451364189770061 53.724120576040406  0.99999999999804745 35.701029749666702 64.964867510680989 64.310372569380419  1.0000000000041986 27.617543485162855 50.255416680948471 73.996658190508086  0.99999999999474221 18.81131650253786 34.230794984216033 78.897921243792311  1.0000000000039715 9.9964401016664208 18.190440408769934 82.313596371184786  0.99999999999843803 1.0515013738936663 1.9134094885506623 82.483500549992655  1 
0.54324570421602503 2.086554731546435 -82.483500549992655  1 5.1645451560715161 19.836501608162884 -82.313596371055553  0.99999999999944067 9.7186245750414262 37.328353500623003 -78.897921244110449  1.0000000000014095 14.268270000547075 54.803051137672412 -73.99665819010815  0.99999999999813993 18.444492845276653 70.843565723833564 -64.310372569666242  1.000000000001539 22.273514810306036 85.550461502548785 -53.724120575927294  0.99999999999917488 25.557207738483282 98.162819852672527 -37.618866712533375  1.0000000000002736 28.770970802355993 110.5065789194805 6.1032862173089455e-12  0.99999999999964662 25.557207738484124 98.162819852662565 37.618866712516692  1.0000000000004026 22.273514810292053 85.550461502619044 53.724120576040406  0.99999999999804745 18.444492845326028 70.843565723713553 64.310372569380419  1.0000000000041986 14.268270000462088 54.803051137760974 73.996658190508086  0.99999999999474221 9.7186245751214297 37.328353500605878 78.897921243792311  1.0000000000039715 5.1645451560347926 19.836501608151174 82.313596371184786  0.99999999999843803 0.54324570421602503 2.086554731546435 82.483500549992655  1 
3.2707090291683727e-07 2.1457855650182349 -82.483500549992655  1 -5.5692770142447608e-07 20.399624490803678 -82.313596371055553  0.99999999999944067 5.420733805938807e-07 38.387947537576544 -78.897921244110449  1.0000000000014095 -3.5949369428610222e-07 56.358757275458785 -73.99665819010815  0.99999999999813993 1.6477047141049027e-07 72.854571238461858 -64.310372569666242  1.000000000001539 -4.8794950342001045e-08 87.978964022821472 -53.724120575927294  0.99999999999917488 7.3483318960677271e-09 100.94934180840299 -37.618866712533375  1.0000000000002736 -7.3526373607377324e-09 113.64350110107648 6.1032862173089455e-12  0.99999999999964662 7.3483168365877874e-09 100.94934180838267 37.618866712516692  1.0000000000004026 -4.8794739508378601e-08 87.978964022998525 53.724120576040406  0.99999999999804745 1.647697615864274e-07 72.854571238061894 64.310372569380419  1.0000000000041986 -3.5949247706305624e-07 56.358757275939006 73.996658190508086  0.99999999999474221 5.4207235971343612e-07 38.387947537245367 78.897921243792311  1.0000000000039715 -5.5692733298042789e-07 20.399624490919038 82.313596371184786  0.99999999999843803 3.2707090291683727e-07 2.1457855650182349 82.483500549992655  1 
-0.54324546146560637 2.0865548114589183 -82.483500549992655  1 -5.1645444005599632 19.836508381687242 -82.313596371055553  0.99999999999944067 -9.7186256153916162 37.328345104720398 -78.897921244110449  1.0000000000014095 -14.26826922896916 54.803057188448292 -73.99665819010815  0.99999999999813993 -18.444493216448262 70.843562846811253 -64.310372569666242  1.000000000001539 -22.273514697851567 85.550462369548669 -53.724120575927294  0.99999999999917488 -25.557207755595606 98.162819721087558 -37.618866712533375  1.0000000000002736 -28.770970785244014 110.50657905108658 6.1032862173089455e-12  0.99999999999964662 -25.557207755594888 98.162819721089022 37.618866712516692  1.0000000000004026 -22.273514697853493 85.550462369518129 53.724120576040406  0.99999999999804745 -18.444493216457431 70.843562846926361 64.310372569380419  1.0000000000041986 -14.268269228937859 54.803057188245369 73.996658190508086  0.99999999999474221 -9.7186256154300015 37.328345104920864 78.897921243792311  1.0000000000039715 -5.1645444005397492 19.836508381590395 82.313596371184786  0.99999999999843803 -0.54324546146560637 2.0865548114589183 82.483500549992655  1 
-1.0515020862820688 1.9134095059088818 -82.483500549992655  1 -9.9964425284708316 18.190441880063343 -82.313596371055553  0.99999999999944067 -18.81131319075627 34.230793160619335 -78.897921244110449  1.0000000000014095 -27.617545935619027 50.255417995002972 -73.99665819010815  0.99999999999813993 -35.701028572012333 64.964866885996528 -64.310372569666242  1.000000000001539 -43.112447979543283 78.451364377986877 -53.724120575927294  0.99999999999917488 -49.468341463920083 90.01713140196361 -37.618866712533375  1.0000000000002736 -55.688876853712806 101.33658807185537 6.1032862173089455e-12  0.99999999999964662 -49.468341463925775 90.017131401941754 37.618866712516692  1.0000000000004026 -43.112447979478901 78.451364378169984 53.724120576040406  0.99999999999804745 -35.701028572196051 64.964866885593239 64.310372569380419  1.0000000000041986 -27.617545935344506 50.255417995474609 73.996658190508086  0.99999999999474221 -18.811313190993818 34.230793160299122 78.897921243792311  1.0000000000039715 -9.9964425283671137 18.190441880174397 82.313596371184786  0.99999999999843803 -1.0515020862820688 1.9134095059088818 82.483500549992655  1 
-1.4930033623279382 1.6394699064168514 -82.483500549992655  1 -14.193724660493961 15.586170603798006 -82.313596371055553  0.99999999999944067 -26.709731574490423 29.329990078483938 -78.897921244110449  1.0000000000014095 -39.213516231080249 43.060450320054521 -73.99665819010815  0.99999999999813993 -50.691051342082645 55.663935046377098 -64.310372569666242  1.000000000001539 -61.214357794779225 67.219605948652159 -53.724120575927294  0.99999999999917488 -70.238940863689919 77.129515901837124 -37.618866712533375  1.0000000000002736 -79.071333952660112 86.828384306090499 6.1032862173089455e-12  0.99999999999964662 -70.238940863687915 77.129515901826451 37.618866712516692  1.0000000000004026 -61.214357794785563 67.219605948736287 53.724120576040406  0.99999999999804745 -50.691051342097765 55.663935046209843 64.310372569380419  1.0000000000041986 -39.213516231019923 43.060450320221904 73.996658190508086  0.99999999999474221 -26.709731574569602 29.329990078393831 78.897921243792311  1.0000000000039715 -14.193724660450091 15.586170603819589 82.313596371184786  0.99999999999843803 -1.4930033623279382 1.6394699064168514 82.483500549992655  1 
-1.8419685313514598 1.2849670816259806 -82.483500549992655  1 -17.511272515270864 12.215949529453129 -82.313596371055553  0.99999999999944067 -32.952703969640496 22.987996309622723 -78.897921244110449  1.0000000000014095 -48.379034790384019 33.74946882607032 -73.99665819010815  0.99999999999813993 -62.539263990738711 43.627733560592844 -64.310372569666242  1.000000000001539 -75.522219792081017 52.68470886762352 -53.724120575927294  0.99999999999917488 -86.656153417220906 60.45180268661538 -37.618866712533375  1.0000000000002736 -97.552974849050145 68.05348404872008 6.1032862173089455e-12  0.99999999999964662 -86.656153417209211 60.451802686607003 37.618866712516692  1.0000000000004026 -75.52221979217363 52.684708867692656 53.724120576040406  0.99999999999804745 -62.539263990554048 43.627733560439914 64.310372569380419  1.0000000000041986 -48.379034790569925 33.749468826254429 73.996658190508086  0.99999999999474221 -32.952703969540288 22.987996309500108 78.897921243792311  1.0000000000039715 -17.511272515294728 12.215949529492699 82.313596371184786  0.99999999999843803 -1.8419685313514598 1.2849670816259806 82.483500549992655  1 
-2.0805583813635145 0.87509960502176787 -82.483500549992655  1 -19.779506512257029 8.3194211490689902 -82.313596371055553  0.99999999999944067 -37.221060862816699 15.655475474787083 -78.897921244110449  1.0000000000014095 -54.645565162030735 22.984365622416512 -73.99665819010815  0.99999999999813993 -70.639964741864759 29.711736534440362 -64.310372569666242  1.000000000001539 -85.304601661090203 35.879801662252035 -53.724120575927294  0.99999999999917488 -97.880711801583175 41.169414477409269 -37.618866712533375  1.0000000000002736 -110.18899691900559 46.346378241212101 6.1032862173089455e-12  0.99999999999964662 -97.880711801582137 41.169414477408544 37.618866712516692  1.0000000000004026 -85.304601661080639 35.879801662248916 53.724120576040406  0.99999999999804745 -70.639964741935458 29.711736534476511 64.310372569380419  1.0000000000041986 -54.645565161877578 22.984365622327584 73.996658190508086  0.99999999999474221 -37.221060862982831 15.655475474882978 78.897921243792311  1.0000000000039715 -19.779506512173093 8.3194211490221033 82.313596371184786  0.99999999999843803 -2.0805583813635145 0.87509960502176787 82.483500549992655  1 
-2.1998533063695422 0.43754980251088416 -82.483500549992655  1 -20.913622719008103 4.1597095845106331 -82.313596371055553  0.99999999999944067 -39.355240602926685 7.8277393548723504 -78.897921244110449  1.0000000000014095 -57.778829827698104 11.492182160786127 -73.99665819010815  0.99999999999813993 -74.690315853405238 14.855869187388643 -64.310372569666242  1.000000000001539 -90.195792912818774 17.939901227860194 -53.724120575927294  0.99999999999917488 -103.49299150611525 20.584707879308187 -37.618866712533375  1.0000000000002736 -116.5070084938905 23.173189795697958 6.1032862173089455e-12  0.99999999999964662 -103.49299150611084 20.584707879305952 37.618866712516692  1.0000000000004026 -90.195792912830228 17.939901227878387 53.724120576040406  0.99999999999804745 -74.690315853439699 14.855869187348615 64.310372569380419  1.0000000000041986 -57.778829827574945 11.492182160834757 73.996658190508086  0.99999999999474221 -39.355240603078911 7.8277393548407765 78.897921243792311  1.0000000000039715 -20.913622718927421 4.1597095845201633 82.313596371184786  0.99999999999843803 -2.1998533063695422 0.43754980251088416 82.483500549992655  1 
-2.1998533063695431 -0.43754980251088349 -82.483500549992655  1 -20.913622719003733 -4.1597095844976337 -82.313596371055553  0.99999999999944067 -39.355240602930536 -7.8277393549067371 -78.897921244110449  1.0000000000014095 -57.778829827706019 -11.492182160738407 -73.99665819010815  0.99999999999813993 -74.690315853397323 -14.855869187424643 -64.310372569666242  1.000000000001539 -90.195792912827599 -17.939901227848843 -53.724120575927294  0.99999999999917488 -103.4929915061206 -20.584707879310791 -37.618866712533375  1.0000000000002736 -116.50700849388917 -23.173189795692743 6.1032862173089455e-12  0.99999999999964662 -103.4929915061157 -20.58470787930835 37.618866712516692  1.0000000000004026 -90.195792912849242 -17.93990122787115 53.724120576040406  0.99999999999804745 -74.690315853400776 -14.855869187369542 64.310372569380419  1.0000000000041986 -57.778829827628321 -11.492182160813961 73.996658190508086  0.99999999999474221 -39.355240603045274 -7.8277393548510217 78.897921243792311  1.0000000000039715 -20.913622718938456 -4.1597095845174046 82.313596371184786  0.99999999999843803 -2.1998533063695431 -0.43754980251088349 82.483500549992655  1 
-2.0805583813635167 -0.87509960502176742 -82.483500549992655  1 -19.779506512359422 -8.3194211491069794 -82.313596371055553  0.99999999999944067 -37.221060862565629 -15.655475474680571 -78.897921244110449  1.0000000000014095 -54.645565162353407 -22.984365622574245 -73.99665819010815  0.99999999999813993 -70.639964741578467 -29.711736534321904 -64.310372569666242  1.000000000001539 -85.30460166124044 -35.879801662284194 -53.724120575927294  0.99999999999917488 -97.880711801517691 -41.169414477400487 -37.618866712533375  1.0000000000002736 -110.18899691906682 -46.346378241238767 6.1032862173089455e-12  0.99999999999964662 -97.88071180151276 -41.169414477396892 37.618866712516692  1.0000000000004026 -85.304601661267355 -35.879801662298689 53.724120576040406  0.99999999999804745 -70.639964741555701 -29.711736534336904 64.310372569380419  1.0000000000041986 -54.645565162329696 -22.984365622480304 73.996658190508086  0.99999999999474221 -37.221060862629223 -15.655475474795512 78.897921243792311  1.0000000000039715 -19.779506512316537 -8.3194211490496883 82.313596371184786  0.99999999999843803 -2.0805583813635167 -0.87509960502176742 82.483500549992655  1 
-1.8419685313514627 -1.2849670816259806 -82.483500549992655  1 -17.511272515241057 -12.215949529352223 -82.313596371055553  0.99999999999944067 -32.952703969701339 -22.987996309890715 -78.897921244110449  1.0000000000014095 -48.37903479032515 -33.74946882570076 -73.99665819010815  0.99999999999813993 -62.539263990805431 -43.627733560859774 -64.310372569666242  1.000000000001539 -75.522219792040602 -52.684708867539541 -53.724120575927294  0.99999999999917488 -86.65615341726371 -60.451802686631098 -37.618866712533375  1.0000000000002736 -97.552974849016252 -68.053484048675074 6.1032862173089455e-12  0.99999999999964662 -86.656153417254401 -60.451802686623985 37.618866712516692  1.0000000000004026 -75.522219792105858 -52.684708867607824 53.724120576040406  0.99999999999804745 -62.539263990696092 -43.627733560680902 64.310372569380419  1.0000000000041986 -48.379034790401491 -33.749468825961308 73.996658190508086  0.99999999999474221 -32.95270396969056 -22.987996309689759 78.897921243792311  1.0000000000039715 -17.511272515228523 -12.215949529426494 82.313596371184786  0.99999999999843803 -1.8419685313514627 -1.2849670816259806 82.483500549992655  1 
-1.4930033623279404 -1.6394699064168519 -82.483500549992655  1 -14.193724660433377 -15.586170603818694 -82.313596371055553  0.99999999999944067 -26.709731574649904 -29.329990078429397 -78.897921244110449  1.0000000000014095 -39.213516230863533 -43.060450320121646 -73.99665819010815  0.99999999999813993 -50.691051342236328 -55.663935046362099 -64.310372569666242  1.000000000001539 -61.214357794724037 -67.219605948623098 -53.724120575927294  0.99999999999917488 -70.238940863677669 -77.129515901855271 -37.618866712533375  1.0000000000002736 -79.071333952669846 -86.828384306085425 6.1032862173089455e-12  0.99999999999964662 -70.238940863668887 -77.129515901855086 37.618866712516692  1.0000000000004026 -61.214357794793706 -67.219605948599863 53.724120576040406  0.99999999999804745 -50.691051342093935 -55.66393504647808 64.310372569380419  1.0000000000041986 -39.213516231014523 -43.060450319889405 73.996658190508086  0.99999999999474221 -26.709731574563815 -29.32999007866179 78.897921243792311  1.0000000000039715 -14.193724660455608 -15.586170603709247 82.313596371184786  0.99999999999843803 -1.4930033623279404 -1.6394699064168519 82.483500549992655  1 
-1.051502086282069 -1.9134095059088829 -82.483500549992655  1 -9.9964425284619551 -18.19044188015971 -82.313596371055553  0.99999999999944067 -18.811313190783068 -34.23079316037532 -78.897921244110449  1.0000000000014095 -27.617545935576871 -50.255417995317302 -73.99665819010815  0.99999999999813993 -35.701028572041309 -64.964866885775109 -64.310372569666242  1.000000000001539 -43.112447979530373 -78.451364378049362 -53.724120575927294  0.99999999999917488 -49.468341463912402 -90.017131401967347 -37.618866712533375  1.0000000000002736 -55.688876853722419 -101.33658807184572 6.1032862173089455e-12  0.99999999999964662 -49.468341463909297 -90.01713140197009 37.618866712516692  1.0000000000004026 -43.112447979551419 -78.451364377995915 53.724120576040406  0.99999999999804745 -35.701028572009506 -64.964866885973208 64.310372569380419  1.0000000000041986 -27.617545935593395 -50.255417994966052 73.996658190508086  0.99999999999474221 -18.811313190792053 -34.230793160706341 78.897921243792311  1.0000000000039715 -9.9964425284498706 -18.190441880008883 82.313596371184786  0.99999999999843803 -1.051502086282069 -1.9134095059088829 82.483500549992655  1 
-0.5432454614656046 -2.0865548114589196 -82.483500549992655  1 -5.1645444005458216 -19.836508381532592 -82.313596371055553  0.99999999999944067 -9.7186256154170607 -37.328345105119148 -78.897921244110449  1.0000000000014095 -14.268269228950771 -54.803057187915513 -73.99665819010815  0.99999999999813993 -18.444493216476353 -70.843562847206996 -64.310372569666242  1.000000000001539 -22.273514697827512 -85.550462369397152 -53.724120575927294  0.99999999999917488 -25.55720775562548 -98.162819721110765 -37.618866712533375  1.0000000000002736 -28.770970785220932 -110.50657905104983 6.1032862173089455e-12  0.99999999999964662 -25.557207755625186 -98.162819721093499 37.618866712516692  1.0000000000004026 -22.27351469782511 -85.550462369546025 53.724120576040406  0.99999999999804745 -18.444493216497005 -70.843562846866533 64.310372569380419  1.0000000000041986 -14.268269228902854 -54.803057188336851 73.996658190508086  0.99999999999474221 -9.7186256154686284 -37.32834510482521 78.897921243792311  1.0000000000039715 -5.1645444005204393 -19.836508381634534 82.313596371184786  0.99999999999843803 -0.5432454614656046 -2.0865548114589196 82.483500549992655  1 
3.2707090491523871e-07 -2.1457855650182349 -82.483500549992655  1 -5.5688744487347806e-07 -20.399624490870444 -82.313596371055553  0.99999999999944067 5.4196890967685708e-07 -38.387947537404379 -78.897921244110449  1.0000000000014095 -3.5935261006828736e-07 -56.358757275691033 -73.99665819010815  0.99999999999813993 1.6466156364302556e-07 -72.854571238273735 -64.310372569666242  1.000000000001539 -4.8749880210406827e-08 -87.978964022923336 -53.724120575927294  0.99999999999917488 7.344789595288388e-09 -100.94934180837447 -37.618866712533375  1.0000000000002736 -7.3459818181435459e-09 -113.64350110111155 6.1032862173089455e-12  0.99999999999964662 7.3447947378859247e-09 -100.94934180835415 37.618866712516692  1.0000000000004026 -4.8749953327841599e-08 -87.978964023094491 53.724120576040406  0.99999999999804745 1.6466181704395341e-07 -72.854571237894859 64.310372569380419  1.0000000000041986 -3.5935307463680734e-07 -56.358757276139677 73.996658190508086  0.99999999999474221 5.4196937670187706e-07 -38.387947537100359 78.897921243792311  1.0000000000039715 -5.5688769994229818e-07 -20.399624490974208 82.313596371184786  0.99999999999843803 3.2707090491523871e-07 -2.1457855650182349 82.483500549992655  1 
0.54324570421602503 -2.0865547315464297 -82.483500549992655  1 5.1645451560807141 -19.836501608122653 -82.313596371055553  0.99999999999944067 9.7186245750059594 -37.328353500721313 -78.897921244110449  1.0000000000014095 14.268270000614258 -54.803051137547456 -73.99665819010815  0.99999999999813993 18.444492845226954 -70.84356572396301 -64.310372569666242  1.000000000001539 22.273514810328372 -85.550461502453871 -53.724120575927294  0.99999999999917488 25.55720773849599 -98.162819852701446 -37.618866712533375  1.0000000000002736 28.770970802354281 -110.50657891946999 6.1032862173089455e-12  0.99999999999964662 25.557207738489918 -98.162819852693289 37.618866712516692  1.0000000000004026 22.273514810377716 -85.550461502503808 53.724120576040406  0.99999999999804745 18.444492845121786 -70.843565723905314 64.310372569380419  1.0000000000041986 14.268270000732075 -54.803051137533608 73.996658190508086  0.99999999999474221 9.7186245749291356 -37.328353500792943 78.897921243792311  1.0000000000039715 5.1645451561065157 -19.836501608073934 82.313596371184786  0.99999999999843803 0.54324570421602503 -2.0865547315464297 82.483500549992655  1 
1.0515013738936654 -1.9134094885506505 -82.483500549992655  1 9.9964401016505757 -18.190440408868199 -82.313596371055553  0.99999999999944067 18.811316502610421 -34.230794984021415 -78.897921244110449  1.0000000000014095 27.617543485019517 -50.255416681135472 -73.99665819010815  0.99999999999813993 35.701029749796838 -64.964867510563508 -64.310372569666242  1.000000000001539 43.11244762287108 -78.451364189807734 -53.724120575927294  0.99999999999917488 49.468341518165467 -90.017131430556489 -37.618866712533375  1.0000000000002736 55.688876799471359 -101.33658804325238 6.1032862173089455e-12  0.99999999999964662 49.468341518165538 -90.017131430553917 37.618866712516692  1.0000000000004026 43.11244762286335 -78.451364189810931 53.724120576040406  0.99999999999804745 35.701029749834696 -64.964867510600143 64.310372569380419  1.0000000000041986 27.617543484945216 -50.255416681032344 73.996658190508086  0.99999999999474221 18.811316502688907 -34.230794984144559 78.897921243792311  1.0000000000039715 9.996440101611249 -18.190440408803038 82.313596371184786  0.99999999999843803 1.0515013738936654 -1.9134094885506505 82.483500549992655  1 
1.4930028363581624 -1.6394700974787773 -82.483500549992655  1 14.193730286849185 -15.586186798226807 -82.313596371055553  0.99999999999944067 26.709724863896398 -29.329970005662684 -78.897921244110449  1.0000000000014095 39.213521011706959 -43.060464785578141 -73.99665819010815  0.99999999999813993 50.691049080062747 -55.663928168661627 -64.310372569666242  1.000000000001539 61.214358474888954 -67.219608021198027 -53.724120575927294  0.99999999999917488 70.23894076052882 -77.129515587233698 -37.618866712533375  1.0000000000002736 79.07133405581402 -86.828384620694266 6.1032862173089455e-12  0.99999999999964662 70.238940760526489 -77.129515587231353 37.618866712516692  1.0000000000004026 61.214358474895235 -67.219608021212935 53.724120576040406  0.99999999999804745 50.691049080082749 -55.663928168642762 64.310372569380419  1.0000000000041986 39.213521011636196 -43.060464785583228 73.996658190508086  0.99999999999474221 26.709724863986086 -29.329970005683723 78.897921243792311  1.0000000000039715 14.193730286800054 -15.586186798206498 82.313596371184786  0.99999999999843803 1.4930028363581624 -1.6394700974787773 82.483500549992655  1 
1.8419697567132443 -1.2849668660995257 -82.483500549992655  1 17.511267441365224 -12.215931261275665 -82.313596371055553  0.99999999999944067 32.952709687677356 -22.988018953013178 -78.897921244110449  1.0000000000014095 48.379030789701957 -33.749452507812478 -73.99665819010815  0.99999999999813993 62.539265869211121 -43.627741319395945 -64.310372569666242  1.000000000001539 75.522219229286421 -52.6847065294887 -53.724120575927294  0.99999999999917488 86.656153502490113 -60.451803041530987 -37.618866712533375  1.0000000000002736 97.552974763786821 -68.053483693796935 6.1032862173089455e-12  0.99999999999964662 86.656153502475988 -60.45180304152575 37.618866712516692  1.0000000000004026 75.52221922940123 -52.684706529514791 53.724120576040406  0.99999999999804745 62.539265868974034 -43.627741319386601 64.310372569380419  1.0000000000041986 48.379030789951649 -33.749452507748551 73.996658190508086  0.99999999999474221 32.952709687530998 -22.98801895311037 78.897921243792311  1.0000000000039715 17.511267441405565 -12.215931261221954 82.313596371184786  0.99999999999843803 1.8419697567132443 -1.2849668660995257 82.483500549992655  1 
2.0805577246860278 -0.87509969155886003 -82.483500549992655  1 19.779508283802297 -8.3194284840096486 -82.313596371055553  0.99999999999944067 37.22105896816069 -15.655466383139592 -78.897921244110449  1.0000000000014095 54.64556646401347 -22.984372174452087 -73.99665819010815  0.99999999999813993 70.639964135377099 -29.711733419138209 -64.310372569666242  1.000000000001539 85.304601842115432 -35.879802601060632 -53.724120575927294  0.99999999999917488 97.880711774175126 -41.169414334924042 -37.618866712533375  1.0000000000002736 110.18899694641524 -46.34637838370255 6.1032862173089455e-12  0.99999999999964662 97.880711774166727 -41.169414334917498 37.618866712516692  1.0000000000004026 85.304601842178315 -35.879802601118669 53.724120576040406  0.99999999999804745 70.639964135258921 -29.71173341900036 64.310372569380419  1.0000000000041986 54.64556646412624 -22.984372174632167 73.996658190508086  0.99999999999474221 37.221058968109702 -15.655466383007703 78.897921243792311  1.0000000000039715 19.779508283810362 -8.3194284840585428 82.313596371184786  0.99999999999843803 2.0805577246860278 -0.87509969155886003 82.483500549992655  1 
2.1998533362666937 -0.43754980540156296 -82.483500549992655  1 20.913622708641704 -4.159709829522475 -82.313596371055553  0.99999999999944067 39.355240602466033 -7.8277390511857403 -78.897921244110449  1.0000000000014095 57.778829830810899 -11.492182379618068 -73.99665819010815  0.99999999999813993 74.690315851389968 -14.855869083361304 -64.310372569666242  1.000000000001539 90.195792913495509 -17.939901259204472 -53.724120575927294  0.99999999999917488 103.49299150601881 -20.584707874532459 -37.618866712533375  1.0000000000002736 116.50700849399236 -23.173189800473487 6.1032862173089455e-12  0.99999999999964662 103.49299150600602 -20.584707874532246 37.618866712516692  1.0000000000004026 90.195792913589472 -17.939901259199054 53.724120576040406  0.99999999999804745 74.690315851216269 -14.855869083391335 64.310372569380419  1.0000000000041986 57.778829830965343 -11.49218237955556 73.996658190508086  0.99999999999474221 39.355240602404052 -7.8277390512502913 78.897921243792311  1.0000000000039715 20.913622708643437 -4.1597098294903363 82.313596371184786  0.99999999999843803 2.1998533362666937 -0.43754980540156296 82.483500549992655  1 
2.1998533362666497 -6.7652469867166635e-16 -82.483500549992655  1 20.913622708507553 1.1639171709482354e-12 -82.313596371055553  0.99999999999944067 39.35524060277568 -2.9963419441060882e-12 -78.897921244110449  1.0000000000014095 57.778829830427462 4.1970741002751781e-12 -73.99665819010815  0.99999999999813993 74.690315851667833 -3.8910819145861369e-12 -64.310372569666242  1.000000000001539 90.195792913388871 2.2138245223660058e-12 -53.724120575927294  0.99999999999917488 103.49299150602488 -7.3007442309495778e-13 -37.618866712533375  1.0000000000002736 116.50700849398952 7.848099595367086e-13 6.1032862173089455e-12  0.99999999999964662 103.49299150600675 -7.4810048825489954e-13 37.618866712516692  1.0000000000004026 90.195792913535499 2.4679195223105729e-12 53.724120576040406  0.99999999999804745 74.690315851356473 -4.7577154982720071e-12 64.310372569380419  1.0000000000041986 57.778829830776196 5.7295274790046013e-12 73.996658190508086  0.99999999999474221 39.355240602554346 -4.40100975092107e-12 78.897921243792311  1.0000000000039715 20.913622708577229 1.8043494296857342e-12 82.313596371184786  0.99999999999843803 2.1998533362666497 -6.7652469867166635e-16 82.483500549992655  1 

0 15
0.5 13
1 15

0 9
0.5 6
1 9

1 0 0 0 1 0 -0 0 0 1 0 -1 0 
1 0 0 56.799999999999997 0 0 1 1 0 -0 -0 1 0 
1 110.8 0 0 1 0 -0 0 0 1 0 -1 0 
1 0 0 0 0 0 1 1 0 -0 -0 1 0 
9 1 0 0 0 14 8 28 15 3 3 2.1518565362026476 -6.5309810377468104e-16 -80.083980533992872  1 20.411164245704036 -1.1336280841990816e-12 -79.929872480744493  1.0000000000014804 38.41304908300247 2.6176885642683662e-12 -76.589983649080253  0.99999999999624223 56.382457506976955 -3.4885372836703436e-12 -71.924286201669148  1.0000000000049873 72.941182661997416 2.8634864011930136e-12 -62.476463579343154  0.99999999999598477 88.071344917543854 -1.4363414432159842e-12 -52.298844289068718  1.0000000000018947 101.18800863693798 4.0466214035730275e-13 -36.662601177411517  0.9999999999995991 114.01199136306319 -4.2924041779255691e-13 4.7844532563695005e-12  1.0000000000003517 101.18800863692358 3.9697527636757284e-13 36.662601177397548  0.99999999999973355 88.071344917659445 -1.325561096392145e-12 52.298844289165693  1.0000000000006506 72.941182661761175 2.4728442834723649e-12 62.476463579095132  0.99999999999905509 56.382457507220849 -2.7489152219030702e-12 71.924286202022074  1.0000000000009004 38.413049082870771 1.821475655913792e-12 76.589983648797457  0.99999999999943612 20.411164245733385 -6.5046150448416114e-13 79.929872480860382  1.000000000000199 2.1518565362026476 -6.5309810377468104e-16 80.083980533992872  1 
2.1518565362026805 0.4267793486532121 -80.083980533992872  1 20.411164245668118 4.0481617782931085 -79.929872480744493  1.0000000000014804 38.413049083119937 7.6184893329183483 -76.589983649080253  0.99999999999624223 56.382457506793017 11.182375816389051 -71.924286201669148  1.0000000000049873 72.941182662165772 14.466480410014944 -62.476463579343154  0.99999999999598477 88.071344917443284 17.467257034434866 -52.298844289068718  1.0000000000018947 101.18800863696836 20.068694957591621 -36.662601177411517  0.9999999999995991 114.0119913630197 22.612085236174007 4.7844532563695005e-12  1.0000000000003517 101.18800863696364 20.068694957587624 36.662601177397548  0.99999999999973355 88.071344917470853 17.467257034466893 52.298844289165693  1.0000000000006506 72.941182662145565 14.466480409951549 62.476463579095132  0.99999999999905509 56.382457506750455 11.182375816450332 71.924286202022074  1.0000000000009004 38.413049083211014 7.6184893328827759 76.589983648797457  0.99999999999943612 20.411164245608877 4.0481617783062092 79.929872480860382  1.000000000000199 2.1518565362026805 0.4267793486532121 80.083980533992872  1 
2.0351637379656133 0.8535587760743355 -80.083980533992872  1 19.304297392584225 8.09633216563223 -79.929872480744493  1.0000000000014804 36.329961229184704 15.236967274481056 -76.589983649080253  0.99999999999624223 53.324917407421587 22.364758809816259 -71.924286201669148  1.0000000000049873 68.985684007751928 28.932956232614007 -62.476463579343154  0.99999999999598477 83.295359671908543 34.934514134199034 -52.298844289068718  1.0000000000018947 95.700724892945189 40.137388539705235 -36.662601177411517  0.9999999999995991 107.829281091932 45.224169281253019 4.7844532563695005e-12  1.0000000000003517 95.700724892919894 40.137388539692346 36.662601177397548  0.99999999999973355 83.295359672130033 34.934514134319514 52.298844289165693  1.0000000000006506 68.985684007246917 28.932956232314748 62.476463579095132  0.99999999999905509 53.324917408030679 22.364758810217552 71.924286202022074  1.0000000000009004 36.329961228763523 15.236967274181017 76.589983648797457  0.99999999999943612 19.30429739273049 8.0963321657408649 79.929872480860382  1.000000000000199 2.0351637379656133 0.8535587760743355 80.083980533992872  1 
1.8017813256576831 1.2533369124724436 -80.083980533992872  1 17.090551966061991 11.888345045728302 -79.929872480744493  1.0000000000014804 32.163799147297333 22.373507305761859 -76.589983649080253  0.99999999999624223 47.209828534437854 32.839633969864984 -71.924286201669148  1.0000000000049873 61.074691700019201 42.484210111408196 -62.476463579343154  0.99999999999598477 73.743388740155453 51.296676512299477 -52.298844289068718  1.0000000000018947 84.726158566299318 58.936410566061404 -36.662601177411517  0.9999999999995991 95.463861446870993 66.405669111138337 4.7844532563695005e-12  1.0000000000003517 84.726158566293847 58.936410566047499 36.662601177397548  0.99999999999973355 73.743388740188337 51.29667651241094 52.298844289165693  1.0000000000006506 61.074691699983092 42.484210111183287 62.476463579095132  0.99999999999905509 47.209828534423146 32.839633970088443 71.924286202022074  1.0000000000009004 32.163799147359491 22.37350730563632 76.589983648797457  0.99999999999943612 17.090551966017525 11.888345045763565 79.929872480860382  1.000000000000199 1.8017813256576831 1.2533369124724436 80.083980533992872  1 
1.460428229019439 1.5991139104639156 -80.083980533992872  1 13.852720046069432 15.168222923814476 -79.929872480744493  1.0000000000014804 26.070275700128359 28.545926552223136 -76.589983649080253  0.99999999999624223 38.265826541685861 41.899639473069584 -71.924286201669148  1.0000000000049873 49.503942118674331 54.204915499211623 -62.476463579343154  0.99999999999598477 59.772531553280849 65.44864172358389 -52.298844289068718  1.0000000000018947 68.674587923383001 75.196049913535731 -36.662601177411517  0.9999999999995991 77.378008169693331 84.72596352004615 4.7844532563695005e-12  1.0000000000003517 68.674587923375014 75.196049913526238 36.662601177397548  0.99999999999973355 59.772531553344912 65.448641723661638 52.298844289165693  1.0000000000006506 49.503942118546412 54.20491549904721 62.476463579095132  0.99999999999905509 38.2658265418113 41.899639473249593 71.924286202022074  1.0000000000009004 26.07027570006866 28.5459265521189 76.589983648797457  0.99999999999943612 13.852720046077794 15.168222923841125 79.929872480860382  1.000000000000199 1.460428229019439 1.5991139104639156 80.083980533992872  1 
1.0285595257359863 1.8663101780632618 -80.083980533992872  1 9.7562714614433865 17.702639966197733 -79.929872480744493  1.0000000000014804 18.360960642538618 33.315743487311536 -76.589983649080253  0.99999999999624223 26.950095358824871 48.900629846510412 -71.924286201669148  1.0000000000049873 34.864966099544255 63.262066813589797 -62.476463579343154  0.99999999999598477 42.096988376636538 76.38448637711322 -52.298844289068718  1.0000000000018947 48.366588845243442 87.760601829578391 -36.662601177411517  0.9999999999995991 54.496290163650038 98.882872241803739 4.7844532563695005e-12  1.0000000000003517 48.366588845232272 87.76060182956563 36.662601177397548  0.99999999999973355 42.096988376734352 76.384486377216732 52.298844289165693  1.0000000000006506 34.864966099321784 63.262066813369387 62.476463579095132  0.99999999999905509 26.950095359091534 48.900629846756786 71.924286202022074  1.0000000000009004 18.360960642356446 33.315743487164298 76.589983648797457  0.99999999999943612 9.7562714615054631 17.7026399662372 79.929872480860382  1.000000000000199 1.0285595257359863 1.8663101780632618 80.083980533992872  1 
0.53139307066949271 2.0351933843083709 -80.083980533992872  1 5.0404648258483613 19.304559883838241 -79.929872480744493  1.0000000000014804 9.4859540264125997 36.330498622955375 -76.589983649080253  0.99999999999624223 13.923440962528547 53.325669053583333 -71.924286201669148  1.0000000000049873 18.012550992511564 68.986677876060099 -62.476463579343154  0.99999999999598477 21.748890290927172 83.296551036968125 -52.298844289068718  1.0000000000018947 24.988000828784799 95.702095930674091 -36.662601177411517  0.9999999999995991 28.154835634801021 107.8308253332346 4.7844532563695005e-12  1.0000000000003517 24.988000828778734 95.702095930668193 36.662601177397548  0.99999999999973355 21.74889029097854 83.296551037004264 52.298844289165693  1.0000000000006506 18.012550992397603 68.986677876025453 62.476463579095132  0.99999999999905509 13.923440962661809 53.325669053548651 71.924286202022074  1.0000000000009004 9.4859540263237285 36.330498623044377 76.589983648797457  0.99999999999943612 5.0404648258780069 19.304559883779184 79.929872480860382  1.000000000000199 0.53139307066949271 2.0351933843083709 80.083980533992872  1 
3.1993481042214e-07 2.0929662280331698 -80.083980533992872  1 -5.4356681306987182e-07 19.85258195852877 -79.929872480744493  1.0000000000014804 5.273336745388905e-07 37.361767825191684 -76.589983649080253  0.99999999999624223 -3.4842115397683836e-07 54.839436305205474 -71.924286201669148  1.0000000000049873 1.5904561261586612e-07 70.944972834412766 -62.476463579343154  0.99999999999598477 -4.6889966247896812e-08 85.661072238942552 -52.298844289068718  1.0000000000018947 7.027192770766122e-09 98.418765978582712 -36.662601177411517  0.9999999999995991 -7.0294651816318637e-09 110.89179156695901 4.7844532563695005e-12  1.0000000000003517 7.0271921491227045e-09 98.418765978565546 36.662601177397548  0.99999999999973355 -4.6889956813142376e-08 85.661072239085044 52.298844289165693  1.0000000000006506 1.5904557633009983e-07 70.944972834108526 62.476463579095132  0.99999999999905509 -3.4842107322541952e-07 54.839436305538982 71.924286202022074  1.0000000000009004 5.2733355924792653e-07 37.3617678249893 76.589983648797457  0.99999999999943612 -5.4356671824246132e-07 19.852581958587024 79.929872480860382  1.000000000000199 3.1993481042214e-07 2.0929662280331698 80.083980533992872  1 
-0.53139283321544706 2.0351934622537735 -80.083980533992872  1 -5.0404640858578809 19.304566491218356 -79.929872480744493  1.0000000000014804 -9.4859550412628622 36.330490462479069 -76.589983649080253  0.99999999999624223 -13.92344021276925 53.325674912466106 -71.924286201669148  1.0000000000049873 -18.012551351764287 68.986675101238802 -62.476463579343154  0.99999999999598477 -21.748890182523223 83.296551869821087 -52.298844289068718  1.0000000000018947 -24.988000845214671 95.702095804759466 -36.662601177411517  0.9999999999995991 -28.154835618368967 107.83082545916507 4.7844532563695005e-12  1.0000000000003517 -24.988000845212778 95.702095804745511 36.662601177397548  0.99999999999973355 -21.74889018253527 83.296551869937076 52.298844289165693  1.0000000000006506 -18.012551351748037 68.986675100990112 62.476463579095132  0.99999999999905509 -13.923440212772325 53.325674912743906 71.924286202022074  1.0000000000009004 -9.4859550412754583 36.330490462312511 76.589983648797457  0.99999999999943612 -5.0404640858469634 19.304566491263692 79.929872480860382  1.000000000000199 -0.53139283321544706 2.0351934622537735 80.083980533992872  1 
-1.0285602225813681 1.8663101949942003 -80.083980533992872  1 -9.7562738382417784 17.702641401615775 -79.929872480744493  1.0000000000014804 -18.360957411824199 33.315741714257427 -76.589983649080253  0.99999999999624223 -26.950097740321272 48.900631119737724 -71.924286201669148  1.0000000000049873 -34.864964959346857 63.262066210419853 -62.476463579343154  0.99999999999598477 -42.09698872060126 76.384486558194823 -52.298844289068718  1.0000000000018947 -48.36658879311031 87.76060180217894 -36.662601177411517  0.9999999999995991 -54.496290215776156 98.882872269197506 4.7844532563695005e-12  1.0000000000003517 -48.366588793100711 87.760601802162313 36.662601177397548  0.99999999999973355 -42.096988720685516 76.384486558335183 52.298844289165693  1.0000000000006506 -34.864964959157149 63.262066210113304 62.476463579095132  0.99999999999905509 -26.950097740545075 48.900631120087155 71.924286202022074  1.0000000000009004 -18.360957411674868 33.315741714034239 76.589983648797457  0.99999999999943612 -9.7562738382910403 17.702641401685245 79.929872480860382  1.000000000000199 -1.0285602225813681 1.8663101949942003 80.083980533992872  1 
-1.4604287435135097 1.5991137241050517 -80.083980533992872  1 -13.852714543994953 15.168207125923672 -79.929872480744493  1.0000000000014804 -26.070282239976041 28.545946063934355 -76.589983649080253  0.99999999999624223 -38.265821899774586 41.899625464014413 -71.924286201669148  1.0000000000049873 -49.503944306647341 54.204922134288779 -62.476463579343154  0.99999999999598477 -59.77253089803343 65.448639732052087 -52.298844289068718  1.0000000000018947 -68.674588022361334 75.196050214641474 -36.662601177411517  0.9999999999995991 -77.378008070713648 84.725963218937295 4.7844532563695005e-12  1.0000000000003517 -68.674588022360211 75.196050214623753 36.662601177397548  0.99999999999973355 -59.772530898028464 65.448639732202409 52.298844289165693  1.0000000000006506 -49.503944306695843 54.204922133961475 62.476463579095132  0.99999999999905509 -38.265821899660196 41.899625464383483 71.924286202022074  1.0000000000009004 -26.070282240106042 28.545946063696221 76.589983648797457  0.99999999999943612 -13.852714543926885 15.168207126000581 79.929872480860382  1.000000000000199 -1.4604287435135097 1.5991137241050517 80.083980533992872  1 
-1.8017801270310636 1.2533371226936492 -80.083980533992872  1 -17.090556924808485 11.888362866264053 -79.929872480744493  1.0000000000014804 -32.163793577816165 22.373485296133104 -76.589983649080253  0.99999999999624223 -47.209832416652418 32.839649772151418 -71.924286201669148  1.0000000000049873 -61.0746898844992 42.484202627149998 -62.476463579343154  0.99999999999598477 -73.743389281740136 51.296678758685481 -52.298844289068718  1.0000000000018947 -84.726158484668602 58.936410226437467 -36.662601177411517  0.9999999999995991 -95.463861528508659 66.405669450781573 4.7844532563695005e-12  1.0000000000003517 -84.726158484655443 58.936410226425757 36.662601177397548  0.99999999999973355 -73.743389281843463 51.296678758785411 52.298844289165693  1.0000000000006506 -61.074689884288595 42.484202626925118 62.476463579095132  0.99999999999905509 -47.209832416871265 32.839649772421438 71.924286202022074  1.0000000000009004 -32.163793577695508 22.373485295951337 76.589983648797457  0.99999999999943612 -17.090556924837024 11.888362866324123 79.929872480860382  1.000000000000199 -1.8017801270310636 1.2533371226936492 80.083980533992872  1 
-2.0351643803155826 0.85355869166738629 -80.083980533992872  1 -19.304295662098372 8.0963250106753204 -79.929872480744493  1.0000000000014804 -36.329963073845299 15.236976111088737 -76.589983649080253  0.99999999999624223 -53.324916144488718 22.3647524656818 -71.924286201669148  1.0000000000049873 -68.985684593650703 28.932959237116876 -62.476463579343154  0.99999999999598477 -83.295359497812726 34.934513232461882 -52.298844289068718  1.0000000000018947 -95.700724919138381 40.137388676016549 -36.662601177411517  0.9999999999995991 -107.82928106572234 45.224169144919287 4.7844532563695005e-12  1.0000000000003517 -95.700724919129343 40.137388676012648 36.662601177397548  0.99999999999973355 -83.295359497877982 34.934513232491099 52.298844289165693  1.0000000000006506 -68.985684593536376 28.932959237064679 62.476463579095132  0.99999999999905509 -53.324916144575049 22.364752465721885 71.924286202022074  1.0000000000009004 -36.329963073832602 15.236976111081265 76.589983648797457  0.99999999999943612 -19.3042956620816 8.0963250106689859 79.929872480860382  1.000000000000199 -2.0351643803155826 0.85355869166738629 80.083980533992872  1 
-2.1518565069578424 0.42677934583369342 -80.083980533992872  1 -20.41116425576832 4.0481615391887091 -79.929872480744493  1.0000000000014804 -38.413049083479308 7.6184896282984775 -76.589983649080253  0.99999999999624223 -56.382457503968489 11.182375604248042 -71.924286201669148  1.0000000000049873 -72.941182663929752 14.466480510529847 -62.476463579343154  0.99999999999598477 -88.0713449168951 17.467257004261093 -52.298844289068718  1.0000000000018947 -101.18800863704043 20.068694962164869 -36.662601177411517  0.9999999999995991 -114.01199136295712 22.612085231607328 4.7844532563695005e-12  1.0000000000003517 -101.18800863702792 20.068694962164269 36.662601177397548  0.99999999999973355 -88.071344916991592 17.467257004261882 52.298844289165693  1.0000000000006506 -72.941182663743746 14.46648051054024 62.476463579095132  0.99999999999905509 -56.382457504141101 11.182375604216332 71.924286202022074  1.0000000000009004 -38.413049083406285 7.6184896283364667 76.589983648797457  0.99999999999943612 -20.411164255773382 4.0481615391686256 79.929872480860382  1.000000000000199 -2.1518565069578424 0.42677934583369342 80.083980533992872  1 
-2.1518565069578433 -0.42677934583369226 -80.083980533992872  1 -20.411164255694864 -4.0481615391839494 -79.929872480744493  1.0000000000014804 -38.413049083652218 -7.618489628308776 -76.589983649080253  0.99999999999624223 -56.382457503769892 -11.182375604237258 -71.924286201669148  1.0000000000049873 -72.941182664060563 -14.466480510539052 -62.476463579343154  0.99999999999598477 -88.071344916857655 -17.467257004255146 -52.298844289068718  1.0000000000018947 -101.18800863704011 -20.068694962166429 -36.662601177411517  0.9999999999995991 -114.01199136297213 -22.612085231608393 4.7844532563695005e-12  1.0000000000003517 -101.18800863701247 -20.068694962163327 36.662601177397548  0.99999999999973355 -88.071344917102294 -17.467257004278121 52.298844289165693  1.0000000000006506 -72.941182663498012 -14.466480510499304 62.476463579095132  0.99999999999905509 -56.382457504454791 -11.182375604264179 71.924286202022074  1.0000000000009004 -38.413049083173107 -7.6184896283048182 76.589983648797457  0.99999999999943612 -20.411164255863937 -4.0481615391799446 79.929872480860382  1.000000000000199 -2.1518565069578433 -0.42677934583369226 80.083980533992872  1 
-2.0351643803155843 -0.85355869166738507 -80.083980533992872  1 -19.304295661943431 -8.0963250104888367 -79.929872480744493  1.0000000000014804 -36.329963074260355 -15.236976111565706 -76.589983649080253  0.99999999999624223 -53.324916143890952 -22.364752465048383 -71.924286201669148  1.0000000000049873 -68.9856845941692 -28.932959237608099 -62.476463579343154  0.99999999999598477 -83.295359497531976 -34.93451323225127 -52.298844289068718  1.0000000000018947 -95.700724919208838 -40.137388676055025 -36.662601177411517  0.9999999999995991 -107.82928106562895 -45.22416914487652 4.7844532563695005e-12  1.0000000000003517 -95.700724919206365 -40.137388676047358 36.662601177397548  0.99999999999973355 -83.295359497537305 -34.934513232325216 52.298844289165693  1.0000000000006506 -68.98568459420126 -28.932959237416132 62.476463579095132  0.99999999999905509 -53.324916143783796 -22.36475246532083 71.924286202022074  1.0000000000009004 -36.329963074398115 -15.236976111356107 76.589983648797457  0.99999999999943612 -19.30429566186654 -8.0963250105671136 79.929872480860382  1.000000000000199 -2.0351643803155843 -0.85355869166738507 80.083980533992872  1 
-1.8017801270310663 -1.2533371226936478 -80.083980533992872  1 -17.09055692493504 -11.88836286651248 -79.929872480744493  1.0000000000014804 -32.163793577471708 -22.373485295499044 -76.589983649080253  0.99999999999624223 -47.209832417158665 -32.83964977299194 -71.924286201669148  1.0000000000049873 -61.074689884055161 -42.484202626493904 -62.476463579343154  0.99999999999598477 -73.743389281986168 -51.296678758969868 -52.298844289068718  1.0000000000018947 -84.726158484606898 -58.936410226380417 -36.662601177411517  0.9999999999995991 -95.463861528595316 -66.405669450842296 4.7844532563695005e-12  1.0000000000003517 -84.726158484587444 -58.936410226370946 36.662601177397548  0.99999999999973355 -73.743389282156429 -51.29667875903656 52.298844289165693  1.0000000000006506 -61.074689883669826 -42.484202626392268 62.476463579095132  0.99999999999905509 -47.209832417617712 -32.839649773030686 71.924286202022074  1.0000000000009004 -32.163793577160064 -22.373485295528262 76.589983648797457  0.99999999999943612 -17.090556925040765 -11.88836286648259 79.929872480860382  1.000000000000199 -1.8017801270310663 -1.2533371226936478 80.083980533992872  1 
-1.4604287435135119 -1.5991137241050508 -80.083980533992872  1 -13.852714543889658 -15.168207125779615 -79.929872480744493  1.0000000000014804 -26.070282240249998 -28.545946064303283 -76.589983649080253  0.99999999999624223 -38.265821899399292 -41.899625463519392 -71.924286201669148  1.0000000000049873 -49.503944306950643 -54.204922134692261 -62.476463579343154  0.99999999999598477 -59.772530897883563 -65.448639731861803 -52.298844289068718  1.0000000000018947 -68.674588022393579 -75.196050214688071 -36.662601177411517  0.9999999999995991 -77.378008070672365 -84.725963218891607 4.7844532563695005e-12  1.0000000000003517 -68.674588022388235 -75.196050214669995 36.662601177397548  0.99999999999973355 -59.772530897919843 -65.448639732020595 52.298844289165693  1.0000000000006506 -49.50394430689601 -54.204922134323716 62.476463579095132  0.99999999999905509 -38.26582189942259 -41.899625463977749 71.924286202022074  1.0000000000009004 -26.07028224027248 -28.545946063980303 76.589983648797457  0.99999999999943612 -13.852714543864629 -15.16820712589305 79.929872480860382  1.000000000000199 -1.4604287435135119 -1.5991137241050508 80.083980533992872  1 
-1.028560222581369 -1.8663101949942003 -80.083980533992872  1 -9.7562738382288625 -17.702641401505677 -79.929872480744493  1.0000000000014804 -18.360957411862767 -33.315741714538184 -76.589983649080253  0.99999999999624223 -26.950097740257494 -48.900631119366402 -71.924286201669148  1.0000000000049873 -34.864964959406727 -63.262066210705974 -62.476463579343154  0.99999999999598477 -42.096988720566735 -76.384486558071416 -52.298844289068718  1.0000000000018947 -48.366588793117188 -87.760601802203709 -36.662601177411517  0.9999999999995991 -54.496290215762905 -98.882872269166057 4.7844532563695005e-12  1.0000000000003517 -48.366588793109571 -87.760601802190308 36.662601177397548  0.99999999999973355 -42.096988720634172 -76.38448655818253 52.298844289165693  1.0000000000006506 -34.864964959256376 -63.262066210461349 62.476463579095132  0.99999999999905509 -26.950097740430706 -48.900631119653923 71.924286202022074  1.0000000000009004 -18.360957411752146 -33.315741714354466 76.589983648797457  0.99999999999943612 -9.756273838262743 -17.702641401560737 79.929872480860382  1.000000000000199 -1.028560222581369 -1.8663101949942003 80.083980533992872  1 
-0.53139283321544584 -2.0351934622537753 -80.083980533992872  1 -5.0404640859054197 -19.30456649145367 -79.929872480744493  1.0000000000014804 -9.4859550411306106 -36.33049046187557 -76.589983649080253  0.99999999999624223 -13.923440212967519 -53.325674913277055 -71.924286201669148  1.0000000000049873 -18.012551351593046 -68.986675100576335 -62.476463579343154  0.99999999999598477 -21.748890182619551 -83.296551870138998 -52.298844289068718  1.0000000000018947 -24.988000845190463 -95.702095804680553 -36.662601177411517  0.9999999999995991 -28.154835618408658 -107.83082545924727 4.7844532563695005e-12  1.0000000000003517 -24.988000845184779 -95.702095804662761 36.662601177397548  0.99999999999973355 -21.748890182669495 -83.296551870284603 52.298844289165693  1.0000000000006506 -18.012551351479175 -68.986675100274653 62.476463579095132  0.99999999999905509 -13.923440213104463 -53.325674913589822 71.924286202022074  1.0000000000009004 -9.4859550410367479 -36.330490461696861 76.589983648797457  0.99999999999943612 -5.0404640859375158 -19.30456649150139 79.929872480860382  1.000000000000199 -0.53139283321544584 -2.0351934622537753 80.083980533992872  1 
3.1993481319769757e-07 -2.092966228033172 -80.083980533992872  1 -5.435766279588955e-07 -19.852581958554019 -79.929872480744493  1.0000000000014804 5.2735796664746342e-07 -37.361767825130094 -76.589983649080253  0.99999999999624223 -3.4845449132160333e-07 -54.839436305277367 -71.924286201669148  1.0000000000049873 1.5907916104891985e-07 -70.944972834375221 -62.476463579343154  0.99999999999598477 -4.6907608349549308e-08 -85.661072238946772 -52.298844289068718  1.0000000000018947 7.0325409403777348e-09 -98.418765978586933 -36.662601177411517  0.9999999999995991 -7.0326068466796974e-09 -110.89179156696099 4.7844532563695005e-12  1.0000000000003517 7.0325397799970172e-09 -98.418765978566398 36.662601177397548  0.99999999999973355 -4.6907590738144791e-08 -85.661072239121395 52.298844289165693  1.0000000000006506 1.5907909331638397e-07 -70.944972833992765 62.476463579095132  0.99999999999905509 -3.484543405850213e-07 -54.839436305713058 71.924286202022074  1.0000000000009004 5.2735775143962055e-07 -37.361767824848954 76.589983648797457  0.99999999999943612 -5.435764509473246e-07 -19.852581958643622 79.929872480860382  1.000000000000199 3.1993481319769757e-07 -2.092966228033172 80.083980533992872  1 
0.53139307066949559 -2.0351933843083683 -80.083980533992872  1 5.040464825878713 -19.30455988356691 -79.929872480744493  1.0000000000014804 9.4859540263230944 -36.330498623647195 -76.589983649080253  0.99999999999624223 13.923440962670607 -53.325669052667806 -71.924286201669148  1.0000000000049873 18.01255099238637 -68.986677876785507 -62.476463579343154  0.99999999999598477 21.748890290998673 -83.296551036638348 -52.298844289068718  1.0000000000018947 24.988000828768229 -95.702095930745571 -36.662601177411517  0.9999999999995991 28.154835634830519 -107.83082533316544 4.7844532563695005e-12  1.0000000000003517 24.988000828762267 -95.70209593073325 36.662601177397548  0.99999999999973355 21.748890291050458 -83.296551036750159 52.298844289165693  1.0000000000006506 18.012550992268757 -68.986677876526642 62.476463579095132  0.99999999999905509 13.923440962811767 -53.32566905298426 71.924286202022074  1.0000000000009004 9.4859540262262758 -36.330498623437904 76.589983648797457  0.99999999999943612 5.0404648259119638 -19.304559883632038 79.929872480860382  1.000000000000199 0.53139307066949559 -2.0351933843083683 80.083980533992872  1 
1.0285595257359876 -1.8663101780632496 -80.083980533992872  1 9.7562714614266799 -17.702639966326938 -79.929872480744493  1.0000000000014804 18.36096064259166 -33.315743486980985 -76.589983649080253  0.99999999999624223 26.950095358733986 -48.90062984696673 -71.924286201669148  1.0000000000049873 34.864966099625818 -63.262066813187595 -62.476463579343154  0.99999999999598477 42.096988376582814 -76.384486377329267 -52.298844289068718  1.0000000000018947 48.366588845257247 -87.760601829513746 -36.662601177411517  0.9999999999995991 54.496290163622582 -98.882872241867588 4.7844532563695005e-12  1.0000000000003517 48.366588845249126 -87.760601829496494 36.662601177397548  0.99999999999973355 42.096988376651041 -76.384486377473067 52.298844289165693  1.0000000000006506 34.86496609947946 -63.262066812876405 62.476463579095132  0.99999999999905509 26.950095358895695 -48.90062984731707 71.924286202022074  1.0000000000009004 18.360960642493609 -33.315743486759139 76.589983648797457  0.99999999999943612 9.7562714614545261 -17.702639966395665 79.929872480860382  1.000000000000199 1.0285595257359876 -1.8663101780632496 80.083980533992872  1 
1.4604282290194379 -1.5991139104639025 -80.083980533992872  1 13.852720046002224 -15.168222923971287 -79.929872480744493  1.0000000000014804 26.070275700310344 -28.545926551808499 -76.589983649080253  0.99999999999624223 38.265826541424175 -41.89963947364221 -71.924286201669148  1.0000000000049873 49.503942118897264 -54.204915498730529 -62.476463579343154  0.99999999999598477 59.772531553163176 -65.448641723826555 -52.298844289068718  1.0000000000018947 68.674587923412687 -75.19604991347029 -36.662601177411517  0.9999999999995991 77.378008169652517 -84.725963520119507 4.7844532563695005e-12  1.0000000000003517 68.674587923406733 -75.196049913452953 36.662601177397548  0.99999999999973355 59.772531553205823 -65.448641723971363 52.298844289165693  1.0000000000006506 49.50394211882417 -54.204915498422928 62.476463579095132  0.99999999999905509 38.265826541475654 -41.899639473975427 71.924286202022074  1.0000000000009004 26.070275700308684 -28.545926551603507 76.589983648797457  0.99999999999943612 13.852720045987242 -15.168222924033548 79.929872480860382  1.000000000000199 1.4604282290194379 -1.5991139104639025 80.083980533992872  1 
1.8017813256576778 -1.2533369124724569 -80.083980533992872  1 17.090551966044831 -11.888345045352386 -79.929872480744493  1.0000000000014804 32.163799147319025 -22.373507306699928 -76.589983649080253  0.99999999999624223 47.20982853445318 -32.83963396861639 -71.924286201669148  1.0000000000049873 61.074691699989152 -42.484210112438518 -62.476463579343154  0.99999999999598477 73.743388740200587 -51.296676511796676 -52.298844289068718  1.0000000000018947 84.726158566286216 -58.936410566190787 -36.662601177411517  0.9999999999995991 95.463861446917406 -66.405669111012799 4.7844532563695005e-12  1.0000000000003517 84.726158566267188 -58.936410566176853 36.662601177397548  0.99999999999973355 73.743388740354419 -51.296676511923565 52.298844289165693  1.0000000000006506 61.074691699659226 -42.484210112131336 62.476463579095132  0.99999999999905509 47.209828534825057 -32.839633969017626 71.924286202022074  1.0000000000009004 32.163799147082038 -22.373507306406555 76.589983648797457  0.99999999999943612 17.090551966119396 -11.888345045457951 79.929872480860382  1.000000000000199 1.8017813256576778 -1.2533369124724569 80.083980533992872  1 
2.0351637379656058 -0.85355877607437547 -80.083980533992872  1 19.304297392660356 -8.0963321659261656 -79.929872480744493  1.0000000000014804 36.329961229005271 -15.236967273792949 -76.589983649080253  0.99999999999624223 53.324917407625883 -22.364758810706761 -71.924286201669148  1.0000000000049873 68.985684007597982 -28.932956231883306 -62.476463579343154  0.99999999999598477 83.295359671955936 -34.934514134553822 -52.298844289068718  1.0000000000018947 95.700724892934034 -40.137388539613234 -36.662601177411517  0.9999999999995991 107.82928109191442 -45.22416928133579 4.7844532563695005e-12  1.0000000000003517 95.700724892921528 -40.137388539605766 36.662601177397548  0.99999999999973355 83.295359672053067 -34.934514134613046 52.298844289165693  1.0000000000006506 68.985684007405595 -28.932956231765225 62.476463579095132  0.99999999999905509 53.324917407814496 -22.364758810821776 71.924286202022074  1.0000000000009004 36.329961228914399 -15.236967273729615 76.589983648797457  0.99999999999943612 19.304297392673895 -8.0963321659446077 79.929872480860382  1.000000000000199 2.0351637379656058 -0.85355877607437547 80.083980533992872  1 
2.1518565362026987 -0.42677934865317191 -80.083980533992872  1 20.411164245754833 -4.0481617781516812 -79.929872480744493  1.0000000000014804 38.4130490828937 -7.6184893332306052 -76.589983649080253  0.99999999999624223 56.382457507113003 -11.182375815996913 -71.924286201669148  1.0000000000049873 72.941182661890835 -14.466480410332364 -62.476463579343154  0.99999999999598477 88.071344917598211 -17.467257034280539 -52.298844289068718  1.0000000000018947 101.18800863692485 -20.068694957632097 -36.662601177411517  0.9999999999995991 114.01199136308023 -22.612085236137183 4.7844532563695005e-12  1.0000000000003517 101.18800863690862 -20.068694957625862 36.662601177397548  0.99999999999973355 88.071344917724844 -17.467257034337461 52.298844289165693  1.0000000000006506 72.9411826616345 -14.466480410195754 62.476463579095132  0.99999999999905509 56.3824575073779 -11.182375816171934 71.924286202022074  1.0000000000009004 38.413049082747833 -7.6184893331042911 76.589983648797457  0.99999999999943612 20.41116424578998 -4.0481617781958485 79.929872480860382  1.000000000000199 2.1518565362026987 -0.42677934865317191 80.083980533992872  1 
2.1518565362026476 1.1232587180961612e-15 -80.083980533992872  1 20.411164245649449 4.5686773022264406e-13 -79.929872480744493  1.0000000000014804 38.413049083137807 -7.6849871631392934e-13 -76.589983649080253  0.99999999999624223 56.382457506805949 6.5307623418767755e-13 -71.924286201669148  1.0000000000049873 72.941182662122898 -3.8144429005840601e-13 -62.476463579343154  0.99999999999598477 88.071344917495608 9.6375491134147197e-14 -52.298844289068718  1.0000000000018947 101.18800863694152 -2.0540595943690721e-14 -36.662601177411517  0.9999999999995991 114.01199136306622 3.4090976142164222e-15 4.7844532563695005e-12  1.0000000000003517 101.18800863691418 -1.2169605938221863e-14 36.662601177397548  0.99999999999973355 88.071344917735715 -2.4788127616974589e-14 52.298844289165693  1.0000000000006506 72.941182661573237 4.9131082921191403e-14 62.476463579095132  0.99999999999905509 56.382457507472438 -1.7541774786295568e-13 71.924286202022074  1.0000000000009004 38.41304908267346 1.5459542365279991e-13 76.589983648797457  0.99999999999943612 20.411164245812618 -1.3066186456386466e-13 79.929872480860382  1.000000000000199 2.1518565362026476 1.1232587180961612e-15 80.083980533992872  1 

0 15
0.5 13
1 15

0 9
0.5 6
1 9

1 0 0 0 1 0 -0 0 0 1 0 -1 0 
1 0 0 0 0 0 1 1 0 -0 -0 1 0 
1 10 0 0 1 0 -0 0 0 1 0 -1 0 
1 0 0 0 1 0 -0 0 0 1 0 -1 0 
1 0 0 0 0 0 1 1 0 -0 -0 1 0 
1 10 0 0 1 0 -0 0 0 1 0 -1 0 
1 0 0 12 0 0 1 1 0 -0 -0 1 0 
1 0 0 0 1 0 -0 0 0 1 0 -1 0 
1 0 0 0 0 0 1 1 0 -0 -0 1 0 
1 0 20 0 -0 1 0 0 0 1 1 0 -0 
1 12 0 0 1 0 -0 0 0 1 0 -1 0 
1 0 0 9 0 0 1 1 0 -0 -0 1 0 
1 0 20 0 -0 1 0 0 0 1 1 0 -0 
9 1 0 0 0 14 8 28 15 3 3 2.18385440291198 1.9665744565539565e-15 -81.683660544659432  1 20.746195670291755 -9.3078597803593078e-13 -81.518962338343272  0.99999999999977585 39.041035477507386 2.4150621688412502e-12 -78.128776327770908  1.0000000000005032 57.313649068898307 -3.5181233306969139e-12 -73.305770047905014  0.99999999999949729 74.107063247799601 3.1522184798986395e-12 -63.699302662770918  1.0000000000001792 89.488017030825375 -1.5500905944740335e-12 -53.249197583294283  1.0000000000000988 102.72477166132836 3.0012027576187226e-13 -37.30008110558569  0.99999999999988609 115.6752283386609 -3.0334631609869889e-13 -4.3727814241901834e-11  1.0000000000001681 102.7247716613491 3.0657235643576366e-13 37.300081105672596  0.9999999999998046 89.488017030642723 -1.6416898107209439e-12 53.249197582909325  1.0000000000008742 74.107063248222246 3.468037942943108e-12 63.699302663601422  0.99999999999820888 57.31364906837986 -4.0895038133686257e-12 73.305770046840166  1.0000000000021714 39.041035477873152 2.9699686813175961e-12 78.128776328589481  0.99999999999839428 20.746195670161157 -1.2153642773601565e-12 81.518962338016948  1.0000000000006244 2.18385440291198 1.9665744565539565e-15 81.683660544659432  1 
2.1838544029120244 0.43395965315215074 -81.683660544659432  1 20.7461956703109 4.1225330156577256 -81.518962338343272  0.99999999999977585 39.041035477487384 7.757950434700942 -78.128776327770908  1.0000000000005032 57.313649068906209 11.388951222103167 -73.305770047905014  0.99999999999949729 74.107063247798791 14.726016267462953 -63.699302662770918  1.0000000000001792 89.488017030814888 17.78240746279814 -53.249197583294283  1.0000000000000988 102.724771661332 20.412719007660574 -37.30008110558569  0.99999999999988609 115.67522833865156 22.986139506923372 -4.3727814241901834e-11  1.0000000000001681 102.72477166134871 20.412719007661959 37.300081105672596  0.9999999999998046 89.488017030667876 17.782407462792158 53.249197582909325  1.0000000000008742 74.107063248138417 14.726016267459105 63.699302663601422  0.99999999999820888 57.31364906849015 11.388951222135143 73.305770046840166  1.0000000000021714 39.041035477779864 7.7579504346647958 78.128776328589481  0.99999999999839428 20.746195670205662 4.1225330156711619 81.518962338016948  1.0000000000006244 2.1838544029120244 0.43395965315215074 81.683660544659432  1 
2.0654263957792138 0.86791938639732424 -81.683660544659432  1 19.62116056339557 8.2450747842565821 -81.518962338343272  0.99999999999977585 36.923892765562698 15.515889259466949 -78.128776327770908  1.0000000000005032 54.205611786530227 22.777909780049956 -73.305770047905014  0.99999999999949729 70.088340510479668 29.452027840782108 -63.699302662770918  1.0000000000001792 84.635207649370329 35.564815002447816 -53.249197583294283  1.0000000000000988 97.154151414218362 40.825436614033244 -37.30008110558569  0.99999999999988609 109.40232306112649 45.972277805375164 -4.3727814241901834e-11  1.0000000000001681 97.154151414228792 40.825436614045103 37.300081105672596  0.9999999999998046 84.635207649279579 35.564815002328068 53.249197582909325  1.0000000000008742 70.088340510674129 29.452027841103089 63.699302663601422  0.99999999999820888 54.205611786323097 22.777909779585745 73.305770046840166  1.0000000000021714 36.923892765680208 15.515889259832397 78.128776328589481  0.99999999999839428 19.621160563368345 8.2450747841192555 81.518962338016948  1.0000000000006244 2.0654263957792138 0.86791938639732424 81.683660544659432  1 
1.8285736130280554 1.2744235482238224 -81.683660544659432  1 17.371078448361381 12.106753094260842 -81.518962338343272  0.99999999999977585 32.68962120718335 22.783068055255523 -78.128776327770908  1.0000000000005032 47.989528372624861 33.446290367570015 -73.305770047905014  0.99999999999949729 62.050900144283624 43.246398055964193 -63.699302662770918  1.0000000000001792 74.929588427541418 52.22218925871455 -53.249197583294283  1.0000000000000988 86.012912101359888 59.946717555924018 -37.30008110558569  0.99999999999988609 96.856513413859474 67.504166826671153 -4.3727814241901834e-11  1.0000000000001681 86.012912101369736 59.946717555921651 37.300081105672596  0.9999999999998046 74.929588427460104 52.222189258763819 53.249197582909325  1.0000000000008742 62.050900144463846 43.24639805577106 63.699302663601422  0.99999999999820888 47.989528372411705 33.446290367933976 73.305770046840166  1.0000000000021714 32.689621207322872 22.783068054914647 78.128776328589481  0.99999999999839428 17.371078448315991 12.10675309441028 81.518962338016948  1.0000000000006244 1.8285736130280554 1.2744235482238224 81.683660544659432  1 
1.482144633911924 1.6260180351404983 -81.683660544659432  1 14.080100327462237 15.44688750071704 -81.518962338343272  0.99999999999977585 26.496479255146891 29.068477142695276 -78.128776327770908  1.0000000000005032 38.897810632143589 42.673664262304364 -73.305770047905014  0.99999999999949729 50.295205453388952 55.17737856807279 -63.699302662770918  1.0000000000001792 60.734002954516811 66.629489299809819 -53.249197583294283  1.0000000000000988 69.717562962209541 76.485084877369005 -37.30008110558569  0.99999999999988609 78.50681894636844 86.127519739105253 -4.3727814241901834e-11  1.0000000000001681 69.717562962222942 76.485084877381411 37.300081105672596  0.9999999999998046 60.734002954398832 66.629489299688473 53.249197582909325  1.0000000000008742 50.295205453659499 55.177378568382537 63.699302663601422  0.99999999999820888 38.897810631817435 42.673664261879559 73.305770046840166  1.0000000000021714 26.496479255373771 29.068477143019457 78.128776328589481  0.99999999999839428 14.080100327382093 15.446887500594192 81.518962338016948  1.0000000000006244 1.482144633911924 1.6260180351404983 81.683660544659432  1 
1.0438540911744401 1.8977097183881961 -81.683660544659432  1 9.9164121447948226 18.027865930104593 -81.518962338343272  0.99999999999977585 18.661130350449671 33.925608537921029 -78.128776327770908  1.0000000000005032 27.395193025029531 49.803985918054565 -73.305770047905014  0.99999999999949729 35.422242346423829 64.397019803640106 -63.699302662770918  1.0000000000001792 42.77413971129576 77.762642279256539 -53.249197583294283  1.0000000000000988 49.101142143939555 89.265022410787026 -37.30008110558569  0.99999999999988609 55.291296404112536 100.5186152622113 -4.3727814241901834e-11  1.0000000000001681 49.101142143946582 89.265022410792895 37.300081105672596  0.9999999999998046 42.774139711237993 77.762642279204911 53.249197582909325  1.0000000000008742 35.422242346545694 64.397019803761026 63.699302663601422  0.99999999999820888 27.39519302489926 49.803985917902509 73.305770046840166  1.0000000000021714 18.66113035052728 33.925608538019311 78.128776328589481  0.99999999999839428 9.9164121447728455 18.027865930076931 81.518962338016948  1.0000000000006244 1.0438540911744401 1.8977097183881961 81.683660544659432  1 
0.53929482636717962 2.0694342824670806 -81.683660544659432  1 5.1231996446240311 19.65921569174299 -81.518962338343272  0.99999999999977585 9.6410328352375601 36.995550608972643 -78.128776327770908  1.0000000000005032 14.153395313386836 54.310770209061438 -73.305770047905014  0.99999999999949729 18.300460811246403 70.224333238860112 -63.699302662770918  1.0000000000001792 22.098732192646192 84.799416853358807 -53.249197583294283  1.0000000000000988 25.367498717333298 97.342652168600338 -37.30008110558569  0.99999999999988609 28.565565797753138 109.61458743412508 -4.3727814241901834e-11  1.0000000000001681 25.367498717337813 97.342652168619182 37.300081105672596  0.9999999999998046 22.098732192603908 84.799416853200441 53.249197582909325  1.0000000000008742 18.300460811350398 70.224333239196469 63.699302663601422  0.99999999999820888 14.15339531324973 54.310770208701783 73.305770046840166  1.0000000000021714 9.6410328353390842 36.99555060919554 78.128776328589481  0.99999999999839428 5.1231996445867054 19.65921569167287 81.518962338016948  1.0000000000006244 0.53929482636717962 2.0694342824670806 81.683660544659432  1 
3.2469220517805653e-07 2.1281791193565476 -81.683660544659432  1 -5.5245737993842281e-07 20.217305766573173 -81.518962338343272  0.99999999999977585 5.3711717591489517e-07 38.045697793610529 -78.128776327770908  1.0000000000005032 -3.5574534083911872e-07 55.852501821751979 -73.305770047905014  0.99999999999949729 1.628161291992891e-07 72.217760906919196 -63.699302662770918  1.0000000000001792 -4.8137012526940467e-08 87.206599615331882 -53.249197583294283  1.0000000000000988 7.2339555077134637e-09 100.10589224491872 -37.30008110558569  0.99999999999988609 -7.2367501977909748e-09 112.72618887656105 -4.3727814241901834e-11  1.0000000000001681 7.2341681094896437e-09 100.10589224493906 37.300081105672596  0.9999999999998046 -4.8140009603953172e-08 87.206599615149273 53.249197582909325  1.0000000000008742 1.6282632725181906e-07 72.21776090734609 63.699302663601422  0.99999999999820888 -3.5576324084105512e-07 55.852501821224259 73.305770046840166  1.0000000000021714 5.3713321193191115e-07 38.045697793986669 78.128776328589481  0.99999999999839428 -5.5246429973690108e-07 20.217305766437423 81.518962338016948  1.0000000000006244 3.2469220517805653e-07 2.1281791193565476 81.683660544659432  1 
-0.53929458538221875 2.0694343617238711 -81.683660544659432  1 -5.1231988942412441 19.659222409693523 -81.518962338343272  0.99999999999977585 -9.6410338672047029 36.995542292061806 -78.128776327770908  1.0000000000005032 -14.153394548927842 54.310776195124937 -73.305770047905014  0.99999999999949729 -18.300461178568131 70.224330396555871 -63.699302662770918  1.0000000000001792 -22.098732081483472 84.799417708689134 -53.249197583294283  1.0000000000000988 -25.367498734231184 97.342652038919098 -37.30008110558569  0.99999999999988609 -28.565565780855202 109.61458756382218 -4.3727814241901834e-11  1.0000000000001681 -25.367498734234211 97.342652038927483 37.300081105672596  0.9999999999998046 -22.098732081455044 84.799417708607834 53.249197582909325  1.0000000000008742 -18.300461178638344 70.224330396764103 63.699302663601422  0.99999999999820888 -14.15339454883469 54.310776194836826 73.305770046840166  1.0000000000021714 -9.6410338672726255 36.99554229227428 78.128776328589481  0.99999999999839428 -5.1231988942171496 19.659222409618806 81.518962338016948  1.0000000000006244 -0.53929458538221875 2.0694343617238711 81.683660544659432  1 
-1.0438547983818334 1.8977097356039885 -81.683660544659432  1 -9.9164145548865701 18.027867389552867 -81.518962338343272  0.99999999999977585 -18.661127065777823 33.925606730850468 -78.128776327770908  1.0000000000005032 -27.395195452405542 49.803987218978527 -73.305770047905014  0.99999999999949729 -35.42224118130995 64.397019185704195 -63.699302662770918  1.0000000000001792 -42.774140063680576 77.762642465285026 -53.249197583294283  1.0000000000000988 -49.101142090386411 89.265022382580014 -37.30008110558569  0.99999999999988609 -55.291296457659946 100.51861529040751 -4.3727814241901834e-11  1.0000000000001681 -49.101142090391107 89.265022382590189 37.300081105672596  0.9999999999998046 -42.774140063642236 77.762642465196521 53.249197582909325  1.0000000000008742 -35.422241181391158 64.397019185893782 63.699302663601422  0.99999999999820888 -27.395195452317555 49.803987218776811 73.305770046840166  1.0000000000021714 -18.661127065828786 33.925606730969619 78.128776328589481  0.99999999999839428 -9.9164145548734606 18.027867389519361 81.518962338016948  1.0000000000006244 -1.0438547983818334 1.8977097356039885 81.683660544659432  1 
-1.4821451560564602 1.6260178456462517 -81.683660544659432  1 -14.08009474243141 15.446871438481455 -81.518962338343272  0.99999999999977585 -26.496485909097064 29.068497028402675 -78.128776327770908  1.0000000000005032 -38.897805897400133 42.673649949127118 -73.305770047905014  0.99999999999949729 -50.295207690996349 55.177385364673107 -63.699302662770918  1.0000000000001792 -60.734002282573122 66.629487254393382 -53.249197583294283  1.0000000000000988 -69.717563063993197 76.485085187479598 -37.30008110558569  0.99999999999988609 -78.506818844587883 86.1275194289897 -4.3727814241901834e-11  1.0000000000001681 -69.717563064002221 76.485085187487542 37.300081105672596  0.9999999999998046 -60.734002282495943 66.629487254335487 53.249197582909325  1.0000000000008742 -50.295207691165487 55.17738536476805 63.699302663601422  0.99999999999820888 -38.897805897210063 42.67364994907566 73.305770046840166  1.0000000000021714 -26.49648590921759 29.068497028395445 78.128776328589481  0.99999999999839428 -14.080094742393907 15.446871438499276 81.518962338016948  1.0000000000006244 -1.4821451560564602 1.6260178456462517 81.683660544659432  1 
-1.8285723965779928 1.2744237619818701 -81.683660544659432  1 -17.371083483871001 12.106771213090923 -81.518962338343272  0.99999999999977585 -32.68961553867959 22.783045623486888 -78.128776327770908  1.0000000000005032 -47.98953233379239 33.446306513232301 -73.305770047905014  0.99999999999949729 -62.050898286862029 43.246390389308182 -63.699302662770918  1.0000000000001792 -74.929588983198641 52.222191565945174 -53.249197583294283  1.0000000000000988 -86.012912017363334 59.946717206120788 -37.30008110558569  0.99999999999988609 -96.856513497864782 67.504167176490611 -4.3727814241901834e-11  1.0000000000001681 -86.012912017367555 59.946717206129421 37.300081105672596  0.9999999999998046 -74.929588983160002 52.222191565853777 53.249197582909325  1.0000000000008742 -62.050898286947394 43.246390389562471 63.699302663601422  0.99999999999820888 -47.989532333699543 33.446306512850548 73.305770046840166  1.0000000000021714 -32.689615538727935 22.783045623793214 78.128776328589481  0.99999999999839428 -17.371083483863035 12.106771212972024 81.518962338016948  1.0000000000006244 -1.8285723965779928 1.2744237619818701 81.683660544659432  1 
-2.0654270476808687 0.8679193005703072 -81.683660544659432  1 -19.62115880542844 8.2450675093374528 -81.518962338343272  0.99999999999977585 -36.923894643835247 15.51589826605688 -78.128776327770908  1.0000000000005032 -54.205610497194648 22.777903297428328 -73.305770047905014  0.99999999999949729 -70.088341110357391 29.452030918956552 -63.699302662770918  1.0000000000001792 -84.635207470574713 35.564814076106629 -53.249197583294283  1.0000000000000988 -97.154151441191729 40.825436754474772 -37.30008110558569  0.99999999999988609 -109.40232303414508 45.972277664918877 -4.3727814241901834e-11  1.0000000000001681 -97.15415144119838 40.825436754475675 37.300081105672596  0.9999999999998046 -84.635207470522445 35.564814076115901 53.249197582909325  1.0000000000008742 -70.088341110457606 29.452030918889243 63.699302663601422  0.99999999999820888 -54.205610497105098 22.777903297583602 73.305770046840166  1.0000000000021714 -36.923894643867762 15.515898265898757 78.128776328589481  0.99999999999839428 -19.621158805430404 8.2450675094108199 81.518962338016948  1.0000000000006244 -2.0654270476808687 0.8679193005703072 81.683660544659432  1 
-2.183854373232307 0.43395965028515376 -81.683660544659432  1 -20.746195680505465 4.1225327725258936 -81.518962338343272  0.99999999999977585 -39.041035478117564 7.7579507358098185 -78.128776327770908  1.0000000000005032 -57.313649065631544 11.388951005248721 -73.305770047905014  0.99999999999949729 -74.107063249938093 14.726016370553275 -63.699302662770918  1.0000000000001792 -89.488017030080101 17.782407431725613 -53.249197583294283  1.0000000000000988 -102.72477166145431 20.412719012382194 -37.30008110558569  0.99999999999988609 -115.67522833853496 22.986139502208747 -4.3727814241901834e-11  1.0000000000001681 -102.72477166146719 20.412719012384795 37.300081105672596  0.9999999999998046 -89.488017029972909 17.782407431698811 53.249197582909325  1.0000000000008742 -74.107063250172416 14.72601637062373 63.699302663601422  0.99999999999820888 -57.313649065364714 11.388951005149977 73.305770046840166  1.0000000000021714 -39.041035478287043 7.75795073588555 78.128776328589481  0.99999999999839428 -20.746195680453337 4.1225327724975163 81.518962338016948  1.0000000000006244 -2.183854373232307 0.43395965028515376 81.683660544659432  1 
-2.1838543732323084 -0.43395965028515332 -81.683660544659432  1 -20.746195680372814 -4.1225327725117271 -81.518962338343272  0.99999999999977585 -39.041035478457054 -7.757950735847853 -78.128776327770908  1.0000000000005032 -57.313649065174324 -11.38895100519202 -73.305770047905014  0.99999999999949729 -74.107063250318447 -14.72601637061004 -63.699302662770918  1.0000000000001792 -89.48801702990454 -17.782407431685591 -53.249197583294283  1.0000000000000988 -102.72477166149061 -20.412719012399325 -37.30008110558569  0.99999999999988609 -115.67522833850666 -22.986139502191961 -4.3727814241901834e-11  1.0000000000001681 -102.72477166149713 -20.412719012401219 37.300081105672596  0.9999999999998046 -89.488017029850425 -17.782407431668382 53.249197582909325  1.0000000000008742 -74.107063250423906 -14.726016370649072 63.699302663601422  0.99999999999820888 -57.31364906508071 -11.388951005146465 73.305770046840166  1.0000000000021714 -39.041035478490265 -7.7579507358767765 78.128776328589481  0.99999999999839428 -20.74619568037545 -4.1225327725030798 81.518962338016948  1.0000000000006244 -2.1838543732323084 -0.43395965028515332 81.683660544659432  1 
-2.0654270476808709 -0.86791930057030697 -81.683660544659432  1 -19.621158805753883 -8.2450675093639099 -81.518962338343272  0.99999999999977585 -36.923894643012524 -15.515898265980747 -78.128776327770908  1.0000000000005032 -54.205610498273465 -22.777903297555341 -73.305770047905014  0.99999999999949729 -70.088341109505151 -29.452030918809346 -63.699302662770918  1.0000000000001792 -84.635207470931235 -35.564814076236281 -53.249197583294283  1.0000000000000988 -97.154151441134772 -40.825436754409068 -37.30008110558569  0.99999999999988609 -109.40232303417882 -45.972277664981895 -4.3727814241901834e-11  1.0000000000001681 -97.154151441158632 -40.8254367544167 37.300081105672596  0.9999999999998046 -84.635207470704074 -35.56481407616247 53.249197582909325  1.0000000000008742 -70.088341110067304 -29.45203091899424 63.699302663601422  0.99999999999820888 -54.205610497530444 -22.777903297308072 73.305770046840166  1.0000000000021714 -36.923894643572481 -15.515898266167055 78.128776328589481  0.99999999999839428 -19.621158805541672 -8.2450675092939907 81.518962338016948  1.0000000000006244 -2.0654270476808709 -0.86791930057030697 81.683660544659432  1 
-1.8285723965779954 -1.2744237619818701 -81.683660544659432  1 -17.371083483529667 -12.106771212996861 -81.518962338343272  0.99999999999977585 -32.689615539543816 -22.783045623745156 -78.128776327770908  1.0000000000005032 -47.98953233265442 -33.446306512837538 -73.305770047905014  0.99999999999949729 -62.050898287767751 -43.246390389706043 -63.699302662770918  1.0000000000001792 -74.929588982809264 -52.222191565651244 -53.249197583294283  1.0000000000000988 -86.012912017437415 -59.946717206246433 -37.30008110558569  0.99999999999988609 -96.856513497806617 -67.504167176361989 -4.3727814241901834e-11  1.0000000000001681 -86.012912017443469 -59.946717206248771 37.300081105672596  0.9999999999998046 -74.929588982766717 -52.222191565640543 53.249197582909325  1.0000000000008742 -62.05089828782743 -43.246390389697169 63.699302663601422  0.99999999999820888 -47.989532332647379 -33.446306512905252 73.305770046840166  1.0000000000021714 -32.689615539501212 -22.783045623655784 78.128776328589481  0.99999999999839428 -17.371083483562614 -12.106771213044349 81.518962338016948  1.0000000000006244 -1.8285723965779954 -1.2744237619818701 81.683660544659432  1 
-1.4821451560564629 -1.6260178456462522 -81.683660544659432  1 -14.0800947426067 -15.446871438475815 -81.518962338343272  0.99999999999977585 -26.496485908651692 -29.068497028407254 -78.128776327770908  1.0000000000005032 -38.897805897989578 -42.673649949145563 -73.305770047905014  0.99999999999949729 -50.295207690524101 -55.177385364624591 -63.699302662770918  1.0000000000001792 -60.734002282785838 -66.629487254469041 -53.249197583294283  1.0000000000000988 -69.717563063944198 -76.485085187435686 -37.30008110558569  0.99999999999988609 -78.506818844631283 -86.127519429036141 -4.3727814241901834e-11  1.0000000000001681 -69.717563063948987 -76.485085187449044 37.300081105672596  0.9999999999998046 -60.734002282733492 -66.629487254347723 53.249197582909325  1.0000000000008742 -50.295207690660355 -55.177385364915843 63.699302663601422  0.99999999999820888 -38.897805897805149 -42.673649948770723 73.305770046840166  1.0000000000021714 -26.4964859087852 -29.068497028679879 78.128776328589481  0.99999999999839428 -14.080094742560807 -15.446871438376883 81.518962338016948  1.0000000000006244 -1.4821451560564629 -1.6260178456462522 81.683660544659432  1 
-1.0438547983818347 -1.89770973560399 -81.683660544659432  1 -9.9164145551135761 -18.027867389528236 -81.518962338343272  0.99999999999977585 -18.661127065201963 -33.925606730905542 -78.128776327770908  1.0000000000005032 -27.395195453165236 -49.803987218924959 -73.305770047905014  0.99999999999949729 -35.422241180706152 -64.397019185717284 -63.699302662770918  1.0000000000001792 -42.774140063947549 -77.76264246531413 -53.249197583294283  1.0000000000000988 -49.101142090336261 -89.265022382551336 -37.30008110558569  0.99999999999988609 -55.291296457703822 -100.51861529043592 -4.3727814241901834e-11  1.0000000000001681 -49.101142090345839 -89.265022382560531 37.300081105672596  0.9999999999998046 -42.774140063860557 -77.762642465233924 53.249197582909325  1.0000000000008742 -35.422241180915663 -64.397019185898074 63.699302663601422  0.99999999999820888 -27.395195452893994 -49.803987218711569 73.305770046840166  1.0000000000021714 -18.661127065401121 -33.925606731043267 78.128776328589481  0.99999999999839428 -9.9164145550403617 -18.027867389485984 81.518962338016948  1.0000000000006244 -1.0438547983818347 -1.89770973560399 81.683660544659432  1 
-0.53929458538221786 -2.0694343617238733 -81.683660544659432  1 -5.1231988940711872 -19.659222409658891 -81.518962338343272  0.99999999999977585 -9.6410338676361054 -36.99554229216028 -78.128776327770908  1.0000000000005032 -14.153394548358813 -54.310776194963921 -73.305770047905014  0.99999999999949729 -18.300461179020175 -70.224330396731901 -63.699302662770918  1.0000000000001792 -22.098732081290905 -84.799417708536595 -53.249197583294283  1.0000000000000988 -25.367498734268736 -97.342652038990735 -37.30008110558569  0.99999999999988609 -28.5655657808299 -109.61458756374537 -4.3727814241901834e-11  1.0000000000001681 -25.367498734269081 -97.342652038997457 37.300081105672596  0.9999999999998046 -22.098732081296117 -84.799417708490921 53.249197582909325  1.0000000000008742 -18.300461178984055 -70.224330396801165 63.699302663601422  0.99999999999820888 -14.153394548442337 -54.310776194937013 73.305770046840166  1.0000000000021714 -9.6410338675503251 -36.995542292134857 78.128776328589481  0.99999999999839428 -5.1231988941114457 -19.659222409685569 81.518962338016948  1.0000000000006244 -0.53929458538221786 -2.0694343617238733 81.683660544659432  1 
3.2469220845321445e-07 -2.1281791193565489 -81.683660544659432  1 -5.5244869890338006e-07 -20.217305766392084 -81.518962338343272  0.99999999999977585 5.3709480089233046e-07 -38.045697794065617 -78.128776327770908  1.0000000000005032 -3.5571577594457518e-07 -55.852501821159784 -73.305770047905014  0.99999999999949729 1.627950067243431e-07 -72.217760907383337 -63.699302662770918  1.0000000000001792 -4.8130293001198226e-08 -87.206599615125697 -53.249197583294283  1.0000000000000988 7.2372635148111157e-09 -100.10589224496006 -37.30008110558569  0.99999999999988609 -7.237438213526598e-09 -112.72618887652949 -4.3727814241901834e-11  1.0000000000001681 7.2373459511957715e-09 -100.10589224496533 37.300081105672596  0.9999999999998046 -4.8131456104182884e-08 -87.206599615089232 53.249197582909325  1.0000000000008742 1.627989707168426e-07 -72.217760907440947 63.699302663601422  0.99999999999820888 -3.5572275980802349e-07 -55.852501821131419 73.305770046840166  1.0000000000021714 5.3710112344150254e-07 -38.04569779404752 78.128776328589481  0.99999999999839428 -5.5245149634140248e-07 -20.217305766415169 81.518962338016948  1.0000000000006244 3.2469220845321445e-07 -2.1281791193565489 81.683660544659432  1 
0.53929482636718373 -2.0694342824670766 -81.683660544659432  1 5.1231996443869665 -19.659215691669047 -81.518962338343272  0.99999999999977585 9.6410328358406279 -36.995550609150165 -78.128776327770908  1.0000000000005032 14.153395312586696 -54.310770208862422 -73.305770047905014  0.99999999999949729 18.300460811889263 -70.224333238962402 -63.699302662770918  1.0000000000001792 22.098732192358142 -84.799416853388067 -53.249197583294283  1.0000000000000988 25.367498717394874 -97.342652168550487 -37.30008110558569  0.99999999999988609 28.565565797701261 -109.61458743418538 -4.3727814241901834e-11  1.0000000000001681 25.367498717398828 -97.342652168557862 37.300081105672596  0.9999999999998046 22.0987321923295 -84.799416853324487 53.249197582909325  1.0000000000008742 18.300460811937587 -70.224333239105789 63.699302663601422  0.99999999999820888 14.153395312557175 -54.310770208691686 73.305770046840166  1.0000000000021714 9.6410328358431929 -36.995550609256561 78.128776328589481  0.99999999999839428 5.1231996443919892 -19.659215691639492 81.518962338016948  1.0000000000006244 0.53929482636718373 -2.0694342824670766 81.683660544659432  1 
1.0438540911744409 -1.8977097183881841 -81.683660544659432  1 9.9164121448904989 -18.027865930209074 -81.518962338343272  0.99999999999977585 18.661130350206768 -33.925608537675728 -78.128776327770908  1.0000000000005032 27.395193025351848 -49.803985918342434 -73.305770047905014  0.99999999999949729 35.42224234616031 -64.397019803452594 -63.699302662770918  1.0000000000001792 42.774139711412403 -77.762642279291683 -53.249197583294283  1.0000000000000988 49.101142143910685 -89.265022410802544 -37.30008110558569  0.99999999999988609 55.291296404130421 -100.51861526218707 -4.3727814241901834e-11  1.0000000000001681 49.101142143918445 -89.265022410810857 37.300081105672596  0.9999999999998046 42.774139711341356 -77.76264227922286 53.249197582909325  1.0000000000008742 35.422242346331245 -64.39701980359672 63.699302663601422  0.99999999999820888 27.395193025132237 -49.803985918191202 73.305770046840166  1.0000000000021714 18.661130350365351 -33.925608537760311 78.128776328589481  0.99999999999839428 9.9164121448340428 -18.027865930188199 81.518962338016948  1.0000000000006244 1.0438540911744409 -1.8977097183881841 81.683660544659432  1 
1.4821446339119186 -1.6260180351404876 -81.683660544659432  1 14.080100327587118 -15.446887500596729 -81.518962338343272  0.99999999999977585 26.496479254831762 -29.068477142994038 -78.128776327770908  1.0000000000005032 38.897810632554148 -42.673664261901209 -73.305770047905014  0.99999999999949729 50.29520545307134 -55.177378568419634 -63.699302662770918  1.0000000000001792 60.734002954644559 -66.629489299603406 -53.249197583294283  1.0000000000000988 69.717562962188893 -76.485084877439419 -37.30008110558569  0.99999999999988609 78.506818946381046 -86.12751973903805 -4.3727814241901834e-11  1.0000000000001681 69.717562962202834 -76.485084877438666 37.300081105672596  0.9999999999998046 60.734002954512285 -66.629489299624339 53.249197582909325  1.0000000000008742 50.295205453398374 -55.177378568332479 63.699302663601422  0.99999999999820888 38.897810632122223 -42.673664262069856 73.305770046840166  1.0000000000021714 26.496479255155204 -29.068477142825081 78.128776328589481  0.99999999999839428 14.080100327465543 -15.446887500677642 81.518962338016948  1.0000000000006244 1.4821446339119186 -1.6260180351404876 81.683660544659432  1 
1.8285736130280519 -1.2744235482238375 -81.683660544659432  1 17.371078448234236 -12.10675309439096 -81.518962338343272  0.99999999999977585 32.689621207510129 -22.783068054871855 -78.128776327770908  1.0000000000005032 47.989528372182633 -33.446290368151821 -73.305770047905014  0.99999999999949729 62.050900144655515 -43.246398055414801 -63.699302662770918  1.0000000000001792 74.929588427386491 -52.22218925908809 -53.249197583294283  1.0000000000000988 86.012912101396296 -59.946717555785781 -37.30008110558569  0.99999999999988609 96.856513413846287 -67.504166826820111 -4.3727814241901834e-11  1.0000000000001681 86.012912101409768 -59.946717555794649 37.300081105672596  0.9999999999998046 74.929588427278148 -52.222189259000416 53.249197582909325  1.0000000000008742 62.050900144878128 -43.246398055637115 63.699302663601422  0.99999999999820888 47.98952837195462 -33.446290367851759 73.305770046840166  1.0000000000021714 32.689621207644109 -22.783068055095661 78.128776328589481  0.99999999999839428 17.371078448193597 -12.10675309431014 81.518962338016948  1.0000000000006244 1.8285736130280519 -1.2744235482238375 81.683660544659432  1 
2.0654263957792276 -0.86791938639736077 -81.683660544659432  1 19.621160563554966 -8.2450747841969267 -81.518962338343272  0.99999999999977585 36.923892765159515 -15.515889259721211 -78.128776327770908  1.0000000000005032 54.205611787063987 -22.777909779619296 -73.305770047905014  0.99999999999949729 70.088340510044191 -29.45202784120309 -63.699302662770918  1.0000000000001792 84.63520764955021 -35.56481500215672 -53.249197583294283  1.0000000000000988 97.154151414180276 -40.825436614139285 -37.30008110558569  0.99999999999988609 109.40232306113714 -45.972277805256894 -4.3727814241901834e-11  1.0000000000001681 97.154151414199205 -40.825436614144884 37.300081105672596  0.9999999999998046 84.635207649378998 -35.56481500211337 53.249197582909325  1.0000000000008742 70.088340510452653 -29.452027841289159 63.699302663601422  0.99999999999820888 54.205611786543734 -22.777909779534863 73.305770046840166  1.0000000000021714 36.923892765533104 -15.515889259769807 78.128776328589481  0.99999999999839428 19.621160563423981 -8.2450747841804528 81.518962338016948  1.0000000000006244 2.0654263957792276 -0.86791938639736077 81.683660544659432  1 
2.183854402912023 -0.43395965315210622 -81.683660544659432  1 20.746195670210408 -4.1225330156343274 -81.518962338343272  0.99999999999977585 39.041035477746142 -7.7579504346880732 -78.128776327770908  1.0000000000005032 57.313649068551094 -11.388951222174592 -73.305770047905014  0.99999999999949729 74.107063248105916 -14.726016267370833 -63.699302662770918  1.0000000000001792 89.488017030661538 -17.782407462877575 -53.249197583294283  1.0000000000000988 102.72477166137699 -20.412719007627523 -37.30008110558569  0.99999999999988609 115.67522833860899 -22.986139506961901 -4.3727814241901834e-11  1.0000000000001681 102.72477166140411 -20.412719007630201 37.300081105672596  0.9999999999998046 89.48801703041616 -17.782407462852117 53.249197582909325  1.0000000000008742 74.10706324868822 -14.726016267432398 63.699302663601422  0.99999999999820888 57.313649067815817 -11.38895122209647 73.305770046840166  1.0000000000021714 39.041035478286943 -7.7579504347414261 78.128776328589481  0.99999999999839428 20.746195670005385 -4.12253301561831 81.518962338016948  1.0000000000006244 2.183854402912023 -0.43395965315210622 81.683660544659432  1 
2.18385440291198 -1.5861392400710946e-15 -81.683660544659432  1 20.746195670289126 1.5234117768498766e-12 -81.518962338343272  0.99999999999977585 39.04103547751297 -3.9242163050415199e-12 -78.128776327770908  1.0000000000005032 57.313649068893831 5.3874474487614345e-12 -73.305770047905014  0.99999999999949729 74.107063247798692 -4.5324913588782642e-12 -63.699302662770918  1.0000000000001792 89.48801703083069 2.1244526842930145e-12 -53.249197583294283  1.0000000000000988 102.72477166132303 -4.8914978271173423e-13 -37.30008110558569  0.99999999999988609 115.67522833867058 4.8028999977986955e-13 -4.3727814241901834e-11  1.0000000000001681 102.72477166133562 -4.9488877239891847e-13 37.300081105672596  0.9999999999998046 89.488017030720442 2.205274714151924e-12 53.249197582909325  1.0000000000008742 74.10706324804714 -4.8069787005625804e-12 63.699302663601422  0.99999999999820888 57.313649068602778 5.8670837228724485e-12 73.305770046840166  1.0000000000021714 39.041035477703772 -4.3484678942588334e-12 78.128776328589481  0.99999999999839428 20.746195670227916 1.7007789770786636e-12 81.518962338016948  1.0000000000006244 2.18385440291198 -1.5861392400710946e-15 81.683660544659432  1 

0 15
0.5 13
1 15

0 9
0.50000000000000011 6
1 9

2 0 0 0 0 0 1 1 0 -0 -0 1 0 2.25
1 0 0 9 0 0 1 1 0 -0 -0 1 0 
1 0 20 0 -0 1 0 0 0 1 1 0 -0 
2 0 0 0 0 0 1 1 0 -0 -0 1 0 2.25
1 47.399999999999999 -125 -28.399999999999999 1 0 -0 0 0 1 0 -1 0 
10 4.7123889803844499 10.995574287564036 -2e+100 2e+100
2 45.199999999999996 -84.5 -2.4424906541753446e-16 1 0 2.2204460492503131e-16 2.2204460492503131e-16 0 -1 0 1 0 3.1000000000000001
2 0 0 0 0 0 1 1 0 -0 -0 1 0 3.1000000000000001
1 0 0 0 0 0 1 1 0 -0 -0 1 0 
Triangulations 0

TShapes 184
Ve
5.000001e-06
-63.4 -72.2614553811113 -28.4
0 0

0101101
*
Ve
5.000001e-06
-63.4 -72.2614553811124 28.4
0 0

0101101
*
Ed
 5e-06 1 1 0
1  1 0 0 1
2  1 1 0 0 1
2  2 2 3 0 1
0

0101000
+184 0 -183 0 *
Ve
5.000001e-06
47.4 -81.329585088145 28.4
0 0

0101101
*
Ed
 5e-06 1 1 0
1  2 0 0 1
2  3 1 0 0 1
2  4 3 3 0 1
0

0101000
+181 0 -183 0 *
Ve
5.000001e-06
47.4 -81.3295850881439 -28.4
0 0

0101101
*
Ed
 5e-06 1 1 0
1  3 0 0 1
2  5 1 0 0 1
2  6 4 3 0 1
0

0101000
+179 0 -181 0 *
Ed
 5e-06 1 1 0
1  4 0 0 1
2  7 1 0 0 1
2  8 5 3 0 1
0

0101000
+179 0 -184 0 *
Wi

0101100
-182 0 +180 0 +178 0 -177 0 *
Fa
0  1e-07 1 0

0101000
+176 0 *
Ve
5.000001e-06
-63.4 -69.0442501757399 -28.4
0 0

0101101
*
Ed
 1e-07 1 1 0
1  5 0 52.7385446188887 55.9557498242601
2  9 2 0 52.7385446188887 55.9557498242601
2  10 5 0 52.7385446188887 55.9557498242601
0

0101000
+184 4 -174 4 *
Ve
5.000001e-06
47.4 -78.4342894274597 -28.4
0 0

0101101
*
Ed
 5e-06 1 1 0
1  6 0 0 1
2  11 6 0 0 1
2  12 5 3 0 1
0

0101000
+172 0 -174 0 *
Ed
 1e-07 1 1 0
1  7 0 43.6704149118561 46.5657105725403
2  13 4 0 43.6704149118561 46.5657105725403
2  14 5 0 43.6704149118561 46.5657105725403
0

0101000
+179 4 -172 4 *
Wi

0101100
-173 3 +171 0 +170 3 -177 0 *
Fa
0  1e-07 5 3

0101000
+169 0 *
Ve
5.000001e-06
-63.4 -69.0442501757422 28.4
0 0

0101101
*
Ed
 5e-06 1 1 0
1  8 0 0 1
2  15 6 0 0 1
2  16 2 3 0 1
0

0101000
+174 0 -167 0 *
Ve
5.00023309947684e-06
-40 -81.5914010324995 28.4
0 0

0101101
*
Ed
 5e-06 1 1 0
1  9 0 0.771379609911148 1
2  17 6 0 0.771379609911148 1
2  18 3 3 0.771379609911148 1
0

0101000
+165 0 -167 0 *
Ve
5.000001e-06
-40 -85.1946563973746 19.5
0 0

0101101
*
Ed
 5e-06 1 1 0
1  10 0 0 0.999927410103876
2  19 6 0 0 0.999927410103876
2  20 7 7 0 0.999927410103876
0

0101000
+163 0 -165 0 *
Ve
5.000001e-06
-30 -88.3455548573527 19.5
0 0

0101101
*
Ed
 5e-06 1 1 0
1  11 0 0 1
2  21 6 0 0 1
2  22 8 7 0 1
0

0101000
+161 0 -163 0 *
Ve
5.00008193807638e-06
-30 -84.876170431817 28.4
0 0

0101101
*
Ed
 5e-06 1 1 0
1  12 0 0 0.999927569442628
2  23 6 0 0 0.999927569442628
2  24 9 7 0 0.999927569442628
0

0101000
+161 0 -159 0 *
Ve
5.0000312442439e-06
15 -87.9274874313686 28.4
0 0

0101101
*
Ed
 5e-06 1 1 0
1  9 0 0.291060588080358 0.680962449170031
2  17 6 0 0.291060588080358 0.680962449170031
2  18 3 3 0.291060588080358 0.680962449170031
0

0101000
+157 0 -159 0 *
Ve
5.000001e-06
15 -91.2809717390602 19.5
0 0

0101101
*
Ed
 5e-06 1 1 0
1  13 0 0 0.999927702738865
2  25 6 0 0 0.999927702738865
2  26 10 10 0 0.999927702738865
0

0101000
+155 0 -157 0 *
Ve
5.000001e-06
25 -89.5530810603469 19.5
0 0

0101101
*
Ed
 5e-06 1 1 0
1  14 0 0 1
2  27 6 0 0 1
2  28 11 10 0 1
0

0101000
+153 0 -155 0 *
Ve
5.00011358046973e-06
25 -86.1323491591868 28.4
0 0

0101101
*
Ed
 5e-06 1 1 0
1  15 0 0 0.999927625913672
2  29 6 0 0 0.999927625913672
2  30 12 10 0 0.999927625913672
0

0101000
+153 0 -151 0 *
Ve
5.000001e-06
47.4 -78.4342894274619 28.4
0 0

0101101
*
Ed
 5e-06 1 1 0
1  9 0 0 0.203789865033664
2  17 6 0 0 0.203789865033664
2  18 3 3 0 0.203789865033664
0

0101000
+149 0 -151 0 *
Ve
5.000001e-06
47.4 -85.0781264159277 5.99999999999915
0 0

0101101
*
Ed
 5e-06 1 1 0
1  16 0 0.601824399496066 1
2  31 6 0 0.601824399496066 1
2  32 4 3 0.601824399496066 1
0

0101000
+147 0 -149 0 *
Ve
5.000001e-06
35.4 -89.5234154034377 6
0 0

0101101
*
Ed
 5e-06 1 1 0
1  17 0 0 1
2  33 6 0 0 1
2  34 13 13 0 1
0

0101000
+147 0 -145 0 *
Ve
5.000001e-06
35.4 -89.5234154034401 -6
0 0

0101101
*
Ed
 5e-06 1 1 0
1  18 0 0 1
2  35 6 0 0 1
2  36 14 13 0 1
0

0101000
+143 0 -145 0 *
Ve
5.00000122346577e-06
47.4 -85.0781264389167 -5.99999999999878
0 0

0101101
*
Ed
 5e-06 1 1 0
1  19 0 0 1
2  37 6 0 0 1
2  38 15 13 0 1
0

0101000
+141 0 -143 0 *
Ed
 5e-06 1 1 0
1  16 0 0 0.39817560237921
2  31 6 0 0 0.39817560237921
2  32 4 3 0 0.39817560237921
0

0101000
+172 0 -141 0 *
Wi

0101100
-166 0 +164 0 +162 0 +160 0 -158 0 +156 0 +154 0 +152 0 -150 0 +148 0 
+146 0 -144 0 +142 0 +140 0 +139 0 -171 0 *
Fa
0  1e-07 6 0

0101000
+138 0 *
Ve
1e-07
0 20 0
0 0

0101101
*
Ed
 1e-07 1 1 0
1  20 0 4.97658459655987 20
2  39 14 0 4.97658459655987 20
2  40 15 0 4.97658459655987 20
0

0101000
+143 14 -136 0 *
Ve
1e-07
12 20 0
0 0

0101101
*
Ed
 1e-07 1 1 0
1  21 0 0 12
2  41 16 0 0 12
2  42 15 0 0 12
0

0101000
-134 0 +136 0 *
Ed
 1e-07 1 1 0
1  22 0 9.42187356108327 20
2  43 17 0 9.42187356108327 20
2  44 15 0 9.42187356108327 20
0

0101000
+141 14 -134 0 *
Wi

0101100
-135 13 -133 13 +132 13 -140 0 *
Fa
0  1e-07 15 13

0101000
+131 0 *
Ve
1e-07
12 20 12
0 0

0101101
*
Ed
 1e-07 1 1 0
1  23 0 0 12
2  45 17 0 0 12
2  46 16 0 0 12
0

0101000
-129 0 +134 0 *
Ve
1e-07
0 20 12
0 0

0101101
*
Ed
 1e-07 1 1 0
1  24 0 0 12
2  47 16 0 0 12
2  48 13 0 0 12
0

0101000
-129 0 +127 0 *
Ed
 1e-07 1 1 0
1  25 0 0 12
2  49 14 0 0 12
2  50 16 0 0 12
0

0101000
-127 0 +136 0 *
Wi

0101100
-133 0 -128 0 +126 0 +125 0 *
Fa
0  1e-07 16 0

0111000
+124 0 *
Ed
 1e-07 1 1 0
1  26 0 4.97658459656228 20
2  51 14 0 4.97658459656228 20
2  52 13 0 4.97658459656228 20
0

0101000
+145 14 -127 0 *
Wi

0101100
-122 13 +125 13 +135 13 -142 0 *
Fa
0  1e-07 14 13

0101000
+121 0 *
Ed
 1e-07 1 1 0
1  27 0 9.42187358407227 20
2  53 17 0 9.42187358407227 20
2  54 13 0 9.42187358407227 20
0

0101000
+147 14 -129 0 *
Wi

0101100
-122 13 -126 13 +119 13 -144 0 *
Fa
0  1e-07 13 13

0101000
+118 0 *
Ve
5.000001e-06
25 -87.8795652799703 28.5
0 0

0101101
*
Ve
1e-07
10 20 9
0 0

0101101
*
Ed
 1e-07 1 1 0
1  28 0 6.62043472002975 20
2  55 12 0 6.62043472002975 20
2  56 18 0 6.62043472002975 20
0

0101000
+116 15 -115 0 *
Ve
1e-07
10 20 0
0 0

0101101
*
Ed
 1e-07 1 1 0
1  29 0 0 9
2  57 12 0 0 9
2  58 19 0 0 9
0

0101000
-115 0 +113 0 *
Ed
 1e-07 1 1 0
1  30 0 4.94691893965313 20
2  59 12 0 4.94691893965313 20
2  60 11 0 4.94691893965313 20
0

0101000
+153 15 -113 0 *
Ve
5.00037226427034e-06
25 -87.9249026783447 28.4
0 0

0101101
*
Ed
 6e-07 1 1 0
1  31 0 21.8250973216553 23.6176508408132
2  61 3 3 21.8250973216553 23.6176508408132
2  62 12 10 21.8250973216553 23.6176508408132
0

0101000
+110 0 -151 0 *
Ed
 5e-06 1 1 0
1  32 0 0.988587305109391 1
2  63 12 10 0.988587305109391 1
2  64 20 0 0.988587305109391 1
0

0101000
+110 0 -116 0 *
Wi

0101100
-114 10 +112 10 +111 10 -150 0 +109 0 -108 0 *
Fa
0  1e-07 12 10

0101000
+107 0 *
Ve
5.00084693892737e-06
15 -89.6908839525948 28.4
0 0

0101101
*
Ve
5.000001e-06
15 -89.6464396783116 28.5
0 0

0101101
*
Ed
 5e-06 1 1 0
1  33 0 0.988598482424384 1
2  65 10 10 0.988598482424384 1
2  66 20 0 0.988598482424384 1
0

0101000
+105 0 -104 0 *
Ed
 5e-06 1 1 0
1  34 0 0 1
2  67 18 10 0 1
2  68 20 0 0 1
0

0101000
+116 0 -104 0 *
Ed
 5e-06 1 1 0
1  35 0 0.00130532165449927 0.951124372874356
2  69 3 3 0.00130532165449927 0.951124372874356
2  70 20 0 0.00130532165449927 0.951124372874356
0

0101000
+110 0 -105 0 *
Wi

0101100
-103 0 +102 0 +108 0 -101 0 *
Fa
0  1e-07 20 0

0101000
+100 0 *
Ve
1e-07
0 20 0
0 0

0101101
*
Ed
 1e-07 1 1 0
1  36 0 0 10
2  71 19 0 0 10
2  72 11 0 0 10
0

0101000
-113 0 +98 0 *
Ve
1e-07
0 20 9
0 0

0101101
*
Ed
 1e-07 1 1 0
1  37 0 0 9
2  73 10 0 0 9
2  74 19 0 0 9
0

0101000
-96 0 +98 0 *
Ed
 1e-07 1 1 0
1  38 0 0 10
2  75 19 0 0 10
2  76 18 0 0 10
0

0101000
-115 0 +96 0 *
Wi

0101100
-97 10 -112 10 +95 10 +94 10 *
Ve
1e-07
22.25 -74.5 24
0 0

0101101
*
Ed
 1e-07 1 1 0
1  39 0 0 6.28318530717959
2  77 19 10 0 6.28318530717959
2  78 21 19 0 6.28318530717959
0

0101100
+92 0 -92 0 *
Wi

0101100
+91 0 *
Fa
0  1e-07 19 10

0101000
+93 0 +90 0 *
Ve
5.000001e-06
22.25 -88.5735517855268 24
0 0

0101101
*
Ed
 1e-07 1 1 0
1  40 0 0 2.16265833716703
2  79 21 19 0 2.16265833716703
2  80 6 0 0 2.16265833716703
0

0101100
+88 0 -88 0 *
Ed
 1e-07 1 1 0
1  41 0 4 18.0735517855268
3  81 82CN 21 0 4 18.0735517855268
0

0101000
+92 20 -88 20 *
Wi

0101100
-87 0 -86 19 +91 0 +86 19 *
Fa
0  1e-07 21 19

0111000
+85 0 *
Wi

0101100
+87 0 *
Fa
0  1e-07 6 0

0111000
+83 0 *
Ed
 1e-07 1 1 0
1  42 0 4.85356032168842 20
2  83 10 0 4.85356032168842 20
2  84 18 0 4.85356032168842 20
0

0101000
+104 15 -96 0 *
Wi

0101100
-81 10 -94 10 +114 10 -102 0 *
Fa
0  1e-07 18 10

0101000
+80 0 *
Ed
 1e-07 1 1 0
1  43 0 3.21902826093984 20
2  85 10 0 3.21902826093984 20
2  86 11 0 3.21902826093984 20
0

0101000
+155 15 -98 0 *
Wi

0101100
-78 10 -97 10 +111 10 -152 0 *
Fa
0  1e-07 11 10

0101000
+77 0 *
Ed
 6e-07 1 1 0
1  44 0 20.0591160474052 21.8225125686314
2  87 3 3 20.0591160474052 21.8225125686314
2  88 10 10 20.0591160474052 21.8225125686314
0

0101000
+105 0 -157 0 *
Wi

0101100
-81 10 +95 10 +78 10 -154 0 +75 0 -103 0 *
Fa
0  1e-07 10 10

0101000
+74 0 *
Ve
5.000001e-06
-30 -86.6439410035471 28.5
0 0

0101101
*
Ve
1e-07
10 20 9
0 0

0101101
*
Ed
 1e-07 1 1 0
1  45 0 7.85605899645293 20
2  89 9 0 7.85605899645293 20
2  90 22 0 7.85605899645293 20
0

0101000
+72 21 -71 0 *
Ve
1e-07
10 20 0
0 0

0101101
*
Ed
 1e-07 1 1 0
1  46 0 0 9
2  91 9 0 0 9
2  92 23 0 0 9
0

0101000
-71 0 +69 0 *
Ed
 1e-07 1 1 0
1  47 0 6.15444514264732 20
2  93 9 0 6.15444514264732 20
2  94 8 0 6.15444514264732 20
0

0101000
+161 21 -69 0 *
Ve
5.00391200097303e-06
-30 -86.6899246154119 28.4
0 0

0101101
*
Ed
 6e-07 1 1 0
1  48 0 23.0600753845881 24.873829568183
2  95 3 3 23.0600753845881 24.873829568183
2  96 9 7 23.0600753845881 24.873829568183
0

0101000
+66 0 -159 0 *
Ed
 5e-06 1 1 0
1  49 0 0 0.0114208942905744
2  97 9 7 0 0.0114208942905744
2  98 20 0 0 0.0114208942905744
0

0101000
+72 0 -66 0 *
Wi

0101100
-70 7 +68 7 +67 7 -158 0 +65 0 +64 0 *
Fa
0  1e-07 9 7

0101000
+63 0 *
Ve
5.00030262345553e-06
-40 -83.4639278798291 28.4
0 0

0101101
*
Ed
 5e-06 1 1 0
1  50 0 0.0923184468425922 0.998082789194925
2  99 3 3 0.0923184468425922 0.998082789194925
2  100 20 0 0.0923184468425922 0.998082789194925
0

0101000
+66 0 -61 0 *
Ve
5.000001e-06
-40 -83.4161659386833 28.5
0 0

0101101
*
Ed
 5e-06 1 1 0
1  51 0 0 0.0114439381477667
2  101 7 7 0 0.0114439381477667
2  102 20 0 0 0.0114439381477667
0

0101000
+59 0 -61 0 *
Ed
 5e-06 1 1 0
1  52 0 0 1
2  103 22 7 0 1
2  104 20 0 0 1
0

0101000
+72 0 -59 0 *
Wi

0101100
-64 0 -60 0 +58 0 +57 0 *
Fa
0  1e-07 20 0

0101000
+56 0 *
Ve
1e-07
0 20 0
0 0

0101101
*
Ed
 1e-07 1 1 0
1  53 0 0 10
2  105 23 0 0 10
2  106 8 0 0 10
0

0101000
-69 0 +54 0 *
Ve
1e-07
0 20 9
0 0

0101101
*
Ed
 1e-07 1 1 0
1  54 0 0 9
2  107 7 0 0 9
2  108 23 0 0 9
0

0101000
-52 0 +54 0 *
Ed
 1e-07 1 1 0
1  55 0 0 10
2  109 23 0 0 10
2  110 22 0 0 10
0

0101000
-71 0 +52 0 *
Wi

0101100
-53 7 -68 7 +51 7 +50 7 *
Ve
1e-07
-32.75 -74.5 24
0 0

0101101
*
Ed
 1e-07 1 1 0
1  56 0 0 6.28318530717959
2  111 23 7 0 6.28318530717959
2  112 24 25 0 6.28318530717959
0

0101100
+48 0 -48 0 *
Wi

0101100
+47 0 *
Fa
0  1e-07 23 7

0101000
+49 0 +46 0 *
Ve
5.000001e-06
-32.75 -85.9892889875469 24
0 0

0101101
*
Ed
 1e-07 1 1 0
1  57 0 0 1.27265150591737
2  113 24 25 0 1.27265150591737
2  114 6 0 0 1.27265150591737
0

0101100
+44 0 -44 0 *
Ed
 1e-07 1 1 0
1  58 0 4 15.4892889875469
3  115 116CN 24 0 4 15.4892889875469
0

0101000
+48 26 -44 26 *
Wi

0101100
-43 0 -42 25 +47 0 +42 25 *
Fa
0  1e-07 24 25

0111000
+41 0 *
Wi

0101100
+43 0 *
Fa
0  1e-07 6 0

0111000
+39 0 *
Ed
 1e-07 1 1 0
1  59 0 11.0838340613167 20
2  117 7 0 11.0838340613167 20
2  118 22 0 11.0838340613167 20
0

0101000
+59 21 -52 0 *
Wi

0101100
-37 7 -50 7 +70 7 -57 0 *
Fa
0  1e-07 22 7

0101000
+36 0 *
Ed
 1e-07 1 1 0
1  60 0 9.30534360262538 20
2  119 7 0 9.30534360262538 20
2  120 8 0 9.30534360262538 20
0

0101000
+163 21 -54 0 *
Wi

0101100
-34 7 -53 7 +67 7 -160 0 *
Fa
0  1e-07 8 7

0101000
+33 0 *
Ed
 6e-07 1 1 0
1  61 0 26.2860721201709 28.1585989675005
2  121 3 3 26.2860721201709 28.1585989675005
2  122 7 7 26.2860721201709 28.1585989675005
0

0101000
+61 0 -165 0 *
Wi

0101100
-37 7 +51 7 +34 7 -162 0 +31 0 +58 0 *
Fa
0  1e-07 7 7

0101000
+30 0 *
Ed
 1e-07 1 1 0
1  62 0 43.670414911855 46.5657105725381
2  123 4 0 43.670414911855 46.5657105725381
2  124 3 0 43.670414911855 46.5657105725381
0

0101000
+181 4 -149 4 *
Wi

0101100
-28 3 -178 0 +170 3 +139 0 +132 13 +128 13 -119 13 +146 0 *
Ve
5.00000121787094e-06
47.4 -85.3014681844279 -2.99460327077598
0 0

0101101
*
Ve
5.000001e-06
47.4 -85.3014681503088 2.99460327990978
0 0

0101101
*
Ed
 5e-06 1 1 0
1  16 0 0.449241787312295 0.550758225074017
2  31 6 0 0.449241787312295 0.550758225074017
2  32 4 3 0.449241787312295 0.550758225074017
0

0101000
+26 0 -25 0 *
Ed
 1e-07 1 1 0
1  63 0 0 3.66460977861509
2  125 26 0 0 3.66460977861509
0

0101000
+25 0 -26 0 *
Wi

0101100
+24 0 +23 0 *
Fa
0  0 25 0

0111000
+27 0 +22 0 *
Ve
5.000001e-06
45.2 -86.2489146661128 2.55955025163708
0 0

0101101
*
Ve
5.000001e-06
45.2 -86.2489146661141 -2.55955025163623
0 0

0101101
*
Ed
 1e-07 1 1 0
1  64 0 0 4.34043831579557
2  126 26 0 0 4.34043831579557
0

0101000
+20 0 -19 0 *
Ed
 5e-06 1 1 0
1  65 0 1.0998274512225e-06 1
2  127 6 0 1.0998274512225e-06 1
2  128 27 30 1.0998274512225e-06 1
2  129 26 0 1.0998274512225e-06 1
0

0101000
+20 0 -25 0 *
Ed
 5e-06 1 1 0
1  66 0 0 0.999998900172546
2  130 6 0 0 0.999998900172546
2  131 27 30 0 0.999998900172546
2  132 26 0 0 0.999998900172546
0

0101000
+26 0 -19 0 *
Wi

0101100
-18 0 +17 0 +23 0 +16 0 *
Fa
0  0 26 0

0111000
+15 0 *
Ed
 5e-06 1 1 0
1  67 0 0.0872252713016963 0.912774728663846
2  133 6 0 0.0872252713016963 0.912774728663846
2  134 28 30 0.0872252713016963 0.912774728663846
0

0101000
+19 0 -20 0 *
Wi

0101100
-13 0 -18 0 *
Fa
0  1e-07 28 30

0111000
+12 0 *
Wi

0101100
-16 0 -13 0 -17 0 +24 0 *
Fa
0  1e-07 6 0

0101000
+10 0 *
Ed
 1e-07 1 1 0
1  68 0 52.7385446188876 55.9557498242578
2  135 2 0 52.7385446188876 55.9557498242578
2  136 3 0 52.7385446188876 55.9557498242578
0

0101000
+183 4 -167 4 *
Wi

0101100
-8 3 +164 0 +31 0 +60 0 -65 0 +156 0 +75 0 +101 0 -109 0 +148 0 
+28 3 -180 0 *
Fa
0  1e-07 3 3

0101000
+7 0 *
Wi

0101100
-8 3 +166 0 +173 3 -182 0 *
Fa
0  1e-07 2 3

0101000
+5 0 *
Sh

0101100
+175 0 -168 0 -137 0 -130 0 +123 13 -120 0 +117 0 +106 0 +99 0 +89 0 
-84 0 -82 0 +79 0 -76 0 -73 0 +62 0 +55 0 +45 0 -40 0 -38 0 
+35 0 -32 0 -29 0 +21 0 -14 0 +11 0 -9 0 +6 0 -4 0 *
So

0100000
+3 0 *
Co

1100000
+2 0 *

+1 0 