part_id,scene_part_id,rigid_body,rigid_body_status,scene_group,role,role_status,scene_display_material,material,material_status,density_kg_m3,density_status,mass_kg,mass_basis,mass_status,step_path,stl_path,npz_path,geometry_hash_status,manufacturing_released,manufacturing_status,sku,sku_source,sku_status,unit_usd_public_reference,price_status,quantity,quantity_status,process,process_status,load_basis,load_basis_status,cad_manifest,notes
battery_service,,torso,sourced,,,unresolved,,,unresolved,,unresolved,0.4,CNHL 220406BK 6S 2200mAh catalog 372g plus 28g retention/lead allocation; total400g; supplier tolerance and lead layout remain; same-version installation allocation and box inertia,ledger_item,,,,unresolved,,allocation_not_a_selected_part,CNHL 220406BK,mass_basis,sourced,,unresolved,,unresolved,,unresolved,,unresolved,,
beak_input_bush_candidate,,beak_coupler_link,sourced,beak_native_linkage,native_candidate_attachment_unreleased,sourced_scene,graphite,,unresolved,1410,sourced_cad,8.925536633692774e-05,native density estimate; same-version native mechanical candidate; installation-envelope inertia remains approximate,ledger_item,cad/exports/beak_native_linkage/beak_input_bush_candidate.step,cad/exports/beak_native_linkage/beak_input_bush_candidate.stl,cad/source/beak_native_linkage/beak_input_bush_candidate_quad.npz,verified,false,unreleased,,,unresolved,,unresolved,,unresolved,,unresolved,,unresolved,robots/Goose_V0.1/cad/exports/beak_native_linkage/manifest.json,"igusGFM0506-05 nominal5/6/5mm family;0.5mm flange here is explicit installation candidate,not a verified supplier dimension."
beak_input_button_screw,,beak_input_rotor,sourced,beak_native_linkage,native_candidate_attachment_unreleased,sourced_scene,titanium,,unresolved,7850,sourced_cad,0.0017699066992682333,native density estimate; same-version native mechanical candidate; installation-envelope inertia remains approximate,ledger_item,cad/exports/beak_native_linkage/beak_input_button_screw.step,cad/exports/beak_native_linkage/beak_input_button_screw.stl,cad/source/beak_native_linkage/beak_input_button_screw_quad.npz,verified,false,unreleased,,,unresolved,,unresolved,,unresolved,,unresolved,,unresolved,robots/Goose_V0.1/cad/exports/beak_native_linkage/manifest.json,ISO7380-1 M4x10 property10.9 dimension envelope;driver socket/thread helices omitted. | HeadY37.75..39.95;thread engagements4.5mm input/output require preload/thread-pullout proof.
beak_input_steel_sleeve,,beak_input_rotor,sourced,beak_native_linkage,native_candidate_attachment_unreleased,sourced_scene,titanium,,unresolved,7850,sourced_cad,0.00025247213011033516,native density estimate; same-version native mechanical candidate; installation-envelope inertia remains approximate,ledger_item,cad/exports/beak_native_linkage/beak_input_steel_sleeve.step,cad/exports/beak_native_linkage/beak_input_steel_sleeve.stl,cad/source/beak_native_linkage/beak_input_steel_sleeve_quad.npz,verified,false,unreleased,,,unresolved,,unresolved,,unresolved,,unresolved,,unresolved,robots/Goose_V0.1/cad/exports/beak_native_linkage/manifest.json,"Own steel sleeve5OD/4.1ID/5long; bolt clamps sleeve,plastic bush rotates outside. | C45/strength/finish and wear tolerance still require release."
beak_input_washer,,beak_input_rotor,sourced,beak_native_linkage,native_candidate_attachment_unreleased,sourced_scene,titanium,,unresolved,7850,sourced_cad,0.0001454720368730984,native density estimate; same-version native mechanical candidate; installation-envelope inertia remains approximate,ledger_item,cad/exports/beak_native_linkage/beak_input_washer.step,cad/exports/beak_native_linkage/beak_input_washer.stl,cad/source/beak_native_linkage/beak_input_washer_quad.npz,verified,false,unreleased,,,unresolved,,unresolved,,unresolved,,unresolved,,unresolved,robots/Goose_V0.1/cad/exports/beak_native_linkage/manifest.json,"M4washer8OD/4.1ID/.5thick candidate,exact commoditySKU pending."
beak_motor_catalog_case,,head_roll,sourced,head_load_path,native_candidate_attachment_unreleased,sourced_scene,graphite,,unresolved,2748.4721006743252,sourced_cad,0.34900000000000003,catalog mass; installation-envelope inertia; same-version native mechanical candidate; installation-envelope inertia remains approximate,ledger_item,cad/exports/head_load_path/beak_motor_catalog_case.step,cad/exports/head_load_path/beak_motor_catalog_case.stl,cad/source/head_load_path/beak_motor_catalog_case_quad.npz,verified,false,unreleased,,,unresolved,,unresolved,,unresolved,,unresolved,,unresolved,robots/Goose_V0.1/cad/exports/head_load_path/manifest.json,"AK45-36 nominal stator envelope excluding output rotation protrusions; output faceY26.25,front stator faceY25.25,rearY-28.25."
beak_native_coupler,,beak_coupler_link,sourced,beak_native_linkage,native_candidate_attachment_unreleased,sourced_scene,ivory,,unresolved,2700.0,sourced_cad,0.004998796516778688,native density estimate; same-version native mechanical candidate; installation-envelope inertia remains approximate,ledger_item,cad/exports/beak_native_linkage/beak_native_coupler.step,cad/exports/beak_native_linkage/beak_native_coupler.stl,cad/source/beak_native_linkage/beak_native_coupler_quad.npz,verified,false,unreleased,,,unresolved,,unresolved,,unresolved,,unresolved,,unresolved,robots/Goose_V0.1/cad/exports/beak_native_linkage/manifest.json,"Pin centre distance39.824616mm;equal uncrossed cranks1:1ideal output. | OD6 bush seats6.05nominal,4mm plate Y33..37; actual press-fit drawing/vendor flange dimensions remain gates. | Coupler translates by D(q)-D(0); no body-tree approximation is released here."
beak_native_input_flange,,beak_input_rotor,sourced,beak_native_linkage,native_candidate_attachment_unreleased,sourced_scene,ivory,,unresolved,2700.0,sourced_cad,0.014962300361133215,native density estimate; same-version native mechanical candidate; installation-envelope inertia remains approximate,ledger_item,cad/exports/beak_native_linkage/beak_native_input_flange.step,cad/exports/beak_native_linkage/beak_native_input_flange.stl,cad/source/beak_native_linkage/beak_native_input_flange_quad.npz,verified,false,unreleased,,,unresolved,,unresolved,,unresolved,,unresolved,,unresolved,robots/Goose_V0.1/cad/exports/beak_native_linkage/manifest.json,"AK45-36 output6M3PCD27,3guide holesPCD24;6mm flange Y26.25..32.25. | Crank12mm at240deg;M4tap drill3.3,4.5mm blind engagement. Pin moves with input rotor; rigid-body reduction not integrated."
beak_native_output_arm,,beak_hinge,sourced,beak_native_linkage,native_candidate_attachment_unreleased,sourced_scene,ivory,,unresolved,2700.0,sourced_cad,0.0033852475210350767,native density estimate; same-version native mechanical candidate; installation-envelope inertia remains approximate,ledger_item,cad/exports/beak_native_linkage/beak_native_output_arm.step,cad/exports/beak_native_linkage/beak_native_output_arm.stl,cad/source/beak_native_linkage/beak_native_output_arm_quad.npz,verified,false,unreleased,,,unresolved,,unresolved,,unresolved,,unresolved,,unresolved,robots/Goose_V0.1/cad/exports/beak_native_linkage/manifest.json,"8.1mm nominal D-flat bore X157,positive shaft key; fit and axial retention unreleased. | 4.5mm CNC arm Y27.75..32.25;12mm crank240deg,4.5mm M4through engagement."
beak_output_bush_candidate,,beak_coupler_link,sourced,beak_native_linkage,native_candidate_attachment_unreleased,sourced_scene,graphite,,unresolved,1410,sourced_cad,8.925536633692767e-05,native density estimate; same-version native mechanical candidate; installation-envelope inertia remains approximate,ledger_item,cad/exports/beak_native_linkage/beak_output_bush_candidate.step,cad/exports/beak_native_linkage/beak_output_bush_candidate.stl,cad/source/beak_native_linkage/beak_output_bush_candidate_quad.npz,verified,false,unreleased,,,unresolved,,unresolved,,unresolved,,unresolved,,unresolved,robots/Goose_V0.1/cad/exports/beak_native_linkage/manifest.json,"igusGFM0506-05 nominal5/6/5mm family;0.5mm flange here is explicit installation candidate,not a verified supplier dimension."
beak_output_button_screw,,beak_hinge,sourced,beak_native_linkage,native_candidate_attachment_unreleased,sourced_scene,titanium,,unresolved,7850,sourced_cad,0.0017699066992682344,native density estimate; same-version native mechanical candidate; installation-envelope inertia remains approximate,ledger_item,cad/exports/beak_native_linkage/beak_output_button_screw.step,cad/exports/beak_native_linkage/beak_output_button_screw.stl,cad/source/beak_native_linkage/beak_output_button_screw_quad.npz,verified,false,unreleased,,,unresolved,,unresolved,,unresolved,,unresolved,,unresolved,robots/Goose_V0.1/cad/exports/beak_native_linkage/manifest.json,ISO7380-1 M4x10 property10.9 dimension envelope;driver socket/thread helices omitted. | HeadY37.75..39.95;thread engagements4.5mm input/output require preload/thread-pullout proof.
beak_output_steel_sleeve,,beak_hinge,sourced,beak_native_linkage,native_candidate_attachment_unreleased,sourced_scene,titanium,,unresolved,7850,sourced_cad,0.00025247213011033543,native density estimate; same-version native mechanical candidate; installation-envelope inertia remains approximate,ledger_item,cad/exports/beak_native_linkage/beak_output_steel_sleeve.step,cad/exports/beak_native_linkage/beak_output_steel_sleeve.stl,cad/source/beak_native_linkage/beak_output_steel_sleeve_quad.npz,verified,false,unreleased,,,unresolved,,unresolved,,unresolved,,unresolved,,unresolved,robots/Goose_V0.1/cad/exports/beak_native_linkage/manifest.json,"Own steel sleeve5OD/4.1ID/5long; bolt clamps sleeve,plastic bush rotates outside. | C45/strength/finish and wear tolerance still require release."
beak_output_washer,,beak_hinge,sourced,beak_native_linkage,native_candidate_attachment_unreleased,sourced_scene,titanium,,unresolved,7850,sourced_cad,0.0001454720368730983,native density estimate; same-version native mechanical candidate; installation-envelope inertia remains approximate,ledger_item,cad/exports/beak_native_linkage/beak_output_washer.step,cad/exports/beak_native_linkage/beak_output_washer.stl,cad/source/beak_native_linkage/beak_output_washer_quad.npz,verified,false,unreleased,,,unresolved,,unresolved,,unresolved,,unresolved,,unresolved,robots/Goose_V0.1/cad/exports/beak_native_linkage/manifest.json,"M4washer8OD/4.1ID/.5thick candidate,exact commoditySKU pending."
beak_retained_d_shaft,,beak_hinge,sourced,jaw_retention,native_candidate_attachment_unreleased,sourced_scene,titanium,,unresolved,7850.0,sourced_cad,0.027976854694253504,native density estimate; same-version native mechanical candidate; installation-envelope inertia remains approximate,ledger_item,cad/exports/jaw_retention/beak_retained_d_shaft.step,cad/exports/jaw_retention/beak_retained_d_shaft.stl,cad/source/jaw_retention/beak_retained_d_shaft_quad.npz,verified,false,unreleased,,,unresolved,,unresolved,,unresolved,,unresolved,,unresolved,robots/Goose_V0.1/cad/exports/jaw_retention/manifest.json,"Round8mm journals; central and output-arm D-flats only. Ring lands are round, outside the torque-carrying D-flat. | One rear diameter7.6mm x0.9mm groove for DIN4718x0.8,5.1mm end margin. FrontM4tap-drill3.3mm x11mm deep. | 76mm length retained. Groove tolerances/fillets, D-flat/tapped wall strength and shaft material certificate remain mandatory."
body_nose_plug,,torso,sourced,shell,end_plug_candidate,sourced_scene,ivory,,unresolved,,unresolved,7.728248455869013e-05,solid nominal mesh with assumed density 1250 kg/m3; material not released,ledger_item,,,,unresolved,,unresolved,,,unresolved,,unresolved,,unresolved,,unresolved,,unresolved,,
body_tail_plug,,torso,sourced,shell,end_plug_candidate,sourced_scene,ivory,,unresolved,,unresolved,7.728248455869057e-05,solid nominal mesh with assumed density 1250 kg/m3; material not released,ledger_item,,,,unresolved,,unresolved,,,unresolved,,unresolved,,unresolved,,unresolved,,unresolved,,
brake_hardware_extra_allocation,,torso,sourced,,,unresolved,,,unresolved,,unresolved,0.12,"unclosed hardware reserve, not selected/rated resistor or shell mounting geometry",ledger_item,,,,unresolved,,allocation_not_a_selected_part,,,unresolved,,unresolved,,unresolved,,unresolved,,unresolved,,
button_socket,,torso,sourced,shell,custom_visual_candidate,sourced_scene,graphite,,unresolved,,unresolved,0.0015367500346712656,solid nominal mesh with assumed density 1250 kg/m3; material not released,ledger_item,,,,unresolved,,unresolved,,,unresolved,,unresolved,,unresolved,,unresolved,,unresolved,,
camera_board_proxy,,,unresolved,head_internal,camera_dimension_proxy,sourced_scene,graphite,,unresolved,,unresolved,,,unresolved,,,,unresolved,,unresolved,,,unresolved,,unresolved,,unresolved,,unresolved,,unresolved,,
camera_eye_bezel,,head_roll,sourced,head,decorative_optical_surround,sourced_scene,orange,,unresolved,,unresolved,0.00026727587328515283,solid nominal mesh with assumed density 1250 kg/m3; material not released,ledger_item,,,,unresolved,,unresolved,,,unresolved,,unresolved,,unresolved,,unresolved,,unresolved,,
camera_glass,,head_roll,sourced,head,custom_visual_candidate,sourced_scene,glass,,unresolved,,unresolved,0.002241145377556921,solid nominal mesh with assumed density 2500 kg/m3; material not released,ledger_item,,,,unresolved,,unresolved,,,unresolved,,unresolved,,unresolved,,unresolved,,unresolved,,
camera_inner_lens,,head_roll,sourced,head,custom_visual_candidate,sourced_scene,lens,,unresolved,,unresolved,0.0005209645349275581,solid nominal mesh with assumed density 2500 kg/m3; material not released,ledger_item,,,,unresolved,,unresolved,,,unresolved,,unresolved,,unresolved,,unresolved,,unresolved,,
camera_lens_proxy,,,unresolved,head_internal,camera_dimension_proxy,sourced_scene,graphite,,unresolved,,unresolved,,,unresolved,,,,unresolved,,unresolved,,,unresolved,,unresolved,,unresolved,,unresolved,,unresolved,,
camera_module,,head_roll,sourced,,,unresolved,,,unresolved,,unresolved,0.025,assumed 25 g complete camera module; optical meshes excluded,ledger_item,,,,unresolved,,unresolved,,,unresolved,,unresolved,,unresolved,,unresolved,,unresolved,,
compute_stack,,torso,sourced,,,unresolved,,,unresolved,,unresolved,0.054,component mass budget incl. assigned harness reserve; not measured assembly; same-version installation allocation and box inertia,ledger_item,,,,unresolved,,allocation_not_a_selected_part,,,unresolved,,unresolved,,unresolved,,unresolved,,unresolved,,
dual_can_interface_allocation,,torso,sourced,,,unresolved,,,unresolved,,unresolved,0.06,dual CAN + harness allocation replacing two TTL hubs; same-version installation allocation and box inertia,ledger_item,,,,unresolved,,allocation_not_a_selected_part,,,unresolved,,unresolved,,unresolved,,unresolved,,unresolved,,
flush_camera_window,,head_roll,sourced,head,custom_visual_candidate,sourced_scene,graphite,,unresolved,,unresolved,0.007475692796831451,solid nominal mesh with assumed density 1250 kg/m3; material not released,ledger_item,,,,unresolved,,unresolved,,,unresolved,,unresolved,,unresolved,,unresolved,,unresolved,,
head_bill_access_shell_left,,head_roll,sourced,bill_backbones,native_candidate_attachment_unreleased,sourced_scene,ivory,,unresolved,1270.0,sourced_cad,0.03114249666618208,native density estimate; same-version native mechanical candidate; installation-envelope inertia remains approximate,ledger_item,cad/exports/bill_backbones/head_bill_access_shell_left.step,cad/exports/bill_backbones/head_bill_access_shell_left.stl,cad/source/bill_backbones/head_bill_access_shell_left_quad.npz,verified,false,unreleased,,,unresolved,,unresolved,,unresolved,,unresolved,,unresolved,robots/Goose_V0.1/cad/exports/bill_backbones/manifest.json,"Native head-shell candidate with one filleted mouth installation window; no collision masking. | Existing exterior retained outside the local window; lip, camera mount and shell fastening are not released. | Window permits the keyed backbone and fixed bill to pass through the chin; complete sweep independently checked."
head_frame_with_jaw_retention,,head_roll,sourced,jaw_retention,native_candidate_attachment_unreleased,sourced_scene,ivory,,unresolved,2700.0,sourced_cad,0.04307429603824735,native density estimate; same-version native mechanical candidate; installation-envelope inertia remains approximate,ledger_item,cad/exports/jaw_retention/head_frame_with_jaw_retention.step,cad/exports/jaw_retention/head_frame_with_jaw_retention.stl,cad/source/jaw_retention/head_frame_with_jaw_retention_quad.npz,verified,false,unreleased,,,unresolved,,unresolved,,unresolved,,unresolved,,unresolved,robots/Goose_V0.1/cad/exports/jaw_retention/manifest.json,"Replacement fixed frame with three M3 cap bosses per bearing and explicit cap installation recesses. | M3 tap-drill2.5; nominal major-thread overlap is reported separately from unrelated interference. | Bearing seat abutments, lug/root stress and tapping specification remain release gates."
head_internal_frame_reserve,,head_roll,sourced,,,unresolved,,,unresolved,,unresolved,0.08,unmodeled internal metal load-path reserve,ledger_item,,,,unresolved,,allocation_not_a_selected_part,,,unresolved,,unresolved,,unresolved,,unresolved,,unresolved,,
head_pitch,head_pitch_catalog_case,neck_mid_pitch,sourced,head_pitch,manufacturer_dimension_cylinder_not_vendor_cad,sourced_scene,graphite,,unresolved,,unresolved,0.262,manufacturer mass; uniform cylinder inertia; output plane centered provisionally,ledger_item,,,,unresolved,,unresolved,AK45-10 V3.0 KV75,stage_two_contract_joint_and_stage_two_actuator_bom,sourced,155.9,proposed architecture; China stock/quotation pending,,unresolved,,unresolved,,unresolved,,
head_pitch_structure_allocation,,head_pitch,sourced,,,unresolved,,,unresolved,,unresolved,0.01,additional adapter/harness allowance above previous mount reserve,ledger_item,,,,unresolved,,allocation_not_a_selected_part,,,unresolved,,unresolved,,unresolved,,unresolved,,unresolved,,
head_pitch_to_roll_stator_bracket,,head_pitch,sourced,head_load_path,native_candidate_attachment_unreleased,sourced_scene,ivory,,unresolved,2700.0,sourced_cad,0.025130709230929863,native density estimate; same-version native mechanical candidate; installation-envelope inertia remains approximate,ledger_item,cad/exports/head_load_path/head_pitch_to_roll_stator_bracket.step,cad/exports/head_load_path/head_pitch_to_roll_stator_bracket.stl,cad/source/head_load_path/head_pitch_to_roll_stator_bracket_quad.npz,verified,false,unreleased,,,unresolved,,unresolved,,unresolved,,unresolved,,unresolved,robots/Goose_V0.1/cad/exports/head_load_path/manifest.json,"AK45-10 output3M2.5PCD27 atY22.6,3mm adapter integral with CNC rear stator bracket. | ROBOTIS XC330 body23mm depth; rear faceX69.5; four ear holes16x30mm. | Rear case screw/plug access and complete swept head bracket fit are separate gates."
head_retention_access_shell_right,,head_roll,sourced,jaw_retention,native_candidate_attachment_unreleased,sourced_scene,ivory,,unresolved,1270.0,sourced_cad,0.03103116200283162,native density estimate; same-version native mechanical candidate; installation-envelope inertia remains approximate,ledger_item,cad/exports/jaw_retention/head_retention_access_shell_right.step,cad/exports/jaw_retention/head_retention_access_shell_right.stl,cad/source/jaw_retention/head_retention_access_shell_right_quad.npz,verified,false,unreleased,,,unresolved,,unresolved,,unresolved,,unresolved,,unresolved,robots/Goose_V0.1/cad/exports/jaw_retention/manifest.json,"Three local7.6mm-diameter rear-cap screw/tool installation ports, not a deleted head shell. | Actual driver tool path, plug covers and shell fasteners remain release gates."
head_roll_catalog_case,,head_pitch,sourced,head_load_path,native_candidate_attachment_unreleased,sourced_scene,graphite,,unresolved,1415.9783861416524,sourced_cad,0.022999999999999996,catalog mass; installation-envelope inertia; same-version native mechanical candidate; installation-envelope inertia remains approximate,ledger_item,cad/exports/head_load_path/head_roll_catalog_case.step,cad/exports/head_load_path/head_roll_catalog_case.stl,cad/source/head_load_path/head_roll_catalog_case_quad.npz,verified,false,unreleased,,,unresolved,,unresolved,,unresolved,,unresolved,,unresolved,robots/Goose_V0.1/cad/exports/head_load_path/manifest.json,"Own nominal geometry reconstructed from ROBOTIS XL,XC-330.pdf; not redistributed vendor CAD. | Case X69.5..92.5; output horn faceX95.5,OD16mm. Connector shape and vendor internal inertia remain unknown."
head_roll_horn_adapter,,head_roll,sourced,head_load_path,native_candidate_attachment_unreleased,sourced_scene,ivory,,unresolved,2700.0,sourced_cad,0.003797313726228688,native density estimate; same-version native mechanical candidate; installation-envelope inertia remains approximate,ledger_item,cad/exports/head_load_path/head_roll_horn_adapter.step,cad/exports/head_load_path/head_roll_horn_adapter.stl,cad/source/head_load_path/head_roll_horn_adapter_quad.npz,verified,false,unreleased,,,unresolved,,unresolved,,unresolved,,unresolved,,unresolved,robots/Goose_V0.1/cad/exports/head_load_path/manifest.json,Four M2 tapping holes PCD12; motor penetration must not exceed3mm. | Three M3 through joints PCD22 attach native head frame; clamp nuts must clear the23mm servo.
head_roll_structure_allocation,,head_roll,sourced,,,unresolved,,,unresolved,,unresolved,0.01,additional adapter/harness allowance above previous mount reserve,ledger_item,,,,unresolved,,allocation_not_a_selected_part,,,unresolved,,unresolved,,unresolved,,unresolved,,unresolved,,
interfaces_audio,,torso,sourced,,,unresolved,,,unresolved,,unresolved,0.10235,component mass budget incl. assigned harness reserve; not measured assembly; same-version installation allocation and box inertia,ledger_item,,,,unresolved,,allocation_not_a_selected_part,,,unresolved,,unresolved,,unresolved,,unresolved,,unresolved,,
jaw_front_arm_to_stop_spacer,,beak_hinge,sourced,jaw_retention,native_candidate_attachment_unreleased,sourced_scene,titanium,,unresolved,7850.0,sourced_cad,0.0019294758674111019,native density estimate; same-version native mechanical candidate; installation-envelope inertia remains approximate,ledger_item,cad/exports/jaw_retention/jaw_front_arm_to_stop_spacer.step,cad/exports/jaw_retention/jaw_front_arm_to_stop_spacer.stl,cad/source/jaw_retention/jaw_front_arm_to_stop_spacer_quad.npz,verified,false,unreleased,,,unresolved,,unresolved,,unresolved,,unresolved,,unresolved,robots/Goose_V0.1/cad/exports/jaw_retention/manifest.json,Own ground11OD/8.1ID spacer; no axial interference with nominal shaft or bearing envelopes. | Nominal length5.649999999999999mm. Detailed698 inner-race abutment and selected endfloat/shims still require release.
jaw_front_axial_stop_screw,,beak_hinge,sourced,jaw_retention,native_candidate_attachment_unreleased,sourced_scene,titanium,,unresolved,7850.0,sourced_cad,0.0017699066992682344,native density estimate; same-version native mechanical candidate; installation-envelope inertia remains approximate,ledger_item,cad/exports/jaw_retention/jaw_front_axial_stop_screw.step,cad/exports/jaw_retention/jaw_front_axial_stop_screw.stl,cad/source/jaw_retention/jaw_front_axial_stop_screw_quad.npz,verified,false,unreleased,,,unresolved,,unresolved,,unresolved,,unresolved,,unresolved,robots/Goose_V0.1/cad/exports/jaw_retention/manifest.json,"ISO7380-1M4x10 nominal envelope,9mm threaded insertion into11mm blind tap; grade/preload/removable threadlocking pending."
jaw_front_axial_stop_washer,,beak_hinge,sourced,jaw_retention,native_candidate_attachment_unreleased,sourced_scene,titanium,,unresolved,7850.0,sourced_cad,0.0007738162893809086,native density estimate; same-version native mechanical candidate; installation-envelope inertia remains approximate,ledger_item,cad/exports/jaw_retention/jaw_front_axial_stop_washer.step,cad/exports/jaw_retention/jaw_front_axial_stop_washer.stl,cad/source/jaw_retention/jaw_front_axial_stop_washer_quad.npz,verified,false,unreleased,,,unresolved,,unresolved,,unresolved,,unresolved,,unresolved,robots/Goose_V0.1/cad/exports/jaw_retention/manifest.json,M4large washer12OD/4.3ID/1mm envelope. Clamps against the shaft end atY38; nominal0.1mm gap to the moving spacer stack. | Retains the output arm/inner-race stack without relying on frontcirclip angular orientation. Actual washer/bearing abutments pending.
jaw_front_bearing,,head_roll,sourced,head_load_path,native_candidate_attachment_unreleased,sourced_scene,titanium,,unresolved,5144.402200950154,sourced_cad,0.007200000000000001,catalog mass; installation-envelope inertia; same-version native mechanical candidate; installation-envelope inertia remains approximate,ledger_item,cad/exports/head_load_path/jaw_front_bearing.step,cad/exports/head_load_path/jaw_front_bearing.stl,cad/source/head_load_path/jaw_front_bearing_quad.npz,verified,false,unreleased,JTEKT698,cad_note,sourced,,unresolved,,unresolved,,unresolved,,unresolved,robots/Goose_V0.1/cad/exports/head_load_path/manifest.json,"JTEKT698,8x19x6mm,7.2g,static rating910N. Installation envelope; internal race geometry not reconstructed."
jaw_front_bearing_to_arm_spacer,,beak_hinge,sourced,jaw_retention,native_candidate_attachment_unreleased,sourced_scene,titanium,,unresolved,7850.0,sourced_cad,0.0004268751919051112,native density estimate; same-version native mechanical candidate; installation-envelope inertia remains approximate,ledger_item,cad/exports/jaw_retention/jaw_front_bearing_to_arm_spacer.step,cad/exports/jaw_retention/jaw_front_bearing_to_arm_spacer.stl,cad/source/jaw_retention/jaw_front_bearing_to_arm_spacer_quad.npz,verified,false,unreleased,,,unresolved,,unresolved,,unresolved,,unresolved,,unresolved,robots/Goose_V0.1/cad/exports/jaw_retention/manifest.json,Own ground11OD/8.1ID spacer; no axial interference with nominal shaft or bearing envelopes. | Nominal length1.25mm. Detailed698 inner-race abutment and selected endfloat/shims still require release.
jaw_front_cap_screw_0,,head_roll,sourced,jaw_retention,native_candidate_attachment_unreleased,sourced_scene,titanium,,unresolved,7850.0,sourced_cad,0.0007744235788758005,native density estimate; same-version native mechanical candidate; installation-envelope inertia remains approximate,ledger_item,cad/exports/jaw_retention/jaw_front_cap_screw_0.step,cad/exports/jaw_retention/jaw_front_cap_screw_0.stl,cad/source/jaw_retention/jaw_front_cap_screw_0_quad.npz,verified,false,unreleased,,,unresolved,,unresolved,,unresolved,,unresolved,,unresolved,robots/Goose_V0.1/cad/exports/jaw_retention/manifest.json,"ISO7380-1M3x8 button-head envelope,5.5mm nominal threaded engagement; socket/thread helices omitted."
jaw_front_cap_screw_1,,head_roll,sourced,jaw_retention,native_candidate_attachment_unreleased,sourced_scene,titanium,,unresolved,7850.0,sourced_cad,0.0007744235788758007,native density estimate; same-version native mechanical candidate; installation-envelope inertia remains approximate,ledger_item,cad/exports/jaw_retention/jaw_front_cap_screw_1.step,cad/exports/jaw_retention/jaw_front_cap_screw_1.stl,cad/source/jaw_retention/jaw_front_cap_screw_1_quad.npz,verified,false,unreleased,,,unresolved,,unresolved,,unresolved,,unresolved,,unresolved,robots/Goose_V0.1/cad/exports/jaw_retention/manifest.json,"ISO7380-1M3x8 button-head envelope,5.5mm nominal threaded engagement; socket/thread helices omitted."
jaw_front_cap_screw_2,,head_roll,sourced,jaw_retention,native_candidate_attachment_unreleased,sourced_scene,titanium,,unresolved,7850.0,sourced_cad,0.0007744235788758007,native density estimate; same-version native mechanical candidate; installation-envelope inertia remains approximate,ledger_item,cad/exports/jaw_retention/jaw_front_cap_screw_2.step,cad/exports/jaw_retention/jaw_front_cap_screw_2.stl,cad/source/jaw_retention/jaw_front_cap_screw_2_quad.npz,verified,false,unreleased,,,unresolved,,unresolved,,unresolved,,unresolved,,unresolved,robots/Goose_V0.1/cad/exports/jaw_retention/manifest.json,"ISO7380-1M3x8 button-head envelope,5.5mm nominal threaded engagement; socket/thread helices omitted."
jaw_front_cap_washer_0,,head_roll,sourced,jaw_retention,native_candidate_attachment_unreleased,sourced_scene,titanium,,unresolved,7850.0,sourced_cad,0.00011948497879214384,native density estimate; same-version native mechanical candidate; installation-envelope inertia remains approximate,ledger_item,cad/exports/jaw_retention/jaw_front_cap_washer_0.step,cad/exports/jaw_retention/jaw_front_cap_washer_0.stl,cad/source/jaw_retention/jaw_front_cap_washer_0_quad.npz,verified,false,unreleased,,,unresolved,,unresolved,,unresolved,,unresolved,,unresolved,robots/Goose_V0.1/cad/exports/jaw_retention/manifest.json,M3washer7OD/3.2ID/0.5mm nominal envelope; supplierSKU and preload pending.
jaw_front_cap_washer_1,,head_roll,sourced,jaw_retention,native_candidate_attachment_unreleased,sourced_scene,titanium,,unresolved,7850.0,sourced_cad,0.00011948497879214384,native density estimate; same-version native mechanical candidate; installation-envelope inertia remains approximate,ledger_item,cad/exports/jaw_retention/jaw_front_cap_washer_1.step,cad/exports/jaw_retention/jaw_front_cap_washer_1.stl,cad/source/jaw_retention/jaw_front_cap_washer_1_quad.npz,verified,false,unreleased,,,unresolved,,unresolved,,unresolved,,unresolved,,unresolved,robots/Goose_V0.1/cad/exports/jaw_retention/manifest.json,M3washer7OD/3.2ID/0.5mm nominal envelope; supplierSKU and preload pending.
jaw_front_cap_washer_2,,head_roll,sourced,jaw_retention,native_candidate_attachment_unreleased,sourced_scene,titanium,,unresolved,7850.0,sourced_cad,0.00011948497879214384,native density estimate; same-version native mechanical candidate; installation-envelope inertia remains approximate,ledger_item,cad/exports/jaw_retention/jaw_front_cap_washer_2.step,cad/exports/jaw_retention/jaw_front_cap_washer_2.stl,cad/source/jaw_retention/jaw_front_cap_washer_2_quad.npz,verified,false,unreleased,,,unresolved,,unresolved,,unresolved,,unresolved,,unresolved,robots/Goose_V0.1/cad/exports/jaw_retention/manifest.json,M3washer7OD/3.2ID/0.5mm nominal envelope; supplierSKU and preload pending.
jaw_front_inner_spacer,,beak_hinge,sourced,jaw_retention,native_candidate_attachment_unreleased,sourced_scene,titanium,,unresolved,7850.0,sourced_cad,0.0013660006140963556,native density estimate; same-version native mechanical candidate; installation-envelope inertia remains approximate,ledger_item,cad/exports/jaw_retention/jaw_front_inner_spacer.step,cad/exports/jaw_retention/jaw_front_inner_spacer.stl,cad/source/jaw_retention/jaw_front_inner_spacer_quad.npz,verified,false,unreleased,,,unresolved,,unresolved,,unresolved,,unresolved,,unresolved,robots/Goose_V0.1/cad/exports/jaw_retention/manifest.json,Own ground11OD/8.1ID spacer; no axial interference with nominal shaft or bearing envelopes. | Nominal length4.0mm. Detailed698 inner-race abutment and selected endfloat/shims still require release.
jaw_front_outer_race_cap,,head_roll,sourced,jaw_retention,native_candidate_attachment_unreleased,sourced_scene,ivory,,unresolved,2700.0,sourced_cad,0.0012327146556306088,native density estimate; same-version native mechanical candidate; installation-envelope inertia remains approximate,ledger_item,cad/exports/jaw_retention/jaw_front_outer_race_cap.step,cad/exports/jaw_retention/jaw_front_outer_race_cap.stl,cad/source/jaw_retention/jaw_front_outer_race_cap_quad.npz,verified,false,unreleased,,,unresolved,,unresolved,,unresolved,,unresolved,,unresolved,robots/Goose_V0.1/cad/exports/jaw_retention/manifest.json,2mm machined cap; outer-race retention separate from moving shaft spacer stack. | Front cap has explicit crank clearance sector; detailed698 race/chamfer abutment still requires supplier drawing.
jaw_rear_bearing,,head_roll,sourced,head_load_path,native_candidate_attachment_unreleased,sourced_scene,titanium,,unresolved,5144.402200950154,sourced_cad,0.007200000000000001,catalog mass; installation-envelope inertia; same-version native mechanical candidate; installation-envelope inertia remains approximate,ledger_item,cad/exports/head_load_path/jaw_rear_bearing.step,cad/exports/head_load_path/jaw_rear_bearing.stl,cad/source/head_load_path/jaw_rear_bearing_quad.npz,verified,false,unreleased,JTEKT698,cad_note,sourced,,unresolved,,unresolved,,unresolved,,unresolved,robots/Goose_V0.1/cad/exports/head_load_path/manifest.json,"JTEKT698,8x19x6mm,7.2g,static rating910N. Installation envelope; internal race geometry not reconstructed."
jaw_rear_cap_screw_0,,head_roll,sourced,jaw_retention,native_candidate_attachment_unreleased,sourced_scene,titanium,,unresolved,7850.0,sourced_cad,0.0007744235788758005,native density estimate; same-version native mechanical candidate; installation-envelope inertia remains approximate,ledger_item,cad/exports/jaw_retention/jaw_rear_cap_screw_0.step,cad/exports/jaw_retention/jaw_rear_cap_screw_0.stl,cad/source/jaw_retention/jaw_rear_cap_screw_0_quad.npz,verified,false,unreleased,,,unresolved,,unresolved,,unresolved,,unresolved,,unresolved,robots/Goose_V0.1/cad/exports/jaw_retention/manifest.json,"ISO7380-1M3x8 button-head envelope,5.5mm nominal threaded engagement; socket/thread helices omitted."
jaw_rear_cap_screw_1,,head_roll,sourced,jaw_retention,native_candidate_attachment_unreleased,sourced_scene,titanium,,unresolved,7850.0,sourced_cad,0.0007744235788758005,native density estimate; same-version native mechanical candidate; installation-envelope inertia remains approximate,ledger_item,cad/exports/jaw_retention/jaw_rear_cap_screw_1.step,cad/exports/jaw_retention/jaw_rear_cap_screw_1.stl,cad/source/jaw_retention/jaw_rear_cap_screw_1_quad.npz,verified,false,unreleased,,,unresolved,,unresolved,,unresolved,,unresolved,,unresolved,robots/Goose_V0.1/cad/exports/jaw_retention/manifest.json,"ISO7380-1M3x8 button-head envelope,5.5mm nominal threaded engagement; socket/thread helices omitted."
jaw_rear_cap_screw_2,,head_roll,sourced,jaw_retention,native_candidate_attachment_unreleased,sourced_scene,titanium,,unresolved,7850.0,sourced_cad,0.0007744235788758005,native density estimate; same-version native mechanical candidate; installation-envelope inertia remains approximate,ledger_item,cad/exports/jaw_retention/jaw_rear_cap_screw_2.step,cad/exports/jaw_retention/jaw_rear_cap_screw_2.stl,cad/source/jaw_retention/jaw_rear_cap_screw_2_quad.npz,verified,false,unreleased,,,unresolved,,unresolved,,unresolved,,unresolved,,unresolved,robots/Goose_V0.1/cad/exports/jaw_retention/manifest.json,"ISO7380-1M3x8 button-head envelope,5.5mm nominal threaded engagement; socket/thread helices omitted."
jaw_rear_cap_washer_0,,head_roll,sourced,jaw_retention,native_candidate_attachment_unreleased,sourced_scene,titanium,,unresolved,7850.0,sourced_cad,0.00011948497879214384,native density estimate; same-version native mechanical candidate; installation-envelope inertia remains approximate,ledger_item,cad/exports/jaw_retention/jaw_rear_cap_washer_0.step,cad/exports/jaw_retention/jaw_rear_cap_washer_0.stl,cad/source/jaw_retention/jaw_rear_cap_washer_0_quad.npz,verified,false,unreleased,,,unresolved,,unresolved,,unresolved,,unresolved,,unresolved,robots/Goose_V0.1/cad/exports/jaw_retention/manifest.json,M3washer7OD/3.2ID/0.5mm nominal envelope; supplierSKU and preload pending.
jaw_rear_cap_washer_1,,head_roll,sourced,jaw_retention,native_candidate_attachment_unreleased,sourced_scene,titanium,,unresolved,7850.0,sourced_cad,0.00011948497879214384,native density estimate; same-version native mechanical candidate; installation-envelope inertia remains approximate,ledger_item,cad/exports/jaw_retention/jaw_rear_cap_washer_1.step,cad/exports/jaw_retention/jaw_rear_cap_washer_1.stl,cad/source/jaw_retention/jaw_rear_cap_washer_1_quad.npz,verified,false,unreleased,,,unresolved,,unresolved,,unresolved,,unresolved,,unresolved,robots/Goose_V0.1/cad/exports/jaw_retention/manifest.json,M3washer7OD/3.2ID/0.5mm nominal envelope; supplierSKU and preload pending.
jaw_rear_cap_washer_2,,head_roll,sourced,jaw_retention,native_candidate_attachment_unreleased,sourced_scene,titanium,,unresolved,7850.0,sourced_cad,0.00011948497879214384,native density estimate; same-version native mechanical candidate; installation-envelope inertia remains approximate,ledger_item,cad/exports/jaw_retention/jaw_rear_cap_washer_2.step,cad/exports/jaw_retention/jaw_rear_cap_washer_2.stl,cad/source/jaw_retention/jaw_rear_cap_washer_2_quad.npz,verified,false,unreleased,,,unresolved,,unresolved,,unresolved,,unresolved,,unresolved,robots/Goose_V0.1/cad/exports/jaw_retention/manifest.json,M3washer7OD/3.2ID/0.5mm nominal envelope; supplierSKU and preload pending.
jaw_rear_din471_ring,,beak_hinge,sourced,jaw_retention,native_candidate_attachment_unreleased,sourced_scene,titanium,,unresolved,5184.575017167206,sourced_cad,0.00020000000000000004,catalog mass; installation-envelope inertia; same-version native mechanical candidate; installation-envelope inertia remains approximate,ledger_item,cad/exports/jaw_retention/jaw_rear_din471_ring.step,cad/exports/jaw_retention/jaw_rear_din471_ring.stl,cad/source/jaw_retention/jaw_rear_din471_ring_quad.npz,verified,false,unreleased,,,unresolved,,unresolved,,unresolved,,unresolved,,unresolved,robots/Goose_V0.1/cad/exports/jaw_retention/manifest.json,"RotorClipDSH-8/DIN4718x0.8 family, catalogue0.2g; own nominal installed geometry and conservative radial envelope, not OEM CAD. | Model uses0.85mm thickness allowance; actual finish, supplied outline and installation-tool envelope require confirmation."
jaw_rear_inner_spacer,,beak_hinge,sourced,jaw_retention,native_candidate_attachment_unreleased,sourced_scene,titanium,,unresolved,7850.0,sourced_cad,0.0023905010746686226,native density estimate; same-version native mechanical candidate; installation-envelope inertia remains approximate,ledger_item,cad/exports/jaw_retention/jaw_rear_inner_spacer.step,cad/exports/jaw_retention/jaw_rear_inner_spacer.stl,cad/source/jaw_retention/jaw_rear_inner_spacer_quad.npz,verified,false,unreleased,,,unresolved,,unresolved,,unresolved,,unresolved,,unresolved,robots/Goose_V0.1/cad/exports/jaw_retention/manifest.json,Own ground11OD/8.1ID spacer; no axial interference with nominal shaft or bearing envelopes. | Nominal length7.0mm. Detailed698 inner-race abutment and selected endfloat/shims still require release.
jaw_rear_outer_race_cap,,head_roll,sourced,jaw_retention,native_candidate_attachment_unreleased,sourced_scene,ivory,,unresolved,2700.0,sourced_cad,0.002415923902703333,native density estimate; same-version native mechanical candidate; installation-envelope inertia remains approximate,ledger_item,cad/exports/jaw_retention/jaw_rear_outer_race_cap.step,cad/exports/jaw_retention/jaw_rear_outer_race_cap.stl,cad/source/jaw_retention/jaw_rear_outer_race_cap_quad.npz,verified,false,unreleased,,,unresolved,,unresolved,,unresolved,,unresolved,,unresolved,robots/Goose_V0.1/cad/exports/jaw_retention/manifest.json,2mm machined cap; outer-race retention separate from moving shaft spacer stack. | Front cap has explicit crank clearance sector; detailed698 race/chamfer abutment still requires supplier drawing.
jaw_rear_outer_spacer,,beak_hinge,sourced,jaw_retention,native_candidate_attachment_unreleased,sourced_scene,titanium,,unresolved,7850.0,sourced_cad,0.0008537503838102224,native density estimate; same-version native mechanical candidate; installation-envelope inertia remains approximate,ledger_item,cad/exports/jaw_retention/jaw_rear_outer_spacer.step,cad/exports/jaw_retention/jaw_rear_outer_spacer.stl,cad/source/jaw_retention/jaw_rear_outer_spacer_quad.npz,verified,false,unreleased,,,unresolved,,unresolved,,unresolved,,unresolved,,unresolved,robots/Goose_V0.1/cad/exports/jaw_retention/manifest.json,Own ground11OD/8.1ID spacer; no axial interference with nominal shaft or bearing envelopes. | Nominal length2.5mm. Detailed698 inner-race abutment and selected endfloat/shims still require release.
left_ankle_cross_axis_carrier,,left_ankle_pitch,sourced,native_ankle_assembly,dimensioned_ankle_candidate,sourced_scene,ivory,aluminium,sourced_cad,2700,sourced_cad,0.05010013309672221,native density estimate; same-version native mechanical candidate; installation-envelope inertia remains approximate,ledger_item,cad/exports/body_bay_ankle_assembly/left_ankle_cross_axis_carrier.step,cad/exports/body_bay_ankle_assembly/left_ankle_cross_axis_carrier.stl,cad/source/body_bay_ankle_assembly/left_ankle_cross_axis_carrier_quad.npz,verified,false,unreleased,,,unresolved,,unresolved,,unresolved,CNC6061-T6,sourced_cad_note,,unresolved,robots/Goose_V0.1/cad/exports/body_bay_ankle_assembly/manifest.json,"One CNC6061-T6 cross-axis part: 5.5mm fork and 4mm stator front ring, no adhesive joint. | AK45-10 V3 case-front six M2.5 at PCD47.5. ID42 separates stationary ring from rotating output. | Ring outer radius27.5 leaves1mm nominal radial separation to the load plate plane at zero. | Machine transverse front holes after the plate profiles; no closed additive cavity."
left_ankle_pitch,left_ankle_pitch_catalog_case,left_knee_pitch,sourced,left_ankle_pitch,manufacturer_dimension_cylinder_not_vendor_cad,sourced_scene,graphite,,unresolved,,unresolved,0.349,manufacturer mass; uniform cylinder inertia; output plane centered provisionally,ledger_item,,,,unresolved,,unresolved,AK45-36 V3.0 KV80,stage_two_contract_joint_and_stage_two_actuator_bom,sourced,185.9,proposed architecture; China stock/quotation pending,,unresolved,,unresolved,,unresolved,,
left_ankle_pitch_base_disc,,left_ankle_pitch,sourced,native_ankle_assembly,dimensioned_ankle_candidate,sourced_scene,ivory,aluminium,sourced_cad,2700,sourced_cad,0.009780489867356608,native density estimate; same-version native mechanical candidate; installation-envelope inertia remains approximate,ledger_item,cad/exports/body_bay_ankle_assembly/left_ankle_pitch_base_disc.step,cad/exports/body_bay_ankle_assembly/left_ankle_pitch_base_disc.stl,cad/source/body_bay_ankle_assembly/left_ankle_pitch_base_disc_quad.npz,verified,false,unreleased,,,unresolved,,unresolved,,unresolved,,unresolved,,unresolved,robots/Goose_V0.1/cad/exports/body_bay_ankle_assembly/manifest.json,3mm base +10mm six turned posts +4mm threaded face =17mm stack. | Top face three M3 taps PCD32; motor screws clamp six independent OD7 ID3.2 posts. | Base18mm pilot and three guide-pin sockets preserve the actual output datum.
left_ankle_pitch_bearing,,left_ankle_pitch,sourced,native_ankle_assembly,dimensioned_ankle_candidate,sourced_scene,titanium,steel,sourced_cad,5171.011177851619,sourced_cad,0.0053,SKF61800 catalog; annular envelope inertia; same-version native mechanical candidate; installation-envelope inertia remains approximate,ledger_item,cad/exports/body_bay_ankle_assembly/left_ankle_pitch_bearing.step,cad/exports/body_bay_ankle_assembly/left_ankle_pitch_bearing.stl,cad/source/body_bay_ankle_assembly/left_ankle_pitch_bearing_quad.npz,verified,false,unreleased,,,unresolved,,unresolved,,unresolved,,unresolved,,unresolved,robots/Goose_V0.1/cad/exports/body_bay_ankle_assembly/manifest.json,
left_ankle_pitch_bearing_cover,,left_ankle_pitch,sourced,native_ankle_assembly,dimensioned_ankle_candidate,sourced_scene,ivory,aluminium,sourced_cad,2700,sourced_cad,0.0010033076692302339,native density estimate; same-version native mechanical candidate; installation-envelope inertia remains approximate,ledger_item,cad/exports/body_bay_ankle_assembly/left_ankle_pitch_bearing_cover.step,cad/exports/body_bay_ankle_assembly/left_ankle_pitch_bearing_cover.stl,cad/source/body_bay_ankle_assembly/left_ankle_pitch_bearing_cover_quad.npz,verified,false,unreleased,,,unresolved,,unresolved,,unresolved,,unresolved,,unresolved,robots/Goose_V0.1/cad/exports/body_bay_ankle_assembly/manifest.json,
left_ankle_pitch_bridge,,left_ankle_pitch,sourced,native_ankle_assembly,dimensioned_ankle_candidate,sourced_scene,ivory,aluminium,sourced_cad,2700,sourced_cad,0.0196098849917654,native density estimate; same-version native mechanical candidate; installation-envelope inertia remains approximate,ledger_item,cad/exports/body_bay_ankle_assembly/left_ankle_pitch_bridge.step,cad/exports/body_bay_ankle_assembly/left_ankle_pitch_bridge.stl,cad/source/body_bay_ankle_assembly/left_ankle_pitch_bridge_quad.npz,verified,false,unreleased,,,unresolved,,unresolved,,unresolved,,unresolved,,unresolved,robots/Goose_V0.1/cad/exports/body_bay_ankle_assembly/manifest.json,"CNC open-window bridge, two2mm rails,8mm tapped ends; four M3 blind8mm taps."
left_ankle_pitch_output_adapter,,left_ankle_pitch,sourced,native_ankle_assembly,dimensioned_ankle_candidate,sourced_scene,ivory,aluminium,sourced_cad,2700,sourced_cad,0.011931224617406803,native density estimate; same-version native mechanical candidate; installation-envelope inertia remains approximate,ledger_item,cad/exports/body_bay_ankle_assembly/left_ankle_pitch_output_adapter.step,cad/exports/body_bay_ankle_assembly/left_ankle_pitch_output_adapter.stl,cad/source/body_bay_ankle_assembly/left_ankle_pitch_output_adapter_quad.npz,verified,false,unreleased,,,unresolved,,unresolved,,unresolved,,unresolved,,unresolved,robots/Goose_V0.1/cad/exports/body_bay_ankle_assembly/manifest.json,3mm base +10mm six turned posts +4mm threaded face =17mm stack. | Top face three M3 taps PCD32; motor screws clamp six independent OD7 ID3.2 posts. | Base18mm pilot and three guide-pin sockets preserve the actual output datum.
left_ankle_pitch_output_post_0,,left_ankle_pitch,sourced,native_ankle_assembly,dimensioned_ankle_candidate,sourced_scene,ivory,aluminium,sourced_cad,2700,sourced_cad,0.0008219348859586981,native density estimate; same-version native mechanical candidate; installation-envelope inertia remains approximate,ledger_item,cad/exports/body_bay_ankle_assembly/left_ankle_pitch_output_post_0.step,cad/exports/body_bay_ankle_assembly/left_ankle_pitch_output_post_0.stl,cad/source/body_bay_ankle_assembly/left_ankle_pitch_output_post_0_quad.npz,verified,false,unreleased,,,unresolved,,unresolved,,unresolved,,unresolved,,unresolved,robots/Goose_V0.1/cad/exports/body_bay_ankle_assembly/manifest.json,Turned6061 OD7 ID3.2 length10mm;parallel ends0.03mm;no paint on contact faces.
left_ankle_pitch_output_post_1,,left_ankle_pitch,sourced,native_ankle_assembly,dimensioned_ankle_candidate,sourced_scene,ivory,aluminium,sourced_cad,2700,sourced_cad,0.0008219348859586981,native density estimate; same-version native mechanical candidate; installation-envelope inertia remains approximate,ledger_item,cad/exports/body_bay_ankle_assembly/left_ankle_pitch_output_post_1.step,cad/exports/body_bay_ankle_assembly/left_ankle_pitch_output_post_1.stl,cad/source/body_bay_ankle_assembly/left_ankle_pitch_output_post_1_quad.npz,verified,false,unreleased,,,unresolved,,unresolved,,unresolved,,unresolved,,unresolved,robots/Goose_V0.1/cad/exports/body_bay_ankle_assembly/manifest.json,Turned6061 OD7 ID3.2 length10mm;parallel ends0.03mm;no paint on contact faces.
left_ankle_pitch_output_post_2,,left_ankle_pitch,sourced,native_ankle_assembly,dimensioned_ankle_candidate,sourced_scene,ivory,aluminium,sourced_cad,2700,sourced_cad,0.0008219348859586981,native density estimate; same-version native mechanical candidate; installation-envelope inertia remains approximate,ledger_item,cad/exports/body_bay_ankle_assembly/left_ankle_pitch_output_post_2.step,cad/exports/body_bay_ankle_assembly/left_ankle_pitch_output_post_2.stl,cad/source/body_bay_ankle_assembly/left_ankle_pitch_output_post_2_quad.npz,verified,false,unreleased,,,unresolved,,unresolved,,unresolved,,unresolved,,unresolved,robots/Goose_V0.1/cad/exports/body_bay_ankle_assembly/manifest.json,Turned6061 OD7 ID3.2 length10mm;parallel ends0.03mm;no paint on contact faces.
left_ankle_pitch_output_post_3,,left_ankle_pitch,sourced,native_ankle_assembly,dimensioned_ankle_candidate,sourced_scene,ivory,aluminium,sourced_cad,2700,sourced_cad,0.0008219348859586973,native density estimate; same-version native mechanical candidate; installation-envelope inertia remains approximate,ledger_item,cad/exports/body_bay_ankle_assembly/left_ankle_pitch_output_post_3.step,cad/exports/body_bay_ankle_assembly/left_ankle_pitch_output_post_3.stl,cad/source/body_bay_ankle_assembly/left_ankle_pitch_output_post_3_quad.npz,verified,false,unreleased,,,unresolved,,unresolved,,unresolved,,unresolved,,unresolved,robots/Goose_V0.1/cad/exports/body_bay_ankle_assembly/manifest.json,Turned6061 OD7 ID3.2 length10mm;parallel ends0.03mm;no paint on contact faces.
left_ankle_pitch_output_post_4,,left_ankle_pitch,sourced,native_ankle_assembly,dimensioned_ankle_candidate,sourced_scene,ivory,aluminium,sourced_cad,2700,sourced_cad,0.0008219348859586973,native density estimate; same-version native mechanical candidate; installation-envelope inertia remains approximate,ledger_item,cad/exports/body_bay_ankle_assembly/left_ankle_pitch_output_post_4.step,cad/exports/body_bay_ankle_assembly/left_ankle_pitch_output_post_4.stl,cad/source/body_bay_ankle_assembly/left_ankle_pitch_output_post_4_quad.npz,verified,false,unreleased,,,unresolved,,unresolved,,unresolved,,unresolved,,unresolved,robots/Goose_V0.1/cad/exports/body_bay_ankle_assembly/manifest.json,Turned6061 OD7 ID3.2 length10mm;parallel ends0.03mm;no paint on contact faces.
left_ankle_pitch_output_post_5,,left_ankle_pitch,sourced,native_ankle_assembly,dimensioned_ankle_candidate,sourced_scene,ivory,aluminium,sourced_cad,2700,sourced_cad,0.0008219348859586974,native density estimate; same-version native mechanical candidate; installation-envelope inertia remains approximate,ledger_item,cad/exports/body_bay_ankle_assembly/left_ankle_pitch_output_post_5.step,cad/exports/body_bay_ankle_assembly/left_ankle_pitch_output_post_5.stl,cad/source/body_bay_ankle_assembly/left_ankle_pitch_output_post_5_quad.npz,verified,false,unreleased,,,unresolved,,unresolved,,unresolved,,unresolved,,unresolved,robots/Goose_V0.1/cad/exports/body_bay_ankle_assembly/manifest.json,Turned6061 OD7 ID3.2 length10mm;parallel ends0.03mm;no paint on contact faces.
left_ankle_pitch_rear_fork,,left_ankle_pitch,sourced,native_ankle_assembly,dimensioned_ankle_candidate,sourced_scene,ivory,aluminium,sourced_cad,2700,sourced_cad,0.01635076226138061,native density estimate; same-version native mechanical candidate; installation-envelope inertia remains approximate,ledger_item,cad/exports/body_bay_ankle_assembly/left_ankle_pitch_rear_fork.step,cad/exports/body_bay_ankle_assembly/left_ankle_pitch_rear_fork.stl,cad/source/body_bay_ankle_assembly/left_ankle_pitch_rear_fork_quad.npz,verified,false,unreleased,,,unresolved,,unresolved,,unresolved,,unresolved,,unresolved,robots/Goose_V0.1/cad/exports/body_bay_ankle_assembly/manifest.json,"19H7 seat for SKF61800; 0.5mm shoulder, ID13 clears shaft shoulder. | Rear fork center -52mm normalized; 1mm beyond the shin rear plate."
left_ankle_pitch_shaft_washer,,left_knee_pitch,sourced,native_ankle_assembly,dimensioned_ankle_candidate,sourced_scene,titanium,steel,sourced_cad,7850,sourced_cad,0.0004501032444128212,native density estimate; same-version native mechanical candidate; installation-envelope inertia remains approximate,ledger_item,cad/exports/body_bay_ankle_assembly/left_ankle_pitch_shaft_washer.step,cad/exports/body_bay_ankle_assembly/left_ankle_pitch_shaft_washer.stl,cad/source/body_bay_ankle_assembly/left_ankle_pitch_shaft_washer_quad.npz,verified,false,unreleased,,,unresolved,,unresolved,,unresolved,,unresolved,,unresolved,robots/Goose_V0.1/cad/exports/body_bay_ankle_assembly/manifest.json,
left_ankle_pitch_stationary_spider,,left_knee_pitch,sourced,native_ankle_assembly,dimensioned_ankle_candidate,sourced_scene,titanium,steel,sourced_cad,7850,sourced_cad,0.03085433513422104,native density estimate; same-version native mechanical candidate; installation-envelope inertia remains approximate,ledger_item,cad/exports/body_bay_ankle_assembly/left_ankle_pitch_stationary_spider.step,cad/exports/body_bay_ankle_assembly/left_ankle_pitch_stationary_spider.stl,cad/source/body_bay_ankle_assembly/left_ankle_pitch_stationary_spider_quad.npz,verified,false,unreleased,,,unresolved,,unresolved,,unresolved,,unresolved,,unresolved,robots/Goose_V0.1/cad/exports/body_bay_ankle_assembly/manifest.json,C45 steel spider and10g6 shaft; rear case4M3PCD47. | Replaces the four existing shin distal middle spacers; preserve one shared case screw stack. | Motor rear plug and PCB exposure require actual OEM surface inspection.
left_ankle_roll,left_ankle_roll_catalog_case,left_ankle_pitch,sourced,left_ankle_roll,manufacturer_dimension_cylinder_not_vendor_cad,sourced_scene,graphite,,unresolved,,unresolved,0.262,manufacturer mass; uniform cylinder inertia; output plane centered provisionally,ledger_item,,,,unresolved,,unresolved,AK45-10 V3.0 KV75,stage_two_contract_joint_and_stage_two_actuator_bom,sourced,155.9,proposed architecture; China stock/quotation pending,,unresolved,,unresolved,,unresolved,,
left_ankle_roll_bearing,,left_ankle_roll,sourced,native_ankle_assembly,dimensioned_ankle_candidate,sourced_scene,titanium,steel,sourced_cad,5171.0111778516175,sourced_cad,0.0053,SKF61800 catalog; annular envelope inertia; same-version native mechanical candidate; installation-envelope inertia remains approximate,ledger_item,cad/exports/body_bay_ankle_assembly/left_ankle_roll_bearing.step,cad/exports/body_bay_ankle_assembly/left_ankle_roll_bearing.stl,cad/source/body_bay_ankle_assembly/left_ankle_roll_bearing_quad.npz,verified,false,unreleased,,,unresolved,,unresolved,,unresolved,,unresolved,,unresolved,robots/Goose_V0.1/cad/exports/body_bay_ankle_assembly/manifest.json,
left_ankle_roll_bearing_cover,,left_ankle_roll,sourced,native_ankle_assembly,dimensioned_ankle_candidate,sourced_scene,ivory,aluminium,sourced_cad,2700,sourced_cad,0.0010033076692302339,native density estimate; same-version native mechanical candidate; installation-envelope inertia remains approximate,ledger_item,cad/exports/body_bay_ankle_assembly/left_ankle_roll_bearing_cover.step,cad/exports/body_bay_ankle_assembly/left_ankle_roll_bearing_cover.stl,cad/source/body_bay_ankle_assembly/left_ankle_roll_bearing_cover_quad.npz,verified,false,unreleased,,,unresolved,,unresolved,,unresolved,,unresolved,,unresolved,robots/Goose_V0.1/cad/exports/body_bay_ankle_assembly/manifest.json,
left_ankle_roll_output_adapter,,left_ankle_roll,sourced,native_ankle_assembly,dimensioned_ankle_candidate,sourced_scene,ivory,aluminium,sourced_cad,2700,sourced_cad,0.012684262020277783,native density estimate; same-version native mechanical candidate; installation-envelope inertia remains approximate,ledger_item,cad/exports/body_bay_ankle_assembly/left_ankle_roll_output_adapter.step,cad/exports/body_bay_ankle_assembly/left_ankle_roll_output_adapter.stl,cad/source/body_bay_ankle_assembly/left_ankle_roll_output_adapter_quad.npz,verified,false,unreleased,,,unresolved,,unresolved,,unresolved,,unresolved,,unresolved,robots/Goose_V0.1/cad/exports/body_bay_ankle_assembly/manifest.json,"Three OEM M2.5 output bores, PCD27; separate three M3 tapped fork holes at PCD32. | No unassigned pilot protrusion is added to the AK45-10 output."
left_ankle_roll_shaft_washer,,left_ankle_pitch,sourced,native_ankle_assembly,dimensioned_ankle_candidate,sourced_scene,titanium,steel,sourced_cad,7850,sourced_cad,0.00045010324441282097,native density estimate; same-version native mechanical candidate; installation-envelope inertia remains approximate,ledger_item,cad/exports/body_bay_ankle_assembly/left_ankle_roll_shaft_washer.step,cad/exports/body_bay_ankle_assembly/left_ankle_roll_shaft_washer.stl,cad/source/body_bay_ankle_assembly/left_ankle_roll_shaft_washer_quad.npz,verified,false,unreleased,,,unresolved,,unresolved,,unresolved,,unresolved,,unresolved,robots/Goose_V0.1/cad/exports/body_bay_ankle_assembly/manifest.json,
left_ankle_roll_stationary_spider,,left_ankle_pitch,sourced,native_ankle_assembly,dimensioned_ankle_candidate,sourced_scene,titanium,steel,sourced_cad,7850,sourced_cad,0.015008395537316695,native density estimate; same-version native mechanical candidate; installation-envelope inertia remains approximate,ledger_item,cad/exports/body_bay_ankle_assembly/left_ankle_roll_stationary_spider.step,cad/exports/body_bay_ankle_assembly/left_ankle_roll_stationary_spider.stl,cad/source/body_bay_ankle_assembly/left_ankle_roll_stationary_spider_quad.npz,verified,false,unreleased,,,unresolved,,unresolved,,unresolved,,unresolved,,unresolved,robots/Goose_V0.1/cad/exports/body_bay_ankle_assembly/manifest.json,"C45 steel10g6 shaft,case rear4M2.5PCD47,2mm spider. | Independent rear radial support; rotating foot load plate does not attach to stator."
left_ankle_tapped_load_plate,,left_ankle_roll,sourced,native_ankle_assembly,dimensioned_ankle_candidate,sourced_scene,ivory,aluminium,sourced_cad,2700,sourced_cad,0.1462348976773179,native density estimate; same-version native mechanical candidate; installation-envelope inertia remains approximate,ledger_item,cad/exports/body_bay_ankle_assembly/left_ankle_tapped_load_plate.step,cad/exports/body_bay_ankle_assembly/left_ankle_tapped_load_plate.stl,cad/source/body_bay_ankle_assembly/left_ankle_tapped_load_plate_quad.npz,verified,false,unreleased,,,unresolved,,unresolved,,unresolved,,unresolved,,unresolved,robots/Goose_V0.1/cad/exports/body_bay_ankle_assembly/manifest.json,Replaces the earlier four-hole load plate;8 additional M3 through taps match both foot saddles. | The original four sole mounting taps are preserved.
left_battery_frame_post_0,,torso,sourced,body_bay_frame,native_load_path_candidate_OEM_bearing_capacity_pending,sourced_scene,graphite,aluminium_6061_t6_candidate,sourced_cad,2700,sourced_cad,0.0016074298104098797,same-version native CAD density estimate; unreleased manufacturing candidate,ledger_item,cad/exports/body_bay_frame/left_battery_frame_post_0.step,cad/exports/body_bay_frame/left_battery_frame_post_0.stl,cad/source/body_bay_frame/left_battery_frame_post_0_quad.npz,verified,false,unreleased,,,unresolved,,unresolved,,unresolved,,unresolved,,unresolved,robots/Goose_V0.1/cad/exports/body_bay_frame/manifest.json,"Turned6061 throughM3 post, length 14.100000000000023mm; end-to-end bolt and locknut stack pending complete release."
left_battery_frame_post_1,,torso,sourced,body_bay_frame,native_load_path_candidate_OEM_bearing_capacity_pending,sourced_scene,graphite,aluminium_6061_t6_candidate,sourced_cad,2700,sourced_cad,0.001607429810409879,same-version native CAD density estimate; unreleased manufacturing candidate,ledger_item,cad/exports/body_bay_frame/left_battery_frame_post_1.step,cad/exports/body_bay_frame/left_battery_frame_post_1.stl,cad/source/body_bay_frame/left_battery_frame_post_1_quad.npz,verified,false,unreleased,,,unresolved,,unresolved,,unresolved,,unresolved,,unresolved,robots/Goose_V0.1/cad/exports/body_bay_frame/manifest.json,"Turned6061 throughM3 post, length 14.100000000000023mm; end-to-end bolt and locknut stack pending complete release."
left_battery_support_rail,,torso,sourced,body_bay_frame,native_load_path_candidate_OEM_bearing_capacity_pending,sourced_scene,graphite,aluminium_6061_t6_candidate,sourced_cad,2700,sourced_cad,0.005831426557891937,same-version native CAD density estimate; unreleased manufacturing candidate,ledger_item,cad/exports/body_bay_frame/left_battery_support_rail.step,cad/exports/body_bay_frame/left_battery_support_rail.stl,cad/source/body_bay_frame/left_battery_support_rail_quad.npz,verified,false,unreleased,,,unresolved,,unresolved,,unresolved,,unresolved,,unresolved,robots/Goose_V0.1/cad/exports/body_bay_frame/manifest.json,"2.5mm6061. Battery allowance bottom333mm; rail top331.5mm leaves1.5mm pad allocation, not measured foam compression."
left_flexible_sole,,left_ankle_roll,sourced,left_foot,native_compliant_contact_candidate,sourced_scene,rubber,,unresolved,,unresolved,0.02699090691830246,"native CAD volume/material density, or explicitly labeled SKF bearing catalog mass; remaining allowances retained",ledger_item,,,cad/source/body_bay_preview/geometry/left_flexible_sole_quad.npz,verified,,unresolved,,,unresolved,,unresolved,,unresolved,,unresolved,,unresolved,,
left_foot_front_saddle,,left_ankle_roll,sourced,native_ankle_assembly,dimensioned_ankle_candidate,sourced_scene,ivory,aluminium,sourced_cad,2700,sourced_cad,0.029082421308094165,native density estimate; same-version native mechanical candidate; installation-envelope inertia remains approximate,ledger_item,cad/exports/body_bay_ankle_assembly/left_foot_front_saddle.step,cad/exports/body_bay_ankle_assembly/left_foot_front_saddle.stl,cad/source/body_bay_ankle_assembly/left_foot_front_saddle_quad.npz,verified,false,unreleased,,,unresolved,,unresolved,,unresolved,CNC6061-T6,sourced_cad_note,,unresolved,robots/Goose_V0.1/cad/exports/body_bay_ankle_assembly/manifest.json,"CNC6061-T6 foot saddle,5.5mm axial plate and4mm open side feet. | Load-plate screws M3x8+0.5mm washer give3.5mm engagement in4mm plate. | Rear seat SKF61800 19H7; no solid block across the motor floor."
left_foot_rear_saddle,,left_ankle_roll,sourced,native_ankle_assembly,dimensioned_ankle_candidate,sourced_scene,ivory,aluminium,sourced_cad,2700,sourced_cad,0.025323145739233312,native density estimate; same-version native mechanical candidate; installation-envelope inertia remains approximate,ledger_item,cad/exports/body_bay_ankle_assembly/left_foot_rear_saddle.step,cad/exports/body_bay_ankle_assembly/left_foot_rear_saddle.stl,cad/source/body_bay_ankle_assembly/left_foot_rear_saddle_quad.npz,verified,false,unreleased,,,unresolved,,unresolved,,unresolved,CNC6061-T6,sourced_cad_note,,unresolved,robots/Goose_V0.1/cad/exports/body_bay_ankle_assembly/manifest.json,"CNC6061-T6 foot saddle,5.5mm axial plate and4mm open side feet. | Load-plate screws M3x8+0.5mm washer give3.5mm engagement in4mm plate. | Rear seat SKF61800 19H7; no solid block across the motor floor."
left_foot_trim,,left_ankle_roll,sourced,left_foot,hollow_trim_candidate,sourced_scene,orange,,unresolved,,unresolved,0.005903257583686581,actual foot candidate solid volume; assumed material density,ledger_item,,,,unresolved,,unresolved,,,unresolved,,unresolved,,unresolved,,unresolved,,unresolved,,
left_foot_upper_aft,,left_ankle_roll,sourced,hollow_shoe_covers,native_candidate_attachment_unreleased,sourced_scene,ivory,,unresolved,1270,sourced_cad,0.00972952200298305,native density estimate; same-version native mechanical candidate; installation-envelope inertia remains approximate,ledger_item,cad/exports/hollow_shoe_covers/left_foot_upper_aft.step,cad/exports/hollow_shoe_covers/left_foot_upper_aft.stl,cad/source/hollow_shoe_covers/left_foot_upper_aft_quad.npz,verified,false,unreleased,,,unresolved,,unresolved,,unresolved,,unresolved,,unresolved,robots/Goose_V0.1/cad/exports/hollow_shoe_covers/manifest.json,"Native elliptical loft with2.4mm radial cavity offset; underside open atZ18mm. | R48 pitch and R57 cross-axis openings; orange toe cap begins beyondX96. Actual exposed ankle, not filled shoe volume. | Screw mounting, sweep clearance and print tolerances remain separate gates."
left_foot_upper_fore,,left_ankle_roll,sourced,hollow_shoe_covers,native_candidate_attachment_unreleased,sourced_scene,orange,,unresolved,1270,sourced_cad,0.008769312151993737,native density estimate; same-version native mechanical candidate; installation-envelope inertia remains approximate,ledger_item,cad/exports/hollow_shoe_covers/left_foot_upper_fore.step,cad/exports/hollow_shoe_covers/left_foot_upper_fore.stl,cad/source/hollow_shoe_covers/left_foot_upper_fore_quad.npz,verified,false,unreleased,,,unresolved,,unresolved,,unresolved,,unresolved,,unresolved,robots/Goose_V0.1/cad/exports/hollow_shoe_covers/manifest.json,"Native elliptical loft with2.4mm radial cavity offset; underside open atZ18mm. | R48 pitch and R57 cross-axis openings; orange toe cap begins beyondX96. Actual exposed ankle, not filled shoe volume. | Screw mounting, sweep clearance and print tolerances remain separate gates."
left_hip_pitch,left_hip_pitch_catalog_case,left_hip_roll,sourced,left_hip_pitch,manufacturer_dimension_cylinder_not_vendor_cad,sourced_scene,graphite,,unresolved,,unresolved,0.349,manufacturer mass; uniform cylinder inertia; output plane centered provisionally,ledger_item,,,,unresolved,,unresolved,AK45-36 V3.0 KV80,stage_two_contract_joint_and_stage_two_actuator_bom,sourced,185.9,proposed architecture; China stock/quotation pending,,unresolved,,unresolved,,unresolved,,
left_hip_pitch_static_front_carrier,,left_hip_roll,sourced,hip_roll_carriers,native_cross_axis_carrier_candidate,sourced_scene,ivory,aluminium_6061_t6_candidate,sourced_cad,2700,sourced_cad,0.02152800838478927,same-version native CAD density estimate; unreleased manufacturing candidate,ledger_item,cad/exports/body_bay_roll_carriers/left_hip_pitch_static_front_carrier.step,cad/exports/body_bay_roll_carriers/left_hip_pitch_static_front_carrier.stl,cad/source/body_bay_roll_carriers/left_hip_pitch_static_front_carrier_quad.npz,verified,false,unreleased,,,unresolved,,unresolved,,unresolved,CNC6061-T6,sourced_cad_note,,unresolved,robots/Goose_V0.1/cad/exports/body_bay_roll_carriers/manifest.json,CNC6061-T6 4mm; sixM3x8 +1mm washer into stator front:3mm insertion<=4mm. | ID42 clears output adapter radius20 with1mm radial gap; outer mounting ring stays separate from moving fork. | TwoM3x10 +0.5mm washer to corner block;5.5mm engagement in6mm through tap. | Child pitch case/front face retained; actual connector/wiring sweep and local strength remain gates.
left_hip_pitch_structure_allocation,,left_hip_pitch,sourced,,,unresolved,,,unresolved,,unresolved,0.01,retained10g hardware/lead allowance after native attachment replacement; not selected fastener/harness mass,ledger_item,,,,unresolved,,allocation_not_a_selected_part,,,unresolved,,unresolved,,unresolved,,unresolved,,unresolved,,
left_hip_roll,left_hip_roll_catalog_case,left_hip_yaw,sourced,left_hip_roll,manufacturer_dimension_cylinder_not_vendor_cad,sourced_scene,graphite,,unresolved,,unresolved,0.349,manufacturer mass; uniform cylinder inertia; output plane centered provisionally,ledger_item,,,,unresolved,,unresolved,AK45-36 V3.0 KV80,stage_two_contract_joint_and_stage_two_actuator_bom,sourced,185.9,proposed architecture; China stock/quotation pending,,unresolved,,unresolved,,unresolved,,
left_hip_roll_carrier_arm,,left_hip_roll,sourced,hip_roll_carriers,native_cross_axis_carrier_candidate,sourced_scene,ivory,aluminium_6061_t6_candidate,sourced_cad,2700,sourced_cad,0.02113619322995445,same-version native CAD density estimate; unreleased manufacturing candidate,ledger_item,cad/exports/body_bay_roll_carriers/left_hip_roll_carrier_arm.step,cad/exports/body_bay_roll_carriers/left_hip_roll_carrier_arm.stl,cad/source/body_bay_roll_carriers/left_hip_roll_carrier_arm_quad.npz,verified,false,unreleased,,,unresolved,,unresolved,,unresolved,CNC6061-T6,sourced_cad_note,,unresolved,robots/Goose_V0.1/cad/exports/body_bay_roll_carriers/manifest.json,CNC6061-T6 5.5mm flat plate; M3x10 +1mm washers into output adapter. | Two M3x12 +0.5mm washers to block;6mm engagement in8mm blind tap. | Six5.8mm tool/head access bores keep output screws independently accessible.
left_hip_roll_corner_block,,left_hip_roll,sourced,hip_roll_carriers,native_cross_axis_carrier_candidate,sourced_scene,ivory,aluminium_6061_t6_candidate,sourced_cad,2700,sourced_cad,0.005849699367794704,same-version native CAD density estimate; unreleased manufacturing candidate,ledger_item,cad/exports/body_bay_roll_carriers/left_hip_roll_corner_block.step,cad/exports/body_bay_roll_carriers/left_hip_roll_corner_block.stl,cad/source/body_bay_roll_carriers/left_hip_roll_corner_block_quad.npz,verified,false,unreleased,,,unresolved,,unresolved,,unresolved,CNC6061-T6,sourced_cad_note,,unresolved,robots/Goose_V0.1/cad/exports/body_bay_roll_carriers/manifest.json,"CNC6061-T6,12x6x32mm; twoM3 TAP blind8mm from arm side; twoM3 TAP through6mm from case plate side. | Orthogonal hole rows are separated8mm in Z; no crossed thread bores. | Case plate M3x10 +0.5mm washer:5.5mm insertion; no longer substitute."
left_hip_roll_output_adapter,,left_hip_roll,sourced,hip_roll_carriers,native_cross_axis_carrier_candidate,sourced_scene,ivory,aluminium_6061_t6_candidate,sourced_cad,2700,sourced_cad,0.012644013675642324,same-version native CAD density estimate; unreleased manufacturing candidate,ledger_item,cad/exports/body_bay_roll_carriers/left_hip_roll_output_adapter.step,cad/exports/body_bay_roll_carriers/left_hip_roll_output_adapter.stl,cad/source/body_bay_roll_carriers/left_hip_roll_output_adapter_quad.npz,verified,false,unreleased,,,unresolved,,unresolved,,unresolved,,unresolved,,unresolved,robots/Goose_V0.1/cad/exports/body_bay_roll_carriers/manifest.json,"Six M3x8 +0.5mm washers into catalog output holes;3.5mm insertion<=4.5mm. | Three existing M3 TAP at PCD32; carrier uses M3x10 +1mm washer,3.5mm engagement. | Native prototype geometry reused in the declared +X orientation, not a copied vendor motor."
left_hip_roll_structure_allocation,,left_hip_roll,sourced,,,unresolved,,,unresolved,,unresolved,0.01,additional adapter/harness allowance above previous mount reserve,ledger_item,,,,unresolved,,allocation_not_a_selected_part,,,unresolved,,unresolved,,unresolved,,unresolved,,unresolved,,
left_hip_yaw,left_hip_yaw_catalog_case,torso,sourced,left_hip_yaw,manufacturer_dimension_cylinder_not_vendor_cad,sourced_scene,graphite,,unresolved,,unresolved,0.19,manufacturer mass; uniform cylinder inertia; output plane centered provisionally,ledger_item,,,,unresolved,,unresolved,AK40-10 V3.0 KV170,stage_two_contract_joint_and_stage_two_actuator_bom,sourced,135.9,proposed architecture; China stock/quotation pending,,unresolved,,unresolved,,unresolved,,
left_hip_yaw_output_adapter,,left_hip_yaw,sourced,body_bay_frame,native_load_path_candidate_OEM_bearing_capacity_pending,sourced_scene,ivory,aluminium_6061_t6_candidate,sourced_cad,2700,sourced_cad,0.013905713243993494,same-version native CAD density estimate; unreleased manufacturing candidate,ledger_item,cad/exports/body_bay_frame/left_hip_yaw_output_adapter.step,cad/exports/body_bay_frame/left_hip_yaw_output_adapter.stl,cad/source/body_bay_frame/left_hip_yaw_output_adapter_quad.npz,verified,false,unreleased,,,unresolved,,unresolved,,unresolved,CNC6061-T6,sourced_cad_note,,unresolved,robots/Goose_V0.1/cad/exports/body_bay_frame/manifest.json,"CNC6061-T6 4mm. ThreeM2.5x8 with1.5mm total washers:2.5mm insertion<=3mm; no centering pilot depth invented. | ThreeM3 TAP through4mm atPCD34. U bracket M3x10 with1mm washer gives3.5mm thread engagement. | Actuator output-bearing radial/axial/moment rating, clamp preload and fatigue not yet released."
left_hip_yaw_structure_allocation,,left_hip_yaw,sourced,,,unresolved,,,unresolved,,unresolved,0.01,additional adapter/harness allowance above previous mount reserve,ledger_item,,,,unresolved,,allocation_not_a_selected_part,,,unresolved,,unresolved,,unresolved,,unresolved,,unresolved,,
left_hip_yaw_to_roll_u_carrier,,left_hip_yaw,sourced,body_bay_frame,native_load_path_candidate_OEM_bearing_capacity_pending,sourced_scene,ivory,aluminium_6061_t6_candidate,sourced_cad,2700,sourced_cad,0.07741953623662283,same-version native CAD density estimate; unreleased manufacturing candidate,ledger_item,cad/exports/body_bay_frame/left_hip_yaw_to_roll_u_carrier.step,cad/exports/body_bay_frame/left_hip_yaw_to_roll_u_carrier.stl,cad/source/body_bay_frame/left_hip_yaw_to_roll_u_carrier_quad.npz,verified,false,unreleased,,,unresolved,,unresolved,,unresolved,CNC6061-T6,sourced_cad_note,,unresolved,robots/Goose_V0.1/cad/exports/body_bay_frame/manifest.json,"One CNC6061-T6 billet part; top5.5mm, vertical5.5x24mm, bottom5.5mm bridge and4mm stator front ring. No unsupported butt weld. | SixM3x8 with1mm washer into roll stator front gives3mm insertion<=4mm. | Output openingID42 clears rotating roll adapter radius20; actual all-pose assembly, connector and local stress gates remain. | OEM yaw output-bearing capacity must support the overhung load or this carrier needs an independent bearing redesign."
left_knee_pitch,left_knee_pitch_catalog_case,left_hip_pitch,sourced,left_knee_pitch,manufacturer_dimension_cylinder_not_vendor_cad,sourced_scene,graphite,,unresolved,,unresolved,0.349,manufacturer mass; uniform cylinder inertia; output plane centered provisionally,ledger_item,,,,unresolved,,unresolved,AK45-36 V3.0 KV80,stage_two_contract_joint_and_stage_two_actuator_bom,sourced,185.9,proposed architecture; China stock/quotation pending,,unresolved,,unresolved,,unresolved,,
left_knee_pitch_structure_allocation,,left_knee_pitch,sourced,,,unresolved,,,unresolved,,unresolved,0.01,retained10g hardware/lead allowance after native attachment replacement; not selected fastener/harness mass,ledger_item,,,,unresolved,,allocation_not_a_selected_part,,,unresolved,,unresolved,,unresolved,,unresolved,,unresolved,,
left_shin_bearing_outer_retainer,,left_knee_pitch,sourced,native_pitch_assembly,dimensioned_attachment_unreleased_full_assembly,sourced_scene,ivory,aluminium,sourced_cad,2700,sourced_cad,0.0010033076692302339,same-version native CAD density estimate; unreleased manufacturing candidate,ledger_item,cad/exports/body_bay_pitch_forks/left_shin_bearing_outer_retainer.step,cad/exports/body_bay_pitch_forks/left_shin_bearing_outer_retainer.stl,cad/source/body_bay_pitch_forks/left_shin_bearing_outer_retainer_quad.npz,verified,false,unreleased,,,unresolved,,unresolved,,unresolved,,unresolved,,unresolved,robots/Goose_V0.1/cad/exports/body_bay_pitch_forks/manifest.json,Three M2.5x5 +0.5mm washer into fork M2.5 TAP3.5mm. | ID17 contacts outer race only; purchased bearing race abutment diagram must be matched.
left_shin_bridge,,left_knee_pitch,sourced,native_pitch_assembly,dimensioned_attachment_unreleased_full_assembly,sourced_scene,ivory,aluminium,sourced_cad,2700,sourced_cad,0.022806684991765417,same-version native CAD density estimate; unreleased manufacturing candidate,ledger_item,cad/exports/body_bay_pitch_forks/left_shin_bridge.step,cad/exports/body_bay_pitch_forks/left_shin_bridge.stl,cad/source/body_bay_pitch_forks/left_shin_bridge_quad.npz,verified,false,unreleased,,,unresolved,,unresolved,,unresolved,,unresolved,,unresolved,robots/Goose_V0.1/cad/exports/body_bay_pitch_forks/manifest.json,Four M3x12 with0.5mm washers;6mm engagement in M3 blind taps8mm.
left_shin_distal_front_spacer_0,,left_knee_pitch,sourced,native_pitch_assembly,dimensioned_attachment_unreleased_full_assembly,sourced_scene,ivory,aluminium,sourced_cad,2700,sourced_cad,0.0013110243134548637,same-version native CAD density estimate; unreleased manufacturing candidate,ledger_item,cad/exports/body_bay_pitch_forks/left_shin_distal_front_spacer_0.step,cad/exports/body_bay_pitch_forks/left_shin_distal_front_spacer_0.stl,cad/source/body_bay_pitch_forks/left_shin_distal_front_spacer_0_quad.npz,verified,false,unreleased,,,unresolved,,unresolved,,unresolved,,unresolved,,unresolved,robots/Goose_V0.1/cad/exports/body_bay_pitch_forks/manifest.json,Turned case stand-off replaces heavy full annular block; parallel ends0.03mm. | Never connect this static case spacer to the rotating output.
left_shin_distal_front_spacer_1,,left_knee_pitch,sourced,native_pitch_assembly,dimensioned_attachment_unreleased_full_assembly,sourced_scene,ivory,aluminium,sourced_cad,2700,sourced_cad,0.0013110243134548637,same-version native CAD density estimate; unreleased manufacturing candidate,ledger_item,cad/exports/body_bay_pitch_forks/left_shin_distal_front_spacer_1.step,cad/exports/body_bay_pitch_forks/left_shin_distal_front_spacer_1.stl,cad/source/body_bay_pitch_forks/left_shin_distal_front_spacer_1_quad.npz,verified,false,unreleased,,,unresolved,,unresolved,,unresolved,,unresolved,,unresolved,robots/Goose_V0.1/cad/exports/body_bay_pitch_forks/manifest.json,Turned case stand-off replaces heavy full annular block; parallel ends0.03mm. | Never connect this static case spacer to the rotating output.
left_shin_distal_front_spacer_2,,left_knee_pitch,sourced,native_pitch_assembly,dimensioned_attachment_unreleased_full_assembly,sourced_scene,ivory,aluminium,sourced_cad,2700,sourced_cad,0.0013110243134548637,same-version native CAD density estimate; unreleased manufacturing candidate,ledger_item,cad/exports/body_bay_pitch_forks/left_shin_distal_front_spacer_2.step,cad/exports/body_bay_pitch_forks/left_shin_distal_front_spacer_2.stl,cad/source/body_bay_pitch_forks/left_shin_distal_front_spacer_2_quad.npz,verified,false,unreleased,,,unresolved,,unresolved,,unresolved,,unresolved,,unresolved,robots/Goose_V0.1/cad/exports/body_bay_pitch_forks/manifest.json,Turned case stand-off replaces heavy full annular block; parallel ends0.03mm. | Never connect this static case spacer to the rotating output.
left_shin_distal_front_spacer_3,,left_knee_pitch,sourced,native_pitch_assembly,dimensioned_attachment_unreleased_full_assembly,sourced_scene,ivory,aluminium,sourced_cad,2700,sourced_cad,0.0013110243134548637,same-version native CAD density estimate; unreleased manufacturing candidate,ledger_item,cad/exports/body_bay_pitch_forks/left_shin_distal_front_spacer_3.step,cad/exports/body_bay_pitch_forks/left_shin_distal_front_spacer_3.stl,cad/source/body_bay_pitch_forks/left_shin_distal_front_spacer_3_quad.npz,verified,false,unreleased,,,unresolved,,unresolved,,unresolved,,unresolved,,unresolved,robots/Goose_V0.1/cad/exports/body_bay_pitch_forks/manifest.json,Turned case stand-off replaces heavy full annular block; parallel ends0.03mm. | Never connect this static case spacer to the rotating output.
left_shin_distal_front_spacer_4,,left_knee_pitch,sourced,native_pitch_assembly,dimensioned_attachment_unreleased_full_assembly,sourced_scene,ivory,aluminium,sourced_cad,2700,sourced_cad,0.0013110243134548637,same-version native CAD density estimate; unreleased manufacturing candidate,ledger_item,cad/exports/body_bay_pitch_forks/left_shin_distal_front_spacer_4.step,cad/exports/body_bay_pitch_forks/left_shin_distal_front_spacer_4.stl,cad/source/body_bay_pitch_forks/left_shin_distal_front_spacer_4_quad.npz,verified,false,unreleased,,,unresolved,,unresolved,,unresolved,,unresolved,,unresolved,robots/Goose_V0.1/cad/exports/body_bay_pitch_forks/manifest.json,Turned case stand-off replaces heavy full annular block; parallel ends0.03mm. | Never connect this static case spacer to the rotating output.
left_shin_distal_front_spacer_5,,left_knee_pitch,sourced,native_pitch_assembly,dimensioned_attachment_unreleased_full_assembly,sourced_scene,ivory,aluminium,sourced_cad,2700,sourced_cad,0.0013110243134548637,same-version native CAD density estimate; unreleased manufacturing candidate,ledger_item,cad/exports/body_bay_pitch_forks/left_shin_distal_front_spacer_5.step,cad/exports/body_bay_pitch_forks/left_shin_distal_front_spacer_5.stl,cad/source/body_bay_pitch_forks/left_shin_distal_front_spacer_5_quad.npz,verified,false,unreleased,,,unresolved,,unresolved,,unresolved,,unresolved,,unresolved,robots/Goose_V0.1/cad/exports/body_bay_pitch_forks/manifest.json,Turned case stand-off replaces heavy full annular block; parallel ends0.03mm. | Never connect this static case spacer to the rotating output.
left_shin_distal_rear_spacer_inner_0,,left_knee_pitch,sourced,native_pitch_assembly,dimensioned_attachment_unreleased_full_assembly,sourced_scene,ivory,aluminium,sourced_cad,2700,sourced_cad,0.00011400211421346639,same-version native CAD density estimate; unreleased manufacturing candidate,ledger_item,cad/exports/body_bay_pitch_forks/left_shin_distal_rear_spacer_inner_0.step,cad/exports/body_bay_pitch_forks/left_shin_distal_rear_spacer_inner_0.stl,cad/source/body_bay_pitch_forks/left_shin_distal_rear_spacer_inner_0_quad.npz,verified,false,unreleased,,,unresolved,,unresolved,,unresolved,,unresolved,,unresolved,robots/Goose_V0.1/cad/exports/body_bay_pitch_forks/manifest.json,"Turned aluminium spacer; two end faces parallel within0.03mm. | If next fork exists, its stationary steel spider fills the2mm middle stack. Shared case screw, not two screws."
left_shin_distal_rear_spacer_inner_1,,left_knee_pitch,sourced,native_pitch_assembly,dimensioned_attachment_unreleased_full_assembly,sourced_scene,ivory,aluminium,sourced_cad,2700,sourced_cad,0.00011400211421346635,same-version native CAD density estimate; unreleased manufacturing candidate,ledger_item,cad/exports/body_bay_pitch_forks/left_shin_distal_rear_spacer_inner_1.step,cad/exports/body_bay_pitch_forks/left_shin_distal_rear_spacer_inner_1.stl,cad/source/body_bay_pitch_forks/left_shin_distal_rear_spacer_inner_1_quad.npz,verified,false,unreleased,,,unresolved,,unresolved,,unresolved,,unresolved,,unresolved,robots/Goose_V0.1/cad/exports/body_bay_pitch_forks/manifest.json,"Turned aluminium spacer; two end faces parallel within0.03mm. | If next fork exists, its stationary steel spider fills the2mm middle stack. Shared case screw, not two screws."
left_shin_distal_rear_spacer_inner_2,,left_knee_pitch,sourced,native_pitch_assembly,dimensioned_attachment_unreleased_full_assembly,sourced_scene,ivory,aluminium,sourced_cad,2700,sourced_cad,0.00011400211421346639,same-version native CAD density estimate; unreleased manufacturing candidate,ledger_item,cad/exports/body_bay_pitch_forks/left_shin_distal_rear_spacer_inner_2.step,cad/exports/body_bay_pitch_forks/left_shin_distal_rear_spacer_inner_2.stl,cad/source/body_bay_pitch_forks/left_shin_distal_rear_spacer_inner_2_quad.npz,verified,false,unreleased,,,unresolved,,unresolved,,unresolved,,unresolved,,unresolved,robots/Goose_V0.1/cad/exports/body_bay_pitch_forks/manifest.json,"Turned aluminium spacer; two end faces parallel within0.03mm. | If next fork exists, its stationary steel spider fills the2mm middle stack. Shared case screw, not two screws."
left_shin_distal_rear_spacer_inner_3,,left_knee_pitch,sourced,native_pitch_assembly,dimensioned_attachment_unreleased_full_assembly,sourced_scene,ivory,aluminium,sourced_cad,2700,sourced_cad,0.00011400211421346637,same-version native CAD density estimate; unreleased manufacturing candidate,ledger_item,cad/exports/body_bay_pitch_forks/left_shin_distal_rear_spacer_inner_3.step,cad/exports/body_bay_pitch_forks/left_shin_distal_rear_spacer_inner_3.stl,cad/source/body_bay_pitch_forks/left_shin_distal_rear_spacer_inner_3_quad.npz,verified,false,unreleased,,,unresolved,,unresolved,,unresolved,,unresolved,,unresolved,robots/Goose_V0.1/cad/exports/body_bay_pitch_forks/manifest.json,"Turned aluminium spacer; two end faces parallel within0.03mm. | If next fork exists, its stationary steel spider fills the2mm middle stack. Shared case screw, not two screws."
left_shin_distal_rear_spacer_outer_0,,left_knee_pitch,sourced,native_pitch_assembly,dimensioned_attachment_unreleased_full_assembly,sourced_scene,ivory,aluminium,sourced_cad,2700,sourced_cad,0.0013110243134548639,same-version native CAD density estimate; unreleased manufacturing candidate,ledger_item,cad/exports/body_bay_pitch_forks/left_shin_distal_rear_spacer_outer_0.step,cad/exports/body_bay_pitch_forks/left_shin_distal_rear_spacer_outer_0.stl,cad/source/body_bay_pitch_forks/left_shin_distal_rear_spacer_outer_0_quad.npz,verified,false,unreleased,,,unresolved,,unresolved,,unresolved,,unresolved,,unresolved,robots/Goose_V0.1/cad/exports/body_bay_pitch_forks/manifest.json,"Turned aluminium spacer; two end faces parallel within0.03mm. | If next fork exists, its stationary steel spider fills the2mm middle stack. Shared case screw, not two screws."
left_shin_distal_rear_spacer_outer_1,,left_knee_pitch,sourced,native_pitch_assembly,dimensioned_attachment_unreleased_full_assembly,sourced_scene,ivory,aluminium,sourced_cad,2700,sourced_cad,0.0013110243134548632,same-version native CAD density estimate; unreleased manufacturing candidate,ledger_item,cad/exports/body_bay_pitch_forks/left_shin_distal_rear_spacer_outer_1.step,cad/exports/body_bay_pitch_forks/left_shin_distal_rear_spacer_outer_1.stl,cad/source/body_bay_pitch_forks/left_shin_distal_rear_spacer_outer_1_quad.npz,verified,false,unreleased,,,unresolved,,unresolved,,unresolved,,unresolved,,unresolved,robots/Goose_V0.1/cad/exports/body_bay_pitch_forks/manifest.json,"Turned aluminium spacer; two end faces parallel within0.03mm. | If next fork exists, its stationary steel spider fills the2mm middle stack. Shared case screw, not two screws."
left_shin_distal_rear_spacer_outer_2,,left_knee_pitch,sourced,native_pitch_assembly,dimensioned_attachment_unreleased_full_assembly,sourced_scene,ivory,aluminium,sourced_cad,2700,sourced_cad,0.0013110243134548637,same-version native CAD density estimate; unreleased manufacturing candidate,ledger_item,cad/exports/body_bay_pitch_forks/left_shin_distal_rear_spacer_outer_2.step,cad/exports/body_bay_pitch_forks/left_shin_distal_rear_spacer_outer_2.stl,cad/source/body_bay_pitch_forks/left_shin_distal_rear_spacer_outer_2_quad.npz,verified,false,unreleased,,,unresolved,,unresolved,,unresolved,,unresolved,,unresolved,robots/Goose_V0.1/cad/exports/body_bay_pitch_forks/manifest.json,"Turned aluminium spacer; two end faces parallel within0.03mm. | If next fork exists, its stationary steel spider fills the2mm middle stack. Shared case screw, not two screws."
left_shin_distal_rear_spacer_outer_3,,left_knee_pitch,sourced,native_pitch_assembly,dimensioned_attachment_unreleased_full_assembly,sourced_scene,ivory,aluminium,sourced_cad,2700,sourced_cad,0.0013110243134548637,same-version native CAD density estimate; unreleased manufacturing candidate,ledger_item,cad/exports/body_bay_pitch_forks/left_shin_distal_rear_spacer_outer_3.step,cad/exports/body_bay_pitch_forks/left_shin_distal_rear_spacer_outer_3.stl,cad/source/body_bay_pitch_forks/left_shin_distal_rear_spacer_outer_3_quad.npz,verified,false,unreleased,,,unresolved,,unresolved,,unresolved,,unresolved,,unresolved,robots/Goose_V0.1/cad/exports/body_bay_pitch_forks/manifest.json,"Turned aluminium spacer; two end faces parallel within0.03mm. | If next fork exists, its stationary steel spider fills the2mm middle stack. Shared case screw, not two screws."
left_shin_idler_bearing_installation,,left_knee_pitch,sourced,native_pitch_assembly,dimensioned_attachment_unreleased_full_assembly,sourced_scene,titanium,steel,sourced_cad,7850,sourced_cad,0.0053,same-version native CAD density estimate; unreleased manufacturing candidate,ledger_item,cad/exports/body_bay_pitch_forks/left_shin_idler_bearing_installation.step,cad/exports/body_bay_pitch_forks/left_shin_idler_bearing_installation.stl,cad/source/body_bay_pitch_forks/left_shin_idler_bearing_installation_quad.npz,verified,false,unreleased,SKF61800,cad_note,sourced,,unresolved,,unresolved,,unresolved,,unresolved,robots/Goose_V0.1/cad/exports/body_bay_pitch_forks/manifest.json,"Purchased SKF61800,10x19x5; installation envelope, NOT a manufactured plain steel sleeve. | Use catalog mass and dynamic behavior, not this envelope density."
left_shin_idler_fork_plate,,left_knee_pitch,sourced,native_pitch_assembly,dimensioned_attachment_unreleased_full_assembly,sourced_scene,ivory,aluminium,sourced_cad,2700,sourced_cad,0.04951235385455239,same-version native CAD density estimate; unreleased manufacturing candidate,ledger_item,cad/exports/body_bay_pitch_forks/left_shin_idler_fork_plate.step,cad/exports/body_bay_pitch_forks/left_shin_idler_fork_plate.stl,cad/source/body_bay_pitch_forks/left_shin_idler_fork_plate_quad.npz,verified,false,unreleased,,,unresolved,,unresolved,,unresolved,CNC6061-T6,sourced_cad_note,,unresolved,robots/Goose_V0.1/cad/exports/body_bay_pitch_forks/manifest.json,"CNC6061-T6,5.5mm. SKF61800 outer seat19H7; inner shoulder0.5mm. | Three M2.5 TAP holes secure the separate outer-race cover."
left_shin_output_adapter,,left_knee_pitch,sourced,native_pitch_assembly,dimensioned_attachment_unreleased_full_assembly,sourced_scene,ivory,aluminium,sourced_cad,2700,sourced_cad,0.032032253678928375,same-version native CAD density estimate; unreleased manufacturing candidate,ledger_item,cad/exports/body_bay_pitch_forks/left_shin_output_adapter.step,cad/exports/body_bay_pitch_forks/left_shin_output_adapter.stl,cad/source/body_bay_pitch_forks/left_shin_output_adapter_quad.npz,verified,false,unreleased,,,unresolved,,unresolved,,unresolved,,unresolved,,unresolved,robots/Goose_V0.1/cad/exports/body_bay_pitch_forks/manifest.json,"Three M3 TAP through holes at PCD32; deburr, minimum effective thread3.5mm. | Motor M3x8 +0.5mm washer at level0; M3x16 +1.5mm washers at level1; max4.5mm insertion. | Fork M3x10 +1mm washer:3.5mm thread engagement; do not substitute longer screws."
left_shin_output_fork_plate,,left_knee_pitch,sourced,native_pitch_assembly,dimensioned_attachment_unreleased_full_assembly,sourced_scene,ivory,aluminium,sourced_cad,2700,sourced_cad,0.048128546645579175,same-version native CAD density estimate; unreleased manufacturing candidate,ledger_item,cad/exports/body_bay_pitch_forks/left_shin_output_fork_plate.step,cad/exports/body_bay_pitch_forks/left_shin_output_fork_plate.stl,cad/source/body_bay_pitch_forks/left_shin_output_fork_plate_quad.npz,verified,false,unreleased,,,unresolved,,unresolved,,unresolved,CNC6061-T6,sourced_cad_note,,unresolved,robots/Goose_V0.1/cad/exports/body_bay_pitch_forks/manifest.json,"CNC6061-T6,5.5mm, white paint outside fits; no paint on joint interfaces."
left_shin_shaft_end_washer,,left_hip_pitch,sourced,native_pitch_assembly,dimensioned_attachment_unreleased_full_assembly,sourced_scene,titanium,steel,sourced_cad,7850,sourced_cad,0.0004501032444128212,same-version native CAD density estimate; unreleased manufacturing candidate,ledger_item,cad/exports/body_bay_pitch_forks/left_shin_shaft_end_washer.step,cad/exports/body_bay_pitch_forks/left_shin_shaft_end_washer.stl,cad/source/body_bay_pitch_forks/left_shin_shaft_end_washer_quad.npz,verified,false,unreleased,,,unresolved,,unresolved,,unresolved,,unresolved,,unresolved,robots/Goose_V0.1/cad/exports/body_bay_pitch_forks/manifest.json,"0.5mm steel washer OD12.5 ID3.2. M3x6 into stationary shaft. | 0.4mm axial float at inner race is intentional, not uncontrolled press preload."
left_shin_stationary_idler_spider,,left_hip_pitch,sourced,native_pitch_assembly,dimensioned_attachment_unreleased_full_assembly,sourced_scene,titanium,steel,sourced_cad,7850,sourced_cad,0.027911827386450486,same-version native CAD density estimate; unreleased manufacturing candidate,ledger_item,cad/exports/body_bay_pitch_forks/left_shin_stationary_idler_spider.step,cad/exports/body_bay_pitch_forks/left_shin_stationary_idler_spider.stl,cad/source/body_bay_pitch_forks/left_shin_stationary_idler_spider_quad.npz,verified,false,unreleased,,,unresolved,,unresolved,,unresolved,,unresolved,,unresolved,robots/Goose_V0.1/cad/exports/body_bay_pitch_forks/manifest.json,"C45 steel, shaft10g6, bearing inner ring slip fit; outer retaining washer contacts INNER RING only. | Four M3x8 grade10.9 +0.5mm washer +1mm standoff:4.5mm insertion, max5. | End M3 TAP depth8; use M3x6 +0.5mm washer. Shaft shoulder/washer must clear bearing seals. | Rear driver/cable cooling and mating plug remain whole-assembly gates."
left_thigh_bearing_outer_retainer,,left_hip_pitch,sourced,native_pitch_assembly,dimensioned_attachment_unreleased_full_assembly,sourced_scene,ivory,aluminium,sourced_cad,2700,sourced_cad,0.0010033076692302339,same-version native CAD density estimate; unreleased manufacturing candidate,ledger_item,cad/exports/body_bay_pitch_forks/left_thigh_bearing_outer_retainer.step,cad/exports/body_bay_pitch_forks/left_thigh_bearing_outer_retainer.stl,cad/source/body_bay_pitch_forks/left_thigh_bearing_outer_retainer_quad.npz,verified,false,unreleased,,,unresolved,,unresolved,,unresolved,,unresolved,,unresolved,robots/Goose_V0.1/cad/exports/body_bay_pitch_forks/manifest.json,Three M2.5x5 +0.5mm washer into fork M2.5 TAP3.5mm. | ID17 contacts outer race only; purchased bearing race abutment diagram must be matched.
left_thigh_bridge,,left_hip_pitch,sourced,native_pitch_assembly,dimensioned_attachment_unreleased_full_assembly,sourced_scene,ivory,aluminium,sourced_cad,2700,sourced_cad,0.020279484991765358,same-version native CAD density estimate; unreleased manufacturing candidate,ledger_item,cad/exports/body_bay_pitch_forks/left_thigh_bridge.step,cad/exports/body_bay_pitch_forks/left_thigh_bridge.stl,cad/source/body_bay_pitch_forks/left_thigh_bridge_quad.npz,verified,false,unreleased,,,unresolved,,unresolved,,unresolved,,unresolved,,unresolved,robots/Goose_V0.1/cad/exports/body_bay_pitch_forks/manifest.json,Four M3x12 with0.5mm washers;6mm engagement in M3 blind taps8mm.
left_thigh_distal_front_spacer_0,,left_hip_pitch,sourced,native_pitch_assembly,dimensioned_attachment_unreleased_full_assembly,sourced_scene,ivory,aluminium,sourced_cad,2700,sourced_cad,0.0005700105710673322,same-version native CAD density estimate; unreleased manufacturing candidate,ledger_item,cad/exports/body_bay_pitch_forks/left_thigh_distal_front_spacer_0.step,cad/exports/body_bay_pitch_forks/left_thigh_distal_front_spacer_0.stl,cad/source/body_bay_pitch_forks/left_thigh_distal_front_spacer_0_quad.npz,verified,false,unreleased,,,unresolved,,unresolved,,unresolved,,unresolved,,unresolved,robots/Goose_V0.1/cad/exports/body_bay_pitch_forks/manifest.json,Turned case stand-off replaces heavy full annular block; parallel ends0.03mm. | Never connect this static case spacer to the rotating output.
left_thigh_distal_front_spacer_1,,left_hip_pitch,sourced,native_pitch_assembly,dimensioned_attachment_unreleased_full_assembly,sourced_scene,ivory,aluminium,sourced_cad,2700,sourced_cad,0.0005700105710673318,same-version native CAD density estimate; unreleased manufacturing candidate,ledger_item,cad/exports/body_bay_pitch_forks/left_thigh_distal_front_spacer_1.step,cad/exports/body_bay_pitch_forks/left_thigh_distal_front_spacer_1.stl,cad/source/body_bay_pitch_forks/left_thigh_distal_front_spacer_1_quad.npz,verified,false,unreleased,,,unresolved,,unresolved,,unresolved,,unresolved,,unresolved,robots/Goose_V0.1/cad/exports/body_bay_pitch_forks/manifest.json,Turned case stand-off replaces heavy full annular block; parallel ends0.03mm. | Never connect this static case spacer to the rotating output.
left_thigh_distal_front_spacer_2,,left_hip_pitch,sourced,native_pitch_assembly,dimensioned_attachment_unreleased_full_assembly,sourced_scene,ivory,aluminium,sourced_cad,2700,sourced_cad,0.000570010571067332,same-version native CAD density estimate; unreleased manufacturing candidate,ledger_item,cad/exports/body_bay_pitch_forks/left_thigh_distal_front_spacer_2.step,cad/exports/body_bay_pitch_forks/left_thigh_distal_front_spacer_2.stl,cad/source/body_bay_pitch_forks/left_thigh_distal_front_spacer_2_quad.npz,verified,false,unreleased,,,unresolved,,unresolved,,unresolved,,unresolved,,unresolved,robots/Goose_V0.1/cad/exports/body_bay_pitch_forks/manifest.json,Turned case stand-off replaces heavy full annular block; parallel ends0.03mm. | Never connect this static case spacer to the rotating output.
left_thigh_distal_front_spacer_3,,left_hip_pitch,sourced,native_pitch_assembly,dimensioned_attachment_unreleased_full_assembly,sourced_scene,ivory,aluminium,sourced_cad,2700,sourced_cad,0.000570010571067332,same-version native CAD density estimate; unreleased manufacturing candidate,ledger_item,cad/exports/body_bay_pitch_forks/left_thigh_distal_front_spacer_3.step,cad/exports/body_bay_pitch_forks/left_thigh_distal_front_spacer_3.stl,cad/source/body_bay_pitch_forks/left_thigh_distal_front_spacer_3_quad.npz,verified,false,unreleased,,,unresolved,,unresolved,,unresolved,,unresolved,,unresolved,robots/Goose_V0.1/cad/exports/body_bay_pitch_forks/manifest.json,Turned case stand-off replaces heavy full annular block; parallel ends0.03mm. | Never connect this static case spacer to the rotating output.
left_thigh_distal_front_spacer_4,,left_hip_pitch,sourced,native_pitch_assembly,dimensioned_attachment_unreleased_full_assembly,sourced_scene,ivory,aluminium,sourced_cad,2700,sourced_cad,0.000570010571067332,same-version native CAD density estimate; unreleased manufacturing candidate,ledger_item,cad/exports/body_bay_pitch_forks/left_thigh_distal_front_spacer_4.step,cad/exports/body_bay_pitch_forks/left_thigh_distal_front_spacer_4.stl,cad/source/body_bay_pitch_forks/left_thigh_distal_front_spacer_4_quad.npz,verified,false,unreleased,,,unresolved,,unresolved,,unresolved,,unresolved,,unresolved,robots/Goose_V0.1/cad/exports/body_bay_pitch_forks/manifest.json,Turned case stand-off replaces heavy full annular block; parallel ends0.03mm. | Never connect this static case spacer to the rotating output.
left_thigh_distal_front_spacer_5,,left_hip_pitch,sourced,native_pitch_assembly,dimensioned_attachment_unreleased_full_assembly,sourced_scene,ivory,aluminium,sourced_cad,2700,sourced_cad,0.0005700105710673319,same-version native CAD density estimate; unreleased manufacturing candidate,ledger_item,cad/exports/body_bay_pitch_forks/left_thigh_distal_front_spacer_5.step,cad/exports/body_bay_pitch_forks/left_thigh_distal_front_spacer_5.stl,cad/source/body_bay_pitch_forks/left_thigh_distal_front_spacer_5_quad.npz,verified,false,unreleased,,,unresolved,,unresolved,,unresolved,,unresolved,,unresolved,robots/Goose_V0.1/cad/exports/body_bay_pitch_forks/manifest.json,Turned case stand-off replaces heavy full annular block; parallel ends0.03mm. | Never connect this static case spacer to the rotating output.
left_thigh_distal_rear_spacer_inner_0,,left_hip_pitch,sourced,native_pitch_assembly,dimensioned_attachment_unreleased_full_assembly,sourced_scene,ivory,aluminium,sourced_cad,2700,sourced_cad,0.00011400211421346639,same-version native CAD density estimate; unreleased manufacturing candidate,ledger_item,cad/exports/body_bay_pitch_forks/left_thigh_distal_rear_spacer_inner_0.step,cad/exports/body_bay_pitch_forks/left_thigh_distal_rear_spacer_inner_0.stl,cad/source/body_bay_pitch_forks/left_thigh_distal_rear_spacer_inner_0_quad.npz,verified,false,unreleased,,,unresolved,,unresolved,,unresolved,,unresolved,,unresolved,robots/Goose_V0.1/cad/exports/body_bay_pitch_forks/manifest.json,"Turned aluminium spacer; two end faces parallel within0.03mm. | If next fork exists, its stationary steel spider fills the2mm middle stack. Shared case screw, not two screws."
left_thigh_distal_rear_spacer_inner_1,,left_hip_pitch,sourced,native_pitch_assembly,dimensioned_attachment_unreleased_full_assembly,sourced_scene,ivory,aluminium,sourced_cad,2700,sourced_cad,0.00011400211421346639,same-version native CAD density estimate; unreleased manufacturing candidate,ledger_item,cad/exports/body_bay_pitch_forks/left_thigh_distal_rear_spacer_inner_1.step,cad/exports/body_bay_pitch_forks/left_thigh_distal_rear_spacer_inner_1.stl,cad/source/body_bay_pitch_forks/left_thigh_distal_rear_spacer_inner_1_quad.npz,verified,false,unreleased,,,unresolved,,unresolved,,unresolved,,unresolved,,unresolved,robots/Goose_V0.1/cad/exports/body_bay_pitch_forks/manifest.json,"Turned aluminium spacer; two end faces parallel within0.03mm. | If next fork exists, its stationary steel spider fills the2mm middle stack. Shared case screw, not two screws."
left_thigh_distal_rear_spacer_inner_2,,left_hip_pitch,sourced,native_pitch_assembly,dimensioned_attachment_unreleased_full_assembly,sourced_scene,ivory,aluminium,sourced_cad,2700,sourced_cad,0.00011400211421346647,same-version native CAD density estimate; unreleased manufacturing candidate,ledger_item,cad/exports/body_bay_pitch_forks/left_thigh_distal_rear_spacer_inner_2.step,cad/exports/body_bay_pitch_forks/left_thigh_distal_rear_spacer_inner_2.stl,cad/source/body_bay_pitch_forks/left_thigh_distal_rear_spacer_inner_2_quad.npz,verified,false,unreleased,,,unresolved,,unresolved,,unresolved,,unresolved,,unresolved,robots/Goose_V0.1/cad/exports/body_bay_pitch_forks/manifest.json,"Turned aluminium spacer; two end faces parallel within0.03mm. | If next fork exists, its stationary steel spider fills the2mm middle stack. Shared case screw, not two screws."
left_thigh_distal_rear_spacer_inner_3,,left_hip_pitch,sourced,native_pitch_assembly,dimensioned_attachment_unreleased_full_assembly,sourced_scene,ivory,aluminium,sourced_cad,2700,sourced_cad,0.00011400211421346643,same-version native CAD density estimate; unreleased manufacturing candidate,ledger_item,cad/exports/body_bay_pitch_forks/left_thigh_distal_rear_spacer_inner_3.step,cad/exports/body_bay_pitch_forks/left_thigh_distal_rear_spacer_inner_3.stl,cad/source/body_bay_pitch_forks/left_thigh_distal_rear_spacer_inner_3_quad.npz,verified,false,unreleased,,,unresolved,,unresolved,,unresolved,,unresolved,,unresolved,robots/Goose_V0.1/cad/exports/body_bay_pitch_forks/manifest.json,"Turned aluminium spacer; two end faces parallel within0.03mm. | If next fork exists, its stationary steel spider fills the2mm middle stack. Shared case screw, not two screws."
left_thigh_distal_rear_spacer_outer_0,,left_hip_pitch,sourced,native_pitch_assembly,dimensioned_attachment_unreleased_full_assembly,sourced_scene,ivory,aluminium,sourced_cad,2700,sourced_cad,0.000570010571067332,same-version native CAD density estimate; unreleased manufacturing candidate,ledger_item,cad/exports/body_bay_pitch_forks/left_thigh_distal_rear_spacer_outer_0.step,cad/exports/body_bay_pitch_forks/left_thigh_distal_rear_spacer_outer_0.stl,cad/source/body_bay_pitch_forks/left_thigh_distal_rear_spacer_outer_0_quad.npz,verified,false,unreleased,,,unresolved,,unresolved,,unresolved,,unresolved,,unresolved,robots/Goose_V0.1/cad/exports/body_bay_pitch_forks/manifest.json,"Turned aluminium spacer; two end faces parallel within0.03mm. | If next fork exists, its stationary steel spider fills the2mm middle stack. Shared case screw, not two screws."
left_thigh_distal_rear_spacer_outer_1,,left_hip_pitch,sourced,native_pitch_assembly,dimensioned_attachment_unreleased_full_assembly,sourced_scene,ivory,aluminium,sourced_cad,2700,sourced_cad,0.000570010571067332,same-version native CAD density estimate; unreleased manufacturing candidate,ledger_item,cad/exports/body_bay_pitch_forks/left_thigh_distal_rear_spacer_outer_1.step,cad/exports/body_bay_pitch_forks/left_thigh_distal_rear_spacer_outer_1.stl,cad/source/body_bay_pitch_forks/left_thigh_distal_rear_spacer_outer_1_quad.npz,verified,false,unreleased,,,unresolved,,unresolved,,unresolved,,unresolved,,unresolved,robots/Goose_V0.1/cad/exports/body_bay_pitch_forks/manifest.json,"Turned aluminium spacer; two end faces parallel within0.03mm. | If next fork exists, its stationary steel spider fills the2mm middle stack. Shared case screw, not two screws."
left_thigh_distal_rear_spacer_outer_2,,left_hip_pitch,sourced,native_pitch_assembly,dimensioned_attachment_unreleased_full_assembly,sourced_scene,ivory,aluminium,sourced_cad,2700,sourced_cad,0.0005700105710673323,same-version native CAD density estimate; unreleased manufacturing candidate,ledger_item,cad/exports/body_bay_pitch_forks/left_thigh_distal_rear_spacer_outer_2.step,cad/exports/body_bay_pitch_forks/left_thigh_distal_rear_spacer_outer_2.stl,cad/source/body_bay_pitch_forks/left_thigh_distal_rear_spacer_outer_2_quad.npz,verified,false,unreleased,,,unresolved,,unresolved,,unresolved,,unresolved,,unresolved,robots/Goose_V0.1/cad/exports/body_bay_pitch_forks/manifest.json,"Turned aluminium spacer; two end faces parallel within0.03mm. | If next fork exists, its stationary steel spider fills the2mm middle stack. Shared case screw, not two screws."
left_thigh_distal_rear_spacer_outer_3,,left_hip_pitch,sourced,native_pitch_assembly,dimensioned_attachment_unreleased_full_assembly,sourced_scene,ivory,aluminium,sourced_cad,2700,sourced_cad,0.0005700105710673323,same-version native CAD density estimate; unreleased manufacturing candidate,ledger_item,cad/exports/body_bay_pitch_forks/left_thigh_distal_rear_spacer_outer_3.step,cad/exports/body_bay_pitch_forks/left_thigh_distal_rear_spacer_outer_3.stl,cad/source/body_bay_pitch_forks/left_thigh_distal_rear_spacer_outer_3_quad.npz,verified,false,unreleased,,,unresolved,,unresolved,,unresolved,,unresolved,,unresolved,robots/Goose_V0.1/cad/exports/body_bay_pitch_forks/manifest.json,"Turned aluminium spacer; two end faces parallel within0.03mm. | If next fork exists, its stationary steel spider fills the2mm middle stack. Shared case screw, not two screws."
left_thigh_idler_bearing_installation,,left_hip_pitch,sourced,native_pitch_assembly,dimensioned_attachment_unreleased_full_assembly,sourced_scene,titanium,steel,sourced_cad,7850,sourced_cad,0.0053,same-version native CAD density estimate; unreleased manufacturing candidate,ledger_item,cad/exports/body_bay_pitch_forks/left_thigh_idler_bearing_installation.step,cad/exports/body_bay_pitch_forks/left_thigh_idler_bearing_installation.stl,cad/source/body_bay_pitch_forks/left_thigh_idler_bearing_installation_quad.npz,verified,false,unreleased,SKF61800,cad_note,sourced,,unresolved,,unresolved,,unresolved,,unresolved,robots/Goose_V0.1/cad/exports/body_bay_pitch_forks/manifest.json,"Purchased SKF61800,10x19x5; installation envelope, NOT a manufactured plain steel sleeve. | Use catalog mass and dynamic behavior, not this envelope density."
left_thigh_idler_fork_plate,,left_hip_pitch,sourced,native_pitch_assembly,dimensioned_attachment_unreleased_full_assembly,sourced_scene,ivory,aluminium,sourced_cad,2700,sourced_cad,0.05972419981641314,same-version native CAD density estimate; unreleased manufacturing candidate,ledger_item,cad/exports/body_bay_pitch_forks/left_thigh_idler_fork_plate.step,cad/exports/body_bay_pitch_forks/left_thigh_idler_fork_plate.stl,cad/source/body_bay_pitch_forks/left_thigh_idler_fork_plate_quad.npz,verified,false,unreleased,,,unresolved,,unresolved,,unresolved,CNC6061-T6,sourced_cad_note,,unresolved,robots/Goose_V0.1/cad/exports/body_bay_pitch_forks/manifest.json,"CNC6061-T6,5.5mm. SKF61800 outer seat19H7; inner shoulder0.5mm. | Three M2.5 TAP holes secure the separate outer-race cover."
left_thigh_output_adapter,,left_hip_pitch,sourced,native_pitch_assembly,dimensioned_attachment_unreleased_full_assembly,sourced_scene,ivory,aluminium,sourced_cad,2700,sourced_cad,0.012644013675642322,same-version native CAD density estimate; unreleased manufacturing candidate,ledger_item,cad/exports/body_bay_pitch_forks/left_thigh_output_adapter.step,cad/exports/body_bay_pitch_forks/left_thigh_output_adapter.stl,cad/source/body_bay_pitch_forks/left_thigh_output_adapter_quad.npz,verified,false,unreleased,,,unresolved,,unresolved,,unresolved,,unresolved,,unresolved,robots/Goose_V0.1/cad/exports/body_bay_pitch_forks/manifest.json,"Three M3 TAP through holes at PCD32; deburr, minimum effective thread3.5mm. | Motor M3x8 +0.5mm washer at level0; M3x16 +1.5mm washers at level1; max4.5mm insertion. | Fork M3x10 +1mm washer:3.5mm thread engagement; do not substitute longer screws."
left_thigh_output_fork_plate,,left_hip_pitch,sourced,native_pitch_assembly,dimensioned_attachment_unreleased_full_assembly,sourced_scene,ivory,aluminium,sourced_cad,2700,sourced_cad,0.058340380335644135,same-version native CAD density estimate; unreleased manufacturing candidate,ledger_item,cad/exports/body_bay_pitch_forks/left_thigh_output_fork_plate.step,cad/exports/body_bay_pitch_forks/left_thigh_output_fork_plate.stl,cad/source/body_bay_pitch_forks/left_thigh_output_fork_plate_quad.npz,verified,false,unreleased,,,unresolved,,unresolved,,unresolved,CNC6061-T6,sourced_cad_note,,unresolved,robots/Goose_V0.1/cad/exports/body_bay_pitch_forks/manifest.json,"CNC6061-T6,5.5mm, white paint outside fits; no paint on joint interfaces."
left_thigh_proximal_rear_spacer_0,,left_hip_roll,sourced,native_pitch_assembly,dimensioned_attachment_unreleased_full_assembly,sourced_scene,ivory,aluminium,sourced_cad,2700,sourced_cad,0.0001140021142134664,same-version native CAD density estimate; unreleased manufacturing candidate,ledger_item,cad/exports/body_bay_pitch_forks/left_thigh_proximal_rear_spacer_0.step,cad/exports/body_bay_pitch_forks/left_thigh_proximal_rear_spacer_0.stl,cad/source/body_bay_pitch_forks/left_thigh_proximal_rear_spacer_0_quad.npz,verified,false,unreleased,,,unresolved,,unresolved,,unresolved,,unresolved,,unresolved,robots/Goose_V0.1/cad/exports/body_bay_pitch_forks/manifest.json,1mm stand-off maintains driver rear-face clearance; M3x8 stack includes this spacer.
left_thigh_proximal_rear_spacer_1,,left_hip_roll,sourced,native_pitch_assembly,dimensioned_attachment_unreleased_full_assembly,sourced_scene,ivory,aluminium,sourced_cad,2700,sourced_cad,0.00011400211421346639,same-version native CAD density estimate; unreleased manufacturing candidate,ledger_item,cad/exports/body_bay_pitch_forks/left_thigh_proximal_rear_spacer_1.step,cad/exports/body_bay_pitch_forks/left_thigh_proximal_rear_spacer_1.stl,cad/source/body_bay_pitch_forks/left_thigh_proximal_rear_spacer_1_quad.npz,verified,false,unreleased,,,unresolved,,unresolved,,unresolved,,unresolved,,unresolved,robots/Goose_V0.1/cad/exports/body_bay_pitch_forks/manifest.json,1mm stand-off maintains driver rear-face clearance; M3x8 stack includes this spacer.
left_thigh_proximal_rear_spacer_2,,left_hip_roll,sourced,native_pitch_assembly,dimensioned_attachment_unreleased_full_assembly,sourced_scene,ivory,aluminium,sourced_cad,2700,sourced_cad,0.00011400211421346639,same-version native CAD density estimate; unreleased manufacturing candidate,ledger_item,cad/exports/body_bay_pitch_forks/left_thigh_proximal_rear_spacer_2.step,cad/exports/body_bay_pitch_forks/left_thigh_proximal_rear_spacer_2.stl,cad/source/body_bay_pitch_forks/left_thigh_proximal_rear_spacer_2_quad.npz,verified,false,unreleased,,,unresolved,,unresolved,,unresolved,,unresolved,,unresolved,robots/Goose_V0.1/cad/exports/body_bay_pitch_forks/manifest.json,1mm stand-off maintains driver rear-face clearance; M3x8 stack includes this spacer.
left_thigh_proximal_rear_spacer_3,,left_hip_roll,sourced,native_pitch_assembly,dimensioned_attachment_unreleased_full_assembly,sourced_scene,ivory,aluminium,sourced_cad,2700,sourced_cad,0.00011400211421346639,same-version native CAD density estimate; unreleased manufacturing candidate,ledger_item,cad/exports/body_bay_pitch_forks/left_thigh_proximal_rear_spacer_3.step,cad/exports/body_bay_pitch_forks/left_thigh_proximal_rear_spacer_3.stl,cad/source/body_bay_pitch_forks/left_thigh_proximal_rear_spacer_3_quad.npz,verified,false,unreleased,,,unresolved,,unresolved,,unresolved,,unresolved,,unresolved,robots/Goose_V0.1/cad/exports/body_bay_pitch_forks/manifest.json,1mm stand-off maintains driver rear-face clearance; M3x8 stack includes this spacer.
left_thigh_shaft_end_washer,,left_hip_roll,sourced,native_pitch_assembly,dimensioned_attachment_unreleased_full_assembly,sourced_scene,titanium,steel,sourced_cad,7850,sourced_cad,0.00045010324441282113,same-version native CAD density estimate; unreleased manufacturing candidate,ledger_item,cad/exports/body_bay_pitch_forks/left_thigh_shaft_end_washer.step,cad/exports/body_bay_pitch_forks/left_thigh_shaft_end_washer.stl,cad/source/body_bay_pitch_forks/left_thigh_shaft_end_washer_quad.npz,verified,false,unreleased,,,unresolved,,unresolved,,unresolved,,unresolved,,unresolved,robots/Goose_V0.1/cad/exports/body_bay_pitch_forks/manifest.json,"0.5mm steel washer OD12.5 ID3.2. M3x6 into stationary shaft. | 0.4mm axial float at inner race is intentional, not uncontrolled press preload."
left_thigh_stationary_idler_spider,,left_hip_roll,sourced,native_pitch_assembly,dimensioned_attachment_unreleased_full_assembly,sourced_scene,titanium,steel,sourced_cad,7850,sourced_cad,0.021650117810301295,same-version native CAD density estimate; unreleased manufacturing candidate,ledger_item,cad/exports/body_bay_pitch_forks/left_thigh_stationary_idler_spider.step,cad/exports/body_bay_pitch_forks/left_thigh_stationary_idler_spider.stl,cad/source/body_bay_pitch_forks/left_thigh_stationary_idler_spider_quad.npz,verified,false,unreleased,,,unresolved,,unresolved,,unresolved,,unresolved,,unresolved,robots/Goose_V0.1/cad/exports/body_bay_pitch_forks/manifest.json,"C45 steel, shaft10g6, bearing inner ring slip fit; outer retaining washer contacts INNER RING only. | Four M3x8 grade10.9 +0.5mm washer +1mm standoff:4.5mm insertion, max5. | End M3 TAP depth8; use M3x6 +0.5mm washer. Shaft shoulder/washer must clear bearing seals. | Rear driver/cable cooling and mating plug remain whole-assembly gates."
logic_buck,,torso,sourced,,,unresolved,,,unresolved,,unresolved,0.025,Pololu D24V90F5 5V logic candidate; 4.8g board inside25g thermal/wiring allocation; enclosed thermal acceptance pending; same-version installation allocation and box inertia,ledger_item,,,,unresolved,,allocation_not_a_selected_part,Pololu D24V90F5,mass_basis,sourced,,unresolved,,unresolved,,unresolved,,unresolved,,
lower_grip_backbone,,beak_hinge,sourced,grip_cassettes,native_candidate_attachment_unreleased,sourced_scene,titanium,,unresolved,7850.0,sourced_cad,0.05135016808439124,native density estimate; same-version native mechanical candidate; installation-envelope inertia remains approximate,ledger_item,cad/exports/grip_cassettes/lower_grip_backbone.step,cad/exports/grip_cassettes/lower_grip_backbone.stl,cad/source/grip_cassettes/lower_grip_backbone_quad.npz,verified,false,unreleased,,,unresolved,,unresolved,,unresolved,,unresolved,,unresolved,robots/Goose_V0.1/cad/exports/grip_cassettes/manifest.json,Replacement metal backbone with four2.7mm clearance holes and planar nut seating bosses. | Pad mushroom-head reliefs are actual removed metal; local stress and strength not qualified.
lower_grip_carrier,,beak_hinge,sourced,grip_cassettes,native_candidate_attachment_unreleased,sourced_scene,ivory,,unresolved,2700.0,sourced_cad,0.0068079653851802055,native density estimate; same-version native mechanical candidate; installation-envelope inertia remains approximate,ledger_item,cad/exports/grip_cassettes/lower_grip_carrier.step,cad/exports/grip_cassettes/lower_grip_carrier.stl,cad/source/grip_cassettes/lower_grip_carrier_quad.npz,verified,false,unreleased,,,unresolved,,unresolved,,unresolved,,unresolved,,unresolved,robots/Goose_V0.1/cad/exports/grip_cassettes/manifest.json,"60mm-long tapered metal backing,24mm maximum width;3mm upper or2mm lower thickness. | Four M2.5 clearance/countersink positions and four2.7mm elastic-pad plug bores. | Broad compression face contacts the backbone; not an adhesive-only load route."
lower_grip_cassette_pad,,beak_hinge,sourced,grip_cassettes,native_candidate_attachment_unreleased,sourced_scene,rubber,,unresolved,1100.0,sourced_cad,0.0018983391277072664,native density estimate; same-version native mechanical candidate; installation-envelope inertia remains approximate,ledger_item,cad/exports/grip_cassettes/lower_grip_cassette_pad.step,cad/exports/grip_cassettes/lower_grip_cassette_pad.stl,cad/source/grip_cassettes/lower_grip_cassette_pad_quad.npz,verified,false,unreleased,,,unresolved,,unresolved,,unresolved,,unresolved,,unresolved,robots/Goose_V0.1/cad/exports/grip_cassettes/manifest.json,"Nominal85A TPU density assumption;1.2/1.3mm contact sheet plus four molded/printed mushroom plugs. | 4.4mm mushroom diameter through2.7mm bore requires elastic installation; strain, tear and friction not qualified. | Peel off soft pad to service flat screws; pad contact geometry replaces the old unattached42mm-wide proxy."
lower_grip_flat_screw_0,,beak_hinge,sourced,grip_cassettes,native_candidate_attachment_unreleased,sourced_scene,titanium,,unresolved,7850.0,sourced_cad,0.00044673489421949013,native density estimate; same-version native mechanical candidate; installation-envelope inertia remains approximate,ledger_item,cad/exports/grip_cassettes/lower_grip_flat_screw_0.step,cad/exports/grip_cassettes/lower_grip_flat_screw_0.stl,cad/source/grip_cassettes/lower_grip_flat_screw_0_quad.npz,verified,false,unreleased,,,unresolved,,unresolved,,unresolved,,unresolved,,unresolved,robots/Goose_V0.1/cad/exports/grip_cassettes/manifest.json,"Own M2.5x10 flat-head envelope,4.7mm head diameter/1.4mm head depth;not OEM threaded CAD. | Selected head dimensions, grade, corrosion protection, preload and locking require release."
lower_grip_flat_screw_1,,beak_hinge,sourced,grip_cassettes,native_candidate_attachment_unreleased,sourced_scene,titanium,,unresolved,7850.0,sourced_cad,0.0004467348942194902,native density estimate; same-version native mechanical candidate; installation-envelope inertia remains approximate,ledger_item,cad/exports/grip_cassettes/lower_grip_flat_screw_1.step,cad/exports/grip_cassettes/lower_grip_flat_screw_1.stl,cad/source/grip_cassettes/lower_grip_flat_screw_1_quad.npz,verified,false,unreleased,,,unresolved,,unresolved,,unresolved,,unresolved,,unresolved,robots/Goose_V0.1/cad/exports/grip_cassettes/manifest.json,"Own M2.5x10 flat-head envelope,4.7mm head diameter/1.4mm head depth;not OEM threaded CAD. | Selected head dimensions, grade, corrosion protection, preload and locking require release."
lower_grip_flat_screw_2,,beak_hinge,sourced,grip_cassettes,native_candidate_attachment_unreleased,sourced_scene,titanium,,unresolved,7850.0,sourced_cad,0.00044673489421949013,native density estimate; same-version native mechanical candidate; installation-envelope inertia remains approximate,ledger_item,cad/exports/grip_cassettes/lower_grip_flat_screw_2.step,cad/exports/grip_cassettes/lower_grip_flat_screw_2.stl,cad/source/grip_cassettes/lower_grip_flat_screw_2_quad.npz,verified,false,unreleased,,,unresolved,,unresolved,,unresolved,,unresolved,,unresolved,robots/Goose_V0.1/cad/exports/grip_cassettes/manifest.json,"Own M2.5x10 flat-head envelope,4.7mm head diameter/1.4mm head depth;not OEM threaded CAD. | Selected head dimensions, grade, corrosion protection, preload and locking require release."
lower_grip_flat_screw_3,,beak_hinge,sourced,grip_cassettes,native_candidate_attachment_unreleased,sourced_scene,titanium,,unresolved,7850.0,sourced_cad,0.0004467348942194902,native density estimate; same-version native mechanical candidate; installation-envelope inertia remains approximate,ledger_item,cad/exports/grip_cassettes/lower_grip_flat_screw_3.step,cad/exports/grip_cassettes/lower_grip_flat_screw_3.stl,cad/source/grip_cassettes/lower_grip_flat_screw_3_quad.npz,verified,false,unreleased,,,unresolved,,unresolved,,unresolved,,unresolved,,unresolved,robots/Goose_V0.1/cad/exports/grip_cassettes/manifest.json,"Own M2.5x10 flat-head envelope,4.7mm head diameter/1.4mm head depth;not OEM threaded CAD. | Selected head dimensions, grade, corrosion protection, preload and locking require release."
lower_grip_nut_0,,beak_hinge,sourced,grip_cassettes,native_candidate_attachment_unreleased,sourced_scene,titanium,,unresolved,7850.0,sourced_cad,0.00028809498921305264,native density estimate; same-version native mechanical candidate; installation-envelope inertia remains approximate,ledger_item,cad/exports/grip_cassettes/lower_grip_nut_0.step,cad/exports/grip_cassettes/lower_grip_nut_0.stl,cad/source/grip_cassettes/lower_grip_nut_0_quad.npz,verified,false,unreleased,,,unresolved,,unresolved,,unresolved,,unresolved,,unresolved,robots/Goose_V0.1/cad/exports/grip_cassettes/manifest.json,"Own nominal M2.5 nut5mm AF x2mm;2.05mm thread-minor envelope. | Nominal major/minor overlap is recorded as thread contact, not qualified thread geometry."
lower_grip_nut_1,,beak_hinge,sourced,grip_cassettes,native_candidate_attachment_unreleased,sourced_scene,titanium,,unresolved,7850.0,sourced_cad,0.0002880949892130524,native density estimate; same-version native mechanical candidate; installation-envelope inertia remains approximate,ledger_item,cad/exports/grip_cassettes/lower_grip_nut_1.step,cad/exports/grip_cassettes/lower_grip_nut_1.stl,cad/source/grip_cassettes/lower_grip_nut_1_quad.npz,verified,false,unreleased,,,unresolved,,unresolved,,unresolved,,unresolved,,unresolved,robots/Goose_V0.1/cad/exports/grip_cassettes/manifest.json,"Own nominal M2.5 nut5mm AF x2mm;2.05mm thread-minor envelope. | Nominal major/minor overlap is recorded as thread contact, not qualified thread geometry."
lower_grip_nut_2,,beak_hinge,sourced,grip_cassettes,native_candidate_attachment_unreleased,sourced_scene,titanium,,unresolved,7850.0,sourced_cad,0.0002880949892130523,native density estimate; same-version native mechanical candidate; installation-envelope inertia remains approximate,ledger_item,cad/exports/grip_cassettes/lower_grip_nut_2.step,cad/exports/grip_cassettes/lower_grip_nut_2.stl,cad/source/grip_cassettes/lower_grip_nut_2_quad.npz,verified,false,unreleased,,,unresolved,,unresolved,,unresolved,,unresolved,,unresolved,robots/Goose_V0.1/cad/exports/grip_cassettes/manifest.json,"Own nominal M2.5 nut5mm AF x2mm;2.05mm thread-minor envelope. | Nominal major/minor overlap is recorded as thread contact, not qualified thread geometry."
lower_grip_nut_3,,beak_hinge,sourced,grip_cassettes,native_candidate_attachment_unreleased,sourced_scene,titanium,,unresolved,7850.0,sourced_cad,0.0002880949892130523,native density estimate; same-version native mechanical candidate; installation-envelope inertia remains approximate,ledger_item,cad/exports/grip_cassettes/lower_grip_nut_3.step,cad/exports/grip_cassettes/lower_grip_nut_3.stl,cad/source/grip_cassettes/lower_grip_nut_3_quad.npz,verified,false,unreleased,,,unresolved,,unresolved,,unresolved,,unresolved,,unresolved,robots/Goose_V0.1/cad/exports/grip_cassettes/manifest.json,"Own nominal M2.5 nut5mm AF x2mm;2.05mm thread-minor envelope. | Nominal major/minor overlap is recorded as thread contact, not qualified thread geometry."
lower_grip_shell,,beak_hinge,sourced,grip_cassettes,native_candidate_attachment_unreleased,sourced_scene,orange,,unresolved,1270.0,sourced_cad,0.01768644714174394,native density estimate; same-version native mechanical candidate; installation-envelope inertia remains approximate,ledger_item,cad/exports/grip_cassettes/lower_grip_shell.step,cad/exports/grip_cassettes/lower_grip_shell.stl,cad/source/grip_cassettes/lower_grip_shell_quad.npz,verified,false,unreleased,,,unresolved,,unresolved,,unresolved,,unresolved,,unresolved,robots/Goose_V0.1/cad/exports/grip_cassettes/manifest.json,"Actual cassette aperture and local nut/screw installation ports in prior hollow bill. | Shell fastening, wall/print process and full tool approach remain release gates."
lower_neck_bearing_outer_retainer,,neck_pitch,sourced,native_pitch_assembly,dimensioned_attachment_unreleased_full_assembly,sourced_scene,ivory,aluminium,sourced_cad,2700,sourced_cad,0.0010033076692302339,"native CAD volume/material density, or explicitly labeled SKF bearing catalog mass; remaining allowances retained",ledger_item,cad/exports/pitch_fork_assembly/lower_neck_bearing_outer_retainer.step,cad/exports/pitch_fork_assembly/lower_neck_bearing_outer_retainer.stl,cad/source/pitch_fork_assembly/lower_neck_bearing_outer_retainer_quad.npz,verified,false,unreleased,,,unresolved,,unresolved,,unresolved,,unresolved,,unresolved,robots/Goose_V0.1/cad/exports/pitch_fork_assembly/manifest.json,Three M2.5x5 +0.5mm washer into fork M2.5 TAP3.5mm. | ID17 contacts outer race only; purchased bearing race abutment diagram must be matched.
lower_neck_bridge,,neck_pitch,sourced,native_pitch_assembly,dimensioned_attachment_unreleased_full_assembly,sourced_scene,ivory,aluminium,sourced_cad,2700,sourced_cad,0.020279484991765358,"native CAD volume/material density, or explicitly labeled SKF bearing catalog mass; remaining allowances retained",ledger_item,cad/exports/pitch_fork_assembly/lower_neck_bridge.step,cad/exports/pitch_fork_assembly/lower_neck_bridge.stl,cad/source/pitch_fork_assembly/lower_neck_bridge_quad.npz,verified,false,unreleased,,,unresolved,,unresolved,,unresolved,,unresolved,,unresolved,robots/Goose_V0.1/cad/exports/pitch_fork_assembly/manifest.json,Four M3x12 with0.5mm washers;6mm engagement in M3 blind taps8mm.
lower_neck_distal_front_spacer_0,,neck_pitch,sourced,native_pitch_assembly,dimensioned_attachment_unreleased_full_assembly,sourced_scene,ivory,aluminium,sourced_cad,2700,sourced_cad,0.0005700105710673321,"native CAD volume/material density, or explicitly labeled SKF bearing catalog mass; remaining allowances retained",ledger_item,cad/exports/pitch_fork_assembly/lower_neck_distal_front_spacer_0.step,cad/exports/pitch_fork_assembly/lower_neck_distal_front_spacer_0.stl,cad/source/pitch_fork_assembly/lower_neck_distal_front_spacer_0_quad.npz,verified,false,unreleased,,,unresolved,,unresolved,,unresolved,,unresolved,,unresolved,robots/Goose_V0.1/cad/exports/pitch_fork_assembly/manifest.json,Turned case stand-off replaces heavy full annular block; parallel ends0.03mm. | Never connect this static case spacer to the rotating output.
lower_neck_distal_front_spacer_1,,neck_pitch,sourced,native_pitch_assembly,dimensioned_attachment_unreleased_full_assembly,sourced_scene,ivory,aluminium,sourced_cad,2700,sourced_cad,0.0005700105710673321,"native CAD volume/material density, or explicitly labeled SKF bearing catalog mass; remaining allowances retained",ledger_item,cad/exports/pitch_fork_assembly/lower_neck_distal_front_spacer_1.step,cad/exports/pitch_fork_assembly/lower_neck_distal_front_spacer_1.stl,cad/source/pitch_fork_assembly/lower_neck_distal_front_spacer_1_quad.npz,verified,false,unreleased,,,unresolved,,unresolved,,unresolved,,unresolved,,unresolved,robots/Goose_V0.1/cad/exports/pitch_fork_assembly/manifest.json,Turned case stand-off replaces heavy full annular block; parallel ends0.03mm. | Never connect this static case spacer to the rotating output.
lower_neck_distal_front_spacer_2,,neck_pitch,sourced,native_pitch_assembly,dimensioned_attachment_unreleased_full_assembly,sourced_scene,ivory,aluminium,sourced_cad,2700,sourced_cad,0.0005700105710673322,"native CAD volume/material density, or explicitly labeled SKF bearing catalog mass; remaining allowances retained",ledger_item,cad/exports/pitch_fork_assembly/lower_neck_distal_front_spacer_2.step,cad/exports/pitch_fork_assembly/lower_neck_distal_front_spacer_2.stl,cad/source/pitch_fork_assembly/lower_neck_distal_front_spacer_2_quad.npz,verified,false,unreleased,,,unresolved,,unresolved,,unresolved,,unresolved,,unresolved,robots/Goose_V0.1/cad/exports/pitch_fork_assembly/manifest.json,Turned case stand-off replaces heavy full annular block; parallel ends0.03mm. | Never connect this static case spacer to the rotating output.
lower_neck_distal_front_spacer_3,,neck_pitch,sourced,native_pitch_assembly,dimensioned_attachment_unreleased_full_assembly,sourced_scene,ivory,aluminium,sourced_cad,2700,sourced_cad,0.0005700105710673322,"native CAD volume/material density, or explicitly labeled SKF bearing catalog mass; remaining allowances retained",ledger_item,cad/exports/pitch_fork_assembly/lower_neck_distal_front_spacer_3.step,cad/exports/pitch_fork_assembly/lower_neck_distal_front_spacer_3.stl,cad/source/pitch_fork_assembly/lower_neck_distal_front_spacer_3_quad.npz,verified,false,unreleased,,,unresolved,,unresolved,,unresolved,,unresolved,,unresolved,robots/Goose_V0.1/cad/exports/pitch_fork_assembly/manifest.json,Turned case stand-off replaces heavy full annular block; parallel ends0.03mm. | Never connect this static case spacer to the rotating output.
lower_neck_distal_front_spacer_4,,neck_pitch,sourced,native_pitch_assembly,dimensioned_attachment_unreleased_full_assembly,sourced_scene,ivory,aluminium,sourced_cad,2700,sourced_cad,0.0005700105710673322,"native CAD volume/material density, or explicitly labeled SKF bearing catalog mass; remaining allowances retained",ledger_item,cad/exports/pitch_fork_assembly/lower_neck_distal_front_spacer_4.step,cad/exports/pitch_fork_assembly/lower_neck_distal_front_spacer_4.stl,cad/source/pitch_fork_assembly/lower_neck_distal_front_spacer_4_quad.npz,verified,false,unreleased,,,unresolved,,unresolved,,unresolved,,unresolved,,unresolved,robots/Goose_V0.1/cad/exports/pitch_fork_assembly/manifest.json,Turned case stand-off replaces heavy full annular block; parallel ends0.03mm. | Never connect this static case spacer to the rotating output.
lower_neck_distal_front_spacer_5,,neck_pitch,sourced,native_pitch_assembly,dimensioned_attachment_unreleased_full_assembly,sourced_scene,ivory,aluminium,sourced_cad,2700,sourced_cad,0.0005700105710673322,"native CAD volume/material density, or explicitly labeled SKF bearing catalog mass; remaining allowances retained",ledger_item,cad/exports/pitch_fork_assembly/lower_neck_distal_front_spacer_5.step,cad/exports/pitch_fork_assembly/lower_neck_distal_front_spacer_5.stl,cad/source/pitch_fork_assembly/lower_neck_distal_front_spacer_5_quad.npz,verified,false,unreleased,,,unresolved,,unresolved,,unresolved,,unresolved,,unresolved,robots/Goose_V0.1/cad/exports/pitch_fork_assembly/manifest.json,Turned case stand-off replaces heavy full annular block; parallel ends0.03mm. | Never connect this static case spacer to the rotating output.
lower_neck_distal_rear_spacer_inner_0,,neck_pitch,sourced,native_pitch_assembly,dimensioned_attachment_unreleased_full_assembly,sourced_scene,ivory,aluminium,sourced_cad,2700,sourced_cad,0.00011400211421346643,"native CAD volume/material density, or explicitly labeled SKF bearing catalog mass; remaining allowances retained",ledger_item,cad/exports/pitch_fork_assembly/lower_neck_distal_rear_spacer_inner_0.step,cad/exports/pitch_fork_assembly/lower_neck_distal_rear_spacer_inner_0.stl,cad/source/pitch_fork_assembly/lower_neck_distal_rear_spacer_inner_0_quad.npz,verified,false,unreleased,,,unresolved,,unresolved,,unresolved,,unresolved,,unresolved,robots/Goose_V0.1/cad/exports/pitch_fork_assembly/manifest.json,"Turned aluminium spacer; two end faces parallel within0.03mm. | If next fork exists, its stationary steel spider fills the2mm middle stack. Shared case screw, not two screws."
lower_neck_distal_rear_spacer_inner_1,,neck_pitch,sourced,native_pitch_assembly,dimensioned_attachment_unreleased_full_assembly,sourced_scene,ivory,aluminium,sourced_cad,2700,sourced_cad,0.00011400211421346639,"native CAD volume/material density, or explicitly labeled SKF bearing catalog mass; remaining allowances retained",ledger_item,cad/exports/pitch_fork_assembly/lower_neck_distal_rear_spacer_inner_1.step,cad/exports/pitch_fork_assembly/lower_neck_distal_rear_spacer_inner_1.stl,cad/source/pitch_fork_assembly/lower_neck_distal_rear_spacer_inner_1_quad.npz,verified,false,unreleased,,,unresolved,,unresolved,,unresolved,,unresolved,,unresolved,robots/Goose_V0.1/cad/exports/pitch_fork_assembly/manifest.json,"Turned aluminium spacer; two end faces parallel within0.03mm. | If next fork exists, its stationary steel spider fills the2mm middle stack. Shared case screw, not two screws."
lower_neck_distal_rear_spacer_inner_2,,neck_pitch,sourced,native_pitch_assembly,dimensioned_attachment_unreleased_full_assembly,sourced_scene,ivory,aluminium,sourced_cad,2700,sourced_cad,0.00011400211421346643,"native CAD volume/material density, or explicitly labeled SKF bearing catalog mass; remaining allowances retained",ledger_item,cad/exports/pitch_fork_assembly/lower_neck_distal_rear_spacer_inner_2.step,cad/exports/pitch_fork_assembly/lower_neck_distal_rear_spacer_inner_2.stl,cad/source/pitch_fork_assembly/lower_neck_distal_rear_spacer_inner_2_quad.npz,verified,false,unreleased,,,unresolved,,unresolved,,unresolved,,unresolved,,unresolved,robots/Goose_V0.1/cad/exports/pitch_fork_assembly/manifest.json,"Turned aluminium spacer; two end faces parallel within0.03mm. | If next fork exists, its stationary steel spider fills the2mm middle stack. Shared case screw, not two screws."
lower_neck_distal_rear_spacer_inner_3,,neck_pitch,sourced,native_pitch_assembly,dimensioned_attachment_unreleased_full_assembly,sourced_scene,ivory,aluminium,sourced_cad,2700,sourced_cad,0.00011400211421346639,"native CAD volume/material density, or explicitly labeled SKF bearing catalog mass; remaining allowances retained",ledger_item,cad/exports/pitch_fork_assembly/lower_neck_distal_rear_spacer_inner_3.step,cad/exports/pitch_fork_assembly/lower_neck_distal_rear_spacer_inner_3.stl,cad/source/pitch_fork_assembly/lower_neck_distal_rear_spacer_inner_3_quad.npz,verified,false,unreleased,,,unresolved,,unresolved,,unresolved,,unresolved,,unresolved,robots/Goose_V0.1/cad/exports/pitch_fork_assembly/manifest.json,"Turned aluminium spacer; two end faces parallel within0.03mm. | If next fork exists, its stationary steel spider fills the2mm middle stack. Shared case screw, not two screws."
lower_neck_distal_rear_spacer_outer_0,,neck_pitch,sourced,native_pitch_assembly,dimensioned_attachment_unreleased_full_assembly,sourced_scene,ivory,aluminium,sourced_cad,2700,sourced_cad,0.0005700105710673322,"native CAD volume/material density, or explicitly labeled SKF bearing catalog mass; remaining allowances retained",ledger_item,cad/exports/pitch_fork_assembly/lower_neck_distal_rear_spacer_outer_0.step,cad/exports/pitch_fork_assembly/lower_neck_distal_rear_spacer_outer_0.stl,cad/source/pitch_fork_assembly/lower_neck_distal_rear_spacer_outer_0_quad.npz,verified,false,unreleased,,,unresolved,,unresolved,,unresolved,,unresolved,,unresolved,robots/Goose_V0.1/cad/exports/pitch_fork_assembly/manifest.json,"Turned aluminium spacer; two end faces parallel within0.03mm. | If next fork exists, its stationary steel spider fills the2mm middle stack. Shared case screw, not two screws."
lower_neck_distal_rear_spacer_outer_1,,neck_pitch,sourced,native_pitch_assembly,dimensioned_attachment_unreleased_full_assembly,sourced_scene,ivory,aluminium,sourced_cad,2700,sourced_cad,0.000570010571067332,"native CAD volume/material density, or explicitly labeled SKF bearing catalog mass; remaining allowances retained",ledger_item,cad/exports/pitch_fork_assembly/lower_neck_distal_rear_spacer_outer_1.step,cad/exports/pitch_fork_assembly/lower_neck_distal_rear_spacer_outer_1.stl,cad/source/pitch_fork_assembly/lower_neck_distal_rear_spacer_outer_1_quad.npz,verified,false,unreleased,,,unresolved,,unresolved,,unresolved,,unresolved,,unresolved,robots/Goose_V0.1/cad/exports/pitch_fork_assembly/manifest.json,"Turned aluminium spacer; two end faces parallel within0.03mm. | If next fork exists, its stationary steel spider fills the2mm middle stack. Shared case screw, not two screws."
lower_neck_distal_rear_spacer_outer_2,,neck_pitch,sourced,native_pitch_assembly,dimensioned_attachment_unreleased_full_assembly,sourced_scene,ivory,aluminium,sourced_cad,2700,sourced_cad,0.0005700105710673322,"native CAD volume/material density, or explicitly labeled SKF bearing catalog mass; remaining allowances retained",ledger_item,cad/exports/pitch_fork_assembly/lower_neck_distal_rear_spacer_outer_2.step,cad/exports/pitch_fork_assembly/lower_neck_distal_rear_spacer_outer_2.stl,cad/source/pitch_fork_assembly/lower_neck_distal_rear_spacer_outer_2_quad.npz,verified,false,unreleased,,,unresolved,,unresolved,,unresolved,,unresolved,,unresolved,robots/Goose_V0.1/cad/exports/pitch_fork_assembly/manifest.json,"Turned aluminium spacer; two end faces parallel within0.03mm. | If next fork exists, its stationary steel spider fills the2mm middle stack. Shared case screw, not two screws."
lower_neck_distal_rear_spacer_outer_3,,neck_pitch,sourced,native_pitch_assembly,dimensioned_attachment_unreleased_full_assembly,sourced_scene,ivory,aluminium,sourced_cad,2700,sourced_cad,0.000570010571067332,"native CAD volume/material density, or explicitly labeled SKF bearing catalog mass; remaining allowances retained",ledger_item,cad/exports/pitch_fork_assembly/lower_neck_distal_rear_spacer_outer_3.step,cad/exports/pitch_fork_assembly/lower_neck_distal_rear_spacer_outer_3.stl,cad/source/pitch_fork_assembly/lower_neck_distal_rear_spacer_outer_3_quad.npz,verified,false,unreleased,,,unresolved,,unresolved,,unresolved,,unresolved,,unresolved,robots/Goose_V0.1/cad/exports/pitch_fork_assembly/manifest.json,"Turned aluminium spacer; two end faces parallel within0.03mm. | If next fork exists, its stationary steel spider fills the2mm middle stack. Shared case screw, not two screws."
lower_neck_idler_bearing_installation,,neck_pitch,sourced,native_pitch_assembly,dimensioned_attachment_unreleased_full_assembly,sourced_scene,titanium,steel,sourced_cad,7850,sourced_cad,0.0053,"native CAD volume/material density, or explicitly labeled SKF bearing catalog mass; remaining allowances retained",ledger_item,cad/exports/pitch_fork_assembly/lower_neck_idler_bearing_installation.step,cad/exports/pitch_fork_assembly/lower_neck_idler_bearing_installation.stl,cad/source/pitch_fork_assembly/lower_neck_idler_bearing_installation_quad.npz,verified,false,unreleased,SKF61800,cad_note,sourced,,unresolved,,unresolved,,unresolved,,unresolved,robots/Goose_V0.1/cad/exports/pitch_fork_assembly/manifest.json,"Purchased SKF61800,10x19x5; installation envelope, NOT a manufactured plain steel sleeve. | Use catalog mass and dynamic behavior, not this envelope density."
lower_neck_idler_fork_plate,,neck_pitch,sourced,native_pitch_assembly,dimensioned_attachment_unreleased_full_assembly,sourced_scene,ivory,aluminium,sourced_cad,2700,sourced_cad,0.05792967105833795,"native CAD volume/material density, or explicitly labeled SKF bearing catalog mass; remaining allowances retained",ledger_item,cad/exports/pitch_fork_assembly/lower_neck_idler_fork_plate.step,cad/exports/pitch_fork_assembly/lower_neck_idler_fork_plate.stl,cad/source/pitch_fork_assembly/lower_neck_idler_fork_plate_quad.npz,verified,false,unreleased,,,unresolved,,unresolved,,unresolved,CNC6061-T6,sourced_cad_note,,unresolved,robots/Goose_V0.1/cad/exports/pitch_fork_assembly/manifest.json,"CNC6061-T6,5.5mm. SKF61800 outer seat19H7; inner shoulder0.5mm. | Three M2.5 TAP holes secure the separate outer-race cover."
lower_neck_output_adapter,,neck_pitch,sourced,native_pitch_assembly,dimensioned_attachment_unreleased_full_assembly,sourced_scene,ivory,aluminium,sourced_cad,2700,sourced_cad,0.012644013675642322,"native CAD volume/material density, or explicitly labeled SKF bearing catalog mass; remaining allowances retained",ledger_item,cad/exports/pitch_fork_assembly/lower_neck_output_adapter.step,cad/exports/pitch_fork_assembly/lower_neck_output_adapter.stl,cad/source/pitch_fork_assembly/lower_neck_output_adapter_quad.npz,verified,false,unreleased,,,unresolved,,unresolved,,unresolved,,unresolved,,unresolved,robots/Goose_V0.1/cad/exports/pitch_fork_assembly/manifest.json,"Three M3 TAP through holes at PCD32; deburr, minimum effective thread3.5mm. | Motor M3x8 +0.5mm washer at level0; M3x16 +1.5mm washers at level1; max4.5mm insertion. | Fork M3x10 +1mm washer:3.5mm thread engagement; do not substitute longer screws."
lower_neck_output_fork_plate,,neck_pitch,sourced,native_pitch_assembly,dimensioned_attachment_unreleased_full_assembly,sourced_scene,ivory,aluminium,sourced_cad,2700,sourced_cad,0.05654586276027098,"native CAD volume/material density, or explicitly labeled SKF bearing catalog mass; remaining allowances retained",ledger_item,cad/exports/pitch_fork_assembly/lower_neck_output_fork_plate.step,cad/exports/pitch_fork_assembly/lower_neck_output_fork_plate.stl,cad/source/pitch_fork_assembly/lower_neck_output_fork_plate_quad.npz,verified,false,unreleased,,,unresolved,,unresolved,,unresolved,CNC6061-T6,sourced_cad_note,,unresolved,robots/Goose_V0.1/cad/exports/pitch_fork_assembly/manifest.json,"CNC6061-T6,5.5mm, white paint outside fits; no paint on joint interfaces."
lower_neck_proximal_rear_spacer_0,,neck_yaw,sourced,native_pitch_assembly,dimensioned_attachment_unreleased_full_assembly,sourced_scene,ivory,aluminium,sourced_cad,2700,sourced_cad,0.0001140021142134664,"native CAD volume/material density, or explicitly labeled SKF bearing catalog mass; remaining allowances retained",ledger_item,cad/exports/pitch_fork_assembly/lower_neck_proximal_rear_spacer_0.step,cad/exports/pitch_fork_assembly/lower_neck_proximal_rear_spacer_0.stl,cad/source/pitch_fork_assembly/lower_neck_proximal_rear_spacer_0_quad.npz,verified,false,unreleased,,,unresolved,,unresolved,,unresolved,,unresolved,,unresolved,robots/Goose_V0.1/cad/exports/pitch_fork_assembly/manifest.json,1mm stand-off maintains driver rear-face clearance; M3x8 stack includes this spacer.
lower_neck_proximal_rear_spacer_1,,neck_yaw,sourced,native_pitch_assembly,dimensioned_attachment_unreleased_full_assembly,sourced_scene,ivory,aluminium,sourced_cad,2700,sourced_cad,0.00011400211421346639,"native CAD volume/material density, or explicitly labeled SKF bearing catalog mass; remaining allowances retained",ledger_item,cad/exports/pitch_fork_assembly/lower_neck_proximal_rear_spacer_1.step,cad/exports/pitch_fork_assembly/lower_neck_proximal_rear_spacer_1.stl,cad/source/pitch_fork_assembly/lower_neck_proximal_rear_spacer_1_quad.npz,verified,false,unreleased,,,unresolved,,unresolved,,unresolved,,unresolved,,unresolved,robots/Goose_V0.1/cad/exports/pitch_fork_assembly/manifest.json,1mm stand-off maintains driver rear-face clearance; M3x8 stack includes this spacer.
lower_neck_proximal_rear_spacer_2,,neck_yaw,sourced,native_pitch_assembly,dimensioned_attachment_unreleased_full_assembly,sourced_scene,ivory,aluminium,sourced_cad,2700,sourced_cad,0.00011400211421346639,"native CAD volume/material density, or explicitly labeled SKF bearing catalog mass; remaining allowances retained",ledger_item,cad/exports/pitch_fork_assembly/lower_neck_proximal_rear_spacer_2.step,cad/exports/pitch_fork_assembly/lower_neck_proximal_rear_spacer_2.stl,cad/source/pitch_fork_assembly/lower_neck_proximal_rear_spacer_2_quad.npz,verified,false,unreleased,,,unresolved,,unresolved,,unresolved,,unresolved,,unresolved,robots/Goose_V0.1/cad/exports/pitch_fork_assembly/manifest.json,1mm stand-off maintains driver rear-face clearance; M3x8 stack includes this spacer.
lower_neck_proximal_rear_spacer_3,,neck_yaw,sourced,native_pitch_assembly,dimensioned_attachment_unreleased_full_assembly,sourced_scene,ivory,aluminium,sourced_cad,2700,sourced_cad,0.00011400211421346639,"native CAD volume/material density, or explicitly labeled SKF bearing catalog mass; remaining allowances retained",ledger_item,cad/exports/pitch_fork_assembly/lower_neck_proximal_rear_spacer_3.step,cad/exports/pitch_fork_assembly/lower_neck_proximal_rear_spacer_3.stl,cad/source/pitch_fork_assembly/lower_neck_proximal_rear_spacer_3_quad.npz,verified,false,unreleased,,,unresolved,,unresolved,,unresolved,,unresolved,,unresolved,robots/Goose_V0.1/cad/exports/pitch_fork_assembly/manifest.json,1mm stand-off maintains driver rear-face clearance; M3x8 stack includes this spacer.
lower_neck_shaft_end_washer,,neck_yaw,sourced,native_pitch_assembly,dimensioned_attachment_unreleased_full_assembly,sourced_scene,titanium,steel,sourced_cad,7850,sourced_cad,0.00045010324441282113,"native CAD volume/material density, or explicitly labeled SKF bearing catalog mass; remaining allowances retained",ledger_item,cad/exports/pitch_fork_assembly/lower_neck_shaft_end_washer.step,cad/exports/pitch_fork_assembly/lower_neck_shaft_end_washer.stl,cad/source/pitch_fork_assembly/lower_neck_shaft_end_washer_quad.npz,verified,false,unreleased,,,unresolved,,unresolved,,unresolved,,unresolved,,unresolved,robots/Goose_V0.1/cad/exports/pitch_fork_assembly/manifest.json,"0.5mm steel washer OD12.5 ID3.2. M3x6 into stationary shaft. | 0.4mm axial float at inner race is intentional, not uncontrolled press preload."
lower_neck_stationary_idler_spider,,neck_yaw,sourced,native_pitch_assembly,dimensioned_attachment_unreleased_full_assembly,sourced_scene,titanium,steel,sourced_cad,7850,sourced_cad,0.021650117810301295,"native CAD volume/material density, or explicitly labeled SKF bearing catalog mass; remaining allowances retained",ledger_item,cad/exports/pitch_fork_assembly/lower_neck_stationary_idler_spider.step,cad/exports/pitch_fork_assembly/lower_neck_stationary_idler_spider.stl,cad/source/pitch_fork_assembly/lower_neck_stationary_idler_spider_quad.npz,verified,false,unreleased,,,unresolved,,unresolved,,unresolved,,unresolved,,unresolved,robots/Goose_V0.1/cad/exports/pitch_fork_assembly/manifest.json,"C45 steel, shaft10g6, bearing inner ring slip fit; outer retaining washer contacts INNER RING only. | Four M3x8 grade10.9 +0.5mm washer +1mm standoff:4.5mm insertion, max5. | End M3 TAP depth8; use M3x6 +0.5mm washer. Shaft shoulder/washer must clear bearing seals. | Rear driver/cable cooling and mating plug remain whole-assembly gates."
main_protection,,torso,sourced,,,unresolved,,,unresolved,,unresolved,0.093,component mass budget incl. assigned harness reserve; not measured assembly,ledger_item,,,,unresolved,,unresolved,,,unresolved,,unresolved,,unresolved,,unresolved,,unresolved,,
neck_cable_0,,neck_yaw,sourced,neck_cable,illustrative_stationary_root_cable_segment_actual_flex_route_unreleased,sourced_scene,rubber,,unresolved,,unresolved,0.005,assumed 5 g per visible cable segment; moving harness unmeasured,ledger_item,,,,unresolved,,unresolved,,,unresolved,,unresolved,,unresolved,,unresolved,,unresolved,,
neck_cable_1,,neck_pitch,sourced,neck_cable,custom_visual_candidate,sourced_scene,rubber,,unresolved,,unresolved,0.005,assumed 5 g per visible cable segment; moving harness unmeasured,ledger_item,,,,unresolved,,unresolved,,,unresolved,,unresolved,,unresolved,,unresolved,,unresolved,,
neck_cable_2,,neck_pitch,sourced,neck_cable,custom_visual_candidate,sourced_scene,rubber,,unresolved,,unresolved,0.005,assumed 5 g per visible cable segment; moving harness unmeasured,ledger_item,,,,unresolved,,unresolved,,,unresolved,,unresolved,,unresolved,,unresolved,,unresolved,,
neck_cable_3,,neck_mid_pitch,sourced,neck_cable,custom_visual_candidate,sourced_scene,rubber,,unresolved,,unresolved,0.005,assumed 5 g per visible cable segment; moving harness unmeasured,ledger_item,,,,unresolved,,unresolved,,,unresolved,,unresolved,,unresolved,,unresolved,,unresolved,,
neck_cable_4,,neck_mid_pitch,sourced,neck_cable,custom_visual_candidate,sourced_scene,rubber,,unresolved,,unresolved,0.005,assumed 5 g per visible cable segment; moving harness unmeasured,ledger_item,,,,unresolved,,unresolved,,,unresolved,,unresolved,,unresolved,,unresolved,,unresolved,,
neck_frame_spacer_0,,torso,sourced,body_bay_frame,native_load_path_candidate_OEM_bearing_capacity_pending,sourced_scene,graphite,aluminium_6061_t6_candidate,sourced_cad,2700,sourced_cad,0.00045600845685386565,same-version native CAD density estimate; unreleased manufacturing candidate,ledger_item,cad/exports/body_bay_frame/neck_frame_spacer_0.step,cad/exports/body_bay_frame/neck_frame_spacer_0.stl,cad/source/body_bay_frame/neck_frame_spacer_0_quad.npz,verified,false,unreleased,,,unresolved,,unresolved,,unresolved,,unresolved,,unresolved,robots/Goose_V0.1/cad/exports/body_bay_frame/manifest.json,Turned6061 throughM3 spacer; actual length 4.0mm.
neck_frame_spacer_1,,torso,sourced,body_bay_frame,native_load_path_candidate_OEM_bearing_capacity_pending,sourced_scene,graphite,aluminium_6061_t6_candidate,sourced_cad,2700,sourced_cad,0.00045600845685386576,same-version native CAD density estimate; unreleased manufacturing candidate,ledger_item,cad/exports/body_bay_frame/neck_frame_spacer_1.step,cad/exports/body_bay_frame/neck_frame_spacer_1.stl,cad/source/body_bay_frame/neck_frame_spacer_1_quad.npz,verified,false,unreleased,,,unresolved,,unresolved,,unresolved,,unresolved,,unresolved,robots/Goose_V0.1/cad/exports/body_bay_frame/manifest.json,Turned6061 throughM3 spacer; actual length 4.0mm.
neck_frame_spacer_2,,torso,sourced,body_bay_frame,native_load_path_candidate_OEM_bearing_capacity_pending,sourced_scene,graphite,aluminium_6061_t6_candidate,sourced_cad,2700,sourced_cad,0.00045600845685386576,same-version native CAD density estimate; unreleased manufacturing candidate,ledger_item,cad/exports/body_bay_frame/neck_frame_spacer_2.step,cad/exports/body_bay_frame/neck_frame_spacer_2.stl,cad/source/body_bay_frame/neck_frame_spacer_2_quad.npz,verified,false,unreleased,,,unresolved,,unresolved,,unresolved,,unresolved,,unresolved,robots/Goose_V0.1/cad/exports/body_bay_frame/manifest.json,Turned6061 throughM3 spacer; actual length 4.0mm.
neck_frame_spacer_3,,torso,sourced,body_bay_frame,native_load_path_candidate_OEM_bearing_capacity_pending,sourced_scene,graphite,aluminium_6061_t6_candidate,sourced_cad,2700,sourced_cad,0.00045600845685386576,same-version native CAD density estimate; unreleased manufacturing candidate,ledger_item,cad/exports/body_bay_frame/neck_frame_spacer_3.step,cad/exports/body_bay_frame/neck_frame_spacer_3.stl,cad/source/body_bay_frame/neck_frame_spacer_3_quad.npz,verified,false,unreleased,,,unresolved,,unresolved,,unresolved,,unresolved,,unresolved,robots/Goose_V0.1/cad/exports/body_bay_frame/manifest.json,Turned6061 throughM3 spacer; actual length 4.0mm.
neck_mid_pitch,neck_mid_pitch_catalog_case,neck_pitch,sourced,neck_mid_pitch,manufacturer_dimension_cylinder_not_vendor_cad,sourced_scene,graphite,,unresolved,,unresolved,0.349,AK45-36 V3.0 upgrade: previous middle-neck continuous design margin failed in stage-two mass envelope,ledger_item,,,,unresolved,,unresolved,AK45-36 V3.0 KV80,stage_two_contract_joint_and_stage_two_actuator_bom,sourced,185.9,proposed architecture; China stock/quotation pending,,unresolved,,unresolved,,unresolved,,
neck_mid_pitch_structure_allocation,,neck_mid_pitch,sourced,,,unresolved,,,unresolved,,unresolved,0.01,retained10g hardware/lead allowance after native attachment replacement; not selected fastener/harness mass,ledger_item,,,,unresolved,,allocation_not_a_selected_part,,,unresolved,,unresolved,,unresolved,,unresolved,,unresolved,,
neck_pitch,neck_pitch_catalog_case,neck_yaw,sourced,neck_pitch,manufacturer_dimension_cylinder_not_vendor_cad,sourced_scene,graphite,,unresolved,,unresolved,0.349,manufacturer mass; uniform cylinder inertia; output plane centered provisionally,ledger_item,,,,unresolved,,unresolved,AK45-36 V3.0 KV80,stage_two_contract_joint_and_stage_two_actuator_bom,sourced,185.9,proposed architecture; China stock/quotation pending,,unresolved,,unresolved,,unresolved,,
neck_pitch_structure_allocation,,neck_pitch,sourced,,,unresolved,,,unresolved,,unresolved,0.01,retained10g hardware/lead allowance after native attachment replacement; not selected fastener/harness mass,ledger_item,,,,unresolved,,allocation_not_a_selected_part,,,unresolved,,unresolved,,unresolved,,unresolved,,unresolved,,
neck_yaw,neck_yaw_catalog_case,torso,sourced,neck_yaw,manufacturer_dimension_cylinder_not_vendor_cad,sourced_scene,graphite,,unresolved,,unresolved,0.19,manufacturer mass; uniform cylinder inertia; output plane centered provisionally,ledger_item,,,,unresolved,,unresolved,AK40-10 V3.0 KV170,stage_two_contract_joint_and_stage_two_actuator_bom,sourced,135.9,proposed architecture; China stock/quotation pending,,unresolved,,unresolved,,unresolved,,
neck_yaw_output_adapter,,neck_yaw,sourced,neck_root_assembly,native_candidate_attachment_unreleased,sourced_scene,ivory,,unresolved,2700.0,sourced_cad,0.013905713243993494,native density estimate; same-version native mechanical candidate; installation-envelope inertia remains approximate,ledger_item,cad/exports/neck_root_assembly/neck_yaw_output_adapter.step,cad/exports/neck_root_assembly/neck_yaw_output_adapter.stl,cad/source/neck_root_assembly/neck_yaw_output_adapter_quad.npz,verified,false,unreleased,,,unresolved,,unresolved,,unresolved,,unresolved,,unresolved,robots/Goose_V0.1/cad/exports/neck_root_assembly/manifest.json,"AK40-10 V3 output3M2.5PCD27, no undocumented pilot depth. | Three M3 through taps PCD34 for front cradle."
neck_yaw_rear_frame_plate,,torso,sourced,body_bay_frame,native_load_path_candidate_OEM_bearing_capacity_pending,sourced_scene,graphite,aluminium_6061_t6_candidate,sourced_cad,2700,sourced_cad,0.020775229024072205,same-version native CAD density estimate; unreleased manufacturing candidate,ledger_item,cad/exports/body_bay_frame/neck_yaw_rear_frame_plate.step,cad/exports/body_bay_frame/neck_yaw_rear_frame_plate.stl,cad/source/body_bay_frame/neck_yaw_rear_frame_plate_quad.npz,verified,false,unreleased,,,unresolved,,unresolved,,unresolved,,unresolved,,unresolved,robots/Goose_V0.1/cad/exports/body_bay_frame/manifest.json,"AK40 rear mounting through3mm plate, M2.5x8+0.5washer:4.5mm insertion<=5mm. Central36mm opening preserves driver access."
neck_yaw_to_pitch_front_cradle,,neck_yaw,sourced,neck_root_assembly,native_candidate_attachment_unreleased,sourced_scene,ivory,,unresolved,2700.0,sourced_cad,0.04287827812751902,native density estimate; same-version native mechanical candidate; installation-envelope inertia remains approximate,ledger_item,cad/exports/neck_root_assembly/neck_yaw_to_pitch_front_cradle.step,cad/exports/neck_root_assembly/neck_yaw_to_pitch_front_cradle.stl,cad/source/neck_root_assembly/neck_yaw_to_pitch_front_cradle_quad.npz,verified,false,unreleased,,,unresolved,,unresolved,,unresolved,,unresolved,,unresolved,robots/Goose_V0.1/cad/exports/neck_root_assembly/manifest.json,"One CNC6061 billet:5.5mm base,4mm front wall; no unsupported bonded seam. | Pitch stator case front25.25mm,4mm ring ID42 clears the next output adapter R20. | Lower-neck independent rear spider remains neck_yaw-owned and uses the shared case bolts. | Rear case access, actual connectors and OEM yaw output bearing capacity remain gates."
right_ankle_cross_axis_carrier,,right_ankle_pitch,sourced,native_ankle_assembly,dimensioned_ankle_candidate,sourced_scene,ivory,aluminium,sourced_cad,2700,sourced_cad,0.05010013679348409,native density estimate; same-version native mechanical candidate; installation-envelope inertia remains approximate,ledger_item,cad/exports/body_bay_ankle_assembly/right_ankle_cross_axis_carrier.step,cad/exports/body_bay_ankle_assembly/right_ankle_cross_axis_carrier.stl,cad/source/body_bay_ankle_assembly/right_ankle_cross_axis_carrier_quad.npz,verified,false,unreleased,,,unresolved,,unresolved,,unresolved,CNC6061-T6,sourced_cad_note,,unresolved,robots/Goose_V0.1/cad/exports/body_bay_ankle_assembly/manifest.json,"One CNC6061-T6 cross-axis part: 5.5mm fork and 4mm stator front ring, no adhesive joint. | AK45-10 V3 case-front six M2.5 at PCD47.5. ID42 separates stationary ring from rotating output. | Ring outer radius27.5 leaves1mm nominal radial separation to the load plate plane at zero. | Machine transverse front holes after the plate profiles; no closed additive cavity."
right_ankle_pitch,right_ankle_pitch_catalog_case,right_knee_pitch,sourced,right_ankle_pitch,manufacturer_dimension_cylinder_not_vendor_cad,sourced_scene,graphite,,unresolved,,unresolved,0.349,manufacturer mass; uniform cylinder inertia; output plane centered provisionally,ledger_item,,,,unresolved,,unresolved,AK45-36 V3.0 KV80,stage_two_contract_joint_and_stage_two_actuator_bom,sourced,185.9,proposed architecture; China stock/quotation pending,,unresolved,,unresolved,,unresolved,,
right_ankle_pitch_base_disc,,right_ankle_pitch,sourced,native_ankle_assembly,dimensioned_ankle_candidate,sourced_scene,ivory,aluminium,sourced_cad,2700,sourced_cad,0.009780489867356608,native density estimate; same-version native mechanical candidate; installation-envelope inertia remains approximate,ledger_item,cad/exports/body_bay_ankle_assembly/right_ankle_pitch_base_disc.step,cad/exports/body_bay_ankle_assembly/right_ankle_pitch_base_disc.stl,cad/source/body_bay_ankle_assembly/right_ankle_pitch_base_disc_quad.npz,verified,false,unreleased,,,unresolved,,unresolved,,unresolved,,unresolved,,unresolved,robots/Goose_V0.1/cad/exports/body_bay_ankle_assembly/manifest.json,3mm base +10mm six turned posts +4mm threaded face =17mm stack. | Top face three M3 taps PCD32; motor screws clamp six independent OD7 ID3.2 posts. | Base18mm pilot and three guide-pin sockets preserve the actual output datum.
right_ankle_pitch_bearing,,right_ankle_pitch,sourced,native_ankle_assembly,dimensioned_ankle_candidate,sourced_scene,titanium,steel,sourced_cad,5171.0111778516175,sourced_cad,0.0053,SKF61800 catalog; annular envelope inertia; same-version native mechanical candidate; installation-envelope inertia remains approximate,ledger_item,cad/exports/body_bay_ankle_assembly/right_ankle_pitch_bearing.step,cad/exports/body_bay_ankle_assembly/right_ankle_pitch_bearing.stl,cad/source/body_bay_ankle_assembly/right_ankle_pitch_bearing_quad.npz,verified,false,unreleased,,,unresolved,,unresolved,,unresolved,,unresolved,,unresolved,robots/Goose_V0.1/cad/exports/body_bay_ankle_assembly/manifest.json,
right_ankle_pitch_bearing_cover,,right_ankle_pitch,sourced,native_ankle_assembly,dimensioned_ankle_candidate,sourced_scene,ivory,aluminium,sourced_cad,2700,sourced_cad,0.0010033076692302339,native density estimate; same-version native mechanical candidate; installation-envelope inertia remains approximate,ledger_item,cad/exports/body_bay_ankle_assembly/right_ankle_pitch_bearing_cover.step,cad/exports/body_bay_ankle_assembly/right_ankle_pitch_bearing_cover.stl,cad/source/body_bay_ankle_assembly/right_ankle_pitch_bearing_cover_quad.npz,verified,false,unreleased,,,unresolved,,unresolved,,unresolved,,unresolved,,unresolved,robots/Goose_V0.1/cad/exports/body_bay_ankle_assembly/manifest.json,
right_ankle_pitch_bridge,,right_ankle_pitch,sourced,native_ankle_assembly,dimensioned_ankle_candidate,sourced_scene,ivory,aluminium,sourced_cad,2700,sourced_cad,0.0196098849917654,native density estimate; same-version native mechanical candidate; installation-envelope inertia remains approximate,ledger_item,cad/exports/body_bay_ankle_assembly/right_ankle_pitch_bridge.step,cad/exports/body_bay_ankle_assembly/right_ankle_pitch_bridge.stl,cad/source/body_bay_ankle_assembly/right_ankle_pitch_bridge_quad.npz,verified,false,unreleased,,,unresolved,,unresolved,,unresolved,,unresolved,,unresolved,robots/Goose_V0.1/cad/exports/body_bay_ankle_assembly/manifest.json,"CNC open-window bridge, two2mm rails,8mm tapped ends; four M3 blind8mm taps."
right_ankle_pitch_output_adapter,,right_ankle_pitch,sourced,native_ankle_assembly,dimensioned_ankle_candidate,sourced_scene,ivory,aluminium,sourced_cad,2700,sourced_cad,0.011931224617406803,native density estimate; same-version native mechanical candidate; installation-envelope inertia remains approximate,ledger_item,cad/exports/body_bay_ankle_assembly/right_ankle_pitch_output_adapter.step,cad/exports/body_bay_ankle_assembly/right_ankle_pitch_output_adapter.stl,cad/source/body_bay_ankle_assembly/right_ankle_pitch_output_adapter_quad.npz,verified,false,unreleased,,,unresolved,,unresolved,,unresolved,,unresolved,,unresolved,robots/Goose_V0.1/cad/exports/body_bay_ankle_assembly/manifest.json,3mm base +10mm six turned posts +4mm threaded face =17mm stack. | Top face three M3 taps PCD32; motor screws clamp six independent OD7 ID3.2 posts. | Base18mm pilot and three guide-pin sockets preserve the actual output datum.
right_ankle_pitch_output_post_0,,right_ankle_pitch,sourced,native_ankle_assembly,dimensioned_ankle_candidate,sourced_scene,ivory,aluminium,sourced_cad,2700,sourced_cad,0.0008219348859586973,native density estimate; same-version native mechanical candidate; installation-envelope inertia remains approximate,ledger_item,cad/exports/body_bay_ankle_assembly/right_ankle_pitch_output_post_0.step,cad/exports/body_bay_ankle_assembly/right_ankle_pitch_output_post_0.stl,cad/source/body_bay_ankle_assembly/right_ankle_pitch_output_post_0_quad.npz,verified,false,unreleased,,,unresolved,,unresolved,,unresolved,,unresolved,,unresolved,robots/Goose_V0.1/cad/exports/body_bay_ankle_assembly/manifest.json,Turned6061 OD7 ID3.2 length10mm;parallel ends0.03mm;no paint on contact faces.
right_ankle_pitch_output_post_1,,right_ankle_pitch,sourced,native_ankle_assembly,dimensioned_ankle_candidate,sourced_scene,ivory,aluminium,sourced_cad,2700,sourced_cad,0.0008219348859586973,native density estimate; same-version native mechanical candidate; installation-envelope inertia remains approximate,ledger_item,cad/exports/body_bay_ankle_assembly/right_ankle_pitch_output_post_1.step,cad/exports/body_bay_ankle_assembly/right_ankle_pitch_output_post_1.stl,cad/source/body_bay_ankle_assembly/right_ankle_pitch_output_post_1_quad.npz,verified,false,unreleased,,,unresolved,,unresolved,,unresolved,,unresolved,,unresolved,robots/Goose_V0.1/cad/exports/body_bay_ankle_assembly/manifest.json,Turned6061 OD7 ID3.2 length10mm;parallel ends0.03mm;no paint on contact faces.
right_ankle_pitch_output_post_2,,right_ankle_pitch,sourced,native_ankle_assembly,dimensioned_ankle_candidate,sourced_scene,ivory,aluminium,sourced_cad,2700,sourced_cad,0.0008219348859586973,native density estimate; same-version native mechanical candidate; installation-envelope inertia remains approximate,ledger_item,cad/exports/body_bay_ankle_assembly/right_ankle_pitch_output_post_2.step,cad/exports/body_bay_ankle_assembly/right_ankle_pitch_output_post_2.stl,cad/source/body_bay_ankle_assembly/right_ankle_pitch_output_post_2_quad.npz,verified,false,unreleased,,,unresolved,,unresolved,,unresolved,,unresolved,,unresolved,robots/Goose_V0.1/cad/exports/body_bay_ankle_assembly/manifest.json,Turned6061 OD7 ID3.2 length10mm;parallel ends0.03mm;no paint on contact faces.
right_ankle_pitch_output_post_3,,right_ankle_pitch,sourced,native_ankle_assembly,dimensioned_ankle_candidate,sourced_scene,ivory,aluminium,sourced_cad,2700,sourced_cad,0.0008219348859586981,native density estimate; same-version native mechanical candidate; installation-envelope inertia remains approximate,ledger_item,cad/exports/body_bay_ankle_assembly/right_ankle_pitch_output_post_3.step,cad/exports/body_bay_ankle_assembly/right_ankle_pitch_output_post_3.stl,cad/source/body_bay_ankle_assembly/right_ankle_pitch_output_post_3_quad.npz,verified,false,unreleased,,,unresolved,,unresolved,,unresolved,,unresolved,,unresolved,robots/Goose_V0.1/cad/exports/body_bay_ankle_assembly/manifest.json,Turned6061 OD7 ID3.2 length10mm;parallel ends0.03mm;no paint on contact faces.
right_ankle_pitch_output_post_4,,right_ankle_pitch,sourced,native_ankle_assembly,dimensioned_ankle_candidate,sourced_scene,ivory,aluminium,sourced_cad,2700,sourced_cad,0.0008219348859586981,native density estimate; same-version native mechanical candidate; installation-envelope inertia remains approximate,ledger_item,cad/exports/body_bay_ankle_assembly/right_ankle_pitch_output_post_4.step,cad/exports/body_bay_ankle_assembly/right_ankle_pitch_output_post_4.stl,cad/source/body_bay_ankle_assembly/right_ankle_pitch_output_post_4_quad.npz,verified,false,unreleased,,,unresolved,,unresolved,,unresolved,,unresolved,,unresolved,robots/Goose_V0.1/cad/exports/body_bay_ankle_assembly/manifest.json,Turned6061 OD7 ID3.2 length10mm;parallel ends0.03mm;no paint on contact faces.
right_ankle_pitch_output_post_5,,right_ankle_pitch,sourced,native_ankle_assembly,dimensioned_ankle_candidate,sourced_scene,ivory,aluminium,sourced_cad,2700,sourced_cad,0.000821934885958698,native density estimate; same-version native mechanical candidate; installation-envelope inertia remains approximate,ledger_item,cad/exports/body_bay_ankle_assembly/right_ankle_pitch_output_post_5.step,cad/exports/body_bay_ankle_assembly/right_ankle_pitch_output_post_5.stl,cad/source/body_bay_ankle_assembly/right_ankle_pitch_output_post_5_quad.npz,verified,false,unreleased,,,unresolved,,unresolved,,unresolved,,unresolved,,unresolved,robots/Goose_V0.1/cad/exports/body_bay_ankle_assembly/manifest.json,Turned6061 OD7 ID3.2 length10mm;parallel ends0.03mm;no paint on contact faces.
right_ankle_pitch_rear_fork,,right_ankle_pitch,sourced,native_ankle_assembly,dimensioned_ankle_candidate,sourced_scene,ivory,aluminium,sourced_cad,2700,sourced_cad,0.016350762261380613,native density estimate; same-version native mechanical candidate; installation-envelope inertia remains approximate,ledger_item,cad/exports/body_bay_ankle_assembly/right_ankle_pitch_rear_fork.step,cad/exports/body_bay_ankle_assembly/right_ankle_pitch_rear_fork.stl,cad/source/body_bay_ankle_assembly/right_ankle_pitch_rear_fork_quad.npz,verified,false,unreleased,,,unresolved,,unresolved,,unresolved,,unresolved,,unresolved,robots/Goose_V0.1/cad/exports/body_bay_ankle_assembly/manifest.json,"19H7 seat for SKF61800; 0.5mm shoulder, ID13 clears shaft shoulder. | Rear fork center -52mm normalized; 1mm beyond the shin rear plate."
right_ankle_pitch_shaft_washer,,right_knee_pitch,sourced,native_ankle_assembly,dimensioned_ankle_candidate,sourced_scene,titanium,steel,sourced_cad,7850,sourced_cad,0.00045010324441282113,native density estimate; same-version native mechanical candidate; installation-envelope inertia remains approximate,ledger_item,cad/exports/body_bay_ankle_assembly/right_ankle_pitch_shaft_washer.step,cad/exports/body_bay_ankle_assembly/right_ankle_pitch_shaft_washer.stl,cad/source/body_bay_ankle_assembly/right_ankle_pitch_shaft_washer_quad.npz,verified,false,unreleased,,,unresolved,,unresolved,,unresolved,,unresolved,,unresolved,robots/Goose_V0.1/cad/exports/body_bay_ankle_assembly/manifest.json,
right_ankle_pitch_stationary_spider,,right_knee_pitch,sourced,native_ankle_assembly,dimensioned_ankle_candidate,sourced_scene,titanium,steel,sourced_cad,7850,sourced_cad,0.03085433513422104,native density estimate; same-version native mechanical candidate; installation-envelope inertia remains approximate,ledger_item,cad/exports/body_bay_ankle_assembly/right_ankle_pitch_stationary_spider.step,cad/exports/body_bay_ankle_assembly/right_ankle_pitch_stationary_spider.stl,cad/source/body_bay_ankle_assembly/right_ankle_pitch_stationary_spider_quad.npz,verified,false,unreleased,,,unresolved,,unresolved,,unresolved,,unresolved,,unresolved,robots/Goose_V0.1/cad/exports/body_bay_ankle_assembly/manifest.json,C45 steel spider and10g6 shaft; rear case4M3PCD47. | Replaces the four existing shin distal middle spacers; preserve one shared case screw stack. | Motor rear plug and PCB exposure require actual OEM surface inspection.
right_ankle_roll,right_ankle_roll_catalog_case,right_ankle_pitch,sourced,right_ankle_roll,manufacturer_dimension_cylinder_not_vendor_cad,sourced_scene,graphite,,unresolved,,unresolved,0.262,manufacturer mass; uniform cylinder inertia; output plane centered provisionally,ledger_item,,,,unresolved,,unresolved,AK45-10 V3.0 KV75,stage_two_contract_joint_and_stage_two_actuator_bom,sourced,155.9,proposed architecture; China stock/quotation pending,,unresolved,,unresolved,,unresolved,,
right_ankle_roll_bearing,,right_ankle_roll,sourced,native_ankle_assembly,dimensioned_ankle_candidate,sourced_scene,titanium,steel,sourced_cad,5171.0111778516175,sourced_cad,0.0053,SKF61800 catalog; annular envelope inertia; same-version native mechanical candidate; installation-envelope inertia remains approximate,ledger_item,cad/exports/body_bay_ankle_assembly/right_ankle_roll_bearing.step,cad/exports/body_bay_ankle_assembly/right_ankle_roll_bearing.stl,cad/source/body_bay_ankle_assembly/right_ankle_roll_bearing_quad.npz,verified,false,unreleased,,,unresolved,,unresolved,,unresolved,,unresolved,,unresolved,robots/Goose_V0.1/cad/exports/body_bay_ankle_assembly/manifest.json,
right_ankle_roll_bearing_cover,,right_ankle_roll,sourced,native_ankle_assembly,dimensioned_ankle_candidate,sourced_scene,ivory,aluminium,sourced_cad,2700,sourced_cad,0.0010033076692302339,native density estimate; same-version native mechanical candidate; installation-envelope inertia remains approximate,ledger_item,cad/exports/body_bay_ankle_assembly/right_ankle_roll_bearing_cover.step,cad/exports/body_bay_ankle_assembly/right_ankle_roll_bearing_cover.stl,cad/source/body_bay_ankle_assembly/right_ankle_roll_bearing_cover_quad.npz,verified,false,unreleased,,,unresolved,,unresolved,,unresolved,,unresolved,,unresolved,robots/Goose_V0.1/cad/exports/body_bay_ankle_assembly/manifest.json,
right_ankle_roll_output_adapter,,right_ankle_roll,sourced,native_ankle_assembly,dimensioned_ankle_candidate,sourced_scene,ivory,aluminium,sourced_cad,2700,sourced_cad,0.012684262020277783,native density estimate; same-version native mechanical candidate; installation-envelope inertia remains approximate,ledger_item,cad/exports/body_bay_ankle_assembly/right_ankle_roll_output_adapter.step,cad/exports/body_bay_ankle_assembly/right_ankle_roll_output_adapter.stl,cad/source/body_bay_ankle_assembly/right_ankle_roll_output_adapter_quad.npz,verified,false,unreleased,,,unresolved,,unresolved,,unresolved,,unresolved,,unresolved,robots/Goose_V0.1/cad/exports/body_bay_ankle_assembly/manifest.json,"Three OEM M2.5 output bores, PCD27; separate three M3 tapped fork holes at PCD32. | No unassigned pilot protrusion is added to the AK45-10 output."
right_ankle_roll_shaft_washer,,right_ankle_pitch,sourced,native_ankle_assembly,dimensioned_ankle_candidate,sourced_scene,titanium,steel,sourced_cad,7850,sourced_cad,0.00045010324441282097,native density estimate; same-version native mechanical candidate; installation-envelope inertia remains approximate,ledger_item,cad/exports/body_bay_ankle_assembly/right_ankle_roll_shaft_washer.step,cad/exports/body_bay_ankle_assembly/right_ankle_roll_shaft_washer.stl,cad/source/body_bay_ankle_assembly/right_ankle_roll_shaft_washer_quad.npz,verified,false,unreleased,,,unresolved,,unresolved,,unresolved,,unresolved,,unresolved,robots/Goose_V0.1/cad/exports/body_bay_ankle_assembly/manifest.json,
right_ankle_roll_stationary_spider,,right_ankle_pitch,sourced,native_ankle_assembly,dimensioned_ankle_candidate,sourced_scene,titanium,steel,sourced_cad,7850,sourced_cad,0.015008395537316695,native density estimate; same-version native mechanical candidate; installation-envelope inertia remains approximate,ledger_item,cad/exports/body_bay_ankle_assembly/right_ankle_roll_stationary_spider.step,cad/exports/body_bay_ankle_assembly/right_ankle_roll_stationary_spider.stl,cad/source/body_bay_ankle_assembly/right_ankle_roll_stationary_spider_quad.npz,verified,false,unreleased,,,unresolved,,unresolved,,unresolved,,unresolved,,unresolved,robots/Goose_V0.1/cad/exports/body_bay_ankle_assembly/manifest.json,"C45 steel10g6 shaft,case rear4M2.5PCD47,2mm spider. | Independent rear radial support; rotating foot load plate does not attach to stator."
right_ankle_tapped_load_plate,,right_ankle_roll,sourced,native_ankle_assembly,dimensioned_ankle_candidate,sourced_scene,ivory,aluminium,sourced_cad,2700,sourced_cad,0.14623489767725598,native density estimate; same-version native mechanical candidate; installation-envelope inertia remains approximate,ledger_item,cad/exports/body_bay_ankle_assembly/right_ankle_tapped_load_plate.step,cad/exports/body_bay_ankle_assembly/right_ankle_tapped_load_plate.stl,cad/source/body_bay_ankle_assembly/right_ankle_tapped_load_plate_quad.npz,verified,false,unreleased,,,unresolved,,unresolved,,unresolved,,unresolved,,unresolved,robots/Goose_V0.1/cad/exports/body_bay_ankle_assembly/manifest.json,Replaces the earlier four-hole load plate;8 additional M3 through taps match both foot saddles. | The original four sole mounting taps are preserved.
right_battery_frame_post_0,,torso,sourced,body_bay_frame,native_load_path_candidate_OEM_bearing_capacity_pending,sourced_scene,graphite,aluminium_6061_t6_candidate,sourced_cad,2700,sourced_cad,0.001607429810409879,same-version native CAD density estimate; unreleased manufacturing candidate,ledger_item,cad/exports/body_bay_frame/right_battery_frame_post_0.step,cad/exports/body_bay_frame/right_battery_frame_post_0.stl,cad/source/body_bay_frame/right_battery_frame_post_0_quad.npz,verified,false,unreleased,,,unresolved,,unresolved,,unresolved,,unresolved,,unresolved,robots/Goose_V0.1/cad/exports/body_bay_frame/manifest.json,"Turned6061 throughM3 post, length 14.100000000000023mm; end-to-end bolt and locknut stack pending complete release."
right_battery_frame_post_1,,torso,sourced,body_bay_frame,native_load_path_candidate_OEM_bearing_capacity_pending,sourced_scene,graphite,aluminium_6061_t6_candidate,sourced_cad,2700,sourced_cad,0.001607429810409879,same-version native CAD density estimate; unreleased manufacturing candidate,ledger_item,cad/exports/body_bay_frame/right_battery_frame_post_1.step,cad/exports/body_bay_frame/right_battery_frame_post_1.stl,cad/source/body_bay_frame/right_battery_frame_post_1_quad.npz,verified,false,unreleased,,,unresolved,,unresolved,,unresolved,,unresolved,,unresolved,robots/Goose_V0.1/cad/exports/body_bay_frame/manifest.json,"Turned6061 throughM3 post, length 14.100000000000023mm; end-to-end bolt and locknut stack pending complete release."
right_battery_support_rail,,torso,sourced,body_bay_frame,native_load_path_candidate_OEM_bearing_capacity_pending,sourced_scene,graphite,aluminium_6061_t6_candidate,sourced_cad,2700,sourced_cad,0.005831426557891937,same-version native CAD density estimate; unreleased manufacturing candidate,ledger_item,cad/exports/body_bay_frame/right_battery_support_rail.step,cad/exports/body_bay_frame/right_battery_support_rail.stl,cad/source/body_bay_frame/right_battery_support_rail_quad.npz,verified,false,unreleased,,,unresolved,,unresolved,,unresolved,,unresolved,,unresolved,robots/Goose_V0.1/cad/exports/body_bay_frame/manifest.json,"2.5mm6061. Battery allowance bottom333mm; rail top331.5mm leaves1.5mm pad allocation, not measured foam compression."
right_flexible_sole,,right_ankle_roll,sourced,right_foot,native_compliant_contact_candidate,sourced_scene,rubber,,unresolved,,unresolved,0.026990906918289554,"native CAD volume/material density, or explicitly labeled SKF bearing catalog mass; remaining allowances retained",ledger_item,,,cad/source/body_bay_preview/geometry/right_flexible_sole_quad.npz,verified,,unresolved,,,unresolved,,unresolved,,unresolved,,unresolved,,unresolved,,
right_foot_front_saddle,,right_ankle_roll,sourced,native_ankle_assembly,dimensioned_ankle_candidate,sourced_scene,ivory,aluminium,sourced_cad,2700,sourced_cad,0.029082421308094165,native density estimate; same-version native mechanical candidate; installation-envelope inertia remains approximate,ledger_item,cad/exports/body_bay_ankle_assembly/right_foot_front_saddle.step,cad/exports/body_bay_ankle_assembly/right_foot_front_saddle.stl,cad/source/body_bay_ankle_assembly/right_foot_front_saddle_quad.npz,verified,false,unreleased,,,unresolved,,unresolved,,unresolved,CNC6061-T6,sourced_cad_note,,unresolved,robots/Goose_V0.1/cad/exports/body_bay_ankle_assembly/manifest.json,"CNC6061-T6 foot saddle,5.5mm axial plate and4mm open side feet. | Load-plate screws M3x8+0.5mm washer give3.5mm engagement in4mm plate. | Rear seat SKF61800 19H7; no solid block across the motor floor."
right_foot_rear_saddle,,right_ankle_roll,sourced,native_ankle_assembly,dimensioned_ankle_candidate,sourced_scene,ivory,aluminium,sourced_cad,2700,sourced_cad,0.0253231457392333,native density estimate; same-version native mechanical candidate; installation-envelope inertia remains approximate,ledger_item,cad/exports/body_bay_ankle_assembly/right_foot_rear_saddle.step,cad/exports/body_bay_ankle_assembly/right_foot_rear_saddle.stl,cad/source/body_bay_ankle_assembly/right_foot_rear_saddle_quad.npz,verified,false,unreleased,,,unresolved,,unresolved,,unresolved,CNC6061-T6,sourced_cad_note,,unresolved,robots/Goose_V0.1/cad/exports/body_bay_ankle_assembly/manifest.json,"CNC6061-T6 foot saddle,5.5mm axial plate and4mm open side feet. | Load-plate screws M3x8+0.5mm washer give3.5mm engagement in4mm plate. | Rear seat SKF61800 19H7; no solid block across the motor floor."
right_foot_trim,,right_ankle_roll,sourced,right_foot,hollow_trim_candidate,sourced_scene,orange,,unresolved,,unresolved,0.005903257583686586,actual foot candidate solid volume; assumed material density,ledger_item,,,,unresolved,,unresolved,,,unresolved,,unresolved,,unresolved,,unresolved,,unresolved,,
right_foot_upper_aft,,right_ankle_roll,sourced,hollow_shoe_covers,native_candidate_attachment_unreleased,sourced_scene,ivory,,unresolved,1270,sourced_cad,0.009729522002983073,native density estimate; same-version native mechanical candidate; installation-envelope inertia remains approximate,ledger_item,cad/exports/hollow_shoe_covers/right_foot_upper_aft.step,cad/exports/hollow_shoe_covers/right_foot_upper_aft.stl,cad/source/hollow_shoe_covers/right_foot_upper_aft_quad.npz,verified,false,unreleased,,,unresolved,,unresolved,,unresolved,,unresolved,,unresolved,robots/Goose_V0.1/cad/exports/hollow_shoe_covers/manifest.json,"Native elliptical loft with2.4mm radial cavity offset; underside open atZ18mm. | R48 pitch and R57 cross-axis openings; orange toe cap begins beyondX96. Actual exposed ankle, not filled shoe volume. | Screw mounting, sweep clearance and print tolerances remain separate gates."
right_foot_upper_fore,,right_ankle_roll,sourced,hollow_shoe_covers,native_candidate_attachment_unreleased,sourced_scene,orange,,unresolved,1270,sourced_cad,0.008769312151835604,native density estimate; same-version native mechanical candidate; installation-envelope inertia remains approximate,ledger_item,cad/exports/hollow_shoe_covers/right_foot_upper_fore.step,cad/exports/hollow_shoe_covers/right_foot_upper_fore.stl,cad/source/hollow_shoe_covers/right_foot_upper_fore_quad.npz,verified,false,unreleased,,,unresolved,,unresolved,,unresolved,,unresolved,,unresolved,robots/Goose_V0.1/cad/exports/hollow_shoe_covers/manifest.json,"Native elliptical loft with2.4mm radial cavity offset; underside open atZ18mm. | R48 pitch and R57 cross-axis openings; orange toe cap begins beyondX96. Actual exposed ankle, not filled shoe volume. | Screw mounting, sweep clearance and print tolerances remain separate gates."
right_hip_pitch,right_hip_pitch_catalog_case,right_hip_roll,sourced,right_hip_pitch,manufacturer_dimension_cylinder_not_vendor_cad,sourced_scene,graphite,,unresolved,,unresolved,0.349,manufacturer mass; uniform cylinder inertia; output plane centered provisionally,ledger_item,,,,unresolved,,unresolved,AK45-36 V3.0 KV80,stage_two_contract_joint_and_stage_two_actuator_bom,sourced,185.9,proposed architecture; China stock/quotation pending,,unresolved,,unresolved,,unresolved,,
right_hip_pitch_static_front_carrier,,right_hip_roll,sourced,hip_roll_carriers,native_cross_axis_carrier_candidate,sourced_scene,ivory,aluminium_6061_t6_candidate,sourced_cad,2700,sourced_cad,0.021528008384789268,same-version native CAD density estimate; unreleased manufacturing candidate,ledger_item,cad/exports/body_bay_roll_carriers/right_hip_pitch_static_front_carrier.step,cad/exports/body_bay_roll_carriers/right_hip_pitch_static_front_carrier.stl,cad/source/body_bay_roll_carriers/right_hip_pitch_static_front_carrier_quad.npz,verified,false,unreleased,,,unresolved,,unresolved,,unresolved,CNC6061-T6,sourced_cad_note,,unresolved,robots/Goose_V0.1/cad/exports/body_bay_roll_carriers/manifest.json,CNC6061-T6 4mm; sixM3x8 +1mm washer into stator front:3mm insertion<=4mm. | ID42 clears output adapter radius20 with1mm radial gap; outer mounting ring stays separate from moving fork. | TwoM3x10 +0.5mm washer to corner block;5.5mm engagement in6mm through tap. | Child pitch case/front face retained; actual connector/wiring sweep and local strength remain gates.
right_hip_pitch_structure_allocation,,right_hip_pitch,sourced,,,unresolved,,,unresolved,,unresolved,0.01,retained10g hardware/lead allowance after native attachment replacement; not selected fastener/harness mass,ledger_item,,,,unresolved,,allocation_not_a_selected_part,,,unresolved,,unresolved,,unresolved,,unresolved,,unresolved,,
right_hip_roll,right_hip_roll_catalog_case,right_hip_yaw,sourced,right_hip_roll,manufacturer_dimension_cylinder_not_vendor_cad,sourced_scene,graphite,,unresolved,,unresolved,0.349,manufacturer mass; uniform cylinder inertia; output plane centered provisionally,ledger_item,,,,unresolved,,unresolved,AK45-36 V3.0 KV80,stage_two_contract_joint_and_stage_two_actuator_bom,sourced,185.9,proposed architecture; China stock/quotation pending,,unresolved,,unresolved,,unresolved,,
right_hip_roll_carrier_arm,,right_hip_roll,sourced,hip_roll_carriers,native_cross_axis_carrier_candidate,sourced_scene,ivory,aluminium_6061_t6_candidate,sourced_cad,2700,sourced_cad,0.02113620112284465,same-version native CAD density estimate; unreleased manufacturing candidate,ledger_item,cad/exports/body_bay_roll_carriers/right_hip_roll_carrier_arm.step,cad/exports/body_bay_roll_carriers/right_hip_roll_carrier_arm.stl,cad/source/body_bay_roll_carriers/right_hip_roll_carrier_arm_quad.npz,verified,false,unreleased,,,unresolved,,unresolved,,unresolved,CNC6061-T6,sourced_cad_note,,unresolved,robots/Goose_V0.1/cad/exports/body_bay_roll_carriers/manifest.json,CNC6061-T6 5.5mm flat plate; M3x10 +1mm washers into output adapter. | Two M3x12 +0.5mm washers to block;6mm engagement in8mm blind tap. | Six5.8mm tool/head access bores keep output screws independently accessible.
right_hip_roll_corner_block,,right_hip_roll,sourced,hip_roll_carriers,native_cross_axis_carrier_candidate,sourced_scene,ivory,aluminium_6061_t6_candidate,sourced_cad,2700,sourced_cad,0.005849699367794704,same-version native CAD density estimate; unreleased manufacturing candidate,ledger_item,cad/exports/body_bay_roll_carriers/right_hip_roll_corner_block.step,cad/exports/body_bay_roll_carriers/right_hip_roll_corner_block.stl,cad/source/body_bay_roll_carriers/right_hip_roll_corner_block_quad.npz,verified,false,unreleased,,,unresolved,,unresolved,,unresolved,CNC6061-T6,sourced_cad_note,,unresolved,robots/Goose_V0.1/cad/exports/body_bay_roll_carriers/manifest.json,"CNC6061-T6,12x6x32mm; twoM3 TAP blind8mm from arm side; twoM3 TAP through6mm from case plate side. | Orthogonal hole rows are separated8mm in Z; no crossed thread bores. | Case plate M3x10 +0.5mm washer:5.5mm insertion; no longer substitute."
right_hip_roll_output_adapter,,right_hip_roll,sourced,hip_roll_carriers,native_cross_axis_carrier_candidate,sourced_scene,ivory,aluminium_6061_t6_candidate,sourced_cad,2700,sourced_cad,0.012644013675642324,same-version native CAD density estimate; unreleased manufacturing candidate,ledger_item,cad/exports/body_bay_roll_carriers/right_hip_roll_output_adapter.step,cad/exports/body_bay_roll_carriers/right_hip_roll_output_adapter.stl,cad/source/body_bay_roll_carriers/right_hip_roll_output_adapter_quad.npz,verified,false,unreleased,,,unresolved,,unresolved,,unresolved,,unresolved,,unresolved,robots/Goose_V0.1/cad/exports/body_bay_roll_carriers/manifest.json,"Six M3x8 +0.5mm washers into catalog output holes;3.5mm insertion<=4.5mm. | Three existing M3 TAP at PCD32; carrier uses M3x10 +1mm washer,3.5mm engagement. | Native prototype geometry reused in the declared +X orientation, not a copied vendor motor."
right_hip_roll_structure_allocation,,right_hip_roll,sourced,,,unresolved,,,unresolved,,unresolved,0.01,additional adapter/harness allowance above previous mount reserve,ledger_item,,,,unresolved,,allocation_not_a_selected_part,,,unresolved,,unresolved,,unresolved,,unresolved,,unresolved,,
right_hip_yaw,right_hip_yaw_catalog_case,torso,sourced,right_hip_yaw,manufacturer_dimension_cylinder_not_vendor_cad,sourced_scene,graphite,,unresolved,,unresolved,0.19,manufacturer mass; uniform cylinder inertia; output plane centered provisionally,ledger_item,,,,unresolved,,unresolved,AK40-10 V3.0 KV170,stage_two_contract_joint_and_stage_two_actuator_bom,sourced,135.9,proposed architecture; China stock/quotation pending,,unresolved,,unresolved,,unresolved,,
right_hip_yaw_output_adapter,,right_hip_yaw,sourced,body_bay_frame,native_load_path_candidate_OEM_bearing_capacity_pending,sourced_scene,ivory,aluminium_6061_t6_candidate,sourced_cad,2700,sourced_cad,0.013905713243993494,same-version native CAD density estimate; unreleased manufacturing candidate,ledger_item,cad/exports/body_bay_frame/right_hip_yaw_output_adapter.step,cad/exports/body_bay_frame/right_hip_yaw_output_adapter.stl,cad/source/body_bay_frame/right_hip_yaw_output_adapter_quad.npz,verified,false,unreleased,,,unresolved,,unresolved,,unresolved,CNC6061-T6,sourced_cad_note,,unresolved,robots/Goose_V0.1/cad/exports/body_bay_frame/manifest.json,"CNC6061-T6 4mm. ThreeM2.5x8 with1.5mm total washers:2.5mm insertion<=3mm; no centering pilot depth invented. | ThreeM3 TAP through4mm atPCD34. U bracket M3x10 with1mm washer gives3.5mm thread engagement. | Actuator output-bearing radial/axial/moment rating, clamp preload and fatigue not yet released."
right_hip_yaw_structure_allocation,,right_hip_yaw,sourced,,,unresolved,,,unresolved,,unresolved,0.01,additional adapter/harness allowance above previous mount reserve,ledger_item,,,,unresolved,,allocation_not_a_selected_part,,,unresolved,,unresolved,,unresolved,,unresolved,,unresolved,,
right_hip_yaw_to_roll_u_carrier,,right_hip_yaw,sourced,body_bay_frame,native_load_path_candidate_OEM_bearing_capacity_pending,sourced_scene,ivory,aluminium_6061_t6_candidate,sourced_cad,2700,sourced_cad,0.07741953623662279,same-version native CAD density estimate; unreleased manufacturing candidate,ledger_item,cad/exports/body_bay_frame/right_hip_yaw_to_roll_u_carrier.step,cad/exports/body_bay_frame/right_hip_yaw_to_roll_u_carrier.stl,cad/source/body_bay_frame/right_hip_yaw_to_roll_u_carrier_quad.npz,verified,false,unreleased,,,unresolved,,unresolved,,unresolved,CNC6061-T6,sourced_cad_note,,unresolved,robots/Goose_V0.1/cad/exports/body_bay_frame/manifest.json,"One CNC6061-T6 billet part; top5.5mm, vertical5.5x24mm, bottom5.5mm bridge and4mm stator front ring. No unsupported butt weld. | SixM3x8 with1mm washer into roll stator front gives3mm insertion<=4mm. | Output openingID42 clears rotating roll adapter radius20; actual all-pose assembly, connector and local stress gates remain. | OEM yaw output-bearing capacity must support the overhung load or this carrier needs an independent bearing redesign."
right_knee_pitch,right_knee_pitch_catalog_case,right_hip_pitch,sourced,right_knee_pitch,manufacturer_dimension_cylinder_not_vendor_cad,sourced_scene,graphite,,unresolved,,unresolved,0.349,manufacturer mass; uniform cylinder inertia; output plane centered provisionally,ledger_item,,,,unresolved,,unresolved,AK45-36 V3.0 KV80,stage_two_contract_joint_and_stage_two_actuator_bom,sourced,185.9,proposed architecture; China stock/quotation pending,,unresolved,,unresolved,,unresolved,,
right_knee_pitch_structure_allocation,,right_knee_pitch,sourced,,,unresolved,,,unresolved,,unresolved,0.01,retained10g hardware/lead allowance after native attachment replacement; not selected fastener/harness mass,ledger_item,,,,unresolved,,allocation_not_a_selected_part,,,unresolved,,unresolved,,unresolved,,unresolved,,unresolved,,
right_shin_bearing_outer_retainer,,right_knee_pitch,sourced,native_pitch_assembly,dimensioned_attachment_unreleased_full_assembly,sourced_scene,ivory,aluminium,sourced_cad,2700,sourced_cad,0.0010033076692302339,same-version native CAD density estimate; unreleased manufacturing candidate,ledger_item,cad/exports/body_bay_pitch_forks/right_shin_bearing_outer_retainer.step,cad/exports/body_bay_pitch_forks/right_shin_bearing_outer_retainer.stl,cad/source/body_bay_pitch_forks/right_shin_bearing_outer_retainer_quad.npz,verified,false,unreleased,,,unresolved,,unresolved,,unresolved,,unresolved,,unresolved,robots/Goose_V0.1/cad/exports/body_bay_pitch_forks/manifest.json,Three M2.5x5 +0.5mm washer into fork M2.5 TAP3.5mm. | ID17 contacts outer race only; purchased bearing race abutment diagram must be matched.
right_shin_bridge,,right_knee_pitch,sourced,native_pitch_assembly,dimensioned_attachment_unreleased_full_assembly,sourced_scene,ivory,aluminium,sourced_cad,2700,sourced_cad,0.022806684991765434,same-version native CAD density estimate; unreleased manufacturing candidate,ledger_item,cad/exports/body_bay_pitch_forks/right_shin_bridge.step,cad/exports/body_bay_pitch_forks/right_shin_bridge.stl,cad/source/body_bay_pitch_forks/right_shin_bridge_quad.npz,verified,false,unreleased,,,unresolved,,unresolved,,unresolved,,unresolved,,unresolved,robots/Goose_V0.1/cad/exports/body_bay_pitch_forks/manifest.json,Four M3x12 with0.5mm washers;6mm engagement in M3 blind taps8mm.
right_shin_distal_front_spacer_0,,right_knee_pitch,sourced,native_pitch_assembly,dimensioned_attachment_unreleased_full_assembly,sourced_scene,ivory,aluminium,sourced_cad,2700,sourced_cad,0.0013110243134548637,same-version native CAD density estimate; unreleased manufacturing candidate,ledger_item,cad/exports/body_bay_pitch_forks/right_shin_distal_front_spacer_0.step,cad/exports/body_bay_pitch_forks/right_shin_distal_front_spacer_0.stl,cad/source/body_bay_pitch_forks/right_shin_distal_front_spacer_0_quad.npz,verified,false,unreleased,,,unresolved,,unresolved,,unresolved,,unresolved,,unresolved,robots/Goose_V0.1/cad/exports/body_bay_pitch_forks/manifest.json,Turned case stand-off replaces heavy full annular block; parallel ends0.03mm. | Never connect this static case spacer to the rotating output.
right_shin_distal_front_spacer_1,,right_knee_pitch,sourced,native_pitch_assembly,dimensioned_attachment_unreleased_full_assembly,sourced_scene,ivory,aluminium,sourced_cad,2700,sourced_cad,0.0013110243134548637,same-version native CAD density estimate; unreleased manufacturing candidate,ledger_item,cad/exports/body_bay_pitch_forks/right_shin_distal_front_spacer_1.step,cad/exports/body_bay_pitch_forks/right_shin_distal_front_spacer_1.stl,cad/source/body_bay_pitch_forks/right_shin_distal_front_spacer_1_quad.npz,verified,false,unreleased,,,unresolved,,unresolved,,unresolved,,unresolved,,unresolved,robots/Goose_V0.1/cad/exports/body_bay_pitch_forks/manifest.json,Turned case stand-off replaces heavy full annular block; parallel ends0.03mm. | Never connect this static case spacer to the rotating output.
right_shin_distal_front_spacer_2,,right_knee_pitch,sourced,native_pitch_assembly,dimensioned_attachment_unreleased_full_assembly,sourced_scene,ivory,aluminium,sourced_cad,2700,sourced_cad,0.0013110243134548637,same-version native CAD density estimate; unreleased manufacturing candidate,ledger_item,cad/exports/body_bay_pitch_forks/right_shin_distal_front_spacer_2.step,cad/exports/body_bay_pitch_forks/right_shin_distal_front_spacer_2.stl,cad/source/body_bay_pitch_forks/right_shin_distal_front_spacer_2_quad.npz,verified,false,unreleased,,,unresolved,,unresolved,,unresolved,,unresolved,,unresolved,robots/Goose_V0.1/cad/exports/body_bay_pitch_forks/manifest.json,Turned case stand-off replaces heavy full annular block; parallel ends0.03mm. | Never connect this static case spacer to the rotating output.
right_shin_distal_front_spacer_3,,right_knee_pitch,sourced,native_pitch_assembly,dimensioned_attachment_unreleased_full_assembly,sourced_scene,ivory,aluminium,sourced_cad,2700,sourced_cad,0.0013110243134548637,same-version native CAD density estimate; unreleased manufacturing candidate,ledger_item,cad/exports/body_bay_pitch_forks/right_shin_distal_front_spacer_3.step,cad/exports/body_bay_pitch_forks/right_shin_distal_front_spacer_3.stl,cad/source/body_bay_pitch_forks/right_shin_distal_front_spacer_3_quad.npz,verified,false,unreleased,,,unresolved,,unresolved,,unresolved,,unresolved,,unresolved,robots/Goose_V0.1/cad/exports/body_bay_pitch_forks/manifest.json,Turned case stand-off replaces heavy full annular block; parallel ends0.03mm. | Never connect this static case spacer to the rotating output.
right_shin_distal_front_spacer_4,,right_knee_pitch,sourced,native_pitch_assembly,dimensioned_attachment_unreleased_full_assembly,sourced_scene,ivory,aluminium,sourced_cad,2700,sourced_cad,0.0013110243134548637,same-version native CAD density estimate; unreleased manufacturing candidate,ledger_item,cad/exports/body_bay_pitch_forks/right_shin_distal_front_spacer_4.step,cad/exports/body_bay_pitch_forks/right_shin_distal_front_spacer_4.stl,cad/source/body_bay_pitch_forks/right_shin_distal_front_spacer_4_quad.npz,verified,false,unreleased,,,unresolved,,unresolved,,unresolved,,unresolved,,unresolved,robots/Goose_V0.1/cad/exports/body_bay_pitch_forks/manifest.json,Turned case stand-off replaces heavy full annular block; parallel ends0.03mm. | Never connect this static case spacer to the rotating output.
right_shin_distal_front_spacer_5,,right_knee_pitch,sourced,native_pitch_assembly,dimensioned_attachment_unreleased_full_assembly,sourced_scene,ivory,aluminium,sourced_cad,2700,sourced_cad,0.0013110243134548637,same-version native CAD density estimate; unreleased manufacturing candidate,ledger_item,cad/exports/body_bay_pitch_forks/right_shin_distal_front_spacer_5.step,cad/exports/body_bay_pitch_forks/right_shin_distal_front_spacer_5.stl,cad/source/body_bay_pitch_forks/right_shin_distal_front_spacer_5_quad.npz,verified,false,unreleased,,,unresolved,,unresolved,,unresolved,,unresolved,,unresolved,robots/Goose_V0.1/cad/exports/body_bay_pitch_forks/manifest.json,Turned case stand-off replaces heavy full annular block; parallel ends0.03mm. | Never connect this static case spacer to the rotating output.
right_shin_distal_rear_spacer_inner_0,,right_knee_pitch,sourced,native_pitch_assembly,dimensioned_attachment_unreleased_full_assembly,sourced_scene,ivory,aluminium,sourced_cad,2700,sourced_cad,0.0001140021142134664,same-version native CAD density estimate; unreleased manufacturing candidate,ledger_item,cad/exports/body_bay_pitch_forks/right_shin_distal_rear_spacer_inner_0.step,cad/exports/body_bay_pitch_forks/right_shin_distal_rear_spacer_inner_0.stl,cad/source/body_bay_pitch_forks/right_shin_distal_rear_spacer_inner_0_quad.npz,verified,false,unreleased,,,unresolved,,unresolved,,unresolved,,unresolved,,unresolved,robots/Goose_V0.1/cad/exports/body_bay_pitch_forks/manifest.json,"Turned aluminium spacer; two end faces parallel within0.03mm. | If next fork exists, its stationary steel spider fills the2mm middle stack. Shared case screw, not two screws."
right_shin_distal_rear_spacer_inner_1,,right_knee_pitch,sourced,native_pitch_assembly,dimensioned_attachment_unreleased_full_assembly,sourced_scene,ivory,aluminium,sourced_cad,2700,sourced_cad,0.00011400211421346635,same-version native CAD density estimate; unreleased manufacturing candidate,ledger_item,cad/exports/body_bay_pitch_forks/right_shin_distal_rear_spacer_inner_1.step,cad/exports/body_bay_pitch_forks/right_shin_distal_rear_spacer_inner_1.stl,cad/source/body_bay_pitch_forks/right_shin_distal_rear_spacer_inner_1_quad.npz,verified,false,unreleased,,,unresolved,,unresolved,,unresolved,,unresolved,,unresolved,robots/Goose_V0.1/cad/exports/body_bay_pitch_forks/manifest.json,"Turned aluminium spacer; two end faces parallel within0.03mm. | If next fork exists, its stationary steel spider fills the2mm middle stack. Shared case screw, not two screws."
right_shin_distal_rear_spacer_inner_2,,right_knee_pitch,sourced,native_pitch_assembly,dimensioned_attachment_unreleased_full_assembly,sourced_scene,ivory,aluminium,sourced_cad,2700,sourced_cad,0.00011400211421346635,same-version native CAD density estimate; unreleased manufacturing candidate,ledger_item,cad/exports/body_bay_pitch_forks/right_shin_distal_rear_spacer_inner_2.step,cad/exports/body_bay_pitch_forks/right_shin_distal_rear_spacer_inner_2.stl,cad/source/body_bay_pitch_forks/right_shin_distal_rear_spacer_inner_2_quad.npz,verified,false,unreleased,,,unresolved,,unresolved,,unresolved,,unresolved,,unresolved,robots/Goose_V0.1/cad/exports/body_bay_pitch_forks/manifest.json,"Turned aluminium spacer; two end faces parallel within0.03mm. | If next fork exists, its stationary steel spider fills the2mm middle stack. Shared case screw, not two screws."
right_shin_distal_rear_spacer_inner_3,,right_knee_pitch,sourced,native_pitch_assembly,dimensioned_attachment_unreleased_full_assembly,sourced_scene,ivory,aluminium,sourced_cad,2700,sourced_cad,0.00011400211421346637,same-version native CAD density estimate; unreleased manufacturing candidate,ledger_item,cad/exports/body_bay_pitch_forks/right_shin_distal_rear_spacer_inner_3.step,cad/exports/body_bay_pitch_forks/right_shin_distal_rear_spacer_inner_3.stl,cad/source/body_bay_pitch_forks/right_shin_distal_rear_spacer_inner_3_quad.npz,verified,false,unreleased,,,unresolved,,unresolved,,unresolved,,unresolved,,unresolved,robots/Goose_V0.1/cad/exports/body_bay_pitch_forks/manifest.json,"Turned aluminium spacer; two end faces parallel within0.03mm. | If next fork exists, its stationary steel spider fills the2mm middle stack. Shared case screw, not two screws."
right_shin_distal_rear_spacer_outer_0,,right_knee_pitch,sourced,native_pitch_assembly,dimensioned_attachment_unreleased_full_assembly,sourced_scene,ivory,aluminium,sourced_cad,2700,sourced_cad,0.001311024313454864,same-version native CAD density estimate; unreleased manufacturing candidate,ledger_item,cad/exports/body_bay_pitch_forks/right_shin_distal_rear_spacer_outer_0.step,cad/exports/body_bay_pitch_forks/right_shin_distal_rear_spacer_outer_0.stl,cad/source/body_bay_pitch_forks/right_shin_distal_rear_spacer_outer_0_quad.npz,verified,false,unreleased,,,unresolved,,unresolved,,unresolved,,unresolved,,unresolved,robots/Goose_V0.1/cad/exports/body_bay_pitch_forks/manifest.json,"Turned aluminium spacer; two end faces parallel within0.03mm. | If next fork exists, its stationary steel spider fills the2mm middle stack. Shared case screw, not two screws."
right_shin_distal_rear_spacer_outer_1,,right_knee_pitch,sourced,native_pitch_assembly,dimensioned_attachment_unreleased_full_assembly,sourced_scene,ivory,aluminium,sourced_cad,2700,sourced_cad,0.0013110243134548632,same-version native CAD density estimate; unreleased manufacturing candidate,ledger_item,cad/exports/body_bay_pitch_forks/right_shin_distal_rear_spacer_outer_1.step,cad/exports/body_bay_pitch_forks/right_shin_distal_rear_spacer_outer_1.stl,cad/source/body_bay_pitch_forks/right_shin_distal_rear_spacer_outer_1_quad.npz,verified,false,unreleased,,,unresolved,,unresolved,,unresolved,,unresolved,,unresolved,robots/Goose_V0.1/cad/exports/body_bay_pitch_forks/manifest.json,"Turned aluminium spacer; two end faces parallel within0.03mm. | If next fork exists, its stationary steel spider fills the2mm middle stack. Shared case screw, not two screws."
right_shin_distal_rear_spacer_outer_2,,right_knee_pitch,sourced,native_pitch_assembly,dimensioned_attachment_unreleased_full_assembly,sourced_scene,ivory,aluminium,sourced_cad,2700,sourced_cad,0.0013110243134548637,same-version native CAD density estimate; unreleased manufacturing candidate,ledger_item,cad/exports/body_bay_pitch_forks/right_shin_distal_rear_spacer_outer_2.step,cad/exports/body_bay_pitch_forks/right_shin_distal_rear_spacer_outer_2.stl,cad/source/body_bay_pitch_forks/right_shin_distal_rear_spacer_outer_2_quad.npz,verified,false,unreleased,,,unresolved,,unresolved,,unresolved,,unresolved,,unresolved,robots/Goose_V0.1/cad/exports/body_bay_pitch_forks/manifest.json,"Turned aluminium spacer; two end faces parallel within0.03mm. | If next fork exists, its stationary steel spider fills the2mm middle stack. Shared case screw, not two screws."
right_shin_distal_rear_spacer_outer_3,,right_knee_pitch,sourced,native_pitch_assembly,dimensioned_attachment_unreleased_full_assembly,sourced_scene,ivory,aluminium,sourced_cad,2700,sourced_cad,0.0013110243134548637,same-version native CAD density estimate; unreleased manufacturing candidate,ledger_item,cad/exports/body_bay_pitch_forks/right_shin_distal_rear_spacer_outer_3.step,cad/exports/body_bay_pitch_forks/right_shin_distal_rear_spacer_outer_3.stl,cad/source/body_bay_pitch_forks/right_shin_distal_rear_spacer_outer_3_quad.npz,verified,false,unreleased,,,unresolved,,unresolved,,unresolved,,unresolved,,unresolved,robots/Goose_V0.1/cad/exports/body_bay_pitch_forks/manifest.json,"Turned aluminium spacer; two end faces parallel within0.03mm. | If next fork exists, its stationary steel spider fills the2mm middle stack. Shared case screw, not two screws."
right_shin_idler_bearing_installation,,right_knee_pitch,sourced,native_pitch_assembly,dimensioned_attachment_unreleased_full_assembly,sourced_scene,titanium,steel,sourced_cad,7850,sourced_cad,0.0053,same-version native CAD density estimate; unreleased manufacturing candidate,ledger_item,cad/exports/body_bay_pitch_forks/right_shin_idler_bearing_installation.step,cad/exports/body_bay_pitch_forks/right_shin_idler_bearing_installation.stl,cad/source/body_bay_pitch_forks/right_shin_idler_bearing_installation_quad.npz,verified,false,unreleased,SKF61800,cad_note,sourced,,unresolved,,unresolved,,unresolved,,unresolved,robots/Goose_V0.1/cad/exports/body_bay_pitch_forks/manifest.json,"Purchased SKF61800,10x19x5; installation envelope, NOT a manufactured plain steel sleeve. | Use catalog mass and dynamic behavior, not this envelope density."
right_shin_idler_fork_plate,,right_knee_pitch,sourced,native_pitch_assembly,dimensioned_attachment_unreleased_full_assembly,sourced_scene,ivory,aluminium,sourced_cad,2700,sourced_cad,0.049512341119600775,same-version native CAD density estimate; unreleased manufacturing candidate,ledger_item,cad/exports/body_bay_pitch_forks/right_shin_idler_fork_plate.step,cad/exports/body_bay_pitch_forks/right_shin_idler_fork_plate.stl,cad/source/body_bay_pitch_forks/right_shin_idler_fork_plate_quad.npz,verified,false,unreleased,,,unresolved,,unresolved,,unresolved,CNC6061-T6,sourced_cad_note,,unresolved,robots/Goose_V0.1/cad/exports/body_bay_pitch_forks/manifest.json,"CNC6061-T6,5.5mm. SKF61800 outer seat19H7; inner shoulder0.5mm. | Three M2.5 TAP holes secure the separate outer-race cover."
right_shin_output_adapter,,right_knee_pitch,sourced,native_pitch_assembly,dimensioned_attachment_unreleased_full_assembly,sourced_scene,ivory,aluminium,sourced_cad,2700,sourced_cad,0.032032253678928375,same-version native CAD density estimate; unreleased manufacturing candidate,ledger_item,cad/exports/body_bay_pitch_forks/right_shin_output_adapter.step,cad/exports/body_bay_pitch_forks/right_shin_output_adapter.stl,cad/source/body_bay_pitch_forks/right_shin_output_adapter_quad.npz,verified,false,unreleased,,,unresolved,,unresolved,,unresolved,,unresolved,,unresolved,robots/Goose_V0.1/cad/exports/body_bay_pitch_forks/manifest.json,"Three M3 TAP through holes at PCD32; deburr, minimum effective thread3.5mm. | Motor M3x8 +0.5mm washer at level0; M3x16 +1.5mm washers at level1; max4.5mm insertion. | Fork M3x10 +1mm washer:3.5mm thread engagement; do not substitute longer screws."
right_shin_output_fork_plate,,right_knee_pitch,sourced,native_pitch_assembly,dimensioned_attachment_unreleased_full_assembly,sourced_scene,ivory,aluminium,sourced_cad,2700,sourced_cad,0.04812852115144754,same-version native CAD density estimate; unreleased manufacturing candidate,ledger_item,cad/exports/body_bay_pitch_forks/right_shin_output_fork_plate.step,cad/exports/body_bay_pitch_forks/right_shin_output_fork_plate.stl,cad/source/body_bay_pitch_forks/right_shin_output_fork_plate_quad.npz,verified,false,unreleased,,,unresolved,,unresolved,,unresolved,CNC6061-T6,sourced_cad_note,,unresolved,robots/Goose_V0.1/cad/exports/body_bay_pitch_forks/manifest.json,"CNC6061-T6,5.5mm, white paint outside fits; no paint on joint interfaces."
right_shin_shaft_end_washer,,right_hip_pitch,sourced,native_pitch_assembly,dimensioned_attachment_unreleased_full_assembly,sourced_scene,titanium,steel,sourced_cad,7850,sourced_cad,0.0004501032444128212,same-version native CAD density estimate; unreleased manufacturing candidate,ledger_item,cad/exports/body_bay_pitch_forks/right_shin_shaft_end_washer.step,cad/exports/body_bay_pitch_forks/right_shin_shaft_end_washer.stl,cad/source/body_bay_pitch_forks/right_shin_shaft_end_washer_quad.npz,verified,false,unreleased,,,unresolved,,unresolved,,unresolved,,unresolved,,unresolved,robots/Goose_V0.1/cad/exports/body_bay_pitch_forks/manifest.json,"0.5mm steel washer OD12.5 ID3.2. M3x6 into stationary shaft. | 0.4mm axial float at inner race is intentional, not uncontrolled press preload."
right_shin_stationary_idler_spider,,right_hip_pitch,sourced,native_pitch_assembly,dimensioned_attachment_unreleased_full_assembly,sourced_scene,titanium,steel,sourced_cad,7850,sourced_cad,0.027911827386450486,same-version native CAD density estimate; unreleased manufacturing candidate,ledger_item,cad/exports/body_bay_pitch_forks/right_shin_stationary_idler_spider.step,cad/exports/body_bay_pitch_forks/right_shin_stationary_idler_spider.stl,cad/source/body_bay_pitch_forks/right_shin_stationary_idler_spider_quad.npz,verified,false,unreleased,,,unresolved,,unresolved,,unresolved,,unresolved,,unresolved,robots/Goose_V0.1/cad/exports/body_bay_pitch_forks/manifest.json,"C45 steel, shaft10g6, bearing inner ring slip fit; outer retaining washer contacts INNER RING only. | Four M3x8 grade10.9 +0.5mm washer +1mm standoff:4.5mm insertion, max5. | End M3 TAP depth8; use M3x6 +0.5mm washer. Shaft shoulder/washer must clear bearing seals. | Rear driver/cable cooling and mating plug remain whole-assembly gates."
right_thigh_bearing_outer_retainer,,right_hip_pitch,sourced,native_pitch_assembly,dimensioned_attachment_unreleased_full_assembly,sourced_scene,ivory,aluminium,sourced_cad,2700,sourced_cad,0.0010033076692302339,same-version native CAD density estimate; unreleased manufacturing candidate,ledger_item,cad/exports/body_bay_pitch_forks/right_thigh_bearing_outer_retainer.step,cad/exports/body_bay_pitch_forks/right_thigh_bearing_outer_retainer.stl,cad/source/body_bay_pitch_forks/right_thigh_bearing_outer_retainer_quad.npz,verified,false,unreleased,,,unresolved,,unresolved,,unresolved,,unresolved,,unresolved,robots/Goose_V0.1/cad/exports/body_bay_pitch_forks/manifest.json,Three M2.5x5 +0.5mm washer into fork M2.5 TAP3.5mm. | ID17 contacts outer race only; purchased bearing race abutment diagram must be matched.
right_thigh_bridge,,right_hip_pitch,sourced,native_pitch_assembly,dimensioned_attachment_unreleased_full_assembly,sourced_scene,ivory,aluminium,sourced_cad,2700,sourced_cad,0.020279484991765347,same-version native CAD density estimate; unreleased manufacturing candidate,ledger_item,cad/exports/body_bay_pitch_forks/right_thigh_bridge.step,cad/exports/body_bay_pitch_forks/right_thigh_bridge.stl,cad/source/body_bay_pitch_forks/right_thigh_bridge_quad.npz,verified,false,unreleased,,,unresolved,,unresolved,,unresolved,,unresolved,,unresolved,robots/Goose_V0.1/cad/exports/body_bay_pitch_forks/manifest.json,Four M3x12 with0.5mm washers;6mm engagement in M3 blind taps8mm.
right_thigh_distal_front_spacer_0,,right_hip_pitch,sourced,native_pitch_assembly,dimensioned_attachment_unreleased_full_assembly,sourced_scene,ivory,aluminium,sourced_cad,2700,sourced_cad,0.0005700105710673321,same-version native CAD density estimate; unreleased manufacturing candidate,ledger_item,cad/exports/body_bay_pitch_forks/right_thigh_distal_front_spacer_0.step,cad/exports/body_bay_pitch_forks/right_thigh_distal_front_spacer_0.stl,cad/source/body_bay_pitch_forks/right_thigh_distal_front_spacer_0_quad.npz,verified,false,unreleased,,,unresolved,,unresolved,,unresolved,,unresolved,,unresolved,robots/Goose_V0.1/cad/exports/body_bay_pitch_forks/manifest.json,Turned case stand-off replaces heavy full annular block; parallel ends0.03mm. | Never connect this static case spacer to the rotating output.
right_thigh_distal_front_spacer_1,,right_hip_pitch,sourced,native_pitch_assembly,dimensioned_attachment_unreleased_full_assembly,sourced_scene,ivory,aluminium,sourced_cad,2700,sourced_cad,0.000570010571067332,same-version native CAD density estimate; unreleased manufacturing candidate,ledger_item,cad/exports/body_bay_pitch_forks/right_thigh_distal_front_spacer_1.step,cad/exports/body_bay_pitch_forks/right_thigh_distal_front_spacer_1.stl,cad/source/body_bay_pitch_forks/right_thigh_distal_front_spacer_1_quad.npz,verified,false,unreleased,,,unresolved,,unresolved,,unresolved,,unresolved,,unresolved,robots/Goose_V0.1/cad/exports/body_bay_pitch_forks/manifest.json,Turned case stand-off replaces heavy full annular block; parallel ends0.03mm. | Never connect this static case spacer to the rotating output.
right_thigh_distal_front_spacer_2,,right_hip_pitch,sourced,native_pitch_assembly,dimensioned_attachment_unreleased_full_assembly,sourced_scene,ivory,aluminium,sourced_cad,2700,sourced_cad,0.000570010571067332,same-version native CAD density estimate; unreleased manufacturing candidate,ledger_item,cad/exports/body_bay_pitch_forks/right_thigh_distal_front_spacer_2.step,cad/exports/body_bay_pitch_forks/right_thigh_distal_front_spacer_2.stl,cad/source/body_bay_pitch_forks/right_thigh_distal_front_spacer_2_quad.npz,verified,false,unreleased,,,unresolved,,unresolved,,unresolved,,unresolved,,unresolved,robots/Goose_V0.1/cad/exports/body_bay_pitch_forks/manifest.json,Turned case stand-off replaces heavy full annular block; parallel ends0.03mm. | Never connect this static case spacer to the rotating output.
right_thigh_distal_front_spacer_3,,right_hip_pitch,sourced,native_pitch_assembly,dimensioned_attachment_unreleased_full_assembly,sourced_scene,ivory,aluminium,sourced_cad,2700,sourced_cad,0.000570010571067332,same-version native CAD density estimate; unreleased manufacturing candidate,ledger_item,cad/exports/body_bay_pitch_forks/right_thigh_distal_front_spacer_3.step,cad/exports/body_bay_pitch_forks/right_thigh_distal_front_spacer_3.stl,cad/source/body_bay_pitch_forks/right_thigh_distal_front_spacer_3_quad.npz,verified,false,unreleased,,,unresolved,,unresolved,,unresolved,,unresolved,,unresolved,robots/Goose_V0.1/cad/exports/body_bay_pitch_forks/manifest.json,Turned case stand-off replaces heavy full annular block; parallel ends0.03mm. | Never connect this static case spacer to the rotating output.
right_thigh_distal_front_spacer_4,,right_hip_pitch,sourced,native_pitch_assembly,dimensioned_attachment_unreleased_full_assembly,sourced_scene,ivory,aluminium,sourced_cad,2700,sourced_cad,0.0005700105710673318,same-version native CAD density estimate; unreleased manufacturing candidate,ledger_item,cad/exports/body_bay_pitch_forks/right_thigh_distal_front_spacer_4.step,cad/exports/body_bay_pitch_forks/right_thigh_distal_front_spacer_4.stl,cad/source/body_bay_pitch_forks/right_thigh_distal_front_spacer_4_quad.npz,verified,false,unreleased,,,unresolved,,unresolved,,unresolved,,unresolved,,unresolved,robots/Goose_V0.1/cad/exports/body_bay_pitch_forks/manifest.json,Turned case stand-off replaces heavy full annular block; parallel ends0.03mm. | Never connect this static case spacer to the rotating output.
right_thigh_distal_front_spacer_5,,right_hip_pitch,sourced,native_pitch_assembly,dimensioned_attachment_unreleased_full_assembly,sourced_scene,ivory,aluminium,sourced_cad,2700,sourced_cad,0.000570010571067332,same-version native CAD density estimate; unreleased manufacturing candidate,ledger_item,cad/exports/body_bay_pitch_forks/right_thigh_distal_front_spacer_5.step,cad/exports/body_bay_pitch_forks/right_thigh_distal_front_spacer_5.stl,cad/source/body_bay_pitch_forks/right_thigh_distal_front_spacer_5_quad.npz,verified,false,unreleased,,,unresolved,,unresolved,,unresolved,,unresolved,,unresolved,robots/Goose_V0.1/cad/exports/body_bay_pitch_forks/manifest.json,Turned case stand-off replaces heavy full annular block; parallel ends0.03mm. | Never connect this static case spacer to the rotating output.
right_thigh_distal_rear_spacer_inner_0,,right_hip_pitch,sourced,native_pitch_assembly,dimensioned_attachment_unreleased_full_assembly,sourced_scene,ivory,aluminium,sourced_cad,2700,sourced_cad,0.00011400211421346643,same-version native CAD density estimate; unreleased manufacturing candidate,ledger_item,cad/exports/body_bay_pitch_forks/right_thigh_distal_rear_spacer_inner_0.step,cad/exports/body_bay_pitch_forks/right_thigh_distal_rear_spacer_inner_0.stl,cad/source/body_bay_pitch_forks/right_thigh_distal_rear_spacer_inner_0_quad.npz,verified,false,unreleased,,,unresolved,,unresolved,,unresolved,,unresolved,,unresolved,robots/Goose_V0.1/cad/exports/body_bay_pitch_forks/manifest.json,"Turned aluminium spacer; two end faces parallel within0.03mm. | If next fork exists, its stationary steel spider fills the2mm middle stack. Shared case screw, not two screws."
right_thigh_distal_rear_spacer_inner_1,,right_hip_pitch,sourced,native_pitch_assembly,dimensioned_attachment_unreleased_full_assembly,sourced_scene,ivory,aluminium,sourced_cad,2700,sourced_cad,0.00011400211421346643,same-version native CAD density estimate; unreleased manufacturing candidate,ledger_item,cad/exports/body_bay_pitch_forks/right_thigh_distal_rear_spacer_inner_1.step,cad/exports/body_bay_pitch_forks/right_thigh_distal_rear_spacer_inner_1.stl,cad/source/body_bay_pitch_forks/right_thigh_distal_rear_spacer_inner_1_quad.npz,verified,false,unreleased,,,unresolved,,unresolved,,unresolved,,unresolved,,unresolved,robots/Goose_V0.1/cad/exports/body_bay_pitch_forks/manifest.json,"Turned aluminium spacer; two end faces parallel within0.03mm. | If next fork exists, its stationary steel spider fills the2mm middle stack. Shared case screw, not two screws."
right_thigh_distal_rear_spacer_inner_2,,right_hip_pitch,sourced,native_pitch_assembly,dimensioned_attachment_unreleased_full_assembly,sourced_scene,ivory,aluminium,sourced_cad,2700,sourced_cad,0.00011400211421346639,same-version native CAD density estimate; unreleased manufacturing candidate,ledger_item,cad/exports/body_bay_pitch_forks/right_thigh_distal_rear_spacer_inner_2.step,cad/exports/body_bay_pitch_forks/right_thigh_distal_rear_spacer_inner_2.stl,cad/source/body_bay_pitch_forks/right_thigh_distal_rear_spacer_inner_2_quad.npz,verified,false,unreleased,,,unresolved,,unresolved,,unresolved,,unresolved,,unresolved,robots/Goose_V0.1/cad/exports/body_bay_pitch_forks/manifest.json,"Turned aluminium spacer; two end faces parallel within0.03mm. | If next fork exists, its stationary steel spider fills the2mm middle stack. Shared case screw, not two screws."
right_thigh_distal_rear_spacer_inner_3,,right_hip_pitch,sourced,native_pitch_assembly,dimensioned_attachment_unreleased_full_assembly,sourced_scene,ivory,aluminium,sourced_cad,2700,sourced_cad,0.00011400211421346639,same-version native CAD density estimate; unreleased manufacturing candidate,ledger_item,cad/exports/body_bay_pitch_forks/right_thigh_distal_rear_spacer_inner_3.step,cad/exports/body_bay_pitch_forks/right_thigh_distal_rear_spacer_inner_3.stl,cad/source/body_bay_pitch_forks/right_thigh_distal_rear_spacer_inner_3_quad.npz,verified,false,unreleased,,,unresolved,,unresolved,,unresolved,,unresolved,,unresolved,robots/Goose_V0.1/cad/exports/body_bay_pitch_forks/manifest.json,"Turned aluminium spacer; two end faces parallel within0.03mm. | If next fork exists, its stationary steel spider fills the2mm middle stack. Shared case screw, not two screws."
right_thigh_distal_rear_spacer_outer_0,,right_hip_pitch,sourced,native_pitch_assembly,dimensioned_attachment_unreleased_full_assembly,sourced_scene,ivory,aluminium,sourced_cad,2700,sourced_cad,0.0005700105710673322,same-version native CAD density estimate; unreleased manufacturing candidate,ledger_item,cad/exports/body_bay_pitch_forks/right_thigh_distal_rear_spacer_outer_0.step,cad/exports/body_bay_pitch_forks/right_thigh_distal_rear_spacer_outer_0.stl,cad/source/body_bay_pitch_forks/right_thigh_distal_rear_spacer_outer_0_quad.npz,verified,false,unreleased,,,unresolved,,unresolved,,unresolved,,unresolved,,unresolved,robots/Goose_V0.1/cad/exports/body_bay_pitch_forks/manifest.json,"Turned aluminium spacer; two end faces parallel within0.03mm. | If next fork exists, its stationary steel spider fills the2mm middle stack. Shared case screw, not two screws."
right_thigh_distal_rear_spacer_outer_1,,right_hip_pitch,sourced,native_pitch_assembly,dimensioned_attachment_unreleased_full_assembly,sourced_scene,ivory,aluminium,sourced_cad,2700,sourced_cad,0.0005700105710673322,same-version native CAD density estimate; unreleased manufacturing candidate,ledger_item,cad/exports/body_bay_pitch_forks/right_thigh_distal_rear_spacer_outer_1.step,cad/exports/body_bay_pitch_forks/right_thigh_distal_rear_spacer_outer_1.stl,cad/source/body_bay_pitch_forks/right_thigh_distal_rear_spacer_outer_1_quad.npz,verified,false,unreleased,,,unresolved,,unresolved,,unresolved,,unresolved,,unresolved,robots/Goose_V0.1/cad/exports/body_bay_pitch_forks/manifest.json,"Turned aluminium spacer; two end faces parallel within0.03mm. | If next fork exists, its stationary steel spider fills the2mm middle stack. Shared case screw, not two screws."
right_thigh_distal_rear_spacer_outer_2,,right_hip_pitch,sourced,native_pitch_assembly,dimensioned_attachment_unreleased_full_assembly,sourced_scene,ivory,aluminium,sourced_cad,2700,sourced_cad,0.000570010571067332,same-version native CAD density estimate; unreleased manufacturing candidate,ledger_item,cad/exports/body_bay_pitch_forks/right_thigh_distal_rear_spacer_outer_2.step,cad/exports/body_bay_pitch_forks/right_thigh_distal_rear_spacer_outer_2.stl,cad/source/body_bay_pitch_forks/right_thigh_distal_rear_spacer_outer_2_quad.npz,verified,false,unreleased,,,unresolved,,unresolved,,unresolved,,unresolved,,unresolved,robots/Goose_V0.1/cad/exports/body_bay_pitch_forks/manifest.json,"Turned aluminium spacer; two end faces parallel within0.03mm. | If next fork exists, its stationary steel spider fills the2mm middle stack. Shared case screw, not two screws."
right_thigh_distal_rear_spacer_outer_3,,right_hip_pitch,sourced,native_pitch_assembly,dimensioned_attachment_unreleased_full_assembly,sourced_scene,ivory,aluminium,sourced_cad,2700,sourced_cad,0.000570010571067332,same-version native CAD density estimate; unreleased manufacturing candidate,ledger_item,cad/exports/body_bay_pitch_forks/right_thigh_distal_rear_spacer_outer_3.step,cad/exports/body_bay_pitch_forks/right_thigh_distal_rear_spacer_outer_3.stl,cad/source/body_bay_pitch_forks/right_thigh_distal_rear_spacer_outer_3_quad.npz,verified,false,unreleased,,,unresolved,,unresolved,,unresolved,,unresolved,,unresolved,robots/Goose_V0.1/cad/exports/body_bay_pitch_forks/manifest.json,"Turned aluminium spacer; two end faces parallel within0.03mm. | If next fork exists, its stationary steel spider fills the2mm middle stack. Shared case screw, not two screws."
right_thigh_idler_bearing_installation,,right_hip_pitch,sourced,native_pitch_assembly,dimensioned_attachment_unreleased_full_assembly,sourced_scene,titanium,steel,sourced_cad,7850,sourced_cad,0.0053,same-version native CAD density estimate; unreleased manufacturing candidate,ledger_item,cad/exports/body_bay_pitch_forks/right_thigh_idler_bearing_installation.step,cad/exports/body_bay_pitch_forks/right_thigh_idler_bearing_installation.stl,cad/source/body_bay_pitch_forks/right_thigh_idler_bearing_installation_quad.npz,verified,false,unreleased,SKF61800,cad_note,sourced,,unresolved,,unresolved,,unresolved,,unresolved,robots/Goose_V0.1/cad/exports/body_bay_pitch_forks/manifest.json,"Purchased SKF61800,10x19x5; installation envelope, NOT a manufactured plain steel sleeve. | Use catalog mass and dynamic behavior, not this envelope density."
right_thigh_idler_fork_plate,,right_hip_pitch,sourced,native_pitch_assembly,dimensioned_attachment_unreleased_full_assembly,sourced_scene,ivory,aluminium,sourced_cad,2700,sourced_cad,0.05972429281950565,same-version native CAD density estimate; unreleased manufacturing candidate,ledger_item,cad/exports/body_bay_pitch_forks/right_thigh_idler_fork_plate.step,cad/exports/body_bay_pitch_forks/right_thigh_idler_fork_plate.stl,cad/source/body_bay_pitch_forks/right_thigh_idler_fork_plate_quad.npz,verified,false,unreleased,,,unresolved,,unresolved,,unresolved,CNC6061-T6,sourced_cad_note,,unresolved,robots/Goose_V0.1/cad/exports/body_bay_pitch_forks/manifest.json,"CNC6061-T6,5.5mm. SKF61800 outer seat19H7; inner shoulder0.5mm. | Three M2.5 TAP holes secure the separate outer-race cover."
right_thigh_output_adapter,,right_hip_pitch,sourced,native_pitch_assembly,dimensioned_attachment_unreleased_full_assembly,sourced_scene,ivory,aluminium,sourced_cad,2700,sourced_cad,0.012644013675642322,same-version native CAD density estimate; unreleased manufacturing candidate,ledger_item,cad/exports/body_bay_pitch_forks/right_thigh_output_adapter.step,cad/exports/body_bay_pitch_forks/right_thigh_output_adapter.stl,cad/source/body_bay_pitch_forks/right_thigh_output_adapter_quad.npz,verified,false,unreleased,,,unresolved,,unresolved,,unresolved,,unresolved,,unresolved,robots/Goose_V0.1/cad/exports/body_bay_pitch_forks/manifest.json,"Three M3 TAP through holes at PCD32; deburr, minimum effective thread3.5mm. | Motor M3x8 +0.5mm washer at level0; M3x16 +1.5mm washers at level1; max4.5mm insertion. | Fork M3x10 +1mm washer:3.5mm thread engagement; do not substitute longer screws."
right_thigh_output_fork_plate,,right_hip_pitch,sourced,native_pitch_assembly,dimensioned_attachment_unreleased_full_assembly,sourced_scene,ivory,aluminium,sourced_cad,2700,sourced_cad,0.058340482474444254,same-version native CAD density estimate; unreleased manufacturing candidate,ledger_item,cad/exports/body_bay_pitch_forks/right_thigh_output_fork_plate.step,cad/exports/body_bay_pitch_forks/right_thigh_output_fork_plate.stl,cad/source/body_bay_pitch_forks/right_thigh_output_fork_plate_quad.npz,verified,false,unreleased,,,unresolved,,unresolved,,unresolved,CNC6061-T6,sourced_cad_note,,unresolved,robots/Goose_V0.1/cad/exports/body_bay_pitch_forks/manifest.json,"CNC6061-T6,5.5mm, white paint outside fits; no paint on joint interfaces."
right_thigh_proximal_rear_spacer_0,,right_hip_roll,sourced,native_pitch_assembly,dimensioned_attachment_unreleased_full_assembly,sourced_scene,ivory,aluminium,sourced_cad,2700,sourced_cad,0.0001140021142134664,same-version native CAD density estimate; unreleased manufacturing candidate,ledger_item,cad/exports/body_bay_pitch_forks/right_thigh_proximal_rear_spacer_0.step,cad/exports/body_bay_pitch_forks/right_thigh_proximal_rear_spacer_0.stl,cad/source/body_bay_pitch_forks/right_thigh_proximal_rear_spacer_0_quad.npz,verified,false,unreleased,,,unresolved,,unresolved,,unresolved,,unresolved,,unresolved,robots/Goose_V0.1/cad/exports/body_bay_pitch_forks/manifest.json,1mm stand-off maintains driver rear-face clearance; M3x8 stack includes this spacer.
right_thigh_proximal_rear_spacer_1,,right_hip_roll,sourced,native_pitch_assembly,dimensioned_attachment_unreleased_full_assembly,sourced_scene,ivory,aluminium,sourced_cad,2700,sourced_cad,0.00011400211421346639,same-version native CAD density estimate; unreleased manufacturing candidate,ledger_item,cad/exports/body_bay_pitch_forks/right_thigh_proximal_rear_spacer_1.step,cad/exports/body_bay_pitch_forks/right_thigh_proximal_rear_spacer_1.stl,cad/source/body_bay_pitch_forks/right_thigh_proximal_rear_spacer_1_quad.npz,verified,false,unreleased,,,unresolved,,unresolved,,unresolved,,unresolved,,unresolved,robots/Goose_V0.1/cad/exports/body_bay_pitch_forks/manifest.json,1mm stand-off maintains driver rear-face clearance; M3x8 stack includes this spacer.
right_thigh_proximal_rear_spacer_2,,right_hip_roll,sourced,native_pitch_assembly,dimensioned_attachment_unreleased_full_assembly,sourced_scene,ivory,aluminium,sourced_cad,2700,sourced_cad,0.00011400211421346639,same-version native CAD density estimate; unreleased manufacturing candidate,ledger_item,cad/exports/body_bay_pitch_forks/right_thigh_proximal_rear_spacer_2.step,cad/exports/body_bay_pitch_forks/right_thigh_proximal_rear_spacer_2.stl,cad/source/body_bay_pitch_forks/right_thigh_proximal_rear_spacer_2_quad.npz,verified,false,unreleased,,,unresolved,,unresolved,,unresolved,,unresolved,,unresolved,robots/Goose_V0.1/cad/exports/body_bay_pitch_forks/manifest.json,1mm stand-off maintains driver rear-face clearance; M3x8 stack includes this spacer.
right_thigh_proximal_rear_spacer_3,,right_hip_roll,sourced,native_pitch_assembly,dimensioned_attachment_unreleased_full_assembly,sourced_scene,ivory,aluminium,sourced_cad,2700,sourced_cad,0.00011400211421346639,same-version native CAD density estimate; unreleased manufacturing candidate,ledger_item,cad/exports/body_bay_pitch_forks/right_thigh_proximal_rear_spacer_3.step,cad/exports/body_bay_pitch_forks/right_thigh_proximal_rear_spacer_3.stl,cad/source/body_bay_pitch_forks/right_thigh_proximal_rear_spacer_3_quad.npz,verified,false,unreleased,,,unresolved,,unresolved,,unresolved,,unresolved,,unresolved,robots/Goose_V0.1/cad/exports/body_bay_pitch_forks/manifest.json,1mm stand-off maintains driver rear-face clearance; M3x8 stack includes this spacer.
right_thigh_shaft_end_washer,,right_hip_roll,sourced,native_pitch_assembly,dimensioned_attachment_unreleased_full_assembly,sourced_scene,titanium,steel,sourced_cad,7850,sourced_cad,0.00045010324441282113,same-version native CAD density estimate; unreleased manufacturing candidate,ledger_item,cad/exports/body_bay_pitch_forks/right_thigh_shaft_end_washer.step,cad/exports/body_bay_pitch_forks/right_thigh_shaft_end_washer.stl,cad/source/body_bay_pitch_forks/right_thigh_shaft_end_washer_quad.npz,verified,false,unreleased,,,unresolved,,unresolved,,unresolved,,unresolved,,unresolved,robots/Goose_V0.1/cad/exports/body_bay_pitch_forks/manifest.json,"0.5mm steel washer OD12.5 ID3.2. M3x6 into stationary shaft. | 0.4mm axial float at inner race is intentional, not uncontrolled press preload."
right_thigh_stationary_idler_spider,,right_hip_roll,sourced,native_pitch_assembly,dimensioned_attachment_unreleased_full_assembly,sourced_scene,titanium,steel,sourced_cad,7850,sourced_cad,0.021650117810301295,same-version native CAD density estimate; unreleased manufacturing candidate,ledger_item,cad/exports/body_bay_pitch_forks/right_thigh_stationary_idler_spider.step,cad/exports/body_bay_pitch_forks/right_thigh_stationary_idler_spider.stl,cad/source/body_bay_pitch_forks/right_thigh_stationary_idler_spider_quad.npz,verified,false,unreleased,,,unresolved,,unresolved,,unresolved,,unresolved,,unresolved,robots/Goose_V0.1/cad/exports/body_bay_pitch_forks/manifest.json,"C45 steel, shaft10g6, bearing inner ring slip fit; outer retaining washer contacts INNER RING only. | Four M3x8 grade10.9 +0.5mm washer +1mm standoff:4.5mm insertion, max5. | End M3 TAP depth8; use M3x6 +0.5mm washer. Shaft shoulder/washer must clear bearing seals. | Rear driver/cable cooling and mating plug remain whole-assembly gates."
servo_buck,,torso,sourced,,,unresolved,,,unresolved,,unresolved,0.04,Pololu D24V22F5 5V XC330 branch candidate; 2.3g board; retained40g allocation includes protection/thermal headroom; no12V branch; same-version installation allocation and box inertia,ledger_item,,,,unresolved,,allocation_not_a_selected_part,Pololu D24V22F5,mass_basis,sourced,,unresolved,,unresolved,,unresolved,,unresolved,,
specified_payload_50g,,head_roll,sourced,,,unresolved,,,unresolved,,unresolved,0.05,specified held-object static lump at the native-cassette reference;no actual contact/grip proof,ledger_item,,,,unresolved,,not_a_hardware_part,,,unresolved,,unresolved,,unresolved,,unresolved,,unresolved,,
top_button,,torso,sourced,shell,custom_visual_candidate,sourced_scene,orange,,unresolved,,unresolved,0.0009237725672985778,solid nominal mesh with assumed density 1250 kg/m3; material not released,ledger_item,,,,unresolved,,unresolved,,,unresolved,,unresolved,,unresolved,,unresolved,,unresolved,,
torso_open_chassis_plate,,torso,sourced,body_bay_frame,native_load_path_candidate_OEM_bearing_capacity_pending,sourced_scene,graphite,aluminium_6061_t6_candidate,sourced_cad,2700,sourced_cad,0.09459249505449238,same-version native CAD density estimate; unreleased manufacturing candidate,ledger_item,cad/exports/body_bay_frame/torso_open_chassis_plate.step,cad/exports/body_bay_frame/torso_open_chassis_plate.stl,cad/source/body_bay_frame/torso_open_chassis_plate_quad.npz,verified,false,unreleased,,,unresolved,,unresolved,,unresolved,,unresolved,,unresolved,robots/Goose_V0.1/cad/exports/body_bay_frame/manifest.json,"CNC3mm plate; driver rear4xM2.5 per hip, M2.5x8 +0.5mm washer gives4.5mm insertion<=5mm. | Separate longitudinal rails keep the rear compute module open; no rear crossbar through electronics. | M3 through stack to neck plate and battery posts. Neck/hip loads, local hole ligaments and stiffness remain verification gates."
torso_shell_left_aft,,torso,sourced,body_bay_skins,native_body_bay_candidate,sourced_scene,ivory,PETG,sourced_cad,1270,sourced_cad,0.09709488546982017,same-version native CAD density estimate; unreleased manufacturing candidate,ledger_item,cad/exports/body_bay_skins/torso_shell_left_aft.step,cad/exports/body_bay_skins/torso_shell_left_aft.stl,cad/source/body_bay_skins/torso_shell_left_aft_quad.npz,verified,false,unreleased,,,unresolved,,unresolved,,unresolved,,unresolved,,unresolved,robots/Goose_V0.1/cad/exports/body_bay_skins/manifest.json,
torso_shell_left_fore,,torso,sourced,neck_access_skins,native_candidate_attachment_unreleased,sourced_scene,ivory,,unresolved,1270,sourced_cad,0.09533392554343038,native density estimate; same-version native mechanical candidate; installation-envelope inertia remains approximate,ledger_item,cad/exports/neck_access_skins/torso_shell_left_fore.step,cad/exports/neck_access_skins/torso_shell_left_fore.stl,cad/source/neck_access_skins/torso_shell_left_fore_quad.npz,verified,false,unreleased,,,unresolved,,unresolved,,unresolved,,unresolved,,unresolved,robots/Goose_V0.1/cad/exports/neck_access_skins/manifest.json,"Replaces only the body-bay forward half-shell. | Actual circular neck passage R44mm, X43/Y0; cutter spansZ370..490mm. | Opening sized for pitch stator/front cradle under neck yaw; same outer body profile. | Edge trim, shell fasteners and print fit are separate assembly gates."
torso_shell_mount_allocation,,torso,sourced,,,unresolved,,,unresolved,,unresolved,0.03,"unclosed hardware reserve, not selected/rated resistor or shell mounting geometry",ledger_item,,,,unresolved,,allocation_not_a_selected_part,,,unresolved,,unresolved,,unresolved,,unresolved,,unresolved,,
torso_shell_right_aft,,torso,sourced,body_bay_skins,native_body_bay_candidate,sourced_scene,ivory,PETG,sourced_cad,1270,sourced_cad,0.09709488546982017,same-version native CAD density estimate; unreleased manufacturing candidate,ledger_item,cad/exports/body_bay_skins/torso_shell_right_aft.step,cad/exports/body_bay_skins/torso_shell_right_aft.stl,cad/source/body_bay_skins/torso_shell_right_aft_quad.npz,verified,false,unreleased,,,unresolved,,unresolved,,unresolved,,unresolved,,unresolved,robots/Goose_V0.1/cad/exports/body_bay_skins/manifest.json,
torso_shell_right_fore,,torso,sourced,neck_access_skins,native_candidate_attachment_unreleased,sourced_scene,ivory,,unresolved,1270,sourced_cad,0.09533392554339724,native density estimate; same-version native mechanical candidate; installation-envelope inertia remains approximate,ledger_item,cad/exports/neck_access_skins/torso_shell_right_fore.step,cad/exports/neck_access_skins/torso_shell_right_fore.stl,cad/source/neck_access_skins/torso_shell_right_fore_quad.npz,verified,false,unreleased,,,unresolved,,unresolved,,unresolved,,unresolved,,unresolved,robots/Goose_V0.1/cad/exports/neck_access_skins/manifest.json,"Replaces only the body-bay forward half-shell. | Actual circular neck passage R44mm, X43/Y0; cutter spansZ370..490mm. | Opening sized for pitch stator/front cradle under neck yaw; same outer body profile. | Edge trim, shell fasteners and print fit are separate assembly gates."
upper_bill_front_mount_0_nut,,head_roll,sourced,bill_mount_fasteners,native_candidate_attachment_unreleased,sourced_scene,titanium,,unresolved,7850.0,sourced_cad,0.000401075904130742,native density estimate; same-version native mechanical candidate; installation-envelope inertia remains approximate,ledger_item,cad/exports/bill_mount_fasteners/upper_bill_front_mount_0_nut.step,cad/exports/bill_mount_fasteners/upper_bill_front_mount_0_nut.stl,cad/source/bill_mount_fasteners/upper_bill_front_mount_0_nut_quad.npz,verified,false,unreleased,,,unresolved,,unresolved,,unresolved,,unresolved,,unresolved,robots/Goose_V0.1/cad/exports/bill_mount_fasteners/manifest.json,"Own nominal M3 nut5.5AF x2.4mm,2.5mm thread-minor envelope;2.4mm full-height engagement. | Fits inside the fixed tab; complete nut/driver approach and grade/preload remain gates."
upper_bill_front_mount_0_screw,,head_roll,sourced,bill_mount_fasteners,native_candidate_attachment_unreleased,sourced_scene,titanium,,unresolved,7850.0,sourced_cad,0.00099637709985192,native density estimate; same-version native mechanical candidate; installation-envelope inertia remains approximate,ledger_item,cad/exports/bill_mount_fasteners/upper_bill_front_mount_0_screw.step,cad/exports/bill_mount_fasteners/upper_bill_front_mount_0_screw.stl,cad/source/bill_mount_fasteners/upper_bill_front_mount_0_screw_quad.npz,verified,false,unreleased,,,unresolved,,unresolved,,unresolved,,unresolved,,unresolved,robots/Goose_V0.1/cad/exports/bill_mount_fasteners/manifest.json,"Own nominal M3x12 button-head envelope5.7OD x1.65mm; actual socket/thread helices omitted. | 12mm under-head reach spans0.5mm washer,4mm frame,4mm fixed tab and2.4mm nut;1.1mm protrusion."
upper_bill_front_mount_0_washer,,head_roll,sourced,bill_mount_fasteners,native_candidate_attachment_unreleased,sourced_scene,titanium,,unresolved,7850.0,sourced_cad,0.00011948497879214384,native density estimate; same-version native mechanical candidate; installation-envelope inertia remains approximate,ledger_item,cad/exports/bill_mount_fasteners/upper_bill_front_mount_0_washer.step,cad/exports/bill_mount_fasteners/upper_bill_front_mount_0_washer.stl,cad/source/bill_mount_fasteners/upper_bill_front_mount_0_washer_quad.npz,verified,false,unreleased,,,unresolved,,unresolved,,unresolved,,unresolved,,unresolved,robots/Goose_V0.1/cad/exports/bill_mount_fasteners/manifest.json,"Own nominal M3 washer7OD/3.2ID/0.5mm; supports head against the outside frame face. | Supplier dimensions,grade,preload,locking and surface treatment not released."
upper_bill_front_mount_1_nut,,head_roll,sourced,bill_mount_fasteners,native_candidate_attachment_unreleased,sourced_scene,titanium,,unresolved,7850.0,sourced_cad,0.0004010759041307404,native density estimate; same-version native mechanical candidate; installation-envelope inertia remains approximate,ledger_item,cad/exports/bill_mount_fasteners/upper_bill_front_mount_1_nut.step,cad/exports/bill_mount_fasteners/upper_bill_front_mount_1_nut.stl,cad/source/bill_mount_fasteners/upper_bill_front_mount_1_nut_quad.npz,verified,false,unreleased,,,unresolved,,unresolved,,unresolved,,unresolved,,unresolved,robots/Goose_V0.1/cad/exports/bill_mount_fasteners/manifest.json,"Own nominal M3 nut5.5AF x2.4mm,2.5mm thread-minor envelope;2.4mm full-height engagement. | Fits inside the fixed tab; complete nut/driver approach and grade/preload remain gates."
upper_bill_front_mount_1_screw,,head_roll,sourced,bill_mount_fasteners,native_candidate_attachment_unreleased,sourced_scene,titanium,,unresolved,7850.0,sourced_cad,0.00099637709985192,native density estimate; same-version native mechanical candidate; installation-envelope inertia remains approximate,ledger_item,cad/exports/bill_mount_fasteners/upper_bill_front_mount_1_screw.step,cad/exports/bill_mount_fasteners/upper_bill_front_mount_1_screw.stl,cad/source/bill_mount_fasteners/upper_bill_front_mount_1_screw_quad.npz,verified,false,unreleased,,,unresolved,,unresolved,,unresolved,,unresolved,,unresolved,robots/Goose_V0.1/cad/exports/bill_mount_fasteners/manifest.json,"Own nominal M3x12 button-head envelope5.7OD x1.65mm; actual socket/thread helices omitted. | 12mm under-head reach spans0.5mm washer,4mm frame,4mm fixed tab and2.4mm nut;1.1mm protrusion."
upper_bill_front_mount_1_washer,,head_roll,sourced,bill_mount_fasteners,native_candidate_attachment_unreleased,sourced_scene,titanium,,unresolved,7850.0,sourced_cad,0.00011948497879214384,native density estimate; same-version native mechanical candidate; installation-envelope inertia remains approximate,ledger_item,cad/exports/bill_mount_fasteners/upper_bill_front_mount_1_washer.step,cad/exports/bill_mount_fasteners/upper_bill_front_mount_1_washer.stl,cad/source/bill_mount_fasteners/upper_bill_front_mount_1_washer_quad.npz,verified,false,unreleased,,,unresolved,,unresolved,,unresolved,,unresolved,,unresolved,robots/Goose_V0.1/cad/exports/bill_mount_fasteners/manifest.json,"Own nominal M3 washer7OD/3.2ID/0.5mm; supports head against the outside frame face. | Supplier dimensions,grade,preload,locking and surface treatment not released."
upper_bill_rear_mount_0_nut,,head_roll,sourced,bill_mount_fasteners,native_candidate_attachment_unreleased,sourced_scene,titanium,,unresolved,7850.0,sourced_cad,0.00040107590413074193,native density estimate; same-version native mechanical candidate; installation-envelope inertia remains approximate,ledger_item,cad/exports/bill_mount_fasteners/upper_bill_rear_mount_0_nut.step,cad/exports/bill_mount_fasteners/upper_bill_rear_mount_0_nut.stl,cad/source/bill_mount_fasteners/upper_bill_rear_mount_0_nut_quad.npz,verified,false,unreleased,,,unresolved,,unresolved,,unresolved,,unresolved,,unresolved,robots/Goose_V0.1/cad/exports/bill_mount_fasteners/manifest.json,"Own nominal M3 nut5.5AF x2.4mm,2.5mm thread-minor envelope;2.4mm full-height engagement. | Fits inside the fixed tab; complete nut/driver approach and grade/preload remain gates."
upper_bill_rear_mount_0_screw,,head_roll,sourced,bill_mount_fasteners,native_candidate_attachment_unreleased,sourced_scene,titanium,,unresolved,7850.0,sourced_cad,0.00099637709985192,native density estimate; same-version native mechanical candidate; installation-envelope inertia remains approximate,ledger_item,cad/exports/bill_mount_fasteners/upper_bill_rear_mount_0_screw.step,cad/exports/bill_mount_fasteners/upper_bill_rear_mount_0_screw.stl,cad/source/bill_mount_fasteners/upper_bill_rear_mount_0_screw_quad.npz,verified,false,unreleased,,,unresolved,,unresolved,,unresolved,,unresolved,,unresolved,robots/Goose_V0.1/cad/exports/bill_mount_fasteners/manifest.json,"Own nominal M3x12 button-head envelope5.7OD x1.65mm; actual socket/thread helices omitted. | 12mm under-head reach spans0.5mm washer,4mm frame,4mm fixed tab and2.4mm nut;1.1mm protrusion."
upper_bill_rear_mount_0_washer,,head_roll,sourced,bill_mount_fasteners,native_candidate_attachment_unreleased,sourced_scene,titanium,,unresolved,7850.0,sourced_cad,0.00011948497879214384,native density estimate; same-version native mechanical candidate; installation-envelope inertia remains approximate,ledger_item,cad/exports/bill_mount_fasteners/upper_bill_rear_mount_0_washer.step,cad/exports/bill_mount_fasteners/upper_bill_rear_mount_0_washer.stl,cad/source/bill_mount_fasteners/upper_bill_rear_mount_0_washer_quad.npz,verified,false,unreleased,,,unresolved,,unresolved,,unresolved,,unresolved,,unresolved,robots/Goose_V0.1/cad/exports/bill_mount_fasteners/manifest.json,"Own nominal M3 washer7OD/3.2ID/0.5mm; supports head against the outside frame face. | Supplier dimensions,grade,preload,locking and surface treatment not released."
upper_bill_rear_mount_1_nut,,head_roll,sourced,bill_mount_fasteners,native_candidate_attachment_unreleased,sourced_scene,titanium,,unresolved,7850.0,sourced_cad,0.0004010759041307404,native density estimate; same-version native mechanical candidate; installation-envelope inertia remains approximate,ledger_item,cad/exports/bill_mount_fasteners/upper_bill_rear_mount_1_nut.step,cad/exports/bill_mount_fasteners/upper_bill_rear_mount_1_nut.stl,cad/source/bill_mount_fasteners/upper_bill_rear_mount_1_nut_quad.npz,verified,false,unreleased,,,unresolved,,unresolved,,unresolved,,unresolved,,unresolved,robots/Goose_V0.1/cad/exports/bill_mount_fasteners/manifest.json,"Own nominal M3 nut5.5AF x2.4mm,2.5mm thread-minor envelope;2.4mm full-height engagement. | Fits inside the fixed tab; complete nut/driver approach and grade/preload remain gates."
upper_bill_rear_mount_1_screw,,head_roll,sourced,bill_mount_fasteners,native_candidate_attachment_unreleased,sourced_scene,titanium,,unresolved,7850.0,sourced_cad,0.00099637709985192,native density estimate; same-version native mechanical candidate; installation-envelope inertia remains approximate,ledger_item,cad/exports/bill_mount_fasteners/upper_bill_rear_mount_1_screw.step,cad/exports/bill_mount_fasteners/upper_bill_rear_mount_1_screw.stl,cad/source/bill_mount_fasteners/upper_bill_rear_mount_1_screw_quad.npz,verified,false,unreleased,,,unresolved,,unresolved,,unresolved,,unresolved,,unresolved,robots/Goose_V0.1/cad/exports/bill_mount_fasteners/manifest.json,"Own nominal M3x12 button-head envelope5.7OD x1.65mm; actual socket/thread helices omitted. | 12mm under-head reach spans0.5mm washer,4mm frame,4mm fixed tab and2.4mm nut;1.1mm protrusion."
upper_bill_rear_mount_1_washer,,head_roll,sourced,bill_mount_fasteners,native_candidate_attachment_unreleased,sourced_scene,titanium,,unresolved,7850.0,sourced_cad,0.00011948497879214384,native density estimate; same-version native mechanical candidate; installation-envelope inertia remains approximate,ledger_item,cad/exports/bill_mount_fasteners/upper_bill_rear_mount_1_washer.step,cad/exports/bill_mount_fasteners/upper_bill_rear_mount_1_washer.stl,cad/source/bill_mount_fasteners/upper_bill_rear_mount_1_washer_quad.npz,verified,false,unreleased,,,unresolved,,unresolved,,unresolved,,unresolved,,unresolved,robots/Goose_V0.1/cad/exports/bill_mount_fasteners/manifest.json,"Own nominal M3 washer7OD/3.2ID/0.5mm; supports head against the outside frame face. | Supplier dimensions,grade,preload,locking and surface treatment not released."
upper_grip_backbone,,head_roll,sourced,grip_cassettes,native_candidate_attachment_unreleased,sourced_scene,ivory,,unresolved,2700.0,sourced_cad,0.016521836135091846,native density estimate; same-version native mechanical candidate; installation-envelope inertia remains approximate,ledger_item,cad/exports/grip_cassettes/upper_grip_backbone.step,cad/exports/grip_cassettes/upper_grip_backbone.stl,cad/source/grip_cassettes/upper_grip_backbone_quad.npz,verified,false,unreleased,,,unresolved,,unresolved,,unresolved,,unresolved,,unresolved,robots/Goose_V0.1/cad/exports/grip_cassettes/manifest.json,Replacement metal backbone with four2.7mm clearance holes and planar nut seating bosses. | Pad mushroom-head reliefs are actual removed metal; local stress and strength not qualified.
upper_grip_carrier,,head_roll,sourced,grip_cassettes,native_candidate_attachment_unreleased,sourced_scene,ivory,,unresolved,2700.0,sourced_cad,0.010248293448778931,native density estimate; same-version native mechanical candidate; installation-envelope inertia remains approximate,ledger_item,cad/exports/grip_cassettes/upper_grip_carrier.step,cad/exports/grip_cassettes/upper_grip_carrier.stl,cad/source/grip_cassettes/upper_grip_carrier_quad.npz,verified,false,unreleased,,,unresolved,,unresolved,,unresolved,,unresolved,,unresolved,robots/Goose_V0.1/cad/exports/grip_cassettes/manifest.json,"60mm-long tapered metal backing,24mm maximum width;3mm upper or2mm lower thickness. | Four M2.5 clearance/countersink positions and four2.7mm elastic-pad plug bores. | Broad compression face contacts the backbone; not an adhesive-only load route."
upper_grip_cassette_pad,,head_roll,sourced,grip_cassettes,native_candidate_attachment_unreleased,sourced_scene,rubber,,unresolved,1100.0,sourced_cad,0.0017783836587605378,native density estimate; same-version native mechanical candidate; installation-envelope inertia remains approximate,ledger_item,cad/exports/grip_cassettes/upper_grip_cassette_pad.step,cad/exports/grip_cassettes/upper_grip_cassette_pad.stl,cad/source/grip_cassettes/upper_grip_cassette_pad_quad.npz,verified,false,unreleased,,,unresolved,,unresolved,,unresolved,,unresolved,,unresolved,robots/Goose_V0.1/cad/exports/grip_cassettes/manifest.json,"Nominal85A TPU density assumption;1.2/1.3mm contact sheet plus four molded/printed mushroom plugs. | 4.4mm mushroom diameter through2.7mm bore requires elastic installation; strain, tear and friction not qualified. | Peel off soft pad to service flat screws; pad contact geometry replaces the old unattached42mm-wide proxy."
upper_grip_flat_screw_0,,head_roll,sourced,grip_cassettes,native_candidate_attachment_unreleased,sourced_scene,titanium,,unresolved,7850.0,sourced_cad,0.0005238020890028688,native density estimate; same-version native mechanical candidate; installation-envelope inertia remains approximate,ledger_item,cad/exports/grip_cassettes/upper_grip_flat_screw_0.step,cad/exports/grip_cassettes/upper_grip_flat_screw_0.stl,cad/source/grip_cassettes/upper_grip_flat_screw_0_quad.npz,verified,false,unreleased,,,unresolved,,unresolved,,unresolved,,unresolved,,unresolved,robots/Goose_V0.1/cad/exports/grip_cassettes/manifest.json,"Own M2.5x12 flat-head envelope,4.7mm head diameter/1.4mm head depth;not OEM threaded CAD. | Selected head dimensions, grade, corrosion protection, preload and locking require release."
upper_grip_flat_screw_1,,head_roll,sourced,grip_cassettes,native_candidate_attachment_unreleased,sourced_scene,titanium,,unresolved,7850.0,sourced_cad,0.0005238020890028688,native density estimate; same-version native mechanical candidate; installation-envelope inertia remains approximate,ledger_item,cad/exports/grip_cassettes/upper_grip_flat_screw_1.step,cad/exports/grip_cassettes/upper_grip_flat_screw_1.stl,cad/source/grip_cassettes/upper_grip_flat_screw_1_quad.npz,verified,false,unreleased,,,unresolved,,unresolved,,unresolved,,unresolved,,unresolved,robots/Goose_V0.1/cad/exports/grip_cassettes/manifest.json,"Own M2.5x12 flat-head envelope,4.7mm head diameter/1.4mm head depth;not OEM threaded CAD. | Selected head dimensions, grade, corrosion protection, preload and locking require release."
upper_grip_flat_screw_2,,head_roll,sourced,grip_cassettes,native_candidate_attachment_unreleased,sourced_scene,titanium,,unresolved,7850.0,sourced_cad,0.0005238020890028688,native density estimate; same-version native mechanical candidate; installation-envelope inertia remains approximate,ledger_item,cad/exports/grip_cassettes/upper_grip_flat_screw_2.step,cad/exports/grip_cassettes/upper_grip_flat_screw_2.stl,cad/source/grip_cassettes/upper_grip_flat_screw_2_quad.npz,verified,false,unreleased,,,unresolved,,unresolved,,unresolved,,unresolved,,unresolved,robots/Goose_V0.1/cad/exports/grip_cassettes/manifest.json,"Own M2.5x12 flat-head envelope,4.7mm head diameter/1.4mm head depth;not OEM threaded CAD. | Selected head dimensions, grade, corrosion protection, preload and locking require release."
upper_grip_flat_screw_3,,head_roll,sourced,grip_cassettes,native_candidate_attachment_unreleased,sourced_scene,titanium,,unresolved,7850.0,sourced_cad,0.0005238020890028688,native density estimate; same-version native mechanical candidate; installation-envelope inertia remains approximate,ledger_item,cad/exports/grip_cassettes/upper_grip_flat_screw_3.step,cad/exports/grip_cassettes/upper_grip_flat_screw_3.stl,cad/source/grip_cassettes/upper_grip_flat_screw_3_quad.npz,verified,false,unreleased,,,unresolved,,unresolved,,unresolved,,unresolved,,unresolved,robots/Goose_V0.1/cad/exports/grip_cassettes/manifest.json,"Own M2.5x12 flat-head envelope,4.7mm head diameter/1.4mm head depth;not OEM threaded CAD. | Selected head dimensions, grade, corrosion protection, preload and locking require release."
upper_grip_nut_0,,head_roll,sourced,grip_cassettes,native_candidate_attachment_unreleased,sourced_scene,titanium,,unresolved,7850.0,sourced_cad,0.00028809498921305264,native density estimate; same-version native mechanical candidate; installation-envelope inertia remains approximate,ledger_item,cad/exports/grip_cassettes/upper_grip_nut_0.step,cad/exports/grip_cassettes/upper_grip_nut_0.stl,cad/source/grip_cassettes/upper_grip_nut_0_quad.npz,verified,false,unreleased,,,unresolved,,unresolved,,unresolved,,unresolved,,unresolved,robots/Goose_V0.1/cad/exports/grip_cassettes/manifest.json,"Own nominal M2.5 nut5mm AF x2mm;2.05mm thread-minor envelope. | Nominal major/minor overlap is recorded as thread contact, not qualified thread geometry."
upper_grip_nut_1,,head_roll,sourced,grip_cassettes,native_candidate_attachment_unreleased,sourced_scene,titanium,,unresolved,7850.0,sourced_cad,0.0002880949892130524,native density estimate; same-version native mechanical candidate; installation-envelope inertia remains approximate,ledger_item,cad/exports/grip_cassettes/upper_grip_nut_1.step,cad/exports/grip_cassettes/upper_grip_nut_1.stl,cad/source/grip_cassettes/upper_grip_nut_1_quad.npz,verified,false,unreleased,,,unresolved,,unresolved,,unresolved,,unresolved,,unresolved,robots/Goose_V0.1/cad/exports/grip_cassettes/manifest.json,"Own nominal M2.5 nut5mm AF x2mm;2.05mm thread-minor envelope. | Nominal major/minor overlap is recorded as thread contact, not qualified thread geometry."
upper_grip_nut_2,,head_roll,sourced,grip_cassettes,native_candidate_attachment_unreleased,sourced_scene,titanium,,unresolved,7850.0,sourced_cad,0.0002880949892130523,native density estimate; same-version native mechanical candidate; installation-envelope inertia remains approximate,ledger_item,cad/exports/grip_cassettes/upper_grip_nut_2.step,cad/exports/grip_cassettes/upper_grip_nut_2.stl,cad/source/grip_cassettes/upper_grip_nut_2_quad.npz,verified,false,unreleased,,,unresolved,,unresolved,,unresolved,,unresolved,,unresolved,robots/Goose_V0.1/cad/exports/grip_cassettes/manifest.json,"Own nominal M2.5 nut5mm AF x2mm;2.05mm thread-minor envelope. | Nominal major/minor overlap is recorded as thread contact, not qualified thread geometry."
upper_grip_nut_3,,head_roll,sourced,grip_cassettes,native_candidate_attachment_unreleased,sourced_scene,titanium,,unresolved,7850.0,sourced_cad,0.0002880949892130523,native density estimate; same-version native mechanical candidate; installation-envelope inertia remains approximate,ledger_item,cad/exports/grip_cassettes/upper_grip_nut_3.step,cad/exports/grip_cassettes/upper_grip_nut_3.stl,cad/source/grip_cassettes/upper_grip_nut_3_quad.npz,verified,false,unreleased,,,unresolved,,unresolved,,unresolved,,unresolved,,unresolved,robots/Goose_V0.1/cad/exports/grip_cassettes/manifest.json,"Own nominal M2.5 nut5mm AF x2mm;2.05mm thread-minor envelope. | Nominal major/minor overlap is recorded as thread contact, not qualified thread geometry."
upper_grip_shell,,head_roll,sourced,grip_cassettes,native_candidate_attachment_unreleased,sourced_scene,orange,,unresolved,1270.0,sourced_cad,0.017477390242008634,native density estimate; same-version native mechanical candidate; installation-envelope inertia remains approximate,ledger_item,cad/exports/grip_cassettes/upper_grip_shell.step,cad/exports/grip_cassettes/upper_grip_shell.stl,cad/source/grip_cassettes/upper_grip_shell_quad.npz,verified,false,unreleased,,,unresolved,,unresolved,,unresolved,,unresolved,,unresolved,robots/Goose_V0.1/cad/exports/grip_cassettes/manifest.json,"Actual cassette aperture and local nut/screw installation ports in prior hollow bill. | Shell fastening, wall/print process and full tool approach remain release gates."
upper_neck_bearing_outer_retainer,,neck_mid_pitch,sourced,native_pitch_assembly,dimensioned_attachment_unreleased_full_assembly,sourced_scene,ivory,aluminium,sourced_cad,2700,sourced_cad,0.0010033076692302339,"native CAD volume/material density, or explicitly labeled SKF bearing catalog mass; remaining allowances retained",ledger_item,cad/exports/pitch_fork_assembly/upper_neck_bearing_outer_retainer.step,cad/exports/pitch_fork_assembly/upper_neck_bearing_outer_retainer.stl,cad/source/pitch_fork_assembly/upper_neck_bearing_outer_retainer_quad.npz,verified,false,unreleased,,,unresolved,,unresolved,,unresolved,,unresolved,,unresolved,robots/Goose_V0.1/cad/exports/pitch_fork_assembly/manifest.json,Three M2.5x5 +0.5mm washer into fork M2.5 TAP3.5mm. | ID17 contacts outer race only; purchased bearing race abutment diagram must be matched.
upper_neck_bridge,,neck_mid_pitch,sourced,native_pitch_assembly,dimensioned_attachment_unreleased_full_assembly,sourced_scene,ivory,aluminium,sourced_cad,2700,sourced_cad,0.02280668499176536,"native CAD volume/material density, or explicitly labeled SKF bearing catalog mass; remaining allowances retained",ledger_item,cad/exports/pitch_fork_assembly/upper_neck_bridge.step,cad/exports/pitch_fork_assembly/upper_neck_bridge.stl,cad/source/pitch_fork_assembly/upper_neck_bridge_quad.npz,verified,false,unreleased,,,unresolved,,unresolved,,unresolved,,unresolved,,unresolved,robots/Goose_V0.1/cad/exports/pitch_fork_assembly/manifest.json,Four M3x12 with0.5mm washers;6mm engagement in M3 blind taps8mm.
upper_neck_distal_front_spacer_0,,neck_mid_pitch,sourced,native_pitch_assembly,dimensioned_attachment_unreleased_full_assembly,sourced_scene,ivory,aluminium,sourced_cad,2700,sourced_cad,0.0018219058303616455,"native CAD volume/material density, or explicitly labeled SKF bearing catalog mass; remaining allowances retained",ledger_item,cad/exports/pitch_fork_assembly/upper_neck_distal_front_spacer_0.step,cad/exports/pitch_fork_assembly/upper_neck_distal_front_spacer_0.stl,cad/source/pitch_fork_assembly/upper_neck_distal_front_spacer_0_quad.npz,verified,false,unreleased,,,unresolved,,unresolved,,unresolved,,unresolved,,unresolved,robots/Goose_V0.1/cad/exports/pitch_fork_assembly/manifest.json,Turned case stand-off replaces heavy full annular block; parallel ends0.03mm. | Never connect this static case spacer to the rotating output.
upper_neck_distal_front_spacer_1,,neck_mid_pitch,sourced,native_pitch_assembly,dimensioned_attachment_unreleased_full_assembly,sourced_scene,ivory,aluminium,sourced_cad,2700,sourced_cad,0.0018219058303616455,"native CAD volume/material density, or explicitly labeled SKF bearing catalog mass; remaining allowances retained",ledger_item,cad/exports/pitch_fork_assembly/upper_neck_distal_front_spacer_1.step,cad/exports/pitch_fork_assembly/upper_neck_distal_front_spacer_1.stl,cad/source/pitch_fork_assembly/upper_neck_distal_front_spacer_1_quad.npz,verified,false,unreleased,,,unresolved,,unresolved,,unresolved,,unresolved,,unresolved,robots/Goose_V0.1/cad/exports/pitch_fork_assembly/manifest.json,Turned case stand-off replaces heavy full annular block; parallel ends0.03mm. | Never connect this static case spacer to the rotating output.
upper_neck_distal_front_spacer_2,,neck_mid_pitch,sourced,native_pitch_assembly,dimensioned_attachment_unreleased_full_assembly,sourced_scene,ivory,aluminium,sourced_cad,2700,sourced_cad,0.0018219058303616449,"native CAD volume/material density, or explicitly labeled SKF bearing catalog mass; remaining allowances retained",ledger_item,cad/exports/pitch_fork_assembly/upper_neck_distal_front_spacer_2.step,cad/exports/pitch_fork_assembly/upper_neck_distal_front_spacer_2.stl,cad/source/pitch_fork_assembly/upper_neck_distal_front_spacer_2_quad.npz,verified,false,unreleased,,,unresolved,,unresolved,,unresolved,,unresolved,,unresolved,robots/Goose_V0.1/cad/exports/pitch_fork_assembly/manifest.json,Turned case stand-off replaces heavy full annular block; parallel ends0.03mm. | Never connect this static case spacer to the rotating output.
upper_neck_distal_front_spacer_3,,neck_mid_pitch,sourced,native_pitch_assembly,dimensioned_attachment_unreleased_full_assembly,sourced_scene,ivory,aluminium,sourced_cad,2700,sourced_cad,0.0018219058303616449,"native CAD volume/material density, or explicitly labeled SKF bearing catalog mass; remaining allowances retained",ledger_item,cad/exports/pitch_fork_assembly/upper_neck_distal_front_spacer_3.step,cad/exports/pitch_fork_assembly/upper_neck_distal_front_spacer_3.stl,cad/source/pitch_fork_assembly/upper_neck_distal_front_spacer_3_quad.npz,verified,false,unreleased,,,unresolved,,unresolved,,unresolved,,unresolved,,unresolved,robots/Goose_V0.1/cad/exports/pitch_fork_assembly/manifest.json,Turned case stand-off replaces heavy full annular block; parallel ends0.03mm. | Never connect this static case spacer to the rotating output.
upper_neck_distal_front_spacer_4,,neck_mid_pitch,sourced,native_pitch_assembly,dimensioned_attachment_unreleased_full_assembly,sourced_scene,ivory,aluminium,sourced_cad,2700,sourced_cad,0.0018219058303616455,"native CAD volume/material density, or explicitly labeled SKF bearing catalog mass; remaining allowances retained",ledger_item,cad/exports/pitch_fork_assembly/upper_neck_distal_front_spacer_4.step,cad/exports/pitch_fork_assembly/upper_neck_distal_front_spacer_4.stl,cad/source/pitch_fork_assembly/upper_neck_distal_front_spacer_4_quad.npz,verified,false,unreleased,,,unresolved,,unresolved,,unresolved,,unresolved,,unresolved,robots/Goose_V0.1/cad/exports/pitch_fork_assembly/manifest.json,Turned case stand-off replaces heavy full annular block; parallel ends0.03mm. | Never connect this static case spacer to the rotating output.
upper_neck_distal_front_spacer_5,,neck_mid_pitch,sourced,native_pitch_assembly,dimensioned_attachment_unreleased_full_assembly,sourced_scene,ivory,aluminium,sourced_cad,2700,sourced_cad,0.0018219058303616455,"native CAD volume/material density, or explicitly labeled SKF bearing catalog mass; remaining allowances retained",ledger_item,cad/exports/pitch_fork_assembly/upper_neck_distal_front_spacer_5.step,cad/exports/pitch_fork_assembly/upper_neck_distal_front_spacer_5.stl,cad/source/pitch_fork_assembly/upper_neck_distal_front_spacer_5_quad.npz,verified,false,unreleased,,,unresolved,,unresolved,,unresolved,,unresolved,,unresolved,robots/Goose_V0.1/cad/exports/pitch_fork_assembly/manifest.json,Turned case stand-off replaces heavy full annular block; parallel ends0.03mm. | Never connect this static case spacer to the rotating output.
upper_neck_distal_rear_spacer_inner_0,,neck_mid_pitch,sourced,native_pitch_assembly,dimensioned_attachment_unreleased_full_assembly,sourced_scene,ivory,aluminium,sourced_cad,2700,sourced_cad,0.00012025781058492709,"native CAD volume/material density, or explicitly labeled SKF bearing catalog mass; remaining allowances retained",ledger_item,cad/exports/pitch_fork_assembly/upper_neck_distal_rear_spacer_inner_0.step,cad/exports/pitch_fork_assembly/upper_neck_distal_rear_spacer_inner_0.stl,cad/source/pitch_fork_assembly/upper_neck_distal_rear_spacer_inner_0_quad.npz,verified,false,unreleased,,,unresolved,,unresolved,,unresolved,,unresolved,,unresolved,robots/Goose_V0.1/cad/exports/pitch_fork_assembly/manifest.json,"Turned aluminium spacer; two end faces parallel within0.03mm. | If next fork exists, its stationary steel spider fills the2mm middle stack. Shared case screw, not two screws."
upper_neck_distal_rear_spacer_inner_1,,neck_mid_pitch,sourced,native_pitch_assembly,dimensioned_attachment_unreleased_full_assembly,sourced_scene,ivory,aluminium,sourced_cad,2700,sourced_cad,0.00012025781058492709,"native CAD volume/material density, or explicitly labeled SKF bearing catalog mass; remaining allowances retained",ledger_item,cad/exports/pitch_fork_assembly/upper_neck_distal_rear_spacer_inner_1.step,cad/exports/pitch_fork_assembly/upper_neck_distal_rear_spacer_inner_1.stl,cad/source/pitch_fork_assembly/upper_neck_distal_rear_spacer_inner_1_quad.npz,verified,false,unreleased,,,unresolved,,unresolved,,unresolved,,unresolved,,unresolved,robots/Goose_V0.1/cad/exports/pitch_fork_assembly/manifest.json,"Turned aluminium spacer; two end faces parallel within0.03mm. | If next fork exists, its stationary steel spider fills the2mm middle stack. Shared case screw, not two screws."
upper_neck_distal_rear_spacer_inner_2,,neck_mid_pitch,sourced,native_pitch_assembly,dimensioned_attachment_unreleased_full_assembly,sourced_scene,ivory,aluminium,sourced_cad,2700,sourced_cad,0.00012025781058492709,"native CAD volume/material density, or explicitly labeled SKF bearing catalog mass; remaining allowances retained",ledger_item,cad/exports/pitch_fork_assembly/upper_neck_distal_rear_spacer_inner_2.step,cad/exports/pitch_fork_assembly/upper_neck_distal_rear_spacer_inner_2.stl,cad/source/pitch_fork_assembly/upper_neck_distal_rear_spacer_inner_2_quad.npz,verified,false,unreleased,,,unresolved,,unresolved,,unresolved,,unresolved,,unresolved,robots/Goose_V0.1/cad/exports/pitch_fork_assembly/manifest.json,"Turned aluminium spacer; two end faces parallel within0.03mm. | If next fork exists, its stationary steel spider fills the2mm middle stack. Shared case screw, not two screws."
upper_neck_distal_rear_spacer_inner_3,,neck_mid_pitch,sourced,native_pitch_assembly,dimensioned_attachment_unreleased_full_assembly,sourced_scene,ivory,aluminium,sourced_cad,2700,sourced_cad,0.00012025781058492709,"native CAD volume/material density, or explicitly labeled SKF bearing catalog mass; remaining allowances retained",ledger_item,cad/exports/pitch_fork_assembly/upper_neck_distal_rear_spacer_inner_3.step,cad/exports/pitch_fork_assembly/upper_neck_distal_rear_spacer_inner_3.stl,cad/source/pitch_fork_assembly/upper_neck_distal_rear_spacer_inner_3_quad.npz,verified,false,unreleased,,,unresolved,,unresolved,,unresolved,,unresolved,,unresolved,robots/Goose_V0.1/cad/exports/pitch_fork_assembly/manifest.json,"Turned aluminium spacer; two end faces parallel within0.03mm. | If next fork exists, its stationary steel spider fills the2mm middle stack. Shared case screw, not two screws."
upper_neck_distal_rear_spacer_middle_0,,neck_mid_pitch,sourced,native_pitch_assembly,dimensioned_attachment_unreleased_full_assembly,sourced_scene,ivory,aluminium,sourced_cad,2700,sourced_cad,0.00024051562116985414,"native CAD volume/material density, or explicitly labeled SKF bearing catalog mass; remaining allowances retained",ledger_item,cad/exports/pitch_fork_assembly/upper_neck_distal_rear_spacer_middle_0.step,cad/exports/pitch_fork_assembly/upper_neck_distal_rear_spacer_middle_0.stl,cad/source/pitch_fork_assembly/upper_neck_distal_rear_spacer_middle_0_quad.npz,verified,false,unreleased,,,unresolved,,unresolved,,unresolved,,unresolved,,unresolved,robots/Goose_V0.1/cad/exports/pitch_fork_assembly/manifest.json,"Turned aluminium spacer; two end faces parallel within0.03mm. | If next fork exists, its stationary steel spider fills the2mm middle stack. Shared case screw, not two screws."
upper_neck_distal_rear_spacer_middle_1,,neck_mid_pitch,sourced,native_pitch_assembly,dimensioned_attachment_unreleased_full_assembly,sourced_scene,ivory,aluminium,sourced_cad,2700,sourced_cad,0.00024051562116985414,"native CAD volume/material density, or explicitly labeled SKF bearing catalog mass; remaining allowances retained",ledger_item,cad/exports/pitch_fork_assembly/upper_neck_distal_rear_spacer_middle_1.step,cad/exports/pitch_fork_assembly/upper_neck_distal_rear_spacer_middle_1.stl,cad/source/pitch_fork_assembly/upper_neck_distal_rear_spacer_middle_1_quad.npz,verified,false,unreleased,,,unresolved,,unresolved,,unresolved,,unresolved,,unresolved,robots/Goose_V0.1/cad/exports/pitch_fork_assembly/manifest.json,"Turned aluminium spacer; two end faces parallel within0.03mm. | If next fork exists, its stationary steel spider fills the2mm middle stack. Shared case screw, not two screws."
upper_neck_distal_rear_spacer_middle_2,,neck_mid_pitch,sourced,native_pitch_assembly,dimensioned_attachment_unreleased_full_assembly,sourced_scene,ivory,aluminium,sourced_cad,2700,sourced_cad,0.00024051562116985414,"native CAD volume/material density, or explicitly labeled SKF bearing catalog mass; remaining allowances retained",ledger_item,cad/exports/pitch_fork_assembly/upper_neck_distal_rear_spacer_middle_2.step,cad/exports/pitch_fork_assembly/upper_neck_distal_rear_spacer_middle_2.stl,cad/source/pitch_fork_assembly/upper_neck_distal_rear_spacer_middle_2_quad.npz,verified,false,unreleased,,,unresolved,,unresolved,,unresolved,,unresolved,,unresolved,robots/Goose_V0.1/cad/exports/pitch_fork_assembly/manifest.json,"Turned aluminium spacer; two end faces parallel within0.03mm. | If next fork exists, its stationary steel spider fills the2mm middle stack. Shared case screw, not two screws."
upper_neck_distal_rear_spacer_middle_3,,neck_mid_pitch,sourced,native_pitch_assembly,dimensioned_attachment_unreleased_full_assembly,sourced_scene,ivory,aluminium,sourced_cad,2700,sourced_cad,0.00024051562116985414,"native CAD volume/material density, or explicitly labeled SKF bearing catalog mass; remaining allowances retained",ledger_item,cad/exports/pitch_fork_assembly/upper_neck_distal_rear_spacer_middle_3.step,cad/exports/pitch_fork_assembly/upper_neck_distal_rear_spacer_middle_3.stl,cad/source/pitch_fork_assembly/upper_neck_distal_rear_spacer_middle_3_quad.npz,verified,false,unreleased,,,unresolved,,unresolved,,unresolved,,unresolved,,unresolved,robots/Goose_V0.1/cad/exports/pitch_fork_assembly/manifest.json,"Turned aluminium spacer; two end faces parallel within0.03mm. | If next fork exists, its stationary steel spider fills the2mm middle stack. Shared case screw, not two screws."
upper_neck_distal_rear_spacer_outer_0,,neck_mid_pitch,sourced,native_pitch_assembly,dimensioned_attachment_unreleased_full_assembly,sourced_scene,ivory,aluminium,sourced_cad,2700,sourced_cad,0.0020624214515314997,"native CAD volume/material density, or explicitly labeled SKF bearing catalog mass; remaining allowances retained",ledger_item,cad/exports/pitch_fork_assembly/upper_neck_distal_rear_spacer_outer_0.step,cad/exports/pitch_fork_assembly/upper_neck_distal_rear_spacer_outer_0.stl,cad/source/pitch_fork_assembly/upper_neck_distal_rear_spacer_outer_0_quad.npz,verified,false,unreleased,,,unresolved,,unresolved,,unresolved,,unresolved,,unresolved,robots/Goose_V0.1/cad/exports/pitch_fork_assembly/manifest.json,"Turned aluminium spacer; two end faces parallel within0.03mm. | If next fork exists, its stationary steel spider fills the2mm middle stack. Shared case screw, not two screws."
upper_neck_distal_rear_spacer_outer_1,,neck_mid_pitch,sourced,native_pitch_assembly,dimensioned_attachment_unreleased_full_assembly,sourced_scene,ivory,aluminium,sourced_cad,2700,sourced_cad,0.0020624214515314997,"native CAD volume/material density, or explicitly labeled SKF bearing catalog mass; remaining allowances retained",ledger_item,cad/exports/pitch_fork_assembly/upper_neck_distal_rear_spacer_outer_1.step,cad/exports/pitch_fork_assembly/upper_neck_distal_rear_spacer_outer_1.stl,cad/source/pitch_fork_assembly/upper_neck_distal_rear_spacer_outer_1_quad.npz,verified,false,unreleased,,,unresolved,,unresolved,,unresolved,,unresolved,,unresolved,robots/Goose_V0.1/cad/exports/pitch_fork_assembly/manifest.json,"Turned aluminium spacer; two end faces parallel within0.03mm. | If next fork exists, its stationary steel spider fills the2mm middle stack. Shared case screw, not two screws."
upper_neck_distal_rear_spacer_outer_2,,neck_mid_pitch,sourced,native_pitch_assembly,dimensioned_attachment_unreleased_full_assembly,sourced_scene,ivory,aluminium,sourced_cad,2700,sourced_cad,0.0020624214515314997,"native CAD volume/material density, or explicitly labeled SKF bearing catalog mass; remaining allowances retained",ledger_item,cad/exports/pitch_fork_assembly/upper_neck_distal_rear_spacer_outer_2.step,cad/exports/pitch_fork_assembly/upper_neck_distal_rear_spacer_outer_2.stl,cad/source/pitch_fork_assembly/upper_neck_distal_rear_spacer_outer_2_quad.npz,verified,false,unreleased,,,unresolved,,unresolved,,unresolved,,unresolved,,unresolved,robots/Goose_V0.1/cad/exports/pitch_fork_assembly/manifest.json,"Turned aluminium spacer; two end faces parallel within0.03mm. | If next fork exists, its stationary steel spider fills the2mm middle stack. Shared case screw, not two screws."
upper_neck_distal_rear_spacer_outer_3,,neck_mid_pitch,sourced,native_pitch_assembly,dimensioned_attachment_unreleased_full_assembly,sourced_scene,ivory,aluminium,sourced_cad,2700,sourced_cad,0.0020624214515314997,"native CAD volume/material density, or explicitly labeled SKF bearing catalog mass; remaining allowances retained",ledger_item,cad/exports/pitch_fork_assembly/upper_neck_distal_rear_spacer_outer_3.step,cad/exports/pitch_fork_assembly/upper_neck_distal_rear_spacer_outer_3.stl,cad/source/pitch_fork_assembly/upper_neck_distal_rear_spacer_outer_3_quad.npz,verified,false,unreleased,,,unresolved,,unresolved,,unresolved,,unresolved,,unresolved,robots/Goose_V0.1/cad/exports/pitch_fork_assembly/manifest.json,"Turned aluminium spacer; two end faces parallel within0.03mm. | If next fork exists, its stationary steel spider fills the2mm middle stack. Shared case screw, not two screws."
upper_neck_idler_bearing_installation,,neck_mid_pitch,sourced,native_pitch_assembly,dimensioned_attachment_unreleased_full_assembly,sourced_scene,titanium,steel,sourced_cad,7850,sourced_cad,0.0053,"native CAD volume/material density, or explicitly labeled SKF bearing catalog mass; remaining allowances retained",ledger_item,cad/exports/pitch_fork_assembly/upper_neck_idler_bearing_installation.step,cad/exports/pitch_fork_assembly/upper_neck_idler_bearing_installation.stl,cad/source/pitch_fork_assembly/upper_neck_idler_bearing_installation_quad.npz,verified,false,unreleased,SKF61800,cad_note,sourced,,unresolved,,unresolved,,unresolved,,unresolved,robots/Goose_V0.1/cad/exports/pitch_fork_assembly/manifest.json,"Purchased SKF61800,10x19x5; installation envelope, NOT a manufactured plain steel sleeve. | Use catalog mass and dynamic behavior, not this envelope density."
upper_neck_idler_fork_plate,,neck_mid_pitch,sourced,native_pitch_assembly,dimensioned_attachment_unreleased_full_assembly,sourced_scene,ivory,aluminium,sourced_cad,2700,sourced_cad,0.05469948917463769,"native CAD volume/material density, or explicitly labeled SKF bearing catalog mass; remaining allowances retained",ledger_item,cad/exports/pitch_fork_assembly/upper_neck_idler_fork_plate.step,cad/exports/pitch_fork_assembly/upper_neck_idler_fork_plate.stl,cad/source/pitch_fork_assembly/upper_neck_idler_fork_plate_quad.npz,verified,false,unreleased,,,unresolved,,unresolved,,unresolved,CNC6061-T6,sourced_cad_note,,unresolved,robots/Goose_V0.1/cad/exports/pitch_fork_assembly/manifest.json,"CNC6061-T6,5.5mm. SKF61800 outer seat19H7; inner shoulder0.5mm. | Three M2.5 TAP holes secure the separate outer-race cover."
upper_neck_output_adapter,,neck_mid_pitch,sourced,native_pitch_assembly,dimensioned_attachment_unreleased_full_assembly,sourced_scene,ivory,aluminium,sourced_cad,2700,sourced_cad,0.032032253678928375,"native CAD volume/material density, or explicitly labeled SKF bearing catalog mass; remaining allowances retained",ledger_item,cad/exports/pitch_fork_assembly/upper_neck_output_adapter.step,cad/exports/pitch_fork_assembly/upper_neck_output_adapter.stl,cad/source/pitch_fork_assembly/upper_neck_output_adapter_quad.npz,verified,false,unreleased,,,unresolved,,unresolved,,unresolved,,unresolved,,unresolved,robots/Goose_V0.1/cad/exports/pitch_fork_assembly/manifest.json,"Three M3 TAP through holes at PCD32; deburr, minimum effective thread3.5mm. | Motor M3x8 +0.5mm washer at level0; M3x16 +1.5mm washers at level1; max4.5mm insertion. | Fork M3x10 +1mm washer:3.5mm thread engagement; do not substitute longer screws."
upper_neck_output_fork_plate,,neck_mid_pitch,sourced,native_pitch_assembly,dimensioned_attachment_unreleased_full_assembly,sourced_scene,ivory,aluminium,sourced_cad,2700,sourced_cad,0.05338448174974532,"native CAD volume/material density, or explicitly labeled SKF bearing catalog mass; remaining allowances retained",ledger_item,cad/exports/pitch_fork_assembly/upper_neck_output_fork_plate.step,cad/exports/pitch_fork_assembly/upper_neck_output_fork_plate.stl,cad/source/pitch_fork_assembly/upper_neck_output_fork_plate_quad.npz,verified,false,unreleased,,,unresolved,,unresolved,,unresolved,CNC6061-T6,sourced_cad_note,,unresolved,robots/Goose_V0.1/cad/exports/pitch_fork_assembly/manifest.json,"CNC6061-T6,5.5mm, white paint outside fits; no paint on joint interfaces."
upper_neck_shaft_end_washer,,neck_pitch,sourced,native_pitch_assembly,dimensioned_attachment_unreleased_full_assembly,sourced_scene,titanium,steel,sourced_cad,7850,sourced_cad,0.0004501032444128212,"native CAD volume/material density, or explicitly labeled SKF bearing catalog mass; remaining allowances retained",ledger_item,cad/exports/pitch_fork_assembly/upper_neck_shaft_end_washer.step,cad/exports/pitch_fork_assembly/upper_neck_shaft_end_washer.stl,cad/source/pitch_fork_assembly/upper_neck_shaft_end_washer_quad.npz,verified,false,unreleased,,,unresolved,,unresolved,,unresolved,,unresolved,,unresolved,robots/Goose_V0.1/cad/exports/pitch_fork_assembly/manifest.json,"0.5mm steel washer OD12.5 ID3.2. M3x6 into stationary shaft. | 0.4mm axial float at inner race is intentional, not uncontrolled press preload."
upper_neck_stationary_idler_spider,,neck_pitch,sourced,native_pitch_assembly,dimensioned_attachment_unreleased_full_assembly,sourced_scene,titanium,steel,sourced_cad,7850,sourced_cad,0.027911827386450486,"native CAD volume/material density, or explicitly labeled SKF bearing catalog mass; remaining allowances retained",ledger_item,cad/exports/pitch_fork_assembly/upper_neck_stationary_idler_spider.step,cad/exports/pitch_fork_assembly/upper_neck_stationary_idler_spider.stl,cad/source/pitch_fork_assembly/upper_neck_stationary_idler_spider_quad.npz,verified,false,unreleased,,,unresolved,,unresolved,,unresolved,,unresolved,,unresolved,robots/Goose_V0.1/cad/exports/pitch_fork_assembly/manifest.json,"C45 steel, shaft10g6, bearing inner ring slip fit; outer retaining washer contacts INNER RING only. | Four M3x8 grade10.9 +0.5mm washer +1mm standoff:4.5mm insertion, max5. | End M3 TAP depth8; use M3x6 +0.5mm washer. Shaft shoulder/washer must clear bearing seals. | Rear driver/cable cooling and mating plug remain whole-assembly gates."
wing_access_cover_left,,torso,sourced,body_bay_skins,native_body_bay_candidate,sourced_scene,ivory,PETG,sourced_cad,1270,sourced_cad,0.045598720418323406,same-version native CAD density estimate; unreleased manufacturing candidate,ledger_item,cad/exports/body_bay_skins/wing_access_cover_left.step,cad/exports/body_bay_skins/wing_access_cover_left.stl,cad/source/body_bay_skins/wing_access_cover_left_quad.npz,verified,false,unreleased,,,unresolved,,unresolved,,unresolved,,unresolved,,unresolved,robots/Goose_V0.1/cad/exports/body_bay_skins/manifest.json,
wing_access_cover_right,,torso,sourced,body_bay_skins,native_body_bay_candidate,sourced_scene,ivory,PETG,sourced_cad,1270,sourced_cad,0.045598720418323406,same-version native CAD density estimate; unreleased manufacturing candidate,ledger_item,cad/exports/body_bay_skins/wing_access_cover_right.step,cad/exports/body_bay_skins/wing_access_cover_right.stl,cad/source/body_bay_skins/wing_access_cover_right_quad.npz,verified,false,unreleased,,,unresolved,,unresolved,,unresolved,,unresolved,,unresolved,robots/Goose_V0.1/cad/exports/body_bay_skins/manifest.json,
